1760022227,0000004000000010,12692207234,3180,620
1760022229,0000002000000001,12712074007,3180,621
1760022229,0000001000000080,12714508379,3181,622
1760022230,0000000100000080,12714734801,3181,623
1760022230,0000000800000002,12719165377,3180,624
1760022230,0000001000000080,12725477381,3180,625
1760022233,0000002000000008,12755307559,3180,626
1760022235,0000008000000001,12772032963,3180,627
1760022235,0000001000000080,12774289770,3181,628
1760022236,0000008000000080,12776296387,3180,629
1760022236,0000004000000008,12784843911,3180,630
1760022238,0000000100000001,12797482870,3180,631
1760022239,0000000200000002,12810443862,3180,632
1760022241,0000001000000002,12826788912,3181,633
1760022241,0000000800000008,12833711793,3181,634
1760022242,0000004000000020,12840280229,3180,635
1760022242,0000000100000002,12843026652,3181,636
1760022244,0000000100000008,12858864712,3181,637
1760022246,0000001000000080,12875588380,3180,638
1760022246,0000002000000008,12877582054,3180,639
1760022247,0000000800000020,12886960128,3180,640
1760022247,0000004000000080,12889165518,3181,641
1760022247,0000001000000001,12889546359,3181,642
1760022247,0000000200000001,12889838730,3181,643
1760022248,0000000400000080,12896380169,3181,644
1760022248,0000001000000008,12901852935,3181,645
1760022249,0000000200000004,12910947238,3180,646
1760022249,0000001000000080,12914422810,3181,647
1760022250,0000000800000010,12920595727,3181,648
1760022251,0000001000000008,12930098045,3181,649
1760022254,0000000800000002,12957714100,3181,650
1760022255,0000000800000080,12969608991,3180,651
1760022255,0000000200000004,12971897438,3181,652
1760022255,0000000100000001,12972026531,3181,653
1760022258,0000000400000008,12997353603,3180,654
1760022260,0000001000000080,13017760349,3180,655
1760022260,0000000800000080,13021748348,3181,656
1760022260,0000000400000002,13021900936,3180,657
1760022261,0000000800000002,13030925558,3180,658
1760022262,0000000200000002,13043503934,3181,659
1760022263,0000000800000080,13049014054,3181,660
1760022264,0000000800000001,13061763400,3180,661
1760022264,0000002000000002,13063304474,3181,662
1760022265,0000002000000002,13069326837,3181,663
1760022267,0000000800000008,13089076368,3181,664
1760022268,0000000800000008,13095805660,3181,665
1760022268,0000004000000080,13098137294,3181,666
1760022268,0000001000000002,13104001752,3181,667
1760022268,0000002000000080,13105343122,3181,668
1760022269,0000000100000001,13106616907,3181,669
1760022270,0000008000000080,13121177531,3181,670
1760022273,0000000400000080,13149078049,3181,671
1760022274,0000000400000008,13156950685,3181,672
1760022274,0000001000000001,13161338063,3181,673
1760022276,0000008000000020,13176601313,3181,674
1760022276,0000000800000040,13183076598,3181,675
1760022277,0000000200000080,13186180610,3181,676
1760022277,0000000800000020,13189228553,3181,677
1760022278,0000000200000004,13195875366,3180,678
1760022278,0000002000000010,13199335513,6362,679
1760022278,0000008000000004,13204059408,3181,680
1760022279,0000000200000008,13214075502,3180,681
1760022285,0000008000000008,13270692371,3180,682
1760022287,0000004000000080,13291249838,3181,683
1760022288,0000001000000040,13301232556,3181,684
1760022290,0000000200000008,13320157024,3181,685
1760022294,0000000800000001,13356014309,3181,686
1760022295,0000008000000001,13374726356,3181,687
1760022297,0000000200000080,13386814921,3180,688
1760022300,0000000800000010,13415621853,3181,689
1760022300,0000000200000080,13415798128,3180,690
1760022301,0000004000000010,13429568109,3181,691
1760022302,0000000800000040,13444295943,3181,692
1760022303,0000000200000040,13450275534,3181,693
1760022304,0000001000000008,13459265215,3180,694
1760022304,0000000800000040,13461262000,3181,695
1760022304,0000000800000001,13462251785,3181,696
1760022305,0000008000000040,13473853193,3180,697
1760022306,0000000800000040,13478564279,3181,698
1760022308,0000000800000008,13495511547,3181,699
1760022309,0000000800000020,13509466479,3181,700
1760022309,0000000800000020,13510333849,3180,701
1760022310,0000000100000008,13519517496,3180,702
1760022310,0000001000000008,13524152981,3181,703
1760022311,0000001000000002,13533515940,3181,704
1760022314,0000004000000040,13562709993,3181,705
1760022316,0000002000000080,13581686539,3181,706
1760022318,0000001000000001,13600898115,3181,707
1760022318,0000002000000002,13604893679,3180,708
1760022320,0000002000000002,13622092520,3180,709
1760022324,0000000800000002,13659703998,3180,710
1760022324,0000000800000004,13664733475,3180,711
1760022325,0000000800000020,13667538215,3181,712
1760022326,0000000400000008,13683072316,3180,713
1760022327,0000000400000008,13691211305,3181,714
1760022327,0000008000000008,13694205204,3180,715
1760022328,0000000800000008,13698915237,3181,716
1760022329,0000001000000002,13715263587,3181,717
1760022330,0000000200000001,13721173965,3181,718
1760022331,0000000400000080,13726877639,3181,719
1760022332,0000001000000080,13738903732,3181,720
1760022332,0000001000000010,13740752132,3181,721
1760022333,0000000800000020,13753254597,3181,722
1760022333,0000004000000008,13754652116,3180,723
1760022334,0000000200000008,13762427666,3181,724
1760022336,0000000800000008,13785450824,3181,725
1760022337,0000004000000080,13794161323,3181,726
1760022340,0000000100000080,13816122970,3181,727
1760022341,0000002000000008,13833613215,3181,728
1760022343,0000000800000008,13846067368,3181,729
1760022343,0000000400000080,13847023367,3181,730
1760022343,0000004000000004,13853956712,3181,731
1760022344,0000004000000001,13863685999,3181,732
1760022346,0000008000000004,13884101155,3181,733
1760022346,0000004000000004,13884657158,3181,734
1760022348,0000008000000040,13902167073,3180,735
1760022351,0000001000000080,13928636001,3181,736
1760022352,0000004000000002,13935496799,3181,737
1760022353,0000004000000040,13953013662,3181,738
1760022354,0000000800000080,13957241186,3181,739
1760022354,0000000800000080,13959252833,3181,740
1760022354,0000001000000001,13960471364,3181,741
1760022357,0000000400000008,13987236262,3181,742
1760022358,0000000800000040,13996960225,3181,743
1760022358,0000004000000001,14002299941,3181,744
1760022359,0000004000000010,14010298730,3181,745
1760022362,0000004000000020,14035508063,3181,746
1760022364,0000000400000080,14063026561,3181,747
1760022364,0000004000000002,14064831783,3181,748
1760022365,0000008000000080,14066769591,3181,749
1760022366,0000004000000020,14083724327,3181,750
1760022367,0000000100000080,14094476149,3181,751
1760022368,0000008000000020,14096431451,3181,752
1760022369,0000000800000080,14114441085,3181,753
1760022370,0000000100000008,14115750620,3181,754
1760022370,0000000200000020,14122780528,3180,755
1760022372,0000004000000080,14138869397,3180,756
1760022372,0000000400000008,14144791669,3181,757
1760022373,0000004000000040,14148609805,3181,758
1760022373,0000000800000080,14149935390,3181,759
1760022373,0000000400000080,14151043459,3181,760
1760022373,0000004000000010,14151797273,3181,761
1760022376,0000000800000002,14182716527,3181,762
1760022376,0000002000000008,14184965740,3181,763
1760022379,0000001000000002,14208038626,3180,764
1760022380,0000000200000001,14216821863,3181,765
1760022381,0000008000000002,14234321698,3181,766
1760022382,0000000800000001,14237701445,3181,767
1760022383,0000004000000008,14247082632,3181,768
1760022385,0000000200000020,14273905286,3181,769
1760022389,0000001000000020,14311487077,3181,770
1760022390,0000000100000020,14323416025,3181,771
1760022393,0000000800000080,14350069162,3181,772
1760022393,0000000400000010,14350694082,3180,773
1760022394,0000002000000002,14359835401,3181,774
1760022395,0000002000000002,14366976889,3181,775
1760022396,0000000800000008,14380987815,3181,776
1760022399,0000001000000008,14414023083,3181,777
1760022403,0000000100000080,14450127052,3180,778
1760022407,0000000200000001,14491843259,3180,779
1760022408,0000000100000040,14504937323,3181,780
1760022410,0000000400000020,14519131961,6362,781
1760022410,0000004000000002,14523842277,3181,782
1760022414,0000000400000080,14560131594,3181,783
1760022414,0000000100000004,14561147108,3180,784
1760022416,0000001000000040,14580033533,3180,785
1760022417,0000004000000020,14589717813,3181,786
1760022418,0000004000000080,14596168784,3180,787
1760022418,0000004000000010,14601530516,3180,788
1760022419,0000004000000040,14607743660,3181,789
1760022419,0000000800000008,14610702313,3181,790
1760022420,0000001000000001,14624237760,3180,791
1760022421,0000000800000010,14627408641,3181,792
1760022421,0000004000000020,14631452944,3181,793
1760022421,0000000200000040,14634072874,3181,794
1760022423,0000000800000001,14648202284,3180,795
1760022423,0000004000000040,14649305394,3181,796
1760022425,0000000100000080,14666544478,3181,797
1760022426,0000008000000080,14678643215,3180,798
1760022427,0000000200000080,14694132520,3181,799
1760022428,0000004000000001,14695983356,3180,800
1760022430,0000001000000080,14724391996,3180,801
1760022434,0000000200000080,14757008499,3181,802
1760022434,0000000200000080,14757074966,3181,803
1760022434,0000008000000002,14757907915,3181,804
1760022434,0000000100000001,14761341454,3181,805
1760022435,0000004000000010,14771557491,3181,806
1760022435,0000000200000001,14772115535,3181,807
1760022435,0000000200000001,14774085393,3181,808
1760022435,0000004000000080,14774843369,3181,809
1760022436,0000000800000001,14779389245,3181,810
1760022436,0000000800000010,14779444324,3181,811
1760022438,0000000100000080,14797545883,3181,812
1760022439,0000000800000008,14814611816,3180,813
1760022440,0000008000000008,14816748891,3181,814
1760022440,0000000800000002,14824199434,3181,815
1760022442,0000002000000040,14835729826,3180,816
1760022443,0000000400000002,14848253054,3181,817
1760022443,0000000200000001,14850127130,3181,818
1760022445,0000000800000008,14875404719,3181,819
1760022446,0000000800000001,14877939163,3181,820
1760022447,0000004000000010,14892929744,3181,821
1760022450,0000002000000010,14924616143,3181,822
1760022451,0000000800000002,14929816260,3181,823
1760022452,0000002000000001,14938139080,3181,824
1760022455,0000000200000020,14972381691,3181,825
1760022456,0000004000000010,14979913835,3181,826
1760022457,0000000100000080,14990673413,3180,827
1760022457,0000000400000080,14994331113,3181,828
1760022458,0000000800000080,15001708040,3181,829
1760022460,0000000800000040,15017954984,3181,830
1760022461,0000000800000040,15030956379,3180,831
1760022462,0000000100000010,15037355612,3181,832
1760022468,0000004000000020,15096634837,3181,833
1760022468,0000000200000010,15098206898,3181,834
1760022468,0000000800000008,15105805036,3181,835
1760022470,0000004000000008,15118637196,3180,836
1760022471,0000004000000002,15128478023,3181,837
1760022471,0000004000000004,15131830033,3181,838
1760022471,0000000200000080,15132570186,3181,839
1760022472,0000000800000080,15138051993,3180,840
1760022472,0000008000000040,15140473193,3181,841
1760022473,0000008000000008,15151405269,3181,842
1760022473,0000001000000020,15152410152,3180,843
1760022474,0000000100000080,15160836759,3181,844
1760022476,0000000200000010,15179266369,3181,845
1760022480,0000001000000008,15217032917,3180,846
1760022480,0000008000000080,15220100379,3180,847
1760022480,0000000100000002,15223344225,3181,848
1760022482,0000004000000080,15238505379,3180,849
1760022483,0000000800000008,15253168211,3181,850
1760022485,0000008000000001,15268981422,3180,851
1760022485,0000004000000020,15273277493,3181,852
1760022487,0000004000000001,15285804601,3181,853
1760022490,0000000100000020,15318345770,3181,854
1760022490,0000008000000008,15324981325,3180,855
1760022491,0000000200000080,15333121530,3180,856
1760022492,0000000100000010,15337622647,3180,857
1760022492,0000004000000080,15341536820,6362,858
1760022493,0000002000000008,15348917052,3180,859
1760022494,0000004000000080,15357987404,3180,860
1760022495,0000004000000008,15369893305,3181,861
1760022497,0000008000000080,15386646790,3181,862
1760022498,0000000100000080,15403738109,3180,863
1760022499,0000004000000004,15407108526,3181,864
1760022501,0000000800000008,15431436616,3180,865
1760022502,0000000100000004,15436392608,3181,866
1760022503,0000004000000020,15449314863,3180,867
1760022504,0000008000000001,15458443126,3181,868
1760022504,0000000800000080,15463609404,3180,869
1760022506,0000000400000002,15477313186,3180,870
1760022506,0000004000000040,15481172903,3181,871
1760022507,0000000800000008,15486727747,3181,872
1760022508,0000004000000001,15497986933,3180,873
1760022509,0000002000000080,15515418633,3180,874
1760022510,0000002000000080,15523970293,3180,875
1760022511,0000000100000080,15532280427,3180,876
1760022513,0000002000000001,15549517678,3181,877
1760022514,0000000400000001,15560906012,3180,878
1760022518,0000000800000020,15595972142,3180,879
1760022518,0000004000000080,15601165511,3180,880
1760022520,0000004000000040,15622760903,3180,881
1760022521,0000000800000004,15628574015,3180,882
1760022525,0000004000000080,15668692488,3180,883
1760022526,0000000800000008,15680907023,3180,884
1760022528,0000002000000004,15697511584,3181,885
1760022528,0000001000000008,15698963130,3181,886
1760022529,0000008000000002,15710375982,3180,887
1760022530,0000001000000008,15720376081,3180,888
1760022530,0000008000000002,15724529546,3180,889
1760022531,0000000100000020,15730765932,3180,890
1760022531,0000002000000004,15734804057,3181,891
1760022533,0000004000000010,15750242012,3181,892
1760022534,0000004000000080,15757090377,3180,893
1760022534,0000001000000020,15760977250,3180,894
1760022535,0000000800000002,15765608419,3181,895
1760022537,0000000400000008,15788332370,3181,896
1760022538,0000000800000008,15795853842,3180,897
1760022538,0000002000000080,15802681128,3181,898
1760022542,0000000800000008,15844054878,3180,899
1760022543,0000000800000080,15846576616,3181,900
1760022543,0000004000000008,15853406871,3181,901
1760022544,0000000200000001,15858611631,3181,902
1760022545,0000000800000001,15871860690,3181,903
1760022545,0000001000000001,15873710264,3181,904
1760022547,0000000100000008,15893935842,3181,905
1760022550,0000008000000080,15924776120,3180,906
1760022551,0000004000000080,15931123141,3181,907
1760022552,0000004000000008,15937515499,3180,908
1760022552,0000004000000080,15937826972,3180,909
1760022552,0000000100000008,15945320670,3181,910
1760022553,0000004000000080,15955347308,3180,911
1760022554,0000000800000001,15957388568,3181,912
1760022555,0000000400000008,15968447649,3181,913
1760022556,0000008000000008,15976997656,3180,914
1760022558,0000000200000008,15996888190,3180,915
1760022560,0000000200000008,16025355882,3181,916
1760022562,0000000400000004,16044494861,3181,917
1760022563,0000008000000080,16048276777,3181,918
1760022563,0000000800000080,16053199507,3180,919
1760022563,0000000800000004,16054110055,3181,920
1760022569,0000000200000001,16106196738,3180,921
1760022569,0000000200000080,16110863901,3180,922
1760022569,0000000800000080,16113714155,3181,923
1760022570,0000004000000008,16115815381,3181,924
1760022570,0000004000000080,16121264197,3181,925
1760022572,0000004000000010,16143012720,3180,926
1760022572,0000000800000008,16143600417,3181,927
1760022573,0000000800000020,16153013742,3181,928
1760022574,0000002000000002,16156815209,3180,929
1760022575,0000001000000008,16171430280,3181,930
1760022576,0000000100000001,16176028753,3180,931
1760022576,0000000800000002,16180011623,3181,932
1760022577,0000008000000004,16185904444,3180,933
1760022577,0000000200000080,16189287625,3180,934
1760022578,0000001000000002,16196705271,3180,935
1760022581,0000000400000008,16231256759,3181,936
1760022584,0000004000000008,16260091123,3180,937
1760022585,0000004000000008,16268877887,3180,938
1760022586,0000000200000008,16280832166,3181,939
1760022587,0000008000000008,16286001779,3181,940
1760022590,0000000100000080,16321688204,3180,941
1760022591,0000000400000001,16326325105,3181,942
1760022593,0000000800000002,16350275461,3181,943
1760022594,0000000800000080,16362909468,3181,944
1760022599,0000008000000020,16412873719,3181,945
1760022600,0000000800000008,16416863552,3181,946
1760022600,0000004000000080,16422009555,3181,947
1760022600,0000002000000080,16422791156,3181,948
1760022601,0000000800000080,16431142433,3181,949
1760022602,0000004000000040,16441451338,3181,950
1760022602,0000000400000002,16444136427,3181,951
1760022603,0000000100000010,16450395316,3181,952
1760022604,0000000800000008,16456879486,3181,953
1760022605,0000004000000008,16468800808,3181,954
1760022605,0000000200000020,16472415265,3180,955
1760022606,0000002000000010,16476153860,3181,956
1760022606,0000000800000001,16478435533,3181,957
1760022607,0000002000000020,16491196552,3180,958
1760022609,0000002000000001,16513523626,3181,959
1760022609,0000000200000040,16514287815,3181,960
1760022611,0000000400000004,16526312657,3181,961
1760022611,0000000400000002,16535166359,3181,962
1760022612,0000000800000080,16537955424,3181,963
1760022613,0000008000000080,16551654681,3181,964
1760022615,0000004000000008,16567452177,3181,965
1760022615,0000008000000010,16567639586,3181,966
1760022615,0000000100000040,16569517847,3181,967
1760022616,0000000100000001,16580441943,3180,968
1760022617,0000000200000008,16586763331,3180,969
1760022617,0000000200000004,16589708349,3180,970
1760022617,0000000800000010,16594933303,3181,971
1760022619,0000000100000001,16610447265,3180,972
1760022620,0000000800000080,16621530115,3180,973
1760022621,0000002000000001,16629546993,3180,974
1760022624,0000000400000080,16660270140,3180,975
1760022625,0000000200000001,16670425588,3180,976
1760022626,0000001000000008,16678418201,3181,977
1760022627,0000001000000080,16690841479,3180,978
1760022627,0000000800000010,16694658219,3180,979
1760022628,0000000100000080,16699058285,3181,980
1760022630,0000000800000080,16716392281,3181,981
1760022630,0000001000000001,16716661678,3181,982
1760022631,0000000400000001,16733051136,3180,983
1760022633,0000000400000080,16745551686,3180,984
1760022633,0000000400000010,16745577529,3180,985
1760022633,0000000800000080,16751868292,3180,986
1760022635,0000000800000040,16770485052,3180,987
1760022636,0000004000000008,16782785618,3180,988
1760022637,0000008000000002,16792139789,3181,989
1760022638,0000000800000080,16798933693,3181,990
1760022642,0000000200000040,16839890485,3180,991
1760022643,0000002000000020,16846679545,3181,992
1760022644,0000000200000001,16862965543,3181,993
1760022644,0000004000000020,16863527623,3181,994
1760022645,0000002000000008,16866881159,3181,995
1760022645,0000000800000010,16871443738,3180,996
1760022645,0000000400000004,16871883056,3181,997
1760022645,0000000200000001,16873582262,3181,998
1760022645,0000001000000010,16874776385,3181,999
1760022646,0000000400000004,16880631636,3181,1000
1760022646,0000000800000020,16883483662,3180,1001
1760022647,0000008000000080,16887347360,3181,1002
1760022649,0000004000000010,16907012735,3180,1003
1760022649,0000000100000020,16907220555,3181,1004
1760022649,0000002000000002,16912662895,3181,1005
1760022650,0000000200000080,16922804510,3181,1006
1760022650,0000000800000010,16923228613,3181,1007
1760022651,0000008000000002,16926028762,3181,1008
1760022651,0000000400000004,16929711091,3181,1009
1760022653,0000004000000001,16953489820,3180,1010
1760022654,0000002000000080,16957643498,3181,1011
1760022655,0000000100000002,16968172961,3181,1012
1760022655,0000000200000008,16971749154,3181,1013
1760022655,0000004000000008,16973118306,3181,1014
1760022656,0000000100000001,16985140094,3181,1015
1760022657,0000001000000008,16989980414,3180,1016
1760022658,0000004000000020,16997804835,3181,1017
1760022658,0000000100000002,17004368637,3180,1018
1760022659,0000008000000010,17014751602,3181,1019
1760022660,0000000400000002,17021583580,3180,1020
1760022661,0000002000000080,17029629052,3180,1021
1760022662,0000004000000008,17037837599,3181,1022
1760022662,0000008000000002,17043100333,3180,1023
1760022663,0000001000000020,17050492121,3180,1024
1760022665,0000000800000008,17071107614,3180,1025
1760022666,0000000200000004,17077681764,3180,1026
1760022667,0000001000000010,17088996049,3180,1027
1760022667,0000004000000002,17089673537,3180,1028
1760022667,0000004000000008,17091621599,3180,1029
1760022668,0000004000000010,17104092712,3181,1030
1760022670,0000000400000008,17121341096,3180,1031
1760022673,0000002000000001,17152705116,3181,1032
1760022673,0000001000000001,17153269767,3181,1033
1760022674,0000000800000080,17160410756,3180,1034
1760022675,0000008000000002,17168431777,3181,1035
1760022676,0000008000000020,17176773405,3181,1036
1760022680,0000000800000080,17224332545,3180,1037
1760022682,0000001000000008,17236328446,3181,1038
1760022682,0000000800000040,17244874756,3181,1039
1760022683,0000000800000020,17245512230,3181,1040
1760022683,0000001000000010,17248901705,3181,1041
1760022683,0000001000000020,17248905006,3181,1042
1760022683,0000000200000001,17250737627,3181,1043
1760022683,0000000800000010,17253164252,3180,1044
1760022683,0000000100000008,17255405660,3181,1045
1760022684,0000000800000008,17258730920,3181,1046
1760022684,0000004000000001,17261044360,3181,1047
1760022684,0000008000000001,17262334988,3181,1048
1760022684,0000001000000001,17263209472,3181,1049
1760022686,0000001000000002,17280532799,3180,1050
1760022686,0000001000000020,17281948471,3180,1051
1760022686,0000000800000002,17284425459,3180,1052
1760022687,0000000800000080,17291104741,3180,1053
1760022688,0000000100000001,17298239473,3181,1054
1760022689,0000000400000008,17313246249,3181,1055
1760022690,0000000200000008,17318545059,3180,1056
1760022691,0000004000000001,17331743853,3181,1057
1760022691,0000000800000020,17333000204,3181,1058
1760022692,0000000200000002,17335916298,3181,1059
1760022692,0000004000000002,17336619313,3181,1060
1760022692,0000004000000020,17341161457,3181,1061
1760022693,0000000800000080,17348028789,3181,1062
1760022693,0000000800000001,17349934470,3181,1063
1760022694,0000000800000080,17355470282,3181,1064
1760022694,0000000800000001,17363994217,3181,1065
1760022694,0000000800000002,17366717495,3181,1066
1760022695,0000000200000040,17372458994,3180,1067
1760022696,0000000100000080,17378868447,3180,1068
1760022697,0000000800000002,17391151770,3181,1069
1760022698,0000000800000020,17399614766,3181,1070
1760022699,0000000800000080,17408873209,3180,1071
1760022700,0000000800000080,17425068569,3180,1072
1760022701,0000000800000010,17428133486,3180,1073
1760022701,0000000800000010,17428576001,3180,1074
1760022704,0000000800000008,17456622007,3180,1075
1760022704,0000004000000080,17459021318,3180,1076
1760022706,0000000200000004,17484737924,3181,1077
1760022709,0000000800000008,17511464171,3180,1078
1760022712,0000008000000008,17544894260,3181,1079
1760022717,0000008000000020,17592304769,3181,1080
1760022717,0000000400000002,17594276521,3180,1081
1760022718,0000000800000080,17598420976,3181,1082
1760022718,0000000800000080,17602499405,3181,1083
1760022719,0000000800000080,17606487766,3180,1084
1760022725,0000008000000080,17668533526,3180,1085
1760022726,0000004000000008,17683690309,3181,1086
1760022727,0000000100000080,17688167310,3181,1087
1760022727,0000000200000080,17688678370,3181,1088
1760022730,0000000200000008,17715524080,3181,1089
1760022730,0000000800000004,17717118353,3181,1090
1760022730,0000002000000080,17725078657,3180,1091
1760022732,0000008000000001,17736202394,3181,1092
1760022732,0000004000000004,17739597819,3181,1093
1760022733,0000002000000040,17751393829,3181,1094
1760022734,0000004000000002,17758100899,3181,1095
1760022734,0000000200000020,17763691326,3181,1096
1760022736,0000004000000002,17776241520,3180,1097
1760022737,0000002000000010,17791966605,3181,1098
1760022738,0000004000000080,17798575758,3181,1099
1760022739,0000004000000008,17807919770,3181,1100
1760022739,0000000400000008,17814640503,3181,1101
1760022742,0000008000000020,17837611280,3181,1102
1760022742,0000004000000008,17838615975,3180,1103
1760022742,0000000200000080,17841757601,3181,1104
1760022742,0000008000000001,17843933629,3181,1105
1760022743,0000000800000002,17853521630,3180,1106
1760022744,0000000400000020,17863185679,3181,1107
1760022747,0000004000000080,17889708408,3181,1108
1760022748,0000004000000080,17898218005,3181,1109
1760022750,0000001000000002,17924625285,3181,1110
1760022752,0000008000000008,17942801931,3181,1111
1760022753,0000001000000010,17951263787,3180,1112
1760022755,0000002000000080,17970641532,3180,1113
1760022755,0000000800000010,17975343350,3181,1114
1760022756,0000000400000002,17983125799,3180,1115
1760022757,0000004000000008,17993183046,3181,1116
1760022761,0000000800000008,18030596147,3180,1117
1760022763,0000000100000008,18047177496,3181,1118
1760022764,0000000800000001,18062288250,3180,1119
1760022764,0000000800000008,18062567265,3180,1120
1760022765,0000000200000002,18071657666,3180,1121
1760022767,0000000200000008,18087099076,3181,1122
1760022768,0000000200000080,18098426552,3181,1123
1760022769,0000004000000010,18107507103,3181,1124
1760022769,0000000800000008,18110045983,3181,1125
1760022770,0000000400000001,18123873798,3180,1126
1760022772,0000000800000040,18144042349,3180,1127
1760022775,0000004000000080,18170396276,3181,1128
1760022776,0000008000000004,18176094547,3180,1129
1760022776,0000000800000010,18176524161,3180,1130
1760022778,0000000200000008,18200388402,3180,1131
1760022778,0000000800000080,18204011754,3180,1132
1760022779,0000004000000001,18213640622,3180,1133
1760022782,0000008000000080,18240300973,3181,1134
1760022783,0000000800000004,18253293066,3181,1135
1760022784,0000008000000004,18262269338,3180,1136
1760022785,0000004000000001,18266661794,3180,1137
1760022785,0000001000000020,18274564606,3180,1138
1760022786,0000000800000004,18276395525,3180,1139
1760022789,0000000800000080,18308159420,3180,1140
1760022789,0000000100000001,18311736291,3181,1141
1760022790,0000004000000080,18317850347,3181,1142
1760022790,0000000400000001,18321076933,3181,1143
1760022790,0000001000000008,18324281053,3181,1144
1760022791,0000000200000008,18325688916,3181,1145
1760022791,0000001000000080,18327110081,3180,1146
1760022791,0000008000000080,18328577539,3181,1147
1760022792,0000002000000080,18336061009,3181,1148
1760022792,0000000200000004,18338145769,3180,1149
1760022792,0000000800000020,18342311027,3180,1150
1760022794,0000002000000020,18358091360,3180,1151
1760022794,0000001000000010,18362634487,3181,1152
1760022795,0000000800000080,18366497582,3181,1153
1760022799,0000004000000020,18414646985,3180,1154
1760022800,0000000400000080,18417316356,3180,1155
1760022801,0000001000000080,18427879891,3180,1156
1760022803,0000000100000008,18446114218,3180,1157
1760022803,0000000200000004,18447763648,3180,1158
1760022805,0000001000000080,18466676248,3180,1159
1760022806,0000001000000008,18476334916,3180,1160
1760022806,0000000200000001,18477313027,3180,1161
1760022808,0000001000000008,18501329168,3180,1162
1760022808,0000000200000080,18501422118,3180,1163
1760022808,0000000400000040,18503821703,3180,1164
1760022808,0000000200000080,18504364135,3181,1165
1760022810,0000000200000080,18522536587,3180,1166
1760022810,0000000100000002,18523810451,3181,1167
1760022811,0000002000000020,18530958556,3180,1168
1760022813,0000002000000008,18550113078,3180,1169
1760022815,0000000800000001,18567257118,3180,1170
1760022815,0000000400000001,18568598886,3180,1171
1760022817,0000004000000080,18592544965,3180,1172
1760022818,0000000800000080,18598519314,3180,1173
1760022820,0000000100000002,18620998992,3180,1174
1760022821,0000001000000080,18629064952,3180,1175
1760022822,0000000100000004,18641922285,3180,1176
1760022823,0000001000000001,18649922400,3180,1177
1760022825,0000000200000010,18667284912,3180,1178
1760022825,0000002000000004,18671450086,3180,1179
1760022825,0000000800000008,18673288930,3180,1180
1760022825,0000000800000008,18674478009,3180,1181
1760022827,0000004000000020,18685692982,3180,1182
1760022827,0000008000000040,18692674141,3181,1183
1760022828,0000001000000004,18703027831,3180,1184
1760022829,0000000800000008,18708234105,3180,1185
1760022830,0000000100000080,18721894235,3180,1186
1760022831,0000001000000080,18728902169,3180,1187
1760022831,0000002000000002,18733550007,3181,1188
1760022833,0000004000000004,18755041174,3180,1189
1760022834,0000000200000080,18763422477,3180,1190
1760022835,0000000100000010,18766581149,3180,1191
1760022837,0000000200000020,18790448850,3180,1192
1760022838,0000008000000080,18796145164,3181,1193
1760022839,0000008000000080,18812301887,3181,1194
1760022841,0000000200000004,18831206256,3180,1195
1760022841,0000000800000080,18832571976,3181,1196
1760022842,0000000200000002,18840991228,3180,1197
1760022843,0000008000000010,18850166303,3180,1198
1760022843,0000008000000001,18853174411,3180,1199
1760022843,0000000800000008,18853954971,3180,1200
1760022845,0000000800000080,18866522017,3180,1201
1760022847,0000000100000008,18885576828,3180,1202
1760022847,0000008000000080,18890512670,3180,1203
1760022847,0000000200000002,18895201645,3181,1204
1760022848,0000004000000020,18904830361,3180,1205
1760022850,0000000400000001,18923712987,3180,1206
1760022851,0000000800000001,18933025918,3181,1207
1760022852,0000000200000008,18939237416,3180,1208
1760022853,0000004000000080,18952942417,3180,1209
1760022854,0000000400000008,18962643454,3180,1210
1760022857,0000004000000080,18986444701,3180,1211
1760022858,0000004000000080,18996829370,3181,1212
1760022858,0000000800000001,19002253739,3181,1213
1760022860,0000000400000040,19023989759,3181,1214
1760022863,0000004000000080,19050871044,3180,1215
1760022863,0000004000000080,19051710179,3181,1216
1760022865,0000002000000004,19068882978,3181,1217
1760022865,0000008000000001,19069460721,3181,1218
1760022867,0000001000000080,19088964615,3181,1219
1760022867,0000004000000002,19094274510,3181,1220
1760022867,0000008000000002,19094494843,3181,1221
1760022870,0000000800000008,19117101620,3180,1222
1760022870,0000008000000004,19121753151,3180,1223
1760022870,0000004000000001,19123002289,3180,1224
1760022872,0000000100000020,19144645318,3180,1225
1760022874,0000000400000040,19161572204,3181,1226
1760022875,0000000200000010,19173949219,3180,1227
1760022878,0000001000000008,19203838897,3181,1228
1760022878,0000000800000020,19204369939,3180,1229
1760022879,0000001000000008,19215368870,3180,1230
1760022881,0000000200000080,19227464325,3180,1231
1760022881,0000000100000008,19227842593,3180,1232
1760022881,0000000100000010,19231880621,3181,1233
1760022882,0000004000000004,19236544089,3181,1234
1760022882,0000002000000008,19238051795,3181,1235
1760022883,0000002000000080,19249309772,3180,1236
1760022886,0000000800000080,19282344039,3181,1237
1760022889,0000000100000010,19308334882,3181,1238
1760022889,0000004000000008,19309165766,3181,1239
1760022889,0000002000000001,19313165110,3180,1240
1760022895,0000000800000020,19371423414,3181,1241
1760022895,0000004000000040,19374630888,3181,1242
1760022896,0000002000000080,19379723849,3181,1243
1760022897,0000001000000008,19390225911,3181,1244
1760022898,0000004000000080,19400608703,3180,1245
1760022899,0000000200000008,19406773640,3181,1246
1760022899,0000000200000080,19409915213,3180,1247
1760022899,0000000800000010,19410101971,3180,1248
1760022899,0000001000000008,19414467139,3180,1249
1760022900,0000002000000002,19420867523,3180,1250
1760022901,0000000800000004,19429630796,3180,1251
1760022902,0000001000000002,19435664283,3180,1252
1760022904,0000008000000002,19456533276,3180,1253
1760022907,0000001000000040,19486669431,3180,1254
1760022910,0000000800000080,19523728210,3180,1255
1760022911,0000000100000080,19530212330,3180,1256
1760022914,0000002000000004,19559304508,3181,1257
1760022915,0000000800000002,19575146042,3180,1258
1760022916,0000002000000010,19581631785,3180,1259
1760022917,0000004000000020,19588392571,3180,1260
1760022917,0000000200000004,19588487475,3180,1261
1760022918,0000001000000020,19595619125,3180,1262
1760022918,0000004000000002,19599021415,3180,1263
1760022922,0000004000000002,19640491780,3180,1264
1760022923,0000000200000008,19648478298,3180,1265
1760022924,0000004000000001,19656938647,3180,1266
1760022925,0000000800000080,19671457821,3180,1267
1760022925,0000000400000080,19674092941,3180,1268
1760022926,0000000200000001,19678570955,3180,1269
1760022926,0000000100000080,19681633630,3180,1270
1760022926,0000000800000004,19683151196,3180,1271
1760022927,0000004000000001,19685837076,3180,1272
1760022933,0000000200000080,19748525042,3181,1273
1760022933,0000004000000040,19753330779,3180,1274
1760022933,0000000800000080,19754658949,3180,1275
1760022935,0000004000000008,19771011909,3181,1276
1760022936,0000004000000080,19778503898,3180,1277
1760022936,0000000800000008,19782181096,3180,1278
1760022937,0000000100000010,19785801086,3181,1279
1760022937,0000008000000001,19788281113,3180,1280
1760022941,0000002000000020,19832396172,3181,1281
1760022941,0000002000000001,19834397205,3181,1282
1760022943,0000001000000010,19846562991,3181,1283
1760022945,0000008000000002,19869591404,3181,1284
1760022946,0000000800000001,19884288584,3181,1285
1760022947,0000000200000010,19885369272,3181,1286
1760022948,0000004000000008,19900192192,3180,1287
1760022951,0000004000000008,19927339937,3180,1288
1760022952,0000000400000040,19940043322,3180,1289
1760022957,0000002000000020,19993977667,3181,1290
1760022959,0000008000000020,20010299857,3180,1291
1760022960,0000002000000080,20020838117,3180,1292
1760022962,0000000800000001,20042550161,3181,1293
1760022963,0000000800000010,20049434387,3180,1294
1760022963,0000000800000004,20052775663,3180,1295
1760022965,0000002000000001,20072800599,3180,1296
1760022965,0000004000000008,20073396393,3180,1297
1760022966,0000001000000004,20079934535,3180,1298
1760022966,0000000200000020,20080366004,3181,1299
1760022970,0000004000000002,20115828028,3180,1300
1760022970,0000000800000008,20117179398,3180,1301
1760022971,0000001000000008,20125510542,3180,1302
1760022973,0000000100000004,20148152140,3180,1303
1760022974,0000000800000001,20160314153,3180,1304
1760022978,0000004000000040,20203353933,3180,1305
1760022979,0000008000000001,20211446519,3180,1306
1760022980,0000000800000040,20219067130,3180,1307
1760022984,0000001000000008,20257184642,3180,1308
1760022986,0000000400000010,20277655976,3180,1309
1760022989,0000000200000010,20312818329,3180,1310
1760022990,0000004000000008,20322827613,3180,1311
1760022992,0000000100000008,20339007033,3180,1312
1760022992,0000000400000001,20339744637,3180,1313
1760022994,0000000400000080,20363388866,3180,1314
1760022996,0000000400000008,20378383252,3181,1315
1760022997,0000000100000020,20393649078,3180,1316
1760022998,0000004000000008,20403291072,3180,1317
1760022999,0000000800000080,20410188112,3180,1318
1760023000,0000004000000080,20416378066,3181,1319
1760023001,0000008000000080,20431655083,3181,1320
1760023001,0000008000000080,20433447993,3181,1321
1760023002,0000000800000008,20435704365,3181,1322
1760023002,0000008000000008,20438617994,3181,1323
1760023003,0000004000000020,20449699923,3180,1324
1760023004,0000000400000020,20456597345,3180,1325
1760023006,0000000800000008,20479873643,3180,1326
1760023007,0000000100000020,20487712563,3180,1327
1760023008,0000000200000001,20501470014,3180,1328
1760023011,0000000800000008,20533274757,3180,1329
1760023012,0000000200000080,20545213460,3180,1330
1760023015,0000004000000080,20572479429,3180,1331
1760023016,0000000200000020,20578973689,3181,1332
1760023017,0000000100000010,20589926349,3181,1333
1760023018,0000002000000040,20604980282,3180,1334
1760023019,0000000800000008,20610159143,3180,1335
1760023020,0000000100000080,20620786716,3180,1336
1760023024,0000000800000020,20661468080,3180,1337
1760023024,0000000400000001,20662945901,3180,1338
1760023024,0000000800000080,20664912488,3180,1339
1760023025,0000004000000004,20665793186,3180,1340
1760023029,0000008000000040,20708252005,3180,1341
1760023029,0000000800000002,20711205967,3180,1342
1760023030,0000000800000008,20715474607,3180,1343
1760023031,0000000800000010,20726211588,3180,1344
1760023031,0000004000000002,20734873020,3180,1345
1760023035,0000000100000080,20774930770,3180,1346
1760023037,0000000800000002,20786009237,3181,1347
1760023039,0000000200000001,20811099022,3180,1348
1760023041,0000001000000008,20826643094,3180,1349
1760023041,0000004000000008,20830673386,3180,1350
1760023042,0000000800000008,20844138357,3181,1351
1760023042,0000000400000002,20844485738,3180,1352
1760023043,0000000200000010,20853144760,3180,1353
1760023045,0000002000000002,20868505773,3181,1354
1760023045,0000002000000020,20874395909,3181,1355
1760023046,0000008000000008,20874996441,3181,1356
1760023046,0000004000000008,20880533726,3180,1357
1760023047,0000004000000004,20892486753,3181,1358
1760023048,0000000200000080,20902113467,3180,1359
1760023050,0000001000000080,20916805937,3180,1360
1760023050,0000000100000020,20922947018,3181,1361
1760023051,0000000400000020,20928735275,3181,1362
1760023052,0000001000000004,20941125145,3181,1363
1760023053,0000008000000001,20952327071,3181,1364
1760023055,0000004000000001,20966884122,3180,1365
1760023057,0000000200000002,20988758662,3180,1366
1760023061,0000001000000001,21028652030,3180,1367
1760023061,0000004000000008,21035025043,3180,1368
1760023063,0000004000000002,21045523665,3180,1369
1760023063,0000000400000001,21050465720,3180,1370
1760023064,0000004000000008,21059025036,3180,1371
1760023064,0000000800000040,21060069450,3181,1372
1760023065,0000004000000001,21066220445,3180,1373
1760023066,0000001000000004,21080148445,3180,1374
1760023067,0000000400000080,21088940250,3180,1375
1760023067,0000004000000080,21091134140,3181,1376
1760023067,0000008000000080,21091568564,3180,1377
1760023067,0000000200000080,21092181677,3180,1378
1760023068,0000000800000080,21103944720,3180,1379
1760023068,0000000100000080,21104790591,3181,1380
1760023072,0000004000000080,21143776577,3180,1381
1760023073,0000000200000001,21153725160,3180,1382
1760023079,0000008000000001,21210437569,3180,1383
1760023080,0000000800000040,21217052163,3180,1384
1760023082,0000000800000008,21243801999,3180,1385
1760023083,0000004000000080,21245527623,3180,1386
1760023084,0000004000000020,21257650618,3180,1387
1760023084,0000000400000002,21260654082,3180,1388
1760023085,0000002000000080,21268810687,3180,1389
1760023085,0000004000000004,21274144757,3180,1390
1760023087,0000004000000008,21292604241,3181,1391
1760023090,0000000200000080,21316345841,3181,1392
1760023090,0000000200000080,21317789149,3180,1393
1760023090,0000001000000080,21321880228,3180,1394
1760023091,0000008000000040,21333769784,3181,1395
1760023092,0000004000000001,21339018772,3180,1396
1760023092,0000000200000008,21341295542,3180,1397
1760023092,0000004000000010,21343466016,3180,1398
1760023093,0000004000000080,21349041501,3180,1399
1760023095,0000000100000008,21367112746,3180,1400
1760023096,0000000800000020,21376600365,3180,1401
1760023096,0000000800000020,21378638341,3180,1402
1760023097,0000000400000008,21389258571,3180,1403
1760023097,0000000800000080,21394067355,3180,1404
1760023102,0000001000000008,21440843399,3180,1405
1760023102,0000000800000008,21441678717,3180,1406
1760023102,0000004000000020,21444650702,3181,1407
1760023103,0000000100000080,21451843125,3180,1408
1760023106,0000008000000004,21476443321,3180,1409
1760023106,0000000800000010,21479243012,3180,1410
1760023108,0000000800000040,21503241386,3180,1411
1760023110,0000001000000002,21519311831,3180,1412
1760023112,0000000200000002,21544869374,3180,1413
1760023113,0000000800000080,21553915342,3180,1414
1760023118,0000000800000008,21601060255,3180,1415
1760023118,0000002000000010,21605211564,3181,1416
1760023122,0000000800000010,21643397315,3180,1417
1760023123,0000004000000080,21646116091,3180,1418
1760023123,0000000800000008,21654878490,3180,1419
1760023125,0000000400000040,21670671240,3180,1420
1760023125,0000000400000008,21672733172,3180,1421
1760023125,0000000200000004,21673832722,3180,1422
1760023125,0000000100000080,21674155447,3180,1423
1760023126,0000000100000002,21675316501,3181,1424
1760023126,0000008000000080,21678711650,3180,1425
1760023127,0000004000000004,21691018001,3180,1426
1760023127,0000002000000008,21693622951,3180,1427
1760023130,0000001000000008,21722833241,3181,1428
1760023134,0000000200000008,21762053613,3180,1429
1760023134,0000000100000080,21765271986,3180,1430
1760023136,0000008000000004,21781078192,3180,1431
1760023139,0000004000000020,21814885209,3181,1432
1760023140,0000004000000080,21815240717,3181,1433
1760023141,0000000800000001,21827059060,3181,1434
1760023141,0000000800000080,21829404195,3180,1435
1760023142,0000000200000004,21841019686,3180,1436
1760023143,0000008000000080,21847529672,3180,1437
1760023143,0000002000000008,21850272997,3180,1438
1760023144,0000000800000004,21857290997,3180,1439
1760023144,0000002000000004,21859919504,3180,1440
1760023145,0000004000000080,21875140794,3180,1441
1760023146,0000000800000008,21877878308,3180,1442
1760023148,0000001000000008,21895776117,3180,1443
1760023148,0000002000000008,21898499240,3180,1444
1760023149,0000008000000010,21909746110,3180,1445
1760023149,0000000800000080,21914706277,3180,1446
1760023150,0000002000000004,21921546316,3180,1447
1760023151,0000000400000002,21928470652,3180,1448
1760023151,0000000100000080,21930727396,3180,1449
1760023152,0000000100000080,21940629771,3180,1450
1760023153,0000001000000008,21951957812,3180,1451
1760023154,0000008000000004,21956710151,3180,1452
1760023155,0000004000000002,21971282504,3180,1453
1760023155,0000004000000080,21973722989,3181,1454
1760023156,0000008000000010,21976259971,3180,1455
1760023156,0000000800000002,21979238875,3180,1456
1760023159,0000000800000001,22009604062,3180,1457
1760023161,0000000800000001,22031872869,3180,1458
1760023162,0000008000000080,22037384267,3180,1459
1760023162,0000008000000020,22041755741,3180,1460
1760023163,0000000100000008,22046612182,3180,1461
1760023164,0000008000000080,22057625344,3180,1462
1760023166,0000004000000004,22078725278,3181,1463
1760023166,0000004000000002,22078778529,3180,1464
1760023169,0000001000000080,22112445768,3181,1465
1760023169,0000001000000080,22115095128,3181,1466
1760023170,0000000100000008,22115330203,3181,1467
1760023171,0000000800000080,22128020623,3181,1468
1760023172,0000000200000080,22143854568,3180,1469
1760023173,0000008000000010,22146218930,3180,1470
1760023173,0000002000000080,22151930034,3180,1471
1760023175,0000000800000020,22168519204,3180,1472
1760023175,0000004000000020,22170855742,3180,1473
1760023177,0000004000000040,22186691722,3180,1474
1760023177,0000000100000008,22189344616,3181,1475
1760023177,0000000200000008,22191143136,3181,1476
1760023177,0000000400000008,22194627613,3181,1477
1760023178,0000000200000020,22195354288,3180,1478
1760023178,0000000800000001,22197867662,3181,1479
1760023179,0000000800000004,22212577158,3180,1480
1760023180,0000000200000020,22220225433,3181,1481
1760023180,0000000800000010,22223486776,3180,1482
1760023181,0000000100000002,22226754327,3180,1483
1760023181,0000000400000008,22230689081,3180,1484
1760023182,0000000200000001,22238507897,3180,1485
1760023182,0000000800000080,22239966036,3181,1486
1760023182,0000001000000008,22241838910,3180,1487
1760023186,0000004000000080,22282909833,3181,1488
1760023187,0000000200000008,22292582622,3180,1489
1760023187,0000000400000020,22293748088,3180,1490
1760023190,0000004000000008,22318880642,3180,1491
1760023190,0000008000000008,22324791978,3180,1492
1760023191,0000000100000040,22327044263,3181,1493
1760023192,0000000800000040,22338235690,3180,1494
1760023192,0000004000000002,22341917678,3180,1495
1760023192,0000001000000080,22341045151,3181,1496
1760023194,0000000200000008,22357763214,3180,1497
1760023196,0000004000000080,22380195739,3180,1498
1760023197,0000002000000010,22390441443,3180,1499
1760023199,0000008000000008,22410481605,3181,1500
1760023201,0000000400000004,22427321828,3180,1501
1760023203,0000004000000001,22448356073,3180,1502
1760023204,0000004000000002,22462404612,3180,1503
1760023204,0000000400000080,22464370157,3180,1504
1760023205,0000000800000008,22464507431,3181,1505
1760023205,0000004000000080,22474303214,3181,1506
1760023206,0000000800000008,22479377543,3181,1507
1760023206,0000001000000008,22479926648,3180,1508
1760023206,0000000100000080,22482899111,3180,1509
1760023206,0000008000000080,22484064189,3181,1510
1760023207,0000002000000008,22486573720,3181,1511
1760023207,0000000800000080,22493090753,3180,1512
1760023207,0000000100000080,22494427483,3180,1513
1760023208,0000000400000080,22502174084,3181,1514
1760023210,0000000100000080,22515407790,3181,1515
1760023210,0000000200000080,22516074295,3181,1516
1760023210,0000000400000010,22520564639,3180,1517
1760023212,0000004000000002,22543572243,3181,1518
1760023212,0000000800000020,22544760450,3180,1519
1760023213,0000002000000010,22546204223,3181,1520
1760023213,0000004000000002,22549153005,3180,1521
1760023215,0000000100000020,22567104699,3180,1522
1760023215,0000000400000008,22571358053,3181,1523
1760023216,0000000200000008,22575408660,3180,1524
1760023216,0000000200000080,22577795922,3181,1525
1760023218,0000000100000002,22602407790,3180,1526
1760023220,0000000800000001,22622880150,3181,1527
1760023220,0000004000000008,22624944958,3181,1528
1760023221,0000004000000004,22628091053,3180,1529
1760023222,0000004000000080,22637306191,3180,1530
1760023222,0000004000000020,22643520488,3180,1531
1760023223,0000000800000080,22648029614,3180,1532
1760023223,0000004000000004,22654667791,3180,1533
1760023225,0000000400000004,22667172469,3180,1534
1760023225,0000001000000080,22668257518,3180,1535
1760023226,0000001000000080,22680632565,3180,1536
1760023226,0000004000000080,22681064025,3181,1537
1760023227,0000008000000008,22691562134,3180,1538
1760023229,0000008000000020,22705834987,3180,1539
1760023229,0000000800000004,22708161063,3181,1540
1760023229,0000000400000010,22711395596,3181,1541
1760023230,0000000800000008,22718138976,3180,1542
1760023231,0000000200000001,22726021930,3180,1543
1760023233,0000004000000001,22750419109,3180,1544
1760023235,0000000200000001,22769002630,3180,1545
1760023235,0000000200000080,22772172241,3181,1546
1760023236,0000008000000008,22780594900,3181,1547
1760023237,0000002000000080,22789623060,3180,1548
1760023238,0000000400000010,22801777351,3180,1549
1760023239,0000000800000080,22810117758,3180,1550
1760023239,0000002000000002,22812042285,3181,1551
1760023241,0000000800000001,22828318074,3181,1552
1760023241,0000000800000020,22831761960,3181,1553
1760023244,0000000800000002,22857103830,3180,1554
1760023244,0000000800000008,22861029105,3180,1555
1760023246,0000000400000080,22879451269,3180,1556
1760023246,0000008000000001,22882190486,3181,1557
1760023248,0000000800000040,22901533453,3181,1558
1760023248,0000008000000080,22902992602,3180,1559
1760023250,0000001000000002,22924750056,3180,1560
1760023251,0000000200000020,22927558697,3180,1561
1760023252,0000000800000002,22938573590,3180,1562
1760023253,0000000800000008,22952287088,3180,1563
1760023254,0000000100000001,22957777147,3180,1564
1760023255,0000000200000020,22971618990,3180,1565
1760023260,0000000800000080,23023041281,3180,1566
1760023261,0000000200000001,23027200526,3180,1567
1760023261,0000004000000080,23027395724,3180,1568
1760023261,0000004000000004,23027943097,3180,1569
1760023262,0000000400000010,23036735274,3180,1570
1760023264,0000004000000004,23062984968,3181,1571
1760023267,0000000800000002,23086522677,3181,1572
1760023267,0000000400000020,23087958971,3180,1573
1760023267,0000004000000020,23094475324,3180,1574
1760023269,0000000800000080,23107602699,3180,1575
1760023269,0000008000000001,23110384335,3180,1576
1760023269,0000000200000010,23115250713,3180,1577
1760023270,0000001000000008,23116156460,3180,1578
1760023270,0000004000000080,23119295769,3180,1579
1760023271,0000001000000010,23135009054,3180,1580
1760023272,0000008000000002,23137502912,3180,1581
1760023273,0000004000000020,23147090781,3180,1582
1760023274,0000000100000010,23156958723,3180,1583
1760023274,0000000800000010,23163014310,3181,1584
1760023276,0000002000000080,23177235845,3180,1585
1760023276,0000000800000010,23181452226,3180,1586
1760023277,0000004000000008,23185796036,3180,1587
1760023281,0000000800000010,23227518703,3180,1588
1760023281,0000008000000002,23229656402,3180,1589
1760023286,0000002000000020,23277778315,3180,1590
1760023286,0000000100000002,23282982182,3180,1591
1760023287,0000000200000080,23285598795,3180,1592
1760023288,0000000200000020,23302258686,3180,1593
1760023290,0000004000000040,23323708731,3181,1594
1760023290,0000000400000008,23325068012,3181,1595
1760023291,0000002000000020,23326925513,3181,1596
1760023291,0000000800000004,23332865399,3180,1597
1760023293,0000002000000080,23352571646,3180,1598
1760023295,0000000800000040,23365580740,3180,1599
1760023296,0000000100000010,23377600931,3180,1600
1760023296,0000000100000001,23378252097,3180,1601
1760023297,0000000800000002,23390470026,3180,1602
1760023297,0000000200000001,23393535155,3180,1603
1760023300,0000004000000008,23417725408,3180,1604
1760023300,0000000800000080,23424761708,6361,1605
1760023303,0000000800000040,23449781896,3181,1606
1760023304,0000000100000008,23456669701,3180,1607
1760023305,0000000800000008,23471354222,3181,1608
1760023307,0000000200000080,23490482815,3181,1609
1760023307,0000004000000008,23491991265,3181,1610
1760023307,0000000400000040,23494614340,3181,1611
1760023309,0000004000000020,23510960891,3181,1612
1760023311,0000004000000010,23532174994,3181,1613
1760023311,0000000100000020,23532484356,3181,1614
1760023311,0000000800000004,23534429350,3181,1615
1760023315,0000000100000002,23574756157,3180,1616
1760023317,0000002000000004,23587773263,3180,1617
1760023318,0000004000000004,23602194837,3180,1618
1760023324,0000000400000008,23656456889,3180,1619
1760023324,0000000800000001,23662675356,3180,1620
1760023325,0000001000000004,23673084254,3180,1621
1760023325,0000002000000020,23673997427,3180,1622
1760023326,0000004000000010,23677854388,3181,1623
1760023327,0000000800000002,23692322910,3180,1624
1760023329,0000004000000020,23710942903,3180,1625
1760023330,0000000800000080,23716265343,3180,1626
1760023330,0000001000000080,23720761818,3180,1627
1760023332,0000000200000080,23743947674,3180,1628
1760023333,0000000800000002,23754592204,3181,1629
1760023336,0000000200000080,23775827873,3180,1630
1760023338,0000000100000001,23801951438,3181,1631
1760023339,0000000800000002,23810154765,3180,1632
1760023339,0000000100000020,23813955778,3181,1633
1760023341,0000000100000008,23829912764,3180,1634
1760023344,0000008000000001,23856571011,3181,1635
1760023344,0000000200000008,23856919650,3180,1636
1760023344,0000002000000080,23857353103,3180,1637
1760023344,0000000800000080,23858484756,3180,1638
1760023348,0000000800000080,23900987214,3180,1639
1760023349,0000000800000008,23909821534,3180,1640
1760023351,0000000200000008,23927955937,3180,1641
1760023352,0000004000000004,23941212499,3180,1642
1760023353,0000004000000008,23948367146,3180,1643
1760023356,0000000200000001,23981508205,3180,1644
1760023357,0000000800000080,23988932078,3181,1645
1760023357,0000000100000010,23990489685,3180,1646
1760023358,0000000100000002,23995993162,3180,1647
1760023358,0000004000000004,23996138870,3180,1648
1760023358,0000001000000008,23997505421,3180,1649
1760023360,0000000200000020,24019946849,3181,1650
1760023360,0000000800000008,24022087525,3180,1651
1760023361,0000001000000004,24025970794,3180,1652
1760023361,0000002000000040,24031268527,3181,1653
1760023361,0000008000000008,24033326948,3181,1654
1760023364,0000008000000001,24061535933,3181,1655
1760023366,0000008000000010,24083209424,3180,1656
1760023367,0000004000000008,24091279953,3180,1657
1760023368,0000000100000001,24103131244,3180,1658
1760023369,0000000800000002,24106274845,3181,1659
1760023370,0000008000000080,24115580782,3180,1660
1760023371,0000000400000002,24133972452,3180,1661
1760023374,0000004000000002,24155516070,3180,1662
1760023375,0000000200000080,24166545280,3180,1663
1760023375,0000000800000080,24173710113,3180,1664
1760023375,0000004000000002,24174101158,3180,1665
1760023376,0000000800000008,24176213106,3180,1666
1760023376,0000004000000080,24180795744,3180,1667
1760023376,0000000200000001,24182183888,3180,1668
1760023377,0000001000000080,24188801588,3181,1669
1760023377,0000001000000002,24190054042,3181,1670
1760023378,0000004000000004,24196157405,3181,1671
1760023378,0000001000000080,24197818826,3180,1672
1760023378,0000004000000010,24198722037,3181,1673
1760023379,0000000100000010,24205798346,3180,1674
1760023379,0000000800000004,24206684924,3181,1675
1760023379,0000002000000020,24208797693,3180,1676
1760023379,0000000800000002,24211357930,3180,1677
1760023379,0000000800000001,24212574997,3180,1678
1760023382,0000004000000010,24239638959,3180,1679
1760023385,0000008000000001,24265804021,3180,1680
1760023385,0000001000000080,24273815174,3180,1681
1760023389,0000000200000004,24309775009,3180,1682
1760023390,0000000800000080,24323554920,3180,1683
1760023391,0000000100000002,24331036581,3180,1684
1760023393,0000002000000080,24354650557,3180,1685
1760023394,0000000800000080,24364080134,3180,1686
1760023395,0000000100000020,24367677695,3180,1687
1760023395,0000000100000001,24372523504,3180,1688
1760023397,0000008000000008,24390955630,3180,1689
1760023397,0000001000000008,24394698871,3180,1690
1760023398,0000000800000001,24394901992,3180,1691
1760023398,0000004000000002,24402143616,3180,1692
1760023399,0000002000000001,24412039405,3180,1693
1760023401,0000000100000001,24432776538,3180,1694
1760023401,0000000400000010,24433318942,3180,1695
1760023402,0000000800000001,24440211110,3181,1696
1760023402,0000000100000008,24441542165,3181,1697
1760023403,0000000100000001,24454493432,3180,1698
1760023405,0000004000000002,24467764832,3180,1699
1760023407,0000000800000080,24488512074,3180,1700
1760023408,0000002000000010,24500808088,3180,1701
1760023410,0000000800000004,24521652281,3180,1702
1760023411,0000000800000010,24534988980,3180,1703
1760023412,0000000100000010,24535159164,3180,1704
1760023412,0000004000000080,24535420554,3180,1705
1760023413,0000001000000004,24547700833,3180,1706
1760023414,0000000100000002,24558712631,3180,1707
1760023414,0000000800000001,24564416970,3180,1708
1760023417,0000000100000080,24585469213,3180,1709
1760023417,0000000100000008,24589411018,3180,1710
1760023417,0000004000000080,24592805985,3180,1711
1760023418,0000000100000080,24597811953,3180,1712
1760023421,0000001000000008,24632640410,3180,1713
1760023423,0000000800000040,24647913762,3180,1714
1760023424,0000000400000080,24664943849,3180,1715
1760023427,0000000800000040,24693746262,3180,1716
1760023427,0000000800000040,24694628093,3181,1717
1760023428,0000000800000001,24700380971,3180,1718
1760023435,0000004000000004,24772030928,3181,1719
1760023437,0000000200000080,24792745859,3181,1720
1760023440,0000004000000004,24823555168,3181,1721
1760023441,0000001000000020,24831291601,3180,1722
1760023443,0000000800000020,24851171059,3180,1723
1760023451,0000004000000020,24927880638,3181,1724
1760023453,0000004000000010,24948474669,3180,1725
1760023453,0000000200000080,24953659898,3180,1726
1760023454,0000002000000008,24964230065,3180,1727
1760023455,0000000800000001,24969773149,3180,1728
1760023456,0000004000000004,24983043375,3180,1729
1760023458,0000000200000080,24997815017,3180,1730
1760023458,0000004000000002,25001982329,3180,1731
1760023458,0000000800000080,25002205790,3180,1732
1760023460,0000000200000001,25024190614,3180,1733
1760023460,0000004000000008,25025021184,3180,1734
1760023462,0000000100000002,25044037867,3180,1735
1760023465,0000000100000040,25072184439,3180,1736
1760023466,0000004000000001,25076757784,3180,1737
1760023466,0000001000000080,25083427602,3180,1738
1760023466,0000000200000004,25083947439,3180,1739
1760023468,0000001000000080,25096468383,3180,1740
1760023469,0000008000000080,25106815265,3180,1741
1760023470,0000000100000010,25115475524,3180,1742
1760023471,0000000800000008,25133149017,3181,1743
1760023471,0000000200000002,25134005226,3181,1744
1760023472,0000001000000080,25136208263,3181,1745
1760023472,0000000200000004,25139061019,3181,1746
1760023473,0000000100000080,25152968234,3180,1747
1760023475,0000004000000080,25165679215,3180,1748
1760023475,0000008000000001,25171609739,3180,1749
1760023475,0000000400000080,25174262147,3180,1750
1760023476,0000000200000008,25177272458,3181,1751
1760023476,0000001000000008,25180900970,3181,1752
1760023478,0000000800000010,25196050035,3180,1753
1760023478,0000002000000080,25196831919,3180,1754
1760023480,0000004000000080,25215800533,3180,1755
1760023480,0000004000000008,25222036445,3180,1756
1760023480,0000000100000080,25224221815,3180,1757
1760023483,0000004000000010,25246340063,3181,1758
1760023483,0000004000000004,25255067576,3180,1759
1760023484,0000000800000001,25255908957,3181,1760
1760023485,0000000400000040,25270820878,3180,1761
1760023486,0000008000000001,25275548210,3181,1762
1760023486,0000000800000001,25281937512,3180,1763
1760023489,0000000100000080,25306168042,3180,1764
1760023490,0000000800000008,25318955918,3180,1765
1760023491,0000004000000080,25330108596,3180,1766
1760023491,0000000200000020,25331228777,3180,1767
1760023492,0000000200000008,25340797381,3180,1768
1760023494,0000000800000080,25359266687,3180,1769
1760023494,0000000400000020,25359578482,3180,1770
1760023496,0000008000000080,25377315063,3180,1771
1760023497,0000004000000004,25386710511,3181,1772
1760023498,0000008000000040,25402916559,3180,1773
1760023499,0000002000000080,25407294376,3180,1774
1760023499,0000000800000004,25407482074,3181,1775
1760023501,0000000100000020,25431273094,3180,1776
1760023502,0000000400000010,25436084382,3180,1777
1760023505,0000000200000040,25472621470,3180,1778
1760023507,0000000100000080,25492468059,3180,1779
1760023509,0000000400000010,25506709225,3180,1780
1760023510,0000008000000080,25518112767,3180,1781
1760023511,0000001000000080,25528861951,3180,1782
1760023511,0000000800000008,25531186792,3180,1783
1760023513,0000000800000002,25552461669,3180,1784
1760023515,0000000800000004,25571836049,3180,1785
1760023516,0000000200000020,25578023847,3180,1786
1760023517,0000004000000004,25590368357,3180,1787
1760023519,0000001000000002,25610354072,3180,1788
1760023520,0000000800000008,25615854180,3180,1789
1760023524,0000000800000008,25661177292,3180,1790
1760023524,0000000800000080,25664319249,3180,1791
1760023527,0000000100000002,25693109624,3180,1792
1760023528,0000000800000020,25695447839,3180,1793
1760023529,0000000800000001,25711594430,3180,1794
1760023533,0000000200000020,25751225475,3180,1795
1760023535,0000001000000010,25766648809,3180,1796
1760023536,0000004000000008,25782491603,3180,1797
1760023539,0000004000000008,25812838895,3180,1798
1760023539,0000004000000001,25813927156,3180,1799
1760023541,0000000400000004,25827883430,3180,1800
1760023543,0000000800000002,25845218705,3180,1801
1760023543,0000000100000001,25851200920,3180,1802
1760023543,0000000100000002,25852530743,3180,1803
1760023544,0000000800000020,25855557899,3180,1804
1760023544,0000008000000080,25856031100,3180,1805
1760023544,0000000800000040,25860523926,3180,1806
1760023544,0000001000000008,25862230169,3180,1807
1760023548,0000001000000080,25901602126,3180,1808
1760023550,0000000100000008,25921034049,3180,1809
1760023551,0000000100000010,25928991700,3180,1810
1760023551,0000004000000008,25935149862,3180,1811
1760023553,0000004000000002,25953480003,3180,1812
1760023554,0000004000000001,25964075375,3180,1813
1760023556,0000004000000010,25984858769,3180,1814
1760023559,0000008000000008,26009015476,3180,1815
1760023560,0000004000000001,26015375873,3180,1816
1760023560,0000000200000002,26021876842,3180,1817
1760023562,0000000200000040,26043945065,3180,1818
1760023563,0000000200000008,26052324815,3180,1819
1760023564,0000000100000080,26058203572,3180,1820
1760023564,0000008000000080,26060823795,3180,1821
1760023564,0000001000000010,26062405777,3180,1822
1760023564,0000000800000080,26063069657,3180,1823
1760023565,0000000400000008,26075186665,3180,1824
1760023566,0000008000000020,26081078364,3180,1825
1760023569,0000004000000008,26107390962,3180,1826
1760023572,0000000800000008,26135971627,3180,1827
1760023572,0000000800000080,26137261115,3180,1828
1760023575,0000001000000020,26170174728,3180,1829
1760023575,0000000800000008,26171845937,3180,1830
1760023579,0000004000000001,26210639906,3180,1831
1760023580,0000000200000001,26222814228,3180,1832
1760023580,0000000800000002,26223712804,3180,1833
1760023581,0000000200000080,26229582106,3180,1834
1760023583,0000000800000002,26251023072,3180,1835
1760023584,0000000800000004,26260118494,3180,1836
1760023585,0000002000000040,26272360518,3180,1837
1760023586,0000004000000080,26277426203,3180,1838
1760023586,0000004000000001,26284001417,3180,1839
1760023587,0000004000000020,26290462998,3180,1840
1760023588,0000000800000080,26304838264,3180,1841
1760023591,0000000200000080,26330245991,3180,1842
1760023592,0000004000000008,26338603196,3180,1843
1760023594,0000000800000008,26357537504,3180,1844
1760023594,0000000800000080,26363308644,3180,1845
1760023594,0000002000000004,26363602406,3181,1846
1760023596,0000002000000080,26378916282,3180,1847
1760023598,0000000800000001,26396426173,3180,1848
1760023599,0000001000000080,26405213784,3180,1849
1760023599,0000002000000004,26407137893,3180,1850
1760023599,0000000200000020,26413708544,3181,1851
1760023600,0000001000000004,26419359828,3181,1852
1760023600,0000000200000008,26420772414,3181,1853
1760023603,0000008000000020,26452196251,3181,1854
1760023606,0000002000000008,26479339928,3180,1855
1760023606,0000002000000080,26484301546,3180,1856
1760023607,0000004000000080,26485539036,3180,1857
1760023608,0000001000000010,26495893180,3180,1858
1760023609,0000004000000002,26514376881,3180,1859
1760023610,0000001000000002,26517063463,3180,1860
1760023610,0000000800000080,26519062893,3180,1861
1760023611,0000001000000080,26527401560,3180,1862
1760023611,0000001000000008,26531724811,3180,1863
1760023612,0000002000000008,26539757470,3180,1864
1760023618,0000008000000080,26595792498,3180,1865
1760023621,0000002000000001,26629760982,3180,1866
1760023623,0000004000000002,26646833591,3181,1867
1760023623,0000004000000080,26651324105,3180,1868
1760023624,0000004000000001,26656298605,3180,1869
1760023628,0000008000000080,26699464649,3180,1870
1760023628,0000000800000002,26701637012,3181,1871
1760023629,0000000400000001,26706822291,3180,1872
1760023630,0000000200000008,26720012739,3180,1873
1760023630,0000001000000004,26724252393,3180,1874
1760023631,0000000400000008,26725429817,3181,1875
1760023634,0000008000000040,26756337669,3180,1876
1760023635,0000000800000008,26772193876,3180,1877
1760023636,0000000800000020,26775359128,3180,1878
1760023643,0000004000000080,26853152640,3180,1879
1760023644,0000000200000002,26859240871,3180,1880
1760023645,0000008000000080,26865465675,3180,1881
1760023645,0000000200000040,26872364484,3180,1882
1760023646,0000000400000020,26875446541,3180,1883
1760023646,0000000800000020,26879696440,3180,1884
1760023647,0000004000000020,26885776229,3180,1885
1760023648,0000000800000010,26897777804,3180,1886
1760023648,0000000100000008,26898926928,3180,1887
1760023650,0000000800000080,26916508317,3180,1888
1760023650,0000001000000008,26920548461,3180,1889
1760023650,0000000200000040,26920751017,3180,1890
1760023650,0000000400000001,26921036531,3180,1891
1760023653,0000002000000004,26946098857,3180,1892
1760023656,0000000200000080,26976621500,3180,1893
1760023656,0000004000000001,26982698407,3180,1894
1760023660,0000000800000020,27020695537,3180,1895
1760023663,0000000800000010,27046434761,3180,1896
1760023663,0000004000000001,27053510019,3180,1897
1760023664,0000000800000080,27064543601,3180,1898
1760023666,0000000200000020,27077783488,3180,1899
1760023667,0000000400000002,27087342133,3180,1900
1760023668,0000000100000020,27097504350,3180,1901
1760023670,0000002000000040,27121108724,3180,1902
1760023672,0000001000000008,27142340030,3180,1903
1760023674,0000000800000080,27156306099,3180,1904
1760023674,0000000800000002,27158934737,3180,1905
1760023678,0000000200000001,27201675882,3180,1906
1760023678,0000008000000001,27201756279,3180,1907
1760023678,0000000800000008,27202480308,3180,1908
1760023679,0000000800000020,27205335107,3180,1909
1760023679,0000002000000010,27211671899,3180,1910
1760023680,0000004000000002,27224149696,3180,1911
1760023681,0000000200000080,27233923875,3180,1912
1760023682,0000004000000080,27235592156,3180,1913
1760023685,0000000800000001,27268935587,3180,1914
1760023686,0000002000000080,27277403908,3180,1915
1760023690,0000002000000010,27319733395,3180,1916
1760023693,0000001000000001,27350108158,3180,1917
1760023693,0000000800000010,27351873366,3180,1918
1760023693,0000002000000008,27354239621,3180,1919
1760023694,0000000200000080,27362217526,3180,1920
1760023695,0000000800000001,27368564000,3180,1921
1760023695,0000000400000004,27369042284,3180,1922
1760023696,0000000400000020,27384392127,3180,1923
1760023697,0000000800000002,27390932291,3180,1924
1760023697,0000000800000080,27391678334,3180,1925
1760023701,0000000200000010,27427308338,3180,1926
1760023702,0000000100000001,27436053036,3180,1927
1760023702,0000004000000002,27439036335,3181,1928
1760023702,0000001000000040,27439945053,3180,1929
1760023702,0000000800000008,27440847210,3180,1930
1760023703,0000000400000002,27446921603,3180,1931
1760023704,0000000800000008,27457131634,3180,1932
1760023704,0000002000000020,27464953892,3180,1933
1760023705,0000004000000002,27466323444,3180,1934
1760023708,0000000200000020,27500208159,3180,1935
1760023710,0000004000000080,27523648082,3180,1936
1760023713,0000000800000080,27546047103,3180,1937
1760023713,0000001000000040,27547717651,3180,1938
1760023714,0000001000000008,27555735681,3180,1939
1760023715,0000004000000010,27565525928,3180,1940
1760023715,0000000800000080,27566435710,3180,1941
1760023716,0000000800000080,27575534055,3180,1942
1760023717,0000004000000080,27587795558,3180,1943
1760023718,0000000200000001,27596962795,3180,1944
1760023719,0000000800000040,27612323657,3180,1945
1760023720,0000000800000020,27618244042,3180,1946
1760023720,0000008000000040,27623190483,3180,1947
1760023721,0000000800000008,27628885980,3180,1948
1760023721,0000000100000008,27631778823,3180,1949
1760023722,0000004000000001,27636159297,3180,1950
1760023722,0000000800000001,27638207255,3180,1951
1760023722,0000002000000080,27644679262,3181,1952
1760023725,0000004000000002,27668715805,3180,1953
1760023726,0000000100000020,27678631774,3180,1954
1760023728,0000001000000020,27699348109,3180,1955
1760023728,0000008000000010,27701369391,3181,1956
1760023730,0000000200000040,27719025584,3180,1957
1760023730,0000000200000004,27723869831,3180,1958
1760023734,0000004000000004,27755483104,3180,1959
1760023737,0000001000000008,27794195752,3180,1960
1760023740,0000004000000008,27816196662,3180,1961
1760023740,0000000200000040,27822495895,3180,1962
1760023744,0000008000000010,27858106758,3180,1963
1760023744,0000002000000010,27859515744,3180,1964
1760023746,0000001000000008,27882454213,3180,1965
1760023746,0000008000000001,27883852556,3181,1966
1760023747,0000000800000002,27890952842,3180,1967
1760023749,0000000800000080,27907934874,3180,1968
1760023752,0000000800000080,27936040215,3180,1969
1760023752,0000004000000080,27943609234,3180,1970
1760023754,0000000200000002,27957511120,3180,1971
1760023755,0000000200000040,27966820071,3180,1972
1760023756,0000004000000010,27981625678,3181,1973
1760023756,0000000100000001,27982132286,3180,1974
1760023757,0000002000000080,27986225918,3180,1975
1760023757,0000000200000010,27994067309,3180,1976
1760023759,0000004000000010,28008112517,3180,1977
1760023760,0000000100000040,28022034614,3180,1978
1760023762,0000004000000080,28036229075,3180,1979
1760023763,0000000800000001,28051442687,3181,1980
1760023764,0000000800000010,28063755713,3180,1981
1760023769,0000000100000008,28106344351,3180,1982
1760023769,0000001000000001,28112329448,3180,1983
1760023770,0000002000000080,28116928477,3181,1984
1760023771,0000000200000020,28133809185,3180,1985
1760023773,0000002000000080,28150918784,3180,1986
1760023777,0000000200000002,28186052664,3180,1987
1760023779,0000001000000008,28210712099,3180,1988
1760023780,0000002000000010,28215270472,3180,1989
1760023785,0000004000000080,28269209874,3180,1990
1760023787,0000000100000010,28293002402,3180,1991
1760023788,0000001000000080,28301726536,3181,1992
1760023789,0000008000000004,28308943404,3181,1993
1760023789,0000000800000040,28309717621,3181,1994
1760023790,0000004000000080,28317275230,3180,1995
1760023790,0000000200000010,28320466917,3180,1996
1760023791,0000000200000080,28325734202,3181,1997
1760023791,0000000800000020,28333243426,3180,1998
1760023791,0000004000000004,28334752526,3181,1999
1760023793,0000008000000040,28348127274,3181,2000
1760023795,0000000200000002,28365931145,3181,2001
1760023797,0000002000000040,28388686273,3180,2002
1760023799,0000000100000001,28405700067,3180,2003
1760023800,0000000800000001,28423327768,3180,2004
1760023806,0000008000000080,28483759529,3180,2005
1760023807,0000001000000001,28492703522,3181,2006
1760023808,0000008000000040,28498342779,3180,2007
1760023809,0000000800000001,28511672125,3181,2008
1760023809,0000000400000008,28513531666,3181,2009
1760023811,0000002000000020,28526495946,3180,2010
1760023811,0000000400000008,28527998978,3180,2011
1760023812,0000000400000080,28537530279,3180,2012
1760023812,0000004000000008,28542254065,3180,2013
1760023813,0000001000000008,28550486662,3181,2014
1760023813,0000000800000080,28550744273,3180,2015
1760023815,0000004000000001,28569839894,3180,2016
1760023816,0000004000000080,28576374432,3180,2017
1760023816,0000004000000008,28578182293,3180,2018
1760023816,0000000100000020,28578545514,3180,2019
1760023818,0000000800000080,28596189249,3180,2020
1760023820,0000000200000080,28617186770,3180,2021
1760023820,0000000400000008,28622867164,3180,2022
1760023821,0000000800000001,28633253439,3180,2023
1760023823,0000000100000020,28646950005,3180,2024
1760023826,0000002000000001,28683074078,3181,2025
1760023827,0000002000000080,28686761926,3180,2026
1760023827,0000000800000001,28689109304,3180,2027
1760023827,0000000200000080,28692160097,3181,2028
1760023829,0000000800000008,28705171549,3181,2029
1760023831,0000004000000002,28729397405,3180,2030
1760023832,0000000200000008,28736869721,3180,2031
1760023832,0000002000000080,28744292933,3180,2032
1760023833,0000004000000001,28747799285,3180,2033
1760023834,0000000800000080,28761672938,3180,2034
1760023835,0000000800000080,28772980354,3181,2035
1760023835,0000004000000080,28773147367,3180,2036
1760023836,0000008000000001,28778703051,3180,2037
1760023837,0000000200000008,28788022394,3181,2038
1760023837,0000002000000002,28790279528,3180,2039
1760023838,0000000200000002,28797726962,3180,2040
1760023839,0000008000000001,28809296823,3180,2041
1760023840,0000000800000080,28817200730,3180,2042
1760023840,0000008000000080,28817282139,3180,2043
1760023842,0000004000000020,28838835066,3180,2044
1760023843,0000001000000008,28846704707,3180,2045
1760023844,0000000200000002,28863273728,3180,2046
1760023847,0000000100000008,28890688472,3180,2047
1760023847,0000000200000001,28892009983,3180,0
1760023847,0000000200000001,28895014166,3181,1
1760023848,0000000200000010,28900997689,3180,2
1760023848,0000000800000008,28904580801,3180,3
1760023849,0000002000000004,28906461394,3180,4
1760023849,0000008000000080,28909674603,3180,5
1760023849,0000000100000020,28914734810,3180,6
1760023850,0000008000000002,28918219310,3180,7
1760023853,0000000800000080,28947559197,3180,8
1760023854,0000000800000001,28958636849,3181,9
1760023855,0000001000000004,28966187518,3180,10
1760023860,0000000800000080,29021456225,3180,11
1760023864,0000004000000080,29060653467,3180,12
1760023866,0000004000000002,29081793498,3180,13
1760023869,0000002000000080,29114294179,3180,14
1760023871,0000001000000001,29127237227,3180,15
1760023871,0000001000000002,29129740858,3180,16
1760023873,0000000400000002,29152780187,3180,17
1760023873,0000000100000008,29153825946,3180,18
1760023875,0000000100000080,29172325086,3180,19
1760023876,0000004000000001,29179078012,3180,20
1760023876,0000000100000004,29182062404,3180,21
1760023878,0000002000000010,29195266402,3180,22
1760023878,0000000800000001,29197340375,3180,23
1760023878,0000000800000008,29200075722,3180,24
1760023880,0000002000000001,29223487099,3180,25
1760023880,0000001000000004,29224451089,3180,26
1760023881,0000000200000008,29227142207,3180,27
1760023881,0000004000000020,29230952956,3181,28
1760023881,0000004000000080,29234196006,3180,29
1760023883,0000000800000080,29247613501,3180,30
1760023885,0000000200000002,29270564156,3180,31
1760023885,0000000800000008,29274970804,3181,32
1760023885,0000000200000080,29274344752,3181,33
1760023886,0000000200000020,29277680987,3181,34
1760023886,0000000800000010,29277717633,3180,35
1760023888,0000000100000008,29295871243,3180,36
1760023889,0000000800000008,29309374587,3180,37
1760023889,0000000800000001,29308828247,3180,38
1760023889,0000001000000080,29314453403,3180,39
1760023891,0000002000000001,29327202035,3180,40
1760023891,0000000200000004,29331313001,3180,41
1760023891,0000000800000010,29332029083,3181,42
1760023892,0000004000000010,29341397208,3180,43
1760023892,0000008000000001,29342863562,3180,44
1760023894,0000000400000080,29357064197,3180,45
1760023895,0000000400000040,29365205203,3180,46
1760023896,0000002000000004,29376308279,3180,47
1760023897,0000001000000008,29390350505,3180,48
1760023898,0000000400000010,29400602977,3180,49
1760023898,0000000800000002,29400655690,3180,50
1760023900,0000000100000080,29421084827,3180,51
1760023900,0000001000000010,29424609023,3180,52
1760023901,0000000100000040,29424803352,3180,53
1760023901,0000000400000002,29425476325,3181,54
1760023902,0000008000000080,29435912639,3180,55
1760023902,0000004000000001,29444521286,3180,56
1760023904,0000000100000008,29462910139,3180,57
1760023905,0000002000000008,29472935752,3180,58
1760023906,0000000800000020,29476906055,3180,59
1760023908,0000001000000080,29495952148,3180,60
1760023908,0000001000000008,29496991142,3180,61
1760023908,0000004000000080,29497262118,3180,62
1760023909,0000002000000008,29508048945,3180,63
1760023909,0000000400000008,29510318833,3180,64
1760023909,0000000200000008,29514981238,3180,65
1760023910,0000000800000008,29519130531,3180,66
1760023910,0000002000000010,29521237793,3180,67
1760023911,0000000800000004,29529453062,3180,68
1760023912,0000000100000001,29544700313,3180,69
1760023913,0000001000000008,29545317368,3180,70
1760023913,0000000100000008,29549639813,3180,71
1760023914,0000000200000002,29560735727,3180,72
1760023916,0000001000000008,29575178794,3180,73
1760023916,0000000200000080,29579036303,3180,74
1760023916,0000000800000002,29580539951,3180,75
1760023916,0000000800000001,29580588849,3180,76
1760023917,0000004000000001,29593156868,3180,77
1760023918,0000008000000040,29603751995,3180,78
1760023919,0000002000000080,29611536593,3180,79
1760023919,0000008000000010,29611752477,3180,80
1760023921,0000004000000001,29629166331,3180,81
1760023921,0000000800000001,29631902980,3180,82
1760023922,0000000100000001,29638467413,3180,83
1760023923,0000000400000080,29647323178,3180,84
1760023923,0000000800000008,29650143373,3180,85
1760023926,0000000800000040,29679958966,3180,86
1760023927,0000000800000080,29689927519,3180,87
1760023927,0000002000000080,29690030836,3180,88
1760023928,0000000800000002,29703813774,3180,89
1760023929,0000000200000010,29706562397,3180,90
1760023930,0000000200000004,29720741104,3180,91
1760023931,0000000100000020,29726614330,3180,92
1760023931,0000000800000040,29730275350,3180,93
1760023933,0000004000000080,29748747291,3180,94
1760023934,0000008000000020,29763942863,3180,95
1760023935,0000000800000080,29774751643,3180,96
1760023937,0000004000000008,29787771885,3180,97
1760023937,0000000200000008,29788650421,3180,98
1760023939,0000001000000080,29805626149,3180,99
1760023939,0000004000000008,29808356375,3180,100
1760023939,0000000100000002,29814377583,3180,101
1760023940,0000000400000002,29819853005,3180,102
1760023941,0000001000000001,29828259505,3180,103
1760023941,0000000100000040,29834365552,3180,104
1760023943,0000004000000002,29852211093,3180,105
1760023944,0000001000000001,29858641017,3181,106
1760023944,0000008000000080,29859350890,3180,107
1760023945,0000000800000004,29865841447,3180,108
1760023945,0000000800000004,29869809594,3180,109
1760023946,0000004000000008,29878188960,3180,110
1760023947,0000008000000001,29888133196,3180,111
1760023951,0000000200000008,29925396245,3180,112
1760023951,0000002000000080,29929210500,3180,113
1760023953,0000000100000004,29947093376,3180,114
1760023953,0000001000000008,29952305313,3180,115
1760023955,0000001000000004,29969225149,3180,116
1760023957,0000004000000020,29986004665,3180,117
1760023957,0000002000000008,29986242835,3180,118
1760023957,0000000800000080,29987161388,3180,119
1760023957,0000000200000001,29991523253,3180,120
1760023957,0000001000000001,29995047427,3180,121
1760023961,0000004000000020,30028320185,3180,122
1760023962,0000004000000080,30042618849,3180,123
1760023964,0000000200000080,30057369749,3180,124
1760023965,0000008000000010,30070987315,3180,125
1760023968,0000000100000080,30095717064,3180,126
1760023970,0000004000000080,30124344536,3180,127
1760023972,0000000400000001,30137921880,3180,128
1760023973,0000001000000008,30146495174,3180,129
1760023973,0000001000000020,30151124538,3180,130
1760023974,0000008000000080,30157101679,3180,131
1760023976,0000000400000080,30176765233,3180,132
1760023978,0000004000000020,30197089350,3180,133
1760023979,0000004000000001,30210154668,3180,134
1760023980,0000000800000020,30219102957,3180,135
1760023981,0000004000000080,30228223753,3180,136
1760023982,0000000800000002,30237887175,3180,137
1760023984,0000008000000008,30256990886,3180,138
1760023985,0000000100000020,30266814122,3180,139
1760023988,0000000800000001,30303369946,3180,140
1760023990,0000001000000010,30324152442,3180,141
1760023991,0000000800000004,30328518235,3180,142
1760023991,0000000400000008,30331019738,3180,143
1760023991,0000000800000080,30335099324,3180,144
1760023992,0000000200000002,30335486719,3180,145
1760023992,0000002000000020,30338594437,3180,146
1760023992,0000000100000008,30339022752,3180,147
1760023992,0000004000000080,30343138166,3180,148
1760023993,0000008000000008,30353764274,3180,149
1760023996,0000000200000080,30383081631,3180,150
1760024001,0000004000000080,30428993647,3180,151
1760024002,0000000800000008,30442533685,3180,152
1760024002,0000002000000010,30443607827,3180,153
1760024003,0000000200000010,30453169612,3180,154
1760024005,0000000100000080,30472673890,3180,155
1760024006,0000001000000002,30482802598,3180,156
1760024008,0000000400000008,30497432049,3180,157
1760024008,0000004000000008,30501207701,3181,158
1760024009,0000000100000020,30510150710,3180,159
1760024009,0000000100000002,30512064869,3180,160
1760024010,0000000800000001,30516627552,3180,161
1760024010,0000002000000008,30519776804,3181,162
1760024011,0000001000000008,30525190508,3181,163
1760024011,0000000200000001,30528689930,3180,164
1760024012,0000008000000008,30540245816,3180,165
1760024012,0000000800000080,30543656950,3181,166
1760024013,0000000800000020,30545310978,3181,167
1760024013,0000000800000001,30550084706,3180,168
1760024013,0000000800000080,30550952116,3180,169
1760024015,0000000400000080,30570812583,3180,170
1760024015,0000004000000001,30572648475,3180,171
1760024016,0000002000000008,30579106254,3180,172
1760024016,0000002000000080,30584729118,3180,173
1760024017,0000004000000001,30593616623,3180,174
1760024019,0000002000000008,30605483631,3180,175
1760024019,0000004000000008,30610594141,3180,176
1760024019,0000008000000008,30613307600,3181,177
1760024020,0000000400000020,30615817985,3181,178
1760024021,0000000400000080,30630866793,3180,179
1760024021,0000000100000001,30634338263,3180,180
1760024023,0000000200000080,30651489263,3180,181
1760024026,0000000200000002,30677830807,3180,182
1760024028,0000000200000008,30697546568,3180,183
1760024030,0000000100000040,30715945173,3180,184
1760024031,0000008000000010,30733314374,3180,185
1760024031,0000000800000002,30734485633,3180,186
1760024033,0000000800000001,30747514331,3180,187
1760024034,0000004000000008,30756634801,3181,188
1760024035,0000000400000002,30765571840,3180,189
1760024035,0000008000000002,30767316690,3181,190
1760024035,0000000400000008,30773420807,3180,191
1760024037,0000000800000004,30789934583,3180,192
1760024040,0000002000000008,30819424023,3180,193
1760024041,0000004000000080,30827306183,3180,194
1760024041,0000004000000080,30827870402,3180,195
1760024044,0000000200000080,30861531291,3180,196
1760024044,0000008000000001,30861809754,3180,197
1760024045,0000000800000004,30870917219,3180,198
1760024046,0000004000000004,30877361731,3180,199
1760024046,0000001000000008,30883489842,3180,200
1760024047,0000000200000010,30887446735,3181,201
1760024047,0000000200000008,30892948367,3180,202
1760024047,0000000100000080,30894904821,3180,203
1760024049,0000008000000020,30909001979,3181,204
1760024049,0000002000000020,30909640146,3181,205
1760024049,0000004000000001,30913377976,3180,206
1760024050,0000004000000080,30916793675,3181,207
1760024051,0000004000000010,30926165414,3180,208
1760024051,0000001000000004,30929563374,3180,209
1760024053,0000002000000040,30945281498,3180,210
1760024055,0000001000000080,30970803716,3180,211
1760024056,0000008000000008,30976748041,3180,212
1760024058,0000008000000080,31004647374,3180,213
1760024062,0000008000000001,31035391272,3180,214
1760024062,0000001000000004,31039692062,3180,215
1760024062,0000000100000008,31041506624,3180,216
1760024063,0000001000000002,31047635102,3180,217
1760024065,0000000800000020,31070062990,3180,218
1760024066,0000004000000020,31082619575,3180,219
1760024067,0000002000000020,31090329503,3180,220
1760024067,0000000100000010,31091539065,3181,221
1760024068,0000004000000008,31099275392,3180,222
1760024070,0000000100000010,31122220955,3180,223
1760024072,0000008000000010,31135974153,3180,224
1760024073,0000000800000004,31147020471,3180,225
1760024073,0000000200000080,31147205999,3180,226
1760024073,0000000400000080,31150955461,3180,227
1760024077,0000000200000008,31193361614,3180,228
1760024078,0000001000000008,31199357108,3180,229
1760024080,0000004000000040,31216120761,3180,230
1760024081,0000000200000008,31227696614,3180,231
1760024081,0000000200000080,31227898355,3180,232
1760024081,0000000400000008,31230188323,3180,233
1760024082,0000004000000008,31242594659,3180,234
1760024082,0000004000000002,31243810291,3180,235
1760024083,0000000400000008,31253361884,3180,236
1760024085,0000001000000010,31268156238,3180,237
1760024086,0000000200000001,31276803294,3180,238
1760024090,0000004000000020,31315567550,3180,239
1760024090,0000000800000010,31323810923,3180,240
1760024092,0000000800000020,31336775640,3180,241
1760024092,0000002000000080,31340139735,3180,242
1760024092,0000001000000002,31341348236,3180,243
1760024093,0000008000000040,31352650299,3180,244
1760024094,0000000100000080,31364954139,3180,245
1760024095,0000000100000004,31369804966,3180,246
1760024097,0000000800000002,31390033333,3180,247
1760024097,0000002000000010,31390644531,3180,248
1760024098,0000000200000008,31398146586,3180,249
1760024098,0000000200000010,31400133401,3180,250
1760024099,0000004000000008,31408730016,3181,251
1760024099,0000000200000008,31411165028,3180,252
1760024099,0000004000000080,31411850377,3180,253
1760024101,0000000200000040,31432157806,3180,254
1760024102,0000004000000008,31435645375,3180,255
1760024102,0000000800000080,31436478726,3180,256
1760024102,0000000800000080,31437781784,3181,257
1760024102,0000008000000001,31442288902,3180,258
1760024102,0000000400000080,31442310177,3180,259
1760024103,0000000800000010,31446358944,3181,260
1760024103,0000000100000002,31455006549,3181,261
1760024105,0000000800000001,31473695805,3181,262
1760024107,0000000800000080,31492742687,3180,263
1760024107,0000008000000001,31493190729,3181,264
1760024108,0000002000000008,31503429188,3180,265
1760024109,0000000200000020,31506316633,3181,266
1760024110,0000004000000004,31516138419,3181,267
1760024111,0000000200000020,31528393359,3180,268
1760024113,0000000100000008,31545672529,3180,269
1760024113,0000008000000080,31549868768,3180,270
1760024114,0000001000000001,31563682093,3180,271
1760024116,0000000400000001,31577471833,3181,272
1760024116,0000000800000008,31579626326,3181,273
1760024117,0000000800000010,31594739182,3181,274
1760024118,0000008000000010,31596396531,3180,275
1760024120,0000002000000004,31624495026,3181,276
1760024122,0000000800000080,31638356914,3180,277
1760024122,0000004000000001,31644680142,3180,278
1760024123,0000000200000010,31646853341,3181,279
1760024123,0000004000000001,31651208578,3181,280
1760024125,0000002000000008,31668562104,3180,281
1760024126,0000008000000008,31680462080,3180,282
1760024126,0000001000000008,31684944132,3180,283
1760024127,0000000100000080,31685825871,3180,284
1760024128,0000004000000002,31700613929,3180,285
1760024130,0000000800000002,31719812336,3180,286
1760024131,0000004000000001,31728876986,3180,287
1760024132,0000000200000002,31736542440,3181,288
1760024133,0000000400000008,31746964810,3180,289
1760024133,0000000800000001,31750019280,3181,290
1760024136,0000000100000008,31783452332,3181,291
1760024137,0000000200000020,31787953995,3181,292
1760024139,0000000800000080,31805624436,3180,293
1760024139,0000001000000008,31812548840,3180,294
1760024140,0000008000000008,31823548712,3180,295
1760024141,0000008000000040,31831816309,3181,296
1760024142,0000008000000004,31843476351,3180,297
1760024143,0000004000000008,31851329217,3180,298
1760024143,0000000400000001,31851477871,3181,299
1760024143,0000000800000010,31852852907,3181,300
1760024144,0000000400000008,31863156287,3180,301
1760024145,0000002000000010,31866534818,3181,302
1760024147,0000000400000040,31887841712,3181,303
1760024147,0000002000000008,31891157705,3180,304
1760024151,0000002000000080,31928264915,3180,305
1760024151,0000000100000002,31930694774,3180,306
1760024151,0000001000000020,31934382824,3181,307
1760024152,0000002000000008,31940264525,3180,308
1760024153,0000000100000020,31950549748,3180,309
1760024155,0000002000000001,31966685948,3180,310
1760024155,0000004000000002,31967365525,3180,311
1760024155,0000001000000080,31974090850,3180,312
1760024156,0000001000000008,31976436708,3180,313
1760024158,0000004000000080,31996695561,3180,314
1760024158,0000001000000001,32003935262,3180,315
1760024160,0000000800000010,32016162139,3180,316
1760024163,0000000100000004,32050389216,3180,317
1760024164,0000000800000008,32064564760,3180,318
1760024166,0000001000000002,32080522532,3180,319
1760024166,0000000800000008,32082515439,3180,320
1760024167,0000000800000010,32092497191,3180,321
1760024168,0000000800000010,32096455432,3181,322
1760024170,0000004000000004,32123259052,3181,323
1760024173,0000000800000004,32148553241,3180,324
1760024174,0000000800000008,32163117477,3180,325
1760024176,0000004000000008,32179609875,3180,326
1760024176,0000008000000040,32179867187,3180,327
1760024177,0000001000000080,32192565910,3180,328
1760024177,0000000800000020,32192789065,3180,329
1760024178,0000001000000002,32195850895,3180,330
1760024178,0000008000000020,32198234840,3180,331
1760024178,0000000400000004,32199171988,3180,332
1760024180,0000001000000080,32223878105,3180,333
1760024181,0000004000000001,32234297707,3180,334
1760024183,0000004000000010,32252152508,3180,335
1760024183,0000004000000080,32252229071,3180,336
1760024184,0000000400000001,32258555497,3180,337
1760024185,0000000800000001,32265442284,3180,338
1760024185,0000004000000001,32269077908,3180,339
1760024185,0000002000000008,32272122202,3180,340
1760024187,0000000800000002,32291401322,3180,341
1760024193,0000000200000040,32348902897,3180,342
1760024193,0000004000000001,32349467756,3180,343
1760024193,0000000400000080,32352077726,3180,344
1760024193,0000000800000004,32353108914,3180,345
1760024193,0000000400000010,32354645018,3180,346
1760024194,0000000100000010,32362149076,3180,347
1760024195,0000000800000040,32365828210,3180,348
1760024197,0000004000000002,32388746455,3180,349
1760024203,0000000800000004,32454807864,3180,350
1760024204,0000004000000020,32455878737,3180,351
1760024204,0000001000000004,32464842831,3180,352
1760024206,0000000800000001,32477232594,3180,353
1760024207,0000000400000080,32485401798,3180,354
1760024208,0000001000000008,32495842837,3180,355
1760024211,0000004000000080,32531566211,3180,356
1760024212,0000000800000008,32537653158,3180,357
1760024212,0000000800000080,32539909153,3180,358
1760024212,0000002000000008,32540014450,3180,359
1760024213,0000001000000080,32546257752,3180,360
1760024214,0000000100000002,32556390509,3180,361
1760024218,0000000800000080,32597062466,3180,362
1760024219,0000004000000080,32613204287,3180,363
1760024220,0000000800000001,32622229791,3180,364
1760024221,0000001000000008,32631101834,3180,365
1760024223,0000002000000040,32651977780,3180,366
1760024231,0000000200000080,32727506445,3180,367
1760024231,0000000800000004,32730369500,3180,368
1760024231,0000008000000080,32731172694,3180,369
1760024237,0000004000000001,32789670779,3180,370
1760024238,0000000800000008,32796511772,3180,371
1760024238,0000000400000001,32799975816,3180,372
1760024239,0000000200000080,32807019321,3180,373
1760024242,0000000100000008,32839804282,3180,374
1760024242,0000001000000001,32843102581,3180,375
1760024244,0000000800000001,32856060118,3180,376
1760024244,0000004000000008,32857433840,3180,377
1760024244,0000000800000004,32860725485,3180,378
1760024245,0000000800000008,32868554056,3180,379
1760024245,0000000200000008,32872372147,3180,380
1760024246,0000000800000080,32877889248,3180,381
1760024246,0000000200000080,32883849442,3180,382
1760024247,0000004000000080,32892818962,3180,383
1760024247,0000002000000040,32893263459,3181,384
1760024249,0000000100000040,32910119252,3181,385
1760024249,0000004000000008,32914907280,3180,386
1760024252,0000000100000080,32944404953,3180,387
1760024255,0000000800000004,32968116284,3181,388
1760024256,0000004000000080,32977333112,3180,389
1760024256,0000000800000008,32983008191,3180,390
1760024256,0000001000000002,32985027786,3180,391
1760024257,0000000200000020,32986659553,3180,392
1760024257,0000004000000010,32988943599,3180,393
1760024257,0000008000000020,32991012695,3180,394
1760024260,0000004000000020,33021340853,3180,395
1760024261,0000000100000002,33031067269,3180,396
1760024265,0000000800000040,33066567499,3180,397
1760024266,0000000200000080,33082052397,3180,398
1760024269,0000000100000020,33109002543,3180,399
1760024270,0000002000000080,33118408885,3180,400
1760024271,0000000200000008,33128099310,3180,401
1760024273,0000004000000020,33153338824,3180,402
1760024275,0000000800000001,33168688207,3180,403
1760024276,0000000100000020,33184647800,3180,404
1760024277,0000000800000008,33192254471,3180,405
1760024279,0000000800000080,33206200138,3180,406
1760024279,0000000200000008,33214672007,3180,407
1760024280,0000004000000080,33221578215,3180,408
1760024280,0000000200000080,33222033257,3180,409
1760024280,0000008000000001,33222251189,3181,410
1760024281,0000004000000008,33228744030,3181,411
1760024281,0000008000000004,33232240132,3180,412
1760024282,0000000100000008,33239729564,3180,413
1760024283,0000000100000020,33253328103,3180,414
1760024284,0000000800000008,33259853701,3180,415
1760024287,0000004000000001,33290083636,3180,416
1760024288,0000000800000002,33296569110,3180,417
1760024288,0000001000000004,33304741475,3180,418
1760024290,0000000400000080,33321018648,3180,419
1760024291,0000001000000080,33329805142,3180,420
1760024292,0000002000000080,33336394195,3180,421
1760024295,0000001000000001,33366793721,3180,422
1760024296,0000004000000008,33378912917,3180,423
1760024298,0000000200000004,33400210645,3180,424
1760024298,0000000100000001,33401788418,3180,425
1760024300,0000000800000080,33421016816,3181,426
1760024303,0000000100000002,33451545484,3181,427
1760024303,0000004000000001,33451843533,3180,428
1760024304,0000002000000008,33464332865,3181,429
1760024309,0000002000000020,33505947693,3180,430
1760024309,0000000800000080,33512217840,3180,431
1760024311,0000004000000080,33526186890,3180,432
1760024317,0000000800000020,33594918068,3180,433
1760024318,0000004000000040,33597359546,3180,434
1760024318,0000000400000002,33602845292,3180,435
1760024319,0000002000000008,33606488855,3180,436
1760024319,0000004000000010,33614168395,3180,437
1760024322,0000000400000080,33644586263,3180,438
1760024323,0000000200000080,33650329196,3180,439
1760024324,0000000800000008,33659419901,3180,440
1760024324,0000000100000008,33663797001,3181,441
1760024326,0000001000000008,33684078975,3180,442
1760024327,0000000800000010,33693197911,3180,443
1760024327,0000002000000080,33693802631,3180,444
1760024328,0000000200000020,33701527548,3180,445
1760024329,0000002000000008,33708090767,3180,446
1760024329,0000000100000020,33713389985,3181,447
1760024330,0000000100000008,33717290365,3180,448
1760024331,0000001000000080,33728196646,3181,449
1760024332,0000002000000001,33741568193,3181,450
1760024332,0000000200000040,33744497899,3180,451
1760024333,0000008000000080,33747521775,3181,452
1760024337,0000001000000010,33789681189,3180,453
1760024338,0000000200000004,33796283056,3180,454
1760024338,0000004000000001,33801176857,3181,455
1760024338,0000000100000001,33802881129,3181,456
1760024338,0000000800000020,33804493794,3181,457
1760024339,0000008000000010,33805005716,3181,458
1760024339,0000000200000020,33806085400,3181,459
1760024340,0000000800000080,33822680155,3180,460
1760024341,0000000400000010,33826553919,3181,461
1760024342,0000001000000001,33837423369,3180,462
1760024343,0000000200000008,33846063524,3180,463
1760024345,0000000200000001,33865137227,3180,464
1760024347,0000000800000020,33886858014,3181,465
1760024350,0000008000000008,33924817879,3180,466
1760024351,0000008000000080,33931973013,3180,467
1760024353,0000002000000010,33952620942,3181,468
1760024355,0000000800000001,33967107257,3181,469
1760024355,0000008000000080,33971304677,3181,470
1760024356,0000000800000002,33980683327,3180,471
1760024357,0000000200000040,33993863158,3180,472
1760024362,0000000800000001,34037858382,3180,473
1760024362,0000001000000080,34043922941,3181,474
1760024362,0000001000000020,34044813139,3180,475
1760024363,0000000200000008,34049658075,3181,476
1760024364,0000004000000010,34058719960,3181,477
1760024366,0000000400000040,34076106135,3181,478
1760024366,0000001000000002,34084736559,3180,479
1760024367,0000000400000010,34086266884,3181,480
1760024367,0000004000000080,34089873039,3180,481
1760024368,0000000100000040,34101042527,3181,482
1760024369,0000004000000004,34114959441,3181,483
1760024371,0000000800000008,34128134269,3180,484
1760024371,0000004000000008,34132513382,3180,485
1760024373,0000000800000008,34145670282,3180,486
1760024373,0000000800000080,34151656269,3180,487
1760024374,0000000800000001,34157543939,3180,488
1760024374,0000000100000080,34157557706,3180,489
1760024377,0000008000000001,34193494567,3181,490
1760024378,0000004000000020,34199719008,3181,491
1760024378,0000004000000008,34200392893,3181,492
1760024379,0000001000000040,34206512083,3180,493
1760024379,0000000800000002,34212326556,3181,494
1760024380,0000000800000040,34220848719,3180,495
1760024382,0000001000000080,34239683412,3180,496
1760024383,0000002000000080,34253951166,3180,497
1760024385,0000000800000002,34265568423,3181,498
1760024385,0000000200000080,34270457015,3180,499
1760024386,0000004000000080,34276462070,3181,500
1760024387,0000000200000004,34292566482,3180,501
1760024388,0000004000000001,34300434319,3181,502
1760024389,0000000200000040,34309880739,3181,503
1760024390,0000000200000001,34315822780,3181,504
1760024390,0000004000000004,34320403974,3181,505
1760024390,0000008000000008,34323936602,3181,506
1760024391,0000001000000008,34328635536,3181,507
1760024391,0000008000000080,34331071347,3180,508
1760024392,0000000200000001,34337371548,3181,509
1760024396,0000001000000080,34379550146,3181,510
1760024396,0000000100000040,34383557956,3181,511
1760024399,0000000200000020,34407301058,3181,512
1760024400,0000004000000080,34415955452,3181,513
1760024400,0000000400000002,34424921736,3180,514
1760024401,0000004000000020,34428255305,3181,515
1760024401,0000000800000008,34430799369,3180,516
1760024401,0000000800000001,34432510095,3180,517
1760024404,0000000800000020,34455289923,3180,518
1760024405,0000008000000001,34470070952,3180,519
1760024406,0000000400000010,34475556473,3180,520
1760024406,0000000800000001,34477490938,3181,521
1760024407,0000002000000001,34485346697,3180,522
1760024408,0000004000000020,34498857601,3180,523
1760024409,0000001000000040,34507468558,3181,524
1760024409,0000008000000040,34512717117,3180,525
1760024410,0000002000000001,34517226396,3181,526
1760024411,0000002000000001,34532762199,3180,527
1760024412,0000000200000008,34540151282,3180,528
1760024413,0000000800000080,34549387575,3180,529
1760024413,0000000200000040,34552925145,3181,530
1760024415,0000000800000004,34569445947,3181,531
1760024416,0000000800000020,34575319679,3181,532
1760024416,0000004000000020,34576837203,3181,533
1760024417,0000000100000010,34585404625,3180,534
1760024417,0000002000000020,34586188403,3181,535
1760024417,0000000800000010,34588658848,3181,536
1760024417,0000004000000080,34588672404,3181,537
1760024418,0000000800000020,34595260476,3180,538
1760024418,0000000800000010,34602286523,3181,539
1760024419,0000002000000040,34606895031,3181,540
1760024421,0000000800000008,34625144694,3180,541
1760024421,0000000800000080,34626429117,3181,542
1760024421,0000001000000080,34630953623,3181,543
1760024422,0000000800000010,34640161162,3181,544
1760024422,0000000800000040,34643066259,3181,545
1760024424,0000000800000004,34656008005,3181,546
1760024425,0000000200000008,34666990356,3181,547
1760024425,0000000100000001,34672834797,3181,548
1760024429,0000004000000002,34710230213,3181,549
1760024429,0000008000000040,34713213438,3181,550
1760024430,0000004000000004,34715071634,3181,551
1760024433,0000000800000004,34750667857,3181,552
1760024436,0000000800000080,34781954559,3181,553
1760024437,0000004000000008,34788422442,3180,554
1760024440,0000000100000004,34819406453,3181,555
1760024440,0000000100000010,34824064391,3180,556
1760024441,0000000800000080,34831105944,3180,557
1760024442,0000000200000080,34838348752,3180,558
1760024446,0000008000000008,34875045250,3180,559
1760024448,0000004000000040,34897522354,3180,560
1760024448,0000000800000020,34903046160,3181,561
1760024450,0000000100000040,34920472105,3181,562
1760024452,0000004000000020,34937525937,3181,563
1760024452,0000004000000020,34937529030,3181,564
1760024452,0000004000000080,34944951764,3181,565
1760024454,0000008000000004,34963059712,3181,566
1760024455,0000004000000080,34970420725,3180,567
1760024455,0000008000000004,34971346227,3181,568
1760024456,0000008000000080,34976348129,3181,569
1760024458,0000008000000001,35000654837,3181,570
1760024458,0000000400000002,35004488756,3181,571
1760024462,0000000200000008,35036651482,3180,572
1760024467,0000000200000001,35092947618,3181,573
1760024468,0000004000000002,35095244840,3181,574
1760024468,0000004000000080,35097142862,3181,575
1760024468,0000000200000002,35104844283,3181,576
1760024469,0000000200000001,35107004783,3181,577
1760024470,0000000100000080,35118588229,3181,578
1760024470,0000000200000002,35120713395,3181,579
1760024472,0000000800000001,35140385287,3180,580
1760024473,0000002000000008,35150448767,3180,581
1760024475,0000001000000008,35168419380,3181,582
1760024475,0000008000000008,35168489698,3181,583
1760024475,0000001000000010,35174033769,3181,584
1760024476,0000000800000002,35177082963,3181,585
1760024476,0000000200000080,35178693901,3181,586
1760024476,0000000100000080,35182102560,3181,587
1760024477,0000002000000040,35187593187,3181,588
1760024479,0000000800000001,35205344407,3181,589
1760024481,0000004000000001,35234886416,3180,590
1760024483,0000004000000080,35249389257,3180,591
1760024484,0000000800000020,35259150067,3180,592
1760024485,0000000800000004,35271280267,3180,593
1760024485,0000000100000040,35271541609,3180,594
1760024485,0000000800000002,35273571912,3180,595
1760024486,0000000200000080,35280608438,3180,596
1760024487,0000008000000002,35288155850,3180,597
1760024488,0000000200000010,35298725503,3180,598
1760024490,0000000400000004,35321501303,3181,599
1760024491,0000000200000080,35331174556,3181,600
1760024491,0000002000000080,35332217110,3181,601
1760024491,0000000200000002,35334114957,3181,602
1760024492,0000000800000040,35342715595,3181,603
1760024496,0000000200000080,35381401844,3181,604
1760024497,0000002000000010,35386046552,3181,605
1760024497,0000001000000080,35388066444,3181,606
1760024497,0000000400000008,35389136336,3181,607
1760024498,0000000400000001,35398271493,3181,608
1760024499,0000000800000008,35405405832,3181,609
1760024499,0000000200000040,35410222918,3181,610
1760024500,0000004000000010,35421376790,3181,611
1760024501,0000000800000020,35426799708,3181,612
1760024501,0000000200000008,35428237335,3181,613
1760024502,0000004000000008,35435259795,3181,614
1760024502,0000008000000002,35436713799,3181,615
1760024504,0000004000000010,35460469269,3181,616
1760024505,0000001000000010,35469336883,3180,617
1760024506,0000002000000001,35477785125,3181,618
1760024507,0000000800000004,35490706221,3180,619
1760024508,0000000100000004,35495334001,3181,620
1760024508,0000000800000004,35496914680,3181,621
1760024509,0000008000000001,35513615665,3181,622
1760024510,0000008000000080,35519791971,3181,623
1760024511,0000000400000040,35532442985,3181,624
1760024512,0000000800000001,35540568664,3181,625
1760024513,0000000200000004,35551813679,3181,626
1760024514,0000001000000080,35557539662,3181,627
1760024514,0000000400000008,35563763057,3181,628
1760024515,0000004000000010,35570027671,3180,629
1760024517,0000001000000008,35587058172,3181,630
1760024517,0000000200000040,35593667873,3181,631
1760024524,0000000400000080,35658062651,3180,632
1760024524,0000000200000040,35660604569,3181,633
1760024526,0000002000000004,35676276724,3180,634
1760024526,0000000200000002,35684266897,3180,635
1760024527,0000002000000080,35686272288,3180,636
1760024527,0000000800000020,35688899437,3180,637
1760024528,0000004000000080,35696662064,3180,638
1760024529,0000001000000001,35706466177,3181,639
1760024531,0000000400000008,35729302069,3181,640
1760024533,0000004000000020,35751811426,3180,641
1760024534,0000000400000004,35755609310,3180,642
1760024537,0000000800000001,35790895562,3180,643
1760024542,0000000800000080,35835978542,3180,644
1760024542,0000000200000008,35841552490,3180,645
1760024542,0000000800000020,35844491902,3180,646
1760024544,0000000200000008,35861820869,3180,647
1760024545,0000008000000080,35873241226,3180,648
1760024546,0000008000000080,35875660438,3180,649
1760024549,0000008000000040,35914301053,3180,650
1760024552,0000001000000008,35943695928,3181,651
1760024553,0000000800000010,35946023360,3180,652
1760024555,0000001000000004,35965787695,3180,653
1760024555,0000001000000001,35966313270,3180,654
1760024556,0000000400000080,35982704374,3181,655
1760024556,0000002000000010,35983325689,3180,656
1760024557,0000008000000008,35989830930,3180,657
1760024558,0000004000000001,36000043272,3180,658
1760024559,0000000400000004,36014251852,3180,659
1760024560,0000002000000001,36019425304,3180,660
1760024564,0000001000000040,36055230600,3180,661
1760024564,0000000400000080,36058842680,3181,662
1760024568,0000000800000001,36102552662,3180,663
1760024569,0000000100000020,36105332131,3180,664
1760024571,0000000800000080,36133814559,3181,665
1760024572,0000004000000001,36137803032,3180,666
1760024572,0000000100000002,36138513867,3180,667
1760024573,0000004000000001,36149862725,3180,668
1760024576,0000000100000080,36178581597,3181,669
1760024578,0000000800000080,36200345991,3180,670
1760024579,0000000100000004,36206770075,3180,671
1760024580,0000000100000080,36218396805,3180,672
1760024580,0000004000000010,36219780728,3180,673
1760024580,0000004000000008,36224514320,3180,674
1760024582,0000001000000002,36240884300,3181,675
1760024582,0000000100000020,36243183322,3180,676
1760024585,0000000800000080,36273639521,3180,677
1760024586,0000001000000008,36282144807,3180,678
1760024589,0000000100000008,36305624977,3180,679
1760024589,0000000100000020,36308350288,3181,680
1760024589,0000002000000040,36313542809,3180,681
1760024590,0000000800000040,36315526111,3180,682
1760024590,0000000400000020,36315727439,3180,683
1760024590,0000008000000002,36316761870,3180,684
1760024590,0000004000000008,36323767986,3180,685
1760024592,0000002000000008,36342882101,3180,686
1760024593,0000000800000040,36349188047,3180,687
1760024594,0000000800000080,36363920147,3180,688
1760024597,0000008000000008,36390134959,3180,689
1760024600,0000000800000001,36416107620,3180,690
1760024600,0000008000000001,36420276675,3180,691
1760024602,0000008000000040,36442093317,3180,692
1760024602,0000004000000004,36442835306,3181,693
1760024604,0000000200000080,36463264411,3180,694
1760024605,0000004000000002,36468732767,3180,695
1760024605,0000001000000008,36470787515,3181,696
1760024606,0000004000000080,36482028321,3180,697
1760024610,0000000800000080,36519679453,3180,698
1760024612,0000000200000001,36543081873,3179,699
1760024614,0000004000000010,36556345420,3179,700
1760024614,0000000200000080,36563472074,3179,701
1760024617,0000000100000080,36590760646,3179,702
1760024617,0000002000000001,36593434448,3179,703
1760024621,0000000800000080,36629807942,3179,704
1760024623,0000000800000008,36651207356,3180,705
1760024623,0000000800000010,36654407260,3179,706
1760024625,0000004000000008,36668253849,3179,707
1760024625,0000000400000008,36674371128,3179,708
1760024627,0000000400000008,36689639980,3180,709
1760024630,0000000400000002,36722064209,3179,710
1760024630,0000000200000008,36723575819,3179,711
1760024631,0000000200000002,36729444697,3179,712
1760024631,0000004000000001,36730102013,3179,713
1760024631,0000000200000008,36732050739,3179,714
1760024632,0000000400000008,36735753111,3179,715
1760024632,0000004000000008,36743574380,3179,716
1760024633,0000001000000008,36752176409,3179,717
1760024633,0000000200000001,36753586799,3179,718
1760024636,0000004000000004,36778215954,3180,719
1760024636,0000000200000040,36778617107,3179,720
1760024636,0000004000000080,36783840946,3179,721
1760024637,0000008000000080,36785926780,3179,722
1760024637,0000002000000008,36792582192,3179,723
1760024639,0000000200000008,36807656881,3180,724
1760024640,0000000800000010,36820148574,3179,725
1760024640,0000002000000010,36823770188,3179,726
1760024642,0000002000000001,36841442623,3179,727
1760024644,0000001000000008,36856961903,3180,728
1760024647,0000001000000020,36890663077,3179,729
1760024648,0000000200000004,36902322224,3179,730
1760024649,0000000800000001,36911684861,3283,731
1760024652,0000004000000080,36944236120,3180,732
1760024654,0000000400000020,36959054474,3180,733
1760024655,0000008000000020,36974643663,3180,734
1760024656,0000000800000020,36975553431,3180,735
1760024656,0000001000000040,36978697546,3180,736
1760024657,0000000200000002,36988559720,3180,737
1760024657,0000000800000010,36994755240,3180,738
1760024658,0000000800000080,36999375882,3180,739
1760024660,0000000200000008,37023452232,3180,740
1760024661,0000000400000040,37033236029,3180,741
1760024662,0000002000000080,37035047496,3180,742
1760024662,0000000100000080,37038249891,3180,743
1760024662,0000004000000008,37040931107,3180,744
1760024662,0000000800000080,37041574302,3181,745
1760024662,0000002000000001,37042846625,3180,746
1760024663,0000008000000020,37047225428,3180,747
1760024665,0000008000000010,37072815093,3180,748
1760024665,0000000400000020,37072937474,3180,749
1760024667,0000000800000001,37085257413,3180,750
1760024668,0000004000000008,37102529461,3180,751
1760024672,0000000100000008,37137666746,3180,752
1760024674,0000000400000004,37158996389,3180,753
1760024674,0000004000000040,37163469085,3181,754
1760024676,0000000800000080,37181528257,3180,755
1760024679,0000000800000001,37205039404,3181,756
1760024679,0000000800000002,37213016165,3181,757
1760024680,0000000800000001,37216251954,3180,758
1760024680,0000000400000002,37221655321,3181,759
1760024681,0000001000000080,37226466516,3180,760
1760024681,0000000100000040,37228473413,3180,761
1760024682,0000004000000004,37244113006,3181,762
1760024684,0000000800000001,37264360437,3180,763
1760024685,0000000800000002,37269220986,3181,764
1760024686,0000000800000080,37277979439,3180,765
1760024687,0000004000000008,37286627212,3180,766
1760024692,0000000800000080,37338296433,3180,767
1760024692,0000004000000020,37339632687,3180,768
1760024692,0000000100000040,37342444566,3180,769
1760024695,0000000400000001,37370432647,3180,770
1760024695,0000000800000080,37373735825,3180,771
1760024696,0000004000000080,37380148970,3181,772
1760024696,0000008000000004,37384697748,3181,773
1760024697,0000000800000080,37385133214,3181,774
1760024698,0000000400000020,37397623447,3180,775
1760024699,0000001000000020,37405229299,3180,776
1760024699,0000004000000002,37409140728,3180,777
1760024700,0000000800000080,37417029901,3180,778
1760024700,0000002000000008,37417322131,3181,779
1760024700,0000004000000004,37420183508,3181,780
1760024700,0000000200000004,37421317441,3181,781
1760024701,0000004000000002,37425785107,3180,782
1760024701,0000004000000040,37429477209,3181,783
1760024701,0000002000000080,37432741066,3181,784
1760024702,0000000100000001,37439557085,3180,785
1760024704,0000000400000001,37457596385,3180,786
1760024705,0000000200000002,37474047934,3180,787
1760024706,0000004000000001,37482106363,3180,788
1760024707,0000000100000008,37489781136,3180,789
1760024708,0000000200000001,37495316065,3180,790
1760024708,0000000100000020,37503109154,3181,791
1760024708,0000004000000008,37504669882,3181,792
1760024709,0000002000000020,37513587262,3181,793
1760024711,0000000200000080,37525471459,3181,794
1760024711,0000001000000004,37527875279,3180,795
1760024712,0000001000000080,37544347605,3180,796
1760024713,0000000100000020,37553217111,3181,797
1760024714,0000000400000010,37560310792,3181,798
1760024714,0000008000000004,37561699434,3181,799
1760024714,0000000400000020,37564168711,3181,800
1760024718,0000001000000020,37596209195,3180,801
1760024718,0000004000000008,37604658188,3180,802
1760024720,0000004000000020,37618580665,3180,803
1760024722,0000000800000001,37637043279,3180,804
1760024722,0000004000000008,37644842216,3181,805
1760024723,0000001000000001,37650829904,3181,806
1760024723,0000000800000080,37653271018,3180,807
1760024724,0000004000000008,37657817748,3180,808
1760024724,0000004000000010,37658640176,3181,809
1760024724,0000000200000008,37664742419,3181,810
1760024726,0000001000000080,37677363050,3181,811
1760024728,0000001000000004,37697378641,3181,812
1760024728,0000000800000002,37700535655,3180,813
1760024729,0000004000000080,37713095396,3181,814
1760024730,0000008000000004,37724912553,3181,815
1760024731,0000004000000001,37734177243,3180,816
1760024733,0000001000000080,37750836476,3181,817
1760024735,0000000100000002,37768772818,3180,818
1760024737,0000008000000004,37791537187,3181,819
1760024738,0000000100000080,37798272586,3181,820
1760024738,0000004000000080,37799421977,3181,821
1760024739,0000001000000008,37807954136,3181,822
1760024739,0000000400000080,37809578602,3181,823
1760024743,0000004000000008,37846929705,3181,824
1760024743,0000004000000002,37848417239,3181,825
1760024743,0000008000000020,37851432497,3180,826
1760024743,0000000800000040,37852144668,3181,827
1760024744,0000002000000080,37855372792,3180,828
1760024744,0000000400000080,37862308199,3181,829
1760024745,0000000200000008,37871392936,3181,830
1760024746,0000000800000020,37883504723,3181,831
1760024747,0000004000000002,37894082146,3180,832
1760024748,0000000800000002,37897038659,3181,833
1760024748,0000000800000010,37900441673,3181,834
1760024748,0000000200000080,37904748992,3181,835
1760024749,0000008000000001,37913595250,3180,836
1760024751,0000000200000008,37934732783,3181,837
1760024752,0000001000000004,37938203067,3181,838
1760024754,0000002000000008,37960107224,3181,839
1760024754,0000000400000001,37962431101,3181,840
1760024756,0000008000000080,37978507909,3180,841
1760024757,0000008000000008,37986909783,3181,842
1760024757,0000001000000080,37989447360,3181,843
1760024757,0000002000000008,37994076598,3181,844
1760024760,0000000200000080,38015259956,3181,845
1760024761,0000000200000080,38031051960,3180,846
1760024762,0000001000000001,38036717561,3180,847
1760024762,0000004000000008,38040398321,3181,848
1760024763,0000002000000002,38051113896,3181,849
1760024764,0000000400000080,38057797418,3180,850
1760024764,0000000800000010,38061800621,3181,851
1760024765,0000000100000020,38074777859,3180,852
1760024766,0000002000000002,38076029817,3180,853
1760024767,0000000800000001,38093776758,3181,854
1760024768,0000008000000008,38101970689,3180,855
1760024769,0000000200000080,38105098370,3181,856
1760024773,0000000800000002,38146322956,3181,857
1760024776,0000002000000002,38176312106,3180,858
1760024778,0000004000000004,38203140567,3180,859
1760024782,0000004000000001,38242787932,3180,860
1760024783,0000000200000080,38250416151,3180,861
1760024783,0000000800000080,38250599848,3180,862
1760024785,0000000800000001,38272315697,3180,863
1760024785,0000008000000004,38273826862,3180,864
1760024786,0000008000000008,38284355996,3181,865
1760024787,0000000100000008,38293071636,3180,866
1760024787,0000000400000080,38294225357,3181,867
1760024789,0000000200000040,38310059352,3181,868
1760024790,0000002000000008,38320558667,3181,869
1760024790,0000001000000080,38323249456,3181,870
1760024791,0000000100000004,38333153314,3181,871
1760024792,0000000400000008,38335425041,3181,872
1760024795,0000004000000040,38370383441,3181,873
1760024795,0000004000000010,38371414233,3180,874
1760024796,0000004000000080,38381741934,3180,875
1760024797,0000001000000040,38394034241,3180,876
1760024798,0000008000000004,38398104327,3181,877
1760024799,0000001000000001,38408582653,3181,878
1760024799,0000000800000080,38410683671,3180,879
1760024801,0000008000000010,38428455680,3180,880
1760024802,0000000800000001,38437613819,3180,881
1760024802,0000001000000020,38442790575,3180,882
1760024802,0000000800000004,38444540907,3180,883
1760024803,0000000400000008,38445516322,3180,884
1760024805,0000000200000010,38472568794,3181,885
1760024806,0000000800000002,38477962851,3180,886
1760024807,0000001000000001,38492534108,3181,887
1760024811,0000000800000080,38528789199,3180,888
1760024811,0000000200000004,38529405074,3180,889
1760024815,0000000200000080,38570869306,3180,890
1760024816,0000008000000008,38580148254,3180,891
1760024817,0000004000000040,38586881419,3180,892
1760024817,0000004000000008,38593112418,3181,893
1760024818,0000000100000008,38597595396,3181,894
1760024819,0000000400000002,38608577614,3180,895
1760024819,0000000400000008,38613943351,3181,896
1760024821,0000004000000008,38628070577,3181,897
1760024822,0000000100000008,38637280424,3181,898
1760024822,0000008000000008,38642038520,3180,899
1760024826,0000000800000001,38683949634,3180,900
1760024827,0000002000000001,38688543521,3180,901
1760024827,0000004000000010,38690582206,3180,902
1760024828,0000000200000080,38695104553,3180,903
1760024828,0000002000000020,38699561819,3181,904
1760024828,0000000400000010,38703431917,3180,905
1760024830,0000004000000008,38719237530,3180,906
1760024830,0000001000000001,38720212317,3181,907
1760024838,0000001000000002,38804568824,3180,908
1760024839,0000000100000008,38812718362,3181,909
1760024841,0000000200000008,38829479265,3180,910
1760024843,0000000800000004,38847565284,3181,911
1760024844,0000000800000008,38860335549,3180,912
1760024844,0000000400000010,38863618935,3181,913
1760024845,0000000100000001,38872993638,3180,914
1760024847,0000001000000004,38885624204,3180,915
1760024848,0000002000000008,38898646090,3181,916
1760024851,0000002000000080,38925806846,3181,917
1760024851,0000001000000080,38932513277,3181,918
1760024851,0000000100000008,38933629645,3181,919
1760024852,0000000800000004,38939930435,3180,920
1760024853,0000002000000080,38949666750,3180,921
1760024855,0000000100000080,38972595786,3181,922
1760024856,0000000200000010,38977175239,3181,923
1760024856,0000008000000008,38983933593,3180,924
1760024857,0000000800000010,38990573630,3180,925
1760024858,0000000400000040,38996261608,3181,926
1760024858,0000002000000002,38997242386,3181,927
1760024859,0000002000000010,39012755490,3180,928
1760024860,0000000800000008,39017042550,3181,929
1760024860,0000000200000002,39019737477,3181,930
1760024861,0000008000000010,39025991685,3180,931
1760024861,0000008000000080,39027294957,3180,932
1760024863,0000000200000001,39045551228,3181,933
1760024868,0000000200000080,39101130628,3180,934
1760024868,0000004000000080,39104547295,3180,935
1760024869,0000000100000080,39108473586,3181,936
1760024872,0000000200000008,39141099566,3181,937
1760024873,0000000800000002,39148053235,3180,938
1760024874,0000000200000008,39160983928,3180,939
1760024875,0000000800000010,39174336473,3181,940
1760024877,0000004000000002,39189036328,3180,941
1760024878,0000004000000008,39202182889,3180,942
1760024878,0000000200000080,39202870101,3181,943
1760024880,0000000100000080,39218952399,3180,944
1760024883,0000000800000008,39245368340,3180,945
1760024883,0000001000000010,39250052368,3181,946
1760024884,0000004000000001,39259497644,3180,947
1760024885,0000008000000080,39271862937,3180,948
1760024886,0000000100000080,39279042357,3180,949
1760024886,0000004000000008,39281248976,3181,950
1760024887,0000000800000010,39286518096,3180,951
1760024888,0000004000000001,39304731180,3181,952
1760024889,0000008000000020,39305281204,3181,953
1760024889,0000008000000001,39312894030,3181,954
1760024889,0000004000000080,39313858597,3181,955
1760024891,0000004000000080,39328863104,3181,956
1760024891,0000002000000001,39330051087,3181,957
1760024892,0000004000000010,39338941559,3180,958
1760024892,0000000200000008,39342263680,3181,959
1760024893,0000000400000080,39346846192,3180,960
1760024893,0000000200000004,39347532451,3180,961
1760024894,0000000800000001,39364509066,3180,962
1760024895,0000000800000040,39370743010,3180,963
1760024896,0000000200000001,39382387317,3180,964
1760024900,0000000800000080,39417015283,3181,965
1760024900,0000004000000010,39420695013,3181,966
1760024902,0000000800000010,39442040123,3180,967
1760024903,0000000200000080,39449936125,3180,968
1760024903,0000008000000004,39450452854,3180,969
1760024903,0000000800000080,39453334631,3180,970
1760024906,0000004000000010,39476589421,3181,971
1760024906,0000000800000040,39481945948,3181,972
1760024906,0000000800000020,39484276512,3180,973
1760024910,0000000100000008,39519481930,3181,974
1760024910,0000000100000008,39519527730,3181,975
1760024911,0000004000000001,39534014232,3180,976
1760024912,0000008000000001,39535491700,3180,977
1760024912,0000000400000008,39540234216,3180,978
1760024912,0000000800000080,39543625061,3180,979
1760024914,0000004000000004,39555287595,3180,980
1760024914,0000004000000002,39556150822,3180,981
1760024914,0000001000000080,39562744883,3181,982
1760024917,0000000800000001,39590173914,3180,983
1760024919,0000000800000004,39607697918,3180,984
1760024919,0000000100000008,39613172697,3180,985
1760024921,0000008000000040,39632219167,3181,986
1760024922,0000008000000004,39636057200,3180,987
1760024924,0000002000000010,39663363079,3180,988
1760024926,0000004000000040,39680588542,3180,989
1760024928,0000000800000002,39699093282,3181,990
1760024930,0000000200000002,39719701627,3180,991
1760024930,0000004000000004,39724023398,3181,992
1760024931,0000000200000008,39733360235,3181,993
1760024932,0000000100000001,39738430458,3180,994
1760024934,0000004000000001,39756967696,3180,995
1760024934,0000004000000002,39757861060,3180,996
1760024935,0000002000000020,39765924358,3180,997
1760024935,0000000800000004,39768014479,3180,998
1760024935,0000000800000008,39769124478,3180,999
1760024935,0000004000000080,39773525040,3180,1000
1760024936,0000004000000008,39779015406,3180,1001
1760024936,0000002000000001,39781468286,3180,1002
1760024936,0000004000000001,39784252019,3180,1003
1760024937,0000000400000080,39791150323,3180,1004
1760024938,0000008000000001,39800113937,3180,1005
1760024942,0000000800000001,39841911693,3180,1006
1760024943,0000000100000008,39849686525,3180,1007
1760024943,0000000400000004,39850031148,3180,1008
1760024945,0000000200000010,39865390578,3180,1009
1760024945,0000001000000002,39866638828,3180,1010
1760024945,0000004000000080,39868364259,3181,1011
1760024946,0000001000000010,39876130970,3180,1012
1760024946,0000002000000004,39880529439,3180,1013
1760024946,0000001000000001,39881442422,3180,1014
1760024946,0000000200000001,39883376700,3181,1015
1760024947,0000000800000010,39892108809,3180,1016
1760024948,0000000200000001,39896550220,3180,1017
1760024949,0000000800000020,39910117834,3180,1018
1760024950,0000000100000080,39921119504,3180,1019
1760024954,0000001000000002,39955639402,3180,1020
1760024959,0000000800000080,40012922829,3180,1021
1760024962,0000000200000040,40040831372,3180,1022
1760024962,0000008000000010,40041910335,3180,1023
1760024967,0000001000000008,40091632126,3180,1024
1760024968,0000000100000004,40102331887,3180,1025
1760024968,0000004000000010,40102823030,3180,1026
1760024969,0000000100000080,40105107890,3180,1027
1760024969,0000004000000004,40107858105,3181,1028
1760024969,0000002000000001,40108060479,3181,1029
1760024969,0000000100000008,40111173236,3180,1030
1760024971,0000000100000008,40126719856,3181,1031
1760024971,0000004000000004,40130399852,3181,1032
1760024973,0000002000000020,40145436582,3181,1033
1760024973,0000000800000001,40146625319,3180,1034
1760024974,0000000200000002,40158380776,3180,1035
1760024975,0000000800000001,40166069679,3180,1036
1760024975,0000000800000040,40173483251,3180,1037
1760024975,0000000100000004,40174752211,3180,1038
1760024976,0000000400000080,40183624852,3180,1039
1760024977,0000002000000002,40186911814,3181,1040
1760024977,0000000800000010,40194411149,3180,1041
1760024978,0000004000000001,40197047044,3180,1042
1760024978,0000000200000020,40202972632,3181,1043
1760024979,0000000800000080,40212138043,3180,1044
1760024981,0000000200000040,40224924339,3180,1045
1760024982,0000000400000008,40239813342,3181,1046
1760024983,0000001000000010,40252346763,3180,1047
1760024984,0000000800000002,40262831796,3180,1048
1760024985,0000004000000080,40265812656,3180,1049
1760024985,0000004000000002,40270325140,3180,1050
1760024987,0000001000000008,40290999983,3180,1051
1760024989,0000000200000004,40313263588,3180,1052
1760024990,0000000800000001,40321898884,3180,1053
1760024991,0000000200000008,40326303516,3180,1054
1760024991,0000000200000001,40333272245,3180,1055
1760024992,0000000800000001,40341555557,3180,1056
1760024994,0000001000000008,40357812386,3180,1057
1760024994,0000004000000008,40361413256,3180,1058
1760024995,0000000800000080,40370384171,3180,1059
1760024996,0000000800000001,40376145601,3180,1060
1760024996,0000004000000020,40380887366,3180,1061
1760024998,0000008000000010,40399762172,3180,1062
1760024999,0000002000000008,40406167767,3180,1063
1760025000,0000008000000080,40415096482,3180,1064
1760025001,0000001000000010,40426666577,3180,1065
1760025002,0000000100000010,40440181985,3180,1066
1760025004,0000000200000080,40456410795,3180,1067
1760025005,0000008000000002,40468516253,3181,1068
1760025005,0000000100000001,40472645127,3181,1069
1760025005,0000002000000001,40473313051,3180,1070
1760025006,0000004000000080,40475140659,3181,1071
1760025006,0000002000000004,40475250344,3180,1072
1760025006,0000004000000040,40478699268,3181,1073
1760025006,0000004000000080,40479030974,3180,1074
1760025007,0000000800000008,40487818301,3181,1075
1760025007,0000004000000002,40488021979,3181,1076
1760025008,0000002000000001,40495297332,3180,1077
1760025008,0000000100000010,40498215290,3180,1078
1760025009,0000000200000080,40509333490,3180,1079
1760025009,0000001000000080,40510079134,3180,1080
1760025011,0000004000000008,40530626493,3181,1081
1760025012,0000000200000001,40540655575,3180,1082
1760025012,0000004000000010,40544365809,3180,1083
1760025015,0000002000000080,40571606110,3180,1084
1760025016,0000000200000008,40577167991,3180,1085
1760025016,0000000400000008,40581462436,3180,1086
1760025017,0000000100000004,40587298896,3180,1087
1760025017,0000008000000008,40591436480,3180,1088
1760025017,0000000200000008,40592993965,3180,1089
1760025018,0000001000000080,40600512771,3180,1090
1760025018,0000000400000001,40601392936,3180,1091
1760025020,0000008000000001,40623714081,3180,1092
1760025021,0000000200000040,40628762635,3180,1093
1760025022,0000002000000080,40636356660,3180,1094
1760025022,0000008000000002,40638594129,3180,1095
1760025022,0000000400000001,40643684265,3180,1096
1760025023,0000000200000080,40645560685,3180,1097
1760025024,0000000800000004,40656773476,3180,1098
1760025024,0000000800000001,40659566208,3180,1099
1760025024,0000004000000004,40661483330,3180,1100
1760025029,0000004000000010,40707004429,3180,1101
1760025030,0000000400000001,40716396724,3180,1102
1760025032,0000008000000001,40738741775,3180,1103
1760025033,0000000200000080,40754078118,3180,1104
1760025034,0000000100000008,40759490446,3180,1105
1760025034,0000000800000008,40762226789,3180,1106
1760025037,0000004000000080,40787381232,3180,1107
1760025037,0000008000000010,40789476865,3180,1108
1760025040,0000000200000080,40817732844,3180,1109
1760025040,0000004000000080,40820142555,3181,1110
1760025042,0000000800000080,40839313916,3180,1111
1760025043,0000000400000008,40850048499,3180,1112
1760025043,0000000400000008,40854765428,3180,1113
1760025044,0000001000000080,40857267211,3180,1114
1760025044,0000004000000010,40861492699,3180,1115
1760025045,0000000800000040,40868366035,3180,1116
1760025045,0000004000000080,40870609353,3180,1117
1760025046,0000000100000080,40876632631,3180,1118
1760025046,0000000400000080,40880746195,3180,1119
1760025047,0000004000000002,40886843771,3180,1120
1760025047,0000004000000008,40892308256,3180,1121
1760025052,0000001000000008,40939369364,3180,1122
1760025055,0000008000000008,40965304684,3180,1123
1760025055,0000002000000002,40969556069,3180,1124
1760025056,0000000800000002,40979479412,3180,1125
1760025056,0000000800000080,40980123298,3180,1126
1760025056,0000000800000001,40980375607,3180,1127
1760025056,0000000100000004,40981298025,3180,1128
1760025056,0000002000000001,40982391676,3180,1129
1760025057,0000000800000001,40985037263,3180,1130
1760025059,0000000800000001,41005518083,3180,1131
1760025059,0000008000000080,41009106684,3180,1132
1760025059,0000000800000002,41011917503,3180,1133
1760025061,0000008000000080,41030681316,3180,1134
1760025062,0000000100000001,41040279614,3180,1135
1760025064,0000002000000010,41063303032,3181,1136
1760025065,0000000200000080,41071032409,3181,1137
1760025067,0000001000000001,41089595429,3180,1138
1760025067,0000000800000080,41092498587,3181,1139
1760025069,0000008000000010,41106113071,3181,1140
1760025069,0000000100000002,41106860879,3181,1141
1760025069,0000000100000080,41111733606,3180,1142
1760025071,0000001000000008,41133667061,3180,1143
1760025071,0000008000000008,41134350534,3181,1144
1760025072,0000000200000008,41140489424,3180,1145
1760025074,0000004000000004,41157828136,3180,1146
1760025075,0000008000000080,41169628118,3180,1147
1760025077,0000004000000002,41191326519,3181,1148
1760025079,0000000200000002,41209081577,3180,1149
1760025083,0000004000000010,41252386804,3180,1150
1760025084,0000000200000002,41255224852,3180,1151
1760025084,0000000800000008,41258359398,3180,1152
1760025085,0000000800000002,41265344975,3180,1153
1760025086,0000008000000001,41281778682,3180,1154
1760025087,0000004000000080,41292556086,3180,1155
1760025089,0000000800000001,41311425735,3180,1156
1760025090,0000000100000080,41323474660,3180,1157
1760025091,0000001000000004,41330815690,3180,1158
1760025092,0000004000000080,41343007083,3180,1159
1760025093,0000001000000001,41350456472,3180,1160
1760025093,0000000800000001,41352900645,3180,1161
1760025094,0000000200000001,41356851878,3180,1162
1760025094,0000000800000080,41360350927,3181,1163
1760025094,0000004000000010,41360963349,3180,1164
1760025095,0000008000000010,41366368614,3180,1165
1760025095,0000000100000080,41367895435,3180,1166
1760025095,0000004000000080,41370487158,3181,1167
1760025096,0000004000000001,41377753525,3181,1168
1760025097,0000004000000004,41390883390,3180,1169
1760025097,0000000100000004,41391975155,3180,1170
1760025098,0000000800000080,41396180752,3181,1171
1760025099,0000000400000020,41410217426,3180,1172
1760025103,0000001000000002,41445438720,3180,1173
1760025103,0000000400000001,41448320609,3180,1174
1760025103,0000000200000004,41448876616,3180,1175
1760025105,0000008000000001,41472132389,3180,1176
1760025105,0000008000000080,41473399421,3180,1177
1760025106,0000004000000008,41475567276,3180,1178
1760025107,0000000100000080,41490153715,3180,1179
1760025107,0000004000000010,41493389822,3180,1180
1760025108,0000001000000001,41502696265,3180,1181
1760025111,0000000800000002,41528706760,3180,1182
1760025113,0000000800000008,41551222675,3180,1183
1760025113,0000000400000002,41554795097,3180,1184
1760025115,0000000100000008,41564985798,3181,1185
1760025116,0000000800000020,41578883447,3180,1186
1760025116,0000000800000008,41581512528,3180,1187
1760025117,0000000800000080,41586063184,3180,1188
1760025117,0000004000000010,41590558069,3180,1189
1760025119,0000000800000002,41614818226,3180,1190
1760025122,0000004000000020,41644598824,3180,1191
1760025123,0000000200000010,41650049761,3180,1192
1760025123,0000008000000020,41650057487,3181,1193
1760025124,0000002000000001,41662609134,3180,1194
1760025126,0000000100000080,41675739886,3180,1195
1760025129,0000000200000001,41711994963,3180,1196
1760025131,0000008000000040,41727434335,3180,1197
1760025131,0000000200000020,41728447422,3181,1198
1760025131,0000000200000080,41729714400,3180,1199
1760025133,0000002000000010,41754808252,3181,1200
1760025135,0000000100000080,41766349115,3180,1201
1760025138,0000002000000004,41804010846,3180,1202
1760025139,0000000200000008,41805573952,3180,1203
1760025139,0000000400000008,41809930885,3180,1204
1760025140,0000000800000040,41819013505,3181,1205
1760025141,0000000800000008,41834109914,3180,1206
1760025143,0000000400000020,41844984117,3180,1207
1760025144,0000001000000080,41856906537,3181,1208
1760025145,0000004000000004,41867552097,3181,1209
1760025145,0000004000000008,41871105817,3180,1210
1760025145,0000000400000020,41873649770,3181,1211
1760025146,0000000100000001,41879251461,3181,1212
1760025146,0000000400000010,41879683151,3180,1213
1760025147,0000002000000080,41887344456,3180,1214
1760025149,0000000400000080,41909090877,3180,1215
1760025149,0000001000000080,41913080107,3181,1216
1760025150,0000004000000004,41923826578,3180,1217
1760025151,0000000800000080,41926087273,3180,1218
1760025151,0000004000000008,41933079375,3180,1219
1760025151,0000002000000001,41934750336,3181,1220
1760025152,0000000800000080,41942677750,3180,1221
1760025153,0000000200000001,41948795878,3180,1222
1760025154,0000004000000002,41960234763,3181,1223
1760025155,0000000400000001,41965580414,3181,1224
1760025155,0000000800000080,41970422507,3181,1225
1760025160,0000000400000010,42017740404,3180,1226
1760025164,0000000100000040,42056879613,3181,1227
1760025165,0000001000000001,42067816998,3180,1228
1760025165,0000000800000008,42070383792,3181,1229
1760025169,0000000800000008,42110027589,3180,1230
1760025170,0000008000000001,42118046784,3181,1231
1760025171,0000000800000010,42127536502,3180,1232
1760025172,0000000800000010,42136669743,3181,1233
1760025173,0000000800000010,42152877829,3180,1234
1760025174,0000000200000080,42159429212,3180,1235
1760025176,0000000800000080,42181984234,3180,1236
1760025177,0000000800000080,42193796171,3181,1237
1760025179,0000000800000080,42209887983,3180,1238
1760025179,0000000800000001,42211249940,3180,1239
1760025179,0000004000000040,42214599937,3181,1240
1760025180,0000000800000008,42222066670,3181,1241
1760025180,0000000800000004,42223959351,3181,1242
1760025181,0000002000000080,42234814346,3180,1243
1760025184,0000000100000080,42256045452,3181,1244
1760025184,0000000400000080,42256803100,3181,1245
1760025184,0000000100000002,42261012965,3180,1246
1760025184,0000000200000002,42261136767,3181,1247
1760025185,0000004000000001,42270229405,3180,1248
1760025186,0000008000000004,42280164300,3180,1249
1760025186,0000000800000010,42281819202,3181,1250
1760025187,0000000100000001,42292508822,3180,1251
1760025187,0000008000000010,42293096823,3180,1252
1760025188,0000002000000080,42297621189,3181,1253
1760025189,0000000100000080,42304915687,3180,1254
1760025189,0000000400000008,42311260637,3180,1255
1760025192,0000000800000001,42336377042,3181,1256
1760025193,0000000200000008,42351116030,3180,1257
1760025195,0000000800000008,42367445138,3181,1258
1760025196,0000000100000020,42378423926,3181,1259
1760025199,0000000200000001,42413512526,3180,1260
1760025201,0000008000000008,42429414452,3180,1261
1760025204,0000001000000002,42458804354,3180,1262
1760025206,0000008000000002,42475263320,3180,1263
1760025206,0000000200000001,42476839475,3180,1264
1760025206,0000008000000040,42482137160,3181,1265
1760025208,0000000100000020,42495870041,3180,1266
1760025208,0000008000000020,42501065547,3180,1267
1760025208,0000001000000008,42503798898,3180,1268
1760025212,0000000100000040,42536625068,3180,1269
1760025212,0000000100000080,42537751858,3180,1270
1760025212,0000000200000040,42541665945,3180,1271
1760025213,0000000200000001,42550163195,3180,1272
1760025216,0000000800000002,42580103009,3180,1273
1760025217,0000000800000080,42587777923,3180,1274
1760025217,0000004000000080,42591639295,3180,1275
1760025218,0000004000000080,42600069757,3180,1276
1760025219,0000001000000008,42611410084,3180,1277
1760025219,0000004000000008,42612761794,3180,1278
1760025221,0000000800000080,42630724328,3180,1279
1760025221,0000000200000004,42633307176,3180,1280
1760025223,0000008000000001,42653108889,3180,1281
1760025224,0000004000000010,42660137295,3180,1282
1760025224,0000001000000010,42663019005,3180,1283
1760025226,0000000400000010,42679941980,3180,1284
1760025227,0000000800000040,42689623121,3180,1285
1760025228,0000000800000080,42700380441,3180,1286
1760025228,0000000800000004,42700914988,3180,1287
1760025228,0000000400000080,42704634768,3180,1288
1760025229,0000000800000040,42706688057,3180,1289
1760025230,0000000800000002,42717165220,3181,1290
1760025230,0000000400000008,42723268488,3181,1291
1760025232,0000000100000001,42735685080,3180,1292
1760025232,0000001000000040,42744087536,3180,1293
1760025234,0000000800000080,42760534976,3181,1294
1760025235,0000004000000008,42771923002,3181,1295
1760025235,0000001000000080,42773658061,3180,1296
1760025235,0000000800000001,42774032474,3180,1297
1760025236,0000000800000001,42774553033,3181,1298
1760025236,0000008000000001,42780351539,3180,1299
1760025238,0000000800000080,42794889768,3180,1300
1760025239,0000000200000008,42805336073,3181,1301
1760025239,0000004000000010,42808430554,3180,1302
1760025239,0000000800000008,42809519113,3180,1303
1760025239,0000000200000001,42814232418,3180,1304
1760025242,0000001000000020,42835057228,3180,1305
1760025242,0000001000000002,42841140729,3180,1306
1760025243,0000000800000002,42848821213,3180,1307
1760025243,0000002000000008,42854555350,3180,1308
1760025244,0000004000000080,42856513459,3180,1309
1760025244,0000000200000008,42863985342,3180,1310
1760025245,0000004000000004,42874023041,3180,1311
1760025246,0000000200000004,42876367086,3180,1312
1760025246,0000000400000020,42884562700,3181,1313
1760025247,0000000800000080,42885203766,3181,1314
1760025249,0000000800000010,42908147168,3180,1315
1760025249,0000000800000001,42909154284,3181,1316
1760025251,0000004000000008,42928692767,3180,1317
1760025252,0000000200000008,42939664949,3181,1318
1760025253,0000000800000002,42949023087,3180,1319
1760025253,0000002000000004,42953583033,3180,1320
1760025254,0000004000000008,42963317291,3180,1321
1760025255,0000000800000010,42967625126,3180,1322
1760025256,0000002000000004,42977722926,3180,1323
1760025256,0000008000000020,42979124326,3180,1324
1760025256,0000001000000010,42980808180,3181,1325
1760025259,0000000100000002,43005721115,3180,1326
1760025261,0000008000000040,43030462620,3180,1327
1760025262,0000000800000002,43035383385,3180,1328
1760025263,0000000400000010,43047072638,3180,1329
1760025263,0000000200000020,43049833147,3180,1330
1760025264,0000004000000008,43056042700,3180,1331
1760025264,0000004000000008,43064651011,3181,1332
1760025265,0000000400000040,43068512739,3180,1333
1760025268,0000001000000020,43096969743,3180,1334
1760025269,0000000800000001,43108795904,3181,1335
1760025269,0000000800000020,43109722441,3180,1336
1760025269,0000000800000080,43112195914,3181,1337
1760025270,0000000100000080,43116322357,3181,1338
1760025270,0000002000000008,43123391614,3180,1339
1760025271,0000000400000004,43126388782,3180,1340
1760025280,0000001000000002,43223006624,3180,1341
1760025284,0000004000000080,43255802596,3181,1342
1760025285,0000000800000008,43271550752,3180,1343
1760025286,0000004000000040,43280177710,3180,1344
1760025287,0000000200000008,43290868810,3180,1345
1760025288,0000000800000008,43299465722,3180,1346
1760025288,0000004000000080,43302416974,3180,1347
1760025290,0000004000000001,43316802347,3180,1348
1760025290,0000000800000002,43318419415,3181,1349
1760025290,0000000200000008,43323022732,3181,1350
1760025291,0000000800000002,43330556463,3181,1351
1760025292,0000000100000001,43337237436,3180,1352
1760025293,0000000800000008,43354598624,3180,1353
1760025294,0000000800000020,43355559900,3181,1354
1760025294,0000004000000008,43360523727,3180,1355
1760025296,0000000800000020,43378611279,3180,1356
1760025296,0000008000000010,43380357355,3180,1357
1760025296,0000000800000020,43384144130,3181,1358
1760025297,0000000200000020,43385399157,3180,1359
1760025298,0000000800000080,43402648142,3180,1360
1760025298,0000008000000040,43404743576,3181,1361
1760025299,0000002000000080,43409414911,3181,1362
1760025300,0000000200000080,43416599134,3180,1363
1760025303,0000000400000001,43446253943,3180,1364
1760025303,0000000200000002,43454005547,3180,1365
1760025304,0000002000000080,43457164008,3180,1366
1760025304,0000002000000004,43463866013,3180,1367
1760025305,0000002000000080,43466130435,3180,1368
1760025306,0000000100000010,43475024054,3180,1369
1760025308,0000004000000001,43497302202,3180,1370
1760025308,0000004000000040,43504380362,3180,1371
1760025311,0000001000000010,43528933660,3180,1372
1760025312,0000004000000001,43535927352,3180,1373
1760025313,0000000800000001,43546880957,3180,1374
1760025313,0000000800000020,43549237861,3180,1375
1760025314,0000000800000010,43556454407,3180,1376
1760025315,0000000100000001,43564863695,3180,1377
1760025315,0000000100000020,43566925660,3180,1378
1760025315,0000000400000008,43569342480,3180,1379
1760025317,0000000800000008,43586701624,3180,1380
1760025318,0000000800000008,43595094831,3180,1381
1760025318,0000001000000002,43600553697,3180,1382
1760025319,0000001000000002,43610574519,3181,1383
1760025319,0000000200000004,43613005529,3181,1384
1760025320,0000000800000080,43617296507,3181,1385
1760025320,0000000400000002,43624211021,3180,1386
1760025322,0000000100000040,43640510177,3180,1387
1760025324,0000004000000008,43658670231,3181,1388
1760025324,0000004000000080,43661087869,3181,1389
1760025324,0000004000000001,43664552807,3181,1390
1760025325,0000000100000001,43670411043,3181,1391
1760025325,0000000800000001,43674417533,3180,1392
1760025327,0000000800000010,43692692864,3180,1393
1760025329,0000000200000040,43712588364,3180,1394
1760025330,0000000200000002,43723005509,3180,1395
1760025331,0000000400000080,43732271854,3180,1396
1760025332,0000004000000020,43737247326,3180,1397
1760025332,0000002000000004,43740033302,3180,1398
1760025333,0000002000000004,43746742571,3180,1399
1760025334,0000000100000008,43763731206,3180,1400
1760025335,0000004000000002,43765928472,3180,1401
1760025335,0000000800000008,43766234496,3180,1402
1760025336,0000002000000004,43776503217,3180,1403
1760025337,0000008000000008,43785356789,3180,1404
1760025337,0000008000000010,43788994582,3180,1405
1760025337,0000000100000008,43793337150,3180,1406
1760025339,0000000100000040,43812492440,3180,1407
1760025340,0000000400000010,43818323499,3180,1408
1760025341,0000000100000008,43829558025,3180,1409
1760025342,0000002000000002,43838082052,3180,1410
1760025342,0000000100000080,43838586715,3180,1411
1760025343,0000001000000008,43847976039,3180,1412
1760025343,0000000200000008,43852039752,3180,1413
1760025344,0000000800000002,43856377051,3180,1414
1760025344,0000000200000008,43858294173,3180,1415
1760025345,0000000100000080,43864794937,3180,1416
1760025345,0000000200000001,43866380931,3180,1417
1760025345,0000008000000080,43873904340,3180,1418
1760025346,0000000400000040,43875370713,3180,1419
1760025346,0000000200000002,43875441699,3180,1420
1760025346,0000001000000002,43883254970,3180,1421
1760025347,0000000400000001,43884881235,3180,1422
1760025347,0000004000000004,43887816856,3180,1423
1760025348,0000000800000008,43896424377,3180,1424
1760025348,0000004000000001,43901190683,3180,1425
1760025351,0000000200000001,43933503643,3180,1426
1760025351,0000000400000008,43934524658,3180,1427
1760025352,0000002000000008,43935522159,3180,1428
1760025352,0000004000000008,43937626345,3180,1429
1760025353,0000000400000008,43948597873,3180,1430
1760025353,0000004000000080,43951741760,3181,1431
1760025357,0000000800000004,43985010579,3180,1432
1760025357,0000000200000020,43985015335,3180,1433
1760025357,0000000800000004,43991535962,3180,1434
1760025358,0000004000000002,43999261857,3181,1435
1760025359,0000000800000080,44009596365,3180,1436
1760025359,0000000800000010,44013928783,3180,1437
1760025360,0000004000000004,44021016854,3180,1438
1760025360,0000001000000010,44024584671,3180,1439
1760025361,0000008000000001,44027779078,3180,1440
1760025362,0000001000000080,44040360596,3180,1441
1760025363,0000000800000020,44050442787,3180,1442
1760025367,0000000400000010,44090597685,3180,1443
1760025368,0000000200000020,44098864075,3181,1444
1760025368,0000000100000008,44104298449,3181,1445
1760025369,0000002000000002,44106222265,3181,1446
1760025369,0000008000000004,44111312871,3180,1447
1760025370,0000004000000001,44117767709,3181,1448
1760025370,0000001000000001,44117819065,3181,1449
1760025371,0000000800000001,44126643312,3180,1450
1760025376,0000004000000080,44180779775,3180,1451
1760025380,0000000800000004,44219902648,3181,1452
1760025380,0000004000000080,44224055032,3181,1453
1760025383,0000000100000002,44246433786,3180,1454
1760025383,0000002000000010,44246649785,3181,1455
1760025383,0000000100000002,44248141337,3181,1456
1760025383,0000001000000008,44251571906,3181,1457
1760025383,0000000800000008,44254114060,3181,1458
1760025386,0000004000000040,44275273276,3180,1459
1760025386,0000001000000080,44276200916,3180,1460
1760025387,0000000800000008,44287407791,3181,1461
1760025389,0000000400000008,44305039035,3180,1462
1760025390,0000002000000020,44320154367,3180,1463
1760025393,0000000800000010,44349967073,3181,1464
1760025394,0000000100000040,44361407301,3181,1465
1760025394,0000000800000008,44362963065,3180,1466
1760025395,0000000100000001,44364809593,3181,1467
1760025395,0000004000000020,44367610772,3180,1468
1760025395,0000004000000004,44371645124,3180,1469
1760025398,0000000800000008,44399286132,3180,1470
1760025398,0000000800000002,44400659856,3180,1471
1760025398,0000004000000080,44403870206,3180,1472
1760025400,0000001000000002,44417227286,3181,1473
1760025401,0000000800000002,44426694855,3180,1474
1760025401,0000000800000008,44428424831,3181,1475
1760025404,0000004000000008,44464458287,3180,1476
1760025405,0000000800000040,44466819864,3181,1477
1760025406,0000000100000010,44475709625,3180,1478
1760025406,0000000200000001,44476434224,3181,1479
1760025407,0000000200000080,44491469455,3180,1480
1760025411,0000002000000010,44526885580,3180,1481
1760025411,0000000100000080,44527938786,3181,1482
1760025412,0000000400000004,44537992871,3181,1483
1760025412,0000008000000020,44539393803,3181,1484
1760025413,0000000800000080,44547684935,3180,1485
1760025414,0000008000000001,44556669363,3180,1486
1760025416,0000008000000002,44579759202,3180,1487
1760025419,0000000400000010,44611620980,3180,1488
1760025420,0000004000000010,44623151711,3181,1489
1760025421,0000000200000001,44629931906,3181,1490
1760025421,0000000800000001,44631971306,3181,1491
1760025422,0000000400000020,44642227520,3180,1492
1760025424,0000000800000008,44654834847,3180,1493
1760025424,0000000400000001,44659778305,3180,1494
1760025425,0000000800000080,44668958672,3180,1495
1760025426,0000002000000020,44676117386,3180,1496
1760025427,0000002000000040,44689995349,3180,1497
1760025428,0000008000000010,44696545370,3180,1498
1760025428,0000000100000020,44702390801,3181,1499
1760025429,0000000800000002,44712277549,3180,1500
1760025431,0000000200000004,44730671470,3180,1501
1760025431,0000001000000010,44730852527,3180,1502
1760025432,0000000200000008,44738389168,3181,1503
1760025433,0000002000000020,44745250885,3180,1504
1760025436,0000004000000002,44783919169,3180,1505
1760025437,0000001000000080,44788141105,3180,1506
1760025437,0000004000000008,44792542957,3180,1507
1760025440,0000000800000020,44822014531,3180,1508
1760025440,0000000100000001,44824135224,3180,1509
1760025442,0000000200000008,44837331659,3180,1510
1760025442,0000000800000002,44839034662,3180,1511
1760025442,0000000100000010,44839666763,3180,1512
1760025443,0000002000000008,44850087410,3180,1513
1760025444,0000000800000080,44858053903,3180,1514
1760025448,0000000100000080,44896052904,3180,1515
1760025448,0000004000000008,44902099794,3180,1516
1760025449,0000000200000008,44910682605,3181,1517
1760025451,0000000100000020,44924863400,3180,1518
1760025451,0000000200000010,44925964794,3180,1519
1760025451,0000000100000008,44927771362,3180,1520
1760025451,0000002000000001,44931804620,3180,1521
1760025452,0000004000000001,44941326833,3180,1522
1760025454,0000008000000002,44961556710,3180,1523
1760025455,0000004000000008,44970063582,3180,1524
1760025455,0000000400000080,44971723036,3180,1525
1760025455,0000000100000001,44972686477,3181,1526
1760025459,0000001000000080,45013216167,3181,1527
1760025460,0000000100000010,45015449326,3181,1528
1760025460,0000000100000004,45018608078,3180,1529
1760025461,0000000400000002,45024924979,3180,1530
1760025461,0000008000000001,45033466555,3180,1531
1760025462,0000000200000040,45039824387,3180,1532
1760025463,0000002000000008,45049171336,3180,1533
1760025463,0000000800000002,45053263056,3180,1534
1760025464,0000000100000080,45058743650,3180,1535
1760025466,0000000200000080,45078838351,3180,1536
1760025467,0000008000000001,45086145528,3180,1537
1760025468,0000002000000080,45102732943,3181,1538
1760025469,0000002000000010,45111510902,3180,1539
1760025473,0000000800000004,45150573294,3180,1540
1760025474,0000000400000002,45155396147,3180,1541
1760025474,0000000100000008,45157911507,3181,1542
1760025479,0000001000000080,45212353919,3181,1543
1760025480,0000000200000080,45217044306,3180,1544
1760025481,0000000100000020,45227224835,3180,1545
1760025481,0000000800000080,45227305464,3181,1546
1760025481,0000000800000001,45227346847,3181,1547
1760025482,0000001000000002,45240143244,3179,1548
1760025483,0000000200000001,45248736424,3179,1549
1760025483,0000000800000080,45252680692,3179,1550
1760025485,0000000800000080,45273276435,3179,1551
1760025488,0000000100000040,45295635667,3179,1552
1760025490,0000000400000008,45318900812,3179,1553
1760025491,0000000200000008,45333268704,3180,1554
1760025492,0000004000000001,45336971050,3180,1555
1760025493,0000000800000004,45354265984,3179,1556
1760025494,0000002000000080,45356485486,3180,1557
1760025494,0000000100000001,45358168918,3179,1558
1760025494,0000000800000008,45358702603,3180,1559
1760025494,0000000100000080,45359250884,3179,1560
1760025494,0000001000000002,45362383063,3180,1561
1760025497,0000001000000080,45389314702,3179,1562
1760025499,0000000100000080,45405966658,3180,1563
1760025503,0000002000000001,45450942562,3180,1564
1760025506,0000000800000080,45475942219,3179,1565
1760025506,0000000800000080,45482954413,3179,1566
1760025507,0000000800000002,45489353662,3179,1567
1760025508,0000000200000080,45501043405,3179,1568
1760025510,0000000800000008,45515190155,3179,1569
1760025511,0000000100000002,45533966279,3179,1570
1760025512,0000004000000020,45537052475,3179,1571
1760025512,0000000100000004,45539102205,3180,1572
1760025512,0000002000000010,45544628025,3179,1573
1760025513,0000001000000001,45546736379,3180,1574
1760025514,0000002000000010,45564502937,3179,1575
1760025515,0000004000000020,45572822925,3179,1576
1760025516,0000001000000080,45582443141,3179,1577
1760025518,0000004000000004,45598014075,3179,1578
1760025518,0000000400000001,45603824311,3179,1579
1760025522,0000000800000010,45635646566,3179,1580
1760025522,0000008000000002,45636833951,3180,1581
1760025523,0000000200000080,45646858149,3180,1582
1760025524,0000004000000002,45656408971,3179,1583
1760025524,0000000200000001,45658686077,3179,1584
1760025524,0000000200000001,45660866060,3180,1585
1760025524,0000004000000004,45663040417,3180,1586
1760025525,0000004000000020,45664786306,3179,1587
1760025526,0000000200000002,45683042108,3179,1588
1760025526,0000000800000001,45684293204,3180,1589
1760025528,0000000400000040,45698620718,3179,1590
1760025529,0000000800000004,45705358709,3179,1591
1760025531,0000000800000080,45731272663,3179,1592
1760025531,0000000400000040,45734024225,3179,1593
1760025538,0000000400000008,45798212351,3179,1594
1760025538,0000001000000001,45800400776,3179,1595
1760025539,0000001000000008,45808510265,3180,1596
1760025540,0000000200000008,45821405628,3179,1597
1760025543,0000001000000020,45854385975,3179,1598
1760025545,0000002000000080,45873276783,3179,1599
1760025548,0000000200000002,45895549651,3179,1600
1760025548,0000004000000002,45898571129,3179,1601
1760025551,0000000100000002,45924964767,3179,1602
1760025551,0000000800000010,45933937480,3179,1603
1760025552,0000008000000004,45940886518,3179,1604
1760025553,0000000200000002,45953182723,3179,1605
1760025555,0000008000000010,45964815669,3179,1606
1760025556,0000004000000008,45975414246,3179,1607
1760025557,0000000800000008,45986704488,3179,1608
1760025557,0000000400000008,45989923703,3179,1609
1760025559,0000002000000008,46008285834,3179,1610
1760025559,0000004000000010,46009741982,3179,1611
1760025563,0000000400000008,46046946459,3180,1612
1760025563,0000000800000008,46051638830,3179,1613
1760025563,0000000800000020,46052382068,3179,1614
1760025564,0000000800000002,46055945268,3179,1615
1760025564,0000004000000008,46058900649,3179,1616
1760025565,0000001000000004,46068991524,3179,1617
1760025566,0000000800000002,46079459477,3179,1618
1760025567,0000002000000010,46092314296,3179,1619
1760025568,0000000800000008,46099251635,3179,1620
1760025575,0000000200000020,46171120321,3179,1621
1760025576,0000001000000002,46178687679,3179,1622
1760025576,0000000200000001,46183510227,3179,1623
1760025579,0000000100000004,46210079939,3179,1624
1760025580,0000000100000080,46220644301,3179,1625
1760025580,0000000200000020,46221210145,3179,1626
1760025584,0000001000000008,46257676890,3179,1627
1760025584,0000000800000080,46264623394,3178,1628
1760025585,0000000400000001,46272782998,3179,1629
1760025586,0000004000000080,46280375630,3179,1630
1760025587,0000002000000040,46285868519,3179,1631
1760025587,0000008000000020,46286054043,3179,1632
1760025587,0000000200000080,46289653172,3179,1633
1760025588,0000000100000004,46298421143,3179,1634
1760025588,0000000200000020,46301902268,3179,1635
1760025590,0000000800000008,46315316670,3179,1636
1760025592,0000000800000010,46336627220,3179,1637
1760025594,0000002000000002,46357346323,3179,1638
1760025595,0000000200000080,46374585410,3179,1639
1760025596,0000000800000001,46376644153,3179,1640
1760025597,0000000100000001,46386923077,3179,1641
1760025597,0000008000000001,46386997472,3179,1642
1760025599,0000008000000020,46409348189,3179,1643
1760025601,0000000800000020,46424870770,3179,1644
1760025605,0000004000000004,46469310102,3179,1645
1760025606,0000000800000080,46478485729,3179,1646
1760025608,0000000800000080,46495114413,3179,1647
1760025608,0000000200000001,46501146361,3179,1648
1760025608,0000008000000080,46502349026,3180,1649
1760025609,0000004000000008,46508780885,3179,1650
1760025611,0000000800000004,46525841261,3179,1651
1760025612,0000004000000080,46536781877,3181,1652
1760025613,0000002000000008,46547676556,3179,1653
1760025613,0000008000000004,46554049936,3179,1654
1760025615,0000000100000010,46571736909,3179,1655
1760025616,0000004000000004,46578222437,3179,1656
1760025618,0000004000000002,46595868168,3179,1657
1760025618,0000008000000080,46602272628,3179,1658
1760025619,0000002000000008,46611284215,3179,1659
1760025619,0000000800000004,46612796822,3179,1660
1760025619,0000004000000010,46614429058,3180,1661
1760025623,0000000200000001,46645755536,3179,1662
1760025623,0000001000000004,46648400674,3180,1663
1760025623,0000002000000002,46652924787,3179,1664
1760025624,0000000400000008,46658865997,3179,1665
1760025625,0000002000000001,46667609036,3180,1666
1760025625,0000001000000010,46669674229,3180,1667
1760025625,0000000100000001,46673461192,3180,1668
1760025626,0000000800000001,46683243699,3179,1669
1760025627,0000000800000080,46688563433,3179,1670
1760025629,0000000100000080,46711121944,3179,1671
1760025630,0000000200000080,46715797327,3179,1672
1760025630,0000000800000002,46719147248,3179,1673
1760025630,0000000200000080,46724339746,3179,1674
1760025631,0000002000000001,46730611147,3179,1675
1760025631,0000008000000020,46734636213,3180,1676
1760025633,0000008000000002,46751983991,3179,1677
1760025634,0000000200000040,46758925089,3179,1678
1760025634,0000000800000080,46763951521,3180,1679
1760025636,0000001000000020,46776403619,3181,1680
1760025637,0000000400000004,46786863981,3180,1681
1760025637,0000004000000040,46789615005,3181,1682
1760025638,0000008000000001,46799589279,3181,1683
1760025638,0000000400000020,46801749182,3181,1684
1760025638,0000000800000010,46802215549,3181,1685
1760025642,0000004000000001,46836622046,3181,1686
1760025643,0000000200000001,46847796845,3181,1687
1760025643,0000004000000002,46852362943,3180,1688
1760025643,0000004000000040,46854671262,3180,1689
1760025645,0000004000000080,46870496132,3181,1690
1760025646,0000004000000080,46882593658,3181,1691
1760025649,0000000800000080,46906071987,3181,1692
1760025650,0000000800000008,46920752405,3180,1693
1760025654,0000004000000040,46961143907,3181,1694
1760025656,0000004000000008,46976942961,3181,1695
1760025657,0000000800000008,46986909538,3180,1696
1760025657,0000004000000040,46988278845,3181,1697
1760025657,0000000200000040,46990542073,3181,1698
1760025657,0000000400000040,46991048182,3181,1699
1760025658,0000000400000010,46996500611,3180,1700
1760025658,0000001000000001,47002008435,3181,1701
1760025659,0000000800000010,47004858137,3181,1702
1760025660,0000001000000040,47014900167,3180,1703
1760025663,0000001000000020,47046617663,3181,1704
1760025667,0000004000000080,47094251788,3181,1705
1760025668,0000000800000008,47097866394,3181,1706
1760025668,0000000800000002,47100305830,3181,1707
1760025672,0000000200000002,47143449899,3181,1708
1760025673,0000004000000080,47150114742,3181,1709
1760025674,0000004000000020,47163031950,3180,1710
1760025674,0000004000000010,47164188778,3181,1711
1760025677,0000000100000010,47193032457,3181,1712
1760025681,0000000400000002,47232089064,3180,1713
1760025681,0000008000000040,47233365666,3181,1714
1760025682,0000004000000080,47243195910,3181,1715
1760025684,0000000100000040,47262743432,3181,1716
1760025685,0000000800000080,47267938789,3181,1717
1760025685,0000004000000002,47271417806,3181,1718
1760025686,0000000800000080,47276269951,3181,1719
1760025686,0000000800000020,47281169591,3181,1720
1760025687,0000000200000008,47292146696,3180,1721
1760025688,0000001000000004,47301635857,3181,1722
1760025688,0000000100000008,47301701974,3181,1723
1760025692,0000000200000010,47343416863,3180,1724
1760025693,0000000200000040,47347190778,3181,1725
1760025694,0000000200000002,47360232663,3181,1726
1760025696,0000000400000020,47380303814,3180,1727
1760025696,0000000800000080,47381980347,3180,1728
1760025696,0000001000000008,47382022327,3180,1729
1760025697,0000004000000010,47386306482,3181,1730
1760025698,0000001000000001,47404174305,3180,1731
1760025700,0000001000000010,47416152090,3181,1732
1760025700,0000000800000001,47422784721,3180,1733
1760025701,0000000100000001,47434447388,3181,1734
1760025703,0000004000000040,47446017431,3180,1735
1760025703,0000000800000008,47447010329,3181,1736
1760025704,0000004000000010,47457410460,3180,1737
1760025704,0000008000000008,47464513219,3181,1738
1760025706,0000000800000040,47484436565,3180,1739
1760025707,0000004000000080,47489119814,3180,1740
1760025708,0000000200000010,47496395689,3180,1741
1760025708,0000000200000010,47496939859,3181,1742
1760025709,0000000200000010,47505196048,3180,1743
1760025709,0000000400000008,47514102111,3180,1744
1760025710,0000004000000080,47518305408,3180,1745
1760025712,0000000800000004,47540243956,3180,1746
1760025712,0000001000000080,47542555362,3180,1747
1760025712,0000008000000008,47544272163,3180,1748
1760025714,0000004000000008,47555053279,3180,1749
1760025714,0000000800000080,47562083739,3181,1750
1760025714,0000004000000008,47562142447,3180,1751
1760025716,0000000800000008,47581336172,3181,1752
1760025717,0000000200000001,47594367357,3181,1753
1760025719,0000000100000002,47610524926,3180,1754
1760025720,0000000800000010,47622769996,3180,1755
1760025722,0000000100000001,47644257541,3181,1756
1760025723,0000000200000001,47649827831,3180,1757
1760025723,0000000400000010,47651518548,3181,1758
1760025723,0000001000000002,47652877036,3181,1759
1760025725,0000000800000080,47669191877,3181,1760
1760025725,0000000400000001,47672039997,3180,1761
1760025725,0000008000000020,47673253371,3181,1762
1760025728,0000004000000080,47702001073,3180,1763
1760025728,0000000400000080,47703351787,3180,1764
1760025729,0000000200000001,47707458102,3180,1765
1760025729,0000002000000020,47711886137,3180,1766
1760025730,0000002000000008,47716571409,3180,1767
1760025731,0000002000000080,47728210215,3180,1768
1760025731,0000001000000002,47732169465,3181,1769
1760025732,0000000800000080,47741474317,3180,1770
1760025732,0000000100000040,47743784152,3180,1771
1760025733,0000002000000010,47752495615,3180,1772
1760025734,0000008000000010,47756434301,3181,1773
1760025734,0000002000000008,47758504603,3180,1774
1760025735,0000002000000004,47771749316,3180,1775
1760025737,0000000400000040,47786111907,3180,1776
1760025739,0000000400000010,47807710428,3181,1777
1760025740,0000000400000040,47816532920,3181,1778
1760025740,0000000800000002,47816874528,3181,1779
1760025740,0000000800000002,47819544483,3181,1780
1760025744,0000000400000008,47857270029,3181,1781
1760025744,0000000800000001,47857600024,3180,1782
1760025744,0000000100000004,47859508910,3180,1783
1760025744,0000008000000001,47861084605,3180,1784
1760025745,0000004000000001,47872411039,3180,1785
1760025746,0000000200000010,47876254769,3181,1786
1760025749,0000000200000020,47908210629,3180,1787
1760025751,0000008000000080,47927158900,3181,1788
1760025751,0000004000000020,47930988804,3181,1789
1760025753,0000000100000008,47945515536,3181,1790
1760025753,0000000400000008,47950875166,3180,1791
1760025754,0000002000000080,47954953086,3180,1792
1760025754,0000004000000080,47956035237,3181,1793
1760025755,0000001000000004,47967722220,3181,1794
1760025755,0000000800000004,47970716210,3180,1795
1760025756,0000004000000001,47975182265,3181,1796
1760025758,0000000100000040,47995610501,3180,1797
1760025761,0000000800000080,48030330696,3181,1798
1760025761,0000001000000008,48033085367,3180,1799
1760025764,0000000100000008,48060217802,3180,1800
1760025764,0000000400000080,48060758423,3181,1801
1760025765,0000000200000001,48067866932,3181,1802
1760025767,0000004000000080,48086256866,3181,1803
1760025767,0000004000000020,48091509564,3181,1804
1760025770,0000000200000080,48117799787,3180,1805
1760025770,0000000200000080,48121370418,3181,1806
1760025771,0000000800000040,48126168275,3181,1807
1760025772,0000000100000080,48142895342,3181,1808
1760025775,0000002000000004,48165525378,3181,1809
1760025778,0000000100000008,48195000530,3181,1810
1760025778,0000000800000001,48195128772,3180,1811
1760025779,0000008000000001,48209398036,3181,1812
1760025781,0000000800000020,48232297049,3181,1813
1760025781,0000000100000080,48233010647,3181,1814
1760025781,0000004000000002,48233154386,3181,1815
1760025784,0000000800000040,48259244160,3181,1816
1760025787,0000002000000080,48290695039,3181,1817
1760025788,0000002000000040,48296122744,3180,1818
1760025789,0000000100000020,48313814439,3180,1819
1760025790,0000001000000080,48319032627,3181,1820
1760025790,0000000800000010,48321351925,3181,1821
1760025790,0000000800000040,48323355628,3180,1822
1760025790,0000000800000002,48323963612,3181,1823
1760025792,0000004000000010,48338433787,3181,1824
1760025795,0000000800000008,48372842671,3181,1825
1760025796,0000004000000080,48376221298,3181,1826
1760025798,0000008000000002,48397152609,3181,1827
1760025798,0000000100000004,48402562464,3180,1828
1760025800,0000000400000080,48421284577,3180,1829
1760025800,0000004000000020,48424050406,3181,1830
1760025801,0000000800000004,48426598063,3180,1831
1760025801,0000004000000020,48428379481,3180,1832
1760025801,0000000200000010,48432272910,3181,1833
1760025801,0000000400000040,48433391121,3181,1834
1760025802,0000000200000020,48435169535,3181,1835
1760025802,0000004000000080,48435382516,3180,1836
1760025803,0000008000000008,48453159334,3181,1837
1760025805,0000001000000080,48474476619,3180,1838
1760025806,0000001000000080,48483813574,3180,1839
1760025807,0000000200000008,48489155892,3180,1840
1760025811,0000004000000080,48525151641,3181,1841
1760025811,0000004000000001,48531874075,3181,1842
1760025811,0000000800000010,48532134508,3181,1843
1760025814,0000001000000080,48558148256,3180,1844
1760025815,0000000200000080,48570809642,3180,1845
1760025815,0000004000000004,48572516531,3180,1846
1760025816,0000008000000040,48579326809,3180,1847
1760025816,0000008000000010,48580471267,3181,1848
1760025818,0000000200000010,48601288985,3181,1849
1760025823,0000004000000080,48649096474,3181,1850
1760025826,0000000800000080,48682755094,3181,1851
1760025827,0000004000000002,48688981200,3181,1852
1760025827,0000000400000008,48689812963,3180,1853
1760025828,0000000100000080,48699987753,3180,1854
1760025831,0000000100000080,48729357668,3180,1855
1760025832,0000004000000002,48740922479,3180,1856
1760025833,0000000200000008,48752657968,3181,1857
1760025834,0000000200000008,48757459597,3181,1858
1760025834,0000000800000080,48758912752,3181,1859
1760025836,0000000200000004,48775014568,3181,1860
1760025836,0000001000000001,48778560189,3181,1861
1760025836,0000008000000080,48781555452,3180,1862
1760025837,0000000800000040,48794609559,3181,1863
1760025838,0000000200000008,48795379597,3181,1864
1760025839,0000000200000001,48807333514,3181,1865
1760025839,0000000800000080,48814018335,3181,1866
1760025841,0000000200000080,48827462490,3181,1867
1760025841,0000000800000080,48828240070,3181,1868
1760025841,0000001000000001,48832703619,3181,1869
1760025842,0000008000000001,48840152519,3181,1870
1760025842,0000000800000001,48842593874,3181,1871
1760025844,0000004000000080,48862712670,3181,1872
1760025847,0000000100000004,48889158736,3180,1873
1760025847,0000008000000010,48890326189,3181,1874
1760025847,0000000100000080,48891068692,3180,1875
1760025847,0000000800000008,48892631437,3180,1876
1760025848,0000000800000080,48902267130,3180,1877
1760025850,0000000200000040,48920713972,3181,1878
1760025850,0000000200000020,48923345881,3181,1879
1760025851,0000001000000004,48926884780,3181,1880
1760025852,0000008000000001,48941700930,3181,1881
1760025852,0000008000000080,48942352135,3181,1882
1760025859,0000004000000010,49006849247,3180,1883
1760025860,0000000800000020,49016808285,3181,1884
1760025864,0000000800000001,49064046485,3181,1885
1760025869,0000004000000040,49108279789,3180,1886
1760025870,0000000800000080,49116089129,3181,1887
1760025870,0000000800000001,49117478738,3180,1888
1760025870,0000002000000020,49120256742,3181,1889
1760025870,0000008000000040,49120352580,3180,1890
1760025872,0000004000000001,49140751334,3181,1891
1760025875,0000000100000008,49169137223,3181,1892
1760025875,0000000200000001,49171537930,3181,1893
1760025876,0000004000000080,49175146806,3180,1894
1760025876,0000000100000080,49178037099,3181,1895
1760025876,0000001000000040,49181683420,3181,1896
1760025878,0000000200000001,49200001234,3181,1897
1760025878,0000000400000010,49204372074,3181,1898
1760025883,0000004000000002,49246069459,3181,1899
1760025886,0000000800000010,49278027097,3181,1900
1760025887,0000000800000002,49288312870,3181,1901
1760025887,0000008000000008,49288564975,3180,1902
1760025888,0000000800000002,49299467698,3181,1903
1760025888,0000008000000001,49299629387,3181,1904
1760025890,0000000200000080,49319886932,3181,1905
1760025892,0000004000000008,49339062688,3181,1906
1760025896,0000008000000080,49377351610,3181,1907
1760025896,0000008000000008,49379501784,3181,1908
1760025898,0000000800000080,49397455846,3181,1909
1760025900,0000002000000008,49420511761,3180,1910
1760025905,0000000200000001,49467127027,3181,1911
1760025906,0000004000000008,49482731981,3180,1912
1760025907,0000001000000002,49491114673,3181,1913
1760025907,0000000800000080,49493751358,3181,1914
1760025908,0000004000000080,49494284600,3181,1915
1760025908,0000004000000008,49497587090,3181,1916
1760025910,0000002000000004,49524207175,3180,1917
1760025911,0000004000000010,49533099304,3180,1918
1760025915,0000000800000080,49568240307,3180,1919
1760025916,0000008000000002,49577666586,3180,1920
1760025916,0000000100000080,49578124197,3181,1921
1760025916,0000004000000080,49583657664,3180,1922
1760025917,0000000800000004,49590503982,3180,1923
1760025919,0000002000000020,49610615518,3181,1924
1760025920,0000000400000004,49618159565,3181,1925
1760025920,0000000200000008,49618429190,3181,1926
1760025920,0000002000000010,49624445456,3181,1927
1760025922,0000008000000010,49634920513,3181,1928
1760025922,0000001000000080,49636217796,3180,1929
1760025922,0000000200000004,49637876823,3181,1930
1760025923,0000001000000010,49654421820,3181,1931
1760025924,0000008000000001,49663410783,3180,1932
1760025925,0000008000000040,49670334178,3180,1933
1760025925,0000002000000008,49673758488,3180,1934
1760025928,0000008000000010,49701994441,3180,1935
1760025929,0000008000000020,49705896591,3181,1936
1760025931,0000004000000008,49728240999,3180,1937
1760025934,0000004000000004,49758551429,3180,1938
1760025934,0000002000000020,49759927741,3180,1939
1760025935,0000000800000080,49770197518,3181,1940
1760025936,0000000200000040,49775274487,3181,1941
1760025937,0000001000000080,49786423498,3180,1942
1760025939,0000004000000002,49813291088,3180,1943
1760025940,0000000400000008,49815968458,3181,1944
1760025942,0000002000000004,49837574956,3180,1945
1760025942,0000004000000002,49840849127,3181,1946
1760025943,0000000100000002,49850425522,3180,1947
1760025944,0000000800000004,49855594730,3180,1948
1760025944,0000004000000010,49861185980,3181,1949
1760025945,0000000800000010,49865747524,3180,1950
1760025945,0000004000000040,49870415611,3181,1951
1760025946,0000002000000010,49876623664,3180,1952
1760025947,0000000800000008,49889150058,3180,1953
1760025948,0000002000000040,49895576982,3181,1954
1760025948,0000004000000080,49903042931,3180,1955
1760025950,0000000200000020,49917628876,3180,1956
1760025950,0000000800000002,49920839817,3181,1957
1760025951,0000000400000008,49927404901,3180,1958
1760025952,0000004000000080,49944450884,3181,1959
1760025954,0000000200000040,49961723301,3181,1960
1760025955,0000004000000080,49969251886,3181,1961
1760025956,0000000200000020,49982860538,3180,1962
1760025958,0000002000000004,49995845340,3180,1963
1760025958,0000004000000004,49996904319,3180,1964
1760025959,0000000200000080,50006259845,3180,1965
1760025959,0000002000000080,50009793145,3180,1966
1760025961,0000004000000001,50028754868,3181,1967
1760025962,0000002000000080,50043737055,3181,1968
1760025963,0000000100000020,50052618051,3181,1969
1760025964,0000004000000008,50061569924,3180,1970
1760025965,0000000800000008,50069843223,3180,1971
1760025965,0000008000000004,50070988897,3180,1972
1760025965,0000000100000001,50072239008,3181,1973
1760025967,0000008000000008,50089582507,3180,1974
1760025967,0000000800000080,50090132287,3180,1975
1760025967,0000000200000008,50091900775,3181,1976
1760025967,0000001000000008,50093025359,3181,1977
1760025969,0000000800000020,50105459559,3181,1978
1760025969,0000000800000008,50107177518,3181,1979
1760025970,0000000800000008,50120454961,3181,1980
1760025972,0000000400000010,50140494575,3181,1981
1760025973,0000004000000008,50146464283,3181,1982
1760025973,0000002000000008,50152112213,3181,1983
1760025974,0000000800000008,50161522390,3180,1984
1760025975,0000000800000001,50171420597,3181,1985
1760025976,0000000200000040,50177767367,3180,1986
1760025976,0000000100000080,50180637399,3180,1987
1760025976,0000008000000008,50180947738,3181,1988
1760025977,0000001000000080,50193028831,3180,1989
1760025978,0000008000000004,50196783311,3181,1990
1760025978,0000000200000008,50203690104,3180,1991
1760025979,0000008000000080,50208512031,3180,1992
1760025979,0000004000000008,50212273916,3180,1993
1760025980,0000004000000020,50222503091,3181,1994
1760025981,0000000400000004,50226280655,3180,1995
1760025981,0000002000000001,50226473539,3180,1996
1760025984,0000000200000002,50256290816,3180,1997
1760025985,0000004000000008,50267654899,3180,1998
1760025985,0000004000000080,50267694681,3180,1999
1760025988,0000000100000080,50297057099,3180,2000
1760025989,0000001000000004,50304901759,3181,2001
1760025989,0000000400000080,50305678745,3181,2002
1760025989,0000000800000001,50311562133,3180,2003
1760025990,0000000100000004,50318460263,3180,2004
1760025991,0000000800000010,50329849452,3180,2005
1760025992,0000000800000004,50336413635,3180,2006
1760025992,0000001000000002,50337513433,3181,2007
1760025993,0000000100000010,50345785188,3180,2008
1760025993,0000000800000001,50352090312,3180,2009
1760025994,0000000800000020,50357316052,3181,2010
1760025994,0000008000000080,50360090352,3181,2011
1760025994,0000000800000080,50363785791,3180,2012
1760025995,0000000400000080,50371668019,3180,2013
1760026000,0000000800000008,50414769334,3180,2014
1760026000,0000004000000010,50416089395,3180,2015
1760026000,0000002000000004,50422151429,3180,2016
1760026003,0000000800000020,50447757882,3181,2017
1760026003,0000004000000008,50449978423,3181,2018
1760026003,0000008000000008,50451152245,3180,2019
1760026007,0000002000000008,50488915498,3180,2020
1760026008,0000000800000008,50499735804,3180,2021
1760026011,0000000100000080,50528556025,3180,2022
1760026013,0000000800000020,50547242985,3181,2023
1760026015,0000000200000001,50567756603,3181,2024
1760026016,0000000400000040,50580937563,3180,2025
1760026016,0000000200000080,50581790826,3180,2026
1760026018,0000002000000008,50599184202,3180,2027
1760026019,0000000400000080,50610910007,3180,2028
1760026020,0000000200000040,50617394754,3181,2029
1760026020,0000000200000008,50619201203,3180,2030
1760026021,0000008000000080,50629777877,3181,2031
1760026021,0000002000000010,50630828799,3181,2032
1760026021,0000004000000004,50633851785,3180,2033
1760026024,0000000400000002,50659046438,3181,2034
1760026024,0000001000000040,50663167482,3181,2035
1760026025,0000000100000020,50668517173,3181,2036
1760026027,0000008000000080,50687173933,3180,2037
1760026028,0000000100000002,50703720020,3180,2038
1760026029,0000008000000008,50711390434,3180,2039
1760026029,0000001000000020,50712606771,3181,2040
1760026030,0000004000000002,50722488853,3180,2041
1760026031,0000000100000001,50727444766,3180,2042
1760026031,0000000800000001,50730172477,3180,2043
1760026031,0000000800000002,50732905993,3181,2044
1760026032,0000001000000004,50736942002,3180,2045
1760026033,0000008000000080,50745707548,3181,2046
1760026033,0000001000000008,50754579078,3180,2047
1760026034,0000008000000010,50760794228,3180,0
1760026034,0000000800000080,50761464571,3180,1
1760026035,0000008000000008,50765809708,3180,2
1760026035,0000002000000008,50769118403,3181,3
1760026037,0000000100000080,50786014249,3180,4
1760026038,0000000800000080,50799825143,3180,5
1760026040,0000000800000080,50819793742,3180,6
1760026041,0000000200000010,50824735660,3180,7
1760026042,0000000100000020,50839729732,3180,8
1760026044,0000004000000002,50861261939,3180,9
1760026044,0000000800000004,50862527103,3180,10
1760026046,0000008000000040,50875051407,3181,11
1760026046,0000004000000010,50882402961,3180,12
1760026047,0000000800000080,50887994508,3180,13
1760026047,0000008000000008,50892973320,3180,14
1760026050,0000000200000040,50918677800,3180,15
1760026051,0000000800000001,50925970213,3180,16
1760026052,0000004000000080,50938321288,3180,17
1760026052,0000004000000002,50943517587,3180,18
1760026053,0000004000000008,50949449594,3180,19
1760026054,0000000800000001,50956860888,3180,20
1760026054,0000000800000080,50962871880,3180,21
1760026055,0000000800000080,50965175732,3180,22
1760026055,0000000400000020,50968252486,3181,23
1760026055,0000000100000001,50968346761,3180,24
1760026055,0000000100000010,50970850177,3180,25
1760026059,0000004000000080,51012528900,3180,26
1760026060,0000000100000020,51018437827,3180,27
1760026060,0000008000000080,51019475357,3180,28
1760026062,0000000800000004,51039678906,3180,29
1760026062,0000002000000008,51042288163,3180,30
1760026064,0000000200000080,51064406845,3180,31
1760026065,0000001000000010,51073726974,3181,32
1760026068,0000000800000002,51098433972,3181,33
1760026073,0000000400000080,51148997612,3180,34
1760026074,0000004000000010,51160970885,3180,35
1760026076,0000000800000001,51180073277,3180,36
1760026079,0000002000000001,51212502650,3180,37
1760026080,0000004000000080,51222577585,3180,38
1760026081,0000000800000008,51231040065,3180,39
1760026082,0000008000000001,51235837345,3180,40
1760026083,0000004000000001,51248203612,3180,41
1760026084,0000000200000080,51256982433,3180,42
1760026085,0000008000000008,51271861814,3180,43
1760026085,0000000100000008,51272134241,3180,44
1760026086,0000008000000008,51275732773,3180,45
1760026086,0000002000000040,51282779965,3180,46
1760026086,0000002000000008,51284557036,3180,47
1760026089,0000004000000008,51304619026,3180,48
1760026089,0000000400000002,51314578102,3181,49
1760026091,0000000800000008,51330210240,3180,50
1760026091,0000000800000001,51332274112,3181,51
1760026091,0000002000000080,51332759600,3181,52
1760026092,0000000100000004,51341514573,3180,53
1760026093,0000000800000040,51346606051,3180,54
1760026093,0000000800000001,51351843305,3180,55
1760026094,0000004000000001,51355779477,3180,56
1760026096,0000000800000080,51375425337,3180,57
1760026097,0000008000000001,51385577239,3180,58
1760026098,0000000400000008,51401490542,3180,59
1760026099,0000000800000002,51409896469,3180,60
1760026099,0000000400000002,51410270632,3180,61
1760026103,0000004000000010,51444841182,3180,62
1760026103,0000000100000001,51448127732,3180,63
1760026104,0000004000000010,51456961617,3180,64
1760026105,0000008000000001,51471619612,3180,65
1760026105,0000002000000080,51473685325,3181,66
1760026106,0000000200000020,51476032982,3180,67
1760026106,0000000100000008,51477955437,3180,68
1760026107,0000004000000001,51485780288,3180,69
1760026108,0000002000000010,51496159999,3181,70
1760026111,0000000400000080,51528995509,3181,71
1760026111,0000000800000002,51534110334,3181,72
1760026112,0000000200000001,51534454206,3181,73
1760026114,0000000800000010,51555957942,3181,74
1760026115,0000000100000001,51569509129,3180,75
1760026116,0000001000000080,51577293513,3181,76
1760026119,0000000400000020,51609849208,3180,77
1760026119,0000001000000080,51614280929,3180,78
1760026120,0000000200000020,51615445099,3180,79
1760026124,0000000800000002,51656085388,3180,80
1760026124,0000001000000002,51657027389,3180,81
1760026124,0000000200000008,51658133455,3180,82
1760026124,0000001000000080,51659290544,3180,83
1760026124,0000004000000080,51664057167,3180,84
1760026126,0000001000000010,51683185614,3180,85
1760026128,0000004000000002,51696908972,3180,86
1760026129,0000000800000001,51707455012,3180,87
1760026129,0000008000000001,51710580947,3180,88
1760026129,0000000100000008,51711896706,3180,89
1760026131,0000000800000010,51726704942,3181,90
1760026135,0000000100000080,51766593665,3180,91
1760026135,0000000800000001,51769680208,3180,92
1760026136,0000000800000004,51784275221,3180,93
1760026137,0000001000000080,51785281932,3180,94
1760026137,0000002000000008,51786108390,3180,95
1760026137,0000000200000002,51791638271,3180,96
1760026137,0000004000000008,51794290816,3180,97
1760026139,0000004000000008,51813160128,3180,98
1760026144,0000004000000020,51863968540,3181,99
1760026145,0000000200000001,51871360395,3180,100
1760026146,0000004000000010,51881326832,3180,101
1760026147,0000004000000080,51890271136,3180,102
1760026149,0000000800000001,51907608404,3181,103
1760026149,0000008000000004,51909324999,3181,104
1760026149,0000001000000080,51913722686,3180,105
1760026150,0000002000000002,51916676279,3180,106
1760026150,0000000400000020,51917230885,3181,107
1760026150,0000000400000020,51917959278,3181,108
1760026153,0000000200000008,51948182986,3180,109
1760026153,0000002000000004,51951373960,3181,110
1760026154,0000004000000020,51962058279,3180,111
1760026156,0000000200000001,51980045690,3181,112
1760026157,0000000800000002,51992388392,3180,113
1760026158,0000008000000002,52003894791,3180,114
1760026159,0000000200000002,52010760694,3180,115
1760026160,0000000800000008,52015595237,3181,116
1760026160,0000004000000080,52018248342,3181,117
1760026160,0000004000000040,52018930830,3181,118
1760026160,0000001000000008,52020458140,3181,119
1760026160,0000000400000080,52023684080,3181,120
1760026161,0000000800000080,52024711000,3181,121
1760026162,0000008000000010,52036952347,3181,122
1760026163,0000000100000040,52049254988,3181,123
1760026163,0000000100000080,52052098695,3180,124
1760026167,0000000100000010,52090025241,3180,125
1760026167,0000000400000008,52094487580,3181,126
1760026169,0000000800000004,52105125460,3181,127
1760026169,0000000400000004,52107734761,3180,128
1760026170,0000000200000001,52116756854,3181,129
1760026170,0000000100000080,52119016593,3180,130
1760026172,0000004000000008,52139475080,3180,131
1760026172,0000000100000020,52141658668,3181,132
1760026174,0000000200000008,52154913764,3181,133
1760026174,0000004000000002,52157427897,3181,134
1760026175,0000002000000008,52167733537,3180,135
1760026175,0000000800000001,52170656037,3180,136
1760026175,0000004000000008,52173467706,3180,137
1760026176,0000000800000080,52182557568,3180,138
1760026178,0000008000000001,52196514431,3180,139
1760026178,0000008000000008,52204061963,3180,140
1760026182,0000000400000001,52238149557,3180,141
1760026183,0000002000000040,52246183541,3180,142
1760026186,0000000100000008,52281822450,3180,143
1760026188,0000001000000080,52298754371,3180,144
1760026189,0000000800000080,52312922749,3180,145
1760026189,0000000800000020,52314058693,3180,146
1760026192,0000000400000080,52335912444,3180,147
1760026193,0000000100000080,52345870996,3180,148
1760026196,0000000800000004,52375414941,3180,149
1760026196,0000008000000020,52376746775,3181,150
1760026197,0000000800000002,52391719989,3180,151
1760026200,0000004000000008,52417731632,3181,152
1760026200,0000000400000008,52421844472,3180,153
1760026202,0000000400000080,52438739935,3180,154
1760026202,0000002000000080,52441508736,3180,155
1760026202,0000000100000001,52443126288,3180,156
1760026203,0000004000000080,52449467530,3180,157
1760026203,0000000200000004,52450767704,3181,158
1760026205,0000000800000002,52470259268,3180,159
1760026206,0000000400000004,52482055622,3181,160
1760026206,0000000800000010,52484390438,3180,161
1760026209,0000001000000004,52509043797,3181,162
1760026209,0000000400000080,52513545786,3180,163
1760026210,0000002000000008,52516284937,3180,164
1760026210,0000008000000080,52517423467,3181,165
1760026211,0000000800000020,52524669416,3181,166
1760026211,0000001000000001,52532248916,3181,167
1760026212,0000004000000008,52543103970,3180,168
1760026213,0000000400000008,52547190484,3180,169
1760026213,0000004000000010,52549662087,3180,170
1760026214,0000004000000010,52559331580,3180,171
1760026215,0000000100000008,52574518781,3180,172
1760026219,0000000200000004,52610819733,3180,173
1760026221,0000001000000080,52632775678,3180,174
1760026223,0000000200000001,52652944853,3180,175
1760026225,0000000800000008,52666379338,3180,176
1760026225,0000004000000002,52668064511,3180,177
1760026226,0000002000000080,52676101277,3180,178
1760026227,0000001000000001,52684584730,3180,179
1760026227,0000000100000008,52689896037,3180,180
1760026228,0000002000000040,52704382336,3180,181
1760026229,0000000800000080,52711815874,3180,182
1760026230,0000000200000001,52719164126,3180,183
1760026231,0000004000000010,52725174261,3181,184
1760026231,0000000400000002,52725712178,3180,185
1760026231,0000000800000010,52732600980,3181,186
1760026232,0000000400000001,52736846037,3181,187
1760026232,0000002000000020,52744148200,3181,188
1760026233,0000000400000020,52746929286,3181,189
1760026233,0000000800000008,52752057481,3180,190
1760026234,0000004000000008,52756297194,3180,191
1760026235,0000001000000008,52768860630,3181,192
1760026236,0000000800000002,52783774527,3181,193
1760026238,0000002000000001,52795392499,3180,194
1760026238,0000004000000001,52800795310,3180,195
1760026238,0000004000000080,52802835448,3181,196
1760026239,0000008000000040,52810692616,3180,197
1760026240,0000000800000002,52817006105,3180,198
1760026240,0000001000000040,52821984666,3181,199
1760026241,0000000200000002,52825032410,3181,200
1760026242,0000004000000008,52841526506,3180,201
1760026243,0000000800000001,52844757540,3181,202
1760026245,0000004000000080,52868438534,3180,203
1760026246,0000008000000008,52877993901,3180,204
1760026250,0000000800000008,52916109036,3180,205
1760026251,0000000800000001,52927017844,3180,206
1760026251,0000001000000020,52931018105,3180,207
1760026253,0000000800000002,52950211450,3180,208
1760026255,0000004000000010,52970774021,3180,209
1760026255,0000001000000080,52972860281,3180,210
1760026256,0000000800000001,52976866548,3180,211
1760026257,0000000800000080,52985591758,3180,212
1760026257,0000002000000008,52989591440,3181,213
1760026258,0000008000000080,53002259608,3181,214
1760026259,0000002000000080,53013365000,3180,215
1760026259,0000002000000080,53013615801,3180,216
1760026260,0000000800000080,53020724170,3180,217
1760026261,0000000800000010,53027203060,3180,218
1760026263,0000000800000008,53050948494,3180,219
1760026263,0000000100000020,53051207014,3180,220
1760026264,0000000800000001,53057021008,3180,221
1760026264,0000004000000001,53059215088,3181,222
1760026265,0000004000000004,53072601980,3180,223
1760026266,0000000400000004,53076978326,3180,224
1760026266,0000008000000020,53083234362,3180,225
1760026268,0000004000000008,53095028529,3180,226
1760026268,0000000800000008,53098501492,3180,227
1760026269,0000000400000080,53108878685,3181,228
1760026269,0000002000000001,53110067337,3180,229
1760026274,0000000200000080,53155256246,3180,230
1760026274,0000001000000080,53156846181,3180,231
1760026276,0000000400000010,53178067728,3181,232
1760026276,0000000800000002,53182304308,3180,233
1760026277,0000000200000040,53187465614,3180,234
1760026277,0000002000000080,53189296731,3181,235
1760026277,0000000800000080,53194443715,3181,236
1760026278,0000000800000004,53198146136,3180,237
1760026279,0000000200000001,53204988162,3180,238
1760026279,0000004000000002,53213579534,3180,239
1760026280,0000004000000004,53216395703,3181,240
1760026281,0000002000000080,53226718184,3180,241
1760026282,0000008000000008,53235657128,3180,242
1760026282,0000008000000004,53236326966,3181,243
1760026284,0000004000000008,53260988742,3181,244
1760026284,0000000200000002,53263279086,3181,245
1760026285,0000002000000008,53272335522,3181,246
1760026287,0000004000000008,53287621672,3180,247
1760026290,0000001000000080,53316071611,3180,248
1760026290,0000000100000008,53323936150,3180,249
1760026293,0000008000000001,53350482043,3180,250
1760026293,0000002000000020,53352499757,3180,251
1760026294,0000004000000001,53363386866,3180,252
1760026295,0000000800000008,53368307669,3180,253
1760026296,0000000100000010,53382593548,3181,254
1760026303,0000000800000080,53444876560,3180,255
1760026305,0000001000000008,53466739276,3180,256
1760026305,0000000100000008,53469089706,3180,257
1760026307,0000000200000001,53491306912,3181,258
1760026308,0000002000000008,53503586453,3180,259
1760026309,0000000800000008,53504420425,3181,260
1760026309,0000000800000002,53508015184,3181,261
1760026309,0000004000000008,53509656769,3180,262
1760026313,0000000100000080,53550950670,3180,263
1760026316,0000001000000040,53578833027,3181,264
1760026316,0000008000000002,53580769270,3180,265
1760026316,0000000100000001,53581131185,3181,266
1760026318,0000002000000080,53595805593,3181,267
1760026318,0000000400000008,53600585727,3181,268
1760026319,0000004000000080,53606017152,3181,269
1760026319,0000008000000002,53610056747,3180,270
1760026320,0000004000000001,53619975864,3181,271
1760026320,0000000100000010,53623023650,3180,272
1760026321,0000000100000008,53633150794,3181,273
1760026321,0000001000000008,53633967231,3181,274
1760026322,0000000100000001,53641728217,3181,275
1760026322,0000008000000080,53642307936,3180,276
1760026325,0000000800000001,53665090188,3293,277
1760026325,0000004000000004,53667524623,3181,278
1760026325,0000002000000002,53671977671,3180,279
1760026326,0000008000000001,53675866334,3180,280
1760026326,0000004000000080,53676055027,3181,281
1760026327,0000004000000080,53686393869,3181,282
1760026327,0000001000000002,53692529177,3180,283
1760026328,0000004000000008,53700393780,3180,284
1760026329,0000000800000001,53713812224,3180,285
1760026330,0000004000000004,53721767236,3181,286
1760026330,0000008000000008,53723031418,3181,287
1760026331,0000001000000001,53731078231,3181,288
1760026333,0000004000000020,53751942076,3181,289
1760026336,0000002000000008,53780619103,3181,290
1760026338,0000000200000002,53802680329,3181,291
1760026338,0000000100000008,53804295840,3181,292
1760026339,0000001000000001,53807852281,3180,293
1760026340,0000000800000080,53819226390,3180,294
1760026340,0000004000000010,53823018212,3181,295
1760026341,0000000800000080,53826215546,3181,296
1760026341,0000008000000004,53830941094,3181,297
1760026342,0000008000000080,53839563201,3180,298
1760026342,0000000800000020,53839719063,3180,299
1760026343,0000000800000008,53847603194,3180,300
1760026343,0000000800000008,53849424665,3181,301
1760026343,0000000100000080,53851241680,3180,302
1760026346,0000000100000001,53878175587,3180,303
1760026346,0000002000000010,53878374155,3180,304
1760026348,0000000400000001,53896195797,3180,305
1760026348,0000000800000002,53900765843,3180,306
1760026349,0000004000000002,53907982654,3180,307
1760026349,0000000800000080,53912780547,3181,308
1760026350,0000000800000008,53917600799,3181,309
1760026350,0000000800000001,53923939048,3180,310
1760026352,0000004000000002,53939051632,3180,311
1760026352,0000002000000008,53942298793,3181,312
1760026354,0000001000000001,53964267695,3180,313
1760026356,0000008000000002,53980182439,3181,314
1760026357,0000008000000004,53987946667,3181,315
1760026359,0000000800000080,54013590632,3181,316
1760026361,0000002000000080,54026588393,3181,317
1760026362,0000000100000001,54035960874,3181,318
1760026362,0000004000000008,54036878801,3181,319
1760026362,0000000200000020,54038241896,3181,320
1760026364,0000008000000080,54059513618,3180,321
1760026366,0000000800000020,54076827296,3181,322
1760026369,0000002000000002,54111077694,3180,323
1760026369,0000000100000010,54111415080,3180,324
1760026370,0000008000000010,54114641929,3181,325
1760026371,0000002000000010,54128309352,3180,326
1760026373,0000001000000002,54145834231,3180,327
1760026373,0000004000000001,54154244167,3181,328
1760026374,0000000800000080,54160589134,3181,329
1760026377,0000004000000080,54190425489,3180,330
1760026378,0000001000000008,54197906803,3180,331
1760026379,0000004000000010,54214400899,3181,332
1760026380,0000000800000008,54219587098,3180,333
1760026380,0000000800000002,54223710064,3180,334
1760026381,0000002000000080,54234294188,3180,335
1760026382,0000000800000080,54238492680,3181,336
1760026383,0000000800000008,54249462122,3181,337
1760026385,0000004000000080,54274107013,3180,338
1760026386,0000008000000010,54278190212,3181,339
1760026387,0000000200000040,54289930290,3180,340
1760026387,0000000100000008,54294153917,3180,341
1760026389,0000000100000080,54304759566,3180,342
1760026389,0000000800000010,54304908521,3180,343
1760026389,0000000200000008,54310071275,3180,344
1760026392,0000004000000010,54336999572,3180,345
1760026393,0000008000000008,54347103277,3180,346
1760026394,0000000800000040,54357620199,3180,347
1760026394,0000000800000001,54361846029,3180,348
1760026395,0000001000000001,54369010851,3180,349
1760026395,0000002000000020,54373652695,3180,350
1760026396,0000002000000001,54379306626,3180,351
1760026397,0000002000000008,54384701770,3180,352
1760026397,0000004000000020,54390747553,3180,353
1760026398,0000000200000008,54404474735,3180,354
1760026400,0000008000000008,54415607753,3181,355
1760026401,0000008000000020,54434218552,3180,356
1760026402,0000008000000080,54443286822,3180,357
1760026406,0000000800000008,54475288749,3180,358
1760026406,0000004000000080,54481129486,3180,359
1760026406,0000002000000001,54483256036,3180,360
1760026407,0000000800000080,54489750352,3180,361
1760026408,0000000800000080,54502978168,3180,362
1760026409,0000000200000008,54506440796,3181,363
1760026409,0000000800000008,54508139703,3180,364
1760026409,0000004000000008,54508872534,3180,365
1760026409,0000000800000080,54510785441,3181,366
1760026410,0000000800000001,54514706657,3181,367
1760026410,0000004000000080,54518861694,3181,368
1760026411,0000004000000002,54533147949,3180,369
1760026412,0000002000000020,54535694264,3180,370
1760026416,0000008000000008,54575863231,3180,371
1760026417,0000000800000008,54587466388,3180,372
1760026417,0000004000000008,54588173815,3181,373
1760026420,0000000800000002,54624049665,3180,374
1760026422,0000000800000080,54638151439,3180,375
1760026423,0000000800000008,54649303947,3180,376
1760026423,0000004000000002,54649339136,3181,377
1760026427,0000000200000080,54690943325,3181,378
1760026427,0000002000000080,54691117917,3181,379
1760026428,0000004000000080,54696022663,3181,380
1760026430,0000000800000080,54720181928,3180,381
1760026431,0000000800000008,54724736780,3180,382
1760026431,0000001000000008,54730339493,3181,383
1760026432,0000002000000001,54739660458,3180,384
1760026432,0000002000000080,54742476531,3180,385
1760026433,0000001000000040,54750019678,3180,386
1760026434,0000004000000080,54761234923,3181,387
1760026435,0000000400000008,54772715627,3181,388
1760026436,0000002000000020,54780202998,3181,389
1760026437,0000000100000010,54788796134,3181,390
1760026438,0000000800000001,54800261665,3181,391
1760026439,0000004000000008,54806474227,3180,392
1760026439,0000004000000080,54807488524,3181,393
1760026442,0000002000000001,54839987091,3181,394
1760026444,0000000200000010,54855813533,3180,395
1760026445,0000004000000080,54866241508,3180,396
1760026445,0000008000000004,54868955453,3180,397
1760026446,0000000800000080,54879146010,3180,398
1760026446,0000008000000008,54880793543,3181,399
1760026451,0000000200000040,54927198195,3180,400
1760026452,0000008000000080,54938331532,3180,401
1760026452,0000000800000002,54938340147,3180,402
1760026453,0000004000000001,54946172589,3180,403
1760026453,0000004000000002,54949964674,3181,404
1760026454,0000000800000010,54956041339,3180,405
1760026455,0000002000000020,54968485719,3180,406
1760026456,0000000100000004,54981658629,3181,407
1760026457,0000000200000080,54991766253,3180,408
1760026461,0000000100000080,55033010958,3180,409
1760026462,0000000800000010,55038282112,3180,410
1760026462,0000008000000020,55041340090,3180,411
1760026463,0000000100000001,55051679658,3180,412
1760026464,0000000200000002,55054872365,3180,413
1760026464,0000000200000008,55062062382,3180,414
1760026464,0000004000000008,55063747055,3180,415
1760026466,0000000800000002,55075508437,3180,416
1760026470,0000004000000080,55114918129,3180,417
1760026471,0000000800000001,55126079664,3181,418
1760026471,0000008000000080,55131535948,3180,419
1760026472,0000000800000020,55135842594,3180,420
1760026472,0000004000000080,55136004929,3181,421
1760026472,0000000800000040,55137653685,3180,422
1760026472,0000004000000004,55143474637,3180,423
1760026473,0000008000000010,55153449913,3180,424
1760026474,0000002000000080,55160264870,3181,425
1760026476,0000000100000080,55179218837,3180,426
1760026478,0000000200000001,55198474095,3180,427
1760026478,0000004000000080,55203078377,3180,428
1760026479,0000000200000008,55207781472,3181,429
1760026479,0000004000000080,55210280279,3180,430
1760026481,0000002000000002,55228171075,3180,431
1760026483,0000000800000010,55250416163,3180,432
1760026484,0000008000000040,55256699786,3180,433
1760026484,0000000800000001,55256905929,3180,434
1760026484,0000000800000010,55257204367,3180,435
1760026484,0000008000000008,55260050338,3180,436
1760026485,0000001000000080,55273400327,3180,437
1760026486,0000000200000080,55280001564,3180,438
1760026488,0000000100000020,55303583689,3181,439
1760026489,0000004000000080,55304267307,3180,440
1760026490,0000008000000080,55317432913,3180,441
1760026490,0000002000000020,55320819363,3181,442
1760026495,0000000800000001,55365683131,3181,443
1760026496,0000000400000020,55380044499,3181,444
1760026500,0000000100000004,55422428222,3180,445
1760026502,0000000200000004,55434730320,3180,446
1760026502,0000001000000008,55438319523,3180,447
1760026507,0000004000000002,55492644952,3181,448
1760026513,0000000800000080,55544883204,3180,449
1760026513,0000000200000040,55549443933,3181,450
1760026514,0000002000000008,55554723423,3180,451
1760026514,0000004000000080,55558819138,3180,452
1760026514,0000000800000010,55561728132,3180,453
1760026516,0000004000000008,55583557490,3181,454
1760026520,0000004000000008,55619706520,3180,455
1760026521,0000000100000080,55629163540,3180,456
1760026523,0000008000000040,55649208595,3181,457
1760026524,0000000200000010,55655561909,3180,458
1760026524,0000004000000004,55658580672,3180,459
1760026526,0000000800000008,55678097164,3181,460
1760026526,0000001000000080,55678734232,3181,461
1760026532,0000000100000080,55734547833,3180,462
1760026534,0000000400000080,55762882343,3180,463
1760026537,0000002000000008,55793672044,3180,464
1760026539,0000001000000002,55808980682,3181,465
1760026539,0000001000000008,55811095976,3180,466
1760026540,0000002000000002,55819708531,3180,467
1760026542,0000000800000004,55836618513,3180,468
1760026542,0000000200000010,55842600027,3180,469
1760026545,0000004000000080,55872506455,3181,470
1760026548,0000004000000001,55903394362,3180,471
1760026548,0000001000000010,55904262412,3180,472
1760026549,0000002000000080,55906417363,3180,473
1760026549,0000000200000080,55906995888,3180,474
1760026550,0000004000000001,55921700170,3180,475
1760026552,0000004000000002,55935897410,3180,476
1760026552,0000004000000001,55942890055,3181,477
1760026557,0000001000000020,55985798448,3181,478
1760026562,0000000800000008,56037884149,3180,479
1760026562,0000004000000008,56043847807,3180,480
1760026565,00000002000000a0,56065751380,3180,481
1760026565,0000004000000080,56066357817,3180,482
1760026567,0000000100000010,56090951632,3181,483
1760026567,0000000100000020,56092324230,3181,484
1760026568,0000000800000008,56099348524,3181,485
1760026568,0000004000000080,56103616208,3181,486
1760026569,0000008000000004,56112351198,3181,487
1760026571,0000004000000002,56132296723,3181,488
1760026572,0000000400000004,56137820258,3180,489
1760026572,0000002000000010,56138078352,3181,490
1760026572,0000000800000001,56139122107,3181,491
1760026574,0000000100000010,56160411967,3180,492
1760026574,0000000200000080,56163709200,3181,493
1760026575,0000002000000008,56171666927,3181,494
1760026575,0000001000000008,56172342663,3181,495
1760026577,0000001000000080,56191856587,3181,496
1760026579,0000008000000002,56206725759,3180,497
1760026579,0000000100000008,56213736283,3181,498
1760026580,0000004000000004,56222224258,3180,499
1760026580,0000000800000001,56222528319,3180,500
1760026581,0000000400000080,56225550743,3181,501
1760026581,0000000400000001,56227084659,3180,502
1760026581,0000000200000080,56231483366,3181,503
1760026583,0000000200000040,56253687818,3181,504
1760026584,0000000200000002,56262363952,3181,505
1760026584,0000000100000080,56262855522,3181,506
1760026585,0000000800000008,56265561551,3181,507
1760026587,0000000800000010,56288249782,3180,508
1760026587,0000001000000080,56289084251,3181,509
1760026588,0000008000000001,56295340548,3181,510
1760026589,0000002000000020,56305334259,3180,511
1760026589,0000004000000008,56307743273,3181,512
1760026590,0000001000000004,56323741724,3181,513
1760026596,0000002000000080,56379466738,3180,514
1760026597,0000004000000008,56392162062,3180,515
1760026598,0000000800000001,56401407504,3180,516
1760026599,0000000100000001,56410613495,3180,517
1760026600,0000000800000001,56420049515,3180,518
1760026602,0000001000000080,56437191885,3180,519
1760026604,0000000400000080,56454894697,3180,520
1760026608,0000000200000001,56504041199,3180,521
1760026609,0000000400000004,56505391231,3180,522
1760026611,0000004000000001,56532995012,3180,523
1760026611,0000000200000001,56534398879,3180,524
1760026612,0000004000000001,56543092528,3180,525
1760026613,0000000800000010,56547503032,3181,526
1760026614,0000000800000001,56557084187,3180,527
1760026614,0000000200000001,56563339173,3181,528
1760026615,0000000800000002,56565303422,3181,529
1760026615,0000000800000001,56567442319,3180,530
1760026615,0000004000000020,56568067678,3181,531
1760026616,0000000800000001,56584020146,3180,532
1760026618,0000004000000040,56601842175,3180,533
1760026619,0000008000000008,56604819840,3180,534
1760026621,0000004000000080,56626103995,3180,535
1760026621,0000002000000008,56627114762,3181,536
1760026625,0000004000000001,56672362936,3180,537
1760026627,0000000100000080,56689062211,3180,538
1760026628,0000000800000002,56695418247,3180,539
1760026628,0000008000000080,56703620096,3180,540
1760026630,0000008000000080,56721602994,3180,541
1760026631,0000001000000008,56725693623,3180,542
1760026633,0000004000000020,56744765621,3180,543
1760026633,0000000800000080,56748420848,3181,544
1760026634,0000000400000002,56758483169,3181,545
1760026636,0000000100000080,56775578177,3180,546
1760026636,0000004000000020,56776796473,3180,547
1760026637,0000001000000080,56788605312,3180,548
1760026637,0000000200000080,56794233949,3180,549
1760026638,0000002000000008,56802247868,3181,550
1760026639,0000004000000004,56812920078,3180,551
1760026640,0000000800000080,56818099216,3180,552
1760026643,0000000800000080,56849500068,3180,553
1760026644,0000000200000080,56859221304,3181,554
1760026645,0000000200000004,56866449372,3181,555
1760026645,0000001000000001,56868053113,3181,556
1760026646,0000004000000004,56876539201,3180,557
1760026646,0000002000000004,56879559678,3180,558
1760026647,0000008000000008,56885201200,3180,559
1760026647,0000000800000001,56889574230,3181,560
1760026647,0000001000000001,56891160284,3180,561
1760026648,0000000800000080,56899196222,3180,562
1760026648,0000000100000001,56904213509,3181,563
1760026649,0000000100000008,56908808508,3181,564
1760026650,0000000800000008,56915793232,3181,565
1760026650,0000000800000008,56921606163,3181,566
1760026653,0000000200000040,56952854916,3180,567
1760026654,0000001000000020,56955264262,3180,568
1760026657,0000008000000080,56991808282,3180,569
1760026658,0000000100000004,56997916666,3181,570
1760026659,0000008000000080,57006425527,3180,571
1760026659,0000000800000002,57007546852,3181,572
1760026659,0000000800000080,57013349992,3181,573
1760026663,0000001000000010,57044817773,3180,574
1760026663,0000004000000040,57046159508,3180,575
1760026663,0000002000000001,57051983741,3180,576
1760026666,0000008000000002,57079130716,3180,577
1760026668,0000008000000004,57101728390,3181,578
1760026669,0000008000000002,57112033827,3180,579
1760026671,0000000200000002,57127372039,3181,580
1760026671,0000004000000001,57133534313,3180,581
1760026672,0000000800000008,57133652855,3180,582
1760026672,0000008000000010,57140251475,3181,583
1760026673,0000002000000001,57144696406,3180,584
1760026673,0000000200000008,57152803705,3180,585
1760026675,0000000100000001,57167181315,3180,586
1760026675,0000001000000080,57168883007,3181,587
1760026675,0000000800000080,57173164729,3181,588
1760026676,0000008000000002,57175026682,3181,589
1760026676,0000000100000002,57179018795,3180,590
1760026676,0000000800000020,57178336082,3180,591
1760026676,0000002000000001,57181381318,3180,592
1760026677,0000002000000004,57186865547,3180,593
1760026677,0000000100000040,57187781921,3181,594
1760026677,0000000800000008,57190606016,3181,595
1760026677,0000008000000020,57192376329,3181,596
1760026678,0000004000000002,57196707412,3181,597
1760026678,0000000100000020,57196780254,3181,598
1760026681,0000000800000080,57231409895,3180,599
1760026682,0000001000000008,57242977219,3181,600
1760026684,0000000200000040,57260740892,3181,601
1760026685,0000008000000020,57272751747,3180,602
1760026688,0000008000000008,57299633195,3181,603
1760026688,0000000100000002,57301497980,3181,604
1760026689,0000000100000002,57304874193,3181,605
1760026690,0000002000000020,57319438185,3180,606
1760026690,0000000800000008,57320300164,3180,607
1760026690,0000008000000008,57324080924,3180,608
1760026691,0000000800000008,57325972845,3180,609
1760026692,0000000100000001,57337854838,3181,610
1760026693,0000001000000080,57346321796,3180,611
1760026693,0000000400000008,57348953964,3181,612
1760026697,0000000200000010,57387896983,3180,613
1760026697,0000008000000080,57391822318,3181,614
1760026700,0000002000000080,57421351843,3180,615
1760026700,0000004000000020,57424409121,3181,616
1760026701,0000000100000004,57428820598,3180,617
1760026701,0000000400000040,57432572677,3180,618
1760026702,0000001000000020,57435554317,3180,619
1760026702,0000001000000002,57443669103,3181,620
1760026703,0000001000000002,57450469616,3180,621
1760026703,0000001000000040,57452168727,3181,622
1760026705,0000000800000080,57470585272,3180,623
1760026705,0000008000000040,57470736366,3180,624
1760026705,0000000100000008,57474119757,3180,625
1760026707,0000008000000080,57489879587,3181,626
1760026708,0000008000000020,57499660488,3181,627
1760026710,0000008000000008,57519854994,3181,628
1760026711,0000000800000080,57530821751,3180,629
1760026712,0000000800000020,57536771526,3180,630
1760026713,0000008000000080,57550754357,3181,631
1760026713,0000000100000020,57552472352,3180,632
1760026715,0000004000000001,57570481896,3180,633
1760026719,0000004000000080,57604839647,3180,634
1760026720,0000008000000008,57614895372,3180,635
1760026720,0000000200000040,57615830477,3180,636
1760026723,0000004000000001,57650192241,3180,637
1760026725,0000000800000080,57664681868,3181,638
1760026725,0000000200000040,57665498342,3181,639
1760026726,0000000800000008,57680185701,3180,640
1760026726,0000000800000010,57682751081,3180,641
1760026729,0000004000000008,57707801382,3180,642
1760026731,0000000800000010,57729429829,3180,643
1760026735,0000001000000010,57769071544,3180,644
1760026736,0000004000000080,57782045611,3180,645
1760026737,0000002000000001,57784940802,3180,646
1760026737,0000000200000002,57786285822,3181,647
1760026738,0000008000000080,57797726630,3181,648
1760026738,0000000800000010,57798909964,3181,649
1760026739,0000004000000010,57807045195,3181,650
1760026741,0000004000000008,57828215436,3180,651
1760026741,0000000200000080,57829159301,3180,652
1760026742,0000000100000080,57839680078,3180,653
1760026745,0000000800000008,57868005848,3181,654
1760026746,0000000100000080,57879442271,3180,655
1760026748,0000002000000001,57903722520,3180,656
1760026749,0000000800000008,57909380551,3180,657
1760026750,0000000800000020,57923152363,3180,658
1760026754,0000000800000080,57959743784,3181,659
1760026755,0000002000000010,57969481959,3180,660
1760026755,0000000100000004,57970873443,3181,661
1760026758,0000000800000004,58002901187,3180,662
1760026759,0000000400000010,58007432549,3180,663
1760026760,0000008000000008,58014858470,3180,664
1760026760,0000002000000002,58019094854,3180,665
1760026761,0000001000000008,58024499753,3180,666
1760026761,0000000100000040,58027594039,3180,667
1760026762,0000001000000080,58043664773,3180,668
1760026763,0000001000000008,58053409552,3180,669
1760026764,0000008000000008,58055952762,3181,670
1760026765,0000000200000001,58073622110,3180,671
1760026767,0000000800000002,58089107665,3180,672
1760026770,0000000100000008,58118665332,3180,673
1760026770,0000000200000001,58119664543,3180,674
1760026771,0000004000000004,58131531085,3180,675
1760026772,0000000800000080,58135195655,3180,676
1760026773,0000000400000080,58147967353,3181,677
1760026774,0000000800000080,58159408551,3180,678
1760026774,0000000200000020,58162511752,3180,679
1760026774,0000000100000010,58163365544,3180,680
1760026775,0000004000000004,58174277867,3180,681
1760026776,0000000100000008,58177850508,3180,682
1760026776,0000001000000010,58178668590,3180,683
1760026776,0000008000000040,58183332646,3180,684
1760026777,0000000200000040,58184490283,3181,685
1760026778,0000008000000040,58203032355,3180,686
1760026779,0000000200000080,58204656113,3181,687
1760026779,0000004000000002,58212931520,3180,688
1760026782,0000000200000020,58237148777,3180,689
1760026782,0000001000000001,58241521238,3180,690
1760026783,0000004000000020,58251272683,3180,691
1760026784,0000008000000080,58261205699,3180,692
1760026784,0000000800000080,58262871871,3180,693
1760026790,0000004000000001,58322372938,3180,694
1760026790,0000000800000080,58324377015,3180,695
1760026795,0000004000000001,58364476092,3180,696
1760026795,0000000200000008,58369723214,3180,697
1760026795,0000001000000010,58370677932,3180,698
1760026796,0000008000000008,58376780730,3181,699
1760026797,0000004000000004,58384713909,3181,700
1760026799,0000002000000004,58407195339,3181,701
1760026799,0000000800000008,58411357100,3181,702
1760026801,0000004000000001,58426100288,3180,703
1760026801,0000002000000008,58429752225,3181,704
1760026801,0000000800000080,58432244491,3181,705
1760026803,0000002000000010,58454150765,3181,706
1760026805,0000004000000002,58472720950,3181,707
1760026806,0000000800000008,58478600676,3181,708
1760026806,0000002000000002,58481752484,3181,709
1760026807,0000008000000080,58487153766,3181,710
1760026807,0000004000000080,58488263332,3181,711
1760026807,0000000100000010,58489502212,3181,712
1760026807,0000000800000020,58492654370,3181,713
1760026810,0000008000000040,58514577182,3181,714
1760026810,0000004000000002,58516808220,3181,715
1760026811,0000000800000020,58525747504,3181,716
1760026811,0000004000000008,58528519243,3181,717
1760026811,0000004000000040,58528594894,3181,718
1760026811,0000004000000001,58532123056,3180,719
1760026812,0000000200000004,58539328440,3181,720
1760026814,0000000800000040,58554990498,3180,721
1760026814,0000000400000040,58560033326,3180,722
1760026814,0000000800000080,58563321298,3181,723
1760026815,0000000400000001,58565956940,3181,724
1760026815,0000000800000040,58573831542,3180,725
1760026816,0000000400000080,58581603746,3180,726
1760026820,0000004000000010,58615546688,3181,727
1760026824,0000000100000001,58655753162,3180,728
1760026827,0000000800000080,58687301938,3180,729
1760026827,0000001000000008,58688311369,3180,730
1760026830,0000000800000001,58724238135,3181,731
1760026831,0000000800000002,58727323428,3181,732
1760026832,0000000800000020,58736853968,3180,733
1760026834,0000000200000080,58754626055,3181,734
1760026835,0000004000000020,58767420091,3180,735
1760026838,0000002000000001,58798169296,3180,736
1760026838,0000001000000004,58804370410,3180,737
1760026839,0000004000000002,58804543160,3180,738
1760026840,0000000200000001,58819427794,3180,739
1760026840,0000001000000080,58819512951,3180,740
1760026840,0000001000000080,58820238838,3180,741
1760026840,0000000100000002,58823387410,3180,742
1760026843,0000000200000040,58851037745,3180,743
1760026845,0000000200000080,58865569440,3180,744
1760026845,0000000800000080,58866716893,3180,745
1760026847,0000008000000080,58885132892,3180,746
1760026847,0000000400000002,58891724044,3180,747
1760026848,0000000800000004,58904113200,3180,748
1760026849,0000000800000002,58905513315,3180,749
1760026849,0000004000000001,58912319511,3180,750
1760026850,0000000800000008,58923605706,3180,751
1760026851,0000000200000080,58932923307,3180,752
1760026852,0000008000000040,58939622178,3180,753
1760026853,0000000100000001,58953581299,3180,754
1760026854,0000004000000010,58955564134,3181,755
1760026854,0000004000000080,58956623708,3180,756
1760026854,0000000200000008,58962733851,3180,757
1760026855,0000004000000020,58972360805,3180,758
1760026863,0000002000000020,59048342532,3180,759
1760026863,0000000100000040,59050817601,3181,760
1760026864,0000000200000002,59058003095,3181,761
1760026864,0000008000000001,59061075348,3180,762
1760026865,0000000200000020,59069855826,3180,763
1760026865,0000008000000001,59070543702,3180,764
1760026865,0000000100000002,59071957204,3181,765
1760026869,0000002000000020,59108787480,3181,766
1760026870,0000000800000001,59119430600,3180,767
1760026872,0000000400000080,59134489606,3180,768
1760026874,0000002000000004,59162309527,3180,769
1760026878,0000004000000002,59201154254,3180,770
1760026879,0000000800000020,59205596650,3180,771
1760026879,0000008000000001,59207902451,3181,772
1760026882,0000001000000001,59240544840,3180,773
1760026882,0000004000000080,59243239283,3181,774
1760026883,0000000800000080,59253882692,3180,775
1760026884,0000004000000040,59256132648,3180,776
1760026885,0000004000000010,59268996333,3180,777
1760026886,0000000100000080,59275415105,3181,778
1760026886,0000000400000004,59283041478,3180,779
1760026888,0000000800000040,59300476206,3180,780
1760026892,0000002000000008,59338459808,3180,781
1760026892,0000000800000040,59340096647,3181,782
1760026892,0000008000000002,59341147012,3180,783
1760026892,0000000200000002,59343877743,3180,784
1760026894,0000000800000004,59354424211,3181,785
1760026894,0000001000000001,59356712506,3181,786
1760026897,0000004000000002,59387096671,3181,787
1760026898,0000000800000080,59401980314,3180,788
1760026901,0000001000000001,59429332637,3181,789
1760026901,0000002000000001,59432291836,3180,790
1760026902,0000000100000010,59439036682,3180,791
1760026902,0000000800000008,59442885358,3180,792
1760026903,0000000800000080,59448104845,3180,793
1760026904,0000004000000001,59457767723,3180,794
1760026904,0000004000000002,59459881494,3181,795
1760026904,0000002000000080,59461596852,3181,796
1760026905,0000000800000080,59466790109,3180,797
1760026906,0000000100000004,59480661179,3180,798
1760026908,0000000200000020,59498390110,3181,799
1760026909,0000000400000004,59506359227,3180,800
1760026910,0000000200000008,59523388492,3180,801
1760026911,0000000400000004,59524046403,3181,802
1760026912,0000001000000010,59543554979,3180,803
1760026914,0000001000000080,59554450245,3180,804
1760026914,0000000400000040,59561686391,3180,805
1760026914,0000002000000004,59561724961,3180,806
1760026915,0000004000000002,59568458684,3180,807
1760026916,0000002000000080,59581915079,3180,808
1760026916,0000001000000040,59582591337,3180,809
1760026917,0000000800000020,59588840750,3180,810
1760026917,0000000100000004,59589885524,3180,811
1760026918,0000002000000080,59594543440,3180,812
1760026919,0000004000000002,59609300073,3180,813
1760026921,0000008000000002,59628427991,3180,814
1760026922,0000004000000001,59637053407,3180,815
1760026923,0000002000000008,59648021719,3180,816
1760026923,0000000200000004,59648532227,3180,817
1760026924,0000000800000008,59655723617,3180,818
1760026924,0000000800000008,59656949526,3180,819
1760026924,0000000100000040,59660617726,3180,820
1760026925,0000000100000010,59665577173,3180,821
1760026926,0000004000000080,59679530027,3180,822
1760026927,0000000800000001,59686352182,3180,823
1760026927,0000004000000008,59688944614,3180,824
1760026930,0000002000000080,59721244407,3181,825
1760026931,0000008000000020,59732097524,3180,826
1760026931,0000004000000001,59732489331,3180,827
1760026932,0000000800000001,59743938781,3181,828
1760026934,0000001000000008,59762498684,3180,829
1760026935,0000000200000080,59764587981,3181,830
1760026936,0000004000000001,59776569559,3180,831
1760026937,0000000100000002,59786075439,3180,832
1760026938,0000000800000002,59799068876,3181,833
1760026939,0000002000000001,59812384980,3180,834
1760026940,0000000800000020,59815460880,6362,835
1760026940,0000004000000080,59817980998,3180,836
1760026942,0000002000000004,59841399850,3181,837
1760026943,0000000200000080,59847448542,3181,838
1760026944,0000008000000080,59854882360,3181,839
1760026944,0000004000000001,59863221251,3181,840
1760026945,0000000800000004,59869110831,3180,841
1760026945,0000004000000040,59871453166,3181,842
1760026948,0000000800000080,59904194605,3181,843
1760026951,0000000200000020,59925385387,3180,844
1760026951,0000000800000010,59926265565,3181,845
1760026952,0000001000000004,59940420740,3180,846
1760026954,0000000800000008,59962650331,3181,847
1760026954,0000001000000008,59963461678,3180,848
1760026956,0000000800000020,59976679444,3181,849
1760026957,0000004000000008,59986550163,3180,850
1760026957,0000000800000020,59993891182,3181,851
1760026959,0000004000000001,60010281260,3181,852
1760026959,0000000800000020,60010474274,3181,853
1760026959,0000004000000002,60012328615,3181,854
1760026959,0000000200000001,60013351265,3181,855
1760026961,0000001000000008,60032083837,3181,856
1760026963,0000004000000080,60046696424,3181,857
1760026964,0000000200000002,60060664275,3181,858
1760026964,0000008000000080,60061907469,3181,859
1760026964,0000000800000080,60063170262,3180,860
1760026967,0000004000000080,60089037371,3180,861
1760026968,0000000400000010,60098164535,3180,862
1760026970,0000000800000001,60114933370,3181,863
1760026971,0000000800000008,60126328423,3181,864
1760026972,0000000100000001,60135420465,3181,865
1760026974,0000001000000040,60162711350,3181,866
1760026975,0000000800000020,60166468371,3181,867
1760026975,0000008000000002,60167788694,3181,868
1760026976,0000004000000080,60175359842,3181,869
1760026977,0000001000000040,60189426681,3181,870
1760026977,0000008000000001,60192890124,3181,871
1760026979,0000000200000001,60213592843,3181,872
1760026982,0000000800000020,60239407068,3181,873
1760026982,0000000400000004,60241481636,3181,874
1760026984,0000004000000004,60257420994,3181,875
1760026985,0000004000000020,60265014684,3181,876
1760026985,0000004000000008,60270547431,3181,877
1760026986,0000000800000080,60274461626,3181,878
1760026987,0000000800000020,60287837892,3181,879
1760026988,0000000800000040,60298330574,3181,880
1760026988,0000001000000080,60304395083,3181,881
1760026990,0000004000000004,60319560892,3181,882
1760026991,0000004000000080,60329202594,3181,883
1760026992,0000004000000020,60337251949,3181,884
1760026992,0000000100000020,60337653070,3181,885
1760026992,0000000200000040,60338535656,3180,886
1760026994,0000004000000002,60359772300,3181,887
1760026994,0000000800000080,60362122435,3181,888
1760026996,0000000800000002,60379261719,3181,889
1760026999,0000000800000002,60414036779,3181,890
1760027000,0000004000000001,60416558682,3181,891
1760027000,0000004000000001,60420045296,3181,892
1760027001,0000000800000008,60425576508,3180,893
1760027001,0000000200000020,60433695811,3181,894
1760027003,0000002000000002,60445166767,3181,895
1760027004,0000000200000004,60456594770,3181,896
1760027005,0000002000000080,60472703257,3180,897
1760027005,0000000200000020,60473417887,3181,898
1760027006,0000000200000004,60482025863,3180,899
1760027007,0000004000000001,60492185445,3180,900
1760027008,0000000400000001,60497168375,3181,901
1760027009,0000000800000002,60511764707,3180,902
1760027012,0000000400000008,60538539487,3181,903
1760027013,0000000200000010,60551204791,3181,904
1760027014,0000008000000008,60556122971,3181,905
1760027018,0000008000000001,60597986041,3181,906
1760027018,0000008000000008,60602549935,3181,907
1760027018,0000000800000004,60602755649,3181,908
1760027019,0000000100000010,60610686526,3181,909
1760027020,0000001000000080,60620172395,3180,910
1760027021,0000001000000001,60628957950,3181,911
1760027021,0000000800000002,60629227562,3180,912
1760027025,0000001000000001,60673838790,3181,913
1760027026,0000000100000010,60674253619,3181,914
1760027027,0000004000000004,60684979466,3180,915
1760027028,0000000400000010,60699385938,3180,916
1760027029,0000008000000080,60704497564,3180,917
1760027030,0000000800000004,60716581637,3180,918
1760027030,0000000200000080,60717538525,3180,919
1760027030,0000000800000010,60719264623,3180,920
1760027030,0000000100000020,60719655274,3180,921
1760027031,0000000100000001,60725508948,3181,922
1760027032,0000004000000080,60737345709,3180,923
1760027032,0000004000000004,60741315954,3181,924
1760027033,0000004000000001,60750080164,6362,925
1760027037,0000008000000002,60786646637,3180,926
1760027037,0000001000000010,60786720999,3181,927
1760027038,0000001000000001,60799286787,3181,928
1760027038,0000004000000008,60803876957,3180,929
1760027039,0000000800000080,60805612388,3181,930
1760027039,0000002000000040,60806688486,3180,931
1760027039,0000008000000080,60811580818,3181,932
1760027040,0000002000000004,60821220107,3180,933
1760027043,0000004000000080,60844764949,3180,934
1760027045,0000004000000008,60873461967,3181,935
1760027046,0000000800000008,60878694756,3180,936
1760027046,0000004000000002,60881028189,3181,937
1760027047,0000004000000080,60884846354,3181,938
1760027047,0000000100000020,60885727786,3181,939
1760027051,0000000200000080,60926048919,3180,940
1760027053,0000001000000080,60946594753,3181,941
1760027053,0000008000000008,60951874901,3181,942
1760027053,0000000800000080,60952161340,3181,943
1760027054,0000000200000020,60955582983,3181,944
1760027054,0000008000000080,60956037268,3181,945
1760027054,0000001000000002,60956467850,3181,946
1760027054,0000000200000080,60963340368,3181,947
1760027055,0000000800000008,60970795392,3181,948
1760027056,0000000200000008,60980266533,3180,949
1760027057,0000000400000001,60992526282,3181,950
1760027059,0000004000000080,61009385630,3181,951
1760027063,0000001000000008,61048969862,3180,952
1760027063,0000002000000002,61049871078,3181,953
1760027064,0000001000000020,61055555841,3181,954
1760027066,0000000400000001,61077275264,3181,955
1760027067,0000000800000004,61089186213,3181,956
1760027068,0000000800000008,61094936007,3181,957
1760027070,0000004000000008,61118432208,3180,958
1760027071,0000004000000008,61131445386,3181,959
1760027072,0000000800000002,61136547602,3180,960
1760027073,0000001000000001,61146672715,3180,961
1760027073,0000002000000080,61147920359,3180,962
1760027073,0000000400000010,61152915437,3181,963
1760027073,0000004000000008,61153350756,3181,964
1760027075,0000000100000002,61168540234,3180,965
1760027075,0000008000000080,61168629499,3180,966
1760027076,0000008000000080,61175779974,3180,967
1760027080,0000002000000004,61220974947,3180,968
1760027082,0000004000000040,61235640780,3181,969
1760027082,0000000100000001,61240670082,3180,970
1760027083,0000004000000001,61250992442,3180,971
1760027083,0000000800000008,61253051511,3180,972
1760027084,0000000800000002,61259652640,3180,973
1760027086,0000004000000010,61278124701,3180,974
1760027086,0000004000000080,61279590529,3181,975
1760027088,0000004000000008,61294895235,3180,976
1760027091,0000000100000004,61333133251,3181,977
1760027092,0000004000000020,61343582819,3181,978
1760027093,0000008000000020,61353829534,3181,979
1760027094,0000000100000020,61355085062,3181,980
1760027094,0000000800000080,61357790982,3181,981
1760027095,0000000800000080,61364503805,3181,982
1760027095,0000004000000080,61365967571,3181,983
1760027096,0000000800000008,61375957361,3181,984
1760027096,0000000400000010,61379178186,3181,985
1760027097,0000002000000008,61393894370,3181,986
1760027100,0000000800000080,61422263340,3180,987
1760027101,0000000100000080,61434022040,3180,988
1760027102,0000004000000008,61439689187,3180,989
1760027103,0000001000000020,61446912097,3181,990
1760027103,0000004000000002,61451994069,3181,991
1760027104,0000001000000008,61463777047,3180,992
1760027109,0000004000000040,61512436021,3180,993
1760027111,0000004000000002,61527486866,3180,994
1760027111,0000000100000002,61532076235,3181,995
1760027111,0000000800000001,61533237063,3181,996
1760027112,0000000400000040,61534648787,3181,997
1760027114,0000000200000004,61563681113,3181,998
1760027117,0000000800000010,61592006302,3180,999
1760027117,0000001000000080,61593547106,3180,1000
1760027120,0000000200000008,61614575218,3181,1001
1760027121,0000000800000002,61626809228,3181,1002
1760027123,0000002000000080,61644509001,3180,1003
1760027124,0000008000000080,61656135950,3181,1004
1760027124,0000000800000002,61662978304,3181,1005
1760027125,0000002000000010,61670038811,3180,1006
1760027126,0000002000000080,61676732526,3181,1007
1760027129,0000000800000020,61706846416,3181,1008
1760027133,0000000100000004,61751902943,3180,1009
1760027134,0000001000000040,61759050791,3180,1010
1760027134,0000004000000008,61759957986,3181,1011
1760027137,0000000100000010,61787715833,3181,1012
1760027137,0000002000000080,61792834444,3180,1013
1760027138,0000008000000008,61799306996,3181,1014
1760027138,0000000200000020,61804236045,3181,1015
1760027139,0000001000000008,61810006223,3180,1016
1760027139,0000002000000080,61812799082,3180,1017
1760027139,0000001000000001,61813041353,3180,1018
1760027140,0000000800000040,61814338945,3181,1019
1760027140,0000000100000080,61823087444,3180,1020
1760027141,0000000400000004,61829407285,3180,1021
1760027141,0000002000000004,61833487687,3180,1022
1760027143,0000000200000001,61853763567,3181,1023
1760027145,0000000100000040,61867588414,3180,1024
1760027145,0000004000000008,61867711484,3180,1025
1760027145,0000000800000008,61873695009,3181,1026
1760027147,0000000800000010,61889022559,3180,1027
1760027147,0000000200000008,61892097399,3181,1028
1760027149,0000000200000020,61910891742,3180,1029
1760027149,0000008000000008,61913217120,3181,1030
1760027151,0000000200000008,61934329098,3180,1031
1760027153,0000000800000010,61951608681,3180,1032
1760027154,0000000400000040,61962060701,3180,1033
1760027155,0000000100000008,61967463376,3180,1034
1760027157,0000001000000020,61987062925,3180,1035
1760027159,0000002000000002,62007846037,3180,1036
1760027159,0000000800000080,62008773812,3180,1037
1760027160,0000000200000080,62023391891,3180,1038
1760027161,0000000400000002,62024236350,3180,1039
1760027162,0000000200000001,62042227588,3181,1040
1760027163,0000004000000080,62047424541,3181,1041
1760027163,0000000400000008,62052005016,3181,1042
1760027165,0000000100000010,62065894498,3180,1043
1760027167,0000000100000001,62086973425,3181,1044
1760027168,0000000100000080,62097349122,3181,1045
1760027171,0000000200000080,62124739156,3181,1046
1760027171,0000000200000001,62132153488,3180,1047
1760027172,0000000400000010,62137330230,3181,1048
1760027172,0000008000000080,62140503278,3181,1049
1760027172,0000000200000080,62142849071,3181,1050
1760027172,0000000100000002,62144213771,3181,1051
1760027173,0000000800000008,62149884066,3181,1052
1760027174,0000000100000080,62154624366,3180,1053
1760027174,0000004000000001,62154747035,3181,1054
1760027177,0000000100000008,62190655956,3181,1055
1760027178,0000000100000001,62201327374,3181,1056
1760027180,0000001000000002,62221103063,3181,1057
1760027180,0000000200000002,62222415726,3181,1058
1760027181,0000004000000008,62227275356,3181,1059
1760027181,0000008000000080,62227724101,3181,1060
1760027182,0000002000000008,62234501356,3180,1061
1760027182,0000004000000080,62241478303,3181,1062
1760027183,0000000800000040,62244369753,3181,1063
1760027186,0000002000000001,62277488770,3180,1064
1760027187,0000002000000008,62287573084,3181,1065
1760027187,0000004000000004,62288488865,3181,1066
1760027190,0000004000000001,62316502558,3181,1067
1760027191,0000001000000010,62325074404,3181,1068
1760027191,0000008000000008,62332980888,3181,1069
1760027192,0000000800000001,62335054361,3181,1070
1760027193,0000001000000002,62344682772,3181,1071
1760027194,0000000800000080,62362045322,3181,1072
1760027194,0000000800000001,62362802280,3181,1073
1760027195,0000004000000008,62366271485,3181,1074
1760027197,0000008000000001,62387889966,3181,1075
1760027198,0000000800000080,62402788478,3180,1076
1760027199,0000008000000040,62409594647,3180,1077
1760027200,0000004000000020,62418245847,3181,1078
1760027202,0000000800000080,62437478965,3181,1079
1760027204,0000000800000020,62456720283,3181,1080
1760027207,0000000200000010,62491039813,3181,1081
1760027212,0000000200000010,62537674737,3180,1082
1760027212,0000000200000002,62543983360,3181,1083
1760027213,0000001000000002,62550963093,3180,1084
1760027214,0000004000000080,62559317336,3180,1085
1760027217,0000000100000080,62584964824,3180,1086
1760027217,0000000200000020,62587802843,3180,1087
1760027218,0000000800000020,62602574614,3181,1088
1760027225,0000004000000004,62670305147,3181,1089
1760027225,0000000200000004,62672001206,3181,1090
1760027226,0000000100000080,62678989797,3181,1091
1760027227,0000004000000004,62690589423,3181,1092
1760027227,0000000800000040,62692537213,3181,1093
1760027230,0000000800000002,62718082282,3180,1094
1760027231,0000004000000001,62726905645,3181,1095
1760027234,0000000400000008,62755050152,3180,1096
1760027235,0000002000000010,62772389684,3181,1097
1760027236,0000001000000002,62775855624,3181,1098
1760027236,0000004000000080,62777488264,3181,1099
1760027236,0000004000000020,62784269258,3181,1100
1760027240,0000001000000008,62823932849,3181,1101
1760027241,0000004000000010,62827002674,3181,1102
1760027241,0000000800000001,62828722893,3181,1103
1760027243,0000000800000080,62848506783,3180,1104
1760027243,0000004000000010,62850224320,3181,1105
1760027245,0000000100000080,62872424011,3181,1106
1760027246,0000002000000010,62877566684,3181,1107
1760027249,0000004000000080,62910641064,3181,1108
1760027250,0000000800000080,62916951436,3180,1109
1760027251,0000004000000008,62926296914,3181,1110
1760027253,0000000100000080,62951069265,3180,1111
1760027254,0000000800000020,62957636902,3181,1112
1760027254,0000000100000004,62962023425,3181,1113
1760027255,0000000800000040,62971812256,3181,1114
1760027256,0000000200000001,62975025945,3181,1115
1760027256,0000001000000040,62979776781,3180,1116
1760027256,0000008000000002,62982725425,3181,1117
1760027257,0000000100000004,62985108355,3180,1118
1760027258,0000000200000080,63000114501,3181,1119
1760027259,0000000800000001,63012173078,3181,1120
1760027261,0000000400000080,63026568936,3181,1121
1760027262,0000000800000020,63041767547,3180,1122
1760027264,0000000800000002,63055042734,3180,1123
1760027265,0000008000000080,63064384132,3180,1124
1760027265,0000008000000001,63066488286,3181,1125
1760027266,0000000800000008,63074661906,3180,1126
1760027266,0000004000000080,63079759301,3181,1127
1760027266,0000001000000004,63083401332,3180,1128
1760027267,0000000800000008,63088253483,3180,1129
1760027267,0000000200000002,63089309613,3181,1130
1760027269,0000004000000080,63109403744,3181,1131
1760027271,0000000100000001,63128944927,3181,1132
1760027271,0000000800000080,63130436793,3181,1133
1760027275,0000000400000008,63169357715,3180,1134
1760027275,0000000200000002,63173127159,3181,1135
1760027277,0000000100000001,63185211520,3181,1136
1760027278,0000000100000020,63199723539,3181,1137
1760027280,0000000100000020,63220046246,3180,1138
1760027281,0000000200000001,63226477834,3180,1139
1760027283,0000004000000040,63244388954,3181,1140
1760027283,0000000800000080,63249708143,3181,1141
1760027283,0000000100000008,63252564967,3180,1142
1760027285,0000000400000020,63270821997,3181,1143
1760027286,0000000400000010,63283950152,3180,1144
1760027288,0000000100000020,63301720928,3181,1145
1760027288,0000000400000080,63302970319,3181,1146
1760027289,0000004000000008,63307387830,3181,1147
1760027289,0000001000000020,63313786662,3180,1148
1760027290,0000004000000002,63322375044,3180,1149
1760027293,0000000800000010,63346495422,3180,1150
1760027293,0000000200000080,63352105980,3180,1151
1760027294,0000000200000080,63361758222,3180,1152
1760027298,0000000400000040,63395808090,3180,1153
1760027302,0000000800000002,63436153594,3181,1154
1760027303,0000000100000080,63451090914,3181,1155
1760027304,0000004000000008,63457552846,3180,1156
1760027304,0000002000000008,63459716964,3181,1157
1760027304,0000000200000010,63461145436,3181,1158
1760027305,0000000200000080,63468913264,3180,1159
1760027305,0000008000000040,63471593753,3180,1160
1760027307,0000008000000020,63493726787,3181,1161
1760027309,0000004000000010,63512878377,3180,1162
1760027310,0000000800000002,63517263486,3181,1163
1760027313,0000004000000080,63546020387,3180,1164
1760027316,0000000800000020,63575254499,3180,1165
1760027316,0000000800000008,63576761604,3180,1166
1760027317,0000001000000010,63589488690,3180,1167
1760027319,0000000800000001,63613425620,3181,1168
1760027321,0000008000000004,63631436328,3181,1169
1760027322,0000000800000010,63639547155,3181,1170
1760027322,0000000200000008,63641029092,3180,1171
1760027324,0000004000000010,63655199278,3180,1172
1760027324,0000000800000001,63662596231,3180,1173
1760027325,0000001000000020,63671582517,3180,1174
1760027326,0000000800000001,63676085167,3181,1175
1760027329,0000004000000004,63708015277,3181,1176
1760027330,0000000800000008,63714541314,3180,1177
1760027330,0000001000000004,63721320629,3180,1178
1760027330,0000001000000080,63723128279,3181,1179
1760027331,0000000800000020,63724734122,3181,1180
1760027331,0000000800000010,63730227499,3180,1181
1760027334,0000008000000020,63757479606,3180,1182
1760027335,0000000200000001,63772785046,3181,1183
1760027339,0000000200000080,63814139163,3181,1184
1760027340,0000004000000008,63821543534,3181,1185
1760027342,0000002000000080,63838138508,3181,1186
1760027343,0000000800000001,63846295642,3181,1187
1760027344,0000000200000020,63854393172,3180,1188
1760027345,0000004000000002,63870024796,3180,1189
1760027345,0000000400000008,63873819814,3181,1190
1760027346,0000000800000008,63874335896,3181,1191
1760027347,0000000800000002,63893694164,3180,1192
1760027349,0000002000000080,63906206649,3181,1193
1760027350,0000000800000010,63918482758,3180,1194
1760027354,0000002000000080,63963081414,3181,1195
1760027355,0000004000000008,63965861602,3181,1196
1760027356,0000002000000008,63974881946,3181,1197
1760027357,0000000400000008,63985007917,3180,1198
1760027357,0000008000000010,63988925386,3181,1199
1760027358,0000000800000001,64002423232,3181,1200
1760027360,0000000200000001,64018751387,3180,1201
1760027361,0000000800000080,64026285435,3180,1202
1760027361,0000004000000080,64027608611,3181,1203
1760027361,0000000100000008,64028094568,3181,1204
1760027361,0000000400000080,64033135974,3181,1205
1760027362,0000000800000010,64034561717,3181,1206
1760027363,0000001000000010,64053829539,3181,1207
1760027364,0000004000000001,64056898588,3181,1208
1760027369,0000000200000020,64104641211,3180,1209
1760027369,0000004000000080,64108609911,3180,1210
1760027371,0000001000000004,64125568589,3181,1211
1760027372,0000000800000010,64135296100,3181,1212
1760027372,0000000200000008,64140724887,3180,1213
1760027373,0000000800000008,64145598339,3181,1214
1760027373,0000004000000010,64146804196,3181,1215
1760027374,0000000800000080,64160114818,3181,1216
1760027375,0000004000000002,64173797407,3181,1217
1760027376,0000000400000001,64177156872,3181,1218
1760027376,0000001000000080,64177956757,3181,1219
1760027376,0000002000000080,64180230552,3180,1220
1760027377,0000000800000080,64185979045,3180,1221
1760027379,0000004000000040,64206653690,3181,1222
1760027380,0000004000000002,64216106495,3181,1223
1760027381,0000000400000002,64230386207,3180,1224
1760027384,0000001000000008,64260586500,3181,1225
1760027385,0000000800000004,64271374899,3181,1226
1760027387,0000000100000004,64287662752,3180,1227
1760027390,0000004000000080,64319082872,3181,1228
1760027391,0000008000000001,64331358299,3181,1229
1760027391,0000000800000010,64333762118,3181,1230
1760027392,0000000200000001,64343190437,3180,1231
1760027392,0000001000000002,64343369301,3181,1232
1760027396,0000000200000080,64375863298,3180,1233
1760027397,0000000800000002,64385168627,3181,1234
1760027397,0000000200000020,64393179822,3180,1235
1760027398,0000008000000080,64400149971,3181,1236
1760027399,0000001000000020,64413789828,3181,1237
1760027400,0000001000000001,64421053761,3181,1238
1760027401,0000004000000020,64428903989,3181,1239
1760027402,0000000100000040,64440159692,3181,1240
1760027403,0000000800000080,64452924751,3181,1241
1760027404,0000000100000002,64456967222,3181,1242
1760027404,0000001000000040,64459564640,3181,1243
1760027405,0000000200000002,64464585165,3181,1244
1760027406,0000004000000010,64475940323,3181,1245
1760027406,0000000800000008,64478406470,3181,1246
1760027407,0000000200000002,64492307525,3181,1247
1760027407,0000001000000080,64493103201,3181,1248
1760027410,0000000100000001,64516181586,3180,1249
1760027410,0000000800000020,64519006244,3181,1250
1760027410,0000008000000002,64521810586,3181,1251
1760027411,0000000400000080,64528791070,3181,1252
1760027418,0000000200000080,64595492713,3181,1253
1760027418,0000008000000008,64600658185,3181,1254
1760027419,0000002000000002,64606329365,3181,1255
1760027421,0000002000000010,64625089360,3181,1256
1760027423,0000000400000008,64653926822,3181,1257
1760027424,0000002000000020,64655677490,3181,1258
1760027424,0000008000000080,64659872284,3181,1259
1760027424,0000000800000001,64661079979,3181,1260
1760027425,0000000200000008,64667008818,3181,1261
1760027426,0000000800000020,64679927112,3181,1262
1760027427,0000008000000010,64691202932,3181,1263
1760027428,0000000400000001,64702701001,3181,1264
1760027429,0000001000000080,64704885157,3181,1265
1760027430,0000001000000080,64718421523,3181,1266
1760027430,0000000100000020,64718922644,3181,1267
1760027430,0000000200000010,64719445498,3181,1268
1760027431,0000004000000080,64729881315,3181,1269
1760027432,0000004000000004,64740954843,3181,1270
1760027433,0000004000000010,64746284304,3181,1271
1760027435,0000001000000040,64764812369,3181,1272
1760027435,0000000800000004,64770255946,3180,1273
1760027438,0000000800000080,64801448831,3181,1274
1760027438,0000000200000002,64801785545,3181,1275
1760027439,0000004000000080,64805678125,3181,1276
1760027440,0000002000000010,64818318298,3181,1277
1760027442,0000004000000080,64841829389,3181,1278
1760027443,0000000800000010,64844851555,3181,1279
1760027443,0000000400000080,64845695883,3181,1280
1760027444,0000000100000001,64855461361,3181,1281
1760027449,0000001000000008,64906589344,3180,1282
1760027451,0000002000000020,64925199349,3180,1283
1760027454,0000000400000001,64962329172,3181,1284
1760027454,0000000400000001,64963622042,3181,1285
1760027455,0000000800000004,64968414705,3181,1286
1760027460,0000002000000080,65015580183,3180,1287
1760027460,0000008000000008,65017472017,3180,1288
1760027463,0000000800000080,65044556735,3181,1289
1760027468,0000001000000080,65100461229,3181,1290
1760027468,0000008000000008,65101678918,3181,1291
1760027470,0000000100000002,65114552112,3181,1292
1760027470,0000000400000001,65117656437,3181,1293
1760027470,0000000800000080,65119619812,3181,1294
1760027472,0000004000000020,65134989114,3181,1295
1760027474,0000000800000010,65156781565,3181,1296
1760027474,0000000800000001,65157288986,3180,1297
1760027475,0000000400000004,65165453407,3181,1298
1760027475,0000001000000020,65166829487,3180,1299
1760027475,0000002000000008,65168841180,3180,1300
1760027476,0000000800000010,65176217711,3181,1301
1760027476,0000008000000008,65176810626,3181,1302
1760027479,0000004000000001,65204492251,3181,1303
1760027479,0000000800000020,65206850050,3181,1304
1760027479,0000000400000008,65211555928,3181,1305
1760027480,0000000400000008,65220389433,3180,1306
1760027482,0000000400000002,65240344630,3180,1307
1760027482,0000002000000010,65241562434,3181,1308
1760027482,0000004000000008,65241901653,3181,1309
1760027483,0000000200000020,65245913280,3181,1310
1760027483,0000000800000008,65249230456,3181,1311
1760027484,0000001000000008,65262161894,3180,1312
1760027484,0000001000000008,65262310831,3180,1313
1760027486,0000000800000020,65276410406,3180,1314
1760027486,0000008000000001,65280191019,3180,1315
1760027487,0000000200000002,65289436186,3180,1316
1760027488,0000000200000004,65296499962,3180,1317
1760027488,0000000200000020,65300209247,3180,1318
1760027490,0000004000000008,65314776541,3180,1319
1760027491,0000000800000002,65330627668,3181,1320
1760027492,0000001000000008,65339341589,3180,1321
1760027498,0000004000000002,65397588292,3180,1322
1760027498,0000001000000008,65399371466,3180,1323
1760027499,0000004000000020,65404962757,3180,1324
1760027500,0000000100000080,65418932606,3180,1325
1760027501,0000000100000010,65433173351,3180,1326
1760027502,0000000800000002,65436895697,3180,1327
1760027503,0000002000000008,65445183423,3181,1328
1760027504,0000001000000008,65457731107,3181,1329
1760027504,0000000800000001,65457827772,3181,1330
1760027504,0000000200000001,65458387606,3181,1331
1760027504,0000000100000010,65461023260,3181,1332
1760027507,0000004000000001,65491092536,3181,1333
1760027508,0000000800000080,65501837560,3181,1334
1760027511,0000000800000002,65524447438,3181,1335
1760027512,0000000800000080,65536970174,3181,1336
1760027512,0000001000000040,65543120530,3181,1337
1760027512,0000004000000080,65544174758,3181,1338
1760027513,0000000100000008,65545018989,3181,1339
1760027513,0000000800000080,65552981911,3180,1340
1760027514,0000002000000020,65556696215,3181,1341
1760027514,0000001000000080,65558115366,3181,1342
1760027517,0000000200000001,65587096314,3181,1343
1760027522,0000002000000008,65634823160,3180,1344
1760027522,0000000200000080,65637739009,3181,1345
1760027526,0000000200000008,65676404050,3180,1346
1760027526,0000004000000001,65680178411,3181,1347
1760027527,0000002000000010,65693017153,3180,1348
1760027528,0000008000000001,65696915372,3181,1349
1760027528,0000008000000008,65697528423,3181,1350
1760027528,0000000800000020,65699757756,3181,1351
1760027530,0000000800000080,65717410759,3181,1352
1760027530,0000004000000010,65718876970,3181,1353
1760027531,0000000400000080,65733352573,3181,1354
1760027532,0000000100000020,65741382899,3180,1355
1760027533,0000000800000040,65751763641,6361,1356
1760027535,0000000800000008,65771247450,3181,1357
1760027535,0000001000000080,65771250088,3181,1358
1760027536,0000008000000002,65780066009,3181,1359
1760027537,0000000200000008,65785066294,3181,1360
1760027539,0000004000000020,65804877461,3180,1361
1760027539,0000000800000080,65812311465,3181,1362
1760027541,0000000800000010,65826118286,3181,1363
1760027542,0000000100000008,65834350838,3181,1364
1760027542,0000000200000004,65844042962,3180,1365
1760027546,0000001000000004,65877835051,3180,1366
1760027547,0000001000000001,65887542093,3180,1367
1760027550,0000000800000080,65919147949,3180,1368
1760027550,0000000200000080,65921880205,3180,1369
1760027551,0000000800000004,65926703843,3181,1370
1760027551,0000000800000001,65928613396,3181,1371
1760027551,0000001000000010,65929942525,3181,1372
1760027551,0000000400000004,65931988113,3180,1373
1760027552,0000000100000002,65943244024,3181,1374
1760027553,0000004000000008,65947727043,6362,1375
1760027554,0000000400000001,65954506805,3181,1376
1760027554,0000000200000001,65955579807,3180,1377
1760027554,0000000100000008,65961750214,3180,1378
1760027555,0000000400000080,65971669954,3181,1379
1760027555,0000000800000080,65974055118,3181,1380
1760027556,0000000800000080,65976102933,3180,1381
1760027556,0000001000000001,65977234591,3181,1382
1760027556,0000002000000010,65980731358,3181,1383
1760027558,0000000400000010,66002201892,3180,1384
1760027559,0000004000000001,66006331814,3181,1385
1760027559,0000008000000010,66010431425,3180,1386
1760027559,0000004000000001,66011618109,3181,1387
1760027560,0000001000000010,66017110566,3180,1388
1760027560,0000000200000002,66021369255,3181,1389
1760027560,0000001000000080,66022664868,3181,1390
1760027560,0000008000000008,66022916602,3181,1391
1760027561,0000000200000080,66025804521,3180,1392
1760027562,0000000800000020,66035444099,3180,1393
1760027563,0000001000000001,66050662260,3181,1394
1760027564,0000004000000020,66058916807,3181,1395
1760027564,0000000200000020,66061993507,3181,1396
1760027565,0000000400000008,66067381225,3180,1397
1760027565,0000000800000080,66068784214,3180,1398
1760027566,0000000100000001,66080416390,3181,1399
1760027567,0000000100000080,66090956643,3181,1400
1760027568,0000008000000010,66099850362,3181,1401
1760027569,0000000200000001,66104590307,3181,1402
1760027569,0000008000000008,66111846054,3180,1403
1760027569,0000000200000080,66112958122,3180,1404
1760027571,0000000800000008,66125005273,3180,1405
1760027578,0000000800000080,66202746495,3181,1406
1760027579,0000000400000001,66206913210,3180,1407
1760027579,0000008000000010,66209956788,3180,1408
1760027580,0000000200000080,66221136024,3180,1409
1760027581,0000004000000001,66224339525,3180,1410
1760027581,0000008000000040,66227059372,3180,1411
1760027583,0000000100000080,66251935442,3181,1412
1760027584,0000000200000008,66258831076,3180,1413
1760027584,0000008000000001,66263496836,3180,1414
1760027587,0000000200000040,66285085627,3180,1415
1760027588,0000001000000040,66294381763,3181,1416
1760027588,0000000800000080,66302809230,3180,1417
1760027589,0000008000000001,66310299046,3180,1418
1760027590,0000000800000001,66316388831,3181,1419
1760027592,0000001000000002,66339745204,3180,1420
1760027593,0000000200000004,66346752067,3180,1421
1760027595,0000000400000080,66365280757,3180,1422
1760027595,0000000400000002,66365922234,3181,1423
1760027596,0000002000000080,66374517429,3181,1424
1760027596,0000000800000080,66384005444,3180,1425
1760027597,0000004000000008,66393323889,3181,1426
1760027598,0000000400000080,66402635825,3180,1427
1760027601,0000001000000080,66428348357,3180,1428
1760027603,0000000200000080,66449144315,3180,1429
1760027604,0000000200000008,66463869825,3180,1430
1760027606,0000000800000002,66482176732,3180,1431
1760027610,0000001000000080,66517835549,3180,1432
1760027612,0000004000000001,66540606310,3180,1433
1760027613,0000000800000020,66553014880,3181,1434
1760027615,0000000800000002,66564429257,3180,1435
1760027615,0000002000000080,66565212605,3181,1436
1760027616,0000000200000008,66581312800,3181,1437
1760027616,0000000100000080,66582299183,3181,1438
1760027618,0000000800000020,66598454036,3180,1439
1760027619,0000004000000008,66613437388,3180,1440
1760027622,0000000800000080,66635050770,3181,1441
1760027622,0000008000000008,66636339194,3181,1442
1760027623,0000000100000080,66645396232,3181,1443
1760027623,0000000200000020,66649863008,3181,1444
1760027623,0000008000000008,66653072283,3180,1445
1760027625,0000008000000008,66669627306,3180,1446
1760027626,0000008000000002,66677588928,3180,1447
1760027627,0000004000000008,66687729433,3180,1448
1760027627,0000004000000004,66688045779,3181,1449
1760027627,0000000800000008,66690479926,3181,1450
1760027628,0000000200000004,66702497818,3180,1451
1760027629,0000000400000001,66708149398,3180,1452
1760027630,0000000800000020,66721703082,3181,1453
1760027633,0000008000000080,66752016468,3180,1454
1760027634,0000000400000004,66755466701,3180,1455
1760027637,0000004000000010,66790135409,3180,1456
1760027638,0000004000000040,66799810598,3181,1457
1760027638,0000000800000020,66802990988,3180,1458
1760027640,0000000100000080,66820474490,3180,1459
1760027641,0000000800000020,66825618427,3181,1460
1760027641,0000001000000010,66828356564,3180,1461
1760027642,0000000200000040,66838073783,3180,1462
1760027643,0000000200000010,66854017725,3180,1463
1760027645,0000004000000080,66865470148,3180,1464
1760027646,0000001000000001,66883850154,3180,1465
1760027648,0000000800000010,66899541135,3180,1466
1760027648,0000000800000001,66902676264,3180,1467
1760027649,0000000200000040,66913965790,3181,1468
1760027650,0000000800000001,66918021003,3181,1469
1760027653,0000001000000004,66953607638,3181,1470
1760027654,0000002000000010,66953963722,3180,1471
1760027654,0000008000000001,66954410945,3181,1472
1760027655,0000002000000010,66964589245,3180,1473
1760027656,0000008000000001,66981384544,3181,1474
1760027656,0000004000000001,66983102726,3181,1475
1760027658,0000001000000020,67003704833,3180,1476
1760027659,0000000400000040,67008926371,3181,1477
1760027661,0000008000000010,67030699630,3180,1478
1760027663,0000000200000020,67053024444,3180,1479
1760027663,0000004000000080,67054090132,3180,1480
1760027667,0000000100000020,67092235566,3180,1481
1760027669,0000000200000004,67111743345,3181,1482
1760027673,0000000400000008,67145866914,3181,1483
1760027674,0000004000000040,67154921678,3180,1484
1760027674,0000002000000008,67158585134,3180,1485
1760027674,0000000100000008,67158740116,3180,1486
1760027675,0000000200000001,67168542762,3180,1487
1760027676,0000008000000020,67177489600,3180,1488
1760027681,0000002000000008,67227521765,3180,1489
1760027681,0000000800000008,67228128662,3181,1490
1760027684,0000004000000004,67255607179,3180,1491
1760027685,0000000200000020,67274137201,3181,1492
1760027686,0000002000000001,67278127655,3180,1493
1760027686,0000001000000008,67282916829,3180,1494
1760027688,0000000200000002,67302549476,3181,1495
1760027690,0000001000000008,67315455142,3181,1496
1760027690,0000000800000002,67316495594,3181,1497
1760027690,0000000200000008,67319201163,3181,1498
1760027690,0000004000000004,67319711676,3180,1499
1760027691,0000004000000002,67331102839,3181,1500
1760027692,0000000100000008,67334571683,3180,1501
1760027692,0000000800000008,67338794737,3181,1502
1760027693,0000000400000010,67350755710,3180,1503
1760027697,0000004000000080,67385876112,3180,1504
1760027701,0000002000000002,67427512962,3180,1505
1760027703,0000004000000002,67445981596,3181,1506
1760027703,0000004000000080,67448381299,3181,1507
1760027703,0000004000000020,67451407504,3180,1508
1760027704,0000000800000002,67457784917,3180,1509
1760027704,0000004000000080,67458710782,3180,1510
1760027705,0000001000000001,67470843859,3180,1511
1760027712,0000000100000080,67534473276,3180,1512
1760027712,0000000800000008,67539268576,3180,1513
1760027713,0000000100000008,67545627911,3181,1514
1760027713,0000000200000001,67545946697,3181,1515
1760027713,0000008000000020,67552790037,3180,1516
1760027714,0000004000000002,67558973979,3180,1517
1760027715,0000002000000002,67570667137,3181,1518
1760027716,0000000200000004,67575664003,3180,1519
1760027716,0000004000000004,67581652448,3180,1520
1760027718,0000002000000020,67603928362,3181,1521
1760027719,0000000800000008,67607787014,3180,1522
1760027723,0000000100000001,67649777954,3180,1523
1760027724,0000008000000002,67657410490,3180,1524
1760027724,0000000800000010,67659305156,3181,1525
1760027724,0000008000000080,67662194811,3180,1526
1760027725,0000004000000001,67673022036,3180,1527
1760027725,0000000800000040,67673130809,3181,1528
1760027728,0000000100000001,67698878329,3180,1529
1760027729,0000004000000080,67709880603,3180,1530
1760027732,0000000800000080,67737010968,3180,1531
1760027733,0000008000000080,67753139559,3181,1532
1760027734,0000000100000080,67761858664,3181,1533
1760027736,0000000200000002,67777630004,3181,1534
1760027739,0000002000000080,67807048352,3181,1535
1760027740,0000000800000080,67815698027,3180,1536
1760027740,0000002000000001,67818388137,3181,1537
1760027741,0000000800000010,67827758839,3181,1538
1760027742,0000000200000040,67838459821,3181,1539
1760027743,0000000200000080,67844852223,3181,1540
1760027744,0000002000000080,67856226562,3180,1541
1760027744,0000000800000080,67858694803,3181,1542
1760027746,0000000800000008,67883889118,3180,1543
1760027749,0000000400000020,67908842383,3181,1544
1760027752,0000000800000001,67935183276,3180,1545
1760027755,0000000100000001,67964553154,3181,1546
1760027755,0000004000000020,67970535478,3180,1547
1760027755,0000008000000002,67970567145,3181,1548
1760027757,0000008000000008,67988589725,3181,1549
1760027758,0000000800000008,67995267154,3180,1550
1760027758,0000004000000080,67998552306,3181,1551
1760027759,0000002000000020,68013311325,3180,1552
1760027761,0000008000000040,68032987349,3180,1553
1760027761,0000002000000010,68033871772,3181,1554
1760027762,0000000800000080,68037517784,3181,1555
1760027762,0000000800000002,68041512940,3181,1556
1760027762,0000000400000008,68043000634,3180,1557
1760027762,0000001000000020,68043901994,3180,1558
1760027763,0000000800000002,68044185401,3180,1559
1760027764,0000000200000010,68055108672,3181,1560
1760027767,0000000800000001,68091059018,3180,1561
1760027770,0000000200000008,68115184923,3180,1562
1760027770,0000001000000040,68116691407,3180,1563
1760027770,0000000800000008,68120285741,3181,1564
1760027772,0000002000000080,68134346733,3180,1565
1760027772,0000000100000001,68143329109,3180,1566
1760027773,0000000200000080,68144153444,3181,1567
1760027773,0000001000000040,68148841368,3181,1568
1760027774,0000000800000008,68161995804,3181,1569
1760027776,0000004000000008,68182151133,3181,1570
1760027777,0000002000000010,68191144723,3181,1571
1760027779,0000000200000008,68206122915,3181,1572
1760027780,0000000800000001,68216319168,3180,1573
1760027783,0000008000000002,68245324612,3180,1574
1760027784,0000000100000020,68256847141,3180,1575
1760027785,0000000200000001,68273728607,3180,1576
1760027786,0000004000000080,68279831350,3180,1577
1760027787,0000004000000002,68288187101,3180,1578
1760027787,0000001000000010,68290907655,3180,1579
1760027790,0000000100000008,68319901076,3180,1580
1760027790,0000000200000010,68323085146,3180,1581
1760027793,0000000800000080,68346638319,3180,1582
1760027794,0000000800000080,68360349303,3180,1583
1760027794,0000000200000002,68362871298,3180,1584
1760027795,0000004000000008,68364846148,3181,1585
1760027796,0000002000000080,68381727128,3180,1586
1760027797,0000000400000020,68384338153,3181,1587
1760027799,0000000100000004,68406435116,3180,1588
1760027799,0000008000000080,68406477360,3180,1589
1760027799,0000004000000001,68410517565,3181,1590
1760027800,0000001000000020,68418522558,3180,1591
1760027801,0000001000000004,68432274015,3181,1592
1760027802,0000004000000004,68441560959,3180,1593
1760027804,0000002000000020,68461666186,3180,1594
1760027806,0000008000000080,68480452442,3180,1595
1760027807,0000000100000008,68488803662,3181,1596
1760027808,0000000400000004,68503900690,3180,1597
1760027809,0000000100000008,68509817408,3181,1598
1760027810,0000000400000002,68521779213,3180,1599
1760027811,0000000800000001,68530636966,3180,1600
1760027813,0000004000000020,68546246856,3181,1601
1760027814,0000000800000010,68564135931,3181,1602
1760027815,0000002000000020,68572298848,3181,1603
1760027821,0000000200000008,68625097171,3180,1604
1760027821,0000000100000008,68627523840,3181,1605
1760027822,0000001000000010,68640390732,3181,1606
1760027823,0000000200000040,68650935649,3180,1607
1760027824,0000002000000001,68656334622,3180,1608
1760027826,0000002000000080,68679118124,3181,1609
1760027828,0000002000000010,68700292547,3180,1610
1760027828,0000000800000010,68701382926,3181,1611
1760027828,0000000200000008,68702505191,3181,1612
1760027831,0000000400000008,68728098847,3180,1613
1760027838,0000000200000008,68803027396,3181,1614
1760027839,0000001000000001,68807480653,3181,1615
1760027841,0000004000000010,68824585692,3180,1616
1760027841,0000001000000080,68827642659,3181,1617
1760027841,0000004000000004,68833573732,3181,1618
1760027842,0000001000000040,68836814478,3181,1619
1760027843,0000001000000080,68845033406,3180,1620
1760027843,0000000100000001,68846029387,3181,1621
1760027843,0000000800000008,68848944386,3181,1622
1760027844,0000000100000080,68863809572,3180,1623
1760027845,0000000800000010,68869908397,3180,1624
1760027848,0000000200000080,68903365750,3180,1625
1760027849,0000000200000001,68906419896,3180,1626
1760027849,0000000800000001,68909239918,3181,1627
1760027850,0000001000000008,68914441179,3180,1628
1760027850,0000004000000020,68918289527,3180,1629
1760027851,0000001000000010,68929749777,3180,1630
1760027854,0000001000000004,68958112489,3180,1631
1760027856,0000004000000002,68977780694,3180,1632
1760027856,0000000400000008,68978276710,3180,1633
1760027857,0000004000000080,68985895100,3180,1634
1760027858,0000000100000020,68998404397,3180,1635
1760027864,0000000800000020,69060827712,3180,1636
1760027865,0000000200000008,69065970742,3180,1637
1760027865,0000000800000008,69068961288,3181,1638
1760027866,0000000800000008,69082616094,3180,1639
1760027867,0000000800000002,69084369385,3181,1640
1760027867,0000002000000080,69087056720,3180,1641
1760027867,0000000800000002,69089392612,3180,1642
1760027868,0000001000000004,69095043900,3180,1643
1760027868,0000004000000010,69098476506,3181,1644
1760027870,0000000800000080,69116818583,3181,1645
1760027870,0000001000000002,69121412037,3180,1646
1760027871,0000000100000080,69124811818,3180,1647
1760027871,0000004000000001,69127150889,3180,1648
1760027871,0000000400000080,69130303519,3180,1649
1760027872,0000000200000080,69138166696,3180,1650
1760027877,0000001000000080,69188898235,3180,1651
1760027880,0000001000000002,69218303901,3180,1652
1760027881,0000000800000020,69229699936,3180,1653
1760027881,0000004000000010,69230389136,3180,1654
1760027884,0000000200000020,69263259135,3180,1655
1760027885,0000002000000001,69265765193,3180,1656
1760027885,0000000200000010,69268719499,3181,1657
1760027885,0000000100000080,69272326163,3180,1658
1760027889,0000000100000040,69311186873,3180,1659
1760027890,0000001000000008,69320023443,3180,1660
1760027890,0000000800000080,69321588838,3180,1661
1760027890,0000000800000080,69324029119,3180,1662
1760027891,0000004000000008,69328209992,3180,1663
1760027894,0000000400000020,69355295305,3180,1664
1760027894,0000000800000080,69358192327,3180,1665
1760027896,0000000200000008,69375595531,3180,1666
1760027896,0000000200000040,69380755917,3180,1667
1760027896,0000000800000080,69382562569,3180,1668
1760027897,0000001000000040,69389108542,3180,1669
1760027897,0000000400000080,69390045413,3180,1670
1760027898,0000004000000008,69395257720,3180,1671
1760027903,0000000800000001,69449563691,3180,1672
1760027905,0000004000000001,69464277018,3180,1673
1760027906,0000000400000080,69476334667,3180,1674
1760027907,0000004000000001,69489160574,3180,1675
1760027908,0000000200000080,69496043828,3181,1676
1760027908,0000000100000080,69504017664,3180,1677
1760027910,0000000800000004,69514769174,3181,1678
1760027910,0000000200000080,69521381778,3181,1679
1760027912,0000001000000040,69539173784,3181,1680
1760027913,0000004000000080,69547981475,3180,1681
1760027915,0000000400000080,69567753025,3180,1682
1760027916,0000004000000008,69575092246,3180,1683
1760027916,0000000400000008,69575592960,3181,1684
1760027916,0000002000000080,69576485898,3181,1685
1760027917,0000000100000008,69586475481,3180,1686
1760027918,0000001000000080,69603429595,3181,1687
1760027922,0000002000000040,69637905768,3180,1688
1760027922,0000000100000002,69638874222,3180,1689
1760027923,0000000100000080,69646436501,3181,1690
1760027924,0000001000000001,69654873429,3180,1691
1760027925,0000008000000010,69671518696,3180,1692
1760027925,0000000100000004,69673199413,3180,1693
1760027926,0000008000000080,69674758662,3181,1694
1760027926,0000002000000008,69680482643,3180,1695
1760027926,0000000800000040,69682634995,3181,1696
1760027927,0000000400000080,69685371374,3181,1697
1760027927,0000002000000001,69689496289,3180,1698
1760027928,0000002000000010,69698744408,3181,1699
1760027929,0000000400000004,69710474197,3180,1700
1760027930,0000000200000020,69716895347,3181,1701
1760027930,0000002000000008,69720037473,3181,1702
1760027931,0000000100000080,69729523942,3180,1703
1760027931,0000000800000080,69732707576,3181,1704
1760027932,0000000200000008,69736173729,3181,1705
1760027932,0000000100000004,69737860190,3181,1706
1760027932,0000001000000010,69739539913,3180,1707
1760027934,0000000800000010,69758940930,3181,1708
1760027935,0000001000000020,69764547833,3181,1709
1760027935,0000004000000020,69773881240,3180,1710
1760027940,0000004000000002,69815187439,3181,1711
1760027940,0000000100000010,69815220539,3180,1712
1760027942,0000000800000004,69836017893,3180,1713
1760027942,0000002000000001,69839737759,3181,1714
1760027942,0000000200000020,69840112904,3181,1715
1760027943,0000000800000002,69847069785,3181,1716
1760027943,0000004000000080,69853756360,3180,1717
1760027944,0000000800000080,69855047367,3180,1718
