1762927211,0000000400000004,1817980199434,2239,1827
1762927220,0000008000000001,1818066138618,2263,1828
1762927224,0000000800000002,1818102178409,5295,1829
1762927224,0000000400000008,1818103690169,5205,1830
1762927224,0000000100000004,1818105952494,5072,1831
1762927251,0000004000000008,1818379951074,4180,1832
1762927258,0000008000000080,1818447320857,5311,1833
1762927261,0000004000000008,1818476483044,3557,1834
1762927266,0000000100000001,1818529160623,394,1835
1762927277,0000004000000080,1818632296100,4582,1836
1762927312,0000008000000008,1818981940331,4328,1837
1762927313,0000000100000080,1818996885544,3413,1838
1762927314,0000000100000001,1819004733006,2934,1839
1762927314,0000004000000004,1819006586396,2821,1840
1762927314,0000008000000080,1819008677771,2696,1841
1762927316,0000004000000001,1819025507826,1692,1842
1762927324,0000000100000001,1819106621350,2005,1843
1762927334,0000008000000001,1819207515751,1131,1844
1762927357,0000000100000004,1819439542273,2748,1845
1762927387,0000000400000008,1819732931240,697,1846
1762927396,0000000100000001,1819821720011,551,1847
1762927401,0000008000000080,1819873604091,2606,1848
1762927410,0000000400000004,1819965684822,2267,1849
1762927414,0000000100000008,1820005171158,5094,1850
1762927420,0000004000000004,1820062259713,1655,1851
1762927420,0000008000000080,1820066140186,1423,1852
1762927424,0000008000000004,1820107915718,4117,1853
1762927452,000000c000000080,1820384804798,3023,1854
1762927453,0000000100000002,1820399767596,2126,1855
1762927466,0000000100000003,1820526640730,4893,1856
1762927470,0000000100000001,1820564563177,2596,1857
1762927472,0000004000000001,1820582229241,1542,1858
1762927474,0000008000000080,1820602485575,332,1859
1762927477,0000008000000080,1820632349561,3727,1860
1762927477,0000000800000001,1820635078605,3560,1861
1762927494,0000000800000080,1820808725393,3500,1862
1762927501,0000008100000003,1820872996702,4834,1863
1762927505,0000004000000008,1820919726243,2014,1864
1762927519,0000000800000002,1821056722954,4177,1865
1762927534,0000008000000001,1821202475262,597,1866
1762927553,0000000400000001,1821391707239,4799,1867
1762927555,0000008000000080,1821416324736,3305,1868
1762927566,0000004000000004,1821523726688,2039,1869
1762927588,0000000100000001,1821742347295,4484,1870
1762927598,0000000800000008,1821847358151,3345,1871
1762927605,0000000400000001,1821914689311,4505,1872
1762927610,0000000100000001,1821965086304,1460,1873
1762927614,0000008000000001,1822010470028,3934,1874
1762927622,0000008000000080,1822084586899,4672,1875
1762927623,0000008000000008,1822099127043,3793,1876
1762927625,0000004000000008,1822117254983,2685,1877
1762927638,0000000100000004,1822241092509,450,1878
1762927653,0000000100000001,1822394419107,1605,1879
1762927684,0000000200000008,1822708956451,3462,1880
1762927721,0000004000000001,1823080462601,1890,1881
1762927751,0000000800000004,1823374349550,4992,1882
1762927754,0000000400000080,1823402846998,3270,1883
1762927763,0000008000000080,1823496706077,2813,1884
1762927781,0000000800000002,1823677273680,2342,1885
1762927792,0000000800000080,1823786668587,963,1886
1762927794,0000008000000080,1823801474635,5267,1887
1762927794,0000000800000080,1823801907960,5241,1888
1762927816,0000008000000080,1824030281236,1888,1889
1762927833,0000000400000002,1824192525175,2510,1890
1762927864,0000002000000001,1824508325024,4311,1891
1762927866,0000000400000080,1824522720934,3430,1892
1762927877,0000000400000001,1824637438636,1724,1893
1762927881,0000000100000001,1824677775322,4505,1894
1762927911,0000000800000001,1824979236495,1938,1895
1762927913,0000004000000080,1824991134580,1223,1896
1762927913,0000008000000008,1824995596246,958,1897
1762927916,0000008000000004,1825026516150,4303,1898
1762927919,0000008000000080,1825054424212,2603,1899
1762927926,0000000400000080,1825122647929,3707,1900
1762927926,0000000400000080,1825125690116,3520,1901
1762927928,0000000800000002,1825143015237,2469,1902
1762927928,0000008000000080,1825143978048,2412,1903
1762927931,0000000100000002,1825175746842,515,1904
1762927935,0000008000000004,1825211642349,3545,1905
1762927951,0000008000000002,1825377237676,3981,1906
1762927951,0000004000000008,1825377439664,3968,1907
1762927959,0000008000000080,1825455959344,4441,1908
1762927972,0000000800000001,1825589977563,1559,1909
1762927993,0000008000000008,1825799619472,4545,1910
1762928005,0000000100000004,1825914635675,2797,1911
1762928005,0000000800000002,1825916729957,2671,1912
1762928041,0000008000000002,1826280566853,1569,1913
1762928043,0000000400000004,1826291383801,921,1914
1762928077,0000000400000080,1826632942151,1149,1915
1762928104,0000000100000080,1826906664383,276,1916
1762928107,0000004000000080,1826940356605,3433,1917
1762928108,0000000100000001,1826948867560,2913,1918
1762928115,0000000100000001,1827015401984,4126,1919
1762928127,0000000100000001,1827134149656,2159,1920
1762928154,0000008000000008,1827404944659,1455,1921
1762928154,0000000800000001,1827410738455,1109,1922
1762928162,0000000e00000001,1827488493918,1624,1923
1762928174,0000000800000080,1827604868298,5018,1924
1762928190,0000000800000008,1827765962846,524,1925
1762928200,0000000100000001,1827863695549,5031,1926
1762928238,0000000100000001,1828247192385,2723,1927
1762928243,0000000200000001,1828291607973,5257,1928
1762928244,0000004000000008,1828303628370,4545,1929
1762928266,0000000400000004,1828521819341,1793,1930
1762928270,0000004000000001,1828569522567,4132,1931
1762928275,0000008000000002,1828618782285,1155,1932
1762928278,0000008000000080,1828642894899,4906,1933
1762928303,0000000100000001,1828898689942,5098,1934
1762928308,0000004000000002,1828946375369,2222,1935
1762928315,0000000800000080,1829020497224,2954,1936
1762928323,0000008000000080,1829093621439,3763,1937
1762928330,0000000400000008,1829165697496,4627,1938
1762928332,0000008000000002,1829182270224,3622,1939
1762928347,0000008000000080,1829335655890,4789,1940
1762928349,0000000100000080,1829360329020,3292,1941
1762928351,0000000400000008,1829376407557,2322,1942
1762928351,0000000100000080,1829376795341,2299,1943
1762928374,0000004000000008,1829604993700,4172,1944
1762928386,0000004000000080,1829727238219,1997,1945
1762928389,0000000400000004,1829759133410,5277,1946
1762928396,0000008000000001,1829824891043,1319,1947
1762928398,0000004000000080,1829844130744,172,1948
1762928417,0000008000000080,1830035160003,4266,1949
1762928428,0000008000000080,1830145179369,2821,1950
1762928459,0000008000000080,1830460061958,4675,1951
1762928477,0000008000000080,1830637571056,4387,1952
1762928488,0000000100000001,1830750036171,2792,1953
1762928498,0000000100000001,1830848980416,2042,1954
1762928515,0000004000000080,1831015376235,2416,1955
1762928530,0000000800000002,1831169904494,3518,1956
1762928543,0000004000000080,1831299851319,896,1957
1762928544,0000000100000008,1831300636111,849,1958
1762928546,0000008000000001,1831327305822,4450,1959
1762928548,0000000100000001,1831344915101,3375,1960
1762928567,0000000100000001,1831539504515,2057,1961
1762928597,0000000100000002,1831834861127,5073,1962
1762928607,0000004000000004,1831930959714,4495,1963
1762928610,0000004000000080,1831961079397,2661,1964
1762928615,0000000400000002,1832013484849,4723,1965
1762928625,0000000400000080,1832118269024,3605,1966
1762928643,0000008000000080,1832294966953,3358,1967
1762928675,0000000800000004,1832612887002,5019,1968
1762928678,0000000100000008,1832650142937,2763,1969
1762928697,0000008000000001,1832839221137,1786,1970
1762928706,0000008000000002,1832928029764,1638,1971
1762928724,0000000800000004,1833109691685,1099,1972
1762928731,0000000400000004,1833179169671,2110,1973
1762928750,0000000500000080,1833364269086,1366,1974
1762928757,0000000400000008,1833432667739,2439,1975
1762928786,0000000400000080,1833721953557,634,1976
1762928786,0000004000000080,1833722274262,615,1977
1762928795,0000000100000001,1833817018105,5297,1978
1762928797,0000000100000004,1833839206295,3973,1979
1762928816,0000004000000080,1834028861909,2933,1980
1762928818,0000000800000080,1834046823455,1861,1981
1762928823,0000004000000004,1834092133810,4342,1982
1762928854,0000000100000080,1834404301788,1133,1983
1762928856,0000008000000004,1834429532886,4818,1984
1762928867,0000000100000080,1834533740986,3741,1985
1762928868,0000008000000080,1834548164022,2858,1986
1762928882,0000008000000080,1834686909279,4917,1987
1762928882,0000008000000080,1834687635031,4874,1988
1762928916,0000000800000004,1835022269756,327,1989
1762928919,0000000800000008,1835053040235,3666,1990
1762928923,0000000500000002,1835096563830,1044,1991
1762928925,0000004000000080,1835110792269,196,1992
1762928937,0000000100000080,1835237312061,2957,1993
1762928987,0000000800000002,1835737630332,4043,1994
1762928996,0000000800000004,1835829862801,3684,1995
1762929009,0000008000000001,1835960568869,1011,1996
1762929013,0000000800000001,1836000270989,3823,1997
1762929047,0000004000000002,1836339939834,4172,1998
1762929062,0000000100000004,1836487498208,486,1999
1762929090,0000000100000008,1836760845735,4819,2000
1762929093,0000000800000008,1836795518688,2714,2001
1762929097,0000000400000002,1836838058704,174,2002
1762929116,0000000400000004,1837028561912,4301,2003
1762929133,0000000400000004,1837194097755,4729,2004
1762929135,0000008000000080,1837219674595,3175,2005
1762929136,0000000400000002,1837228544629,2638,2006
1762929140,0000000100000004,1837262516952,610,2007
1762929149,0000000100000002,1837354715975,260,2008
1762929155,0000004000000002,1837417099642,1691,2009
1762929169,0000004800000002,1837556056011,3728,2010
1762929171,0000004000000004,1837579660066,2296,2011
1762929175,0000000100000001,1837618478353,5163,2012
1762929176,0000000100000001,1837621526626,4983,2013
1762929176,0000000400000002,1837623619657,4859,2014
1762929180,0000000400000001,1837660976101,2595,2015
1762929198,0000004000000001,1837841729904,2115,2016
1762929199,0000008000000002,1837855947021,1263,2017
1762929203,0000000800000002,1837895329171,4102,2018
1762929206,0000000800000008,1837929276987,2044,2019
1762929210,0000004000000004,1837963147346,5204,2020
1762929238,0000004000000002,1838243087504,3956,2021
1762929260,0000000100000008,1838469892392,696,2022
1762929275,0000000100000001,1838614828400,2354,2023
1762929301,0000000800000080,1838872493241,2435,2024
1762929301,0000000200000001,1838873919463,2350,2025
1762929314,0000004000000008,1839004044216,4926,2026
1762929316,0000000100000008,1839025285925,3644,2027
1762929334,0000000400000001,1839207327210,3070,2028
1762929357,0000000100000080,1839431758600,5161,2029
1762929358,0000000100000001,1839448594107,4159,2030
1762929364,0000000100000001,1839509077360,515,2031
1762929373,0000000800000080,1839593472344,631,2032
1762929374,0000008000000080,1839608894889,4899,2033
1762929384,0000008000000008,1839703896084,4385,2034
1762929396,0000008000000004,1839829722236,1994,2035
1762929401,0000000800000001,1839875471767,4453,2036
1762929401,0000000100000004,1839878624109,4262,2037
1762929408,0000000800000001,1839949339711,5192,2038
1762929413,0000000800000008,1839991741866,2628,2039
1762929436,0000004000000008,1840224595946,4226,2040
1762929439,0000000800000001,1840257463394,2232,2041
1762929440,0000004000000003,1840262788665,1914,2042
1762929443,0000000100000001,1840297956922,4999,2043
1762929448,0000008000000080,1840344442195,2195,2044
1762929470,0000008000000008,1840565113992,4519,2045
1762929472,0000000400000080,1840584870990,3314,2046
1762929481,0000000100000008,1840678094657,2895,2047
1762929485,0000000800000080,1840719517708,420,0
1762929488,0000000400000080,1840744166969,4135,1
1762929492,0000000800000004,1840788040765,1482,2
1762929498,0000000100000080,1840845192364,3236,3
1762929514,0000000100000001,1841002030209,4206,4
1762929516,0000000200000001,1841022981473,2926,5
1762929523,0000000400000002,1841093444073,3897,6
1762929539,0000008000000004,1841256798342,4464,7
1762929543,0000000100000080,1841291226499,2372,8
1762929547,0000008000000004,1841334026420,5005,9
1762929549,0000000800000080,1841351532429,3956,10
1762929589,0000000100000003,1841758839243,230,11
1762929609,0000008000000002,1841953155821,4126,12
1762929615,0000004000000002,1842014214816,449,13
1762929616,0000000100000008,1842026297720,4914,14
1762929634,0000004000000004,1842207389487,4417,15
1762929639,0000000800000004,1842251204991,1766,16
1762929642,0000000100000002,1842285954455,4879,17
1762929655,0000000100000008,1842415341867,2276,18
1762929712,0000000400000002,1842981065137,4622,19
1762929725,0000004000000008,1843114609864,1769,20
1762929735,0000008000000080,1843214471900,958,21
1762929747,0000000400000001,1843334974629,4108,22
1762929753,0000004000000080,1843395141451,484,23
1762929771,0000004000000008,1843580246687,4931,24
1762929776,0000000400000002,1843621765109,2420,25
1762929777,0000000800000004,1843633169949,1740,26
1762929782,0000000800000002,1843685668719,3783,27
1762929792,0000000100000002,1843784621395,3012,28
1762929794,0000000800000002,1843801317870,2013,29
1762929832,0000000400000002,1844188406721,4710,30
1762929835,0000008000000001,1844210797739,3350,31
1762929849,0000000400000002,1844356441453,4986,32
1762929862,0000000800000080,1844487847075,2263,33
1762929863,0000000800000004,1844495518828,1806,34
1762929889,0000008000000008,1844754511494,1811,35
1762929900,0000008000000080,1844870184891,5241,36
1762929936,0000008000000008,1845229345512,4427,37
1762929939,0000000800000080,1845258320149,2658,38
1762929967,0000000400000002,1845533451757,1699,39
1762930001,0000000100000004,1845877465481,1781,40
1762930019,0000008000000001,1846051016250,1729,41
1762930022,0000008000000001,1846084487764,4919,42
1762930027,0000000100000001,1846133337607,1971,43
1762930035,0000008000000080,1846215765880,2205,44
1762930063,0000000100000008,1846490497114,1263,45
1762930066,0000000800000001,1846524773688,4410,46
1762930070,0000000800000002,1846567039630,1852,47
1762930076,0000000800000008,1846623335868,3666,48
1762930091,0000008000000080,1846773326234,5031,49
1762930101,0000008000000004,1846871072840,4354,50
1762930111,0000000400000008,1846975652506,3239,51
1762930114,0000000100000001,1847006854569,1366,52
1762930129,0000000100000080,1847155011465,2834,53
1762930144,0000004000000008,1847306953798,4103,54
1762930147,0000000800000008,1847334996900,2397,55
1762930150,0000000100000008,1847368332644,406,56
1762930151,0000008000000080,1847378359381,4996,57
1762930153,0000000400000008,1847396028925,3936,58
1762930153,0000000800000080,1847399804201,3706,59
1762930156,0000008000000008,1847429920913,1887,60
1762930161,0000000800000001,1847471152137,4614,61
1762930165,0000004000000008,1847514507617,1992,62
1762930166,0000008000000001,1847527406505,1217,63
1762930178,0000000100000001,1847643994302,4605,64
1762930193,0000000100000002,1847799001924,471,65
1762930200,0000000400000080,1847868289167,1487,66
1762930241,0000000800000008,1848274032627,3045,67
1762930242,0000004000000008,1848286394471,2301,68
1762930251,0000000100000004,1848374214564,2214,69
1762930258,0000000100000001,1848446156587,3078,70
1762930258,0000000100000080,1848446782997,3041,71
1762930285,0000000100000001,1848715485057,4918,72
1762930289,0000008000000008,1848750467952,370,73
1762930301,0000008000000080,1848871834235,3449,74
1762930310,0000004000000080,1848968016617,2848,75
1762930321,0000000400000080,1849076262299,1539,76
1762930337,0000004000000008,1849234905220,2379,77
1762930354,0000000800000004,1849409383050,2272,78
1762930364,0000008000000001,1849509851142,1428,79
1762930384,0000000300000001,1849709020854,5034,80
1762930388,0000000100000001,1849747817100,2686,81
1762930390,0000004000000008,1849764546238,1688,82
1762930400,0000000400000080,1849869011846,606,83
1762930410,0000008000000080,1849968883546,4986,84
1762930415,0000008000000080,1850016628244,2104,85
1762930417,0000008000000080,1850035188879,992,86
1762930421,0000000800000002,1850073291794,3902,87
1762930422,0000008000000080,1850089156777,2931,88
1762930454,0000000800000002,1850404456867,4759,89
1762930462,0000000600000001,1850482855192,5229,90
1762930469,0000000800000080,1850551155148,1118,91
1762930477,0000004000000008,1850636968642,1150,92
1762930493,0000000800000004,1850798429338,1825,93
1762930505,0000000400000002,1850912517884,165,94
1762930506,0000000400000002,1850924710186,4630,95
1762930506,0000008000000080,1850924753809,4627,96
1762930510,0000004000000080,1850966106635,2123,97
1762930529,0000008000000001,1851157584195,997,98
1762930555,0000000800000080,1851416596291,1000,99
1762930563,0000004000000080,1851493607530,1559,100
1762930581,0000004000000080,1851673600823,1120,101
1762930591,0000000100000002,1851778733324,5186,102
1762930602,0000004000000002,1851890162058,3680,103
1762930608,0000000800000008,1851940921011,630,104
1762930611,0000000800000080,1851978785151,3540,105
1762930636,0000000400000001,1852222022232,4502,106
1762930638,0000000100000007,1852244300392,3143,107
1762930659,0000004000000004,1852454034864,923,108
1762930681,0000000100000001,1852678431781,2998,109
1762930691,0000008000000080,1852778076718,2200,110
1762930692,0000000400000002,1852783380613,1885,111
1762930693,0000008000000080,1852791016429,1425,112
1762930694,0000000100000001,1852807700081,431,113
1762930710,0000000400000008,1852966963053,1229,114
1762930723,0000008000000080,1853093291815,4031,115
1762930735,0000000400000001,1853219163380,1640,116
1762930744,0000008000000080,1853306130324,1602,117
1762930754,0000008000000080,1853401657808,1052,118
1762930756,0000008000000008,1853420880888,5093,119
1762930767,0000008000000002,1853535228174,6808,120
1762930796,0000008000000080,1853824105849,1610,121
1762930808,0000004000000001,1853945307488,4719,122
1762930814,0000004000000008,1854000755699,1371,123
1762930829,0000000400000004,1854155200841,2462,124
1762930842,0000000100000001,1854283769760,5127,125
1762930847,0000008000000080,1854333460246,2130,126
1762930848,0000008000000004,1854340686275,1698,127
1762930850,000000c000000080,1854365565529,212,128
1762930865,0000008000000008,1854515721707,1558,129
1762930878,0000000400000002,1854645621401,4145,130
1762930891,0000000800000008,1854774489118,1575,131
1762930911,0000000100000004,1854972337479,5258,132
1762930927,0000000100000002,1855136009364,611,133
1762930927,0000004000000080,1855139234399,419,134
1762930928,0000000800000004,1855146754015,5156,135
1762930929,0000004000000001,1855157361269,4528,136
1762930932,0000008000000001,1855187587192,2685,137
1762930956,0000008000000008,1855425310491,3989,138
1762930961,0000004000000008,1855477890316,818,139
1762930966,0000000400000001,1855526357174,3087,140
1762930971,0000000100000002,1855572519890,325,141
1762930975,0000000100000008,1855614514471,2977,142
1762930978,0000008000000008,1855642360681,1308,143
1762930997,0000000100000001,1855833127059,231,144
1762931007,0000000100000002,1855937296055,4358,145
1762931014,0000000400000004,1856006904405,165,146
1762931016,0000000400000080,1856025747865,4231,147
1762931020,0000000400000002,1856068917808,1619,148
1762931027,0000000800000080,1856138798406,2601,149
1762931039,0000004000000008,1856251188097,1044,150
1762931040,0000000100000001,1856265182593,211,151
1762931046,0000008000000080,1856321603131,2000,152
1762931053,0000004000000002,1856392372781,2931,153
1762931063,0000004000000004,1856497187858,1828,154
1762931068,0000004000000008,1856541333225,4380,155
1762931077,0000000400000008,1856639374064,3667,156
1762931080,0000004000000080,1856661757465,2310,157
1762931080,0000000400000001,1856663938305,2181,158
1762931093,0000000800000001,1856792814938,4829,159
1762931096,0000008000000008,1856821137489,3112,160
1762931100,000000c000000004,1856865955629,429,161
1762931106,0000004000000004,1856928022815,1881,162
1762931141,0000000100000007,1857271383906,2001,163
1762931146,0000008000000002,1857321250691,4211,164
1762931151,0000004000000004,1857373298903,1067,165
1762931170,0000000800000001,1857560267303,216,166
1762931174,0000000100000001,1857607442576,2555,167
1762931184,0000000800000002,1857702020239,2066,168
1762931205,0000000100000008,1857918776502,4625,169
1762931219,0000000900000004,1858050818649,1862,170
1762931237,0000000400000001,1858232317307,1333,171
1762931239,0000008000000080,1858257514972,5017,172
1762931256,0000004000000002,1858430025775,5027,173
1762931265,0000000100000004,1858514492676,5138,174
1762931275,0000000800000002,1858616630509,4199,175
1762931278,0000008000000080,1858643609789,2555,176
1762931285,0000008000000008,1858711587689,3672,177
1762931286,0000008000000080,1858726924510,2737,178
1762931296,0000000200000008,1858828919020,1802,179
1762931308,0000000100000002,1858944292405,5254,180
1762931328,0000008000000080,1859147145920,3437,181
1762931344,0000000100000001,1859301882977,4531,182
1762931358,0000000100000008,1859444890207,1110,183
1762931359,000000c000000001,1859456055980,445,184
1762931362,0000008000000080,1859484178538,3950,185
1762931368,000000c000000080,1859549495450,5207,186
1762931374,0000000100000002,1859600584302,2128,187
1762931383,0000008000000080,1859697037953,1523,188
1762931386,0000008000000080,1859726261023,4967,189
1762931399,0000008000000080,1859852605822,2545,190
1762931403,0000008000000080,1859898611960,4987,191
1762931404,0000000200000002,1859904704757,4626,192
1762931423,0000000100000002,1860096132457,3487,193
1762931431,0000000400000001,1860180082299,3635,194
1762931433,0000008000000080,1860193995882,2784,195
1762931436,0000000100000008,1860224276554,973,196
1762931445,0000000800000088,1860310627374,973,197
1762931464,0000000800000008,1860505067180,4865,198
1762931477,0000000800000001,1860633313097,2331,199
1762931481,0000000100000004,1860674982706,5030,200
1762931497,0000000400000080,1860834615556,622,201
1762931503,0000000400000003,1860891873193,2358,202
1762931516,0000000100000001,1861026198159,4686,203
1762931519,0000004000000080,1861059252660,2676,204
1762931531,0000008000000080,1861179863123,630,205
1762931534,0000008000000002,1861201676335,4519,206
1762931558,0000000100000002,1861440513412,1069,207
1762931561,0000008000000080,1861475650165,3610,208
1762931574,0000000100000080,1861607794677,855,209
1762931598,0000000100000005,1861846942936,2045,210
1762931615,0000000800000008,1862011487643,2529,211
1762931622,0000000100000001,1862082340191,3470,212
1762931632,0000004000000008,1862187970731,2304,213
1762931634,0000000100000001,1862202037622,1463,214
1762931643,0000000200000001,1862295634246,1029,215
1762931646,0000004000000002,1862325615576,4432,216
1762931658,0000000400000001,1862445990616,2365,217
1762931665,0000000800000008,1862517577492,3255,218
1762931715,0000000400000008,1863012851378,4643,219
1762931726,0000000100000008,1863126812351,2962,220
1762931739,0000008000000001,1863251918586,644,221
1762931743,0000008000000080,1863295328159,3215,222
1762931743,0000004000000080,1863297168709,3104,223
1762931744,0000000400000001,1863306745936,2525,224
1762931745,0000000100000001,1863314353100,2073,225
1762931782,0000008000000080,1863686089806,500,226
1762931798,0000000800000002,1863841086337,1554,227
1762931823,0000008000000080,1864092222767,2028,228
1762931836,0000000400000002,1864222951308,4567,229
1762931839,000000c000000080,1864252085881,2793,230
1762931846,0000004000000008,1864325890267,3559,231
1762931852,0000000100000008,1864387317096,5060,232
1762931866,0000008000000001,1864527221545,1835,233
1762931900,0000000200000002,1864861878622,2471,234
1762931911,0000000100000080,1864974587146,896,235
1762931918,0000004000000008,1865041748458,2044,236
1762931923,0000004000000008,1865095969321,3990,237
1762931935,0000008000000080,1865213897132,2077,238
1762931954,0000008000000080,1865402893884,1100,239
1762931969,0000000400000001,1865551762225,2523,240
1762931975,0000008000000008,1865610032366,4234,241
1762931981,0000000100000004,1865670332905,601,242
1762931986,0000008000000080,1865725293911,2473,243
1762931991,0000000800000001,1865775543016,4663,244
1762932003,0000000800000002,1865896792929,2544,245
1762932003,0000000100000001,1865899788446,2366,246
1762932004,0000008800000004,1865901503045,2264,247
1762932018,0000000100000001,1866046706290,3933,248
1762932041,0000000200000002,1866273483545,676,249
1762932042,0000000100000008,1866284477393,5204,250
1762932052,0000000400000080,1866388624652,4145,251
1762932056,0000004000000001,1866427261118,1806,252
1762932064,0000000100000080,1866505993577,2261,253
1762932069,0000004000000080,1866553022941,4642,254
1762932078,0000000800000001,1866649116601,4055,255
1762932082,0000000100000003,1866680589461,2147,256
1762932092,0000000100000008,1866788833414,838,257
1762932093,0000000400000080,1866798014716,291,258
1762932115,0000000100000004,1867012429458,2957,259
1762932115,0000000500000001,1867019663031,2521,260
1762932153,0000000400000080,1867396591230,639,261
1762932157,0000000100000004,1867435660715,3476,262
1762932184,0000008000000080,1867706083882,2782,263
1762932192,0000000100000008,1867786526420,3140,264
1762932193,0000004000000080,1867795524332,2596,265
1762932234,0000004000000004,1868203796153,4027,266
1762932270,0000000100000001,1868568813982,2828,267
1762932271,0000000400000004,1868575664784,2416,268
1762932286,0000000100000008,1868720583498,4107,269
1762932288,0000000100000008,1868746666958,2515,270
1762932301,0000000800000001,1868879433504,4933,271
1762932311,0000008000000008,1868973804785,4456,272
1762932312,0000000100000001,1868980055775,4078,273
1762932318,0000000400000008,1869045275468,161,274
1762932329,0000000100000080,1869154073403,3997,275
1762932329,000000c000000080,1869156426508,3855,276
1762932332,000000c000000080,1869180257534,2405,277
1762932349,0000008000000008,1869350404740,2557,278
1762932349,0000000200000002,1869352360060,2440,279
1762932352,000000c000000080,1869382418204,646,280
1762932381,0000004000000080,1869678792752,3590,281
1762932390,0000000800000002,1869762884254,3729,282
1762932396,0000000700000001,1869828773381,4960,283
1762932399,0000000800000008,1869853408867,3472,284
1762932405,0000000800000002,1869917591510,4814,285
1762932487,0000000400000001,1870730910173,2619,286
1762932491,0000000400000002,1870778580573,4959,287
1762932503,0000004000000008,1870890938189,3386,288
1762932509,0000000400000004,1870957418967,4596,289
1762932510,0000004000000004,1870960871696,4390,290
1762932516,0000008000000008,1871023478160,617,291
1762932530,0000000400000008,1871161926241,2661,292
1762932535,0000000400000002,1871211981432,4861,293
1762932564,0000000400000004,1871503505256,2890,294
1762932588,0000000100000004,1871747399458,3818,295
1762932593,0000000100000001,1871797065826,825,296
1762932603,0000000800000002,1871891791220,326,297
1762932620,0000000100000080,1872063214432,403,298
1762932630,0000008000000004,1872166617434,4575,299
1762932643,0000000800000008,1872295829998,1981,300
1762932643,0000000100000001,1872297046667,1909,301
1762932650,0000004000000080,1872368334150,2807,302
1762932660,0000000800000002,1872465488382,2162,303
1762932668,0000000100000008,1872547613730,2412,304
1762932681,0000000800000080,1872678918028,4917,305
1762932685,0000004000000004,1872719835565,2440,306
1762932694,0000000100000003,1872800153311,2801,307
1762932715,0000000100000001,1873016816328,174,308
1762932729,0000000400000008,1873150131287,2525,309
1762932746,0000000400000008,1873321524895,2604,310
1762932751,0000000400000002,1873379289572,4344,311
1762932773,0000008000000080,1873592871490,1871,312
1762932778,0000004000000001,1873648998433,3694,313
1762932784,0000000800000008,1873707319228,191,314
1762932810,0000000100000080,1873964384842,308,315
1762932830,0000008000000002,1874159935555,4132,316
1762932848,0000004000000001,1874345433551,3345,317
1762932889,0000008000000008,1874757057782,4570,318
1762932893,0000000400000080,1874791119944,2500,319
1762932904,0000000100000001,1874901979877,1034,320
1762932911,0000000800000002,1874974663287,1854,321
1762932927,0000008000000008,1875138758699,2366,322
1762932928,0000000800000080,1875140962783,2234,323
1762932945,0000000100000001,1875312417768,2309,324
1762932947,0000000100000080,1875337641782,801,325
1762932950,0000000100000003,1875360503534,4628,326
1762932954,0000008000000080,1875403217835,2044,327
1762932957,0000000200000004,1875430087252,439,328
1762932959,0000008000000008,1875452031200,4318,329
1762932963,0000004000000080,1875494804381,1730,330
1762932971,0000000800000080,1875574821706,2109,331
1762932982,0000000800000001,1875683654178,764,332
1762933004,0000000100000001,1875904991912,3019,333
1762933009,0000000400000004,1875958632687,5000,334
1762933009,0000000100000001,1875958976498,4981,335
1762933015,0000000800000008,1876013018540,1723,336
1762933030,0000008000000008,1876161412894,3179,337
1762933050,0000000800000088,1876366353766,1244,338
1762933055,0000008000000002,1876417353793,3369,339
1762933058,0000008000000080,1876441144282,1938,340
1762933060,0000004000000002,1876465595637,477,341
1762933062,0000000100000004,1876479924688,4810,342
1762933094,0000004000000004,1876800540935,1097,343
1762933095,0000000100000003,1876809908212,540,344
1762933096,0000008000000001,1876824996113,4828,345
1762933105,0000000800000001,1876912012552,4788,346
1762933106,0000008000000080,1876929454299,3736,347
1762933107,0000000100000002,1876934718554,3412,348
1762933122,0000000800000080,1877081465883,4981,349
1762933131,0000008000000002,1877174969364,4556,350
1762933169,0000004000000080,1877554674144,2471,351
1762933178,000000400000000a,1877645004132,2234,352
1762933207,0000004000000080,1877930579892,648,353
1762933241,0000000100000001,1878279489232,439,354
1762933247,0000000100000001,1878335485949,2251,355
1762933248,0000000800000001,1878346205530,1611,356
1762933278,0000008000000008,1878643532839,4515,357
1762933278,000000cc00000086,1878645729769,4385,358
1762933279,0000000800000008,1878651211186,4051,359
1762933301,0000000800000002,1878871611837,1169,360
1762933303,0000004000000001,1878897990925,4786,361
1762933304,0000008000000080,1878902723804,4507,362
1762933318,0000004000000001,1879046779023,1021,363
1762933325,0000008000000080,1879109818940,2415,364
1762933327,0000008000000004,1879130622215,1172,365
1762933336,0000004000000008,1879227038019,573,366
1762933349,0000000400000001,1879350209377,3546,367
1762933364,0000000800000001,1879506545901,4541,368
1762933369,0000008000000002,1879553200995,1720,369
1762933376,0000004000000080,1879620575677,2854,370
1762933381,0000000800000008,1879669781464,5101,371
1762933381,0000000400000002,1879673978025,4853,372
1762933387,0000000800000080,1879733091438,1287,373
1762933389,0000000400000080,1879754913492,5173,374
1762933391,0000004000000004,1879773131454,4087,375
1762933398,0000000400000008,1879848570669,4741,376
1762933407,0000000100000003,1879932111916,4907,377
1762933413,0000008000000080,1879995420346,1091,378
1762933420,0000008000000002,1880061090536,2329,379
1762933424,0000004000000004,1880101742431,5088,380
1762933441,0000000400000001,1880273520179,5142,381
1762933480,0000000100000001,1880659995050,2657,382
1762933484,0000000100000003,1880700256882,253,383
1762933498,0000004000000004,1880845673837,1883,384
1762933508,0000000400000001,1880945694636,1062,385
1762933510,0000000100000004,1880962821954,5229,386
1762933535,0000008800000080,1881219596837,177,387
1762933539,0000004000000080,1881257392498,3081,388
1762933541,0000000400000004,1881273608738,2110,389
1762933568,0000008000000080,1881543605834,1453,390
1762933606,0000008000000080,1881927382196,4352,391
1762933615,0000004000000002,1882016961861,4156,392
1762933621,0000000800000080,1882074596609,682,393
1762933641,0000004000000008,1882274058140,4275,394
1762933641,0000000100000001,1882275205381,4205,395
1762933679,0000000100000001,1882656912096,2004,396
1762933693,0000008000000001,1882797762342,3932,397
1762933694,0000000400000080,1882808490463,3272,398
1762933715,0000004000000001,1883010100181,1537,399
1762933716,0000000800000002,1883023504067,735,400
1762933739,0000008000000080,1883259448696,2115,401
1762933753,0000008000000080,1883391956686,4550,402
1762933798,0000008800000002,1883840619766,3513,403
1762933826,0000000800000004,1884122890584,2116,404
1762933835,0000000100000001,1884214560232,1799,405
1762933847,0000004000000004,1884339379596,4691,406
1762933859,0000000100000004,1884454824178,2922,407
1762933860,0000008000000084,1884468227634,2120,408
1762933866,0000004000000004,1884521391306,4132,409
1762933868,0000008000000004,1884540774209,2945,410
1762933871,0000000800000080,1884577129519,771,411
1762933884,0000000100000004,1884708386959,3255,412
1762933886,0000000800000002,1884725627837,2217,413
1762933889,0000000100000080,1884758115828,275,414
1762933903,0000000100000004,1884891423154,2627,415
1762933936,0000004000000080,1885228667675,3119,416
1762933980,0000000100000001,1885664286953,2882,417
1762933984,0000000100000001,1885703786141,524,418
1762933999,000000c000000080,1885852633302,1948,419
1762933999,0000000400000080,1885858666016,1586,420
1762934009,0000000100000002,1885958283264,793,421
1762934012,0000004400000002,1885987504231,4238,422
1762934019,0000004000000080,1886051151185,405,423
1762934024,0000000800000001,1886108470140,2138,424
1762934026,0000000400000001,1886121777442,1340,425
1762934041,0000000100000003,1886271745672,2700,426
1762934049,0000000800000008,1886354097369,2941,427
1762934065,0000004000000002,1886513232508,3771,428
1762934066,0000000100000001,1886527317460,2908,429
1762934073,0000000100000002,1886592980571,4174,430
1762934089,0000008000000080,1886751900701,4994,431
1762934090,0000000800000002,1886760403639,4492,432
1762934092,000000c000000080,1886786929626,2873,433
1762934095,0000000100000080,1886810422183,1468,434
1762934110,0000008000000080,1886962374586,2708,435
1762934111,0000000800000002,1886971813711,2144,436
1762934115,0000004000000008,1887011022275,4992,437
1762934124,0000008000000080,1887108253582,4344,438
1762934132,0000000100000002,1887189008201,4678,439
1762934142,0000008000000004,1887280480830,4371,440
1762934142,0000004000000001,1887287246078,3961,441
1762934144,0000000800000008,1887308582198,2657,442
1762934168,0000008000000080,1887545377770,4016,443
1762934171,000000c000000080,1887577391597,2076,444
1762934198,0000004800000008,1887846654911,1457,445
1762934210,0000008000000080,1887964623265,4766,446
1762934212,0000000400000080,1887987918869,3352,447
1762934221,0000004000000008,1888078391304,3099,448
1762934225,0000008000000080,1888112206582,1073,449
1762934225,0000000800000080,1888118498545,700,450
1762934227,0000000800000001,1888132030186,5077,451
1762934236,0000004000000008,1888228023101,4507,452
1762934258,0000008000000080,1888439857514,2136,453
1762934268,0000000100000004,1888549131414,763,454
1762934277,0000008000000002,1888639328498,536,455
1762934279,0000008000000080,1888655386030,4767,456
1762934325,0000000100000001,1889113048548,3190,457
1762934327,0000004000000004,1889131617911,2076,458
1762934327,0000000100000002,1889138110508,1687,459
1762934329,0000000100000001,1889155470076,650,460
1762934343,0000008000000080,1889296574222,2535,461
1762934364,0000000100000001,1889508775292,177,462
1762934366,0000004000000002,1889526649231,4300,463
1762934374,0000008000000080,1889604352339,4815,464
1762934374,0000000800000008,1889605359430,4756,465
1762934397,0000000400000080,1889836442734,1233,466
1762934399,0000008000000080,1889855964317,5254,467
1762934421,0000008000000080,1890073660948,2537,468
1762934436,0000000800000080,1890228334126,3633,469
1762934440,0000008000000001,1890265957135,1365,470
1762934455,0000004000000080,1890414894266,2785,471
1762934457,0000008000000080,1890433351908,1685,472
1762934459,0000008000000002,1890452608995,535,473
1762934460,0000000800000008,1890464021264,5040,474
1762934463,0000000400000008,1890495968328,3105,475
1762934483,0000000800000002,1890698212251,1334,476
1762934489,0000000100000008,1890759107511,2857,477
1762934494,0000000400000001,1890808454240,5095,478
1762934495,0000000800000008,1890810615790,4968,479
1762934495,0000000800000080,1890818972957,4473,480
1762934497,0000008000000080,1890834505723,3525,481
1762934499,0000000100000002,1890851031683,2522,482
1762934504,0000008000000001,1890902336306,4650,483
1762934533,0000000100000001,1891194811468,2617,484
1762934535,0000000400000001,1891210427628,1686,485
1762934535,0000000400000001,1891212941441,1535,486
1762934541,0000008000000080,1891277260702,2852,487
1762934547,0000000400000008,1891330952145,4833,488
1762934549,0000000400000004,1891354300391,3419,489
1762934556,0000004000000002,1891421703777,4572,490
1762934559,0000008000000080,1891455574429,2514,491
1762934561,0000004000000001,1891473919972,1417,492
1762934564,0000000100000002,1891500091538,5044,493
1762934567,0000000100000080,1891529991291,3236,494
1762934593,0000008000000009,1891794490174,2904,495
1762934606,0000000800000008,1891922866549,393,496
1762934607,0000000100000009,1891936944701,4743,497
1762934618,0000000400000004,1892047896891,3246,498
1762934624,0000004000000008,1892102701096,5151,499
1762934632,0000000400000080,1892181618883,408,500
1762934637,0000000400000001,1892232001153,2554,501
1762934648,0000004000000002,1892340518200,1229,502
1762934653,0000000100000008,1892398776263,2910,503
1762934658,0000004000000008,1892446177731,5264,504
1762934670,0000000100000080,1892565206673,3293,505
1762934676,0000004000000004,1892622567151,5045,506
1762934685,0000000800000004,1892718068198,4503,507
1762934685,0000004000000001,1892718167913,4497,508
1762934686,0000000100000001,1892720277593,4370,509
1762934706,0000008000000080,1892921675258,2621,510
1762934716,0000000800000008,1893023825818,1678,511
1762934726,0000008000000080,1893129012202,553,512
1762934746,0000004000000004,1893326364160,4269,513
1762934749,0000008000000008,1893356976345,2408,514
1762934754,0000000800000008,1893402466965,4879,515
1762934760,0000008000000080,1893468342460,911,516
1762934827,0000004000000008,1894138503372,2144,517
1762934831,0000000100000001,1894169562426,288,518
1762934841,0000004000000004,1894276382477,4256,519
1762934868,0000004000000004,1894548443878,3459,520
1762934877,0000008000000001,1894633174182,3559,521
1762934879,0000000100000001,1894658171423,2049,522
1762934880,0000008000000080,1894659475135,1972,523
1762934892,0000004000000002,1894788893935,4589,524
1762934904,0000000800000080,1894907701940,2615,525
1762934912,0000000100000001,1894986768741,3055,526
1762934919,0000000100000004,1895050410571,4442,527
1762934928,0000008000000008,1895141322864,4166,528
1762934928,0000000400000002,1895144776073,3955,529
1762934930,0000008000000080,1895167855140,2548,530
1762934934,0000008000000080,1895200670155,591,531
1762934936,0000004000000004,1895221930315,4511,532
1762934948,0000000400000001,1895341844120,2471,533
1762934954,0000000400000080,1895402808851,4017,534
1762934975,0000008000000004,1895611975971,1811,535
1762934979,0000000100000004,1895658826997,4201,536
1762934984,0000004000000008,1895705067287,1405,537
1762934994,0000004000000001,1895799650237,912,538
1762935002,0000008000000080,1895888620704,757,539
1762935004,0000004000000080,1895903871491,5035,540
1762935016,0000008000000080,1896028457450,2719,541
1762935023,0000000200000001,1896094339633,3970,542
1762935061,0000000800000002,1896474496500,1867,543
1762935064,0000000400000002,1896504977984,5230,544
1762935096,0000000400000001,1896821483041,1771,545
1762935100,0000000100000001,1896861104294,4595,546
1762935102,0000000200000002,1896888060235,2953,547
1762935104,0000008000000002,1896899534090,2264,548
1762935124,0000000400000001,1897107789941,5326,549
1762935127,0000000400000001,1897133071446,3812,550
1762935141,0000000400000080,1897279061065,225,551
1762935170,0000008000000080,1897560484340,4075,552
1762935177,0000000300000001,1897631069747,5017,553
1762935181,0000000100000003,1897674947335,2364,554
1762935192,0000000800000004,1897785563744,915,555
1762935216,0000000400000002,1898020880994,2333,556
1762935220,0000000800000004,1898060987042,5123,557
1762935242,0000000400000004,1898281292995,2251,558
1762935272,0000004000000004,1898584328127,4812,559
1762935300,0000000100000003,1898865346465,3481,560
1762935319,0000000100000001,1899050352113,2730,561
1762935342,0000004000000080,1899279950761,4525,562
1762935368,0000000800000002,1899544271838,4207,563
1762935393,0000000100000004,1899799018416,4465,564
1762935406,0000000200000002,1899925835222,2014,565
1762935413,0000008000000080,1899995143309,3036,566
1762935424,0000000800000001,1900106132061,1560,567
1762935444,0000000800000008,1900307177052,5053,568
1762935450,0000000400000001,1900368120990,1381,569
1762935457,0000008000000080,1900436493456,2456,570
1762935466,0000004000000004,1900523168562,2436,571
1762935471,0000004000000002,1900569615385,4851,572
1762935471,0000000800000001,1900574804183,4545,573
1762935493,0000000100000001,1900789775259,1986,574
1762935496,0000000100000008,1900823216973,5173,575
1762935496,0000000400000080,1900823563117,5152,576
1762935522,0000000400000001,1901088130607,4825,577
1762935526,0000000800000002,1901123446025,2684,578
1762935528,0000000c00000080,1901144920217,1400,579
1762935541,0000008000000001,1901269606527,4302,580
1762935550,0000008000000004,1901364603769,3775,581
1762935565,0000000400000003,1901515334611,5094,582
1762935570,0000008000000002,1901567262154,1963,583
1762935583,0000000800000004,1901693511351,4769,584
1762935590,0000008000000080,1901767702891,305,585
1762935595,0000008000000080,1901810512392,2909,586
1762935596,0000000300000001,1901822020450,2218,587
1762935610,0000000100000001,1901959555269,4351,588
1762935618,0000008000000002,1902046706779,4303,589
1762935622,0000004000000001,1902084669905,2004,590
1762935626,0000000100000001,1902126355718,4703,591
1762935634,0000000100000001,1902206290416,5082,592
1762935642,0000000100000001,1902287247637,216,593
1762935652,0000004000000080,1902381885693,4911,594
1762935661,0000004000000080,1902469830306,4816,595
1762935681,0000000100000008,1902671453366,3060,596
1762935681,000000c000000080,1902675636145,2805,597
1762935688,0000000800000008,1902742613611,3991,598
1762935689,0000004000000001,1902749325449,3579,599
1762935691,0000000800000002,1902778670309,1810,600
1762935721,0000000800000002,1903070988775,5009,601
1762935732,0000000800000080,1903186554551,3241,602
1762935734,0000000400000002,1903200010867,2428,603
1762935737,0000008000000080,1903233314512,440,604
1762935744,0000000400000001,1903299972550,1616,605
1762935745,0000008000000002,1903311841449,905,606
1762935747,0000000100000001,1903338203994,4523,607
1762935767,0000000400000002,1903536170476,2982,608
1762935780,0000000100000001,1903665205165,431,609
1762935788,0000000100000001,1903745748660,776,610
1762935802,0000000100000004,1903881825771,2966,611
1762935821,0000000100000001,1904071852894,1930,612
1762935825,0000008000000004,1904117992756,4363,613
1762935838,0000008000000080,1904242659935,2042,614
1762935855,0000000800000080,1904412612084,2205,615
1762935879,0000000800000080,1904652056005,3385,616
1762935894,0000000800000080,1904804234637,4633,617
1762935908,000000400000000c,1904939145802,1700,618
1762935910,0000000100000001,1904966127555,5273,619
1762935912,0000004000000001,1904981882767,4337,620
1762935913,0000000100000001,1904993106865,3654,621
1762935916,0000000800000002,1905027495843,1580,622
1762935918,0000000400000001,1905039157557,881,623
1762935932,0000008800000002,1905185916945,2430,624
1762935940,0000000100000002,1905261086758,3103,625
1762935965,0000008000000080,1905516269221,3340,626
1762935974,0000008000000008,1905600423819,3474,627
1762935976,0000000100000001,1905622758780,2126,628
1762935983,0000000100000080,1905692133645,3145,629
1762935993,0000008000000080,1905794865367,2161,630
1762935997,0000000400000080,1905832196998,5118,631
1762936003,0000008000000001,1905894669193,1355,632
1762936009,0000000100000080,1905949573944,3242,633
1762936013,0000000100000008,1905989716271,836,634
1762936014,0000008100000080,1906007185490,4981,635
1762936020,0000000100000080,1906059893824,1804,636
1762936029,0000000100000080,1906150152335,1568,637
1762936030,0000008000000080,1906164375911,720,638
1762936036,0000004000000004,1906227347052,2116,639
1762936038,0000000400000001,1906240853875,1306,640
1762936050,0000000800000008,1906364450529,4274,641
1762936053,0000000800000002,1906397242300,2282,642
1762936065,0000000100000002,1906516985456,288,643
1762936078,0000004000000080,1906647488020,2808,644
1762936084,0000008000000080,1906699489180,4890,645
1762936105,0000000400000002,1906916706680,2200,646
1762936118,0000004000000080,1907046243984,4811,647
1762936135,0000008000000080,1907217976403,4867,648
1762936163,000000c000000001,1907493084479,3901,649
1762936183,0000000400000004,1907697518287,1980,650
1762936186,0000000100000008,1907720012879,635,651
1762936187,0000004000000002,1907737120696,4804,652
1762936192,0000000100000001,1907781975241,2092,653
1762936196,0000000100000001,1907828916218,4479,654
1762936200,0000000100000001,1907859544139,2614,655
1762936241,0000008000000001,1908272262500,3774,656
1762936255,0000000400000080,1908413726490,459,657
1762936260,000000c000000080,1908467454507,2406,658
1762936279,0000008000000002,1908651191264,1748,659
1762936282,0000000100000001,1908687537731,4767,660
1762936286,0000000400000002,1908725005479,2494,661
1762936290,0000004000000080,1908768847320,5064,662
1762936315,0000000100000001,1909012287360,807,663
1762936320,0000008000000080,1909067555229,2664,664
1762936328,0000000800000080,1909148203446,3008,665
1762936343,0000000100000001,1909293685856,4664,666
1762936346,0000000800000008,1909327170705,2629,667
1762936352,0000000100000002,1909385249366,4352,668
1762936383,0000008000000004,1909692911754,1413,669
1762936394,0000008000000003,1909808136601,4878,670
1762936403,0000000400000008,1909893730444,4922,671
1762936416,0000000100000001,1910021707876,2404,672
1762936416,0000008000000080,1910026372168,2127,673
1762936424,0000000100000001,1910108081255,2401,674
1762936438,0000000800000008,1910248255212,4381,675
1762936442,0000000200000002,1910280958011,2390,676
1762936447,0000008000000080,1910331146186,4586,677
1762936448,0000000100000080,1910346112587,3678,678
1762936450,0000000100000004,1910368510058,2319,679
1762936454,0000000100000080,1910399602489,464,680
1762936468,0000008000000080,1910540821269,2342,681
1762936481,0000008000000008,1910672646519,4816,682
1762936482,0000004000000004,1910688790409,3844,683
1762936487,0000000100000001,1910736540573,964,684
1762936489,000000c000000080,1910752035822,5228,685
1762936497,0000000100000004,1910834842122,253,686
1762936512,0000004000000002,1910987422200,1453,687
1762936535,0000000100000080,1911212803141,3479,688
1762936550,0000000800000008,1911366824888,4615,689
1762936559,0000008000000080,1911449640083,4822,690
1762936563,0000004000000001,1911493403072,2177,691
1762936563,0000004000000010,1911495627911,2046,692
1762936575,0000000400000080,1911609537577,397,693
1762936576,0000004000000008,1911621025565,4899,694
1762936594,0000000800000008,1911803204760,4335,695
1762936600,0000000800000001,1911860163093,897,696
1762936602,0000008000000008,1911883636440,4689,697
1762936606,000000c000000080,1911924242203,2229,698
1762936613,0000000400000008,1911992876350,3298,699
1762936616,0000004000000001,1912024612330,1390,700
1762936632,0000000800000004,1912184822952,2138,701
1762936637,0000000400000002,1912229628974,4653,702
1762936647,0000008000000080,1912336513499,3404,703
1762936664,0000000100000080,1912504157633,3716,704
1762936674,0000008000000080,1912604120064,2881,705
1762936711,0000000100000080,1912973771089,1429,706
1762936714,0000000400000004,1913004039345,4812,707
1762936717,0000000100000002,1913036861400,2821,708
1762936743,0000000100000004,1913296524358,2783,709
1762936744,0000000800000008,1913306794260,2169,710
1762936751,0000000100000004,1913378547776,3044,711
1762936763,0000000800000004,1913492822845,1370,712
1762936782,0000000400000001,1913688525673,5184,713
1762936789,0000008000000008,1913753482652,1272,714
1762936795,0000004000000080,1913812868633,2886,715
1762936813,0000008000000080,1913989917967,2624,716
1762936817,0000008000000080,1914030721477,187,717
1762936826,0000000400000001,1914125371486,4882,718
1762936830,0000000400000008,1914164264021,2524,719
1762936841,0000000100000001,1914270999627,1306,720
1762936842,0000000100000008,1914283742988,549,721
1762936877,000000c000000080,1914635390936,172,722
1762936917,0000000400000008,1915038592352,1878,723
1762936929,0000008000000080,1915152304579,243,724
1762936938,0000000c00000080,1915248137949,4865,725
1762936952,0000000100000001,1915386554289,1723,726
1762936978,0000000800000001,1915640842229,2008,727
1762936995,0000000200000004,1915816939529,1805,728
1762937003,0000008000000080,1915895114986,2290,729
1762937003,0000000400000004,1915898413893,2094,730
1762937007,0000000100000001,1915929626016,230,731
1762937024,0000000100000002,1916100436244,343,732
1762937026,0000004000000080,1916119426627,4399,733
1762937035,0000000100000001,1916209571227,4168,734
1762937046,0000000800000002,1916319866706,2705,735
1762937080,0000000100000008,1916660084089,3019,736
1762937090,0000000400000002,1916764056918,1965,737
1762937100,0000004000000080,1916867560893,935,738
1762937130,0000000800000010,1917162848086,3957,739
1762937147,0000000800000080,1917328863123,4363,740
1762937156,0000000400000001,1917419165180,4123,741
1762937162,0000000400000002,1917479900901,467,742
1762937168,0000004000000008,1917543407056,1824,743
1762937174,0000000100000008,1917600289434,3606,744
1762937198,0000000100000002,1917839429207,4809,745
1762937201,0000000400000002,1917873799107,2723,746
1762937202,0000000200000001,1917883389602,2152,747
1762937236,0000008000000080,1918225648872,2337,748
1762937241,0000004000000080,1918270603100,4842,749
1762937245,0000004000000080,1918313719935,2234,750
1762937263,0000000800000002,1918494204168,1771,751
1762937267,0000008000000080,1918530997033,4763,752
1762937276,0000000800000001,1918625332966,4285,753
1762937299,0000000100000001,1918858610200,634,754
1762937301,0000008000000008,1918871700522,5040,755
1762937307,0000000800000002,1918929370245,1564,756
1762937316,0000008000000008,1919024596420,1031,757
1762937322,0000008000000080,1919081377148,2800,758
1762937341,0000008000000080,1919270898715,1796,759
1762937344,0000000400000080,1919306345896,4866,760
1762937351,0000000400000004,1919376837058,625,761
1762937371,0000000400000004,1919573096155,4408,762
1762937380,0000000100000001,1919662015278,4252,763
1762937381,0000008000000080,1919671774952,3657,764
1762937414,0000008000000080,1919998914620,4759,765
1762937451,0000000400000080,1920371724105,3091,766
1762937462,0000004000000008,1920483426309,1573,767
1762937473,0000000100000001,1920593176511,177,768
1762937477,0000000800000080,1920630160696,3129,769
1762937478,0000000800000080,1920638830540,2604,770
1762937515,0000008000000080,1921017740557,605,771
1762937517,0000000100000004,1921033150404,4871,772
1762937520,0000000800000002,1921063173428,3050,773
1762937526,0000000100000008,1921123527489,4634,774
1762937544,0000004000000008,1921299803047,4420,775
1762937560,0000008000000080,1921464904083,4872,776
1762937569,0000008000000080,1921554889308,4656,777
1762937572,0000008000000080,1921587847807,2653,778
1762937595,0000000100000001,1921809984152,4889,779
1762937619,0000000400000004,1922054963770,540,780
1762937635,0000008000000002,1922212573086,1439,781
1762937649,0000000100000002,1922352230853,3426,782
1762937651,0000000100000001,1922377624156,1898,783
1762937668,0000004000000004,1922538995685,2571,784
1762937668,0000000800000001,1922547291424,2077,785
1762937674,0000008000000001,1922604387785,3849,786
1762937676,0000000800000001,1922625279289,2575,787
1762937682,0000000200000001,1922684164993,4250,788
1762937694,0000000400000002,1922807365518,2016,789
1762937699,0000004000000008,1922854140664,4413,790
1762937708,0000004000000004,1922946689334,4037,791
1762937730,0000000800000080,1923163626926,1363,792
1762937737,0000000100000009,1923233638656,2339,793
1762937741,0000004000000080,1923271346982,5275,794
1762937744,0000000100000004,1923301117636,3483,795
1762937745,0000000100000001,1923310367331,2917,796
1762937756,0000000100000002,1923428329968,1024,797
1762937769,0000008000000080,1923550574499,4070,798
1762937770,0000008000000002,1923565824687,3134,799
1762937782,0000000200000001,1923687932202,991,800
1762937790,0000000100000002,1923760773737,1801,801
1762937791,0000000100000080,1923775675532,907,802
1762937794,0000008000000001,1923802545229,4499,803
1762937800,0000000800000001,1923863686068,810,804
1762937830,0000000100000004,1924164083494,3512,805
1762937834,0000008000000080,1924205493892,1021,806
1762937836,0000000400000002,1924228246747,4854,807
1762937838,0000000400000080,1924242780845,3981,808
1762937844,0000000100000002,1924305715949,195,809
1762937852,0000000100000004,1924388348073,417,810
1762937856,0000000100000004,1924426591461,3299,811
1762937875,000000840000000c,1924610925658,2594,812
1762937885,0000008000000001,1924715252903,1520,813
1762937887,0000004000000080,1924735180407,330,814
1762937893,0000000400000004,1924789133011,2265,815
1762937904,0000000800000008,1924899107172,852,816
1762937906,0000008000000008,1924925096995,4493,817
1762937907,0000008000000001,1924937201496,3759,818
1762937909,0000000100000003,1924950477637,2944,819
1762937913,0000000400000008,1924996978310,164,820
1762937925,0000000100000001,1925114172110,3494,821
1762937938,0000008000000080,1925245760442,777,822
1762937955,0000000800000008,1925410770861,1234,823
1762937972,0000000100000080,1925579843079,1452,824
1762937993,0000000800000082,1925790536207,4374,825
1762938001,0000000100000001,1925876925410,4371,826
1762938016,0000000800000080,1926026900537,539,827
1762938038,0000000100000004,1926248478094,2775,828
1762938039,0000000800000008,1926254379421,2420,829
1762938043,0000004000000008,1926295161197,5172,830
1762938047,0000000100000002,1926337027043,2642,831
1762938064,0000000100000001,1926507278638,2788,832
1762938095,0000000100000001,1926812303105,5227,833
1762938115,0000008000000080,1927009600736,3751,834
1762938123,0000000400000002,1927097302566,3668,835
1762938126,0000000800000001,1927119415917,2325,836
1762938136,0000008000000008,1927221785793,1368,837
1762938146,0000000100000008,1927321022843,601,838
1762938146,0000000100000002,1927323714807,440,839
1762938148,0000000800000001,1927341750306,4554,840
1762938160,0000000400000004,1927461690252,2512,841
1762938171,0000008000000004,1927569217070,1245,842
1762938182,0000004000000080,1927680840167,4926,843
1762938183,0000000800000001,1927695949029,4021,844
1762938187,0000000800000001,1927737331722,1520,845
1762938190,0000008000000008,1927759382311,203,846
1762938195,0000000100000001,1927818426077,1836,847
1762938207,0000000100000002,1927931640176,230,848
1762938233,0000000800000001,1928197714357,4997,849
1762938246,0000008000000080,1928322050191,2696,850
1762938265,0000000800000004,1928512821485,1619,851
1762938268,0000004000000008,1928546020164,4825,852
1762938273,0000000200000002,1928592015186,2046,853
1762938288,0000000100000001,1928743145100,3342,854
1762938312,0000000100000001,1928980190257,4680,855
1762938334,0000008000000001,1929204394560,1569,856
1762938341,0000000100000001,1929274415195,2543,857
1762938342,0000000100000008,1929281436075,2121,858
1762938347,0000000400000002,1929333420217,4210,859
1762938351,0000000100000001,1929372591847,1839,860
1762938368,0000008000000008,1929541434294,2067,861
1762938386,0000000800000004,1929719719106,1734,862
1762938405,0000000100000002,1929917047833,262,863
1762938416,0000000800000002,1930022441932,4314,864
1762938442,0000000100000001,1930285994725,4041,865
1762938444,0000004000000080,1930300553460,3149,866
1762938479,0000000400000004,1930655574259,2565,867
1762938480,0000000800000001,1930665324037,1986,868
1762938488,0000000400000001,1930747334359,2244,869
1762938509,0000000400000001,1930953331359,254,870
1762938518,0000000800000002,1931047114255,4998,871
1762938529,0000000400000008,1931154159671,3753,872
1762938530,0000008000000004,1931159089714,3450,873
1762938532,0000000100000001,1931185362098,1868,874
1762938534,0000000200000001,1931198894041,1056,875
1762938544,0000000100000002,1931303110277,5179,876
1762938545,0000000100000002,1931310149657,4762,877
1762938545,0000000400000080,1931318346200,4272,878
1762938579,0000008000000080,1931653060565,4908,879
1762938592,0000000100000008,1931785061787,2150,880
1762938595,0000004000000002,1931811968642,541,881
1762938600,0000004000000008,1931868344048,2332,882
1762938607,0000004900000083,1931930055464,3829,883
1762938625,0000000100000001,1932115805292,3026,884
1762938635,0000000100000001,1932208706975,2629,885
1762938636,0000000800000004,1932219517609,1986,886
1762938653,0000000100000001,1932389607813,2142,887
1762938654,0000000400000008,1932408037155,1038,888
1762938666,0000000800000001,1932523590534,4488,889
1762938679,0000004000000008,1932653327292,1862,890
1762938685,0000008000000080,1932710139125,3645,891
1762938687,0000008000000080,1932737952423,1965,892
1762938695,0000000800000008,1932817050498,2396,893
1762938701,0000004000000002,1932875147674,4114,894
1762938709,0000008000000001,1932950309456,4784,895
1762938717,0000000100000001,1933035755307,4839,896
1762938750,0000008000000080,1933364032881,672,897
1762938756,0000000800000008,1933425614131,2149,898
1762938768,0000004000000080,1933548150755,5175,899
1762938796,0000000400000008,1933818524440,4502,900
1762938799,0000000800000002,1933856449772,2202,901
1762938824,000000c000000080,1934106881721,2717,902
1762938829,0000000200000001,1934154164618,5079,903
1762938833,0000000800000004,1934197041593,2488,904
1762938840,0000004000000001,1934264758412,3620,905
1762938846,0000000100000003,1934322323236,163,906
1762938883,0000004000000002,1934689943453,4021,907
1762938890,0000000400000004,1934765151435,4690,908
1762938903,0000004000000001,1934894713968,2076,909
1762938925,0000000800000001,1935116591567,4330,910
1762938936,0000008000000080,1935223115547,3095,911
1762938964,0000000100000008,1935506279291,1649,912
1762938967,0000000100000002,1935534797703,5133,913
1762938975,0000004000000008,1935613407715,408,914
1762938976,0000000800000004,1935622785732,5035,915
1762938991,0000000100000008,1935774996913,1068,916
1762939002,0000000100000008,1935884451227,4881,917
1762939004,0000000400000001,1935902383216,3801,918
1762939010,0000004000000080,1935962332358,196,919
1762939011,0000008000000080,1935975547905,4599,920
1762939021,0000004000000001,1936069038254,4169,921
1762939033,0000008000000008,1936192153764,1942,922
1762939038,0000008000000088,1936241479328,4184,923
1762939044,0000000200000003,1936300225672,644,924
1762939068,0000008000000080,1936538532363,1883,925
1762939068,0000008000000080,1936539131181,1847,926
1762939079,0000000100000001,1936657687910,5109,927
1762939102,0000008000000002,1936879544231,2142,928
1762939103,0000000800000080,1936890620316,1480,929
1762939115,0000000100000008,1937015265040,4385,930
1762939117,0000008000000080,1937035401628,3153,931
1762939120,0000000100000001,1937060605417,1643,932
1762939127,0000000400000004,1937137125908,2229,933
1762939141,0000004000000008,1937273913390,4408,934
1762939155,0000000100000008,1937413020558,1220,935
1762939156,0000000100000002,1937420873398,753,936
1762939156,0000000100000001,1937425503923,478,937
1762939173,0000000100000001,1937588339183,1063,938
1762939183,0000008000000080,1937696042161,4978,939
1762939191,0000000100000001,1937772713466,368,940
1762939213,0000008000000080,1937996767827,2456,941
1762939235,0000000800000008,1938214182808,4974,942
1762939236,0000008000000080,1938223529021,4420,943
1762939244,0000004000000080,1938306218101,4637,944
1762939249,0000008000000008,1938351801102,1882,945
1762939252,0000008000000080,1938381559275,5290,946
1762939261,0000008000000080,1938471984386,5048,947
1762939262,0000000100000001,1938485537235,4240,948
1762939276,0000004000000001,1938619616637,1354,949
1762939294,0000000100000001,1938806588169,505,950
1762939296,0000004000000002,1938822222699,4761,951
1762939341,0000008000000080,1939268783419,3866,952
1762939370,0000008000000080,1939561198955,1848,953
1762939372,0000000100000004,1939578740673,792,954
1762939375,0000004000000080,1939615660187,3775,955
1762939378,0000008000000080,1939646766102,1895,956
1762939384,0000000800000080,1939707126644,3459,957
1762939398,0000000800000008,1939845731889,325,958
1762939399,0000000400000002,1939853448636,5051,959
1762939408,000000c000000080,1939946085370,4680,960
1762939412,0000000100000001,1939984954364,2322,961
1762939448,0000004000000002,1940346396000,1362,962
1762939455,0000008000000008,1940416325585,2345,963
1762939460,0000000100000004,1940463734247,4705,964
1762939466,0000008000000080,1940524201354,1057,965
1762939471,0000000300000001,1940574746753,3204,966
1762939490,0000008000000080,1940767818899,1983,967
1762939512,0000000800000004,1940980903736,4758,968
1762939524,0000000100000001,1941104280164,2510,969
1762939525,0000000400000008,1941109419385,2205,970
1762939584,0000008000000080,1941704978843,2735,971
1762939587,0000004000000004,1941733808055,1010,972
1762939588,0000000400000004,1941744112154,398,973
1762939611,0000000100000008,1941968551393,2462,974
1762939614,0000000100000001,1942005340794,267,975
1762939624,0000004000000001,1942103227797,4767,976
1762939657,0000000400000008,1942429817209,700,977
1762939669,0000000400000080,1942555050687,3551,978
1762939686,0000004000000080,1942725725633,3675,979
1762939691,0000004000000080,1942775973744,654,980
1762939691,0000000400000004,1942777034538,585,981
1762939702,0000008000000080,1942883480453,4582,982
1762939703,0000000100000004,1942896270533,3806,983
1762939709,0000008000000080,1942955355960,254,984
1762939712,0000008100000008,1942985372788,3637,985
1762939721,0000008000000080,1943070522634,3710,986
1762939723,0000008000000008,1943088319866,2624,987
1762939727,0000000100000002,1943135385907,5004,988
1762939733,0000004000000004,1943197601080,1254,989
1762939734,0000008000000008,1943202218899,978,990
1762939755,0000008000000002,1943415361861,3743,991
1762939761,0000008000000080,1943475117784,162,992
1762939784,0000000800000004,1943705158944,1886,993
1762939845,0000008000000004,1944314829633,1571,994
1762939847,000000cc0000008a,1944332516483,515,995
1762939888,0000000800000001,1944739848662,1972,996
1762939890,0000000400000080,1944767198479,339,997
1762939900,0000008000000004,1944867701073,4684,998
1762939903,0000000100000001,1944889085947,3383,999
1762939913,0000008000000002,1944994649158,2227,1000
1762939931,0000004000000004,1945173913008,1834,1001
1762939933,0000000800000008,1945193889822,640,1002
1762939935,0000000800000002,1945216590700,4474,1003
1762939943,0000002000000002,1945288154396,165,1004
1762939943,0000004000000008,1945293227790,5049,1005
1762939948,0000000100000001,1945340951141,2170,1006
1762939950,0000000100000002,1945366949177,617,1007
1762939952,0000004000000002,1945385519760,4699,1008
1762939954,0000008000000001,1945398377007,3925,1009
1762939960,0000000100000001,1945460888712,163,1010
1762939960,0000000800000008,1945467273953,4971,1011
1762939969,0000000400000008,1945549571989,5210,1012
1762939977,0000000400000008,1945637639546,5109,1013
1762939981,0000000800000080,1945668546560,3241,1014
1762940051,0000000800000001,1946369544160,2620,1015
1762940069,0000004000000008,1946554980328,1861,1016
1762940090,0000004000000008,1946763110678,4931,1017
1762940099,0000008000000080,1946853669729,4681,1018
1762940120,0000008000000080,1947058648903,2719,1019
1762940120,0000000100000008,1947062176130,2508,1020
1762940122,0000008500000088,1947080190798,1433,1021
1762940135,0000008000000008,1947211640118,3923,1022
1762940136,0000000800000008,1947223059625,3222,1023
1762940152,0000008000000001,1947387192878,3747,1024
1762940178,0000000100000001,1947642348038,3985,1025
1762940196,0000004000000008,1947819975370,3682,1026
1762940197,0000008000000080,1947835035412,2762,1027
1762940235,0000000100000080,1948209472695,1025,1028
1762940237,0000000100000002,1948229802217,5001,1029
1762940237,0000008000000080,1948237102857,4569,1030
1762940247,0000008000000008,1948336770119,3761,1031
1762940268,0000000800000001,1948543260099,1721,1032
1762940300,0000004000000008,1948861483133,3352,1033
1762940303,0000004000000008,1948893697852,1416,1034
1762940306,0000000100000004,1948921245233,4961,1035
1762940350,0000000400000002,1949359430647,4579,1036
1762940367,0000000100000001,1949531885318,4592,1037
1762940374,0000004000000080,1949605592569,162,1038
1762940375,0000000800000080,1949616999176,4666,1039
1762940379,0000000100000001,1949650090256,2654,1040
1762940397,0000008000000004,1949834538623,1955,1041
1762940418,0000008000000080,1950039580917,5207,1042
1762940434,0000000100000001,1950200280801,738,1043
1762940437,0000008000000008,1950230642431,4112,1044
1762940438,0000008000000008,1950242304421,3397,1045
1762940457,0000008000000080,1950436146738,2120,1046
1762940462,0000004000000004,1950484346112,4433,1047
1762940486,0000000100000004,1950720816505,591,1048
1762940497,0000000800000002,1950829377851,4455,1049
1762940515,0000000100000001,1951015396795,3643,1050
1762940518,0000004000000008,1951046068391,1794,1051
1762940527,0000008000000004,1951130792292,1891,1052
1762940534,0000000400000008,1951202102796,2788,1053
1762940536,0000000800000002,1951220404030,1695,1054
1762940543,0000008000000080,1951288351971,2793,1055
1762940543,0000000100000008,1951294983893,2397,1056
1762940544,0000000400000004,1951301906824,1985,1057
1762940549,0000000100000080,1951357355251,3854,1058
1762940560,0000000400000080,1951458781133,2931,1059
1762940564,0000000800000004,1951506453495,5268,1060
1762940577,0000008000000080,1951631401788,2935,1061
1762940578,0000000100000001,1951638389412,2514,1062
1762940590,0000000400000002,1951758302218,511,1063
1762940590,0000008000000080,1951761297422,332,1064
1762940597,0000004000000001,1951832192537,1252,1065
1762940600,0000000800000001,1951858535710,4869,1066
1762940610,0000000100000001,1951961985272,3841,1067
1762940612,0000000800000002,1951979671207,2760,1068
1762940626,0000008000000080,1952119147761,4776,1069
1762940630,0000000400000004,1952162201068,2173,1070
1762940670,0000000800000008,1952567479412,3775,1071
1762940681,0000000100000003,1952674087633,2541,1072
1762940683,0000008000000004,1952697552667,1138,1073
1762940724,0000008000000080,1953099379765,2927,1074
1762940739,0000004000000001,1953251892417,4164,1075
1762940760,0000008000000008,1953464345234,1758,1076
1762940776,0000000100000004,1953627690585,2314,1077
1762940777,000000c000000080,1953632112335,2051,1078
1762940786,0000000200000001,1953721251119,1886,1079
1762940807,0000008000000080,1953927922297,5041,1080
1762940816,0000000100000003,1954020302894,4684,1081
1762940839,0000000400000080,1954257053565,825,1082
1762940861,0000000800000080,1954477722424,3122,1083
1762940867,0000000100000008,1954529899691,5187,1084
1762940870,0000004000000080,1954566381668,2981,1085
1762940879,0000000400000080,1954656759158,2737,1086
1762940918,0000000800000004,1955044195146,226,1087
1762940919,0000000800000004,1955053834389,4840,1088
1762940921,0000000800000001,1955072968452,3685,1089
1762940921,0000008000000008,1955076696973,3455,1090
1762940931,0000000100000080,1955169187365,3080,1091
1762940936,0000000100000001,1955223039169,5045,1092
1762940945,0000004000000004,1955311192248,4939,1093
1762940950,0000008000000008,1955362824911,1825,1094
1762940952,0000004000000080,1955384035254,558,1095
1762940971,0000000400000001,1955575115844,4650,1096
1762940973,0000000100000001,1955594752874,3456,1097
1762940974,0000004000000080,1955602281055,2995,1098
1762940992,0000000100000008,1955782046630,2568,1099
1762941006,0000000400000004,1955923066386,4497,1100
1762941016,0000004000000002,1956022982489,3671,1101
1762941017,0000000100000004,1956037782671,2768,1102
1762941024,000000c000000008,1956101656928,4141,1103
1762941039,0000004000000080,1956255532645,5263,1104
1762941044,0000008000000080,1956300653806,2538,1105
1762941061,0000000400000004,1956473473894,2529,1106
1762941068,0000000400000002,1956544656187,3450,1107
1762941083,0000008000000080,1956697607360,4650,1108
1762941088,0000000100000084,1956744473955,1818,1109
1762941124,0000000400000080,1957102182018,1077,1110
1762941131,0000008000000002,1957176397371,1806,1111
1762941135,0000000800000002,1957208306329,5086,1112
1762941136,0000008000000001,1957225146721,4080,1113
1762941146,0000000100000001,1957325384038,3227,1114
1762941158,0000004000000001,1957440360020,1510,1115
1762941161,0000000800000001,1957476354190,4552,1116
1762941164,0000000400000008,1957504425126,2842,1117
1762941165,0000000400000002,1957510218503,2494,1118
1762941174,0000008000000080,1957600124400,2282,1119
1762941182,0000000500000001,1957684601216,2392,1120
1762941192,0000000400000004,1957778113991,1961,1121
1762941205,0000004000000001,1957914231095,4183,1122
1762941215,0000000100000002,1958014818521,3310,1123
1762941269,0000004000000008,1958550864345,2227,1124
1762941278,0000000100000006,1958640411902,2035,1125
1762941291,0000000800000001,1958774786378,4357,1126
1762941311,0000008000000080,1958974823910,2689,1127
1762941345,0000000100000001,1959317497812,2853,1128
1762941359,0000008000000008,1959450668353,5240,1129
1762941372,0000000200000080,1959580041817,2642,1130
1762941372,0000000100000002,1959580356434,2622,1131
1762941394,0000000400000002,1959805883597,4659,1132
1762941402,0000008000000080,1959880615892,162,1133
1762941406,0000000100000003,1959918158150,3080,1134
1762941406,0000000400000002,1959920635214,2930,1135
1762941413,0000008000000002,1959995485820,3633,1136
1762941423,0000000100000080,1960088392316,3231,1137
1762941448,0000000100000004,1960347295851,3239,1138
1762941463,0000008800000080,1960492056777,4930,1139
1762941463,0000008000000001,1960492620183,4897,1140
1762941467,0000000400000002,1960532321226,2493,1141
1762941481,0000008000000004,1960671466468,4533,1142
1762941486,0000000800000004,1960726967692,1181,1143
1762941491,0000008000000004,1960770155252,3784,1144
1762941497,0000000100000008,1960828308174,288,1145
1762941526,0000000800000080,1961120339330,3489,1146
1762941530,0000008000000080,1961159995790,1102,1147
1762941554,0000008000000080,1961398825856,2311,1148
1762941571,0000000100000001,1961569810700,2412,1149
1762941602,0000004000000001,1961880926502,4495,1150
1762941611,0000000800000001,1961969189249,4380,1151
1762941614,0000000800000004,1962004072348,2263,1152
1762941652,0000000100000008,1962384489354,169,1153
1762941654,0000000800000001,1962402144285,4307,1154
1762941660,0000000800000001,1962464864443,528,1155
1762941663,0000000800000080,1962496148442,3840,1156
1762941682,0000000100000008,1962682128505,3026,1157
1762941683,0000000400000002,1962690362820,2528,1158
1762941701,0000000800000001,1962871515736,2025,1159
1762941711,0000008000000080,1962975953136,942,1160
1762941716,0000008000000080,1963025355629,3156,1161
1762941728,0000000800000002,1963142197495,1326,1162
1762941740,0000000100000001,1963263287598,4446,1163
1762941744,0000000400000002,1963303454686,2013,1164
1762941768,0000004000000008,1963541835435,3255,1165
1762941770,0000004000000004,1963567647075,1705,1166
1762941778,0000004000000002,1963641384075,2457,1167
1762941790,0000000400000004,1963767267453,5282,1168
1762941791,0000000100000002,1963769758228,5134,1169
1762941804,0000000400000001,1963898747773,2554,1170
1762941807,0000000400000004,1963935285068,376,1171
1762941809,0000000800000002,1963957230300,4254,1172
1762941811,0000008000000001,1963975113229,3158,1173
1762941825,0000000400000008,1964109410130,289,1174
1762941835,0000008000000004,1964209350737,4669,1175
1762941839,0000008000000004,1964248495016,2295,1176
1762941841,0000004000000002,1964268534982,1096,1177
1762941841,0000004000000001,1964272122420,883,1178
1762941845,0000008000000002,1964314064617,3554,1179
1762941848,0000000800000002,1964340218747,1977,1180
1762941849,0000008000000008,1964348130698,1503,1181
1762941849,0000004000000008,1964355728392,1045,1182
1762941850,0000000800000008,1964363254427,601,1183
1762941864,0000008000000080,1964502346505,2605,1184
1762941879,0000004000000002,1964653646751,3911,1185
1762941888,0000000800000008,1964737989658,4032,1186
1762941894,000000c000000080,1964805321607,5169,1187
1762941915,0000000400000004,1965010310518,3217,1188
1762941929,0000000100000001,1965157395454,4771,1189
1762941934,0000008000000080,1965202570561,2042,1190
1762941940,0000008100000001,1965261643238,3690,1191
1762941943,000000400000000a,1965291802312,1870,1192
1762941959,0000004000000080,1965455514730,2404,1193
1762941961,0000000400000001,1965470390538,1515,1194
1762941967,0000000400000004,1965532174300,2986,1195
1762941967,0000000100000001,1965535629482,2778,1196
1762941977,0000008000000080,1965636009475,1941,1197
1762941978,0000004000000008,1965641571044,1608,1198
1762941987,0000000100000080,1965736504324,1091,1199
1762941991,0000000400000001,1965767628514,4426,1200
1762942003,0000000800000001,1965894183775,1991,1201
1762942020,0000000800000002,1966058828077,2470,1202
1762942022,0000000100000080,1966079629055,1226,1203
1762942023,0000000100000004,1966097203780,178,1204
1762942024,0000008000000080,1966104976602,4902,1205
1762942024,0000000400000001,1966105110066,4896,1206
1762942029,0000000800000001,1966152024544,2062,1207
1762942033,0000004400000008,1966193792948,4758,1208
1762942046,0000000100000008,1966321436741,2257,1209
1762942059,0000004000000002,1966453782338,4702,1210
1762942060,0000000100000001,1966465691258,3984,1211
1762942063,0000000400000001,1966493580556,2290,1212
1762942074,0000000800000004,1966599380534,1125,1213
1762942078,0000000100000004,1966645803803,3528,1214
1762942089,000000c000000080,1966752427385,2301,1215
1762942116,0000000100000001,1967020301314,1774,1216
1762942124,0000004000000080,1967106981038,1754,1217
1762942157,0000008000000080,1967434218621,2838,1218
1762942168,0000000400000002,1967537564534,1823,1219
1762942180,0000000400000001,1967659367269,4893,1220
1762942212,0000000400000008,1967985688873,842,1221
1762942218,0000008000000080,1968039886551,2762,1222
1762942229,0000008000000004,1968148259601,1445,1223
1762942243,0000000100000008,1968291242348,3228,1224
1762942244,0000000400000080,1968298191617,2807,1225
1762942249,0000000400000001,1968356191547,4535,1226
1762942250,0000004000000001,1968364176572,4052,1227
1762942262,0000008000000008,1968480887551,2209,1228
1762942267,0000004000000002,1968537428315,4017,1229
1762942269,0000000100000001,1968557306205,2801,1230
1762942274,0000000400000004,1968605923037,5085,1231
1762942278,0000004000000080,1968644925259,2725,1232
1762942296,0000008000000001,1968826979244,2167,1233
1762942299,0000004000000080,1968853134324,605,1234
1762942301,0000004000000002,1968871811269,4680,1235
1762942314,0000004000000008,1969003281693,1952,1236
1762942337,0000000100000002,1969234248893,3647,1237
1762942355,0000000800000002,1969416451162,3063,1238
1762942372,0000008000000080,1969586971439,3197,1239
1762942381,0000000400000080,1969675094999,3088,1240
1762942385,0000008000000080,1969712069789,873,1241
1762942389,0000008000000008,1969753715066,3561,1242
1762942396,0000004000000004,1969820417310,4750,1243
1762942405,0000004000000002,1969909249770,4605,1244
1762942410,0000004000000001,1969964677470,1255,1245
1762942413,0000000100000008,1969988420387,5027,1246
1762942416,000000010000000c,1970026820476,2703,1247
1762942419,0000004000000001,1970047627351,1459,1248
1762942420,0000000500000001,1970061984673,605,1249
1762942447,0000008800000002,1970330089499,5249,1250
1762942459,0000000800000080,1970448871867,3292,1251
1762942467,0000008000000008,1970530238006,3597,1252
1762942469,0000000100000004,1970547532958,2543,1253
1762942489,0000000400000008,1970752744845,603,1254
1762942495,0000000100000002,1970808067951,2454,1255
1762942500,0000000400000001,1970862845120,4376,1256
1762942507,0000000800000080,1970934082257,5273,1257
1762942509,0000004000000001,1970948861481,4396,1258
1762942515,0000008400000080,1971015928053,357,1259
1762942521,0000000800000008,1971068939449,2346,1260
1762942526,0000008000000080,1971118655983,4570,1261
1762942563,0000000400000002,1971492724737,2822,1262
1762942576,0000008000000080,1971625797000,5216,1263
1762942585,0000000800000002,1971716030185,4985,1264
1762942588,0000000100000008,1971744627224,3256,1265
1762942613,0000000400000002,1971991357211,4012,1266
1762942621,0000000400000002,1972068083135,4592,1267
1762942634,0000008000000080,1972203346450,1637,1268
1762942646,0000000100000003,1972323529590,4804,1269
1762942649,0000000800000080,1972349571940,3224,1270
1762942676,0000000400000001,1972623638593,2318,1271
1762942693,0000000800000002,1972791131231,2628,1272
1762942706,0000000400000008,1972924506770,5008,1273
1762942711,0000000100000004,1972972021732,2139,1274
1762942723,0000000300000001,1973093604964,5221,1275
1762942725,0000000100000001,1973108597920,4331,1276
1762942726,0000000100000080,1973117545951,3784,1277
1762942732,0000000100000001,1973179816782,5229,1278
1762942735,0000000100000001,1973216613181,8127,1279
1762942745,0000000100000003,1973309145745,2631,1280
1762942764,0000004000000080,1973505087177,1240,1281
1762942765,0000000100000001,1973512766667,785,1282
1762942767,0000000800000001,1973531680684,4845,1283
1762942767,0000000100000001,1973534111045,4702,1284
1762942768,0000000800000002,1973542226012,4215,1285
1762942779,0000000400000080,1973651359514,2822,1286
1762942780,0000000100000001,1973660756032,2261,1287
1762942791,0000000400000002,1973774752481,610,1288
1762942793,0000008000000008,1973792268451,4754,1289
1762942794,0000000100000080,1973802075936,4165,1290
1762942809,0000000400000080,1973947658222,597,1291
1762942814,0000000100000001,1973998546630,2713,1292
1762942822,0000000100000001,1974086452076,2619,1293
1762942840,0000008000000008,1974260299436,2550,1294
1762942844,0000000100000008,1974301686550,5265,1295
1762942849,0000000400000001,1974352019040,2231,1296
1762942852,0000008000000080,1974379375546,597,1297
1762942858,0000004000000080,1974442544606,1982,1298
1762942871,0000000400000001,1974573193926,4527,1299
1762942873,0000000100000002,1974595612124,3160,1300
1762942878,0000000100000001,1974642143664,368,1301
1762942884,0000000100000004,1974705665992,1738,1302
1762942901,0000008000000080,1974869301389,2277,1303
1762942904,0000000100000008,1974904491010,176,1304
1762942908,0000000100000004,1974946495080,2825,1305
1762942910,0000000400000001,1974957780414,2150,1306
1762942934,0000000400000001,1975206082213,2792,1307
1762942947,0000000800000008,1975330933129,492,1308
1762942964,0000000800000080,1975498869518,776,1309
1762942969,0000008000000080,1975548697828,2958,1310
1762942980,0000008000000002,1975661442549,1378,1311
1762942982,0000008000000080,1975680651764,232,1312
1762943004,0000000800000002,1975901251263,2527,1313
1762943061,0000004000000004,1976473651094,4475,1314
1762943069,0000000100000004,1976548972757,5129,1315
1762943082,0000004800000001,1976678899133,2496,1316
1762943089,0000000800000080,1976751706908,3314,1317
1762943089,0000000100000008,1976756528117,3023,1318
1762943090,0000000100000008,1976761326790,2729,1319
1762943092,0000004000000008,1976777954880,1738,1320
1762943096,0000000400000001,1976820010350,4417,1321
1762943099,0000000400000004,1976851314184,2511,1322
1762943106,0000000400000008,1976922575844,3426,1323
1762943118,0000000400000001,1977038813143,1629,1324
1762943133,0000008000000080,1977187885624,3042,1325
1762943134,0000008000000002,1977202367328,2175,1326
1762943161,0000004000000002,1977471495221,1571,1327
1762943178,0000000100000080,1977637787995,1955,1328
1762943190,0000000800000002,1977760708456,4958,1329
1762943191,0000000800000080,1977768940586,4469,1330
1762943203,0000004000000001,1977896038951,2003,1331
1762943203,0000000800000001,1977896945785,1947,1332
1762943206,0000000100000002,1977925819551,221,1333
1762943210,0000008000000080,1977962325639,3206,1334
1762943213,0000000400000001,1977994436743,1277,1335
1762943226,0000000400000080,1978122579111,3969,1336
1762943229,0000000100000004,1978149454766,2336,1337
1762943231,0000004000000008,1978176855334,700,1338
1762943234,0000004000000002,1978202542677,4357,1339
1762943270,0000000400000001,1978562903888,3441,1340
1762943281,0000000800000080,1978675824780,1842,1341
1762943290,0000008000000008,1978762445709,1826,1342
1762943297,0000000100000001,1978831134495,2881,1343
1762943327,0000008000000080,1979130837710,450,1344
1762943338,0000000100000001,1979242121177,4149,1345
1762943339,0000008000000002,1979256296909,3280,1346
1762943342,0000000800000002,1979282483255,1708,1347
1762943342,0000000800000080,1979286737412,1452,1348
1762943360,0000004000000001,1979466810674,1009,1349
1762943371,0000000400000001,1979567700224,5329,1350
1762943376,000000c000000080,1979619852643,2186,1351
1762943396,0000008000000080,1979821134252,479,1352
1762943409,0000000800000080,1979949356902,3140,1353
1762943409,0000000800000004,1979950489327,3070,1354
1762943420,0000008000000002,1980058600192,1767,1355
1762943429,0000008000000008,1980149697647,1482,1356
1762943434,0000004000000001,1980198094060,3772,1357
1762943436,0000000500000002,1980225978768,2085,1358
1762943453,0000000100000004,1980391327981,2521,1359
1762943461,0000000400000008,1980468360897,3083,1360
1762943466,000000cf0000008f,1980521577645,5086,1361
1762943469,0000000100000001,1980556003776,3004,1362
1762943487,0000008000000080,1980733638046,2705,1363
1762943487,0000008000000008,1980733829518,2694,1364
1762943496,0000000200000001,1980820516433,2674,1365
1762943501,0000000100000001,1980872268217,4775,1366
1762943506,0000004000000002,1980925104273,1584,1367
1762943510,000000c000000080,1980959143709,4743,1368
1762943512,0000008000000002,1980987228491,3033,1369
1762943517,0000000100000001,1981035015674,177,1370
1762943526,0000000100000001,1981123668310,5225,1371
1762943530,0000000100000008,1981158230459,3137,1372
1762943535,0000000100000001,1981215894186,4877,1373
1762943539,0000000800000004,1981256179489,2437,1374
1762943549,0000000800000008,1981349851534,2001,1375
1762943553,0000000800000002,1981390234979,4780,1376
1762943568,0000004000000002,1981539025284,1014,1377
1762943579,0000000100000001,1981651250788,4663,1378
1762943587,0000008000000080,1981734476959,4848,1379
1762943591,0000000100000001,1981774195043,2441,1380
1762943601,0000000400000001,1981870275083,1862,1381
1762943607,0000000100000080,1981930712121,3420,1382
1762943613,0000000100000004,1981992510990,4907,1383
1762943617,0000000400000008,1982030195415,2622,1384
1762943632,0000004000000008,1982182102730,3891,1385
1762943635,0000008000000004,1982214731796,1918,1386
1762943641,0000004000000002,1982276139542,3417,1387
1762943657,0000004000000080,1982427377116,4722,1388
1762943663,0000000100000002,1982496928476,534,1389
1762943669,0000000400000002,1982550760124,2472,1390
1762943676,0000000400000008,1982624875148,3212,1391
1762943677,0000000400000001,1982628948428,2964,1392
1762943678,0000000800000004,1982645185298,1992,1393
1762943685,0000000800000080,1982714629130,3004,1394
1762943688,0000000400000004,1982740026747,1483,1395
1762943700,0000000800000002,1982860344031,4640,1396
1762943729,0000008000000008,1983156086151,2419,1397
1762943735,0000000400000008,1983216738253,3983,1398
1762943780,0000000100000080,1983666251211,2894,1399
1762943781,0000000100000001,1983669329272,2708,1400
1762943799,0000000400000001,1983856294547,1857,1401
1762943802,0000000100000001,1983882819950,272,1402
1762943802,000000c000000080,1983887016418,5208,1403
1762943803,0000004000000004,1983888536786,5117,1404
1762943815,0000000400000008,1984014641305,2715,1405
1762943817,0000000100000001,1984027749789,1932,1406
1762943819,0000000800000008,1984053762142,377,1407
1762943826,0000008000000008,1984123038195,1394,1408
1762943842,0000000100000002,1984282323813,2197,1409
1762943847,0000000800000001,1984334739736,4256,1410
1762943850,0000000100000008,1984363554199,2499,1411
1762943863,0000000400000001,1984491039898,5232,1412
1762943865,0000008000000080,1984516498511,3702,1413
1762943867,0000000400000001,1984534758583,2589,1414
1762943873,0000000800000004,1984592277776,4347,1415
1762943918,0000000400000008,1985041830770,3256,1416
1762943921,0000004000000001,1985076822266,1156,1417
1762943942,0000000100000001,1985279500479,4559,1418
1762943942,0000000100000001,1985282844700,4358,1419
1762943953,0000000400000004,1985396045268,2721,1420
1762943957,0000004000000002,1985436238034,320,1421
1762943963,000000c800000002,1985489200422,2313,1422
1762943963,0000004000000080,1985494290020,2010,1423
1762943976,0000000100000001,1985620304105,4830,1424
1762943993,0000004000000008,1985788238842,5111,1425
1762944002,0000000100000002,1985879260755,4835,1426
1762944007,0000000100000001,1985927732935,1909,1427
1762944040,0000000100000001,1986262391543,2547,1428
1762944045,0000004000000001,1986309086143,4946,1429
1762944086,000000800000000c,1986718412864,1093,1430
1762944095,0000000400000008,1986812613477,629,1431
1762944142,0000000800000002,1987280849202,3623,1432
1762944167,0000008000000080,1987527647696,4369,1433
1762944178,0000000100000004,1987646073757,2418,1434
1762944187,0000000200000002,1987732146095,2435,1435
1762944226,0000000800000002,1988125834235,4741,1436
1762944240,0000004000000001,1988261508854,1762,1437
1762944251,000000080000000a,1988376861741,5215,1438
1762944255,0000008000000080,1988407546428,3364,1439
1762944255,0000000400000001,1988410190201,3202,1440
1762944276,0000000400000002,1988625854645,629,1441
1762944278,0000000100000004,1988641150707,4904,1442
1762944295,0000000400000001,1988812384234,4989,1443
1762944316,0000000800000008,1989024510814,2602,1444
1762944328,0000000100000001,1989143028867,682,1445
1762944336,0000000800000008,1989226908145,828,1446
1762944359,0000008000000080,1989452941845,2800,1447
1762944371,0000000100000080,1989574303473,709,1448
1762944373,0000008000000008,1989592530392,4810,1449
1762944394,0000008000000080,1989805121456,2394,1450
1762944399,0000008000000080,1989848486467,4992,1451
1762944400,0000008000000004,1989857609784,4451,1452
1762944417,0000008000000001,1990036042748,4104,1453
1762944420,0000008000000080,1990064195950,2391,1454
1762944424,0000000100000008,1990106012545,5081,1455
1762944440,0000004000000080,1990264183111,762,1456
1762944448,0000004000000001,1990337447360,1543,1457
1762944470,0000000400000080,1990562961902,3561,1458
1762944479,0000008000000080,1990647603242,3666,1459
1762944485,0000008000000004,1990707285282,5268,1460
1762944486,0000000100000004,1990726689016,4110,1461
1762944504,0000008000000001,1990899987843,4074,1462
1762944519,0000000100000001,1991047478826,393,1463
1762944538,0000000100000004,1991245844868,4045,1464
1762944547,0000000100000080,1991329713065,4197,1465
1762944566,0000000800000008,1991518476155,3212,1466
1762944570,0000000400000001,1991560422869,698,1467
1762944604,0000000400000080,1991905701439,705,1468
1762944606,0000000200000040,1991919148532,5089,1469
1762944623,0000000100000008,1992087873873,5323,1470
1762944642,0000004000000001,1992281115145,4099,1471
1762944650,0000008000000002,1992358092021,4661,1472
1762944681,0000000100000080,1992674837652,1178,1473
1762944696,0000000100000001,1992826262195,2450,1474
1762944698,0000008000000080,1992843484964,1421,1475
1762944711,0000000100000001,1992975086907,3902,1476
1762944715,0000000100000080,1993008555476,1878,1477
1762944725,0000000200000080,1993108268834,1077,1478
1762944726,0000008000000080,1993126633593,5168,1479
1762944739,0000004000000001,1993251883845,2815,1480
1762944756,0000000400000002,1993425922509,2735,1481
1762944809,0000000100000001,1993952773409,2210,1482
1762944810,0000000100000004,1993962327425,1642,1483
1762944811,0000008000000080,1993976012324,822,1484
1762944827,0000000800000001,1994133675338,1723,1485
1762944835,0000000400000001,1994215776273,1976,1486
1762944840,0000008000000008,1994261526765,4434,1487
1762944840,0000000400000004,1994262050214,4402,1488
1762944845,0000000400000006,1994312770843,1335,1489
1762944867,0000000100000008,1994534154204,3605,1490
1762944899,0000008000000004,1994851936880,5264,1491
1762944899,0000000100000008,1994855808376,5033,1492
1762944917,0000008000000080,1995034817111,4661,1493
1762944918,0000004000000004,1995045039498,4045,1494
1762944939,0000000800000002,1995247762594,2223,1495
1762944941,0000008000000080,1995274210423,644,1496
1762944942,0000000100000001,1995278420091,392,1497
1762944944,0000004000000080,1995303680008,4070,1498
1762944975,0000004000000001,1995611341090,1133,1499
1762944981,0000000800000001,1995670313832,2771,1500
1762944982,0000000400000008,1995677164626,2361,1501
1762944990,0000000100000001,1995765121494,2264,1502
1762944992,0000000100000080,1995785606705,1039,1503
1762945004,0000000100000002,1995898933632,4622,1504
1762945016,0000008000000080,1996018472586,2602,1505
1762945021,0000008000000008,1996068660904,4797,1506
1762945024,0000008000000080,1996097599930,3039,1507
1762945025,0000000100000001,1996107934052,2418,1508
1762945027,0000000800000080,1996131296663,1021,1509
1762945030,0000004000000004,1996164331212,4241,1510
1762945034,0000004000000008,1996200286821,2061,1511
1762945040,0000000100000080,1996263386138,3462,1512
1762945045,0000008000000001,1996308425885,758,1513
1762945050,0000000400000080,1996362044382,2711,1514
1762945068,0000000100000008,1996538005156,2516,1515
1762945070,0000000800000080,1996563122396,1015,1516
1762945115,0000008000000001,1997013406799,5096,1517
1762945120,0000008000000008,1997065234636,1972,1518
1762945164,0000004000000004,1997500143795,1782,1519
1762945174,0000000400000080,1997598274388,1074,1520
1762945184,0000008000000080,1997703305152,5149,1521
1762945195,0000000100000004,1997813944588,3688,1522
1762945205,0000000100000008,1997909621866,3114,1523
1762945211,0000000100000001,1997973939242,4460,1524
1762945228,0000008000000080,1998140597164,4818,1525
1762945231,0000004000000080,1998175509346,2700,1526
1762945239,0000000400000001,1998254929471,3120,1527
1762945240,0000000400000080,1998262891433,2639,1528
1762945250,0000004000000008,1998357612565,2139,1529
1762945265,0000004000000080,1998507245244,3531,1530
1762945269,0000000800000008,1998551334267,881,1531
1762945271,0000008000000080,1998570744305,4911,1532
1762945273,0000008000000002,1998588704757,3831,1533
1762945278,0000008000000080,1998644437856,479,1534
1762945289,0000004000000080,1998749169396,4572,1535
1762945303,0000008000000008,1998889185701,1330,1536
1762945310,0000000100000001,1998960168895,2251,1537
1762945314,0000000100000002,1999001766378,4954,1538
1762945317,0000000800000004,1999034774228,2953,1539
1762945318,0000000800000004,1999041927828,2522,1540
1762945331,0000000100000002,1999168766576,5290,1541
1762945344,0000008000000080,1999300513268,2548,1542
1762945349,0000000100000001,1999350181454,4775,1543
1762945358,0000008000000001,1999443463512,4361,1544
1762945378,0000008000000008,1999645674160,2563,1545
1762945398,0000008000000002,1999843784121,1043,1546
1762945399,0000000100000004,1999853193429,484,1547
1762945412,0000000100000008,1999978642759,3315,1548
1762945413,0000004000000004,1999991876673,2514,1549
1762945417,0000000800000006,2000033643295,5205,1550
1762945444,0000000800000080,2000303943469,4539,1551
1762945447,0000000200000004,2000336293349,2571,1552
1762945448,0000004000000008,2000345685715,2013,1553
1762945459,0000000100000004,2000453796301,711,1554
1762945462,0000000400000008,2000483320916,4136,1555
1762945462,0000004000000008,2000484883613,4041,1556
1762945467,0000000400000004,2000528482628,1406,1557
1762945473,0000000100000005,2000589859735,2900,1558
1762945479,0000008000000002,2000651365471,4417,1559
1762945497,0000000400000002,2000832235534,3921,1560
1762945499,0000000800000001,2000854914715,2538,1561
1762945505,0000000100000001,2000907413160,4597,1562
1762945519,0000000100000001,2001051979776,1081,1563
1762945521,0000000800000001,2001066899250,192,1564
1762945525,0000000100000080,2001109259865,2819,1565
1762945556,0000008000000001,2001425010920,4617,1566
1762945561,0000000400000001,2001472216890,1772,1567
1762945568,0000004000000080,2001538882025,2947,1568
1762945581,0000008000000008,2001675794318,5112,1569
1762945592,0000000500000001,2001779253915,4092,1570
1762945602,0000000100000008,2001883897892,2970,1571
1762945613,0000004000000001,2001989466536,1820,1572
1762945621,0000004400000002,2002074408282,1904,1573
1762945624,0000000100000001,2002105240486,5248,1574
1762945630,0000000100000001,2002166360299,1568,1575
1762945657,0000004000000001,2002431087187,1225,1576
1762945675,0000008000000001,2002612524576,706,1577
1762945703,0000008000000004,2002895938353,4441,1578
1762945716,0000008000000004,2003022868125,1984,1579
1762945746,0000004000000008,2003322993085,4721,1580
1762945758,0000000800000080,2003443862206,2622,1581
1762945758,0000000100000001,2003444091417,2609,1582
1762945759,0000000400000004,2003453618646,2042,1583
1762945763,0000000100000001,2003496569159,4668,1584
1762945768,0000000400000002,2003546079930,1677,1585
1762945772,0000008000000080,2003577765607,4973,1586
1762945782,0000008000000080,2003682681982,3857,1587
1762945796,0000000100000001,2003826068813,426,1588
1762945800,0000000800000080,2003863000866,3387,1589
1762945802,0000000100000001,2003879895406,2365,1590
1762945805,0000008000000001,2003907033527,745,1591
1762945818,0000000800000080,2004046042985,2757,1592
1762945833,0000000300000001,2004187498532,4658,1593
1762945844,0000000800000004,2004304557855,2788,1594
1762945865,0000000400000080,2004513560882,620,1595
1762945870,0000008000000080,2004562322510,2864,1596
1762945871,0000000800000001,2004570940688,2351,1597
1762945884,0000000800000008,2004705268194,4676,1598
1762945894,0000000400000001,2004804996335,3868,1599
1762945906,0000000800000002,2004920691593,2090,1600
1762945906,0000000100000080,2004921116380,2065,1601
1762945911,0000000800000001,2004968092103,4450,1602
1762945917,0000000100000008,2005034917514,425,1603
1762945923,0000008000000002,2005092386050,2149,1604
1762945934,0000000200000008,2005206423451,496,1605
1762945944,0000000500000001,2005303237859,5056,1606
1762945948,0000004000000080,2005341653677,2731,1607
1762945972,0000000100000001,2005579885743,4005,1608
1762945976,0000000400000001,2005619229215,1625,1609
1762945979,0000000100000001,2005651209273,4904,1610
1762945988,0000000800000004,2005746048604,4400,1611
1762946009,0000000400000001,2005954459857,2232,1612
1762946036,0000004000000008,2006222255400,1710,1613
1762946044,0000000400000004,2006300916481,2167,1614
1762946052,0000008000000080,2006381995343,2481,1615
1762946057,0000000100000082,2006433012090,4627,1616
1762946060,0000004100000004,2006458329793,3085,1617
1762946061,0000000800000002,2006471304224,2303,1618
1762946068,0000000400000002,2006539217604,3418,1619
1762946069,0000000100000002,2006550924259,2705,1620
1762946086,0000000100000001,2006723705599,2700,1621
1762946096,0000000400000004,2006816945009,2289,1622
1762946106,0000000100000001,2006920804652,1240,1623
1762946120,0000000800000002,2007063764332,3022,1624
1762946131,0000000400000002,2007167027730,2009,1625
1762946133,0000008000000008,2007191728815,534,1626
1762946135,0000008000000002,2007214571817,4359,1627
1762946140,0000000100000001,2007259494926,1643,1628
1762946158,0000008000000004,2007437778615,1307,1629
1762946160,0000000800000080,2007459290194,5209,1630
1762946162,0000000800000008,2007483271040,3771,1631
1762946172,0000000800000080,2007581345743,3052,1632
1762946178,0000000100000001,2007645991980,4379,1633
1762946182,0000000100000008,2007681556999,2221,1634
1762946183,0000004000000002,2007689613725,1739,1635
1762946198,0000000100000001,2007837766458,3211,1636
1762946201,0000008000000001,2007869479329,1307,1637
1762946205,0000000100000008,2007914171789,3822,1638
1762946242,0000000800000008,2008283327773,2377,1639
1762946244,0000008000000080,2008300822659,1331,1640
1762946246,0000000800000001,2008318674440,268,1641
1762946250,0000000100000001,2008362989898,2777,1642
1762946278,0000000100000004,2008645861833,1352,1643
1762946282,0000008000000080,2008685795436,4157,1644
1762946285,0000000100000008,2008710152009,2671,1645
1762946316,0000008000000008,2009023845433,4598,1646
1762946321,0000004000000002,2009069960034,1810,1647
1762946321,0000008000000001,2009074443168,1540,1648
1762946341,0000000100000002,2009273330253,5164,1649
1762946341,0000004000000008,2009273613458,5147,1650
1762946343,0000000100000001,2009287449368,4324,1651
1762946343,0000008000000004,2009287610565,4315,1652
1762946363,000000c000000080,2009487667573,2646,1653
1762946367,0000000400000002,2009534883914,5014,1654
1762946397,0000004000000080,2009829362634,2869,1655
1762946400,0000000100000004,2009863306083,839,1656
1762946402,0000000400000001,2009879768907,5043,1657
1762946410,0000000400000008,2009962791346,5241,1658
1762946422,0000000800000008,2010081255849,3303,1659
1762946436,0000000200000001,2010224695890,5070,1660
1762946448,0000008000000008,2010339754885,3336,1661
1762946464,0000000800000001,2010500694058,4057,1662
1762946523,0000000800000080,2011087848445,5089,1663
1762946523,0000000800000001,2011091219998,4889,1664
1762946541,0000000400000001,2011268415630,4624,1665
1762946546,0000000800000001,2011321306813,1428,1666
1762946549,0000008000000080,2011351581382,4812,1667
1762946554,0000008000000002,2011406119533,1520,1668
1762946557,0000008000000080,2011436448190,4898,1669
1762946559,0000000100000080,2011456074642,3716,1670
1762946567,0000000800000008,2011535389384,4146,1671
1762946576,0000004000000001,2011621562517,4157,1672
1762946577,0000004000000080,2011628686988,3719,1673
1762946579,0000000200000080,2011647677275,2563,1674
1762946586,0000000100000080,2011722609313,3255,1675
1762946594,0000000100000081,2011803978906,3560,1676
1762946599,0000000100000080,2011850946274,738,1677
1762946634,0000000400000080,2012197922433,644,1678
1762946644,0000000100000008,2012300379015,4870,1679
1762946656,0000004000000004,2012424372941,2588,1680
1762946658,0000004000000004,2012438431412,1751,1681
1762946667,0000008000000080,2012532682547,1274,1682
1762946667,0000008000000080,2012535552609,1106,1683
1762946669,0000008000000080,2012554299002,5173,1684
1762946698,0000000800000001,2012839716669,3585,1685
1762946700,0000000800000001,2012858883045,2422,1686
1762946704,0000000100000001,2012904875306,4865,1687
1762946717,0000004000000080,2013029249261,2561,1688
1762946725,0000000800000008,2013108202228,3006,1689
1762946725,0000000100000001,2013112796102,2728,1690
1762946740,0000000100000001,2013258447442,4378,1691
1762946741,0000000100000004,2013269503839,3704,1692
1762946745,0000008000000001,2013314588923,988,1693
1762946752,0000004000000004,2013380757496,2196,1694
1762946786,0000000100000001,2013720804547,2513,1695
1762946799,0000000800000008,2013851186082,5071,1696
1762946815,0000000100000004,2014010312607,696,1697
1762946821,0000004000000004,2014073579204,2074,1698
1762946835,0000000400000002,2014207154110,4443,1699
1762946856,0000004000000002,2014423666542,1793,1700
1762946857,0000008000000080,2014429475729,1444,1701
1762946860,0000008000000002,2014464435484,4550,1702
1762946868,0000008000000004,2014545494614,4863,1703
1762946903,0000000800000001,2014891545488,4822,1704
1762946912,0000000100000001,2014978681719,4775,1705
1762946917,0000000400000080,2015027587360,1823,1706
1762946926,0000008000000080,2015122231696,1324,1707
1762946929,0000008000000001,2015155068924,4556,1708
1762946934,0000008000000004,2015204918758,1544,1709
1762946942,0000008000000080,2015282183934,2087,1710
1762946985,0000000100000001,2015712365625,2180,1711
1762946987,0000000100000008,2015732293991,987,1712
1762947002,0000004000000080,2015879851814,2489,1713
1762947010,0000000800000006,2015964586545,2586,1714
1762947036,0000008000000008,2016226063780,2439,1715
1762947043,0000004000000080,2016291183375,3730,1716
1762947048,000000c000000080,2016341532695,701,1717
1762947073,0000004000000001,2016594566086,1057,1718
1762947091,0000004800000004,2016775450339,572,1719
1762947097,0000000800000002,2016827316449,2629,1720
1762947107,0000008000000004,2016933627122,1437,1721
1762947109,0000000400000080,2016947351184,620,1722
1762947131,0000000800000004,2017170055774,2788,1723
1762947154,0000004000000008,2017406101285,4193,1724
1762947172,0000000100000001,2017578492058,4211,1725
1762947177,0000000100000009,2017632585845,947,1726
1762947182,0000008000000080,2017681562206,3186,1727
1762947194,0000008000000001,2017804341708,2004,1728
1762947195,0000000100000003,2017809864959,674,1729
1762947197,0000000100000008,2017831068232,4601,1730
1762947198,0000008000000080,2017842157427,3929,1731
1762947227,0000008000000080,2018128682756,2260,1732
1762947230,0000000800000004,2018165191971,5265,1733
1762947239,0000000400000004,2018253420340,5154,1734
1762947245,0000004000000001,2018311873723,1634,1735
1762947265,0000004000000080,2018515510196,4973,1736
1762947278,0000008000000080,2018645205637,2352,1737
1762947288,0000000100000001,2018737082924,2024,1738
1762947292,0000008000000080,2018782149734,4523,1739
1762947314,0000000200000009,2018998960434,1848,1740
1762947316,0000000100000001,2019019199259,645,1741
1762947325,0000000100000008,2019109179562,429,1742
1762947328,0000000100000001,2019136473303,3983,1743
1762947339,0000004000000080,2019248405373,2424,1744
1762947348,000000c000000080,2019337348883,2270,1745
1762947354,0000000100000008,2019400732992,3662,1746
1762947357,0000004000000002,2019434814282,1606,1747
1762947369,0000004000000002,2019549715711,5088,1748
1762947388,0000004000000004,2019737354554,4197,1749
1762947392,0000004000000004,2019778030741,1737,1750
1762947420,0000000100000002,2020064623369,5275,1751
1762947422,0000000800000001,2020084976822,4061,1752
1762947442,0000000800000004,2020284371134,2435,1753
1762947443,0000000800000002,2020289694989,2119,1754
1762947449,0000000800000001,2020346768942,3893,1755
1762947451,0000000400000004,2020372332636,2339,1756
1762947454,0000000200000008,2020397114109,858,1757
1762947459,0000004000000008,2020454255522,2603,1758
1762947460,0000008000000080,2020463578073,2048,1759
1762947463,0000000100000003,2020495938693,5300,1760
1762947477,0000004000000008,2020633527308,2210,1761
1762947490,0000000100000080,2020764452438,4738,1762
1762947502,0000008000000080,2020884949938,2665,1763
1762947518,0000008000000001,2021043823732,3506,1764
1762947521,0000004000000004,2021067874892,2055,1765
1762947524,0000004000000008,2021105353464,5004,1766
1762947544,000000c000000080,2021302635765,3519,1767
1762947553,0000004000000080,2021386665953,3662,1768
1762947559,0000000800000080,2021451570078,4954,1769
1762947599,0000008000000008,2021852783931,1588,1770
1762947621,0000008000000002,2022076034640,3747,1771
1762947663,0000008000000080,2022492238454,4687,1772
1762947663,0000008000000001,2022495111671,4516,1773
1762947670,0000000100000002,2022557177531,774,1774
1762947681,0000008000000001,2022674564608,4110,1775
1762947693,0000000400000008,2022793265265,2146,1776
1762947701,0000000400000004,2022869869829,2727,1777
1762947707,0000000800000002,2022934235332,4070,1778
1762947713,0000004000000080,2022992192764,579,1779
1762947718,0000000100000004,2023043295655,2682,1780
1762947719,0000004000000008,2023053617348,2067,1781
1762947720,0000000400000080,2023065313568,1367,1782
1762947734,000000800000000c,2023196462732,3875,1783
1762947736,0000000400000002,2023222941910,2267,1784
1762947760,0000000100000008,2023465088810,3285,1785
1762947774,0000000100000001,2023603621464,162,1786
1762947796,0000000100000001,2023826029353,2347,1787
1762947798,0000000400000004,2023840119541,1505,1788
1762947808,0000008000000080,2023945942140,344,1789
1762947811,000000c000000008,2023975783610,3740,1790
1762947815,000000c000000080,2024006345657,1894,1791
1762947827,0000000400000002,2024128717733,4930,1792
1762947835,0000008000000080,2024213225980,5037,1793
1762947844,0000000100000008,2024296380526,5227,1794
1762947852,0000000100000001,2024377779990,338,1795
1762947858,0000008000000080,2024439666785,1797,1796
1762947871,0000008000000002,2024569214721,4408,1797
1762947875,0000000800000002,2024612843128,1770,1798
1762947883,0000000400000001,2024691373140,2234,1799
1762947883,0000000100000001,2024693445156,2112,1800
1762947884,0000000100000001,2024700397166,1696,1801
1762947889,0000000800000004,2024747107558,4094,1802
1762947893,0000000800000005,2024793967788,1262,1803
1762947920,0000000400000008,2025064926877,553,1804
1762947927,0000000800000001,2025132188180,1694,1805
1762947939,0000004000000080,2025246671924,5199,1806
1762947940,0000000400000001,2025259812213,4418,1807
1762947952,0000000100000001,2025381804986,2254,1808
1762947971,0000004000000001,2025572992742,1147,1809
1762947994,0000000400000002,2025798795404,3141,1810
1762947994,0000008000000080,2025805300128,2746,1811
1762948000,0000008000000080,2025857505694,4819,1812
1762948005,0000008000000002,2025914098936,1404,1813
1762948016,0000000800000002,2026025500634,5096,1814
1762948023,0000004000000008,2026090133493,1203,1815
1762948030,0000004000000080,2026159049369,2247,1816
1762948031,0000000400000004,2026172035138,1470,1817
1762948078,0000004000000080,2026642542347,4347,1818
1762948151,0000000400000001,2027375240054,1809,1819
1762948153,0000000400000008,2027388202604,1031,1820
1762948164,0000000100000001,2027500456369,4678,1821
1762948164,0000004000000040,2027501217004,4634,1822
1762948165,0000008000000004,2027516110145,3731,1823
1762948179,0000000100000080,2027653288631,672,1824
1762948191,0000008000000008,2027769186440,4094,1825
1762948206,0000000100000001,2027921403274,5315,1826
1762948226,0000000100000008,2028118948470,3827,1827
1762948241,0000008000000080,2028270976160,5067,1828
1762948263,0000000800000008,2028487779828,2400,1829
1762948273,0000000400000080,2028593401195,1248,1830
1762948274,0000008000000080,2028604189732,607,1831
1762948276,0000000800000008,2028616645544,5051,1832
1762948288,0000000400000008,2028742832690,2639,1833
1762948288,0000004000000080,2028745555442,2476,1834
1762948301,0000008000000008,2028870028009,201,1835
1762948311,0000008000000080,2028972047314,4457,1836
1762948312,0000004000000002,2028976713212,4176,1837
1762948315,0000000800000004,2029011612452,2060,1838
1762948337,0000000400000004,2029234237661,4265,1839
1762948344,0000000400000004,2029304800361,5205,1840
1762948350,0000008000000008,2029357594608,2024,1841
1762948363,0000004000000001,2029494361429,4201,1842
1762948365,0000000100000010,2029513642055,3019,1843
1762948368,0000004000000004,2029545594310,1105,1844
1762948375,0000000800000002,2029609907763,2423,1845
1762948379,0000000400000002,2029653589517,5003,1846
1762948382,0000000400000002,2029685031091,3098,1847
1762948400,0000000100000003,2029864189988,2707,1848
1762948427,0000000100000001,2030131556745,2210,1849
1762948439,0000000100000004,2030253516618,5270,1850
1762948441,0000000800000004,2030267904077,4416,1851
1762948446,0000008000000002,2030321949351,1151,1852
1762948449,0000000800000008,2030347213418,4834,1853
1762948453,0000000100000001,2030392437728,2102,1854
1762948456,0000000400000001,2030423384156,251,1855
1762948466,0000000500000001,2030518380144,4924,1856
1762948484,0000008000000080,2030701327306,4313,1857
1762948490,0000000100000001,2030759009083,834,1858
1762948491,0000008000000080,2030766778449,372,1859
1762948505,0000000800000002,2030914325729,1874,1860
1762948505,0000008000000080,2030915472537,1805,1861
1762948522,0000000400000004,2031078535325,2377,1862
1762948530,0000008000000080,2031157466173,2822,1863
1762948556,0000000100000002,2031416304062,2835,1864
1762948556,0000008000000080,2031421376585,2529,1865
1762948559,0000000200000001,2031453643078,604,1866
1762948579,0000000400000002,2031650211852,4370,1867
1762948580,0000000400000080,2031663219834,3574,1868
1762948588,0000008000000080,2031744906313,3861,1869
1762948595,0000000400000080,2031810829836,5086,1870
1762948601,0000004000000080,2031872421040,1375,1871
1762948608,0000000400000004,2031936299082,2718,1872
1762948616,0000000100000001,2032025435446,2550,1873
1762948621,0000000100000004,2032066916150,5260,1874
1762948626,0000000400000001,2032118103918,2175,1875
1762948632,0000000100000002,2032183408561,3445,1876
1762948633,000000080000000c,2032188948876,3106,1877
1762948638,0000000400000001,2032245023241,4941,1878
1762948643,0000000100000001,2032287719241,2357,1879
1762948643,0000000400000004,2032290266787,2207,1880
1762948656,0000008000000080,2032422829249,4638,1881
1762948671,0000000400000080,2032568260437,1072,1882
1762948702,0000000100000001,2032876907390,3277,1883
1762948711,0000000400000001,2032972293684,2727,1884
1762948711,0000000800000008,2032972844682,2694,1885
1762948717,0000008000000080,2033031102923,4407,1886
1762948720,0000000800000001,2033065405990,2323,1887
1762948725,0000000800000080,2033106336516,5065,1888
1762948730,0000000200000010,2033160981550,1773,1889
1762948749,0000000800000008,2033352304491,660,1890
1762948767,0000008000000001,2033527130838,533,1891
1762948770,0000000800000080,2033562304765,3607,1892
1762948772,0000000100000001,2033585730953,2190,1893
1762948798,0000000300000001,2033844441052,2209,1894
1762948800,0000000800000008,2033862369030,1135,1895
1762948812,0000000100000001,2033977585026,4607,1896
1762948819,0000000100000001,2034050025339,244,1897
1762948835,0000004000000080,2034214239329,750,1898
1762948836,0000000100000007,2034221796001,298,1899
1762948855,0000008000000001,2034409847432,4575,1900
1762948872,000000c000000080,2034584051328,4483,1901
1762948877,0000004000000001,2034627842070,1834,1902
1762948881,0000000400000008,2034672287920,4370,1903
1762948924,0000000100000001,2035102858304,4440,1904
1762948930,0000008000000004,2035165910313,639,1905
1762948946,0000008000000080,2035316994172,1930,1906
1762948954,0000004000000008,2035402479411,1982,1907
1762948955,0000004000000001,2035411919182,1416,1908
1762948962,0000000100000001,2035483898512,2275,1909
1762948971,0000008000000080,2035571171135,2219,1910
1762948976,0000004000000008,2035621276495,4418,1911
1762948997,000000c000000080,2035830878808,2179,1912
1762949005,0000008000000080,2035913398635,2407,1913
1762949012,0000008000000080,2035981319579,3524,1914
1762949018,0000000400000008,2036043864763,4962,1915
1762949026,0000000400000008,2036121485258,294,1916
1762949026,0000008000000080,2036125027023,5268,1917
1762949027,0000008000000080,2036129930539,4978,1918
1762949031,0000000300000001,2036175759225,2209,1919
1762949043,0000000d00000002,2036293553807,331,1920
1762949056,0000000100000004,2036425520457,2762,1921
1762949059,0000000800000002,2036449048178,1356,1922
1762949059,0000000800000004,2036449366238,1337,1923
1762949065,0000008000000080,2036511995775,2755,1924
1762949078,0000000800000002,2036643689611,5233,1925
1762949083,0000000400000002,2036689160573,2486,1926
1762949144,000000010000008e,2037302260135,1971,1927
1762949146,0000000100000002,2037318247221,1015,1928
1762949156,0000000400000008,2037423894110,5050,1929
1762949164,0000000100000004,2037501244006,401,1930
1762949183,0000000400000002,2037686647172,4831,1931
1762949189,0000000400000080,2037748065266,1127,1932
1762949196,0000000400000004,2037821645056,1894,1933
1762949203,0000008000000080,2037893249505,2773,1934
1762949212,0000000100000001,2037976907247,2935,1935
1762949236,0000008000000001,2038216608848,4118,1936
1762949243,0000000800000004,2038295439007,4571,1937
1762949244,0000000500000001,2038299265854,4342,1938
1762949250,0000008000000001,2038364902065,388,1939
1762949253,0000000100000001,2038392907080,3898,1940
1762949269,0000000100000001,2038553507006,4631,1941
1762949282,0000008000000080,2038675995545,2435,1942
1762949287,0000000800000080,2038726146492,4632,1943
1762949296,0000008000000008,2038817120529,4355,1944
1762949311,000000c000000080,2038968481237,439,1945
1762949315,0000004000000010,2039010806121,3071,1946
1762949323,0000004000000080,2039094824322,3213,1947
1762949328,0000000100000004,2039144072098,264,1948
1762949334,0000004000000001,2039196306473,2300,1949
1762949336,0000004000000004,2039221415196,801,1950
1762949344,0000008000000001,2039296690931,1462,1951
1762949346,0000000100000004,2039321645963,5159,1952
1762949361,0000000100000001,2039468156282,1535,1953
1762949363,0000008000000080,2039487004511,412,1954
1762949364,0000000200000001,2039498627805,4906,1955
1762949382,0000000400000080,2039683344754,4187,1956
1762949384,0000000400000008,2039700111248,3160,1957
1762949401,0000000400000008,2039873146981,3140,1958
1762949407,0000000800000001,2039929561207,4953,1959
1762949429,0000000100000002,2040148958643,2131,1960
1762949429,0000000400000002,2040155486100,1743,1961
1762949460,0000000400000001,2040461686776,4113,1962
1762949464,0000000400000001,2040500567808,1761,1963
1762949470,0000008000000002,2040560359713,3356,1964
1762949472,0000004000000080,2040579519145,2201,1965
1762949480,0000000100000008,2040663376263,2348,1966
1762949491,0000000100000008,2040771307908,1058,1967
1762949499,0000008000000008,2040851357611,1435,1968
1762949504,0000000400000080,2040897095838,3886,1969
1762949536,0000000100000001,2041225156115,4927,1970
1762949552,0000000100000004,2041384058430,564,1971
1762949553,0000000400000008,2041387496403,358,1972
1762949554,0000000900000002,2041402817040,4634,1973
1762949563,0000000800000001,2041491054263,4521,1974
1762949564,0000008000000001,2041499281727,4027,1975
1762949570,0000000400000008,2041556721389,565,1976
1762949604,0000000100000004,2041897648805,830,1977
1762949610,0000004000000008,2041965477442,1938,1978
1762949632,0000000100000001,2042176746616,4822,1979
1762949653,0000000100000002,2042395453814,2042,1980
1762949657,0000000400000084,2042435696665,4827,1981
1762949660,0000000100000001,2042457486206,3508,1982
1762949692,0000000400000008,2042777561031,5035,1983
1762949702,0000000800000001,2042879052083,4131,1984
1762949712,0000000400000004,2042984305887,2972,1985
1762949723,0000000800000080,2043092591857,1661,1986
1762949729,0000000100000080,2043152118734,3270,1987
1762949729,0000004000000080,2043155615758,3058,1988
1762949735,0000008000000080,2043207487067,5143,1989
1762949739,0000004000000008,2043248530370,2660,1990
1762949749,0000008000000008,2043349938120,1762,1991
1762949767,0000000100000008,2043534252242,1065,1992
1762949779,0000000100000001,2043651819245,4393,1993
1762949790,0000000400000008,2043763486707,2847,1994
1762949799,0000004000000004,2043853470796,2630,1995
1762949801,0000000300000080,2043867487811,1794,1996
1762949824,0000008000000080,2044105422250,3057,1997
1762949825,0000008000000004,2044108248292,2885,1998
1762949842,0000000100000001,2044277380379,3102,1999
1762949854,0000008000000002,2044405286662,615,2000
1762949855,0000000100000004,2044410113970,327,2001
1762949859,0000000800000008,2044452769259,2937,2002
1762949885,0000000400000080,2044710471016,3018,2003
1762949889,0000008000000080,2044749431929,690,2004
1762949893,0000004000000001,2044789354760,3474,2005
1762949909,0000008000000080,2044946448190,664,2006
1762949934,0000004000000004,2045203763634,4530,2007
1762949937,000000c000000080,2045231713139,2827,2008
1762949946,0000008000000080,2045325298707,2391,2009
1762949953,0000000100000001,2045389731352,3724,2010
1762949960,0000000400000004,2045465133446,4390,2011
1762949972,0000008000000001,2045585094082,2347,2012
1762949977,0000008000000080,2045630369787,4834,2013
1762950019,0000004000000080,2046051297841,289,2014
1762950020,0000004000000080,2046057585412,5101,2015
1762950029,0000000400000008,2046148498008,4830,2016
1762950040,0000000100000002,2046259575340,3331,2017
1762950049,0000000800000004,2046348527101,3170,2018
1762950063,0000000100000001,2046494761569,4778,2019
1762950066,0000008000000001,2046522122290,3116,2020
1762950067,0000000100000001,2046533636470,2422,2021
1762950072,0000000800000001,2046584092898,4602,2022
1762950077,0000000400000001,2046629083746,1881,2023
1762950079,0000000100000001,2046648053582,747,2024
1762950084,0000000400000008,2046703055164,2618,2025
1762950097,0000000100000002,2046834464398,5115,2026
1762950097,0000000100000008,2046835074718,5079,2027
1762950107,0000008000000008,2046929402318,4606,2028
1762950109,0000008000000080,2046947293978,3519,2029
1762950124,0000008000000004,2047105464667,4407,2030
1762950136,0000000100000001,2047217078417,2863,2031
1762950137,0000000100000001,2047226353961,2306,2032
1762950156,0000000100000001,2047419408852,1087,2033
1762950163,0000000800000080,2047487741548,2166,2034
1762950164,0000004000000005,2047495956411,1676,2035
1762950165,0000004000000004,2047513922325,603,2036
1762950171,0000000800000080,2047566138708,2640,2037
1762950172,0000000700000001,2047582586157,1660,2038
1762950176,0000008000000001,2047625495198,4286,2039
1762950181,0000000100000004,2047669055552,1652,2040
1762950185,0000000800000080,2047708383083,4495,2041
1762950188,0000000400000008,2047737631013,2712,2042
1762950193,0000004000000080,2047786146840,5003,2043
1762950210,0000008000000080,2047965408722,4615,2044
1762950225,0000000100000080,2048108256508,1202,2045
1762950226,0000008000000004,2048118606135,587,2046
1762950229,0000000800000002,2048150769814,3848,2047
1762950236,0000000500000001,2048220480004,4850,0
1762950301,0000004000000008,2048866159682,2351,1
1762950313,0000000800000080,2048987740760,248,2
1762950313,0000000100000002,2048989915755,5304,3
1762950317,0000000100000008,2049033959126,2643,4
1762950322,0000000100000008,2049077753129,5215,5
1762950332,0000000100000001,2049178854444,4338,6
1762950337,0000004000000004,2049226383312,1464,7
1762950338,0000008000000080,2049239373081,690,8
1762950368,0000008000000002,2049539787398,3387,9
1762950373,0000000100000004,2049589314274,419,10
1762950389,0000008000000008,2049747693668,1269,11
1762950409,0000000800000002,2049955082193,4392,12
1762950413,0000000100000004,2049988493280,2360,13
1762950418,0000008000000084,2050043688019,4255,14
1762950425,0000000100000004,2050112349313,5308,15
1762950426,0000000800000004,2050121475084,4768,16
1762950428,0000000800000001,2050138252761,3753,17
1762950446,0000000800000008,2050320166297,3187,18
1762950447,0000000100000002,2050334616823,2317,19
1762950448,0000000100000001,2050342872550,1826,20
1762950462,0000008000000004,2050479028900,4035,21
1762950477,0000000800000008,2050629733452,162,22
1762950480,0000008000000080,2050659721557,3544,23
1762950543,0000008000000001,2051291274122,1909,24
1762950545,0000008400000002,2051306976805,968,25
1762950552,0000008000000001,2051378701538,1846,26
1762950555,0000008000000080,2051408155998,5270,27
1762950566,0000000100000002,2051524831449,3442,28
1762950584,0000000100000008,2051704547867,3013,29
1762950596,0000008000000004,2051820761409,1217,30
1762950613,0000000100000001,2051991290452,1353,31
1762950620,0000004000000080,2052060146786,2398,32
1762950621,0000000100000003,2052075430291,1486,33
1762950622,0000000100000008,2052076935577,1395,34
1762950652,0000000800000002,2052376036515,4193,35
1762950659,0000000400000004,2052448066443,5046,36
1762950661,0000000800000008,2052469923225,3732,37
1762950668,0000000800000008,2052541446446,4630,38
1762950670,0000008000000001,2052559828579,3513,39
1762950697,0000000400000004,2052827591390,2979,40
1762950697,0000008000000080,2052832280732,2695,41
1762950720,0000004000000002,2053059964983,4605,42
1762950723,0000008000000080,2053091585865,2679,43
1762950727,0000008000000080,2053131549479,293,44
1762950745,0000008000000080,2053309248108,5180,45
1762950747,0000000100000080,2053332095094,3811,46
1762950759,0000000400000008,2053445779265,2155,47
1762950762,0000000400000002,2053483794823,5071,48
1762950767,0000000100000004,2053526342728,2498,49
1762950768,0000000100000008,2053538182041,1793,50
1762950780,0000000800000080,2053657416597,5016,51
1762950796,0000000800000080,2053817438076,584,52
1762950809,0000008000000002,2053948100389,3100,53
1762950843,0000000100000008,2054290155327,3303,54
1762950844,0000000800000004,2054300400688,2680,55
1762950844,0000004000000008,2054303726653,2483,56
1762950848,0000008000000004,2054344641995,5225,57
1762950855,0000008000000001,2054413200069,1100,58
1762950862,0000004000000002,2054482666702,2110,59
1762950870,0000000800000002,2054560063896,2642,60
1762950872,0000004000000002,2054583174342,1261,61
1762950903,0000008000000080,2054889174384,3634,62
1762950909,0000008000000008,2054954190173,4921,63
1762950910,0000008000000080,2054959675405,4597,64
1762950916,0000000100000004,2055024999691,660,65
1762950934,0000000800000080,2055203997485,284,66
1762950935,0000000100000001,2055207473885,5263,67
1762950939,0000000100000001,2055253450105,2486,68
1762950963,0000004000000080,2055489322039,3897,69
1762950967,0000000800000001,2055530909005,1386,70
1762950975,0000000800000002,2055614260460,1566,71
1762950976,0000000100000080,2055623835464,992,72
1762950979,0000000400000001,2055650284479,4607,73
1762950991,0000000300000001,2055770270881,2561,74
1762951008,0000008000000080,2055935983653,2981,75
1762951030,0000000800000002,2056164557561,4831,76
1762951032,0000008000000080,2056184515379,3626,77
1762951042,0000000800000001,2056284841220,2771,78
1762951061,0000004000000004,2056469665458,2047,79
1762951069,0000000100000002,2056546899051,2589,80
1762951077,0000000100000008,2056626890374,2974,81
1762951116,0000000100000004,2057016802300,312,82
1762951124,0000000100000002,2057100099900,495,83
1762951143,0000004000000008,2057293096222,4473,84
1762951158,0000000400000001,2057444815629,534,85
1762951161,0000000800000004,2057467463080,4372,86
1762951176,0000000800000080,2057617424695,539,87
1762951179,0000000800000001,2057653578047,3552,88
1762951182,0000004000000001,2057678570517,2043,89
1762951193,0000008000000080,2057793101714,360,90
1762951212,0000000800000004,2057976194756,4928,91
1762951228,0000000400000001,2058141874206,162,92
1762951234,0000000100000002,2058199102492,1898,93
1762951236,0000008000000002,2058215931279,888,94
1762951237,0000000400000002,2058232013202,5117,95
1762951242,0000000100000086,2058280596462,2185,96
1762951264,0000000200000002,2058495583562,4849,97
1762951276,0000000400000002,2058617297150,2703,98
1762951277,0000004000000008,2058630277972,1930,99
1762951281,0000000500000001,2058669189106,4796,100
1762951287,0000000100000080,2058728409456,1221,101
1762951296,0000008000000002,2058820875787,858,102
1762951298,0000000800000001,2058842586571,4754,103
1762951313,0000008000000008,2058988446349,1162,104
1762951320,0000004000000080,2059060165371,2039,105
1762951393,0000000100000008,2059791288496,4817,106
1762951393,0000000800000002,2059792600751,4742,107
1762951407,0000000800000004,2059931339447,1577,108
1762951419,0000004000000004,2060053925193,4604,109
1762951429,0000000800000004,2060148582657,4105,110
1762951467,0000004000000008,2060532831385,1753,111
1762951504,0000000100000002,2060898980539,512,112
1762951504,0000008000000080,2060904711444,169,113
1762951516,0000000400000001,2061015502494,3893,114
1762951545,0000008000000080,2061309032933,1807,115
1762951545,0000004000000008,2061313686779,1529,116
1762951556,0000000800000008,2061417629950,478,117
1762951562,0000008000000002,2061480621720,1874,118
1762951572,0000000800000001,2061579307146,1133,119
1762951595,0000000800000002,2061814652884,2550,120
1762951654,0000000100000001,2062403851948,3474,121
1762951677,0000008000000080,2062633393580,5250,122
1762951706,0000008000000004,2062924089417,3340,123
1762951713,0000008000000080,2062987055204,4760,124
1762951719,0000000800000080,2063053368726,766,125
1762951725,0000000400000001,2063111723721,2437,126
1762951726,0000008000000080,2063119541735,1972,127
1762951735,0000004000000008,2063209376221,1763,128
1762951764,0000000800000004,2063495436831,162,129
1762951787,0000004000000080,2063728598712,1694,130
1762951812,0000004000000008,2063983426786,1946,131
1762951831,0000008000000080,2064168645927,1194,132
1762951833,0000008000000004,2064190268576,5092,133
1762951841,0000008000000002,2064273784616,5260,134
1762951842,0000008000000002,2064283061794,4712,135
1762951842,0000000100000002,2064285040383,4595,136
1762951851,0000000400000002,2064366690861,4872,137
1762951851,0000000400000001,2064368608739,4759,138
1762951851,0000008000000008,2064374120593,4431,139
1762951859,0000004000000080,2064448892496,5117,140
1762951872,0000008000000004,2064580688159,2371,141
1762951877,0000000100000001,2064634648832,4341,142
1762951882,0000004000000002,2064680693149,1557,143
1762951894,000000c000000080,2064804177610,4531,144
1762951914,000000c00000000a,2064995428634,3399,145
1762951922,0000008000000004,2065077615573,3654,146
1762951926,0000000800000008,2065116493608,1311,147
1762951943,0000004800000008,2065294908934,969,148
1762951954,0000000800000008,2065401809657,4932,149
1762951972,0000008000000008,2065584646814,4329,150
1762952010,0000000400000008,2065963302578,2306,151
1762952016,0000000400000001,2066021115410,4041,152
1762952019,0000008000000080,2066051742169,2184,153
1762952026,0000000100000008,2066118502353,3364,154
1762952074,0000008000000002,2066601678046,279,155
1762952077,0000004000000008,2066630572757,3732,156
1762952084,0000008000000080,2066703680106,4537,157
1762952107,0000008000000080,2066933097922,1111,158
1762952114,0000000400000080,2066995823387,2523,159
1762952144,0000000800000008,2067301479015,4929,160
1762952147,0000000100000008,2067329794200,3213,161
1762952151,000000c000000080,2067367666991,942,162
1762952173,0000000400000002,2067592551931,2987,163
1762952196,0000000100000002,2067822497064,4754,164
1762952204,0000000400000004,2067902989106,5101,165
1762952211,0000004000000008,2067971531803,974,166
1762952223,0000000800000004,2068094842258,3954,167
1762952226,0000000100000001,2068123749543,2200,168
1762952239,0000004000000080,2068249228161,5050,169
1762952252,0000000800000002,2068385078294,2063,170
1762952266,0000008000000080,2068515319046,4633,171
1762952273,0000004000000080,2068588008304,256,172
1762952286,0000004000000008,2068724283967,2430,173
1762952303,0000008000000080,2068888254023,2954,174
1762952308,0000000400000008,2068944334148,4795,175
1762952316,0000000100000001,2069015693499,500,176
1762952331,0000004000000001,2069174242896,1340,177
1762952334,0000000100000004,2069195994602,5231,178
1762952336,0000000100000080,2069223765912,3559,179
1762952337,0000008100000080,2069231357471,3094,180
1762952375,0000008000000080,2069609613729,1123,181
1762952385,0000000400000004,2069714618782,5197,182
1762952397,0000000800000002,2069828395377,3546,183
1762952429,0000000800000080,2070150188447,4970,184
1762952430,0000000400000002,2070157851054,4516,185
1762952434,0000000100000008,2070195580240,2228,186
1762952438,0000000400000002,2070242269585,4630,187
1762952441,0000000100000004,2070266116476,3178,188
1762952443,0000004000000002,2070288448354,1839,189
1762952460,0000000400000001,2070458050036,2024,190
1762952462,0000000800000002,2070484671288,433,191
1762952472,0000000400000002,2070583295990,4888,192
1762952472,0000000400000001,2070583699870,4864,193
1762952479,0000008000000080,2070648159604,979,194
1762952485,0000000400000002,2070710469920,2417,195
1762952510,000000c000000080,2070962906737,2812,196
1762952520,0000008000000004,2071055907060,2413,197
1762952544,0000008000000080,2071304003717,3071,198
1762952548,0000000400000080,2071341357922,835,199
1762952558,0000000400000002,2071441895914,5175,200
1762952559,0000000800000008,2071448759905,4769,201
1762952576,0000000400000008,2071621788393,4750,202
1762952578,0000000100000080,2071637485225,3802,203
1762952589,0000000100000001,2071752826966,2047,204
1762952594,0000000800000008,2071803741333,4194,205
1762952615,0000000100000004,2072007424965,2310,206
1762952620,0000008000000008,2072060122499,4355,207
1762952627,0000000100000006,2072125738600,405,208
1762952640,0000004000000080,2072259074992,2752,209
1762952640,0000008000000080,2072260527074,2665,210
1762952654,0000004000000002,2072396650156,4883,211
1762952656,0000000400000008,2072424983228,3164,212
1762952679,0000000100000001,2072649840755,5229,213
1762952684,0000000100000001,2072699645445,2224,214
1762952706,0000004000000080,2072917728747,4706,215
1762952712,0000004000000002,2072975369035,1225,216
1762952736,0000008000000008,2073221762443,1985,217
1762952741,000000c000000004,2073270281996,4275,218
1762952741,0000004000000004,2073273967697,4053,219
1762952752,0000000800000002,2073375649044,3112,220
1762952766,0000008000000001,2073516144943,5059,221
1762952774,0000008000000080,2073600526275,5176,222
1762952781,0000008000000002,2073668148539,1105,223
1762952781,0000000800000080,2073671681729,895,224
1762952825,0000000400000001,2074113008523,324,225
1762952826,0000000200000002,2074119049231,5149,226
1762952828,0000008000000002,2074135152090,4189,227
1762952845,0000000400000084,2074306568878,4267,228
1762952888,0000000800000008,2074735244880,4452,229
1762952911,0000000100000080,2074966302713,928,230
1762952918,0000000400000008,2075036262895,1910,231
1762952923,0000008000000004,2075087807422,4016,232
1762952927,0000008000000001,2075127960799,1590,233
1762952929,0000000100000002,2075149090233,329,234
1762952932,0000000400000002,2075175231209,3950,235
1762952932,0000000400000004,2075183442291,3446,236
1762952943,0000000100000001,2075285632576,2485,237
1762952944,0000000100000001,2075296129167,1861,238
1762952950,0000008000000080,2075363798856,2978,239
1762952952,0000000100000002,2075381452837,1922,240
1762952967,0000000800000008,2075527702735,3515,241
1762952973,0000008000000080,2075587693539,5103,242
1762952975,0000000800000080,2075607133940,3940,243
1762952977,0000000100000004,2075628441138,2640,244
1762952989,0000008000000080,2075751864117,426,245
1762953000,0000008000000080,2075856919611,4500,246
1762953013,0000000100000004,2075988497845,1765,247
1762953018,0000008000000002,2076037149234,4044,248
1762953041,0000000800000080,2076273826185,192,249
1762953047,0000008000000080,2076330245860,1981,250
1762953067,0000008000000080,2076531581649,272,251
1762953073,0000000400000001,2076592822341,1770,252
1762953091,0000000800000001,2076774347971,1239,253
1762953111,0000008000000080,2076965476153,5327,254
1762953113,0000008000000080,2076985634066,4125,255
1762953124,0000000400000001,2077101761764,2314,256
1762953128,0000000800000001,2077137791301,162,257
1762953139,0000004000000001,2077246821891,3993,258
1762953151,0000000800000008,2077368845917,1836,259
1762953156,0000000800000080,2077424110926,3712,260
1762953165,0000000800000008,2077509715648,3756,261
1762953174,0000004000000002,2077600584807,3479,262
1762953185,0000008000000080,2077707863943,2214,263
1762953188,0000000400000004,2077740214403,282,264
1762953189,0000000100000001,2077751081013,4823,265
1762953198,000000c000000080,2077841238690,4597,266
1762953210,0000000400000001,2077959649046,2647,267
1762953211,0000000800000004,2077972858240,1860,268
1762953216,0000008000000008,2078020618862,4195,269
1762953236,0000000800000008,2078216445004,2781,270
1762953245,0000008000000080,2078308824669,2419,271
1762953274,0000000800000080,2078600598903,467,272
1762953278,0000008000000004,2078637725323,3418,273
1762953279,0000000100000004,2078653107940,2484,274
1762953279,0000000100000080,2078653388003,2467,275
1762953287,0000000100000080,2078727961320,3179,276
1762953306,0000000100000005,2078917734573,2153,277
1762953309,0000008000000080,2078951780966,5305,278
1762953310,0000000200000002,2078956638038,5016,279
1762953315,0000000400000001,2079006670678,1999,280
1762953318,0000000100000003,2079041741300,5089,281
1762953329,0000004000000002,2079154873001,3474,282
1762953336,0000008000000008,2079223707619,4541,283
1762953340,0000000400000001,2079259050357,2394,284
1762953371,0000004000000004,2079570428171,4461,285
1762953378,0000000100000001,2079638944941,335,286
1762953397,0000000100000001,2079826886766,4615,287
1762953406,0000004000000001,2079918297325,4311,288
1762953409,0000000400000008,2079945027661,2681,289
1762953438,000000c000000080,2080242498056,387,290
1762953450,0000004000000002,2080359306277,3745,291
1762953458,0000008000000004,2080435317334,4376,292
1762953487,0000008000000080,2080728563044,2298,293
1762953500,0000000100000001,2080857282048,4955,294
1762953513,0000004000000004,2080987946739,2276,295
1762953530,000000c000000080,2081160738956,2270,296
1762953572,0000000100000008,2081581510847,2927,297
1762953590,0000008000000080,2081756835180,2766,298
1762953601,0000000200000080,2081869392522,1200,299
1762953625,0000008800000004,2082112336976,2163,300
1762953647,0000000400000001,2082326693624,4864,301
1762953671,0000008000000001,2082573994712,377,302
1762953674,0000000100000001,2082597454519,4164,303
1762953677,0000004000000004,2082632995224,2010,304
1762953677,0000008500000088,2082633180587,1999,305
1762953725,0000004000000001,2083109729810,4512,306
1762953727,0000000100000004,2083131703624,3173,307
1762953733,0000000800000001,2083193270647,4679,308
1762953736,000000c000000080,2083219695562,3071,309
1762953737,0000000400000001,2083226498979,2660,310
1762953748,0000004000000001,2083341913702,922,311
1762953752,0000000800000004,2083380066972,3827,312
1762953753,0000000100000001,2083392365933,3072,313
1762953764,0000004000000002,2083496024587,2035,314
1762953768,0000000800000002,2083537670189,4739,315
1762953773,0000000100000001,2083585461683,1851,316
1762953775,0000000100000001,2083605490109,654,317
1762953780,0000000400000004,2083662701300,2393,318
1762953781,0000000400000008,2083667195835,2125,319
1762953781,0000000800000001,2083667692995,2096,320
1762953781,0000004000000004,2083670950935,1903,321
1762953790,0000000100000008,2083757120232,1913,322
1762953805,0000000400000080,2083913198008,2905,323
1762953807,0000000400000001,2083928551480,1987,324
1762953814,0000000800000008,2084000942927,2819,325
1762953818,0000000100000008,2084041834002,379,326
1762953820,0000000100000081,2084055272836,4765,327
1762953824,0000000300000001,2084096112941,2293,328
1762953836,0000000100000008,2084220561316,5205,329
1762953837,0000004000000002,2084233607724,4430,330
1762953841,0000008000000004,2084268692811,2299,331
1762953862,0000004400000080,2084482515445,5031,332
1762953879,0000000800000008,2084647780391,287,333
1762953884,0000008000000080,2084696176105,2551,334
1762953885,0000008000000080,2084714586997,1453,335
1762953900,0000000100000080,2084859540971,3116,336
1762953903,0000000100000001,2084891849190,1178,337
1762953916,0000000800000003,2085017366150,4027,338
1762953925,0000004000000004,2085111517192,3549,339
1762953927,0000004000000080,2085125469816,2698,340
1762953936,0000000400000080,2085221125686,2143,341
1762953937,0000008000000002,2085231565722,1519,342
1762953939,0000004000000001,2085252176797,288,343
1762953942,0000004000000008,2085280525803,3775,344
1762953947,0000004000000080,2085332073033,673,345
1762953949,0000000800000002,2085351285767,4717,346
1762953956,0000008000000004,2085419012508,638,347
1762953957,0000000100000001,2085429701914,5186,348
1762953973,0000000400000004,2085588588175,823,349
1762953981,0000000800000001,2085666641409,1316,350
1762953993,0000000100000001,2085787121679,4473,351
1762954015,0000000100000004,2086008880717,1506,352
1762954055,0000000100000001,2086409224853,3393,353
1762954065,0000008000000080,2086511375478,2436,354
1762954080,0000000100000001,2086661746631,3792,355
1762954083,0000004000000002,2086690605867,2047,356
1762954093,0000000100000001,2086793440094,1059,357
1762954116,0000000100000002,2087018711158,3084,358
1762954130,0000000400000008,2087157844590,5112,359
1762954145,0000000100000080,2087308887967,1216,360
1762954145,0000000100000001,2087310094012,1144,361
1762954155,0000008000000080,2087408709838,415,362
1762954157,0000000800000001,2087432536791,4179,363
1762954165,0000004000000008,2087507517379,4859,364
1762954166,0000008000000008,2087515558118,4382,365
1762954167,0000004000000002,2087530490793,3469,366
1762954167,0000000100000002,2087534187578,3242,367
1762954170,0000004000000008,2087560505352,1663,368
1762954174,0000000400000001,2087596167848,4724,369
1762954176,0000000800000002,2087619644143,3297,370
1762954181,0000000500000002,2087671752710,174,371
1762954184,0000004000000001,2087697762739,3802,372
1762954190,0000008000000080,2087760228177,5233,373
1762954193,0000008000000004,2087787827065,3573,374
1762954211,0000000100000008,2087965905399,3242,375
1762954211,0000000100000002,2087967728201,3131,376
1762954212,0000000800000008,2087979563824,2417,377
1762954214,0000000400000001,2087997389225,1352,378
1762954225,0000000400000008,2088109531085,5001,379
1762954260,0000008000000080,2088459588945,4725,380
1762954264,0000000800000008,2088498494304,2366,381
1762954267,0000004000000008,2088532219347,354,382
1762954271,0000004000000001,2088570105572,3256,383
1762954276,0000000500000001,2088624620381,5178,384
1762954305,0000004000000004,2088910680495,3551,385
1762954316,0000000100000002,2089017356084,2319,386
1762954329,0000008000000008,2089150359030,4725,387
1762954339,0000000100000004,2089250198282,3911,388
1762954342,0000008000000002,2089283530869,1895,389
1762954369,0000000800000001,2089548104694,1563,390
1762954372,0000000100000001,2089578365253,4943,391
1762954383,0000000800000001,2089687767900,3552,392
1762954384,0000000500000001,2089698785824,2880,393
1762954384,0000000400000004,2089699558127,2832,394
1762954416,0000000400000001,2090018138536,4468,395
1762954419,0000000c00000001,2090051439529,2442,396
1762954426,0000000100000001,2090116770028,3719,397
1762954428,0000000100000002,2090135885346,2555,398
1762954437,0000004000000080,2090230536169,2061,399
1762954444,0000000500000001,2090295881226,3326,400
1762954452,0000004000000080,2090376299102,3691,401
1762954456,0000000800000008,2090423767884,834,402
1762954476,0000008400000080,2090617914246,4744,403
1762954484,0000008000000004,2090697241546,5159,404
1762954486,0000004000000008,2090714962532,4102,405
1762954498,0000000400000002,2090841611848,1664,406
1762954515,0000000100000004,2091007699046,2058,407
1762954515,0000008000000004,2091013548712,1709,408
1762954519,0000004000000080,2091047213462,4886,409
1762954521,0000000400000080,2091065267089,3799,410
1762954537,0000000400000001,2091226671863,4485,411
1762954537,0000000100000001,2091227493839,4436,412
1762954541,0000000200000002,2091269062249,1920,413
1762954560,0000008000000004,2091455582754,1091,414
1762954564,0000000100000001,2091503885934,3376,415
1762954588,0000000400000004,2091736041668,5001,416
1762954588,0000000400000001,2091739082424,4822,417
1762954593,0000000400000001,2091789983841,1749,418
1762954597,0000004000000004,2091832205385,4418,419
1762954601,0000000100000002,2091865753240,2379,420
1762954601,0000008000000080,2091868080410,2241,421
1762954610,0000000800000004,2091960579225,1876,422
1762954631,0000008000000002,2092166380688,5083,423
1762954645,0000000100000080,2092312538594,1480,424
1762954653,0000000100000001,2092386115520,2243,425
1762954663,0000000100000001,2092486710380,1390,426
1762954686,0000004000000088,2092724405745,2666,427
1762954709,0000000800000008,2092945879649,4942,428
1762954712,0000000400000008,2092984265450,2617,429
1762954714,0000000400000001,2092996935221,1863,430
1762954722,0000000100000001,2093082178536,1929,431
1762954726,0000004000000080,2093120325814,4839,432
1762954736,0000008000000080,2093214867173,4350,433
1762954773,0000004000000080,2093588125117,2651,434
1762954777,0000008000000080,2093633615615,5121,435
1762954782,0000000100000001,2093675891847,2565,436
1762954785,0000004000000008,2093708288590,633,437
1762954790,0000000800000080,2093755870215,2949,438
1762954816,000000c000000080,2094020686712,2599,439
1762954817,0000008000000080,2094033791081,1820,440
1762954820,0000000100000004,2094064000333,5201,441
1762954853,0000000100000001,2094386144368,1401,442
1762954864,0000000800000001,2094501993328,4830,443
1762954865,0000000100000002,2094509192909,4401,444
1762954889,0000000100000001,2094747217787,467,445
1762954896,0000004000000001,2094816377277,1491,446
1762954905,0000008000000080,2094914368259,796,447
1762954916,0000000400000008,2095020275798,4818,448
1762954917,0000004000000001,2095027858344,4366,449
1762954925,0000004000000002,2095105943994,4858,450
1762954933,0000000800000008,2095186881679,5178,451
1762954941,0000008000000002,2095273543299,5159,452
1762954977,0000004000000004,2095624977819,4801,453
1762954984,0000000100000001,2095701476123,198,454
1762954997,0000000100000004,2095834042700,2593,455
1762955002,0000000800000008,2095881068850,4974,456
1762955003,0000000100000001,2095886877919,4632,457
1762955013,0000000400000004,2095992110866,3484,458
1762955030,0000008000000002,2096156933712,3966,459
1762955035,0000008800000080,2096208083167,883,460
1762955054,0000004000000080,2096403597797,4714,461
1762955074,0000000100000001,2096602628264,3111,462
1762955077,0000000800000001,2096630198273,1457,463
1762955089,0000000400000002,2096746189118,4879,464
1762955093,0000008000000004,2096789925544,2232,465
1762955115,0000000100000001,2097010041204,4593,466
1762955119,0000000800000002,2097046232152,2395,467
1762955127,0000000800000008,2097129010846,2607,468
1762955145,0000004000000001,2097311945759,1998,469
1762955158,0000004000000002,2097438416916,4791,470
1762955168,0000004000000002,2097544127341,3620,471
1762955169,0000000100000001,2097551339753,3176,472
1762955171,0000004000000004,2097567800189,2186,473
1762955188,0000000200000002,2097735835922,2464,474
1762955193,0000000400000004,2097788266838,4526,475
1762955209,0000000100000001,2097949789964,5187,476
1762955221,0000004000000004,2098071796049,3032,477
1762955226,0000000100000004,2098118084109,263,478
1762955240,0000000400000080,2098255755430,2353,479
1762955243,0000000100000003,2098292051109,187,480
1762955261,0000000800000002,2098468971080,5122,481
1762955284,0000004000000004,2098704165064,1357,482
1762955295,0000000400000080,2098813095137,5197,483
1762955309,0000000100000001,2098949193992,2194,484
1762955328,0000008000000004,2099137791797,1242,485
1762955360,0000000800000080,2099458596558,2713,486
1762955370,0000000400000001,2099555596080,2077,487
1762955377,0000000100000001,2099625150280,3084,488
1762955383,0000000100000001,2099686165105,4627,489
1762955411,0000000400000008,2099966470707,3332,490
1762955434,0000008000000080,2100194673016,5194,491
1762955443,0000008000000008,2100284887474,4965,492
1762955467,0000000800000080,2100528377523,704,493
1762955490,0000004000000008,2100758977239,2402,494
1762955491,0000008000000080,2100769134545,1798,495
1762955507,0000000400000002,2100927573754,2646,496
1762955510,0000000100000001,2100960314962,692,497
1762955547,0000004000000008,2101331574469,4337,498
1762955551,0000000400000002,2101366133658,2238,499
1762955551,0000000800000080,2101372078859,1885,500
1762955558,0000000100000004,2101439538706,3015,501
1762955562,0000000400000080,2101482109738,469,502
1762955586,0000004000000008,2101723749177,1508,503
1762955595,0000000400000080,2101813112690,1327,504
1762955602,0000000800000001,2101879644569,2510,505
1762955612,0000000100000001,2101978129803,1787,506
1762955614,0000000800000080,2101995143288,771,507
1762955621,0000000800000001,2102065736311,1711,508
1762955634,0000000400000001,2102200067439,4031,509
1762955642,0000000800000004,2102278795605,4492,510
1762955658,0000000800000008,2102443468009,4968,511
1762955661,0000000100000004,2102468231473,3470,512
1762955683,0000008000000001,2102687712896,663,513
1762955722,0000004000000008,2103077223238,3190,514
1762955725,0000000100000001,2103106712749,1422,515
1762955728,0000000800000004,2103136243200,4849,516
1762955736,0000000400000004,2103216846084,5189,517
1762955745,0000000100000004,2103305658714,5042,518
1762955763,0000000400000004,2103486547078,4557,519
1762955765,0000000800000004,2103508603542,3212,520
1762955767,0000000200000001,2103529617488,1951,521
1762955769,0000004000000080,2103548437936,825,522
1762955779,0000000100000004,2103652825927,4936,523
1762955793,0000000800000008,2103787591412,2013,524
1762955796,0000000100000004,2103814401398,412,525
1762955797,0000000800000002,2103832156928,4543,526
1762955798,0000000800000008,2103840738858,4025,527
1762955816,0000008000000001,2104015525474,3897,528
1762955820,0000000400000008,2104057941224,1335,529
1762955823,0000000800000004,2104087359848,4771,530
1762955827,0000000800000004,2104129858350,2199,531
1762955845,0000000800000001,2104308319363,1856,532
1762955847,000000c400000008,2104324714198,873,533
1762955851,0000000800000080,2104373174761,3143,534
1762955854,0000000100000001,2104401801064,1427,535
1762955870,0000000200000002,2104561933065,2179,536
1762955888,0000000800000001,2104742335303,1719,537
1762955893,0000004000000004,2104787770127,4193,538
1762955900,0000000400000001,2104860092563,5029,539
1762955909,0000004000000002,2104952768432,4655,540
1762955914,0000000400000004,2104996893745,1986,541
1762955918,0000008000000080,2105039564580,4629,542
1762955925,0000000100000004,2105109825116,398,543
1762955935,0000000100000008,2105204821284,5068,544
1762955943,0000000800000001,2105291256633,5063,545
1762955959,0000008000000008,2105444382884,1042,546
1762955966,0000004000000080,2105517073769,1861,547
1762955966,0000008000000080,2105521623170,1587,548
1762955977,0000008000000080,2105631496172,182,549
1762955982,0000000100000003,2105677731260,2576,550
1762955986,0000004000000080,2105722906668,5067,551
1762956004,0000000800000008,2105902070316,4686,552
1762956006,0000000400000001,2105916340486,3822,553
1762956019,0000000800000002,2106045997995,1211,554
1762956026,0000008000000008,2106118714816,2026,555
1762956034,0000000100000001,2106194757790,2640,556
1762956045,0000000400000001,2106309015861,971,557
1762956059,000000c000000080,2106444819696,3184,558
1762956072,0000008000000008,2106583067686,5263,559
1762956075,0000008000000004,2106605836186,3899,560
1762956094,0000000100000003,2106800304511,2571,561
1762956098,0000000400000080,2106841281204,5312,562
1762956103,0000000800000004,2106885708872,2627,563
1762956107,000000040000000c,2106925499614,253,564
1762956108,0000008000000080,2106937358909,4739,565
1762956145,0000000400000004,2107306995039,3263,566
1762956146,0000000400000002,2107315088015,2770,567
1762956160,0000004000000080,2107456926145,4646,568
1762956161,0000008000000080,2107465476524,4132,569
1762956162,0000000400000008,2107478882961,3311,570
1762956163,0000004000000080,2107488644985,2718,571
1762956172,0000008000000080,2107583170260,2229,572
1762956176,0000000800000004,2107619333868,5255,573
1762956185,0000004800000080,2107706992588,5178,574
1762956204,0000008000000002,2107894387060,4303,575
1762956218,0000000100000004,2108039007190,788,576
1762956233,0000000400000002,2108186330276,2304,577
1762956237,0000004000000080,2108233016147,4707,578
1762956249,0000000800000002,2108352554014,2690,579
1762956273,0000008000000001,2108590558772,3975,580
1762956278,0000004000000080,2108634411748,1326,581
1762956281,0000008000000004,2108671001443,4334,582
1762956293,0000000800000001,2108787767139,2481,583
1762956315,0000000800000004,2109006833324,4902,584
1762956317,0000000400000080,2109032981205,3318,585
1762956320,0000004000000004,2109055915574,1941,586
1762956322,0000000400000004,2109077348266,659,587
1762956322,0000000800000080,2109081616076,405,588
1762956332,0000004000000004,2109180773045,4829,589
1762956335,0000000400000080,2109204743973,3374,590
1762956339,0000000800000080,2109252696253,501,591
1762956357,0000008000000080,2109430114673,217,592
1762956363,0000004000000002,2109484702064,2116,593
1762956365,000000c000000002,2109506389213,819,594
1762956375,0000004000000004,2109608010128,5093,595
1762956383,0000000100000001,2109687707730,303,596
1762956398,0000000800000080,2109842109643,1395,597
1762956401,0000000100000004,2109869749488,4934,598
1762956403,0000004000000080,2109893674745,3488,599
1762956424,0000004000000001,2110099515651,1492,600
1762956440,0000004000000080,2110262589456,2068,601
1762956445,0000008000000002,2110311479414,4339,602
1762956449,0000000400000001,2110348547097,2091,603
1762956453,0000000100000001,2110388857770,4873,604
1762956454,0000000100000001,2110395097091,4503,605
1762956474,0000008000000080,2110600483440,2513,606
1762956482,0000008000000080,2110675264521,3213,607
1762956483,0000000800000004,2110692077236,2201,608
1762956497,0000008000000001,2110830701514,4269,609
1762956499,0000000800000004,2110849701018,3107,610
1762956507,0000000400000080,2110926186332,3712,611
1762956510,0000004000000008,2110955369791,1948,612
1762956517,0000000100000008,2111030822297,2596,613
1762956518,0000000100000001,2111043593350,1837,614
1762956522,0000000100000080,2111078656205,4929,615
1762956522,0000008000000080,2111084058704,4611,616
1762956535,0000000100000001,2111204733078,2523,617
1762956572,0000000100000001,2111581002717,681,618
1762956585,0000004000000001,2111711692021,3195,619
1762956591,0000000400000002,2111766493963,5103,620
1762956596,0000008000000080,2111819861676,1887,621
1762956610,0000000800000002,2111962472184,3703,622
1762956614,0000004000000002,2112003618138,1221,623
1762956617,0000000100000002,2112030170712,4827,624
1762956628,0000000100000004,2112140579743,3370,625
1762956678,0000004000000080,2112639138086,4559,626
1762956679,0000000400000080,2112653801285,3667,627
1762956682,0000004000000004,2112681340004,2004,628
1762956718,0000000800000080,2113042488532,1059,629
1762956722,0000008000000080,2113080138979,3998,630
1762956729,0000008000000080,2113153714276,4767,631
1762956735,0000000400000080,2113206982702,1551,632
1762956739,0000000400000001,2113244877413,4481,633
1762956746,0000008000000080,2113323439786,4941,634
1762956772,0000000800000001,2113583212880,4897,635
1762956780,0000004000000080,2113656771543,473,636
1762956792,0000008000000001,2113780487326,3410,637
1762956793,0000000100000004,2113784742600,3150,638
1762956793,0000000400000004,2113786880937,3020,639
1762956794,0000008000000001,2113797834195,2361,640
1762956796,0000000100000003,2113819071532,1091,641
1762956800,0000000800000080,2113858822168,3902,642
1762956805,0000000400000080,2113906490756,1028,643
1762956811,0000008000000080,2113967400926,2547,644
1762956821,0000000800000001,2114068091417,1691,645
1762956830,0000000800000001,2114154287233,1701,646
1762956841,0000008000000080,2114268065834,5249,647
1762956862,000000800000000c,2114481661940,2776,648
1762956867,0000000100000001,2114531324158,4998,649
1762956877,0000000100000080,2114632337609,4122,650
1762956887,0000000100000001,2114732871983,3251,651
1762956891,0000008000000080,2114765697000,1281,652
1762956912,0000004000000004,2114977770499,4118,653
1762956919,0000000100000001,2115053593951,4749,654
1762956949,0000004000000004,2115348830495,2552,655
1762956953,0000008400000001,2115384770478,408,656
1762956954,0000004000000004,2115399854165,4698,657
1762956959,0000000800000008,2115448019320,1789,658
1762956961,0000000400000080,2115467694964,612,659
1762956972,0000008000000004,2115578291623,4355,660
1762956972,0000008000000004,2115578761368,4326,661
1762957016,0000004000000002,2116015718371,4010,662
1762957021,0000000100000001,2116069749953,753,663
1762957026,0000000400000002,2116118429143,3006,664
1762957034,0000004000000080,2116198254965,3405,665
1762957044,0000008000000080,2116300880581,2419,666
1762957054,0000000100000080,2116400850496,1606,667
1762957056,0000000800000002,2116417098174,638,668
1762957071,0000000800000004,2116564216179,2163,669
1762957072,0000000800000002,2116582771528,1053,670
1762957073,0000000400000001,2116592891039,452,671
1762957079,0000000100000004,2116652002356,2078,672
1762957089,0000008000000080,2116744103918,1734,673
1762957096,0000000100000002,2116820927775,2302,674
1762957099,0000000100000003,2116852859073,396,675
1762957106,0000004000000001,2116919545739,1570,676
1762957111,0000008000000002,2116970551242,3700,677
1762957118,0000000800000004,2117040757337,4678,678
1762957148,0000008000000080,2117336843290,2428,679
1762957163,0000000800000080,2117490372805,3593,680
1762957170,0000008000000008,2117559592640,4633,681
1762957179,0000000800000002,2117646794384,4582,682
1762957182,0000008000000008,2117677827441,2693,683
1762957187,0000000100000002,2117729210651,4813,684
1762957188,0000000800000004,2117734207668,4517,685
1762957188,0000008000000080,2117736856111,4359,686
1762957192,0000000400000004,2117776417681,1963,687
1762957202,0000000200000080,2117883581138,719,688
1762957212,0000000800000080,2117979815470,5315,689
1762957222,0000004000000002,2118079600252,4519,690
1762957226,0000000800000004,2118121051894,2008,691
1762957240,0000000100000080,2118261286431,3973,692
1762957245,0000000100000001,2118311056379,971,693
1762957264,0000000800000008,2118494445178,334,694
1762957274,0000004000000008,2118599221204,4424,695
1762957276,0000004000000080,2118623260738,2957,696
1762957284,0000004000000004,2118703106991,3353,697
1762957303,0000000800000008,2118884520165,2820,698
1762957345,0000004000000001,2119306370378,3424,699
1762957347,0000000100000001,2119329837034,2011,700
1762957360,0000008000000080,2119457762733,4717,701
1762957365,000000c000000080,2119506824032,1754,702
1762957367,0000008000000080,2119528794729,441,703
1762957367,0000000100000080,2119530162727,360,704
1762957372,0000004000000080,2119576902822,2724,705
1762957385,0000000100000003,2119708912607,5185,706
1762957393,0000004000000001,2119784732189,628,707
1762957406,0000000100000008,2119918597210,2947,708
1762957414,0000000800000080,2119993992347,3619,709
1762957439,0000004000000080,2120246224192,4036,710
1762957446,0000004000000002,2120316107337,5019,711
1762957449,0000000400000001,2120353286002,2767,712
1762957450,0000000400000004,2120357322239,2526,713
1762957457,0000008000000080,2120431701184,3250,714
1762957464,0000000100000001,2120498893552,4421,715
1762957480,0000000800000004,2120659193849,5157,716
1762957488,0000000100000080,2120743089125,5301,717
1762957494,0000008000000080,2120798807924,1947,718
1762957497,0000004000000008,2120832513773,5118,719
1762957516,0000004000000008,2121019286616,4280,720
1762957519,0000000100000001,2121051847792,2301,721
1762957524,0000008000000080,2121098931786,4682,722
1762957542,0000000100000001,2121278566848,4267,723
1762957558,0000004000000008,2121439696410,4954,724
1762957561,0000004000000080,2121470774519,3071,725
1762957561,0000000100000004,2121472910404,2942,726
1762957565,0000000400000001,2121509727815,740,727
1762957573,0000000100000080,2121589083509,1156,728
1762957579,000000c000000080,2121653785922,2450,729
1762957636,0000004000000080,2122221338187,4687,730
1762957640,0000008000000004,2122263145847,2155,731
1762957641,0000008400000008,2122270803185,1699,732
1762957656,0000000400000004,2122420774617,3060,733
1762957656,0000008800000001,2122423061933,2919,734
1762957658,0000000800000002,2122436161402,2137,735
1762957676,0000008000000001,2122618271832,1573,736
1762957687,0000000100000004,2122731578014,5150,737
1762957697,0000004000000080,2122830596163,4398,738
1762957710,0000000100000002,2122960219371,1780,739
1762957712,0000000400000080,2122978699300,676,740
1762957728,0000008000000004,2123138961542,1416,741
1762957731,0000008000000080,2123164353003,5088,742
1762957733,0000008000000080,2123185384098,3826,743
1762957741,0000000100000001,2123273804475,3699,744
1762957743,0000000100000001,2123284736684,3028,745
1762957748,0000000100000002,2123340399071,4890,746
1762957748,0000004000000001,2123343226535,4724,747
1762957760,0000008000000080,2123462050336,2749,748
1762957766,0000000200000002,2123514247679,4821,749
1762957771,0000004000000001,2123566048845,1696,750
1762957777,0000000100000004,2123623849076,3411,751
1762957781,0000000400000080,2123665804401,893,752
1762957786,0000000100000001,2123722914375,2638,753
1762957787,0000000100000008,2123728542246,2303,754
1762957790,0000004000000006,2123756312558,647,755
1762957805,0000004000000001,2123905799325,2032,756
1762957830,0000008000000080,2124158396456,2415,757
1762957838,0000000400000008,2124235611760,2964,758
1762957861,0000000100000002,2124468660554,4549,759
1762957862,0000008000000004,2124480882247,3806,760
1762957887,0000004000000001,2124730306705,4392,761
1762957896,0000000400000001,2124819182258,4240,762
1762957928,0000000100000002,2125137645381,657,763
1762957931,0000000800000080,2125168023831,4028,764
1762957932,000000c000000080,2125182055761,3168,765
1762957936,0000000100000008,2125215349554,1171,766
1762957939,0000008000000004,2125249170421,4345,767
1762957947,0000000400000004,2125327731694,4809,768
1762957992,0000000100000001,2125777238329,3735,769
1762957996,0000008000000004,2125816824467,1347,770
1762958009,0000000400000002,2125943917758,4103,771
1762958020,0000000200000001,2126061560147,2203,772
1762958027,0000008000000002,2126131255619,3204,773
1762958027,0000000100000008,2126132501008,3130,774
1762958028,0000000100000004,2126142894396,2500,775
1762958032,0000000400000080,2126178190434,395,776
1762958041,0000008000000080,2126268075957,183,777
1762958046,0000004000000004,2126321973439,2122,778
1762958047,0000008000000002,2126328983097,1704,779
1762958058,0000000100000002,2126434646350,549,780
1762958080,0000000100000004,2126660685404,2517,781
1762958085,0000000400000004,2126704550916,5087,782
1762958104,0000000100000080,2126903461752,3506,783
1762958106,0000000800000004,2126921843652,2391,784
1762958117,0000008000000002,2127028077688,1202,785
1762958134,0000000100000001,2127202320773,1110,786
1762958135,0000000100000001,2127208474989,744,787
1762958194,0000008000000002,2127798432540,1609,788
1762958199,0000000400000080,2127852011489,3583,789
1762958200,0000004000000001,2127859945817,3096,790
1762958206,0000008000000080,2127917109209,4867,791
1762958220,0000004000000002,2128060632599,1418,792
1762958230,0000000400000080,2128156381555,857,793
1762958239,0000000100000004,2128248437235,517,794
1762958242,0000000400000001,2128275823117,4069,795
1762958248,0000000800000008,2128341915516,5277,796
1762958257,0000008000000080,2128429419596,5209,797
1762958260,0000008000000080,2128463702563,3137,798
1762958285,0000000800000080,2128711915263,3802,799
1762958310,0000000100000001,2128957902873,4592,800
1762958318,0000004000000080,2129036420695,5054,801
1762958327,0000000100000008,2129132202350,4496,802
1762958329,0000008000000001,2129149719545,3427,803
1762958336,0000000400000001,2129223022635,4225,804
1762958344,0000000800000008,2129297190040,4953,805
1762958349,0000008000000002,2129350068920,1763,806
1762958360,0000000800000008,2129461827162,245,807
1762958364,0000000800000080,2129496487342,3342,808
1762958383,0000000100000080,2129692254078,1955,809
1762958397,0000000400000004,2129827573487,4218,810
1762958405,0000000800000080,2129903752440,4825,811
1762958406,0000000400000008,2129918691448,3927,812
1762958409,0000004000000004,2129945550527,2289,813
1762958412,0000000100000008,2129974040323,596,814
1762958422,0000000400000001,2130079163797,4666,815
1762958444,0000004000000004,2130300368089,1734,816
1762958457,0000008000000002,2130429329839,4379,817
1762958462,0000004000000008,2130482682404,1156,818
1762958465,0000008000000080,2130509362862,4755,819
1762958469,0000000400000004,2130553339343,2096,820
1762958487,0000000800000004,2130723987294,2216,821
1762958510,0000000100000001,2130954267961,3963,822
1762958513,0000000100000004,2130985046986,2096,823
1762958521,0000000100000002,2131070723961,2136,824
1762958521,000000040000000c,2131072348302,2041,825
1762958533,0000004000000080,2131189751187,184,826
1762958543,0000004000000008,2131292940237,4369,827
1762958544,0000000100000080,2131301758020,3832,828
1762958546,0000000400000008,2131323115951,2532,829
1762958570,0000000100000001,2131554222802,4234,830
1762958589,0000000100000001,2131753268818,2625,831
1762958595,000000010000000c,2131804011486,4787,832
1762958622,0000000800000080,2132083582938,3543,833
1762958623,0000008000000080,2132090349932,3128,834
1762958630,0000008000000080,2132160526207,4119,835
1762958633,0000000200000002,2132185428553,2600,836
1762958650,0000000100000002,2132354377558,2826,837
1762958650,0000000800000008,2132362158801,2358,838
1762958655,0000008000000008,2132411512740,4605,839
1762958709,0000000100000004,2132943784205,3743,840
1762958715,0000000100000001,2133004186082,5300,841
1762958718,0000008000000080,2133040899942,3083,842
1762958719,0000000100000001,2133045364236,2810,843
1762958729,0000004000000001,2133145549700,1986,844
1762958733,0000000400000002,2133188245715,4627,845
1762958739,0000008000000080,2133246023845,1138,846
1762958747,0000008000000004,2133329142341,1332,847
1762958759,0000000800000001,2133448232603,4571,848
1762958773,0000008000000002,2133588029906,1340,849
1762958780,0000000100000004,2133661056745,2139,850
1762958782,0000004000000004,2133681939013,890,851
1762958799,0000004000000008,2133853152817,977,852
1762958809,0000000400000080,2133951728856,249,853
1762958824,0000000100000008,2134093632091,2087,854
1762958832,0000000800000080,2134175923876,2328,855
1762958833,0000000400000002,2134183636977,1870,856
1762958845,0000000800000080,2134313314397,4473,857
1762958862,0000008000000008,2134473908650,5191,858
1762958888,0000000400000002,2134735237559,1917,859
1762958898,0000008000000008,2134838286709,4056,860
1762958902,0000004000000008,2134880578891,1500,861
1762958920,0000000800000080,2135060302227,1080,862
1762958925,0000000100000001,2135105925769,3528,863
1762958930,0000008000000008,2135160355701,262,864
1762958931,0000000100000080,2135164733825,5186,865
1762958940,0000008000000080,2135259207305,4705,866
1762958958,0000008000000008,2135433558895,4607,867
1762958962,0000000800000002,2135477600806,1943,868
1762958977,0000000100000001,2135624427913,3502,869
1762958982,0000000100000008,2135675576683,433,870
1762958983,0000000800000002,2135686712461,4955,871
1762958983,0000000100000001,2135689656026,4782,872
1762959014,0000000400000001,2135997747361,1819,873
1762959026,0000000800000004,2136122068362,4741,874
1762959056,0000000400000004,2136421169698,2313,875
1762959064,0000000400000008,2136495487690,3036,876
1762959065,0000000100000001,2136510292529,2148,877
1762959066,0000004000000004,2136515962909,1810,878
1762959078,0000000100000008,2136633747266,5120,879
1762959091,0000004000000002,2136768656303,2189,880
1762959092,0000000100000004,2136773632190,1893,881
1762959117,0000000800000002,2137032998626,1872,882
1762959125,0000008000000080,2137112243499,2295,883
1762959130,0000000400000002,2137162473259,4488,884
1762959131,0000004000000002,2137168104583,4148,885
1762959152,0000008000000004,2137382396466,1631,886
1762959164,0000000100000001,2137501463853,4867,887
1762959187,0000008000000008,2137727420036,1654,888
1762959197,0000000100000008,2137832637728,527,889
1762959207,0000000100000001,2137931001560,4996,890
1762959231,0000000100000008,2138172550870,852,891
1762959258,0000000100000001,2138443255950,162,892
1762959262,0000004800000002,2138483002307,2943,893
1762959269,0000000200000003,2138548461778,4218,894
1762959274,0000008000000004,2138596181953,1334,895
1762959289,0000000100000004,2138750398662,2438,896
1762959294,0000000400000004,2138796350471,4884,897
1762959295,0000004000000008,2138812401076,3919,898
1762959306,0000000400000001,2138923020719,2442,899
1762959321,0000004000000001,2139066356532,4229,900
1762959329,0000000100000001,2139146372388,4611,901
1762959334,0000008000000002,2139201286631,1292,902
1762959336,0000000100000001,2139218875431,245,903
1762959341,0000004000000004,2139270510736,2317,904
1762959366,000000c000000080,2139522211399,2756,905
1762959386,0000008000000001,2139714402563,1591,906
1762959392,0000000100000080,2139776676279,3033,907
1762959394,0000008000000008,2139802942096,1459,908
1762959399,0000000400000001,2139849649167,3853,909
1762959400,0000000100000004,2139855390240,3499,910
1762959410,0000000800000008,2139961235286,2319,911
1762959414,0000000100000001,2139996135928,236,912
1762959424,000000c000000080,2140094734691,4696,913
1762959430,0000008000000008,2140160548326,730,914
1762959440,0000000800000080,2140256298178,169,915
1762959444,0000008000000080,2140294692933,3037,916
1762959446,0000008000000002,2140320312720,1503,917
1762959452,0000000100000001,2140380740687,3053,918
1762959457,0000000800000082,2140424652216,430,919
1762959487,0000008000000080,2140732909766,2643,920
1762959492,0000008000000080,2140777237207,5185,921
1762959493,0000004000000008,2140791624721,4330,922
1762959499,0000000100000008,2140850993694,749,923
1762959500,0000000100000004,2140857204225,379,924
1762959528,0000008000000008,2141137020880,4329,925
1762959533,0000000100000008,2141188546391,1215,926
1762959538,0000008000000080,2141242813863,3138,927
1762959540,0000004000000008,2141256784310,2298,928
1762959542,0000000400000001,2141274428268,1242,929
1762959549,0000000400000002,2141352944321,1713,930
1762959555,0000008000000001,2141404974822,3784,931
1762959557,0000008000000080,2141423488617,2655,932
1762959561,0000008000000080,2141469481141,5096,933
1762959566,0000004000000008,2141515914951,2293,934
1762959568,0000004000000004,2141533505819,1240,935
1762959568,0000000100000080,2141540428609,828,936
1762959582,0000000400000004,2141677928594,2933,937
1762959584,0000000800000008,2141703169735,1423,938
1762959596,0000008000000080,2141820887565,4740,939
1762959615,0000000100000008,2142010934466,3691,940
1762959622,0000000400000004,2142076202682,4961,941
1762959633,0000000800000004,2142192237080,3161,942
1762959643,0000000100000008,2142289852396,2481,943
1762959652,0000000100000001,2142376789638,2446,944
1762959660,0000008000000080,2142459002123,2694,945
1762959666,0000008000000004,2142523271671,8086,946
1762959675,0000000400000002,2142607042225,4198,947
1762959678,0000000400000004,2142637237285,2362,948
1762959687,0000000800000004,2142728657139,2060,949
1762959695,0000008000000080,2142812720206,2195,950
1762959698,0000000400000080,2142838040087,684,951
1762959711,0000000800000001,2142964282907,3472,952
1762959711,0000000100000080,2142964616400,3451,953
1762959711,0000000800000080,2142971854547,3009,954
1762959712,0000000800000001,2142981042804,2456,955
1762959781,0000000100000001,2143672438065,2418,956
1762959783,0000008000000008,2143684441956,1697,957
1762959808,0000000800000001,2143942835041,1742,958
1762959820,0000008000000080,2144061108859,5022,959
1762959847,0000008000000080,2144328724366,4513,960
1762959848,0000000400000002,2144340813346,3781,961
1762959854,0000000400000008,2144396046091,459,962
1762959867,0000000800000008,2144528627053,2854,963
1762959873,0000000800000001,2144588515737,4468,964
1762959899,0000004000000080,2144844195515,4669,965
1762959920,0000000100000004,2145056768373,2251,966
1762959924,0000000100000003,2145100158300,4850,967
1762959933,0000000800000001,2145190214311,4630,968
1762959953,0000000800000001,2145390820628,2931,969
1762959956,0000000100000002,2145423276916,988,970
1762959983,0000000100000003,2145688895762,598,971
1762959994,0000008000000080,2145797557644,4456,972
1762960001,0000000100000001,2145871348271,5200,973
1762960008,0000000100000001,2145936996730,1247,974
1762960011,0000008000000004,2145969931895,4475,975
1762960020,0000000800000008,2146059072801,4307,976
1762960025,0000000100000080,2146108248480,1334,977
1762960032,0000000400000002,2146176145038,2437,978
1762960050,0000008000000002,2146359595649,1796,979
1762960063,0000008000000080,2146484832031,4664,980
1762960075,0000000100000001,2146606230387,2534,981
1762960076,0000000100000001,2146620946104,1658,982
1762960090,0000008000000008,2146759750595,3703,983
1762960136,0000000800000004,2147214980456,2276,984
1762960139,0000000800000004,2147247085474,360,985
1762960159,0000008000000080,2147452061940,3606,986
1762960161,0000000100000001,2147465136133,2807,987
1762960162,0000000400000002,2147482578845,1766,988
1762960179,0000000800000080,2147647762257,2213,989
1762960181,0000000100000001,2147663588743,1266,990
1762960191,0000008000000080,2147770531273,5225,991
1762960197,0000000800000002,2147831328672,1565,992
1762960200,0000000400000001,2147855924718,5280,993
1762960255,0000000400000002,2148412876901,2933,994
1762960271,0000000100000001,2148567407600,4045,995
1762960282,0000000100000008,2148681412927,2362,996
1762960286,0000000800000080,2148722954548,5071,997
1762960314,0000000400000080,2149001631995,3893,998
1762960315,0000008000000080,2149013052078,3191,999
1762960331,0000000100000080,2149170615485,4119,1000
1762960333,0000000100000008,2149185256481,3221,1001
1762960333,0000000800000008,2149191480337,2843,1002
1762960336,0000008000000001,2149219471308,1167,1003
1762960340,0000000100000001,2149260657675,3893,1004
1762960343,0000004000000004,2149286008232,2352,1005
1762960355,0000000400000002,2149409779173,5303,1006
1762960357,0000000100000001,2149423307869,4502,1007
1762960381,0000008000000080,2149664306377,388,1008
1762960385,0000008000000080,2149705658577,3080,1009
1762960388,0000008000000001,2149736019459,1258,1010
1762960391,0000008000000080,2149772542505,4271,1011
1762960423,0000008000000080,2150085266889,1029,1012
1762960427,0000000100000008,2150130523862,3499,1013
1762960444,0000000100000001,2150296773108,3894,1014
1762960445,0000008000000002,2150305973379,3329,1015
1762960446,0000000400000001,2150322613472,2325,1016
1762960452,0000000400000080,2150379304475,4128,1017
1762960460,0000000100000001,2150460726403,4425,1018
1762960473,0000004000000002,2150587291845,1990,1019
1762960475,0000008000000080,2150605463256,901,1020
1762960482,0000000400000002,2150676479589,1820,1021
1762960484,0000000400000004,2150695951344,657,1022
1762960493,0000000100000001,2150785175857,486,1023
1762960494,0000000800000001,2150796976156,4968,1024
1762960495,0000008000000002,2150807565707,4337,1025
1762960505,0000000400000080,2150910591711,3318,1026
1762960531,0000000100000004,2151170219849,3282,1027
1762960541,0000000100000002,2151264824332,2779,1028
1762960549,0000000400000080,2151351449004,2763,1029
1762960551,0000000400000001,2151371828779,1546,1030
1762960576,0000000800000080,2151617130500,2365,1031
1762960580,0000000800000004,2151659387131,5031,1032
1762960581,0000000400000001,2151673101494,4213,1033
1762960584,0000004000000080,2151698803528,2643,1034
1762960588,0000008000000008,2151733481512,574,1035
1762960593,0000000100000001,2151784992525,2652,1036
1762960595,0000008000000080,2151812884003,986,1037
1762960623,0000000800000080,2152090415584,5072,1038
1762960632,0000000400000008,2152181088441,4815,1039
1762960659,0000000800000001,2152451918101,4109,1040
1762960668,0000000800000002,2152535077354,4302,1041
1762960674,000000c000000080,2152600615246,354,1042
1762960679,0000004000000004,2152652219409,2428,1043
1762960684,0000008000000080,2152702713117,4606,1044
1762960690,0000008000000004,2152753151960,1558,1045
1762960696,0000008000000080,2152821634733,2623,1046
1762960710,000000c000000080,2152953206713,5111,1047
1762960714,0000008000000080,2152994611317,2607,1048
1762960731,0000000800000004,2153171673834,2346,1049
1762960754,0000000800000004,2153398733331,4289,1050
1762960762,0000008000000004,2153474799007,4902,1051
1762960769,0000000100000001,2153552683353,219,1052
1762960771,0000008000000002,2153571607213,4278,1053
1762960779,0000008000000008,2153649073699,4809,1054
1762960797,0000004000000004,2153832341419,4175,1055
1762960819,0000008000000002,2154044273631,1801,1056
1762960819,0000000400000080,2154050806694,1410,1057
1762960827,0000000100000006,2154123438721,2228,1058
1762960842,000000400000000c,2154280345165,3180,1059
1762960843,0000000100000001,2154292783668,2428,1060
1762960886,0000000400000080,2154714293753,3042,1061
1762960886,0000000100000004,2154718660557,2777,1062
1762960886,0000000100000001,2154722897265,2523,1063
1762960911,0000004000000004,2154968983917,3310,1064
1762960918,0000008000000080,2155033245461,4653,1065
1762960921,0000000100000003,2155066899939,2607,1066
1762960938,0000008000000080,2155235315410,2857,1067
1762960957,0000008000000004,2155424691501,3738,1068
1762960968,0000004000000008,2155540925302,5269,1069
1762960977,0000004000000001,2155626244097,5329,1070
1762961001,0000008000000004,2155872347908,914,1071
1762961009,0000008000000002,2155951081314,1368,1072
1762961015,0000000800000080,2156003894614,3384,1073
1762961016,0000000400000008,2156018285040,2510,1074
1762961019,0000000100000080,2156049269313,663,1075
1762961024,0000000100000004,2156102186724,2658,1076
1762961033,0000000100000001,2156185304677,2853,1077
1762961038,0000000100000001,2156236118351,5006,1078
1762961051,0000004000000008,2156370105460,2129,1079
1762961056,0000000100000080,2156422973528,4160,1080
1762961063,0000000100000008,2156484160472,474,1081
1762961086,0000008000000004,2156720479449,1832,1082
1762961096,0000008000000008,2156819981239,1043,1083
1762961109,0000004000000080,2156952452394,3461,1084
1762961125,0000000100000001,2157107789139,4518,1085
1762961126,0000008000000080,2157117584911,3926,1086
1762961131,0000000100000008,2157169118280,820,1087
1762961141,0000004000000008,2157270867640,5088,1088
1762961142,0000004000000080,2157277203812,4713,1089
1762961160,0000000400000002,2157457256399,4273,1090
1762961169,0000000500000001,2157543893712,4255,1091
1762961176,0000000100000008,2157615374233,5140,1092
1762961193,0000000100000001,2157785796955,5274,1093
1762961198,0000000100000004,2157840852586,1958,1094
1762961202,0000000400000002,2157882585930,4657,1095
1762961217,0000008000000008,2158025022600,1270,1096
1762961217,0000004000000008,2158028200138,1080,1097
1762961235,0000000100000008,2158205621161,800,1098
1762961240,0000000100000008,2158261024363,2645,1099
1762961268,0000008000000080,2158538955294,1519,1100
1762961271,0000000400000008,2158564038626,5207,1101
1762961315,0000000100000001,2159010329497,4342,1102
1762961323,0000000100000004,2159084573210,5062,1103
1762961326,0000000100000008,2159113437308,3317,1104
1762961353,0000008000000004,2159392842381,2091,1105
1762961356,0000008000000080,2159416357739,687,1106
1762961373,0000000400000002,2159592374563,488,1107
1762961401,0000004000000008,2159868473972,4661,1108
1762961428,0000004000000008,2160137110160,4082,1109
1762961430,0000000400000001,2160158404879,2780,1110
1762961430,0000000100000004,2160160649675,2645,1111
1762961437,0000008000000008,2160228236793,3789,1112
1762961438,0000000800000080,2160238594564,3154,1113
1762961440,0000000100000080,2160254144187,2219,1114
1762961448,0000000400000001,2160335335150,2526,1115
1762961462,0000000100000001,2160475430532,4509,1116
1762961476,0000008000000080,2160622506161,847,1117
1762961502,0000004000000008,2160873592966,1319,1118
1762961517,0000000800000001,2161028946096,2356,1119
1762961543,0000000100000001,2161284361465,2571,1120
1762961560,0000000800000004,2161457980152,2516,1121
1762961573,0000000100000001,2161585716190,5233,1122
1762961581,0000000400000004,2161665482381,440,1123
1762961584,0000004000000002,2161700193883,3540,1124
1762961592,0000008000000001,2161778133790,4055,1125
1762961599,0000008000000080,2161849558897,4948,1126
1762961625,0000004000000002,2162112463058,4720,1127
1762961626,0000000400000001,2162112797490,4700,1128
1762961627,0000008000000080,2162127728334,3797,1129
1762961635,0000000800000001,2162212149271,3914,1130
1762961649,0000008000000080,2162350545010,779,1131
1762961664,0000000100000002,2162500788978,2121,1132
1762961670,0000000100000080,2162561125389,3694,1133
1762961683,0000008000000002,2162686072831,1367,1134
1762961688,0000000800000008,2162738748469,3392,1135
1762961689,0000000400000008,2162750338215,2686,1136
1762961699,0000000400000004,2162847820118,2023,1137
1762961708,0000008000000008,2162938930478,1738,1138
1762961711,0000008000000080,2162962904154,306,1139
1762961746,0000008000000080,2163315051747,5088,1140
1762961761,0000008000000001,2163463926464,1322,1141
1762961774,0000008000000001,2163598246765,3635,1142
1762961790,0000000c00000080,2163762840469,4130,1143
1762961793,0000000400000004,2163786948020,2659,1144
1762961819,0000008000000080,2164047240164,2583,1145
1762961829,0000000100000001,2164150211877,1591,1146
1762961850,0000000100000001,2164354589184,4889,1147
1762961854,0000000400000002,2164401674337,2044,1148
1762961872,0000000100000004,2164573520598,2094,1149
1762961878,0000000200000004,2164642119783,3160,1150
1762961890,0000000100000008,2164757658927,1409,1151
1762961895,000000010000000d,2164809617146,3479,1152
1762961921,0000000100000001,2165069965531,3398,1153
1762961943,0000000100000080,2165283190111,963,1154
1762961964,0000000100000080,2165498749785,3579,1155
1762961966,0000000100000001,2165520495008,2262,1156
1762961971,0000000100000001,2165570844908,4448,1157
1762961972,0000004000000004,2165577460619,4048,1158
1762961975,0000004000000001,2165609749050,2090,1159
1762961978,0000000100000008,2165632830885,711,1160
1762961981,0000004000000008,2165670985394,3607,1161
1762961983,0000000100000008,2165690821449,2404,1162
1762961984,0000008000000002,2165699552056,1885,1163
1762962002,0000000400000004,2165877625665,1562,1164
1762962022,0000008000000080,2166082355898,4839,1165
1762962023,0000008000000004,2166088921790,4448,1166
1762962035,0000008000000080,2166207532533,2484,1167
1762962052,0000000100000001,2166382272717,2362,1168
1762962061,0000004000000008,2166470734050,2237,1169
1762962078,0000000800000001,2166634038247,2798,1170
1762962082,0000008000000080,2166673649132,433,1171
1762962082,0000004000000080,2166676727826,248,1172
1762962086,000000c000000080,2166714186542,3174,1173
1762962130,0000008000000002,2167161709724,2223,1174
1762962135,0000000100000001,2167203833272,4897,1175
1762962135,0000000800000001,2167207818310,4662,1176
1762962144,0000008000000004,2167302134279,4184,1177
1762962146,0000008000000008,2167315385445,3372,1178
1762962147,0000000400000008,2167324559684,2812,1179
1762962150,0000008000000002,2167357348646,853,1180
1762962156,0000004000000080,2167418013240,2387,1181
1762962161,0000004000000002,2167464274808,4815,1182
1762962171,0000000800000001,2167563447022,4045,1183
1762962172,0000008000000008,2167579947750,3033,1184
1762962182,0000008000000080,2167676096167,2443,1185
1762962189,0000000100000080,2167745086979,3495,1186
1762962200,0000000400000002,2167860988882,1716,1187
1762962212,0000008000000080,2167979994108,4954,1188
1762962256,0000000100000002,2168421007559,4402,1189
1762962259,0000000100000001,2168451777913,2528,1190
1762962274,0000008000000004,2168598179274,4131,1191
1762962291,0000008000000084,2168771213184,4111,1192
1762962299,0000000100000001,2168848064442,4683,1193
1762962334,0000008000000001,2169202211834,4155,1194
1762962347,0000008000000008,2169324515217,1977,1195
1762962382,0000000400000002,2169679319493,1411,1196
1762962395,0000000800000002,2169806125800,4186,1197
1762962401,0000008000000080,2169862796918,768,1198
1762962402,0000000800000001,2169881023471,4869,1199
1762962424,0000000100000001,2170096830453,2261,1200
1762962433,0000000100000080,2170186417051,2070,1201
1762962435,0000000100000004,2170210537193,630,1202
1762962444,0000000100000002,2170301314931,364,1203
1762962461,0000000800000008,2170468121032,717,1204
1762962479,0000000400000001,2170643273010,569,1205
1762962479,0000000800000001,2170643928575,530,1206
1762962514,0000004000000080,2170996706177,5273,1207
1762962519,0000000400000001,2171046888852,2246,1208
1762962523,0000000800000008,2171086114345,5093,1209
1762962532,0000008000000080,2171178817654,4716,1210
1762962536,0000004000000001,2171222662559,2063,1211
1762962539,0000000800000003,2171243064640,843,1212
1762962546,0000008000000008,2171314891323,1713,1213
1762962557,0000000100000001,2171423273505,396,1214
1762962557,0000000800000008,2171428876860,5247,1215
1762962557,0000004000000080,2171429319172,5220,1216
1762962558,0000000400000004,2171434323741,4924,1217
1762962609,0000000800000008,2171951769306,4961,1218
1762962617,0000008000000080,2172030832738,208,1219
1762962618,0000000800000004,2172039943132,4853,1220
1762962627,0000004000000008,2172128785519,4705,1221
1762962637,000000040000000c,2172230019358,3806,1222
1762962641,0000000200000008,2172270094325,1387,1223
1762962652,0000000400000001,2172372793178,414,1224
1762962658,0000008000000002,2172438598916,1639,1225
1762962666,0000000100000001,2172513906684,2296,1226
1762962673,0000000400000080,2172590927836,2856,1227
1762962679,0000000800000002,2172647351490,4677,1228
1762962689,0000008000000002,2172750750073,3644,1229
1762962695,0000000100000002,2172808084704,200,1230
1762962714,0000004000000080,2172993366711,4639,1231
1762962727,0000000100000001,2173126701825,1800,1232
1762962765,0000008000000080,2173511054006,4662,1233
1762962777,0000004000000080,2173624792119,2995,1234
1762962790,0000000400000080,2173758613193,162,1235
1762962798,0000000800000004,2173838244436,558,1236
1762962813,0000008000000080,2173984018364,2165,1237
1762962814,0000008000000001,2173997931721,1332,1238
1762962823,0000000800000001,2174086141023,1220,1239
1762962824,0000008000000080,2174100359626,374,1240
1762962830,0000008000000001,2174159445634,2003,1241
1762962836,0000000100000080,2174221655475,3458,1242
1762962838,0000000100000001,2174234760842,2660,1243
1762962838,0000004000000008,2174238582915,2430,1244
1762962852,0000000800000002,2174375001786,4634,1245
1762962865,0000008000000080,2174504988569,1992,1246
1762962886,0000008000000001,2174721865323,4547,1247
1762962892,0000008000000008,2174782465874,890,1248
1762962910,0000000800000002,2174956016968,838,1249
1762962911,0000000400000001,2174970619701,5154,1250
1762962919,0000008000000080,2175051114773,317,1251
1762962923,0000008000000080,2175090553914,3123,1252
1762962933,0000000800000080,2175184337296,2674,1253
1762962934,0000000100000004,2175194849217,2047,1254
1762962952,0000000100000080,2175378465582,1391,1255
1762962954,0000008000000080,2175394175330,457,1256
1762962966,0000000100000080,2175516278897,3492,1257
1762962971,0000000100000001,2175568361255,367,1258
1762962972,0000000800000008,2175580627626,4823,1259
1762962977,0000000100000001,2175625122273,2133,1260
1762962986,0000004000000004,2175714884602,1931,1261
1762962991,0000004000000002,2175763459343,4218,1262
1762962998,0000000800000004,2175834945892,5103,1263
1762963012,0000000800000004,2175974768223,1880,1264
1762963055,0000000100000008,2176406663456,1870,1265
1762963062,0000000400000080,2176477167768,2814,1266
1762963068,0000000800000008,2176536715594,4449,1267
1762963070,0000000100000001,2176555282167,3316,1268
1762963070,0000000100000008,2176560285726,3011,1269
1762963073,0000004000000001,2176591676101,1129,1270
1762963075,0000000100000008,2176605863104,284,1271
1762963076,0000008000000080,2176618094931,4745,1272
1762963084,0000000100000001,2176692625058,260,1273
1762963090,0000008000000002,2176757192465,1561,1274
1762963096,0000000100000001,2176818528982,3058,1275
1762963110,0000000200000002,2176957410113,2017,1276
1762963119,0000008000000001,2177043402776,5124,1277
1762963121,0000008000000004,2177063832605,3901,1278
1762963123,0000008000000080,2177087365579,2467,1279
1762963125,0000008000000002,2177105172559,1404,1280
1762963129,0000008000000001,2177149886853,3920,1281
1762963154,0000008000000080,2177397427000,4613,1282
1762963166,0000008000000080,2177512547539,2860,1283
1762963172,0000004000000001,2177576363828,4239,1284
1762963178,0000000400000008,2177642517209,254,1285
1762963194,0000000800000002,2177796382688,1378,1286
1762963208,0000000800000080,2177941610924,3023,1287
1762963236,0000000100000001,2178212706118,2299,1288
1762963271,0000004000000080,2178566213793,1815,1289
1762963311,0000000400000004,2178971796270,3388,1290
1762963330,000000c000000080,2179157757462,2580,1291
1762963335,0000000100000001,2179210378093,4633,1292
1762963353,0000000800000004,2179388091265,4332,1293
1762963366,0000008000000004,2179514431233,1910,1294
1762963371,0000000100000080,2179565868312,4022,1295
1762963407,0000000100000002,2179923255461,3287,1296
1762963408,0000000800000008,2179942197864,2145,1297
1762963434,0000000800000001,2180197598392,2361,1298
1762963434,0000008000000004,2180197791836,2350,1299
1762963434,0000008000000001,2180200019366,2218,1300
1762963473,0000000400000008,2180588346864,4843,1301
1762963490,0000000100000001,2180753257378,5303,1302
1762963494,0000000400000080,2180793580143,2866,1303
1762963512,0000000400000004,2180980117819,2039,1304
1762963512,000000c000000080,2180980834656,1997,1305
1762963517,000000c000000002,2181024259612,4595,1306
1762963526,0000004000000002,2181121912947,3911,1307
1762963533,0000000100000004,2181190868717,4954,1308
1762963534,0000000100000001,2181196144060,4642,1309
1762963535,0000000400000001,2181212217548,3668,1310
1762963541,0000000800000080,2181271001949,5322,1311
1762963542,0000000100000001,2181275364811,5063,1312
1762963552,0000000400000002,2181376162863,4204,1313
1762963559,0000000100000001,2181449140165,5001,1314
1762963565,0000000100000001,2181504038431,1691,1315
1762963566,0000008000000080,2181522103147,612,1316
1762963573,0000000100000001,2181583532684,2099,1317
1762963582,0000008000000080,2181675358789,1774,1318
1762963613,0000000100000001,2181984465087,3967,1319
1762963614,0000000100000004,2182001458898,2925,1320
1762963620,0000000100000001,2182061283216,4542,1321
1762963622,0000000400000080,2182078831073,3474,1322
1762963633,0000008000000080,2182190457678,1951,1323
1762963671,000000c000000080,2182568820870,5165,1324
1762963674,0000008000000002,2182600971731,3223,1325
1762963696,0000008000000080,2182819349981,488,1326
1762963709,0000000400000008,2182947093086,3179,1327
1762963723,0000008000000008,2183091091876,4919,1328
1762963732,0000008000000080,2183176271551,4987,1329
1762963732,0000004000000080,2183176459718,4976,1330
1762963735,0000000800000080,2183207960107,3067,1331
1762963740,0000000800000002,2183254460669,287,1332
1762963740,0000000400000002,2183256955424,5323,1333
1762963759,0000008000000008,2183444528905,4439,1334
1762963759,0000008000000080,2183446116625,4344,1335
1762963777,0000008000000001,2183622846186,4099,1336
1762963787,0000000400000002,2183731558966,2733,1337
1762963792,0000000100000001,2183782219768,4897,1338
1762963802,0000000100000080,2183881643551,4115,1339
1762963803,0000004000000004,2183881912310,4099,1340
1762963808,0000000100000001,2183932750335,1029,1341
1762963809,0000000400000004,2183947169281,169,1342
1762963816,0000000100000008,2184019483069,1005,1343
1762963825,0000008000000002,2184107103936,930,1344
1762963856,000000c000000080,2184419018551,2932,1345
1762963875,0000004000000080,2184607076423,2013,1346
1762963877,0000004000000080,2184629666016,664,1347
1762963882,0000000400000008,2184681786180,2707,1348
1762963899,0000000100000008,2184846618724,3184,1349
1762963927,0000000400000004,2185123730262,2098,1350
1762963937,0000000800000002,2185230565142,872,1351
1762963938,0000000400000080,2185236648997,511,1352
1762963942,0000000100000001,2185276954733,3270,1353
1762963955,0000008000000080,2185408711659,549,1354
1762963956,0000000800000008,2185417314382,5220,1355
1762963957,0000000200000008,2185430538220,4436,1356
1762963966,0000008000000080,2185520843787,4197,1357
1762963973,0000008000000080,2185583152313,445,1358
1762964000,0000000400000004,2185852497134,5015,1359
1762964009,0000008000000080,2185944529333,4679,1360
1762964021,0000000100000004,2186070974071,2249,1361
1762964029,0000008000000080,2186150532491,2655,1362
1762964049,0000000800000001,2186342698954,1492,1363
1762964060,0000004000000080,2186460527647,4802,1364
1762964064,0000008000000080,2186496385439,2626,1365
1762964074,0000008000000001,2186597025198,1776,1366
1762964078,0000000800000002,2186637183503,4566,1367
1762964078,0000008000000080,2186640655862,4358,1368
1762964104,0000000100000001,2186898617835,4423,1369
1762964105,0000000100000001,2186910780196,3684,1370
1762964106,0000008000000080,2186917445266,3274,1371
1762964110,0000008000000080,2186956885970,907,1372
1762964116,0000000800000008,2187017827371,2424,1373
1762964116,0000000100000002,2187021169428,2225,1374
1762964117,0000008000000002,2187030772304,1654,1375
1762964126,0000000100000001,2187119142812,1532,1376
1762964141,0000000100000004,2187264906626,3146,1377
1762964174,0000000300000001,2187596187904,4011,1378
1762964182,0000004000000001,2187673636298,4549,1379
1762964190,0000000800000004,2187756857805,4735,1380
1762964208,0000008000000080,2187932377058,4567,1381
1762964219,0000000800000001,2188043112042,3080,1382
1762964228,0000000100000001,2188135524689,2711,1383
1762964255,0000008000000080,2188403634176,2171,1384
1762964283,0000000100000009,2188690053653,536,1385
1762964290,0000000100000001,2188760084507,1510,1386
1762964302,0000008000000080,2188876343763,4912,1387
1762964344,0000008000000004,2189293503364,595,1388
1762964349,0000008000000080,2189348433747,2467,1389
1762964371,0000000400000001,2189572119177,4616,1390
1762964374,0000000d00000001,2189601203767,2845,1391
1762964375,0000004000000080,2189604436087,2650,1392
1762964378,0000000100000008,2189640868118,476,1393
1762964388,0000004000000008,2189741036970,4839,1394
1762964401,0000008000000080,2189870942330,2205,1395
1762964404,0000000400000002,2189901223689,397,1396
1762964414,0000008000000080,2189999819459,4854,1397
1762964416,0000008000000001,2190017262941,3804,1398
1762964448,0000000100000080,2190333366079,372,1399
1762964452,0000000100000002,2190376622862,2947,1400
1762964457,0000000800000004,2190429227386,4992,1401
1762964474,0000000100000001,2190594755215,231,1402
1762964474,0000000800000004,2190602069003,4982,1403
1762964483,0000008000000080,2190686531789,5093,1404
1762964491,0000000400000004,2190764697827,397,1405
1762964543,0000000800000001,2191282876986,391,1406
1762964546,0000000100000080,2191321234950,3264,1407
1762964552,0000004000000080,2191380829039,4884,1408
1762964565,0000000400000004,2191508055314,2409,1409
1762964566,0000000800000080,2191517540113,1846,1410
1762964570,0000000800000004,2191556314595,4720,1411
1762964580,0000000800000004,2191659102859,3726,1412
1762964583,0000000800000008,2191682856326,2284,1413
1762964583,0000008000000080,2191684201703,2204,1414
1762964583,0000000800000008,2191685990561,2097,1415
1762964586,0000000100000003,2191721236483,5180,1416
1762964594,0000000800000001,2191798066844,562,1417
1762964612,0000000100000001,2191976452004,221,1418
1762964641,0000000100000080,2192271372901,3243,1419
1762964646,0000000100000008,2192317446701,483,1420
1762964652,0000000100000080,2192379885309,1913,1421
1762964657,0000000100000001,2192422615756,4551,1422
1762964686,0000000100000003,2192720512789,2194,1423
1762964696,0000000400000001,2192818815284,1480,1424
1762964697,0000000400000001,2192831236380,739,1425
1762964720,0000000100000008,2193054948786,2848,1426
1762964723,0000000100000080,2193087444144,906,1427
1762964745,0000000800000080,2193307429748,3248,1428
1762964764,0000008000000080,2193499914922,2058,1429
1762964775,0000000800000008,2193610826481,592,1430
1762964788,0000000100000001,2193734463988,3536,1431
1762964794,0000000400000001,2193798584564,4879,1432
1762964797,0000000800000004,2193827215542,3144,1433
1762964800,0000008000000002,2193852281042,1642,1434
1762964807,0000000100000001,2193928653672,2237,1435
1762964825,0000000800000080,2194106258272,1945,1436
1762964832,0000000100000009,2194172745139,3135,1437
1762964842,0000004000000080,2194272147743,2348,1438
1762964846,0000004800000080,2194320285342,4665,1439
1762964863,0000000100000003,2194490275986,4825,1440
1762964897,0000004000000001,2194822373096,430,1441
1762964898,0000008000000080,2194840735275,4525,1442
1762964900,0000000400000002,2194855041320,3655,1443
1762964905,0000000400000001,2194911447366,267,1444
1762964923,0000000100000001,2195087967093,5224,1445
1762964937,0000000400000001,2195222660230,2305,1446
1762964939,0000000100000004,2195250389475,652,1447
1762964949,000000c000000080,2195350948217,4990,1448
1762964950,0000000100000008,2195355471316,4723,1449
1762964950,0000008000000002,2195357316504,4614,1450
1762964953,0000000400000080,2195383130432,3041,1451
1762964967,0000000400000004,2195526559040,4818,1452
1762964980,0000000800000004,2195653470370,2361,1453
1762964984,0000000100000001,2195701079433,4710,1454
1762964991,0000000100000004,2195770705502,519,1455
1762964993,0000008000000001,2195788991492,4617,1456
1762965018,0000008000000080,2196036248619,5315,1457
1762965027,0000000400000008,2196127951984,4998,1458
1762965055,0000008000000080,2196403160814,4029,1459
1762965056,0000000100000001,2196419963788,2999,1460
1762965057,0000008000000080,2196425520668,2664,1461
1762965058,000000c000000080,2196434265486,2142,1462
1762965087,0000000100000001,2196725590473,212,1463
1762965096,0000000400000080,2196819586060,4945,1464
1762965114,0000004000000004,2196992928224,4906,1465
1762965115,0000008000000004,2197007997621,4003,1466
1762965119,0000008000000008,2197045925141,1710,1467
1762965122,0000000100000001,2197078218522,4969,1468
1762965127,0000000800000080,2197125477338,2115,1469
1762965134,0000000800000008,2197195512938,3093,1470
1762965165,0000000100000001,2197505880538,5210,1471
1762965173,0000000400000080,2197590109285,162,1472
1762965197,0000000800000002,2197827796462,1424,1473
1762965212,0000008000000008,2197980021374,2646,1474
1762965216,0000000100000001,2198020436238,234,1475
1762965219,0000000800000008,2198048423511,3742,1476
1762965234,0000000400000008,2198198889465,5077,1477
1762965258,0000000800000080,2198440789377,911,1478
1762965261,0000004000000004,2198472011724,4237,1479
1762965290,0000000100000001,2198755000440,2775,1480
1762965296,0000000400000004,2198815192739,4370,1481
1762965300,000000c000000080,2198854468886,1991,1482
1762965305,0000008000000008,2198905559214,4127,1483
1762965325,0000008000000080,2199110144855,2191,1484
1762965339,0000008000000080,2199248250130,4291,1485
1762965355,0000000800000080,2199411146399,4875,1486
1762965358,0000008000000080,2199435974221,3371,1487
1762965403,0000000100000001,2199885324552,2305,1488
1762965403,0000000800000002,2199888751079,2103,1489
1762965413,0000000100000002,2199982179777,1680,1490
1762965420,0000000100000001,2200056459888,2398,1491
1762965427,0000000400000080,2200129853563,3180,1492
1762965430,0000000400000002,2200154607365,1696,1493
1762965434,0000000400000008,2200199798123,4184,1494
1762965438,0000000400000001,2200237136682,1924,1495
1762965445,0000000400000004,2200305950442,2972,1496
1762965448,0000000100000001,2200339276760,977,1497
1762965449,0000000100000080,2200351526671,248,1498
1762965470,0000000100000002,2200552524225,3736,1499
1762965473,0000000100000001,2200586498598,1685,1500
1762965481,0000000400000004,2200665771208,2108,1501
1762965491,0000008000000008,2200767334640,1197,1502
1762965500,0000000900000002,2200860086094,815,1503
1762965530,0000000400000080,2201160752935,3502,1504
1762965535,0000000800000080,2201203484938,931,1505
1762965544,000000c000000080,2201294533004,654,1506
1762965559,0000004000000004,2201448593868,1768,1507
1762965564,0000008000000002,2201495868847,4131,1508
1762965567,0000000800000004,2201531560346,1969,1509
1762965572,0000000800000002,2201574949737,4569,1510
1762965589,0000004000000002,2201749980931,4429,1511
1762965593,0000000100000004,2201790278595,1989,1512
1762965597,0000004000000008,2201821996603,5279,1513
1762965600,0000000800000002,2201854203017,3338,1514
1762965601,0000000100000002,2201863833868,2752,1515
1762965619,0000000400000010,2202047366291,2104,1516
1762965658,0000000800000008,2202440315742,4454,1517
1762965664,0000000400000008,2202500219418,841,1518
1762965674,0000000100000004,2202593822702,410,1519
1762965688,0000008000000080,2202735585685,2249,1520
1762965689,0000008000000080,2202748344291,1492,1521
1762965694,0000000100000080,2202792614565,4036,1522
1762965710,0000000100000001,2202956880184,4545,1523
1762965732,0000008000000001,2203181271087,1421,1524
1762965739,0000000100000080,2203250594544,2437,1525
1762965774,000000c000000080,2203593505878,2584,1526
1762965775,0000000800000008,2203610162202,1592,1527
1762965777,0000008000000001,2203624467190,738,1528
1762965778,0000000200000004,2203641777507,4892,1529
1762965782,0000008000000008,2203681230675,2503,1530
1762965783,0000008000000002,2203690475020,1953,1531
1762965797,0000008000000080,2203829298390,4003,1532
1762965799,0000004000000080,2203846030934,2978,1533
1762965801,0000000100000001,2203867953909,1666,1534
1762965816,0000000100000003,2204017792548,3033,1535
1762965819,0000008000000080,2204048756528,1178,1536
1762965828,0000004000000004,2204133463723,1277,1537
1762965849,0000004000000008,2204345119176,4140,1538
1762965882,0000004000000002,2204677687050,4908,1539
1762965889,0000000100000004,2204750203650,545,1540
1762965918,0000008000000080,2205033354992,4293,1541
1762965918,0000000800000002,2205034348455,4234,1542
1762965934,0000000100000003,2205192007531,5129,1543
1762965944,0000004000000080,2205292825892,4268,1544
1762965947,0000008000000002,2205325002317,2310,1545
1762965952,0000008000000080,2205376284219,4443,1546
1762965955,0000004000000008,2205408960336,2453,1547
1762965958,0000000100000003,2205437946290,725,1548
1762965963,0000008000000080,2205491668764,2671,1549
1762965964,0000000100000001,2205493151387,2583,1550
1762965970,0000008000000001,2205552753410,4213,1551
1762965977,0000000400000006,2205626647855,4957,1552
1762965977,0000008000000080,2205630915597,4704,1553
1762965980,0000008000000080,2205659629994,2956,1554
1762965983,0000004000000008,2205684239550,1485,1555
1762965983,0000000800000002,2205684849652,1448,1556
1762965989,0000004000000080,2205750703759,2670,1557
1762966021,0000008000000080,2206065505400,4534,1558
1762966029,0000000100000080,2206143208592,5046,1559
1762966041,0000000900000004,2206269040333,2655,1560
1762966045,0000000100000002,2206306574231,416,1561
1762966046,0000000200000001,2206314727646,5115,1562
1762966051,0000008000000004,2206369458428,1818,1563
1762966061,0000000100000002,2206466203511,1192,1564
1762966073,0000008000000001,2206587033357,4320,1565
1762966119,000000c000000080,2207045307781,2705,1566
1762966123,0000000100000001,2207085005794,338,1567
1762966153,0000000800000002,2207385028758,3050,1568
1762966160,0000004000000004,2207455571336,4017,1569
1762966192,0000000100000002,2207777362407,241,1570
1762966193,0000000100000080,2207783188130,5081,1571
1762966231,0000008000000001,2208162304393,3039,1572
1762966237,0000004000000001,2208226004416,4423,1573
1762966240,0000000800000004,2208254495452,2685,1574
1762966243,0000004000000002,2208289228735,612,1575
1762966251,0000004000000001,2208362690559,1378,1576
1762966257,0000008000000080,2208426794482,2709,1577
1762966270,0000008000000080,2208561632839,5002,1578
1762966276,0000000800000008,2208612710358,1922,1579
1762966289,0000000300000001,2208741912972,4553,1580
1762966289,0000000800000080,2208751599440,3966,1581
1762966304,0000000400000008,2208899516288,262,1582
1762966304,0000008000000080,2208900101340,226,1583
1762966309,0000000100000001,2208946984968,2583,1584
1762966314,0000004000000004,2209000732892,4564,1585
1762966342,0000008100000080,2209273141069,3754,1586
1762966348,0000000800000080,2209339961417,4930,1587
1762966360,0000000100000002,2209454932682,3196,1588
1762966360,0000000100000080,2209455551216,3157,1589
1762966367,0000000800000004,2209522114556,4366,1590
1762966374,0000000800000008,2209600590387,4836,1591
1762966394,0000000100000003,2209800001282,3215,1592
1762966396,0000000100000001,2209814445312,2343,1593
1762966409,0000000200000001,2209947558689,4741,1594
1762966418,0000000400000004,2210032950126,4797,1595
1762966447,0000000100000001,2210330088123,2486,1596
1762966492,0000000100000001,2210772859278,1832,1597
1762966499,0000000100000001,2210843359584,2776,1598
1762966524,0000008000000080,2211101715193,2817,1599
1762966527,0000000400000080,2211131734776,1021,1600
1762966530,0000000100000001,2211160853224,4477,1601
1762966559,0000004000000001,2211450236852,2628,1602
1762966572,0000000800000001,2211578359774,5320,1603
1762966573,0000000400000002,2211589359191,4668,1604
1762966576,0000000100000006,2211612675121,3250,1605
1762966593,0000000100000001,2211782754993,3409,1606
1762966611,0000008000000080,2211969501631,2556,1607
1762966612,0000008000000080,2211974758120,2245,1608
1762966621,0000001000000008,2212065834085,1962,1609
1762966629,0000004000000080,2212144618887,2412,1610
1762966631,0000000100000004,2212171259900,821,1611
1762966649,0000000100000008,2212345518957,729,1612
1762966667,0000000100000003,2212522678366,463,1613
1762966686,0000000800000004,2212716659891,4382,1614
1762966693,0000000100000001,2212789477573,5187,1615
1762966697,0000000800000004,2212830829872,2684,1616
1762966706,0000000100000001,2212918404399,2611,1617
1762966711,0000000100000002,2212966878324,4906,1618
1762966711,0000000800000002,2212968820106,4791,1619
1762966712,0000000200000002,2212972467780,4575,1620
1762966717,0000000400000001,2213021877293,1588,1621
1762966728,0000000100000001,2213133244299,5279,1622
1762966732,000000c000000080,2213178153095,2567,1623
1762966745,0000000400000008,2213310339177,5020,1624
1762966749,0000000800000004,2213346329324,2838,1625
1762966759,0000000100000001,2213444119946,2155,1626
1762966768,0000000c00000006,2213540989769,1526,1627
1762966779,0000000200000001,2213650598381,5324,1628
1762966781,0000008000000080,2213667116101,4341,1629
1762966789,0000000100000004,2213750809706,4501,1630
1762966790,0000008000000002,2213751538563,4457,1631
1762966813,0000008000000008,2213981704399,988,1632
1762966824,0000000800000001,2214097282917,4436,1633
1762966872,0000004000000001,2214578431256,1449,1634
1762966883,000000c000000080,2214684380147,273,1635
1762966889,0000008000000048,2214749400786,1552,1636
1762966897,0000004000000080,2214826351746,2114,1637
1762966905,0000000100000001,2214909384393,2311,1638
1762966906,0000000400000001,2214921608027,1582,1639
1762966910,0000000100000001,2214959029519,4539,1640
1762966914,0000000100000004,2214997257930,2219,1641
1762966917,0000000100000008,2215030779007,217,1642
1762966927,0000004000000008,2215125084648,4931,1643
1762966933,0000008000000080,2215185824080,1269,1644
1762966940,0000004000000008,2215258070841,2114,1645
1762966948,0000000800000004,2215339910724,2381,1646
1762966973,000000c000000080,2215586839196,3112,1647
1762966975,0000000400000004,2215605443696,1996,1648
1762966981,0000004000000080,2215662500120,3766,1649
1762966990,0000000100000002,2215755337661,3369,1650
1762966992,0000000100000001,2215772610307,2324,1651
1762967005,0000000800000001,2215906746672,4661,1652
1762967020,0000000100000001,2216054608069,952,1653
1762967029,0000000100000001,2216144316903,753,1654
1762967034,0000000400000002,2216201504465,2491,1655
1762967037,0000004000000002,2216223492908,1178,1656
1762967039,0000000100000008,2216248494120,4876,1657
1762967048,0000004000000080,2216337351934,4729,1658
1762967055,0000000100000001,2216403377953,752,1659
1762967056,0000000400000001,2216416562889,5150,1660
1762967098,0000000800000004,2216841055935,397,1661
1762967100,0000000800000002,2216860988828,4397,1662
1762967108,0000000100000001,2216933516778,5217,1663
1762967141,0000000100000004,2217267959120,685,1664
1762967147,0000000400000080,2217329195802,2184,1665
1762967156,0000008000000004,2217415814881,2166,1666
1762967163,0000000800000008,2217483638681,3283,1667
1762967166,000000c000000080,2217513033201,1519,1668
1762967186,0000000100000001,2217719259538,4706,1669
1762967206,0000004000000080,2217917093575,3176,1670
1762967216,0000000100000001,2218017875976,2307,1671
1762967217,0000000400000002,2218022702855,2020,1672
1762967217,0000004000000008,2218027569297,1730,1673
1762967220,0000000100000001,2218060761620,4937,1674
1762967229,0000000100000080,2218150778294,4719,1675
1762967265,0000000100000001,2218509606583,3908,1676
1762967273,0000008000000002,2218591485063,4179,1677
1762967275,0000000400000008,2218606528178,3259,1678
1762967281,0000000100000006,2218671129223,4583,1679
1762967300,0000000c00000080,2218855173345,3896,1680
1762967302,0000008000000080,2218876361286,2604,1681
1762967307,0000008000000008,2218923814808,4960,1682
1762967310,0000000800000080,2218959191320,2814,1683
1762967311,0000000100000001,2218968179668,2277,1684
1762967314,0000000200000001,2218999653193,398,1685
1762967319,0000000400000004,2219047740037,2683,1686
1762967321,0000000100000001,2219064443484,1686,1687
1762967335,0000004000000002,2219202565732,3774,1688
1762967344,0000000800000002,2219298539776,3183,1689
1762967353,0000000100000004,2219386164270,3104,1690
1762967358,0000008000000080,2219438342417,5171,1691
1762967373,0000004000000002,2219585137469,1529,1692
1762967373,0000000100000080,2219589438425,1271,1693
1762967375,0000000100000002,2219610495069,5200,1694
1762967396,0000000100000004,2219812949549,3407,1695
1762967396,0000008000000080,2219817300374,3140,1696
1762967399,0000000400000008,2219850057756,1176,1697
1762967403,0000000100000001,2219889294670,4020,1698
1762967420,000000c000000080,2220055483081,4415,1699
1762967421,0000000800000004,2220063463048,3930,1700
1762967434,0000000100000001,2220199426302,938,1701
1762967450,0000000400000003,2220357994610,1785,1702
1762967452,0000000100000080,2220373976526,828,1703
1762967472,0000000800000001,2220580849126,3973,1704
1762967475,0000000100000004,2220607983139,2322,1705
1762967485,0000000100000001,2220703016746,1806,1706
1762967492,0000008000000080,2220779610758,2386,1707
1762967494,0000000100000001,2220792443277,1622,1708
1762967504,0000000100000002,2220897311451,515,1709
1762967528,0000000100000008,2221137576001,1637,1710
1762967552,0000000100000004,2221375329999,2908,1711
1762967554,0000000100000001,2221394990933,1734,1712
1762967562,0000008000000080,2221471981079,2290,1713
1762967568,0000008000000002,2221531954416,3892,1714
1762967570,0000008000000088,2221556080626,2423,1715
1762967586,0000000400000080,2221720579272,2916,1716
1762967601,0000000100000080,2221870009859,4338,1717
1762967622,0000000800000004,2222072071327,2548,1718
1762967624,000000c000000008,2222096204902,1106,1719
1762967630,0000008000000008,2222155530696,2721,1720
1762967640,0000004000000001,2222260728359,1596,1721
1762967653,0000008000000001,2222387706315,4360,1722
1762967655,0000008000000002,2222405659625,3263,1723
1762967662,000000c000000002,2222475936670,4248,1724
1762967670,0000004000000008,2222559527114,4412,1725
1762967672,0000000100000001,2222575280051,3452,1726
1762967693,0000008000000008,2222786351117,1143,1727
1762967696,0000000400000008,2222818000734,4446,1728
1762967730,0000008000000080,2223159327183,4688,1729
1762967738,0000000500000001,2223238870235,5089,1730
1762967752,0000000100000001,2223375478374,2059,1731
1762967765,0000000800000008,2223503965774,4733,1732
1762967775,0000008000000004,2223601600793,4054,1733
1762967780,0000000500000004,2223660252343,522,1734
1762967788,0000000400000001,2223736719783,1109,1735
1762967823,0000000100000008,2224090316239,621,1736
1762967824,0000004000000080,2224100942897,5173,1737
1762967825,0000008000000004,2224109433788,4671,1738
1762967826,0000000100000080,2224115504667,4308,1739
1762967830,0000000100000080,2224161243610,1542,1740
1762967851,0000000100000008,2224362732635,5010,1741
1762967871,0000000100000004,2224568675542,2997,1742
1762967874,0000000400000002,2224600162329,1110,1743
1762967904,0000000100000001,2224895473848,4135,1744
1762967912,0000008000000080,2224972629287,4687,1745
1762967917,0000000800000001,2225029277397,1266,1746
1762967920,0000008000000080,2225060599065,4589,1747
1762967925,0000008000000080,2225104941331,1908,1748
1762967934,0000000400000001,2225195165046,1676,1749
1762967937,0000000800000008,2225224813218,5092,1750
1762967940,0000000100000006,2225255944076,3209,1751
1762967942,0000008000000080,2225272452788,2209,1752
1762967954,0000000100000080,2225393652914,5321,1753
1762967966,0000000200000004,2225515176014,3197,1754
1762967977,0000008000000002,2225631373136,1406,1755
1762967983,0000000100000001,2225689850533,3076,1756
1762967993,0000000100000001,2225790373582,2224,1757
1762967997,0000008000000080,2225821975002,339,1758
1762968001,0000008000000001,2225868586332,2710,1759
1762968001,0000000400000008,2225870427439,2600,1760
1762968033,0000000400000001,2226184546336,4504,1761
1762968039,0000004000000080,2226250240372,545,1762
1762968041,0000000400000001,2226269889708,4564,1763
1762968052,0000008000000002,2226371650510,3626,1764
1762968071,0000000100000002,2226563940818,2434,1765
1762968073,0000004000000004,2226590809812,831,1766
1762968074,0000000400000002,2226593902057,646,1767
1762968075,0000000100000001,2226602677890,5309,1768
1762968092,0000008000000080,2226776051197,5268,1769
1762968114,0000004000000080,2226998068296,2292,1770
1762968131,0000008000000080,2227161704915,2834,1771
1762968132,0000000400000004,2227176218597,1969,1772
1762968132,0000000400000004,2227178234627,1848,1773
1762968141,0000000400000002,2227262122650,1994,1774
1762968154,0000008000000080,2227396034955,4344,1775
1762968156,0000000800000008,2227417073471,3057,1776
1762968156,0000000400000001,2227420964361,2820,1777
1762968176,0000008000000004,2227617256774,1410,1778
1762968185,0000000400000002,2227710596325,992,1779
1762968187,0000000100000001,2227727888512,5148,1780
1762968196,0000000200000004,2227816319981,5025,1781
1762968201,0000000800000080,2227864609215,2109,1782
1762968214,0000008000000080,2227996396608,4587,1783
1762968216,0000000100000001,2228018040737,3268,1784
1762968224,0000000100000080,2228098194470,3649,1785
1762968236,0000008000000080,2228213779445,1885,1786
1762968240,0000008000000080,2228256587037,4519,1787
1762968246,0000008000000004,2228312936308,1116,1788
1762968246,0000000100000001,2228316027200,931,1789
1762968250,0000000800000080,2228357920408,3607,1790
1762968251,0000000100000008,2228369186967,2917,1791
1762968252,0000000800000008,2228374441514,2599,1792
1762968254,0000000100000001,2228400464887,1045,1793
1762968257,0000000100000004,2228431032520,4412,1794
1762968261,000000c000000080,2228470260979,2035,1795
1762968273,0000004000000080,2228591093294,5162,1796
1762968280,0000000100000080,2228658188447,1123,1797
1762968304,0000004000000080,2228892141506,2622,1798
1762968308,0000000100000001,2228933684817,5328,1799
1762968316,0000000100000008,2229012003599,622,1800
1762968319,0000000400000080,2229046822454,3721,1801
1762968325,0000000100000002,2229102395855,383,1802
1762968325,0000000100000001,2229103266440,329,1803
1762968326,0000008000000004,2229120711358,4478,1804
1762968342,0000000800000004,2229278527646,174,1805
1762968354,0000000100000006,2229394144432,3602,1806
1762968357,0000004000000080,2229423689948,1820,1807
1762968357,000000040000000c,2229426277023,1664,1808
1762968363,0000000800000004,2229486587958,3227,1809
1762968375,0000000400000002,2229601888583,1490,1810
1762968390,0000004000000004,2229758312960,2460,1811
1762968403,0000000800000004,2229889961573,4943,1812
1762968407,0000000100000002,2229922046492,2999,1813
1762968408,0000004000000080,2229933002741,2341,1814
1762968416,0000004000000080,2230013648496,2681,1815
1762968417,0000000100000002,2230022771290,2138,1816
1762968423,0000000400000008,2230089889233,3296,1817
1762968424,0000008000000080,2230096917326,2868,1818
1762968425,0000000800000080,2230105841821,2333,1819
1762968427,0000000800000080,2230126706173,1085,1820
1762968427,0000008000000002,2230130582631,854,1821
1762968451,0000008000000002,2230366933046,2209,1822
1762968512,0000000100000001,2230976574044,1901,1823
1762968520,0000000400000080,2231059673209,2093,1824
1762968520,0000000400000002,2231060887534,2020,1825
1762968528,0000000800000001,2231135967185,2691,1826
1762968549,0000000100000004,2231344033108,581,1827
1762968558,0000000400000080,2231440462125,5166,1828
1762968559,0000000800000002,2231443959391,4956,1829
1762968559,0000000400000008,2231450055636,4597,1830
1762968567,0000000400000001,2231530063367,4970,1831
1762968572,0000000100000080,2231578566996,2044,1832
1762968577,0000004000000008,2231628889237,4227,1833
1762968586,0000000100000001,2231716655423,4142,1834
1762968608,0000004000000004,2231939306469,1124,1835
1762968611,0000000100000003,2231963611942,4864,1836
1762968624,0000004000000004,2232099120782,1896,1837
1762968641,0000004000000002,2232269237759,2050,1838
1762968643,0000004000000080,2232291012572,748,1839
1762968675,0000000800000001,2232611025553,2263,1840
1762968684,0000000400000002,2232693709880,2480,1841
1762968700,0000000100000001,2232852729496,3309,1842
1762968714,0000004000000004,2232998783063,4921,1843
1762968718,0000000100000004,2233037483034,2577,1844
1762968740,0000008000000080,2233257326524,4950,1845
1762968748,0000000800000008,2233340875581,5116,1846
1762968756,0000000100000008,2233414688542,678,1847
1762968775,0000004000000001,2233601697048,5011,1848
1762968800,0000000100000001,2233859409658,5088,1849
1762968807,0000000800000080,2233930312782,824,1850
1762968811,0000000400000002,2233965085072,3933,1851
1762968816,0000000800000008,2234020516116,595,1852
1762968830,0000000100000003,2234158555453,2661,1853
1762968894,0000000400000080,2234796954163,635,1854
1762968913,0000000100000001,2234984578168,4931,1855
1762968926,0000008000000080,2235118796117,2041,1856
1762968933,0000000100000001,2235187954861,3072,1857
1762968935,0000000800000080,2235208131849,1862,1858
1762968941,0000000800000001,2235262330442,3804,1859
1762968942,0000000100000001,2235274059010,3085,1860
1762968944,0000000800000080,2235299243256,1576,1861
1762968957,0000008000000080,2235424159322,4465,1862
1762968961,0000000400000082,2235461932412,2173,1863
1762968964,0000000400000008,2235498587321,5171,1864
1762968968,0000008000000008,2235536522155,2877,1865
1762968968,0000000400000004,2235539207037,2714,1866
1762968973,0000000100000002,2235583223211,5273,1867
1762968987,0000000400000004,2235723249242,2038,1868
1762968990,0000000400000004,2235754149091,193,1869
1762969002,0000000800000004,2235876905348,3181,1870
1762969058,0000008000000080,2236438691926,565,1871
1762969076,0000000800000080,2236616120393,282,1872
1762969086,0000000800000004,2236711902780,4907,1873
1762969087,0000000100000080,2236722649625,4265,1874
1762969097,0000000800000080,2236821191656,3519,1875
1762969099,000000c000000080,2236842723227,2218,1876
1762969103,0000008000000080,2236886651110,4786,1877
1762969107,0000000100000008,2236922549724,2605,1878
1762969108,0000000800000002,2236932183519,2033,1879
1762969133,0000008000000080,2237186302590,2325,1880
1762969138,0000008000000080,2237234072591,4665,1881
1762969142,0000000200000004,2237273493317,2275,1882
1762969142,0000000400000004,2237278210611,1996,1883
1762969147,0000000800000004,2237331067901,4023,1884
1762969153,0000000400000006,2237383339479,871,1885
1762969164,0000000400000002,2237492906640,4677,1886
1762969174,0000008000000001,2237592793813,3857,1887
1762969175,0000008000000080,2237607512313,2956,1888
1762969201,0000000100000008,2237870492997,2717,1889
1762969207,0000008000000002,2237926138754,4587,1890
1762969219,0000000200000002,2238046196285,2537,1891
1762969239,0000000800000080,2238241387125,1192,1892
1762969246,0000000800000008,2238314616021,1980,1893
1762969263,0000008000000008,2238489854188,1828,1894
1762969306,000000c000000004,2238915953659,2162,1895
1762969315,0000008000000080,2239001120605,2232,1896
1762969323,0000004000000080,2239086975507,2261,1897
1762969330,0000000100000008,2239152443507,3525,1898
1762969336,0000000800000004,2239216891329,1508,1899
1762969354,0000008000000008,2239393324976,4627,1900
1762969365,0000004000000080,2239502673057,3227,1901
1762969370,0000000200000001,2239559603564,5007,1902
1762969375,0000000100000001,2239603889485,2330,1903
1762969375,0000000100000001,2239606812555,2157,1904
1762969380,0000000200000002,2239652875977,4599,1905
1762969382,0000000800000080,2239676124276,3180,1906
1762969395,0000008000000080,2239805607712,598,1907
1762969398,0000000800000001,2239832853786,4161,1908
1762969405,0000000100000001,2239903506796,5095,1909
1762969405,0000008000000080,2239904181283,5056,1910
1762969409,0000000100000001,2239941292682,2808,1911
1762969421,0000000400000002,2240069934091,283,1912
1762969432,0000008000000008,2240174736710,4370,1913
1762969436,0000000800000002,2240218122926,1745,1914
1762969464,0000000100000001,2240492705308,816,1915
1762969469,0000000100000002,2240542974480,2974,1916
1762969486,0000008000000008,2240718171192,2822,1917
1762969496,0000000100000008,2240814000228,2254,1918
1762969500,0000000800000008,2240856177124,4925,1919
1762969513,0000008000000080,2240985727774,2311,1920
1762969519,0000000400000008,2241048165828,3764,1921
1762969519,0000000800000008,2241048694289,3731,1922
1762969530,000000c000000080,2241153149912,2625,1923
1762969535,0000004000000004,2241202573712,4865,1924
1762969566,0000000400000080,2241520728385,1300,1925
1762969590,0000008000000002,2241757210572,2646,1926
1762969596,0000000400000001,2241817884521,4214,1927
1762969603,0000004000000080,2241883417043,269,1928
1762969604,0000000100000004,2241891591699,4968,1929
1762969607,0000008000000080,2241929167756,2690,1930
1762969614,0000008000000001,2241991557880,4155,1931
1762969619,0000000800000001,2242044630777,952,1932
1762969629,0000004000000080,2242141413038,331,1933
1762969644,0000008000000080,2242297085855,1345,1934
1762969657,0000000100000001,2242430853590,3692,1935
1762969661,0000008000000002,2242463954652,1696,1936
1762969666,0000000100000080,2242512599779,3974,1937
1762969688,0000008000000080,2242737401087,834,1938
1762969707,0000000100000004,2242929357204,4873,1939
1762969715,0000000400000008,2243006930353,207,1940
1762969716,0000008000000002,2243016772931,4810,1941
1762969717,0000004000000004,2243027880748,4144,1942
1762969717,0000000400000080,2243029649117,4036,1943
1762969730,0000008000000080,2243151616637,1881,1944
1762969732,0000000100000001,2243172831024,614,1945
1762969738,0000000400000008,2243237311353,1920,1946
1762969739,0000000800000001,2243243600802,1543,1947
1762969747,0000004000000002,2243327184634,1709,1948
1762969758,0000000400000008,2243434308707,468,1949
1762969760,0000004000000001,2243455952479,4365,1950
1762969767,0000008000000080,2243524051579,264,1951
1762969769,0000008000000080,2243543731248,4280,1952
1762969778,0000000400000002,2243637479321,3828,1953
1762969781,0000000400000001,2243667025939,2039,1954
1762969810,0000000100000004,2243955985362,253,1955
1762969841,0000000800000008,2244268646647,2205,1956
1762969861,0000000400000004,2244469464775,521,1957
1762969879,0000000400000080,2244646358926,276,1958
1762969879,0000000100000001,2244648944967,5307,1959
1762969901,0000000100000001,2244868286189,2490,1960
1762969907,0000008000000004,2244927606884,4136,1961
1762969913,0000000100000080,2244982983838,798,1962
1762969943,0000000400000001,2245290696929,3051,1963
1762969956,0000000100000004,2245413360344,878,1964
1762969976,0000000800000080,2245612418010,4496,1965
1762970026,0000000800000008,2246117481889,5266,1966
1762970053,0000008000000002,2246387217139,4634,1967
1762970075,0000008000000080,2246604399398,1943,1968
1762970082,0000000800000004,2246675604273,2847,1969
1762970098,0000000100000001,2246839726849,3369,1970
1762970109,0000000100000001,2246943906477,2291,1971
1762970113,0000000100000001,2246981312507,5245,1972
1762970117,0000008000000080,2247023533349,2693,1973
1762970142,0000008000000004,2247272791209,3288,1974
1762970142,0000008000000080,2247275515918,3121,1975
1762970166,0000004000000002,2247511295909,4539,1976
1762970179,0000004000000008,2247650239082,1361,1977
1762970187,0000000100000001,2247727660507,1898,1978
1762970204,0000000100000008,2247900374041,1896,1979
1762970208,0000000100000008,2247933729999,5090,1980
1762970209,0000000400000004,2247944376960,4459,1981
1762970212,0000004000000080,2247980006259,2294,1982
1762970223,0000000800000080,2248086059348,1116,1983
1762970246,0000000800000080,2248316223085,2843,1984
1762970247,0000000100000004,2248324980666,2319,1985
1762970251,0000000100000002,2248363780565,5189,1986
1762970291,0000000100000001,2248761445205,2037,1987
1762970304,0000004000000004,2248896348367,4328,1988
1762970317,0000004000000004,2249023361762,1866,1989
1762970318,0000000400000080,2249037262028,1033,1990
1762970325,0000008000000080,2249101057485,2380,1991
1762970334,0000000100000080,2249196913018,1815,1992
1762970360,0000000400000001,2249455843414,1822,1993
1762970366,000000c000000080,2249518374397,3251,1994
1762970368,0000004000000004,2249534513766,2278,1995
1762970383,0000000100000080,2249685548136,3589,1996
1762970394,0000008000000002,2249793800898,2262,1997
1762970409,0000000800000002,2249950497285,3227,1998
1762970426,0000008000000008,2250115242891,3714,1999
1762970428,0000000100000001,2250135258396,2495,2000
1762970430,0000000800000080,2250158017165,1137,2001
1762970434,0000000100000001,2250196600080,4020,2002
1762970445,0000000100000004,2250307246118,2537,2003
1762970446,0000008000000008,2250313687828,2154,2004
1762970450,0000004000000008,2250352464843,5028,2005
1762970454,0000000400000008,2250400168963,2147,2006
1762970490,0000008000000081,2250753125066,1695,2007
1762970498,0000000100000008,2250831004552,2200,2008
1762970504,0000000800000004,2250899584758,3270,2009
1762970513,0000000800000080,2250990674549,2980,2010
1762970522,0000000100000001,2251074451226,3137,2011
1762970527,0000008000000080,2251126418659,5215,2012
1762970545,0000000100000002,2251301427392,5077,2013
1762970550,0000000400000001,2251357322166,1709,2014
1762970553,0000000800000008,2251388251663,5049,2015
1762970570,0000000100000003,2251551251758,441,2016
1762970585,0000004000000002,2251705919110,1515,2017
1762970586,0000008000000080,2251713462357,1063,2018
1762970588,0000004000000001,2251732046039,5143,2019
1762970596,0000000100000004,2251815375711,5323,2020
1762970628,0000008000000080,2252132030523,1853,2021
1762970657,0000000800000002,2252425205522,5001,2022
1762970675,0000008000000080,2252604647171,4602,2023
1762970683,0000008000000080,2252685847204,4907,2024
1762970684,0000000100000002,2252694415662,4397,2025
1762970685,0000008000000004,2252708611833,3530,2026
1762970688,0000004000000002,2252740678279,1600,2027
1762970716,0000000100000080,2253020394542,364,2028
1762970721,0000000100000004,2253070669756,2516,2029
1762970736,000000c000000080,2253216558931,4151,2030
1762970743,0000008000000080,2253288779621,4993,2031
1762970747,0000000800000002,2253321778008,2994,2032
1762970750,0000000800000002,2253356291147,929,2033
1762970755,0000000100000008,2253401890778,3375,2034
1762970760,000000c000000080,2253459881662,5088,2035
1762970795,0000000100000001,2253805153511,5094,2036
1762970807,0000000800000080,2253930317473,2745,2037
1762970810,0000008000000004,2253953646114,1350,2038
1762970820,0000008000000080,2254060596684,5308,2039
1762970825,0000000100000080,2254108175039,2436,2040
1762970833,0000000800000008,2254186308453,2929,2041
1762970840,0000000400000004,2254254937569,4014,2042
1762970847,0000000c00000008,2254326494924,4900,2043
1762970856,0000000800000002,2254417721786,4612,2044
1762970857,0000004000000004,2254423155264,4287,2045
1762970860,0000008000000080,2254451496145,2557,2046
1762970862,0000000100000001,2254480332249,838,2047
1762970863,0000008800000004,2254486760598,455,0
1762970864,0000000800000001,2254498263618,4957,1
1762970890,0000000400000002,2254757850932,4923,2
1762970895,0000004000000008,2254801465868,2285,3
1762970897,0000000100000001,2254824932862,883,4
1762970901,0000000100000001,2254867275598,3528,5
1762970917,0000000100000002,2255022070821,4616,6
1762970934,0000000400000002,2255200509479,4271,7
1762970938,0000000100000001,2255232263582,2341,8
1762970948,0000008000000002,2255335568852,1326,9
1762970951,000000400000000c,2255368497573,4554,10
1762970953,0000000100000002,2255385742837,3504,11
1762970953,0000000100000001,2255388524290,3334,12
1762970960,0000008000000080,2255451240162,4768,13
1762970962,0000000700000007,2255473069799,3444,14
1762970963,0000000100000001,2255483832677,2788,15
1762970969,0000000100000008,2255545000263,4325,16
1762971008,0000000100000008,2255940456113,1299,17
1762971019,0000008000000080,2256050335828,5083,18
1762971045,0000000100000004,2256302776146,291,19
1762971054,0000008000000080,2256396231770,5051,20
1762971055,0000008000000004,2256406520108,4441,21
1762971055,0000008000000001,2256408688758,4311,22
1762971074,0000008000000080,2256594265849,3524,23
1762971077,0000004000000001,2256628054796,1490,24
1762971085,0000000100000001,2256710167585,1743,25
1762971092,0000000100000001,2256775418424,3005,26
1762971097,0000000800000008,2256825990184,5170,27
1762971109,0000000800000001,2256943368438,3295,28
1762971119,0000000400000002,2257046348162,2291,29
1762971122,0000000800000080,2257074039930,639,30
1762971146,0000000100000001,2257314784749,1732,31
1762971146,0000000800000002,2257315235178,1705,32
1762971181,0000008000000008,2257662375501,1599,33
1762971182,0000000100000002,2257674668578,863,34
1762971189,0000000400000004,2257740719587,2078,35
1762971198,0000000400000002,2257835782677,1556,36
1762971201,0000000800000001,2257867660927,4843,37
1762971226,0000000800000080,2258116809950,243,38
1762971243,0000000100000008,2258282718353,649,39
1762971258,0000000400000080,2258433467590,1960,40
1762971262,0000008000000002,2258479137693,4422,41
1762971290,0000004000000080,2258751788747,3593,42
1762971295,0000004000000001,2258808166831,207,43
1762971298,0000008000000080,2258835824860,3734,44
1762971305,0000000400000001,2258904778780,4786,45
1762971313,0000000100000001,2258985231484,5134,46
1762971321,0000004000000004,2259070386570,5205,47
1762971352,0000000800000001,2259373876953,2517,48
1762971353,000000c000000080,2259384185030,1905,49
1762971355,0000000200000002,2259404401323,697,50
1762971355,0000000100000002,2259404469099,692,51
1762971362,0000008000000008,2259476007396,1577,52
1762971369,0000008000000080,2259548439506,2406,53
1762971379,0000004000000004,2259641622535,2000,54
1762971406,0000000800000004,2259912063042,1316,55
1762971434,0000000100000008,2260191176631,5303,56
1762971434,0000000100000002,2260191519393,5285,57
1762971439,0000008000000080,2260250430319,1737,58
1762971448,0000008000000004,2260334369951,1882,59
1762971451,0000008000000080,2260363594549,5321,60
1762971454,0000008000000080,2260398870934,3192,61
1762971459,0000000100000001,2260450414501,5293,62
1762971460,0000000100000001,2260451497488,5229,63
1762971467,0000000100000008,2260529767099,526,64
1762971475,0000008800000004,2260603056062,1303,65
1762971479,0000004000000004,2260647589130,3827,66
1762971482,0000000100000002,2260671224397,2388,67
1762971494,0000000200000002,2260793046522,272,68
1762971494,0000000800000008,2260797559042,5189,69
1762971502,0000008000000001,2260873597062,619,70
1762971521,0000000100000001,2261062510204,4839,71
1762971524,0000000100000001,2261095475439,2837,72
1762971531,0000000400000080,2261169904356,3565,73
1762971541,0000000100000080,2261261187189,3262,74
1762971541,0000008000000080,2261270386437,2703,75
1762971546,0000000100000001,2261318689916,5007,76
1762971569,0000008000000080,2261545664861,1736,77
1762971579,0000004000000001,2261647456006,811,78
1762971596,0000008000000001,2261811673227,1316,79
1762971605,0000000800000008,2261901003331,1137,80
1762971621,0000000400000001,2262060723795,1915,81
1762971633,0000004000000008,2262185193157,4828,82
1762971638,0000000100000001,2262235205188,1809,83
1762971640,0000008000000008,2262255299468,608,84
1762971671,0000000100000001,2262565226589,2723,85
1762971672,0000008000000001,2262574173215,2190,86
1762971672,0000008000000080,2262574289397,2184,87
1762971695,0000000100000008,2262801717230,4102,88
1762971715,0000004000000080,2263003922812,2308,89
1762971715,0000008000000080,2263005282917,2227,90
1762971717,0000004000000001,2263027876761,877,91
1762971719,0000008000000080,2263049461965,4779,92
1762971726,0000000100000001,2263113939784,893,93
1762971729,0000008000000080,2263147345704,4087,94
1762971740,0000008000000080,2263256971878,2665,95
1762971757,0000008000000080,2263425873273,2893,96
1762971758,0000008000000008,2263432382470,2501,97
1762971764,0000000100000001,2263497207690,3813,98
1762971767,0000008000000001,2263527584812,1976,99
1762971791,0000000400000080,2263766268786,3198,100
1762971793,0000000400000004,2263781413661,2285,101
1762971797,0000000800000002,2263830388689,4554,102
1762971831,0000004000000080,2264170212067,4882,103
1762971844,0000000100000004,2264291529074,2760,104
1762971865,0000000100000080,2264502652342,467,105
1762971868,0000000800000008,2264537790341,3540,106
1762971891,0000000400000008,2264766704708,165,107
1762971915,0000008000000004,2265004365289,1442,108
1762971930,0000000400000001,2265158874139,2527,109
1762971936,0000000800000001,2265214032259,4426,110
1762971936,0000008000000008,2265214083267,4423,111
1762971941,0000008000000004,2265268362596,1144,112
1762971948,0000000800000002,2265334643233,2343,113
1762971953,0000004000000001,2265385961773,4472,114
1762971965,0000000100000001,2265504384752,2519,115
1762971969,0000000100000001,2265543611068,178,116
1762971970,0000004000000008,2265556154491,4622,117
1762971980,0000004000000001,2265652201523,4036,118
1762971991,0000000100000001,2265763544614,2512,119
1762972018,0000000100000001,2266032304519,1934,120
1762972038,0000008000000004,2266236006450,5269,121
1762972046,0000000100000008,2266311458735,733,122
1762972051,0000008000000080,2266364557497,2717,123
1762972055,0000000800000080,2266409874961,5198,124
1762972066,0000008000000002,2266512908112,4203,125
1762972074,0000004000000001,2266599787977,4171,126
1762972089,0000008000000004,2266744309350,666,127
1762972111,0000000800000080,2266966860995,2845,128
1762972164,0000000100000002,2267498325064,2045,129
1762972181,0000008000000008,2267662375092,2559,130
1762972182,0000000400000080,2267674917386,1812,131
1762972187,0000000100000001,2267724578419,4031,132
1762972216,0000004000000080,2268014129232,2179,133
1762972222,0000008000000002,2268077877170,3547,134
1762972233,0000000800000002,2268181359433,2504,135
1762972237,0000004000000080,2268226324268,5010,136
1762972246,0000004000000001,2268317627424,4715,137
1762972250,0000004000000004,2268358053970,2266,138
1762972259,0000000100000001,2268441927593,2412,139
1762972269,0000000400000080,2268545702739,1371,140
1762972272,0000000400000002,2268574350438,4852,141
1762972295,0000000f00000007,2268809032058,1115,142
1762972312,0000008000000008,2268973669026,1598,143
1762972318,0000008000000080,2269034765236,3111,144
1762972341,0000000500000001,2269265230112,4845,145
1762972348,0000000400000080,2269330865352,891,146
1762972353,0000000100000001,2269388702175,2593,147
1762972356,0000000100000003,2269419496158,755,148
1762972366,0000000100000001,2269518632398,5180,149
1762972380,0000004000000080,2269657467721,2014,150
1762972430,0000000400000080,2270151647099,3454,151
1762972443,0000008000000008,2270290058433,333,152
1762972445,0000000800000001,2270304038838,4689,153
1762972450,0000008800000001,2270352925061,1734,154
1762972454,0000008000000004,2270396454294,4325,155
1762972465,0000000200000080,2270502374624,3127,156
1762972481,0000004000000001,2270660477742,4023,157
1762972488,0000000100000008,2270733513883,4821,158
1762972488,0000008000000008,2270734653013,4755,159
1762972491,0000000100000001,2270761851667,3101,160
1762972497,0000000400000001,2270823749091,4590,161
1762972523,0000008000000001,2271088316833,4259,162
1762972524,0000004000000002,2271097532588,3695,163
1762972532,0000008000000080,2271170952454,4482,164
1762972545,0000008000000080,2271302195063,1767,165
1762972548,0000000800000008,2271334138663,5046,166
1762972554,0000000800000002,2271396386558,1295,167
1762972570,0000008000000080,2271554800507,2150,168
1762972588,0000000800000001,2271736464470,1614,169
1762972600,0000000200000001,2271855037636,4879,170
1762972611,0000004000000001,2271961445062,3668,171
1762972626,0000008000000002,2272119964282,4529,172
1762972627,0000000800000008,2272122236038,4393,173
1762972629,0000000100000008,2272141513104,3215,174
1762972645,0000008000000008,2272304588263,3805,175
1762972649,0000004000000001,2272345806934,1318,176
1762972664,0000000100000002,2272498969485,2484,177
1762972665,0000008000000004,2272500443206,2397,178
1762972672,0000000100000004,2272578791585,2877,179
1762972696,0000008000000001,2272819221554,4016,180
1762972698,0000000400000001,2272833065707,3167,181
1762972708,0000000400000002,2272937958755,2052,182
1762972709,0000000100000001,2272945505174,1601,183
1762972711,0000008000000004,2272969839669,162,184
1762972742,0000004000000004,2273280074380,2247,185
1762972745,0000000400000002,2273306763444,654,186
1762972751,0000000100000003,2273364247935,2375,187
1762972755,0000000400000008,2273403933461,5194,188
1762972757,0000000100000004,2273430145323,3618,189
1762972778,0000000800000080,2273633500655,1767,190
1762972791,0000000900000001,2273762479082,4413,191
1762972831,0000004000000004,2274161041243,1199,192
1762972831,0000008000000080,2274166489996,876,193
1762972838,0000000400000001,2274230838467,2188,194
1762972857,0000000800000004,2274429135099,662,195
1762972861,0000000800000080,2274469694277,3408,196
1762972863,0000000400000001,2274484270022,2522,197
1762972874,0000000400000008,2274596962001,949,198
1762972876,0000000100000001,2274614332717,5102,199
1762972878,0000000200000004,2274637819739,3689,200
1762972884,0000008000000080,2274692367047,411,201
1762972901,0000000100000001,2274869279251,162,202
1762972905,0000000400000008,2274900595051,3459,203
1762972909,0000000800000080,2274944391155,829,204
1762972944,0000004000000002,2275291844385,706,205
1762972954,0000000300000001,2275394277705,4933,206
1762972959,0000004000000080,2275446016921,1813,207
1762972976,0000000800000001,2275616801177,1926,208
1762972976,0000008000000001,2275619082181,1790,209
1762972984,0000000100000001,2275696639726,2313,210
1762972985,0000000100000001,2275705165701,1805,211
1762972987,0000004000000080,2275725599802,585,212
1762973000,0000000400000001,2275853491839,3269,213
1762973024,0000000800000001,2276091794465,4533,214
1762973027,0000000100000001,2276123444510,2605,215
1762973031,0000000100000008,2276169662525,5035,216
1762973047,0000004000000080,2276323517285,971,217
1762973051,0000000800000001,2276369228195,3412,218
1762973052,0000000200000001,2276378994076,2817,219
1762973054,0000008000000001,2276391641522,2061,220
1762973069,0000000400000008,2276549664987,2939,221
1762973073,0000004000000002,2276584065914,881,222
1762973087,0000000100000001,2276723008483,2899,223
1762973088,0000008000000080,2276734673279,2200,224
1762973114,0000000100000001,2276996534875,2033,225
1762973118,0000004000000080,2277031210428,5148,226
1762973126,0000008000000080,2277111020704,352,227
1762973128,0000000100000001,2277131520950,4319,228
1762973129,0000000800000080,2277141895609,3686,229
1762973137,0000000800000001,2277222944015,4010,230
1762973140,0000000100000001,2277250206353,2352,231
1762973151,0000000100000001,2277366637523,557,232
1762973157,0000008000000080,2277420591663,2489,233
1762973182,0000004000000008,2277673364876,2865,234
1762973191,0000000100000004,2277766925342,2432,235
1762973192,0000000400000004,2277774263462,1996,236
1762973199,0000000800000008,2277848216634,2735,237
1762973205,0000008000000004,2277906864895,4425,238
1762973207,0000000200000002,2277925320772,3298,239
1762973208,0000008000000080,2277933700441,2787,240
1762973229,0000004000000002,2278149245946,227,241
1762973252,0000000800000004,2278374913202,2219,242
1762973253,0000000800000080,2278380577237,1884,243
1762973264,0000000100000080,2278498858865,5162,244
1762973298,0000000400000008,2278837353232,387,245
1762973299,0000004000000008,2278840207503,215,246
1762973300,0000008000000080,2278852020352,4701,247
1762973302,0000008000000080,2278870803071,3563,248
1762973309,0000004000000004,2278947409814,4159,249
1762973312,0000000400000001,2278974282633,2520,250
1762973319,0000000100000001,2279043744281,3546,251
1762973320,0000000800000002,2279057016085,2737,252
1762973321,0000004800000001,2279064636484,2282,253
1762973326,0000008000000004,2279116321265,4387,254
1762973366,0000000800000002,2279511479216,1379,255
1762973376,0000000100000001,2279615651973,316,256
1762973386,0000000800000002,2279711706988,4924,257
1762973396,0000000100000001,2279812444228,4063,258
1762973424,0000000100000001,2280095820829,2577,259
1762973436,0000000400000004,2280211656266,816,260
1762973443,0000008000000002,2280281941559,1778,261
1762973449,0000000100000003,2280349602911,2894,262
1762973450,0000008000000001,2280353825320,2640,263
1762973465,0000004000000080,2280500889657,4204,264
1762973472,0000004000000001,2280575352135,4913,265
1762973492,0000000800000001,2280779482667,3007,266
1762973500,0000008000000080,2280853959321,3734,267
1762973503,0000000100000080,2280886984087,1741,268
1762973506,0000000100000008,2280917607824,5099,269
1762973514,0000000100000002,2280999359871,186,270
1762973516,0000004000000001,2281015645689,4405,271
1762973527,0000000400000008,2281120484991,3274,272
1762973528,0000008000000001,2281134231340,2443,273
1762973530,0000004000000001,2281157430484,1056,274
1762973536,0000000100000001,2281211553794,2987,275
1762973547,0000004000000004,2281322416710,1518,276
1762973548,0000000100000001,2281337335778,629,277
1762973549,0000000100000008,2281342859592,298,278
1762973549,0000000400000002,2281344581120,194,279
1762973549,0000000400000008,2281347792659,5190,280
1762973606,0000000100000001,2281919714198,1945,281
1762973628,0000000100000002,2282137260163,4457,282
1762973646,0000000800000001,2282314270086,4197,283
1762973648,0000000800000004,2282338122936,2740,284
1762973653,0000008000000004,2282388448015,4923,285
1762973655,0000000400000008,2282404497216,3959,286
1762973655,0000004000000008,2282405475326,3899,287
1762973657,0000000800000080,2282428788270,2479,288
1762973666,0000000100000002,2282513698450,2565,289
1762973681,0000008000000004,2282666089142,3805,290
1762973692,0000000400000002,2282771300460,2651,291
1762973716,0000004000000001,2283015419598,3560,292
1762973720,0000000800000080,2283057109472,1052,293
1762973723,0000000100000001,2283084937895,4585,294
1762973735,0000000800000008,2283203231078,2640,295
1762973748,0000004000000001,2283335842462,5066,296
1762973788,0000000400000001,2283736291446,1747,297
1762973798,0000000100000002,2283833212181,1111,298
1762973799,000000c000000080,2283849307243,162,299
1762973845,0000008000000080,2284305434157,3878,300
1762973863,0000000100000080,2284484147114,3508,301
1762973869,0000000400000002,2284542283329,5207,302
1762973890,0000004000000080,2284758662528,2568,303
1762973916,000000c000000080,2285011231723,2956,304
1762973929,0000000100000001,2285141958315,305,305
1762973931,0000000800000001,2285161624139,4320,306
1762973951,0000004000000080,2285367723106,2290,307
1762973963,0000000100000003,2285485528585,414,308
1762973963,0000000100000001,2285486641612,346,309
1762973983,0000008000000002,2285684886336,4005,310
1762973985,0000004000000080,2285702141351,2947,311
1762973993,0000004000000002,2285780173019,3457,312
1762974008,0000000400000001,2285935858317,4493,313
1762974015,0000000800000080,2286000220464,615,314
1762974048,0000000100000001,2286335878634,1192,315
1762974053,0000008000000001,2286386588123,3334,316
1762974062,0000000400000008,2286476568366,3111,317
1762974075,0000004000000080,2286608867036,362,318
1762974081,0000008000000002,2286662171340,2333,319
1762974081,0000000200000001,2286663640613,2247,320
1762974105,0000000500000008,2286905974154,3254,321
1762974120,0000004000000001,2287056356559,4612,322
1762974121,0000008000000001,2287068093791,3902,323
1762974133,0000004000000004,2287186105184,1985,324
1762974141,0000000100000001,2287266131737,2361,325
1762974142,0000008000000080,2287277728503,1671,326
1762974145,0000000200000002,2287304325500,5269,327
1762974156,0000000200000040,2287418235415,3611,328
1762974187,0000004000000040,2287723187455,849,329
1762974196,0000000800000008,2287811114501,755,330
1762974196,0000000100000080,2287818306664,326,331
1762974216,0000000100000002,2288010018590,4382,332
1762974228,0000008000000002,2288133772586,2113,333
1762974228,0000000200000001,2288136867168,1929,334
1762974245,0000008000000080,2288301879916,2384,335
1762974245,0000000400000004,2288306562397,2106,336
1762974261,0000004000000080,2288462725012,3099,337
1762974268,0000008000000001,2288536490016,3871,338
1762974280,0000000100000080,2288655301973,1908,339
1762974284,0000004000000080,2288699329202,4470,340
1762974297,0000000400000008,2288820187645,2371,341
1762974302,0000008000000080,2288876869035,4176,342
1762974325,0000008000000001,2289100210684,1116,343
1762974327,0000000100000001,2289124650868,4849,344
1762974335,0000008000000080,2289209663002,4928,345
1762974341,0000008000000080,2289263226783,1697,346
1762974357,0000000100000008,2289425217800,2334,347
1762974373,0000000400000080,2289584985443,3112,348
1762974399,0000000400000080,2289844626391,3077,349
1762974406,0000000200000002,2289911565253,4265,350
1762974440,0000008000000002,2290256664386,4282,351
1762974465,0000000100000001,2290507499298,4771,352
1762974472,0000000100000080,2290571766438,897,353
1762974474,0000000800000004,2290589915518,5003,354
1762974476,0000000100000001,2290610659699,3755,355
1762974482,0000000400000002,2290677216473,4947,356
1762974497,0000000100000080,2290828377226,1042,357
1762974506,0000008000000002,2290913795498,1097,358
1762974524,0000000100000001,2291092488920,740,359
1762974536,0000004000000002,2291214133666,3813,360
1762974543,0000000800000002,2291282345697,4905,361
1762974561,0000004000000001,2291468574737,4095,362
1762974568,0000004000000008,2291538375310,5083,363
1762974577,0000000400000001,2291628841152,4839,364
1762974586,0000004000000080,2291717597284,4696,365
1762974592,0000004000000001,2291771917957,1416,366
1762974609,0000004000000002,2291939971357,1696,367
1762974612,0000000400000008,2291974497747,4822,368
1762974617,0000000100000001,2292027054955,1651,369
1762974637,0000004000000002,2292223788835,215,370
1762974649,0000000100000004,2292344985628,3301,371
1762974706,0000008000000001,2292916307120,5297,372
1762974706,0000008000000080,2292919308390,5118,373
1762974708,0000008000000004,2292931569000,4390,374
1762974715,0000000800000080,2293000720725,226,375
1762974721,0000000400000004,2293068647604,1324,376
1762974724,0000000100000008,2293097036828,4821,377
1762974741,0000008000000080,2293262425044,5252,378
1762974751,0000008000000080,2293364132737,4339,379
1762974770,0000008800000008,2293556383257,3144,380
1762974772,0000000100000004,2293573958220,2087,381
1762974778,0000000100000001,2293633483588,3711,382
1762974780,0000000800000001,2293654118423,2456,383
1762974786,0000008000000002,2293712456550,4161,384
1762974800,0000004000000002,2293852422726,925,385
1762974801,0000000100000080,2293860459636,448,386
1762974803,0000008000000004,2293879929695,4477,387
1762974806,0000000800000080,2293912014529,2523,388
1762974819,0000000400000001,2294040750127,5180,389
1762974820,0000000400000002,2294056848090,4221,390
1762974823,0000008000000080,2294085805414,2458,391
1762974824,0000000100000001,2294093221236,2018,392
1762974828,0000000400000008,2294133156001,4821,393
1762974850,0000000100000080,2294356414747,1770,394
1762974877,0000000100000080,2294624332560,1236,395
1762974880,0000000800000080,2294655779164,4553,396
1762974888,0000000100000008,2294733536118,5061,397
1762974894,0000000800000004,2294794754064,1371,398
1762974898,0000004000000001,2294837478323,4009,399
1762974905,0000004000000080,2294908417043,4930,400
1762974930,0000008000000080,2295150578604,749,401
1762974948,0000000400000008,2295333903650,5302,402
1762974967,0000008000000004,2295526830015,4093,403
1762974969,0000008000000001,2295547220360,2845,404
1762974972,0000008000000080,2295577544397,1032,405
1762974980,0000008000000080,2295655021167,1565,406
1762974987,0000000400000001,2295725217722,2527,407
1762974992,0000008000000080,2295773884784,4813,408
1762974999,0000000100000001,2295849044923,291,409
1762975028,0000000100000004,2296139665748,3578,410
1762975031,0000000400000002,2296159935382,2349,411
1762975036,0000004000000020,2296216588488,4154,412
1762975046,0000000400000008,2296319548892,3136,413
1762975048,000000c000000080,2296330758069,2460,414
1762975052,0000004000000004,2296374782423,5020,415
1762975082,0000000100000002,2296676014788,2468,416
1762975087,0000000700000001,2296729226034,4484,417
1762975091,0000004000000080,2296760605256,2572,418
1762975098,0000008000000002,2296832449810,3454,419
1762975099,000000c000000080,2296849667734,2411,420
1762975103,0000008000000080,2296884811368,314,421
1762975104,0000000800000002,2296894112195,4947,422
1762975108,0000000400000080,2296932067289,2645,423
1762975108,0000000100000004,2296937590106,2316,424
1762975110,0000000100000080,2296953138115,1387,425
1762975122,0000004000000002,2297071363255,4676,426
1762975123,0000008800000004,2297082363362,4014,427
1762975128,0000000400000008,2297139350392,583,428
1762975132,0000008000000004,2297170324139,3915,429
1762975161,0000000400000001,2297460669526,2019,430
1762975171,0000000100000001,2297563036020,1059,431
1762975178,0000000400000008,2297639116876,1675,432
1762975197,0000000100000001,2297823058615,1001,433
1762975198,0000008000000080,2297835094531,284,434
1762975208,000000c000000080,2297930818039,4913,435
1762975213,0000000100000001,2297988292129,1447,436
1762975216,0000008000000004,2298014652239,5062,437
1762975219,0000000800000080,2298043791584,3301,438
1762975233,0000000100000002,2298182553216,162,439
1762975238,0000000100000001,2298231003908,2422,440
1762975245,0000008000000080,2298301088627,3407,441
1762975256,0000004000000080,2298411137607,1980,442
1762975292,0000008000000008,2298777822674,706,443
1762975297,0000008000000080,2298828143121,2858,444
1762975305,0000000800000080,2298904785090,3451,445
1762975320,0000000800000080,2299055658194,4774,446
1762975324,0000000100000004,2299091961795,2570,447
1762975331,0000000800000080,2299165727321,3334,448
1762975332,0000004000000080,2299170783065,3025,449
1762975337,0000008000000080,2299227136488,4847,450
1762975354,0000008000000080,2299398580449,4920,451
1762975356,0000008000000080,2299417721798,3768,452
1762975358,0000008000000080,2299432981757,2834,453
1762975380,0000000100000001,2299656593723,4981,454
1762975396,0000004000000080,2299815171979,635,455
1762975425,0000008000000001,2300100527902,4253,456
1762975430,0000008000000002,2300156400668,882,457
1762975437,0000000400000004,2300220394254,2217,458
1762975437,0000000100000003,2300223345516,2042,459
1762975438,0000008000000001,2300238907820,1110,460
1762975441,0000000100000001,2300266826392,4636,461
1762975445,0000000100000004,2300306421404,2236,462
1762975445,0000008000000004,2300306548480,2228,463
1762975450,0000000100000004,2300352017415,4706,464
1762975470,0000008000000004,2300550801058,3117,465
1762975472,0000000400000002,2300572242024,1833,466
1762975487,0000008000000080,2300728947034,2785,467
1762975489,0000000800000004,2300743226274,1934,468
1762975490,0000000100000008,2300755943712,1172,469
1762975505,0000000800000008,2300902555373,2731,470
1762975520,0000000400000002,2301057514903,3815,471
1762975570,0000000200000002,2301553211264,5157,472
1762975574,0000000400000001,2301594715874,2646,473
1762975575,0000000100000001,2301600108166,4650,474
1762975581,0000000400000004,2301659721777,3950,475
1762975610,0000008000000008,2301959380304,1496,476
1762975631,0000000100000003,2302160783772,4971,477
1762975632,0000004000000001,2302175854956,4069,478
1762975632,0000008000000004,2302177571124,3964,479
1762975640,0000000100000008,2302254514885,4534,480
1762975655,0000000100000001,2302409138719,421,481
1762975664,0000000100000001,2302491907637,634,482
1762975671,0000008000000001,2302560944324,1668,483
1762975671,0000000800000002,2302565531160,1391,484
1762975673,0000008000000008,2302585100605,225,485
1762975683,0000000800000002,2302679670255,4921,486
1762975683,0000004000000002,2302684884294,4613,487
1762975690,0000008000000080,2302757182702,262,488
1762975692,0000004000000001,2302771730562,4585,489
1762975715,0000000400000008,2303006376059,848,490
1762975733,0000000100000003,2303184251337,540,491
1762975759,0000004000000080,2303442234328,602,492
1762975766,0000000400000002,2303509669117,1732,493
1762975769,0000000100000001,2303539699902,5124,494
1762975772,0000008000000001,2303575268497,2973,495
1762975783,0000000800000008,2303680976236,1815,496
1762975795,0000000800000004,2303803627632,4837,497
1762975795,0000000100000004,2303808471025,4549,498
1762975799,0000000100000001,2303840571202,2594,499
1762975800,0000000800000008,2303849954980,2038,500
1762975825,0000000200000001,2304105949652,2218,501
1762975826,0000000400000080,2304111449916,1890,502
1762975833,0000000100000002,2304180331049,2933,503
1762975833,0000000100000001,2304184951052,2654,504
1762975843,0000008000000080,2304283550211,1925,505
1762975852,0000000100000080,2304370415113,1895,506
1762975858,0000000100000002,2304439403087,2932,507
1762975859,0000004000000004,2304447680793,2434,508
1762975861,0000000400000002,2304464117836,1453,509
1762975861,0000000100000004,2304464412759,1435,510
1762975869,0000000800000002,2304545970833,1723,511
1762975889,0000008000000080,2304746906511,5223,512
1762975900,0000000400000002,2304855411315,3894,513
1762975907,0000008000000080,2304923848531,4970,514
1762975935,0000000400000008,2305199976321,3945,515
1762975945,0000000100000001,2305302930759,2927,516
1762975945,0000004000000080,2305309367496,2539,517
1762975969,0000004000000008,2305540588753,4235,518
1762975980,0000008000000008,2305653772631,2598,519
1762975985,0000000100000004,2305705763374,4687,520
1762975993,0000000100000001,2305780492275,188,521
1762976000,0000008000000002,2305850540471,1159,522
1762976033,0000008000000004,2306184753836,1829,523
1762976041,0000000100000001,2306266063038,2129,524
1762976048,0000000100000002,2306331975497,3361,525
1762976053,0000000100000001,2306386306196,5291,526
1762976055,0000004000000004,2306403517014,4268,527
1762976061,0000000400000080,2306461733541,756,528
1762976071,0000000400000008,2306567736346,4774,529
1762976083,0000008000000080,2306685508124,2863,530
1762976090,0000000100000002,2306756021540,3833,531
1762976122,0000000800000080,2307070626782,491,532
1762976129,0000008000000001,2307148651424,985,533
1762976132,0000004000000008,2307179055984,4362,534
1762976147,0000000800000001,2307320243435,1049,535
1762976156,0000000100000002,2307419114936,305,536
1762976167,0000000400000004,2307525489778,4298,537
1762976191,0000008000000080,2307762891520,401,538
1762976205,0000000400000001,2307908236015,2034,539
1762976247,0000000100000080,2308323948925,2993,540
1762976249,0000000800000002,2308340425170,2007,541
1762976266,0000008000000080,2308518849141,1664,542
1762976275,0000008000000008,2308600159805,1966,543
1762976278,0000000400000002,2308629801693,193,544
1762976283,0000000100000001,2308683553961,2141,545
1762976285,0000000800000001,2308705184842,847,546
1762976303,0000000400000080,2308885224971,411,547
1762976319,0000008000000080,2309046410168,1095,548
1762976331,0000000800000002,2309166433847,4275,549
1762976335,0000000100000001,2309203114193,2052,550
1762976338,0000008000000080,2309236742699,5230,551
1762976355,0000000100000004,2309407038656,186,552
1762976355,0000000400000004,2309407565481,162,553
1762976371,0000008000000002,2309561041724,1300,554
1762976378,0000004000000004,2309638646654,1827,555
1762976387,0000000400000004,2309720955563,2066,556
1762976404,0000008000000008,2309891214822,2211,557
1762976414,0000008000000080,2309994990406,1167,558
1762976415,000000040000000c,2310004477702,603,559
1762976417,0000000400000001,2310023058615,4684,560
1762976422,0000000400000002,2310077726639,1383,561
1762976425,0000008000000008,2310103762239,5017,562
1762976433,0000000100000008,2310181599618,339,563
1762976439,0000000400000002,2310241892052,1896,564
1762976463,000000c000000080,2310484276859,2889,565
1762976474,0000000400000080,2310592912433,1558,566
1762976475,0000000800000080,2310605413369,811,567
1762976500,0000004000000008,2310853724486,1451,568
1762976538,0000008000000080,2311236620833,4403,569
1762976551,0000004000000001,2311361496539,2067,570
1762976553,0000004000000008,2311379465056,992,571
1762976566,0000000400000008,2311518364845,3014,572
1762976575,0000000800000080,2311600660354,3262,573
1762976575,0000000100000002,2311605527393,2966,574
1762976575,0000000100000004,2311607973256,2817,575
1762976576,0000000100000002,2311610623874,2658,576
1762976579,0000008000000080,2311648066169,424,577
1762976580,0000008000000080,2311651273507,231,578
1762976585,0000008000000080,2311702479754,2329,579
1762976587,0000000400000002,2311719628574,1303,580
1762976594,0000008000000080,2311795306643,1944,581
1762976614,0000000400000002,2311996835587,220,582
1762976621,0000004000000004,2312065627780,1266,583
1762976630,0000008000000001,2312153299991,1187,584
1762976659,0000000400000001,2312443331923,4530,585
1762976664,0000008000000004,2312494698616,1426,586
1762976687,0000000400000080,2312720911058,3399,587
1762976696,0000008000000080,2312819213475,2672,588
1762976711,0000000800000080,2312966762924,4207,589
1762976728,0000008000000004,2313139016906,4234,590
1762976736,0000000100000001,2313211431319,5063,591
1762976738,0000000800000001,2313232530308,3795,592
1762976757,0000000800000002,2313425815125,2541,593
1762976776,0000000400000004,2313615285537,1540,594
1762976781,0000004000000004,2313661427377,3972,595
1762976785,0000000100000001,2313699717558,1656,596
1762976791,0000004000000008,2313763400233,3012,597
1762976792,0000004000000008,2313775349756,2294,598
1762976795,0000000100000004,2313806650913,427,599
1762976798,0000004000000002,2313830198374,4210,600
1762976798,0000000400000008,2313832145272,4091,601
1762976807,0000008000000002,2313923993545,3754,602
1762976809,0000000800000002,2313943439587,2569,603
1762976812,0000008000000080,2313977584445,531,604
1762976817,0000000100000001,2314025762266,2810,605
1762976841,0000008000000004,2314264741626,4038,606
1762976843,0000008000000001,2314288318184,2597,607
1762976844,0000000400000002,2314290936360,2442,608
1762976856,0000008000000080,2314416149722,5309,609
1762976857,0000000400000001,2314422799113,4915,610
1762976869,0000008000000080,2314546303799,2663,611
1762976870,0000000400000001,2314556807917,2037,612
1762976901,0000000100000001,2314859875323,4598,613
1762976908,0000004000000004,2314931768163,270,614
1762976925,0000000800000001,2315107248908,5288,615
1762976933,0000000800000001,2315186126514,549,616
1762976959,0000004000000002,2315445310736,541,617
1762976961,0000000800000002,2315462036942,4733,618
1762976963,0000000400000008,2315488064977,3150,619
1762976978,0000000100000008,2315633109078,4828,620
1762976981,0000000200000004,2315665926475,2835,621
1762976990,0000000400000001,2315749380086,3011,622
1762976990,0000000100000001,2315754127458,2722,623
1762977004,0000000400000002,2315892365147,4815,624
1762977004,0000000400000080,2315898214829,4467,625
1762977011,0000000400000008,2315961854337,631,626
1762977011,0000008000000080,2315968121551,257,627
1762977012,0000000400000004,2315977036820,4914,628
1762977013,0000004000000008,2315985927218,4385,629
1762977014,0000008000000080,2315991895497,4022,630
1762977022,0000008000000002,2316070349658,4499,631
1762977025,0000000400000002,2316106387033,2311,632
1762977029,0000000100000004,2316140311473,281,633
1762977045,0000000800000080,2316302175677,932,634
1762977049,0000008000000002,2316346527245,3455,635
1762977072,0000000800000008,2316572252983,275,636
1762977080,0000000100000002,2316656830580,382,637
1762977086,0000004000000001,2316715908004,2009,638
1762977086,0000000800000001,2316716786221,1957,639
1762977098,0000000100000001,2316832132600,224,640
1762977117,0000008000000002,2317021170852,4439,641
1762977129,0000008000000080,2317143014348,2284,642
1762977138,0000000100000004,2317231127263,2179,643
1762977153,0000000100000001,2317380393766,3595,644
1762977164,0000004000000008,2317489752984,2203,645
1762977173,0000000400000008,2317579933178,1975,646
1762977176,0000000400000080,2317618147765,4882,647
1762977177,0000000200000001,2317622668935,4615,648
1762977177,0000000800000002,2317623290485,4578,649
1762977177,0000004000000004,2317629104595,4227,650
1762977185,0000004000000001,2317702334902,5008,651
1762977222,0000000400000001,2318076569732,3264,652
1762977232,0000000800000004,2318175398552,2505,653
1762977232,0000008000000080,2318177028255,2409,654
1762977244,0000000400000004,2318291476313,734,655
1762977248,0000008000000080,2318332273811,3467,656
1762977255,0000004000000008,2318402080687,4477,657
1762977263,0000000800000004,2318486041843,4620,658
1762977271,0000008000000004,2318568195692,4866,659
1762977287,0000000100000080,2318722747946,760,660
1762977294,0000000100000002,2318796882242,1489,661
1762977298,0000000400000002,2318832113485,4578,662
1762977300,0000008000000008,2318858457993,2971,663
1762977306,0000000400000008,2318909197117,5126,664
1762977309,0000000400000080,2318945451553,2932,665
1762977311,0000004000000008,2318967750734,1599,666
1762977313,0000000800000004,2318984491608,600,667
1762977321,0000008000000008,2319063127915,1057,668
1762977324,0000008000000001,2319092177987,4516,669
1762977324,0000008000000002,2319096714001,4244,670
1762977325,0000000200000080,2319103674671,3818,671
1762977348,0000000100000001,2319335284507,279,672
1762977366,0000000800000002,2319514418126,5078,673
1762977374,0000000800000001,2319594532918,263,674
1762977380,0000000100000002,2319652354898,1968,675
1762977395,0000008000000002,2319800727499,3432,676
1762977397,0000008000000008,2319826387496,1887,677
1762977410,0000000400000002,2319951689545,4751,678
1762977418,0000004000000008,2320034718082,4948,679
1762977440,0000008000000080,2320255619898,2037,680
1762977453,0000008000000080,2320387806102,4490,681
1762977454,0000000400000008,2320391810283,4249,682
1762977459,0000000100000008,2320439471838,1368,683
1762977463,0000004000000004,2320484001773,3892,684
1762977486,0000000800000080,2320712840418,514,685
1762977486,0000000100000001,2320717755395,220,686
1762977509,0000000100000002,2320948830958,1891,687
1762977514,0000008000000004,2320989465626,4654,688
1762977564,0000008000000080,2321491182177,441,689
1762977568,0000008000000002,2321534747424,2998,690
1762977570,0000004000000004,2321558353457,1585,691
1762977583,0000000100000002,2321688623040,4150,692
1762977587,000000c000000080,2321719750057,2258,693
1762977596,0000000100000001,2321818914756,1494,694
1762977631,0000000800000004,2322164814698,1462,695
1762977643,0000008000000080,2322285070343,4630,696
1762977647,0000004000000002,2322324640380,2231,697
1762977651,0000000800000001,2322368547502,4800,698
1762977658,0000000400000004,2322430722387,1051,699
1762977666,0000000100000001,2322509815263,1486,700
1762977673,0000000800000008,2322581119998,2382,701
1762977702,0000000100000006,2322873126043,416,702
1762977710,0000004000000002,2322958039884,502,703
1762977736,0000000100000004,2323215659304,586,704
1762977742,0000000400000002,2323275489290,2169,705
1762977746,0000008000000080,2323315532962,4966,706
1762977746,0000000100000001,2323318527218,4790,707
1762977755,0000000100000004,2323403638212,4863,708
1762977759,0000004000000008,2323444229480,2403,709
1762977768,0000000800000008,2323529451670,2470,710
1762977771,0000000100000080,2323560007991,646,711
1762977774,0000008000000080,2323589169329,4092,712
1762977776,0000000800000002,2323612744605,2652,713
1762977787,0000000100000001,2323725420957,1080,714
1762977789,000000c000000080,2323747821875,4933,715
1762977803,0000004000000004,2323888815643,1638,716
1762977806,0000004400000001,2323913711810,162,717
1762977821,0000008000000004,2324065206328,1415,718
1762977823,0000004000000010,2324085833044,184,719
1762977823,0000000100000001,2324089017404,5181,720
1762977828,0000008000000080,2324130859879,2651,721
1762977829,0000000b0000000c,2324146011456,1748,722
1762977832,0000000800000004,2324171434175,229,723
1762977840,0000000100000004,2324257298457,257,724
1762977863,0000000400000002,2324487607885,1973,725
1762977864,00000048000000a0,2324489231576,1877,726
1762977892,0000000100000008,2324773886442,346,727
1762977899,0000004000000008,2324841715630,1452,728
1762977914,000000c000000080,2324993495202,2700,729
1762977923,0000004000000080,2325082451857,2542,730
1762977939,0000000100000080,2325241947239,3343,731
1762977942,0000008000000004,2325274874079,1364,732
1762977958,0000008000000080,2325438895420,1886,733
1762977980,0000004000000008,2325649162116,4830,734
1762978000,0000008000000080,2325853557738,2904,735
1762978012,0000000400000001,2325975673178,767,736
1762978027,0000004000000080,2326122179450,2329,737
1762978030,0000008000000001,2326153374675,469,738
1762978039,0000000100000002,2326241774160,346,739
1762978050,0000008800000002,2326358167142,3730,740
1762978060,0000000400000004,2326455599047,3048,741
1762978079,0000000400000004,2326640843514,2294,742
1762978091,0000008000000080,2326760859882,286,743
1762978105,0000004000000008,2326903148800,2100,744
1762978108,0000000100000080,2326935547381,165,745
1762978112,0000008000000080,2326969803748,3285,746
1762978118,0000004000000001,2327038452427,4367,747
1762978124,0000008000000006,2327097948601,779,748
1762978126,0000000100000006,2327111619013,5150,749
1762978129,0000004000000080,2327141475314,3347,750
1762978129,0000000100000002,2327142381934,3292,751
1762978131,0000000100000001,2327161340893,2151,752
1762978166,0000008000000004,2327512159127,1828,753
1762978179,0000004000000008,2327641601651,4444,754
1762978187,0000008000000080,2327725012020,4619,755
1762978200,0000000800000004,2327857385467,1837,756
1762978200,0000000400000004,2327858803748,1752,757
1762978221,000000c000000080,2328068672030,4722,758
1762978240,0000008000000080,2328248953005,4268,759
1762978247,0000004000000080,2328320812967,5130,760
1762978259,0000000100000002,2328441271575,3066,761
1762978264,0000000800000004,2328494165790,5091,762
1762978281,0000000400000008,2328663373484,5297,763
1762978291,0000000800000002,2328761563260,4595,764
1762978295,0000000400000002,2328805889249,1915,765
1762978296,0000008100000002,2328815997881,1307,766
1762978315,0000000400000080,2329000494487,605,767
1762978320,0000000800000008,2329050948712,2747,768
1762978351,0000000400000080,2329366567741,4562,769
1762978353,0000000400000080,2329383130958,3554,770
1762978355,0000000c00000001,2329407624716,2075,771
1762978368,0000008000000008,2329534041083,4871,772
1762978407,0000000100000001,2329921502988,2323,773
1762978410,0000008000000080,2329954281999,367,774
1762978411,0000000400000002,2329961674365,5111,775
1762978413,0000008000000001,2329979049180,4074,776
1762978446,0000000300000001,2330313092985,4756,777
1762978449,0000000100000004,2330346641921,2717,778
1762978460,0000008000000002,2330451417268,1618,779
1762978462,0000004000000008,2330476367325,5315,780
1762978464,0000000400000004,2330495888946,4150,781
1762978469,0000008000000080,2330548449366,976,782
1762978471,0000004000000008,2330568329395,4979,783
1762978499,0000008000000001,2330845338957,3901,784
1762978516,0000008000000002,2331017812691,3915,785
1762978529,0000000800000004,2331142349836,1607,786
1762978539,0000008000000080,2331244059082,690,787
1762978540,0000000800000080,2331252745225,170,788
1762978554,0000000400000008,2331390718752,2243,789
1762978564,0000008000000004,2331493277055,1273,790
1762978565,0000004000000080,2331508614514,360,791
1762978576,0000000100000003,2331608853753,4721,792
1762978580,0000008000000080,2331652281567,2094,793
1762978583,0000000100000003,2331681205051,367,794
1762978598,0000000800000001,2331835884836,1440,795
1762978622,0000000800000080,2332075827788,2579,796
1762978623,000000c000000080,2332079001760,2390,797
1762978624,0000000800000080,2332092619709,1580,798
1762978635,0000004000000080,2332200761246,278,799
1762978642,0000000100000080,2332278079624,816,800
1762978646,0000000800000080,2332308929611,4163,801
1762978677,0000000100000002,2332626559307,633,802
1762978681,0000000400000080,2332663078336,3626,803
1762978687,0000000c00000080,2332728000498,4919,804
1762978691,0000000400000080,2332759324748,3018,805
1762978697,0000000800000001,2332820103081,4580,806
1762978700,0000004000000008,2332848936422,2820,807
1762978706,0000008000000080,2332909639175,4386,808
1762978706,0000004000000001,2332917577187,3906,809
1762978723,0000000100000001,2333085815382,4177,810
1762978738,0000000100000004,2333237895387,219,811
1762978755,0000000100000001,2333408054605,372,812
1762978758,0000000100000080,2333430616352,4212,813
1762978761,0000000200000080,2333461798461,2317,814
1762978761,0000001000000004,2333463083505,2239,815
1762978761,0000004000000004,2333468014002,1947,816
1762978777,0000000400000004,2333621263216,3113,817
1762978779,0000004000000008,2333648603779,1473,818
1762978784,0000000100000004,2333689243025,4236,819
1762978786,0000000100000004,2333714964933,2666,820
1762978788,0000008000000002,2333735007123,1470,821
1762978789,0000000400000008,2333748119996,687,822
1762978790,000000c000000080,2333752960290,398,823
1762978790,0000000800000008,2333757755888,5297,824
1762978816,0000008000000080,2334013094917,333,825
1762978816,0000000800000001,2334015599696,183,826
1762978818,0000000100000001,2334033220612,4322,827
1762978824,0000000800000001,2334095164488,588,828
1762978830,0000000800000002,2334154497021,2202,829
1762978877,0000008000000002,2334628679762,4857,830
1762978893,0000000400000002,2334781614053,844,831
1762978901,0000000400000004,2334862970115,1142,832
1762978922,000000c000000080,2335068783637,4356,833
1762978923,0000008000000080,2335085051865,3363,834
1762978940,0000008000000080,2335255091614,3526,835
1762978950,0000000200000002,2335353463381,2790,836
1762978960,0000000100000003,2335451418767,2098,837
1762978967,0000000100000001,2335520700398,3122,838
1762978968,0000000100000002,2335533523109,2350,839
1762978970,0000000800000080,2335553632922,1148,840
1762978973,0000008000000080,2335587540838,4316,841
1762978979,0000000100000001,2335646903806,736,842
1762978998,0000000100000080,2335830071551,5296,843
1762979001,0000000800000008,2335864594250,3213,844
1762979030,0000000100000001,2336152634511,1473,845
1762979041,0000000100000001,2336264944410,5111,846
1762979048,0000000100000008,2336335017530,892,847
1762979054,0000000400000002,2336398098709,2284,848
1762979056,0000000100000008,2336409321532,1614,849
1762979071,0000000400000008,2336562370837,2788,850
1762979076,0000000800000002,2336617443412,4688,851
1762979077,0000008000000004,2336622868515,4366,852
1762979081,0000008000000004,2336662115215,1987,853
1762979106,0000000800000002,2336915201447,2341,854
1762979111,0000000400000002,2336965721827,4518,855
1762979124,0000008000000002,2337095592262,1884,856
1762979138,0000000100000001,2337234420543,3931,857
1762979150,0000008000000002,2337356909278,1747,858
1762979158,0000004000000004,2337432185054,2405,859
1762979158,000000c000000080,2337435721915,2195,860
1762979171,0000008000000008,2337560158861,5109,861
1762979175,0000008000000080,2337599323169,2737,862
1762979188,0000000400000004,2337736185431,4911,863
1762979193,0000000800000008,2337781271132,2185,864
1762979257,0000000400000004,2338425264293,5010,865
1762979272,0000000c00000080,2338569444627,1525,866
1762979283,0000004000000009,2338688358087,4772,867
1762979285,0000000800000008,2338699256454,4117,868
1762979296,0000008000000080,2338811621583,2529,869
1762979310,0000000800000002,2338955382730,4293,870
1762979339,0000004000000004,2339239971728,2732,871
1762979349,0000000400000008,2339342496965,1769,872
1762979373,0000000800000001,2339582976696,2876,873
1762979393,0000000100000080,2339778706342,1499,874
1762979462,0000004000000080,2340476852388,1057,875
1762979468,0000000100000001,2340535465511,2715,876
1762979470,0000004000000001,2340550604520,1813,877
1762979472,0000000400000001,2340573003309,476,878
1762979478,0000000200000001,2340630484738,2197,879
1762979510,0000000800000008,2340952956014,3584,880
1762979511,0000000100000001,2340965651539,2807,881
1762979557,0000008000000001,2341421436224,1368,882
1762979562,0000000100000008,2341475455347,3312,883
1762979564,0000000400000002,2341492821637,2263,884
1762979567,0000000800000002,2341524510358,372,885
1762979578,0000000200000001,2341631056713,4357,886
1762979603,0000008000000080,2341885301000,4645,887
1762979611,0000008000000080,2341967999345,4859,888
1762979623,0000000100000080,2342079793036,3317,889
1762979641,0000000100000004,2342262606301,2701,890
1762979650,0000000400000004,2342353736033,2414,891
1762979654,0000000800000008,2342396729729,5036,892
1762979656,0000000800000008,2342409950636,4249,893
1762979676,0000004000000080,2342614264616,2325,894
1762979677,0000008000000080,2342627108738,1560,895
1762979681,0000000400000002,2342666829389,4379,896
1762979694,0000000400000001,2342788956021,2206,897
1762979705,0000000100000008,2342905729997,391,898
1762979713,0000000100000080,2342979922321,1114,899
1762979718,0000000200000004,2343031140014,3222,900
1762979722,0000008000000001,2343074110990,648,901
1762979728,0000008000000088,2343134896137,2173,902
1762979730,0000008000000001,2343151939685,1153,903
1762979739,0000008000000008,2343244482961,785,904
1762979740,0000000100000001,2343257419490,5198,905
1762979746,0000004000000001,2343314856898,1740,906
1762979749,0000000200000002,2343347533629,4977,907
1762979755,0000000400000004,2343403055142,1629,908
1762979772,0000004000000002,2343572915439,1799,909
1762979785,0000008000000080,2343700145018,4549,910
1762979797,0000008000000080,2343826183119,2143,911
1762979819,0000004000000002,2344043535851,4668,912
1762979824,0000004000000002,2344096038000,1496,913
1762979826,0000008000000080,2344117357885,224,914
1762979829,0000000c00000080,2344139889487,4065,915
1762979849,0000000100000003,2344344729148,2114,916
1762979879,0000000800000001,2344643123908,4953,917
1762979895,0000000400000080,2344803345929,511,918
1762979897,0000000800000001,2344818883595,4771,919
1762979914,0000000800000080,2344992183033,4736,920
1762979933,0000000100000004,2345179959117,3825,921
1762979940,0000004000000001,2345258236400,4316,922
1762979947,000000c000000080,2345326561946,201,923
1762979951,0000000200000002,2345361871218,3259,924
1762979953,000000010000000a,2345384680539,1889,925
1762979964,0000004100000080,2345491710802,653,926
1762979975,0000000400000002,2345600945492,4478,927
1762979997,0000008000000004,2345820982163,1614,928
1762979998,0000008000000002,2345837758360,612,929
1762979999,0000008000000080,2345839824532,490,930
1762980039,0000000400000001,2346239225813,2418,931
1762980040,0000000400000001,2346257340833,1335,932
1762980043,0000000100000001,2346283822584,4944,933
1762980047,0000000400000001,2346323881083,2518,934
1762980047,0000008000000080,2346327868139,2281,935
1762980051,0000000200000001,2346361584333,269,936
1762980057,0000000800000001,2346426679474,1538,937
1762980075,0000004000000008,2346605045909,1197,938
1762980081,0000000100000001,2346668387594,2570,939
1762980083,0000008000000004,2346685606741,1544,940
1762980084,0000000800000004,2346688875296,1347,941
1762980089,0000000100000080,2346738920013,3534,942
1762980097,0000000400000004,2346818490565,3949,943
1762980123,0000000100000001,2347083976800,3554,944
1762980129,0000000800000001,2347142527109,5228,945
1762980130,0000000800000001,2347148564301,4871,946
1762980147,0000000400000004,2347325608663,4612,947
1762980154,0000000400000008,2347394803537,444,948
1762980154,0000004000000080,2347396311870,354,949
1762980160,0000000100000008,2347455094935,2000,950
1762980164,0000004000000008,2347492068542,4981,951
1762980173,0000004000000008,2347582859095,4717,952
1762980185,0000000400000002,2347701432233,2757,953
1762980187,0000000400000001,2347727935462,1173,954
1762980200,0000004000000008,2347855380767,3904,955
1762980213,0000000400000080,2347978617147,1675,956
1762980215,0000004000000001,2347999112049,452,957
1762980228,0000000200000001,2348136511690,2556,958
1762980232,0000000100000001,2348172371829,417,959
1762980245,0000000400000002,2348305487566,2780,960
1762980259,0000000100000001,2348445933443,4740,961
1762980260,0000000800000002,2348450629490,4460,962
1762980262,0000000100000001,2348469810797,3289,963
1762980268,0000008000000080,2348531246171,4801,964
1762980273,0000008000000080,2348581895242,1744,965
1762980276,0000000100000001,2348610575740,5217,966
1762980284,0000000800000001,2348697783499,5166,967
1762980298,0000000400000008,2348830066365,2390,968
1762980299,0000000400000004,2348842496053,1651,969
1762980302,0000000800000080,2348870918472,5140,970
1762980321,0000004000000001,2349058452894,4257,971
1762980344,0000008000000080,2349293077273,524,972
1762980377,0000008000000080,2349619446198,1660,973
1762980393,0000000100000001,2349779613779,2406,974
1762980397,0000004000000008,2349825501371,4858,975
1762980402,0000000800000002,2349873339064,1967,976
1762980409,0000008000000080,2349941639808,3047,977
1762980411,0000008000000002,2349960821485,1899,978
1762980428,0000004000000004,2350132109515,1983,979
1762980458,0000000100000004,2350430848229,4802,980
1762980462,0000008000000002,2350478383416,1930,981
1762980479,0000004000000008,2350647265828,2156,982
1762980482,0000008000000080,2350675296705,483,983
1762980509,0000000200000002,2350942837636,5162,984
1762980518,0000000400000001,2351033652571,4897,985
1762980549,0000000100000001,2351343499226,1832,986
1762980556,0000000100000002,2351416114245,2647,987
1762980561,0000000100000001,2351465166419,4910,988
1762980562,0000004000000004,2351476104964,4258,989
1762980565,0000000400000002,2351507957771,2320,990
1762980566,0000000100000004,2351509285399,2241,991
1762980568,0000004000000080,2351532056218,882,992
1762980569,0000008000000008,2351541904599,295,993
1762980591,0000004000000080,2351767811374,2272,994
1762980594,0000000100000001,2351788584914,1030,995
1762980604,0000000100000004,2351892093295,5194,996
1762980628,0000004000000004,2352129606144,1290,997
1762980635,0000000800000004,2352207677266,1789,998
1762980642,0000008000000080,2352272372253,3085,999
1762980655,0000000100000004,2352406868728,205,1000
1762980660,0000000800000001,2352455871691,2432,1001
1762980671,0000004000000001,2352562245733,1237,1002
1762980675,0000000400000004,2352603175455,3979,1003
1762980683,0000000400000001,2352681671807,4455,1004
1762980686,0000000100000003,2352718120088,2243,1005
1762980695,0000000400000001,2352803058692,2326,1006
1762980695,0000000100000002,2352805021002,2209,1007
1762980697,0000000100000008,2352821196240,1240,1008
1762980716,0000008000000080,2353017530712,5021,1009
1762980728,0000000400000008,2353130113334,3435,1010
1762980733,0000000100000008,2353178598598,528,1011
1762980768,0000000100000001,2353529082714,221,1012
1762980786,0000004000000001,2353710031439,4917,1013
1762980788,0000008000000001,2353728728177,3792,1014
1762980797,0000000100000080,2353822595999,3329,1015
1762980807,0000008000000080,2353925839642,2309,1016
1762980812,0000000400000001,2353971637719,4765,1017
1762980816,0000000800000001,2354012099004,2313,1018
1762980837,0000000400000004,2354220484542,182,1019
1762980838,0000004000000080,2354230677691,4765,1020
1762980842,0000004000000008,2354277932832,1910,1021
1762980844,0000008000000008,2354292739147,1023,1022
1762980850,0000000400000008,2354356272981,2385,1023
1762980854,0000000100000080,2354396308026,5182,1024
1762980871,0000000100000003,2354563449561,327,1025
1762980915,0000000100000001,2355006690220,4830,1026
1762980923,0000000800000001,2355083649789,201,1027
1762980941,0000000800000008,2355267980837,4696,1028
1762980953,0000004000000080,2355386455337,2742,1029
1762980960,0000004000000002,2355453157423,3937,1030
1762980963,0000000400000001,2355481344677,2232,1031
1762980964,0000000100000001,2355488494485,1806,1032
1762980970,0000000100000002,2355553571311,3080,1033
1762980976,0000004000000002,2355613899332,4666,1034
1762980988,0000000800000001,2355736000763,2495,1035
1762980999,0000000300000001,2355839718985,1456,1036
1762981017,0000000100000008,2356026136421,638,1037
1762981030,0000000400000001,2356153878003,3332,1038
1762981040,0000008000000080,2356248747239,2812,1039
1762981045,0000000100000004,2356307640399,4487,1040
1762981049,0000004000000080,2356344596937,2244,1041
1762981059,0000000400000002,2356441057006,1642,1042
1762981067,0000000200000001,2356520940691,2027,1043
1762981072,0000008000000004,2356569779402,4301,1044
1762981080,0000000100000008,2356655273372,4352,1045
1762981099,0000000100000001,2356848095090,3121,1046
1762981104,0000000400000080,2356896311207,236,1047
1762981111,0000000800000008,2356959899732,1595,1048
1762981113,0000000800000004,2356985985262,5224,1049
1762981118,0000000400000004,2357036913688,2152,1050
1762981134,0000008000000080,2357189054444,3392,1051
1762981144,0000008000000008,2357290240473,2491,1052
1762981164,0000000100000008,2357495951146,522,1053
1762981168,0000000800000080,2357533887558,3426,1054
1762981173,0000000100000001,2357588103077,176,1055
1762981177,0000000800000002,2357624083503,3191,1056
1762981222,0000000400000008,2358068865300,2401,1057
1762981230,0000000100000004,2358151277367,2636,1058
1762981233,0000000800000004,2358182219790,790,1059
1762981244,0000004000000002,2358292454713,4555,1060
1762981258,0000000100000002,2358436880188,1049,1061
1762981263,0000004000000080,2358487434240,3195,1062
1762981266,0000000400000008,2358509318622,1884,1063
1762981266,0000008000000004,2358516521895,1451,1064
1762981289,0000000100000002,2358740744433,3547,1065
1762981304,0000000800000004,2358894564863,4693,1066
1762981310,0000000100000001,2358954623291,1069,1067
1762981311,0000000200000002,2358966407357,368,1068
1762981313,0000004000000001,2358986453649,4362,1069
1762981326,0000000100000001,2359110525347,2075,1070
1762981348,0000000800000002,2359330911673,4417,1071
1762981353,0000000800000002,2359383567535,1235,1072
1762981353,0000000100000001,2359385594342,1114,1073
1762981356,0000004000000001,2359408753840,4922,1074
1762981365,0000008000000008,2359505535072,4301,1075
1762981374,0000000100000080,2359593888068,4179,1076
1762981377,0000008000000008,2359621156941,2515,1077
1762981411,0000000800000008,2359958815356,2982,1078
1762981411,0000004000000080,2359967741669,2444,1079
1762981418,0000004000000008,2360037882853,3427,1080
1762981452,0000000200000004,2360371012232,4178,1081
1762981455,0000004000000002,2360405374507,2094,1082
1762981478,0000004000000008,2360630596145,4145,1083
1762981481,0000004000000002,2360664179636,2107,1084
1762981488,0000004000000080,2360734042356,3098,1085
1762981494,0000000100000008,2360795911409,4589,1086
1762981498,0000004000000002,2360832364744,2374,1087
1762981509,0000000100000004,2360944495712,835,1088
1762981513,0000008000000001,2360978900990,3966,1089
1762981514,0000000400000008,2360990019683,6570,1090
1762981517,0000004000000001,2361022773559,1316,1091
1762981535,0000004000000002,2361201823638,936,1092
1762981536,0000000800000008,2361208782979,524,1093
1762981549,0000000400000004,2361340262592,2988,1094
1762981551,0000008000000008,2361366021483,1445,1095
1762981561,0000000100000080,2361462308368,852,1096
1762981572,0000000400000008,2361574391477,4507,1097
1762981574,0000000800000080,2361594128330,3303,1098
1762981575,0000008000000004,2361605814329,2593,1099
1762981576,0000008000000001,2361615452590,2020,1100
1762981585,0000000400000004,2361707417180,1685,1101
1762981589,0000000100000008,2361738134653,5038,1102
1762981594,0000008000000008,2361795252366,1595,1103
1762981623,0000004000000008,2362082667511,5089,1104
1762981632,0000000400000008,2362174979715,4736,1105
1762981633,0000008000000004,2362178799265,4509,1106
1762981633,0000000400000004,2362185383941,4111,1107
1762981646,0000000800000008,2362310117030,1789,1108
1762981657,0000000100000001,2362425895035,5216,1109
1762981661,0000000100000002,2362462737644,2989,1110
1762981661,0000000400000008,2362466313558,2771,1111
1762981684,0000004000000001,2362692570210,4765,1112
1762981701,0000008000000080,2362863823845,4849,1113
1762981704,0000000800000001,2362891512198,3169,1114
1762981705,0000004000000008,2362901096236,2587,1115
1762981708,0000008000000080,2362935288105,549,1116
1762981711,0000008000000002,2362959342615,4302,1117
1762981737,0000000100000001,2363227168120,3766,1118
1762981738,0000000100000002,2363238082301,3097,1119
1762981748,0000000400000002,2363335593921,2423,1120
1762981751,0000008000000080,2363363135057,779,1121
1762981768,0000000100000001,2363532915026,952,1122
1762981770,0000008000000080,2363558034742,4645,1123
1762981775,0000000100000002,2363605294136,1790,1124
1762981780,0000008000000002,2363653604890,4089,1125
1762981782,0000000800000080,2363672379995,2940,1126
1762981789,0000000c00000004,2363741383085,4002,1127
1762981803,0000008000000080,2363882303087,715,1128
1762981830,0000000500000001,2364149571727,224,1129
1762981839,0000000100000002,2364243580920,4956,1130
1762981860,0000004000000080,2364458035157,2426,1131
1762981869,0000000800000002,2364546839565,2280,1132
1762981876,0000004000000008,2364608503386,3778,1133
1762981878,0000000100000001,2364629975628,2471,1134
1762981878,0000000400000002,2364635055934,2168,1135
1762981879,0000004000000004,2364639910743,1881,1136
1762981882,0000000800000004,2364675386676,4949,1137
1762981888,0000008000000080,2364730311769,1638,1138
1762981895,0000000100000004,2364802042051,2508,1139
1762981908,0000004000000001,2364934157126,4966,1140
1762981915,0000000100000008,2364999140652,1049,1141
1762981919,0000004000000002,2365040901207,3737,1142
1762981921,0000004000000008,2365062736784,2407,1143
1762981922,0000000800000001,2365068556189,2063,1144
1762981931,0000004000000080,2365164351896,1499,1145
1762981935,0000000400000001,2365198153904,4672,1146
1762981950,0000000400000008,2365350549303,692,1147
1762981973,0000000400000003,2365581557141,2365,1148
1762981978,0000008000000080,2365636361743,4284,1149
1762981988,0000008000000080,2365728499660,3931,1150
1762981988,0000008000000004,2365729352640,3879,1151
1762981992,0000000100000002,2365774311406,1166,1152
1762982007,0000004000000002,2365926904745,2367,1153
1762982023,0000000800000080,2366078427657,3652,1154
1762982042,000000c000000080,2366277451147,2061,1155
1762982044,0000004000000001,2366297395598,868,1156
1762982056,0000008000000001,2366408052640,4608,1157
1762982068,0000000200000008,2366530835250,2395,1158
1762982079,0000000800000080,2366641486435,944,1159
1762982087,0000004000000002,2366722276698,1276,1160
1762982093,0000000100000001,2366785010457,2686,1161
1762982103,0000000500000001,2366882509119,2023,1162
1762982125,0000008000000080,2367102637177,4380,1163
1762982131,0000008000000080,2367163818276,692,1164
1762982153,0000000200000080,2367379847999,3270,1165
1762982158,0000004000000004,2367432586565,5297,1166
1762982189,0000004000000080,2367739522181,2405,1167
1762982192,0000000800000001,2367776056300,225,1168
1762982196,0000000400000080,2367816478079,2970,1169
1762982199,0000000800000002,2367841926735,1447,1170
1762982207,0000000400000004,2367918802991,2014,1171
1762982207,0000008000000001,2367921116031,1876,1172
1762982207,0000004000000004,2367926333136,1563,1173
1762982209,0000000100000004,2367938420318,840,1174
1762982227,0000000800000002,2368125467590,5172,1175
1762982240,0000008000000004,2368252452440,2712,1176
1762982241,0000008000000080,2368264699344,1984,1177
1762982242,0000000100000002,2368277053912,1242,1178
1762982245,0000008000000080,2368304271172,4811,1179
1762982248,0000004000000080,2368330401568,3224,1180
1762982260,0000000400000003,2368456225634,857,1181
1762982263,0000008000000080,2368484448640,4364,1182
1762982279,0000000100000004,2368643296394,5186,1183
1762982300,0000000100000001,2368850767627,3083,1184
1762982301,0000008000000080,2368867704817,2067,1185
1762982344,0000000400000008,2369297280185,2195,1186
1762982346,0000000100000002,2369312974875,1255,1187
1762982352,0000000400000001,2369373528136,2798,1188
1762982357,0000000100000001,2369419940731,5214,1189
1762982365,0000000100000003,2369504591653,5314,1190
1762982368,0000000100000080,2369535395598,3459,1191
1762982369,0000000100000080,2369541533690,3083,1192
1762982374,0000000100000001,2369590730044,5326,1193
1762982382,0000000100000001,2369672756308,400,1194
1762982407,0000000800000004,2369921322268,1021,1195
1762982411,0000000800000080,2369962651879,3733,1196
1762982416,0000000400000080,2370017351474,446,1197
1762982429,0000000800000004,2370147222794,3006,1198
1762982441,0000008000000008,2370263801668,1195,1199
1762982461,0000004000000080,2370459487564,5012,1200
1762982480,0000008000000008,2370656576577,3540,1201
1762982481,0000000100000080,2370657977721,3454,1202
1762982483,0000008000000001,2370679028369,2181,1203
1762982489,0000000800000001,2370742128025,3589,1204
1762982496,0000000800000001,2370812754709,4545,1205
1762982513,0000008000000080,2370982006697,4749,1206
1762982518,0000008000000080,2371035260953,1535,1207
1762982552,0000008000000008,2371371261976,2094,1208
1762982558,0000008000000004,2371428650295,3849,1209
1762982560,0000008000000080,2371453838409,2319,1210
1762982575,0000004000000001,2371602242666,3795,1211
1762982581,0000008000000080,2371662762787,162,1212
1762982587,0000008000000004,2371727244810,1462,1213
1762982608,0000000100000001,2371929837799,4865,1214
1762982625,0000008000000002,2372102711990,4856,1215
1762982626,0000008000000004,2372112368958,4280,1216
1762982628,0000000400000008,2372137075747,2770,1217
1762982642,0000004000000001,2372277353515,4741,1218
1762982646,0000000100000004,2372316179849,2384,1219
1762982648,0000000100000080,2372337772019,1095,1220
1762982649,0000008000000001,2372342432354,819,1221
1762982655,0000000200000001,2372401778653,2428,1222
1762982655,0000000100000001,2372404155631,2287,1223
1762982658,0000008000000080,2372434408064,484,1224
1762982666,0000000100000001,2372510943767,1066,1225
1762982678,0000000100000002,2372630118422,4298,1226
1762982678,0000008000000080,2372630751724,4261,1227
1762982701,0000000100000002,2372864563385,577,1228
1762982702,0000000200000004,2372873792766,5211,1229
1762982704,0000008000000080,2372887909611,4375,1230
1762982717,0000000400000001,2373018619980,1690,1231
1762982718,0000000400000002,2373037747777,549,1232
1762982719,0000000800000001,2373039106087,467,1233
1762982725,0000000800000001,2373100065180,1984,1234
1762982731,0000000100000003,2373160899469,3522,1235
1762982739,0000004000000001,2373243679503,3741,1236
1762982754,0000000100000008,2373397637864,4870,1237
1762982759,0000004000000004,2373440719127,2265,1238
1762982759,0000000800000001,2373447448239,1865,1239
1762982767,0000000800000002,2373526499924,2298,1240
1762982780,0000008000000080,2373656069314,4907,1241
1762982781,0000008000000001,2373658390644,4769,1242
1762982788,0000000400000002,2373737171621,5216,1243
1762982813,0000000800000080,2373981014057,937,1244
1762982818,0000000100000002,2374032080045,3047,1245
1762982824,0000008000000080,2374088662476,4856,1246
1762982839,0000008000000081,2374244783277,655,1247
1762982840,0000000100000080,2374250436175,319,1248
1762982842,0000000800000004,2374270754846,4294,1249
1762982848,0000000400000001,2374328924797,786,1250
1762982851,0000008000000080,2374361548187,4025,1251
1762982864,0000004000000008,2374496896962,1066,1252
1762982868,0000008000000008,2374529750351,4297,1253
1762982899,0000000400000080,2374839369067,1240,1254
1762982914,0000008000000080,2374990705461,2515,1255
1762982921,0000000100000080,2375060171293,3543,1256
1762982945,0000008000000008,2375305756777,4363,1257
1762982961,0000000800000080,2375460587759,239,1258
1762982962,0000000400000008,2375473750900,4645,1259
1762982963,0000000400000001,2375478110322,4385,1260
1762982971,0000008000000002,2375561875864,4539,1261
1762982971,0000000800000002,2375563423775,4446,1262
1762982982,0000008000000080,2375673345145,3007,1263
1762982983,0000000800000008,2375686336386,2227,1264
1762982985,0000000100000001,2375703863222,1177,1265
1762983012,0000008000000080,2375971621476,662,1266
1762983023,0000000100000002,2376086164575,4164,1267
1762983059,0000000800000004,2376438597589,3732,1268
1762983059,0000008000000080,2376445978587,3279,1269
1762983074,0000000100000004,2376589281440,5056,1270
1762983083,0000004000000004,2376680704446,4757,1271
1762983084,0000000200000080,2376695493678,3864,1272
1762983103,0000000400000002,2376886832241,2725,1273
1762983105,0000008000000004,2376904061842,1698,1274
1762983130,0000000100000001,2377150635002,2438,1275
1762983136,0000008000000001,2377217721118,3609,1276
1762983140,0000000100000002,2377248966098,1726,1277
1762983143,0000004000000080,2377286365776,4683,1278
1762983159,0000000400000001,2377444179303,381,1279
1762983164,0000000100000004,2377490482264,2771,1280
1762983165,0000000400000001,2377506591017,1810,1281
1762983173,0000008000000004,2377583218143,2387,1282
1762983176,0000008000000004,2377609603262,814,1283
1762983182,0000004000000004,2377672374571,4441,1284
1762983190,0000000400000001,2377756601167,2346,1285
1762983197,0000000800000080,2377822870908,3565,1286
1762983199,0000000100000001,2377842040673,2400,1287
1762983204,0000000400000002,2377889177186,4779,1288
1762983209,0000000800000001,2377938996458,1770,1289
1762983228,0000004000000080,2378137223403,244,1290
1762983239,0000000800000001,2378246522485,4060,1291
1762983252,0000000100000001,2378369231761,1860,1292
1762983260,0000000400000001,2378453781228,1967,1293
1762983262,0000000800000004,2378472260985,861,1294
1762983264,0000004000000004,2378492351679,4852,1295
1762983269,0000000500000001,2378543209132,1783,1296
1762983286,0000000400000004,2378709839118,2143,1297
1762983315,0000008000000004,2379006039016,5111,1298
1762983322,0000008000000080,2379077269908,825,1299
1762983324,0000008000000080,2379095165969,4947,1300
1762983328,0000000400000008,2379136231747,2460,1301
1762983332,0000000100000001,2379170067801,441,1302
1762983337,0000000100000004,2379226197230,2245,1303
1762983350,0000008000000008,2379356560977,4807,1304
1762983363,0000000400000001,2379487492308,2110,1305
1762983364,0000008000000080,2379492961617,1785,1306
1762983381,0000000100000004,2379660199344,2110,1307
1762983441,0000008000000080,2380258475227,2475,1308
1762983451,0000008000000004,2380358587320,1656,1309
1762983455,0000004000000001,2380401651107,4274,1310
1762983460,0000004000000080,2380449387219,1387,1311
1762983485,0000000800000004,2380703978662,1655,1312
1762983515,0000004000000002,2380999158548,4687,1313
1762983539,0000000800000080,2381240329599,563,1314
1762983575,0000004000000001,2381607648552,4445,1315
1762983583,0000008000000004,2381686897241,4865,1316
1762983594,0000008000000081,2381796435347,3461,1317
1762983599,0000000400000008,2381846736268,445,1318
1762983601,0000000400000008,2381867010301,4425,1319
1762983614,0000000400000002,2381994710324,1921,1320
1762983618,0000000100000002,2382027914963,5125,1321
1762983661,0000000800000008,2382460812722,5056,1322
1762983671,0000000800000002,2382564384331,4025,1323
1762983676,0000004000000004,2382611952541,1152,1324
1762983728,0000000400000080,2383134320534,896,1325
1762983735,0000000100000008,2383205676235,1795,1326
1762983745,0000008000000001,2383303607038,1098,1327
1762983749,0000000800000002,2383340948156,4058,1328
1762983754,000000c000000001,2383391387249,1014,1329
1762983778,0000000100000001,2383631896677,2122,1330
1762983786,0000000100000004,2383711128718,2545,1331
1762983787,0000008000000080,2383723293065,1822,1332
1762983790,0000008000000080,2383753056083,5230,1333
1762983794,0000000100000001,2383792330879,2854,1334
1762983795,0000000400000008,2383798724154,2470,1335
1762983807,0000000c00000003,2383921923655,273,1336
1762983810,0000000100000002,2383953359052,3568,1337
1762983810,0000000100000080,2383955831567,3416,1338
1762983811,0000000400000004,2383964849316,2865,1339
1762983815,0000008000000004,2383998189709,872,1340
1762983829,0000000100000002,2384137651737,2857,1341
1762983849,0000000900000008,2384340244090,1069,1342
1762983854,0000008000000080,2384394562062,2988,1343
1762983868,0000004000000080,2384537005229,4825,1344
1762983878,0000004000000001,2384632606525,4272,1345
1762983885,0000008000000080,2384706405317,5019,1346
1762983889,0000008000000080,2384745368703,2659,1347
1762983930,0000000800000001,2385151519592,4222,1348
1762983937,0000004000000001,2385224163064,5038,1349
1762983940,0000004000000001,2385255829451,3121,1350
1762983946,0000000100000002,2385313004081,4891,1351
1762983950,0000004000000004,2385353393544,2443,1352
1762983953,0000000400000080,2385387292021,422,1353
1762983954,0000008000000080,2385392305016,5307,1354
1762983958,0000008000000080,2385428058828,3150,1355
1762983974,0000000100000004,2385588354320,3911,1356
1762983983,0000000100000008,2385687386897,3133,1357
1762983987,0000000800000080,2385723139743,988,1358
1762984010,0000004000000004,2385947768806,3048,1359
1762984015,0000008000000008,2386006135385,4750,1360
1762984024,0000000400000010,2386096920401,4481,1361
1762984032,0000000400000008,2386170883221,5220,1362
1762984071,0000000400000004,2386560394864,2554,1363
1762984076,0000004000000004,2386610399950,4762,1364
1762984081,0000004000000002,2386657563390,1910,1365
1762984095,0000008000000008,2386804616679,3454,1366
1762984106,0000008000000002,2386916119953,1939,1367
1762984119,0000004000000002,2387039566585,4910,1368
1762984123,0000000800000001,2387083003800,2283,1369
1762984127,0000000400000004,2387119819993,5271,1370
1762984131,0000004000000002,2387165656493,2503,1371
1762984138,0000008000000080,2387234570548,3563,1372
1762984148,0000000100000001,2387336398293,2618,1373
1762984154,0000000400000002,2387390704917,4570,1374
1762984161,0000004000000008,2387464225838,5328,1375
1762984168,0000000100000008,2387537427528,927,1376
1762984171,0000000800000006,2387567502767,4322,1377
1762984178,0000000100000008,2387629359307,597,1378
1762984182,0000004000000080,2387672978301,3154,1379
1762984189,0000000100000001,2387743034252,4150,1380
1762984192,0000008000000004,2387773154982,2320,1381
1762984200,0000000400000008,2387855790924,2541,1382
1762984210,0000000400000004,2387953894250,1843,1383
1762984219,0000008000000004,2388039624989,1880,1384
1762984244,0000000400000002,2388288349620,2491,1385
1762984256,0000000100000008,2388414017972,5330,1386
1762984258,0000004000000001,2388433247283,4185,1387
1762984261,0000000800000008,2388463242064,2360,1388
1762984268,0000000100000080,2388532221598,3412,1389
1762984273,0000000100000001,2388583375802,345,1390
1762984284,0000000400000002,2388693029911,4140,1391
1762984306,0000000800000002,2388908757821,1539,1392
1762984309,0000000400000004,2388939036983,4920,1393
1762984310,0000008000000080,2388955040152,3960,1394
1762984320,0000008000000001,2389054721405,3141,1395
1762984354,0000000100000080,2389390340788,3740,1396
1762984361,0000004000000002,2389467311342,4311,1397
1762984370,0000000100000001,2389550783587,4484,1398
1762984372,0000000100000080,2389572978390,3129,1399
1762984382,0000000100000001,2389677140956,2061,1400
1762984385,0000000400000001,2389705046614,395,1401
1762984388,0000008000000002,2389736251860,3708,1402
1762984396,0000008000000080,2389812683807,4313,1403
1762984406,0000000100000003,2389915883172,3283,1404
1762984412,0000000200000002,2389971037227,5166,1405
1762984413,0000000100000001,2389980666734,4595,1406
1762984429,0000004000000002,2390139865433,208,1407
1762984429,0000000100000004,2390146297272,5013,1408
1762984430,0000000400000002,2390148442421,4886,1409
1762984437,0000000100000001,2390220553681,548,1410
1762984452,0000008000000004,2390373303340,1738,1411
1762984463,0000000100000003,2390486024459,162,1412
1762984465,0000000200000001,2390503801946,4291,1413
1762984481,0000000100000001,2390659448071,5305,1414
1762984483,0000008000000001,2390678831319,4150,1415
1762984489,0000000800000008,2390741824680,357,1416
1762984493,0000000400000008,2390784729224,2953,1417
1762984498,0000000800000002,2390837143804,5009,1418
1762984508,0000000100000001,2390935256928,4309,1419
1762984519,0000000400000001,2391045155583,2868,1420
1762984524,0000008000000080,2391096849232,4969,1421
1762984528,0000000100000080,2391128190320,3069,1422
1762984529,0000000800000002,2391145422106,2037,1423
1762984542,0000004000000004,2391268187379,5050,1424
1762984555,0000000800000002,2391400930486,2246,1425
1762984588,0000000100000008,2391733912393,2989,1426
1762984599,0000000100000080,2391839297160,1852,1427
1762984612,0000004000000001,2391969044633,4450,1428
1762984627,000000040000000c,2392123703696,336,1429
1762984640,0000000100000001,2392254552930,2835,1430
1762984642,0000000400000080,2392270817520,1865,1431
1762984656,0000000100000001,2392408249922,3997,1432
1762984660,0000000100000080,2392450404842,1449,1433
1762984670,000000c000000080,2392554804038,373,1434
1762984680,0000000100000008,2392648772569,5105,1435
1762984684,0000000800000004,2392696252663,2237,1436
1762984723,0000008000000080,2393085279660,4823,1437
1762984769,0000000800000001,2393541880752,3313,1438
1762984779,0000000100000009,2393637746733,2733,1439
1762984779,0000004000000008,2393645993066,2241,1440
1762984784,0000000100000004,2393687650529,4944,1441
1762984788,0000004000000080,2393735717467,2041,1442
1762984803,0000008000000001,2393878191070,3871,1443
1762984829,0000000800000004,2394145801849,3345,1444
1762984832,000000c000000080,2394169174810,1938,1445
1762984836,0000004000000004,2394209608136,4714,1446
1762984844,0000000100000001,2394288584400,5149,1447
1762984851,0000000800000080,2394366696404,457,1448
1762984858,0000008000000002,2394433363122,1630,1449
1762984858,0000000100000001,2394434215969,1579,1450
1762984860,0000000800000004,2394453555307,425,1451
1762984876,0000008000000080,2394610855162,1341,1452
1762984878,0000000800000008,2394633512175,5177,1453
1762984880,0000000100000002,2394653678308,3970,1454
1762984882,0000008000000080,2394669684361,2988,1455
1762984882,0000004000000008,2394673253350,2771,1456
1762984891,0000000100000080,2394761859577,2635,1457
1762984894,0000000100000008,2394792768567,791,1458
1762984905,0000000100000004,2394902480652,4590,1459
1762984913,0000000400000004,2394984902018,4822,1460
1762984925,0000000400000008,2395102183227,2942,1461
1762984961,0000004000000080,2395464255247,1944,1462
1762984997,0000004000000004,2395819435355,1357,1463
1762985001,0000004000000004,2395860455569,4096,1464
1762985055,0000000400000008,2396404958926,2484,1465
1762985081,0000000100000001,2396664778751,2439,1466
1762985087,0000000800000001,2396723328328,4133,1467
1762985102,0000000400000001,2396876030163,5322,1468
1762985103,0000008000000080,2396878863776,5156,1469
1762985168,0000008000000080,2397532118334,2208,1470
1762985176,0000000400000002,2397617089996,2289,1471
1762985178,0000000100000001,2397633671412,1297,1472
1762985186,0000000100000001,2397714897824,1606,1473
1762985200,0000004000000004,2397856409569,3483,1474
1762985206,0000000800000008,2397907726186,403,1475
1762985211,0000008000000080,2397962494096,2288,1476
1762985212,0000008000000002,2397974384208,1580,1477
1762985215,0000000100000001,2397999163746,5285,1478
1762985240,0000008000000080,2398256485976,201,1479
1762985250,0000004000000080,2398347696203,5099,1480
1762985254,0000000800000002,2398391865126,2427,1481
1762985261,0000000800000008,2398461625298,3434,1482
1762985277,0000008000000008,2398619265424,4354,1483
1762985288,0000000400000008,2398734157339,2611,1484
1762985303,0000004000000008,2398880157953,4241,1485
1762985305,0000000400000004,2398901559005,2932,1486
1762985339,0000000400000008,2399242124361,3226,1487
1762985355,0000000100000001,2399398106303,4250,1488
1762985357,0000008000000080,2399422284647,2771,1489
1762985377,0000004000000001,2399619920311,1280,1490
1762985380,0000008000000080,2399648000729,4796,1491
1762985404,0000008000000080,2399890611296,587,1492
1762985404,0000000400000008,2399896026674,263,1493
1762985406,0000004000000080,2399907492200,4768,1494
1762985441,0000000800000002,2400260126302,4337,1495
1762985463,0000000800000004,2400485261786,1167,1496
1762985478,0000000400000002,2400630571540,2805,1497
1762985480,0000008000000001,2400654063407,1400,1498
1762985487,0000000800000008,2400718820979,2690,1499
1762985489,0000000800000002,2400738436119,1519,1500
1762985515,0000004000000008,2401001800919,1258,1501
1762985518,0000008000000002,2401035104980,4465,1502
1762985518,0000008000000080,2401035566324,4437,1503
1762985530,0000000100000005,2401155813339,2375,1504
1762985539,0000000100000001,2401242687356,2343,1505
1762985544,0000000100000002,2401287196268,4877,1506
1762985552,0000000800000008,2401368455732,5179,1507
1762985556,0000000400000008,2401416257035,2292,1508
1762985579,0000008000000080,2401647002656,4011,1509
1762985591,0000004000000004,2401765469057,2065,1510
1762985606,0000000400000080,2401915494460,3431,1511
1762985607,0000008000000080,2401922329182,3012,1512
1762985636,0000004000000001,2402214126219,1050,1513
1762985665,0000008000000080,2402499408010,4678,1514
1762985691,0000000400000080,2402766411818,4200,1515
1762985692,0000008000000004,2402773455813,3769,1516
1762985694,0000000100000002,2402790308304,2737,1517
1762985703,0000000800000001,2402883893676,2305,1518
1762985704,0000004000000008,2402889134921,1995,1519
1762985723,0000004000000001,2403078425452,1000,1520
1762985726,0000000100000080,2403110443372,4281,1521
1762985732,0000000400000080,2403167829041,819,1522
1762985779,0000000400000001,2403637331621,3744,1523
1762985792,0000008000000080,2403767813770,1082,1524
1762985796,0000008800000008,2403810649613,3706,1525
1762985815,0000008000000080,2403997922776,2813,1526
1762985820,0000000100000002,2404054959549,4600,1527
1762985829,0000000800000001,2404139233121,4721,1528
1762985841,0000000400000004,2404260776916,2583,1529
1762985844,0000000100000082,2404287453825,990,1530
1762985847,0000000400000004,2404318098115,4352,1531
1762985859,0000000100000001,2404443867778,1965,1532
1762985860,0000000400000001,2404447567187,1745,1533
1762985875,0000004000000004,2404598490168,3046,1534
1762985902,0000008000000008,2404868324158,2397,1535
1762985919,0000008000000080,2405039627555,2479,1536
1762985925,0000004000000002,2405103331467,3858,1537
1762985944,0000000800000002,2405296840377,2588,1538
1762985947,0000000400000008,2405318377572,1301,1539
1762985954,0000000100000001,2405391852355,2073,1540
1762985958,0000000800000001,2405429791577,4996,1541
1762985963,0000000200000002,2405483258309,1771,1542
1762985979,0000000800000001,2405646079470,2357,1543
1762985996,0000000400000002,2405813854994,2651,1544
1762985996,0000000800000002,2405816639689,2485,1545
1762986020,0000004000000001,2406050227293,4036,1546
1762986020,0000008000000004,2406050854550,3998,1547
1762986022,0000000800000002,2406069123415,2878,1548
1762986023,0000008000000002,2406078192042,2334,1549
1762986052,0000000100000002,2406373037799,198,1550
1762986063,0000008000000001,2406479265683,4200,1551
1762986069,0000000400000008,2406540661664,501,1552
1762986083,0000000100000002,2406679291836,2533,1553
1762986084,0000000600000008,2406687977196,2016,1554
1762986093,0000000800000002,2406780505947,1647,1555
1762986096,0000000100000001,2406814576130,4803,1556
1762986098,0000000800000080,2406834944310,3570,1557
1762986113,0000000400000002,2406982692805,5073,1558
1762986117,0000008000000080,2407022299805,2675,1559
1762986132,0000004000000008,2407169662307,4222,1560
1762986135,000000c000000080,2407202689784,2217,1561
1762986156,0000000100000003,2407416796111,4933,1562
1762986158,0000008000000001,2407432829679,3970,1563
1762986177,0000008000000008,2407621133113,3013,1564
1762986182,0000008000000002,2407670012654,5277,1565
1762986213,0000004000000001,2407977230250,2369,1566
1762986222,0000008000000001,2408073006262,1808,1567
1762986237,0000000100000002,2408218323641,3456,1568
1762986247,0000000400000001,2408323156050,2336,1569
1762986250,0000000400000002,2408351439129,650,1570
1762986268,0000000100000001,2408529359541,338,1571
1762986271,0000000100000001,2408564652053,3398,1572
1762986283,0000008000000008,2408681028187,1592,1573
1762986290,0000008000000080,2408751201956,2556,1574
1762986295,0000008000000080,2408801928240,4720,1575
1762986296,0000008000000008,2408809735891,4252,1576
1762986296,0000000800000004,2408813356848,4033,1577
1762986301,0000000200000080,2408866544342,825,1578
1762986303,000000c000000080,2408883960272,4975,1579
1762986304,0000004000000080,2408891804848,4510,1580
1762986307,0000000200000008,2408926019077,2429,1581
1762986308,0000008000000004,2408928229090,2298,1582
1762986312,0000004000000001,2408968583233,5077,1583
1762986340,0000004000000002,2409256933189,3305,1584
1762986342,0000000800000002,2409268194434,2619,1585
1762986343,0000000400000008,2409279216405,1966,1586
1762986348,0000000500000080,2409334590233,3838,1587
1762986380,0000000100000001,2409656818511,5228,1588
1762986390,0000008000000080,2409755165792,4515,1589
1762986414,0000000100000001,2409992533884,619,1590
1762986416,0000000800000003,2410009092987,4819,1591
1762986438,0000008000000008,2410234150432,1658,1592
1762986449,0000000100000004,2410343233557,300,1593
1762986459,0000008000000080,2410440156289,4858,1594
1762986471,0000000800000004,2410564474884,2555,1595
1762986478,0000000800000008,2410635011609,3517,1596
1762986489,0000004000000008,2410744494691,2119,1597
1762986497,0000000800000080,2410817871785,2895,1598
1762986505,0000000400000008,2410902199948,3017,1599
1762986515,0000004000000008,2411003011129,2150,1600
1762986521,0000008000000001,2411063903013,3692,1601
1762986522,0000000100000002,2411070187189,3306,1602
1762986537,0000004000000001,2411224523478,4428,1603
1762986579,0000008000000008,2411646505084,5006,1604
1762986580,0000000800000002,2411649515165,4828,1605
1762986590,0000000100000003,2411754922980,3677,1606
1762986592,0000000400000001,2411773514123,2542,1607
1762986598,0000004000000004,2411835651769,4020,1608
1762986622,0000000400000080,2412068949464,372,1609
1762986637,0000000100000001,2412222240966,1529,1610
1762986678,0000000100000001,2412629051219,3022,1611
1762986686,0000000400000002,2412710752299,3306,1612
1762986692,0000000100000008,2412771199348,4877,1613
1762986711,0000004000000001,2412959388364,3945,1614
1762986713,0000000800000004,2412980660896,2644,1615
1762986736,0000000800000002,2413210420130,4430,1616
1762986739,0000008000000080,2413243264218,2432,1617
1762986753,0000004000000001,2413379610391,4639,1618
1762986792,0000008000000080,2413773560552,1704,1619
1762986793,0000004000000001,2413780240166,1301,1620
1762986797,0000000400000004,2413817065686,4296,1621
1762986814,0000008000000001,2413993805602,4050,1622
1762986815,0000000800000010,2413999163832,3722,1623
1762986819,0000004800000080,2414046126727,893,1624
1762986845,0000008000000004,2414297222367,1368,1625
1762986848,0000000100000001,2414334050917,4362,1626
1762986857,0000008000000004,2414417366644,4544,1627
1762986868,0000000800000080,2414535754219,2591,1628
1762986879,0000000400000002,2414637713376,1663,1629
1762986888,0000000100000008,2414735744651,962,1630
1762986903,0000004000000008,2414882260880,2524,1631
1762986927,0000008000000001,2415122611439,3662,1632
1762986937,0000008000000080,2415222156031,2854,1633
1762986943,0000008000000080,2415284034364,4351,1634
1762986947,0000004000000088,2415320157499,2158,1635
1762986969,0000000100000001,2415544912630,4239,1636
1762986971,0000004000000080,2415559801607,3328,1637
1762986980,0000000100000002,2415654107352,2841,1638
1762986983,0000008000000080,2415677372740,1452,1639
1762986988,0000000800000008,2415731300187,3401,1640
1762986995,0000000400000008,2415797683160,4616,1641
1762987002,000000010000000e,2415867608495,406,1642
1762987003,0000008000000080,2415884143534,4609,1643
1762987030,0000000400000002,2416156149584,3824,1644
1762987033,0000008000000080,2416178074414,2488,1645
1762987033,0000000400000002,2416178824616,2442,1646
1762987033,0000000100000001,2416183805132,2147,1647
1762987033,0000000100000001,2416186053418,2013,1648
1762987037,0000008000000080,2416225174355,4867,1649
1762987064,0000000400000002,2416493787433,4296,1650
1762987078,0000008000000008,2416634218275,1030,1651
1762987120,0000004000000004,2417047725721,2120,1652
1762987121,0000000800000004,2417057493163,1537,1653
1762987126,0000000800000004,2417111059340,3510,1654
1762987134,0000000800000004,2417190005374,3965,1655
1762987140,0000000100000001,2417256801114,5134,1656
1762987151,0000004000000001,2417357134846,4302,1657
1762987153,0000000100000002,2417386045422,2540,1658
1762987160,0000004000000008,2417454041206,3658,1659
1762987178,0000008000000080,2417633194389,3260,1660
1762987179,0000008000000008,2417636886043,3035,1661
1762987180,0000004000000004,2417648375851,2345,1662
1762987207,0000008000000002,2417920459259,1566,1663
1762987210,0000000100000006,2417951083499,4926,1664
1762987223,0000004000000080,2418080492440,2320,1665
1762987230,0000004000000080,2418147144568,3514,1666
1762987236,0000000800000001,2418216031086,4577,1667
1762987240,0000000100000001,2418250746964,2465,1668
1762987241,0000000100000001,2418265186280,1605,1669
1762987243,0000000400000009,2418277284665,881,1670
1762987243,0000000100000002,2418281286139,644,1671
1762987244,0000008000000080,2418291990075,5192,1672
1762987268,0000000100000002,2418536433879,874,1673
1762987275,0000000400000001,2418606620528,1842,1674
1762987286,0000004000000008,2418713262047,630,1675
1762987291,0000008000000080,2418766517230,2603,1676
1762987296,0000000100000001,2418816718796,4798,1677
1762987302,0000000400000080,2418876658810,1182,1678
1762987303,0000004000000001,2418877215164,1148,1679
1762987323,0000000100000003,2419080531948,4515,1680
1762987327,0000004000000001,2419121027592,2060,1681
1762987329,0000008000000080,2419143292722,730,1682
1762987348,0000000800000004,2419330611027,5044,1683
1762987353,0000008000000008,2419382980160,1888,1684
1762987364,0000008000000001,2419492862353,482,1685
1762987377,0000000400000080,2419621757570,3101,1686
1762987418,0000000100000001,2420033967776,4296,1687
1762987426,0000000800000008,2420107376049,5066,1688
1762987436,000000040000000c,2420215281620,3770,1689
1762987444,0000000800000008,2420294411810,4211,1690
1762987448,0000000800000001,2420334204059,1801,1691
1762987453,0000000100000080,2420379335041,4297,1692
1762987468,0000000100000004,2420526747643,616,1693
1762987486,0000000800000008,2420712764138,5009,1694
1762987490,0000000100000001,2420752349775,2610,1695
1762987498,0000000400000004,2420833440591,2927,1696
1762987508,0000008000000080,2420929269065,2359,1697
1762987511,0000004000000008,2420961618430,431,1698
1762987520,0000000100000008,2421051311033,227,1699
1762987534,0000000400000008,2421187500431,2406,1700
1762987542,0000000100000004,2421267026424,2814,1701
1762987555,0000008000000004,2421405171958,4911,1702
1762987556,0000000800000002,2421406992814,4806,1703
1762987567,0000000800000080,2421526614407,2782,1704
1762987573,0000000100000001,2421582212427,4655,1705
1762987581,0000008000000001,2421664732765,4880,1706
1762987583,0000000400000008,2421681689198,3861,1707
1762987585,0000000800000001,2421705265068,2427,1708
1762987590,0000004000000001,2421748196271,5051,1709
1762987595,0000000100000080,2421804013266,1680,1710
1762987603,0000008000000080,2421877336082,2461,1711
1762987612,0000000100000001,2421976011103,1728,1712
1762987617,0000008000000002,2422025687454,3945,1713
1762987646,0000000400000004,2422312114355,2280,1714
1762987667,0000000400000001,2422521158582,5296,1715
1762987673,0000004000000008,2422581836937,1643,1716
1762987686,0000008000000008,2422712859224,4164,1717
1762987719,0000008000000080,2423041878764,5140,1718
1762987720,0000000100000001,2423046926090,4842,1719
1762987755,0000000800000001,2423398023919,4502,1720
1762987758,0000000800000008,2423433559677,2342,1721
1762987779,0000008000000080,2423638516132,417,1722
1762987786,0000000100000003,2423711013550,1242,1723
1762987790,0000008000000080,2423747307667,4267,1724
1762987790,0000000200000001,2423754150186,3849,1725
1762987799,0000008000000002,2423839547199,3909,1726
1762987822,0000000100000004,2424073096109,246,1727
1762987844,0000000100000080,2424288205830,2870,1728
1762987851,0000008000000008,2424364752943,3471,1729
1762987867,0000000400000002,2424517679677,4671,1730
1762987892,0000000100000008,2424770657843,5029,1731
1762987906,0000000800000004,2424907843001,1962,1732
1762987907,0000000100000020,2424922838739,1063,1733
1762987919,0000000100000001,2425042353357,4276,1734
1762987930,0000000800000080,2425147734108,3109,1735
1762987935,0000000100000002,2425203250323,4979,1736
1762987941,0000004100000088,2425261096973,1491,1737
1762987957,0000000100000001,2425418122498,2424,1738
1762987957,0000000100000001,2425424176807,2066,1739
1762987959,0000000100000080,2425439276681,1161,1740
1762987974,0000004000000002,2425594249197,2221,1741
1762987991,0000000100000001,2425760689605,2593,1742
1762988013,0000000100000008,2425977741093,5135,1743
1762988043,0000000800000001,2426281878702,2408,1744
1762988047,0000000100000001,2426318085561,246,1745
1762988052,0000004000000004,2426368128288,2413,1746
1762988056,0000000400000002,2426408439275,5195,1747
1762988056,0000008000000080,2426409713039,5119,1748
1762988063,0000008000000080,2426477573111,1033,1749
1762988090,0000000100000002,2426748254446,343,1750
1762988095,0000008000000004,2426804595764,2131,1751
1762988100,0000008000000002,2426854150567,4364,1752
1762988110,0000004000000001,2426949103405,3840,1753
1762988120,0000000800000008,2427050523206,2917,1754
1762988125,0000004000000008,2427101785482,5042,1755
1762988142,0000000400000080,2427267243509,286,1756
1762988163,0000000900000005,2427481306882,2974,1757
1762988176,0000000400000004,2427613610426,227,1758
1762988177,0000000100000002,2427621061153,4971,1759
1762988196,0000004000000001,2427812407748,3849,1760
1762988209,0000004000000080,2427942345239,1218,1761
1762988212,0000008000000080,2427969001675,4820,1762
1762988217,0000008000000080,2428020453465,1714,1763
1762988222,0000004000000001,2428072932029,3758,1764
1762988233,000000c000000080,2428182559426,2344,1765
1762988235,0000008000000001,2428202984579,1123,1766
1762988265,0000000100000008,2428503117010,3852,1767
1762988268,0000000400000002,2428530165086,4423,1768
1762988271,0000004000000080,2428558583367,516,1769
1762988273,0000008000000080,2428578002560,4548,1770
1762988281,0000004000000002,2428662009563,1183,1771
1762988288,0000008000000002,2428734074250,349,1772
1762988290,0000000400000001,2428749006041,4648,1773
1762988293,0000002000000010,2428781184457,2689,1774
1762988313,0000001000000004,2428977555546,1275,1775
1762988323,0000008000000001,2429082900868,5329,1776
1762988327,0000000800000080,2429124090717,2838,1777
1762988332,0000000100000004,2429171606289,5190,1778
1762988342,0000000400000001,2429266518335,4681,1779
1762988345,0000000100000004,2429297521651,2793,1780
1762988351,0000000400000004,2429360287103,4237,1781
1762988354,0000000800000001,2429389719139,2443,1782
1762988383,0000000100000001,2429679495591,611,1783
1762988421,0000000400000008,2430063281022,3488,1784
1762988429,0000000800000080,2430145839557,3721,1785
1762988441,0000004000000008,2430259464394,2070,1786
1762988458,000000c20000008f,2430433294024,2003,1787
1762988460,0000000800000009,2430452966597,827,1788
1762988461,0000000800000080,2430456895761,593,1789
1762988463,0000008000000002,2430484896578,4108,1790
1762988468,0000008000000001,2430530578714,1347,1791
1762988473,0000008000000008,2430579787574,3585,1792
1762988480,0000000100000080,2430654847414,4276,1793
1762988501,0000000400000002,2430862862694,2131,1794
1762988507,0000000400000080,2430920720395,3858,1795
1762988531,0000000200000004,2431164564269,4775,1796
1762988544,0000000800000080,2431288751077,2478,1797
1762988600,0000000400000008,2431851488875,5000,1798
1762988614,0000004000000001,2431986987363,2035,1799
1762988644,0000000100000001,2432293510926,4390,1800
1762988646,0000000100000008,2432313451773,3170,1801
1762988651,0000000800000004,2432366292041,5195,1802
1762988658,0000008000000004,2432429762373,1374,1803
1762988667,0000008000000080,2432518922864,1203,1804
1762988673,0000000100000001,2432579653805,2735,1805
1762988675,0000008000000001,2432600904065,1466,1806
1762988691,0000000100000008,2432757141214,2446,1807
1762988696,0000000100000002,2432806562150,4690,1808
1762988698,0000000100000004,2432831896900,3148,1809
1762988721,0000008000000001,2433063393650,4820,1810
1762988733,0000000400000004,2433185433174,2651,1811
1762988743,0000004000000008,2433285480857,1839,1812
1762988748,0000000100000001,2433328337788,4469,1813
1762988755,0000000100000008,2433400838592,5291,1814
1762988755,0000000100000001,2433400940653,5285,1815
1762988760,0000000800000080,2433452970399,2146,1816
1762988767,0000000100000003,2433522458625,3160,1817
1762988803,0000000100000008,2433883522649,2216,1818
1762988825,0000000800000001,2434102467510,4647,1819
1762988831,0000000200000002,2434161157493,1104,1820
1762988837,0000000800000008,2434220794986,2700,1821
1762988850,0000008000000080,2434350600613,5293,1822
1762988883,0000000400000001,2434679710863,1076,1823
1762988901,0000000100000080,2434865221420,312,1824
1762988902,0000000400000080,2434867255050,191,1825
1762988909,0000000800000002,2434937898137,1126,1826
1762988910,0000008800000004,2434954573759,5319,1827
1762988914,0000008000000080,2434991963789,3060,1828
1762988917,0000004000000002,2435020062565,1377,1829
1762988919,0000000800000002,2435041108057,5308,1830
1762988927,0000000100000002,2435122521168,417,1831
1762988929,0000008000000080,2435142441145,4417,1832
1762988930,0000000400000002,2435148653815,4041,1833
1762988932,0000000100000008,2435166972557,2920,1834
1762988933,0000000100000001,2435180388908,2117,1835
1762988958,0000008000000008,2435435571370,2345,1836
1762988960,0000000400000080,2435449672119,1505,1837
1762988964,0000004000000002,2435490436335,4262,1838
1762988967,0000000800000002,2435524466552,2194,1839
1762988975,0000000800000002,2435598564828,2927,1840
1762988980,0000000800000080,2435651553849,4951,1841
1762988996,0000000400000004,2435809825287,623,1842
1762989033,0000008000000001,2436179023694,4393,1843
1762989041,0000000800000008,2436263422001,4509,1844
1762989062,0000000100000004,2436468830377,2517,1845
1762989080,0000008000000008,2436655684699,1675,1846
1762989082,0000004000000080,2436676042894,459,1847
1762989083,0000000800000002,2436685601309,5075,1848
1762989088,0000000800000004,2436729007791,2450,1849
1762989089,0000004000000001,2436740192428,1784,1850
1762989092,0000008000000002,2436768473935,5281,1851
1762989092,0000008800000080,2436768845153,5259,1852
1762989096,0000000800000001,2436807787283,2905,1853
1762989101,0000000800000004,2436863075628,4793,1854
1762989109,0000000400000002,2436941931908,5235,1855
1762989118,0000000100000080,2437032634154,4977,1856
1762989136,0000008000000080,2437209026004,4760,1857
1762989140,0000008000000080,2437252342125,2137,1858
1762989158,0000008000000002,2437433914394,1608,1859
1762989169,0000000100000001,2437545310873,5297,1860
1762989182,0000008000000080,2437674872080,2684,1861
1762989188,0000000800000080,2437728854954,4655,1862
1762989188,0000000100000008,2437731850803,4476,1863
1762989188,0000000800000002,2437732585193,4432,1864
1762989203,0000000800000080,2437879824353,759,1865
1762989211,0000008000000008,2437956379754,1343,1866
1762989212,0000000800000004,2437973185365,343,1867
1762989256,0000000800000080,2438412007001,5105,1868
1762989263,0000008000000080,2438478307855,1113,1869
1762989263,0000008000000002,2438479344274,1049,1870
1762989278,0000000800000001,2438636144868,2003,1871
1762989288,0000000400000001,2438727220280,1720,1872
1762989291,0000004000000008,2438756471192,5160,1873
1762989291,0000000200000002,2438756962649,5131,1874
1762989309,0000008000000002,2438942516416,4367,1875
1762989318,0000004000000001,2439032425504,4151,1876
1762989327,0000000100000080,2439124465465,3802,1877
1762989330,0000008000000004,2439153614024,2038,1878
1762989336,0000000800000002,2439207067545,4031,1879
1762989356,0000008000000004,2439415014572,1899,1880
1762989357,0000000100000001,2439419654084,1620,1881
1762989368,0000008000000080,2439531873787,5261,1882
1762989369,0000008000000008,2439542270222,4646,1883
1762989383,0000000400000002,2439679764153,1556,1884
1762989394,0000008000000080,2439793995906,5079,1885
1762989395,0000004000000004,2439798374665,4819,1886
1762989406,0000000400000080,2439912900970,3107,1887
1762989416,0000008000000080,2440008840266,2526,1888
1762989421,0000000400000008,2440061699059,4564,1889
1762989429,0000004000000008,2440136544959,5246,1890
1762989432,0000000100000080,2440168961767,3289,1891
1762989442,0000000800000002,2440270953107,2344,1892
1762989458,0000008000000080,2440434042734,2921,1893
1762989464,0000008000000080,2440491797859,4662,1894
1762989480,0000000100000001,2440648502294,425,1895
1762989489,0000000100000001,2440746110562,4942,1896
1762989495,0000000800000002,2440805000635,1390,1897
1762989502,0000004000000001,2440870128842,2657,1898
1762989506,0000000100000001,2440911261211,202,1899
1762989507,0000000100000008,2440916252990,5092,1900
1762989522,0000008000000080,2441069683269,1052,1901
1762989532,0000000400000004,2441172180158,5278,1902
1762989547,0000008000000088,2441316392607,1791,1903
1762989550,000000c000000080,2441346734017,5166,1904
1762989554,0000000100000001,2441390593126,2513,1905
1762989562,0000000400000004,2441473333612,2730,1906
1762989576,0000008000000004,2441608399326,5010,1907
1762989589,0000000400000001,2441743097158,2092,1908
1762989595,0000004000000002,2441798953090,3939,1909
1762989602,0000000100000001,2441868713230,4936,1910
1762989615,0000000800000004,2441996852445,2404,1911
1762989637,0000008000000002,2442218316046,4685,1912
1762989668,0000008000000080,2442533389600,1301,1913
1762989684,0000000100000001,2442694081343,2021,1914
1762989685,0000000800000004,2442699673532,1687,1915
1762989689,0000004800000008,2442738762046,4544,1916
1762989694,0000008000000001,2442789197498,1498,1917
1762989711,0000000800000001,2442957075910,1785,1918
1762989713,0000000400000001,2442978235805,520,1919
1762989715,0000008000000080,2443005690459,4069,1920
1762989716,0000004000000001,2443006406908,4024,1921
1762989731,0000000400000080,2443156526443,186,1922
1762989732,0000004000000080,2443171568737,4481,1923
1762989746,0000000400000002,2443308713263,1409,1924
1762989746,0000004000000080,2443311651723,1233,1925
1762989758,0000000400000008,2443429220933,4563,1926
1762989774,0000000800000008,2443591008901,5209,1927
1762989792,000000c000000080,2443773140253,4651,1928
1762989813,0000000100000003,2443978363558,2670,1929
1762989838,0000008000000080,2444235507901,2784,1930
1762989861,0000000800000002,2444458780185,4953,1931
1762989876,0000008000000002,2444607713957,1181,1932
1762989877,0000000400000001,2444625485911,5309,1933
1762989903,0000000800000004,2444878070350,507,1934
1762989903,0000000400000008,2444880343969,372,1935
1762989927,0000000400000008,2445116842458,1718,1936
1762989929,0000008000000080,2445137557503,482,1937
1762989930,0000000200000020,2445148819424,4997,1938
1762989952,0000000100000003,2445367226677,2233,1939
1762989977,0000000800000004,2445618662138,2685,1940
1762989985,0000000100000001,2445701464067,2901,1941
1762989990,0000000100000002,2445756030109,4832,1942
1762990004,0000000100000001,2445891592009,1860,1943
1762990013,0000008000000080,2445980288737,1719,1944
1762990043,0000000100000080,2446283936573,4243,1945
1762990046,0000000100000002,2446311931622,2536,1946
1762990046,0000004000000008,2446313068705,2468,1947
1762990058,0000000100000001,2446435772623,298,1948
1762990072,0000000400000008,2446570030021,2591,1949
1762990076,0000000100000004,2446608343428,307,1950
1762990081,0000004000000004,2446662618094,2221,1951
1762990088,0000000100000001,2446734495686,3090,1952
1762990089,000000c000000080,2446739688670,2774,1953
1762990096,0000000100000001,2446812021045,3631,1954
1762990097,0000000100000004,2446822772327,2972,1955
1762990098,0000000400000002,2446830227443,2522,1956
1762990098,0000004000000080,2446832647772,2379,1957
1762990111,0000000800000008,2446960284396,5103,1958
1762990129,0000008000000002,2447138543643,4773,1959
1762990144,0000000800000001,2447289289170,891,1960
1762990144,0000008000000080,2447292853100,681,1961
1762990160,0000000100000002,2447449278546,1652,1962
1762990168,0000004000000002,2447528732508,2064,1963
1762990177,0000008000000004,2447621904126,1656,1964
1762990189,0000004000000008,2447743842769,4721,1965
1762990222,0000000100000001,2448075513265,349,1966
1762990243,0000000800000080,2448285752309,3273,1967
1762990245,0000008000000008,2448304975825,2114,1968
1762990253,0000004000000080,2448378935100,2856,1969
1762990257,0000008000000080,2448418657171,483,1970
1762990269,0000008000000080,2448542695627,3401,1971
1762990271,0000004000000080,2448557705564,2489,1972
1762990271,0000004000000080,2448564941110,2060,1973
1762990284,0000000100000001,2448689780211,4949,1974
1762990293,0000008000000080,2448777239370,4885,1975
1762990322,0000008000000080,2449074733895,2551,1976
1762990324,0000004000000001,2449087723047,1779,1977
1762990335,0000000800000080,2449196333857,449,1978
1762990347,0000008000000008,2449320014938,3388,1979
1762990359,0000004000000001,2449439804037,1377,1980
1762990367,0000000800000002,2449521410923,1662,1981
1762990367,0000008000000008,2449525072819,1442,1982
1762990368,0000004000000004,2449528581153,1230,1983
1762990371,0000004000000004,2449562273146,4413,1984
1762990396,0000004000000080,2449811167619,5016,1985
1762990397,0000004000000002,2449823068714,4308,1986
1762990410,0000000400000001,2449946349349,2066,1987
1762990419,0000000100000008,2450045025129,1328,1988
1762990422,0000000100000001,2450071501101,4939,1989
1762990447,0000000400000001,2450320359019,358,1990
1762990449,0000000400000004,2450339088169,4430,1991
1762990493,0000008000000008,2450783751861,3643,1992
1762990503,0000008000000080,2450884234027,2777,1993
1762990504,0000004000000001,2450895495237,2105,1994
1762990510,0000000800000001,2450953811591,3804,1995
1762990522,0000008000000008,2451066241823,2220,1996
1762990523,0000000100000002,2451081256656,1324,1997
1762990533,0000004000000080,2451184422552,321,1998
1762990539,0000008000000080,2451239729948,2175,1999
1762990543,0000000800000002,2451279096580,5012,2000
1762990561,0000008000000004,2451461447933,4439,2001
1762990569,0000000100000008,2451539192914,4949,2002
1762990578,0000000800000008,2451634789184,4400,2003
1762990590,0000004000000008,2451750311865,2619,2004
1762990605,0000008000000008,2451901091687,3958,2005
1762990608,0000000100000001,2451935417453,1882,2006
1762990614,0000004000000002,2451989371293,3840,2007
1762990638,000000010000000c,2452226517725,5154,2008
1762990642,0000000800000004,2452273586037,2309,2009
1762990668,000000c000000080,2452529333788,2505,2010
1762990693,0000008000000080,2452781735836,2906,2011
1762990700,0000008000000004,2452847990209,4136,2012
1762990700,0000008000000001,2452852612427,3853,2013
1762990714,0000000800000002,2452989850724,788,2014
1762990716,0000000400000001,2453014524525,4509,2015
1762990718,0000008000000080,2453026389557,3787,2016
1762990723,0000000100000004,2453082723212,401,2017
1762990726,0000000100000002,2453114348137,3688,2018
1762990729,0000008000000080,2453138688914,2213,2019
1762990737,0000004000000080,2453220583290,2476,2020
1762990738,0000008000000008,2453230319893,1899,2021
1762990738,0000008000000001,2453232908372,1743,2022
1762990744,0000008000000080,2453295666067,3159,2023
1762990746,0000000800000001,2453306502792,2502,2024
1762990747,0000000100000002,2453321717816,1596,2025
1762990766,0000000400000080,2453515745099,322,2026
1762990779,0000008000000002,2453641528014,3129,2027
1762990795,0000008000000080,2453798478980,4095,2028
1762990812,0000008000000080,2453974516638,3889,2029
1762990828,0000008000000080,2454128121213,5035,2030
1762990831,0000000400000002,2454162051510,2979,2031
1762990838,0000004000000001,2454227769567,4241,2032
1762990844,0000004000000080,2454292831575,324,2033
1762990880,0000000800000004,2454650979794,4753,2034
1762990885,0000000100000080,2454697293673,1952,2035
1762990885,0000004000000002,2454703125139,1604,2036
1762990905,0000000400000001,2454899266345,202,2037
1762990907,0000004000000001,2454919734622,4169,2038
1762990913,0000000300000001,2454982194034,408,2039
1762990914,0000000100000004,2454987941731,5251,2040
1762990960,0000000100000080,2455450104333,3416,2041
1762990961,0000000100000008,2455459673381,2831,2042
1762990961,0000000100000001,2455462521075,2659,2043
1762990979,0000008000000080,2455639919572,2378,2044
1762990982,0000008000000080,2455675424185,260,2045
1762990987,0000000800000004,2455723136149,2564,2046
1762990993,0000004800000008,2455778385405,4461,2047
1762991005,0000000400000001,2455900025168,2314,0
1762991056,0000000800000001,2456410349824,2778,1
1762991060,0000000400000002,2456447513022,560,2
1762991079,0000008000000080,2456638156678,4680,3
1762991084,0000008000000002,2456686702120,1746,4
1762991121,0000008000000080,2457057366563,235,5
1762991125,0000000100000004,2457103745869,2620,6
1762991142,0000008000000004,2457271569324,2915,7
1762991203,0000000100000002,2457876235559,2899,8
1762991207,0000000400000080,2457922589876,5317,9
1762991217,0000008000000004,2458018718222,4737,10
1762991229,0000000400000002,2458136896017,2802,11
1762991243,0000000200000001,2458283361190,4402,12
1762991251,0000008000000080,2458359779770,4993,13
1762991252,0000008000000080,2458367809703,4516,14
1762991273,0000008000000080,2458575826013,2370,15
1762991280,0000000400000002,2458647829922,3236,16
1762991282,0000000100000004,2458667745714,2039,17
1762991288,0000000800000080,2458726955600,3679,18
1762991309,0000000400000008,2458942949032,1071,19
1762991326,0000000400000004,2459114128456,1163,20
1762991336,0000000400000001,2459213995937,355,21
1762991351,0000000400000001,2459359204197,1998,22
1762991351,0000004000000080,2459360519542,1919,23
1762991361,0000008000000004,2459465387571,811,24
1762991364,0000000100000004,2459488195920,4643,25
1762991364,0000000100000003,2459488357021,4635,26
1762991370,0000008000000080,2459554833965,629,27
1762991371,0000008000000080,2459562499712,169,28
1762991388,0000008000000080,2459730814047,431,29
1762991395,0000008000000002,2459799887718,1462,30
1762991396,0000000100000004,2459810965899,800,31
1762991403,0000004000000008,2459879080272,1890,32
1762991443,000000c000000080,2460282470357,3601,33
1762991445,0000004000000008,2460298239975,2637,34
1762991462,0000000100000001,2460469058517,2750,35
1762991462,0000008000000008,2460470563522,2659,36
1762991465,0000000100000001,2460503227989,711,37
1762991465,0000008000000080,2460505370263,585,38
1762991468,0000008000000080,2460529723477,4320,39
1762991469,0000004000000080,2460542328829,3550,40
1762991471,0000000100000003,2460562537235,2324,41
1762991476,0000000800000008,2460612457690,4538,42
1762991492,0000000100000004,2460769140441,301,43
1762991494,0000008000000002,2460790574284,4210,44
1762991516,0000004000000001,2461006587737,1590,45
1762991516,0000004000000080,2461014886444,1092,46
1762991517,0000000100000004,2461016461401,999,47
1762991517,0000000800000008,2461023137270,602,48
1762991531,0000000100000004,2461156043280,2981,49
1762991540,0000000800000002,2461249600949,2543,50
1762991545,0000008000000080,2461296417094,4941,51
1762991559,0000004000000004,2461437206043,1657,52
1762991559,0000000400000004,2461440194739,1479,53
1762991576,0000000100000001,2461606862785,1839,54
1762991579,0000000800000001,2461636922746,5229,55
1762991579,0000004000000080,2461643363331,4848,56
1762991597,0000000100000001,2461823084632,4431,57
1762991602,0000004000000001,2461870490649,1563,58
1762991606,0000000400000080,2461914091258,4149,59
1762991609,0000008000000080,2461945730926,2226,60
1762991615,0000008000000001,2461999950018,4179,61
1762991615,0000008000000080,2462000973259,4117,62
1762991642,0000008000000002,2462274358061,3236,63
1762991643,0000004000000002,2462281823781,2780,64
1762991673,0000000100000001,2462580636833,407,65
1762991679,0000000100000001,2462640140061,2010,66
1762991683,0000004000000082,2462682225738,4689,67
1762991695,0000000100000001,2462799993806,2775,68
1762991709,0000008000000004,2462941268621,4687,69
1762991710,0000008000000008,2462948204870,4272,70
1762991717,0000000400000008,2463018017124,5256,71
1762991725,0000000100000001,2463103599582,5303,72
1762991726,0000000400000008,2463112506847,4774,73
1762991737,000000010000000c,2463222375110,3346,74
1762991739,0000008000000080,2463237700768,2417,75
1762991741,0000004800000008,2463259914100,1091,76
1762991759,0000004000000001,2463436143410,879,77
1762991766,0000004000000001,2463509857968,1635,78
1762991767,0000000400000080,2463522695016,868,79
1762991775,0000008000000002,2463596084082,1644,80
1762991783,0000004000000002,2463679599505,1813,81
1762991787,0000008000000001,2463721581006,4497,82
1762991796,0000008000000004,2463808564757,4460,83
1762991804,0000004000000004,2463895056657,4451,84
1762991817,000000c000000080,2464022236756,1979,85
1762991822,0000000400000040,2464069535204,4343,86
1762991829,0000000800000080,2464139469653,5318,87
1762991847,000000c000000080,2464316538921,5059,88
1762991856,0000008000000080,2464406187399,4863,89
1762991857,0000000100000080,2464418290987,4138,90
1762991863,0000000800000002,2464483746133,198,91
1762991867,0000000800000004,2464523130713,3005,92
1762991877,0000008000000080,2464623731567,2150,93
1762991899,0000000400000001,2464835854090,4983,94
1762991901,0000000100000001,2464862581738,3368,95
1762991941,0000000800000008,2465259586544,273,96
1762991973,0000008000000008,2465582812127,1598,97
1762991979,0000008000000080,2465636021942,3595,98
1762992018,0000008000000001,2466026256110,895,99
1762992036,0000000900000001,2466212727036,5260,100
1762992038,0000000100000001,2466225973891,4475,101
1762992045,0000000400000080,2466298115599,5318,102
1762992045,0000000400000080,2466300100742,5200,103
1762992058,0000004000000080,2466425901100,2812,104
1762992063,0000000400000002,2466484591036,4499,105
1762992072,0000000400000001,2466567100684,4729,106
1762992077,0000000100000004,2466617310670,1696,107
1762992140,0000000100000001,2467249066237,5251,108
1762992150,0000000100000002,2467349877079,4391,109
1762992152,0000000400000080,2467368324539,3263,110
1762992157,0000000400000008,2467423573870,5142,111
1762992159,0000000800000001,2467436660107,4365,112
1762992170,0000000100000001,2467548967665,2778,113
1762992170,0000000200000008,2467552122678,2588,114
1762992181,0000008000000002,2467663064726,1119,115
1762992193,0000004000000004,2467778493384,4578,116
1762992207,0000008000000002,2467919279152,1287,117
1762992210,0000000300000001,2467952538920,4497,118
1762992211,0000004000000004,2467964352843,3778,119
1762992217,0000000100000008,2468020767623,387,120
1762992218,0000008000000002,2468032789706,4858,121
1762992228,0000008c00000080,2468134957793,3906,122
1762992262,0000008000000080,2468470201761,4521,123
1762992262,0000000800000001,2468472953231,4355,124
1762992309,0000000100000001,2468936561726,2416,125
1762992322,0000000400000008,2469066437717,5006,126
1762992325,000000c000000080,2469095810624,3228,127
1762992340,0000000800000008,2469246749359,4555,128
1762992351,0000000100000080,2469359455231,2945,129
1762992354,0000000100000001,2469393358102,917,130
1762992355,0000004000000080,2469400721348,481,131
1762992359,0000008000000080,2469439165668,3353,132
1762992373,0000000800000080,2469582926515,5100,133
1762992400,0000004000000001,2469849920023,4630,134
1762992432,0000000100000004,2470171956990,830,135
1762992434,0000000400000080,2470185889427,5187,136
1762992440,0000008000000082,2470251762750,1219,137
1762992457,0000008000000008,2470423288437,1289,138
1762992459,0000008000000008,2470442200989,162,139
1762992460,0000004000000080,2470452283438,4751,140
1762992463,000000c000000080,2470482025087,2942,141
1762992464,0000000100000002,2470493136446,2277,142
1762992465,0000000800000001,2470497107519,2040,143
1762992467,0000008000000080,2470520060403,669,144
1762992469,0000000100000002,2470545104745,4364,145
1762992472,0000008000000080,2470572750323,2675,146
1762992478,0000004000000080,2470627071040,4628,147
1762992489,0000000300000001,2470741779631,2898,148
1762992492,0000008000000004,2470766845048,1399,149
1762992499,0000004000000002,2470840738475,2145,150
1762992519,0000000100000002,2471043045016,376,151
1762992529,0000004000000001,2471138856367,5001,152
1762992535,0000000800000004,2471204612725,1038,153
1762992543,0000000400000002,2471284449240,1428,154
1762992571,0000000100000001,2471561139297,376,155
1762992583,0000000100000008,2471682699195,3443,156
1762992613,0000008000000004,2471976125810,1373,157
1762992620,0000000400000002,2472047395622,2274,158
1762992625,0000008000000080,2472102500519,4172,159
1762992633,0000008000000001,2472182592680,4551,160
1762992642,0000008000000008,2472266425928,4700,161
1762992646,000000c000000080,2472307072610,2236,162
1762992675,0000000400000002,2472603636315,5184,163
1762992679,0000004000000080,2472637652541,3126,164
1762992679,0000000400000008,2472642437786,2835,165
1762992681,0000000100000001,2472657328890,1946,166
1762992690,0000000400000002,2472746193355,1797,167
1762992708,0000004000000008,2472933574144,916,168
1762992716,0000008800000002,2473006850418,1699,169
1762992723,0000000800000001,2473085079087,2183,170
1762992731,0000000800000008,2473159534998,2895,171
1762992745,0000000800000002,2473300327085,4833,172
1762992745,0000000200000001,2473305458884,4528,173
1762992777,0000008000000080,2473621341303,1095,174
1762992788,0000000100000001,2473727697732,5089,175
1762992788,0000004800000008,2473731715100,4853,176
1762992789,0000000400000008,2473740438961,4331,177
1762992789,0000000100000002,2473741361655,4277,178
1762992790,0000008000000004,2473748835303,3820,179
1762992793,0000000400000008,2473784659243,1659,180
1762992802,0000000100000004,2473866409653,1932,181
1762992814,0000008000000080,2473994579039,4626,182
1762992817,0000004000000008,2474016182884,3311,183
1762992827,0000008000000004,2474124618549,1981,184
1762992839,0000004200000004,2474240852803,196,185
1762992904,0000008000000080,2474890412764,2654,186
1762992928,0000008000000001,2475131720182,3737,187
1762992931,0000004000000080,2475163724574,1805,188
1762992939,0000000400000080,2475237837249,2532,189
1762992951,0000000100000080,2475359158386,446,190
1762992952,0000000400000008,2475370157805,4979,191
1762992964,0000008000000080,2475488938288,3011,192
1762992967,0000000400000002,2475515609237,1414,193
1762992968,0000000200000004,2475531076729,493,194
1762992990,0000000100000001,2475749025662,2948,195
1762992992,0000000400000001,2475770242295,1680,196
1762992998,0000000100000001,2475827722104,3416,197
1762993036,0000000100000080,2476211671326,1097,198
1762993074,0000000400000001,2476595131922,4012,199
1762993090,0000000800000008,2476754288721,4825,200
1762993094,0000000400000001,2476788034609,2774,201
1762993098,0000008000000080,2476832956853,5280,202
1762993103,0000000500000001,2476883046627,2256,203
1762993130,0000004000000001,2477151876000,1674,204
1762993144,0000004000000008,2477287081184,3938,205
1762993146,0000004000000002,2477312149617,2412,206
1762993167,0000008000000080,2477522621985,162,207
1762993174,0000000800000001,2477591426963,1203,208
1762993186,0000004000000004,2477712854722,4302,209
1762993192,0000000100000008,2477769518839,882,210
1762993194,0000008000000080,2477788289280,4952,211
1762993203,0000000400000002,2477880912640,4580,212
1762993238,0000004000000008,2478228177361,4467,213
1762993257,0000008000000001,2478415704385,3563,214
1762993271,0000000400000008,2478559340769,5311,215
1762993281,0000008000000001,2478662778813,4295,216
1762993289,0000000800000080,2478737996179,4958,217
1762993297,0000000800000001,2478822091911,5091,218
1762993304,0000000800000004,2478889604876,1025,219
1762993310,0000000400000004,2478949084579,2628,220
1762993311,0000008000000080,2478961994124,1862,221
1762993319,0000000300000001,2479040070215,2352,222
1762993334,0000000800000008,2479192341312,3592,223
1762993345,0000008000000080,2479304615235,2025,224
1762993352,0000000400000080,2479373722749,3059,225
1762993365,0000004000000008,2479496407792,883,226
1762993379,0000004000000008,2479636816683,2812,227
1762993401,0000008000000080,2479858639955,5067,228
1762993409,0000000100000004,2479940538933,5333,229
1762993415,0000000100000008,2480000011150,1751,230
1762993417,0000004000000080,2480021582194,462,231
1762993438,0000000400000080,2480234490268,3225,232
1762993444,0000000c00000008,2480290910674,5036,233
1762993454,0000000400000008,2480391980002,4156,234
1762993455,0000008000000002,2480400280546,3648,235
1762993457,0000000400000004,2480421047510,2385,236
1762993468,0000008000000080,2480532642064,878,237
1762993471,0000000100000008,2480558056475,4556,238
1762993471,0000004000000080,2480561961171,4320,239
1762993488,0000000100000001,2480730928170,4545,240
1762993495,0000000400000004,2480803220492,192,241
1762993500,0000000200000002,2480852710324,2390,242
1762993512,0000000100000001,2480973204996,353,243
1762993522,0000000800000001,2481071119425,4853,244
1762993523,0000000800000080,2481075599726,4587,245
1762993532,0000008000000080,2481168432194,4196,246
1762993542,0000000100000001,2481271416439,3179,247
1762993543,0000008000000080,2481277052051,2833,248
1762993577,0000000400000080,2481615562671,3253,249
1762993582,0000008000000080,2481673414090,4977,250
1762993589,0000008000000080,2481737154743,1139,251
1762993590,0000000100000008,2481750152028,363,252
1762993590,0000000400000004,2481753958511,5322,253
1762993593,0000000100000002,2481783153708,3565,254
1762993598,0000004000000002,2481826897432,934,255
1762993599,0000008000000004,2481844437077,5078,256
1762993603,0000000100000001,2481885046708,2617,257
1762993610,0000008000000008,2481955182655,3606,258
1762993629,0000000400000004,2482143369579,2660,259
1762993647,0000000800000001,2482320938659,2369,260
1762993651,0000000400000008,2482359260511,5270,261
1762993660,0000000100000001,2482446050191,5244,262
1762993669,0000000100000004,2482537166979,4961,263
1762993673,0000008000000080,2482577057238,2544,264
1762993674,0000008000000002,2482590399636,1750,265
1762993693,0000000400000006,2482780484359,710,266
1762993700,0000008000000080,2482847043619,1893,267
1762993717,0000002000000002,2483021375892,1795,268
1762993731,0000000100000080,2483160003407,3854,269
1762993736,0000008000000080,2483212523054,692,270
1762993737,0000000400000008,2483219118821,298,271
1762993743,0000008000000080,2483277045721,1996,272
1762993747,0000000800000080,2483318766349,4695,273
1762993764,0000008000000004,2483494576198,4510,274
1762993795,0000000800000080,2483797576555,1849,275
1762993817,0000000100000080,2484024466598,3792,276
1762993818,0000000400000008,2484034249196,3192,277
1762993820,0000000800000004,2484053968425,2008,278
1762993847,0000004000000006,2484320594961,1553,279
1762993854,0000000100000001,2484391198362,2490,280
1762993858,0000000400000008,2484432177420,5234,281
1762993876,0000000400000008,2484606798611,5119,282
1762993876,0000000100000080,2484614579788,4658,283
1762993880,0000008000000080,2484651376254,2422,284
1762993890,0000008000000080,2484745192801,1980,285
1762993901,0000000100000080,2484864886315,5174,286
1762993905,0000000100000001,2484902276298,2911,287
1762993920,0000008000000080,2485049412776,4473,288
1762993922,0000000100000001,2485073061011,3028,289
1762993924,0000000800000002,2485087009698,2191,290
1762993927,0000000400000001,2485116850067,411,291
1762993927,0000000400000001,2485119490568,253,292
1762993949,0000008000000008,2485340158691,5083,293
1762993957,0000000400000001,2485416276869,3160,294
1762993974,0000000400000004,2485591412633,3011,295
1762993979,0000000100000002,2485638294107,208,296
1762993979,0000004000000008,2485644344149,5036,297
1762994015,0000008000000080,2485997486020,4579,298
1762994017,0000000400000004,2486020706511,3160,299
1762994033,0000008000000080,2486179879195,3991,300
1762994034,0000004000000080,2486193869476,3132,301
1762994057,0000000400000008,2486419439262,5156,302
1762994093,0000000800000004,2486775507736,4523,303
1762994098,0000000400000080,2486833320927,1032,304
1762994111,0000000800000002,2486956057796,4048,305
1762994130,0000008000000080,2487151666188,2646,306
1762994144,0000004000000004,2487292074518,4613,307
1762994151,0000000400000080,2487363548192,308,308
1762994158,0000004000000001,2487428684219,1575,309
1762994161,0000000400000002,2487459914460,4901,310
1762994164,0000000100000003,2487494207358,2818,311
1762994170,0000000400000004,2487548184510,4788,312
1762994181,000000c000000080,2487664984711,2935,313
1762994182,0000008000000080,2487666124191,2865,314
1762994186,000000c000000080,2487708208339,351,315
1762994193,0000008000000004,2487776844290,1408,316
1762994196,0000000100000002,2487810926957,4566,317
1762994198,0000008000000080,2487831030846,3341,318
1762994200,000000c000000080,2487848398865,2292,319
1762994210,0000008000000002,2487948942079,1443,320
1762994223,0000000800000080,2488083913277,3720,321
1762994226,0000004000000008,2488112086164,2016,322
1762994227,0000000800000001,2488122826547,1372,323
1762994235,0000008000000002,2488203828268,1694,324
1762994238,000000c000000080,2488230168052,5306,325
1762994239,0000008000000080,2488239618196,4746,326
1762994245,0000000100000004,2488299119587,1156,327
1762994254,0000000800000080,2488390608097,850,328
1762994256,0000000800000002,2488407405780,5037,329
1762994284,0000000400000008,2488685629776,3884,330
1762994287,0000000800000002,2488717478481,1957,331
1762994292,0000000800000080,2488775004262,3700,332
1762994301,0000000100000080,2488860792347,3733,333
1762994301,0000000100000001,2488862845432,3608,334
1762994303,0000000800000004,2488882092617,2437,335
1762994312,0000000800000008,2488973340685,2146,336
1762994314,0000000400000004,2488994784853,864,337
1762994319,0000004000000080,2489042840975,3159,338
1762994338,0000000100000002,2489231427955,2203,339
1762994344,0000000100000080,2489291126453,3818,340
1762994352,0000004000000002,2489365540852,4543,341
1762994359,0000000800000008,2489443644290,5034,342
1762994360,0000008000000001,2489452533803,4505,343
1762994369,0000008000000002,2489540745002,4392,344
1762994380,000000c000000080,2489651209584,2919,345
1762994381,0000000100000001,2489657412224,2543,346
1762994391,0000004000000080,2489758470315,1671,347
1762994412,0000000200000002,2489974357275,4280,348
1762994425,0000004000000008,2490101546395,1806,349
1762994463,0000000100000002,2490482158292,4892,350
1762994475,0000000400000004,2490598872192,3048,351
1762994508,0000008000000002,2490928998920,3985,352
1762994509,0000000100000008,2490936318804,3535,353
1762994510,0000000c00000004,2490954601130,2424,354
1762994516,0000000100000004,2491005409279,4586,355
1762994519,0000000100000002,2491035423604,2755,356
1762994538,0000004000000001,2491232435740,1303,357
1762994543,0000008000000008,2491275547938,3914,358
1762994551,0000000400000080,2491355660201,4292,359
1762994556,0000008000000080,2491413747178,789,360
1762994559,0000008000000080,2491436929533,4596,361
1762994575,0000000100000003,2491602594218,5012,362
1762994577,0000000100000080,2491622657413,3806,363
1762994578,0000000100000001,2491627767473,3492,364
1762994597,0000004000000080,2491819133829,2359,365
1762994610,0000000800000004,2491954175364,4646,366
1762994623,0000000100000001,2492079943677,2255,367
1762994628,0000000400000004,2492134699442,4176,368
1762994629,0000000400000004,2492141011892,3788,369
1762994631,0000000100000006,2492161560736,2536,370
1762994634,0000008000000001,2492192818393,673,371
1762994648,0000000800000001,2492333728165,2567,372
1762994651,0000008000000080,2492364453585,736,373
1762994663,0000000100000001,2492484719285,3893,374
1762994674,0000000800000080,2492586546512,2944,375
1762994711,0000000100000080,2492963440428,1058,376
1762994748,0000008000000080,2493329557582,5011,377
1762994753,0000000400000001,2493377722805,2102,378
1762994761,0000000100000003,2493461663491,2245,379
1762994780,0000000400000002,2493645141051,1602,380
1762994786,0000000100000002,2493709760887,2900,381
1762994814,0000008000000080,2493992825701,1463,382
1762994817,0000000400000004,2494017673407,5168,383
1762994823,0000000800000002,2494084228108,1159,384
1762994828,0000004000000001,2494132162362,3472,385
1762994855,0000000400000080,2494398376389,3031,386
1762994881,0000000400000004,2494656212823,3105,387
1762994891,0000008000000080,2494756742176,2251,388
1762994892,0000000400000004,2494766088211,1695,389
1762994895,0000000800000008,2494795082432,5151,390
1762994898,0000000100000002,2494831330404,2956,391
1762994899,0000000400000002,2494837324620,2594,392
1762994900,0000000400000080,2494848690710,1919,393
1762994902,0000000100000004,2494872461427,500,394
1762994903,0000008000000080,2494883981134,5000,395
1762994913,0000004000000008,2494980582011,4390,396
1762994921,0000004000000008,2495060344105,4782,397
1762994922,0000000100000001,2495067953519,4328,398
1762994925,0000000100000008,2495098931092,2441,399
1762994928,0000000400000002,2495129737247,605,400
1762994930,000000c000000080,2495147472111,4736,401
1762994939,0000008000000080,2495236108385,4600,402
1762994956,0000008000000080,2495405129376,4818,403
1762994959,0000000100000004,2495443756834,2474,404
1762994985,0000008000000080,2495704504533,2372,405
1762994986,0000004000000008,2495711415321,1962,406
1762994994,0000004000000080,2495792537250,2273,407
1762994995,0000008000000080,2495798280164,1932,408
1762994996,0000000100000001,2495813982581,991,409
1762995005,0000004800000008,2495900373090,988,410
1762995010,0000008000000080,2495953228541,2993,411
1762995016,000000c000000080,2496007509308,4938,412
1762995038,0000000100000008,2496231668628,1832,413
1762995051,0000000100000008,2496360136219,4509,414
1762995063,0000000400000002,2496482953988,2293,415
1762995072,0000004000000002,2496573776474,2028,416
1762995105,0000000400000008,2496903042628,2992,417
1762995115,0000000100000002,2496996589649,2557,418
1762995127,0000000100000004,2497119746033,362,419
1762995143,0000000100000008,2497276305980,1325,420
1762995157,0000000100000008,2497423247065,2862,421
1762995162,0000004000000080,2497465436888,344,422
1762995193,0000008000000082,2497775012757,2479,423
1762995229,0000000100000004,2498135820926,1560,424
1762995235,0000000d0000008f,2498197007796,3066,425
1762995261,0000000400000001,2498463079548,2639,426
1762995292,0000008000000004,2498772287881,4839,427
1762995293,0000008000000004,2498778594964,4463,428
1762995295,0000008000000002,2498802797714,2983,429
1762995322,0000000100000001,2499066601501,2694,430
1762995326,0000000800000001,2499106350031,324,431
1762995344,0000000100000002,2499285404568,5130,432
1762995355,0000004000000001,2499397517958,3578,433
1762995359,0000000100000080,2499439610254,1044,434
1762995368,0000000800000009,2499529080844,859,435
1762995380,000000040000000c,2499653028854,3794,436
1762995395,0000000800000080,2499795454148,422,437
1762995410,0000004000000001,2499947616086,1648,438
1762995414,0000000400000088,2499988859977,4377,439
1762995425,0000000100000004,2500099396968,2897,440
1762995426,0000000800000008,2500111470406,2175,441
1762995428,0000000400000080,2500126522909,1275,442
1762995443,0000008000000080,2500284797373,2137,443
1762995472,0000001000000001,2500574093755,331,444
1762995475,0000000100000008,2500600356333,3946,445
1762995487,0000000400000008,2500717062259,2105,446
1762995502,0000000400000004,2500871299396,3216,447
1762995512,0000008000000008,2500966293901,2689,448
1762995514,0000004000000001,2500989415476,1309,449
1762995519,0000000100000008,2501039531409,3489,450
1762995521,000000c000000080,2501056303027,2471,451
1762995530,0000008000000080,2501154342347,1775,452
1762995550,0000000100000002,2501354607111,5314,453
1762995557,0000000100000080,2501420334361,1358,454
1762995558,0000004100000001,2501427696401,918,455
1762995558,0000000100000008,2501430670540,742,456
1762995564,0000000400000002,2501490901715,2300,457
1762995573,0000000100000001,2501580393496,2113,458
1762995586,0000000100000001,2501714185780,4474,459
1762995590,0000000800000002,2501750721807,2255,460
1762995599,0000000800000008,2501837183239,2247,461
1762995605,0000008000000008,2501894859243,3988,462
1762995615,0000000100000004,2501998287323,2941,463
1762995631,0000000100000001,2502161686067,3511,464
1762995638,0000000100000001,2502226114071,4838,465
1762995656,0000000100000003,2502406343990,4388,466
1762995682,0000004000000008,2502668460704,4202,467
1762995683,0000000800000002,2502682151191,3364,468
1762995695,0000008000000080,2502801246818,1396,469
1762995701,0000004000000080,2502857140977,3222,470
1762995714,0000004000000080,2502986837525,626,471
1762995719,0000008000000080,2503041319422,2526,472
1762995728,0000000800000080,2503128699599,2465,473
1762995730,0000000400000080,2503149559392,1218,474
1762995732,0000000400000002,2503171272474,5113,475
1762995743,0000000800000001,2503275869266,4020,476
1762995743,0000000200000080,2503278523395,3858,477
1762995748,0000000100000001,2503332438494,614,478
1762995750,0000000400000002,2503345266592,5035,479
1762995763,0000004000000002,2503483819187,1886,480
1762995764,0000008000000008,2503490480927,1487,481
1762995767,0000008400000088,2503523754088,4693,482
1762995771,0000008000000008,2503555243405,2775,483
1762995783,0000008000000080,2503679074685,539,484
1762995797,0000000400000001,2503819668772,2452,485
1762995799,0000000800000004,2503843995356,1000,486
1762995811,0000000800000004,2503955882334,4670,487
1762995820,0000008000000004,2504049822428,4212,488
1762995824,0000000400000004,2504093590432,1567,489
1762995837,0000000800000001,2504216734088,4562,490
1762995853,0000000200000002,2504384124072,4875,491
1762995861,0000008000000080,2504461251978,236,492
1762995865,0000004000000004,2504502106855,2955,493
1762995870,0000000100000001,2504550928949,5224,494
1762995883,0000000200000004,2504682216165,2507,495
1762995898,0000004000000080,2504829912134,4031,496
1762995906,0000000100000001,2504910302746,4392,497
1762995907,0000000800000004,2504915964194,4048,498
1762995917,0000000100000001,2505022493114,2813,499
1762995943,0000000100000001,2505281398837,2822,500
1762995945,0000004000000008,2505298954522,1775,501
1762995945,0000004000000008,2505301540810,1620,502
1762995960,0000000100000004,2505453709316,2845,503
1762995973,0000000100000001,2505579045696,517,504
1762995982,0000000100000008,2505668075489,357,505
1762995997,0000004000000008,2505815860904,1844,506
1762996020,0000000500000008,2506053764089,3110,507
1762996033,0000000100000003,2506178128124,835,508
1762996036,0000008000000080,2506213730134,3892,509
1762996039,0000000800000002,2506241962139,2179,510
1762996049,0000000100000084,2506339750742,1496,511
1762996054,0000000400000004,2506385025739,3977,512
1762996061,0000000100000002,2506458714755,4740,513
1762996088,0000008800000001,2506733567383,3785,514
1762996091,0000000800000001,2506756673948,2379,515
1762996099,0000004000000080,2506838806962,2630,516
1762996114,0000004000000002,2506993293677,3742,517
1762996118,0000004000000008,2507028923884,1593,518
1762996119,0000000100000001,2507042509149,779,519
1762996142,0000008000000080,2507267518209,2811,520
1762996156,0000008000000080,2507409229654,4697,521
1762996165,0000008000000080,2507500053327,4432,522
1762996169,0000004000000002,2507541573758,1917,523
1762996177,0000004000000080,2507621414468,2303,524
1762996187,0000008000000004,2507715126108,1865,525
1762996200,0000004000000080,2507846088030,4391,526
1762996209,0000000100000080,2507940356459,3910,527
1762996210,0000000400000008,2507950873364,3265,528
1762996211,000000c000000080,2507956079606,2945,529
1762996213,0000000800000002,2507978068132,1632,530
1762996215,0000000100000008,2507999597144,346,531
1762996247,0000000400000008,2508317715178,1975,532
1762996259,0000008000000001,2508439602552,5040,533
1762996264,0000000100000001,2508493326784,1800,534
1762996274,0000000100000080,2508590669987,1139,535
1762996288,0000000100000004,2508733533056,2925,536
1762996335,0000000400000080,2509201881928,736,537
1762996354,0000000300000001,2509392458566,4860,538
1762996360,0000004000000001,2509446368446,1606,539
1762996375,0000004000000008,2509596074315,2980,540
1762996375,0000000100000001,2509597707720,2882,541
1762996388,0000000800000008,2509727403271,292,542
1762996390,0000008000000002,2509747711303,4269,543
1762996396,0000000100000080,2509808804334,588,544
1762996402,0000000400000001,2509874337100,1832,545
1762996422,0000000800000080,2510070379181,436,546
1762996432,0000000800000002,2510172613746,4680,547
1762996441,0000000200000001,2510259850438,4626,548
1762996454,0000000100000001,2510385377003,2250,549
1762996455,0000004000000008,2510403328083,1177,550
1762996457,0000000800000001,2510415503951,453,551
1762996457,0000000100000001,2510424256591,5116,552
1762996462,0000008000000080,2510468232747,2456,553
1762996465,0000000800000008,2510496559982,768,554
1762996471,0000008000000080,2510564350833,1876,555
1762996474,0000000400000004,2510589677298,364,556
1762996487,0000008000000080,2510723135762,2704,557
1762996506,0000000800000004,2510913819715,1632,558
1762996532,0000008000000002,2511170560748,1770,559
1762996553,0000000400000008,2511380657042,4727,560
1762996558,0000000800000008,2511432744168,1581,561
1762996578,0000000400000001,2511630555159,5268,562
1762996589,0000000400000001,2511734820385,4200,563
1762996591,0000000800000080,2511762429694,2516,564
1762996600,0000004000000008,2511851224419,2370,565
1762996606,0000000100000040,2511910799257,4000,566
1762996636,0000000800000001,2512207295497,1734,567
1762996650,0000004000000001,2512345791323,3799,568
1762996656,0000000400000008,2512413244208,4938,569
1762996672,0000000400000001,2512573625035,484,570
1762996675,0000008000000004,2512600324221,4075,571
1762996676,0000004000000004,2512612343559,3338,572
1762996684,0000000100000008,2512687689105,4014,573
1762996688,0000004000000004,2512726296032,1680,574
1762996694,0000000800000004,2512793344720,2830,575
1762996696,0000008000000080,2512812643948,1679,576
1762996698,0000000400000080,2512832860472,472,577
1762996703,0000000800000080,2512884216119,2559,578
1762996704,0000008000000080,2512886420595,2427,579
1762996711,0000000100000001,2512962161868,3067,580
1762996712,000000c000000080,2512968156243,2702,581
1762996716,0000000400000008,2513007958307,327,582
1762996730,0000004000000004,2513151327196,2079,583
1762996730,0000008000000080,2513151772262,2052,584
1762996754,0000000800000002,2513391303479,3225,585
1762996770,0000004000000001,2513553944213,3841,586
1762996777,0000008000000002,2513623762447,4838,587
1762996782,000000c000000080,2513669577188,2069,588
1762996803,0000008000000004,2513880841569,4954,589
1762996814,0000000100000001,2513984697404,3902,590
1762996822,0000000800000002,2514070098642,3961,591
1762996837,0000008000000080,2514221830912,5215,592
1762996847,0000004000000008,2514320944751,4457,593
1762996848,0000008000000008,2514328342526,4009,594
1762996864,0000008000000080,2514485951530,4913,595
1762996877,0000000100000001,2514621943730,1917,596
1762996899,0000000800000002,2514843487702,4187,597
1762996904,0000000100000001,2514893761489,1150,598
1762996906,0000008000000080,2514909125108,234,599
1762996912,0000000100000001,2514969085694,1811,600
1762996919,0000000800000004,2515039565096,2756,601
1762996921,0000008000000080,2515058013554,1657,602
1762996932,0000000400000008,2515165468896,396,603
1762996941,0000000800000008,2515256528199,5302,604
1762996946,0000000400000002,2515308776292,2150,605
1762996948,0000000500000001,2515324706020,1196,606
1762996954,0000000300000003,2515392669487,2295,607
1762996963,0000000100000008,2515477551889,2381,608
1762996965,0000000800000002,2515500618646,1005,609
1762996974,0000004000000004,2515592930121,650,610
1762996975,0000000100000001,2515602301996,5278,611
1762996985,0000000400000002,2515704269932,4351,612
1762996997,0000000400000001,2515822690566,2397,613
1762997040,0000000100000008,2516250301998,2642,614
1762997055,0000008000000080,2516396976087,4231,615
1762997072,0000000400000004,2516571278111,4134,616
1762997094,0000008000000080,2516785528533,1622,617
1762997099,0000000100000080,2516839813954,3553,618
1762997107,0000000800000080,2516920064611,3926,619
1762997112,0000000400000080,2516969948383,918,620
1762997114,0000000100000080,2516991943089,4798,621
1762997150,0000008000000001,2517349997962,4036,622
1762997189,0000000100000080,2517739008014,1399,623
1762997198,0000000800000002,2517824707503,1439,624
1762997202,0000004000000004,2517873856331,3682,625
1762997227,0000000400000002,2518118529617,4556,626
1762997231,0000000100000001,2518159013609,2100,627
1762997242,0000004000000080,2518271503203,540,628
1762997246,0000000800000080,2518313469312,3198,629
1762997268,0000000100000001,2518529794921,584,630
1762997301,0000000100000001,2518856943973,1673,631
1762997301,0000000800000004,2518860190126,1478,632
1762997306,0000008000000004,2518904583093,4014,633
1762997306,0000000c00000008,2518906104907,3921,634
1762997313,0000000800000002,2518980105255,4667,635
1762997326,0000000800000001,2519113235691,1838,636
1762997328,0000004000000001,2519125220339,1120,637
1762997329,0000008000000004,2519142847757,5257,638
1762997347,0000000400000006,2519319558794,5018,639
1762997417,0000000800000004,2520015790135,4695,640
1762997436,0000000100000008,2520213277523,3186,641
1762997438,0000008000000080,2520226205712,2404,642
1762997462,0000000800000008,2520473404742,3118,643
1762997463,0000008000000002,2520473866653,3089,644
1762997466,0000000400000080,2520510468058,897,645
1762997469,0000004000000002,2520544098144,4080,646
1762997498,0000000400000004,2520828283904,2542,647
1762997512,0000004000000001,2520964471992,4761,648
1762997512,0000004000000002,2520973075236,4246,649
1762997550,0000008000000080,2521347309775,2486,650
1762997551,0000004000000004,2521361478875,1644,651
1762997562,0000000800000001,2521473625792,5290,652
1762997573,0000004000000008,2521582418444,3947,653
1762997582,0000000100000002,2521666211573,4103,654
1762997582,0000008000000004,2521666495807,4085,655
1762997583,0000008000000080,2521676687088,3460,656
1762997587,0000008000000001,2521715786047,1107,657
1762997596,0000000100000001,2521805722894,893,658
1762997617,0000008000000002,2522023851465,3350,659
1762997650,0000000100000002,2522350957232,4466,660
1762997667,0000004000000004,2522514766179,4993,661
1762997680,0000008000000001,2522653562828,1829,662
1762997701,0000000200000004,2522855884976,5247,663
1762997701,0000000100000001,2522860067464,4999,664
1762997702,0000000400000001,2522870846064,4359,665
1762997707,0000004000000001,2522916880940,1573,666
1762997708,0000004000000008,2522931870265,677,667
1762997718,0000008000000080,2523027401432,5317,668
1762997720,0000008000000080,2523046644981,4169,669
1762997737,0000000800000004,2523218860854,4197,670
1762997752,0000000800000080,2523365440361,568,671
1762997807,0000000400000080,2523922601081,3403,672
1762997878,0000000100000001,2524624653540,2713,673
1762997882,0000004000000080,2524664644794,329,674
1762997884,0000000100000080,2524687459622,4154,675
1762997887,0000000400000001,2524717850697,2305,676
1762997897,0000000100000001,2524814603389,1687,677
1762997910,0000000800000002,2524945598798,4209,678
1762997924,0000000100000008,2525085572009,971,679
1762997935,0000008000000080,2525196982534,4668,680
1762997938,0000008000000080,2525227659157,2799,681
1762997939,0000004000000084,2525243307186,1867,682
1762997943,0000004000000008,2525282894563,4693,683
1762997944,0000000100000005,2525288156727,4380,684
1762997946,0000000100000003,2525309354322,3083,685
1762997963,0000000400000002,2525482267059,3069,686
1762997965,0000000100000001,2525496912160,2189,687
1762997968,0000008000000080,2525524847230,522,688
1762997969,0000000100000001,2525536128565,5037,689
1762997974,0000008000000080,2525591586416,1694,690
1762997986,0000000800000002,2525707120575,5138,691
1762997992,0000008000000001,2525764710760,1669,692
1762998003,0000000100000008,2525876611063,5327,693
1762998042,000000010000000c,2526270598490,2393,694
1762998047,0000008000000080,2526320569494,4604,695
1762998070,0000004000000004,2526551028866,1115,696
1762998081,0000004000000080,2526655463760,5224,697
1762998088,0000000800000080,2526728829091,812,698
1762998098,0000000800000001,2526833050615,4935,699
1762998103,0000000800000008,2526879049402,2154,700
1762998105,0000008000000002,2526896290987,1123,701
1762998106,0000000400000001,2526912251082,172,702
1762998114,0000000200000004,2526991110088,620,703
1762998128,0000008000000080,2527127941810,2759,704
1762998142,0000000100000004,2527267732271,4759,705
1762998149,0000008000000080,2527338303817,512,706
1762998150,0000004000000008,2527353158399,4815,707
1762998157,0000004000000080,2527419030859,845,708
1762998161,0000000400000001,2527455333525,3860,709
1762998169,0000008000000002,2527541770423,3855,710
1762998185,0000000400000001,2527694934995,5028,711
1762998211,0000008000000008,2527960357872,4651,712
1762998262,0000008000000008,2528471391836,5067,713
1762998265,0000000100000008,2528499108065,3392,714
1762998275,0000000100000001,2528601173319,2438,715
1762998307,0000000100000001,2528915150103,4351,716
1762998318,0000008000000080,2529025486317,2883,717
1762998336,0000004000000003,2529204661322,2494,718
1762998348,0000000100000001,2529329114338,221,719
1762998359,0000004000000002,2529435933464,4187,720
1762998362,0000000400000004,2529464370834,2453,721
1762998377,000000c000000080,2529623362041,3284,722
1762998387,0000000100000001,2529716358770,2879,723
1762998391,0000004000000080,2529762887123,5287,724
1762998411,0000000100000080,2529963927139,3579,725
1762998448,0000008000000080,2530327485858,2474,726
1762998465,0000008000000080,2530502908122,2312,727
1762998465,0000008000000080,2530503774619,2261,728
1762998474,0000000800000004,2530593880272,2038,729
1762998496,0000000400000001,2530812738990,4473,730
1762998496,0000000800000002,2530813150342,4448,731
1762998497,0000004000000001,2530816520285,4245,732
1762998502,0000000800000080,2530868101129,1128,733
1762998506,0000000800000080,2530912541047,3654,734
1762998521,0000000100000008,2531058325168,5271,735
1762998527,0000008000000002,2531122103480,1431,736
1762998548,0000000400000002,2531326161589,4751,737
1762998553,0000008000000004,2531381309676,1420,738
1762998556,0000000800000002,2531411479301,4813,739
1762998558,0000000100000002,2531427989022,3815,740
1762998563,0000000100000004,2531484042368,445,741
1762998574,0000000400000001,2531587105128,4637,742
1762998599,0000000100000004,2531835758555,5253,743
1762998600,0000008000000080,2531850091869,4401,744
1762998612,0000000100000004,2531965487075,2627,745
1762998617,0000008000000080,2532022871114,4395,746
1762998624,0000000100000002,2532092244693,217,747
1762998650,0000008000000001,2532353050500,5299,748
1762998659,0000004000000008,2532440093415,5258,749
1762998681,0000008000000004,2532656161573,2632,750
1762998716,0000000800000004,2533006107719,2361,751
1762998720,0000000100000001,2533045563527,5195,752
1762998734,0000000100000001,2533184649069,2014,753
1762998740,0000000100000001,2533247101805,3455,754
1762998763,0000000800000002,2533475829619,5282,755
1762998774,0000000100000080,2533587156853,3783,756
1762998782,0000004000000001,2533666054570,4237,757
1762998795,0000000400000080,2533803680831,1141,758
1762998802,0000000800000002,2533869385322,2373,759
1762998804,0000004000000001,2533885693232,1399,760
1762998810,0000000100000001,2533953932601,2480,761
1762998811,0000000400000002,2533963513970,1911,762
1762998820,0000008000000001,2534053033630,1722,763
1762998823,0000000800000080,2534075365002,388,764
1762998825,0000000800000001,2534100412549,4078,765
1762998827,0000000300000001,2534115789508,3135,766
1762998830,0000008000000080,2534147796481,1215,767
1762998853,0000000800000001,2534382862127,2647,768
1762998863,0000000100000001,2534481604059,1910,769
1762998883,0000000400000004,2534681185334,303,770
1762998884,0000000200000001,2534686290878,5189,771
1762998895,0000000100000002,2534800822987,3487,772
1762998929,0000000400000002,2535134244301,4219,773
1762998934,0000008000000080,2535185605504,1116,774
1762998953,0000000100000001,2535378958932,5074,775
1762998954,0000004000000080,2535384393754,4750,776
1762998954,0000000100000001,2535387780957,4550,777
1762998958,0000000100000001,2535426295257,2213,778
1762998977,0000000800000001,2535614998505,1256,779
1762998987,0000000400000080,2535714456596,476,780
1762998993,0000008000000008,2535778772368,1791,781
1762998996,0000000100000001,2535807180311,5281,782
1762999008,0000000800000004,2535927816199,3210,783
1762999021,0000000800000001,2536060514994,435,784
1762999055,0000000100000004,2536403741574,564,785
1762999056,0000000800000002,2536404704857,506,786
1762999057,0000000100000001,2536417076559,4956,787
1762999063,0000004000000002,2536474162715,1514,788
1762999067,0000000800000002,2536514745013,4282,789
1762999077,0000000200000080,2536617862697,3255,790
1762999114,0000000400000080,2536986714625,1846,791
1762999118,0000000100000001,2537026617495,4653,792
1762999132,0000000100000001,2537164086271,1565,793
1762999153,0000008000000080,2537380481267,4144,794
1762999161,0000004000000004,2537456409998,4769,795
1762999166,0000000400000001,2537511978211,1414,796
1762999169,0000004000000001,2537537138173,5101,797
1762999178,0000008000000080,2537633188482,4526,798
1762999187,0000004000000080,2537714425436,4828,799
1762999187,0000000100000001,2537718413759,4593,800
1762999193,0000008000000002,2537778223034,982,801
1762999215,0000000100000080,2537996208487,3450,802
1762999238,0000000800000004,2538233317861,4781,803
1762999260,0000004000000004,2538449226505,2164,804
1762999262,0000004000000020,2538473848898,693,805
1762999268,000000c000000080,2538525624523,2758,806
1762999269,0000008800000001,2538536560105,2105,807
1762999270,0000004000000004,2538550796979,1253,808
1762999305,0000000100000001,2538901455248,939,809
1762999306,0000000800000008,2538913298380,234,810
1762999329,0000008000000080,2539134313876,2502,811
1762999329,0000008000000001,2539134594638,2484,812
1762999341,0000000200000002,2539259110307,208,813
1762999344,0000000800000008,2539292606045,3376,814
1762999360,0000000100000001,2539449077387,4368,815
1762999366,0000000400000002,2539504159586,1040,816
1762999380,0000008000000080,2539647443631,2798,817
1762999384,0000000100000008,2539692119573,5318,818
1762999401,0000000200000001,2539859901930,425,819
1762999419,0000000400000004,2540042239804,5037,820
1762999422,0000008000000080,2540069872301,3367,821
1762999423,0000000100000008,2540083291115,2550,822
1762999428,0000004000000080,2540132485388,4807,823
1762999441,0000008000000004,2540262059484,2189,824
1762999470,0000000800000080,2540546972617,647,825
1762999515,0000000100000003,2540997391597,4722,826
1762999529,0000004000000004,2541142598208,1168,827
1762999533,0000008000000080,2541181030433,4062,828
1762999534,0000000800000001,2541184358815,3858,829
1762999545,0000008000000008,2541298040190,2201,830
1762999552,0000008000000080,2541372851171,2891,831
1762999564,0000004000000001,2541486441725,1261,832
1762999566,0000000100000002,2541507444665,5197,833
1762999574,0000000100000001,2541589084678,291,834
1762999575,0000000400000008,2541600117572,4822,835
1762999579,0000000100000001,2541636621301,2604,836
1762999584,0000008000000001,2541685938500,4852,837
1762999605,000000800000008f,2541902206753,2215,838
1762999625,0000000800000008,2542101302836,639,839
1762999628,0000004000000002,2542127123777,4288,840
1762999631,0000004000000004,2542154438034,2621,841
1762999633,0000008000000001,2542183307965,899,842
1762999652,0000000800000081,2542367011654,241,843
1762999663,0000008000000008,2542478219658,3940,844
1762999664,0000008000000008,2542485379425,3501,845
1762999668,0000000100000080,2542530468802,791,846
1762999675,0000008000000004,2542596709533,1994,847
1762999689,0000000100000004,2542743170443,3578,848
1762999695,0000000400000004,2542795152563,455,849
1762999697,0000008000000080,2542820963363,4101,850
1762999700,0000000400000002,2542853310162,2138,851
1762999706,0000008000000001,2542911332076,3855,852
1762999709,0000000800000002,2542935733712,2371,853
1762999727,0000004000000002,2543120413301,1659,854
1762999731,0000000800000080,2543162141238,4357,855
1762999742,0000000800000080,2543265847040,3294,856
1762999752,0000004000000002,2543371363478,2139,857
1762999759,0000008000000080,2543442804930,3032,858
1762999771,0000004000000002,2543561878761,1073,859
1762999772,0000000400000080,2543572399246,448,860
1762999782,0000000100000001,2543665973347,5205,861
1762999786,0000000100000001,2543706368940,2758,862
1762999801,0000004000000004,2543860327655,3904,863
1762999812,0000000100000080,2543964444254,2816,864
1762999812,0000000800000002,2543965774040,2735,865
1762999825,0000008000000080,2544096998049,5246,866
1762999825,0000004000000008,2544101697781,4966,867
1762999832,0000000800000080,2544167881826,978,868
1762999834,0000000400000004,2544192009594,4732,869
1762999864,0000008000000080,2544485370188,2643,870
1762999865,0000008000000004,2544503038750,1591,871
1762999866,0000000100000002,2544508395833,1270,872
1762999887,0000008000000008,2544716625459,4341,873
1762999890,0000008000000002,2544744462828,2640,874
1762999892,0000000800000001,2544773335572,918,875
1762999905,0000004000000002,2544895328017,3975,876
1762999908,0000000100000001,2544927990312,1998,877
1762999917,0000000100000002,2545016331024,1879,878
1762999938,0000000400000004,2545230049942,4619,879
1762999946,0000000800000003,2545312871564,4829,880
1762999958,0000000100000002,2545423996506,3326,881
1762999965,0000008000000080,2545501993607,3838,882
1763000001,0000000100000008,2545857200790,3235,883
1763000022,0000008000000001,2546065439206,1101,884
1763000029,0000008000000080,2546138286817,1910,885
1763000036,0000000400000004,2546207462028,2936,886
1763000041,0000000800000008,2546260147697,4977,887
1763000062,0000000400000004,2546471533361,2631,888
1763000065,0000008000000080,2546503306517,737,889
1763000072,0000000900000002,2546566274500,2133,890
1763000075,0000000800000004,2546599342653,162,891
1763000086,0000000400000002,2546711505297,3796,892
1763000092,0000004000000001,2546771868564,168,893
1763000100,0000000400000004,2546850501228,630,894
1763000100,0000000400000080,2546851344354,580,895
1763000109,0000000800000080,2546939228290,487,896
1763000113,0000000400000004,2546974888383,3530,897
1763000128,0000008000000080,2547128406185,4695,898
1763000132,0000000e00000001,2547168095392,2286,899
1763000141,0000000100000001,2547255780244,2208,900
1763000141,0000004000000002,2547261661137,1858,901
1763000186,0000004000000008,2547713249823,672,902
1763000193,0000008000000008,2547775750147,2095,903
1763000196,0000000100000001,2547813258055,5044,904
1763000203,000000c000000080,2547883159968,836,905
1763000207,0000000100000004,2547915510125,4091,906
1763000232,0000008000000002,2548167565619,4515,907
1763000239,0000000400000080,2548236083062,387,908
1763000248,0000000800000008,2548332175110,4993,909
1763000251,0000004000000002,2548356826641,3504,910
1763000256,000000010000000c,2548408314892,409,911
1763000256,0000000800000008,2548410739185,269,912
1763000258,0000004000000008,2548426617437,4514,913
1763000270,0000008000000080,2548551043690,2203,914
1763000272,000000400000000c,2548564869699,1376,915
1763000274,0000000400000008,2548589008754,5124,916
1763000275,0000000100000001,2548595304468,4753,917
1763000275,0000004000000008,2548597592212,4616,918
1763000279,0000000100000001,2548636142397,2278,919
1763000286,0000004000000004,2548705797552,3285,920
1763000300,0000000100000001,2548849981939,5011,921
1763000318,0000004c00000001,2549028013898,4695,922
1763000325,0000004000000008,2549099675603,379,923
1763000333,0000008000000080,2549173823383,1105,924
1763000353,0000004000000001,2549380237051,4285,925
1763000375,0000008000000080,2549603009992,1259,926
1763000377,0000000100000080,2549615827244,495,927
1763000400,0000000800000002,2549851969069,1862,928
1763000408,0000004000000004,2549932056317,2233,929
1763000414,0000000800000008,2549989033503,4019,930
1763000418,0000000800000008,2550030906915,1487,931
1763000424,0000000100000001,2550086940754,3310,932
1763000430,0000000400000002,2550144702972,5038,933
1763000432,0000000400000001,2550170313808,3492,934
1763000435,0000000100000002,2550199594399,1729,935
1763000445,0000008000000080,2550295532404,1152,936
1763000453,0000008000000080,2550381306518,1186,937
1763000454,0000000100000001,2550392177135,540,938
1763000456,0000008000000080,2550412012451,4548,939
1763000461,0000008000000001,2550457631091,1789,940
1763000465,0000008000000080,2550495024154,4745,941
1763000469,0000000800000008,2550540119652,2018,942
1763000474,0000000400000080,2550592429054,4080,943
1763000476,0000000100000008,2550613557454,2788,944
1763000503,0000004000000080,2550876720801,2538,945
1763000514,000000810000000a,2550985639104,1191,946
1763000518,0000000400000080,2551033017440,3539,947
1763000526,0000000400000080,2551105014860,4413,948
1763000539,0000008000000080,2551241624346,1375,949
1763000543,0000000800000001,2551278841025,4345,950
1763000550,0000000200000001,2551343874646,426,951
1763000556,0000000800000008,2551411893818,1522,952
1763000560,0000008000000080,2551445586507,4701,953
1763000562,0000000100000002,2551467249039,3384,954
1763000563,0000000800000002,2551482095585,2483,955
1763000567,0000000100000001,2551515937461,466,956
1763000571,0000000100000080,2551558678513,3072,957
1763000572,0000000800000008,2551565087402,2683,958
1763000589,0000004000000080,2551742012675,2430,959
1763000590,0000000400000002,2551749516877,1985,960
1763000598,0000000100000002,2551825128632,2622,961
1763000601,0000000100000001,2551861780693,438,962
1763000604,0000004000000004,2551892743862,3767,963
1763000617,0000004000000002,2552015134011,1591,964
1763000619,0000004000000008,2552036057350,343,965
1763000619,0000000800000004,2552041208456,5223,966
1763000625,0000000100000001,2552094510528,2008,967
1763000635,0000008000000008,2552195738513,1116,968
1763000655,0000008000000004,2552394016931,4783,969
1763000673,0000000800000002,2552579532052,4011,970
1763000679,0000000100000008,2552638648012,452,971
1763000692,0000000400000004,2552767628036,3065,972
1763000697,0000008000000001,2552813814339,303,973
1763000702,0000008000000080,2552866685060,2301,974
1763000703,0000000100000002,2552876632139,1710,975
1763000703,0000008000000004,2552881874839,1394,976
1763000714,0000000400000001,2552993219611,5092,977
1763000721,0000000100000008,2553060290019,1051,978
1763000734,0000008000000001,2553186765611,3838,979
1763000735,0000000400000004,2553194414763,3369,980
1763000744,0000004000000080,2553285203363,3097,981
1763000774,0000000100000001,2553588305314,460,982
1763000784,0000008000000008,2553691145164,4667,983
1763000790,0000008000000080,2553748680788,1194,984
1763000794,0000000100000004,2553790393946,3887,985
1763000795,0000000800000080,2553800531517,3265,986
1763000802,0000008000000008,2553866481691,4510,987
1763000803,0000000100000080,2553879248970,3734,988
1763000812,0000000400000002,2553965925092,3713,989
1763000846,0000008000000080,2554304527800,4128,990
1763000859,0000008000000008,2554436661679,1361,991
1763000898,0000008000000080,2554831972178,3554,992
1763000899,0000000800000008,2554835086820,3363,993
1763000899,0000000100000003,2554840041595,3060,994
1763000919,0000000800000002,2555040950610,1368,995
1763000925,0000000400000002,2555102094010,2874,996
1763000944,000000c000000080,2555287546593,2113,997
1763000951,0000008000000080,2555360566522,2908,998
1763000953,0000008000000080,2555374761584,2061,999
1763000961,0000000100000002,2555455021380,2422,1000
1763000992,0000000800000004,2555770366001,4253,1001
1763000999,0000000400000002,2555834479516,390,1002
1763001008,0000000100000001,2555927051633,5207,1003
1763001013,0000004400000001,2555980505267,1982,1004
1763001013,0000008000000080,2555983336956,1814,1005
1763001037,0000000100000001,2556220111701,3149,1006
1763001056,0000008800000004,2556404349328,2451,1007
1763001070,0000000400000001,2556552812847,3928,1008
1763001072,0000000c00000001,2556570473855,2844,1009
1763001107,0000008000000080,2556914869479,2903,1010
1763001115,0000008000000080,2557002283398,2840,1011
1763001126,0000000100000001,2557104220766,1910,1012
1763001126,0000000100000008,2557107015150,1743,1013
1763001130,0000000800000004,2557150466527,4339,1014
1763001150,0000000100000001,2557346495729,2910,1015
1763001158,0000004000000080,2557426372909,3307,1016
1763001165,0000004000000008,2557493565236,4477,1017
1763001172,0000000800000080,2557566037650,5300,1018
1763001180,0000000400000004,2557647581431,400,1019
1763001189,0000008000000080,2557739135983,5279,1020
1763001192,0000008000000080,2557769193414,3464,1021
1763001206,0000000400000002,2557912157602,5257,1022
1763001207,0000000400000080,2557914056789,5137,1023
1763001209,0000004000000080,2557941904768,3463,1024
1763001215,0000008000000080,2557994681645,297,1025
1763001236,0000008000000004,2558204428691,3249,1026
1763001244,0000000100000001,2558288315569,3401,1027
1763001246,0000008000000080,2558311584761,1998,1028
1763001253,0000000100000080,2558377867249,3203,1029
1763001297,0000000400000002,2558815593263,2836,1030
1763001311,0000000800000001,2558960584901,4528,1031
1763001327,0000000400000002,2559122012137,5196,1032
1763001332,0000004000000080,2559166063387,2531,1033
1763001332,0000000800000001,2559168017907,2414,1034
1763001333,0000000100000001,2559174060587,2056,1035
1763001353,0000000400000004,2559375152099,360,1036
1763001367,0000000100000001,2559514965489,2322,1037
1763001375,0000000100000004,2559594998478,2698,1038
1763001378,0000004000000004,2559631407688,528,1039
1763001391,0000008000000080,2559759189899,3216,1040
1763001401,0000004000000001,2559860983653,2284,1041
1763001415,0000004000000004,2559998989011,4393,1042
1763001417,0000000100000003,2560016281046,3336,1043
1763001419,0000008000000001,2560041402258,1826,1044
1763001457,0000004000000080,2560416173600,5256,1045
1763001457,0000000800000008,2560418873131,5097,1046
1763001465,0000000100000008,2560500126241,212,1047
1763001471,0000008000000004,2560560553369,1761,1048
1763001482,0000000400000002,2560672458805,234,1049
1763001488,0000004000000008,2560731071308,1890,1050
1763001491,0000000400000008,2560755000089,462,1051
1763001497,0000000800000008,2560814473983,2065,1052
1763001499,0000000100000080,2560840493898,514,1053
1763001505,0000000100000008,2560901056655,2051,1054
1763001521,0000008000000001,2561054413352,3215,1055
1763001522,0000000800000002,2561072629293,2119,1056
1763001523,0000000100000008,2561074620207,2000,1057
1763001524,0000008000000080,2561085252835,1362,1058
1763001528,0000008000000080,2561124402224,4217,1059
1763001552,0000000100000001,2561368258202,5122,1060
1763001554,0000008000000080,2561386321687,4040,1061
1763001568,0000000100000002,2561527794678,719,1062
1763001576,0000004000000080,2561612837200,797,1063
1763001577,0000004000000004,2561622867483,198,1064
1763001580,0000004000000002,2561649018768,3816,1065
1763001587,0000000100000001,2561720101248,4741,1066
1763001607,0000000100000002,2561922960195,2902,1067
1763001620,0000000100000004,2562043963294,833,1068
1763001631,0000000100000001,2562158323864,4350,1069
1763001642,0000000100000004,2562271479198,2712,1070
1763001650,0000004000000008,2562351562289,3093,1071
1763001670,0000000100000080,2562546347209,1771,1072
1763001675,0000004000000001,2562599883010,3751,1073
1763001704,0000000400000008,2562893164022,1685,1074
1763001715,0000000800000002,2563002790257,295,1075
1763001744,0000008000000008,2563284990612,4098,1076
1763001758,0000000400000080,2563424369339,899,1077
1763001759,0000000100000002,2563435229720,251,1078
1763001759,0000000100000004,2563435574002,231,1079
1763001767,0000008000000080,2563521194122,274,1080
1763001770,0000000100000001,2563549670631,3754,1081
1763001775,0000000400000001,2563601148082,655,1082
1763001784,0000000400000004,2563691714094,405,1083
1763001802,0000000100000001,2563872283257,5121,1084
1763001807,0000000200000002,2563919692773,2256,1085
1763001822,0000000100000001,2564068050950,3734,1086
1763001848,0000008000000001,2564328991559,3617,1087
1763001857,0000000800000004,2564418402935,3428,1088
1763001872,0000000100000081,2564563301542,5108,1089
1763001872,0000000400000001,2564573036625,4531,1090
1763001901,0000000100000001,2564856475617,3040,1091
1763001914,0000000100000001,2564989097007,273,1092
1763001915,0000000100000001,2564995710463,5067,1093
1763001919,0000004000000008,2565033869790,2754,1094
1763001919,0000008000000004,2565038671750,2465,1095
1763001937,0000008000000004,2565220143797,1946,1096
1763001978,0000000400000002,2565631557685,3164,1097
1763001982,0000000800000001,2565669317844,901,1098
1763001986,0000004000000002,2565706054805,3892,1099
1763001988,0000000400000002,2565732436275,2287,1100
1763001993,0000008000000080,2565782779087,4476,1101
1763001994,0000004000000002,2565792235728,3901,1102
1763001995,0000000400000080,2565796181717,3659,1103
1763002002,0000000400000002,2565871704137,4319,1104
1763002005,0000004000000004,2565902572433,2440,1105
1763002017,0000000c00000001,2566018644319,667,1106
1763002036,0000000100000001,2566205784332,4995,1107
1763002061,0000000800000080,2566456851146,281,1108
1763002102,0000000200000080,2566865112877,1682,1109
1763002105,0000000100000080,2566895172911,5074,1110
1763002110,0000004000000008,2566945619584,2030,1111
1763002114,0000004000000080,2566986832089,4761,1112
1763002117,0000008000000008,2567019997801,2742,1113
1763002139,0000000800000002,2567238305813,5209,1114
1763002142,0000000100000080,2567272140904,3164,1115
1763002153,0000008000000002,2567382550334,1720,1116
1763002164,0000008000000080,2567488139570,571,1117
1763002174,0000000400000004,2567589873893,4842,1118
1763002183,0000008000000004,2567676300182,4838,1119
1763002208,0000000800000008,2567929684278,5173,1120
1763002229,0000008000000080,2568137472333,3047,1121
1763002242,0000000100000008,2568263518002,674,1122
1763002249,0000000100000080,2568335539376,1529,1123
1763002253,0000008000000001,2568374565773,4391,1124
1763002287,0000000800000001,2568717050612,4564,1125
1763002292,0000000800000080,2568771571354,1271,1126
1763002325,0000000800000004,2569098263823,2386,1127
1763002336,0000000100000001,2569205620110,1131,1128
1763002337,000000c000000080,2569215021797,573,1129
1763002346,0000000100000008,2569309037650,5303,1130
1763002358,0000000100000002,2569426246158,3443,1131
1763002362,0000000100000008,2569465442310,1085,1132
1763002372,0000000400000008,2569567686060,5326,1133
1763002378,0000008000000008,2569628451750,1667,1134
1763002424,0000000400000004,2570090982374,5015,1135
1763002434,0000000100000001,2570184315209,4602,1136
1763002460,0000000400000002,2570448830277,4273,1137
1763002462,0000000100000008,2570469509308,3006,1138
1763002491,0000000400000002,2570757948462,1246,1139
1763002524,0000008000000080,2571087925445,2166,1140
1763002527,0000000400000008,2571119050061,308,1141
1763002545,0000000800000080,2571296099659,5237,1142
1763002549,0000000100000002,2571338886162,2646,1143
1763002552,0000008000000001,2571370585973,757,1144
1763002560,0000008000000001,2571445290007,1452,1145
1763002576,0000000800000001,2571604093965,2280,1146
1763002593,0000000100000001,2571782185050,1960,1147
1763002594,0000000100000001,2571782379305,1948,1148
1763002614,0000008000000080,2571988242752,5154,1149
1763002630,0000000800000080,2572146802420,810,1150
1763002634,0000004000000001,2572185164389,3697,1151
1763002649,0000000400000004,2572335913653,5018,1152
1763002658,0000000400000001,2572427594215,4704,1153
1763002675,0000000800000001,2572595759927,4971,1154
1763002679,0000000400000004,2572640931958,2240,1155
1763002682,0000000100000001,2572668415669,600,1156
1763002687,0000008000000080,2572717443480,2826,1157
1763002722,0000000400000008,2573064077221,2751,1158
1763002727,0000000400000004,2573119694852,4624,1159
1763002739,0000000100000003,2573238716478,2635,1160
1763002745,0000004000000080,2573293654564,4549,1161
1763002757,0000008000000008,2573421017740,2063,1162
1763002760,0000000100000003,2573451845777,222,1163
1763002769,0000000100000005,2573534569279,439,1164
1763002780,0000000800000001,2573652856085,3709,1165
1763002783,0000000100000001,2573678921609,2129,1166
1763002785,0000004000000001,2573699397096,906,1167
1763002801,0000000100000001,2573857597173,1774,1168
1763002801,0000008000000001,2573858485573,1722,1169
1763002831,0000000400000004,2574157888193,4502,1170
1763002832,0000008000000002,2574163250222,4178,1171
1763002832,0000004000000080,2574169189447,3815,1172
1763002863,0000000400000080,2574474898698,1002,1173
1763002863,0000008000000080,2574482072636,577,1174
1763002875,0000000800000001,2574600110670,3864,1175
1763002882,0000000100000001,2574668589290,4939,1176
1763002908,0000008000000004,2574928804900,4871,1177
1763002921,0000000100000008,2575054772289,2468,1178
1763002922,0000004000000001,2575065271992,1844,1179
1763002922,0000004000000002,2575069547430,1587,1180
1763002932,0000000100000001,2575163141413,1152,1181
1763002955,0000008000000080,2575401259734,2402,1182
1763002975,0000000100000080,2575595424265,1119,1183
1763002976,0000000100000080,2575607614950,395,1184
1763002995,0000004000000080,2575801066006,4346,1185
1763002999,0000008000000080,2575842920340,1811,1186
1763003008,0000008000000080,2575924329130,2104,1187
1763003014,0000000800000002,2575984205412,3708,1188
1763003056,0000008000000008,2576405775829,4328,1189
1763003068,0000008000000080,2576526939835,2212,1190
1763003074,0000008000000008,2576588654003,3706,1191
1763003078,0000008000000080,2576623438999,1608,1192
1763003078,0000000400000080,2576625775210,1467,1193
1763003088,0000000800000080,2576727758901,535,1194
1763003093,0000000100000001,2576775008987,2868,1195
1763003097,0000008000000080,2576819188099,231,1196
1763003102,0000000400000008,2576866705018,2546,1197
1763003104,0000004000000001,2576889545663,1182,1198
1763003106,0000004000000001,2576905289924,245,1199
1763003107,0000008000000080,2576919313643,4600,1200
1763003110,0000000100000001,2576943429057,3130,1201
1763003120,0000004000000002,2577044392942,2251,1202
1763003125,0000000800000001,2577097568609,4266,1203
1763003134,0000008000000008,2577183302820,4302,1204
1763003138,0000000400000008,2577231610676,1382,1205
1763003154,0000000100000001,2577388252921,2339,1206
1763003169,0000000400000080,2577537811591,3747,1207
1763003194,0000004000000080,2577788655927,4246,1208
1763003205,0000000100000001,2577893586945,3107,1209
1763003235,0000000100000001,2578201514097,183,1210
1763003240,0000000400000004,2578250707101,2399,1211
1763003247,0000008000000080,2578321779548,3326,1212
1763003264,0000000400000080,2578485634307,3869,1213
1763003269,0000008000000080,2578541416499,511,1214
1763003270,0000004000000080,2578547822412,5316,1215
1763003288,0000004000000080,2578724300580,5092,1216
1763003307,0000000100000080,2578922916367,3527,1217
1763003309,0000000100000002,2578934015405,2848,1218
1763003309,0000000800000004,2578940949390,2429,1219
1763003319,0000004000000004,2579039434441,1709,1220
1763003330,0000000400000008,2579144646359,582,1221
1763003386,0000000400000004,2579706340423,3140,1222
1763003386,0000000100000001,2579711992790,2795,1223
1763003395,0000008000000080,2579793193607,3108,1224
1763003404,0000004000000080,2579891541734,2383,1225
1763003405,0000008000000008,2579900304925,1865,1226
1763003410,0000000100000004,2579946649241,4286,1227
1763003421,0000000200000004,2580060896165,2582,1228
1763003429,0000000100000008,2580136489018,3236,1229
1763003441,0000000400000080,2580256896233,1191,1230
1763003443,0000004000000008,2580273737748,188,1231
1763003453,0000000100000001,2580379062448,4246,1232
1763003456,0000008000000080,2580403381255,2756,1233
1763003461,0000000800000001,2580459145031,4622,1234
1763003464,0000000100000002,2580486852367,2931,1235
1763003466,0000000800000008,2580511812835,1439,1236
1763003472,0000004000000080,2580570613119,3090,1237
1763003484,0000008000000002,2580685247558,1394,1238
1763003492,0000004000000004,2580769081649,1546,1239
1763003493,0000008000000080,2580780458164,864,1240
1763003496,0000004000000002,2580810551664,4259,1241
1763003505,0000000400000002,2580901405328,3985,1242
1763003508,0000008000000080,2580928050531,2362,1243
1763003514,0000000100000003,2580989520920,3877,1244
1763003541,0000008000000080,2581260395384,3149,1245
1763003547,0000008000000080,2581315506112,5041,1246
1763003549,0000000400000080,2581337236836,3732,1247
1763003569,0000000100000001,2581533507022,2302,1248
1763003572,0000000800000008,2581567937463,248,1249
1763003581,0000008000000010,2581657639329,5236,1250
1763003589,0000008000000008,2581742291905,162,1251
1763003611,0000000800000080,2581962623581,2456,1252
1763003625,0000000100000001,2582094896221,4908,1253
1763003628,0000000100000003,2582130673730,2735,1254
1763003636,0000004000000080,2582208121566,3277,1255
1763003648,0000004000000001,2582331795169,1037,1256
1763003653,0000000100000008,2582374782664,3648,1257
1763003671,0000000100000008,2582559245614,2926,1258
1763003683,0000000400000001,2582678566946,954,1259
1763003690,0000004000000008,2582743779889,2217,1260
1763003694,0000000100000001,2582785423770,4920,1261
1763003712,0000000100000080,2582971517094,4119,1262
1763003720,0000000400000080,2583046445319,4804,1263
1763003720,0000000100000004,2583046933926,4776,1264
1763003764,0000000100000002,2583483180919,4507,1265
1763003772,0000000100000001,2583569963441,4480,1266
1763003787,0000004000000080,2583721813650,533,1267
1763003828,0000004000000008,2584127138549,2108,1268
1763003828,0000004000000008,2584129681895,1957,1269
1763003847,0000008000000002,2584314726054,1217,1270
1763003849,0000004000000080,2584334598550,5221,1271
1763003859,0000000400000080,2584442793354,3911,1272
1763003870,0000000100000002,2584550796811,2587,1273
1763003880,0000008000000080,2584648740524,1899,1274
1763003881,0000000400000004,2584653805924,1596,1275
1763003893,0000000100000001,2584778338094,4508,1276
1763003918,0000000800000004,2585027750543,5079,1277
1763003920,0000000800000004,2585047670069,3884,1278
1763003931,0000000800000004,2585159239090,2349,1279
1763003935,0000008000000080,2585197392750,5260,1280
1763003949,0000008000000001,2585340066222,1866,1281
1763003978,0000008000000080,2585629454481,5241,1282
1763003983,0000000400000080,2585678862452,2257,1283
1763003985,0000000400000080,2585699489086,1024,1284
1763004005,0000000100000001,2585893945018,4917,1285
1763004005,0000000800000004,2585898980424,4619,1286
1763004016,0000008000000002,2586002880450,3552,1287
1763004035,0000000800000080,2586198354337,2174,1288
1763004035,0000000800000001,2586199167993,2125,1289
1763004038,0000008000000008,2586232718619,5310,1290
1763004071,0000000800000080,2586558132269,1311,1291
1763004073,0000004000000008,2586580109335,5190,1292
1763004081,0000000800000080,2586661443094,301,1293
1763004092,0000000100000002,2586763922349,4530,1294
1763004118,0000000400000001,2587031915788,3989,1295
1763004122,0000000100000001,2587068793431,1757,1296
1763004125,0000000100000002,2587099946808,5086,1297
1763004126,0000004000000002,2587108274327,4593,1298
1763004131,0000000100000001,2587156798537,1659,1299
1763004134,0000008000000080,2587189818268,4876,1300
1763004139,0000000500000001,2587240595412,1810,1301
1763004156,0000008000000080,2587410956167,1950,1302
1763004162,0000004000000001,2587472149534,3467,1303
1763004164,000000810000008d,2587486526696,2589,1304
1763004169,0000000800000008,2587538978091,4654,1305
1763004178,0000000800000001,2587624826778,4683,1306
1763004182,0000008000000008,2587669319438,1990,1307
1763004187,0000000400000008,2587714186036,4503,1308
1763004190,000000010000000c,2587748829532,2396,1309
1763004194,0000000800000008,2587786472166,162,1310
1763004196,0000008000000081,2587811236502,3852,1311
1763004204,0000000400000002,2587888673584,4395,1312
1763004224,0000000100000001,2588092479161,2498,1313
1763004230,0000008000000080,2588148836340,4327,1314
1763004245,0000000400000080,2588295306917,701,1315
1763004246,0000000100000002,2588310700768,4973,1316
1763004268,0000000100000001,2588527246583,2317,1317
1763004290,0000008000000001,2588749237670,4568,1318
1763004295,0000000100000004,2588793348535,1899,1319
1763004323,0000000800000080,2589076563742,455,1320
1763004345,0000000800000002,2589301688297,2477,1321
1763004346,0000000800000004,2589305441994,2254,1322
1763004356,0000008000000008,2589403250201,1571,1323
1763004372,0000000100000001,2589571496617,1837,1324
1763004375,0000000100000001,2589599607967,162,1325
1763004377,0000000100000001,2589616240957,4356,1326
1763004380,0000000800000002,2589650850164,2252,1327
1763004384,0000004000000001,2589690454304,5077,1328
1763004388,0000000100000001,2589731547159,2587,1329
1763004397,0000004000000004,2589817274440,2623,1330
1763004402,0000008000000080,2589864546488,4994,1331
1763004402,0000000400000001,2589871636910,4575,1332
1763004406,0000008000000080,2589905692294,2501,1333
1763004420,0000000800000002,2590045698951,4493,1334
1763004440,0000000100000003,2590244047046,2925,1335
1763004467,0000000400000008,2590516320116,2133,1336
1763004468,0000004000000004,2590522742597,1751,1337
1763004478,0000000100000003,2590625680365,759,1338
1763004485,0000008000000001,2590701625841,1379,1339
1763004503,0000000100000008,2590878582594,1123,1340
1763004505,0000000100000001,2590894710157,163,1341
1763004506,0000000800000004,2590902753910,4875,1342
1763004509,0000000100000080,2590936533582,2820,1343
1763004532,0000000800000001,2591167126624,4557,1344
1763004539,0000000400000001,2591235540861,435,1345
1763004545,0000008000000004,2591300723269,1699,1346
1763004551,0000000800000004,2591359292836,3368,1347
1763004557,0000004100000080,2591416269731,5144,1348
1763004560,0000000400000002,2591451358219,3017,1349
1763004571,0000000800000001,2591556657943,1885,1350
1763004578,0000000100000080,2591626570071,2864,1351
1763004587,0000008000000080,2591714040622,2795,1352
1763004626,0000004000000004,2592107696939,5103,1353
1763004634,0000000100000002,2592189699832,174,1354
1763004638,0000000400000002,2592224848801,3240,1355
1763004651,0000000800000002,2592353292248,718,1356
1763004662,0000000400000008,2592468222170,4200,1357
1763004669,0000000400000002,2592540922168,5016,1358
1763004672,0000000100000004,2592565022975,3561,1359
1763004678,0000000100000002,2592630077887,4850,1360
1763004686,0000000100000002,2592711110788,5162,1361
1763004687,0000000400000008,2592720142209,4628,1362
1763004700,0000008000000001,2592852377734,1853,1363
1763004708,0000000800000004,2592930285314,2354,1364
1763004739,0000004000000004,2593238278345,4624,1365
1763004749,0000000100000080,2593333462435,4091,1366
1763004778,0000008000000008,2593628410236,1917,1367
1763004782,0000000400000001,2593665922068,4866,1368
1763004786,0000000400000002,2593703976697,2557,1369
1763004797,0000000100000001,2593819178191,835,1370
1763004817,0000008000000080,2594017656339,4490,1371
1763004818,0000004000000001,2594024823885,4056,1372
1763004823,0000004000000008,2594073140633,1137,1373
1763004851,0000000800000008,2594353724588,5042,1374
1763004861,0000000100000080,2594461936079,3725,1375
1763004868,0000000800000001,2594530953413,4774,1376
1763004890,0000008000000080,2594748607298,2054,1377
1763004891,0000000100000001,2594756224535,1599,1378
1763004907,0000000100000001,2594918409551,2225,1379
1763004919,0000008000000008,2595038296360,224,1380
1763004937,0000000100000080,2595212715865,5308,1381
1763004946,0000000100000002,2595311978432,4542,1382
1763004950,0000000800000002,2595350053480,2230,1383
1763004964,0000000400000001,2595486259878,4446,1384
1763004968,0000000400000008,2595523926190,2160,1385
1763004976,0000000400000002,2595605448040,2446,1386
1763004983,000000040000000a,2595678274121,3266,1387
1763004985,0000000800000001,2595693881066,2322,1388
1763004989,0000008000000080,2595737677286,4899,1389
1763004991,0000004000000080,2595754867202,3864,1390
1763005009,0000008000000080,2595935877212,3354,1391
1763005016,0000008000000001,2596008324333,4205,1392
1763005036,0000008000000080,2596203109852,2851,1393
1763005041,0000000100000008,2596257932700,4769,1394
1763005050,0000008000000004,2596347389808,4586,1395
1763005052,0000000400000002,2596370151558,3197,1396
1763005064,0000000400000080,2596484038553,1546,1397
1763005087,0000000100000001,2596712867285,3362,1398
1763005124,0000000400000020,2597083680907,1831,1399
1763005137,0000000100000002,2597217087352,4210,1400
1763005148,0000000400000008,2597332394124,2444,1401
1763005175,0000008000000008,2597600046275,1935,1402
1763005185,0000000100000004,2597693739682,1494,1403
1763005190,0000008000000001,2597748188275,3412,1404
1763005199,0000000100000004,2597836897298,3266,1405
1763005204,0000008000000008,2597889102864,5327,1406
1763005226,0000000100000001,2598107013679,2594,1407
1763005232,0000000800000002,2598169783751,4035,1408
1763005234,0000000100000008,2598188187569,2906,1409
1763005234,0000000100000007,2598189378210,2834,1410
1763005241,0000000800000002,2598257089470,3974,1411
1763005257,0000000100000003,2598419265647,4611,1412
1763005257,0000008000000004,2598420250662,4552,1413
1763005257,0000000400000001,2598420298281,4550,1414
1763005260,0000008000000001,2598448173978,2846,1415
1763005262,0000000400000001,2598467413046,1700,1416
1763005278,0000008000000004,2598632084638,2178,1417
1763005305,0000008000000080,2598893717404,2024,1418
1763005316,0000008000000080,2599006353273,454,1419
1763005317,0000000800000008,2599015192799,5114,1420
1763005318,0000000100000008,2599028811192,4303,1421
1763005321,0000004000000004,2599053056348,2820,1422
1763005338,0000000400000004,2599232224341,2431,1423
1763005351,0000000100000001,2599356030300,198,1424
1763005353,0000000400000001,2599372835668,4385,1425
1763005364,0000004000000080,2599485049953,2803,1426
1763005366,0000000800000008,2599505871290,1561,1427
1763005370,0000004000000001,2599550337492,4093,1428
1763005376,0000000400000004,2599611477698,412,1429
1763005412,0000000800000004,2599969601259,4842,1430
1763005416,0000008000000080,2600006822912,2580,1431
1763005417,0000000100000001,2600016232356,2021,1432
1763005420,0000004000000008,2600051936482,5078,1433
1763005429,0000000100000001,2600135271804,5258,1434
1763005432,0000008000000001,2600166616040,3367,1435
1763005456,0000000100000080,2600411614377,4226,1436
1763005460,0000004000000008,2600447393060,2056,1437
1763005467,0000000400000080,2600517752151,3013,1438
1763005469,0000000100000001,2600533700918,2059,1439
1763005470,0000004000000004,2600547941539,1205,1440
1763005496,0000008000000001,2600805929079,1268,1441
1763005502,0000000100000002,2600865675165,2858,1442
1763005504,0000000800000004,2600886614781,1609,1443
1763005506,0000000100000004,2600904819343,522,1444
1763005506,0000000100000004,2600906609931,414,1445
1763005506,0000000400000001,2600908468696,303,1446
1763005515,0000000100000008,2600995932553,236,1447
1763005527,0000008000000080,2601112614637,3600,1448
1763005556,0000000100000001,2601403682153,1670,1449
1763005566,0000000800000080,2601507472184,628,1450
1763005567,0000000100000005,2601513748915,253,1451
1763005568,0000008000000004,2601528443429,4567,1452
1763005588,0000008000000080,2601730846294,2755,1453
1763005591,0000008000000080,2601754032554,1370,1454
1763005594,0000000400000001,2601791388369,4333,1455
1763005602,000000c000000080,2601872178063,4666,1456
1763005603,0000004000000002,2601880156044,4186,1457
1763005614,0000000100000001,2601989894161,2754,1458
1763005621,0000000100000008,2602061631842,3648,1459
1763005627,0000000100000002,2602115757235,397,1460
1763005650,0000000100000001,2602350493769,1848,1461
1763005651,0000008000000008,2602356293452,1500,1462
1763005653,0000000800000008,2602379548357,5301,1463
1763005671,0000000100000001,2602558358921,4938,1464
1763005672,0000004000000008,2602564823647,4554,1465
1763005672,0000008000000080,2602571379424,4158,1466
1763005683,0000000100000001,2602675999449,3039,1467
1763005689,0000008000000080,2602734612127,4727,1468
1763005710,0000000100000006,2602945950142,2381,1469
1763005725,000000800000000c,2603093890021,3887,1470
1763005725,0000008000000002,2603095745516,3773,1471
1763005753,0000000100000002,2603381345525,2162,1472
1763005774,0000000100000001,2603588638145,5285,1473
1763005775,0000004000000080,2603594070710,4962,1474
1763005779,0000000400000002,2603634755043,2498,1475
1763005794,0000000100000001,2603792193200,3425,1476
1763005799,0000004000000080,2603837579971,701,1477
1763005804,0000008000000080,2603890600823,2687,1478
1763005817,0000000100000003,2604016654888,320,1479
1763005821,0000000200000008,2604054739930,3210,1480
1763005823,0000008000000002,2604078622993,1776,1481
1763005826,0000000100000002,2604110877443,5038,1482
1763005827,0000008000000001,2604121832169,4387,1483
1763005847,0000000100000001,2604320894691,2775,1484
1763005853,0000004000000004,2604374208472,4785,1485
1763005862,0000000800000006,2604462447942,4671,1486
1763005867,0000000100000001,2604512529964,1646,1487
1763005869,000000080000000c,2604538012999,5311,1488
1763005871,0000000400000004,2604555027228,4300,1489
1763005879,0000008000000002,2604633491515,4770,1490
1763005882,0000008000000002,2604671646067,2452,1491
1763005895,0000000100000002,2604793491051,336,1492
1763005919,0000008000000080,2605032665865,1522,1493
1763005921,0000004000000002,2605055885381,5323,1494
1763005943,0000000100000001,2605275315692,2498,1495
1763005973,0000000400000004,2605577565935,5109,1496
1763005978,0000008000000080,2605622829383,2371,1497
1763005991,0000008000000080,2605753685496,4906,1498
1763005999,0000000200000001,2605833487412,5293,1499
1763005999,0000000100000002,2605842192691,4778,1500
1763006002,0000008000000080,2605865525401,3361,1501
1763006005,0000000100000001,2605894251265,3271,1502
1763006020,0000000400000004,2606049273122,2686,1503
1763006023,0000000100000001,2606075574095,1116,1504
1763006048,0000008000000008,2606322527267,1841,1505
1763006048,0000008000000080,2606328053361,1510,1506
1763006066,0000000800000002,2606505053957,1251,1507
1763006066,0000000100000001,2606506088702,1190,1508
1763006072,0000008000000080,2606563105204,2944,1509
1763006096,0000008000000001,2606807688180,3830,1510
1763006139,0000008000000002,2607236942081,3982,1511
1763006142,0000008000000080,2607269743934,1995,1512
1763006151,0000000100000080,2607356748925,1957,1513
1763006157,0000004000000004,2607416350422,3571,1514
1763006161,0000004000000003,2607459591374,968,1515
1763006165,0000000100000002,2607501811971,3625,1516
1763006172,0000004000000008,2607564245572,5066,1517
1763006176,0000000100000008,2607611482569,2212,1518
1763006178,0000008000000001,2607628292361,1206,1519
1763006183,0000000100000008,2607676341080,3512,1520
1763006185,0000000400000001,2607702040253,1961,1521
1763006198,0000000800000002,2607828733029,4743,1522
1763006206,0000000800000008,2607909267353,5088,1523
1763006209,0000004000000080,2607938493064,3321,1524
1763006210,0000008000000080,2607952157918,2492,1525
1763006223,0000000800000008,2608074403406,350,1526
1763006245,0000000400000080,2608302146133,2218,1527
1763006247,0000008000000008,2608316664414,1351,1528
1763006258,0000000100000080,2608424760503,5240,1529
1763006265,0000004000000001,2608493354503,1110,1530
1763006268,0000004000000008,2608526035372,4353,1531
1763006320,0000004000000001,2609047839394,4127,1532
1763006376,0000000100000001,2609602498774,1910,1533
1763006379,0000000100000001,2609632344067,5316,1534
1763006388,0000000800000008,2609724154499,4991,1535
1763006395,0000000400000080,2609801662820,330,1536
1763006400,0000008000000001,2609842616838,3042,1537
1763006400,0000000100000001,2609849568718,2622,1538
1763006413,0000000100000008,2609973372772,388,1539
1763006447,0000000400000080,2610318219889,421,1540
1763006449,0000000100000001,2610334329345,4650,1541
1763006458,0000008000000008,2610426404354,4308,1542
1763006466,000000c000000080,2610502931038,4892,1543
1763006466,0000000800000002,2610509338692,4512,1544
1763006469,0000000800000008,2610538190552,2750,1545
1763006478,0000004000000001,2610628774561,2496,1546
1763006483,0000008000000008,2610679181844,4681,1547
1763006485,0000000400000001,2610700812632,3367,1548
1763006487,0000008000000080,2610717307037,2367,1549
1763006496,0000000400000002,2610806996665,2169,1550
1763006501,0000000800000001,2610857435507,4349,1551
1763006515,0000008000000008,2610992404051,1409,1552
1763006523,0000008000000004,2611079250718,1378,1553
1763006565,0000000800000080,2611495960976,2275,1554
1763006572,0000000100000001,2611562465245,3478,1555
1763006577,0000000100000003,2611616532977,235,1556
1763006583,0000008000000008,2611673042689,2015,1557
1763006584,0000000400000080,2611690866669,949,1558
1763006613,0000000400000001,2611978936341,4408,1559
1763006624,0000000100000002,2612082680060,3346,1560
1763006631,0000004000000004,2612153650900,4287,1561
1763006633,0000000100000080,2612176193613,2907,1562
1763006634,0000004000000001,2612189807729,2093,1563
1763006641,0000008000000080,2612259500525,3091,1564
1763006644,0000000100000080,2612288799771,1337,1565
1763006659,0000000400000080,2612436186731,2848,1566
1763006664,0000008000000004,2612485551525,5090,1567
1763006673,0000004000000008,2612573609699,4989,1568
1763006677,0000000800000008,2612614917979,2487,1569
1763006681,000000080000000c,2612660522751,4956,1570
1763006681,0000008000000080,2612660966710,4929,1571
1763006686,0000008000000080,2612703440821,2356,1572
1763006714,0000000800000080,2612988415921,810,1573
1763006719,0000000400000080,2613040447835,2858,1574
1763006720,0000000100000001,2613047851149,2413,1575
1763006728,0000000200000002,2613131419087,2580,1576
1763006741,0000008000000080,2613255086748,354,1577
1763006757,0000004000000002,2613420605489,782,1578
1763006770,0000000100000001,2613548395189,3479,1579
1763006771,0000000400000008,2613555705849,3030,1580
1763006771,0000000100000008,2613561689850,2666,1581
1763006784,0000000100000001,2613686574555,369,1582
1763006794,0000000100000001,2613787410322,4696,1583
1763006808,0000000800000008,2613930960220,1241,1584
1763006812,0000000400000004,2613963745094,4478,1585
1763006815,0000004000000002,2614000924279,2221,1586
1763006816,0000004000000002,2614004330277,2019,1587
1763006834,0000000100000080,2614186378848,1460,1588
1763006878,0000008000000001,2614631786455,645,1589
1763006892,0000004000000080,2614764615727,3026,1590
1763006902,0000008000000080,2614864840081,2194,1591
1763006902,0000000100000001,2614870321144,1869,1592
1763006922,0000000100000003,2615064070558,611,1593
1763006931,0000002000000008,2615160828191,5176,1594
1763006936,0000000100000002,2615205374993,2480,1595
1763006939,0000008000000080,2615234462691,747,1596
1763006945,0000000800000008,2615294996351,2286,1597
1763006957,0000000100000001,2615414083605,334,1598
1763006958,0000000800000002,2615424589780,4896,1599
1763006958,0000000800000008,2615429403170,4612,1600
1763006966,0000000100000080,2615502968212,183,1601
1763006966,0000000400000008,2615507150875,5121,1602
1763006970,0000000100000001,2615545899315,2773,1603
1763006976,0000008000000008,2615608362484,4234,1604
1763006983,0000000100000080,2615673005111,341,1605
1763006985,0000004000000001,2615701883462,3795,1606
1763006987,0000000800000001,2615718419901,2783,1607
1763007036,0000000500000008,2616205137789,4693,1608
1763007047,0000000400000080,2616317058241,3135,1609
1763007051,0000000100000080,2616355011488,862,1610
1763007101,0000000100000001,2616857094709,1819,1611
1763007107,0000004000000080,2616919870306,3235,1612
1763007119,0000000400000002,2617035639104,1468,1613
1763007121,0000000100000002,2617061732504,5099,1614
1763007135,0000008000000080,2617198706967,2043,1615
1763007167,0000000100000002,2617517930555,3625,1616
1763007172,0000000100000004,2617567759424,631,1617
1763007176,0000000100000001,2617610671685,3232,1618
1763007189,0000000100000004,2617733695511,1030,1619
1763007191,0000000100000001,2617758479372,4745,1620
1763007194,0000000100000008,2617784410803,3167,1621
1763007209,0000000800000004,2617935465415,4490,1622
1763007225,000000400000000c,2618096018606,5210,1623
1763007232,0000000800000080,2618169971547,762,1624
1763007235,0000000100000001,2618198191739,4268,1625
1763007240,0000000100000080,2618251120045,1070,1626
1763007252,0000008000000008,2618368496253,4411,1627
1763007254,0000000800000003,2618390984024,3036,1628
1763007287,0000000100000002,2618716562432,4249,1629
1763007289,0000000800000001,2618739891684,2821,1630
1763007296,0000000100000001,2618806190446,4049,1631
1763007312,0000004000000008,2618964560335,4909,1632
1763007317,0000000400000080,2619017907630,1690,1633
1763007321,0000000400000001,2619055211563,4653,1634
1763007328,0000000400000080,2619123297562,553,1635
1763007347,0000000400000008,2619316328090,4530,1636
1763007349,0000008000000080,2619341809058,2973,1637
1763007362,0000000100000001,2619466114739,705,1638
1763007367,0000000400000080,2619515911867,2887,1639
1763007415,0000000100000001,2619992652437,201,1640
1763007422,0000000400000004,2620066920739,920,1641
1763007452,0000000800000002,2620362083348,3948,1642
1763007480,0000000400000001,2620651896337,2082,1643
1763007483,0000008000000080,2620680486261,376,1644
1763007488,0000000800000002,2620726608668,2774,1645
1763007494,0000000400000002,2620782872996,4609,1646
1763007494,0000008000000080,2620786902500,4368,1647
1763007495,0000004000000002,2620799836993,3578,1648
1763007505,0000000100000004,2620893028361,3158,1649
1763007513,0000008000000080,2620974509267,3457,1650
1763007534,0000008000000002,2621188760049,958,1651
1763007540,0000000100000001,2621249574456,2483,1652
1763007541,0000000100000001,2621260403884,1839,1653
1763007543,0000000100000080,2621276668674,865,1654
1763007563,0000004000000004,2621472187807,4696,1655
1763007569,0000000400000008,2621541012741,552,1656
1763007571,0000008000000080,2621561531067,4517,1657
1763007598,0000008000000080,2621825747332,4205,1658
1763007603,0000004000000008,2621873052417,1345,1659
1763007608,0000004000000080,2621924899413,3419,1660
1763007614,0000000100000004,2621982438101,5159,1661
1763007625,0000000100000080,2622097252507,3441,1662
1763007632,0000004000000080,2622167156478,4445,1663
1763007637,0000008000000001,2622220387543,1228,1664
1763007648,0000004000000080,2622331348808,4950,1665
1763007659,0000000400000001,2622437263226,3772,1666
1763007660,0000000100000002,2622447079864,3169,1667
1763007672,0000004000000080,2622565065481,1271,1668
1763007682,0000008000000080,2622670709023,5307,1669
1763007696,0000000800000001,2622801917644,2595,1670
1763007710,0000000100000080,2622945079384,4397,1671
1763007735,0000000400000001,2623193952560,5001,1672
1763007748,0000004000000001,2623328234410,2107,1673
1763007777,0000000100000001,2623614891096,457,1674
1763007784,0000008000000002,2623691287385,1048,1675
1763007813,0000008000000080,2623972623680,4908,1676
1763007819,0000000800000008,2624037647346,990,1677
1763007843,0000000800000004,2624275106208,2279,1678
1763007848,0000000800000001,2624330195006,4181,1679
1763007848,0000000100000008,2624330362917,4169,1680
1763007860,0000000100000002,2624450637955,2110,1681
1763007862,0000004000000001,2624462857774,1380,1682
1763007872,0000000400000002,2624565012094,438,1683
1763007878,0000008000000008,2624623984323,2071,1684
1763007881,000000c000000080,2624657572406,5255,1685
1763007893,0000000800000002,2624776728383,3273,1686
1763007895,0000004000000002,2624801301301,1796,1687
1763007901,0000000400000002,2624861152201,3390,1688
1763007903,0000000800000008,2624874172888,2596,1689
1763007907,0000008000000080,2624921208669,4981,1690
1763007930,0000000400000080,2625142149471,2067,1691
1763007942,0000000400000008,2625268080241,4892,1692
1763007946,0000000400000001,2625311662277,2256,1693
1763007951,0000000400000008,2625360339022,4542,1694
1763007955,0000004000000001,2625400596130,2102,1695
1763007958,0000000400000008,2625428556362,434,1696
1763007976,0000008000000001,2625604472082,240,1697
1763007976,0000000200000001,2625611429106,5014,1698
1763007979,0000000100000001,2625633405800,3689,1699
1763007984,0000000400000001,2625689247455,334,1700
1763007991,0000008000000001,2625756764353,1457,1701
1763007997,0000000100000002,2625814189297,3192,1702
1763008006,0000000400000008,2625909027950,2674,1703
1763008006,0000008000000080,2625911526109,2524,1704
1763008028,0000008000000002,2626122317178,253,1705
1763008029,000000c000000080,2626141779096,4282,1706
1763008030,0000008000000004,2626150234572,3765,1707
1763008036,0000000100000001,2626208180318,282,1708
1763008055,0000004000000080,2626397879327,4459,1709
1763008080,0000000400000008,2626647727917,5005,1710
1763008082,0000000100000080,2626671035926,3598,1711
1763008095,0000000100000080,2626799920645,1037,1712
1763008105,0000000100000001,2626901430680,5321,1713
1763008106,0000000400000002,2626903532733,5196,1714
1763008118,0000008000000080,2627027140611,2941,1715
1763008136,0000004000000008,2627211422896,2246,1716
1763008142,0000000400000080,2627266420825,4151,1717
1763008143,0000000100000007,2627280476128,3290,1718
1763008153,0000000100000001,2627376689793,2686,1719
1763008164,000000c000000001,2627486743457,1272,1720
1763008172,0000008100000004,2627564950439,1762,1721
1763008181,0000004000000002,2627651792054,1732,1722
1763008183,0000000100000001,2627681626533,5138,1723
1763008194,000000c000000080,2627784031847,4179,1724
1763008205,0000008000000008,2627899859309,2384,1725
1763008215,0000008000000001,2627994188334,1910,1726
1763008219,0000000100000004,2628041518692,4274,1727
1763008221,0000008000000080,2628054543710,3476,1728
1763008229,0000000400000002,2628139516927,3562,1729
1763008237,0000000400000001,2628220399419,3896,1730
1763008251,0000004000000080,2628355774296,940,1731
1763008251,0000000800000008,2628358588997,774,1732
1763008299,0000008000000002,2628838074514,3083,1733
1763008301,0000000800000002,2628855818250,2019,1734
1763008307,0000008000000001,2628914628766,3685,1735
1763008380,0000000800000080,2629644982734,1297,1736
1763008381,0000000400000001,2629656174137,632,1737
1763008385,0000000400000080,2629699878989,3184,1738
1763008396,0000008000000008,2629807235767,1924,1739
1763008400,0000000200000001,2629844120545,4910,1740
1763008402,0000000800000080,2629864762733,3664,1741
1763008414,0000000800000002,2629985360242,1599,1742
1763008422,0000008000000080,2630062580208,2143,1743
1763008440,0000000400000001,2630242579039,1708,1744
1763008441,0000000100000080,2630254590262,989,1745
1763008447,0000000100000001,2630317331925,2396,1746
1763008461,0000000100000002,2630452936791,4650,1747
1763008471,0000004000000001,2630558588562,3476,1748
1763008474,0000004000000004,2630583020986,2002,1749
1763008481,0000000800000008,2630657373935,2716,1750
1763008504,0000000100000001,2630882428717,4783,1751
1763008504,0000000100000003,2630885120461,4624,1752
1763008519,0000000800000004,2631033920112,857,1753
1763008538,0000000100000004,2631222397554,5104,1754
1763008538,0000008000000004,2631225419186,4925,1755
1763008543,0000000100000001,2631273568739,2015,1756
1763008546,0000008000000080,2631301868699,325,1757
1763008552,0000000100000008,2631370260067,1396,1758
1763008555,0000000100000001,2631393938517,5170,1759
1763008563,0000000100000004,2631479862963,5196,1760
1763008564,0000008000000008,2631483469624,4981,1761
1763008573,0000000100000002,2631573531289,4762,1762
1763008574,0000000800000002,2631586787660,3963,1763
1763008582,0000008000000004,2631670543694,4121,1764
1763008585,0000008000000004,2631700713302,2286,1765
1763008595,0000000400000001,2631799587528,1540,1766
1763008596,0000000100000080,2631803809940,1287,1767
1763008605,0000000100000001,2631896242399,923,1768
1763008609,0000000100000080,2631934532605,3817,1769
1763008616,0000004000000080,2632004718156,4794,1770
1763008630,0000000100000008,2632149272863,1282,1771
1763008634,0000008000000004,2632184955203,4344,1772
1763008649,0000000100000001,2632331689797,702,1773
1763008669,0000000100000001,2632533836275,4132,1774
1763008676,0000000800000080,2632602987092,5160,1775
1763008701,0000000100000003,2632852935281,515,1776
1763008713,0000000100000008,2632977365289,3410,1777
1763008717,0000000400000004,2633012060064,1323,1778
1763008726,0000008000000080,2633102953550,1051,1779
1763008731,0000004000000080,2633152975655,3230,1780
1763008733,0000008000000004,2633171744449,2100,1781
1763008751,0000000800000002,2633355793930,1422,1782
1763008769,0000008000000080,2633538992377,795,1783
1763008771,0000000400000001,2633556102499,4963,1784
1763008771,0000004000000080,2633556948261,4915,1785
1763008773,0000000100000001,2633581172177,3447,1786
1763008789,0000000100000080,2633738312949,4397,1787
1763008796,0000000400000008,2633810310875,5251,1788
1763008805,0000000100000002,2633892422034,315,1789
1763008814,0000000100000080,2633982734112,5267,1790
1763008817,0000000800000008,2634015326281,3298,1791
1763008824,0000004000000002,2634089651910,4035,1792
1763008840,0000008000000080,2634247690447,4916,1793
1763008863,0000000400000001,2634472509129,1769,1794
1763008871,0000000800000008,2634552397315,2152,1795
1763008887,0000000100000005,2634716040496,2690,1796
1763008888,0000000100000004,2634722076104,2331,1797
1763008899,0000008800000008,2634841056622,385,1798
1763008902,0000008000000002,2634864056154,4201,1799
1763008913,0000000800000080,2634973449786,2789,1800
1763008920,0000000800000080,2635045383643,3673,1801
1763008930,0000000800000004,2635142235226,3027,1802
1763008931,0000000800000004,2635153786490,2332,1803
1763008948,0000000100000001,2635328080611,2237,1804
1763008996,0000004000000001,2635810772332,4389,1805
1763009001,000000c000000080,2635851659055,1912,1806
1763009028,0000000800000080,2636125103530,1047,1807
1763009043,0000004000000004,2636278962053,2175,1808
1763009050,0000000800000080,2636346334732,3318,1809
1763009057,0000000100000001,2636413620760,4482,1810
1763009120,0000000400000008,2637049788063,2546,1811
1763009156,0000008000000080,2637407114066,1838,1812
1763009164,0000004000000004,2637487328700,2202,1813
1763009165,0000000100000001,2637499455023,1478,1814
1763009192,0000000100000080,2637765515850,1057,1815
1763009194,0000000100000002,2637784752757,5100,1816
1763009198,0000000100000008,2637828476327,2452,1817
1763009199,0000008000000004,2637835296711,2048,1818
1763009203,0000000100000001,2637873236021,4974,1819
1763009215,0000000500000002,2637993074749,2940,1820
1763009217,0000000800000080,2638020441333,1303,1821
1763009229,0000004000000080,2638140148833,4506,1822
1763009250,0000000800000004,2638351031427,2186,1823
1763009258,0000000200000001,2638423061512,3047,1824
1763009261,0000008000000001,2638457630496,977,1825
1763009269,0000008000000004,2638540105631,1208,1826
1763009272,0000000300000002,2638563551727,5000,1827
1763009272,0000004000000008,2638564034911,4971,1828
1763009280,0000000100000004,2638648421411,5089,1829
1763009281,0000000100000001,2638656777630,4591,1830
1763009293,0000004000000008,2638778193142,2459,1831
1763009302,0000008000000008,2638864294836,2473,1832
1763009304,0000000800000001,2638890499746,910,1833
1763009307,0000000100000001,2638917870729,4469,1834
1763009313,0000000100000008,2638973627142,1101,1835
1763009328,0000004000000004,2639127513123,2224,1836
1763009330,0000000400000080,2639145382308,1156,1837
1763009344,0000000400000080,2639288528021,2923,1838
1763009347,0000008000000004,2639313914499,1406,1839
1763009350,0000004000000001,2639350517515,4412,1840
1763009363,0000008800000002,2639473388460,2195,1841
1763009374,0000000100000080,2639589551028,416,1842
1763009379,0000000100000001,2639635484449,2827,1843
1763009387,0000000100000001,2639716863015,3132,1844
1763009393,0000000800000004,2639778773470,4622,1845
1763009402,0000008000000004,2639865558149,4595,1846
1763009414,0000008000000080,2639982860426,2707,1847
1763009423,0000000400000080,2640072784943,2493,1848
1763009436,0000008000000080,2640202610236,5088,1849
1763009450,0000008000000002,2640342124224,1882,1850
1763009457,0000000800000080,2640413911520,2749,1851
1763009470,0000004000000002,2640551395272,4889,1852
1763009471,0000000100000008,2640554876380,4682,1853
1763009484,0000000800000008,2640684356466,2069,1854
1763009485,0000000800000080,2640699281723,1176,1855
1763009489,0000000800000004,2640733821283,4307,1856
1763009495,0000000100000001,2640792535615,766,1857
1763009496,0000000100000003,2640802421398,177,1858
1763009506,0000008000000080,2640907510046,4241,1859
1763009509,0000000800000080,2640932922751,2692,1860
1763009518,0000000800000008,2641030441270,2028,1861
1763009525,0000000400000080,2641094005117,3401,1862
1763009527,0000000800000001,2641115530030,2103,1863
1763009544,0000000100000001,2641288816003,2067,1864
1763009551,0000000800000004,2641361090747,2908,1865
1763009565,0000004000000080,2641491851267,255,1866
1763009570,0000008000000008,2641550352341,1919,1867
1763009578,0000000400000002,2641628616584,2398,1868
1763009602,0000000400000080,2641870634299,3431,1869
1763009611,0000008000000080,2641955403922,3527,1870
1763009611,0000004000000080,2641961271406,3166,1871
1763009639,0000008000000080,2642232725519,2416,1872
1763009648,000000c000000080,2642331060855,1704,1873
1763009649,0000008000000080,2642331183553,1698,1874
1763009663,0000008000000080,2642474471414,3467,1875
1763009664,0000000100000001,2642490482925,2492,1876
1763009673,0000000200000001,2642580991055,2247,1877
1763009679,0000008000000004,2642631735832,4409,1878
1763009680,0000008000000002,2642645407370,3574,1879
1763009694,0000000400000008,2642790035569,5265,1880
1763009695,0000008000000080,2642798443149,4766,1881
1763009703,0000004000000004,2642877448166,5201,1882
1763009708,0000000100000001,2642925040241,2325,1883
1763009721,0000000100000001,2643053523815,5001,1884
1763009724,0000008000000080,2643085175230,3080,1885
1763009725,0000000800000004,2643096634909,2390,1886
1763009731,0000000100000001,2643159688299,3807,1887
1763009742,0000004000000004,2643264813783,2659,1888
1763009747,0000000800000004,2643312742162,4990,1889
1763009751,0000008000000008,2643356508378,2340,1890
1763009755,0000000400000001,2643391946466,227,1891
1763009758,0000000100000008,2643430883174,3061,1892
1763009765,0000000800000004,2643491444789,4633,1893
1763009771,0000008000000002,2643552311749,961,1894
1763009789,0000000100000001,2643737087313,241,1895
1763009794,0000004000000004,2643786565124,2440,1896
1763009800,0000000100000001,2643841504338,4353,1897
1763009817,0000008000000080,2644019930527,4003,1898
1763009822,0000008000000080,2644070966633,925,1899
1763009852,0000004000000004,2644365553320,3990,1900
1763009855,0000000100000080,2644391889029,2385,1901
1763009865,0000008000000004,2644499831251,1096,1902
1763009869,0000004000000080,2644531946098,4373,1903
1763009877,0000000900000001,2644615880902,4518,1904
1763009879,0000000800000003,2644638931483,3110,1905
1763009880,0000000100000001,2644644955349,2742,1906
1763009902,0000008000000080,2644868536031,4897,1907
1763009914,0000000400000002,2644985650751,3028,1908
1763009917,0000008000000001,2645021176611,902,1909
1763009923,0000000400000080,2645080869583,2493,1910
1763009926,0000000800000004,2645104718867,1068,1911
1763009932,0000000400000008,2645164902027,2629,1912
1763009944,0000000400000004,2645287932560,443,1913
1763009955,0000000800000001,2645400245330,4080,1914
1763009956,0000004000000001,2645407439517,3638,1915
1763009959,0000008000000002,2645434339711,2013,1916
1763009980,0000008000000080,2645644814309,4947,1917
1763009981,0000000800000001,2645657261874,4203,1918
1763009988,0000000100000002,2645724473377,162,1919
1763009993,0000000800000003,2645772510335,2441,1920
1763009993,0000000800000002,2645778089186,2109,1921
1763010012,0000000400000080,2645967973662,1081,1922
1763010015,0000000400000001,2645996398286,4579,1923
1763010027,0000000400000008,2646112613595,2756,1924
1763010032,0000000100000001,2646170889386,4471,1925
1763010036,0000000100000001,2646204632055,2416,1926
1763010039,0000008000000080,2646236944243,491,1927
1763010054,0000000300000002,2646390887300,1610,1928
1763010066,0000000100000004,2646510188249,4833,1929
1763010066,0000008000000004,2646510524148,4813,1930
1763010115,0000000100000001,2646995730968,1585,1931
1763010123,0000000800000002,2647074533886,2036,1932
1763010142,0000000100000080,2647270218403,662,1933
1763010148,0000004000000008,2647329015270,2305,1934
1763010160,0000000100000080,2647446190038,467,1935
1763010165,0000008000000080,2647501030168,2345,1936
1763010183,0000004000000008,2647673763276,2344,1937
1763010183,0000008000000080,2647675968206,2212,1938
1763010195,0000000100000080,2647791345995,481,1939
1763010210,0000008000000080,2647942671768,1756,1940
1763010212,0000008000000080,2647967931483,248,1941
1763010212,0000000100000004,2647968744064,198,1942
1763010236,0000000400000004,2648208254456,1363,1943
1763010238,0000000800000008,2648226739984,262,1944
1763010247,0000008000000008,2648321168358,4969,1945
1763010253,0000008000000080,2648373072547,1836,1946
1763010257,0000000100000001,2648415600785,4489,1947
1763010262,0000000100000001,2648469048944,1257,1948
1763010270,0000004000000008,2648544233191,1927,1949
1763010278,0000000400000002,2648631056460,1899,1950
1763010286,0000000800000002,2648709863807,2345,1951
1763010287,0000000400000002,2648715033057,2040,1952
1763010291,0000008000000008,2648759091158,4602,1953
1763010299,0000000100000001,2648834146379,5271,1954
1763010314,0000008000000001,2648984893904,1391,1955
1763010317,0000008000000001,2649019568569,4515,1956
1763010320,0000000400000001,2649049885538,2664,1957
1763010321,0000008000000008,2649056219148,2288,1958
1763010333,0000000800000080,2649179725908,5260,1959
1763010334,0000008000000008,2649184053244,5003,1960
1763010335,0000000100000008,2649201040289,3982,1961
1763010344,0000000400000080,2649286743617,4021,1962
1763010354,0000000100000008,2649384661743,3312,1963
1763010356,0000000400000001,2649408924117,1853,1964
1763010368,0000004000000001,2649524820363,5276,1965
1763010369,0000000400000004,2649532411156,4826,1966
1763010374,0000000100000001,2649584722896,1669,1967
1763010375,0000000100000001,2649595338825,1030,1968
1763010380,0000004000000008,2649646022927,3169,1969
1763010381,0000000400000004,2649658148587,2436,1970
1763010396,0000004000000001,2649810931992,3647,1971
1763010408,0000000100000001,2649924659920,1993,1972
1763010419,0000000100000002,2650034487823,591,1973
1763010423,0000004000000002,2650073016120,3460,1974
1763010429,0000000400000001,2650139611207,4662,1975
1763010431,0000004000000002,2650155188828,3716,1976
1763010438,0000000800000002,2650223252238,4821,1977
1763010471,0000008000000080,2650554865784,453,1978
1763010476,0000000400000002,2650607441991,2465,1979
1763010483,0000000400000080,2650673116718,3725,1980
1763010485,0000000100000009,2650694556287,2421,1981
1763010488,0000000100000080,2650726183732,535,1982
1763010490,0000008000000008,2650745085493,4599,1983
1763010527,0000008000000002,2651111873283,3295,1984
1763010535,0000000100000003,2651199667494,3206,1985
1763010549,0000008000000080,2651337084319,162,1986
1763010554,0000000100000002,2651381682110,2637,1987
1763010560,0000004000000004,2651442194062,4217,1988
1763010566,000000c000000080,2651504416471,468,1989
1763010568,0000000400000001,2651522287241,4594,1990
1763010581,0000000400000004,2651658666098,1570,1991
1763010584,0000000100000004,2651689311141,4929,1992
1763010588,0000008000000080,2651729636359,2484,1993
1763010589,0000008000000080,2651738978136,1931,1994
1763010592,0000000100000006,2651763199338,484,1995
1763010599,0000004000000001,2651836782852,1243,1996
1763010602,0000008000000080,2651871009791,4394,1997
1763010635,0000000400000080,2652196456349,392,1998
1763010644,0000000100000008,2652290087034,5146,1999
1763010657,0000000800000008,2652413074731,2926,2000
1763010658,0000004000000008,2652422733064,2346,2001
1763010697,0000000800000008,2652815092896,4735,2002
1763010699,0000004000000001,2652836215965,3451,2003
1763010729,0000000800000004,2653138222195,872,2004
1763010737,0000000100000001,2653216582700,1347,2005
1763010739,0000000100000001,2653234780561,262,2006
1763010744,0000000400000002,2653285924329,2361,2007
1763010755,0000004000000002,2653393167365,1113,2008
1763010757,0000008000000080,2653416870182,4891,2009
1763010762,0000000800000002,2653461753751,2176,2010
1763010762,0000008000000004,2653469473484,1717,2011
1763010770,0000008000000004,2653548417779,2157,2012
1763010784,0000004000000004,2653686765819,4242,2013
1763010793,0000000100000002,2653771999825,4310,2014
1763010795,0000008000000001,2653796560499,2807,2015
1763010806,0000008000000008,2653905886085,1434,2016
1763010810,0000000400000001,2653946993395,4169,2017
1763010828,0000004000000008,2654123733786,3922,2018
1763010839,0000008000000080,2654233503834,2493,2019
1763010843,0000000100000080,2654273552911,5293,2020
1763010846,0000004000000080,2654310644321,3050,2021
1763010848,0000000500000003,2654328200720,1999,2022
1763010866,0000000800000004,2654505356625,1732,2023
1763010871,0000008000000008,2654553633250,4034,2024
1763010882,0000000400000002,2654666477716,2419,2025
1763010882,0000000100000001,2654666640887,2411,2026
1763010886,0000000400000001,2654709231985,5058,2027
1763010904,0000008000000008,2654889413180,4615,2028
1763010913,0000008000000080,2654980040986,4358,2029
1763010915,0000000100000001,2654992205394,3615,2030
1763010923,0000008000000002,2655077771282,3663,2031
1763010938,0000000400000008,2655230261355,4885,2032
1763010939,0000000100000001,2655234132784,4654,2033
1763010941,0000008000000080,2655258841955,3149,2034
1763010942,0000000100000006,2655267601014,2615,2035
1763010957,0000000100000001,2655413593492,4248,2036
1763010970,0000004000000004,2655547055663,1399,2037
1763010982,0000008000000001,2655668452688,4500,2038
1763010983,0000008000000008,2655679657691,3819,2039
1763011011,000000c000000080,2655955526936,2788,2040
1763011032,0000000100000002,2656166470305,505,2041
1763011033,0000000800000008,2656173335818,5283,2042
1763011058,0000000200000002,2656428447630,330,2043
1763011072,0000004000000008,2656564146404,2535,2044
1763011101,0000000800000080,2656856093721,574,2045
1763011103,0000008000000002,2656872847799,4765,2046
1763011116,0000000800000004,2657004911659,1999,2047
1763011116,0000008000000080,2657006967995,1878,0
1763011120,0000008000000080,2657042333443,4955,1
1763011122,0000000100000002,2657069080842,3335,2
1763011125,0000000400000008,2657093085343,1891,3
1763011145,0000000800000001,2657297749328,5170,4
1763011163,0000000400000008,2657477955243,4725,5
1763011166,0000000100000002,2657503332271,3179,6
1763011167,0000000800000004,2657515224110,2460,7
1763011175,0000000100000001,2657599151069,2603,8
1763011189,0000000100000004,2657737807289,4676,9
1763011215,0000000100000001,2657991640870,4984,10
1763011226,0000008000000080,2658110896741,2987,11
1763011236,0000000400000001,2658207294351,2381,12
1763011240,0000000400000001,2658248201535,5130,13
1763011245,0000008000000004,2658295289214,2284,14
1763011245,0000000100000080,2658300023549,2004,15
1763011246,0000008000000002,2658307954287,1529,16
1763011262,0000000400000004,2658468235892,2268,17
1763011274,0000008000000080,2658582865657,583,18
1763011275,0000004000000008,2658597540266,4896,19
1763011290,0000000100000001,2658748481900,1002,20
1763011293,0000008000000004,2658773635272,4695,21
1763011310,0000000800000004,2658946342991,4693,22
1763011315,0000008000000080,2658997760472,1587,23
1763011319,0000000400000001,2659033804852,4627,24
1763011327,0000004000000004,2659114688392,4944,25
1763011331,0000000100000005,2659158567744,2294,26
1763011335,0000000100000001,2659194348265,162,27
1763011340,0000000100000001,2659243380331,2385,28
1763011361,0000004000000008,2659457245008,5118,29
1763011366,000000c000000080,2659505966431,2175,30
1763011384,0000000200000008,2659682453891,1951,31
1763011384,0000008000000080,2659683482928,1889,32
1763011409,0000000100000001,2659932007353,2513,33
1763011441,0000004000000080,2660254840531,3890,34
1763011457,0000000800000002,2660416083383,4584,35
1763011460,0000008000000080,2660449235613,2564,36
1763011470,0000008000000080,2660543454075,2096,37
1763011476,0000000400000006,2660603157469,3708,38
1763011488,0000008000000080,2660726592926,1472,39
1763011495,0000000100000003,2660794797845,2552,40
1763011498,0000008000000008,2660820974219,991,41
1763011506,0000000400000080,2660901606172,1333,42
1763011512,0000000100000003,2660967322509,2562,43
1763011514,0000000100000002,2660985361132,1488,44
1763011538,0000004000000080,2661226004167,2584,45
1763011557,0000008000000080,2661415618508,1576,46
1763011561,0000004000000001,2661454787796,4430,47
1763011590,0000008000000004,2661743374944,2627,48
1763011607,0000004000000001,2661912602409,2836,49
1763011618,0000000400000004,2662030780473,934,50
1763011668,0000004000000080,2662528302551,2161,51
1763011669,0000008000000001,2662539149312,1515,52
1763011682,0000000800000001,2662663840596,4418,53
1763011697,0000000800000008,2662815319062,493,54
1763011709,0000000100000001,2662937507778,3525,55
1763011714,0000000100000008,2662986500219,583,56
1763011754,0000004000000002,2663389539194,2292,57
1763011769,0000008000000001,2663537516148,3794,58
1763011771,0000000400000008,2663557158163,2594,59
1763011773,0000000800000004,2663576362024,1451,60
1763011775,0000000100000001,2663600450639,5201,61
1763011794,0000004000000001,2663789422622,4231,62
1763011795,0000000100000008,2663800748533,3537,63
1763011798,0000000100000001,2663822252710,2236,64
1763011811,0000000400000008,2663957455584,4513,65
1763011811,0000004000000084,2663959524769,4388,66
1763011815,0000000400000001,2663998163393,2044,67
1763011815,0000000100000001,2663998667157,2014,68
1763011817,0000000800000001,2664014464062,1068,69
1763011826,0000000100000002,2664107565537,668,70
1763011841,0000008000000080,2664259630965,1900,71
1763011847,0000000100000001,2664319835985,3475,72
1763011850,0000000800000008,2664350445654,1633,73
1763011861,0000008000000080,2664457746815,382,74
1763011874,0000008000000080,2664589421977,2828,75
1763011886,0000008000000080,2664710687126,745,76
1763011919,0000008000000080,2665032648194,2142,77
1763011927,0000004000000004,2665118273820,2185,78
1763011944,0000000800000002,2665287567143,2387,79
1763011961,0000000200000004,2665451996031,2883,80
1763011967,0000000400000002,2665516136622,4242,81
1763011968,0000004000000001,2665525036731,3699,82
1763011976,0000008000000004,2665602164927,4262,83
1763011993,0000008000000008,2665774592208,4279,84
1763011996,0000000100000001,2665803362500,2522,85
1763012001,0000000800000004,2665851658407,4834,86
1763012006,0000000800000001,2665907230893,1478,87
1763012008,0000000100000004,2665924031225,477,88
1763012013,0000004000000008,2665977432722,2440,89
1763012074,0000000100000002,2666583386847,2350,90
1763012082,0000000400000001,2666662416418,2787,91
1763012095,0000008000000080,2666798504855,5007,92
1763012108,0000008000000004,2666922376075,2731,93
1763012113,0000008000000002,2666977338682,4644,94
1763012135,0000008000000004,2667191812981,2113,95
1763012144,0000000200000002,2667283265699,1809,96
1763012150,0000000100000004,2667350640305,2941,97
1763012151,0000004000000080,2667356837279,2567,98
1763012181,0000000100000001,2667652665038,376,99
1763012182,0000008000000080,2667660945105,5070,100
1763012183,0000004000000002,2667673463915,4324,101
1763012191,0000000800000006,2667754560877,4638,102
1763012195,0000000800000001,2667797696931,2025,103
1763012203,0000008000000008,2667877126036,2436,104
1763012217,0000000400000001,2668018749203,4329,105
1763012225,0000000400000001,2668098705576,4713,106
1763012227,0000000800000080,2668116685734,3621,107
1763012229,000000c000000080,2668138014071,2326,108
1763012252,0000000100000004,2668370691718,3930,109
1763012255,0000008000000080,2668396039941,2387,110
1763012256,0000000400000003,2668404198503,1903,111
1763012265,0000008000000080,2668491587830,1841,112
1763012281,0000008000000080,2668653650355,2472,113
1763012287,0000008000000008,2668716693598,3892,114
1763012289,0000008000000008,2668734177399,2818,115
1763012290,0000000100000008,2668741257602,2397,116
1763012296,0000000800000080,2668807863544,3596,117
1763012301,0000008000000001,2668852383222,918,118
1763012304,0000000200000002,2668881874592,4349,119
1763012306,0000004000000008,2668907552443,2778,120
1763012308,0000008000000001,2668929591278,1463,121
1763012317,0000008000000080,2669011584430,1725,122
1763012325,0000008000000080,2669095723560,1857,123
1763012337,0000000100000005,2669216531854,4988,124
1763012344,0000000400000008,2669290123605,561,125
1763012354,0000000400000004,2669382945927,174,126
1763012362,0000000800000008,2669467883053,259,127
1763012367,0000000100000004,2669517918510,2423,128
1763012369,0000000100000008,2669534685978,1423,129
1763012383,0000000100000001,2669672087200,3548,130
1763012392,0000004000000008,2669762234185,3316,131
1763012465,0000004000000080,2670493322611,896,132
1763012470,0000000100000001,2670545862103,2916,133
1763012482,0000000100000008,2670666763774,852,134
1763012510,0000008000000080,2670943103777,5009,135
1763012511,0000004000000002,2670953380152,4398,136
1763012541,0000004000000008,2671256905293,1705,137
1763012572,0000000800000080,2671570228998,3639,138
1763012590,0000004000000088,2671748619043,3290,139
1763012595,0000000100000002,2671800518766,181,140
1763012612,0000008000000080,2671964528139,698,141
1763012616,0000000100000080,2672005378169,3429,142
1763012678,0000000400000008,2672622727784,2640,143
1763012681,0000004000000004,2672655574916,682,144
1763012682,0000004000000080,2672661976662,301,145
1763012687,0000000800000008,2672717281797,2152,146
1763012698,0000000400000080,2672821185275,1102,147
1763012704,0000000100000004,2672884584472,2471,148
1763012720,0000000100000001,2673044437832,3250,149
1763012731,0000008000000002,2673157816223,1628,150
1763012735,0000004000000008,2673197555397,4447,151
1763012750,0000000100000006,2673348909396,530,152
1763012750,0000000400000001,2673350038986,462,153
1763012809,0000004000000002,2673937672393,1462,154
1763012836,0000000800000080,2674203981080,1028,155
1763012843,0000000800000001,2674280498964,1616,156
1763012847,0000000800000001,2674318143852,4561,157
1763012861,0000000800000001,2674455534984,1476,158
1763012866,0000000200000001,2674500953784,3947,159
1763012879,0000000d00000004,2674639179587,821,160
1763012885,0000000800000004,2674693658281,2723,161
1763012885,0000004000000008,2674699388379,2380,162
1763012891,0000004000000001,2674753034510,4371,163
1763012892,0000008000000080,2674769536800,3363,164
1763012948,0000008000000008,2675328200151,925,165
1763012964,0000000800000002,2675488147668,1687,166
1763012972,0000008000000080,2675563331145,2351,167
1763012973,0000008000000002,2675579009361,1416,168
1763012986,0000000400000000,2675705084427,4235,169
1763013008,0000000400000001,2675928349153,1178,170
1763013029,0000008000000002,2676137370358,4201,171
1763013041,0000000400000008,2676252931191,2421,172
1763013045,0000000800000001,2676295085929,5095,173
1763013057,0000000400000001,2676413916046,3128,174
1763013066,0000000100000004,2676501825869,3032,175
1763013074,0000008000000080,2676589952701,2923,176
1763013123,0000004000000001,2677079200811,4681,177
1763013153,0000000800000001,2677371776011,2639,178
1763013153,0000008000000080,2677374168026,2495,179
1763013167,0000000100000002,2677517814131,4268,180
1763013167,0000000100000002,2677519634813,4157,181
1763013170,0000000400000008,2677547891820,2435,182
1763013171,0000000400000080,2677551630333,2212,183
1763013174,0000000100000001,2677588056213,5227,184
1763013196,0000000300000001,2677800731389,2804,185
1763013261,0000008000000080,2678458013808,4843,186
1763013265,0000004000000001,2678498404643,2391,187
1763013294,0000000400000008,2678782359342,905,188
1763013296,0000000800000008,2678804367497,4785,189
1763013296,0000000300000001,2678808767784,4523,190
1763013305,0000000800000002,2678893865440,4597,191
1763013316,0000008000000080,2679005011616,3084,192
1763013322,0000004000000002,2679068604988,4474,193
1763013323,0000004000000002,2679072974883,4211,194
1763013327,0000004000000004,2679118106365,1482,195
1763013329,0000000100000001,2679139338385,216,196
1763013337,0000008000000001,2679212859405,978,197
1763013363,0000000400000080,2679474975686,796,198
1763013371,0000000100000008,2679560311478,856,199
1763013387,0000008000000080,2679710674628,2189,200
1763013399,0000008000000080,2679835713529,5068,201
1763013418,0000000800000004,2680026638754,3974,202
1763013426,0000000400000004,2680104298808,4502,203
1763013429,0000000100000004,2680131560119,2837,204
1763013435,0000000800000001,2680197617338,4080,205
1763013444,0000004000000004,2680281783687,4212,206
1763013446,0000000100000004,2680300600479,3060,207
1763013447,0000008000000080,2680318001519,2017,208
1763013469,0000004000000001,2680535782389,4516,209
1763013482,0000000100000004,2680668476988,1714,210
1763013503,0000000100000008,2680871309586,5102,211
1763013503,0000000100000004,2680872643211,5023,212
1763013509,0000004000000080,2680934964645,1266,213
1763013512,0000000100000002,2680962434576,4819,214
1763013514,0000000100000003,2680984581161,3477,215
1763013516,0000008000000080,2681003788739,2312,216
1763013519,0000000400000002,2681032380009,607,217
1763013526,0000004000000001,2681104203785,1473,218
1763013530,0000004000000001,2681144635358,4249,219
1763013550,0000000400000004,2681348088340,2375,220
1763013552,0000000100000001,2681361494334,1579,221
1763013552,0000000400000080,2681365327070,1348,222
1763013554,0000000100000080,2681384454727,208,223
1763013556,0000000800000002,2681402854701,4300,224
1763013573,0000004000000002,2681573794594,4405,225
1763013597,0000000100000008,2681817789887,5300,226
1763013597,0000008000000001,2681820419026,5143,227
