1763186411,0000000400000001,4409911306057,1604,1626
1763186422,0000000800000008,4410022728635,5298,1627
1763186470,0000008000000080,4410508981224,2006,1628
1763186484,0000008000000004,4410644163913,4281,1629
1763186489,0000008000000080,4410689096153,1562,1630
1763186510,0000000100000001,4410901691290,4371,1631
1763186514,0000000800000001,4410946750721,1645,1632
1763186526,0000004000000080,4411065565405,4900,1633
1763186534,0000000100000001,4411146934776,5196,1634
1763186537,0000000100000001,4411176891378,3379,1635
1763186539,0000000800000001,4411194077123,2339,1636
1763186542,0000000800000080,4411225584880,468,1637
1763186545,0000008000000002,4411256946516,3766,1638
1763186561,0000008000000002,4411413450124,4751,1639
1763186570,0000000800000008,4411508351430,4235,1640
1763186578,0000000200000001,4411581306302,5039,1641
1763186610,0000000800000001,4411899921627,1442,1642
1763186628,0000000100000002,4412083225511,810,1643
1763186635,0000000100000001,4412154115818,1734,1644
1763186636,0000000100000004,4412165052409,1076,1645
1763186639,0000000800000001,4412190773651,4738,1646
1763186655,0000000800000002,4412356732315,5138,1647
1763186675,0000000100000008,4412555447210,3561,1648
1763186692,0000008000000080,4412724607788,3779,1649
1763186703,0000000100000002,4412830561829,2580,1650
1763186711,0000000100000002,4412918518273,2484,1651
1763186722,0000000100000001,4413019548085,1614,1652
1763186723,0000000400000080,4413029771301,1001,1653
1763186736,0000000100000004,4413168329729,3041,1654
1763186761,0000008000000080,4413410455252,4082,1655
1763186762,0000000100000004,4413427415222,3036,1656
1763186779,0000000800000080,4413597161065,3218,1657
1763186785,0000004000000002,4413658285686,4759,1658
1763186786,0000000400000001,4413661755294,4552,1659
1763186798,0000004000000080,4413783337817,2404,1660
1763186829,0000008000000008,4414091146012,4691,1661
1763186843,0000000100000001,4414232062548,1394,1662
1763186856,0000008000000080,4414364888519,3797,1663
1763186866,0000000100000002,4414461146047,3185,1664
1763186876,0000000100000001,4414563299476,2236,1665
1763186882,0000008000000080,4414619614389,4061,1666
1763186903,0000004000000008,4414837603298,1324,1667
1763186918,0000004000000008,4414986265128,2755,1668
1763186932,0000008000000008,4415121877797,5013,1669
1763186938,0000004000000008,4415184669631,1224,1670
1763186943,0000000200000080,4415232714436,3526,1671
1763186947,0000000200000002,4415278557316,777,1672
1763186980,0000000400000004,4415605099905,1901,1673
1763186981,0000000400000008,4415613152672,1419,1674
1763186995,0000000100000001,4415758439056,3055,1675
1763187005,0000004000000004,4415852619003,2579,1676
1763187010,0000004000000008,4415908081180,4471,1677
1763187032,0000000100000002,4416121708333,1987,1678
1763187057,0000000400000080,4416376263269,2252,1679
1763187072,0000000100000001,4416524722584,3722,1680
1763187075,0000000100000001,4416556792222,1787,1681
1763187081,000000c000000004,4416615012710,3479,1682
1763187088,0000004000000001,4416685998802,4421,1683
1763187095,0000000400000004,4416757119990,5329,1684
1763187142,0000000400000080,4417228659333,2910,1685
1763187148,0000004000000080,4417280320974,5023,1686
1763187156,0000000400000008,4417367158111,4994,1687
1763187177,0000000800000080,4417571661105,3056,1688
1763187185,0000008800000001,4417652086399,3420,1689
1763187191,0000008000000080,4417712863790,4974,1690
1763187192,0000008000000008,4417722857735,4377,1691
1763187205,0000008000000080,4417850108068,1899,1692
1763187208,0000000800000002,4417885502952,4978,1693
1763187220,0000000800000002,4418000928677,3207,1694
1763187285,0000000100000001,4418656277076,169,1695
1763187285,0000000100000080,4418658736901,5209,1696
1763187290,0000000800000002,4418704958848,2405,1697
1763187299,0000000200000001,4418789651597,2503,1698
1763187309,0000000400000001,4418896440665,1287,1699
1763187311,0000008800000008,4418913989606,248,1700
1763187311,0000000800000080,4418916491048,5286,1701
1763187315,0000000400000002,4418958444285,2736,1702
1763187319,0000008000000080,4418997230803,433,1703
1763187329,0000008000000080,4419094772550,4951,1704
1763187345,0000000400000080,4419254414838,544,1705
1763187362,0000000800000080,4419424812883,678,1706
1763187363,0000008000000002,4419431409393,287,1707
1763187364,0000008000000080,4419444739764,4679,1708
1763187388,0000000800000002,4419688772497,386,1709
1763187404,0000000100000002,4419841994983,1543,1710
1763187409,0000004000000004,4419890286158,3838,1711
1763187409,0000000100000080,4419892412275,3708,1712
1763187416,0000000400000001,4419967079855,4422,1713
1763187431,0000000400000080,4420112582558,852,1714
1763187438,0000004000000008,4420182358381,1843,1715
1763187441,0000008000000080,4420214656694,5107,1716
1763187442,0000008000000080,4420223024795,4608,1717
1763187450,0000000400000002,4420306639602,4773,1718
1763187451,0000004000000002,4420309273254,4615,1719
1763187464,0000000800000001,4420446764596,1522,1720
1763187497,0000008000000080,4420775544905,2505,1721
1763187572,0000000800000002,4421528265798,3997,1722
1763187602,0000008000000001,4421828025488,1538,1723
1763187618,0000000400000080,4421982220604,2633,1724
1763187620,0000008000000001,4421999305515,1621,1725
1763187626,0000000800000001,4422060322159,3134,1726
1763187627,0000000800000002,4422073490086,2343,1727
1763187640,0000000800000002,4422205246690,4829,1728
1763187648,0000000100000080,4422279587939,359,1729
1763187663,0000008000000002,4422429378899,1721,1730
1763187666,0000004000000006,4422459391713,5120,1731
1763187684,0000000400000001,4422645521607,4317,1732
1763187701,0000004000000004,4422815288628,4493,1733
1763187703,0000000800000080,4422836648407,3182,1734
1763187705,0000004000000002,4422858122683,1898,1735
1763187708,0000000400000004,4422888090987,5301,1736
1763187716,0000004000000001,4422960793189,921,1737
1763187731,0000004000000002,4423116889265,1914,1738
1763187736,0000008000000080,4423162409390,4388,1739
1763187744,0000004000000001,4423239508930,4942,1740
1763187763,0000000800000080,4423433309518,3663,1741
1763187774,0000000400000002,4423548604204,1915,1742
1763187797,0000000100000002,4423772815413,4022,1743
1763187813,0000000400000001,4423929592629,4982,1744
1763187816,0000000800000080,4423962516510,2975,1745
1763187827,0000004000000002,4424068902712,1782,1746
1763187839,0000000800000004,4424191256147,4826,1747
1763187849,0000000800000002,4424293873779,3840,1748
1763187870,0000004000000002,4424506012257,1459,1749
1763187875,0000000500000001,4424549989754,4018,1750
1763187884,0000008000000080,4424648159440,3290,1751
1763187885,0000008000000080,4424648895100,3245,1752
1763187887,0000004000000004,4424673621644,1765,1753
1763187902,0000000100000008,4424825543068,3002,1754
1763187903,0000000100000005,4424834924282,2438,1755
1763187923,0000008000000002,4425030655035,1066,1756
1763187963,0000000800000080,4425433410931,2792,1757
1763187970,0000004000000080,4425499295662,4049,1758
1763187975,0000008000000080,4425552425866,846,1759
1763187977,0000000800000002,4425578194668,4501,1760
1763187991,0000004000000002,4425715510305,1419,1761
1763187994,0000000800000080,4425748170112,4664,1762
1763187995,0000000100000002,4425751897568,4441,1763
1763188001,0000000100000001,4425815549198,609,1764
1763188005,0000000400000008,4425854288109,3457,1765
1763188041,0000000400000002,4426215280487,2505,1766
1763188050,0000000800000004,4426304643455,2327,1767
1763188052,0000008000000001,4426327370753,973,1768
1763188055,0000004000000006,4426356327488,4439,1769
1763188059,0000008000000080,4426397775224,1928,1770
1763188073,0000008000000001,4426528940970,4444,1771
1763188073,0000008000000002,4426533108834,4190,1772
1763188076,0000000800000004,4426564051934,2305,1773
1763188078,0000000100000008,4426582811997,1187,1774
1763188083,0000008000000004,4426638584430,3015,1775
1763188086,0000000800000002,4426660785145,1691,1776
1763188105,0000000100000001,4426848866699,772,1777
1763188123,0000000100000001,4427035942546,5106,1778
1763188147,0000000100000001,4427269438837,1437,1779
1763188156,0000000800000004,4427365382513,863,1780
1763188165,0000000100000001,4427456346511,593,1781
1763188172,0000000100000001,4427525740078,1601,1782
1763188178,0000004000000002,4427579233761,3577,1783
1763188180,0000004000000004,4427600797066,2270,1784
1763188188,0000004000000080,4427687607946,2242,1785
1763188196,0000008000000080,4427766919607,2658,1786
1763188214,0000000100000003,4427944484608,2371,1787
1763188217,0000000100000002,4427975152247,550,1788
1763188219,0000000800000001,4427995289183,4537,1789
1763188225,0000008000000080,4428055564298,897,1790
1763188239,0000000400000001,4428196967096,2760,1791
1763188241,0000000100000004,4428211352012,1909,1792
1763188244,0000000800000008,4428241683329,5289,1793
1763188245,0000000100000001,4428251371847,4713,1794
1763188287,0000000800000004,4428673832215,5264,1795
1763188289,0000008000000002,4428695620745,3952,1796
1763188308,0000004000000002,4428882804821,3060,1797
1763188308,0000000100000001,4428884460859,2959,1798
1763188315,0000000200000001,4428952902896,4060,1799
1763188320,0000000400000080,4429003849106,986,1800
1763188350,0000004000000002,4429304470414,3680,1801
1763188353,0000008000000002,4429336247543,1764,1802
1763188358,0000008000000080,4429386203817,3963,1803
1763188359,0000000c00000001,4429389879972,3738,1804
1763188359,0000008000000001,4429394490896,3453,1805
1763188366,0000000400000004,4429458953975,4787,1806
1763188367,0000000800000002,4429470970771,4060,1807
1763188369,0000000100000001,4429494140896,2640,1808
1763188370,0000004000000008,4429500852626,2242,1809
1763188370,0000004000000002,4429506124348,1933,1810
1763188375,0000008000000001,4429555992867,4141,1811
1763188378,0000000100000001,4429580634455,2630,1812
1763188383,0000000600000002,4429628821558,4954,1813
1763188389,0000008000000008,4429698331436,768,1814
1763188408,0000000400000004,4429879619339,260,1815
1763188421,000000c000000080,4430011544899,2679,1816
1763188421,0000000100000001,4430012830273,2602,1817
1763188422,0000008000000080,4430023411787,1979,1818
1763188443,0000000100000001,4430228734696,5222,1819
1763188451,0000004000000008,4430313761238,5302,1820
1763188455,0000004000000080,4430351423722,3013,1821
1763188458,0000008000000004,4430380050298,1304,1822
1763188464,0000004000000008,4430441503180,2785,1823
1763188469,0000000200000002,4430493085595,4906,1824
1763188482,0000000400000002,4430627890021,1975,1825
1763188495,0000000100000001,4430756998940,4616,1826
1763188521,0000000800000008,4431011555942,4883,1827
1763188529,0000008000000080,4431096954395,4939,1828
1763188530,0000008000000008,4431103789992,4531,1829
1763188534,0000000200000002,4431143079519,2144,1830
1763188536,0000008000000080,4431168332757,644,1831
1763188537,0000000100000001,4431177174532,5303,1832
1763188544,0000004000000004,4431245736152,1169,1833
1763188560,0000004000000004,4431400119463,2262,1834
1763188569,0000000100000002,4431491758523,1951,1835
1763188572,0000000800000002,4431520662680,230,1836
1763188594,0000000300000001,4431745068951,2288,1837
1763188605,0000000400000080,4431853362507,978,1838
1763188606,0000004000000080,4431865707289,250,1839
1763188615,0000000100000001,4431954523650,5288,1840
1763188624,0000000400000004,4432047987255,4866,1841
1763188633,0000004000000080,4432138261406,4631,1842
1763188669,0000008000000080,4432498170380,3746,1843
1763188672,0000000800000008,4432519370438,2452,1844
1763188676,0000008000000080,4432560513853,5196,1845
1763188703,0000000100000004,4432828779280,4645,1846
1763188715,0000000100000002,4432957053351,2103,1847
1763188745,0000000800000008,4433252882407,5099,1848
1763188753,0000000400000008,4433338214490,5159,1849
1763188755,0000000800000008,4433355482546,4122,1850
1763188760,0000000400000080,4433406888136,1020,1851
1763188776,0000000400000001,4433559496468,2218,1852
1763188783,0000000800000001,4433632103007,3041,1853
1763188794,0000008000000002,4433738894844,1822,1854
1763188796,0000000100000008,4433761136842,498,1855
1763188805,0000000800000004,4433857229960,5103,1856
1763188820,0000004000000002,4434005807884,1348,1857
1763188849,0000000100000001,4434290080177,5035,1858
1763188857,0000000400000080,4434370186704,222,1859
1763188863,0000000100000001,4434429582627,1826,1860
1763188872,0000000800000002,4434520530375,1551,1861
1763188872,0000004000000001,4434527632344,1123,1862
1763188875,0000000100000003,4434550767487,4938,1863
1763188879,0000000400000002,4434592927103,2377,1864
1763188896,0000004000000004,4434764081547,2470,1865
1763188899,0000000800000004,4434789500269,954,1866
1763188918,0000000100000002,4434987357377,4649,1867
1763188921,0000000400000002,4435017296459,2816,1868
1763188984,0000008000000008,4435643747434,1506,1869
1763189011,0000008000000008,4435908653287,1153,1870
1763189026,0000000100000008,4436065712473,2089,1871
1763189059,0000000100000003,4436395906034,2993,1872
1763189072,0000004000000008,4436523157875,560,1873
1763189080,0000000100000080,4436602945045,943,1874
1763189097,0000000400000001,4436775527018,949,1875
1763189103,0000004000000001,4436832381310,2705,1876
1763189119,0000000800000080,4436988702184,3709,1877
1763189137,0000000100000008,4437176080881,2808,1878
1763189149,0000008000000008,4437290101542,1158,1879
1763189163,0000000400000004,4437437407345,2667,1880
1763189184,0000000100000005,4437644674084,617,1881
1763189187,0000008000000002,4437669219213,4338,1882
1763189191,0000000800000001,4437713326740,1669,1883
1763189199,0000000100000001,4437794916498,1953,1884
1763189214,0000000400000004,4437945049017,3304,1885
1763189224,0000000100000001,4438042442394,2631,1886
1763189234,0000008000000080,4438139738411,1985,1887
1763189238,0000008000000002,4438184959257,4478,1888
1763189246,0000000400000002,4438263776096,4927,1889
1763189248,0000008000000080,4438279144357,3999,1890
1763189263,0000000100000001,4438434355045,5053,1891
1763189263,0000008000000004,4438437552885,4864,1892
1763189267,0000004000000080,4438477816983,2415,1893
1763189271,0000000100000001,4438512268211,370,1894
1763189282,0000008000000001,4438628315369,3767,1895
1763189286,0000004000000002,4438664937741,1559,1896
1763189288,0000000100000001,4438687940917,192,1897
1763189294,0000000100000001,4438738688655,2307,1898
1763189295,0000000100000080,4438755378158,1313,1899
1763189297,0000008000000008,4438773393302,245,1900
1763189302,0000008000000008,4438824006398,2367,1901
1763189310,0000000100000002,4438902320607,2847,1902
1763189323,0000000800000008,4439036396632,5195,1903
1763189324,0000000800000080,4439041265357,4906,1904
1763189328,0000000800000008,4439080278175,2531,1905
1763189364,0000004000000002,4439447211815,1248,1906
1763189370,000000c000000080,4439503938188,3017,1907
1763189377,0000000800000004,4439569121085,4318,1908
1763189382,0000000400000002,4439628181757,758,1909
1763189385,0000008000000080,4439648971232,4710,1910
1763189403,0000008000000002,4439832057148,4080,1911
1763189409,0000000800000008,4439890403980,572,1912
1763189420,0000008000000001,4440005079085,4060,1913
1763189427,0000008000000080,4440074032852,5106,1914
1763189427,0000000400000080,4440077104210,4924,1915
1763189432,0000000400000002,4440122002377,2202,1916
1763189467,0000008000000080,4440476318670,1672,1917
1763189482,0000000100000004,4440623443573,3200,1918
1763189484,0000000100000001,4440645455543,1885,1919
1763189505,0000004000000008,4440851890471,5062,1920
1763189507,0000000400000080,4440874408124,3700,1921
1763189511,0000004000000008,4440917592747,1099,1922
1763189513,0000008000000080,4440931609944,270,1923
1763189521,0000000400000004,4441014047939,502,1924
1763189523,0000000100000002,4441031011214,4679,1925
1763189531,0000000800000001,4441109339091,5154,1926
1763189539,0000004000000080,4441198160012,5008,1927
1763189553,0000000400000002,4441334935701,1960,1928
1763189596,0000000400000001,4441765411194,2034,1929
1763189600,000000c000000080,4441801265829,5086,1930
1763189602,0000000400000002,4441827090459,3519,1931
1763189608,0000004000000080,4441885816552,5193,1932
1763189612,0000008000000008,4441922571588,2959,1933
1763189642,0000000800000004,4442224669217,396,1934
1763189652,0000000400000004,4442318439580,5140,1935
1763189652,0000000300000001,4442320791561,5000,1936
1763189663,0000008000000080,4442436195826,3230,1937
1763189664,000000c000000080,4442438611429,3081,1938
1763189665,0000008000000080,4442451367288,2317,1939
1763189681,0000000400000001,4442609021136,3222,1940
1763189689,0000008000000080,4442694140071,3298,1941
1763189708,0000000800000004,4442885816834,2156,1942
1763189727,0000000100000080,4443068836968,1542,1943
1763189750,0000000100000001,4443305615496,2865,1944
1763189758,0000000800000004,4443380472693,3571,1945
1763189760,0000000100000001,4443398213101,2490,1946
1763189764,0000000800000002,4443445585018,4863,1947
1763189767,0000008000000080,4443470593349,3338,1948
1763189767,0000000100000008,4443473527833,3157,1949
1763189778,0000004000000002,4443585865176,1605,1950
1763189837,0000000100000001,4444177002086,2392,1951
1763189839,0000004000000008,4444194165864,1370,1952
1763189857,0000000100000002,4444373298815,985,1953
1763189860,0000000800000002,4444406263237,4207,1954
1763189863,0000004000000008,4444429871374,2759,1955
1763189873,0000000800000004,4444532192851,1811,1956
1763189878,0000008100000001,4444580611190,4106,1957
1763189881,0000000100000001,4444616653000,1924,1958
1763189882,0000008000000080,4444627375812,1281,1959
1763189899,0000000100000009,4444796034456,1524,1960
1763189902,0000000100000001,4444819777755,5299,1961
1763189911,0000000100000008,4444913931865,4834,1962
1763189925,0000004000000001,4445053543414,1616,1963
1763189935,0000000100000080,4445155120120,709,1964
1763189936,0000000100000001,4445166397989,5225,1965
1763189960,0000008000000080,4445398954668,1614,1966
1763189965,0000000100000004,4445456172722,3361,1967
1763189970,0000000800000004,4445504998781,443,1968
1763189986,0000004000000080,4445659315289,1534,1969
1763189996,0000000400000002,4445764933641,388,1970
1763190003,0000008000000080,4445830770621,1609,1971
1763190018,0000000400000008,4445981415040,2920,1972
1763190032,000000c000000080,4446124004636,4761,1973
1763190049,0000004000000008,4446292163596,5029,1974
1763190072,0000008000000080,4446520771290,1654,1975
1763190072,0000008000000001,4446525850192,1348,1976
1763190073,0000008000000080,4446537142777,679,1977
1763190077,0000000400000008,4446572367297,3749,1978
1763190099,0000008000000080,4446797434483,606,1979
1763190105,000000c000000080,4446850180979,2600,1980
1763190111,0000008000000001,4446911237483,4149,1981
1763190119,0000000800000008,4446992993152,4427,1982
1763190127,0000000100000001,4447072243932,4853,1983
1763190130,0000008000000080,4447101407875,3071,1984
1763190136,0000008400000080,4447167407462,4323,1985
1763190143,0000000100000080,4447232167241,427,1986
1763190148,0000000100000001,4447281810659,2606,1987
1763190158,0000000400000001,4447378125245,2017,1988
1763190163,0000000800000008,4447430990348,4045,1989
1763190169,0000000400000008,4447491775699,393,1990
1763190180,0000004000000001,4447607472775,3812,1991
1763190182,0000000800000008,4447623789558,2811,1992
1763190182,0000000100000001,4447627640681,2579,1993
1763190190,0000000400000080,4447706369133,3038,1994
1763190198,0000000800000004,4447781329121,3740,1995
1763190198,0000000100000001,4447786542040,3418,1996
1763190205,0000000800000001,4447853144694,4626,1997
1763190206,0000008000000001,4447862808379,4039,1998
1763190234,0000000400000001,4448140936313,2866,1999
1763190239,0000008000000080,4448196874142,4725,2000
1763190276,0000008000000080,4448564600822,3360,2001
1763190280,0000000400000080,4448600585706,1200,2002
1763190282,0000000100000001,4448626180949,4869,2003
1763190284,0000008000000008,4448641127285,3964,2004
1763190285,0000008000000080,4448656073231,3045,2005
1763190286,0000000100000004,4448660407888,2780,2006
1763190290,0000000100000008,4448702375335,287,2007
1763190300,0000000100000004,4448805621147,4464,2008
1763190307,0000000800000080,4448870003193,588,2009
1763190319,0000000800000080,4448996344912,3359,2010
1763190323,0000008000000001,4449036537751,949,2011
1763190332,0000004000000004,4449127759322,663,2012
1763190336,0000004000000080,4449166432522,3519,2013
1763190339,0000000800000004,4449188737925,2171,2014
1763190340,0000004000000008,4449201942700,1385,2015
1763190359,0000008000000080,4449396709697,5260,2016
1763190372,0000004000000080,4449518390633,3115,2017
1763190379,0000000100000004,4449593585343,3801,2018
1763190393,0000000100000005,4449730186056,778,2019
1763190400,0000008000000084,4449798246245,1872,2020
1763190427,0000000100000004,4450069796367,1120,2021
1763190429,0000000400000080,4450094327632,4852,2022
1763190443,0000008000000080,4450231694353,1769,2023
1763190454,0000000800000080,4450344580205,189,2024
1763190455,0000000800000004,4450348446700,5144,2025
1763190458,0000000100000004,4450383851393,2991,2026
1763190466,0000000100000008,4450465739017,3264,2027
1763190470,0000008000000002,4450501885518,1099,2028
1763190493,0000000800000004,4450729844230,2954,2029
1763190493,0000000100000001,4450734570214,2668,2030
1763190494,0000000800000001,4450738702389,2422,2031
1763190502,0000008000000008,4450821282776,2645,2032
1763190526,0000000100000008,4451062851610,3716,2033
1763190537,0000000300000001,4451168234371,2551,2034
1763190540,0000000100000003,4451206107061,303,2035
1763190542,0000000800000004,4451219483894,4693,2036
1763190543,0000008000000004,4451229668003,4076,2037
1763190547,0000000800000002,4451270073878,1634,2038
1763190563,0000000400000080,4451436387311,2014,2039
1763190564,0000008000000002,4451441673157,1700,2040
1763190574,0000008000000080,4451546765709,584,2041
1763190587,0000008000000080,4451672581496,3387,2042
1763190598,0000008000000080,4451783178068,1933,2043
1763190602,0000004000000002,4451820601535,4890,2044
1763190607,0000000800000001,4451876330565,1524,2045
1763190610,0000000400000004,4451904614970,5028,2046
1763190622,0000000100000001,4452027917278,2776,2047
1763190641,0000000400000002,4452217655062,1767,0
1763190646,0000000400000002,4452265487089,4096,1
1763190653,0000008000000080,4452336031224,5045,2
1763190660,0000000200000004,4452398960875,1248,3
1763190660,0000008000000080,4452406447817,805,4
1763190674,0000008000000080,4452538820545,3216,5
1763190674,0000000100000008,4452545207370,2825,6
1763190681,000000c000000080,4452609269363,4193,7
1763190684,0000000200000002,4452643928459,2090,8
1763190694,0000008000000008,4452739614027,1533,9
1763190700,0000000100000001,4452802986235,2901,10
1763190705,0000000400000002,4452854374106,5030,11
1763190725,0000004000000088,4453051939502,3520,12
1763190737,0000000100000008,4453175396909,1289,13
1763190739,0000000400000080,4453196100164,5247,14
1763190742,0000008000000080,4453222606806,3648,15
1763190749,0000008000000001,4453291428985,4714,16
1763190750,0000008000000008,4453302248686,4058,17
1763190751,0000000800000008,4453308990518,3643,18
1763190758,0000000800000004,4453379364291,4617,19
1763190762,0000008000000080,4453420902403,2097,20
1763190766,0000004000000080,4453461826403,4849,21
1763190783,0000000800000002,4453628784620,5190,22
1763190786,0000000800000080,4453665321675,2969,23
1763190788,0000000800000001,4453686293346,1720,24
1763190792,0000000400000008,4453722056081,4778,25
1763190815,0000004000000001,4453957472859,994,26
1763190834,0000000400000004,4454140854258,362,27
1763190869,0000000400000002,4454488217715,244,28
1763190873,0000000100000002,4454537779452,2428,29
1763190908,0000008000000080,4454885610077,2284,30
1763190914,0000000100000001,4454947603788,3763,31
1763190924,0000000400000080,4455038380485,3489,32
1763190951,0000008000000008,4455312440965,2573,33
1763190964,0000000800000080,4455441512805,5221,34
1763190977,0000004000000080,4455569255590,2704,35
1763191046,0000000800000080,4456264194679,2457,36
1763191071,0000008000000080,4456508570124,3346,37
1763191091,0000000400000001,4456712739429,1458,38
1763191097,0000000100000008,4456772208703,3063,39
1763191097,0000000100000001,4456774495538,2923,40
1763191105,0000000100000008,4456856137089,3212,41
1763191105,0000000100000004,4456856817091,3169,42
1763191115,0000000300000001,4456948844347,2822,43
1763191154,0000004000000080,4457340496048,5258,44
1763191170,0000008000000080,4457498298127,952,45
1763191173,0000004000000008,4457533869870,4013,46
1763191177,0000000400000001,4457573246015,1636,47
1763191194,0000000100000001,4457740028333,1988,48
1763191200,0000000400000004,4457803607651,3354,49
1763191208,0000008000000080,4457881669276,3865,50
1763191211,0000000100000004,4457912606332,1994,51
1763191214,0000004000000080,4457939014830,422,52
1763191220,0000000800000004,4458003199484,1741,53
1763191222,0000000400000002,4458020989751,682,54
1763191239,0000000100000001,4458197589992,450,55
1763191249,0000004000000080,4458294014143,5036,56
1763191264,0000000400000080,4458442660958,1276,57
1763191301,0000000800000004,4458816796531,4757,58
1763191304,0000008000000008,4458838514674,3431,59
1763191305,0000000200000002,4458853643547,2511,60
1763191310,0000000800000001,4458898085540,5056,61
1763191323,0000000100000001,4459031192498,2223,62
1763191324,0000008000000008,4459047454357,1253,63
1763191337,0000004000000002,4459174230492,4026,64
1763191340,0000000100000003,4459200885494,2401,65
1763191344,0000000100000001,4459247673547,4806,66
1763191350,0000000400000001,4459303345169,1443,67
1763191363,0000004000000008,4459432242535,4088,68
1763191375,0000008000000008,4459556243043,1811,69
1763191383,0000004000000080,4459634131521,2311,70
1763191395,0000000400000080,4459754328080,301,71
1763191410,0000000100000001,4459904207244,1657,72
1763191445,0000000100000001,4460254724443,1347,73
1763191452,0000004000000004,4460323654438,2383,74
1763191461,0000008000000080,4460410105086,2378,75
1763191474,0000000400000002,4460544298976,4720,76
1763191512,0000000800000008,4460923716356,2641,77
1763191514,0000008000000008,4460944315099,1418,78
1763191517,0000004000000008,4460971732046,4974,79
1763191517,0000000400000001,4460976584909,4687,80
1763191524,000000010000000c,4461046201559,496,81
1763191536,0000000800000001,4461166863680,3615,82
1763191539,0000000800000008,4461197572683,1765,83
1763191552,0000008000000004,4461322578166,4650,84
1763191570,0000004000000004,4461501912366,4248,85
1763191585,0000000800000002,4461653179711,344,86
1763191586,0000000100000001,4461664456716,4858,87
1763191599,0000000100000080,4461797511403,2031,88
1763191607,0000000800000008,4461869023900,2912,89
1763191615,0000000100000001,4461956290694,2856,90
1763191622,0000004000000001,4462025950555,3883,91
1763191639,0000000400000004,4462189631362,4433,92
1763191652,0000000400000001,4462320312707,1749,93
1763191671,0000000400000001,4462515802286,395,94
1763191672,0000000100000001,4462522394012,5186,95
1763191684,0000000100000002,4462639174707,3339,96
1763191686,0000000100000001,4462662259589,1953,97
1763191695,0000008000000002,4462752226322,1738,98
1763191700,0000004000000004,4462800989375,4009,99
1763191716,0000000800000001,4462963121671,4651,100
1763191725,0000008000000002,4463053026295,4436,101
1763191727,0000004000000001,4463072274658,3255,102
1763191728,0000000100000001,4463085965328,2425,103
1763191732,0000000100000003,4463120577447,372,104
1763191732,0000000400000004,4463124596950,5319,105
1763191754,0000000100000008,4463339289564,2766,106
1763191754,0000000100000008,4463339545356,2751,107
1763191756,0000000100000080,4463367674653,1075,108
1763191759,0000004000000008,4463396704337,4539,109
1763191763,0000000700000001,4463437349856,2072,110
1763191807,0000004000000004,4463868775558,2090,111
1763191837,0000000400000001,4464169545152,4794,112
1763191845,000000c000000080,4464251254237,5069,113
1763191854,0000004000000004,4464342713327,4766,114
1763191862,0000000100000002,4464419101418,172,115
1763191866,0000000100000001,4464462883438,2699,116
1763191949,000000050000000f,4465296605445,4520,117
1763191966,0000000400000001,4465458561190,5160,118
1763191969,0000000200000001,4465492549291,3093,119
1763192050,0000000100000080,4466303171808,1090,120
1763192057,0000004000000080,4466376075626,1895,121
1763192077,0000000400000002,4466576792956,227,122
1763192093,0000000800000080,4466734290934,1126,123
1763192099,0000004000000080,4466789326405,2995,124
1763192133,0000000400000002,4467133437162,3072,125
1763192138,0000000800000080,4467183906806,5253,126
1763192142,0000000100000001,4467226678397,2655,127
1763192143,0000000100000004,4467236465457,2077,128
1763192158,0000000400000080,4467387250001,3394,129
1763192169,0000000400000001,4467488964939,2461,130
1763192174,0000008000000004,4467543324546,4415,131
1763192179,0000000400000001,4467592370489,1448,132
1763192181,0000000100000007,4467612963354,226,133
1763192196,0000008000000004,4467765270683,1435,134
1763192204,0000008000000080,4467841050730,2067,135
1763192208,0000000400000002,4467885704809,4595,136
1763192212,0000008000000080,4467927611499,2055,137
1763192234,0000000100000002,4468147285756,4441,138
1763192236,0000000800000009,4468159599474,3688,139
1763192236,0000000100000080,4468162020139,3538,140
1763192242,0000000100000001,4468222080859,5131,141
1763192243,0000000100000001,4468229102367,4713,142
1763192261,0000008000000002,4468410922577,4162,143
1763192281,0000000800000001,4468609174893,2595,144
1763192290,0000004000000004,4468701260328,2257,145
1763192305,0000008000000001,4468849561631,3739,146
1763192307,0000000400000004,4468871322018,2413,147
1763192311,0000008000000080,4468914429093,5037,148
1763192318,0000000100000008,4468983746400,859,149
1763192319,0000008000000002,4468988159128,602,150
1763192319,0000000800000001,4468989267621,536,151
1763192330,0000008000000008,4469103515851,4050,152
1763192332,0000004000000080,4469125388903,2706,153
1763192347,0000000400000008,4469269318467,4469,154
1763192358,0000000800000004,4469381758542,2868,155
1763192376,0000008000000004,4469564588214,2265,156
1763192383,0000000100000003,4469630162854,3521,157
1763192384,0000000800000001,4469645036323,2613,158
1763192415,0000000200000001,4469955755982,4729,159
1763192421,0000000800000001,4470008210713,1558,160
1763192424,0000000100000001,4470037617897,4994,161
1763192424,0000000100000008,4470041614989,4758,162
1763192433,0000004000000002,4470129649068,4657,163
1763192438,0000004000000001,4470181769878,1505,164
1763192442,0000004000000080,4470222242315,4279,165
1763192446,0000008000000001,4470262683378,1832,166
1763192452,0000000100000008,4470322918552,3398,167
1763192479,0000008000000002,4470589712720,2921,168
1763192494,0000004000000002,4470738702094,4377,169
1763192502,0000000400000001,4470818539123,4769,170
1763192515,0000000800000080,4470954644130,1759,171
1763192522,0000000100000004,4471018948202,3073,172
1763192531,0000008000000004,4471111362432,2705,173
1763192536,0000004800000008,4471158917134,5064,174
1763192547,0000000400000080,4471273444559,3353,175
1763192550,0000008000000080,4471302074281,1637,176
1763192562,0000000100000004,4471425477224,4618,177
1763192572,0000008000000002,4471519150100,4174,178
1763192572,0000000800000001,4471519332738,4162,179
1763192574,000000c000000080,4471542658844,2731,180
1763192611,0000000100000001,4471915918809,1069,181
1763192617,0000008000000080,4471974336047,2733,182
1763192618,0000000100000001,4471985651514,2065,183
1763192630,0000008000000080,4472106608317,5190,184
1763192631,0000000800000004,4472111991908,4871,185
1763192634,0000008000000080,4472143329260,2958,186
1763192641,0000004000000004,4472209708738,4186,187
1763192642,0000004000000002,4472224435245,3279,188
1763192660,0000000100000002,4472402871911,2927,189
1763192665,0000000100000008,4472456877398,4900,190
1763192673,0000000100000001,4472531325819,422,191
1763192674,0000000800000004,4472543399883,4890,192
1763192699,0000000400000080,4472790225096,430,193
1763192714,0000004000000001,4472945819435,1444,194
1763192722,0000000100000001,4473024951032,1877,195
1763192734,0000000100000008,4473141684413,5254,196
1763192743,0000008000000008,4473233754235,4914,197
1763192745,0000000100000001,4473256778891,3515,198
1763192751,0000008000000080,4473313485778,5308,199
1763192752,0000000100000001,4473325848721,4571,200
1763192772,0000000800000001,4473523018931,3069,201
1763192773,0000000800000002,4473532259007,2512,202
1763192781,0000000200000008,4473610496772,2999,203
1763192783,0000000100000001,4473629160077,1890,204
1763192812,0000008000000008,4473921103089,5116,205
1763192826,0000000100000003,4474058511220,2031,206
1763192830,0000008000000080,4474107453566,4298,207
1763192848,0000000100000080,4474279532292,4335,208
1763192854,0000000100000002,4474344820557,407,209
1763192876,0000000100000001,4474561708819,2915,210
1763192886,0000004000000001,4474665117255,1900,211
1763192889,0000000100000008,4474689113650,472,212
1763192899,000000c000000080,4474788903088,4858,213
1763192910,0000000800000080,4474904278405,3085,214
1763192929,0000000400000080,4475090550282,2271,215
1763192942,0000000100000008,4475220027875,4893,216
1763192960,0000004000000080,4475398068999,4574,217
1763192969,0000008000000080,4475494999269,3930,218
1763192971,0000000400000080,4475508830872,3078,219
1763192989,0000000800000001,4475691661232,2465,220
1763193003,0000000800000001,4475835233108,4245,221
1763193010,0000008000000004,4475903036452,168,222
1763193019,0000000100000008,4475990109301,5311,223
1763193034,0000000800000080,4476143662351,1259,224
1763193045,0000000800000008,4476248464706,165,225
1763193045,0000000100000002,4476252614909,5104,226
1763193047,0000000400000080,4476275776845,3704,227
1763193053,0000000100000004,4476335230367,5327,228
1763193057,0000000800000004,4476375765395,2864,229
1763193073,0000004000000008,4476528106331,4116,230
1763193082,0000004000000004,4476618523872,3865,231
1763193083,0000008000000080,4476636853058,2741,232
1763193105,0000008000000001,4476852928484,163,233
1763193127,0000000100000080,4477068338678,2754,234
1763193139,0000008000000080,4477193201430,467,235
1763193140,0000000400000080,4477201259612,5173,236
1763193155,0000004000000004,4477355833968,1059,237
1763193157,0000000100000002,4477367983359,343,238
1763193163,0000000800000001,4477431857745,1680,239
1763193168,0000000100000080,4477481418110,3899,240
1763193170,0000000800000008,4477506352431,2381,241
1763193184,0000000400000004,4477643408847,4553,242
1763193187,0000008000000080,4477676891336,2508,243
1763193217,0000000100000080,4477971067732,422,244
1763193226,0000000100000003,4478059486281,300,245
1763193234,0000000100000001,4478145409936,324,246
1763193235,0000008000000080,4478155995168,4880,247
1763193243,0000000100000002,4478228336077,528,248
1763193260,0000008000000004,4478406956041,173,249
1763193273,0000000200000002,4478535636815,2789,250
1763193309,000000c000000080,4478896597522,1866,251
1763193312,0000000400000008,4478923743390,250,252
1763193313,0000008000000008,4478934733033,4783,253
1763193330,0000008000000080,4479104486879,4957,254
1763193339,0000008000000080,4479190278406,4990,255
1763193342,0000000800000008,4479218312092,3283,256
1763193345,0000000100000001,4479250198764,1372,257
1763193349,0000000100000003,4479290316040,4166,258
1763193391,0000000100000008,4479707769780,5024,259
1763193404,0000000100000002,4479845241209,1935,260
1763193415,0000000100000004,4479955434059,516,261
1763193431,0000000400000080,4480107961996,1715,262
1763193450,0000000100000004,4480302397607,421,263
1763193467,0000000100000004,4480470787453,676,264
1763193467,0000000200000002,4480476054250,363,265
1763193494,0000000400000002,4480737436334,224,266
1763193495,0000004000000002,4480749520313,4691,267
1763193498,0000000100000004,4480781508819,2733,268
1763193503,0000000400000008,4480829176547,5088,269
1763193508,0000008000000080,4480882228405,1885,270
1763193514,0000008000000001,4480938388569,3706,271
1763193517,0000002000000001,4480969549536,1827,272
1763193542,0000000400000002,4481223629485,2119,273
1763193561,0000004000000004,4481416668354,905,274
1763193590,0000000400000002,4481698535250,4736,275
1763193607,0000000400000008,4481871850808,4700,276
1763193612,0000000400000001,4481922579373,1632,277
1763193613,0000000100000001,4481927543550,1334,278
1763193623,0000000400000008,4482030807568,331,279
1763193623,0000000100000001,4482034071963,5323,280
1763193627,0000000400000080,4482069304643,3184,281
1763193633,0000000400000001,4482131179176,4682,282
1763193642,0000008000000080,4482218881313,4600,283
1763193649,0000008000000008,4482296029438,5148,284
1763193674,0000008000000080,4482545017446,562,285
1763193685,0000004000000002,4482647896254,4763,286
1763193685,0000000800000004,4482649761229,4652,287
1763193693,0000000100000008,4482736905471,4603,288
1763193695,0000000100000080,4482755569382,3461,289
1763193697,0000000400000080,4482767939097,2704,290
1763193718,0000004000000080,4482984748986,5269,291
1763193721,0000004000000080,4483015769704,3391,292
1763193723,0000004000000008,4483033434228,2322,293
1763193730,0000000400000080,4483098853736,3592,294
1763193732,0000000100000001,4483120815476,2261,295
1763193735,0000000100000001,4483153763555,303,296
1763193736,0000008000000008,4483161972393,5000,297
1763193736,0000004000000002,4483166745248,4716,298
1763193738,0000000100000001,4483181494230,3820,299
1763193763,0000000100000002,4483430868611,4411,300
1763193777,0000000100000001,4483575188927,911,301
1763193779,0000000100000001,4483587858364,162,302
1763193779,0000000400000080,4483589092236,5275,303
1763193779,0000000100000001,4483596078823,4859,304
1763193784,0000000100000002,4483644490359,1932,305
1763193785,0000008000000001,4483654182371,1351,306
1763193796,0000008000000080,4483757297516,355,307
1763193801,0000008000000080,4483811833622,2245,308
1763193804,000000040000000a,4483846334880,195,309
1763193807,0000004000000004,4483874952626,3654,310
1763193808,0000000100000001,4483883942577,3098,311
1763193808,0000008000000080,4483886525802,2940,312
1763193812,0000000100000008,4483921763676,840,313
1763193832,0000004000000008,4484122223492,4375,314
1763193844,0000008000000080,4484237594162,2599,315
1763193851,0000000100000080,4484314674059,3159,316
1763193885,0000000400000001,4484654364160,3511,317
1763193918,0000000800000002,4484980715285,4674,318
1763193942,0000008000000001,4485220474551,635,319
1763193961,0000000100000001,4485412702904,4658,320
1763193964,0000008000000080,4485444494089,2712,321
1763193971,0000000100000002,4485508900637,4061,322
1763193980,0000008000000080,4485602417047,3619,323
1763193984,0000004000000004,4485644844233,1066,324
1763193998,0000000800000080,4485781209795,3241,325
1763193999,0000004200000008,4485792070304,2581,326
1763194021,0000000800000008,4486009864774,5088,327
1763194023,0000000800000001,4486030379751,3850,328
1763194059,0000008000000002,4486387254489,3141,329
1763194059,0000000800000008,4486387276505,3140,330
1763194080,0000008000000080,4486598447800,842,331
1763194081,0000000100000001,4486608797216,230,332
1763194107,0000008000000080,4486870383660,5263,333
1763194109,0000000400000080,4486896941085,3659,334
1763194143,0000008000000002,4487230575096,4378,335
1763194164,0000008000000080,4487437184874,2312,336
1763194186,0000000100000001,4487659313291,4559,337
1763194189,0000004000000002,4487697053571,2263,338
1763194211,0000000100000001,4487909540670,5084,339
1763194220,0000008000000002,4488005198995,4528,340
1763194222,0000000400000008,4488027071380,3187,341
1763194224,0000000400000001,4488043927980,2176,342
1763194225,0000000400000080,4488055123597,1510,343
1763194244,0000000100000004,4488237298522,941,344
1763194263,0000000300000001,4488434051659,4701,345
1763194272,0000008000000008,4488521634117,4626,346
1763194283,0000000400000080,4488628802134,3352,347
1763194296,0000000100000003,4488766090299,308,348
1763194298,0000008000000080,4488779178852,4715,349
1763194300,0000000800000080,4488804047077,3196,350
1763194302,0000000800000008,4488819598310,2260,351
1763194302,0000000200000002,4488820942432,2181,352
1763194329,0000000100000002,4489096662210,1185,353
1763194339,0000000100000001,4489191476106,685,354
1763194354,0000000400000080,4489342266450,1989,355
1763194365,0000000100000004,4489452101715,592,356
1763194388,0000008000000004,4489683792225,2215,357
1763194389,0000008000000004,4489688426601,1943,358
1763194397,0000000400000004,4489768747693,2296,359
1763194398,0000008000000080,4489777356749,1789,360
1763194414,0000008000000005,4489943192673,2194,361
1763194426,0000000400000008,4490057260504,548,362
1763194436,0000000100000001,4490162811950,4589,363
1763194448,000000c000000080,4490279870553,2709,364
1763194456,0000000800000004,4490360619220,3048,365
1763194458,0000004000000002,4490377709348,2030,366
1763194475,0000000200000001,4490550406386,2029,367
1763194475,0000004000000004,4490551106518,1988,368
1763194483,0000000400000002,4490629654148,2448,369
1763194488,0000008000000080,4490681280168,4565,370
1763194492,0000000400000001,4490723799842,1987,371
1763194504,0000000100000004,4490837538755,359,372
1763194509,0000000400000008,4490892361483,2230,373
1763194525,0000004000000001,4491049092076,3190,374
1763194533,0000008000000002,4491135404482,3193,375
1763194548,000000410000009d,4491278216181,5010,376
1763194557,0000000100000008,4491373165106,4497,377
1763194561,0000000100000001,4491409474732,2287,378
1763194594,0000000400000001,4491743973950,2937,379
1763194616,0000000100000001,4491962626983,203,380
1763194617,0000000100000001,4491972640986,4793,381
1763194621,0000008000000080,4492007590319,2660,382
1763194624,0000000100000001,4492043452788,533,383
1763194626,0000004000000004,4492059282742,4776,384
1763194635,0000004000000008,4492155293820,4192,385
1763194640,0000008000000080,4492197157039,1661,386
1763194646,0000004000000080,4492260124826,3055,387
1763194672,0000008000000080,4492518239085,3111,388
1763194673,0000000100000001,4492529117046,2454,389
1763194677,0000008800000002,4492574080353,4971,390
1763194685,0000004000000080,4492652818317,236,391
1763194691,0000000800000004,4492715341957,1654,392
1763194693,000000c000000080,4492728628987,859,393
1763194700,0000000800000002,4492801792471,1647,394
1763194700,0000004000000004,4492803052972,1572,395
1763194700,0000008000000002,4492803895793,1520,396
1763194706,0000000100000001,4492865624072,2988,397
1763194706,0000000400000004,4492865698050,2984,398
1763194717,0000000100000001,4492967178884,2081,399
1763194738,0000004000000004,4493184524075,4611,400
1763194765,0000008000000008,4493454738271,3931,401
1763194777,0000000400000004,4493568926300,2239,402
1763194793,0000000100000003,4493729127743,2984,403
1763194794,0000000400000004,4493741370413,2253,404
1763194840,0000000100000008,4494203680822,436,405
1763194848,0000000100000001,4494277012544,1205,406
1763194853,0000004000000080,4494327579196,3352,407
1763194856,0000008000000002,4494359600713,1432,408
1763194869,0000008000000002,4494489660376,4006,409
1763194885,0000008000000080,4494647606270,4896,410
1763194885,0000008000000080,4494648786361,4826,411
1763194885,0000000800000002,4494652412763,4608,412
1763194890,0000000100000001,4494697576140,1875,413
1763194890,0000000100000001,4494698183066,1839,414
1763194891,0000008000000004,4494706980263,1310,415
1763194909,0000000100000080,4494892800961,535,416
1763194932,0000000800000004,4495121319960,2346,417
1763194934,0000008000000080,4495146423108,852,418
1763194936,0000000400000004,4495164881423,4942,419
1763194953,0000000800000008,4495329877888,215,420
1763194956,0000004000000001,4495359275102,3626,421
1763194963,0000004000000002,4495433002126,4400,422
1763194989,0000004000000084,4495696845375,4106,423
1763195023,0000000100000001,4496034921920,4550,424
1763195028,0000004000000080,4496082105489,1695,425
1763195030,0000000100000001,4496101279111,557,426
1763195034,000000c000000080,4496137850494,3535,427
1763195043,0000000100000001,4496227012133,3361,428
1763195054,0000008000000001,4496337386067,1919,429
1763195065,0000000100000003,4496453538484,5331,430
1763195082,0000008000000080,4496620562161,483,431
1763195094,0000000100000008,4496746800661,3255,432
1763195097,0000000100000080,4496770296030,1849,433
1763195097,0000000100000080,4496774126660,1620,434
1763195125,0000008000000004,4497048314171,717,435
1763195126,000000c000000002,4497063625247,4994,436
1763195173,0000008000000080,4497529771982,2895,437
1763195174,0000004000000001,4497542283850,2152,438
1763195178,0000008000000080,4497578551412,5179,439
1763195184,0000004000000008,4497637340259,1634,440
1763195186,0000000800000080,4497658461097,377,441
1763195186,0000000400000004,4497661855696,174,442
1763195187,0000000800000002,4497671317077,4798,443
1763195199,0000000100000002,4497787567335,2971,444
1763195208,0000000100000008,4497877499695,2753,445
1763195213,0000004000000008,4497936574102,4426,446
1763195222,0000000200000002,4498026846455,4187,447
1763195233,0000000400000080,4498132627157,2989,448
1763195242,0000000400000001,4498222046249,2804,449
1763195259,0000004000000080,4498392666349,2928,450
1763195279,0000000800000008,4498591923967,1346,451
1763195309,0000000300000001,4498895108294,3892,452
1763195329,0000008000000080,4499091943166,2419,453
1763195329,0000000100000003,4499096428663,2156,454
1763195341,0000000100000001,4499215759769,194,455
1763195374,0000000400000001,4499538982811,1510,456
1763195389,0000000800000080,4499688436664,2893,457
1763195411,0000000100000004,4499908397408,5268,458
1763195411,0000000100000003,4499913108503,4987,459
1763195429,0000008000000080,4500090069249,4734,460
1763195433,0000000100000008,4500132791426,2142,461
1763195468,0000008000000080,4500483615949,1819,462
1763195471,0000000100000001,4500509779577,263,463
1763195471,0000000100000002,4500511268430,174,464
1763195475,0000000800000080,4500552877277,2832,465
1763195475,0000008000000080,4500555337296,2684,466
1763195480,0000000800000008,4500598216538,5324,467
1763195483,0000000400000001,4500636695362,2987,468
1763195486,0000000800000002,4500660500750,1568,469
1763195487,0000000100000001,4500671654094,900,470
1763195503,0000004000000002,4500831099525,1695,471
1763195508,0000000100000008,4500885803286,3598,472
1763195520,0000000100000001,4501002490416,1772,473
1763195522,0000000400000001,4501019830137,736,474
1763195525,0000008000000001,4501054385518,3851,475
1763195527,0000008000000004,4501075478256,2560,476
1763195528,0000000400000080,4501078230491,2398,477
1763195547,0000000400000080,4501269714950,1273,478
1763195566,0000000400000002,4501458080648,351,479
1763195569,0000004800000080,4501491503967,3518,480
1763195575,0000008000000080,4501554090153,4961,481
1763195576,0000000800000001,4501557208998,4776,482
1763195585,0000004000000004,4501650851366,4337,483
1763195588,0000008000000080,4501686357844,2179,484
1763195598,0000000800000004,4501782262768,1613,485
1763195603,0000004000000002,4501827542082,4094,486
1763195609,000000c000000080,4501892390691,198,487
1763195620,0000008000000001,4502000075294,4103,488
1763195655,0000004000000001,4502352344500,3680,489
1763195659,0000008000000080,4502387069768,1588,490
1763195661,0000000c00000004,4502411664185,5311,491
1763195664,0000008000000004,4502440967853,3538,492
1763195671,0000000100000001,4502509023671,4657,493
1763195678,0000008000000080,4502578728513,462,494
1763195678,0000008100000001,4502579173384,435,495
1763195683,0000000100000001,4502631957342,2426,496
1763195690,0000004000000002,4502701809243,3427,497
1763195690,0000008000000080,4502706185047,3157,498
1763195701,0000000400000002,4502813733181,1891,499
1763195710,0000000100000004,4502897018336,2071,500
1763195715,0000008000000002,4502953900799,3856,501
1763195720,0000000100000001,4502999642244,1098,502
1763195749,0000000100000008,4503295085525,4114,503
1763195750,0000000400000001,4503302753056,3643,504
1763195753,0000000100000002,4503331509099,1909,505
1763195754,0000000800000080,4503338673064,1480,506
1763195764,0000000400000080,4503441506453,502,507
1763195766,0000000100000003,4503459568044,4611,508
1763195787,0000000800000008,4503672950502,2141,509
1763195810,0000008000000001,4503905434926,3749,510
1763195825,0000000400000004,4504051253856,183,511
1763195830,0000008000000080,4504101422470,2332,512
1763195847,0000000800000001,4504271250228,2500,513
1763195857,0000008000000004,4504367828342,1899,514
1763195888,0000004000000001,4504681732477,3798,515
1763195890,0000000400000002,4504706476618,2295,516
1763195903,0000000800000002,4504833625163,5053,517
1763195903,0000004000000080,4504835836901,4924,518
1763195926,0000004000000008,4505058771397,1887,519
1763195943,0000000800000001,4505233752283,1752,520
1763195951,0000004000000004,4505314991385,2053,521
1763195967,0000000800000004,4505472255439,2973,522
1763195974,0000004000000002,4505540176500,4106,523
1763195986,0000000400000002,4505658685400,4306,524
1763195992,0000004000000001,4505721377653,3582,525
1763195996,0000000100000001,4505757087627,1434,526
1763196003,0000008000000080,4505833180925,2047,527
1763196004,0000000800000001,4505837009801,1819,528
1763196007,0000004000000008,4505874724371,4762,529
1763196021,0000000800000008,4506009263104,1846,530
1763196024,0000000100000001,4506038942614,5267,531
1763196025,0000000100000002,4506049091409,4662,532
1763196027,0000000100000001,4506074955013,3076,533
1763196036,0000000800000080,4506162036431,3032,534
1763196047,0000004000000004,4506268433263,1838,535
1763196058,0000000100000001,4506379262231,381,536
1763196062,0000008000000080,4506426340449,2712,537
1763196073,0000000800000002,4506532127117,1558,538
1763196093,0000000800000001,4506728379252,162,539
1763196093,000000800000000f,4506733040246,5067,540
1763196106,0000000800000002,4506860309543,2577,541
1763196116,0000004000000001,4506958573415,1875,542
1763196128,0000000800000001,4507082405749,4829,543
1763196136,0000000100000001,4507166250496,4978,544
1763196140,0000000400000004,4507203183428,2728,545
1763196148,0000008000000080,4507282810512,3137,546
1763196158,0000000400000002,4507381996162,2362,547
1763196202,0000000400000001,4507817760391,2127,548
1763196202,0000008000000080,4507818893448,2060,549
1763196211,0000000200000001,4507909352162,1815,550
1763196224,0000000800000001,4508041553692,4267,551
1763196247,0000000400000008,4508275062704,606,552
1763196264,0000000100000001,4508442720511,900,553
1763196275,0000004000000080,4508550397688,4821,554
1763196278,0000000800000008,4508581205674,2939,555
1763196284,0000000200000001,4508643688066,4405,556
1763196289,0000000100000080,4508692283840,1466,557
1763196308,0000008000000080,4508879711822,593,558
1763196318,0000000100000001,4508980937466,4892,559
1763196351,0000004000000080,4509309244544,720,560
1763196357,0000000800000008,4509367884946,2366,561
1763196382,0000000100000008,4509619220326,2826,562
1763196420,0000000c00000008,4510004735213,441,563
1763196434,0000000100000001,4510137061684,2838,564
1763196443,0000000300000001,4510235441373,2125,565
1763196465,0000008000000001,4510456547525,4428,566
1763196467,0000008000000001,4510473089654,3413,567
1763196470,0000008000000001,4510502632454,3283,568
1763196484,0000004000000080,4510645730552,3415,569
1763196491,0000000800000001,4510709692609,4782,570
1763196508,0000000400000004,4510886110071,4558,571
1763196511,0000008000000008,4510914310080,2831,572
1763196518,0000004000000004,4510978209745,4210,573
1763196520,0000000100000008,4511003620298,2652,574
1763196564,0000008000000002,4511437240502,2539,575
1763196567,0000000800000080,4511471538743,505,576
1763196576,0000000800000001,4511559900796,384,577
1763196585,0000000500000001,4511650072424,162,578
1763196588,0000000800000080,4511684535959,3251,579
1763196592,0000004000000001,4511725241366,816,580
1763196594,0000000800000001,4511744449348,4864,581
1763196611,0000004000000080,4511908918453,167,582
1763196616,0000000400000002,4511962044881,2143,583
1763196654,0000000800000004,4512345762595,5047,584
1763196655,0000008800000008,4512349788974,4810,585
1763196656,0000000800000001,4512362824255,4020,586
1763196702,0000008000000080,4512823782967,2243,587
1763196705,0000000400000080,4512855492323,359,588
1763196707,0000000200000004,4512866971193,4862,589
1763196720,0000000800000020,4513000056427,2032,590
1763196764,0000000800000001,4513438414771,1637,591
1763196773,0000004000000008,4513531953680,1204,592
1763196779,0000000100000001,4513591747042,2786,593
1763196784,0000000400000002,4513646100350,4743,594
1763196785,0000008000000008,4513648215525,4615,595
1763196794,0000000800000008,4513742479725,4135,596
1763196796,0000000400000080,4513759190819,3106,597
1763196805,0000000100000003,4513851385701,2750,598
1763196818,0000008000000008,4513979124683,291,599
1763196820,0000004000000001,4513999631525,4249,600
1763196828,0000000100000080,4514085648655,4269,601
1763196850,0000000100000080,4514306418675,1362,602
1763196858,0000000200000001,4514376817050,2312,603
1763196871,0000000100000001,4514511967239,4597,604
1763196873,0000000100000003,4514532671586,3329,605
1763196879,0000004000000001,4514594459114,4827,606
1763196880,0000000100000003,4514597247551,4661,607
1763196885,0000008000000004,4514647453379,1625,608
1763196885,0000004000000004,4514650185515,1461,609
1763196897,0000000400000001,4514770030664,4655,610
1763196910,0000000100000004,4514906129355,1647,611
1763196912,0000008000000002,4514921178058,749,612
1763196939,0000000400000002,4515193323303,5157,613
1763196947,0000004000000080,4515271115998,481,614
1763196953,0000000400000004,4515331523604,2023,615
1763196960,0000000100000002,4515402341097,2947,616
1763196961,0000008000000008,4515416226798,2120,617
1763196962,0000000800000004,4515423793722,1671,618
1763196965,0000000400000008,4515451152561,5229,619
1763196969,0000000400000084,4515487472244,3019,620
1763196973,0000000400000080,4515532706708,329,621
1763196974,0000000100000001,4515540515858,5048,622
1763196976,0000008000000004,4515564794617,3577,623
1763196992,0000000400000004,4515726471066,4253,624
1763197021,0000004000000002,4516013451625,2543,625
1763197043,0000000100000008,4516235644088,4790,626
1763197051,000000c000000080,4516316463172,5117,627
1763197063,0000000400000080,4516427195603,3641,628
1763197078,0000000800000002,4516583872195,4619,629
1763197085,0000000100000001,4516653446315,431,630
1763197090,0000000100000002,4516702369254,2653,631
1763197121,0000000400000002,4517009602141,4976,632
1763197123,0000000100000001,4517036144415,3361,633
1763197135,0000008000000002,4517150679829,1672,634
1763197149,0000004000000001,4517287733184,3821,635
1763197152,0000000100000002,4517324644269,1595,636
1763197157,0000000100000008,4517369263570,4118,637
1763197167,0000000400000080,4517470774526,3182,638
1763197187,0000000100000001,4517667269420,1761,639
1763197193,0000000800000001,4517735599908,2829,640
1763197205,0000000800000001,4517846823899,1347,641
1763197225,0000008000000080,4518050430488,4697,642
1763197234,0000000100000080,4518145237571,4185,643
1763197269,0000008000000008,4518495605547,3880,644
1763197272,0000008000000001,4518525472263,2071,645
1763197296,0000008000000080,4518760014111,3547,646
1763197316,0000008000000080,4518958422649,1999,647
1763197335,0000000100000008,4519150335879,850,648
1763197342,0000000800000002,4519221295458,1771,649
1763197343,0000000100000001,4519230707693,1205,650
1763197345,0000000100000008,4519246770423,254,651
1763197357,0000004000000080,4519370943654,3146,652
1763197391,0000000100000001,4519707469194,3693,653
1763197395,0000004000000080,4519752462367,984,654
1763197414,0000004000000080,4519941568289,5200,655
1763197421,0000004000000003,4520010452813,1048,656
1763197461,0000000100000001,4520412569897,2811,657
1763197465,0000000800000080,4520449351876,628,658
1763197496,0000000800000080,4520761197681,2615,659
1763197498,0000000400000080,4520783327333,1300,660
1763197511,0000008000000002,4520915468596,3744,661
1763197515,0000004000000008,4520949630071,1687,662
1763197518,0000000400000002,4520984515609,4795,663
1763197529,0000008000000080,4521088414821,3728,664
1763197537,0000000800000002,4521170649290,3982,665
1763197542,0000000100000007,4521219239521,1049,666
1763197553,0000000400000004,4521326404415,5002,667
1763197560,0000008400000001,4521400986209,519,668
1763197560,0000000800000008,4521402357760,436,669
1763197562,0000004000000080,4521419374993,4607,670
1763197565,0000000400000008,4521452188283,2603,671
1763197568,0000000100000008,4521483785760,726,672
1763197580,0000008000000008,4521601884974,4011,673
1763197583,0000008000000040,4521630789900,2253,674
1763197586,0000000100000001,4521662388617,377,675
1763197593,0000000100000002,4521734901321,1192,676
1763197641,0000000100000002,4522209321097,3826,677
1763197644,0000000400000001,4522243847105,1743,678
1763197680,0000000800000002,4522603585110,882,679
1763197692,0000004000000002,4522718152220,4391,680
1763197693,0000008000000004,4522736290405,3277,681
1763197705,0000008000000040,4522846720820,1834,682
1763197720,000000010000000f,4523004218375,2732,683
1763197738,0000008000000080,4523180747338,2504,684
1763197742,0000000400000008,4523218188103,282,685
1763197743,0000000800000004,4523231695715,4663,686
1763197753,0000000100000002,4523328983191,3998,687
1763197756,0000008000000008,4523363330449,1920,688
1763197761,0000004000000001,4523409592720,4350,689
1763197765,0000004000000004,4523449304554,1943,690
1763197767,0000000200000080,4523475423960,388,691
1763197774,0000000400000001,4523541378966,1601,692
1763197787,0000008000000001,4523675177860,3949,693
1763197789,0000000100000080,4523691703349,2932,694
1763197792,0000000800000080,4523720519709,1211,695
1763197798,0000008000000080,4523781070033,2748,696
1763197816,0000000100000003,4523961221765,2305,697
1763197827,0000008000000001,4524067251234,1132,698
1763197859,0000000400000004,4524387530817,2626,699
1763197869,0000008000000008,4524494530218,1400,700
1763197881,0000000800000004,4524609956120,4856,701
1763197893,0000000800000001,4524732980162,2622,702
1763197905,0000000100000008,4524854647914,526,703
1763197936,0000000400000080,4525157230448,3074,704
1763197947,0000000400000002,4525272979462,1318,705
1763197959,0000000200000001,4525391371561,4599,706
1763197963,0000000400000004,4525428303239,2352,707
1763197963,0000000100000008,4525429978275,2253,708
1763197966,0000008000000080,4525465753815,5313,709
1763197972,0000000200000001,4525519596225,2061,710
1763197975,0000000400000008,4525548088293,367,711
1763197979,0000000100000003,4525588527042,3100,712
1763197980,0000000400000080,4525601404281,2327,713
1763197999,0000008000000010,4525789649150,1403,714
1763198010,0000000100000008,4525899937246,5165,715
1763198031,0000008000000080,4526113562313,2676,716
1763198044,0000000100000001,4526242299522,162,717
1763198054,0000000100000004,4526340431621,4642,718
1763198065,0000008000000080,4526453322884,3018,719
1763198070,0000000400000003,4526503000306,5246,720
1763198070,0000000100000008,4526505630287,5089,721
1763198080,0000000100000008,4526596498284,4821,722
1763198094,0000000100000002,4526742379214,1225,723
1763198098,0000008000000008,4526784733035,3879,724
1763198117,0000000100000002,4526966819343,3300,725
1763198130,0000000100000080,4527105402592,181,726
1763198138,0000000400000080,4527185002257,583,727
1763198140,0000004000000008,4527196592036,5077,728
1763198141,0000000100000001,4527212063972,4149,729
1763198145,0000008000000080,4527255865755,1501,730
1763198153,0000000400000002,4527333538941,2019,731
1763198157,0000000800000002,4527370279359,5017,732
1763198166,0000008800000080,4527456478003,5026,733
1763198166,0000000800000001,4527459995744,4818,734
1763198170,0000000800000004,4527498349159,2483,735
1763198170,0000000400000001,4527504215947,2138,736
1763198175,0000000100000002,4527547514998,4749,737
1763198180,0000008000000008,4527600037100,1575,738
1763198184,0000000400000080,4527638914555,4445,739
1763198196,0000008000000080,4527765829890,1986,740
1763198209,0000000100000001,4527887548748,5065,741
1763198212,0000004000000002,4527922055168,2965,742
1763198240,0000004000000008,4528199476816,1872,743
1763198250,0000008000000001,4528298009200,1139,744
1763198253,0000008000000001,4528333422496,4217,745
1763198254,0000004800000080,4528344483784,3537,746
1763198257,0000004000000004,4528376164495,1633,747
1763198263,0000000400000080,4528434415350,3315,748
1763198265,0000004400000001,4528455397399,2056,749
1763198270,0000000200000004,4528499106482,4640,750
1763198277,0000008000000080,4528570956479,313,751
1763198284,000000c000000080,4528637855708,1473,752
1763198285,0000000800000001,4528654014036,515,753
1763198291,0000004000000080,4528714229453,2067,754
1763198311,0000008000000080,4528911448408,610,755
1763198319,0000008000000002,4528995872123,721,756
1763198329,0000000100000008,4529087425459,415,757
1763198329,0000000100000001,4529091479669,172,758
1763198361,0000000100000008,4529416014099,1409,759
1763198372,0000008000000080,4529518925810,427,760
1763198390,0000000400000001,4529701279546,5036,761
1763198390,0000008000000080,4529702112853,4987,762
1763198394,0000000800000008,4529737452498,2834,763
1763198394,0000008000000008,4529739385307,2716,764
1763198395,0000008000000080,4529754637055,1815,765
1763198399,0000000800000004,4529789699659,4913,766
1763198405,0000004000000008,4529847871887,1401,767
1763198405,0000004000000080,4529850515209,1242,768
1763198418,0000004000000001,4529977068225,4027,769
1763198433,0000000100000080,4530127043816,206,770
1763198451,0000008000000080,4530312572230,4627,771
1763198455,0000000800000001,4530351740185,2247,772
1763198463,0000000400000002,4530433565353,2513,773
1763198480,0000004000000004,4530598857959,2957,774
1763198495,000000c000000080,4530748077210,4400,775
1763198516,0000004000000002,4530963777670,1796,776
1763198526,0000000800000080,4531061821284,1094,777
1763198529,0000000100000002,4531086560205,4813,778
1763198533,0000000800000008,4531135085688,1878,779
1763198537,0000004000000080,4531171393474,4903,780
1763198559,0000000400000001,4531391267681,511,781
1763198566,0000008000000001,4531464869940,2803,782
1763198584,0000000800000008,4531643075641,2472,783
1763198590,0000008000000002,4531698260335,4375,784
1763198594,0000000100000080,4531740046764,1845,785
1763198597,0000008000000080,4531774849252,4959,786
1763198598,0000000100000080,4531782021610,4533,787
1763198616,0000008000000004,4531965785035,3856,788
1763198620,0000000400000004,4532004652879,1511,789
1763198621,0000008000000001,4532007581634,1336,790
1763198641,0000004000000004,4532214916378,4461,791
1763198643,0000008000000080,4532232630427,3375,792
1763198646,0000000800000080,4532261559412,1641,793
1763198654,0000000100000001,4532345500640,1784,794
1763198662,0000004000000080,4532418832188,2552,795
1763198665,000000c000000080,4532453540162,493,796
1763198666,0000000100000001,4532460057659,5291,797
1763198667,0000000400000001,4532471295111,4621,798
1763198685,0000008800000080,4532654714023,3969,799
1763198688,0000008000000004,4532683104423,2243,800
1763198691,0000000800000080,4532714496290,379,801
1763198693,0000004000000008,4532729227123,4687,802
1763198699,0000008000000080,4532787491694,1167,803
1763198704,0000000100000008,4532843622150,2970,804
1763198705,0000000800000004,4532853030620,2405,805
1763198710,0000000100000001,4532897614082,4943,806
1763198714,0000008000000008,4532938492655,2457,807
1763198717,0000000100000003,4532975682718,251,808
1763198733,0000000400000001,4533128277104,1443,809
1763198743,0000000400000008,4533232727973,371,810
1763198744,0000008000000080,4533239794352,5134,811
1763198754,0000004000000008,4533337545127,4453,812
1763198766,0000008000000004,4533464394377,1996,813
1763198787,0000004000000008,4533668004300,162,814
1763198791,0000000400000002,4533714710138,2510,815
1763198794,0000000400000080,4533740592461,971,816
1763198809,0000004000000008,4533893532254,2149,817
1763198847,0000000100000008,4534267402648,457,818
1763198878,0000000400000008,4534580717806,2359,819
1763198881,0000000100000008,4534607520294,766,820
1763198894,0000008000000001,4534740471660,3138,821
1763198897,0000008000000004,4534772465700,1225,822
1763198901,0000008000000080,4534812231306,4037,823
1763198923,0000008000000001,4535029756304,1329,824
1763198939,0000000400000002,4535194287714,1819,825
1763198954,0000000100000002,4535343316359,3235,826
1763198980,0000000100000001,4535603009687,3194,827
1763198984,0000000100000080,4535644125128,739,828
1763198987,0000008000000080,4535669199965,4431,829
1763198999,0000000800000004,4535792214742,2203,830
1763199000,0000000400000008,4535799392422,1779,831
1763199023,0000000100000080,4536033468303,3273,832
1763199037,0000000100000001,4536175887247,5111,833
1763199041,0000000400000004,4536207299434,3202,834
1763199048,0000004000000001,4536278727417,4121,835
1763199055,0000004000000080,4536349244715,5072,836
1763199069,0000000800000004,4536492034203,1666,837
1763199071,0000000100000005,4536507537805,741,838
1763199072,000000c000000001,4536522617946,5031,839
1763199081,0000000800000004,4536609564333,4996,840
1763199084,0000000800000004,4536645372076,2814,841
1763199104,0000008000000008,4536837912913,1635,842
1763199104,0000000400000004,4536843486320,1300,843
1763199109,0000004000000080,4536894261112,3434,844
1763199125,0000008000000080,4537050497384,4445,845
1763199139,0000000400000001,4537186592056,1437,846
1763199149,0000000100000002,4537293464430,219,847
1763199185,0000000800000008,4537652818963,4572,848
1763199186,0000000100000080,4537665541826,3795,849
1763199194,0000000100000001,4537741991697,4401,850
1763199201,0000004000000080,4537812144868,182,851
1763199210,0000000100000001,4537900788503,5232,852
1763199226,0000008000000001,4538057820847,971,853
1763199232,000000c000000080,4538117097003,2583,854
1763199236,0000008000000004,4538160658117,5181,855
1763199245,0000000100000001,4538254670590,4725,856
1763199255,0000000800000002,4538355839540,3824,857
1763199256,0000008000000004,4538356322822,3794,858
1763199258,0000000400000002,4538383523810,2147,859
1763199266,0000000800000002,4538459115599,2784,860
1763199267,0000000100000001,4538475023121,1842,861
1763199272,0000008000000080,4538523100516,4158,862
1763199275,0000000100000005,4538549585483,2536,863
1763199277,0000000400000001,4538566103375,1558,864
1763199287,0000000100000080,4538671996213,397,865
1763199296,0000008000000080,4538760479258,269,866
1763199299,0000004000000001,4538788838976,3746,867
1763199307,0000000100000001,4538867118365,4241,868
1763199314,0000004000000004,4538944881041,4758,869
1763199331,0000000200000001,4539110538994,5176,870
1763199344,0000004000000006,4539239312427,2598,871
1763199345,0000008100000004,4539252153858,1840,872
1763199347,0000000100000004,4539273053570,597,873
1763199351,0000008000000004,4539307490325,3710,874
1763199353,0000008000000080,4539334848990,2056,875
1763199357,0000008000000080,4539371876825,5039,876
1763199374,0000000100000001,4539543595037,5096,877
1763199409,0000008000000080,4539891936983,4920,878
1763199417,0000000100000002,4539968107069,341,879
1763199457,0000008000000080,4540366907336,2296,880
1763199458,0000000100000002,4540378981480,1580,881
1763199461,0000000100000001,4540407640375,5060,882
1763199477,0000000800000008,4540574993474,193,883
1763199481,0000000100000001,4540611745883,3150,884
1763199501,0000000100000001,4540812742296,1457,885
1763199525,0000004000000080,4541051540065,2658,886
1763199530,0000008000000080,4541103580550,4753,887
1763199534,0000000400000008,4541145865451,2187,888
1763199574,0000000400000002,4541537477411,4624,889
1763199577,0000000800000001,4541568662529,2715,890
1763199610,0000000400000008,4541905701572,3224,891
1763199624,0000000100000003,4542045083948,5247,892
1763199639,0000000800000008,4542194448329,1447,893
1763199667,0000000800000080,4542467099814,633,894
1763199680,0000004000000008,4542596310883,3233,895
1763199683,0000004800000004,4542626047928,1453,896
1763199692,0000000400000004,4542720549452,966,897
1763199700,0000008000000008,4542802177991,1245,898
1763199710,0000000800000080,4542905753725,226,899
1763199714,0000000100000002,4542937853887,3470,900
1763199719,0000004000000080,4542988751300,425,901
1763199721,0000000100000002,4543009609905,4365,902
1763199727,0000000800000080,4543067832873,853,903
1763199728,0000000800000002,4543082956906,5143,904
1763199737,0000000100000004,4543167841889,5232,905
1763199748,0000000100000080,4543278186803,3782,906
1763199750,0000000100000004,4543299705591,2471,907
1763199755,0000008000000001,4543348910847,4733,908
1763199759,0000000100000002,4543389605385,2258,909
1763199759,0000000400000008,4543394891366,1948,910
1763199767,000000c000000080,4543470786240,2564,911
1763199791,0000008000000080,4543706277052,4005,912
1763199797,0000008000000080,4543773778018,5139,913
1763199812,0000008000000080,4543916998457,1708,914
1763199820,0000000800000001,4544004012156,1667,915
1763199840,0000000100000004,4544204680982,5189,916
1763199846,0000004000000002,4544264150602,1601,917
1763199856,0000004000000004,4544365583311,704,918
1763199863,0000004000000001,4544433115390,1825,919
1763199863,0000008000000001,4544434451912,1746,920
1763199864,0000000800000080,4544444027982,1170,921
1763199867,0000000400000004,4544469362109,4852,922
1763199872,0000000400000005,4544522071109,1669,923
1763199883,0000000400000080,4544628889925,450,924
1763199897,0000004000000004,4544773618710,2112,925
1763199901,0000000100000001,4544811878927,5023,926
1763199903,0000000400000080,4544832859199,3754,927
1763199905,0000000100000004,4544849489811,2731,928
1763199931,0000000800000004,4545111499082,2553,929
1763199939,0000000100000001,4545192845716,2854,930
1763199944,0000004000000008,4545238627522,5319,931
1763199944,0000008000000080,4545243846660,5009,932
1763199947,0000004000000001,4545275122819,3103,933
1763199951,0000000800000080,4545306550608,1224,934
1763199951,0000008000000004,4545310499303,988,935
1763199965,0000004000000080,4545450594731,2934,936
1763199988,0000004000000008,4545682039914,4622,937
1763199992,0000000100000001,4545721106501,2248,938
1763200023,0000004000000001,4546029575809,4493,939
1763200036,0000000400000008,4546158635623,1907,940
1763200037,0000000100000004,4546175670320,887,941
1763200069,0000000400000001,4546489866336,2744,942
1763200077,0000000100000001,4546569633525,3144,943
1763200079,0000008000000008,4546587872798,2053,944
1763200080,0000000100000080,4546598442493,1422,945
1763200080,0000004000000004,4546600379936,1304,946
1763200107,0000008000000004,4546868126982,787,947
1763200112,0000004000000004,4546925309128,2521,948
1763200138,0000004000000001,4547181829295,2671,949
1763200155,0000000400000020,4546277114294,2893,950
1763200156,0000000100000001,4547358748258,2419,951
1763200173,0000000800000004,4547529968295,2505,952
1763200200,0000004000000008,4547798757562,1932,953
1763200203,0000008000000002,4547834434672,4993,954
1763200214,0000000800000002,4547942287578,3691,955
1763200220,0000000100000080,4547996778133,424,956
1763200244,0000000c00000004,4548236172587,1591,957
1763200253,0000004000000008,4548331970168,1024,958
1763200255,0000000800000002,4548355347692,4825,959
1763200261,0000008000000002,4548411680872,1422,960
1763200273,0000000400000008,4548533801841,4481,961
1763200283,0000000400000080,4548632289441,3739,962
1763200283,0000004000000004,4548634762653,3585,963
1763200287,0000000100000080,4548672988830,1285,964
1763200321,0000004000000004,4549008509175,1876,965
1763200345,0000000100000001,4549248239670,3026,966
1763200345,0000000400000001,4549254747290,2632,967
1763200346,0000000800000008,4549262140517,2196,968
1763200350,0000000400000008,4549296538438,162,969
1763200356,0000004000000001,4549360932464,1454,970
1763200372,0000008000000008,4549517482560,2413,971
1763200375,0000004000000004,4549545934642,724,972
1763200385,0000000100000001,4549646562271,5061,973
1763200395,0000008000000001,4549749853941,4040,974
1763200405,0000000400000004,4549850678468,3148,975
1763200419,0000000800000001,4549992282652,5039,976
1763200452,0000000400000008,4550323667152,687,977
1763200493,0000000100000001,4550727506960,2342,978
1763200502,0000008000000080,4550825523811,1652,979
1763200505,0000000400000080,4550851706075,5279,980
1763200506,0000000800000004,4550856074481,5019,981
1763200522,0000000100000008,4551023410642,162,982
1763200533,0000000400000080,4551135609415,3779,983
1763200560,0000000100000004,4551395733232,3712,984
1763200566,0000004000000008,4551462803432,4882,985
1763200567,0000000100000003,4551466737188,4648,986
1763200567,0000000100000080,4551474751859,4162,987
1763200568,0000000800000008,4551479793470,3854,988
1763200580,0000000400000002,4551595873641,2052,989
1763200580,0000008000000080,4551597094562,1981,990
1763200580,0000000100000008,4551601742641,1705,991
1763200605,0000000400000002,4551854228089,2094,992
1763200618,0000000400000008,4551979086253,4988,993
1763200636,0000000800000001,4552161545342,4403,994
1763200651,0000008000000080,4552313536920,453,995
1763200654,0000008000000001,4552340091781,4046,996
1763200661,0000008000000080,4552413372264,1480,997
1763200669,0000008000000080,4552488687606,307,998
1763200677,0000000400000004,4552567620640,745,999
1763200686,0000000800000002,4552662910397,215,1000
1763200686,0000000100000084,4552663583710,174,1001
1763200707,0000000100000008,4552870008564,3317,1002
1763200723,0000000400000002,4553032689012,3934,1003
1763200723,0000004000000001,4553035121143,3785,1004
1763200731,0000004000000004,4553105631548,4747,1005
1763200756,0000000400000008,4553359060881,5079,1006
1763200760,0000004000000080,4553396602641,2795,1007
1763200772,0000004000000001,4553517817834,721,1008
1763200778,0000008000000080,4553575805169,2405,1009
1763200819,0000008000000080,4553992355930,3325,1010
1763200825,0000008000000080,4554052647515,4913,1011
1763200832,0000000400000080,4554117944766,972,1012
1763200860,0000000200000002,4554405413820,4471,1013
1763200869,0000008000000001,4554490149351,4568,1014
1763200893,0000000100000007,4554728363110,621,1015
1763200916,0000008000000004,4554963417810,2047,1016
1763200921,0000008000000008,4555013296090,4261,1017
1763200927,0000004000000080,4555072726678,682,1018
1763200941,0000000100000001,4555211346812,2703,1019
1763200943,0000000100000001,4555231401839,1514,1020
1763200953,0000000400000080,4555327392602,935,1021
1763200955,0000000100000008,4555355415245,4457,1022
1763200963,0000000100000001,4555432244139,5026,1023
1763200967,0000008000000080,4555474667025,2449,1024
1763200972,0000000100000001,4555521250250,4868,1025
1763200999,0000000400000008,4555787468670,4438,1026
1763201023,0000000800000004,4556030050990,234,1027
1763201024,0000004000000008,4556043182567,4637,1028
1763201027,0000008000000008,4556067557426,3145,1029
1763201045,0000000800000004,4556247445528,2707,1030
1763201047,0000000400000001,4556271074623,1301,1031
1763201053,0000000800000002,4556328696054,3016,1032
1763201070,0000000800000080,4556499215849,3149,1033
1763201072,0000000100000008,4556515750299,2157,1034
1763201084,0000004000000001,4556636505834,5298,1035
1763201094,0000000100000001,4556742194757,4138,1036
1763201101,0000000400000001,4556807410980,219,1037
1763201108,000000c000000080,4556878744598,1105,1038
1763201153,0000000100000004,4557333395080,4932,1039
1763201183,0000000400000080,4557631026319,2582,1040
1763201201,0000000200000001,4557810822686,2162,1041
1763201225,0000000400000080,4558051073823,3293,1042
1763201238,0000000100000001,4558184147621,504,1043
1763201262,0000000800000004,4558421493258,1794,1044
1763201269,0000000800000004,4558493593319,2635,1045
1763201300,0000000100000001,4558798023414,5126,1046
1763201321,0000004000000004,4559013574583,2522,1047
1763201326,0000008000000080,4559057588156,5094,1048
1763201327,0000008000000008,4559072252735,4214,1049
1763201341,0000008000000004,4559206454645,1321,1050
1763201349,0000000400000002,4559287356687,1649,1051
1763201349,0000004000000004,4559295062383,1186,1052
1763201350,0000000100000001,4559295961151,1132,1053
1763201362,0000004000000001,4559423726797,3840,1054
1763201370,0000000100000001,4559496885964,4643,1055
1763201383,0000000200000002,4559627259324,1976,1056
1763201390,0000004000000080,4559698226143,2889,1057
1763201400,0000004000000008,4559796533672,2176,1058
1763201408,0000000200000001,4559881785048,2241,1059
1763201418,0000000400000002,4559982818873,1366,1060
1763201423,0000008000000008,4560026494284,3943,1061
1763201431,0000004000000001,4560106335525,4339,1062
1763201441,0000000200000002,4560211094116,3207,1063
1763201449,0000008000000008,4560289083248,3724,1064
1763201465,0000000100000001,4560448052255,4561,1065
1763201469,0000008000000080,4560493645679,1802,1066
1763201481,0000000400000080,4560610458023,5174,1067
1763201498,0000000800000001,4560781273213,5285,1068
1763201502,0000000400000001,4560821994598,2811,1069
1763201518,0000000100000006,4560975702335,3977,1070
1763201532,0000000800000008,4561117991840,616,1071
1763201539,0000004000000001,4561188805618,1537,1072
1763201547,0000004000000004,4561272880562,1675,1073
1763201577,0000000800000004,4561565957623,4834,1074
1763201582,0000000800000008,4561617215532,1737,1075
1763201589,0000000100000003,4561687835686,2666,1076
1763201590,0000008000000004,4561703323962,1751,1077
1763201593,0000000400000080,4561727106170,335,1078
1763201595,0000004000000002,4561748434342,4245,1079
1763201608,0000000100000001,4561881144203,1442,1080
1763201610,0000000400000008,4561905302061,5194,1081
1763201623,0000000800000008,4562033593286,2644,1082
1763201628,0000000100000004,4562075631093,5335,1083
1763201632,0000000100000080,4562118590228,2725,1084
1763201637,0000000800000004,4562169703674,4874,1085
1763201650,0000008000000001,4562298766927,2281,1086
1763201655,0000008000000080,4562354065822,4171,1087
1763201658,0000004000000002,4562384772010,2301,1088
1763201663,0000000100000001,4562429747192,4814,1089
1763201674,0000000100000004,4562537719574,3496,1090
1763201683,0000000400000080,4562626236113,3362,1091
1763201690,0000000100000001,4562701959733,4017,1092
1763201701,0000000800000002,4562810187654,2674,1093
1763201704,0000000100000002,4562841313375,823,1094
1763201705,0000000100000001,4562849896895,317,1095
1763201706,0000000800000001,4562864375423,4640,1096
1763201710,0000008000000001,4562904854544,2183,1097
1763201717,000000c000000080,4562973064443,3274,1098
1763201732,0000000400000002,4563119309195,4884,1099
1763201734,0000004000000008,4563143684017,3400,1100
1763201739,0000000800000080,4563187821638,757,1101
1763201742,0000000800000080,4563223812993,3785,1102
1763201745,0000000800000004,4563247431317,2346,1103
1763201778,0000000100000008,4563583267805,2918,1104
1763201784,0000008000000008,4563640073919,4726,1105
1763201788,0000000400000002,4563683742904,2078,1106
1763201808,0000000800000080,4563876417089,883,1107
1763201824,0000008000000001,4564036430484,1643,1108
1763201835,0000004000000001,4564153442215,5005,1109
1763201837,0000008000000004,4564165739644,4267,1110
1763201839,0000000100000001,4564193909795,2542,1111
1763201851,0000000100000008,4564306522063,978,1112
1763201851,0000000100000006,4564313141596,593,1113
1763201866,0000008000000080,4564465023258,1831,1114
1763201871,0000008000000001,4564514227758,4076,1115
1763201876,0000000400000080,4564560712161,1268,1116
1763201887,0000000100000002,4564674163635,4847,1117
1763201898,0000000800000001,4564781706591,3556,1118
1763201934,0000000400000001,4565139082951,2820,1119
1763201949,0000000100000001,4565288015824,4279,1120
1763201951,0000000100000001,4565309804167,2939,1121
1763201964,0000008400000001,4565440409293,307,1122
1763201972,0000000100000001,4565518979756,766,1123
1763201977,0000000100000001,4565572635377,2709,1124
1763201991,0000008000000080,4565709903496,4871,1125
1763202000,0000000100000001,4565800187579,4635,1126
1763202008,0000000400000004,4565876535242,5230,1127
1763202038,0000000400000002,4566177894042,2659,1128
1763202045,0000004000000001,4566248547674,3621,1129
1763202075,0000004000000080,4566552967498,892,1130
1763202076,0000000400000002,4566563651842,525,1131
1763202077,0000004800000008,4566568342535,5169,1132
1763202113,0000000400000002,4566933150566,3998,1133
1763202120,0000000400000004,4566997317705,5331,1134
1763202139,0000004000000080,4567187846400,4266,1135
1763202147,0000004000000004,4567272610770,4361,1136
1763202148,0000008000000080,4567280173236,3898,1137
1763202149,0000000100000001,4567291630946,3192,1138
1763202161,0000000100000001,4567407767236,1409,1139
1763202163,0000008000000080,4567430823017,5225,1140
1763202172,0000000100000008,4567524525624,4788,1141
1763202177,0000000400000001,4567566489071,2241,1142
1763202181,0000000400000001,4567613769032,4615,1143
1763202190,0000000100000001,4567698504782,4711,1144
1763202227,0000000400000002,4568071027629,3050,1145
1763202252,0000000800000080,4568318417094,3768,1146
1763202261,0000000800000080,4568407569436,3596,1147
1763202266,0000000100000004,4568460203444,443,1148
1763202276,000000c000000080,4568559937761,4831,1149
1763202279,0000004800000080,4568590391452,2972,1150
1763202284,0000000100000003,4568642878430,5034,1151
1763202290,0000000800000008,4568698232573,1692,1152
1763202302,0000000400000008,4568823564119,4558,1153
1763202304,0000000400000080,4568840467744,3523,1154
1763202305,0000000800000080,4568854216436,2680,1155
1763202309,0000004000000080,4568889492673,588,1156
1763202332,0000000400000001,4569123068990,2100,1157
1763202340,0000000400000008,4569196208791,2886,1158
1763202353,0000000800000080,4569328840306,5319,1159
1763202355,0000008000000080,4569351564734,3953,1160
1763202371,0000008000000080,4569505650249,5073,1161
1763202375,0000000400000080,4569549203660,2429,1162
1763202387,0000000400000001,4569668126515,497,1163
1763202400,0000000100000002,4569803419138,2716,1164
1763202401,0000008000000080,4569810076179,2321,1165
1763202425,0000000800000080,4570054964919,3173,1166
1763202430,0000000400000004,4570103524378,278,1167
1763202431,0000000400000080,4570105586560,162,1168
1763202433,0000000100000001,4570127634750,4016,1169
1763202443,0000008000000004,4570225820652,3286,1170
1763202461,0000000100000004,4570410620363,2550,1171
1763202483,0000000400000002,4570634997998,4666,1172
1763202501,0000008000000080,4570810050479,4524,1173
1763202509,0000008000000080,4570894645117,4629,1174
1763202530,0000000400000008,4571104095224,2390,1175
1763202548,0000000100000004,4571276858336,2385,1176
1763202563,0000008000000008,4571426195486,3807,1177
1763202568,0000000400000080,4571477109418,747,1178
1763202585,0000000100000004,4571654310803,482,1179
1763202588,0000004000000002,4571679824393,4139,1180
1763202604,0000004000000001,4571840515759,4863,1181
1763202609,0000000100000004,4571893868347,1639,1182
1763202616,0000000200000002,4571964924887,2543,1183
1763202627,0000000100000080,4572074274955,1174,1184
1763202629,0000004000000080,4572085488575,515,1185
1763202638,0000008000000080,4572182611396,5058,1186
1763202644,0000000800000001,4572240775947,1548,1187
1763202645,0000008000000001,4572251991743,877,1188
1763202656,0000000400000008,4572359406752,4813,1189
1763202669,0000000800000008,4572489712820,2150,1190
1763202689,0000008000000080,4572688496958,598,1191
1763202721,0000004000000002,4573013023742,1838,1192
1763202737,0000000100000008,4573167591985,2914,1193
1763202737,0000004000000004,4573169018483,2829,1194
1763202743,0000000900000001,4573229029805,4444,1195
1763202744,0000000400000080,4573243082814,3583,1196
1763202749,0000008000000001,4573288180620,875,1197
1763202758,0000008000000008,4573384077632,311,1198
1763202759,0000004000000008,4573388666446,5223,1199
1763202762,0000004000000080,4573415910891,3574,1200
1763202769,0000004000000008,4573494505114,4052,1201
1763202782,0000004000000002,4573617373593,1843,1202
1763202787,0000000100000001,4573674496570,3602,1203
1763202807,0000000100000001,4573866429181,2431,1204
1763202817,0000000400000080,4573973414077,1202,1205
1763202841,0000008000000080,4574211660030,2440,1206
1763202845,0000008000000080,4574246993405,343,1207
1763202871,0000004000000004,4574509044575,163,1208
1763202897,0000000100000002,4574765583279,311,1209
1763202915,0000004000000004,4574952710420,4638,1210
1763202915,0000000400000002,4574953880761,4567,1211
1763202925,0000000400000008,4575051171252,3899,1212
1763202930,0000000400000007,4575099240113,1002,1213
1763202961,0000000100000008,4575413538542,2855,1214
1763202965,0000000800000080,4575452268670,555,1215
1763202967,0000008000000004,4575474045907,4442,1216
1763202972,0000000100000001,4575515741120,1915,1217
1763202980,0000004000000001,4575598442507,2131,1218
1763202981,0000004000000008,4575608163754,1551,1219
1763202989,0000000100000008,4575685046637,2115,1220
1763202992,0000008000000008,4575720400281,5198,1221
1763203001,0000000400000080,4575805340471,5281,1222
1763203005,0000000800000080,4575846199805,2798,1223
1763203016,0000004000000080,4575964569895,891,1224
1763203052,0000000400000001,4576324990728,5187,1225
1763203060,0000008000000080,4576395179680,957,1226
1763203075,0000008000000008,4576554383258,1766,1227
1763203107,0000000100000001,4576872749509,3386,1228
1763203117,0000004000000080,4576972537339,2566,1229
1763203130,0000000100000001,4577095385622,401,1230
1763203130,0000008000000080,4577103943036,5078,1231
1763203133,0000000800000080,4577130727010,3451,1232
1763203145,0000000400000002,4577245061414,1771,1233
1763203148,0000000100000001,4577282864901,4708,1234
1763203148,0000008000000002,4577284658464,4601,1235
1763203150,0000000100000080,4577297612540,3810,1236
1763203151,0000000400000004,4577311239392,2972,1237
1763203155,0000000100000001,4577347983904,781,1238
1763203158,0000004000000001,4577378349042,4155,1239
1763203167,0000000100000008,4577466394480,4051,1240
1763203171,0000000100000001,4577509901861,1422,1241
1763203172,0000008800000004,4577518922686,883,1242
1763203191,0000000100000001,4577714527444,4713,1243
1763203206,0000004000000004,4577860122442,1130,1244
1763203218,0000008000000001,4577980720712,4280,1245
1763203225,0000000400000080,4578046631877,316,1246
1763203247,0000000100000004,4578273948731,2200,1247
1763203262,0000008000000004,4578420496713,3784,1248
1763203271,0000008000000001,4578505828185,3848,1249
1763203285,0000000100000004,4578648916113,441,1250
1763203285,0000000100000080,4578654103957,5320,1251
1763203307,0000004000000001,4578865407040,2973,1252
1763203313,0000000400000004,4578930511245,4280,1253
1763203315,0000008000000001,4578945218258,3374,1254
1763203325,0000004000000080,4579046931270,2442,1255
1763203331,0000008000000080,4579114061814,3612,1256
1763203365,0000004100000080,4579446779987,4389,1257
1763203405,0000000400000004,4579849126793,948,1258
1763203407,0000004000000001,4579874146541,4652,1259
1763203416,0000008000000004,4579961717256,4579,1260
1763203428,000000c000000080,4580082573129,2471,1261
1763203433,0000004000000008,4580130518851,4811,1262
1763203446,0000000100000004,4580255594544,2451,1263
1763203455,0000004000000008,4580350164627,1968,1264
1763203462,0000008000000080,4580421599889,2852,1265
1763203467,0000000300000001,4580465847067,222,1266
1763203471,0000000100000010,4580505218727,3018,1267
1763203516,0000000c00000002,4580960061739,1641,1268
1763203524,0000008000000080,4581040010048,2022,1269
1763203536,0000000400000001,4581161135709,5137,1270
1763203537,0000000800000001,4581166575739,4814,1271
1763203537,0000000400000002,4581172229884,4476,1272
1763203552,0000008000000004,4581317916733,894,1273
1763203558,0000000200000001,4581381582393,2246,1274
1763203559,0000008800000002,4581394126457,1500,1275
1763203568,0000008000000080,4581478829909,1599,1276
1763203573,0000008000000004,4581527257711,3887,1277
1763203589,0000008000000080,4581688649824,4576,1278
1763203597,0000000100000001,4581765906095,5116,1279
1763203615,0000004000000004,4581954418886,4168,1280
1763203623,0000000100000004,4582028381858,4913,1281
1763203639,0000000100000004,4582188344640,485,1282
1763203643,0000000100000008,4582230707843,3104,1283
1763203647,0000008000000001,4582271498380,673,1284
1763203684,0000000100000002,4582641587638,4386,1285
1763203691,0000000400000001,4582713407247,5253,1286
1763203713,0000000100000001,4582926169572,2817,1287
1763203736,0000004000000002,4583164797960,4073,1288
1763203740,0000000100000080,4583203778059,1715,1289
1763203743,0000008000000080,4583229932642,162,1290
1763203752,0000000100000008,4583315390182,212,1291
1763203756,0000000800000004,4583359013349,2750,1292
1763203778,0000000400000001,4583578742024,5141,1293
1763203783,0000008000000008,4583633038001,1862,1294
1763203784,0000004000000008,4583640793812,1398,1295
1763203796,0000008000000080,4583757230958,4796,1296
1763203797,0000004000000080,4583765756211,4285,1297
1763203804,0000000800000008,4583836839703,5198,1298
1763203805,0000008000000004,4583853819790,4179,1299
1763203815,0000000400000002,4583945937820,3825,1300
1763203819,0000000800000002,4583985650553,1429,1301
1763203826,0000000400000002,4584063625370,1931,1302
1763203830,0000000400000001,4584096715049,5147,1303
1763203830,0000000100000001,4584096743147,5146,1304
1763203837,0000000200000004,4584170007221,736,1305
1763203839,0000000400000001,4584188712018,4812,1306
1763203845,0000000100000002,4584254057744,869,1307
1763203847,0000000100000002,4584266457016,5323,1308
1763203848,0000008000000008,4584276852370,4704,1309
1763203848,0000008000000008,4584280867989,4464,1310
1763203869,0000000400000080,4584491043139,2185,1311
1763203874,0000000400000002,4584537281733,4622,1312
1763203877,0000008000000008,4584574035958,2382,1313
1763203895,0000000100000001,4584745325342,2465,1314
1763203895,0000008000000004,4584754065391,1950,1315
1763203904,000000c000000080,4584841606169,1879,1316
1763203906,0000008000000008,4584857696717,915,1317
1763203959,0000000100000008,4585387274751,235,1318
1763203971,0000000800000080,4585512918817,3038,1319
1763203998,0000008000000080,4585780700304,2508,1320
1763204013,0000008000000001,4585924868997,4255,1321
1763204043,0000004000000002,4586228945233,1532,1322
1763204051,0000008000000080,4586308327490,1947,1323
1763204054,0000000400000002,4586342607981,5092,1324
1763204058,0000008000000080,4586377605677,2963,1325
1763204066,0000000100000008,4586463164030,3009,1326
1763204067,0000000100000008,4586468552732,2683,1327
1763204072,0000008800000004,4586521344762,4733,1328
1763204076,0000000400000002,4586558268929,2482,1329
1763204076,0000008000000080,4586561890581,2269,1330
1763204080,0000004000000080,4586594811669,314,1331
1763204083,0000000400000008,4586634266523,3107,1332
1763204086,0000000800000002,4586658523210,1660,1333
1763204090,0000000400000002,4586699873021,4382,1334
1763204091,0000000400000004,4586707662574,3905,1335
1763204101,0000004000000002,4586814243299,2664,1336
1763204106,0000004000000008,4586861718400,5030,1337
1763204107,0000000800000002,4586865416814,4811,1338
1763204109,0000000400000004,4586884767091,3633,1339
1763204112,0000004000000004,4586917575618,1658,1340
1763204113,0000000100000004,4586924810708,1222,1341
1763204115,000000c000000080,4586950006915,4916,1342
1763204157,0000000400000001,4587372458170,281,1343
1763204164,0000004000000008,4587440076821,1391,1344
1763204173,0000004000000004,4587524914022,1482,1345
1763204186,0000004000000004,4587664146829,3492,1346
1763204196,0000000400000080,4587756137574,3144,1347
1763204202,0000000800000001,4587821613277,4427,1348
1763204224,0000000500000001,4588041664709,1561,1349
1763204245,0000004000000008,4588248224490,4734,1350
1763204262,0000004000000080,4588418815744,4858,1351
1763204274,0000000100000002,4588538765961,2807,1352
1763204278,0000000800000001,4588581019934,297,1353
1763204282,0000000400000080,4588622738571,2951,1354
1763204287,0000000800000008,4588670311020,5308,1355
1763204302,0000000400000002,4588818345326,1586,1356
1763204302,0000008000000001,4588820444728,1461,1357
1763204310,0000004000000080,4588900525339,1837,1358
1763204328,0000008400000004,4589079354405,1468,1359
1763204339,0000000800000001,4589193089400,5027,1360
1763204350,0000004000000002,4589298320596,3886,1361
1763204357,0000008000000080,4589367750056,4909,1362
1763204373,0000008000000080,4589533102181,162,1363
1763204378,0000000800000008,4589576737237,2697,1364
1763204378,0000008000000080,4589578155457,2612,1365
1763204379,0000000800000001,4589592110713,1788,1366
1763204384,0000000400000008,4589635221533,4404,1367
1763204402,0000008000000008,4589816421068,3885,1368
1763204406,0000004000000001,4589864594876,981,1369
1763204428,0000008000000002,4590080239129,3591,1370
1763204432,0000008000000008,4590116774601,1391,1371
1763204435,0000008000000008,4590153927457,4366,1372
1763204444,0000000100000001,4590236461656,4595,1373
1763204453,0000008000000008,4590328497079,4252,1374
1763204456,0000008000000080,4590362429544,2188,1375
1763204461,0000000100000002,4590407590757,4690,1376
1763204462,0000000800000080,4590415293447,4224,1377
1763204494,0000008000000080,4590740429861,250,1378
1763204517,0000000100000001,4590970503425,1974,1379
1763204527,0000000400000010,4591067243799,1351,1380
1763204555,0000000800000001,4591350326121,5108,1381
1763204578,0000004000000004,4591580135279,1662,1382
1763204580,0000008000000080,4591602722774,319,1383
1763204581,000000c000000080,4591613739531,4849,1384
1763204583,0000000400000002,4591630526411,3831,1385
1763204602,0000000800000008,4591823128839,2612,1386
1763204603,0000008000000004,4591832114458,2081,1387
1763204615,0000000400000004,4591954085477,5148,1388
1763204616,0000000400000002,4591956965846,4977,1389
1763204621,0000008000000080,4592010607036,1737,1390
1763204628,0000000400000002,4592084299173,2484,1391
1763204629,0000000c00000008,4592088436666,2241,1392
1763204642,0000000800000004,4592217643326,4879,1393
1763204652,0000004800000004,4592322036950,3784,1394
1763204683,0000004000000080,4592625048796,1134,1395
1763204686,0000000400000001,4592654646577,4564,1396
1763204705,0000000100000002,4592849210501,3223,1397
1763204710,0000000100000003,4592903033964,5199,1398
1763204715,0000000800000004,4592948705530,2429,1399
1763204717,0000004000000001,4592969440656,1194,1400
1763204718,0000000400000080,4592975365344,841,1401
1763204723,0000000800000002,4593033003173,2549,1402
1763204731,0000000800000001,4593113650946,2892,1403
1763204742,0000000800000004,4593215093423,1995,1404
1763204748,0000000100000080,4593281217722,3206,1405
1763204749,0000000400000080,4593293374089,2471,1406
1763204750,0000008000000080,4593295081906,2370,1407
1763204753,0000000400000008,4593329029373,354,1408
1763204760,0000008000000001,4593400240444,1248,1409
1763204761,0000008000000008,4593405304815,948,1410
1763204761,0000000100000008,4593406367259,885,1411
1763204767,0000000800000002,4593470747879,2194,1412
1763204771,0000000100000003,4593512664727,4889,1413
1763204796,0000000100000004,4593757048606,576,1414
1763204817,0000004000000002,4593971323841,3246,1415
1763204823,0000000400000008,4594031141956,4864,1416
1763204827,0000000800000008,4594068637791,2579,1417
1763204827,0000008000000080,4594068826343,2561,1418
1763204832,0000000400000001,4594115789282,4964,1419
1763204843,0000000800000080,4594234552512,2988,1420
1763204845,0000000800000001,4594245941528,2306,1421
1763204866,0000000100000001,4594462068277,4912,1422
1763204882,0000000800000080,4594619546014,631,1423
1763204883,0000000800000001,4594630603735,5158,1424
1763204895,0000000100000001,4594753764279,2920,1425
1763204899,0000000400000080,4594785716762,1012,1426
1763204912,0000000400000080,4594922739126,3146,1427
1763204924,0000000800000002,4595037252917,1462,1428
1763204927,0000000800000008,4595066649803,4901,1429
1763204945,0000004000000080,4595249916866,4267,1430
1763204949,0000000800000008,4595289088187,1894,1431
1763204965,0000000100000080,4595454120680,2345,1432
1763204973,0000000100000008,4595527680328,3113,1433
1763204974,0000008000000004,4595535291093,2651,1434
1763204976,0000000800000080,4595563789705,954,1435
1763204986,0000000100000002,4595662835242,206,1436
1763204996,0000004000000008,4595762817825,4578,1437
1763205008,0000000100000001,4595880372295,2669,1438
1763205047,0000008000000001,4596272009077,5108,1439
1763205052,0000008000000002,4596319309449,2243,1440
1763205061,0000000100000003,4596413590094,1773,1441
1763205062,0000000100000002,4596414945574,1693,1442
1763205077,0000000100000001,4596569118595,2790,1443
1763205086,0000000100000004,4596656072267,2754,1444
1763205086,0000000400000004,4596664100182,2277,1445
1763205100,0000000100000001,4596794893802,4821,1446
1763205104,0000004000000002,4596836965063,2266,1447
1763205108,0000000400000002,4596882032811,4774,1448
1763205130,0000008000000080,4597094784009,2338,1449
1763205133,0000000400000080,4597128102852,353,1450
1763205137,0000000400000080,4597172438381,2856,1451
1763205139,0000008000000004,4597185484540,2083,1452
1763205146,0000000100000002,4597260148476,2775,1453
1763205201,0000000100000080,4597806861828,1068,1454
1763205207,0000000400000002,4597868775394,2522,1455
1763205210,0000000100000001,4597898900184,733,1456
1763205217,0000000400000080,4597969643861,1663,1457
1763205228,0000000400000001,4598078054898,350,1458
1763205245,0000000100000001,4598248381014,492,1459
1763205247,0000008000000080,4598264751606,4703,1460
1763205250,0000008c00000080,4598300666247,2513,1461
1763205259,0000000800000080,4598385308602,2613,1462
1763205265,0000008000000001,4598452608063,3779,1463
1763205269,0000004000000004,4598487538536,1673,1464
1763205269,0000000400000080,4598493193661,1333,1465
1763205270,0000000100000008,4598502526652,778,1466
1763205272,0000000800000002,4598520256722,4912,1467
1763205288,000000010000000a,4598682129812,370,1468
1763205308,0000008000000008,4598875592962,4315,1469
1763205315,0000008000000040,4598948050524,5145,1470
1763205317,0000000400000002,4598968444588,3917,1471
1763205329,0000008800000008,4599085563858,2053,1472
1763205329,000000c000000080,4599089546190,1818,1473
1763205334,0000000800000001,4599139393482,4023,1474
1763205433,0000004000000080,4600124944742,1861,1475
1763205442,0000004000000002,4600220458877,1310,1476
1763205447,0000000100000080,4600267363375,3687,1477
1763205457,0000000400000002,4600371224331,2614,1478
1763205462,0000008000000080,4600418998561,4963,1479
1763205471,0000008000000001,4600507581845,4829,1480
1763205499,0000000100000004,4600793101553,3213,1481
1763205528,0000000400000002,4601075892286,1793,1482
1763205534,0000008000000080,4601136151269,3356,1483
1763205538,0000008000000004,4601176701032,925,1484
1763205539,0000008000000080,4601191635813,5229,1485
1763205540,0000000200000008,4601195146989,5020,1486
1763205540,0000000400000001,4601202347832,4591,1487
1763205553,0000000400000080,4601331006758,2025,1488
1763205569,0000008000000080,4601488655398,2920,1489
1763205569,0000000100000008,4601490253575,2822,1490
1763205586,0000008000000080,4601657836580,3133,1491
1763205590,0000008000000080,4601697537841,763,1492
1763205623,0000000300000001,4602029738626,1549,1493
1763205633,0000004000000080,4602131527643,633,1494
1763205636,0000008000000080,4602161088655,4047,1495
1763205641,0000004000000002,4602212872770,924,1496
1763205644,0000008000000080,4602241699012,4396,1497
1763205659,000000010000000a,4602393469744,459,1498
1763205661,0000008000000004,4602406650807,4861,1499
1763205666,0000000800000001,4602461946042,1520,1500
1763205671,0000004000000002,4602509517081,3860,1501
1763205699,0000000800000001,4602789356025,2586,1502
1763205700,0000000400000004,4602796927293,2139,1503
1763205701,0000000400000004,4602806747640,1556,1504
1763205712,0000000800000002,4602917758569,5274,1505
1763205721,0000000200000002,4603005403252,5197,1506
1763205723,0000000100000006,4603029772349,3725,1507
1763205724,0000008000000002,4603034450075,3436,1508
1763205733,0000008000000080,4603130287917,2854,1509
1763205742,0000000100000003,4603218603440,2735,1510
1763205744,0000000800000001,4603235173982,1753,1511
1763205748,0000000100000008,4603277338317,4428,1512
1763205764,0000008000000080,4603437548809,5171,1513
1763205789,000000c000000080,4603693443427,173,1514
1763205799,0000004000000001,4603790902845,4697,1515
1763205801,0000000100000001,4603807303370,3699,1516
1763205817,0000004000000001,4603970297494,4293,1517
1763205820,0000000800000008,4604003937440,2246,1518
1763205821,000000c000000080,4604010473597,1861,1519
1763205822,0000008000000008,4604016742832,1485,1520
1763205829,0000000400000004,4604091387379,2182,1521
1763205830,0000000800000004,4604097409820,1825,1522
1763205840,0000000200000002,4604201515009,766,1523
1763205853,0000008000000004,4604325479032,3693,1524
1763205857,0000008000000080,4604369413469,1048,1525
1763205859,0000004000000004,4604389505415,5043,1526
1763205869,0000000100000001,4604487043141,4374,1527
1763205872,0000000100000008,4604518865928,2432,1528
1763205883,0000000200000080,4604625547810,1220,1529
1763205886,0000004000000001,4604659707279,4376,1530
1763205901,0000000100000004,4604807499469,674,1531
1763205911,0000008000000080,4604913750710,4677,1532
1763205924,0000008000000080,4605042113661,2127,1533
1763205940,0000008000000004,4605200491526,2980,1534
1763205941,0000000100000008,4605210407102,2385,1535
1763205942,0000000d00000001,4605218044810,1935,1536
1763205946,0000004000000080,4605254812715,4934,1537
1763205949,0000000200000080,4605291744284,2682,1538
1763205957,0000008000000001,4605367843517,3308,1539
1763205957,0000004000000080,4605372715727,3008,1540
1763205960,0000008000000004,4605402532686,1228,1541
1763205963,0000000800000008,4605430965617,4728,1542
1763205966,0000000400000004,4605462989885,2769,1543
1763205967,0000000100000008,4605473116299,2168,1544
1763205994,0000000100000001,4605740449794,1677,1545
1763206015,0000004000000080,4605947912247,4794,1546
1763206031,0000000100000004,4606104832516,548,1547
1763206048,0000000100000008,4606275856554,647,1548
1763206054,0000008000000080,4606336734133,2159,1549
1763206064,0000004000000001,4606439329418,1188,1550
1763206065,0000000100000008,4606446485675,766,1551
1763206068,0000008000000002,4606475073106,4246,1552
1763206096,0000000400000008,4606762139745,2532,1553
1763206110,0000000800000002,4606903691419,4435,1554
1763206119,0000000100000004,4606984784284,4750,1555
1763206127,0000008000000002,4607072668863,4659,1556
1763206152,0000000400000080,4607314888254,474,1557
1763206158,0000008000000002,4607377934216,1861,1558
1763206170,0000004000000008,4607496193117,5147,1559
1763206180,0000000100000001,4607595039028,4400,1560
1763206194,0000000100000004,4607738020665,978,1561
1763206204,0000000100000002,4607839244311,5286,1562
1763206205,0000000400000004,4607852376309,4502,1563
1763206214,0000000100000001,4607941813670,4315,1564
1763206221,0000000800000080,4608007100876,388,1565
1763206224,0000000100000080,4608036302263,3816,1566
1763206227,0000004000000080,4608064758284,2094,1567
1763206242,0000000400000080,4608223003053,2952,1568
1763206244,0000008000000004,4608234688403,2256,1569
1763206250,0000000100000001,4608303201174,3331,1570
1763206257,0000000400000001,4608368039604,4646,1571
1763206271,0000004000000008,4608507914312,1410,1572
1763206277,0000004000000008,4608574119053,2607,1573
1763206281,0000008000000080,4608606534111,683,1574
1763206284,0000008000000008,4608640371286,3837,1575
1763206304,0000000800000003,4608843006575,2027,1576
1763206318,0000004000000080,4608982604530,4030,1577
1763206319,0000004000000004,4608990433570,3548,1578
1763206322,0000000800000002,4609020113504,1763,1579
1763206332,0000000100000004,4609117523324,1099,1580
1763206335,0000008000000008,4609152182578,4221,1581
1763206364,0000008000000002,4609436920874,2645,1582
1763206365,0000008000000080,4609446024064,2108,1583
1763206367,0000000400000002,4609473978376,446,1584
1763206368,0000000400000008,4609478422485,182,1585
1763206373,0000000400000001,4609525003521,2542,1586
1763206381,0000000800000001,4609613702527,2401,1587
1763206402,0000000800000008,4609823588177,193,1588
1763206405,0000000800000001,4609847834743,3921,1589
1763206417,0000000800000001,4609971506020,1667,1590
1763206443,0000008000000008,4610232920628,1525,1591
1763206459,0000000100000002,4610388668938,2528,1592
1763206459,0000008000000080,4610392278524,2317,1593
1763206460,0000000400000008,4610400217206,1847,1594
1763206468,0000008000000080,4610478369274,2331,1595
1763206473,0000000400000002,4610525584490,4711,1596
1763206477,0000000800000008,4610568439189,2112,1597
1763206477,0000000400000001,4610570335868,2000,1598
1763206478,0000000100000008,4610578605877,1505,1599
1763206480,000000c000000080,4610595204319,522,1600
1763206482,0000008000000008,4610620020479,4222,1601
1763206492,0000008000000002,4610719033527,3442,1602
1763206499,0000000100000001,4610784707502,4705,1603
1763206499,0000008000000002,4610790983552,4328,1604
1763206500,0000008000000001,4610798235065,3883,1605
1763206505,0000000100000003,4610853850173,545,1606
1763206522,0000008000000004,4611023277562,736,1607
1763206555,0000000100000001,4611347557861,1993,1608
1763206561,0000000100000008,4611404440052,3775,1609
1763206585,0000000800000002,4611653984252,4354,1610
1763206591,0000008000000080,4611705191403,1258,1611
1763206593,0000008000000080,4611729316725,5014,1612
1763206613,0000004000000002,4611929305631,3355,1613
1763206622,0000008000000080,4612020685636,3043,1614
1763206636,0000000400000001,4612161495581,4987,1615
1763206658,0000000100000001,4612376227500,2433,1616
1763206658,0000000100000001,4612381168134,2142,1617
1763206664,0000004000000004,4612435402191,4092,1618
1763206665,0000000800000001,4612453569790,2974,1619
1763206670,0000000400000080,4612498132577,322,1620
1763206673,0000004000000002,4612524944902,3896,1621
1763206674,0000000400000080,4612539282048,3010,1622
1763206680,0000004000000080,4612597915022,4709,1623
1763206692,0000000800000004,4612718374485,2624,1624
1763206701,0000004000000080,4612809251950,2356,1625
1763206706,0000004000000010,4612860298834,4507,1626
1763206710,000000c000000080,4612902022179,1981,1627
1763206714,0000008000000080,4612940852023,4855,1628
1763206718,0000000800000004,4612976509615,2677,1629
1763206740,0000000800000004,4613199967377,4849,1630
1763206745,0000008000000080,4613254083936,1580,1631
1763206754,0000004000000080,4613339762492,1620,1632
1763206771,0000008000000001,4613505489691,2034,1633
1763206791,0000000400000002,4613708513044,230,1634
1763206791,0000000400000002,4613710553825,5294,1635
1763206795,0000000900000006,4613745350204,3181,1636
1763206796,0000008000000080,4613754419885,2630,1637
1763206804,0000004000000002,4613842034894,2553,1638
1763206826,0000008000000080,4614054798056,175,1639
1763206831,0000000800000004,4614112025085,1909,1640
1763206842,0000000800000080,4614216576323,821,1641
1763206872,0000004000000002,4614521948527,3213,1642
1763206876,0000000800000080,4614563261869,745,1643
1763206877,0000000800000008,4614573353073,5333,1644
1763206890,0000000800000080,4614696746668,3082,1645
1763206893,0000004000000008,4614724965992,1397,1646
1763206894,0000000500000001,4614739758517,521,1647
1763206903,0000000100000003,4614828631164,371,1648
1763206908,0000008000000080,4614883597039,2235,1649
1763206942,0000000400000008,4615217969606,2890,1650
1763206943,0000008000000080,4615225728241,2426,1651
1763206956,0000000400000008,4615355426736,5035,1652
1763206965,0000008000000003,4615449800081,4558,1653
1763206968,0000000100000002,4615477230493,2878,1654
1763206973,0000000400000001,4615526786135,5116,1655
1763206973,0000000800000002,4615527909740,5049,1656
1763206978,0000004000000008,4615575637864,2159,1657
1763206979,0000000100000080,4615588841800,1372,1658
1763206986,0000000800000008,4615660003148,2277,1659
1763206987,0000004000000004,4615667879299,1810,1660
1763207007,0000000100000008,4615868212593,165,1661
1763207022,0000004000000004,4616014667217,1727,1662
1763207024,0000000100000006,4616038463985,310,1663
1763207063,0000008000000080,4616425185316,2989,1664
1763207064,0000000100000003,4616440041910,2104,1665
1763207068,0000008000000080,4616479697741,4930,1666
1763207073,0000000800000008,4616524968950,2186,1667
1763207077,0000000400000001,4616571455139,4608,1668
1763207089,0000000800000004,4616689939935,2642,1669
1763207103,0000000100000001,4616826038529,4873,1670
1763207107,000000c000000080,4616873850758,1980,1671
1763207108,0000000700000004,4616876396497,1830,1672
1763207109,0000008000000002,4616885649007,1273,1673
1763207115,0000000400000004,4616951970101,2465,1674
1763207121,0000000100000001,4617010640801,4155,1675
1763207141,0000008000000080,4617206524958,2732,1676
1763207141,0000000100000001,4617213061071,2343,1677
1763207165,0000008000000001,4617445571005,3959,1678
1763207175,0000004000000080,4617550766721,2800,1679
1763207177,0000000100000002,4617564640756,1979,1680
1763207185,0000008000000080,4617647233900,2200,1681
1763207189,0000004000000008,4617684525982,5168,1682
1763207214,0000000100000008,4617941784896,5273,1683
1763207240,0000000300000001,4618202546603,5171,1684
1763207241,0000000100000001,4618213001602,4548,1685
1763207253,0000000400000004,4618329364262,2710,1686
1763207268,0000004000000004,4618481055496,3999,1687
1763207274,0000000800000080,4618538046523,574,1688
1763207277,0000008000000080,4618569552678,3867,1689
1763207283,0000000800000080,4618632711568,5265,1690
1763207293,000000040000000c,4618730684535,4571,1691
1763207310,0000008000000001,4618894245351,5115,1692
1763207311,0000000400000002,4618913028425,3985,1693
1763207320,0000004000000002,4618999588868,3970,1694
1763207326,0000008000000002,4619056753520,536,1695
1763207328,0000008000000080,4619078438389,4429,1696
1763207359,0000008000000004,4619392559096,1099,1697
1763207361,0000000100000001,4619410893042,5200,1698
1763207402,0000004000000002,4619820583049,1322,1699
1763207408,0000000100000008,4619879072264,2984,1700
1763207418,0000008000000004,4619978561456,2198,1701
1763207423,0000000100000004,4620026924423,4507,1702
1763207443,0000008000000080,4620233148974,2461,1703
1763207455,0000000100000001,4620344589986,967,1704
1763207477,0000004000000080,4620572633167,2813,1705
1763207478,0000000200000001,4620576851866,2560,1706
1763207490,0000004000000080,4620697345319,534,1707
1763207498,0000004000000080,4620780504940,721,1708
1763207502,0000000100000001,4620814214742,3886,1709
1763207508,0000000200000003,4620877709813,5261,1710
1763207510,0000000100000080,4620897153286,4096,1711
1763207512,0000000100000002,4620920367025,2670,1712
1763207516,0000000100000001,4620959198627,367,1713
1763207517,0000000400000004,4620970028974,4906,1714
1763207522,0000000100000001,4621018146089,1996,1715
1763207526,0000000500000001,4621054151263,5039,1716
1763207536,0000008000000080,4621159293181,3904,1717
1763207554,0000004000000008,4621342497352,3256,1718
1763207577,000000410000000d,4621567997379,5291,1719
1763207593,0000000100000001,4621732805043,576,1720
1763207608,0000000300000001,4621874701904,2402,1721
1763207617,0000004000000002,4621970632468,1836,1722
1763207625,0000008000000004,4622051886015,2137,1723
1763207637,0000000800000008,4622167901636,373,1724
1763207649,0000000400000008,4622293446890,3185,1725
1763207657,0000008000000080,4622372636668,3626,1726
1763207660,0000000800000008,4622399761694,1989,1727
1763207690,0000000100000001,4622701836479,4615,1728
1763207708,0000000800000002,4622875131604,4578,1729
1763207746,0000000400000080,4623254771360,2486,1730
1763207746,0000008000000080,4623259901705,2185,1731
1763207766,0000000800000080,4623455687589,810,1732
1763207772,0000008000000080,4623518774389,2195,1733
1763207775,0000000400000004,4623550191941,329,1734
1763207797,000000c000000080,4623767864702,2784,1735
1763207807,0000000100000001,4623869972756,1851,1736
1763207808,0000000400000080,4623880725923,1205,1737
1763207811,0000000100000004,4623911868678,4537,1738
1763207814,0000000400000004,4623938149494,2930,1739
1763207823,0000000800000008,4624033503218,2390,1740
1763207828,0000004000000080,4624081310890,4736,1741
1763207843,0000008000000002,4624230766464,928,1742
1763207856,0000008000000002,4624354386120,3884,1743
1763207863,0000000800000002,4624432054875,4414,1744
1763207869,0000000100000080,4624487149362,1085,1745
1763207876,0000008000000080,4624561069069,1830,1746
1763207879,0000000400000080,4624584892420,414,1747
1763207883,0000004000000002,4624626369595,3086,1748
1763207884,0000008000000080,4624636169099,2495,1749
1763207885,0000000400000001,4624646822598,1866,1750
1763207893,0000008000000080,4624731129800,1987,1751
1763207902,0000008000000001,4624815225427,2119,1752
1763207911,0000004000000001,4624912479144,1470,1753
1763207917,0000000100000004,4624969313561,3236,1754
1763207921,0000000100000080,4625012202988,674,1755
1763207923,0000000100000002,4625025560215,5066,1756
1763207928,0000004000000002,4625082188535,1648,1757
1763207941,0000000100000001,4625209744889,4380,1758
1763207948,0000000400000004,4625278436695,248,1759
1763207949,0000004000000008,4625289675927,4765,1760
1763207956,0000004000000002,4625356504984,1476,1761
1763207957,0000000100000008,4625369070040,5178,1762
1763207962,0000008000000080,4625416153478,2324,1763
1763208042,0000000200000080,4626214565679,1054,1764
1763208059,0000008000000080,4626392780186,730,1765
1763208060,0000004000000002,4626394585323,625,1766
1763208078,0000000400000008,4626575551557,5318,1767
1763208099,0000000100000001,4626787712574,2919,1768
1763208120,0000000100000008,4627003437516,360,1769
1763208138,0000004000000002,4627174171825,478,1770
1763208144,0000000400000002,4627234201222,2042,1771
1763208156,0000008000000080,4627360301650,4862,1772
1763208156,0000000100000002,4627362229266,4748,1773
1763208160,0000008000000004,4627403720926,2230,1774
1763208177,0000004000000004,4627565920238,2854,1775
1763208178,0000008000000082,4627578839174,2086,1776
1763208179,0000008000000002,4627584920102,1726,1777
1763208181,0000000100000001,4627611316397,162,1778
1763208183,0000004000000008,4627624845667,4534,1779
1763208183,0000000800000001,4627630552150,4187,1780
1763208189,0000000800000080,4627693190406,421,1781
1763208196,0000004000000004,4627754545582,1908,1782
1763208201,0000000400000080,4627812228110,3635,1783
1763208225,0000004000000001,4628049199009,4973,1784
1763208226,0000000800000001,4628057851015,4455,1785
1763208230,000000010000000c,4628099062242,1958,1786
1763208234,000000c000000080,4628136688556,4905,1787
1763208263,0000000100000002,4628428526635,2905,1788
1763208264,0000008800000085,4628434149868,2565,1789
1763208268,0000004000000080,4628477858577,5154,1790
1763208269,0000000400000001,4628484469239,4762,1791
1763208272,0000000100000003,4628517975519,2716,1792
1763208273,0000004400000002,4628524065008,2353,1793
1763208287,0000008000000004,4628664077843,4347,1794
1763208297,0000000100000001,4628766685587,3346,1795
1763208302,0000008000000080,4628821002442,5289,1796
1763208315,0000008000000002,4628946360652,2918,1797
1763208325,0000000400000001,4629045923326,2132,1798
1763208327,0000000400000080,4629071473990,614,1799
1763208338,0000008000000002,4629180007608,4476,1800
1763208348,0000008000000081,4629282690117,3474,1801
1763208353,0000000400000080,4629332339549,505,1802
1763208354,0000000100000008,4629335875732,293,1803
1763208354,0000000100000001,4629336597947,250,1804
1763208357,0000008000000080,4629366592876,3625,1805
1763208365,0000000800000001,4629446590789,4016,1806
1763208388,0000000100000004,4629679486352,400,1807
1763208394,0000000400000004,4629734688762,2250,1808
1763208406,0000004000000080,4629862569362,4966,1809
1763208414,0000000800000080,4629943320135,5299,1810
1763208433,0000004000000008,4630127444466,4617,1811
1763208433,0000000400000001,4630133248872,4267,1812
1763208434,0000008000000002,4630137484555,4008,1813
1763208454,0000004000000080,4630338836840,2265,1814
1763208466,0000000100000002,4630454440974,1039,1815
1763208493,0000004000000080,4630725653420,4987,1816
1763208497,0000008000000080,4630769048816,2353,1817
1763208508,0000008000000080,4630876048159,1121,1818
1763208515,0000004000000001,4630947886104,1991,1819
1763208519,0000008000000008,4630988928882,4736,1820
1763208522,0000000100000004,4631018945718,2899,1821
1763208530,0000004000000080,4631094402650,3569,1822
1763208535,0000004000000080,4631152451764,5280,1823
1763208566,0000000800000008,4631455028043,2636,1824
1763208573,0000004000000080,4631531884277,3213,1825
1763208579,0000008000000080,4631592864412,4764,1826
1763208592,0000000100000001,4631721767069,2182,1827
1763208596,0000008900000002,4631757721731,5229,1828
1763208601,0000008000000001,4631808088435,2183,1829
1763208605,0000000800000001,4631845279931,5158,1830
1763208609,0000008000000080,4631891261087,2369,1831
1763208610,0000004000000008,4631895441687,2123,1832
1763208610,0000008000000008,4631898086451,1969,1833
1763208618,0000000100000001,4631979487213,2258,1834
1763208623,0000008000000008,4632029697559,4458,1835
1763208625,0000008000000002,4632050847741,3159,1836
1763208631,0000000800000001,4632105690226,5074,1837
1763208650,0000000100000002,4632293813743,4149,1838
1763208651,0000000100000001,4632309369400,3191,1839
1763208661,0000008000000080,4632407525775,2476,1840
1763208669,0000000800000008,4632487286599,2870,1841
1763208676,0000004000000008,4632558689479,3789,1842
1763208678,0000004000000004,4632580357327,2467,1843
1763208692,0000004000000004,4632714277049,4828,1844
1763208699,0000000100000008,4632791500285,184,1845
1763208714,0000008000000004,4632943122932,1434,1846
1763208744,0000000800000008,4633240516886,4337,1847
1763208747,0000000400000002,4633268560196,2619,1848
1763208751,0000000100000002,4633312056066,5222,1849
1763208765,0000008000000080,4633447284674,2262,1850
1763208794,0000008000000006,4633735064435,557,1851
1763208815,0000000400000080,4633946350171,3411,1852
1763208827,0000004000000080,4634066121624,1404,1853
1763208842,0000008000000002,4634214324582,2861,1854
1763208870,0000008000000002,4634501236126,1200,1855
1763208877,0000008000000080,4634569867535,2256,1856
1763208877,0000000100000001,4634570788432,2203,1857
1763208894,0000000100000001,4634734951621,2707,1858
1763208903,0000000800000001,4634824842328,2495,1859
1763208905,0000000100000001,4634847173567,1166,1860
1763208919,0000008000000080,4634985934575,3199,1861
1763208926,0000008000000080,4635062197692,3820,1862
1763208942,0000000100000001,4635222955637,4547,1863
1763208945,0000000400000004,4635251807533,2780,1864
1763208950,0000004800000080,4635294716786,231,1865
1763208962,0000000100000001,4635422649290,2893,1866
1763208964,0000008000000080,4635434088073,2212,1867
1763208975,0000008000000001,4635545858948,700,1868
1763208985,0000008000000080,4635647207241,4993,1869
1763208998,0000000400000004,4635779631792,2202,1870
1763208999,000000c000000008,4635785130671,1879,1871
1763209005,0000008000000004,4635852966562,2978,1872
1763209013,0000008000000002,4635927320391,3717,1873
1763209018,0000004000000080,4635977680005,695,1874
1763209022,0000000400000080,4636014177983,3685,1875
1763209028,0000008000000080,4636082226983,4798,1876
1763209041,0000008000000008,4636211016655,2223,1877
1763209048,0000000800000001,4636280580095,3231,1878
1763209055,0000000100000001,4636344792303,4587,1879
1763209063,0000000800000001,4636429469011,4687,1880
1763209065,0000008000000002,4636445988403,3681,1881
1763209086,0000000400000004,4636653696071,1571,1882
1763209094,0000008000000002,4636739659633,1594,1883
1763209097,0000008000000080,4636763900933,324,1884
1763209102,0000008000000080,4636822557799,1800,1885
1763209103,0000008000000001,4636827079799,1529,1886
1763209115,0000004000000080,4636945764173,4793,1887
1763209141,0000000400000008,4637204598890,4803,1888
1763209145,0000008000000080,4637246833587,2241,1889
1763209151,0000000100000008,4637311041839,3581,1890
1763209152,0000000400000008,4637319739985,3045,1891
1763209155,0000008000000008,4637353466872,1030,1892
1763209156,0000000800000080,4637359464119,678,1893
1763209162,0000000400000080,4637417931360,2335,1894
1763209166,0000008000000080,4637455486148,5288,1895
1763209179,0000008000000080,4637584952206,2670,1896
1763209180,0000000800000002,4637594464622,2108,1897
1763209217,000000010000000b,4637973438247,5296,1898
1763209223,0000000100000001,4638029891808,1889,1899
1763209227,0000004000000002,4638064056380,5042,1900
1763209227,0000004000000080,4638064299691,5028,1901
1763209239,0000004000000001,4638192978871,2455,1902
1763209248,0000000100000001,4638273548345,2800,1903
1763209249,0000004000000006,4638288712326,1903,1904
1763209251,0000000400000008,4638310133844,628,1905
1763209253,0000000400000002,4638333461017,4421,1906
1763209261,0000000c00000001,4638408058579,5124,1907
1763209271,0000008000000004,4638504631587,4514,1908
1763209305,0000008000000080,4638851961154,4396,1909
1763209309,0000000400000002,4638886708758,2281,1910
1763209322,0000000100000080,4639015219294,4961,1911
1763209328,0000008000000080,4639075408411,1327,1912
1763209338,0000008000000080,4639175447848,517,1913
1763209338,0000000800000008,4639177147286,415,1914
1763209338,0000008000000080,4639182318456,5293,1915
1763209339,0000008000000080,4639189872689,4844,1916
1763209339,0000000100000001,4639193155295,4648,1917
1763209364,0000000400000004,4639438840827,258,1918
1763209369,0000000100000001,4639487857927,2474,1919
1763209388,0000008000000001,4639676296130,1539,1920
1763209394,0000000400000004,4639734033728,3252,1921
1763209394,0000008000000080,4639742735510,2720,1922
1763209415,0000000100000080,4639945520749,929,1923
1763209430,0000000400000002,4640098163261,2125,1924
1763209433,0000008000000080,4640133486298,5212,1925
1763209435,0000000400000008,4640147015624,4404,1926
1763209438,0000000800000002,4640177372564,2547,1927
1763209459,000000c000000080,4640391334986,5282,1928
1763209477,0000000800000001,4640564522163,5252,1929
1763209478,0000000400000004,4640573819857,4700,1930
1763209486,0000000400000001,4640657988053,4830,1931
1763209504,0000008000000008,4640841048988,4205,1932
1763209511,0000000800000002,4640910999956,5187,1933
1763209530,0000000800000080,4641101195904,4136,1934
1763209540,000000c000000080,4641200285090,3358,1935
1763209563,0000000800000008,4641425037886,241,1936
1763209572,0000008000000080,4641522255800,4780,1937
1763209575,0000000100000008,4641551196207,3011,1938
1763209589,0000000100000001,4641683830303,255,1939
1763209602,0000000400000001,4641822411956,2283,1940
1763209613,0000000100000004,4641931972704,897,1941
1763209629,0000000100000001,4642090106503,1770,1942
1763209637,0000000100000001,4642164521220,2474,1943
1763209641,0000000800000002,4642211960910,4843,1944
1763209658,0000000800000009,4642376041882,169,1945
1763209696,0000008000000008,4642758920519,3078,1946
1763209702,0000000800000002,4642814007517,4983,1947
1763209710,0000000100000001,4642901713250,4902,1948
1763209724,0000000800000001,4643033756006,2133,1949
1763209728,0000000100000002,4643083209622,4375,1950
1763209729,0000000400000080,4643090043876,3956,1951
1763209741,0000004000000002,4643209041876,1981,1952
1763209746,0000000800000002,4643260367848,4102,1953
1763209750,0000000400000004,4643299525855,1736,1954
1763209765,0000000100000002,4643447834544,3191,1955
1763209769,0000008000000008,4643490328202,1315,1956
1763209797,0000008000000004,4643766497454,4822,1957
1763209807,0000008000000002,4643868649361,3864,1958
1763209811,0000000100000080,4643912140653,1242,1959
1763209816,0000008000000001,4643957723035,3697,1960
1763209816,0000004000000008,4643958439126,3653,1961
1763209824,0000000100000080,4644043317846,3744,1962
1763209830,0000000400000008,4644098251990,449,1963
1763209843,0000008000000080,4644230708818,2840,1964
1763209853,0000000400000008,4644328381911,2166,1965
1763209854,0000000400000008,4644339249038,1519,1966
1763209856,0000000400000080,4644354052809,640,1967
1763209869,0000000100000080,4644484046272,3188,1968
1763209883,000000c000000080,4644627380756,4974,1969
1763209896,0000008000000080,4644761309819,2095,1970
1763209907,0000000100000002,4644869666353,783,1971
1763209909,0000000400000002,4644890777510,4716,1972
1763209924,0000000800000001,4645037527530,1067,1973
1763209925,0000008000000080,4645049321421,372,1974
1763209926,0000000100000001,4645054132078,5271,1975
1763209926,0000000800000001,4645054731895,5235,1976
1763209947,0000000100000001,4645271802081,2542,1977
1763209971,0000004000000008,4645511940225,3697,1978
1763209973,0000000400000080,4645525707255,2848,1979
1763210007,0000000100000004,4645871077113,2851,1980
1763210011,0000008000000080,4645907032117,712,1981
1763210018,0000008000000080,4645982651039,1348,1982
1763210028,0000000100000001,4646079070872,750,1983
1763210029,0000000800000004,4646090414079,5263,1984
1763210030,0000004800000002,4646100031261,4692,1985
1763210041,0000000100000001,4646212861253,3069,1986
1763210043,0000000800000004,4646228992636,2106,1987
1763210049,0000008000000001,4646285346083,3925,1988
1763210063,0000000100000008,4646427673265,562,1989
1763210084,0000000100000004,4646633527873,3751,1990
1763210086,0000000800000004,4646657061519,2320,1991
1763210090,0000000400000002,4646702041215,4834,1992
1763210092,0000000800000001,4646722372837,3597,1993
1763210109,0000000800000001,4646886475056,4126,1994
1763210121,0000008000000080,4647007954614,1996,1995
1763210125,0000008000000002,4647045599145,4942,1996
1763210130,0000000800000002,4647093428264,2047,1997
1763210149,0000000100000001,4647290467224,601,1998
1763210156,0000000400000001,4647353780696,1971,1999
1763210159,0000000400000004,4647390510153,4969,2000
1763210161,0000000100000080,4647412294014,3649,2001
1763210174,0000008000000008,4647536350016,1378,2002
1763210174,0000000100000001,4647541975687,1040,2003
1763210191,0000008000000080,4647704937021,1625,2004
1763210191,0000000100000005,4647705273119,1605,2005
1763210199,0000000400000004,4647786739610,1896,2006
1763210231,0000000100000080,4648103521029,7241,2007
1763210240,0000000100000008,4648200072076,2992,2008
1763210242,0000000800000002,4648216412076,2019,2009
1763210246,0000000100000001,4648262990941,4430,2010
1763210252,0000000100000001,4648322368614,847,2011
1763210262,0000000800000080,4648420730234,5323,2012
1763210263,0000000100000008,4648425484827,5039,2013
1763210265,0000008000000080,4648447034831,3735,2014
1763210267,0000000100000001,4648469017245,2398,2015
1763210273,0000008000000080,4648523780464,4324,2016
1763210293,0000008000000008,4648730628950,2245,2017
1763210307,0000000100000001,4648871318362,4192,2018
1763210310,0000008000000080,4648893779542,2812,2019
1763210329,0000004000000002,4649089304367,1455,2020
1763210343,0000000900000008,4649230578354,3339,2021
1763210345,0000000100000001,4649246587225,2369,2022
1763210371,0000000400000008,4649505218522,2394,2023
1763210372,0000004000000004,4649519016417,1575,2024
1763210395,0000000100000001,4649747522950,3408,2025
1763210399,0000008000000080,4649792531588,714,2026
1763210446,0000000400000008,4650261730795,3645,2027
1763210449,0000000800000004,4650292264583,1806,2028
1763210457,0000000400000004,4650366568390,2516,2029
1763210460,0000000100000001,4650396078286,763,2030
1763210463,0000000200000004,4650431463373,3827,2031
1763210469,0000004000000080,4650488055003,433,2032
1763210475,0000004000000004,4650547627602,2024,2033
1763210478,0000000100000002,4650574686745,415,2034
1763210481,0000004000000001,4650603949236,3840,2035
1763210501,0000000400000004,4650806659359,2024,2036
1763210504,0000000100000004,4650839153772,5278,2037
1763210508,0000000800000088,4650881575704,2699,2038
1763210514,0000000800000001,4650936077553,4647,2039
1763210517,0000004000000080,4650972156016,2448,2040
1763210518,0000000800000080,4650977657278,2123,2041
1763210529,0000000100000001,4651088998677,638,2042
1763210530,0000008100000001,4651093304934,382,2043
1763210530,0000000c00000008,4651097800413,5300,2044
1763210530,0000008000000080,4651098031752,5286,2045
1763210535,0000000800000001,4651152406930,2003,2046
1763210548,0000000400000002,4651278756240,4809,2047
1763210562,0000000800000001,4651414957190,1794,0
1763210563,0000000800000080,4651428829587,962,1
1763210578,0000000400000004,4651579068279,2300,2
1763210603,0000000400000004,4651824879519,3094,3
1763210606,0000004000000080,4651853964876,1356,4
1763210615,0000004000000002,4651944634999,1096,5
1763210615,0000008000000080,4651947986425,899,6
1763210646,0000000400000004,4652259646921,2908,7
1763210660,0000000400000001,4652394430097,5214,8
1763210660,0000000800000008,4652394869510,5187,9
1763210668,000000c000000080,4652475145071,363,10
1763210670,0000008000000002,4652496972407,4242,11
1763210690,0000000800000004,4652699269318,2433,12
1763210701,0000004000000001,4652809316047,1024,13
1763210717,0000004000000080,4652969310283,1785,14
1763210731,0000000400000080,4653106346689,3939,15
1763210752,0000000800000001,4653316590124,1672,16
1763210757,0000004800000088,4653368003550,3778,17
1763210763,0000008000000004,4653424821476,370,18
1763210763,0000004000000004,4653432158594,5119,19
1763210815,0000000100000002,4653944579074,269,20
1763210823,0000000100000008,4654024181640,671,21
1763210831,0000008000000080,4654108761417,772,22
1763210836,0000000100000001,4654160508207,2832,23
1763210838,0000008000000002,4654174239901,2016,24
1763210845,0000004000000080,4654246974231,2823,25
1763210847,0000008000000008,4654265777491,1710,26
1763210850,0000004000000008,4654294056551,5211,27
1763210850,0000008000000008,4654300640360,4820,28
1763210866,0000000800000080,4654461194379,357,29
1763210885,0000000200000001,4654650484149,4553,30
1763210892,0000000400000002,4654721310522,292,31
1763210893,0000000100000001,4654726414397,5173,32
1763210904,0000000800000008,4654839777254,3536,33
1763210908,0000004000000001,4654878692823,1196,34
1763210912,0000000400000080,4654921526765,3821,35
1763210925,0000000100000006,4655052115436,1152,36
1763210931,0000008000000080,4655110793582,2801,37
1763210933,0000008000000008,4655128078234,1777,38
1763210954,0000004400000002,4655342158804,4497,39
1763211006,0000000100000001,4655856162322,4741,40
1763211008,000000df00000087,4655879265329,3329,41
1763211014,0000008000000080,4655941874270,4780,42
1763211024,0000008000000001,4656040764720,4018,43
1763211035,0000008000000080,4656144748904,2933,44
1763211053,0000004000000001,4656331091118,2122,45
1763211074,0000000100000001,4656535660588,227,46
1763211074,0000004000000080,4656540248488,5137,47
1763211101,0000000400000008,4656806734945,4696,48
1763211107,0000000800000001,4656871126355,811,49
1763211117,0000000100000001,4656969706716,5273,50
1763211118,0000000100000003,4656975444535,4933,51
1763211123,0000000500000001,4657029695137,1656,52
1763211132,0000000100000001,4657116094645,1652,53
1763211135,0000000400000004,4657151035035,4759,54
1763211146,0000000800000001,4657253736377,3765,55
1763211151,0000000100000006,4657304950652,690,56
1763211182,0000000800000008,4657618604240,2571,57
1763211183,0000000300000001,4657624883277,2201,58
1763211186,0000004000000008,4657661943400,5186,59
1763211192,0000000800000002,4657722042876,1560,60
1763211205,0000008000000001,4657845871397,4515,61
1763211219,0000000400000080,4657990920888,969,62
1763211229,0000008000000080,4658085609433,481,63
1763211246,0000008000000080,4658257226871,544,64
1763211264,0000000800000008,4658442774171,4963,65
1763211265,0000000100000004,4658443152728,4942,66
1763211286,0000000400000008,4658656238795,2484,67
1763211307,0000000100000001,4658871599074,5136,68
1763211318,0000008000000004,4658982947720,3622,69
1763211338,0000008000000080,4659178067548,2262,70
1763211343,0000008000000002,4659231282549,4279,71
1763211350,0000000800000001,4659296655293,348,72
1763211358,0000000400000080,4659380062009,522,73
1763211364,0000008000000080,4659434270025,2431,74
1763211376,0000000100000001,4659562124736,5150,75
1763211390,0000000300000001,4659693076462,2442,76
1763211397,0000000800000080,4659765648560,3276,77
1763211402,0000000100000002,4659820478400,5191,78
1763211406,0000000400000002,4659854809161,3103,79
1763211418,0000000100000004,4659978652223,863,80
1763211424,0000000100000006,4660033390989,2743,81
1763211428,0000000800000003,4660081413622,5077,82
1763211433,0000000100000003,4660128001391,2255,83
1763211447,0000008000000002,4660267194528,4293,84
1763211452,0000000100000001,4660318120674,1215,85
1763211460,0000000400000001,4660395460067,1756,86
1763211466,0000008000000080,4660455577566,3328,87
1763211474,0000000400000080,4660536303992,3675,88
1763211475,0000000100000002,4660543303513,3242,89
1763211475,0000000400000080,4660545066674,3133,90
1763211481,0000008000000004,4660609437584,4483,91
1763211490,0000000400000001,4660694934611,4535,92
1763211511,0000000800000004,4660911149054,1898,93
1763211516,0000008000000080,4660961968102,4048,94
1763211519,0000000800000080,4660983327950,2737,95
1763211525,0000000100000008,4661046733269,4145,96
1763211526,0000000100000001,4661059648329,3349,97
1763211542,0000000100000001,4661215426561,4388,98
1763211549,0000000100000008,4661285179502,193,99
1763211557,0000000100000003,4661369733589,300,100
1763211560,0000000100000080,4661396012809,3904,101
1763211569,0000000400000008,4661486038197,3679,102
1763211571,0000000800000008,4661504904179,2526,103
1763211571,0000008000000001,4661510286664,2209,104
1763211577,0000000100000080,4661572892691,3646,105
1763211584,0000008000000002,4661637528542,4964,106
1763211586,0000004000000008,4661654178831,3959,107
1763211605,0000000100000008,4661846851554,2731,108
1763211608,0000000400000008,4661877897175,883,109
1763211613,0000000100000003,4661924731552,3250,110
1763211614,0000000400000004,4661934255309,2668,111
1763211621,0000004000000080,4662006683977,3520,112
1763211666,0000004000000080,4662454545834,2536,113
1763211671,0000004000000002,4662512207886,4291,114
1763211675,0000008000000080,4662544474161,2324,115
1763211681,0000000800000001,4662610933056,3530,116
1763211705,0000000100000001,4662846026135,4983,117
1763211711,0000008000000002,4662910280709,1106,118
1763211725,0000000800000008,4663046285853,3307,119
1763211731,0000004000000080,4663110485920,4661,120
1763211732,0000000800000004,4663120080691,4079,121
1763211735,0000000100000002,4663143909224,2619,122
1763211739,0000000100000001,4663189972847,5068,123
1763211740,0000008000000080,4663193420209,4863,124
1763211744,0000000800000004,4663238764217,2115,125
1763211748,0000008000000080,4663279688946,4868,126
1763211762,0000000800000008,4663417404933,1765,127
1763211766,0000000400000008,4663456816356,4605,128
1763211783,0000008000000080,4663625559091,4840,129
1763211789,0000000100000080,4663683872592,1316,130
1763211795,0000000100000001,4663746055587,2755,131
1763211803,0000000100000001,4663826906971,3089,132
1763211822,0000008000000001,4664021308479,1794,133
1763211823,0000000800000080,4664026625947,1476,134
1763211828,0000000400000004,4664073653907,3846,135
1763211836,0000008000000001,4664160606311,3809,136
1763211839,0000004000000004,4664187454374,2181,137
1763211841,0000008000000080,4664209455893,869,138
1763211851,000000c000000080,4664306165552,258,139
1763211853,0000008000000004,4664326916244,4201,140
1763211868,0000000400000080,4664479396593,226,141
1763211872,0000000400000002,4664516177369,3182,142
1763211872,0000008000000008,4664520561944,2913,143
1763211938,0000000800000004,4665178919123,4889,144
1763211942,0000008000000080,4665221200131,2322,145
1763211945,0000004000000001,4665250883045,562,146
1763211947,0000008000000080,4665269842164,4617,147
1763211956,0000008000000084,4665361045938,4323,148
1763211962,0000000400000002,4665419646292,789,149
1763211967,0000008000000080,4665471362398,2851,150
1763211968,000000c000000080,4665474907822,2637,151
1763211973,0000000100000008,4665532854697,4377,152
1763211979,0000000100000002,4665588174765,1035,153
1763212024,0000000100000080,4666034441534,175,154
1763212038,0000004000000004,4666177234260,1954,155
1763212042,0000000100000001,4666221597584,4500,156
1763212064,0000000100000002,4666433598566,2112,157
1763212068,0000000800000001,4666475761336,4791,158
1763212073,0000000100000008,4666525265254,1797,159
1763212074,0000004100000001,4666539441411,948,160
1763212102,0000000100000080,4666816446624,5069,161
1763212108,0000008000000080,4666874220426,1584,162
1763212123,0000008000000004,4667029225175,2631,163
1763212125,0000008000000080,4667043150906,1808,164
1763212133,0000008000000080,4667132216159,1645,165
1763212134,0000008000000008,4667140759054,1131,166
1763212137,0000000800000002,4667164859218,4890,167
1763212149,0000000400000001,4667289752797,2542,168
1763212158,0000000400000004,4667375141560,2599,169
1763212162,000000c000000080,4667419517346,5149,170
1763212194,0000000800000001,4667735476627,1715,171
1763212200,0000008000000080,4667797335346,3178,172
1763212201,0000000800000004,4667808478129,2503,173
1763212209,0000000800000001,4667886073174,3031,174
1763212237,0000004000000004,4668165608667,1810,175
1763212250,0000000400000080,4668302277117,3987,176
1763212256,0000000100000001,4668360214364,506,177
1763212258,0000008000000002,4668373908347,4875,178
1763212258,0000004000000008,4668380501869,4482,179
1763212270,0000000100000080,4668499030698,2514,180
1763212271,0000008000000080,4668505533314,2132,181
1763212279,0000004000000008,4668591911726,2130,182
1763212295,0000008000000008,4668748001707,3125,183
1763212299,0000000100000080,4668784389408,949,184
1763212299,0000008000000001,4668788414415,714,185
1763212309,0000008000000004,4668892160588,4865,186
1763212331,0000000400000004,4669112751031,1967,187
1763212336,0000000100000001,4669160256364,4323,188
1763212351,0000008000000080,4669311375145,425,189
1763212352,0000000100000001,4669317309832,5259,190
1763212365,000000c000000004,4669448147343,2555,191
1763212376,0000000100000004,4669560713697,996,192
1763212387,0000008000000002,4669666036336,5057,193
1763212387,0000000400000001,4669670158370,4813,194
1763212398,0000000100000004,4669779546750,3407,195
1763212413,0000000100000002,4669927057792,4939,196
1763212419,0000008000000002,4669985426541,1415,197
1763212440,0000000100000001,4670195827532,4355,198
1763212444,0000004000000001,4670235571231,1948,199
1763212448,0000000400000001,4670275592999,4752,200
1763212449,0000004000000080,4670284886348,4191,201
1763212450,0000004000000080,4670301056901,3195,202
1763212452,0000008000000081,4670321599576,1966,203
1763212472,0000000100000001,4670521613812,341,204
1763212496,0000008000000080,4670753699383,1944,205
1763212514,0000000100000008,4670942436662,983,206
1763212522,0000008000000002,4671016004258,1749,207
1763212524,000000cd00000081,4671038808923,392,208
1763212538,0000008400000001,4671182493316,2117,209
1763212550,0000000100000001,4671298109344,378,210
1763212591,0000008000000004,4671710673263,1514,211
1763212594,0000000400000001,4671740078428,4952,212
1763212619,0000000100000080,4671985427276,583,213
1763212619,0000000100000001,4671989071792,364,214
1763212623,0000000100000001,4672027498250,3224,215
1763212633,0000000400000008,4672131384301,2171,216
1763212637,0000000400000002,4672172337926,4922,217
1763212643,0000000800000001,4672222869611,1866,218
1763212649,0000008000000080,4672287327165,3175,219
1763212652,0000008000000001,4672313759267,1595,220
1763212653,0000008000000001,4672324086817,976,221
1763212660,0000000800000004,4672399974766,1603,222
1763212663,0000000100000004,4672429213486,5048,223
1763212664,0000008000000001,4672432945702,4828,224
1763212683,0000000100000008,4672628823667,3414,225
1763212693,0000000800000001,4672727200632,2677,226
1763212695,0000008000000001,4672743767611,1697,227
1763212704,0000000100000001,4672840129874,1095,228
1763212718,0000000800000004,4672978154358,3170,229
1763212728,0000000400000004,4673080539822,2208,230
1763212754,0000000400000001,4673334563141,2503,231
1763212754,0000000400000001,4673341464244,2096,232
1763212776,0000000800000001,4673559168097,4604,233
1763212776,0000000400000001,4673560451500,4527,234
1763212791,0000000100000004,4673708168781,825,235
1763212798,0000008000000001,4673776264191,1916,236
1763212798,0000008000000002,4673781120818,1625,237
1763212802,0000008000000080,4673813850853,4864,238
1763212820,0000000800000002,4673995481245,4327,239
1763212828,0000000800000004,4674078310216,4540,240
1763212839,0000000100000080,4674187979199,3109,241
1763212863,0000000400000002,4674424451106,4494,242
1763212886,0000008000000001,4674655936230,943,243
1763212891,0000000100000080,4674709409341,2904,244
1763212905,0000008000000080,4674842755595,5295,245
1763212925,0000000100000002,4675043339388,3607,246
1763212926,0000000100000001,4675053845398,2961,247
1763212941,0000004000000008,4675203587876,4370,248
1763212943,0000000100000004,4675227541487,2899,249
1763212956,000000040000000e,4675361066597,5279,250
1763212957,000000c000000080,4675363836804,5115,251
1763212963,0000000c00000002,4675429225626,1171,252
1763212965,0000008000000080,4675450381542,5102,253
1763212974,0000000900000001,4675537572048,5053,254
1763213000,0000000800000008,4675798371111,4948,255
1763213005,0000000100000004,4675844917213,2128,256
1763213011,0000004000000001,4675904302982,3761,257
1763213030,0000000100000002,4676099891117,2367,258
1763213052,0000000100000004,4676320978516,4678,259
1763213054,0000000100000002,4676332984862,3948,260
1763213058,0000008000000080,4676375600159,1376,261
1763213067,0000000100000002,4676472241967,764,262
1763213071,0000000100000001,4676507470980,3837,263
1763213096,0000004000000008,4676755046776,4536,264
1763213099,0000008000000080,4676786384241,2621,265
1763213106,0000000400000008,4676860379326,3373,266
1763213109,0000000800000008,4676882868472,2024,267
1763213110,0000004000000001,4676893305473,1399,268
1763213123,0000008000000002,4677024073268,3927,269
1763213124,0000008000000008,4677039942253,2951,270
1763213141,0000000800000080,4677206838712,3307,271
1763213147,0000004000000080,4677262707660,5157,272
1763213148,0000004000000001,4677276673665,4323,273
1763213148,0000000400000001,4677278629848,4204,274
1763213150,0000000100000001,4677299765856,2903,275
1763213151,0000000100000080,4677303807837,2659,276
1763213166,0000008000000002,4677460826343,3618,277
1763213178,0000004000000008,4677582142381,1514,278
1763213181,0000000100000002,4677609884939,5050,279
1763213181,0000008000000008,4677610602539,5009,280
1763213185,0000000100000008,4677644153093,2963,281
1763213194,0000008000000080,4677732980789,2813,282
1763213195,0000008000000004,4677748716283,1881,283
1763213197,0000000100000002,4677772088099,490,284
1763213205,0000008000000004,4677851162034,916,285
1763213211,0000000100000008,4677907705729,2689,286
1763213212,0000000100000001,4677918160361,2072,287
1763213218,0000000100000001,4677981021675,3487,288
1763213231,0000008000000080,4678109228111,973,289
1763213247,0000000200000001,4678268123211,1800,290
1763213250,0000004000000008,4678300950985,5033,291
1763213251,0000008000000080,4678310272813,4476,292
1763213289,0000000800000002,4678684483530,2709,293
1763213298,0000000400000001,4678779736300,2182,294
1763213307,0000000100000001,4678870693775,1910,295
1763213320,0000008000000008,4678996251268,4763,296
1763213325,0000004000000008,4679043017219,1932,297
1763213325,0000000400000002,4679046152430,1746,298
1763213330,0000004000000002,4679095457594,3983,299
1763213333,0000008000000004,4679131794799,1787,300
1763213344,0000004400000001,4679235143551,772,301
1763213357,0000008000000001,4679364838081,3346,302
1763213362,0000008000000008,4679421526595,5147,303
1763213370,0000000100000001,4679499941131,433,304
1763213374,0000004000000001,4679535508715,3470,305
1763213375,0000000400000001,4679551388618,2504,306
1763213383,0000000400000080,4679628070788,3088,307
1763213407,0000000800000001,4679869624650,4164,308
1763213437,0000000100000001,4680167118447,1835,309
1763213460,0000000400000080,4680400623374,3368,310
1763213461,0000008000000080,4680409597678,2817,311
1763213461,0000008000000004,4680410130376,2785,312
1763213466,0000000800000001,4680460881598,4955,313
1763213470,0000000800000004,4680502262748,2439,314
1763213474,0000008000000080,4680537631937,340,315
1763213491,0000000100000002,4680711332680,280,316
1763213496,0000000400000008,4680761557913,2424,317
1763213505,0000000100000004,4680849408986,2337,318
1763213519,0000000400000001,4680983199503,4702,319
1763213528,0000000300000001,4681077382440,4228,320
1763213532,0000008000000001,4681119797376,1663,321
1763213544,0000000400000002,4681239654257,4857,322
1763213545,0000000100000002,4681245121673,4530,323
1763213565,0000008000000008,4681444852160,2870,324
1763213565,0000000100000080,4681451103763,2495,325
1763213566,0000004000000080,4681453970040,2327,326
1763213583,0000000800000008,4681625873966,2373,327
1763213587,0000000100000003,4681667381008,5092,328
1763213591,0000000100000002,4681702783542,2939,329
1763213626,0000000800000004,4682053386313,2622,330
1763213634,0000008000000080,4682134384096,2944,331
1763213647,0000000100000001,4682265924871,258,332
1763213657,0000008000000002,4682362478412,4835,333
1763213664,0000008000000080,4682435240064,459,334
1763213667,0000008000000002,4682471329357,3464,335
1763213688,0000000400000008,4682677308836,1465,336
1763213692,0000008000000004,4682716958461,4288,337
1763213697,0000008000000002,4682767304818,1245,338
1763213713,0000000100000004,4682925780894,2094,339
1763213720,0000000100000003,4683000241435,2799,340
1763213734,0000000100000001,4683137149357,4980,341
1763213741,0000004000000002,4683203756949,963,342
1763213768,0000000400000001,4683477522220,5279,343
1763213769,0000008000000004,4683488508262,4624,344
1763213798,0000000800000080,4683782341548,2499,345
1763213799,0000004000000008,4683787429150,2200,346
1763213800,0000008000000080,4683795946126,1696,347
1763213816,0000000400000008,4683958336204,2305,348
1763213820,0000000100000001,4683993849455,196,349
1763213844,0000004000000002,4684237145687,1127,350
1763213865,0000000400000080,4684443214533,4328,351
1763213867,0000000800000001,4684471356168,2604,352
1763213871,0000000c00000004,4684502750790,741,353
1763213884,0000008000000080,4684636319872,3073,354
1763213886,0000000100000001,4684655487772,1929,355
1763213889,0000004000000002,4684688430498,5154,356
1763213891,0000000100000001,4684705880389,4106,357
1763213893,0000000400000008,4684728722704,2697,358
1763213902,0000000800000004,4684821030250,2349,359
1763213910,0000000400000004,4684898066611,2907,360
1763213911,0000004000000080,4684910851600,2146,361
1763213915,0000000800000008,4684945025478,5300,362
1763213922,0000008000000080,4685018537300,872,363
1763213923,0000008000000080,4685027405256,350,364
1763213929,000000850000000e,4685090650653,1724,365
1763213933,0000008000000004,4685131313819,4488,366
1763213955,0000000100000002,4685351137127,1638,367
1763213965,0000000100000008,4685446739896,1081,368
1763213966,0000000400000001,4685454752650,611,369
1763213972,0000000400000001,4685513616924,2243,370
1763213975,0000000400000008,4685545441753,353,371
1763213978,0000008000000080,4685581020057,3385,372
1763213980,0000000400000001,4685599277405,2283,373
1763213982,0000000800000002,4685618648631,1128,374
1763213985,0000000100000001,4685643533561,4839,375
1763214003,0000008000000001,4685830835142,3954,376
1763214005,0000000100000005,4685848633827,2859,377
1763214008,0000000800000080,4685873652390,1370,378
1763214010,0000000100000004,4685892493500,253,379
1763214032,0000004000000080,4686113880217,2487,380
1763214059,0000000800000001,4686387695290,1613,381
1763214143,0000004000000080,4687231300537,2790,382
1763214167,0000000400000002,4687464404518,4381,383
1763214169,0000000400000008,4687485812805,3065,384
1763214170,0000000800000004,4687501933001,2103,385
1763214179,0000000100000001,4687586731390,2194,386
1763214197,0000000800000001,4687762974860,1984,387
1763214197,000000c80000008f,4687770642567,1527,388
1763214206,0000004000000002,4687853072417,1761,389
1763214208,0000000400000004,4687874864237,465,390
1763214212,0000000100000003,4687919682953,2934,391
1763214217,0000008000000004,4687967078659,5301,392
1763214220,0000008000000001,4687995664541,3571,393
1763214227,0000000800000002,4688064314325,4653,394
1763214259,0000004000000001,4688385973995,873,395
1763214278,0000004000000002,4688580429142,4769,396
1763214290,0000000800000001,4688701735721,2634,397
1763214295,0000004000000080,4688749914785,4960,398
1763214304,0000000400000008,4688841663165,4638,399
1763214308,0000008000000080,4688873895012,2668,400
1763214313,0000000800000008,4688928176911,4628,401
1763214314,0000008000000008,4688938759422,3985,402
1763214316,0000000200000008,4688960999277,2622,403
1763214327,0000000800000080,4689067341407,1434,404
1763214332,0000004000000010,4689113817681,3839,405
1763214343,0000000100000001,4689224812760,2338,406
1763214395,0000008000000008,4689749687262,1938,407
1763214399,0000000400000004,4689786094293,4957,408
1763214408,0000000400000081,4689876316064,4728,409
1763214439,0000008000000080,4690183270562,1828,410
1763214439,0000000800000004,4690189652397,1444,411
1763214439,0000004000000001,4690191915553,1309,412
1763214442,0000000800000002,4690212454352,5277,413
1763214479,0000000100000002,4690586149016,3563,414
1763214487,0000008000000080,4690671060925,3652,415
1763214494,0000004000000008,4690742068114,4589,416
1763214500,0000000100000002,4690794440513,1423,417
1763214515,0000000100000006,4690947199690,2604,418
1763214520,0000008000000080,4691000413369,4630,419
1763214522,0000004000000004,4691013789173,3815,420
1763214528,0000000800000004,4691072980145,265,421
1763214528,0000008000000080,4691081436844,4947,422
1763214529,0000008000000008,4691087464454,4588,423
1763214532,0000000800000080,4691112421052,3059,424
1763214538,0000008000000080,4691172392813,4672,425
1763214541,0000000800000001,4691209848855,2393,426
1763214543,0000008000000002,4691229360541,1229,427
1763214553,0000000400000004,4691324809733,693,428
1763214564,0000004000000002,4691440857590,4102,429
1763214568,0000000100000004,4691481408310,1651,430
1763214581,0000004000000008,4691605096894,4615,431
1763214588,0000000400000001,4691677984369,230,432
1763214598,0000008000000080,4691777383074,4639,433
1763214601,0000000800000001,4691805772001,2899,434
1763214606,0000000400000004,4691861430494,4776,435
1763214611,0000008000000080,4691906748339,2031,436
1763214633,0000004000000001,4692126822125,4393,437
1763214637,0000008000000008,4692169720000,1797,438
1763214649,0000008000000080,4692288345344,5062,439
1763214672,0000008000000004,4692518494551,1594,440
1763214687,0000000200000004,4692670891474,2798,441
1763214689,0000000800000002,4692682585537,2104,442
1763214692,0000000100000001,4692712586828,321,443
1763214693,0000008000000080,4692732105060,4342,444
1763214695,0000000100000080,4692742919041,3678,445
1763214721,0000000400000008,4693010352397,3161,446
1763214728,0000000800000002,4693078148959,4301,447
1763214737,0000000800000002,4693165543891,4238,448
1763214737,0000008000000080,4693167347434,4126,449
1763214739,0000000400000002,4693187149388,2910,450
1763214744,0000004000000080,4693236563393,5155,451
1763214747,0000000400000080,4693262620432,3577,452
1763214775,0000008000000008,4693548631563,1953,453
1763214795,0000008000000080,4693751226112,173,454
1763214804,0000004000000080,4693834929975,330,455
1763214805,0000000800000080,4693845177459,4905,456
1763214808,0000000100000002,4693882152719,2651,457
1763214817,0000000400000002,4693969008238,2621,458
1763214832,0000008000000008,4694115025824,4257,459
1763214838,0000004000000004,4694175200998,634,460
1763214839,0000008000000080,4694190942544,4882,461
1763214843,0000008000000080,4694225039264,2802,462
1763214846,0000008000000080,4694257795285,852,463
1763214860,0000008000000080,4694393878657,3036,464
1763214866,0000000400000080,4694454054626,4639,465
1763214898,0000008000000080,4694773576590,987,466
1763214916,0000004000000080,4694960979405,5303,467
1763214926,0000004000000001,4695056871881,4735,468
1763214933,0000004000000004,4695122682508,768,469
1763214953,0000000100000001,4695323525220,4276,470
1763214966,0000008000000001,4695452430054,1701,471
1763214966,0000000800000008,4695454784659,1560,472
1763214992,0000000100000008,4695720851963,1137,473
1763214994,0000000400000008,4695737595029,5333,474
1763214996,0000000800000080,4695752896244,4419,475
1763215004,0000000400000004,4695835976209,4616,476
1763215009,0000008000000004,4695884688344,1670,477
1763215063,0000000100000001,4696432097918,5110,478
1763215077,0000000800000080,4696562358374,2443,479
1763215077,0000008000000080,4696565113175,2281,480
1763215089,0000000100000002,4696686854818,178,481
1763215094,0000000100000001,4696738973681,2213,482
1763215100,0000000400000080,4696792559005,4205,483
1763215101,0000000400000080,4696804307979,3480,484
1763215103,0000008000000004,4696828020731,2053,485
1763215104,0000000100000008,4696840865646,1285,486
1763215106,0000000100000001,4696861184051,5267,487
1763215121,000000800000000c,4697005820048,1751,488
1763215127,0000000800000002,4697070078753,3067,489
1763215128,0000000300000001,4697081052625,2408,490
1763215134,000000c000000080,4697133742188,4459,491
1763215135,0000000100000002,4697144076897,3829,492
1763215136,0000000100000002,4697157689217,2989,493
1763215149,0000000400000002,4697286874921,440,494
1763215162,0000000100000003,4697421029181,2727,495
1763215176,0000000200000002,4697553330626,5183,496
1763215188,0000004000000008,4697680241541,2717,497
1763215197,0000008000000040,4697765581025,2778,498
1763215198,0000008000000008,4697774725903,2236,499
1763215202,0000000100000001,4697817328465,4888,500
1763215215,0000008000000008,4697950136870,2075,501
1763215217,0000000400000080,4697963811417,1257,502
1763215235,0000000400000080,4698144520826,782,503
1763215241,0000004000000080,4698210836485,1977,504
1763215261,0000000400000008,4698409469322,434,505
1763215289,0000000800000002,4698682899798,4763,506
1763215291,0000000400000001,4698708745758,3183,507
1763215305,0000000100000004,4698845872942,162,508
1763215310,0000000800000080,4698893966107,2426,509
1763215323,0000008000000080,4699025792510,4910,510
1763215330,0000000400000080,4699098900532,514,511
1763215331,0000000200000008,4699102804590,281,512
1763215331,0000004000000008,4699110173283,5027,513
1763215335,0000008000000080,4699144951792,2908,514
1763215339,0000000100000001,4699189605239,254,515
1763215371,0000008000000080,4699507465709,1891,516
1763215400,0000000400000080,4699794522129,224,517
1763215422,0000000400000001,4700012741216,2646,518
1763215436,0000000800000004,4700157996325,4327,519
1763215459,0000008000000080,4700391712584,654,520
1763215477,0000000800000001,4700563254812,720,521
1763215504,0000000400000080,4700833137089,5262,522
1763215505,0000008000000002,4700847045659,4431,523
1763215514,0000000400000002,4700932321402,4496,524
1763215519,0000008000000080,4700982481291,1463,525
1763215519,0000000400000002,4700985954671,1253,526
1763215526,0000000800000002,4701060788394,1943,527
1763215534,0000000100000001,4701141018046,2304,528
1763215539,0000000100000001,4701184577554,4902,529
1763215550,0000008000000001,4701295999775,3373,530
1763215577,0000008000000080,4701564873464,2771,531
1763215578,0000000100000001,4701573992835,2231,532
1763215594,0000008000000080,4701732564907,3076,533
1763215594,0000000100000002,4701733557620,3016,534
1763215595,0000000800000001,4701748682287,2113,535
1763215626,0000008000000008,4702055126143,4477,536
1763215629,0000008000000002,4702090635520,2314,537
1763215637,0000000400000080,4702163989915,3095,538
1763215638,0000004000000080,4702179341923,2175,539
1763215647,0000004800000008,4702266754778,2113,540
1763215647,000000c100000080,4702269936964,1925,541
1763215687,0000000100000008,4702671608264,3739,542
1763215689,0000000400000001,4702684955087,2917,543
1763215694,0000000400000004,4702740903163,4776,544
1763215700,0000008000000080,4702795095666,1501,545
1763215703,0000000100000001,4702831604400,4515,546
1763215712,0000008000000008,4702921885766,4275,547
1763215719,0000000100000001,4702985840378,430,548
1763215751,0000008000000080,4703305936852,1934,549
1763215772,0000000800000002,4703520411744,4633,550
1763215780,0000000800000002,4703596563431,5239,551
1763215802,0000000100000006,4703819432268,2203,552
1763215812,0000004000000008,4703912980122,1776,553
1763215819,0000008000000080,4703984946992,2627,554
1763215819,0000000400000004,4703990979639,2271,555
1763215824,0000000100000002,4704032829390,4967,556
1763215854,0000000800000001,4704338443270,2147,557
1763215863,0000008000000080,4704423794368,2207,558
1763215866,0000000800000080,4704459753941,5254,559
1763215884,0000000400000001,4704636785831,4996,560
1763215888,0000000800000008,4704672362443,2827,561
1763215891,0000000100000001,4704707508751,739,562
1763215893,0000000100000002,4704724785883,4898,563
1763215904,0000000100000002,4704834017777,3504,564
1763215911,000000040000000c,4704903757106,4521,565
1763215931,0000000100000001,4705106190241,2701,566
1763215940,0000000400000008,4705201481698,2171,567
1763215948,0000000100000004,4705278525066,2722,568
1763215962,0000000400000001,4705413076292,5044,569
1763215966,0000008000000080,4705452552386,2642,570
1763215968,0000000400000080,4705480149420,998,571
1763216020,0000008000000004,4705995459808,1163,572
1763216036,0000000800000004,4706157880963,1781,573
1763216048,0000000100000006,4706275022467,5133,574
1763216057,0000000100000002,4706365818064,4868,575
1763216070,0000008800000004,4706499832810,1985,576
1763216075,0000000400000008,4706543541729,4570,577
1763216082,0000000400000080,4706612465352,421,578
1763216085,0000000100000002,4706649017988,3397,579
1763216089,0000004000000004,4706683750773,1311,580
1763216093,0000008000000001,4706722418414,4194,581
1763216095,0000008000000080,4706749156855,2558,582
1763216097,0000008000000008,4706765313294,1600,583
1763216101,0000008000000002,4706807991325,4240,584
1763216106,0000000800000004,4706857547580,1246,585
1763216149,0000004000000002,4707282687419,1642,586
1763216150,0000008000000004,4707294963791,906,587
1763216152,0000000400000008,4707317346886,4766,588
1763216157,0000008000000080,4707367353627,1742,589
1763216169,0000000100000001,4707486543742,4973,590
1763216203,0000008000000001,4707829381764,5123,591
1763216220,0000000100000008,4708001077674,5183,592
1763216227,0000000400000001,4708068122950,1140,593
1763216237,0000000100000080,4708163985867,582,594
1763216243,0000004000000004,4708222483707,2234,595
1763216253,0000008000000002,4708323735494,1345,596
1763216264,0000000400000004,4708439681055,4776,597
1763216272,0000008000000080,4708521378796,5050,598
1763216317,0000000400000001,4708963751726,4415,599
1763216329,0000008000000004,4709083643585,2369,600
1763216344,0000000100000001,4709240556170,3323,601
1763216349,0000008000000080,4709290628652,334,602
1763216352,0000000100000001,4709318502678,3841,603
1763216356,0000000400000001,4709361796689,1230,604
1763216367,000000c000000080,4709467264302,5283,605
1763216369,0000004000000001,4709488321859,4017,606
1763216372,0000000100000002,4709517616790,2238,607
1763216389,0000000800000002,4709691485901,2167,608
1763216406,0000000100000001,4709856552212,2618,609
1763216408,0000000800000001,4709872441962,1677,610
1763216423,0000000400000002,4710030975335,2514,611
1763216433,0000004000000008,4710129632444,1787,612
1763216437,0000000400000080,4710165145500,4860,613
1763216464,0000000400000001,4710434916651,4213,614
1763216465,0000000100000001,4710441838698,3789,615
1763216494,0000004000000004,4710735420053,1706,616
1763216495,0000008000000080,4710749834984,843,617
1763216502,0000000400000001,4710814470528,2138,618
1763216506,0000000400000001,4710855039273,4911,619
1763216518,0000000100000008,4710972626458,3006,620
1763216522,0000000800000004,4711020188542,174,621
1763216534,0000008000000008,4711136601476,3541,622
1763216536,0000000800000004,4711157536947,2273,623
1763216542,0000008000000080,4711217293342,3891,624
1763216558,0000000500000001,4711379304383,4542,625
1763216578,0000004000000002,4711573174774,3244,626
1763216579,0000000400000080,4711587701224,2366,627
1763216582,0000008800000080,4711621180829,379,628
1763216607,0000008000000080,4711869594181,1004,629
1763216607,0000000100000080,4711871452883,894,630
1763216616,0000000100000080,4711960960948,711,631
1763216631,0000000100000001,4712109172998,2166,632
1763216632,0000000100000001,4712115479541,1792,633
1763216634,0000000100000001,4712139844321,343,634
1763216640,0000000400000001,4712201107920,1835,635
1763216665,0000004000000080,4712448454129,2524,636
1763216675,0000004000000080,4712551240715,1551,637
1763216681,0000008000000004,4712602780065,3646,638
1763216681,0000008000000004,4712611232869,3126,639
1763216683,0000000100000001,4712622160212,2465,640
1763216683,0000000800000002,4712626634538,2201,641
1763216692,0000000100000001,4712721126362,1719,642
1763216694,0000000400000080,4712741002193,538,643
1763216728,0000008000000001,4713077812122,1040,644
1763216728,0000000100000001,4713080275564,895,645
1763216742,0000008000000080,4713221527952,2765,646
1763216751,0000008000000008,4713311684156,2537,647
1763216777,0000008000000080,4713568990154,2642,648
1763216820,0000004000000080,4713999738354,2699,649
1763216829,0000000100000001,4714081769186,2961,650
1763216830,0000000400000001,4714092571429,2315,651
1763216835,0000004000000080,4714146063763,4316,652
1763216852,0000004000000004,4714312839401,4673,653
1763216854,0000000100000001,4714334334098,3359,654
1763216859,0000000100000001,4714388428764,5312,655
1763216885,0000008000000080,4714650464512,5134,656
1763216886,0000004000000004,4714652285665,5026,657
1763216892,0000000100000001,4714712489966,1392,658
1763216908,0000000800000002,4714874344839,2041,659
1763216922,0000004000000080,4715014243491,4027,660
1763216930,0000008000000080,4715100690967,4021,661
1763216939,0000004000000004,4715188426737,3936,662
1763216966,0000000100000080,4715455423912,3445,663
1763216967,0000000100000001,4715468283950,2658,664
1763216970,0000004000000001,4715495064236,1064,665
1763216971,0000008000000008,4715503360400,578,666
1763216971,0000000100000003,4715508273888,286,667
1763216973,0000008000000080,4715528215979,4278,668
1763216987,0000000800000001,4715661738262,1425,669
1763216987,0000000400000080,4715670956245,874,670
1763217010,0000004000000080,4715898059016,2775,671
1763217020,0000000200000002,4715993846751,2217,672
1763217021,0000008000000004,4716008923917,1318,673
1763217026,0000004000000008,4716052373620,3904,674
1763217042,0000000800000008,4716216101296,4451,675
1763217068,0000000100000002,4716478220539,4266,676
1763217081,0000000100000001,4716606041353,1756,677
1763217117,0000000800000004,4716962591704,1083,678
1763217123,0000000400000080,4717023090190,2622,679
1763217126,0000008000000004,4717056921510,616,680
1763217130,0000000100000080,4717094456101,3537,681
1763217151,0000000400000080,4717306157648,1192,682
1763217159,0000000100000080,4717387220073,1511,683
1763217166,0000000100000002,4717454873727,2618,684
1763217167,0000008000000001,4717469383979,1762,685
1763217188,0000004000000002,4717677195062,4857,686
1763217188,0000000800000001,4717681093670,4625,687
1763217191,0000008000000002,4717702942771,3287,688
1763217212,0000000400000004,4717919016259,696,689
1763217243,0000000800000004,4718228118763,2852,690
1763217258,0000008000000080,4718380372593,4108,691
1763217290,0000000100000001,4718695479846,733,692
1763217296,0000000100000001,4718754221221,2372,693
1763217304,0000008000000004,4718832606407,2841,694
1763217316,0000000400000002,4718956278689,631,695
1763217332,0000000100000003,4719114790311,1471,696
1763217348,0000000c00000008,4719278438334,2010,697
1763217357,0000008000000001,4719368492989,1791,698
1763217360,0000000400000004,4719391917086,397,699
1763217367,0000008000000008,4719465506016,1149,700
1763217367,0000000800000002,4719466464839,1092,701
1763217370,0000004000000004,4719492884872,4713,702
1763217376,0000000100000080,4719558590670,752,703
1763217384,0000004000000002,4719636678056,1242,704
1763217388,0000004000000080,4719674668504,4161,705
1763217395,0000000100000001,4719743219727,5231,706
1763217399,0000000800000008,4719783410945,2786,707
1763217414,0000000800000008,4719937139113,3952,708
1763217434,0000000800000002,4720132282689,2576,709
1763217458,0000004000000009,4720380299327,3247,710
1763217461,0000000800000001,4720402388694,1924,711
1763217473,0000004000000003,4720530111613,4648,712
1763217484,0000000100000080,4720635429187,3487,713
1763217485,0000000800000002,4720644643891,2921,714
1763217491,0000008000000008,4720707963153,4335,715
1763217508,0000004000000001,4720873171493,4786,716
1763217511,0000000100000001,4720906089212,2775,717
1763217520,0000000400000001,4720991850204,2809,718
1763217535,0000000100000002,4721146243398,3935,719
1763217542,0000008000000008,4721217217853,4865,720
1763217571,0000000800000080,4721505401448,3085,721
1763217576,0000000800000008,4721559272354,1932,722
1763217580,0000000200000002,4721593484364,2979,723
1763217599,0000000100000002,4721783124608,1971,724
1763217599,0000000800000002,4721784289535,1903,725
1763217599,0000004000000002,4721788876856,1628,726
1763217615,0000000800000080,4721941867273,2797,727
1763217626,0000000100000001,4722059887214,910,728
1763217630,0000004000000002,4722091569059,4209,729
1763217638,0000000100000001,4722174416247,4421,730
1763217652,0000000100000080,4722314971515,1146,731
1763217656,0000000100000001,4722356203859,3865,732
1763217660,0000000800000001,4722396572454,1430,733
1763217711,0000008000000008,4722909309230,1751,734
1763217717,0000000400000001,4722963829174,3666,735
1763217723,0000008000000002,4723030462271,4866,736
1763217728,0000000800000008,4723079505701,1900,737
1763217743,0000000100000004,4723230596004,3190,738
1763217762,0000008000000080,4723412247730,2646,739
1763217763,0000008000000080,4723426283464,1816,740
1763217766,0000000100000001,4723460741451,4950,741
1763217768,0000004000000002,4723472238726,4261,742
1763217770,0000000100000001,4723494640766,2884,743
1763217795,0000000100000004,4723751239826,3032,744
1763217811,0000004000000001,4723907479915,4045,745
1763217812,0000004000000080,4723915852692,3529,746
1763217833,0000000400000001,4724122322927,1499,747
1763217839,0000000800000008,4724183753995,2984,748
1763217840,0000000400000008,4724193148454,2419,749
1763217843,0000000100000008,4724226895489,417,750
1763217856,0000004000000001,4724359123078,2820,751
1763217860,0000000400000080,4724396246236,617,752
1763217866,0000000100000001,4724452608363,2395,753
1763217888,0000008000000008,4724678073703,4441,754
1763217890,0000000200000080,4724694911048,3409,755
1763217909,0000000100000002,4724888635544,2142,756
1763217913,0000000800000002,4724929086122,4922,757
1763217923,0000008000000080,4725023753524,4425,758
1763217924,0000008000000002,4725031496514,3951,759
1763217936,0000008000000008,4725154523071,1737,760
1763217945,0000000400000080,4725248502739,1276,761
1763217960,0000000100000001,4725400727874,2494,762
1763217973,0000000800000008,4725523884416,310,763
1763217982,0000000400000001,4725615464191,5182,764
1763217983,0000000100000004,4725623298207,4717,765
1763217988,0000000400000002,4725671841623,1781,766
1763217992,0000000100000001,4725713631334,4478,767
1763218008,0000004000000080,4725877858393,4983,768
1763218013,0000000400000001,4725929150738,1884,769
1763218017,0000000800000004,4725969399985,4674,770
1763218024,0000000400000080,4726035048566,719,771
1763218027,0000000100000001,4726066282875,4035,772
1763218034,0000000100000001,4726136277855,5020,773
1763218064,0000000800000004,4726432799564,2737,774
1763218067,0000000100000080,4726464861297,829,775
1763218075,0000000400000080,4726547676896,1036,776
1763218076,0000000400000008,4726555988015,550,777
1763218102,0000000800000004,4726811878697,735,778
1763218143,0000000400000008,4727231289959,1467,779
1763218196,0000004000000002,4727753855452,1195,780
1763218198,0000000400000002,4727771738902,5322,781
1763218200,0000000800000008,4727795764869,3877,782
1763218201,0000008000000080,4727810435390,2971,783
1763218204,0000000400000001,4727835308891,1491,784
1763218207,0000000400000002,4727871211257,4540,785
1763218218,0000000800000080,4727980137867,3155,786
1763218224,0000008000000080,4728039884039,4781,787
1763218250,0000000100000001,4728297755665,4850,788
1763218259,000000c000000008,4728388579224,4582,789
1763218272,0000004000000001,4728519833718,1863,790
1763218290,0000008000000080,4728697651199,1557,791
1763218297,000000c000000003,4728762991443,2805,792
1763218301,0000000100000001,4728808227088,5302,793
1763218311,0000000c00000080,4728909836601,4391,794
1763218327,0000000100000001,4729065558515,219,795
1763218337,0000008000000080,4729168224497,4429,796
1763218350,0000004000000080,4729295193548,1961,797
1763218370,0000000100000008,4729496282960,278,798
1763218393,0000008000000080,4729730996726,1725,799
1763218399,0000000800000001,4729781353169,3897,800
1763218412,0000000800000004,4729918573202,834,801
1763218431,0000000800000080,4730103410691,5301,802
1763218436,0000008000000080,4730153773136,2255,803
1763218439,0000000400000002,4730188185243,210,804
1763218440,0000008000000001,4730196964464,4872,805
1763218443,0000000100000004,4730222073240,3337,806
1763218443,0000000800000002,4730223651126,3245,807
1763218447,0000000800000080,4730266565171,683,808
1763218454,0000008000000001,4730340170121,1438,809
1763218469,0000000100000001,4730488354240,2898,810
1763218501,0000000400000004,4730810788751,4308,811
1763218519,0000000100000001,4730984249569,4260,812
1763218526,0000000200000001,4731056791960,5088,813
1763218528,0000008000000004,4731074313632,4033,814
1763218533,0000000400000008,4731123759320,1049,815
1763218561,0000008000000080,4731409117031,4676,816
1763218571,0000004000000001,4731502826795,4229,817
1763218583,0000000100000001,4731627525827,1907,818
1763218587,0000008000000080,4731663072764,4977,819
1763218589,0000000100000001,4731684453415,3680,820
1763218594,0000000100000001,4731733332265,747,821
1763218599,0000000100000004,4731782839895,2941,822
1763218604,0000004000000008,4731834052705,5078,823
1763218608,0000000400000001,4731878345008,2390,824
1763218615,0000008000000002,4731945549980,3553,825
1763218620,0000000100000001,4731993863863,659,826
1763218621,0000000400000002,4732008565804,4969,827
1763218629,0000000800000080,4732090461566,5236,828
1763218648,0000008000000004,4732275570518,4495,829
1763218656,0000000400000008,4732351659626,5107,830
1763218673,0000004000000002,4732523051666,5182,831
1763218689,0000000100000005,4732690093823,335,832
1763218691,0000000400000080,4732704953639,4635,833
1763218705,0000000100000001,4732844423551,1417,834
1763218705,0000008000000002,4732846430979,1303,835
1763218724,0000008000000080,4733036638292,265,836
1763218725,0000000100000004,4733046558669,4861,837
1763218725,0000008000000080,4733046649175,4856,838
1763218728,0000000800000080,4733076072443,3058,839
1763218737,0000008400000004,4733167024354,2777,840
1763218749,0000004000000008,4733281288627,1114,841
1763218759,0000008000000080,4733390314710,4957,842
1763218760,0000000800000004,4733393391654,4774,843
1763218772,0000000400000002,4733514920121,2626,844
1763218773,0000000400000001,4733527816677,1866,845
1763218788,0000000100000007,4733673638722,3479,846
1763218795,0000000400000004,4733744238293,4445,847
1763218815,0000000400000002,4733943069031,2842,848
1763218825,0000004000000004,4734043740809,1993,849
1763218832,0000008000000080,4734119296698,2628,850
1763218835,0000000100000002,4734147402851,955,851
1763218838,0000004400000004,4734178258937,4306,852
1763218849,0000000800000002,4734284447744,3087,853
1763218851,0000000100000001,4734310998741,1501,854
1763218861,0000008000000002,4734405553850,1009,855
1763218863,0000004000000004,4734426493801,4954,856
1763218877,0000008000000002,4734561314848,2022,857
1763218888,0000000800000008,4734680729885,5239,858
1763218914,0000000100000001,4734931785595,530,859
1763218915,0000000800000008,4734943043103,5044,860
1763218930,0000000100000001,4735097275229,952,861
1763218938,0000008000000080,4735178882617,1233,862
1763218940,0000008000000080,4735199453138,5201,863
1763218943,0000000100000002,4735223868376,3726,864
1763218959,0000008000000002,4735389274091,4173,865
1763218961,0000000800000004,4735410520263,2866,866
1763218968,0000008000000004,4735475164758,4201,867
1763218973,0000000100000004,4735527898773,1018,868
1763218980,0000008000000080,4735597645334,2010,869
1763218996,0000000800000004,4735751821221,3116,870
1763219010,0000000800000080,4735895510971,4885,871
1763219019,0000000800000004,4735989891599,4404,872
1763219026,0000004000000080,4736054463054,519,873
1763219035,0000008000000080,4736148458676,5248,874
1763219044,0000008000000080,4736239171452,4987,875
1763219050,0000004000000080,4736292087102,1791,876
1763219068,0000004000000004,4736472412466,1333,877
1763219069,0000000300000001,4736484941021,592,878
1763219092,0000004000000080,4736715120993,2306,879
1763219135,0000004000000008,4737146699258,2314,880
1763219156,0000000800000001,4737354727794,215,881
1763219166,0000004000000080,4737451803864,4761,882
1763219167,0000008000000008,4737462521758,4113,883
1763219196,0000000800000001,4737752107493,2256,884
1763219214,0000008000000080,4737934412876,1686,885
1763219226,0000008000000080,4738053028233,4952,886
1763219229,0000000100000001,4738087882382,2828,887
1763219248,0000000200000004,4738273594259,2053,888
1763219250,0000000100000001,4738299916584,490,889
1763219251,0000000100000002,4738304076847,243,890
1763219255,0000008000000080,4738344383073,2980,891
1763219255,0000000400000080,4738348487748,2731,892
1763219269,0000008000000080,4738487334186,4797,893
1763219283,0000000800000002,4738622013482,1873,894
1763219299,0000008000000001,4738786544085,2355,895
1763219302,0000008000000080,4738816084813,603,896
1763219303,0000000800000008,4738821208129,298,897
1763219319,0000000800000080,4738984310117,862,898
1763219354,0000008000000080,4739339556214,281,899
1763219355,000000010000000c,4739348944756,4907,900
1763219363,0000008000000080,4739423039590,450,901
1763219366,0000000100000001,4739460160867,3393,902
1763219373,0000000200000001,4739527155848,4578,903
1763219389,0000000100000002,4739689410790,5199,904
1763219390,0000000100000008,4739700325925,4549,905
1763219415,0000000800000002,4739948579312,5190,906
1763219418,000000c000000080,4739979079609,3341,907
1763219421,0000000800000002,4740004750603,1801,908
1763219433,0000000400000004,4740125260884,4955,909
1763219435,0000000400000080,4740141870234,3952,910
1763219450,0000000800000080,4740296070102,5066,911
1763219461,0000008000000080,4740401624783,3907,912
1763219463,0000008000000002,4740429622988,2207,913
1763219471,0000008000000008,4740510821076,2509,914
1763219479,0000000800000004,4740586995065,3125,915
1763219481,0000000100000001,4740602439593,2199,916
1763219506,0000000100000001,4740858075386,2400,917
1763219507,0000004000000002,4740862386957,2146,918
1763219509,0000004000000080,4740887878493,631,919
1763219511,0000000800000004,4740905374470,4775,920
1763219514,0000004000000080,4740933868338,3032,921
1763219522,0000000400000080,4741011560937,3565,922
1763219524,0000000800000001,4741037057830,2029,923
1763219529,0000008000000004,4741090754176,4007,924
1763219533,0000000400000004,4741122923985,2057,925
1763219539,0000000400000080,4741183726266,3598,926
1763219539,0000004000000001,4741185082041,3515,927
1763219544,0000004000000080,4741237486832,379,928
1763219545,0000008000000080,4741249765664,4834,929
1763219550,0000000500000002,4741300445314,1771,930
1763219561,0000000100000001,4741410343450,369,931
1763219564,0000000200000010,4741433207617,4186,932
1763219569,0000000800000002,4741490591086,730,933
1763219571,0000000100000001,4741508237345,4867,934
1763219581,0000008000000080,4741603432503,4336,935
1763219585,0000008000000008,4741643954756,1882,936
1763219588,0000000100000008,4741672336585,192,937
1763219589,0000000500000001,4741682608357,4768,938
1763219596,0000000800000080,4741757892946,241,939
1763219613,0000000400000004,4741924281181,616,940
1763219618,0000008000000001,4741971220404,2960,941
1763219624,0000000100000001,4742039256633,4086,942
1763219640,0000000100000001,4742199614846,4832,943
1763219649,0000000400000001,4742285725676,4845,944
1763219653,0000004000000004,4742328930616,2224,945
1763219654,0000008000000080,4742336383603,1782,946
1763219657,0000000800000008,4742366761930,5161,947
1763219662,0000000800000001,4742418308852,2044,948
1763219678,0000000100000002,4742580118164,2688,949
1763219705,0000008000000002,4742849989203,2047,950
1763219707,0000000400000080,4742870161086,843,951
1763219709,0000008000000080,4742882727945,5285,952
1763219728,0000000100000080,4743072021863,4292,953
1763219765,0000004000000004,4743442456657,2755,954
1763219779,0000000100000003,4743585208107,4587,955
1763219798,0000008000000080,4743771538035,3755,956
1763219802,0000008000000008,4743812362783,1295,957
1763219809,0000000100000001,4743890458844,1790,958
1763219821,0000008000000080,4744007695648,5136,959
1763219835,0000000200000001,4744148103051,1873,960
1763219839,0000000100000080,4744183863895,4930,961
1763219843,0000000800000008,4744224681934,2448,962
1763219849,0000000200000001,4744283870714,4107,963
1763219852,0000000400000001,4744314195913,2262,964
1763219861,0000004000000001,4744404537412,2027,965
1763219862,0000000100000001,4744415499194,1371,966
1763219871,0000000400000004,4744503037270,1300,967
1763219881,0000008000000080,4744601995158,555,968
1763219881,0000004000000080,4744610479431,5234,969
1763219883,0000000400000080,4744629020368,4122,970
1763219899,0000008000000080,4744788149373,4938,971
1763219904,0000000400000008,4744831675181,2298,972
1763219965,0000008000000008,4745448500975,1560,973
1763219967,0000000400000001,4745468077031,397,974
1763219969,0000008000000001,4745489741634,4286,975
1763219979,0000008000000008,4745581697844,3943,976
1763219993,0000008000000080,4745728935178,289,977
1763220003,0000000800000001,4745827278064,4758,978
1763220010,0000000100000003,4745892515164,826,979
1763220017,0000000800000002,4745962677346,1793,980
1763220039,0000008000000004,4746190744126,3658,981
1763220049,0000008000000080,4746285886944,3116,982
1763220050,0000000100000002,4746297199134,2435,983
1763220063,0000000100000001,4746422211402,5322,984
1763220106,0000000400000008,4746851382072,291,985
1763220114,0000000100000001,4746940191858,5330,986
1763220140,0000000800000008,4747198319790,198,987
1763220141,0000008000000080,4747205660465,4946,988
1763220143,0000000800000001,4747222867644,3908,989
1763220145,0000004000000008,4747249860653,2267,990
1763220153,0000000400000080,4747322219882,3105,991
1763220168,0000000400000002,4747474140664,4383,992
1763220176,0000000100000003,4747550943101,4953,993
1763220181,0000000100000001,4747605544859,1656,994
1763220195,0000000800000080,4747748693824,3428,995
1763220206,0000008000000080,4747851044610,2456,996
1763220207,0000000100000002,4747863716421,1707,997
1763220213,0000000100000001,4747922449966,3362,998
1763220214,0000008000000080,4747934655195,2618,999
1763220215,0000000100000080,4747943317656,2108,1000
1763220228,0000000400000002,4748074224296,4641,1001
1763220230,0000008000000001,4748100140725,3055,1002
1763220231,0000000800000004,4748107488106,2609,1003
1763220237,0000000100000002,4748164268967,4420,1004
1763220240,0000000400000001,4748200825290,2197,1005
1763220254,0000008000000080,4748333727717,4615,1006
1763220262,0000000100000002,4748411521058,5124,1007
1763220268,0000000800000002,4748479841104,1005,1008
1763220282,0000000800000002,4748618340170,3047,1009
1763220283,0000000400000002,4748624428805,2678,1010
1763220299,0000008000000001,4748784346588,3458,1011
1763220303,0000000100000080,4748830406677,701,1012
1763220316,0000000100000001,4748954796239,3597,1013
1763220320,0000000800000008,4748999987559,883,1014
1763220332,0000004000000004,4749117442832,4214,1015
1763220342,0000000800000004,4749212897806,3654,1016
1763220342,0000008000000080,4749213724729,3603,1017
1763220344,0000008000000002,4749240690719,1978,1018
1763220363,0000000100000080,4749421521943,1491,1019
1763220365,0000000100000001,4749444052892,162,1020
1763220374,0000000800000008,4749538713035,4844,1021
1763220397,0000008000000004,4749762333877,1766,1022
1763220397,0000008000000002,4749770283208,1287,1023
1763220407,0000000100000002,4749869798783,510,1024
1763220408,0000008000000080,4749875873173,5334,1025
1763220409,0000004000000008,4749888328177,4590,1026
1763220444,0000004000000006,4750240128231,4202,1027
1763220455,0000000800000080,4750344498494,3093,1028
1763220459,0000000c00000080,4750381371686,890,1029
1763220464,0000000800000008,4750434093683,2893,1030
1763220500,0000000800000002,4750800323323,1656,1031
1763220517,0000000100000001,4750967994111,1953,1032
1763220531,0000000400000002,4751104192337,4164,1033
1763220533,0000000800000008,4751129201787,2631,1034
1763220535,0000000100000001,4751143336781,1796,1035
1763220548,0000000800000001,4751271480101,4492,1036
1763220553,0000008000000080,4751329776293,971,1037
1763220564,0000000100000001,4751431964812,5221,1038
1763220568,0000008000000002,4751480589296,2275,1039
1763220579,0000008000000001,4751583697603,1276,1040
1763220585,0000008000000080,4751643432873,2864,1041
1763220585,0000000400000008,4751648895457,2536,1042
1763220598,0000000400000080,4751773641902,255,1043
1763220606,0000008000000080,4751855804607,505,1044
1763220607,0000000400000004,4751862343092,5301,1045
1763220610,0000000100000008,4751897396405,3172,1046
1763220614,0000004000000004,4751937257512,791,1047
1763220637,0000000800000008,4752168934204,2418,1048
1763220654,0000004000000004,4752336878687,2700,1049
1763220654,0000008000000080,4752338905045,2579,1050
1763220658,0000000100000008,4752373410374,533,1051
1763220675,0000000400000004,4752549025051,358,1052
1763220694,0000000800000008,4752736003723,4693,1053
1763220701,0000000100000008,4752802938903,663,1054
1763220713,0000000400000002,4752928543783,3480,1055
1763220722,0000004000000001,4753018230652,3274,1056
1763220735,0000000800000002,4753148202845,669,1057
1763220747,0000008000000004,4753263545650,4119,1058
1763220779,0000000400000001,4753590004729,5256,1059
1763220785,0000004000000001,4753646399110,1852,1060
1763220793,0000004000000080,4753730411670,1991,1061
1763220804,0000000100000001,4753834187031,948,1062
1763220815,0000004000000008,4753950111178,4374,1063
1763220820,0000000800000004,4753997283592,1523,1064
1763220830,0000000400000080,4754099868897,559,1065
1763220850,0000008000000008,4754294130502,4457,1066
1763220858,0000008000000004,4754379326476,4527,1067
1763220862,0000000800000008,4754416491319,2266,1068
1763220865,0000000100000001,4754447821624,405,1069
1763220882,0000000400000002,4754619409854,471,1070
1763220883,0000000300000001,4754628258405,5129,1071
1763220888,0000004000000080,4754672438722,2447,1072
1763220893,0000001000000008,4754723910664,4574,1073
1763220911,0000008000000088,4754902420324,4223,1074
1763220923,0000008000000004,4755021753993,2216,1075
1763220941,0000000200000001,4755206390597,1505,1076
1763220941,0000000400000001,4755207132885,1462,1077
1763220945,0000000c00000002,4755244541459,4421,1078
1763220949,0000004000000080,4755284203060,2015,1079
1763220954,0000000800000001,4755336823035,4057,1080
1763220966,0000000800000004,4755458477357,1921,1081
1763220986,0000004000000080,4755658901603,272,1082
1763220989,0000000400000080,4755688039633,3699,1083
1763220993,0000004000000004,4755724667331,1494,1084
1763221013,0000000100000002,4755926000117,4976,1085
1763221053,0000008000000080,4756326259605,1662,1086
1763221069,0000008000000080,4756481501412,2695,1087
1763221077,000000c000000080,4756568498115,2657,1088
1763221111,0000000400000080,4756909432502,2926,1089
1763221112,0000000100000008,4756912757407,2724,1090
1763221119,0000000100000080,4756980708210,3854,1091
1763221125,0000000800000001,4757048392371,4982,1092
1763221125,0000000100000001,4757050185681,4875,1093
1763221126,0000004000000004,4757051573149,4793,1094
1763221144,0000000800000080,4757238355488,3938,1095
1763221148,0000000400000008,4757275387385,1702,1096
1763221151,0000008000000080,4757303974827,5187,1097
1763221169,0000000100000001,4757484834249,4701,1098
1763221181,0000000800000004,4757604358665,2674,1099
1763221198,000000800000008c,4757776128252,2729,1100
1763221200,0000000800000001,4757799282094,1352,1101
1763221207,0000000100000001,4757869650731,2303,1102
1763221212,0000000800000002,4757913897947,4859,1103
1763221250,0000000100000008,4758292235717,2848,1104
1763221259,0000008000000080,4758381384541,2678,1105
1763221261,0000004000000008,4758403134191,1386,1106
1763221272,0000008000000080,4758511300100,5278,1107
1763221288,0000000400000003,4758679463117,362,1108
1763221301,0000004000000004,4758801966303,3359,1109
1763221315,0000000400000002,4758948762441,4935,1110
1763221321,0000000800000001,4759006988358,1420,1111
1763221338,0000004000000001,4759179382547,1438,1112
1763221353,0000000400000008,4759327390528,2908,1113
1763221358,000000c000000080,4759372743927,210,1114
1763221376,0000000100000001,4759557962988,4650,1115
1763221391,0000008000000001,4759708951487,754,1116
1763221394,0000008000000008,4759731184089,4618,1117
1763221407,0000008000000080,4759865154750,1737,1118
1763221423,0000004800000080,4760027357628,2357,1119
1763221437,0000000900000001,4760166922606,4377,1120
1763221444,0000000400000008,4760236649968,183,1121
1763221454,0000000100000002,4760335844831,4604,1122
1763221459,0000008000000002,4760382964032,1753,1123
1763221479,0000000100000001,4760586566868,5098,1124
1763221483,0000000100000003,4760622351546,2919,1125
1763221522,0000000100000002,4761018241329,5101,1126
1763221530,0000000800000080,4761091100373,717,1127
1763221530,0000000100000002,4761098161194,298,1128
1763221542,0000008800000008,4761219798054,3348,1129
1763221544,0000000800000004,4761232777049,2559,1130
1763221562,0000000800000001,4761411113129,2225,1131
1763221572,0000004000000002,4761510645116,1440,1132
1763221580,0000000400000002,4761596204284,1489,1133
1763221593,0000008000000008,4761724600686,4165,1134
1763221608,0000000500000001,4761872561681,460,1135
1763221615,0000008000000004,4761947966116,1104,1136
1763221620,0000008000000080,4761999282016,3202,1137
1763221635,0000004000000080,4762144033290,4905,1138
1763221641,0000000800000001,4762202542895,1372,1139
1763221648,0000000400000001,4762276431491,2115,1140
1763221662,0000008000000001,4762416988954,4065,1141
1763221677,0000000100000002,4762563632743,443,1142
1763221690,0000000800000008,4762695201372,2886,1143
1763221703,0000008000000080,4762823900387,368,1144
1763221704,0000000400000001,4762838344472,4694,1145
1763221734,0000000100000001,4763130862502,2649,1146
1763221749,0000008000000008,4763283238343,3893,1147
1763221752,0000004000000008,4763317965568,1796,1148
1763221756,0000000800000080,4763359751963,4495,1149
1763221765,0000000800000004,4763440892425,4804,1150
1763221772,000000c000000080,4763519116340,5288,1151
1763221786,0000000400000002,4763654954392,2291,1152
1763221790,0000008000000008,4763694694638,5116,1153
1763221809,0000004000000008,4763884361376,4096,1154
1763221811,0000000100000004,4763901970035,3010,1155
1763221813,0000000800000002,4763923467008,1730,1156
1763221831,0000008000000002,4764108972353,963,1157
1763221843,0000000100000008,4764229679071,4100,1158
1763221845,0000004000000080,4764247050611,3030,1159
1763221846,0000000100000001,4764257543391,2398,1160
1763221850,0000004000000080,4764291528456,383,1161
1763221850,0000004000000080,4764298254267,5167,1162
1763221871,0000000400000080,4764501331884,3322,1163
1763221881,0000000800000002,4764605231359,2264,1164
1763221890,0000000800000004,4764695455010,2034,1165
1763221894,0000000400000001,4764738475570,4662,1166
1763221927,0000000400000008,4765067316352,460,1167
1763221932,0000008000000080,4765112244392,2923,1168
1763221982,0000008000000002,4765611220049,4097,1169
1763221999,0000000800000008,4765783119515,4146,1170
1763222001,0000000100000002,4765804547722,2828,1171
1763222009,0000000100000001,4765885732809,3145,1172
1763222028,0000000800000004,4766076353007,2071,1173
1763222037,0000000400000001,4766168440987,1731,1174
1763222048,0000000400000008,4766271100514,757,1175
1763222054,0000004000000008,4766337322555,1958,1176
1763222056,0000000100000001,4766360161400,600,1177
1763222113,0000000800000080,4766924762143,2966,1178
1763222138,0000008000000008,4767171879021,3701,1179
1763222155,0000000800000008,4767344834933,3684,1180
1763222167,0000004000000002,4767460709445,1904,1181
1763222168,0000000800000002,4767472276705,1209,1182
1763222168,0000004000000008,4767478854685,819,1183
1763222171,0000004000000001,4767501375294,4669,1184
1763222174,0000004000000080,4767534594171,2639,1185
1763222174,0000000400000001,4767535353005,2595,1186
1763222185,0000008000000001,4767646454223,1120,1187
1763222202,0000008000000080,4767815896414,1315,1188
1763222210,0000000400000002,4767895829625,1702,1189
1763222219,0000008000000080,4767982358646,1690,1190
1763222231,0000000800000001,4768107382944,4575,1191
1763222264,0000000100000001,4768435759777,401,1192
1763222273,0000000800000080,4768527456877,5269,1193
1763222275,0000004000000001,4768544579219,4244,1194
1763222300,0000000400000001,4768792243599,4927,1195
1763222315,0000000100000008,4768945864750,869,1196
1763222323,0000000100000002,4769026548385,1205,1197
1763222325,0000000100000008,4769046072309,5236,1198
1763222333,0000000100000004,4769123098583,605,1199
1763222334,0000008000000080,4769139880573,4791,1200
1763222358,0000004000000002,4769379057001,783,1201
1763222361,0000000100000008,4769408211925,4232,1202
1763222362,0000000800000080,4769413713316,3893,1203
1763222369,0000000800000003,4769489562361,4534,1204
1763222373,0000004000000001,4769521680275,2570,1205
1763222389,0000008000000001,4769681304849,3367,1206
1763222391,0000004000000002,4769704122368,1996,1207
1763222393,0000000100000008,4769727111232,629,1208
1763222400,0000008000000008,4769798845702,1495,1209
1763222413,0000004000000004,4769929118297,4058,1210
1763222425,0000000100000008,4770050165167,1957,1211
1763222446,0000000100000002,4770259921480,4936,1212
1763222460,0000008000000080,4770400284784,1675,1213
1763222506,0000000100000001,4770857237040,174,1214
1763222512,0000000800000001,4770920283556,1558,1215
1763222527,0000000800000008,4771065818576,3182,1216
1763222543,0000000800000008,4771220855403,4269,1217
1763222546,0000000200000001,4771259065357,1952,1218
1763222547,0000000400000008,4771262324141,1760,1219
1763222560,0000000800000001,4771399174664,3923,1220
1763222573,0000000100000001,4771523804454,1613,1221
1763222578,0000008000000080,4771576248458,3653,1222
1763222584,0000008000000080,4771638106931,5134,1223
1763222608,0000004400000008,4771872240774,1428,1224
1763222624,0000008000000001,4772037440574,1878,1225
1763222630,0000000800000001,4772098508118,3395,1226
1763222636,0000000100000008,4772153628066,5287,1227
1763222651,0000004000000008,4772301430645,1580,1228
1763222653,0000000100000001,4772324989011,179,1229
1763222656,0000008100000080,4772353032619,3673,1230
1763222663,0000004000000080,4772425840711,4502,1231
1763222673,0000000400000004,4772524713164,3735,1232
1763222680,0000000f00000081,4772598208858,4520,1233
1763222685,0000000100000008,4772641736642,1884,1234
1763222696,0000000400000008,4772753969889,344,1235
1763222698,0000000100000008,4772772642679,4415,1236
1763222707,0000000100000080,4772869197863,3789,1237
1763222723,0000008000000008,4773025332206,4796,1238
1763222755,0000000800000080,4773346607913,1038,1239
1763222767,0000000800000002,4773460459362,4592,1240
1763222777,0000004000000080,4773564310132,3521,1241
1763222778,0000000100000008,4773573449960,2960,1242
1763222785,0000008000000001,4773649896533,3569,1243
1763222791,0000004000000080,4773706818068,162,1244
1763222797,0000000100000004,4773764987367,1838,1245
1763222814,0000008000000080,4773930407522,2267,1246
1763222835,0000000400000008,4774140495009,5232,1247
1763222840,0000000100000008,4774195113022,1934,1248
1763222872,0000004000000002,4774511257428,3698,1249
1763222872,0000000400000080,4774517591483,3307,1250
1763222873,0000000100000007,4774523426892,2948,1251
1763222886,0000004000000080,4774654729103,274,1252
1763222894,0000008000000002,4774736905758,522,1253
1763222896,0000008000000080,4774756837484,4520,1254
1763222916,0000008000000080,4774955310377,2937,1255
1763222918,0000000800000008,4774977253798,1633,1256
1763222926,0000000800000004,4775058859278,1917,1257
1763222928,0000008000000008,4775073850402,1018,1258
1763222945,0000004000000080,4775250166596,804,1259
1763222977,0000000100000001,4775565354330,2598,1260
1763222991,0000004000000008,4775707024857,4498,1261
1763223021,0000000100000001,4776008051900,1952,1262
1763223030,0000000100000003,4776091880977,2100,1263
1763223033,0000000400000008,4776122834141,260,1264
1763223049,0000000100000008,4776282338786,1038,1265
1763223056,0000000400000002,4776350437940,2128,1266
1763223064,0000000800000002,4776435524327,2203,1267
1763223098,0000000100000003,4776771485325,2760,1268
1763223105,0000000100000001,4776841545535,3762,1269
1763223111,0000000400000004,4776907034344,5023,1270
1763223125,0000000500000001,4777048255152,1710,1271
1763223140,0000008000000001,4777199775065,2969,1272
1763223143,0000000400000080,4777221901623,1652,1273
1763223152,0000000100000001,4777313235027,1352,1274
1763223162,0000004000000001,4777416489487,350,1275
1763223163,0000000100000001,4777423398504,5125,1276
1763223167,0000004000000080,4777463647892,2677,1277
1763223167,0000000100000002,4777467176329,2468,1278
1763223185,0000000400000080,4777645725039,2123,1279
1763223206,0000004000000008,4777852431547,5286,1280
1763223216,0000004000000008,4777953156104,4427,1281
1763223240,0000000100000001,4778190871652,514,1282
1763223255,0000000800000080,4778347142844,1486,1283
1763223259,0000000800000008,4778383226615,4527,1284
1763223270,0000004000000080,4778493703818,3045,1285
1763223272,000000c000000080,4778511008631,2014,1286
1763223281,0000000200000002,4778600842216,1807,1287
1763223296,0000000100000008,4778750856840,3162,1288
1763223305,0000000100000001,4778845678263,2645,1289
1763223320,0000004000000008,4778992736109,4217,1290
1763223322,0000000100000001,4779017656595,2687,1291
1763223324,0000000400000080,4779031847718,1850,1292
1763223337,0000008000000002,4779169834572,3947,1293
1763223359,0000000100000002,4779383884270,1450,1294
1763223365,0000000100000080,4779446679865,2851,1295
1763223390,0000000400000008,4779699593911,3226,1296
1763223397,0000008000000008,4779764840758,4520,1297
1763223426,0000008000000080,4780055624599,2578,1298
1763223428,0000000100000080,4780078881309,1195,1299
1763223444,0000000c00000002,4780239675468,1909,1300
1763223446,0000000100000004,4780258086535,809,1301
1763223460,0000000100000001,4780391452564,3158,1302
1763223464,0000000100000004,4780436696115,460,1303
1763223467,0000000400000002,4780467142934,3815,1304
1763223472,0000004000000002,4780513091769,1047,1305
1763223490,000000c500000008,4780695493307,476,1306
1763223506,0000000800000080,4780851678057,1455,1307
1763223513,0000000800000008,4780921876657,2413,1308
1763223514,0000004000000001,4780939528274,1363,1309
1763223516,0000000200000001,4780959859983,162,1310
1763223532,0000004000000001,4781113674965,1276,1311
1763223536,0000000400000001,4781152022603,4176,1312
1763223540,0000008000000004,4781196633514,1480,1313
1763223555,0000000100000001,4781349170724,2675,1314
1763223558,0000000100000001,4781371425411,1353,1315
1763223558,0000000400000001,4781371657350,1338,1316
1763223577,0000000100000001,4781569995267,5003,1317
1763223596,0000000100000001,4781758062435,4079,1318
1763223597,0000000100000002,4781761520269,3864,1319
1763223611,0000008000000080,4781900950583,676,1320
1763223632,0000000100000001,4782110216477,3660,1321
1763223642,0000000100000001,4782212203761,2702,1322
1763223646,0000000800000008,4782252287266,322,1323
1763223654,0000000400000080,4782334439064,572,1324
1763223673,0000008000000008,4782526224164,4620,1325
1763223673,0000000100000002,4782528554281,4480,1326
1763223676,0000000100000003,4782554112102,2911,1327
1763223685,0000000400000004,4782642092218,2812,1328
1763223699,0000000100000001,4782781102080,4868,1329
1763223720,0000000100000003,4782999119619,2121,1330
1763223755,0000000800000004,4783340203564,2372,1331
1763223760,0000008000000080,4783390565047,4566,1332
1763223762,0000004000000001,4783411251559,3299,1333
1763223780,0000004000000002,4783592186745,2793,1334
1763223806,0000000800000008,4783858289192,2374,1335
1763223809,0000000100000001,4783881690836,978,1336
1763223835,0000000400000080,4784148586150,517,1337
1763223847,0000000400000001,4784261820059,4092,1338
1763223850,0000000400000008,4784295635105,2042,1339
1763223851,0000000800000001,4784300335847,1763,1340
1763223855,0000008000000008,4784345345601,4264,1341
1763223859,0000000400000002,4784380787685,2113,1342
1763223859,0000008000000080,4784380804348,2112,1343
1763223868,0000000800000001,4784473424343,1739,1344
1763223892,000000c000000080,4784712817980,2906,1345
1763223894,0000004000000080,4784734501497,1618,1346
1763223896,0000000800000080,4784753338195,497,1347
1763223899,0000008000000001,4784785257592,3761,1348
1763223910,0000008000000080,4784894079488,2394,1349
1763223910,0000000100000004,4784899643218,2066,1350
1763223920,0000004000000008,4784996147238,1459,1351
1763223925,0000000800000001,4785047390169,3571,1352
1763223935,0000000800000008,4785144822951,2889,1353
1763223941,0000000400000002,4785201101284,4729,1354
1763223954,0000008000000080,4785335561178,1818,1355
1763223969,0000000100000004,4785482152003,3383,1356
1763223974,0000000100000003,4785532143374,396,1357
1763223990,0000000100000004,4785692214952,1139,1358
1763223996,0000000800000080,4785754293183,2585,1359
1763224008,0000000800000008,4785878485747,339,1360
1763224031,0000000400000001,4786104106349,2323,1361
1763224044,0000008000000004,4786239962222,4566,1362
1763224046,0000000400000080,4786258364033,3437,1363
1763224057,0000000800000004,4786361051550,2446,1364
1763224074,000000c000000080,4786530155063,2659,1365
1763224102,0000004000000008,4786810819737,1373,1366
1763224103,0000008000000080,4786823084878,648,1367
1763224105,0000000400000008,4786839997814,4827,1368
1763224108,0000000100000001,4786877062593,2568,1369
1763224130,0000004000000080,4787095487402,5037,1370
1763224139,0000000200000001,4787181581960,5053,1371
1763224149,0000000100000002,4787282201431,4196,1372
1763224160,0000000100000001,4787394177000,2625,1373
1763224161,0000000800000001,4787408112087,1801,1374
1763224162,0000000400000001,4787414129184,1441,1375
1763224166,0000008000000001,4787454537182,4218,1376
1763224190,0000000100000002,4787697923314,5155,1377
1763224191,0000000800000002,4787701104450,4966,1378
1763224206,0000004000000004,4787854087379,948,1379
1763224212,0000008000000001,4787910815394,2709,1380
1763224223,0000008000000080,4788020596111,1316,1381
1763224236,0000000800000008,4788157293048,3480,1382
1763224259,0000000100000004,4788382436922,343,1383
1763224290,0000008000000008,4788690982866,2527,1384
1763224292,0000008000000008,4788713278845,1200,1385
1763224304,0000000800000080,4788830046735,4581,1386
1763224304,0000000100000004,4788838125044,4091,1387
1763224317,0000008000000004,4788965137271,1633,1388
1763224327,000000c000000080,4789068451436,626,1389
1763224328,0000008000000080,4789078365781,5220,1390
1763224329,0000008000000080,4789080878549,5069,1391
1763224333,0000000800000080,4789124445890,2424,1392
1763224341,0000000800000004,4789206980168,2651,1393
1763224348,0000000100000001,4789271677758,3978,1394
1763224351,0000000100000004,4789308694934,1742,1395
1763224351,0000000100000008,4789309230609,1710,1396
1763224375,0000000800000008,4789545551873,3064,1397
1763224377,0000000800000004,4789567214574,1774,1398
1763224380,0000008000000080,4789597444390,5159,1399
1763224414,0000000800000080,4789933511090,530,1400
1763224418,0000000100000002,4789979441763,2932,1401
1763224419,0000000400000080,4789985106711,2590,1402
1763224425,0000008000000008,4790045360733,4187,1403
1763224427,0000000400000080,4790067232391,2844,1404
1763224442,0000000100000001,4790215195169,4361,1405
1763224446,0000008000000008,4790257604209,1795,1406
1763224448,0000004000000080,4790277586485,606,1407
1763224470,0000008000000080,4790491695794,3288,1408
1763224478,0000000100000008,4790575372694,3454,1409
1763224480,0000000400000001,4790593550808,2352,1410
1763224487,0000000400000080,4790660077850,3554,1411
1763224492,0000000300000001,4790712143998,438,1412
1763224522,0000000400000080,4791015296893,2949,1413
1763224524,0000008000000008,4791033796036,1849,1414
1763224528,0000004000000001,4791078625844,4363,1415
1763224542,0000008000000001,4791217469509,1189,1416
1763224551,0000000800000001,4791306489863,1030,1417
1763224557,0000000100000004,4791366121419,2620,1418
1763224589,0000008000000008,4791684366755,4284,1419
1763224595,0000000100000080,4791745625724,597,1420
1763224615,0000004000000004,4791945425968,4160,1421
1763224632,0000008000000001,4792114430740,4383,1422
1763224638,0000008000000080,4792178390123,534,1423
1763224653,0000000100000003,4792320953071,2322,1424
1763224657,0000008000000080,4792365196502,4879,1425
1763224661,0000008000000080,4792405403558,2433,1426
1763224663,0000000100000080,4792420178730,1558,1427
1763224664,0000000100000001,4792434653658,699,1428
1763224690,0000004000000080,4792693657596,700,1429
1763224691,0000008000000080,4792706621707,5114,1430
1763224708,0000000100000004,4792879802550,5086,1431
1763224714,0000000100000004,4792930099808,2045,1432
1763224714,0000008000000080,4792935388435,1731,1433
1763224731,0000000800000008,4793103513410,2000,1434
1763224741,0000000100000080,4793204185814,1143,1435
1763224751,0000004000000008,4793306236837,215,1436
1763224766,0000000800000001,4793454462494,1670,1437
1763224782,0000008000000080,4793616714947,2287,1438
1763224787,0000000100000001,4793666114056,4537,1439
1763224790,0000000300000001,4793696188517,2694,1440
1763224791,0000004000000008,4793708106556,1990,1441
1763224817,0000008000000081,4793964448494,2150,1442
1763224828,0000008000000080,4794071323237,924,1443
1763224835,0000008000000008,4794143102912,1796,1444
1763224861,0000000100000001,4794401299582,1846,1445
1763224865,0000000400000008,4794444157169,4480,1446
1763224884,0000000800000080,4794634405050,3402,1447
1763224900,0000008000000080,4794790820618,4401,1448
1763224904,0000008000000001,4794835796008,1680,1449
1763224920,0000000800000002,4794997816891,2313,1450
1763224933,0000008000000080,4795126472494,4984,1451
1763224952,0000000100000001,4795313607172,4115,1452
1763224957,0000004000000002,4795369439731,752,1453
1763224968,0000008000000008,4795476912055,4683,1454
1763224970,0000008000000001,4795490400154,3863,1455
1763224976,0000000100000008,4795557287553,5038,1456
1763224983,0000000400000008,4795625762444,910,1457
1763224986,0000000800000008,4795652614727,4503,1458
1763224999,0000008000000001,4795783295513,1818,1459
1763225004,0000008000000008,4795834475034,3942,1460
1763225032,0000000100000004,4796116973094,2507,1461
1763225045,0000000100000001,4796242152700,203,1462
1763225053,0000004000000002,4796326387698,329,1463
1763225062,0000008000000080,4796414554863,221,1464
1763225080,0000000400000002,4796590247073,5229,1465
1763225086,0000000100000080,4796657737171,1157,1466
1763225089,0000008000000080,4796682138195,4899,1467
1763225090,0000000100000080,4796695296063,4103,1468
1763225093,0000000300000001,4796723590593,2378,1469
1763225098,0000000400000001,4796770614870,4771,1470
1763225103,0000000300000001,4796821910254,1670,1471
1763225111,0000000800000008,4796900101257,2153,1472
1763225133,0000008000000080,4797128198744,4031,1473
1763225138,0000000400000080,4797177499873,1056,1474
1763225145,0000008000000008,4797248775460,1959,1475
1763225177,0000000100000001,4797563640824,3803,1476
1763225183,0000000400000002,4797629093583,5066,1477
1763225191,0000000100000001,4797703058775,619,1478
1763225207,0000008000000002,4797863292907,1355,1479
1763225212,0000000800000001,4797912900858,3563,1480
1763225233,0000004000000004,4798126336563,1114,1481
1763225243,0000008000000008,4798227915118,214,1482
1763225260,0000008000000080,4798393457974,640,1483
1763225299,0000000100000001,4798785187986,3018,1484
1763225309,0000000100000001,4798880096481,2503,1485
1763225322,0000000400000002,4799016023135,4744,1486
1763225328,0000000800000002,4799076440344,1094,1487
1763225335,0000000400000008,4799144884575,2163,1488
1763225335,0000000100000001,4799145557562,2124,1489
1763225358,0000004000000002,4799374539748,3946,1490
1763225369,0000008000000080,4799485930674,2418,1491
1763225388,0000008000000001,4799676145177,1377,1492
1763225391,0000000800000004,4799701177822,5076,1493
1763225399,0000008000000001,4799789396751,4966,1494
1763225419,0000000100000001,4799980952634,3823,1495
1763225435,0000008000000080,4800139722150,4671,1496
1763225435,0000000400000002,4800141649973,4556,1497
1763225442,0000000800000004,4800211990439,324,1498
1763225448,0000008000000008,4800274002120,1772,1499
1763225451,0000008000000008,4800306505270,5023,1500
1763225485,0000008000000002,4800639806918,557,1501
1763225486,0000000100000004,4800650449995,5108,1502
1763225509,0000004000000004,4800880435547,1651,1503
1763225509,0000004000000004,4800886154180,1306,1504
1763225512,0000000800000080,4800912036008,4956,1505
1763225516,0000008000000080,4800952355617,2504,1506
1763225533,0000000100000001,4801124805164,2517,1507
1763225539,0000004000000080,4801183701427,4197,1508
1763225555,0000008000000080,4801348710260,4661,1509
1763225558,0000000100000004,4801377408713,2904,1510
1763225561,0000004000000008,4801409445572,995,1511
1763225562,0000004000000004,4801410780814,915,1512
1763225571,0000008000000001,4801502477062,603,1513
1763225581,0000004000000001,4801605129311,4819,1514
1763225599,0000000400000001,4801785502086,4357,1515
1763225604,0000000100000001,4801831001374,1604,1516
1763225606,0000000800000004,4801853741168,253,1517
1763225615,0000000100000001,4801943867080,5214,1518
1763225619,0000008000000080,4801981741187,2909,1519
1763225623,0000008000000002,4802027720604,175,1520
1763225625,0000000400000001,4802042267399,4493,1521
1763225625,000000c000000080,4802042800365,4460,1522
1763225637,0000004000000008,4802162511105,2426,1523
1763225640,0000000200000001,4802197372396,358,1524
1763225649,0000008000000080,4802285737678,235,1525
1763225653,0000000400000004,4802324817903,3050,1526
1763225656,0000000800000080,4802357446168,1100,1527
1763225691,0000000500000003,4802707649711,815,1528
1763225698,0000004000000001,4802769634893,2266,1529
1763225703,0000004800000008,4802822538696,4302,1530
1763225709,000000c000000080,4802888233269,350,1531
1763225713,0000000100000001,4802928980681,3065,1532
1763225721,0000000800000004,4802999582383,4036,1533
1763225727,0000004000000080,4803065869287,5241,1534
1763225748,0000000100000002,4803269975188,3335,1535
1763225750,0000008000000080,4803290164360,2121,1536
1763225778,000000800000000c,4803578044670,407,1537
1763225780,0000000400000001,4803590522995,4849,1538
1763225780,0000004000000004,4803599390283,4317,1539
1763225782,0000000800000004,4803619096500,3106,1540
1763225789,0000004000000008,4803687398747,4216,1541
1763225811,0000008000000002,4803899713059,1818,1542
1763225812,0000000100000001,4803913789629,973,1543
1763225839,0000008000000007,4804186933815,5327,1544
1763225857,0000000800000008,4804363104182,5117,1545
1763225866,0000000800000001,4804450561884,5052,1546
1763225884,0000004000000002,4804637880338,4173,1547
1763225892,0000004000000001,4804711932514,4914,1548
1763225907,0000000100000008,4804860499221,1157,1549
1763225910,0000008000000008,4804897296880,4150,1550
1763225920,0000008000000080,4804993005435,3573,1551
1763225935,0000000100000004,4805139594170,5156,1552
1763225950,0000004000000001,4805297179299,863,1553
1763225968,0000000100000002,4805473751789,638,1554
1763225978,0000000800000004,4805572514901,5084,1555
1763225987,0000008000000008,4805665273178,4704,1556
1763226007,0000000100000004,4805869473486,2775,1557
1763226016,0000008000000080,4805959430970,2558,1558
1763226038,0000000800000080,4806171526642,221,1559
1763226058,0000000400000008,4806377728554,3376,1560
1763226089,0000000100000008,4806683270712,597,1561
1763226104,0000008000000001,4806838470679,1637,1562
1763226133,0000000100000003,4807124508457,5215,1563
1763226135,0000008000000080,4807140254497,4275,1564
1763226142,0000004000000004,4807218823996,4743,1565
1763226147,0000008000000004,4807266282766,1871,1566
1763226155,0000000400000001,4807346459246,2234,1567
1763226218,0000000200000004,4807977514075,652,1568
1763226225,0000008000000080,4808039887673,2076,1569
1763226238,0000008000000080,4808176865070,4244,1570
1763226240,0000004800000008,4808198202884,2934,1571
1763226250,0000000400000001,4808289757824,2617,1572
1763226258,0000000400000008,4808371145531,2917,1573
1763226285,0000000800000008,4808645255447,2022,1574
1763226290,0000004000000008,4808697292539,4099,1575
1763226293,0000000100000003,4808721713418,2603,1576
1763226316,0000000400000004,4808956420445,4095,1577
1763226318,0000004000000080,4808978381735,2745,1578
1763226320,0000004000000008,4808997673311,1601,1579
1763226333,0000000400000004,4809128140155,4156,1580
1763226351,0000008000000080,4809299450705,4238,1581
1763226357,0000008000000080,4809367551447,5330,1582
1763226362,0000008000000080,4809413543688,2540,1583
1763226363,0000000100000008,4809423211854,1971,1584
1763226366,0000000800000004,4809452428604,232,1585
1763226399,0000008000000082,4809781875165,1173,1586
1763226417,0000008000000080,4809967512177,410,1587
1763226452,0000000100000004,4810311546218,491,1588
1763226465,0000000200000002,4810447085830,2694,1589
1763226486,0000000100000001,4810654062192,660,1590
1763226489,0000004000000006,4810684933350,3993,1591
1763226503,0000000400000080,4810828796167,540,1592
1763226510,0000000400000001,4810892053769,1912,1593
1763226530,0000000100000008,4811097004129,5177,1594
1763226535,0000000800000002,4811141126000,2498,1595
1763226562,0000000400000080,4811416870250,1509,1596
1763226565,000000c000000080,4811446974682,4905,1597
1763226587,0000000400000002,4811668708359,1938,1598
1763226589,0000004000000008,4811686655898,866,1599
1763226595,0000000100000080,4811741484811,2741,1600
1763226601,0000004000000080,4811807441325,3995,1601
1763226605,0000008000000001,4811840221120,2009,1602
1763226623,0000004000000004,4812024840645,1294,1603
1763226637,0000008000000008,4812167895745,3064,1604
1763226662,0000000800000080,4812419256839,3538,1605
1763226677,0000008000000080,4812565505163,5141,1606
1763226679,0000000100000004,4812583405296,4064,1607
1763226684,0000000100000080,4812634083038,1005,1608
1763226686,0000004000000008,4812651308172,5172,1609
1763226687,0000000100000004,4812659579867,4681,1610
1763226694,0000000100000008,4812734495295,174,1611
1763226699,0000008000000001,4812783738238,2376,1612
1763226712,0000000400000002,4812918281829,4701,1613
1763226716,0000004000000080,4812952946277,2584,1614
1763226726,0000000100000001,4813053967816,1717,1615
1763226732,0000008000000002,4813119292245,2967,1616
1763226742,0000000900000002,4813212241254,2569,1617
1763226743,0000008000000002,4813223103971,1928,1618
1763226760,0000000400000001,4813391927680,2157,1619
1763226768,0000000800000008,4813472551482,2493,1620
1763226770,0000008000000008,4813496724901,1053,1621
1763226773,0000000800000002,4813519630806,4883,1622
1763226786,0000000100000001,4813652186832,2084,1623
1763226793,0000008000000008,4813722323292,3052,1624
1763226801,0000008000000080,4813800506972,3553,1625
1763226803,0000000100000001,4813820281616,2355,1626
1763226832,0000004000000080,4814115248700,220,1627
1763226832,0000008000000004,4814118242674,5228,1628
1763226840,0000008000000080,4814195610308,578,1629
1763226840,0000008000000080,4814197377391,473,1630
1763226849,0000000100000002,4814286249031,322,1631
1763226856,0000008000000080,4814352308270,1525,1632
1763226867,0000000200000001,4814466815637,5038,1633
1763226872,0000000800000004,4814512897337,2244,1634
1763226881,0000000800000008,4814602410940,2059,1635
1763226886,0000008000000002,4814657324885,3963,1636
1763226910,0000000400000001,4814897188209,5118,1637
1763226923,0000000100000002,4815023974690,2658,1638
1763226924,0000000100000001,4815032274193,2167,1639
1763226947,0000000100000001,4815261075036,4003,1640
1763226949,0000000800000004,4815282576782,2684,1641
1763226949,0000000100000002,4815283934017,2603,1642
1763226963,0000008000000080,4815423340020,4638,1643
1763226964,0000000100000002,4815434044990,3986,1644
1763226966,0000008000000080,4815449301126,3046,1645
1763226972,0000008000000008,4815509747202,4632,1646
1763226984,0000008000000080,4815637866244,2099,1647
1763226987,0000000100000001,4815666839152,377,1648
1763226997,0000000400000002,4815760428715,5131,1649
1763226998,0000004000000001,4815773113221,4372,1650
1763226998,0000000400000004,4815775939003,4201,1651
1763227002,0000000800000001,4815810544323,2100,1652
1763227014,0000008000000080,4815935540705,4987,1653
1763227016,0000008000000080,4815950063256,4114,1654
1763227027,0000000100000004,4816064302186,2409,1655
1763227029,0000000800000001,4816080923056,1423,1656
1763227037,0000008000000002,4816161561212,1765,1657
1763227052,0000004000000002,4816309366602,3255,1658
1763227053,0000000100000004,4816328380757,2113,1659
1763227056,0000000400000002,4816358194307,343,1660
1763227064,0000000400000001,4816437983502,729,1661
1763227070,0000000800000001,4816498607568,2259,1662
1763227089,0000000800000001,4816684055399,1500,1663
1763227095,0000000200000080,4816741929201,3204,1664
1763227101,0000008000000080,4816803902597,4695,1665
1763227105,0000008000000080,4816845771641,2154,1666
1763227110,0000000100000001,4816889249687,4754,1667
1763227115,0000004000000008,4816940524980,1654,1668
1763227126,0000000800000002,4817053395107,5262,1669
1763227144,0000000100000008,4817230432251,5004,1670
1763227156,0000000800000080,4817350391255,2955,1671
1763227173,0000004000000004,4817521916847,3026,1672
1763227192,0000000800000002,4817713596715,1895,1673
1763227192,0000004000000004,4817716066287,1747,1674
1763227198,0000000400000080,4817775092493,3387,1675
1763227205,0000000100000080,4817839718882,4714,1676
1763227216,0000008000000080,4817956396992,2857,1677
1763227234,0000000400000001,4818139162361,2259,1678
1763227236,0000008000000002,4818155277734,1297,1679
1763227238,0000000100000002,4818173210046,235,1680
1763227242,0000008000000002,4818213464975,2978,1681
1763227245,0000008000000080,4818245090088,1090,1682
1763227253,0000000100000001,4818323536633,1565,1683
1763227261,0000000800000004,4818405756287,1811,1684
1763227290,0000008000000080,4818698751785,4976,1685
1763227303,0000000100000002,4818825468864,2520,1686
1763227308,0000000400000080,4818872901990,4890,1687
1763227317,0000000400000004,4818961954688,4728,1688
1763227327,0000000800000080,4819065597961,3674,1689
1763227343,0000008000000080,4819224120777,4542,1690
1763227343,0000004000000001,4819225814848,4439,1691
1763227357,0000004000000004,4819367057647,1120,1692
1763227360,0000000400000001,4819397155378,4521,1693
1763227387,0000000800000001,4819665662542,3943,1694
1763227394,0000000800000002,4819733283751,5072,1695
1763227404,0000000400000008,4819838913839,3907,1696
1763227406,0000004000000080,4819858703248,2694,1697
1763227437,0000008000000080,4820163014354,5192,1698
1763227445,0000000800000008,4820247027512,5330,1699
1763227455,0000008000000001,4820344194792,4686,1700
1763227463,0000000100000001,4820420896887,5261,1701
1763227463,0000000100000001,4820429082940,4773,1702
1763227467,0000000400000002,4820462654051,2722,1703
1763227514,0000004000000080,4820937462369,163,1704
1763227531,0000000800000008,4821105067918,467,1705
1763227533,0000008800000002,4821126394423,4378,1706
1763227551,0000004000000004,4821303749670,4094,1707
1763227553,0000000800000001,4821320929494,3036,1708
1763227555,0000000100000001,4821346351579,1519,1709
1763227558,0000000100000003,4821376614309,4906,1710
1763227578,0000008000000008,4821571223247,3574,1711
1763227584,0000000400000004,4821636408045,4862,1712
1763227592,0000008000000080,4821710874368,383,1713
1763227608,0000008000000001,4821869575365,1209,1714
1763227613,0000000100000005,4821921775731,3255,1715
1763227621,0000008000000008,4822000835602,3704,1716
1763227632,0000000400000002,4822114835465,2034,1717
1763227640,0000008000000080,4822198006020,2222,1718
1763227644,0000000100000004,4822237330316,5069,1719
1763227652,0000000100000008,4822315164945,391,1720
1763227653,0000004000000004,4822322296249,5151,1721
1763227655,0000008000000002,4822345574073,3744,1722
1763227704,0000000100000001,4822834294513,327,1723
1763227713,0000000100000001,4822925795970,5205,1724
1763227731,0000004000000008,4823105906378,4765,1725
1763227782,0000000100000004,4823613806692,183,1726
1763227787,000000c000000080,4823667124757,2148,1727
1763227791,0000008000000008,4823704553026,5108,1728
1763227794,0000004000000001,4823729737669,3580,1729
1763227804,0000004000000080,4823834528637,2457,1730
1763227812,0000000400000001,4823915583659,2774,1731
1763227825,0000008000000080,4824040878166,460,1732
1763227875,0000000400000080,4824545819182,1235,1733
1763227900,0000000100000001,4824789246000,2167,1734
1763227907,0000000400000001,4824868722482,2572,1735
1763227908,0000008000000002,4824876436167,2118,1736
1763227925,0000000400000001,4825047869325,2192,1737
1763227927,0000008000000002,4825059286242,1512,1738
1763227942,0000000100000002,4825214314323,2561,1739
1763227956,0000004000000004,4825355929454,4459,1740
1763227961,0000000400000001,4825403430650,1587,1741
1763227995,0000008000000004,4825747591497,1661,1742
1763227997,0000000400000001,4825763630708,706,1743
1763228002,0000000100000002,4825815670586,2743,1744
1763228004,0000008000000004,4825830027834,1894,1745
1763228015,0000000100000001,4825944539675,219,1746
1763228023,0000000100000001,4826025437727,543,1747
1763228031,0000000400000001,4826099513287,1267,1748
1763228035,0000000100000001,4826148866201,3489,1749
1763228057,0000004000000080,4826362617885,1023,1750
1763228064,0000000100000001,4826429568755,2183,1751
1763228064,0000000100000001,4826432743313,1995,1752
1763228087,0000000100000001,4826668012356,3424,1753
1763228095,0000004000000001,4826740703198,4264,1754
1763228103,0000008000000080,4826819482443,4720,1755
1763228111,0000008000000008,4826899923956,5071,1756
1763228116,0000008000000080,4826949921586,2047,1757
1763228123,0000008000000080,4827024167042,2762,1758
1763228131,0000000800000080,4827102653669,3243,1759
1763228131,0000000100000001,4827108989515,2855,1760
1763228144,0000000400000080,4827229295252,833,1761
1763228155,0000008000000002,4827348540192,4054,1762
1763228157,0000008000000080,4827364925491,3045,1763
1763228171,0000000800000004,4827507217120,4900,1764
1763228201,0000004000000080,4827803540087,2627,1765
1763228203,0000004000000002,4827819250191,1698,1766
1763228214,0000000100000003,4827932777563,5266,1767
1763228216,0000000800000004,4827952150363,4103,1768
1763228228,0000008000000002,4828071474636,2101,1769
1763228228,0000000800000002,4828073957787,1956,1770
1763228236,0000008000000080,4828150539932,2530,1771
1763228242,0000000100000080,4828218694549,3640,1772
1763228244,0000008000000080,4828234949658,2646,1773
1763228248,0000008000000080,4828270062862,564,1774
1763228260,0000000800000080,4828397669640,3254,1775
1763228262,0000000100000003,4828413567007,2296,1776
1763228283,0000000100000001,4828624996615,5178,1777
1763228297,0000008000000080,4828759817289,2244,1778
1763228314,0000000800000002,4828935737500,2053,1779
1763228320,0000000800000002,4828993033977,3812,1780
1763228331,0000000100000008,4829102108363,2425,1781
1763228353,0000000800000004,4829322785249,4762,1782
1763228366,0000008000000008,4829449036652,2334,1783
1763228379,0000000800000002,4829582907920,4696,1784
1763228399,0000002000000001,4829783052618,3016,1785
1763228414,0000008000000002,4829930530201,4563,1786
1763228414,0000004000000004,4829937702678,4126,1787
1763228430,0000000100000002,4830093057822,5168,1788
1763228436,0000004000000001,4830149982880,1732,1789
1763228443,0000008000000040,4830221198560,2627,1790
1763228445,0000008800000002,4830241967589,1393,1791
1763228474,000000c000000080,4830531982881,4740,1792
1763228476,0000004000000080,4830552701311,3474,1793
1763228477,0000008000000080,4830564594667,2746,1794
1763228481,0000000100000008,4830600369724,622,1795
1763228507,0000000800000080,4830860057967,584,1796
1763228521,0000000800000001,4831005159196,2222,1797
1763228523,0000008000000002,4831026596856,943,1798
1763228538,0000000100000003,4831168920092,2751,1799
1763228541,0000000100000008,4831208735672,388,1800
1763228555,0000000100000003,4831346833087,2440,1801
1763228557,0000000400000001,4831359444532,1695,1802
1763228563,0000000100000004,4831424990354,2933,1803
1763228563,0000004000000080,4831428230285,2734,1804
1763228568,0000000400000004,4831471886237,5329,1805
1763228576,0000000400000004,4831556153396,265,1806
1763228593,0000000100000001,4831721478372,702,1807
1763228599,0000008000000002,4831787272042,1927,1808
1763228603,0000000100000002,4831827417659,4724,1809
1763228604,0000000800000008,4831836762404,4159,1810
1763228618,0000004000000001,4831968937758,1389,1811
1763228620,0000008000000080,4831992881118,5153,1812
1763228647,0000004000000080,4832262755627,4507,1813
1763228654,0000000800000002,4832334646403,183,1814
1763228681,0000000600000001,4832605307464,4677,1815
1763228685,0000000100000003,4832641655288,2461,1816
1763228689,0000000100000008,4832688841289,4845,1817
1763228701,0000000800000001,4832805530346,2992,1818
1763228716,0000008000000008,4832956610232,4320,1819
1763228729,0000004000000004,4833081306722,1995,1820
1763228736,0000008000000080,4833150682390,3005,1821
1763228743,0000000100000080,4833228147002,3551,1822
1763228753,0000008000000001,4833319553897,3240,1823
1763228757,000000080000000c,4833365994619,468,1824
1763228797,0000000100000002,4833765416979,2385,1825
1763228802,0000000100000001,4833812872428,4753,1826
1763228803,0000008000000001,4833820365262,4301,1827
1763228803,0000000100000001,4833821620220,4225,1828
1763228822,0000000400000002,4834018552179,2737,1829
1763228826,0000000100000080,4834054644036,596,1830
1763228830,0000008000000004,4834090854517,3597,1831
1763228855,0000008000000080,4834345492463,3869,1832
1763228857,0000008000000080,4834367753062,2508,1833
1763228858,0000008000000080,4834377486934,1928,1834
1763228884,0000000400000002,4834637932351,1851,1835
1763228888,0000000800000008,4834670954952,5071,1836
1763228901,0000000100000004,4834801891454,2366,1837
1763228913,0000000800000008,4834928195805,5178,1838
1763228915,0000008000000002,4834939505459,4503,1839
1763228928,0000008000000001,4835071958646,1713,1840
1763228965,0000000400000080,4835447670239,5093,1841
1763228968,0000008000000080,4835478576461,3214,1842
1763228971,0000004000000008,4835500813628,1885,1843
1763228976,0000000800000080,4835556656561,3725,1844
1763228979,0000000400000004,4835586824723,1905,1845
1763228982,0000008000000080,4835609637796,549,1846
1763228990,0000000100000008,4835692337907,762,1847
1763228992,0000000800000001,4835716485566,4511,1848
1763228992,0000004000000002,4835716836006,4490,1849
1763228996,0000000800000004,4835748853122,2533,1850
1763228997,0000000100000001,4835764455651,1609,1851
1763229020,0000008000000080,4835989244731,3672,1852
1763229023,0000004000000002,4836025393297,1495,1853
1763229027,0000008000000080,4836066914298,4205,1854
1763229060,0000000100000001,4836396943562,5125,1855
1763229070,0000000800000001,4836495663853,4386,1856
1763229077,0000000400000004,4836565586122,180,1857
1763229078,0000000c00000001,4836575521082,4775,1858
1763229094,0000000800000008,4836733026540,495,1859
1763229104,0000000100000001,4836829845051,5055,1860
1763229105,0000004000000001,4836844267710,4189,1861
1763229108,0000000800000004,4836877831242,2151,1862
1763229110,0000008000000004,4836890843878,1373,1863
1763229112,0000004000000080,4836913114135,5239,1864
1763229114,0000008000000080,4836937658409,3758,1865
1763229125,0000000800000080,4837044800423,2486,1866
1763229126,0000000800000002,4837057670864,1727,1867
1763229127,0000000100000080,4837067634197,1128,1868
1763229163,0000000400000001,4837427932678,248,1869
1763229164,0000000800000080,4837431827500,5200,1870
1763229181,0000000100000001,4837606097158,5106,1871
1763229197,0000000100000001,4837758799154,1103,1872
1763229201,0000008000000002,4837802484018,3673,1873
1763229225,0000000400000001,4838038967959,5038,1874
1763229256,0000004000000008,4838349709372,1913,1875
1763229261,0000008000000002,4838400182162,4085,1876
1763229267,0000000100000080,4838467707426,5215,1877
1763229271,0000000800000008,4838504167436,2999,1878
1763229273,0000008000000008,4838520232427,2042,1879
1763229290,0000004000000001,4838694736098,1934,1880
1763229313,0000000400000002,4838919283767,4021,1881
1763229316,0000008000000001,4838958193486,1671,1882
1763229329,0000000800000001,4839086368754,4364,1883
1763229342,0000000100000004,4839213897370,1870,1884
1763229372,0000000100000008,4839511173173,4779,1885
1763229376,0000008000000080,4839551027851,2356,1886
1763229378,0000004000000002,4839572963530,1048,1887
1763229390,0000000800000002,4839693338202,4209,1888
1763229393,0000000100000008,4839723546111,2367,1889
1763229401,0000000400000080,4839802526765,2804,1890
1763229407,0000008000000088,4839861867444,4462,1891
1763229428,0000000800000080,4840078623932,1793,1892
1763229432,0000008000000080,4840113853752,4883,1893
1763229441,0000000100000004,4840201050181,4833,1894
1763229453,0000000400000008,4840321014684,2779,1895
1763229459,0000008000000008,4840386776761,4044,1896
1763229463,0000008000000080,4840427221685,1600,1897
1763229479,0000000100000001,4840587006409,2365,1898
1763229483,0000004400000004,4840621733505,303,1899
1763229492,0000008000000080,4840712409570,5230,1900
1763229509,0000004000000080,4840888538396,5027,1901
1763229510,0000000400000002,4840889532725,4967,1902
1763229517,0000000400000004,4840967645061,273,1903
1763229520,0000004000000008,4840990560765,4083,1904
1763229522,0000000100000002,4841017412020,2443,1905
1763229525,0000008000000001,4841040311308,1078,1906
1763229535,0000008000000080,4841143038252,5296,1907
1763229539,0000000100000001,4841185913092,2691,1908
1763229540,0000000400000008,4841194828605,2164,1909
1763229558,0000008000000080,4841373831518,1791,1910
1763229566,0000008000000004,4841451166400,2325,1911
1763229568,0000000800000002,4841477775647,742,1912
1763229577,0000004000000008,4841562504507,836,1913
1763229584,0000004000000004,4841630179111,1951,1914
1763229598,0000008000000001,4841770569174,3904,1915
1763229598,0000000400000080,4841775049093,3628,1916
1763229599,0000008000000004,4841782978458,3140,1917
1763229618,0000000800000001,4841976678669,1886,1918
1763229643,0000008000000080,4842219141940,2869,1919
1763229643,0000000400000001,4842223020588,2635,1920
1763229646,0000008000000001,4842252384382,887,1921
1763229665,0000000200000001,4842443492746,4982,1922
1763229686,0000000300000001,4842651947926,2802,1923
1763229687,0000000800000002,4842660027282,2323,1924
1763229704,0000000800000080,4842830798236,2436,1925
1763229710,0000000800000002,4842892073153,3966,1926
1763229734,0000000800000008,4843132782947,5069,1927
1763229774,0000008000000080,4843536931880,1523,1928
1763229778,0000008000000080,4843570089352,4738,1929
1763229784,0000008000000004,4843632139540,991,1930
1763229787,0000000800000008,4843663088115,4337,1931
1763229811,0000000400000080,4843906614860,5264,1932
1763229812,0000008000000080,4843911254510,4988,1933
1763229817,0000004000000080,4843968406759,1538,1934
1763229841,0000008000000080,4844201594828,3080,1935
1763229842,0000008300000001,4844208772750,2645,1936
1763229859,0000000100000008,4844387065465,2314,1937
1763229868,0000000800000004,4844472529175,2365,1938
1763229878,0000004800000001,4844578234181,1210,1939
1763229908,0000004000000008,4844869515198,4482,1940
1763229913,0000004000000004,4844924449846,1161,1941
1763229919,0000000100000001,4844986551191,2604,1942
1763229932,0000000300000001,4845115827908,5240,1943
1763229951,0000000400000002,4845303796703,4327,1944
1763229956,0000000800000080,4845357403700,1087,1945
1763229956,0000008000000001,4845357413953,1087,1946
1763229959,0000008000000008,4845382555736,4784,1947
1763229983,0000004000000080,4845628332460,388,1948
1763229999,0000000100000001,4845784203825,1383,1949
1763230001,0000000400000008,4845800288914,431,1950
1763230002,0000000800000001,4845813154436,4852,1951
1763230014,0000008000000080,4845929713710,3006,1952
1763230028,0000004000000080,4846073200989,4791,1953
1763230039,0000000100000040,4846187254340,3098,1954
1763230040,0000008000000004,4846196545615,2536,1955
1763230044,0000004000000080,4846231326909,472,1956
1763230054,0000004000000008,4846334415579,4661,1957
1763230058,0000000400000008,4846369125608,2541,1958
1763230080,0000008000000004,4846589644001,4887,1959
1763230084,0000000100000002,4846633095251,2250,1960
1763230097,0000008000000008,4846761999486,4907,1961
1763230101,0000000100000008,4846808062168,2117,1962
1763230141,0000000100000080,4847203965067,4292,1963
1763230149,0000000200000001,4847281629335,4814,1964
1763230149,0000000800000004,4847282726313,4751,1965
1763230158,0000000800000001,4847368682716,4772,1966
1763230159,0000008000000004,4847380330196,4069,1967
1763230166,0000000100000002,4847455960914,4717,1968
1763230171,0000008000000008,4847508415893,1546,1969
1763230177,0000000100000002,4847560443657,3610,1970
1763230184,0000008000000008,4847629239242,4682,1971
1763230184,0000000400000008,4847632124633,4509,1972
1763230190,0000000400000080,4847695904461,667,1973
1763230204,0000000400000004,4847829298724,3006,1974
1763230205,0000008000000080,4847843771357,2142,1975
1763230211,0000000400000080,4847900337802,3950,1976
1763230215,0000004000000002,4847944582150,1277,1977
1763230215,0000000100000080,4847945997304,1192,1978
1763230252,0000000100000002,4848309726525,5293,1979
1763230271,0000000100000001,4848501380797,4155,1980
1763230291,0000000100000003,4848699944254,2571,1981
1763230304,0000004000000080,4848835026227,4863,1982
1763230307,0000000800000001,4848863065501,3151,1983
1763230348,000000c000000080,4849275764104,4321,1984
1763230350,0000000800000002,4849292274807,3307,1985
1763230372,0000000400000080,4849509348855,655,1986
1763230376,0000000100000008,4849552458587,3234,1987
1763230384,0000000100000001,4849628964349,3841,1988
1763230408,0000000400000002,4849868519533,5019,1989
1763230408,0000000100000001,4849873445923,4726,1990
1763230429,0000000400000004,4850083927585,2424,1991
1763230434,0000008000000004,4850135601938,4540,1992
1763230438,0000000100000001,4850169034950,2498,1993
1763230438,0000004000000080,4850174872773,2154,1994
1763230455,0000000100000001,4850345574183,2271,1995
1763230456,0000000400000001,4850353980571,1775,1996
1763230463,0000000400000080,4850425510800,2650,1997
1763230476,0000000100000002,4850551363545,306,1998
1763230483,0000008000000001,4850627854646,886,1999
1763230494,0000004000000001,4850737116085,4714,2000
1763230507,0000000100000001,4850866352300,2113,2001
1763230508,0000008000000002,4850869984972,1898,2002
1763230513,0000000800000006,4850918770851,4172,2003
1763230516,0000000100000001,4850954167075,2026,2004
1763230519,0000000400000004,4850980610303,453,2005
1763230524,0000008000000080,4851035600317,2314,2006
1763230528,0000000100000002,4851074867638,5167,2007
1763230547,0000004000000004,4851262388785,4279,2008
1763230554,0000000100000008,4851336670065,5002,2009
1763230555,0000000800000001,4851340651600,4766,2010
1763230585,0000000800000008,4851648266565,1828,2011
1763230588,0000000800000004,4851671687131,434,2012
1763230612,0000000800000001,4851917295777,1225,2013
1763230613,0000000100000004,4851920555807,1031,2014
1763230632,0000000800000001,4852118229298,4739,2015
1763230644,0000000400000004,4852233714560,2955,2016
1763230645,0000008000000080,4852239292878,2617,2017
1763230649,0000000800000004,4852283300826,5191,2018
1763230650,0000008000000080,4852294988825,4493,2019
1763230657,0000000800000002,4852368193865,5277,2020
1763230680,0000000100000001,4852589031858,2360,2021
1763230680,0000004000000004,4852595232042,1997,2022
1763230687,0000000400000004,4852663859503,3051,2023
1763230693,0000000800000004,4852722714217,4734,2024
1763230694,0000008000000001,4852731889896,4179,2025
1763230709,0000008400000080,4852881785544,359,2026
1763230714,0000000400000002,4852936660306,2228,2027
1763230715,0000004000000008,4852945056043,1730,2028
1763230724,0000008000000002,4853031624596,1718,2029
1763230727,0000000800000001,4853066379907,4837,2030
1763230732,0000008000000004,4853114668103,1914,2031
1763230749,0000000800000004,4853287896134,1882,2032
1763230750,0000008000000001,4853293975511,1518,2033
1763230766,0000008000000001,4853452377065,2366,2034
1763230773,0000000800000080,4853522527467,3346,2035
1763230781,0000000800000080,4853605989402,3524,2036
1763230782,0000008000000080,4853617252133,2832,2037
1763230802,0000000100000001,4853813563171,1427,2038
1763230811,0000004000000002,4853907116482,995,2039
1763230820,0000004400000004,4853991586277,1106,2040
1763230823,0000008000000080,4854018783662,4680,2041
1763230839,0000000c00000008,4854180522092,5331,2042
1763230852,0000008000000080,4854314713933,2431,2043
1763230856,0000000100000001,4854351231351,264,2044
1763230860,0000000100000001,4854389219897,3146,2045
1763230863,0000008000000004,4854421188788,1233,2046
1763230868,0000004000000080,4854478334736,2977,2047
1763230890,0000004000000008,4854693995262,420,0
1763230896,0000004000000080,4854750805479,2175,1
1763230908,0000004000000004,4854869361581,262,2
1763230917,0000008000000080,4854961906768,5077,3
1763230943,0000004000000080,4855226291746,4760,4
1763230947,0000000800000004,4855260195521,2688,5
1763230951,0000000100000001,4855307641401,5049,6
1763230964,0000000400000080,4855428600370,2947,7
1763230987,0000000400000008,4855662569837,4485,8
1763231004,0000008000000008,4855828562783,4886,9
1763231018,0000000800000004,4855969967786,1560,10
1763231022,0000000100000001,4856012307669,4223,11
1763231029,0000000100000008,4856083277853,5143,12
1763231034,0000004000000008,4856136111490,1951,13
1763231072,0000000100000001,4856512226398,5309,14
1763231076,0000004000000008,4856554297694,2752,15
1763231088,0000000400000004,4856674058538,766,16
1763231089,0000000100000001,4856685592057,5268,17
1763231095,0000004000000004,4856747465489,1537,18
1763231096,0000000800000001,4856755208460,1071,19
1763231105,0000008000000001,4856847061668,748,20
1763231111,0000000100000001,4856905469767,2408,21
1763231118,0000000800000002,4856973548992,3516,22
1763231120,0000008000000080,4856988944123,2578,23
1763231125,0000000100000001,4857046930106,4313,24
1763231139,0000004000000080,4857182043672,1364,25
1763231151,0000008000000001,4857303799519,4445,26
1763231188,0000000100000080,4857674658723,2881,27
1763231195,0000000100000080,4857744361710,3905,28
1763231198,0000000400000001,4857773652151,2128,29
1763231210,0000004000000008,4857890519683,315,30
1763231213,0000008000000001,4857920452605,3697,31
1763231216,0000000100000001,4857949856559,1922,32
1763231229,0000000800000004,4858081653291,4399,33
1763231229,0000008000000004,4858082846333,4328,34
1763231237,0000008000000004,4858161131808,4812,35
1763231240,0000000400000001,4858194015914,2803,36
1763231249,0000000100000008,4858286826213,2417,37
1763231251,0000000800000080,4858303610855,1420,38
1763231258,0000000100000004,4858373326469,2408,39
1763231259,0000000800000001,4858382459104,1870,40
1763231262,0000008000000008,4858413206205,5225,41
1763231263,0000004000000002,4858425569914,4488,42
1763231271,000000c000000080,4858504781171,4915,43
1763231287,0000000400000001,4858666415653,387,44
1763231287,0000000100000008,4858666855039,360,45
1763231309,0000000100000001,4858886519879,2698,46
1763231326,0000000200000002,4859053934776,3018,47
1763231327,0000000400000004,4859058789850,2723,48
1763231341,0000004000000002,4859204857332,4356,49
1763231344,0000000100000080,4859229305191,2855,50
1763231348,0000000100000001,4859268881398,503,51
1763231373,0000000100000001,4859522353881,829,52
1763231374,0000008000000080,4859528605909,463,53
1763231382,0000000100000001,4859610829714,706,54
1763231396,000000c000000004,4859751149990,2627,55
1763231403,0000008000000002,4859820890995,3643,56
1763231405,0000000400000001,4859840156023,2471,57
1763231409,0000000400000002,4859882209997,5158,58
1763231430,0000008000000004,4860094050914,2775,59
1763231444,0000004000000001,4860231294745,4938,60
1763231448,0000000800000008,4860271958567,2465,61
1763231453,0000008000000002,4860322156487,4670,62
1763231462,0000000800000004,4860409930313,4582,63
1763231462,0000000100000001,4860414930490,4281,64
1763231465,000000c000000080,4860443525836,2532,65
1763231466,0000000800000002,4860451955272,2034,66
1763231475,0000000400000080,4860541934961,1819,67
1763231482,0000004000000080,4860608690919,2984,68
1763231489,0000000800000080,4860684957337,3605,69
1763231494,0000000100000001,4860735417079,583,70
1763231518,0000000800000004,4860968465068,2126,71
1763231527,0000008000000004,4861065867860,1467,72
1763231533,0000000400000080,4861122091511,3271,73
1763231541,0000004800000080,4861205116855,3475,74
1763231547,000000c100000080,4861264570899,5108,75
1763231549,0000008000000004,4861278200383,4292,76
1763231565,0000000800000001,4861442365178,4805,77
1763231582,0000000400000001,4861610969848,5047,78
1763231606,0000000800000001,4861850080563,1040,79
1763231608,0000000400000004,4861869993485,5047,80
1763231618,0000000100000008,4861978075931,3732,81
1763231638,0000000100000002,4862177038346,2141,82
1763231639,0000004000000004,4862179814678,1978,83
1763231640,0000008000000008,4862193284865,1170,84
1763231656,0000000400000080,4862349889241,2132,85
1763231665,0000004000000008,4862443204198,1719,86
1763231666,0000000400000002,4862453823814,1080,87
1763231668,0000000200000008,4862469041492,182,88
1763231677,0000000100000001,4862566702856,4694,89
1763231680,0000004800000001,4862589964048,3270,90
1763231685,0000000100000001,4862639494232,315,91
1763231697,0000008000000001,4862766684648,3022,92
1763231700,0000000400000002,4862798123477,1144,93
1763231712,0000000100000002,4862915863236,4467,94
1763231717,0000000400000006,4862967962001,1316,95
1763231718,0000004000000008,4862972823223,1025,96
1763231737,0000000100000001,4863163358197,5155,97
1763231737,0000000400000004,4863167126482,4930,98
1763231755,0000000100000001,4863346828616,4513,99
1763231760,0000000400000008,4863388597087,1980,100
1763231785,0000000400000001,4863646388920,2053,101
1763231796,0000008000000001,4863750024724,1019,102
1763231798,0000004000000001,4863776091757,4661,103
1763231806,0000000100000001,4863851666348,5302,104
1763231812,0000000800000001,4863917770794,1314,105
1763231818,0000000400000008,4863976979084,2933,106
1763231839,0000000400000008,4864184965152,830,107
1763231852,0000000100000008,4864315927641,3328,108
1763231862,0000000100000001,4864415828797,2505,109
1763231868,0000000400000002,4864477898408,3988,110
1763231880,0000000400000004,4864594537394,2151,111
1763231880,0000004000000004,4864597643353,1968,112
1763231886,0000000100000080,4864652214451,3889,113
1763231917,0000008000000080,4864958120315,1062,114
1763231931,0000000800000001,4865106811192,2491,115
1763231932,0000000800000001,4865111259300,2231,116
1763231934,0000000400000008,4865131632995,1014,117
1763231949,0000000100000002,4865283096600,2280,118
1763231951,0000004000000001,4865307845126,806,119
1763231952,0000008000000080,4865316245089,312,120
1763231953,0000000800000008,4865322213940,5140,121
1763231961,0000000400000080,4865398333240,565,122
1763231966,0000000800000008,4865452714585,2461,123
1763231966,0000000400000002,4865456441429,2243,124
1763231970,0000008000000080,4865490813824,200,125
1763232032,0000004000000008,4866116970234,4079,126
1763232039,0000000100000008,4866184128222,5232,127
1763232047,0000008000000080,4866265497225,343,128
1763232054,0000008000000002,4866333753691,1415,129
1763232057,0000000400000001,4866360491453,5013,130
1763232058,0000000100000001,4866370140578,4438,131
1763232059,0000008000000001,4866384526901,3554,132
1763232083,0000000800000004,4866622798841,4820,133
1763232087,0000000400000001,4866667542400,2107,134
1763232093,0000008000000002,4866723422462,3954,135
1763232126,0000000800000008,4867052244405,4954,136
1763232149,0000008000000004,4867285465309,1300,137
1763232169,0000008000000080,4867482686033,5030,138
1763232175,0000000100000001,4867545773026,1223,139
1763232178,0000004000000001,4867575916879,4619,140
1763232180,0000000100000004,4867592676670,3596,141
1763232181,0000008000000080,4867601228493,3070,142
1763232198,0000000800000002,4867772653414,3147,143
1763232203,0000000400000080,4867827793234,5046,144
1763232210,0000004000000002,4867892931168,1116,145
1763232242,0000000800000004,4868215529542,2472,146
1763232263,0000008000000080,4868421833673,481,147
1763232264,0000000100000080,4868436430221,4799,148
1763232282,0000000400000008,4868613286015,4546,149
1763232298,0000000800000080,4868773563949,5287,150
1763232303,0000000400000001,4868823117134,2286,151
1763232304,000000c000000001,4868834097139,1635,152
1763232318,0000000100000080,4868968913288,3922,153
1763232325,0000000400000004,4869044208358,4595,154
1763232342,0000008000000080,4869209286225,5047,155
1763232342,0000000800000004,4869217501784,4559,156
1763232349,0000000100000008,4869281933465,678,157
1763232355,0000000100000004,4869341611829,2261,158
1763232360,0000000800000001,4869390782117,4524,159
1763232370,0000008000000080,4869495711232,3383,160
1763232397,0000000100000001,4869762490120,2908,161
1763232439,0000000400000080,4870183104964,3590,162
1763232452,0000000800000001,4870309434033,1184,163
1763232459,0000000100000003,4870386596078,1738,164
1763232471,0000004000000008,4870502190996,5184,165
1763232476,0000000400000002,4870550995040,2229,166
1763232479,0000000100000001,4870578096800,620,167
1763232496,0000000200000002,4870753432399,463,168
1763232509,0000000400000004,4870880275153,3197,169
1763232510,0000000100000008,4870894326845,2350,170
1763232518,0000000400000001,4870972368627,2845,171
1763232524,0000000100000001,4871037422841,4154,172
1763232527,0000000100000008,4871060601886,2729,173
1763232537,0000008400000080,4871162700430,1797,174
1763232549,0000000800000008,4871280961774,5083,175
1763232549,0000000100000004,4871281866913,5030,176
1763232550,0000008000000004,4871289920658,4550,177
1763232558,0000004000000008,4871370840001,4874,178
1763232562,0000000100000002,4871417632633,2041,179
1763232566,0000000100000001,4871449080939,170,180
1763232566,0000000400000004,4871456307618,4926,181
1763232582,0000004000000084,4871608711350,941,182
1763232617,0000004000000080,4871964414480,334,183
1763232631,0000000100000004,4872101338588,2456,184
1763232632,0000008000000080,4872111208659,1875,185
1763232651,0000000100000001,4872307102951,495,186
1763232661,0000008000000080,4872403053866,5107,187
1763232667,0000000800000080,4872464367396,1407,188
1763232684,0000004000000001,4872628409943,1925,189
1763232685,0000004000000004,4872642550833,1078,190
1763232695,0000000100000003,4872746177562,5241,191
1763232698,0000004000000004,4872768082503,3922,192
1763232715,0000008000000080,4872943803040,3736,193
1763232715,0000000100000004,4872947734531,3493,194
1763232718,0000000800000001,4872970558131,2116,195
1763232726,000000c000000080,4873048378205,2620,196
1763232731,0000008000000080,4873104812463,4452,197
1763232748,0000008000000080,4873277334019,4460,198
1763232757,0000004000000001,4873363349246,4481,199
1763232759,0000008000000008,4873387704501,2985,200
1763232761,0000000100000001,4873398215002,2356,201
1763232802,0000008000000080,4873816303891,3178,202
1763232814,0000000100000001,4873935505433,1210,203
1763232821,0000000100000001,4874000011839,2512,204
1763232821,0000000800000001,4874006139675,2150,205
1763232828,0000000100000001,4874070004850,3506,206
1763232832,0000000100000006,4874112315115,966,207
1763232838,0000000800000004,4874168766375,2745,208
1763232842,0000000800000002,4874213637399,5266,209
1763232842,0000000400000008,4874216749765,5081,210
1763232847,0000004000000008,4874260068592,2450,211
1763232854,0000008000000080,4874332075219,3319,212
1763232865,0000008000000008,4874445016977,1725,213
1763232881,0000000800000080,4874606948257,2361,214
1763232899,000000c000000080,4874783857335,2114,215
1763232914,0000004000000002,4874929633633,3741,216
1763232914,0000004000000080,4874934154211,3463,217
1763232933,0000000100000001,4875123631349,2443,218
1763232943,0000000100000001,4875217908022,1976,219
1763232947,0000008000000080,4875258525248,4747,220
1763232959,0000000400000002,4875382137225,2475,221
1763232960,0000008000000002,4875394300139,1756,222
1763232960,0000008000000004,4875394516004,1743,223
1763232968,0000000100000001,4875477159747,1964,224
1763232969,0000000400000080,4875487196052,1362,225
1763232980,0000000100000008,4875597807219,5109,226
1763232985,0000004800000008,4875645432697,2224,227
1763233011,0000000800000009,4875906838560,2084,228
1763233045,0000008000000080,4876240474389,2780,229
1763233060,0000000300000001,4876390866382,4150,230
1763233062,0000000100000004,4876410482257,2944,231
1763233067,0000000800000080,4876458641495,5264,232
1763233070,0000000200000004,4876496854632,2941,233
1763233076,0000008000000002,4876555639943,4630,234
1763233083,0000000400000008,4876619728765,766,235
1763233089,0000008000000001,4876679878610,2322,236
1763233100,0000000100000080,4876794471667,647,237
1763233109,0000004000000001,4876883478329,488,238
1763233114,0000008000000080,4876927839438,2989,239
1763233133,0000008000000004,4877120854630,1776,240
1763233146,0000004000000008,4877251702869,4309,241
1763233161,0000000800000006,4877398342838,678,242
1763233162,0000004000000080,4877415731444,4830,243
1763233165,0000000100000080,4877445423864,3015,244
1763233172,0000008000000080,4877510301321,4335,245
1763233173,0000000100000080,4877520980681,3681,246
1763233179,0000008000000002,4877583944777,5095,247
1763233180,0000000800000002,4877590591931,4700,248
1763233183,0000000100000008,4877625603743,2563,249
1763233184,0000000100000080,4877636046319,1947,250
1763233189,0000000100000001,4877679232703,4563,251
1763233206,0000000100000001,4877857720304,4212,252
1763233218,0000000100000003,4877967896810,2748,253
1763233224,0000008000000080,4878031019373,4174,254
1763233235,0000000100000001,4878144776041,2498,255
1763233263,0000008000000080,4878421717850,1434,256
1763233265,0000000800000002,4878443061484,168,257
1763233278,0000000400000001,4878574182678,2636,258
1763233279,0000008000000001,4878584133988,2048,259
1763233297,0000008000000080,4878766019470,1500,260
1763233349,0000000100000002,4879285857566,1392,261
1763233368,0000004000000001,4879470704878,673,262
1763233395,0000004000000080,4879746718663,4849,263
1763233403,0000000400000002,4879823357304,241,264
1763233404,0000000800000080,4879829941594,5034,265
1763233450,0000000100000004,4880288598242,3398,266
1763233474,0000000100000001,4880536092253,4108,267
1763233482,0000000400000002,4880609485865,4889,268
1763233482,0000000100000001,4880615783253,4513,269
1763233522,0000008000000080,4881011358301,1476,270
1763233526,0000008000000008,4881057616124,3897,271
1763233527,0000000800000080,4881063445191,3536,272
1763233538,0000000800000004,4881175230810,2004,273
1763233541,0000004000000001,4881201690616,431,274
1763233543,0000000100000002,4881221448256,4438,275
1763233550,0000008000000080,4881291515484,225,276
1763233552,0000004000000001,4881312958691,4123,277
1763233556,0000000400000001,4881349560347,1906,278
1763233601,0000000100000002,4881800908552,738,279
1763233614,0000000800000004,4881936357691,2955,280
1763233632,0000000100000004,4882107712037,3037,281
1763233635,0000000400000008,4882146707779,714,282
1763233639,0000008c00000008,4882186608679,3495,283
1763233647,0000000400000080,4882258480075,4384,284
1763233658,0000000100000004,4882369714223,2855,285
1763233665,0000008000000001,4882443071557,3654,286
1763233670,0000004000000080,4882492934809,665,287
1763233683,0000000100000008,4882618721833,3470,288
1763233683,0000000100000008,4882624340739,3125,289
1763233688,0000008000000080,4882670243679,389,290
1763233695,0000008400000080,4882738121766,1485,291
1763233696,0000000100000002,4882756756628,381,292
1763233712,0000008000000080,4882908505028,1624,293
1763233744,0000000400000001,4883229351100,3088,294
1763233746,0000008000000001,4883254609861,1581,295
1763233769,000000c000000080,4883487157967,3164,296
1763233790,0000000800000002,4883687680466,1500,297
1763233797,0000000800000040,4883757729306,2467,298
1763233812,0000000800000001,4883911167545,3639,299
1763233831,0000000100000002,4884103983724,2414,300
1763233840,0000004000000002,4884194084360,2195,301
1763233850,0000004000000008,4884292519626,1475,302
1763233855,0000000400000002,4884342673952,3653,303
1763233859,0000008000000001,4884381278310,1328,304
1763233870,0000008000000080,4884489367793,5225,305
1763233878,0000000100000001,4884571250993,306,306
1763233880,0000000400000080,4884596132828,3997,307
1763233886,0000000200000008,4884648466519,843,308
1763233900,0000004000000008,4884797247116,2270,309
1763233901,0000008000000080,4884805049285,1806,310
1763233911,0000000400000080,4884902585812,1134,311
1763233912,0000000100000001,4884910930505,645,312
1763233918,0000000400000001,4884973503538,2058,313
1763233919,0000004000000002,4884985353571,1348,314
1763233930,0000000800000001,4885089938431,270,315
1763233943,0000000200000008,4885224711660,2519,316
1763233965,0000000100000002,4885442883267,5004,317
1763233972,0000000400000080,4885517362951,525,318
1763233995,0000000100000080,4885740863976,2632,319
1763233997,0000000400000001,4885761297429,1419,320
1763234011,0000008000000080,4885904342634,3193,321
1763234013,0000008000000080,4885925953512,1900,322
1763234022,0000004000000008,4886010707459,1995,323
1763234025,0000000400000004,4886044565947,5166,324
1763234035,0000000400000008,4886139605864,4649,325
1763234042,0000000800000001,4886212979973,235,326
1763234044,0000000400000002,4886232499789,4253,327
1763234047,0000000200000002,4886262566231,2417,328
1763234048,0000000800000080,4886267983507,2100,329
1763234048,0000008000000001,4886274917734,1686,330
1763234062,0000000100000080,4886409377167,3996,331
1763234062,0000008000000002,4886413303478,3755,332
1763234065,0000000800000001,4886443806106,1914,333
1763234073,0000000400000080,4886525375783,2194,334
1763234082,0000000400000008,4886607958076,2416,335
1763234082,0000008000000004,4886616371589,1921,336
1763234084,0000000100000080,4886631600803,1008,337
1763234104,0000008000000001,4886832391314,4526,338
1763234110,0000008000000008,4886887793207,1177,339
1763234114,0000008000000008,4886930990376,3776,340
1763234117,0000004000000008,4886961912024,1911,341
1763234117,0000008000000004,4886966514089,1636,342
1763234150,0000008000000004,4887297183794,2506,343
1763234169,0000000400000002,4887482598514,1754,344
1763234172,0000000400000008,4887512777714,5143,345
1763234187,0000000100000001,4887664786503,1183,346
1763234219,0000000100000080,4887978363117,3087,347
1763234222,0000000100000004,4888016567071,806,348
1763234230,0000008000000080,4888089808577,1587,349
1763234250,0000008000000080,4888295996572,4782,350
1763234273,0000000400000002,4888519988394,1681,351
1763234279,0000000400000002,4888584940651,2954,352
1763234279,0000000100000008,4888585370857,2927,353
1763234289,0000000100000008,4888679708465,2448,354
1763234304,0000000100000080,4888832000469,3691,355
1763234315,0000008000000088,4888940608854,2339,356
1763234324,0000000100000004,4889029954894,2162,357
1763234338,0000000100000080,4889175004498,3836,358
1763234360,0000004000000080,4889389505369,1314,359
1763234362,0000000800000001,4889410178170,5277,360
1763234366,0000000100000001,4889448513294,2946,361
1763234368,0000004000000008,4889469144229,1719,362
1763234404,0000000100000080,4889830379033,772,363
1763234412,0000000800000008,4889907951730,1293,364
1763234417,0000000800000002,4889960741256,3304,365
1763234437,0000008000000080,4890164100501,1466,366
1763234441,0000008000000080,4890205620560,4177,367
1763234447,0000004000000080,4890265739264,560,368
1763234448,0000000100000001,4890272254461,172,369
1763234456,0000000100000004,4890357017321,269,370
1763234478,0000008000000080,4890571074415,2941,371
1763234479,0000000100000002,4890584769953,2126,372
1763234482,0000008000000004,4890615961717,272,373
1763234492,0000008000000080,4890707753258,5133,374
1763234495,0000004000000080,4890746721924,2762,375
1763234501,0000000100000001,4890798368815,4878,376
1763234517,0000000100000008,4890967354327,5099,377
1763234518,0000000800000001,4890972152415,4815,378
1763234534,0000000200000002,4891127768106,645,379
1763234545,0000000800000004,4891241448933,4195,380
1763234548,0000000100000001,4891271405380,2369,381
1763234571,0000008000000004,4891500329585,4204,382
1763234579,0000000100000001,4891584642068,4329,383
1763234579,0000000800000008,4891587054990,4181,384
1763234591,0000008000000001,4891706852847,2150,385
1763234603,0000000200000002,4891822774148,392,386
1763234606,0000008000000008,4891851151978,3872,387
1763234613,0000000100000001,4891922625454,4774,388
1763234618,0000008000000008,4891971724880,1804,389
1763234637,0000008000000082,4892159804430,882,390
1763234643,0000008000000080,4892223669853,2223,391
1763234663,0000000400000080,4892422423704,674,392
1763234684,0000000800000004,4892631224749,3687,393
1763234696,0000000400000008,4892753069528,1549,394
1763234696,0000008000000008,4892755763029,1387,395
1763234705,0000000100000001,4892841708810,1411,396
1763234705,0000004000000002,4892845176736,1203,397
1763234721,0000008000000080,4893006707478,1872,398
1763234728,0000000800000080,4893070661160,3212,399
1763234729,0000004000000080,4893081434736,2559,400
1763234729,0000000100000001,4893085784392,2302,401
1763234730,0000000800000002,4893095934597,1700,402
1763234742,0000000100000001,4893207618292,195,403
1763234744,0000008000000080,4893234360874,3766,404
1763234759,0000000400000004,4893385042583,5098,405
1763234772,0000000400000002,4893512044723,2624,406
1763234773,0000000400000001,4893518022628,2272,407
1763234782,0000000800000002,4893611831956,1830,408
1763234794,0000008000000080,4893730636384,5084,409
1763234812,0000000800000002,4893914766803,4400,410
1763234816,0000000400000002,4893956556134,1870,411
1763234824,0000000400000004,4894029664245,2652,412
1763234826,0000000100000004,4894047448914,1598,413
1763234852,0000008000000001,4894313668736,1164,414
1763234853,0000000400000004,4894327127969,372,415
1763234871,0000000100000008,4894504560534,5275,416
1763234875,0000004000000080,4894543459768,2909,417
1763234878,0000004000000001,4894571469863,1238,418
1763234919,0000008000000080,4894986923393,2210,419
1763234927,0000000600000004,4895065485818,2671,420
1763234937,0000000100000005,4895159863882,2196,421
1763234956,0000000100000004,4895356087102,795,422
1763234965,0000000100000004,4895443712942,720,423
1763234967,0000000400000001,4895462343238,4798,424
1763234969,0000000100000008,4895477866185,3856,425
1763234979,0000000400000002,4895586597584,2490,426
1763234982,0000008000000080,4895613897302,865,427
1763234984,0000000800000001,4895634189882,4849,428
1763234988,0000000800000008,4895670733560,2622,429
1763235006,0000004000000080,4895854588378,1962,430
1763235019,0000000400000008,4895981251350,4751,431
1763235021,0000000800000080,4895998660337,3688,432
1763235021,0000004000000008,4895998734210,3684,433
1763235022,0000000100000002,4896014099945,2741,434
1763235024,0000000400000002,4896028741961,1876,435
1763235032,0000008000000008,4896109516136,2204,436
1763235059,0000004000000080,4896381910866,1408,437
1763235088,0000008000000004,4896671910217,4755,438
1763235100,0000008000000080,4896790877295,2761,439
1763235100,0000000800000004,4896794730258,2532,440
1763235123,0000000400000004,4897017862413,4722,441
1763235132,0000000800000004,4897107442339,4527,442
1763235133,0000000100000080,4897123099782,3568,443
1763235139,0000004000000080,4897179413350,192,444
1763235143,0000000100000008,4897225026330,2614,445
1763235144,0000000100000008,4897227850922,2448,446
1763235166,0000000400000002,4897447793071,4829,447
1763235174,0000000400000008,4897532501070,4925,448
1763235175,0000000100000001,4897543440105,4268,449
1763235190,0000000100000001,4897695093870,340,450
1763235194,0000004000000008,4897734382150,3145,451
1763235221,0000000100000001,4897998417814,2839,452
1763235247,0000008000000080,4898258181108,2795,453
1763235252,0000000100000001,4898309923462,4906,454
1763235256,0000000100000001,4898354115224,2227,455
1763235271,0000000100000080,4898503638863,3627,456
1763235287,0000000100000080,4898661451570,4539,457
1763235307,0000004000000002,4898864404792,2686,458
1763235323,0000004000000002,4899018824565,3807,459
1763235327,0000004000000001,4899061986946,1204,460
1763235331,0000008000000001,4899097450238,4281,461
1763235343,0000000400000080,4899224717776,1803,462
1763235347,0000000200000001,4899260262519,4875,463
1763235403,0000000100000008,4899822815538,2177,464
1763235416,0000008000000008,4899951651543,4836,465
1763235419,0000000100000008,4899977325409,3269,466
1763235447,0000004000000001,4900265911324,1500,467
1763235452,0000000800000080,4900311864733,3939,468
1763235453,0000008000000080,4900322640623,3274,469
1763235455,0000000100000001,4900346690512,1834,470
1763235456,0000000800000002,4900347952952,1758,471
1763235462,0000000100000001,4900416475804,2816,472
1763235498,0000000800000001,4900767665551,2467,473
1763235508,0000000200000080,4900871473325,1430,474
1763235521,0000000100000008,4900997739960,4237,475
1763235530,0000008000000002,4901093861566,3636,476
1763235544,0000000800000080,4901231559573,559,477
1763235550,0000008000000008,4901291362294,2136,478
1763235551,0000000100000001,4901298205500,1730,479
1763235551,0000000100000080,4901298462122,1715,480
1763235552,0000004000000080,4901313275294,830,481
1763235577,0000008000000008,4901561247899,1490,482
1763235584,0000000400000002,4901633049657,2353,483
1763235594,0000008000000080,4901727554115,1872,484
1763235629,0000004000000001,4902082223703,1314,485
1763235639,0000000800000080,4902178604232,721,486
1763235640,0000000200000002,4902191939076,5115,487
1763235644,0000000100000002,4902228219144,2908,488
1763235644,0000000400000004,4902237162629,2372,489
1763235654,0000000100000001,4902332315946,1851,490
1763235665,0000001000000010,4902438063675,697,491
1763235665,0000000800000008,4902438459343,674,492
1763235667,0000000800000004,4902463877396,4343,493
1763235670,0000008000000080,4902493331764,2541,494
1763235688,0000004000000080,4902671068045,2243,495
1763235688,0000000800000004,4902677025156,1891,496
1763235693,0000004000000004,4902717969877,4641,497
1763235698,0000004000000001,4902771140111,1425,498
1763235701,0000000100000001,4902801042676,4836,499
1763235702,0000008000000001,4902815929993,3935,500
1763235712,0000008000000001,4902909682616,3477,501
1763235713,0000000100000002,4902924553152,2570,502
1763235725,0000000400000002,4903043914435,614,503
1763235728,0000004000000002,4903072247433,4101,504
1763235748,0000000400000001,4903271530343,2476,505
1763235760,0000000100000003,4903396817342,164,506
1763235776,0000004000000004,4903548855932,1389,507
1763235800,0000004000000004,4903792501617,2305,508
1763235805,0000000800000080,4903839945556,4672,509
1763235810,0000008000000080,4903896054099,1278,510
1763235825,0000000400000080,4904041381900,2910,511
1763235847,0000008000000080,4904257886097,306,512
1763235849,0000000100000002,4904283927628,3926,513
1763235852,0000004000000080,4904312514284,2191,514
1763235862,0000008000000002,4904410623963,1490,515
1763235865,0000000400000001,4904440788247,4885,516
1763235885,0000008000000004,4904646775086,2854,517
1763235918,0000000800000001,4904967957973,4338,518
1763235925,0000000100000001,4905042752590,5029,519
1763235943,0000008000000080,4905223456024,4551,520
1763235946,0000000400000003,4905256599760,2527,521
1763235947,0000008000000002,4905259234723,2371,522
1763235947,0000004000000080,4905266673441,1933,523
1763235973,0000000400000008,4905526867674,1865,524
1763235975,0000000800000008,4905546839148,676,525
1763235977,0000004000000080,4905563450895,4873,526
1763235983,0000004000000002,4905620776471,1410,527
1763235992,0000000800000004,4905716555505,847,528
1763236024,0000000100000003,4906029717605,2765,529
1763236032,0000000800000080,4906112925685,2955,530
1763236046,0000000100000001,4906250501690,5094,531
1763236050,0000008000000004,4906296946236,2279,532
1763236064,0000000800000004,4906432791702,4521,533
1763236071,0000000400000004,4906498333271,577,534
1763236094,0000000100000080,4906735786838,1858,535
1763236097,0000000100000080,4906763226712,227,536
1763236103,0000000100000002,4906818056716,2100,537
1763236114,0000008000000080,4906930714733,538,538
1763236118,0000000400000008,4906974747065,3055,539
1763236122,0000000400000080,4907010495568,920,540
1763236130,0000004000000001,4907088780298,1401,541
1763236142,0000000400000080,4907216514410,4119,542
1763236144,0000008000000001,4907228561299,3377,543
1763236160,0000000100000001,4907392713470,3903,544
1763236163,0000008000000002,4907423423005,2044,545
1763236170,0000000400000004,4907495024773,2921,546
1763236174,0000000400000001,4907536444933,458,547
1763236191,0000000100000002,4907705040445,700,548
1763236207,0000000100000008,4907859730650,1772,549
1763236212,0000000100000008,4907917015416,3517,550
1763236229,0000004000000002,4908082995553,3932,551
1763236244,0000000400000008,4908231340518,211,552
1763236245,0000004000000002,4908245592844,4546,553
1763236267,0000000400000002,4908459506381,511,554
1763236310,0000004000000001,4908891320735,2042,555
1763236329,0000004000000004,4909084976711,792,556
1763236348,0000004000000080,4909269625154,5269,557
1763236370,0000008000000004,4909487771155,2510,558
1763236379,0000000100000001,4909577514974,2310,559
1763236381,0000000100000080,4909597257389,1131,560
1763236386,0000000800000008,4909654682653,2856,561
1763236387,0000004000000080,4909664284494,2285,562
1763236412,0000004000000080,4909912415940,2936,563
1763236435,0000008000000008,4910137089387,5031,564
1763236439,0000004000000008,4910180367291,2402,565
1763236463,0000000400000004,4910418726520,3659,566
1763236465,0000008000000080,4910439745802,2383,567
1763236470,0000000800000002,4910494334308,4320,568
1763236475,0000000100000080,4910539237075,1603,569
1763236488,0000000400000004,4910668107356,4254,570
1763236509,0000008000000080,4910878493693,1968,571
1763236511,0000000400000080,4910901389936,607,572
1763236521,0000004000000001,4911003207041,4872,573
1763236529,0000008000000080,4911083306969,5243,574
1763236538,000000c000000004,4911169447291,5254,575
1763236538,0000000100000001,4911172266452,5087,576
1763236546,0000000100000001,4911252703158,254,577
1763236566,0000000400000080,4911448992049,4022,578
1763236584,0000000400000080,4911630715600,3464,579
1763236593,0000000100000001,4911718415781,3381,580
1763236601,0000000c00000004,4911802979086,3492,581
1763236606,0000008000000004,4911853865652,448,582
1763236617,0000008000000002,4911963037812,4268,583
1763236620,0000008000000002,4911992912942,2443,584
1763236627,0000000100000001,4912062986217,3431,585
1763236631,0000008000000008,4912098343122,1307,586
1763236650,0000008000000080,4912292686330,5210,587
1763236664,0000000100000001,4912430141224,2120,588
1763236674,0000004000000008,4912531757973,1205,589
1763236677,0000000100000008,4912560022427,4716,590
1763236677,0000000400000001,4912566660363,4316,591
1763236681,0000000800000080,4912597765724,2417,592
1763236706,0000000800000004,4912851739433,2718,593
1763236721,0000000100000003,4912999135995,4271,594
1763236725,0000000100000001,4913041504267,1706,595
1763236735,0000008000000001,4913138183082,1086,596
1763236744,0000000400000004,4913236232768,397,597
1763236750,0000000800000004,4913289695814,2348,598
1763236766,0000000800000008,4913448245552,3201,599
1763236793,0000000100000002,4913722066695,2311,600
1763236801,0000000800000008,4913806720450,2410,601
1763236818,0000000800000080,4913970362947,2954,602
1763236826,0000000100000080,4914050936816,3307,603
1763236831,0000000100000001,4914100978377,320,604
1763236832,0000000800000004,4914112584264,4815,605
1763236833,000000c000000080,4914122317050,4229,606
1763236845,0000000100000001,4914241924507,2205,607
1763236852,0000000100000008,4914315759699,2952,608
1763236872,0000000800000008,4914508630885,1751,609
1763236876,0000000400000004,4914555683490,4127,610
1763236879,0000000400000001,4914583588144,2424,611
1763236880,0000000400000004,4914587875735,2172,612
1763236888,0000008000000004,4914675529166,2095,613
1763236891,0000008000000004,4914703379772,439,614
1763236909,0000000100000008,4914878109466,319,615
1763236911,0000008000000080,4914900490713,4162,616
1763236913,0000000800000008,4914922319508,2820,617
1763236935,0000000800000008,4915139772043,162,618
1763236948,0000000100000008,4915270268206,2665,619
1763236966,0000000100000001,4915447886078,2374,620
1763236967,0000000800000004,4915460016501,1656,621
1763236974,0000004000000002,4915535837381,2280,622
1763237002,0000000400000080,4915813007205,1197,623
1763237005,0000008000000080,4915837546643,4929,624
1763237013,0000000800000008,4915916919008,162,625
1763237020,0000008000000080,4915994081133,703,626
1763237040,0000008000000080,4916196103851,4135,627
1763237044,0000000200000001,4916228517164,2166,628
1763237052,0000000400000080,4916316800061,2052,629
1763237087,0000008000000080,4916657995109,2299,630
1763237103,0000000400000004,4916822817153,2765,631
1763237109,0000008000000002,4916882478414,4402,632
1763237120,0000000400000080,4916988343124,3203,633
1763237130,0000008000000080,4917087782007,2413,634
1763237134,0000000400000008,4917132616029,4935,635
1763237160,0000004000000002,4917391708952,4933,636
1763237183,0000004000000001,4917618499694,1664,637
1763237183,0000000100000001,4917623391431,1370,638
1763237185,0000000100000004,4917637820861,516,639
1763237185,0000000100000004,4917644562386,5300,640
1763237194,0000000400000001,4917734938625,5060,641
1763237196,0000000400000001,4917754977678,3849,642
1763237211,0000000100000001,4917903273180,5319,643
1763237212,0000000400000002,4917912101791,4795,644
1763237220,0000000800000001,4917995426279,4973,645
1763237222,0000008800000004,4918010583934,4059,646
1763237223,0000000100000004,4918021162257,3408,647
1763237224,0000000100000001,4918028612527,2950,648
1763237231,0000000800000002,4918106252837,3484,649
1763237233,0000000100000001,4918122442757,2499,650
1763237242,000000c000000080,4918208684534,2505,651
1763237242,0000000800000002,4918213704031,2210,652
1763237258,000000c000000080,4918372495752,3041,653
1763237262,0000000100000001,4918414139739,564,654
1763237285,0000004000000008,4918643194197,2341,655
1763237297,0000000100000003,4918765113892,230,656
1763237299,0000000100000001,4918782444048,4380,657
1763237303,0000004000000002,4918826599441,1708,658
1763237319,0000000800000002,4918984601619,2578,659
1763237322,0000008000000080,4919016455815,687,660
1763237329,0000000100000001,4919080442982,2017,661
1763237340,0000000800000001,4919193868645,406,662
1763237379,0000008000000008,4919583611455,2902,663
1763237387,0000000100000004,4919664605234,3229,664
1763237395,0000004000000001,4919746575557,3498,665
1763237444,0000000800000002,4920234909493,5300,666
1763237446,0000008800000008,4920252932396,4220,667
1763237462,0000000400000080,4920411433367,5071,668
1763237472,0000004000000002,4920507948131,4465,669
1763237484,0000004000000008,4920628336947,2388,670
1763237489,0000008000000080,4920683737827,4276,671
1763237500,0000008000000001,4920789949775,3054,672
1763237517,0000004000000004,4920960698433,3173,673
1763237527,0000000100000001,4921062059432,2271,674
1763237552,0000000400000080,4921312112265,2805,675
1763237557,0000000800000008,4921365565769,4814,676
1763237569,0000000800000004,4921484719910,2810,677
1763237573,0000008000000080,4921518733602,786,678
1763237610,0000000400000001,4921893141744,4242,679
1763237627,0000000100000001,4922064121010,4345,680
1763237631,0000000100000001,4922098128565,2274,681
1763237636,0000000500000001,4922154065894,4126,682
1763237640,0000000800000002,4922188198944,2056,683
1763237646,0000000400000002,4922250524082,3502,684
1763237656,0000008000000080,4922348854255,2767,685
1763237657,0000008000000004,4922365295018,1794,686
1763237663,0000004000000080,4922426416405,3306,687
1763237692,0000000100000004,4922706859136,2020,688
1763237696,0000000400000004,4922747460889,4791,689
1763237699,0000004000000080,4922786584144,2409,690
1763237700,0000008000000002,4922792137041,2082,691
1763237715,0000000100000080,4922944446788,3307,692
1763237720,0000000100000004,4922992258982,453,693
1763237723,0000000400000001,4923022020295,3848,694
1763237725,0000000100000003,4923040687464,2703,695
1763237734,000000c000000080,4923133634575,2312,696
1763237737,0000008000000080,4923166353571,369,697
1763237741,0000004c00000002,4923199512454,3551,698
1763237742,0000000800000008,4923216027018,2543,699
1763237744,0000000100000002,4923229084136,1774,700
1763237752,0000000100000004,4923309688180,2114,701
1763237761,0000000400000002,4923405608592,1543,702
1763237785,0000000100000001,4923646245125,2634,703
1763237794,0000004000000001,4923730051440,2786,704
1763237802,0000000400000008,4923815219092,2859,705
1763237839,0000000800000001,4924181200365,1634,706
1763237852,0000000100000080,4924308134325,4402,707
1763237856,0000000100000001,4924349853320,1876,708
1763237860,0000000800000002,4924389603684,4696,709
1763237865,0000000800000008,4924442995253,1467,710
1763237875,0000000100000080,4924544227280,586,711
1763237880,0000000100000008,4924587803476,3135,712
1763237893,0000000100000001,4924724898476,5297,713
1763237917,0000004000000002,4924965174105,1220,714
1763237918,0000008000000008,4924970772784,887,715
1763237920,0000004000000008,4924994294854,4680,716
1763237928,0000000100000001,4925076631529,4917,717
1763237929,0000000800000004,4925081786974,4610,718
1763237946,0000000100000001,4925254530111,4607,719
1763237950,0000008000000004,4925296398589,2067,720
1763237959,0000008000000080,4925384726968,1949,721
1763237962,0000000100000001,4925409062549,503,722
1763237962,0000000800000008,4925413113947,262,723
1763237970,0000001000000008,4925487310413,977,724
1763238002,0000004000000080,4925812670657,2174,725
1763238024,0000000100000001,4926030454486,4679,726
1763238032,0000000800000002,4926110016801,5080,727
1763238034,0000000100000001,4926128760323,3951,728
1763238036,0000004000000080,4926146619592,2852,729
1763238039,0000008000000002,4926181495938,777,730
1763238041,0000000800000004,4926197369336,5021,731
1763238054,0000008000000080,4926326907415,2400,732
1763238081,0000000800000004,4926604892389,1270,733
1763238081,0000008000000004,4926606198798,1191,734
1763238085,0000000800000002,4926637371432,4527,735
1763238113,0000000400000080,4926926532540,2683,736
1763238114,0000000100000004,4926931829150,2368,737
1763238115,0000000300000001,4926944176809,1638,738
1763238118,0000008000000001,4926968137904,213,739
1763238128,0000000100000003,4927067153264,4645,740
1763238140,0000008000000080,4927189562606,2446,741
1763238155,0000000100000080,4927337513883,3956,742
1763238158,0000004000000004,4927375469600,1664,743
1763238159,0000008000000004,4927377018295,1570,744
1763238170,0000000400000002,4927493335294,4975,745
1763238184,0000008000000008,4927630691225,1891,746
1763238203,0000000100000004,4927823669414,683,747
1763238221,0000000100000002,4928001117344,402,748
1763238236,0000008000000088,4928149598554,1841,749
1763238248,0000000800000008,4928271258555,4927,750
1763238256,0000000400000008,4928350166369,183,751
1763238288,0000008000000002,4928670652030,1663,752
1763238300,0000000500000002,4928789508700,4915,753
1763238312,0000008000000080,4928909062463,2889,754
1763238312,0000000800000080,4928916440680,2447,755
1763238318,0000008000000008,4928970777037,4401,756
1763238330,0000004000000008,4929088564929,2481,757
1763238333,0000000100000080,4929121570685,522,758
1763238352,0000000400000008,4929308441197,4864,759
1763238352,0000000400000002,4929309378675,4809,760
1763238360,0000008000000080,4929389603132,5173,761
1763238368,0000000100000002,4929472910240,167,762
1763238373,0000000800000008,4929525521825,2172,763
1763238401,0000000100000008,4929796642581,1452,764
1763238405,0000000100000001,4929840821599,3998,765
1763238426,0000008000000005,4930052721524,1629,766
1763238456,000000c000000080,4930352636479,4381,767
1763238460,0000000100000001,4930389090197,2165,768
1763238475,0000008000000080,4930540602509,3442,769
1763238494,0000008000000080,4930734577711,2158,770
1763238495,0000004000000002,4930743380707,1635,771
1763238511,0000000100000001,4930900867492,2536,772
1763238519,0000000800000080,4930982649676,2809,773
1763238519,0000000400000004,4930985122299,2661,774
1763238547,0000000100000001,4931256634013,1924,775
1763238561,0000004000000001,4931396776898,3890,776
1763238568,0000000400000002,4931476465657,4300,777
1763238581,000000c000000002,4931602874354,1872,778
1763238600,0000004000000001,4931786700207,1202,779
1763238606,0000000400000004,4931850672515,2534,780
1763238607,0000004000000008,4931859581875,2009,781
1763238612,0000004000000001,4931906596065,4396,782
1763238613,0000000400000080,4931924917090,3270,783
1763238653,0000004000000080,4932325793430,5145,784
1763238662,0000008000000080,4932413584481,5058,785
1763238669,0000004000000001,4932483927112,820,786
1763238671,0000000100000001,4932497703686,5191,787
1763238671,0000000800000008,4932501278984,4979,788
1763238680,0000008000000080,4932589273830,4881,789
1763238684,0000000100000001,4932632173586,2276,790
1763238693,0000008000000004,4932720481411,2161,791
1763238700,0000000100000008,4932796143947,2794,792
1763238704,0000000400000002,4932828192586,885,793
1763238704,0000000100000080,4932835125635,479,794
1763238705,000000c000000080,4932843073298,5192,795
1763238719,0000000800000002,4932984304654,1877,796
1763238720,0000000800000008,4932993746934,1310,797
1763238750,0000008000000002,4933287814148,4414,798
1763238757,0000008000000080,4933366178834,4892,799
1763238777,0000004000000002,4933565225862,3284,800
1763238778,0000000300000008,4933572814580,2821,801
1763238787,0000004000000008,4933664478097,2502,802
1763238804,0000004000000004,4933836227864,2557,803
1763238805,0000000800000001,4933837306071,2493,804
1763238815,0000004000000001,4933942279899,1385,805
1763238855,0000000100000001,4934342185574,3294,806
1763238866,0000008000000004,4934454335791,1747,807
1763238882,0000000400000001,4934615716468,2416,808
1763238887,000000400000000e,4934662767330,4808,809
1763238888,0000008000000080,4934670934963,4318,810
1763238889,0000000100000008,4934680583756,3723,811
1763238891,0000000100000001,4934705881691,2192,812
1763238904,0000000800000002,4934831288973,5056,813
1763238913,0000008000000080,4934922423989,4771,814
1763238913,0000008000000080,4934922880589,4743,815
1763238921,0000000800000001,4935005381210,4972,816
1763238932,0000000800000002,4935113269108,3664,817
1763238935,0000008000000004,4935139466728,2083,818
1763238960,0000004000000080,4935395203116,2275,819
1763238965,0000004000000001,4935440049644,4797,820
1763238972,0000000100000008,4935513751324,364,821
1763238981,0000000100000002,4935601546301,278,822
1763238981,0000000400000001,4935602124544,243,823
1763238985,0000000800000080,4935639929703,3136,824
1763238989,0000000100000004,4935680668424,707,825
1763238992,0000008000000001,4935712676075,3974,826
1763238994,0000000100000001,4935735548134,2574,827
1763238999,0000000800000008,4935786357239,4743,828
1763239004,0000008000000001,4935834917565,1804,829
1763239010,0000004000000080,4935892284593,3546,830
1763239018,0000008000000080,4935972398301,3931,831
1763239030,0000000100000001,4936094372325,1779,832
1763239037,0000000100000001,4936158313187,3115,833
1763239038,0000004000000002,4936168253345,2514,834
1763239058,0000008000000008,4936368969293,847,835
1763239068,0000000800000008,4936472652255,5008,836
1763239073,0000000800000002,4936520902299,2086,837
1763239075,0000004000000080,4936545115480,648,838
1763239097,0000000400000080,4936766219564,2902,839
1763239103,0000000c00000008,4936820632756,4852,840
1763239120,0000000400000004,4936990440534,5024,841
1763239121,0000000100000001,4937004971827,4150,842
1763239132,0000000100000001,4937115176919,2687,843
1763239135,0000008000000001,4937136598735,1413,844
1763239157,0000008000000020,4937363163637,3360,845
1763239163,0000008000000080,4937423082178,4969,846
1763239166,0000008000000001,4937446562989,3541,847
1763239208,0000004800000080,4937874424925,3781,848
1763239222,0000004000000008,4938010746793,777,849
1763239223,0000000800000001,4938024796340,5129,850
1763239227,0000000800000008,4938065811139,2636,851
1763239230,0000004000000002,4938094450652,930,852
1763239231,0000000100000001,4938101562391,515,853
1763239238,0000000400000008,4938172552375,1424,854
1763239253,0000008000000080,4938319841331,2939,855
1763239261,0000004000000080,4938403476712,3104,856
1763239269,0000000800000001,4938478365101,3810,857
1763239293,0000000100000001,4938718822543,4935,858
1763239309,0000000100000001,4938880286102,419,859
1763239323,0000008000000080,4939023369214,2176,860
1763239331,0000000100000001,4939103151989,2565,861
1763239336,0000000400000001,4939148293788,5069,862
1763239343,0000000100000008,4939223397077,554,863
1763239347,0000004000000080,4939265324127,3202,864
1763239355,0000008000000080,4939343513434,3705,865
1763239357,0000000100000003,4939365905645,2345,866
1763239366,0000000400000004,4939450053396,2474,867
1763239369,0000000100000004,4939485932199,345,868
1763239370,0000008000000080,4939493410099,5085,869
1763239375,0000000800000002,4939542971482,2086,870
1763239378,0000000400000080,4939566536965,686,871
1763239384,0000000800000080,4939632727395,1885,872
1763239384,0000008000000080,4939636121136,1682,873
1763239385,0000000100000004,4939639973055,1449,874
1763239393,0000008000000004,4939725719122,1486,875
1763239404,0000000c00000004,4939829907582,429,876
1763239412,0000000800000002,4939914647241,525,877
1763239416,0000000400000008,4939955910861,3213,878
1763239418,0000000100000001,4939974436977,2103,879
1763239422,0000000100000003,4940012951522,4998,880
1763239427,0000000400000001,4940058183416,2254,881
1763239429,0000004000000004,4940078993790,1012,882
1763239439,0000004000000080,4940185773084,4988,883
1763239446,0000000800000002,4940253727772,892,884
1763239454,0000000400000001,4940328737836,1569,885
1763239459,0000000100000008,4940383798867,3451,886
1763239460,0000000400000080,4940392091835,2941,887
1763239460,0000000100000008,4940395557814,2730,888
1763239472,000000040000000c,4940512440488,911,889
1763239486,0000000900000008,4940647577972,3158,890
1763239491,0000008000000080,4940702097211,5094,891
1763239493,0000000400000080,4940725001872,3707,892
1763239510,0000000400000001,4940893885751,3942,893
1763239518,0000000100000001,4940973081087,4378,894
1763239522,0000000100000004,4941009929549,2141,895
1763239526,0000000800000008,4941054603056,4670,896
1763239529,0000000400000008,4941083955555,2873,897
1763239543,0000000100000001,4941217297351,5264,898
1763239556,0000000300000001,4941355967638,2101,899
1763239559,0000000400000004,4941382157258,546,900
1763239570,0000004000000008,4941487770027,4584,901
1763239574,0000000100000008,4941528672956,2100,902
1763239577,0000000400000008,4941563076635,5241,903
1763239586,0000004000000080,4941649941630,5209,904
1763239613,0000000800000008,4941916269818,4776,905
1763239623,0000008000000001,4942019048573,3777,906
1763239634,0000000800000008,4942133623163,2067,907
1763239637,0000004000000080,4942159411571,536,908
1763239653,0000000400000080,4942320498843,1221,909
1763239659,0000000400000008,4942377823944,2953,910
1763239685,0000004000000008,4942642734591,2597,911
1763239723,0000008000000004,4943016985021,878,912
1763239727,0000000100000001,4943062534022,3324,913
1763239728,0000000800000002,4943074091931,2619,914
1763239751,0000000c00000004,4943303712866,4420,915
1763239768,0000008000000001,4943470273925,4789,916
1763239775,0000000800000080,4943545247424,279,917
1763239784,0000000800000004,4943631987193,255,918
1763239790,0000008000000080,4943690029637,1940,919
1763239816,0000008000000001,4943953744137,1658,920
1763239817,0000000100000080,4943963441149,1076,921
1763239821,0000000100000001,4944003637778,3859,922
1763239833,0000000800000002,4944118023546,2158,923
1763239835,0000008000000080,4944139222473,893,924
1763239841,0000000400000001,4944197763393,2549,925
1763239875,0000000100000001,4944538771510,2809,926
1763239880,0000004000000080,4944593410480,4750,927
1763239887,0000000100000001,4944665156246,431,928
1763239901,0000008000000080,4944799144532,2728,929
1763239901,0000008000000080,4944802962534,2500,930
1763239905,0000000100000001,4944842878450,5318,931
1763239909,0000000200000080,4944876654429,3269,932
1763239919,0000000400000004,4944982151617,2119,933
1763239936,0000000100000001,4945151819135,2296,934
1763239945,0000000800000001,4945245187548,1881,935
1763239948,0000000200000008,4945273316531,208,936
1763239966,0000008000000080,4945450211379,5145,937
1763239985,0000000800000001,4945641738709,4010,938
1763240001,0000000100000003,4945802119046,4756,939
1763240002,0000004000000008,4945807789178,4415,940
1763240011,0000000800000004,4945899779405,4072,941
1763240026,0000004000000080,4946055978732,5063,942
1763240040,0000000400000008,4946195342280,1861,943
1763240051,0000000100000008,4946304051377,531,944
1763240056,0000000400000004,4946351616364,2835,945
1763240058,0000008000000080,4946366781927,1936,946
1763240067,0000004000000001,4946462880366,1351,947
1763240075,0000008000000080,4946543735585,1681,948
1763240091,0000000100000004,4946701686715,2552,949
1763240107,0000000100000080,4946856728988,3630,950
1763240120,0000004800000080,4946990571982,778,951
1763240121,0000000800000001,4947003824234,5179,952
1763240130,0000000400000001,4947086364619,221,953
1763240131,0000000400000008,4947105696624,4250,954
1763240139,0000000400000004,4947183831124,4744,955
1763240146,0000008000000080,4947250840928,709,956
1763240155,0000000100000008,4947340327097,522,957
1763240163,0000000100000004,4947423509525,711,958
1763240171,0000004000000001,4947501199073,1219,959
1763240191,0000008000000080,4947703235466,4666,960
1763240205,0000000400000080,4947843534949,1403,961
1763240224,0000008000000004,4948031047599,525,962
1763240242,0000004000000080,4948209836911,162,963
1763240246,0000000200000008,4948248204866,3017,964
1763240252,0000000800000008,4948314255117,4265,965
1763240255,0000000400000001,4948342002459,2566,966
1763240258,0000000400000080,4948368707768,976,967
1763240264,0000000800000001,4948432240008,2337,968
1763240268,0000000100000001,4948472822398,5111,969
1763240283,0000004000000001,4948621171070,1370,970
1763240285,0000000100000002,4948644929627,5146,971
1763240329,0000000100000001,4949079085700,5002,972
1763240329,0000000100000003,4949079800587,4959,973
1763240361,0000000800000001,4949397063402,1442,974
1763240363,0000000100000002,4949420807305,5220,975
1763240365,0000000100000080,4949444673014,3778,976
1763240400,0000004000000080,4949793732359,3551,977
1763240408,0000008000000008,4949866295159,4397,978
1763240409,0000008000000080,4949877439603,3713,979
1763240445,0000000800000080,4950237692485,2799,980
1763240464,0000000100000080,4950433155652,1446,981
1763240477,0000000400000004,4950557092377,4395,982
1763240493,0000004000000008,4950725106532,4677,983
1763240496,0000008000000080,4950749209454,3201,984
1763240546,0000000100000001,4951252051573,4139,985
1763240553,0000000400000002,4951324899004,4952,986
1763240554,0000004000000008,4951335977482,4287,987
1763240557,0000000800000080,4951357020279,2992,988
1763240558,0000004000000001,4951371415595,2135,989
1763240571,0000008000000008,4951503440791,4604,990
1763240571,0000008000000080,4951504811692,4520,991
1763240577,0000008000000002,4951556709906,1381,992
1763240579,0000000100000001,4951580314005,5167,993
1763240591,0000008000000080,4951705248330,2820,994
1763240604,0000000800000080,4951829483829,569,995
1763240612,0000000800000008,4951913778504,690,996
1763240635,0000008000000080,4952143914663,2404,997
1763240641,0000008000000004,4952202235067,4116,998
1763240650,0000004000000001,4952288514977,4119,999
1763240653,0000004000000008,4952319364292,2242,1000
1763240653,0000004000000001,4952320767783,2160,1001
1763240670,0000008000000004,4952492594826,2210,1002
1763240683,0000008000000080,4952624416026,4693,1003
1763240689,0000008000000004,4952682009653,1210,1004
1763240706,0000008800000040,4952851103152,1428,1005
1763240722,0000000400000008,4953014451045,1988,1006
1763240726,0000004000000008,4953055238094,4747,1007
1763240739,0000000100000002,4953176492326,2616,1008
1763240749,0000000400000004,4953277833774,1728,1009
1763240752,0000000100000001,4953306132277,5231,1010
1763240756,0000008000000008,4953350929339,2512,1011
1763240770,0000000100000008,4953488929756,4629,1012
1763240773,0000008000000080,4953518187658,2837,1013
1763240777,0000000100000080,4953561170935,284,1014
1763240788,000000080000008a,4953674704777,3833,1015
1763240788,0000008000000080,4953674912515,3820,1016
1763240801,0000008000000008,4953800963088,1424,1017
1763240808,0000000100000001,4953868995197,2512,1018
1763240815,0000004000000008,4953936255226,3675,1019
1763240820,0000000400000004,4953995811920,5295,1020
1763240828,0000000100000008,4954067506319,974,1021
1763240838,000000c000000080,4954172397882,5063,1022
1763240861,0000000200000002,4954400217179,1734,1023
1763240885,0000008000000080,4954637414570,3035,1024
1763240886,0000000800000008,4954650389588,2260,1025
1763240899,0000000400000008,4954784015354,4634,1026
1763240902,0000000100000001,4954814182260,2786,1027
1763240912,0000008000000080,4954913255438,2033,1028
1763240915,0000000800000002,4954945772899,5284,1029
1763240929,0000000700000001,4955076769672,2574,1030
1763240931,0000008000000001,4955097598913,1335,1031
1763240939,0000008000000001,4955185071870,1267,1032
1763240955,0000008000000004,4955337337154,2484,1033
1763240968,0000000100000006,4955473411204,4717,1034
1763240971,0000000400000080,4955503318773,2887,1035
1763240976,0000000100000001,4955549622209,5319,1036
1763240989,0000008000000080,4955676667177,2846,1037
1763241009,0000000100000001,4955883204823,829,1038
1763241022,0000008000000002,4956009274655,3631,1039
1763241029,0000008000000080,4956079606960,4610,1040
1763241035,0000000800000008,4956139110290,1014,1041
1763241036,0000004000000080,4956154906508,5268,1042
1763241038,0000008000000080,4956172515809,4212,1043
1763241041,0000000100000001,4956196146343,2761,1044
1763241048,0000004000000004,4956272998765,3341,1045
1763241064,0000000400000001,4956426405287,4525,1046
1763241066,0000008000000002,4956454482532,2803,1047
1763241089,0000008000000080,4956683036936,4669,1048
1763241093,0000000100000001,4956717411365,2569,1049
1763241114,0000000100000004,4956930590371,165,1050
1763241116,0000000100000004,4956952895332,4011,1051
1763241124,0000000100000002,4957033418837,4367,1052
1763241136,0000008000000080,4957151481985,2431,1053
1763241139,0000008000000004,4957182268208,605,1054
1763241143,0000008000000080,4957222786248,3341,1055
1763241148,0000004000000080,4957271749597,417,1056
1763241185,0000008600000088,4957636145462,4470,1057
1763241215,0000000100000001,4957940380185,1733,1058
1763241221,0000008000000004,4958001333198,3252,1059
1763241222,0000000800000080,4958006128709,2958,1060
1763241226,0000000100000001,4958052537301,198,1061
1763241230,0000000100000001,4958087275403,3276,1062
1763241239,0000000800000080,4958176496602,3101,1063
1763241250,0000004000000001,4958287619974,1621,1064
1763241261,0000004000000004,4958405656803,4923,1065
1763241266,0000008000000002,4958451341092,2155,1066
1763241290,0000000100000003,4958694849945,3085,1067
1763241323,0000008000000080,4959016606286,4533,1068
1763241330,0000000400000002,4959090682240,5265,1069
1763241331,0000000100000080,4959104634291,4430,1070
1763241333,0000008000000002,4959121522436,3394,1071
1763241339,0000000100000001,4959181613338,4993,1072
1763241360,0000000800000080,4959390644480,2775,1073
1763241361,0000004000000080,4959396363103,2434,1074
1763241362,0000000400000002,4959406252079,1852,1075
1763241365,0000008000000080,4959442215377,4898,1076
1763241368,0000000400000008,4959468874789,3273,1077
1763241371,0000000800000001,4959496413888,1623,1078
1763241374,0000000100000001,4959533213582,4621,1079
1763241409,0000000100000001,4959885204347,4221,1080
1763241414,0000000100000004,4959932122490,1383,1081
1763241418,0000008000000080,4959971549752,4221,1082
1763241424,0000000100000008,4960032188768,573,1083
1763241440,0000004000000001,4960190399245,1428,1084
1763241469,0000004000000004,4960477881810,4926,1085
1763241474,0000000100000001,4960529264615,1819,1086
1763241481,0000000400000002,4960599679989,2764,1087
1763241489,0000000100000004,4960679876995,3139,1088
1763241490,0000004000000002,4960694988688,2231,1089
1763241495,0000008000000080,4960738164551,4852,1090
1763241508,0000008000000080,4960869490280,2125,1091
1763241519,0000000800000008,4960979320859,728,1092
1763241523,0000008000000002,4961022178876,3329,1093
1763241529,0000004000000008,4961083408879,4859,1094
1763241533,0000000100000004,4961124393399,2367,1095
1763241534,0000000400000004,4961134777377,1755,1096
1763241536,0000008000000001,4961149879149,852,1097
1763241565,0000008000000080,4961443318741,3982,1098
1763241568,0000000400000008,4961469808062,2365,1099
1763241574,0000004000000008,4961531008272,3898,1100
1763241578,0000004000000004,4961570780328,1497,1101
1763241597,0000008000000008,4961765622808,182,1102
1763241602,0000008000000080,4961813831763,2446,1103
1763241624,0000004000000004,4962033261630,4857,1104
1763241631,0000004000000001,4962099354323,869,1105
1763241638,0000008000000008,4962171198064,1738,1106
1763241655,0000004000000008,4962338671231,2047,1107
1763241657,0000008000000001,4962358948573,836,1108
1763241662,0000000100000002,4962408928869,3007,1109
1763241674,0000000100000004,4962532222904,804,1110
1763241696,0000000400000002,4962751619364,3171,1111
1763241700,0000000800000002,4962786962093,1055,1112
1763241717,0000000800000080,4962964992597,743,1113
1763241745,0000000800000008,4963238497050,5070,1114
1763241749,0000000400000001,4963282543697,2396,1115
1763241756,0000000100000080,4963351973287,3422,1116
1763241771,0000004000000002,4963502756661,4760,1117
1763241775,0000000800000081,4963542807037,2323,1118
1763241777,0000004000000001,4963557486017,1451,1119
1763241806,0000000800000004,4963846080286,4882,1120
1763241810,0000008000000001,4963895589152,1886,1121
1763241818,0000004000000004,4963973741306,2370,1122
1763241822,0000000200000002,4964011056928,162,1123
1763241827,0000000400000080,4964057371716,2531,1124
1763241833,0000000100000001,4964119978206,3983,1125
1763241835,0000004000000080,4964139663477,2774,1126
1763241838,0000000100000001,4964169949465,968,1127
1763241847,0000008000000080,4964264983240,459,1128
1763241849,0000008000000080,4964275968966,4991,1129
1763241871,0000000800000002,4964496569918,2089,1130
1763241875,0000000800000002,4964535856750,4939,1131
1763241875,0000000400000008,4964544461997,4425,1132
1763241888,0000000400000001,4964671659778,1948,1133
1763241901,0000000100000001,4964804903525,4340,1134
1763241909,0000004000000002,4964884741774,4733,1135
1763241913,0000008000000080,4964921198204,2508,1136
1763241923,0000008000000080,4965020753126,1727,1137
1763241923,0000000400000004,4965022454172,1625,1138
1763241942,0000000800000080,4965208483979,828,1139
1763241944,0000000300000001,4965231350621,4658,1140
1763241946,0000004000000001,4965252446788,3366,1141
1763241952,0000000100000001,4965305932851,172,1142
1763241960,0000000100000002,4965391349550,227,1143
1763241965,0000000400000080,4965445126869,2163,1144
1763241980,0000004000000004,4965589167019,3901,1145
1763242007,0000000400000004,4965860953696,3115,1146
1763242041,0000000100000008,4966205342928,3175,1147
1763242051,0000000400000008,4966305471789,2344,1148
1763242062,0000000100000080,4966411708901,1158,1149
1763242073,0000000400000001,4966519267064,5090,1150
1763242078,0000000400000004,4966566720792,2216,1151
1763242082,0000004000000080,4966613569717,4617,1152
1763242092,0000008000000080,4966706331402,4227,1153
1763242104,0000000400000002,4966829196907,2011,1154
1763242118,0000000100000080,4966969493835,3974,1155
1763242141,0000000800000001,4967198525640,589,1156
1763242182,0000008000000002,4967614175680,1542,1157
1763242186,0000008000000080,4967651752371,4494,1158
1763242187,0000004000000008,4967656356332,4214,1159
1763242193,0000008800000001,4967718335009,484,1160
1763242194,0000004000000008,4967729211186,5023,1161
1763242203,0000004100000004,4967817096113,4931,1162
1763242210,0000000100000001,4967893244823,353,1163
1763242212,0000000800000002,4967906606765,4744,1164
1763242223,0000008000000080,4968022944737,2908,1165
1763242233,0000000100000080,4968116680620,2466,1166
1763242244,0000000400000080,4968230128893,853,1167
1763242245,000000c000000080,4968236495021,479,1168
1763242247,0000000800000002,4968262471641,4108,1169
1763242250,0000000200000001,4968295050397,2131,1170
1763242256,0000000100000001,4968346696642,4239,1171
1763242267,0000000100000003,4968459131639,2639,1172
1763242297,0000000100000001,4968762016462,5221,1173
1763242324,0000004000000080,4969028254730,4794,1174
1763242330,0000000800000080,4969089734712,1078,1175
1763242336,0000004000000080,4969147620689,2775,1176
1763242366,0000000800000008,4969446118068,433,1177
1763242367,0000000100000004,4969464942131,4497,1178
1763242372,0000008000000001,4969512077843,1644,1179
1763242383,0000000400000008,4969621137110,295,1180
1763242402,0000004000000080,4969808570798,4601,1181
1763242404,0000004000000080,4969831419698,3200,1182
1763242414,0000008000000080,4969930881884,2408,1183
1763242432,0000000400000080,4970108388944,2124,1184
1763242440,0000000400000001,4970189426850,2437,1185
1763242441,0000000100000008,4970197359255,1970,1186
1763242442,0000000100000002,4970206707100,1410,1187
1763242444,0000000800000080,4970229382695,5252,1188
1763242462,0000000800000001,4970408938330,4843,1189
1763242467,0000000100000001,4970462616958,1599,1190
1763242471,0000000400000001,4970497086486,4735,1191
1763242487,0000000800000001,4970661064520,5254,1192
1763242518,0000000400000002,4970972023928,2113,1193
1763242519,0000000800000008,4970978052545,1757,1194
1763242525,0000004000000080,4971037887532,3346,1195
1763242526,0000000300000001,4971055475719,2284,1196
1763242531,0000000800000004,4971102511332,4676,1197
1763242535,0000000800000080,4971144821893,2108,1198
1763242549,0000000400000001,4971282852381,4213,1199
1763242562,0000008000000002,4971414129998,1495,1200
1763242572,0000000400000080,4971513698074,710,1201
1763242575,0000008000000002,4971536895834,4517,1202
1763242581,0000004000000080,4971596430919,920,1203
1763242587,0000004000000080,4971662923900,2106,1204
1763242600,000000c000000080,4971785680010,5127,1205
1763242615,0000000400000080,4971945055379,731,1206
1763242624,0000000100000080,4972029118453,863,1207
1763242635,0000008000000080,4972142435696,4447,1208
1763242640,0000004000000004,4972190516704,1538,1209
1763242645,0000008000000004,4972236325814,3986,1210
1763242647,0000000800000004,4972259118973,2591,1211
1763242664,0000000800000001,4972433879553,2469,1212
1763242670,0000004000000001,4972491215372,4241,1213
1763242670,0000008000000080,4972493072793,4128,1214
1763242674,0000000800000008,4972533209078,1699,1215
1763242680,0000000400000008,4972589197520,3525,1216
1763242683,000000c000000080,4972624257105,1416,1217
1763242686,0000000100000001,4972648794341,5147,1218
1763242696,0000008000000008,4972751025404,4193,1219
1763242713,0000000100000080,4972923087692,4231,1220
1763242717,0000000400000004,4972959952135,1996,1221
1763242738,0000000800000080,4973166952370,5140,1222
1763242738,0000008000000080,4973170486949,4932,1223
1763242752,0000004800000004,4973310195880,1706,1224
1763242754,0000008000000080,4973333110866,345,1225
1763242781,0000004000000004,4973604801059,4777,1226
1763242794,0000000800000008,4973734187570,2166,1227
1763242805,0000000400000080,4973840026136,1001,1228
1763242805,0000000100000002,4973841169016,933,1229
1763242816,0000008000000080,4973949474051,4820,1230
1763242832,0000000100000008,4974107813538,488,1231
1763242848,0000000400000080,4974270983445,1047,1232
1763242854,0000000400000008,4974334203800,2424,1233
1763242858,0000008000000080,4974374063300,5243,1234
1763242862,0000000100000001,4974410372819,3037,1235
1763242871,0000000800000004,4974504589296,2560,1236
1763242906,0000000400000002,4974848288026,2660,1237
1763242910,0000000400000008,4974895050767,5069,1238
1763242923,000000c000000080,4975024422827,2456,1239
1763242930,0000000100000001,4975087097479,3903,1240
1763242937,0000008000000080,4975158984761,4779,1241
1763242947,0000008000000001,4975260587083,3852,1242
1763242957,0000000100000006,4975363962107,2806,1243
1763242982,0000000800000004,4975615301458,3276,1244
1763242987,0000004000000080,4975663109323,424,1245
1763242993,0000000100000002,4975722908928,2001,1246
1763243002,0000000100000001,4975814648737,1680,1247
1763243009,0000000400000008,4975882276838,2790,1248
1763243012,0000000400000080,4975909683091,1157,1249
1763243031,0000000100000001,4976095630653,376,1250
1763243037,0000008000000004,4976163646106,1462,1251
1763243044,0000008000000080,4976233551739,2438,1252
1763243062,0000000400000001,4976411085222,2153,1253
1763243063,0000000100000003,4976415486264,1894,1254
1763243071,0000008000000080,4976496987921,2180,1255
1763243074,0000008000000001,4976528271600,321,1256
1763243077,0000004000000002,4976562331295,3446,1257
1763243086,0000004000000080,4976654106282,3112,1258
1763243088,0000008000000080,4976670773397,2114,1259
1763243091,0000000800000008,4976702696482,219,1260
1763243096,0000008000000080,4976745546755,2800,1261
1763243114,0000008000000002,4976934228820,1853,1262
1763243118,0000008000000004,4976970191170,4901,1263
1763243124,0000000400000001,4977034489307,1019,1264
1763243132,0000008000000080,4977106748071,1863,1265
1763243140,0000004000000004,4977186942888,2225,1266
1763243166,0000000800000001,4977454781507,1705,1267
1763243170,0000008000000080,4977489656090,4817,1268
1763243180,0000000400000002,4977585876733,4222,1269
1763243193,0000000800000002,4977719327506,1372,1270
1763243195,0000000800000001,4977740726325,5290,1271
1763243199,0000004000000002,4977785275810,2586,1272
1763243226,0000008000000008,4978052506123,2101,1273
1763243232,0000008000000080,4978108316083,3954,1274
1763243240,0000004000000080,4978194918306,3939,1275
1763243243,0000008000000001,4978225098758,2108,1276
1763243249,0000000100000080,4978281304712,3935,1277
1763243259,0000000100000080,4978378566183,3262,1278
1763243274,0000004000000080,4978525876450,4812,1279
1763243276,0000008000000001,4978546899690,3531,1280
1763243277,0000000100000008,4978562123329,2602,1281
1763243279,0000004000000001,4978580328959,1520,1282
1763243303,0000000100000004,4978824547970,2399,1283
1763243324,0000008000000080,4979031889864,343,1284
1763243325,0000000200000002,4979038332588,5145,1285
1763243339,0000000100000008,4979179243165,1851,1286
1763243343,0000000100000002,4979218097160,4725,1287
1763243363,0000000800000001,4979424208178,2682,1288
1763243365,0000008000000008,4979440068858,1744,1289
1763243367,0000000100000001,4979464036660,319,1290
1763243405,0000000800000001,4979838100607,3775,1291
1763243413,0000008000000040,4979922832017,3875,1292
1763243416,0000000300000001,4979949618821,2248,1293
1763243438,0000000800000080,4980171924544,4482,1294
1763243464,0000008000000080,4980428134524,4653,1295
1763243468,0000000800000001,4980470369895,2090,1296
1763243516,0000008000000008,4980947155222,4596,1297
1763243517,0000000400000080,4980956731308,4012,1298
1763243530,0000008000000080,4981091009032,1119,1299
1763243543,0000008000000002,4981218238985,3860,1300
1763243548,0000008000000080,4981271473860,663,1301
1763243551,0000000100000001,4981302789240,3972,1302
1763243553,0000000100000001,4981323474760,2701,1303
1763243554,0000004000000004,4981332519750,2166,1304
1763243565,0000004000000080,4981439956801,907,1305
1763243589,000000010000000a,4981680871099,1991,1306
1763243597,0000000100000080,4981763020778,2238,1307
1763243598,0000004000000002,4981769841213,1835,1308
1763243614,0000008000000004,4981934175466,2328,1309
1763243636,0000008000000080,4982148001653,5071,1310
1763243647,0000008000000080,4982257457312,3670,1311
1763243661,0000000800000004,4982398231470,410,1312
1763243676,0000008000000004,4982546841503,1842,1313
1763243676,0000004000000001,4982553058826,1468,1314
1763243681,0000000400000002,4982597835935,3979,1315
1763243692,0000008000000080,4982705536228,2669,1316
1763243696,0000000200000008,4982750015026,5213,1317
1763243699,0000000800000080,4982777644186,3540,1318
1763243702,0000008000000080,4982815137384,1285,1319
1763243705,0000000400000001,4982836935836,5179,1320
1763243724,0000008000000004,4983033459840,3739,1321
1763243734,0000000400000002,4983131190845,3037,1322
1763243746,0000008000000080,4983253369051,897,1323
1763243748,0000000400000002,4983265518379,181,1324
1763243762,0000000100000001,4983415096037,1553,1325
1763243764,0000000100000001,4983425355253,939,1326
1763243774,0000000100000007,4983534425301,4780,1327
1763243778,0000000400000002,4983568090700,2722,1328
1763243778,0000008000000080,4983572451279,2463,1329
1763243786,0000004000000080,4983648657702,3074,1330
1763243793,0000004000000080,4983718269972,4105,1331
1763243794,0000000800000004,4983730150254,3374,1332
1763243840,0000008000000002,4984190063319,1682,1333
1763243846,0000000100000008,4984248582273,3350,1334
1763243848,0000000800000001,4984268775561,2136,1335
1763243853,0000000100000001,4984317904878,4396,1336
1763243859,0000000100000004,4984380849998,606,1337
1763243861,0000004800000008,4984402954389,4474,1338
1763243884,0000000100000001,4984628479902,1277,1339
1763243903,0000000100000080,4984820520095,5320,1340
1763243916,0000004000000080,4984950798828,2651,1341
1763243917,0000008000000004,4984960245556,2094,1342
1763243917,0000008000000080,4984964464123,1843,1343
1763243924,0000008000000002,4985025582715,3357,1344
1763243938,0000000100000004,4985167637615,5215,1345
1763243943,0000004000000002,4985221108852,1985,1346
1763243952,0000000800000001,4985310242671,1819,1347
1763243954,0000000400000008,4985325923860,881,1348
1763243956,0000008000000080,4985349075351,4696,1349
1763243960,0000004000000002,4985394790225,1925,1350
1763243989,0000000400000002,4985681252528,296,1351
1763244007,0000008000000080,4985859038573,5177,1352
1763244012,0000000400000008,4985908441219,2186,1353
1763244021,0000000800000001,4985995223614,2162,1354
1763244028,0000000100000001,4986073998062,2608,1355
1763244033,0000000400000080,4986116058516,5297,1356
1763244042,0000008000000002,4986211825229,4738,1357
1763244081,0000000100000002,4986598264336,2243,1358
1763244099,0000008000000002,4986775636890,1967,1359
1763244120,0000000100000001,4986991285572,4597,1360
1763244120,0000000400000001,4986993525445,4461,1361
1763244124,0000000900000001,4987033982518,2007,1362
1763244149,0000000100000008,4987278753750,2854,1363
1763244156,0000008000000001,4987347062794,3963,1364
1763244166,0000000400000004,4987450232983,2927,1365
1763244192,0000000800000080,4987709994465,2884,1366
1763244205,0000000400000002,4987843492407,5265,1367
1763244222,0000000800000080,4988011763606,344,1368
1763244223,0000000100000001,4988020093724,5032,1369
1763244227,0000000800000001,4988065112587,2302,1370
1763244233,0000008000000002,4988120703550,4177,1371
1763244253,0000000100000002,4988324838180,2261,1372
1763244273,0000008000000080,4988524734022,647,1373
1763244274,0000004000000001,4988530372530,311,1374
1763244281,0000004000000002,4988601535118,1206,1375
1763244287,0000004000000080,4988656164648,3104,1376
1763244289,0000008000000001,4988684215285,1428,1377
1763244297,0000000800000008,4988764292389,1804,1378
1763244310,0000004800000008,4988886925152,4833,1379
1763244317,0000000800000080,4988959456523,468,1380
1763244319,0000008000000001,4988981615349,4330,1381
1763244321,0000000400000080,4988996915449,3389,1382
1763244327,0000004000000080,4989063530761,4597,1383
1763244329,0000000400000002,4989077311236,3757,1384
1763244348,0000000100000001,4989271936123,2419,1385
1763244354,0000004000000008,4989330254676,4131,1386
1763244366,0000004000000004,4989450232906,2090,1387
1763244368,0000000800000080,4989471470385,824,1388
1763244368,0000000100000001,4989472983641,736,1389
1763244372,0000000100000001,4989507316592,3863,1390
1763244380,0000000400000080,4989591429282,4000,1391
1763244388,0000004000000008,4989671585866,4378,1392
1763244389,0000000400000001,4989679090699,3920,1393
1763244405,0000004000000004,4989843527407,4424,1394
1763244408,0000000100000002,4989873728554,2576,1395
1763244422,000000c000000080,4990011220100,4724,1396
1763244426,0000000400000008,4990053315749,2167,1397
1763244439,0000008000000004,4990184924064,4663,1398
1763244457,0000000800000001,4990361383430,4437,1399
1763244469,0000000100000001,4990476400642,2679,1400
1763244485,0000000400000001,4990638736880,3312,1401
1763244520,0000008000000080,4990986456853,3166,1402
1763244521,0000008000000080,4990996588475,2553,1403
1763244552,0000000100000002,4991309814979,4518,1404
1763244554,0000000400000004,4991332791188,3108,1405
1763244558,0000008800000080,4991372480482,740,1406
1763244564,0000000100000001,4991430021461,2451,1407
1763244567,0000008000000004,4991456345105,885,1408
1763244569,0000004000000004,4991475507776,4938,1409
1763244585,0000000100000003,4991641281980,162,1410
1763244594,0000008000000080,4991727078455,194,1411
1763244607,0000000200000001,4991863338197,2357,1412
1763244632,0000000100000004,4992109977659,3103,1413
1763244638,0000000800000008,4992166051334,4948,1414
1763244650,0000008000000008,4992293447764,2452,1415
1763244655,0000000100000002,4992341443029,4789,1416
1763244658,0000004000000080,4992374425267,2774,1417
1763244681,0000008000000008,4992604183709,4567,1418
1763244696,0000000100000002,4992751291768,897,1419
1763244712,000000040000000c,4992905456969,2005,1420
1763244726,0000004000000008,4993049463094,3739,1421
1763244730,000000c800000002,4993086476009,1508,1422
1763244736,0000008000000080,4993145988255,3111,1423
1763244738,0000000500000002,4993172163079,1547,1424
1763244754,0000000800000002,4993334938933,2138,1425
1763244759,0000000800000001,4993382127880,4516,1426
1763244762,0000000100000001,4993410099945,2802,1427
1763244780,0000000400000004,4993590656596,2332,1428
1763244794,0000004000000004,4993733037186,4181,1429
1763244817,0000000100000001,4993963450833,705,1430
1763244822,0000000400000008,4994011373476,2991,1431
1763244826,0000000100000002,4994051499950,605,1432
1763244828,0000004000000080,4994072153150,4560,1433
1763244842,0000000100000008,4994207197629,1613,1434
1763244842,0000008000000008,4994209710182,1462,1435
1763244855,0000000c00000009,4994339013043,4084,1436
1763244864,0000000100000080,4994426677242,4003,1437
1763244880,0000004000000008,4994592623373,4415,1438
1763244888,0000000400000001,4994667567258,2003,1439
1763244889,0000000800000002,4994675638273,4616,1440
1763244893,0000008000000080,4994721438893,1843,1441
1763244898,0000008000000008,4994768456440,4225,1442
1763244934,0000000800000080,4995127991437,3354,1443
1763244944,0000000100000008,4995233929434,2174,1444
1763244948,0000008000000080,4995271698943,5113,1445
1763244949,0000004800000006,4995282143717,4490,1446
1763244967,0000000100000001,4995460970504,4118,1447
1763244978,0000008000000001,4995571492408,2635,1448
1763244990,0000008000000002,4995688474652,812,1449
1763245011,0000004000000004,4995898115867,3784,1450
1763245013,0000004000000080,4995917584704,2591,1451
1763245047,0000000100000002,4996256969259,2953,1452
1763245047,0000000100000008,4996259419647,2804,1453
1763245067,0000004000000001,4996460959119,1083,1454
1763245070,0000008000000080,4996490006077,4549,1455
1763245071,0000000100000001,4996499033398,3998,1456
1763245134,0000000400000001,4997129749700,2394,1457
1763245164,0000000100000001,4997429753778,5147,1458
1763245179,0000004000000004,4997577868773,1419,1459
1763245198,0000000400000008,4997771725849,164,1460
1763245208,0000000100000001,4997866727887,4838,1461
1763245208,0000000400000004,4997871156517,4572,1462
1763245224,0000008000000080,4998028477017,301,1463
1763245235,0000000800000004,4998135273570,4264,1464
1763245237,0000000100000001,4998155471139,3021,1465
1763245238,0000004000000002,4998173707064,1933,1466
1763245244,0000008000000002,4998225578695,4020,1467
1763245248,0000000100000001,4998270399451,1313,1468
1763245264,0000004000000001,4998434225816,1846,1469
1763245292,0000004000000001,4998707131321,1014,1470
1763245292,0000008000000080,4998710600889,810,1471
1763245298,0000000100000002,4998774301923,2158,1472
1763245330,0000008000000002,4999090326548,3941,1473
1763245330,0000000400000080,4999094226229,3701,1474
1763245333,0000008000000080,4999116237347,2362,1475
1763245337,0000000400000001,4999159333496,4988,1476
1763245337,0000000100000008,4999163340768,4750,1477
1763245344,0000000800000080,4999232292322,600,1478
1763245347,0000004000000080,4999259261474,4170,1479
1763245353,0000000100000080,4999317648209,657,1480
1763245358,0000000100000001,4999365852817,2926,1481
1763245367,0000000800000004,4999463910292,2226,1482
1763245380,0000000400000004,4999592916702,4877,1483
1763245382,0000000400000008,4999606593649,4051,1484
1763245382,0000000800000080,4999609979847,3843,1485
1763245404,0000000800000080,4999830866885,938,1486
1763245404,0000000400000002,4999832617567,836,1487
1763245424,0000000400000002,5000025303185,4838,1488
1763245444,0000004000000001,5000228429877,2979,1489
1763245463,0000004000000004,5000415866155,2099,1490
1763245472,0000008000000002,5000509025503,1694,1491
1763245475,0000004000000080,5000539711313,5056,1492
1763245510,0000004000000004,5000892399850,4620,1493
1763245515,0000000800000002,5000942586295,1583,1494
1763245521,0000000100000001,5001002583084,3158,1495
1763245533,0000000100000001,5001118188927,1408,1496
1763245535,0000000100000002,5001140458444,5274,1497
1763245539,0000008000000080,5001178832245,2941,1498
1763245542,0000000100000080,5001212435710,935,1499
1763245551,0000000100000001,5001304752254,588,1500
1763245556,0000000800000004,5001352540927,2879,1501
1763245561,0000000400000008,5001404093919,4999,1502
1763245577,0000000100000002,5001564220287,563,1503
1763245593,0000008000000084,5001718293698,1667,1504
1763245644,0000000800000004,5002227307459,2205,1505
1763245649,0000008000000080,5002276351297,4472,1506
1763245670,0000000200000008,5002488321627,2089,1507
1763245672,0000000100000008,5002514362485,543,1508
1763245687,0000000400000004,5002654811556,2453,1509
1763245694,0000000800000080,5002731285498,3048,1510
1763245698,0000000400000080,5002768433390,831,1511
1763245699,0000000100000001,5002778954598,211,1512
1763245716,000000c000000080,5002946238978,534,1513
1763245726,0000004000000080,5003047694574,4819,1514
1763245730,0000000200000002,5003090357896,2229,1515
1763245746,0000000400000001,5003247362026,3170,1516
1763245755,0000000100000002,5003341779917,2679,1517
1763245761,0000000500000002,5003404215828,4146,1518
1763245769,0000008000000080,5003483509354,4574,1519
1763245769,0000004000000008,5003484650749,821,1520
1763245770,0000000800000002,5003487665348,4323,1521
1763245778,0000000100000080,5003571131517,4497,1522
1763245779,0000000800000080,5003583529600,3739,1523
1763245794,0000000400000008,5003726483584,345,1524
1763245797,0000008000000002,5003756345259,3731,1525
1763245833,0000008000000080,5004122923943,2438,1526
1763245849,0000000100000008,5004283027264,3199,1527
1763245859,0000000200000001,5004377810586,2685,1528
1763245870,0000000100000008,5004491401132,1062,1529
1763245876,0000000100000083,5004554541812,2444,1530
1763245877,0000000400000004,5004557590555,2265,1531
1763245881,0000000400000001,5004604449274,4669,1532
1763245896,0000000400000001,5004745272361,1371,1533
1763245899,0000000100000001,5004776503121,4706,1534
1763245902,0000000100000001,5004806073012,2895,1535
1763245903,0000004000000080,5004815133656,2353,1536
1763245907,0000008000000080,5004862456196,4728,1537
1763245909,0000000400000080,5004875729166,3922,1538
1763245920,0000008000000080,5004992943747,2052,1539
1763245928,0000000100000004,5005074238439,2348,1540
1763245934,0000000800000002,5005125128305,4510,1541
1763245938,0000008000000001,5005171763180,1687,1542
1763245942,0000000100000001,5005213407573,4393,1543
1763245951,0000008000000008,5005303209288,4183,1544
1763245962,0000000400000080,5005405334381,3210,1545
1763245998,0000000400000001,5005764758667,2364,1546
1763246007,0000008000000080,5005858154940,1948,1547
1763246014,0000008000000080,5005930621385,2769,1548
1763246023,0000000400000008,5006021964276,2471,1549
1763246024,0000000100000001,5006034303767,1742,1550
1763246025,0000004000000001,5006042881089,1225,1551
1763246031,0000004000000080,5006098604838,3057,1552
1763246060,0000004000000002,5006385836193,1371,1553
1763246068,0000000800000008,5006466615336,1706,1554
1763246082,0000000400000080,5006608806554,3540,1555
1763246088,0000000400000001,5006672154016,4938,1556
1763246090,0000008000000001,5006689374625,3897,1557
1763246093,0000008000000004,5006722573961,1890,1558
1763246100,0000000800000001,5006790635529,2978,1559
1763246118,0000000100000001,5006969566869,2601,1560
1763246123,0000004000000008,5007024141601,4544,1561
1763246139,0000008000000080,5007180334873,343,1562
1763246166,0000000100000004,5007445096365,5187,1563
1763246166,0000000400000001,5007447866314,5023,1564
1763246170,0000008000000080,5007493329464,2265,1565
1763246176,0000000400000004,5007551102128,4002,1566
1763246199,0000000400000080,5007777185819,787,1567
1763246210,0000000800000008,5007892982736,4217,1568
1763246228,0000004000000002,5008072821313,3778,1569
1763246239,0000000100000001,5008184601688,2234,1570
1763246265,0000004000000001,5008443612917,2235,1571
1763246270,0000000900000004,5008489066350,4722,1572
1763246271,0000004000000004,5008504047433,3809,1573
1763246279,0000000400000001,5008581144902,4375,1574
1763246282,0000000100000008,5008609318400,2650,1575
1763246286,0000008000000080,5008651320978,162,1576
1763246288,0000000100000008,5008673338100,4018,1577
1763246293,0000008000000001,5008715456503,1473,1578
1763246296,0000000400000004,5008751411489,4523,1579
1763246314,0000000100000080,5008933911961,3923,1580
1763246339,0000000200000002,5009178590087,4794,1581
1763246351,000000c000000080,5009300431532,2628,1582
1763246408,000000c000000080,5009872016041,4635,1583
1763246416,0000000400000008,5009951218622,5061,1584
1763246434,0000008000000080,5010131360139,4616,1585
1763246443,0000000400000001,5010217380819,4637,1586
1763246444,0000004000000008,5010228266630,3973,1587
1763246447,0000008000000080,5010262919151,1879,1588
1763246454,0000008000000080,5010330053633,3023,1589
1763246458,0000008000000080,5010367338460,798,1590
1763246484,0000004000000080,5010633965995,351,1591
1763246499,0000000100000001,5010778104186,2048,1592
1763246514,0000000100000001,5010931331933,3214,1593
1763246516,0000008000000080,5010953955998,1861,1594
1763246525,0000000800000001,5011036337446,2095,1595
1763246532,0000004000000004,5011112016237,2727,1596
1763246534,0000000100000002,5011133476533,1451,1597
1763246545,0000000100000004,5011240131956,248,1598
1763246545,000000c000000080,5011241603610,162,1599
1763246547,0000008000000080,5011261364190,4160,1600
1763246553,0000000100000001,5011323610464,417,1601
1763246554,0000000400000004,5011329346231,5262,1602
1763246566,0000000100000008,5011447618288,3326,1603
1763246584,0000000400000080,5011627167986,2904,1604
1763246584,0000000200000002,5011629854207,2741,1605
1763246597,0000000100000080,5011761370834,5244,1606
1763246617,0000004000000004,5011959250119,3722,1607
1763246622,0000000100000004,5012005648666,929,1608
1763246632,0000000800000080,5012108730972,5126,1609
1763246646,0000000400000001,5012253093417,1624,1610
1763246665,0000004000000080,5012444056180,540,1611
1763246673,0000008000000080,5012520559097,1116,1612
1763246684,0000000100000020,4462869613453,5208,1613
1763246697,0000008000000004,5012759916739,2290,1614
1763246698,0000004000000001,5012771175439,1623,1615
1763246699,0000000800000080,5012780442261,1066,1616
1763246699,0000000400000080,5012783874669,863,1617
1763246711,0000000100000008,5012903036050,4092,1618
1763246723,0000000800000002,5013018185277,2336,1619
1763246726,0000000800000004,5013052862804,278,1620
1763246728,0000000800000001,5013068946393,4505,1621
1763246731,0000000200000001,5013098755669,2679,1622
1763246736,0000008000000002,5013145825236,5070,1623
1763246740,0000000800000004,5013186126559,2617,1624
1763246749,0000000100000001,5013276603220,2371,1625
1763246778,0000000400000004,5013566333311,552,1626
1763246792,0000000100000001,5013706355408,2489,1627
1763246792,0000000400000001,5013712181388,2147,1628
1763246800,0000000800000080,5013794471422,2384,1629
1763246802,0000000400000001,5013805824610,1713,1630
1763246802,0000008000000080,5013808820467,1532,1631
1763246806,0000000100000004,5013848309758,4368,1632
1763246810,0000000c00000001,5013887688445,1980,1633
1763246825,0000008000000002,5014037987654,3323,1634
1763246830,0000000400000008,5014087994980,339,1635
1763246840,0000004000000008,5014194113717,4342,1636
1763246853,0000008000000080,5014314947836,2243,1637
1763246857,0000000800000008,5014360299816,4734,1638
1763246864,0000004000000080,5014431992107,420,1639
1763246864,0000008000000002,5014432161248,410,1640
1763246865,0000000100000001,5014438865128,5196,1641
1763246868,0000008000000008,5014473735555,3075,1642
1763246887,0000008000000080,5014661736065,2160,1643
1763246892,0000000100000080,5014712072149,4349,1644
1763246900,0000000100000001,5014784508958,5180,1645
1763246900,0000000100000008,5014790193369,4843,1646
1763246910,0000004100000004,5014886207432,4260,1647
1763246942,0000000100000080,5015210805921,319,1648
1763246949,0000008000000084,5015280177901,1323,1649
1763246956,0000008000000080,5015346646222,2504,1650
1763246960,0000000100000001,5015394207696,4866,1651
1763246973,0000000100000002,5015522339142,2327,1652
1763246993,0000008000000008,5015720171437,830,1653
1763247003,0000000800000001,5015822921255,5045,1654
1763247007,0000000400000004,5015861179104,2715,1655
1763247026,0000000100000008,5016048099170,1873,1656
1763247031,0000004000000001,5016100600292,3920,1657
1763247033,0000000400000008,5016120909818,2674,1658
1763247053,0000000400000080,5016320865145,1049,1659
1763247057,0000000400000004,5016362812946,3723,1660
1763247074,0000004000000002,5016531219522,3988,1661
1763247077,0000000100000001,5016561127428,2171,1662
1763247085,0000000800000004,5016642346506,2473,1663
1763247099,0000000100000001,5016779819323,4622,1664
1763247110,0000000400000002,5016893023445,2976,1665
1763247113,0000000100000008,5016919540667,1394,1666
1763247117,0000000400000001,5016961309780,4088,1667
1763247130,0000000800000002,5017088046368,1646,1668
1763247151,0000008000000004,5017301610022,4397,1669
1763247177,0000000800000008,5017556911433,4622,1670
1763247178,0000000800000001,5017564854450,4141,1671
1763247206,0000000800000004,5017851971421,2424,1672
1763247210,0000000300000001,5017893965897,5118,1673
1763247218,0000000100000008,5017969202647,595,1674
1763247227,0000000100000004,5018062623857,172,1675
1763247228,0000000800000004,5018070871802,4868,1676
1763247229,0000000400000001,5018076125501,4554,1677
1763247236,0000000100000001,5018153346897,5097,1678
1763247246,0000000800000001,5018252784040,4313,1679
1763247247,0000000400000002,5018258504838,3964,1680
1763247250,0000000400000001,5018284613964,2371,1681
1763247255,0000000100000001,5018340806148,4212,1682
1763247257,0000000800000080,5018357528715,3181,1683
1763247263,0000000100000080,5018423621594,4426,1684
1763247273,0000008000000001,5018514806044,4132,1685
1763247275,0000000100000004,5018537187822,2756,1686
1763247287,0000000100000001,5018664181640,343,1687
1763247303,0000000400000004,5018815807331,1594,1688
1763247305,000000c000000080,5018837914199,281,1689
1763247310,0000000100000002,5018888675639,2391,1690
1763247311,0000000500000001,5018898614813,1805,1691
1763247329,0000000100000001,5019083445349,1076,1692
1763247332,0000000200000004,5019108999294,4751,1693
1763247335,0000008000000080,5019136268273,3081,1694
1763247336,0000000400000008,5019145332954,2533,1695
1763247345,0000000400000001,5019235173915,2327,1696
1763247359,0000000100000080,5019382476885,3871,1697
1763247363,0000000400000001,5019414413709,1941,1698
1763247364,0000004000000004,5019426885767,1191,1699
1763247378,0000000800000080,5019565319666,3246,1700
1763247380,0000000100000008,5019594315241,1509,1701
1763247389,0000000800000001,5019677509716,1699,1702
1763247423,0000004000000008,5020017402562,2024,1703
1763247434,0000004000000080,5020130084051,460,1704
1763247449,0000000900000004,5020279469618,1846,1705
1763247455,0000008000000080,5020342945351,3213,1706
1763247465,0000004000000080,5020441701854,2463,1707
1763247486,0000008000000008,5020646834442,539,1708
1763247489,0000008000000001,5020681590633,3628,1709
1763247490,0000000100000004,5020694157323,2856,1710
1763247491,0000000100000004,5020704029495,2268,1711
1763247509,0000000800000008,5020883429879,1872,1712
1763247517,0000000800000001,5020957031398,2625,1713
1763247520,0000004000000004,5020985620287,924,1714
1763247531,0000004000000001,5021102114091,4317,1715
1763247538,0000000100000004,5021172401963,5277,1716
1763247549,0000004000000080,5021274502612,4335,1717
1763247559,0000000100000080,5021374485144,3497,1718
1763247603,0000008000000080,5021818466661,2746,1719
1763247608,0000000500000001,5021872938914,4696,1720
1763247610,0000000100000008,5021890236729,3640,1721
1763247616,0000000100000001,5021944844374,369,1722
1763247616,0000004000000004,5021946812303,255,1723
1763247617,0000004000000080,5021956971061,4834,1724
1763247617,0000000100000001,5021961575778,4559,1725
1763247634,0000008000000080,5022132934688,4638,1726
1763247644,0000008000000002,5022225627353,4254,1727
1763247645,0000000800000008,5022238093475,3481,1728
1763247651,0000000800000008,5022298953638,5035,1729
1763247661,0000008000000002,5022397597687,4298,1730
1763247672,0000004000000080,5022508332044,2800,1731
1763247707,0000000100000001,5022855176866,2711,1732
1763247709,0000000100000001,5022878034054,1352,1733
1763247728,0000008000000080,5023067402575,365,1734
1763247739,0000004000000001,5023177288115,4140,1735
1763247747,0000004000000004,5023262180878,4229,1736
1763247748,0000000100000080,5023271732519,3640,1737
1763247749,0000004000000002,5023283348639,2927,1738
1763247751,0000004000000008,5023298597355,2020,1739
1763247753,000000c000000080,5023322024445,629,1740
1763247758,0000008100000081,5023371548333,2814,1741
1763247760,0000008000000008,5023386067273,1953,1742
1763247763,0000000100000001,5023418004576,5241,1743
1763247763,0000008000000080,5023421526197,5031,1744
1763247786,0000008000000001,5023652917069,1486,1745
1763247800,0000000100000008,5023788414368,3726,1746
1763247811,0000000500000001,5023901244266,2125,1747
1763247815,0000000400000008,5023940744584,4961,1748
1763247817,0000000800000002,5023957153099,3971,1749
1763247826,0000000100000001,5024049982132,3570,1750
1763247829,0000000100000080,5024083193018,1573,1751
1763247833,0000004000000008,5024117580287,4716,1752
1763247836,0000008000000001,5024152231785,2599,1753
1763247846,0000000c00000001,5024245488296,2191,1754
1763247846,0000004000000008,5024250748744,1880,1755
1763247850,0000000100000004,5024293998259,4492,1756
1763247852,0000000100000008,5024307552866,3662,1757
1763247852,0000000800000080,5024307890935,3640,1758
1763247859,0000000800000004,5024380538327,4480,1759
1763247876,0000000100000001,5024544259753,5016,1760
1763247876,0000000800000004,5024550831786,4625,1761
1763247881,0000004000000002,5024601169238,1577,1762
1763247883,0000000100000080,5024619598745,486,1763
1763247885,0000000100000001,5024635513193,4722,1764
1763247900,0000008000000001,5024788559395,705,1765
1763247909,0000008000000080,5024882816917,235,1766
1763247912,0000008000000002,5024911010837,3719,1767
1763247915,0000008000000080,5024940982327,1912,1768
1763247946,0000008000000001,5025252622251,3953,1769
1763247948,0000000400000004,5025268456967,2977,1770
1763247961,0000000100000008,5025396932924,470,1771
1763247966,0000008000000001,5025450440616,2418,1772
1763247968,0000000100000001,5025468009730,1373,1773
1763247969,0000000100000003,5025484104939,421,1774
1763247993,0000008000000080,5025715419715,2068,1775
1763247996,0000000100000001,5025752240656,5063,1776
1763248006,0000000100000001,5025852403697,4235,1777
1763248037,0000008000000002,5026161709496,1196,1778
1763248038,0000000800000080,5026169818967,720,1779
1763248046,0000000800000001,5026246438976,1294,1780
1763248052,0000004000000004,5026305327961,2932,1781
1763248061,0000000100000004,5026397682120,2570,1782
1763248065,0000000400000004,5026436506271,267,1783
1763248081,0000000100000001,5026602556578,660,1784
1763248088,0000004000000004,5026666013215,2021,1785
1763248097,0000000400000008,5026759016746,1624,1786
1763248114,0000000100000080,5026933098156,1541,1787
1763248118,0000004000000008,5026970567323,4498,1788
1763248160,0000000100000001,5027385771934,298,1789
1763248168,0000008000000080,5027471941121,308,1790
1763248169,0000004000000008,5027480263685,4999,1791
1763248203,0000000400000004,5027814543243,473,1792
1763248217,0000000400000001,5027955176769,2376,1793
1763248220,000000c000000080,5027992156114,181,1794
1763248229,0000000800000008,5028078867433,162,1795
1763248248,0000000100000002,5028272624340,4079,1796
1763248249,0000004000000002,5028278862928,3695,1797
1763248255,0000008000000080,5028338752715,5293,1798
1763248262,0000000100000080,5028411129363,933,1799
1763248269,0000000200000001,5028478760164,2051,1800
1763248269,0000008000000002,5028481933411,1863,1801
1763248276,0000000400000080,5028544829489,3267,1802
1763248281,0000000100000001,5028598579736,5247,1803
1763248282,0000000100000002,5028611927028,4451,1804
1763248297,0000008000000002,5028763506565,522,1805
1763248299,0000000100000008,5028781275291,4652,1806
1763248312,0000000400000002,5028905436528,2349,1807
1763248346,0000008000000080,5029247375985,2551,1808
1763248381,0000004000000008,5029604032597,1886,1809
1763248397,0000000100000001,5029756020272,3122,1810
1763248400,0000000200000008,5029787402292,1244,1811
1763248411,0000008000000080,5029902245591,4743,1812
1763248434,0000000400000002,5030128793293,1485,1813
1763248437,000000c000000080,5030154188612,5163,1814
1763248440,000000c000000080,5030192053595,2859,1815
1763248467,000000c000000080,5030456671381,2524,1816
1763248468,0000000800000004,5030471498779,1646,1817
1763248483,0000000800000002,5030622083036,2962,1818
1763248499,0000000100000001,5030783308895,3667,1819
1763248502,0000008000000080,5030810055854,2052,1820
1763248518,0000000100000001,5030972447234,2660,1821
1763248539,0000004000000001,5031179366034,630,1822
1763248539,0000000100000080,5031180925929,538,1823
1763248539,0000000100000001,5031182188889,462,1824
1763248545,0000000800000001,5031239385340,2194,1825
1763248579,0000000400000080,5031579440375,2505,1826
1763248592,0000000100000003,5031710470270,5039,1827
1763248596,0000008000000080,5031744180152,2987,1828
1763248596,0000004000000080,5031749340290,2672,1829
1763248612,0000000100000008,5031912451711,3256,1830
1763248613,000000c000000080,5031917336963,2957,1831
1763248638,0000008000000008,5032170607256,3312,1832
1763248640,0000000400000001,5032192689022,1986,1833
1763248641,0000008000000080,5032199651384,1571,1834
1763248647,0000000100000004,5032261800548,3013,1835
1763248654,0000008000000080,5032331093462,4064,1836
1763248669,0000000400000001,5032478470305,397,1837
1763248687,0000000100000003,5032654239999,213,1838
1763248696,0000004000000004,5032749307369,4880,1839
1763248701,0000004000000008,5032800910154,1760,1840
1763248706,0000000100000001,5032848756938,4088,1841
1763248727,0000008000000004,5033061873894,1644,1842
1763248736,0000000800000002,5033147063453,1713,1843
1763248744,0000000800000080,5033226107856,2147,1844
1763248777,0000000800000080,5033563210584,2636,1845
1763248778,0000000400000008,5033566714590,2428,1846
1763248781,0000000100000003,5033602596835,298,1847
1763248788,0000000100000008,5033664100850,1775,1848
1763248793,0000000400000001,5033718743081,3686,1849
1763248799,0000000200000001,5033774943643,319,1850
1763248800,0000008000000080,5033788878975,4675,1851
1763248805,0000008000000080,5033835256181,1866,1852
1763248806,0000000800000001,5033845912739,1226,1853
1763248808,0000000400000004,5033866410181,5200,1854
1763248823,0000000400000080,5034024006584,905,1855
1763248829,0000000100000003,5034076977276,2889,1856
1763248830,0000000400000008,5034089763819,2134,1857
1763248837,0000000100000004,5034162807397,2927,1858
1763248843,0000000800000002,5034215087005,5004,1859
1763248849,0000008000000001,5034275351353,1363,1860
1763248849,0000008000000008,5034277833823,1214,1861
1763248851,0000008000000080,5034296797308,5280,1862
1763248872,0000000100000004,5034504027332,3181,1863
1763248882,0000000100000001,5034612344169,1867,1864
1763248902,0000008000000010,5034812682484,224,1865
1763248906,0000000100000080,5034845645096,3413,1866
1763248920,0000004000000008,5034992339781,4994,1867
1763248951,0000000400000004,5035299709034,2068,1868
1763248979,0000000100000001,5035581189296,735,1869
1763248981,0000004000000080,5035599552075,4829,1870
1763249004,0000008000000001,5035833045657,1154,1871
1763249016,0000000100000001,5035946910321,4711,1872
1763249025,0000000100000001,5036035253025,4591,1873
1763249025,0000004000000080,5036041555813,4208,1874
1763249026,0000000100000080,5036050783446,3640,1875
1763249046,0000000100000001,5036250120683,2032,1876
1763249052,0000008000000080,5036303985821,4000,1877
1763249052,0000001000000010,5036312560959,3472,1878
1763249055,0000000800000004,5036342017057,1701,1879
1763249068,0000000800000008,5036471400378,4322,1880
1763249069,0000008000000080,5036477011906,3979,1881
1763249095,0000004000000004,5036735214344,4030,1882
1763249097,000000c80000008b,5036763202444,2326,1883
1763249102,0000000100000001,5036805374273,5006,1884
1763249107,0000000100000001,5036858370885,1805,1885
1763249111,0000008000000008,5036899434221,4547,1886
1763249116,0000000100000004,5036953940675,1249,1887
1763249118,0000008000000008,5036964019937,657,1888
1763249120,0000000800000001,5036988510875,4382,1889
1763249125,0000000100000002,5037040142000,1257,1890
1763249140,0000000100000001,5037193873673,2388,1891
1763249150,0000004000000008,5037287209180,1976,1892
1763249160,0000004000000001,5037386951749,1172,1893
1763249183,0000000800000008,5037618611433,2804,1894
1763249201,0000000400000002,5037801016071,2228,1895
1763249207,0000008000000004,5037862901603,3709,1896
1763249226,0000000800000004,5038048203570,2935,1897
1763249257,0000004000000008,5038363448694,4777,1898
1763249289,000000080000000c,5038675624985,1563,1899
1763249303,0000000400000001,5038819298994,3303,1900
1763249304,0000008000000080,5038828339517,2750,1901
1763249306,0000000400000002,5038848593246,1547,1902
1763249313,0000000100000008,5038923636361,2219,1903
1763249330,0000008000000080,5039090211169,2581,1904
1763249339,0000008000000008,5039179095816,2430,1905
1763249360,0000000100000001,5039393369643,5147,1906
1763249369,0000000800000001,5039477281124,5292,1907
1763249369,0000008000000080,5039482134084,5003,1908
1763249387,0000008000000080,5039662812360,4526,1909
1763249390,0000008000000080,5039687664250,3000,1910
1763249391,0000004000000080,5039702442367,2118,1911
1763249400,0000000800000001,5039791448253,1962,1912
1763249402,0000000100000002,5039807817995,982,1913
1763249404,0000004000000080,5039824338007,5191,1914
1763249414,0000004000000002,5039932948631,3848,1915
1763249423,0000004000000008,5040015470731,4083,1916
1763249435,0000000800000002,5040138926310,1837,1917
1763249437,0000000200000002,5040162992050,406,1918
1763249439,0000000800000001,5040174924482,4882,1919
1763249444,0000000800000002,5040225961094,1796,1920
1763249447,0000000400000002,5040257580958,5101,1921
1763249459,0000000400000004,5040378653934,2987,1922
1763249474,0000000800000004,5040528242282,4406,1923
1763249476,0000008000000080,5040553625619,2847,1924
1763249481,0000008000000080,5040596910607,276,1925
1763249483,0000000100000001,5040616098072,4314,1926
1763249494,0000000400000004,5040729248807,2671,1927
1763249511,0000008000000080,5040896739493,2987,1928
1763249513,0000004000000080,5040915861764,1847,1929
1763249521,0000008000000001,5041003430284,1769,1930
1763249526,0000000800000001,5041043958556,4551,1931
1763249530,0000000800000080,5041085217179,2044,1932
1763249536,0000000200000008,5041151099790,3273,1933
1763249541,0000000400000080,5041200870011,303,1934
1763249595,0000000800000001,5041734627481,4554,1935
1763249597,0000000400000008,5041756091852,3237,1936
1763249602,0000008000000080,5041809911070,5212,1937
1763249607,0000004000000004,5041859406835,2217,1938
1763249620,0000000100000004,5041991721358,4670,1939
1763249625,0000004000000004,5042040418092,1723,1940
1763249642,0000008000000008,5042212353531,1768,1941
1763249650,0000000400000080,5042284111412,2631,1942
1763249657,0000004000000080,5042356245124,3499,1943
1763249659,0000000800000004,5042383010706,1889,1944
1763249675,0000000100000004,5042536820754,3014,1945
1763249678,0000004000000004,5042566656893,1230,1946
1763249685,0000008000000002,5042638189439,2118,1947
1763249714,0000000100000001,5042928385537,265,1948
1763249714,0000000100000001,5042933364854,5155,1949
1763249718,0000000100000001,5042972589561,2767,1950
1763249729,0000000800000008,5043083087479,1329,1951
1763249734,0000004000000002,5043127688739,3849,1952
1763249751,0000008000000008,5043299171239,3924,1953
1763249755,0000000400000001,5043334720463,1775,1954
1763249760,0000004000000004,5043384958075,3958,1955
1763249788,0000000800000008,5043670579917,2337,1956
1763249801,0000000400000008,5043799147002,5016,1957
1763249810,0000004000000008,5043892172553,4619,1958
1763249827,0000008000000008,5044058118235,5020,1959
1763249838,0000000200000080,5044164894887,7567,1960
1763249845,0000000100000001,5044238175437,4581,1961
1763249853,0000008000000080,5044314930400,5153,1962
1763249856,0000000100000002,5044352576499,2861,1963
1763249870,0000008000000004,5044488536315,5099,1964
1763249888,0000000400000008,5044671290161,4497,1965
1763249897,0000008000000008,5044759529378,4382,1966
1763249898,0000000100000001,5044766716088,3944,1967
1763249909,0000008000000008,5044876434976,2514,1968
1763249918,0000004000000008,5044968854981,2156,1969
1763249919,0000000100000001,5044976903032,1677,1970
1763249925,0000000800000080,5045042400713,2917,1971
1763249945,0000004000000080,5045240895690,1380,1972
1763249952,0000000100000001,5045313384335,2205,1973
1763249956,0000008000000040,5045344587267,353,1974
1763249965,0000000800000008,5045438338220,5097,1975
1763249965,0000008000000080,5045438425531,5092,1976
1763249972,0000000800000002,5045507924465,902,1977
1763249974,0000008000000080,5045532654120,4622,1978
1763249988,0000000100000001,5045664967006,1839,1979
1763249996,0000000400000001,5045751815936,1809,1980
1763249998,0000000100000001,5045773391288,526,1981
1763250023,0000000100000003,5046023015828,1078,1982
1763250030,0000008000000002,5046089887731,2241,1983
1763250045,0000008000000004,5046241227419,3532,1984
1763250050,0000000100000080,5046284081609,958,1985
1763250073,0000008000000001,5046516912705,2518,1986
1763250075,0000000100000080,5046543072400,961,1987
1763250076,0000000800000001,5046546867763,740,1988
1763250077,000000c000000080,5046554108805,312,1989
1763250107,0000008000000080,5046862681995,2496,1990
1763250111,0000000100000008,5046900377701,259,1991
1763250113,0000008000000004,5046916186004,4502,1992
1763250114,0000004000000004,5046923947194,4028,1993
1763250115,0000000100000005,5046939375547,3079,1994
1763250115,0000000800000008,5046942422132,2892,1995
1763250121,0000008000000080,5047002690966,4491,1996
1763250126,0000000400000008,5047047644885,1770,1997
1763250142,0000000400000080,5047206288489,2602,1998
1763250144,0000004000000080,5047228762627,1262,1999
1763250151,0000000100000001,5047296481686,2373,2000
1763250152,0000000800000004,5047308975679,1632,2001
1763250178,0000000800000008,5047570039345,1510,2002
1763250182,0000000100000001,5047604577906,4644,2003
1763250192,0000000100000040,5047710309961,3458,2004
1763250219,0000000800000001,5047979456404,2837,2005
1763250225,0000008000000008,5048040123721,4414,2006
1763250229,0000000100000001,5048078666643,2074,2007
1763250233,0000008000000080,5048120227351,4788,2008
1763250247,0000000400000002,5048255837043,1808,2009
1763250251,0000008000000080,5048298580363,4448,2010
1763250265,0000008100000080,5048442809814,952,2011
1763250267,0000000100000080,5048455119926,227,2012
1763250270,0000000400000004,5048491578808,3201,2013
1763250272,0000000400000004,5048511753045,1992,2014
1763250274,0000000100000008,5048533392611,705,2015
1763250277,0000008000000080,5048560665446,4264,2016
1763250290,0000008000000004,5048685318621,1941,2017
1763250311,0000000400000001,5048894488978,4957,2018
1763250314,0000000400000001,5048930006474,2792,2019
1763250314,0000008800000080,5048931783299,2684,2020
1763250328,0000004000000008,5049070231994,4776,2021
1763250329,0000004000000008,5049077596657,4333,2022
1763250341,0000000400000001,5049198286625,2242,2023
1763250351,0000000100000002,5049300237324,1310,2024
1763250361,0000000400000001,5049398051783,635,2025
1763250366,0000004000000080,5049448821022,2746,2026
1763250375,0000000800000008,5049534340355,2797,2027
1763250387,0000000800000080,5049659615750,486,2028
1763250388,0000008000000080,5049667648370,5192,2029
1763250389,0000000100000001,5049681086740,4388,2030
1763250390,0000008000000001,5049685258608,4133,2031
1763250404,0000000100000001,5049827310527,777,2032
1763250423,0000000100000001,5050016394061,4992,2033
1763250425,0000000100000001,5050036002367,3805,2034
1763250425,0000000100000080,5050036294855,3787,2035
1763250432,0000008000000080,5050109955728,4561,2036
1763250439,0000000800000080,5050181826832,238,2037
1763250450,0000000200000004,5050286771426,4311,2038
1763250464,0000004000000008,5050430342426,859,2039
1763250468,0000004000000001,5050465929263,3915,2040
1763250470,0000000800000001,5050491198971,2375,2041
1763250472,0000000800000001,5050510014289,1253,2042
1763250479,0000000400000008,5050574960239,2528,2043
1763250496,0000008000000080,5050753552627,2180,2044
1763250509,0000000400000080,5050875721720,5236,2045
1763250531,0000008000000080,5051103295773,1922,2046
1763250534,0000000800000005,5051127565875,479,2047
1763250550,0000000100000001,5051292599547,928,0
1763250559,0000000100000004,5051381936692,753,1
1763250561,0000000800000002,5051398076214,4981,2
1763250574,0000000400000001,5051525426944,2489,3
1763250576,0000004000000008,5051547616719,1166,4
1763250578,0000000100000008,5051569697042,5045,5
1763250583,0000000400000004,5051613718192,2372,6
1763250593,0000008000000004,5051715029083,1483,7
1763250605,0000008000000001,5051842485975,4220,8
1763250616,0000000800000008,5051953569151,2702,9
1763250636,0000008000000004,5052149839766,1297,10
1763250639,0000000100000001,5052179556372,4722,11
1763250642,0000004000000080,5052212819768,2690,12
1763250643,0000000100000001,5052214938584,2563,13
1763250649,0000008000000080,5052275736160,4126,14
1763250662,0000000100000080,5052409055149,1286,15
1763250666,0000000100000003,5052444118073,4388,16
1763250673,0000000800000004,5052516484120,5224,17
1763250690,0000008000000008,5052685447628,260,18
1763250691,0000000100000080,5052699673479,4598,19
1763250691,0000000800000002,5052701344731,4498,20
1763250732,0000008000000004,5053107968774,804,21
1763250734,0000000100000001,5053124702555,4999,22
1763250750,0000000100000002,5053286388553,467,23
1763250760,0000008000000080,5053391598785,4529,24
1763250762,0000000400000004,5053405808904,3659,25
1763250777,0000000100000080,5053555161749,5073,26
1763250788,0000000400000004,5053668711943,3420,27
1763250801,0000000400000008,5053802461935,586,28
1763250828,0000008000000080,5054069856517,5273,29
1763250828,0000008000000080,5054069896516,5271,30
1763250829,0000008000000080,5054076642095,4871,31
1763250859,0000000200000001,5054381517832,2094,32
1763250879,0000004000000008,5054581675782,460,33
1763250899,0000004000000001,5054776127126,4348,34
1763250906,0000000100000004,5054851905861,4979,35
1763250928,0000008000000080,5055064976577,2523,36
1763250943,0000000100000001,5055221925544,3482,37
1763250946,0000000800000008,5055253144089,1605,38
1763250953,0000000800000002,5055317524723,2913,39
1763250967,0000008000000080,5055459687505,4781,40
1763250971,0000000400000002,5055500972899,2271,41
1763250979,0000000800000080,5055574597907,3032,42
1763250984,0000000100000001,5055627504206,5070,43
1763250985,0000000100000001,5055637617329,4466,44
1763250989,0000008000000008,5055681543503,1805,45
1763250998,0000008000000008,5055766716738,1875,46
1763251008,0000000400000080,5055872255066,731,47
1763251011,0000008000000080,5055899925548,4268,48
1763251012,0000000400000002,5055904853200,3966,49
1763251014,0000000400000004,5055931219063,2353,50
1763251014,0000008000000080,5055932502732,2283,51
1763251021,0000008000000001,5055996111434,3661,52
1763251027,0000000400000001,5056060277255,5007,53
1763251042,0000008000000004,5056207009434,1353,54
1763251048,0000000400000004,5056267533274,2901,55
1763251064,0000000100000004,5056432630097,3365,56
1763251078,0000008000000001,5056568919664,382,57
1763251086,0000000100000008,5056649624876,717,58
1763251092,0000000800000008,5056706395471,2473,59
1763251097,0000000800000004,5056755229325,4758,60
1763251102,0000008000000080,5056806591018,1652,61
1763251104,0000008000000080,5056826600847,457,62
1763251105,0000000400000002,5056839596711,4876,63
1763251106,0000000400000004,5056844572167,4579,64
1763251131,0000000800000008,5057097549131,4939,65
1763251134,0000000100000001,5057129802432,2971,66
1763251142,0000000800000080,5057211110272,3282,67
1763251142,0000000100000080,5057211301705,3269,68
1763251144,0000000100000001,5057229281295,2188,69
1763251172,0000000100000080,5057506014772,1130,70
1763251181,0000000400000004,5057599900358,688,71
1763251198,0000008000000001,5057763685599,1211,72
1763251201,0000000800000001,5057794468563,4572,73
1763251219,0000000100000080,5057979557055,3815,74
1763251222,0000000100000002,5058009280199,2018,75
1763251235,0000000100000001,5058141325508,4483,76
1763251256,0000000100000004,5058350333014,2273,77
1763251264,0000008000000001,5058424254830,3017,78
1763251299,0000008000000002,5058780697728,2352,79
1763251304,0000000400000004,5058832857249,4436,80
1763251312,0000000400000080,5058904686808,5302,81
1763251333,0000004000000001,5059120144990,2704,82
1763251335,0000000400000004,5059138747398,1601,83
1763251354,0000004000000008,5059330758875,454,84
1763251372,0000000100000001,5059508686556,5328,85
1763251377,0000008000000080,5059558722081,2298,86
1763251393,0000000400000008,5059718523695,3070,87
1763251398,0000000100000001,5059769533171,5219,88
1763251399,0000000400000001,5059781426776,4510,89
1763251408,0000000100000001,5059865170823,4667,90
1763251410,0000008000000080,5059887165713,3321,91
1763251421,0000004000000008,5059994569126,2056,92
1763251428,0000000100000004,5060068616422,2784,93
1763251437,0000000400000001,5060160097914,2477,94
1763251438,0000000400000001,5060165212250,2176,95
1763251440,0000000800000001,5060188470061,791,96
1763251457,0000000400000008,5060357259867,1019,97
1763251463,0000000100000004,5060415637653,2685,98
1763251494,0000008000000004,5060727817001,4714,99
1763251495,0000000800000080,5060739018942,4035,100
1763251503,0000008000000008,5060816862755,4553,101
1763251515,0000000800000008,5060935116100,2601,102
1763251520,0000000100000001,5060991410212,4440,103
1763251532,0000000100000001,5061106489027,2679,104
1763251533,0000000400000008,5061120061526,1877,105
1763251547,0000000100000004,5061258470482,3950,106
1763251560,0000000400000080,5061393173095,1033,107
1763251570,0000000800000008,5061488245311,521,108
1763251575,000000c000000008,5061533751099,2951,109
1763251577,0000004000000002,5061557033608,1562,110
1763251582,0000000100000080,5061610770504,3522,111
1763251583,0000000800000080,5061615929910,3206,112
1763251593,0000000800000080,5061718687247,2219,113
1763251604,0000000800000004,5061824637254,1048,114
1763251604,0000000800000080,5061827007705,907,115
1763251637,0000000100000001,5062156038244,1887,116
1763251642,0000008000000001,5062210937168,3785,117
1763251661,0000008000000080,5062399004676,2840,118
1763251675,0000000400000001,5062538852617,4847,119
1763251677,0000000100000080,5062560051441,3554,120
1763251707,0000000400000080,5062862550682,943,121
1763251716,0000000100000080,5062947977047,997,122
1763251719,0000000800000002,5062977113163,4454,123
1763251731,0000000100000001,5063098490984,2320,124
1763251765,0000000100000004,5063441372501,2467,125
1763251767,0000008000000004,5063458717361,1435,126
1763251772,0000008000000001,5063508263103,3653,127
1763251782,0000004000000080,5063606995309,2892,128
1763251786,0000000100000004,5063651992695,216,129
1763251791,0000008000000080,5063697203948,2657,130
1763251791,0000004000000080,5063701796342,2385,131
1763251794,0000008000000008,5063725500445,973,132
1763251797,0000004000000008,5063754147241,4458,133
1763251807,0000000400000008,5063863265471,3060,134
1763251811,0000004000000001,5063895537011,1130,135
1763251819,0000000400000002,5063977426687,1398,136
1763251835,0000004000000004,5064138586875,2086,137
1763251847,0000000400000080,5064259801545,5200,138
1763251851,0000008000000080,5064294869971,3068,139
1763251851,0000000100000080,5064298447284,2849,140
1763251862,0000008000000004,5064406666383,1548,141
1763251882,0000008000000080,5064610454434,4886,142
1763251884,0000000100000001,5064629817301,3709,143
1763251899,0000000800000008,5064780324296,5053,144
1763251920,0000008000000080,5064989973190,2802,145
1763251921,0000000100000003,5065002695023,2048,146
1763251983,0000000400000001,5065615999335,1518,147
1763251984,0000004000000004,5065623524986,1064,148
1763251991,0000000400000001,5065698540919,1746,149
1763251994,0000000800000002,5065727573777,5205,150
1763251995,0000000400000001,5065741550141,4370,151
1763252011,0000008000000004,5065902923121,5047,152
1763252016,0000000500000001,5065953049097,2014,153
1763252017,0000000200000001,5065957493467,1751,154
1763252018,0000000100000004,5065971543039,909,155
1763252031,0000008000000010,5066095989474,3813,156
1763252038,0000000100000003,5066169591089,4590,157
1763252041,0000000800000001,5066200466068,2702,158
1763252042,0000008000000080,5066210457822,2110,159
1763252059,0000004000000004,5066375282046,2574,160
1763252068,0000000400000008,5066467840234,2208,161
1763252084,0000000100000001,5066626828599,3027,162
1763252101,0000000100000001,5066801655371,2897,163
1763252103,0000000800000008,5066816162745,2035,164
1763252116,0000000800000002,5066945808043,4645,165
1763252119,0000000400000002,5066983233154,2365,166
1763252125,0000004000000001,5067035489425,4444,167
1763252136,0000004000000080,5067150471503,2690,168
1763252160,0000000100000001,5067385200660,4180,169
1763252164,0000000100000001,5067428952171,1534,170
1763252165,0000008000000008,5067439689229,893,171
1763252177,0000004000000002,5067554913433,4363,172
1763252177,0000000800000002,5067557158950,4226,173
1763252187,0000000400000080,5067660164618,3199,174
1763252187,0000000400000004,5067660664970,3169,175
1763252201,0000000100000001,5067793746947,383,176
1763252213,0000004000000004,5067913595824,3544,177
1763252238,0000004000000004,5068170063494,3703,178
1763252240,0000000800000080,5068192242149,2355,179
1763252245,0000000400000008,5068235850420,4951,180
1763252245,0000004000000001,5068238064135,4819,181
1763252277,000000c000000080,5068561735461,917,182
1763252292,0000000100000001,5068705365531,2648,183
1763252293,0000000100000001,5068717288845,1943,184
1763252295,0000000100000080,5068737962998,714,185
1763252304,0000008000000001,5068824478844,697,186
1763252316,0000000800000004,5068946580858,3740,187
1763252323,0000000800000002,5069015795029,4782,188
1763252327,0000008000000086,5069058212141,2207,189
1763252340,0000000100000002,5069189586068,4717,190
1763252353,0000000400000002,5069321998243,1925,191
1763252355,0000008000000008,5069339484544,880,192
1763252356,0000000100000001,5069344507683,588,193
1763252363,0000008000000080,5069413562229,1614,194
1763252365,0000008000000080,5069441485990,5140,195
1763252366,0000008000000004,5069447924631,4758,196
1763252367,0000004000000004,5069453553279,4420,197
1763252376,0000008000000008,5069547476074,3956,198
1763252379,0000008000000080,5069578902961,2052,199
1763252384,000000c000000080,5069630449457,4163,200
1763252406,0000000400000001,5069844996327,1632,201
1763252422,0000000400000001,5070008893091,2153,202
1763252434,0000000800000080,5070124010540,445,203
1763252439,0000000100000001,5070173917435,2606,204
1763252439,0000000400000004,5070178610278,2329,205
1763252446,0000000100000001,5070243751262,3615,206
1763252472,0000000100000004,5070512075255,3043,207
1763252485,0000004000000080,5070639993375,571,208
1763252488,0000008000000001,5070672772581,3785,209
1763252498,0000000400000008,5070771585524,3014,210
1763252535,0000004000000004,5071135602165,1905,211
1763252557,0000000100000001,5071356608883,4208,212
1763252589,0000000800000008,5071676979734,520,213
1763252597,0000004000000080,5071754352727,1044,214
1763252601,0000000100000001,5071794685591,3818,215
1763252607,0000008000000080,5071856483840,5300,216
1763252611,0000000100000002,5071900633098,2618,217
1763252627,0000000400000001,5072061247765,3355,218
1763252631,0000000100000008,5072099366248,1066,219
1763252646,0000000400000008,5072245396935,2655,220
1763252646,0000000100000001,5072249802582,2394,221
1763252658,0000004000000001,5072364782619,693,222
1763252669,0000000800000001,5072473378471,4554,223
1763252669,0000008000000004,5072478520745,4244,224
1763252671,0000000100000004,5072500392842,2898,225
1763252678,0000004000000004,5072571212194,3854,226
1763252691,0000000400000080,5072699394858,1328,227
1763252692,0000004000000080,5072711016037,644,228
1763252700,000000c000000001,5072784166190,1424,229
1763252724,0000008000000080,5073024021389,2564,230
1763252727,0000000400000080,5073054065853,778,231
1763252733,0000008000000080,5073113432466,2384,232
1763252740,0000000100000004,5073189831098,2979,233
1763252740,0000000400000001,5073193025613,2784,234
1763252750,0000000100000001,5073290882154,2102,235
1763252759,0000004000000004,5073378897666,2004,236
1763252760,0000008000000008,5073388101437,1453,237
1763252761,0000008000000002,5073400623820,710,238
1763252794,0000004000000001,5073731959743,1544,239
1763252796,0000000100000008,5073746696584,671,240
1763252796,0000000100000001,5073748809384,546,241
1763252820,000000c000000080,5073983371266,2000,242
1763252821,0000000400000080,5074002260028,871,243
1763252825,0000000800000004,5074038865335,3867,244
1763252843,0000008000000001,5074219037806,3406,245
1763252855,0000004000000004,5074341442307,1238,246
1763252863,0000008000000004,5074414049404,2062,247
1763252870,0000000100000004,5074490726975,2632,248
1763252876,0000008800000002,5074547401800,4449,249
1763252883,0000008000000002,5074617797052,216,250
1763252889,0000008000000008,5074681734968,1546,251
1763252891,0000000400000001,5074696442571,673,252
1763252891,0000000100000003,5074701091724,397,253
1763252894,0000004000000001,5074725974146,4091,254
1763252904,0000008000000080,5074829193101,3053,255
1763252910,0000000100000080,5074888127371,4729,256
1763252921,0000000400000008,5075001088211,3101,257
1763252924,0000004000000002,5075029030494,1430,258
1763252935,0000000400000001,5075140018146,5153,259
1763252940,0000000800000002,5075191652799,2033,260
1763252941,0000008000000008,5075203028316,1352,261
1763252948,0000000400000001,5075269829067,2515,262
1763252957,0000000100000080,5075358044793,2403,263
1763252963,0000004000000004,5075418508692,3982,264
1763252973,0000000400000008,5075520369437,3026,265
1763252996,0000000100000001,5075751825651,4713,266
1763253012,0000008000000080,5075906536368,600,267
1763253012,0000000800000004,5075906759585,586,268
1763253101,0000000100000001,5076794906421,4295,269
1763253123,0000004000000080,5077019389309,1163,270
1763253125,0000000800000002,5077037458833,5282,271
1763253128,0000000800000080,5077066654947,3513,272
1763253140,0000000400000080,5077192752873,1124,273
1763253149,0000000800000001,5077273816194,1440,274
1763253151,0000008000000080,5077300768096,5027,275
1763253151,0000004000000004,5077301348450,4994,276
1763253160,0000000200000001,5077392549374,4705,277
1763253174,0000000800000008,5077530077820,1609,278
1763253182,0000008000000080,5077606925698,2173,279
1763253204,0000000800000008,5077827553954,4507,280
1763253212,0000008000000080,5077905202295,5027,281
1763253216,0000008000000080,5077946562333,2511,282
1763253224,0000000800000002,5078028585858,2769,283
1763253241,0000008000000080,5078197024337,3030,284
1763253242,0000000200000001,5078204953987,2551,285
1763253252,0000008000000008,5078307687218,1578,286
1763253255,0000000100000001,5078342031966,4722,287
1763253260,0000000800000004,5078392696444,1658,288
1763253261,0000008000000004,5078400498870,1189,289
1763253267,0000008000000080,5078453763487,3169,290
1763253291,0000000400000008,5078698774895,4034,291
1763253293,0000000100000002,5078722617493,2575,292
1763253299,0000008000000002,5078781965568,4228,293
1763253302,0000008900000002,5078811215461,2440,294
1763253315,0000008000000080,5078933950388,281,295
1763253322,0000000100000001,5079012483805,743,296
1763253324,0000000100000002,5079024435839,5219,297
1763253336,0000000100000001,5079146441179,3051,298
1763253336,0000000400000008,5079148384144,2933,299
1763253338,0000008000000080,5079163324313,2044,300
1763253341,0000008000000080,5079202824388,4881,301
1763253351,0000008000000080,5079295991129,4473,302
1763253354,0000008000000080,5079329751700,2414,303
1763253365,0000004000000008,5079440900457,935,304
1763253383,0000000800000004,5079615479401,825,305
1763253389,0000000400000008,5079681501026,2038,306
1763253396,0000000200000004,5079748996700,3166,307
1763253397,0000000100000001,5079759627565,2523,308
1763253403,0000000400000001,5079815344638,4394,309
1763253421,0000000100000002,5080000697217,3617,310
1763253466,000000c000000080,5080443629331,2928,311
1763253485,0000004000000008,5080640116066,1513,312
1763253514,0000000100000001,5080928701667,4941,313
1763253544,0000000400000001,5081226127298,2603,314
1763253545,0000000400000001,5081238955063,1846,315
1763253556,0000004000000080,5081349146406,427,316
1763253589,0000000100000001,5081673885965,1653,317
1763253614,0000000200000001,5081924133245,2175,318
1763253636,0000000100000002,5082151180105,4120,319
1763253655,0000000100000002,5082335747881,3387,320
1763253655,0000000100000002,5082342112976,2996,321
1763253657,0000000100000002,5082362614955,1775,322
1763253667,0000000200000002,5082454296175,1454,323
1763253669,0000000200000001,5082476374439,5331,324
1763253682,0000000100000001,5082609019457,2522,325
1763253693,0000000800000001,5082718325616,1153,326
1763253722,0000000800000002,5083009432824,4435,327
1763253729,0000000200000008,5083078960969,254,328
1763253739,0000000400000004,5083180064025,4560,329
1763253764,0000000400000004,5083431557616,5010,330
1763253791,0000000400000001,5083699711114,4464,331
1763253793,0000000100000008,5083714312150,3569,332
1763253800,0000000800000002,5083783591915,4614,333
1763253807,0000008000000080,5083861152716,5135,334
1763253814,0000000100000001,5083930773735,939,335
1763253816,0000000800000002,5083950184122,4977,336
1763253822,0000008000000082,5084011784517,1256,337
1763253824,0000008000000008,5084028849294,248,338
1763253838,000000c000000080,5084164462489,2448,339
1763253838,0000000100000008,5084164647525,2437,340
1763253850,0000000100000004,5084287214031,288,341
1763253851,0000008000000080,5084301358020,4631,342
1763253885,0000000400000002,5084641387360,4950,343
1763253898,0000000800000080,5084768234269,2489,344
1763253916,0000008000000002,5084944616840,2269,345
1763253916,0000004000000001,5084946011978,2188,346
1763253942,0000000100000008,5085205001977,2191,347
1763253946,0000000800000080,5085244641886,5019,348
1763253946,0000000100000002,5085251846972,4590,349
1763253948,0000008000000080,5085272392262,3331,350
1763253963,0000004000000008,5085416264050,5082,351
1763253967,0000000400000004,5085458889952,2494,352
1763253968,0000000100000001,5085470636720,1799,353
1763253982,000000800000000a,5085611306199,3730,354
1763254008,0000008000000001,5085872443512,3598,355
1763254049,0000000800000080,5086277283143,5228,356
1763254057,0000000100000001,5086360129221,250,357
1763254079,0000000400000004,5086580185459,2564,358
1763254083,0000000800000004,5086620019516,200,359
1763254091,0000000800000080,5086700169644,568,360
1763254093,0000000800000001,5086722388594,4428,361
1763254095,0000008000000080,5086739880719,3354,362
1763254096,0000000400000002,5086746169032,2968,363
1763254113,0000000100000004,5086915038944,3202,364
1763254128,0000000800000001,5087065403531,4571,365
1763254132,0000000800000008,5087112108523,1745,366
1763254145,0000000100000002,5087232886535,4882,367
1763254145,0000004000000002,5087242208752,4322,368
1763254146,0000004000000004,5087247001505,4029,369
1763254165,0000000100000004,5087440186474,2770,370
1763254168,0000000800000080,5087467470204,1143,371
1763254178,0000000400000008,5087562765197,619,372
1763254178,0000000100000001,5087564572123,511,373
1763254191,0000000200000008,5087695864228,2973,374
1763254192,0000000100000004,5087706694753,2326,375
1763254210,0000008000000080,5087882788962,2126,376
1763254223,0000008000000080,5088017019763,4461,377
1763254237,0000000100000001,5088160809564,990,378
1763254256,0000008000000080,5088345139916,305,379
1763254270,0000000100000001,5088484140690,2307,380
1763254274,0000000100000001,5088532443202,4620,381
1763254281,0000008000000002,5088594185892,892,382
1763254293,0000008000000008,5088717267994,3880,383
1763254312,0000000400000008,5088909691098,2671,384
1763254318,0000008000000080,5088968673298,4348,385
1763254343,0000000100000002,5089220125103,4804,386
1763254360,0000004000000080,5089387388087,5125,387
1763254365,0000004000000008,5089436676929,2145,388
1763254374,0000008000000001,5089531220161,1657,389
1763254377,0000000100000001,5089557178943,5301,390
1763254381,0000000100000001,5089598822922,2769,391
1763254384,0000000400000004,5089623102867,1321,392
1763254385,0000000100000001,5089642447802,178,393
1763254395,0000000100000004,5089734648680,5015,394
1763254408,0000000800000080,5089871107500,1984,395
1763254409,0000008000000002,5089875970183,1695,396
1763254412,0000000100000002,5089906833541,5045,397
1763254429,0000000800000004,5090080925888,4962,398
1763254436,0000000800000002,5090152616682,649,399
1763254442,0000000400000008,5090210163155,2357,400
1763254450,0000008000000080,5090291346699,2662,401
1763254461,0000004000000001,5090397092793,1510,402
1763254463,0000000400000004,5090419393121,187,403
1763254482,0000000800000002,5090603431112,4697,404
1763254488,0000000100000001,5090671602508,595,405
1763254490,0000008000000080,5090684550971,5009,406
1763254498,0000000400000001,5090771512544,4972,407
1763254507,0000000100000001,5090852988174,5261,408
1763254513,0000008000000001,5090917190556,1387,409
1763254515,0000000200000080,5090935322437,315,410
1763254518,0000000100000004,5090969830917,3412,411
1763254542,0000000800000080,5091205899712,4814,412
1763254546,0000008000000080,5091250934043,2084,413
1763254563,0000004000000080,5091421786649,2193,414
1763254587,0000008000000008,5091659947296,3451,415
1763254615,0000008000000002,5091941311125,2105,416
1763254623,0000004000000080,5092015163304,2849,417
1763254624,0000000800000002,5092022846944,2390,418
1763254624,0000004000000002,5092031303670,1891,419
1763254645,0000008000000080,5092242088644,4811,420
1763254650,0000008000000080,5092290193989,1899,421
1763254658,0000000100000004,5092364511065,2609,422
1763254679,0000000400000008,5092577262815,231,423
1763254688,0000000800000004,5092664041734,207,424
1763254688,0000000800000080,5092667743958,5171,425
1763254688,0000000800000002,5092670876092,4985,426
1763254700,0000008000000080,5092783312157,3398,427
1763254724,0000000800000008,5093023825540,4534,428
1763254740,0000000400000008,5093190385016,4900,429
1763254740,0000004000000008,5093190619421,4887,430
1763254744,0000000100000002,5093231171955,2420,431
1763254747,0000008000000002,5093255948809,943,432
1763254752,0000008000000080,5093307634244,3013,433
1763254763,0000004000000008,5093422438548,1313,434
1763254787,0000008000000080,5093653078992,3009,435
1763254816,0000008000000008,5093943427338,1138,436
1763254875,0000004000000002,5094541556621,1516,437
1763254883,0000008400000080,5094620616072,1952,438
1763254892,0000008000000080,5094708541892,1858,439
1763254896,0000000100000008,5094744449713,4908,440
1763254947,0000000100000004,5095260838061,5007,441
1763254951,0000008000000080,5095301346240,2545,442
1763254965,0000000200000001,5095436028956,4859,443
1763254982,0000004000000080,5095606276948,5004,444
1763254991,0000000100000001,5095699103576,4619,445
1763255015,0000004000000008,5095942121448,387,446
1763255019,0000000100000008,5095972712217,3729,447
1763255026,0000008000000080,5096043093244,4703,448
1763255026,0000000800000002,5096047233976,4451,449
1763255037,0000000400000080,5096159720655,2849,450
1763255060,0000008000000004,5096388914655,4676,451
1763255068,0000000800000002,5096470049613,4985,452
1763255100,0000000400000008,5096783273760,1712,453
1763255106,0000000800000080,5096850025865,2876,454
1763255125,0000008000000080,5097033363289,2242,455
1763255148,0000004000000008,5097265385335,3883,456
1763255149,0000008400000004,5097272952681,3416,457
1763255149,0000000100000080,5097281187646,2911,458
1763255192,0000000100000002,5097705929517,3339,459
1763255215,0000008000000002,5097939442587,4895,460
1763255257,0000008000000001,5098353038473,783,461
1763255262,0000000400000010,5098405848557,2778,462
1763255265,0000008000000080,5098440775917,704,463
1763255282,0000004000000001,5098609693629,921,464
1763255283,0000000800000004,5098617496930,465,465
1763255294,0000000800000001,5098732270352,3943,466
1763255304,0000004000000004,5098823406783,3647,467
1763255311,0000000800000001,5098898613615,4331,468
1763255314,0000004000000080,5098923855741,2783,469
1763255316,0000004000000002,5098944888683,1532,470
1763255321,0000000100000001,5098999702007,3425,471
1763255323,0000000400000002,5099014587097,2520,472
1763255327,0000000100000001,5099055555321,5274,473
1763255328,0000000400000002,5099062686868,4850,474
1763255336,0000008100000004,5099147077866,4965,475
1763255345,0000000800000001,5099236958125,4755,476
1763255347,0000004000000004,5099257551143,3497,477
1763255359,0000004000000002,5099373510606,1718,478
1763255360,0000004000000001,5099383122045,1139,479
1763255368,0000000400000008,5099465424354,1382,480
1763255422,0000008000000008,5100010793665,4949,481
1763255423,0000008000000080,5100019913582,4402,482
1763255440,0000008000000001,5100189876035,4568,483
1763255462,0000008000000080,5100405852196,1945,484
1763255474,0000000400000004,5100523904578,5246,485
1763255474,0000008000000080,5100531103858,4816,486
1763255529,0000004000000080,5101079629443,2955,487
1763255531,0000000100000003,5101092950283,2161,488
1763255547,0000000100000002,5101260324860,2474,489
1763255548,0000008000000002,5101262553264,2342,490
1763255552,0000008000000001,5101309579687,4734,491
1763255555,0000000100000001,5101336703948,3075,492
1763255557,0000004000000004,5101352739957,2117,493
1763255583,0000000200000001,5101615560670,1893,494
1763255584,0000008000000004,5101622846946,1454,495
1763255586,0000000100000002,5101648716399,5106,496
1763255587,0000008000000002,5101658840944,4502,497
1763255600,0000004000000004,5101785809840,2037,498
1763255621,0000000800000004,5102001822869,4645,499
1763255622,0000000800000080,5102006539976,4361,500
1763255647,0000000100000001,5102257571462,4842,501
1763255648,0000000400000008,5102265419359,4371,502
1763255648,0000004000000004,5102265458670,4368,503
1763255659,0000000100000001,5102373399123,3041,504
1763255711,0000004000000008,5102893080607,2942,505
1763255725,0000000100000008,5103033305594,4924,506
1763255733,0000004000000004,5103119843470,4911,507
1763255742,0000000100000002,5103211972896,4566,508
1763255744,0000008000000002,5103223647069,3854,509
1763255756,0000004000000080,5103342389328,1896,510
1763255787,0000000400000080,5103657162578,3742,511
1763255800,0000000400000080,5103782626730,1385,512
1763255811,0000000100000001,5103898139202,4841,513
1763255822,0000000100000004,5104011420415,3197,514
1763255828,0000000400000001,5104068338575,4989,515
1763255839,0000008000000080,5104181200201,3375,516
1763255847,0000000100000001,5104258624975,3925,517
1763255864,0000000800000004,5104432152661,3873,518
1763255877,0000000800000004,5104556984542,1551,519
1763255879,0000000100000001,5104579296933,227,520
1763255883,0000000100000001,5104618498305,3032,521
1763255889,0000000100000001,5104676894769,4743,522
1763255891,0000000100000080,5104699975544,3332,523
1763255896,0000000100000080,5104747118108,517,524
1763255898,0000000400000004,5104769999129,4335,525
1763255902,0000004000000008,5104810398774,1888,526
1763255904,0000004000000002,5104829050353,776,527
1763255941,0000004000000004,5105196743588,4637,528
1763255952,0000000400000008,5105307435851,3144,529
1763255967,0000000100000020,4555700148882,4626,530
1763255968,0000000800000001,5105465837429,4025,531
1763255980,0000008000000080,5105584303823,2078,532
1763256015,0000000800000004,5105933212949,1869,533
1763256018,0000000800000004,5105964674821,5183,534
1763256021,0000000400000008,5105996523977,3248,535
1763256035,0000008000000080,5106134926377,5326,536
1763256061,0000000400000008,5106393984574,5325,537
1763256064,0000000200000001,5106422550102,3597,538
1763256079,0000000900000002,5106576075431,4766,539
1763256088,0000000100000003,5106662904885,4738,540
1763256095,0000000400000080,5106734271408,444,541
1763256099,0000008000000080,5106777669702,2999,542
1763256108,0000000100000002,5106871005160,2578,543
1763256109,0000000400000001,5106872330121,2498,544
1763256123,0000000800000001,5107018369073,4126,545
1763256126,0000000400000008,5107049646358,2226,546
1763256128,0000008000000008,5107070514922,980,547
1763256142,0000000100000001,5107211063128,2898,548
1763256155,0000000100000002,5107340593854,330,549
1763256157,0000004000000002,5107357818912,4488,550
1763256174,0000000800000002,5107526576438,4725,551
1763256182,0000008000000080,5107609930541,4903,552
1763256186,0000004000000080,5107650198851,2452,553
1763256196,0000004000000002,5107745250264,1939,554
1763256202,0000000100000008,5107810547629,3199,555
1763256220,0000000100000001,5107984164027,3141,556
1763256237,0000000800000002,5108152293273,3423,557
1763256248,0000000400000001,5108264290079,1881,558
1763256248,0000000100000001,5108265646286,1801,559
1763256249,0000000100000001,5108273779930,1310,560
1763256270,0000008000000002,5108488693320,3976,561
1763256280,0000000100000080,5108585532567,3330,562
1763256282,0000008000000080,5108608306899,1962,563
1763256300,0000000400000080,5108782257141,1889,564
1763256320,0000000800000004,5108990700176,4948,565
1763256350,0000000800000080,5109287058425,2673,566
1763256363,0000004000000008,5109421428755,5006,567
1763256366,0000000100000080,5109442746560,3713,568
1763256375,0000000100000004,5109541367949,2959,569
1763256378,0000008000000004,5109563851651,1619,570
1763256382,0000004000000004,5109610217712,4035,571
1763256420,0000000400000080,5109983165523,2356,572
1763256444,0000000100000008,5110229924591,3093,573
1763256454,0000008000000004,5110326566127,2473,574
1763256455,0000000400000002,5110333027442,2091,575
1763256455,0000004000000004,5110337127525,1848,576
1763256455,0000000100000001,5110340657412,1638,577
1763256457,0000000400000008,5110355722793,740,578
1763256471,0000000200000008,5110496287751,2649,579
1763256481,0000000800000002,5110592253422,2080,580
1763256502,0000000400000002,5110807844335,4714,581
1763256503,0000000100000001,5110813511015,4373,582
1763256514,0000000100000001,5110928025226,2647,583
1763256519,0000004000000002,5110979384292,4784,584
1763256529,0000004000000004,5111078112211,4034,585
1763256540,0000000100000001,5111189429806,2507,586
1763256543,0000000100000080,5111219395405,728,587
1763256553,0000004000000080,5111314435847,212,588
1763256564,0000000100000002,5111426321867,3859,589
1763256567,0000000100000001,5111452304976,2280,590
1763256569,0000008000000080,5111474305572,968,591
1763256577,0000000400000080,5111560242137,991,592
1763256589,0000000100000008,5111680822316,4137,593
1763256614,0000000800000008,5111931279859,4657,594
1763256621,0000000800000008,5111993217221,917,595
1763256626,0000000200000008,5112044413143,3017,596
1763256641,0000008000000001,5112195684021,4332,597
1763256644,000000080000000c,5112226746299,2438,598
1763256655,0000008000000080,5112337176566,1001,599
1763256708,0000008000000002,5112863743123,505,600
1763256712,0000004000000080,5112906216004,3117,601
1763256723,0000000400000002,5113012382508,1934,602
1763256735,0000000100000040,5113138053145,4781,603
1763256742,0000000800000080,5113211219593,379,604
1763256744,0000000400000002,5113225147541,4735,605
1763256760,0000008000000080,5113384086862,370,606
1763256761,0000004000000002,5113397411431,4760,607
1763256771,0000008000000080,5113496958404,3960,608
1763256783,0000000100000001,5113618600887,1827,609
1763256794,0000000400000008,5113731077369,273,610
1763256795,0000008000000080,5113736524723,5134,611
1763256796,0000000800000008,5113743014519,4748,612
1763256813,0000000800000008,5113919284924,4534,613
1763256834,0000000100000002,5114130401355,2198,614
1763256836,0000000400000008,5114149034267,1083,615
1763256839,0000000800000004,5114178174223,4541,616
1763256841,0000000100000001,5114199605634,3227,617
1763256842,0000000100000080,5114208691275,2674,618
1763256867,0000008000000008,5114454206982,3500,619
1763256868,0000004000000080,5114464966767,2841,620
1763256881,000000c000000008,5114594837851,254,621
1763256883,0000000100000004,5114618025151,4046,622
1763256883,0000000100000080,5114618373514,4026,623
1763256885,0000000800000080,5114635144587,2993,624
1763256918,000000c000000001,5114967224603,3813,625
1763256952,0000000100000001,5115307191152,4145,626
1763256965,0000000800000004,5115434041611,1695,627
1763256976,0000008000000080,5115544226530,278,628
1763256990,0000000400000001,5115684612971,2198,629
1763256993,0000004000000008,5115713497217,482,630
1763256994,0000000800000001,5115731622349,4587,631
1763256998,0000000200000001,5115771476474,2167,632
1763257005,0000008000000001,5115833688132,3625,633
1763257019,0000000100000006,5115977385470,192,634
1763257021,0000000400000002,5115992569152,4473,635
1763257025,0000008000000080,5116033893626,1967,636
1763257034,0000008000000008,5116122329561,1843,637
1763257049,0000000800000001,5116278989366,2793,638
1763257055,0000004000000080,5116332541380,4797,639
1763257060,0000008800000001,5116382753513,1760,640
1763257061,0000000400000008,5116394704364,1042,641
1763257069,0000008000000001,5116481076041,1040,642
1763257077,0000004000000004,5116558592556,1571,643
1763257082,0000004000000008,5116607721183,3815,644
1763257114,0000000400000001,5116930460104,5184,645
1763257119,0000000400000004,5116973390781,2574,646
1763257140,0000000100000008,5117184507053,295,647
1763257154,0000000100000007,5117325155421,2199,648
1763257159,0000000800000002,5117378673567,4194,649
1763257166,0000000400000004,5117444396380,244,650
1763257168,0000004000000008,5117463621299,4280,651
1763257172,0000000100000004,5117507195531,1642,652
1763257172,0000000800000001,5117509384760,1510,653
1763257174,000000c000000080,5117528914457,353,654
1763257192,0000000800000002,5117703984857,211,655
1763257197,0000000300000080,5117753982383,2368,656
1763257203,0000000400000001,5117817127368,3779,657
1763257210,000000c000000080,5117885981064,4843,658
1763257217,0000000100000008,5117956270372,614,659
1763257219,0000000100000001,5117975812885,4634,660
1763257222,0000000800000004,5118009980102,2548,661
1763257227,0000000800000001,5118057590292,4907,662
1763257257,0000000100000002,5118353703544,2646,663
1763257261,0000004000000080,5118392118240,367,664
1763257279,0000000800000002,5118575115837,4939,665
1763257284,0000004000000001,5118624373480,1960,666
1763257290,0000000100000002,5118691936473,3079,667
1763257291,0000000200000001,5118699537004,2619,668
1763257295,0000000100000003,5118739154875,269,669
1763257302,0000000800000004,5118804508771,1514,670
1763257349,0000004000000004,5119280613980,4049,671
1763257358,0000000800000001,5119371600018,3763,672
1763257408,0000000400000001,5119870880750,4904,673
1763257425,0000000100000002,5120039553847,5142,674
1763257442,0000004000000080,5120203563604,474,675
1763257496,0000008000000004,5120751846457,3843,676
1763257516,0000000800000004,5120944101899,2643,677
1763257528,0000000800000080,5121067641861,436,678
1763257535,0000008000000001,5121138705273,1339,679
1763257540,0000008000000004,5121181989883,3939,680
1763257543,0000008000000080,5121214829835,1952,681
1763257560,0000008000000002,5121391108977,1738,682
1763257569,000000c100000080,5121475434687,1860,683
1763257575,0000000400000004,5121538708905,3241,684
1763257590,0000000400000004,5121682162117,5020,685
1763257618,0000000800000080,5121966820024,3463,686
1763257626,0000008000000001,5122050401841,3632,687
1763257649,0000000800000080,5122279135793,278,688
1763257687,0000000100000080,5122652929614,3750,689
1763257700,0000000800000080,5122784125503,1048,690
1763257717,0000008000000002,5122960134119,852,691
1763257719,0000000100000002,5122977864728,4988,692
1763257724,0000000100000001,5123025462251,2106,693
1763257737,0000000800000008,5123155993352,4664,694
1763257742,0000000100000001,5123210796210,1351,695
1763257794,0000008000000004,5123727693192,1421,696
1763257819,0000000400000002,5123971915676,2304,697
1763257846,0000008800000004,5124248744702,1241,698
1763257849,0000000400000008,5124280283407,4556,699
1763257851,0000000400000080,5124298089143,3465,700
1763257862,0000008000000001,5124404812328,2235,701
1763257862,0000000100000001,5124409615957,1951,702
1763257877,0000008000000008,5124556627152,3495,703
1763257888,0000000100000001,5124665457888,2139,704
1763257889,0000004000000002,5124675440358,1544,705
1763257901,000000c000000080,5124796180858,4687,706
1763257913,0000008000000008,5124920313632,2385,707
1763257914,0000004000000080,5124924662435,2129,708
1763257960,0000000100000001,5125391452749,5230,709
1763257974,0000000800000002,5125527784110,2205,710
1763257977,0000000400000080,5125555312949,572,711
1763257984,0000000800000004,5125627905398,1384,712
1763257994,0000000300000001,5125727218975,619,713
1763258002,0000004000000008,5125802427179,1272,714
1763258022,0000000100000001,5126007211226,4553,715
1763258022,0000000800000004,5126010630150,4347,716
1763258028,0000000400000001,5126067255403,928,717
1763258029,0000000100000001,5126073989712,536,718
1763258046,0000000100000001,5126244895278,642,719
1763258049,0000000500000001,5126277370540,3875,720
1763258078,0000000400000002,5126565010165,2141,721
1763258087,0000000100000008,5126652016374,2103,722
1763258091,0000004000000008,5126694376269,4769,723
1763258097,0000000100000080,5126752845544,1235,724
1763258097,0000004000000004,5126757574452,954,725
1763258100,0000000100000001,5126787946241,4336,726
1763258104,0000000c00000008,5126822417300,2238,727
1763258125,0000000400000008,5127041297470,4678,728
1763258129,0000000400000008,5127073308389,2719,729
1763258140,0000004000000008,5127181804054,1401,730
1763258162,0000000800000080,5127403797679,3631,731
1763258167,0000000100000080,5127457148012,436,732
1763258168,0000000100000003,5127465642103,5116,733
1763258174,0000008000000008,5127527666597,1372,734
1763258187,0000004000000008,5127659192089,3856,735
1763258189,0000000400000002,5127680646188,2546,736
1763258190,0000000100000008,5127684029169,2347,737
1763258195,0000000100000001,5127733340177,4599,738
1763258206,0000000800000001,5127848350835,2845,739
1763258215,0000000400000080,5127937417905,2680,740
1763258217,0000000100000001,5127960909284,1281,741
1763258229,000000c000000080,5128074375787,4860,742
1763258231,0000000100000080,5128097671327,3440,743
1763258232,0000000800000080,5128107472639,2840,744
1763258250,0000000100000080,5128285623649,2512,745
1763258271,0000000100000001,5128497277547,200,746
1763258306,0000004000000080,5128850979541,4889,747
1763258316,0000004000000008,5128945580995,4395,748
1763258319,0000000400000002,5128979770211,2312,749
1763258319,0000000100000001,5128981665977,2200,750
1763258341,0000004000000002,5129195102777,4964,751
1763258350,0000008000000080,5129287024251,4632,752
1763258354,0000004000000001,5129321885202,2505,753
1763258371,0000008000000080,5129494158414,2530,754
1763258380,0000000400000001,5129584347195,2303,755
1763258389,0000008000000080,5129680488158,1723,756
1763258408,0000000200000004,5129869310144,761,757
1763258409,0000000100000080,5129873510838,514,758
1763258414,0000000100000004,5129926015738,2521,759
1763258423,0000004000000008,5130020507501,2041,760
1763258429,0000000400000002,5130074516284,4001,761
1763258447,0000000100000001,5130260887798,3157,762
1763258449,0000000400000008,5130278276012,2115,763
1763258462,0000008000000080,5130404824299,4911,764
1763258462,0000004000000080,5130410676743,4561,765
1763258463,0000008000000004,5130417180127,4168,766
1763258467,0000000800000004,5130452161818,2046,767
1763258475,0000008000000080,5130533206499,2357,768
1763258495,0000000100000003,5130731923006,809,769
1763258500,0000008000000080,5130788476955,2580,770
1763258516,0000000200000080,5130948945428,3324,771
1763258519,0000008000000008,5130976131987,1694,772
1763258556,0000000800000004,5131351219960,5114,773
1763258562,0000008000000001,5131403504943,1953,774
1763258567,0000000800000008,5131459152976,3808,775
1763258573,0000000400000008,5131516994410,340,776
1763258584,0000000300000001,5131624056290,4286,777
1763258586,0000000100000080,5131649600543,2719,778
1763258587,0000000100000003,5131658239909,2208,779
1763258591,0000000100000001,5131693902700,5275,780
1763258621,0000000800000080,5132001600441,2327,781
1763258627,0000000400000080,5132054058819,4391,782
1763258642,0000008000000080,5132208752053,281,783
1763258645,0000004100000001,5132236968463,3764,784
1763258648,0000000800000008,5132262735125,2203,785
1763258671,0000008000000001,5132492043987,4009,786
1763258674,0000008000000080,5132529964142,1717,787
1763258681,0000008000000080,5132592980256,3109,788
1763258701,0000004000000001,5132793311210,1457,789
1763258705,0000000400000080,5132839528612,3879,790
1763258710,0000000400000001,5132887682094,976,791
1763258719,0000004000000080,5132977610568,767,792
1763258722,0000004000000008,5133009535684,4044,793
1763258730,0000000100000001,5133086914727,4590,794
1763258738,0000000400000080,5133170844603,4734,795
1763258745,0000008000000080,5133237894425,689,796
1763258758,0000000800000080,5133369365362,3154,797
1763258780,0000000800000008,5133589740136,311,798
1763258783,0000008000000004,5133613726687,4058,799
1763258792,0000008000000002,5133708777995,3521,800
1763258796,0000000100000001,5133743632511,1425,801
1763258798,0000000100000001,5133762640122,300,802
1763258816,0000000100000080,5133942863849,5036,803
1763258829,0000004000000008,5134072988474,2379,804
1763258847,0000008000000002,5134257140558,1700,805
1763258848,0000008000000004,5134269597941,953,806
1763258848,0000000100000080,5134271237229,857,807
1763258850,0000000800000008,5134287365365,5088,808
1763258866,0000000400000080,5134444191867,841,809
1763258871,0000000100000003,5134493966692,3023,810
1763258879,0000008000000001,5134574284728,3394,811
1763258881,0000000200000001,5134593956609,2208,812
1763258885,0000004000000001,5134637444519,4810,813
1763258907,0000000500000001,5134857763999,1926,814
1763258908,0000000400000080,5134870291828,1173,815
1763258918,0000004000000080,5134964482759,714,816
1763258923,0000008000000080,5135019952805,2546,817
1763258928,0000000800000008,5135069474495,4791,818
1763258947,0000008000000008,5135252129588,4189,819
1763258955,0000000100000001,5135333369436,4501,820
1763258993,0000008000000080,5135713597852,2375,821
1763258997,0000000400000004,5135753112216,5214,822
1763259009,0000004800000008,5135877413423,2907,823
1763259026,0000000100000001,5136046030381,3155,824
1763259040,0000008000000080,5136189907681,4914,825
1763259054,0000004000000004,5136327170758,1834,826
1763259059,0000008000000008,5136372318305,4330,827
1763259071,0000004000000002,5136500514528,1797,828
1763259087,0000000100000004,5136661115385,2510,829
1763259097,0000008000000080,5136751885300,2250,830
1763259107,0000000400000001,5136860299198,931,831
1763259109,0000008000000080,5136879595444,4977,832
1763259111,0000000800000001,5136895836028,3996,833
1763259112,0000004000000080,5136907447112,3280,834
1763259113,0000008000000080,5136920733039,2475,835
1763259163,0000004000000004,5137412090880,4107,836
1763259167,0000004000000008,5137460129682,1204,837
1763259176,0000000100000004,5137551388848,912,838
1763259180,0000000800000001,5137585141165,4084,839
1763259183,0000000100000002,5137613026793,2384,840
1763259184,0000008000000004,5137622551087,1822,841
1763259192,0000000100000001,5137702646236,2191,842
1763259193,0000000800000008,5137718708689,1232,843
1763259203,0000000400000080,5137818314714,450,844
1763259204,000000c000000080,5137830922629,4886,845
1763259222,0000000100000001,5138004601148,4826,846
1763259226,0000000400000002,5138045515048,2339,847
1763259231,0000008000000080,5138094519562,4614,848
1763259261,0000000800000008,5138391907391,2280,849
1763259274,0000004000000001,5138530933846,4330,850
1763259280,0000000200000002,5138589652827,790,851
1763259282,0000000200000008,5138610504451,4738,852
1763259291,0000004000000004,5138696636727,4750,853
1763259297,0000008000000008,5138757435798,1077,854
1763259299,0000000100000001,5138772253760,203,855
1763259300,0000008000000080,5138787427323,4483,856
1763259303,0000000400000001,5138814462780,2826,857
1763259304,0000000100000001,5138826288407,2123,858
1763259307,0000008000000080,5138853676582,496,859
1763259316,0000000400000004,5138943346190,298,860
1763259322,0000000800000002,5139010068708,1462,861
1763259347,0000000800000008,5139254153484,2351,862
1763259349,000000010000000c,5139278971541,872,863
1763259360,0000000400000080,5139387887451,4721,864
1763259368,0000008000000080,5139465064570,5267,865
1763259375,0000000100000002,5139534342828,1088,866
1763259390,0000000400000080,5139688042567,2223,867
1763259393,0000000400000008,5139721457812,239,868
1763259406,0000000800000080,5139841942962,3356,869
1763259413,0000000400000001,5139915545553,4141,870
1763259419,0000000400000008,5139977516780,415,871
1763259450,0000000100000002,5140284816430,2675,872
1763259458,0000000400000080,5140362279955,3216,873
1763259468,0000000800000008,5140464985810,2233,874
1763259481,0000000800000004,5140594347154,4864,875
1763259485,0000008000000080,5140638790526,2168,876
1763259500,0000008000000001,5140786277774,3693,877
1763259501,0000004000000084,5140796495192,3062,878
1763259513,0000008000000004,5140914245437,1185,879
1763259513,0000000800000001,5140915405489,1115,880
1763259529,0000000100000001,5141079510410,1632,881
1763259532,0000004000000080,5141104421969,162,882
1763259559,0000008000000001,5141380810782,4300,883
1763259572,0000000800000001,5141501934692,2184,884
1763259587,0000000800000080,5141660324339,3040,885
1763259602,0000008000000080,5141807506791,4604,886
1763259609,0000000800000080,5141875049243,539,887
1763259611,0000000800000001,5141894539623,4562,888
1763259627,0000000100000080,5142056860875,5179,889
1763259627,0000000400000001,5142059470503,5024,890
1763259643,0000000100000008,5142214366782,891,891
1763259645,0000000800000008,5142236242642,4782,892
1763259656,0000008000000080,5142349156925,3157,893
1763259675,0000000100000001,5142539836607,2081,894
1763259683,0000004000000080,5142614845894,2752,895
1763259687,0000000100000001,5142658593206,162,896
1763259696,0000008000000080,5142749324070,5078,897
1763259697,0000008000000080,5142758868853,4510,898
1763259718,0000004000000004,5142967196305,2338,899
1763259722,0000000400000004,5143005863720,5227,900
1763259748,0000008000000080,5143268153034,5034,901
1763259752,0000000200000002,5143305875314,2735,902
1763259756,0000000800000080,5143351333651,5221,903
1763259764,0000008000000080,5143428643288,576,904
1763259769,0000000400000080,5143475411660,2927,905
1763259775,0000000400000001,5143535032747,4566,906
1763259778,0000000400000008,5143568630473,2514,907
1763259779,0000008000000080,5143576416791,2055,908
1763259779,0000000100000001,5143578566685,1928,909
1763259782,0000000400000001,5143610399949,5220,910
1763259789,0000008000000001,5143681255339,949,911
1763259812,0000008000000080,5143908537884,2843,912
1763259836,0000008000000001,5144143944795,4295,913
1763259847,0000000100000080,5144253644421,2859,914
1763259865,0000000100000001,5144435816573,2294,915
1763259866,0000000100000001,5144447165794,1620,916
1763259877,0000000800000080,5144557515752,195,917
1763259882,0000008000000080,5144604876191,2508,918
1763259899,0000000800000004,5144776245394,2585,919
1763259908,0000000100000002,5144862394132,2598,920
1763259916,0000000800000004,5144947262334,2685,921
1763259930,0000004000000001,5145089740323,4536,922
1763259937,0000000400000004,5145152837399,733,923
1763259939,0000000800000002,5145177652712,4441,924
1763259941,0000000400000080,5145197144056,3244,925
1763259959,0000000100000001,5145375915380,2873,926
1763259972,0000000200000001,5145507250929,197,927
1763259977,0000008000000080,5145551483475,2696,928
1763259977,0000000800000004,5145557288116,2353,929
1763259979,0000008000000004,5145576891440,1183,930
1763260004,0000000800000001,5145823869370,1909,931
1763260020,0000000100000003,5145986932270,2476,932
1763260028,0000000100000002,5146062223906,3143,933
1763260033,0000004000000080,5146119632958,4910,934
1763260059,0000000400000002,5146376898095,5014,935
1763260059,0000000100000004,5146380476261,4802,936
1763260063,0000008000000080,5146420339086,2376,937
1763260067,0000000100000001,5146451727920,514,938
1763260077,0000008000000080,5146556160432,4624,939
1763260080,0000000100000004,5146587869605,2683,940
1763260083,0000000400000001,5146620007840,772,941
1763260095,0000000800000080,5146740692152,3901,942
1763260098,0000008000000008,5146763418587,2512,943
1763260121,0000008000000080,5146992487199,4343,944
1763260124,0000000800000001,5147027929981,2190,945
1763260139,0000008000000004,5147171444385,3962,946
1763260145,0000008000000080,5147236529574,5240,947
1763260151,0000000100000001,5147295031115,1710,948
1763260151,0000000100000003,5147299952876,1414,949
1763260169,0000004000000004,5147471414747,1489,950
1763260169,0000008000000080,5147476481610,1183,951
1763260170,0000000100000001,5147487338287,546,952
1763260176,0000000400000004,5147548159385,2062,953
1763260196,0000000100000008,5147745063089,624,954
1763260209,0000000100000001,5147877160272,3040,955
1763260215,0000000100000008,5147935338108,4764,956
1763260249,0000000100000001,5148277625811,4947,957
1763260255,0000000400000003,5148340824648,1129,958
1763260297,0000004000000001,5148754932144,2184,959
1763260310,0000008000000080,5148881729360,4964,960
1763260316,0000004000000002,5148948012027,966,961
1763260318,0000000100000004,5148963993531,5207,962
1763260321,0000000100000002,5149000441901,2990,963
1763260330,0000000800000008,5149089881829,2803,964
1763260337,0000004000000010,5149157915544,3927,965
1763260341,0000000800000002,5149194964087,1690,966
1763260348,0000000400000008,5149263528230,2745,967
1763260371,0000000100000008,5149495181465,4424,968
1763260374,0000000100000003,5149530295502,2284,969
1763260383,0000000100000002,5149618862405,2154,970
1763260415,0000004000000008,5149931931753,4116,971
1763260419,0000000100000001,5149974833426,1522,972
1763260423,0000000100000001,5150011704719,4516,973
1763260424,0000008000000002,5150027148442,3570,974
1763260443,0000000100000001,5150218947511,2410,975
1763260449,0000004000000008,5150273371636,4356,976
1763260450,0000000800000080,5150288822978,3407,977
1763260456,0000008000000080,5150350412183,4914,978
1763260477,0000000400000080,5150558617075,2749,979
1763260593,0000008000000002,5151720594117,406,980
1763260595,0000000400000008,5151731632855,4934,981
1763260598,0000000100000008,5151763022442,3018,982
1763260621,0000000800000008,5152000807650,4325,983
1763260622,0000004000000080,5152007886345,3892,984
1763260628,0000008000000080,5152068882203,231,985
1763260631,0000004000000004,5152093350291,3947,986
1763260655,0000008000000008,5152335000675,4995,987
1763260664,0000000100000002,5152427731063,4615,988
1763260681,0000000400000004,5152597805195,4772,989
1763260710,0000000800000004,5152887377149,2904,990
1763260735,0000000100000004,5153137911969,3428,991
1763260770,0000004000000008,5153490070580,3008,992
1763260781,0000000400000002,5153596272050,1827,993
1763260784,000000c000000080,5153630210570,4994,994
1763260822,0000000100000002,5154004598056,3227,995
1763260822,0000000400000001,5154008262479,3002,996
1763260826,0000000400000008,5154047284345,673,997
1763260836,0000000800000002,5154149829188,4901,998
1763260837,0000000400000002,5154155164769,4585,999
1763260840,0000000400000008,5154185988363,2696,1000
1763260844,0000004000000080,5154221871197,568,1001
1763260857,0000008000000080,5154355216830,2906,1002
1763260858,0000008000000004,5154367960705,2147,1003
1763260862,0000008000000080,5154407219548,5000,1004
1763260871,0000000100000004,5154494839689,4924,1005
1763260876,0000000400000004,5154547401561,1747,1006
1763260880,0000004000000001,5154581623254,1605,1007
1763260890,0000004000000001,5154682070926,4045,1008
1763260913,0000008000000080,5154920982562,5255,1009
1763260918,0000000800000004,5154967569471,2431,1010
1763260923,0000004000000008,5155015264991,4784,1011
1763260950,0000000800000001,5155282543273,4288,1012
1763260970,0000000400000004,5155482559787,2612,1013
1763260991,0000000400000008,5155692210807,420,1014
1763260991,0000000100000001,5155697547782,5287,1015
1763261014,0000008000000080,5155921167856,2207,1016
1763261047,0000000100000008,5156256767793,2785,1017
1763261050,0000000800000006,5156281432029,1316,1018
1763261082,0000000500000001,5156610233278,2307,1019
1763261093,000000820000000c,5156719361282,947,1020
1763261099,0000008000000080,5156777403919,2633,1021
1763261143,0000000800000080,5157220188753,1979,1022
1763261146,0000000100000008,5157248642710,288,1023
1763261150,0000000400000004,5157290489793,2932,1024
1763261169,0000000100000004,5157475601811,2193,1025
1763261172,000000c000000080,5157509405380,183,1026
1763261203,0000000400000002,5157818260604,2352,1027
1763261221,0000000100000002,5157992825870,2245,1028
1763261221,0000008000000080,5157993337934,2213,1029
1763261231,0000004000000002,5158097227048,1165,1030
1763261237,000000c000000080,5158154295038,2911,1031
1763261242,0000008000000008,5158210138453,4776,1032
1763261251,0000000100000002,5158300479241,4537,1033
1763261252,0000000800000001,5158303711958,4342,1034
1763261265,0000008000000001,5158433664252,1701,1035
1763261279,0000008000000002,5158575740730,3544,1036
1763261290,0000000800000001,5158686529281,2070,1037
1763261293,0000000100000003,5158718755849,162,1038
1763261312,0000000800000001,5158905742739,4486,1039
1763261319,0000004000000080,5158971369273,536,1040
1763261330,0000000100000004,5159087545650,3930,1041
1763261343,0000008000000001,5159218112288,1258,1042
1763261352,0000000800000080,5159306082906,1162,1043
1763261368,0000000800000080,5159468413232,1787,1044
1763261372,000000c000000080,5159504725048,4812,1045
1763261378,0000000800000008,5159567596936,1014,1046
1763261384,0000000400000080,5159629363827,2479,1047
1763261385,0000004000000008,5159633563992,2233,1048
1763261393,0000000400000002,5159719652332,2247,1049
1763261403,0000004000000004,5159811772781,1907,1050
1763261431,0000008000000080,5160092563307,612,1051
1763261437,0000000400000080,5160154426062,2067,1052
1763261444,0000008000000001,5160223194723,3117,1053
1763261446,0000000100000001,5160247044287,1694,1054
1763261458,0000000800000004,5160362900326,5124,1055
1763261470,0000000400000008,5160485713426,2904,1056
1763261474,0000000400000008,5160523994609,630,1057
1763261474,0000000100000001,5160524065044,626,1058
1763261475,0000000800000001,5160538005102,4981,1059
1763261476,0000004000000008,5160542519353,4714,1060
1763261488,0000004000000080,5160662068227,2684,1061
1763261491,0000000400000004,5160697981079,553,1062
1763261492,0000000400000008,5160706685559,5220,1063
1763261496,0000000400000002,5160743441327,2984,1064
1763261496,0000000400000002,5160750419877,2565,1065
1763261503,0000008000000080,5160816518070,3802,1066
1763261503,0000008000000001,5160816585113,3797,1067
1763261513,0000004000000080,5160916880463,2939,1068
1763261518,0000004000000080,5160963044316,193,1069
1763261521,0000004000000001,5160990990965,3691,1070
1763261533,0000000100000080,5161115256627,1406,1071
1763261569,0000000100000001,5161477548614,407,1072
1763261574,0000000400000080,5161526561751,2621,1073
1763261587,0000000100000001,5161657027438,5187,1074
1763261606,0000000100000001,5161841069605,4510,1075
1763261622,0000000100000002,5162010225722,4721,1076
1763261626,0000000800000001,5162042095487,2774,1077
1763261662,0000008000000084,5162410832759,1382,1078
1763261665,0000000100000003,5162432955111,5257,1079
1763261675,0000000200000001,5162531113810,4554,1080
1763261689,0000000500000008,5162672158041,1244,1081
1763261700,0000000100000002,5162781083728,5094,1082
1763261704,0000004000000004,5162828559860,2218,1083
1763261717,0000004000000080,5162955012355,5019,1084
1763261717,0000004000000004,5162960392359,4700,1085
1763261718,0000000800000008,5162966344998,4342,1086
1763261720,0000008000000080,5162989796798,2900,1087
1763261731,0000008000000001,5163091016024,2016,1088
1763261751,0000000400000008,5163300547028,5011,1089
1763261769,0000004000000008,5163472692405,5042,1090
1763261779,0000000100000008,5163579843437,3785,1091
1763261812,0000000100000001,5163906617099,4913,1092
1763261818,0000008000000080,5163961729879,1582,1093
1763261824,0000000100000080,5164022393217,3117,1094
1763261842,0000000100000001,5164204898786,2523,1095
1763261850,0000004000000080,5164288831284,2668,1096
1763261858,0000008000000004,5164362484235,3442,1097
1763261882,0000000400000002,5164606263783,4380,1098
1763261892,0000008000000004,5164708120705,3426,1099
1763261892,0000000100000008,5164709774978,3325,1100
1763261901,0000008000000080,5164800180233,3074,1101
1763261913,0000008000000080,5164918272928,1176,1102
1763261915,0000004000000008,5164934303517,229,1103
1763261915,0000000100000001,5164937588381,5219,1104
1763261928,0000004000000080,5165064766921,2737,1105
1763261933,0000000400000002,5165113286575,5043,1106
1763261939,0000008800000004,5165174410338,1351,1107
1763261942,0000008000000004,5165210786514,4373,1108
1763261943,0000004000000002,5165211012346,4359,1109
1763261943,0000000100000002,5165215883412,4062,1110
1763261959,0000004000000080,5165377125102,4755,1111
1763261964,0000008000000001,5165424380541,1895,1112
1763261977,0000004000000002,5165559351402,4179,1113
1763261981,0000008000000004,5165595609655,1977,1114
1763261986,0000000100000004,5165645148254,4213,1115
1763261987,0000000100000001,5165658932063,3364,1116
1763261989,0000008000000080,5165672488553,2540,1117
1763261995,0000000100000002,5165738024016,3811,1118
1763262011,0000000100000001,5165893925039,4830,1119
1763262039,0000008000000008,5166174620144,3511,1120
1763262042,0000008000000004,5166204342071,1724,1121
1763262044,0000004000000004,5166222977602,617,1122
1763262054,0000000400000002,5166324035888,4926,1123
1763262075,0000000100000004,5166535127287,2588,1124
1763262077,0000008000000001,5166553662032,1486,1125
1763262106,0000004000000003,5166844918034,4759,1126
1763262106,0000000400000008,5166845077128,4750,1127
1763262114,0000000800000008,5166923835357,5202,1128
1763262117,0000000400000080,5166953121034,3425,1129
1763262124,0000008000000080,5167029263196,4054,1130
1763262132,0000000400000001,5167106877752,4585,1131
1763262133,0000000400000004,5167113388361,4190,1132
1763262134,0000000800000080,5167125649495,3435,1133
1763262148,0000000100000008,5167263323358,368,1134
1763262151,0000004000000008,5167291740745,3842,1135
1763262157,0000000800000008,5167355626438,5197,1136
1763262164,0000004000000001,5167429589916,745,1137
1763262166,000000c000000080,5167443061556,5133,1138
1763262174,0000000800000004,5167528630047,5179,1139
1763262175,0000000100000001,5167531737334,4992,1140
1763262201,0000008000000080,5167792854220,4870,1141
1763262217,0000000800000008,5167952742972,446,1142
1763262230,0000000100000001,5168085053466,2845,1143
1763262231,0000000400000008,5168092400356,2407,1144
1763262234,0000004800000080,5168129403118,210,1145
1763262238,0000008000000080,5168164001201,3298,1146
1763262274,0000008000000080,5168522545784,2499,1147
1763262286,0000000100000003,5168643616453,440,1148
1763262287,0000000800000002,5168655376366,4925,1149
1763262294,0000008000000001,5168729500378,467,1150
1763262296,0000008000000008,5168743239511,4836,1151
1763262309,0000000400000001,5168873982441,2143,1152
1763262318,0000004000000001,5168968453196,1659,1153
1763262334,0000000100000009,5169129065327,2376,1154
1763262336,0000000400000008,5169147419891,1281,1155
1763262357,0000000500000001,5169352452220,4546,1156
1763262362,0000008000000008,5169410026549,1066,1157
1763262382,0000000100000008,5169601460325,5146,1158
1763262412,0000000400000008,5169903107012,2556,1159
1763262413,0000008000000008,5169913378254,1951,1160
1763262429,0000000800000001,5170073829754,2675,1161
1763262436,0000008000000080,5170142853784,3735,1162
1763262437,0000000100000002,5170152095786,3165,1163
1763262447,0000000400000002,5170257198839,2042,1164
1763262452,0000000800000004,5170301265455,4608,1165
1763262461,0000008000000004,5170395242259,4144,1166
1763262473,0000004000000080,5170516190777,2046,1167
1763262476,0000000900000004,5170549428740,5255,1168
1763262477,0000000100000001,5170552012017,5102,1169
1763262507,0000004000000080,5170851281870,2652,1170
1763262517,0000000400000001,5170958703803,1399,1171
1763262517,0000004000000008,5170958712759,1399,1172
1763262539,0000004000000001,5171175437661,3954,1173
1763262542,0000000100000001,5171200871933,2403,1174
1763262549,0000004000000080,5171273578812,3227,1175
1763262555,0000004000000002,5171337666914,4591,1176
1763262566,0000004000000002,5171450213454,2986,1177
1763262567,0000000800000080,5171452599462,2839,1178
1763262568,0000000100000001,5171462049817,2276,1179
1763262580,0000000800000004,5171581965290,283,1180
1763262594,0000000400000004,5171729639691,1771,1181
1763262596,0000000400000001,5171748137210,672,1182
1763262604,0000000100000001,5171827377374,1086,1183
1763262609,0000000800000008,5171876491752,3320,1184
1763262619,0000008000000080,5171980362782,2263,1185
1763262634,0000008000000001,5172122140938,4144,1186
1763262636,0000000400000001,5172147965446,2562,1187
1763262641,0000000400000002,5172196950784,4840,1188
1763262653,0000008000000080,5172315885776,2850,1189
1763262666,0000000800000008,5172442203531,476,1190
1763262680,0000000100000002,5172584786740,2263,1191
1763262698,0000000800000008,5172762120004,1989,1192
1763262713,0000000100000001,5172919964463,2870,1193
1763262714,0000000400000001,5172930039340,2269,1194
1763262729,0000008000000001,5173076047537,3891,1195
1763262736,0000000400000004,5173146763989,4839,1196
1763262737,0000004000000004,5173153917237,4410,1197
1763262740,0000004000000004,5173185400775,2486,1198
1763262758,0000000800000001,5173361770304,2270,1199
1763262776,0000000800000008,5173547699927,1481,1200
1763262783,0000004000000004,5173615021092,2610,1201
1763262796,0000000100000001,5173750222041,4896,1202
1763262797,0000000400000002,5173752437935,4765,1203
1763262826,0000000200000001,5174045900193,2663,1204
1763262827,0000008000000080,5174054049599,2181,1205
1763262840,0000008000000008,5174187785827,4547,1206
1763262861,0000000200000002,5174392052584,2615,1207
1763262861,0000008000000004,5174396824286,2333,1208
1763262866,0000000800000004,5174443884560,4722,1209
1763262869,0000000100000002,5174472872752,2948,1210
1763262874,0000008000000001,5174523498674,5122,1211
1763262880,0000008000000008,5174585678006,1370,1212
1763262883,0000008000000080,5174613070952,4932,1213
1763262886,0000000100000002,5174643572461,3071,1214
1763262898,0000008000000001,5174762011929,1151,1215
1763262900,0000000800000001,5174790183103,4668,1216
1763262901,0000008000000008,5174797717512,4212,1217
1763262901,0000000400000002,5174797772060,4208,1218
1763262905,0000004000000001,5174838865698,1722,1219
1763262914,0000000800000008,5174922523299,1882,1220
1763262914,0000000100000003,5174922828186,1865,1221
1763262917,0000000100000001,5174957641175,4979,1222
1763262918,0000008000000002,5174969847790,4247,1223
1763262924,0000000100000001,5175025402230,894,1224
1763262943,000000c000000080,5175219525134,4810,1225
1763262947,0000008000000080,5175260082535,2345,1226
1763262948,0000004000000002,5175269083183,1813,1227
1763262952,0000008000000004,5175308427113,4658,1228
1763262957,0000004000000001,5175359971899,1539,1229
1763262959,0000000100000001,5175375984111,592,1230
1763262959,0000000400000002,5175379153655,402,1231
1763262976,0000008000000080,5175546508714,717,1232
1763262987,0000008000000080,5175659917694,4289,1233
1763263000,0000004000000004,5175789940579,1646,1234
1763263007,0000000800000001,5175853768381,2987,1235
1763263015,0000000200000002,5175934696307,3320,1236
1763263025,0000000800000080,5176034091618,2527,1237
1763263030,0000000100000080,5176085108239,4683,1238
1763263032,0000008000000080,5176105771206,3420,1239
1763263039,0000004000000080,5176172038882,4648,1240
1763263042,0000004000000008,5176200803306,2887,1241
1763263043,0000000100000001,5176213420624,2136,1242
1763263055,0000000100000001,5176333042479,162,1243
1763263057,0000008800000004,5176350749043,4284,1244
1763263064,0000000100000001,5176427691580,4849,1245
1763263070,0000000800000008,5176485115240,1380,1246
1763263075,0000000100000004,5176537343606,3429,1247
1763263092,0000000100000001,5176702032192,3923,1248
1763263107,0000004000000001,5176860024410,4814,1249
1763263113,000000c000000080,5176912735733,1627,1250
1763263114,0000000100000001,5176920687350,1148,1251
1763263129,0000000400000008,5177076609207,2151,1252
1763263130,0000000800000002,5177084387636,1689,1253
1763263132,0000008000000080,5177107778865,300,1254
1763263138,0000004000000002,5177168469495,1826,1255
1763263140,0000000100000080,5177181279431,1055,1256
1763263170,0000008000000004,5177483688918,3640,1257
1763263177,0000000100000001,5177554287939,4603,1258
1763263197,0000000100000001,5177757116379,2759,1259
1763263213,0000000100000008,5177914616791,3689,1260
1763263237,0000000800000008,5178154242221,4869,1261
1763263244,0000000800000080,5178226323295,534,1262
1763263260,0000004000000001,5178389661731,1082,1263
1763263263,0000008000000080,5178420119218,4460,1264
1763263267,0000000400000001,5178460454583,2014,1265
1763263274,0000000100000001,5178530132335,3007,1266
1763263276,0000000800000001,5178541783901,2309,1267
1763263279,0000000400000002,5178578325348,5324,1268
1763263281,0000004000000002,5178591574385,4535,1269
1763263284,0000000200000008,5178620925724,2737,1270
1763263294,0000008000000002,5178722599561,1829,1271
1763263301,0000008000000080,5178791945171,2838,1272
1763263311,0000004000000008,5178894532935,1875,1273
1763263315,0000000800000004,5178937816717,4483,1274
1763263336,0000000100000008,5179149415077,2120,1275
1763263345,0000000800000008,5179233193086,2272,1276
1763263374,0000004000000080,5179521966220,506,1277
1763263375,0000000800000001,5179535464852,4888,1278
1763263422,0000000400000001,5180001966319,2766,1279
1763263440,0000000100000080,5180185825735,2104,1280
1763263442,0000000c00000001,5180203981941,1019,1281
1763263448,0000000100000001,5180264957464,2530,1282
1763263451,0000000400000004,5180297657217,591,1283
1763263461,0000000400000004,5180394662686,5140,1284
1763263473,0000000100000008,5180513933051,3137,1285
1763263476,0000000c00000002,5180540518926,1548,1286
1763263481,0000000400000080,5180592526293,3615,1287
1763263483,0000000100000003,5180615983639,2197,1288
1763263494,0000004000000008,5180721792224,1034,1289
1763263498,0000000400000080,5180769033188,3380,1290
1763263529,0000008000000080,5181075028825,574,1291
1763263535,0000008000000080,5181135262609,2125,1292
1763263542,0000000800000001,5181202754061,3258,1293
1763263551,0000000100000002,5181299843321,2604,1294
1763263553,0000008000000001,5181317243187,1571,1295
1763263595,0000000100000001,5181731048733,2634,1296
1763263604,0000000100000001,5181822171433,2352,1297
1763263618,0000000400000002,5181963207602,4282,1298
1763263622,000000800000000c,5182008151613,1563,1299
1763263624,0000000100000001,5182027850449,395,1300
1763263630,0000000400000002,5182085565797,2095,1301
1763263631,0000000400000008,5182094786674,1544,1302
1763263657,0000000400000002,5182352234040,1641,1303
1763263661,0000004000000001,5182396828170,4166,1304
1763263678,0000000100000001,5182567201413,4307,1305
1763263693,0000004000000004,5182718251829,415,1306
1763263703,0000008000000080,5182811686192,5179,1307
1763263746,0000000100000002,5183246673609,4984,1308
1763263750,0000008000000006,5183280620961,2916,1309
1763263751,0000000400000002,5183295619050,2023,1310
1763263752,0000008000000001,5183300644746,1724,1311
1763263764,0000000300000080,5183422224348,4814,1312
1763263770,0000000100000002,5183489059814,786,1313
1763263786,0000004000000008,5183648644651,1566,1314
1763263789,0000000100000001,5183674858932,5195,1315
1763263790,0000000100000001,5183683145927,4702,1316
1763263820,0000004000000008,5183982030477,2280,1317
1763263822,000000c000000080,5184005129516,902,1318
1763263829,0000000800000004,5184071474044,2098,1319
1763263831,0000000100000008,5184093703651,773,1320
1763263843,0000000800000080,5184210557921,4136,1321
1763263855,0000000100000002,5184333508540,1919,1322
1763263867,0000000400000001,5184453435324,5107,1323
1763263868,0000004000000002,5184465070723,4411,1324
1763263900,0000004000000002,5184781816374,926,1325
1763263928,0000008000000008,5185062367403,4839,1326
1763263928,0000008000000004,5185065194231,4671,1327
1763263934,0000000400000080,5185128759821,835,1328
1763263940,0000004100000004,5185182656695,2766,1329
1763263945,0000004000000080,5185231763295,5036,1330
1763263949,0000000100000004,5185279137653,2166,1331
1763263950,0000000400000002,5185288365965,1616,1332
1763263957,0000000100000001,5185357574777,2632,1333
1763263959,0000000800000008,5185376956516,1481,1334
1763263965,0000000400000080,5185439264116,2914,1335
1763264006,0000000400000002,5185849281152,4248,1336
1763264030,0000008000000080,5186085635194,420,1337
1763264035,0000000400000002,5186136573065,2521,1338
1763264040,0000008000000004,5186184572669,4855,1339
1763264040,0000000800000001,5186188516279,4620,1340
1763264051,0000000100000004,5186292171279,3560,1341
1763264055,0000000100000080,5186333792504,1058,1342
1763264089,0000008000000080,5186673585953,1392,1343
1763264092,0000008000000080,5186706920828,4600,1344
1763264109,0000000800000080,5186875662685,4835,1345
1763264139,0000008000000080,5187174202336,2432,1346
1763264151,000000080000000c,5187295307353,369,1347
1763264186,0000000400000008,5187641637622,313,1348
1763264190,0000000400000080,5187686263056,2791,1349
1763264194,0000008000000080,5187728051211,308,1350
1763264200,0000008000000004,5187790150295,1749,1351
1763264210,0000000400000004,5187885843329,1187,1352
1763264215,0000000100000008,5187937584924,3261,1353
1763264217,0000000200000001,5187958890918,1985,1354
1763264220,0000008000000080,5187988448204,227,1355
1763264233,0000000100000001,5188117588071,2814,1356
1763264244,0000000800000001,5188225082334,1557,1357
1763264277,0000000800000002,5188554839769,2485,1358
1763264277,0000000600000001,5188560171988,2171,1359
1763264287,0000008000000008,5188659757290,1378,1360
1763264294,0000000100000080,5188725499910,2604,1361
1763264296,0000000500000004,5188744867886,1453,1362
1763264317,0000008000000080,5188950404980,4688,1363
1763264336,0000008000000080,5189148357964,3141,1364
1763264338,0000000800000004,5189166358397,2066,1365
1763264338,0000000100000001,5189166863452,2036,1366
1763264351,0000008000000080,5189290734632,4988,1367
1763264354,000000c000000080,5189330039161,2598,1368
1763264371,0000004000000080,5189497888614,2889,1369
1763264413,0000004000000004,5189917170251,3652,1370
1763264417,0000000100000010,5189954613207,2796,1371
1763264439,0000000100000001,5190176458553,3636,1372
1763264461,0000008000000008,5190391903403,1064,1373
1763264462,0000000100000004,5190403690406,372,1374
1763264469,0000001000000010,5190470452556,1531,1375
1763264473,0000000100000001,5190510571529,4327,1376
1763264483,0000004000000080,5190615572481,3182,1377
1763264488,0000008000000080,5190665212673,224,1378
1763264507,0000008000000008,5190856609185,4289,1379
1763264519,0000008000000008,5190971406657,2549,1380
1763264523,0000000800000001,5191018743623,4924,1381
1763264524,0000000300000001,5191021215161,4776,1382
1763264542,0000000100000001,5191201570358,4315,1383
1763264552,0000000100000002,5191308449506,3052,1384
1763264554,0000000800000001,5191320577499,2326,1385
1763264572,0000000400000001,5191503522593,1718,1386
1763264573,0000008000000001,5191514380827,1064,1387
1763264575,0000000100000001,5191537095328,4906,1388
1763264579,0000004000000080,5191570352620,2877,1389
1763264579,0000000100000004,5191577110427,2471,1390
1763264587,0000008000000080,5191653477919,3074,1391
1763264613,0000000400000004,5191919939351,2625,1392
1763264622,0000000800000001,5192009097217,2459,1393
1763264625,0000008000000008,5192037385449,777,1394
1763264630,0000000800000008,5192081111571,3326,1395
1763264633,0000004000000001,5192110761401,1547,1396
1763264637,0000000800000002,5192153679638,4174,1397
1763264649,0000000800000002,5192271257139,2275,1398
1763264665,0000000100000080,5192431031935,3047,1399
1763264665,0000000100000004,5192432771013,2942,1400
1763264667,0000008000000080,5192451367005,1834,1401
1763264681,0000000100000080,5192593205582,3693,1402
1763264689,0000000100000080,5192671251935,4204,1403
1763264689,0000000400000080,5192674898613,3981,1404
1763264731,0000008000000002,5193100031192,4383,1405
1763264743,0000000200000001,5193211478073,2842,1406
1763264748,0000000100000001,5193267729653,4684,1407
1763264754,0000008000000008,5193322862049,1350,1408
1763264763,0000008000000080,5193412215009,1168,1409
1763264768,0000000100000004,5193467090801,3050,1410
1763264774,0000004000000002,5193520863835,5035,1411
1763264776,0000008000000004,5193543583295,3656,1412
1763264781,0000004000000080,5193594167694,627,1413
1763264795,0000000800000080,5193737750779,2353,1414
1763264800,0000000100000008,5193782509676,4880,1415
1763264819,0000004000000008,5193978519907,3460,1416
1763264827,0000000100000001,5194057925504,3887,1417
1763264855,0000000800000008,5194332639844,2924,1418
1763264861,0000004000000080,5194391813914,4588,1419
1763264864,0000000800000080,5194429807437,2276,1420
1763264868,0000000800000008,5194465633783,162,1421
1763264875,0000004000000008,5194539755296,871,1422
1763264907,0000000400000002,5194858913754,2432,1423
1763264910,0000000100000008,5194889388809,624,1424
1763264912,0000000100000004,5194904346941,4919,1425
1763264917,0000000400000002,5194952055727,2032,1426
1763264925,0000000500000001,5195032992066,2350,1427
1763264928,0000000800000080,5195067067446,326,1428
1763264942,0000000100000001,5195206431981,2305,1429
1763264944,0000004000000004,5195229668984,920,1430
1763264949,0000000400000002,5195279620470,3095,1431
1763264971,0000000400000080,5195491089175,782,1432
1763264984,0000000100000001,5195629656955,2810,1433
1763264993,0000008000000001,5195718172740,2680,1434
1763264995,0000000800000004,5195734162471,1733,1435
1763265006,0000000100000001,5195845863707,226,1436
1763265007,0000000800000008,5195850673321,5124,1437
1763265009,0000008000000080,5195873947906,3716,1438
1763265011,0000004000000004,5195891460465,2645,1439
1763265012,0000008000000002,5195907929457,1668,1440
1763265022,0000000100000002,5196006912909,912,1441
1763265023,0000000400000001,5196019339079,179,1442
1763265027,0000008000000002,5196050970411,3449,1443
1763265027,000000c40000008b,5196053879466,3269,1444
1763265028,000000c000000080,5196063629299,2675,1445
1763265038,0000008000000080,5196167110490,1659,1446
1763265049,0000004000000001,5196278187734,189,1447
1763265051,0000000800000008,5196292265442,4536,1448
1763265064,000000c000000080,5196424661014,1750,1449
1763265104,0000008000000001,5196821903685,3828,1450
1763265107,0000008000000080,5196855740080,1787,1451
1763265114,0000000100000001,5196923289994,2904,1452
1763265118,0000000400000008,5196963687109,503,1453
1763265131,0000000100000008,5197090414942,3246,1454
1763265132,0000008000000080,5197107904884,2195,1455
1763265146,0000000100000001,5197245880295,4305,1456
1763265175,0000000100000004,5197531245940,2691,1457
1763265177,0000008000000008,5197552182245,1445,1458
1763265186,0000000200000001,5197642640810,1197,1459
1763265189,0000008000000008,5197676062612,4398,1460
1763265213,0000000800000008,5197918597647,198,1461
1763265231,0000008000000080,5198099273338,4908,1462
1763265236,0000000800000008,5198149590962,1866,1463
1763265239,0000000400000080,5198173407046,450,1464
1763265242,0000000400000080,5198204778693,3745,1465
1763265247,0000000100000004,5198257515610,584,1466
1763265250,0000000800000002,5198285928334,4065,1467
1763265254,0000000100000002,5198323016862,1822,1468
1763265258,0000008000000080,5198363383425,4606,1469
1763265273,0000008000000002,5198513562176,758,1470
1763265279,0000000800000008,5198576159301,2172,1471
1763265293,0000000800000008,5198713473888,4321,1472
1763265294,0000004000000001,5198724344432,3652,1473
1763265308,0000000400000080,5198865677898,360,1474
1763265313,0000000100000002,5198913777895,2629,1475
1763265318,0000000100000080,5198966758345,4668,1476
1763265322,0000000100000001,5199006255739,2267,1477
1763265323,0000008000000080,5199014012699,1809,1478
1763265325,0000000100000080,5199036793752,454,1479
1763265326,0000000400000002,5199049070675,4909,1480
1763265327,0000000100000001,5199050811439,4806,1481
1763265338,0000008000000080,5199169441081,2832,1482
1763265348,0000008000000080,5199269351177,2028,1483
1763265366,0000000400000004,5199445282678,1835,1484
1763265368,0000000200000008,5199462726020,795,1485
1763265383,0000008000000004,5199614192648,2059,1486
1763265406,0000000400000001,5199846812806,3654,1487
1763265417,0000004000000002,5199952445507,2480,1488
1763265430,0000008000000008,5200088689965,4702,1489
1763265431,0000004000000001,5200095280667,4303,1490
1763265442,0000000100000001,5200205114233,2862,1491
1763265447,0000000100000001,5200257981267,4903,1492
1763265449,0000000100000080,5200277232976,3734,1493
1763265463,0000004000000080,5200417822732,483,1494
1763265468,0000000800000004,5200465159762,2799,1495
1763265485,0000000100000004,5200636822503,2862,1496
1763265495,0000000800000004,5200738069129,1978,1497
1763265497,0000000100000001,5200756673295,865,1498
1763265498,0000000400000082,5200765591457,341,1499
1763265515,000000c000000080,5200930431929,803,1500
1763265529,0000000400000004,5201073246748,2579,1501
1763265540,0000000400000002,5201182064798,1240,1502
1763265551,0000000800000004,5201294731994,4867,1503
1763265581,0000000100000001,5201598218128,2173,1504
1763265583,0000004000000001,5201615930620,1114,1505
1763265588,0000000100000001,5201661754478,3549,1506
1763265596,0000004000000001,5201741216489,3974,1507
1763265609,0000000100000001,5201873850278,1178,1508
1763265619,0000008000000080,5201970233962,591,1509
1763265620,0000004000000080,5201980508347,5163,1510
1763265628,0000004000000001,5202066662605,5174,1511
1763265631,0000000400000080,5202092732048,3594,1512
1763265637,0000000800000001,5202156311526,4978,1513
1763265646,0000000400000008,5202249726748,4556,1514
1763265649,0000000400000008,5202278907463,2768,1515
1763265653,0000000400000008,5202313975273,687,1516
1763265653,0000008000000001,5202315772859,581,1517
1763265664,0000000100000003,5202421631958,4603,1518
1763265684,0000000400000080,5202620357762,3008,1519
1763265697,0000008000000008,5202759062451,5075,1520
1763265728,0000008000000004,5203069573939,1966,1521
1763265732,000000c000000080,5203102058527,5218,1522
1763265735,0000000400000002,5203130164558,3516,1523
1763265744,0000008000000080,5203229864852,2699,1524
1763265750,0000004000000008,5203282433598,4762,1525
1763265771,0000000400000001,5203492290699,2498,1526
1763265798,0000000200000001,5203762453368,1839,1527
1763265804,0000000400000080,5203829661361,2978,1528
1763265842,0000000800000080,5204209826154,902,1529
1763265857,0000004000000004,5204356753119,2437,1530
1763265858,0000004000000002,5204364817245,1962,1531
1763265876,0000000800000084,5204545268685,1497,1532
1763265877,0000000100000080,5204553327834,1014,1533
1763265877,0000004000000001,5204555773045,869,1534
1763265879,0000000100000001,5204577159784,4790,1535
1763265896,0000000400000080,5204743883453,5143,1536
1763265907,0000000100000008,5204857035279,3517,1537
1763265916,0000000400000080,5204941786668,3615,1538
1763265935,0000008000000002,5205137129713,2245,1539
1763265951,0000000100000001,5205290618278,3402,1540
1763265983,0000000400000002,5205609912721,4989,1541
1763265984,0000000400000080,5205620500220,4355,1542
1763265991,0000000400000002,5205694439574,5097,1543
1763265992,0000008000000080,5205706894240,4352,1544
1763266000,000000c000000080,5205782029065,5023,1545
1763266013,0000008000000080,5205914265810,2243,1546
1763266022,0000000800000001,5206003915757,2048,1547
1763266034,0000008000000080,5206129765539,4885,1548
1763266059,0000000100000008,5206376154420,452,1549
1763266063,0000000100000004,5206418524885,3069,1550
1763266066,0000004000000008,5206441635517,1691,1551
1763266068,0000000100000001,5206469529725,5218,1552
1763266081,0000000100000001,5206599084594,2593,1553
1763266084,0000000100000080,5206624915777,1049,1554
1763266085,0000000800000001,5206634600443,487,1555
1763266096,000000c000000001,5206742025639,4413,1556
1763266101,0000008000000001,5206798012661,1031,1557
1763266108,0000000400000002,5206860449436,2456,1558
1763266113,0000000800000008,5206910641978,4659,1559
1763266116,0000000400000002,5206947135389,2436,1560
1763266124,0000000400000002,5207028419246,2735,1561
1763266151,0000000200000004,5207297477877,2143,1562
1763266157,0000000100000004,5207359000242,3642,1563
1763266160,0000008000000080,5207388245201,1881,1564
1763266163,0000000100000008,5207417564220,5323,1565
1763266169,0000000400000004,5207470342263,2132,1566
1763266169,0000008000000080,5207477545693,1705,1567
1763266172,0000000400000002,5207501159612,301,1568
1763266177,0000000100000002,5207559714331,1953,1569
1763266179,0000000400000080,5207573649293,1118,1570
1763266183,0000000100000008,5207618920409,3588,1571
1763266185,0000004000000001,5207638883167,2377,1572
1763266190,000000c000000080,5207680235373,5106,1573
1763266223,0000000100000001,5208019699791,273,1574
1763266260,0000008000000080,5208382194115,4437,1575
1763266273,0000008000000080,5208519602629,1348,1576
1763266282,0000004000000002,5208602611271,1549,1577
1763266288,0000000100000003,5208668929192,2738,1578
1763266312,0000008000000080,5208907048709,4022,1579
1763266324,0000004000000008,5209026391871,2024,1580
1763266337,0000008000000080,5209158633806,4476,1581
1763266341,0000004000000004,5209196883272,2154,1582
1763266344,0000000200000008,5209228759438,259,1583
1763266350,0000008000000080,5209283397104,2144,1584
1763266354,0000000100000001,5209327584700,4702,1585
1763266357,0000000400000002,5209359348985,2758,1586
1763266360,0000004000000008,5209381715239,1429,1587
1763266360,0000004000000080,5209385120698,1223,1588
1763266366,0000008000000008,5209448077536,2617,1589
1763266370,0000004000000004,5209480474066,695,1590
1763266382,0000000400000080,5209607036392,3454,1591
1763266384,000000c000000080,5209622469973,2515,1592
1763266400,0000000100000008,5209789235530,2870,1593
1763266404,0000000400000080,5209825464517,717,1594
1763266409,0000000400000001,5209874866650,2914,1595
1763266423,0000000800000008,5210018956324,4666,1596
1763266432,0000000800000002,5210104962963,4686,1597
1763266435,0000000400000004,5210132603731,2993,1598
1763266443,0000000400000004,5210213778583,3311,1599
1763266444,0000008000000080,5210227644387,2471,1600
1763266471,0000000800000080,5210491886996,2163,1601
1763266475,0000008000000080,5210538850465,4555,1602
1763266483,0000000100000001,5210611582827,182,1603
1763266487,0000000100000001,5210658366629,2529,1604
1763266494,0000000400000080,5210727717815,3564,1605
1763266513,0000000400000080,5210912272229,2837,1606
1763266532,0000004000000001,5211100723180,1903,1607
1763266547,0000000400000008,5211256802868,2889,1608
1763266550,0000000400000080,5211283126291,1319,1609
1763266582,0000008000000080,5211604600027,2742,1610
1763266583,0000000400000002,5211614760788,2140,1611
1763266583,0000000400000001,5211618618443,1913,1612
1763266594,0000000100000001,5211725713091,678,1613
1763266603,0000000100000004,5211811116952,733,1614
1763266624,0000008800000004,5212029258996,3174,1615
1763266625,0000000200000004,5212031310346,3046,1616
1763266629,0000000100000004,5212074001096,506,1617
1763266639,0000000100000001,5212173012479,4937,1618
1763266652,0000000100000003,5212301217572,2395,1619
1763266664,0000000100000001,5212423297486,273,1620
1763266697,0000004000000002,5212759709739,802,1621
1763266720,0000000400000004,5212984174344,2860,1622
1763266721,0000000400000008,5212990347227,2490,1623
1763266724,0000008000000001,5213026566747,340,1624
1763266738,0000008000000008,5213164567789,2400,1625
1763266744,0000004000000080,5213225289298,3963,1626
1763266752,0000000400000001,5213303061794,4486,1627
1763266765,0000008000000080,5213436883074,1613,1628
1763266773,0000000400000008,5213511495996,2309,1629
1763266778,0000000500000001,5213564836180,4320,1630
1763266796,0000004000000008,5213748835837,3623,1631
1763266797,0000008000000008,5213750442518,3525,1632
1763266819,0000000400000002,5213975744422,378,1633
1763266820,0000000400000001,5213981485279,5222,1634
1763266843,0000000100000008,5214216724012,1447,1635
1763266844,0000000800000001,5214224256446,996,1636
1763266874,0000000400000001,5214524762681,3696,1637
1763266876,0000000800000004,5214545299927,2446,1638
1763266876,0000000800000002,5214548102413,2281,1639
1763266882,0000000100000080,5214607479985,3920,1640
1763266885,000000c000000080,5214631747931,2441,1641
1763266887,0000000800000001,5214658546720,845,1642
1763266907,0000000100000002,5214858416794,4414,1643
1763266911,0000000400000004,5214890213464,2473,1644
1763266911,0000000100000008,5214899165278,1946,1645
1763266918,0000000100000001,5214966873557,3056,1646
1763266928,0000000800000004,5215060668042,2605,1647
1763266933,0000000800000001,5215116694369,4461,1648
1763266936,0000000400000002,5215143756023,2802,1649
1763266948,0000000100000008,5215266774268,625,1650
1763266948,000000080000000c,5215268799748,503,1651
1763266949,0000000100000001,5215277566247,5166,1652
1763266958,0000000800000008,5215367594663,4946,1653
1763266961,0000000400000008,5215395430993,3251,1654
1763266991,0000000800000080,5215692360603,982,1655
1763266998,0000008000000080,5215760126007,2093,1656
1763267004,0000004000000008,5215823001397,3507,1657
1763267018,0000004000000080,5215965042162,177,1658
1763267032,0000000400000002,5216103034793,2239,1659
1763267033,0000000800000004,5216115447711,1500,1660
1763267042,0000000100000080,5216202341270,1466,1661
1763267044,0000000100000005,5216228202093,5116,1662
1763267049,0000000100000001,5216279484803,2017,1663
1763267061,0000000100000001,5216399225841,5215,1664
1763267090,0000000800000080,5216681609081,3806,1665
1763267097,0000004000000004,5216753967981,4659,1666
1763267121,0000000100000001,5216996087041,481,1667
1763267122,0000000100000005,5217004556726,5162,1668
1763267125,0000000100000008,5217037064483,6373,1669
1763267135,0000000800000001,5217136130927,2419,1670
1763267145,0000004000000004,5217236946743,1552,1671
1763267165,0000000100000001,5217430576457,317,1672
1763267168,0000004000000008,5217463284650,3524,1673
1763267181,0000008000000080,5217593055042,918,1674
1763267184,0000004000000001,5217621973622,4385,1675
1763267189,0000000800000008,5217677586129,1024,1676
1763267189,0000000800000004,5217678402625,976,1677
1763267198,0000000400000008,5217763315301,1061,1678
1763267204,0000000100000001,5217822397550,2684,1679
1763267206,0000000400000080,5217840259591,1625,1680
1763267239,0000008000000080,5218175821791,2209,1681
1763267261,0000008000000080,5218397373120,4487,1682
1763267270,0000000400000001,5218480674135,4670,1683
1763267270,0000008000000080,5218484401998,4446,1684
1763267285,0000000100000001,5218632333699,735,1685
1763267291,0000000800000002,5218694265912,2187,1686
1763267297,0000000c00000001,5218755406732,3712,1687
1763267304,0000000100000001,5218822819016,4863,1688
1763267317,0000000400000004,5218956342601,2006,1689
1763267353,0000004000000004,5219309850570,1521,1690
1763267355,0000000100000001,5219331522339,237,1691
1763267378,0000008000000008,5219563260177,1860,1692
1763267392,0000004000000080,5219707693778,3559,1693
1763267415,0000000400000002,5219936721131,188,1694
1763267416,0000008000000008,5219941577785,5085,1695
1763267423,0000000400000001,5220015053936,665,1696
1763267429,0000008000000080,5220076752584,2131,1697
1763267437,0000004000000080,5220155811505,2559,1698
1763267451,0000000800000008,5220294249360,4650,1699
1763267476,0000001000000020,5220543809892,5214,1700
1763267476,0000004000000002,5220545357359,5123,1701
1763267476,0000008000000080,5220549085994,4902,1702
1763267486,000000cc00000008,5220642511207,4477,1703
1763267491,0000004000000008,5220693883241,1370,1704
1763267494,0000008000000008,5220724557554,4735,1705
1763267509,0000000800000001,5220871782231,1058,1706
1763267527,0000000400000004,5221054545558,467,1707
1763267545,0000000100000001,5221230835183,253,1708
1763267550,0000000100000001,5221280830380,2410,1709
1763267550,000000010000000a,5221284402101,2200,1710
1763267574,0000000400000002,5221527154685,3175,1711
1763267605,0000004000000080,5221834184529,315,1712
1763267617,0000000100000001,5221951184025,3650,1713
1763267619,0000004000000008,5221973873916,2277,1714
1763267621,0000004000000002,5221995849257,966,1715
1763267641,0000008000000001,5222190068356,4876,1716
1763267649,0000004000000080,5222275364758,4938,1717
1763267649,0000008000000080,5222275985956,4901,1718
1763267663,0000000400000002,5222410871793,1963,1719
1763267665,0000000100000004,5222429829309,833,1720
1763267666,0000008000000080,5222448676424,4901,1721
1763267669,000000c000000080,5222478942947,3053,1722
1763267671,0000004000000001,5222496135300,2028,1723
1763267697,000000c000000080,5222755836775,1988,1724
1763267711,0000000800000001,5222897062638,3892,1725
1763267713,0000000100000001,5222919050181,2547,1726
1763267764,0000000400000008,5223426920496,3165,1727
1763267775,0000004000000001,5223530819285,2114,1728
1763267783,0000000400000001,5223615301903,2224,1729
1763267784,0000000400000080,5223626861527,1536,1730
1763267788,0000008000000004,5223667008467,4331,1731
1763267790,0000000800000008,5223688679659,2998,1732
1763267791,0000000400000002,5223691525564,2825,1733
1763267792,0000008000000004,5223706940058,1910,1734
1763267800,0000000100000080,5223785161609,2390,1735
1763267801,0000008000000002,5223798729296,1585,1736
1763267807,0000000400000080,5223854036552,3448,1737
1763267811,0000008000000001,5223890659891,1247,1738
1763267817,0000004800000002,5223957675948,2401,1739
1763267839,0000004000000002,5224176253032,4861,1740
1763267851,0000000100000003,5224290672926,3147,1741
1763267851,0000000100000001,5224298014077,2700,1742
1763267853,0000000400000001,5224319142904,1443,1743
1763267856,0000008000000080,5224340286867,191,1744
1763267861,0000008000000080,5224391296284,2289,1745
1763267876,0000000400000001,5224546311903,3356,1746
1763267879,0000008000000008,5224577583798,1478,1747
1763267887,0000000800000002,5224649703161,2325,1748
1763267891,0000000100000001,5224690472325,5089,1749
1763267897,0000008000000001,5224753134556,1306,1750
1763267912,0000004000000008,5224905208611,2533,1751
1763267926,0000000400000004,5225048114465,4355,1752
1763267930,000000c000000080,5225088155338,1929,1753
1763267943,0000000200000001,5225214571893,4730,1754
1763267944,0000000800000001,5225224167026,4150,1755
1763267945,0000004400000001,5225232808394,3617,1756
1763267964,0000000100000008,5225424531882,2460,1757
1763267969,0000000100000001,5225473932157,4712,1758
1763267969,0000008000000004,5225476777471,4542,1759
1763267980,0000000100000004,5225581914460,3387,1760
1763267989,0000008000000080,5225670768067,3233,1761
1763267992,0000008000000002,5225707013967,1063,1762
1763267994,0000000400000001,5225720144959,289,1763
1763267994,0000000400000008,5225727452624,5039,1764
1763267996,0000008000000080,5225745724259,3936,1765
1763268001,0000000400000080,5225791240344,1188,1766
1763268018,0000000400000080,5225965172364,1114,1767
1763268051,0000004000000004,5226294734215,2061,1768
1763268059,0000000400000080,5226378596116,2209,1769
1763268060,0000008000000008,5226385568006,1795,1770
1763268064,0000008000000004,5226427039114,4512,1771
1763268068,0000004100000001,5226460330718,2480,1772
1763268077,0000000400000004,5226556745669,1886,1773
1763268106,0000000800000008,5226841728967,343,1774
1763268112,0000008000000004,5226901213737,1941,1775
1763268113,0000008000000080,5226909694831,1430,1776
1763268115,0000000400000080,5226933759487,5188,1777
1763268125,0000004000000002,5227035400747,4273,1778
1763268147,0000004000000008,5227252526021,1585,1779
1763268148,0000000100000004,5227266186914,772,1780
1763268154,0000000800000008,5227327238554,2276,1781
1763268176,0000000100000001,5227545051846,4781,1782
1763268208,0000008000000008,5227859788014,1414,1783
1763268209,0000000100000008,5227874544744,540,1784
1763268210,0000004000000080,5227882822541,5233,1785
1763268220,0000000100000002,5227984145899,4336,1786
1763268236,0000000800000002,5228139626588,179,1787
1763268241,0000000800000004,5228193731137,2097,1788
1763268250,0000000100000001,5228287888344,1632,1789
1763268257,0000000800000080,5228354229859,2821,1790
1763268265,0000000400000008,5228438950210,2918,1791
1763268266,0000000800000080,5228444962980,2557,1792
1763268269,0000000100000080,5228472994362,888,1793
1763268273,0000008000000001,5228513247325,3659,1794
1763268278,0000000400000008,5228569266250,305,1795
1763268288,0000000400000080,5228667811114,4761,1796
1763268292,0000000100000001,5228704648002,2518,1797
1763268317,0000000400000008,5228958478471,2830,1798
1763268332,0000000400000008,5229103157124,4547,1799
1763268374,0000004800000088,5229519717641,265,1800
1763268380,0000008000000001,5229584753495,3060,1801
1763268393,0000000400000080,5229713669136,4177,1802
1763268402,0000000800000006,5229800956213,4118,1803
1763268431,0000000100000002,5230090004322,2293,1804
1763268443,0000000400000080,5230215260143,5166,1805
1763268452,0000008000000080,5230302011765,5140,1806
1763268454,0000008000000008,5230322399539,3911,1807
1763268464,0000000100000001,5230427671481,2750,1808
1763268470,0000000100000001,5230488474113,4318,1809
1763268510,000000cd0000008f,5230883703044,1301,1810
1763268520,0000008000000080,5230984256596,464,1811
1763268523,0000008000000080,5231012219560,3969,1812
1763268525,0000000900000002,5231036914551,2462,1813
1763268530,0000000100000004,5231083112293,4904,1814
1763268535,0000000100000001,5231137677090,1608,1815
1763268538,0000004000000008,5231167297775,5032,1816
1763268545,0000008000000080,5231235473114,921,1817
1763268548,0000000100000001,5231263319453,4454,1818
1763268549,0000004000000001,5231269589572,4072,1819
1763268561,0000000100000001,5231393797610,1781,1820
1763268586,0000008000000080,5231643888404,2312,1821
1763268601,0000004000000080,5231797300207,3477,1822
1763268605,0000004000000080,5231831979334,1392,1823
1763268606,0000000400000080,5231846167195,557,1824
1763268607,0000000100000002,5231850103642,321,1825
1763268616,0000000100000001,5231940506932,5265,1826
1763268620,000000c000000080,5231983048127,2679,1827
1763268633,0000004000000080,5232112202438,5324,1828
1763268637,0000008000000080,5232152705032,2862,1829
1763268643,0000004000000004,5232213076577,4456,1830
1763268658,0000000100000002,5232360346639,782,1831
1763268674,0000004000000008,5232519362212,1597,1832
1763268678,0000008000000008,5232565330989,4036,1833
1763268683,0000000100000001,5232618341499,843,1834
1763268684,0000000100000002,5232618538884,831,1835
1763268696,0000000100000080,5232747934780,3426,1836
1763268696,0000008000000080,5232748455332,3394,1837
1763268704,0000004000000004,5232826086318,3930,1838
1763268709,0000004000000002,5232876091660,917,1839
1763268719,0000000800000002,5232974817066,187,1840
1763268719,0000000400000008,5232977856203,5193,1841
1763268734,0000004000000008,5233125774101,1476,1842
1763268736,0000004000000080,5233148988663,5284,1843
1763268738,0000000100000001,5233161002892,4568,1844
1763268750,0000008000000004,5233286998289,2161,1845
1763268754,0000000100000001,5233322538070,5234,1846
1763268755,0000000800000004,5233336231315,4415,1847
1763268762,0000004000000008,5233402940393,402,1848
1763268777,000000c200000085,5233549417216,1961,1849
1763268792,0000008400000004,5233701146734,3216,1850
1763268808,0000004000000001,5233866781706,3650,1851
1763268810,0000008000000080,5233880091107,2833,1852
1763268839,0000000800000008,5234173318706,798,1853
1763268841,0000000300000001,5234195662601,4658,1854
1763268852,0000000100000004,5234307521460,3096,1855
1763268859,0000000400000001,5234372019735,4438,1856
1763268870,0000008000000080,5234484443362,2837,1857
1763268889,0000000800000080,5234676697298,1675,1858
1763268897,0000000800000001,5234751461286,2361,1859
1763268898,0000000400000004,5234764183036,1605,1860
1763268900,000000c000000080,5234786901643,257,1861
1763268904,0000000400000002,5234825349944,3110,1862
1763268905,0000000800000008,5234836247277,2454,1863
1763268917,0000000100000002,5234958495427,321,1864
1763268919,0000008000000080,5234971304026,4746,1865
1763268923,0000000800000001,5235017285051,1960,1866
1763268927,0000000400000004,5235053958466,4965,1867
1763268932,0000000100000008,5235108346277,1680,1868
1763268942,0000000800000080,5235209157112,816,1869
1763268951,0000004000000001,5235296756851,743,1870
1763268996,0000000400000001,5235744924565,4953,1871
1763269000,0000000400000008,5235780520325,2783,1872
1763269017,0000000100000008,5235955985966,2615,1873
1763269019,0000004000000002,5235975349511,1465,1874
1763269049,0000008c00000080,5236275626064,4192,1875
1763269055,0000008000000008,5236336794401,514,1876
1763269065,0000000100000001,5236436656023,4895,1877
1763269071,0000008000000001,5236496638175,1271,1878
1763269089,0000000400000080,5236673629203,1014,1879
1763269104,0000004000000008,5236820775064,2534,1880
1763269106,0000000100000004,5236841267130,1315,1881
1763269112,0000000100000001,5236903428935,2756,1882
1763269117,0000008000000080,5236958903033,4645,1883
1763269127,0000008000000002,5237050342987,4337,1884
1763269128,0000000100000001,5237068671029,3211,1885
1763269144,0000000c00000001,5237226922913,4100,1886
1763269159,0000000100000004,5237373603809,474,1887
1763269174,0000004000000001,5237527973636,1561,1888
1763269178,0000000800000004,5237568472545,4334,1889
1763269185,0000000200000008,5237635779679,287,1890
1763269190,0000008000000080,5237686275109,2416,1891
1763269199,0000000400000004,5237778034048,2096,1892
1763269200,0000000800000001,5237785003346,1681,1893
1763269224,0000004000000080,5238029117951,2565,1894
1763269225,0000000800000002,5238036621797,2122,1895
1763269238,0000008000000001,5238168914988,4574,1896
1763269251,0000000100000008,5238295921482,2107,1897
1763269255,0000000100000008,5238331066808,5203,1898
1763269260,0000000800000002,5238385824363,1896,1899
1763269268,0000000800000001,5238464255675,2363,1900
1763269272,0000000800000004,5238509036669,4888,1901
1763269276,0000000800000008,5238542506593,2845,1902
1763269276,0000000100000003,5238546449100,2608,1903
1763269297,0000000100000004,5238753845145,550,1904
1763269316,0000008000000080,5238941082973,4869,1905
1763269320,0000000100000008,5238988661613,1990,1906
1763269339,0000000400000004,5239177341045,1031,1907
1763269374,0000008000000080,5239528755720,679,1908
1763269376,0000000800000080,5239545805948,4851,1909
1763269398,0000000100000004,5239764120247,2086,1910
1763269404,0000004000000080,5239822584740,3773,1911
1763269411,0000008000000080,5239895485109,4594,1912
1763269418,0000000100000080,5239959338097,745,1913
1763269420,0000000100000002,5239981582875,4609,1914
1763269431,0000000400000004,5240097082989,2823,1915
1763269433,0000000100000008,5240110536174,2025,1916
1763269433,0000008000000080,5240111419090,1972,1917
1763269462,0000000800000004,5240408534251,4894,1918
1763269471,0000000100000008,5240489777500,5197,1919
1763269472,0000008000000080,5240505011905,4284,1920
1763269478,0000000100000001,5240566799641,567,1921
1763269484,0000004000000080,5240625591687,2203,1922
1763269493,0000000400000002,5240716209693,1951,1923
1763269496,0000004000000008,5240740606962,501,1924
1763269508,0000000400000008,5240868720677,3157,1925
1763269514,0000000100000008,5240928426085,4786,1926
1763269517,0000004000000080,5240958592831,2941,1927
1763269532,0000008000000080,5241101937571,4737,1928
1763269534,0000004000000008,5241119342183,3674,1929
1763269540,0000000400000080,5241183785710,5004,1930
1763269577,0000008000000080,5241556806425,3322,1931
1763269578,0000004000000002,5241566650860,2721,1932
1763269590,0000004000000080,5241684288404,858,1933
1763269627,0000004000000080,5242049658731,4859,1934
1763269628,0000000800000001,5242061469317,4148,1935
1763269652,0000002000000080,5242307956710,4904,1936
1763269660,0000000100000002,5242385717813,229,1937
1763269661,0000004000000080,5242393876350,4929,1938
1763269662,0000004000000002,5242406034939,4197,1939
1763269675,0000000100000001,5242533666059,1700,1940
1763269677,0000008000000080,5242557028983,311,1941
1763269681,0000008000000001,5242590356647,3480,1942
1763269705,0000004000000002,5242833711885,4443,1943
1763269716,0000000400000008,5242947264316,2775,1944
1763269734,0000000100000080,5243119514722,2801,1945
1763269735,0000008000000002,5243138088489,1699,1946
1763269738,0000000100000001,5243163492560,188,1947
1763269750,0000000100000004,5243280358572,3527,1948
1763269752,0000008000000080,5243299178775,2385,1949
1763269752,0000008000000080,5243305321768,2024,1950
1763269758,0000000400000004,5243366642364,3531,1951
1763269762,0000008000000080,5243399260440,1570,1952
1763269777,0000004000000080,5243552672122,2716,1953
1763269777,0000000100000001,5243554132706,2628,1954
1763269783,0000000100000080,5243613241715,4296,1955
1763269803,0000000100000003,5243814357579,2556,1956
1763269812,0000000100000003,5243903835416,2372,1957
1763269820,0000000100000004,5243984014627,2737,1958
1763269839,0000008000000004,5244174915882,1658,1959
1763269842,0000000400000004,5244204702053,5072,1960
1763269855,0000000800000001,5244331860346,2591,1961
1763269862,0000000800000080,5244408400279,3185,1962
1763269872,0000000400000008,5244508940768,2332,1963
1763269887,0000000800000002,5244650789723,4210,1964
1763269891,0000000100000001,5244693516586,1627,1965
1763269902,0000000400000008,5244805552241,5284,1966
1763269907,000000c000000080,5244858073029,2110,1967
1763269909,0000000100000008,5244875184434,1086,1968
1763269913,0000008000000008,5244913791504,3967,1969
1763269946,0000000400000001,5245248937298,4591,1970
1763269952,0000000800000001,5245303448538,1292,1971
1763269986,0000004000000001,5245645936332,1467,1972
1763270005,0000000800000002,5245832297970,658,1973
1763270010,0000000400000001,5245884362113,2693,1974
1763270015,0000000100000001,5245931572094,5073,1975
1763270023,0000008000000080,5246014302474,5289,1976
1763270026,0000000100000001,5246045940717,3370,1977
1763270036,0000000400000001,5246147303882,2460,1978
1763270089,0000000400000004,5246670307052,2170,1979
1763270123,0000000100000001,5247015940026,2155,1980
1763270123,0000000100000001,5247018598168,1998,1981
1763270134,0000000100000008,5247118954084,1157,1982
1763270136,0000008000000080,5247141326963,5019,1983
1763270141,0000000100000002,5247189699006,2091,1984
1763270149,0000004000000004,5247268910448,2512,1985
1763270174,0000008000000080,5247527200298,2556,1986
1763270174,0000000100000001,5247528658315,2469,1987
1763270176,0000000100000001,5247540262623,1784,1988
1763270183,0000000100000006,5247612511884,2617,1989
1763270185,0000000400000001,5247637191108,1147,1990
1763270187,0000008000000004,5247652925711,219,1991
1763270196,0000004000000002,5247748869536,4833,1992
1763270198,0000004000000002,5247761298793,4081,1993
1763270205,0000000100000001,5247834245869,4891,1994
1763270207,0000008000000004,5247853927290,3693,1995
1763270210,0000000400000001,5247887303989,1684,1996
1763270212,0000000400000080,5247906676538,534,1997
1763270223,0000000400000002,5248009314452,4749,1998
1763270230,000000080000000c,5248079030161,554,1999
1763270230,0000000100000001,5248082251820,363,2000
1763270231,0000000100000001,5248094656713,4810,2001
1763270236,0000000400000008,5248139641793,2083,2002
1763270236,0000008000000080,5248143868835,1832,2003
1763270241,0000008000000001,5248189429284,4302,2004
1763270260,0000000400000008,5248383810530,2967,2005
1763270267,0000004000000080,5248451000875,4146,2006
1763270267,0000004000000002,5248455860277,3848,2007
1763270305,0000000400000004,5248829544955,2133,2008
1763270320,0000000400000002,5248985491850,3135,2009
1763270334,0000008000000080,5249123826202,5224,2010
1763270343,0000000400000001,5249212401482,5091,2011
1763270358,0000000200000080,5249359024136,1452,2012
1763270366,0000000800000001,5249445314587,1454,2013
1763270378,0000008000000080,5249561354195,4878,2014
1763270400,0000000100000001,5249783224728,1904,2015
1763270409,0000004000000002,5249878299040,1378,2016
1763270429,0000008000000080,5250072911697,5264,2017
1763270451,0000000400000002,5250290886685,2517,2018
1763270478,0000004000000001,5250564503167,1653,2019
1763270482,0000000100000001,5250603260080,4533,2020
1763270501,0000000100000008,5250795839533,3313,2021
1763270502,0000008000000080,5250805341631,2733,2022
1763270519,000000c000000080,5250971295855,3142,2023
1763270546,0000004000000004,5251243456407,2353,2024
1763270559,0000000100000001,5251373383173,4951,2025
1763270577,0000000500000001,5251551525663,4625,2026
1763270578,0000008400000080,5251562384322,3964,2027
1763270588,0000008000000080,5251661543453,3174,2028
1763270594,0000008000000002,5251727358715,4434,2029
1763270616,0000004000000080,5251941036587,1951,2030
1763270621,0000004000000001,5251998494784,3693,2031
1763270634,0000008000000008,5252121151266,1506,2032
1763270684,0000000100000002,5252621676438,2548,2033
1763270690,0000000100000002,5252685995655,3894,2034
1763270701,0000000100000001,5252797025388,2392,2035
1763270709,0000000400000008,5252871626811,3098,2036
1763270710,0000004000000002,5252885790120,2250,2037
1763270723,0000000100000080,5253015799569,4840,2038
1763270727,0000000100000004,5253053033401,2571,2039
1763270736,0000000200000002,5253143641095,2319,2040
1763270745,0000000800000008,5253230527186,2288,2041
1763270755,0000004000000001,5253330260289,1489,2042
1763270757,0000004000000001,5253352446788,173,2043
1763270761,0000000800000004,5253397425843,2628,2044
1763270762,0000000400000001,5253406529371,2091,2045
1763270764,0000008000000004,5253426205906,915,2046
1763270775,0000000800000004,5253536244721,4698,2047
1763270775,0000000400000008,5253536289226,4697,0
1763270813,0000000100000001,5253909992904,2962,1
1763270824,0000008000000001,5254021692394,1448,2
1763270828,0000008000000002,5254064662233,4070,3
1763270840,0000000800000004,5254184728769,2027,4
1763270849,0000000400000004,5254273808359,1865,5
1763270872,0000000400000008,5254508077388,3350,6
1763270882,0000004000000080,5254606281915,2628,7
1763270900,0000000100000001,5254787704169,2113,8
1763270914,0000008000000002,5254922224542,4429,9
1763270943,0000000200000001,5255217028765,2252,10
1763270947,0000000800000004,5255253851349,5251,11
1763270957,0000000100000004,5255354029528,4424,12
1763270966,0000000100000001,5255446414739,4055,13
1763270984,0000000100000080,5255627035758,3566,14
1763270985,0000000100000008,5255632357605,3240,15
1763270995,0000008000000080,5255731266425,2477,16
1763270999,0000000100000002,5255771055710,5303,17
1763271010,0000008000000002,5255884569597,3659,18
1763271021,0000000100000080,5255990644321,2459,19
1763271028,0000000100000004,5256067689687,3017,20
1763271029,0000008000000080,5256069396497,2913,21
1763271035,0000000400000002,5256130702458,4450,22
1763271040,0000000800000001,5256184646049,1187,23
1763271043,0000000200000003,5256211809996,4765,24
1763271047,000000c000000080,5256251543164,2349,25
1763271129,0000004000000008,5257070898419,5024,26
1763271143,0000004000000004,5257216826990,1425,27
1763271154,0000008000000080,5257323619072,215,28
1763271162,0000000100000002,5257402513427,658,29
1763271164,0000000400000001,5257420323956,4783,30
1763271178,0000000800000004,5257559961149,1562,31
1763271186,0000000100000001,5257647636784,1481,32
1763271193,0000000100000008,5257716731187,2505,33
1763271201,0000004000000080,5257794284221,3036,34
1763271223,0000000100000001,5258010655890,438,35
1763271239,0000004000000004,5258172661635,1063,36
1763271255,0000000400000004,5258332192545,1853,37
1763271267,0000004800000008,5258454463672,4902,38
1763271268,0000004000000001,5258464638049,4290,39
1763271271,0000000400000002,5258497914022,2266,40
1763271306,0000004000000008,5258841610667,2366,41
1763271310,0000004000000080,5258885744737,4929,42
1763271311,0000008000000008,5258889762685,4690,43
1763271311,0000008000000080,5258896185504,4302,44
1763271311,0000008000000080,5258897193487,4241,45
1763271318,0000000800000004,5258960202158,452,46
1763271351,0000008000000001,5259294006614,1130,47
1763271359,0000000400000002,5259372507117,1604,48
1763271359,0000008000000008,5259376961537,1334,49
1763271364,0000000100000080,5259423323555,3744,50
1763271367,0000008000000002,5259453410407,1929,51
1763271370,0000000100000001,5259486471814,5147,52
1763271381,0000000100000080,5259597802428,3633,53
1763271392,0000000100000002,5259701640460,2567,54
1763271394,0000008000000002,5259723050175,1291,55
1763271397,0000000100000008,5259751455307,4795,56
1763271398,0000000100000001,5259762855394,4104,57
1763271411,0000000800000004,5259895155319,1328,58
1763271413,0000000100000001,5259913489015,244,59
1763271420,0000000400000002,5259978802931,1490,60
1763271426,0000000100000001,5260038938516,3055,61
1763271431,0000008000000080,5260096766553,4798,62
1763271455,0000008000000001,5260330964828,1083,63
1763271459,0000000400000080,5260377504378,3474,64
1763271479,0000000800000002,5260577456401,1836,65
1763271483,0000000100000002,5260611840321,4977,66
1763271488,0000008000000008,5260661768331,1957,67
1763271492,0000000400000001,5260708273462,4372,68
1763271533,0000000100000080,5261117935381,505,69
1763271551,0000000800000004,5261295890675,189,70
1763271572,0000004000000004,5261498680082,3555,71
1763271578,0000000100000001,5261565788242,4730,72
1763271579,0000000200000001,5261574257503,4218,73
1763271580,0000000100000001,5261580954010,3806,74
1763271583,0000000100000001,5261618283145,1556,75
1763271584,0000008000000080,5261627334900,1011,76
1763271593,0000000400000008,5261711352596,1149,77
1763271607,0000000100000004,5261856853294,2770,78
1763271635,0000004000000008,5262128889207,2001,79
1763271635,0000004000000001,5262134254351,1681,80
1763271644,0000008000000004,5262220489843,1687,81
1763271650,0000008000000080,5262287222268,2854,82
1763271655,0000000100000003,5262332919770,5323,83
1763271674,0000008000000080,5262524098352,4215,84
1763271674,0000004000000002,5262527009260,4037,85
1763271677,0000008000000080,5262557551680,2183,86
1763271679,0000000100000008,5262573428472,1232,87
1763271698,0000000100000001,5262764008737,174,88
1763271713,0000000400000008,5262909248630,1808,89
1763271713,0000000c00000002,5262917515556,1309,90
1763271717,0000000800000002,5262951320174,4489,91
1763271718,0000004000000004,5262961219150,3884,92
1763271725,0000000800000004,5263037525201,4497,93
1763271743,0000008000000002,5263212274251,4372,94
1763271763,0000000800000080,5263409743716,2851,95
1763271769,0000008000000001,5263478483260,3932,96
1763271771,0000000400000004,5263495044950,2915,97
1763271779,0000000800000080,5263575347971,3285,98
1763271794,0000000800000002,5263724359483,4733,99
1763271799,0000004000000004,5263769551769,1995,100
1763271800,0000000400000080,5263781754438,1262,101
1763271821,0000004400000002,5263994173809,4079,102
1763271832,0000008000000080,5264103788967,2652,103
1763271859,0000008000000080,5264377144660,1805,104
1763271871,0000000100000001,5264488689872,307,105
1763271883,0000008000000080,5264618005155,2887,106
1763271885,0000004000000004,5264634148520,1927,107
1763271894,0000000100000004,5264723279806,1761,108
1763271897,0000008000000080,5264748777804,244,109
1763271903,0000000400000001,5264809192409,1786,110
1763271911,0000000800000001,5264892629983,1960,111
1763271919,0000008000000080,5264976748108,2091,112
1763271922,0000000800000001,5265003059908,529,113
1763271924,000000c000000080,5265023291059,4507,114
1763271926,0000000400000008,5265038707663,3561,115
1763271937,0000008000000080,5265150820286,2009,116
1763271951,0000004000000004,5265296945471,3611,117
1763271959,0000000100000001,5265372611263,4268,118
1763271967,0000000400000002,5265458272436,4310,119
1763271970,000000c000000080,5265485727462,2628,120
1763271992,0000000100000008,5265702931729,5171,121
1763272001,0000000800000001,5265796789399,4724,122
1763272002,0000004000000080,5265799849838,4541,123
1763272006,0000008000000080,5265840914463,2050,124
1763272011,0000000100000001,5265891746445,4203,125
1763272014,0000000400000002,5265923565794,2267,126
1763272023,0000000400000004,5266010890144,2210,127
1763272032,0000000400000001,5266105482088,1719,128
1763272035,0000000100000004,5266135300336,5132,129
1763272040,0000008000000080,5266187985678,1948,130
1763272074,0000000100000002,5266521972688,2621,131
1763272087,0000000400000002,5266657504163,4886,132
1763272099,0000000100000080,5266772443077,3141,133
1763272100,000000c90000000f,5266781223768,2610,134
1763272103,0000000100000004,5266809867364,904,135
1763272141,0000000100000002,5267190247635,3998,136
1763272147,0000000400000008,5267255317769,5278,137
1763272172,0000000400000004,5267507270532,516,138
1763272193,0000004000000002,5267712994118,3710,139
1763272199,0000000100000002,5267769118048,348,140
1763272207,0000000400000001,5267858365346,174,141
1763272210,0000008000000001,5267880932127,4004,142
1763272216,0000004000000080,5267946955032,5226,143
1763272225,0000000100000001,5268035249862,5110,144
1763272227,0000000400000080,5268056953229,3797,145
1763272243,0000008000000004,5268215166461,4679,146
1763272247,0000000800000002,5268252397233,2414,147
1763272247,0000000400000004,5268254520119,2289,148
1763272269,0000000100000001,5268478098414,4445,149
1763272273,0000000400000001,5268511962935,2381,150
1763272273,0000000800000008,5268516413038,2119,151
1763272277,0000000800000008,5268554858609,5019,152
1763272277,0000008000000008,5268558218483,4820,153
1763272297,0000004000000001,5268756895348,3232,154
1763272312,0000004000000080,5268902541933,4882,155
1763272316,0000000400000080,5268948161363,2119,156
1763272321,0000008000000080,5268989071420,4870,157
1763272325,0000000100000005,5269032780208,2219,158
1763272331,0000000400000004,5269089033870,4049,159
1763272336,000000010000000c,5269142976937,801,160
1763272342,0000000100000006,5269203125830,2357,161
1763272342,0000000400000001,5269208226154,2057,162
1763272350,0000004000000003,5269282964371,2744,163
1763272352,0000008000000080,5269300321907,1715,164
1763272354,0000000100000005,5269326988718,5314,165
1763272360,0000000800000001,5269384769074,1828,166
1763272375,0000000400000008,5269532288060,3337,167
1763272377,0000004000000008,5269551142643,2201,168
1763272406,0000000400000004,5269838461159,522,169
1763272406,0000000800000008,5269840920580,377,170
1763272417,0000004000000080,5269954100462,3948,171
1763272434,0000008000000002,5270122462888,4215,172
1763272440,0000000100000004,5270181584190,655,173
1763272459,0000008000000080,5270371923092,4793,174
1763272462,0000000100000008,5270399833029,3085,175
1763272473,0000004000000004,5270509652917,1685,176
1763272483,0000000100000001,5270614845053,565,177
1763272485,0000004000000080,5270633387822,4648,178
1763272498,0000000300000001,5270767285080,1768,179
1763272502,0000000100000004,5270801069185,4946,180
1763272514,0000000800000004,5270919325281,2998,181
1763272514,0000000800000008,5270928037480,2474,182
1763272524,0000000400000002,5271027696651,1686,183
1763272540,0000000200000008,5271183900341,2662,184
1763272546,0000000800000001,5271245692158,4169,185
1763272555,0000008000000080,5271332054408,4168,186
1763272558,0000000100000006,5271360285416,2443,187
1763272563,0000000800000002,5271411038273,4614,188
1763272575,0000004000000080,5271533849671,2392,189
1763272583,0000000400000004,5271618304059,2504,190
1763272588,0000008000000001,5271666301527,4840,191
1763272602,0000000100000001,5271801842567,1862,192
1763272610,0000000100000001,5271882096374,2224,193
1763272612,0000008000000004,5271903650794,938,194
1763272636,0000004000000002,5272141204781,2219,195
1763272638,0000000100000001,5272167668843,648,196
1763272647,0000004100000081,5272251052283,819,197
1763272651,0000008000000080,5272297639314,3194,198
1763272658,0000000100000002,5272360887506,4611,199
1763272666,0000008000000080,5272439693700,5059,200
1763272674,0000000400000004,5272518940301,297,201
1763272679,0000000100000002,5272572365123,2253,202
1763272705,0000000100000001,5272833850152,2108,203
1763272712,0000000800000004,5272905103132,3007,204
1763272717,0000008000000080,5272954864582,5231,205
1763272717,0000000100000004,5272955629182,5186,206
1763272718,0000000100000002,5272962727829,4764,207
1763272729,0000004000000080,5273071333428,3404,208
1763272732,0000008000000080,5273102009159,1563,209
1763272766,0000008000000008,5273440885099,1952,210
1763272777,0000000400000080,5273554587437,326,211
1763272777,0000000400000008,5273556682634,201,212
1763272784,0000000400000002,5273623477966,1358,213
1763272797,0000008000000080,5273755967260,3782,214
1763272798,0000000100000080,5273764456359,3260,215
