1762840829,0000000400000001,954180060005,2561,1474
1762840860,0000000200000002,954482955238,5126,1475
1762840865,0000000100000080,954534183278,2042,1476
1762840869,0000000800000008,954572158270,4958,1477
1762840873,000000c000000080,954613917858,2433,1478
1762840876,0000008000000080,954642066761,750,1479
1762840882,0000000400000004,954704336823,2193,1480
1762840916,0000004000000008,955047751777,2308,1481
1762840916,0000000800000008,955051369137,2094,1482
1762840924,0000000100000004,955130671747,2511,1483
1762840928,0000004000000080,955161918827,645,1484
1762840940,0000004000000002,955285648265,3588,1485
1762840945,0000000100000001,955332274143,783,1486
1762840955,0000000800000004,955437731454,4833,1487
1762840957,0000000800000080,955455411057,3766,1488
1762840963,0000000100000008,955514339383,225,1489
1762840982,0000004000000001,955709166979,4091,1490
1762840990,0000008000000080,955785203519,4709,1491
1762841024,0000000400000001,956127581858,4885,1492
1762841033,0000008000000002,956218519234,4614,1493
1762841046,0000000100000001,956350338074,1867,1494
1762841053,0000000100000004,956417429153,3018,1495
1762841058,0000000400000080,956463915760,236,1496
1762841069,0000000100000080,956576140986,3875,1497
1762841071,000000c000000080,956592508271,2873,1498
1762841100,0000008000000001,956889369245,612,1499
1762841118,0000000400000008,957070598280,5281,1500
1762841119,0000000100000001,957074538115,5053,1501
1762841132,0000008000000002,957210006192,2093,1502
1762841134,0000004000000003,957223164406,1301,1503
1762841134,0000008000000008,957225465694,1163,1504
1762841150,0000008000000080,957384892293,1961,1505
1762841167,0000000800000008,957552290185,2276,1506
1762841170,0000000800000002,957588721818,5285,1507
1762841176,0000000100000002,957649751865,1611,1508
1762841219,0000000100000002,958073048552,2116,1509
1762841222,0000000100000002,958101856294,393,1510
1762841239,0000004000000008,958273792607,439,1511
1762841240,0000000400000002,958288130545,4771,1512
1762841241,0000008000000080,958299107564,4114,1513
1762841244,0000004000000004,958331253077,2166,1514
1762841306,0000008000000002,958947199007,1474,1515
1762841312,0000008000000001,959003850061,3257,1516
1762841317,0000000100000001,959057362109,5237,1517
1762841332,0000000400000002,959206938102,1430,1518
1762841353,0000008000000080,959415908611,4458,1519
1762841357,0000000100000002,959453970216,2152,1520
1762841377,0000008000000084,959660988090,5285,1521
1762841380,0000000100000004,959686649523,3746,1522
1762841396,0000008000000008,959849908163,4321,1523
1762841405,0000008000000001,959933323825,4496,1524
1762841405,0000000800000001,959939170401,4143,1525
1762841424,0000008000000001,960127906412,3161,1526
1762841425,0000004000000008,960139723175,2448,1527
1762841429,0000000800000004,960180328977,5207,1528
1762841434,0000000100000003,960228018607,2333,1529
1762841443,0000008000000080,960316762261,2190,1530
1762841458,0000000100000008,960465357836,3646,1531
1762841484,0000000100000080,960729686538,3322,1532
1762841496,0000008000000001,960848928035,1343,1533
1762841498,0000008000000080,960869443724,5306,1534
1762841507,0000000100000001,960957006097,5234,1535
1762841510,0000000800000008,960988006377,3366,1536
1762841514,0000000100000008,961029766037,857,1537
1762841521,0000004000000008,961096653104,2024,1538
1762841539,0000008000000080,961275330559,1665,1539
1762841547,0000000800000002,961357472942,1918,1540
1762841578,0000008000000080,961663480647,4299,1541
1762841588,0000008000000080,961763852551,3442,1542
1762841597,0000000400000001,961860756922,2799,1543
1762841620,0000000500000001,962086320500,4829,1544
1762841625,0000004000000002,962140581245,1556,1545
1762841627,0000000100000001,962155793290,646,1546
1762841638,0000008000000080,962270698154,4130,1547
1762841639,0000004000000001,962272607663,4013,1548
1762841641,0000000100000080,962295484638,2619,1549
1762841646,0000000800000001,962348212152,4660,1550
1762841667,0000000100000001,962556569867,2495,1551
1762841697,0000000100000008,962852763368,277,1552
1762841697,0000008000000003,962856729013,5225,1553
1762841699,0000008000000080,962872931731,4261,1554
1762841724,0000000100000001,963123218923,4784,1555
1762841732,0000000100000008,963203879353,5119,1556
1762841738,0000000400000080,963264434140,1473,1557
1762841745,000000c000000008,963333051435,2532,1558
1762841751,0000000400000008,963399297183,3755,1559
1762841752,0000000400000001,963406700470,3300,1560
1762841765,0000008000000080,963541191671,415,1561
1762841770,0000000800000080,963585963371,2900,1562
1762841772,0000008000000080,963608124484,1575,1563
1762841772,0000004000000001,963609237756,1508,1564
1762841784,0000000800000008,963723818547,5008,1565
1762841788,0000000100000001,963763524597,2607,1566
1762841789,0000000400000001,963774171582,1975,1567
1762841794,0000000400000080,963826888592,4008,1568
1762841805,0000008000000080,963940060713,2379,1569
1762841806,0000000400000001,963948047701,1904,1570
1762841825,0000000400000001,964137254870,911,1571
1762841827,0000008000000008,964152137255,5211,1572
1762841842,0000000100000080,964308362567,1005,1573
1762841848,0000000400000004,964363885344,2850,1574
1762841848,0000000800000020,414613805003,2506,1575
1762841853,0000008000000080,964412018559,5160,1576
1762841862,0000008000000080,964509007382,4530,1577
1762841870,0000008000000080,964590642992,4810,1578
1762841874,0000000100000001,964630615200,2390,1579
1762841878,0000000400000008,964663741952,411,1580
1762841888,0000000800000002,964765237203,4697,1581
1762841888,0000000100000001,964771465814,4325,1582
1762841908,0000004000000008,964969641488,2770,1583
1762841916,0000008000000001,965048958859,3196,1584
1762841920,0000008000000008,965086747294,929,1585
1762841921,0000000100000001,965096175662,369,1586
1762841926,0000000800000002,965143660197,2689,1587
1762841926,0000008000000080,965146887343,2496,1588
1762841930,0000000400000080,965185528990,188,1589
1762841940,0000000800000004,965287534955,4445,1590
1762841941,0000004000000004,965291934899,4179,1591
1762841954,0000000100000001,965421675340,1555,1592
1762841958,0000008000000080,965463905585,4223,1593
1762841958,0000004100000080,965469794826,3864,1594
1762841974,0000000400000001,965624781604,4928,1595
1762841991,0000000400000002,965796323348,4994,1596
1762841994,0000000100000008,965825107996,3255,1597
1762842013,0000004000000004,966017555673,2068,1598
1762842013,0000000800000001,966018537865,2010,1599
1762842017,0000000100000004,966057227629,4884,1600
1762842034,0000000800000004,966223342398,5273,1601
1762842051,0000000400000004,966393715349,227,1602
1762842054,0000004000000080,966431085622,3158,1603
1762842057,0000000400000004,966458429932,1517,1604
1762842103,0000004000000002,966920002768,4923,1605
1762842130,0000008000000001,967189096831,4324,1606
1762842133,0000000800000001,967217184273,2613,1607
1762842137,0000008000000080,967256331878,277,1608
1762842143,0000004000000008,967315632235,1894,1609
1762842144,0000000100000008,967329204256,1077,1610
1762842146,0000000100000003,967345190158,5310,1611
1762842182,0000004000000080,967706117990,4388,1612
1762842185,0000000100000001,967733389477,2727,1613
1762842190,0000000100000008,967782699076,4967,1614
1762842198,0000004000000080,967867384013,5065,1615
1762842215,0000000100000001,968039706261,5086,1616
1762842220,0000004000000002,968083359027,2452,1617
1762842224,0000008000000080,968125619845,5114,1618
1762842236,0000000800000001,968251162742,2743,1619
1762842237,0000000200000008,968257070000,2391,1620
1762842238,0000000800000002,968261500513,2129,1621
1762842238,0000000200000001,968268200963,1728,1622
1762842249,0000000800000080,968371885286,690,1623
1762842258,0000000100000008,968462345332,445,1624
1762842268,0000000400000080,968562129055,4830,1625
1762842272,0000008000000080,968602187195,2406,1626
1762842276,0000004000000080,968649277742,4783,1627
1762842277,0000000100000008,968653089451,4558,1628
1762842279,0000000100000001,968676861727,3108,1629
1762842281,0000000400000001,968694563407,2049,1630
1762842286,0000008000000001,968750776240,3871,1631
1762842292,0000000100000002,968808641706,391,1632
1762842296,0000000800000080,968848058943,3200,1633
1762842297,0000000500000001,968852715189,5834,1634
1762842311,0000008000000008,968998257196,4569,1635
1762842315,0000008000000080,969033178080,2449,1636
1762842331,0000000100000004,969192091123,3281,1637
1762842335,0000000100000080,969241194987,340,1638
1762842349,0000008000000080,969376915074,2548,1639
1762842351,0000000100000001,969393783235,1539,1640
1762842380,0000000c00000080,969685709490,4766,1641
1762842387,0000004000000008,969757635870,436,1642
1762842408,0000008000000080,969966951504,3419,1643
1762842420,0000008000000001,970091220881,1138,1644
1762842448,0000004000000080,970368826078,5217,1645
1762842448,0000000800000008,970369481880,5178,1646
1762842464,0000000400000001,970524166286,1066,1647
1762842472,0000000100000001,970604868646,1404,1648
1762842473,0000008000000004,970615264474,783,1649
1762842480,0000000400000002,970685736234,1735,1650
1762842502,0000008000000008,970905492915,4109,1651
1762842505,0000000400000004,970938463403,2113,1652
1762842514,0000000800000001,971028055563,1918,1653
1762842519,0000004000000002,971078921784,4064,1654
1762842525,0000008000000001,971136532797,593,1655
1762842539,0000000100000004,971277323090,2498,1656
1762842544,0000004000000002,971330514093,4513,1657
1762842562,0000008000000008,971502498514,4555,1658
1762842569,0000000800000001,971579208245,5125,1659
1762842570,0000008000000002,971590302902,4468,1660
1762842571,0000004000000080,971599718104,3899,1661
1762842582,0000004000000001,971708611009,2524,1662
1762842583,0000000100000001,971719244638,1891,1663
1762842589,0000004000000001,971781195823,3357,1664
1762842600,0000000400000004,971891363911,1927,1665
1762842606,0000008000000004,971946839374,3791,1666
1762842608,0000000100000001,971969293505,2425,1667
1762842619,0000004000000001,972080445511,941,1668
1762842631,0000000400000008,972194865057,4459,1669
1762842635,0000000800000001,972238364414,1829,1670
1762842637,0000004000000008,972253162495,940,1671
1762842638,0000000800000080,972271386159,5040,1672
1762842641,0000004000000001,972292191239,3792,1673
1762842673,0000000100000001,972613009805,5263,1674
1762842682,0000008000000080,972706791971,4823,1675
1762842690,0000000100000001,972791210476,4938,1676
1762842698,0000000800000008,972870413226,176,1677
1762842711,0000000400000080,972993849965,3123,1678
1762842726,0000000400000002,973141654787,4637,1679
1762842739,0000000400000080,973271997534,1979,1680
1762842752,0000000100000001,973408951334,4141,1681
1762842762,0000000100000001,973506515557,3454,1682
1762842767,0000008000000080,973555478204,516,1683
1762842777,0000008000000002,973657954838,4743,1684
1762842789,0000008000000080,973778832231,2647,1685
1762842798,0000000500000080,973870371307,2337,1686
1762842853,0000000400000002,974421103222,386,1687
1762842856,0000000100000002,974449479953,3874,1688
1762842872,0000008000000080,974603151951,5014,1689
1762842881,0000004000000002,974696577462,4596,1690
1762842885,0000008000000080,974737550598,2115,1691
1762842929,0000004000000008,975174304023,1815,1692
1762842932,0000000400000001,975203899379,5232,1693
1762842936,0000000400000001,975251086362,2385,1694
1762842938,0000004000000002,975263486899,1644,1695
1762842949,0000000100000001,975376635199,5228,1696
1762842959,0000004000000008,975475297717,4498,1697
1762843000,0000008000000080,975888407436,419,1698
1762843003,0000000100000004,975911437885,4233,1699
1762843003,0000008000000080,975920078241,3706,1700
1762843014,0000000100000004,976022858241,2702,1701
1762843020,0000004000000001,976089123811,3929,1702
1762843026,0000000800000080,976145758803,519,1703
1762843026,0000000800000080,976151128147,197,1704
1762843049,0000000800000008,976374036801,2357,1705
1762843053,0000000100000001,976412331989,5254,1706
1762843073,0000008000000080,976620185635,3132,1707
1762843083,0000000400000004,976713991114,2673,1708
1762843093,0000004000000002,976812065294,1982,1709
1762843100,0000008000000004,976891219495,2409,1710
1762843110,0000000400000001,976991081522,1601,1711
1762843125,0000000100000003,977133280425,3436,1712
1762843141,0000000c00000001,977292345464,4269,1713
1762843157,0000000400000002,977457403410,4725,1714
1762843166,0000000100000004,977546134867,4583,1715
1762843182,0000000800000002,977705099926,211,1716
1762843186,0000008000000080,977750476155,2660,1717
1762843222,0000004000000008,978109337586,1857,1718
1762843227,0000004000000008,978158799046,4086,1719
1762843233,0000008000000008,978216478085,611,1720
1762843259,0000008000000080,978480430951,317,1721
1762843269,0000008000000080,978578005989,4837,1722
1762843286,0000008000000080,978747008299,5053,1723
1762843334,0000008000000002,979226979236,2145,1724
1762843336,0000000100000004,979246905189,949,1725
1762843352,0000008000000008,979403816815,1898,1726
1762843381,0000000400000001,979695325877,5141,1727
1762843385,0000004000000080,979732688436,2883,1728
1762843386,0000008000000001,979748004387,1970,1729
1762843393,0000000c00000008,979811926044,3315,1730
1762843393,0000004000000080,979814044128,3187,1731
1762843408,0000004000000001,979970828632,4160,1732
1762843415,0000000100000001,980033293557,397,1733
1762843416,0000000800000008,980047777516,4724,1734
1762843427,0000000800000080,980159750378,3166,1735
1762843450,0000004000000008,980387503936,5055,1736
1762843454,0000000400000004,980426216962,2714,1737
1762843458,0000000800000001,980467238064,264,1738
1762843466,0000000100000001,980541238232,1000,1739
1762843477,0000004000000001,980657388001,4413,1740
1762843477,0000000800000002,980659318297,4297,1741
1762843482,0000008000000004,980702486424,1688,1742
1762843491,0000004c00000001,980796077913,1249,1743
1762843514,0000000800000080,981023226890,3164,1744
1762843520,0000008000000002,981086943259,4544,1745
1762843521,0000004000000004,981092367048,4217,1746
1762843521,0000000800000081,981099155902,3803,1747
1762843522,0000000100000001,981106459461,3354,1748
1762843530,0000000400000080,981190507377,3497,1749
1762843540,0000008000000080,981290729041,2651,1750
1762843573,0000004000000008,981612234277,4107,1751
1762843575,0000004000000080,981633922656,2784,1752
1762843589,0000008000000080,981776427718,4619,1753
1762843593,0000008000000080,981812965816,2401,1754
1762843597,0000000800000003,981851859062,5266,1755
1762843597,0000000100000004,981856210119,5008,1756
1762843597,0000000100000001,981857214039,4948,1757
1762843622,0000008000000080,982110794192,5271,1758
1762843650,0000000100000003,982386278715,4294,1759
1762843654,0000004000000008,982427331075,1810,1760
1762843665,0000004000000002,982539782277,249,1761
1762843668,0000004000000001,982568382331,3720,1762
1762843696,0000000800000080,982841471176,2859,1763
1762843709,0000000100000006,982973289620,5328,1764
1762843709,0000000100000001,982973878399,5293,1765
1762843710,0000000200000001,982988053340,4451,1766
1762843721,0000000100000001,983100266662,2873,1767
1762843727,0000000400000008,983157603548,4639,1768
1762843731,0000000100000002,983198791198,2147,1769
1762843734,0000004000000080,983229805453,292,1770
1762843737,0000000100000001,983253709639,4051,1771
1762843747,0000000400000002,983352792217,3270,1772
1762843753,0000000400000001,983420681028,4397,1773
1762843763,0000000800000080,983514093185,3970,1774
1762843787,000000cc0000008e,983758828131,4827,1775
1762843793,0000000800000001,983818058078,1254,1776
1762843803,0000000800000004,983918155511,436,1777
1762843820,0000008000000001,984081589968,985,1778
1762843848,0000000100000001,984361958636,4903,1779
1762843857,0000004000000002,984459822884,4215,1780
1762843874,0000008000000004,984622013752,4843,1781
1762843885,0000000400000001,984733007773,3350,1782
1762843915,0000004000000002,985032053708,945,1783
1762843928,0000008000000004,985164729244,3350,1784
1762843931,0000004000000002,985199036445,1286,1785
1762843944,0000008000000004,985322434341,4267,1786
1762843979,0000000100000004,985674139792,3882,1787
1762843985,0000004000000008,985733023083,339,1788
1762843998,0000000400000080,985867379783,2627,1789
1762844001,0000000800000002,985892401389,1130,1790
1762844004,0000004000000004,985926832295,4266,1791
1762844006,0000000800000080,985943987390,3218,1792
1762844021,0000004000000080,986094039126,4595,1793
1762844037,0000000400000004,986256126695,5224,1794
1762844040,0000000400000080,986290520768,3147,1795
1762844052,0000000400000080,986402058360,1637,1796
1762844058,0000008000000080,986467157000,2907,1797
1762844059,0000008000000080,986477954485,2261,1798
1762844064,0000000800000002,986521337438,4857,1799
1762844072,0000000100000001,986603241509,5120,1800
1762844094,0000000400000080,986825697651,2120,1801
1762844097,0000000400000004,986860341115,5236,1802
1762844101,0000000800000001,986900277302,2823,1803
1762844105,0000000100000001,986937228889,614,1804
1762844119,0000008000000080,987078932908,2466,1805
1762844120,0000000400000001,987087078263,1981,1806
1762844125,0000008000000080,987132064192,4483,1807
1762844125,0000004000000002,987136141608,4237,1808
1762844126,0000000100000080,987147567810,3540,1809
1762844128,0000004800000080,987161198051,2709,1810
1762844128,0000000800000001,987163114417,2594,1811
1762844135,0000008000000008,987235211288,3460,1812
1762844149,0000000100000004,987371600656,457,1813
1762844150,0000008000000004,987382773653,4975,1814
1762844155,0000000400000008,987431121106,2061,1815
1762844167,0000000100000001,987554497821,5032,1816
1762844182,0000008000000001,987704034381,1225,1817
1762844184,0000000800000008,987730770054,4821,1818
1762844187,0000000100000080,987760875564,2997,1819
1762844188,0000008000000080,987767629084,2589,1820
1762844188,0000004000000008,987770817315,2399,1821
1762844205,0000004c0000000d,987940120351,2600,1822
1762844231,0000000100000004,988191647560,3052,1823
1762844231,0000000100000008,988193983998,2910,1824
1762844250,0000008000000080,988384180494,1866,1825
1762844257,000000c000000080,988459826791,2501,1826
1762844261,0000000100000080,988496074938,338,1827
1762844263,0000000400000008,988513500762,4488,1828
1762844265,0000008000000001,988538974081,2934,1829
1762844266,0000000800000004,988545313550,2553,1830
1762844271,0000000800000008,988600469112,4450,1831
1762844276,0000000100000001,988650636104,1417,1832
1762844291,0000000100000002,988794472104,3149,1833
1762844310,0000000100000004,988984538616,2107,1834
1762844330,0000008000000080,989187329091,307,1835
1762844335,0000000800000001,989231201117,2844,1836
1762844349,0000000100000001,989378818065,4375,1837
1762844361,0000008000000080,989496164963,2488,1838
1762844367,0000004000000008,989552015694,4345,1839
1762844373,0000004000000080,989611455065,759,1840
1762844387,0000004000000001,989758600441,2287,1841
1762844394,0000000400000004,989824632160,3515,1842
1762844406,0000000800000001,989944025726,1525,1843
1762844419,0000004000000001,990079623258,3762,1844
1762844432,0000004500000080,990202147186,1581,1845
1762844440,0000008000000001,990286260432,1715,1846
1762844442,0000008000000080,990301790059,786,1847
1762844447,000000c000000080,990352559098,2913,1848
1762844479,0000008000000008,990677389369,4170,1849
1762844490,0000004000000080,990782828828,3000,1850
1762844534,0000000800000001,991229010877,2137,1851
1762844538,0000000100000004,991269216796,4921,1852
1762844544,0000008000000002,991329845244,1266,1853
1762844565,0000004000000001,991534238091,4566,1854
1762844581,0000008000000008,991699187793,5024,1855
1762844582,0000000400000001,991708702042,4461,1856
1762844625,0000000400000002,992137920154,4609,1857
1762844628,0000008000000080,992163119914,3075,1858
1762844630,0000000800000080,992183279054,1870,1859
1762844648,0000000100000002,992370340773,1005,1860
1762844657,0000000400000040,992456230385,1033,1861
1762844660,0000000100000001,992490465567,4179,1862
1762844667,000000c000000080,992558363545,5277,1863
1762844668,0000008000000080,992562309195,5043,1864
1762844692,0000000100000008,992808484315,625,1865
1762844710,0000000800000008,992989983092,5285,1866
1762844712,0000000800000002,993004842033,4402,1867
1762844719,0000000800000001,993077590830,5208,1868
1762844733,0000000100000001,993215865866,2080,1869
1762844759,000000c000000008,993473804309,2147,1870
1762844759,0000008000000080,993478644012,1857,1871
1762844760,0000008000000080,993482661518,1615,1872
1762844772,0000004000000004,993608699341,4436,1873
1762844781,0000008000000008,993700045719,4134,1874
1762844799,0000000400000001,993871999825,4178,1875
1762844815,0000000400000004,994031480352,4965,1876
1762844815,0000000100000001,994033051379,4872,1877
1762844826,0000000800000080,994149928789,3022,1878
1762844836,0000000800000008,994246627230,2400,1879
1762844839,0000000100000003,994276543025,612,1880
1762844844,0000008000000080,994322949391,3002,1881
1762844844,000000c000000080,994323313283,2980,1882
1762844844,0000008000000080,994326699175,2775,1883
1762844854,0000000400000004,994423888285,2129,1884
1762844854,0000000800000008,994424745115,2078,1885
1762844854,0000000800000080,994425957715,2006,1886
1762844864,0000000800000080,994523229394,1347,1887
1762844866,0000000200000002,994540926505,292,1888
1762844891,0000000100000001,994795901008,536,1889
1762844894,0000000800000002,994823705734,4062,1890
1762844913,0000000100000002,995011470373,3138,1891
1762844936,0000000800000001,995247570659,4536,1892
1762844944,0000004000000001,995326760897,4959,1893
1762844948,0000008000000002,995361006551,2885,1894
1762844949,0000008000000004,995373795931,2121,1895
1762844951,0000000800000080,995399574050,579,1896
1762845012,0000000100000002,996006432155,434,1897
1762845015,0000000800000002,996031295967,4136,1898
1762845027,0000000800000001,996158072092,1692,1899
1762845028,0000000100000001,996160967196,1518,1900
1762845028,0000008000000004,996163247047,1379,1901
1762845031,0000000800000004,996193553825,4761,1902
1762845034,0000008000000008,996229212471,2598,1903
1762845061,0000008000000008,996496705485,2096,1904
1762845068,0000008000000002,996567301497,3038,1905
1762845081,0000000100000080,996699519773,295,1906
1762845088,0000004000000080,996765771219,1494,1907
1762845094,0000000800000002,996824807771,3131,1908
1762845099,0000000800000001,996879653479,5037,1909
1762845103,0000000800000008,996911836922,3089,1910
1762845105,0000000400000001,996933761317,1777,1911
1762845114,0000008800000004,997026837801,1371,1912
1762845115,0000000100000080,997035031363,882,1913
1762845132,0000000100000001,997206804578,935,1914
1762845143,0000000400000008,997314791949,4835,1915
1762845185,0000000800000008,997736394688,250,1916
1762845190,0000000800000004,997781764900,2696,1917
1762845190,0000000100000001,997783468182,2595,1918
1762845207,0000000400000002,997960467859,2338,1919
1762845208,0000008000000004,997967340607,1930,1920
1762845230,0000000400000002,998185915881,4377,1921
1762845234,0000004000000008,998227278991,1877,1922
1762845234,0000008000000080,998228756939,1789,1923
1762845264,0000000400000008,998530288862,4439,1924
1762845288,0000004000000008,998767165500,571,1925
1762845290,0000000800000001,998788827871,4467,1926
1762845294,0000000100000008,998830589707,1942,1927
1762845299,0000000400000008,998878302984,4279,1928
1762845320,0000000100000008,999087908834,2044,1929
1762845323,000000c000000080,999116131990,357,1930
1762845327,0000000100000008,999155847531,3147,1931
1762845355,0000000400000004,999431539166,2148,1932
1762845359,0000000100000001,999471731429,4934,1933
1762845367,0000000100000002,999554797216,5128,1934
1762845385,0000000100000001,999733680907,4760,1935
1762845390,0000000400000002,999781749779,1861,1936
1762845390,0000000100000008,999781858784,1854,1937
1762845393,0000000800000001,999818807098,4832,1938
1762845406,0000000400000001,999945697533,2380,1939
1762845409,0000004000000080,999972485298,778,1940
1762845412,0000000100000080,1000007799848,3853,1941
1762845419,0000004000000004,1000078064072,4821,1942
1762845428,0000008000000080,1000164784986,4800,1943
1762845447,0000004000000080,1000358576191,3521,1944
1762845450,0000004000000001,1000389528910,1658,1945
1762845452,0000004000000008,1000406290391,654,1946
1762845476,0000000400000004,1000643558937,1958,1947
1762845483,0000000800000080,1000718932532,2610,1948
1762845486,0000008000000080,1000746604259,954,1949
1762845496,0000000400000002,1000848549860,5211,1950
1762845513,0000000100000008,1001013631440,481,1951
1762845538,0000000800000080,1001265322633,916,1952
1762845539,0000000400000001,1001280682106,5188,1953
1762845548,0000000100000004,1001368239120,5115,1954
1762845565,0000000200000080,1001531694499,481,1955
1762845598,0000008000000080,1001867795086,1031,1956
1762845605,0000000100000002,1001936501996,2090,1957
1762845619,0000000400000001,1002074964327,4164,1958
1762845639,0000000400000002,1002278298338,2303,1959
1762845649,0000000100000001,1002373490346,1776,1960
1762845652,0000000100000001,1002407917835,4904,1961
1762845665,0000000400000008,1002539294238,2186,1962
1762845667,0000004000000004,1002553189483,1352,1963
1762845679,0000008000000001,1002678462395,4219,1964
1762845684,0000000100000008,1002721293250,1629,1965
1762845696,0000008000000080,1002843564897,4674,1966
1762845705,0000008800000004,1002937908226,4194,1967
1762845707,0000000400000080,1002955199367,3136,1968
1762845713,0000004000000080,1003020090965,4445,1969
1762845725,0000000100000002,1003139941073,2410,1970
1762845727,0000000100000004,1003154703612,1528,1971
1762845731,0000000400000004,1003190796795,4564,1972
1762845741,0000000100000001,1003298482908,3264,1973
1762845747,0000004000000004,1003353937329,5127,1974
1762845763,0000000800000002,1003519311301,379,1975
1762845770,0000004000000008,1003590045621,1309,1976
1762845777,0000000800000080,1003651094241,2817,1977
1762845777,0000000200000001,1003655425064,2563,1978
1762845781,0000000100000001,1003691113390,432,1979
1762845786,0000004000000080,1003747633843,2217,1980
1762845796,0000008400000001,1003846219313,1481,1981
1762845796,0000000500000003,1003848113340,1367,1982
1762845827,0000000800000008,1004159649825,3403,1983
1762845834,0000000200000001,1004222376030,4834,1984
1762845835,0000000800000002,1004231951782,4262,1985
1762845841,0000000800000008,1004297042980,343,1986
1762845855,000000c000000080,1004437396157,2275,1987
1762845857,0000008000000005,1004455747886,1173,1988
1762845871,0000000400000004,1004599138290,2930,1989
1762845890,0000000800000008,1004785496008,2113,1990
1762845891,0000000800000080,1004795084076,1538,1991
1762845896,0000000100000080,1004849318667,3470,1992
1762845926,0000000100000002,1005142415526,1420,1993
1762845965,0000004000000001,1005532163437,3956,1994
1762845968,0000000100000002,1005564944701,1973,1995
1762845969,0000004000000080,1005579148322,1119,1996
1762845974,0000000100000008,1005628239261,3357,1997
1762845981,0000004000000080,1005692812263,4682,1998
1762845987,0000000100000080,1005753836156,1000,1999
1762845987,0000000100000002,1005756663385,833,2000
1762845989,0000008000000080,1005773191840,5033,2001
1762845994,0000000800000001,1005821919986,2095,2002
1762845999,0000008000000004,1005877827231,3939,2003
1762846002,0000004000000004,1005902026980,2465,2004
1762846003,0000000800000001,1005913514871,1782,2005
1762846010,0000004000000080,1005982272225,2830,2006
1762846011,0000000100000001,1005990604152,2333,2007
1762846011,0000000400000002,1005993743887,2147,2008
1762846015,0000000800000002,1006036679264,4771,2009
1762846018,0000004000000080,1006067910906,2874,2010
1762846019,0000000100000001,1006078474832,2243,2011
1762846039,0000008000000080,1006271132562,1045,2012
1762846044,0000000300000001,1006330354653,2668,2013
1762846058,0000000400000004,1006467893731,4801,2014
1762846059,0000004000000080,1006478087658,4191,2015
1762846081,0000000300000001,1006693562514,1604,2016
1762846084,0000000400000004,1006721417280,5125,2017
1762846085,0000004000000002,1006732875871,4447,2018
1762846085,0000008000000004,1006733171182,4430,2019
1762846095,0000008000000004,1006837090650,3356,2020
1762846116,0000000800000080,1007049927650,944,2021
1762846119,0000000800000008,1007071444044,4850,2022
1762846133,0000004000000001,1007212035594,1580,2023
1762846157,0000000400000001,1007459613095,2265,2024
1762846162,0000000400000002,1007509563474,4473,2025
1762846163,0000000800000008,1007515885896,4090,2026
1762846170,0000000100000001,1007583014636,5235,2027
1762846191,0000000800000004,1007794989019,2863,2028
1762846194,0000008000000002,1007828847265,837,2029
1762846195,0000000100000004,1007837311597,334,2030
1762846204,0000008000000080,1007929186839,5189,2031
1762846213,0000000400000002,1008014615384,5243,2032
1762846214,000000400000000a,1008020764415,4880,2033
1762846226,0000008000000080,1008145859203,2532,2034
1762846245,0000004000000008,1008333196731,1658,2035
1762846246,0000000400000008,1008344550699,977,2036
1762846270,0000000100000001,1008587810483,1925,2037
1762846274,0000008000000080,1008625583326,4855,2038
1762846277,0000000100000080,1008652386426,3231,2039
1762846277,0000000100000002,1008654057455,3128,2040
1762846283,0000000400000004,1008716631824,4577,2041
1762846292,0000000100000004,1008803982151,4516,2042
1762846298,0000000400000008,1008861570008,1039,2043
1762846306,0000008000000080,1008949275054,958,2044
1762846307,0000000800000001,1008958177662,430,2045
1762846326,0000000400000001,1009144641024,4797,2046
1762846338,0000004000000008,1009270451153,2408,2047
1762846345,0000000100000080,1009333934262,3795,0
1762846356,0000008000000080,1009447482877,2149,1
1762846381,0000008c00000088,1009690627070,3102,2
1762846385,0000000400000004,1009736723655,344,3
1762846405,0000000800000001,1009939943345,3698,4
1762846438,0000004000000008,1010267201715,4791,5
1762846445,0000008000000080,1010338571665,496,6
1762846449,0000000100000004,1010373960113,3557,7
1762846458,0000000900000001,1010468914645,3029,8
1762846469,0000000800000004,1010576812077,1739,9
1762846480,0000000100000004,1010689442455,168,10
1762846488,0000000100000080,1010765117278,804,11
1762846488,0000000400000080,1010767156794,683,12
1762846509,0000008000000002,1010972060766,3944,13
1762846510,0000000400000080,1010985530075,3118,14
1762846513,0000008000000080,1011017485479,1200,15
1762846519,0000008000000080,1011070944065,3175,16
1762846519,0000000800000008,1011074289424,2970,17
1762846520,0000000100000003,1011082682886,2467,18
1762846521,0000004000000008,1011097122819,1604,19
1762846538,0000004000000080,1011261637613,2095,20
1762846539,0000000100000080,1011275080104,1286,21
1762846548,0000004000000004,1011364840130,1082,22
1762846549,0000000100000001,1011374012207,538,23
1762846556,0000004000000080,1011445224058,1440,24
1762846564,0000004000000004,1011523166076,1947,25
1762846587,0000000500000001,1011753699132,3666,26
1762846628,0000000100000001,1012168905036,4667,27
1762846640,0000000100000001,1012283443118,2951,28
1762846644,0000000100000008,1012327697967,306,29
1762846662,0000008000000080,1012500697360,287,30
1762846676,0000004000000002,1012648103440,1799,31
1762846687,0000008000000002,1012759710133,287,32
1762846695,0000000100000080,1012836186776,874,33
1762846696,0000000100000008,1012849949635,5240,34
1762846697,0000004000000004,1012850493966,5207,35
1762846706,0000008000000004,1012948210052,4536,36
1762846718,0000000200000008,1013064667524,2702,37
1762846722,0000000400000001,1013104929722,298,38
1762846723,0000000800000008,1013110646230,5141,39
1762846723,0000000800000002,1013115132457,4877,40
1762846728,0000000100000001,1013168319501,1670,41
1762846745,0000008000000080,1013335060792,2027,42
1762846782,0000000400000004,1013708919784,322,43
1762846796,0000008000000080,1013843499458,2599,44
1762846812,0000000100000001,1014009683493,2990,45
1762846841,0000000800000002,1014293244695,1523,46
1762846849,0000000100000002,1014375216831,1786,47
1762846856,0000000400000080,1014442461941,2927,48
1762846862,0000008000000080,1014504309806,4423,49
1762846876,0000004000000002,1014643114464,1251,50
1762846876,0000000400000080,1014648111607,953,51
1762846881,0000000800000008,1014697379034,3176,52
1762846888,0000008000000004,1014763301970,4424,53
1762846890,0000008000000080,1014786254397,3023,54
1762846893,0000000100000008,1014811194515,1529,55
1762846896,0000000100000004,1014843304808,4801,56
1762846897,0000004000000080,1014856348744,4019,57
1762846901,0000000800000002,1014894465280,1715,58
1762846909,0000008000000080,1014971179962,2290,59
1762846917,0000000800000002,1015058973019,2204,60
1762846921,000000c000000080,1015097092060,5109,61
1762846922,0000000400000008,1015103832818,4713,62
1762846922,0000004000000008,1015109127997,4396,63
1762846923,0000000400000001,1015113011880,4163,64
1762846938,0000008000000004,1015266332324,5317,65
1762846943,0000000100000003,1015313386465,2477,66
1762846944,0000008000000008,1015321450260,1999,67
1762846944,0000000400000002,1015321745869,1981,68
1762846953,0000000800000008,1015411403998,1782,69
1762846968,0000000400000080,1015566761097,2817,70
1762846970,0000008000000008,1015584563439,1753,71
1762846974,0000008000000080,1015622680251,4667,72
1762846974,000000800000000c,1015627281184,4392,73
1762846996,0000008000000001,1015842786274,1802,74
1762847000,0000008000000080,1015880425348,4743,75
1762847021,0000000400000008,1016090971774,2449,76
1762847030,0000000400000002,1016181696096,2190,77
1762847053,0000000100000004,1016412536629,3896,78
1762847088,0000000100000008,1016768636464,3239,79
1762847106,0000008000000080,1016943378041,3113,80
1762847125,0000000800000004,1017135798474,1932,81
1762847146,0000000800000001,1017347892094,4765,82
1762847193,0000008000000080,1017811101690,2854,83
1762847200,0000004000000080,1017885613255,3576,84
1762847202,0000000400000001,1017903993033,2461,85
1762847202,0000008000000008,1017904841414,2410,86
1762847202,0000000100000001,1017909479290,2136,87
1762847203,0000000400000080,1017914466838,1838,88
1762847211,0000004000000002,1017999348574,1926,89
1762847229,0000004000000004,1018174793306,1761,90
1762847229,0000004000000004,1018179527836,1475,91
1762847248,0000008000000080,1018367090449,587,92
1762847287,0000000100000080,1018760133236,2899,93
1762847313,0000000200000002,1019013618896,3237,94
1762847314,0000004000000008,1019030079533,2247,95
1762847317,0000000100000002,1019050375184,1030,96
1762847334,0000000100000001,1019228687945,697,97
1762847342,0000000100000080,1019300307350,1577,98
1762847368,0000000400000080,1019564570386,1262,99
1762847376,0000000800000002,1019640928065,1865,100
1762847382,0000008000000001,1019706305336,3119,101
1762847387,0000004000000080,1019760233210,5078,102
1762847398,0000000200000004,1019860271735,4265,103
1762847412,0000000200000008,1020009876796,454,104
1762847419,0000000800000001,1020075147231,1714,105
1762847423,0000000400000001,1020118151574,4335,106
1762847430,0000008000000080,1020182628575,450,107
1762847430,0000000200000008,1020187124892,181,108
1762847478,0000008000000080,1020669241768,2329,109
1762847482,0000008000000080,1020702161765,362,110
1762847490,0000008000000080,1020784084120,626,111
1762847490,0000004000000080,1020788289816,376,112
1762847492,0000000100000001,1020802906316,4693,113
1762847506,0000004000000004,1020946309157,1248,114
1762847530,0000000100000002,1021189329480,2210,115
1762847539,0000008000000002,1021275990211,2191,116
1762847548,0000000100000008,1021361185924,2260,117
1762847552,0000000800000001,1021408880188,4601,118
1762847555,0000004000000080,1021436939391,2892,119
1762847562,0000004000000004,1021504723177,4027,120
1762847566,0000004000000008,1021541834420,1785,121
1762847567,0000008100000001,1021552529756,1139,122
1762847575,0000008000000002,1021630509084,1643,123
1762847585,0000008000000080,1021739705757,278,124
1762847599,0000000400000004,1021876132969,2445,125
1762847599,0000000100000001,1021879094245,2269,126
1762847603,0000000400000002,1021918424977,5104,127
1762847624,0000000100000001,1022125723193,3011,128
1762847627,0000000100000080,1022158810079,1028,129
1762847654,0000000100000008,1022423424291,698,130
1762847658,0000008000000080,1022461216479,3616,131
1762847664,0000000400000008,1022525449454,4950,132
1762847682,0000000800000002,1022701061220,4777,133
1762847690,0000000100000001,1022781400529,5133,134
1762847716,0000000800000001,1023049572917,4591,135
1762847721,0000004000000002,1023090964744,2088,136
1762847722,0000000100000080,1023100314559,1527,137
1762847731,0000000100000001,1023196668936,926,138
1762847731,0000000100000008,1023199944368,731,139
1762847736,0000000100000080,1023243264426,3313,140
1762847749,0000004000000080,1023377555021,439,141
1762847761,0000004000000001,1023496958230,3641,142
1762847765,0000000100000008,1023538710100,1125,143
1762847776,0000000100000001,1023648686572,4903,144
1762847778,0000000100000004,1023665184152,3915,145
1762847783,0000000400000080,1023718674135,692,146
1762847784,0000004000000080,1023729214533,5249,147
1762847799,0000004000000080,1023880000007,1370,148
1762847814,0000000800000002,1024021231054,3260,149
1762847820,0000000400000080,1024082648356,4775,150
1762847824,0000004000000008,1024126856011,2101,151
1762847830,0000000100000080,1024181055912,4048,152
1762847836,0000008000000080,1024244531651,227,153
1762847856,0000000400000088,1024448152838,3555,154
1762847862,0000000400000001,1024504241583,187,155
1762847872,0000004000000008,1024608888897,4284,156
1762847874,0000008000000001,1024620808339,3558,157
1762847937,0000000100000004,1025251426903,1977,158
1762847973,0000004000000008,1025611138220,1115,159
1762847981,0000000100000003,1025691306801,1486,160
1762847983,0000008000000008,1025717484752,5110,161
1762847985,0000000100000001,1025732039399,4244,162
1762847990,000000010000000c,1025783782752,1118,163
1762847992,0000004000000001,1025804844477,5049,164
1762848003,0000000100000001,1025919230943,3356,165
1762848044,0000000800000008,1026321970409,5105,166
1762848050,0000008000000002,1026385662418,1268,167
1762848060,0000000100000004,1026483990003,557,168
1762848074,0000008000000080,1026629131187,2204,169
1762848086,0000000100000081,1026744085448,988,170
1762848101,0000008000000080,1026892601997,1941,171
1762848101,0000000800000004,1026895843248,1745,172
1762848108,0000004000000080,1026961654773,2973,173
1762848115,0000008000000002,1027032691116,3911,174
1762848116,0000000100000004,1027045232010,3141,175
1762848117,0000004000000002,1027057695160,2390,176
1762848119,0000000400000080,1027075194231,1343,177
1762848137,0000008000000002,1027259228275,667,178
1762848148,0000000100000002,1027363752131,4772,179
1762848169,0000000400000008,1027576800180,2330,180
1762848191,0000004000000004,1027796894846,4688,181
1762848198,0000008000000080,1027860405490,859,182
1762848203,0000000400000001,1027915852664,2706,183
1762848203,0000000100000001,1027917125414,2631,184
1762848234,0000000200000004,1028221536236,5106,185
1762848237,0000004000000004,1028259053655,2837,186
1762848268,0000000100000001,1028562367306,191,187
1762848268,0000000100000002,1028565523842,5187,188
1762848276,0000000400000001,1028647183181,283,189
1762848290,0000000400000001,1028782896971,2492,190
1762848290,0000000100000002,1028786006197,2308,191
1762848322,0000000100000080,1029109152369,3653,192
1762848335,0000008000000004,1029237743463,1108,193
1762848337,0000000100000001,1029255980792,5206,194
1762848350,0000000100000008,1029382478726,2780,195
1762848354,0000008000000080,1029423783961,313,196
1762848362,0000000800000001,1029508051693,436,197
1762848372,0000004000000080,1029609444283,4729,198
1762848379,0000000400000080,1029675218861,766,199
1762848384,0000000100000001,1029727541132,2799,200
1762848414,0000000100000008,1030024623265,527,201
1762848432,0000000400000002,1030206478421,5165,202
1762848434,0000008000000008,1030229251889,3799,203
1762848436,0000008000000080,1030244367577,2875,204
1762848445,0000008000000080,1030337470855,2471,205
1762848446,0000008000000080,1030341975686,2203,206
1762848501,0000000400000004,1030899606459,5024,207
1762848506,0000000400000002,1030942545024,2429,208
1762848509,0000008000000080,1030979623444,215,209
1762848523,0000000100000080,1031115975128,2386,210
1762848531,0000008000000080,1031192712847,2962,211
1762848536,0000000400000002,1031240086941,5315,212
1762848568,0000004000000001,1031564706557,1367,213
1762848570,0000000400000002,1031580951905,400,214
1762848576,0000000400000004,1031642321167,1894,215
1762848577,0000008000000080,1031653884632,1196,216
1762848586,0000008000000001,1031744443947,945,217
1762848588,0000000100000008,1031760185826,5194,218
1762848610,0000000100000001,1031983875747,2122,219
1762848620,0000000100000003,1032084887665,1240,220
1762848625,0000008000000004,1032139057889,3171,221
1762848631,0000000100000001,1032194606113,5034,222
1762848653,0000004000000001,1032417204220,2027,223
1762848661,0000000500000001,1032495309296,2514,224
1762848666,0000000400000008,1032547058280,4616,225
1762848671,0000004000000080,1032597137103,1591,226
1762848675,0000000800000001,1032631140767,4750,227
1762848686,0000000100000008,1032747354430,2935,228
1762848703,0000000400000002,1032914278107,3287,229
1762848731,0000000100000003,1033192055145,2159,230
1762848737,0000000800000008,1033254500393,3603,231
1762848739,0000000100000001,1033272445069,2513,232
1762848741,0000000100000001,1033296676043,1063,233
1762848759,0000008000000080,1033476121462,662,234
1762848767,0000004000000008,1033550644043,1366,235
1762848775,0000008000000080,1033631592685,1692,236
1762848781,0000000400000008,1033694168451,3116,237
1762848783,0000004000000080,1033712994235,1991,238
1762848792,0000000500000001,1033802646583,1790,239
1762848804,0000000100000008,1033926564528,4735,240
1762848808,0000000400000008,1033969378663,2147,241
1762848813,0000000400000008,1034016223421,4539,242
1762848832,0000000100000001,1034200858467,3813,243
1762848836,0000008000000004,1034248900781,917,244
1762848839,0000004000000004,1034269990945,4849,245
1762848846,0000004000000008,1034345296370,320,246
1762848851,0000000800000008,1034395930054,2453,247
1762848863,0000000100000001,1034514734251,515,248
1762848895,0000004000000004,1034836079022,1952,249
1762848899,0000008000000008,1034877067160,4693,250
1762848915,0000000800000080,1035031010883,620,251
1762848923,0000000800000080,1035114587369,785,252
1762848924,0000000100000002,1035124913637,169,253
1762848946,0000000100000001,1035348781457,2271,254
1762848951,0000008000000002,1035396183421,4631,255
1762848956,0000004000000008,1035443247427,1787,256
1762848964,0000000100000001,1035523785484,2134,257
1762848978,0000004000000008,1035660818438,4294,258
1762848980,0000004000000080,1035687578552,2664,259
1762848997,0000004000000080,1035855407750,2956,260
1762848997,0000000100000004,1035857232423,2845,261
1762849012,0000008000000002,1036007985335,4187,262
1762849027,0000008000000001,1036150037482,825,263
1762849044,0000000100000080,1036322330717,849,264
1762849045,0000000100000002,1036337152708,5152,265
1762849046,0000000100000001,1036343872362,4755,266
1762849055,000000c000000080,1036430946185,4712,267
1762849061,0000000100000002,1036494718730,867,268
1762849063,0000008000000080,1036510232873,5128,269
1762849064,0000004000000004,1036522016593,4430,270
1762849070,0000008000000008,1036586799926,527,271
1762849071,0000000100000004,1036594476726,5254,272
1762849074,0000000800000008,1036622702459,3556,273
1762849081,0000004400000002,1036692741987,4547,274
1762849089,0000008000000001,1036772613120,4932,275
1762849092,0000008000000080,1036804210185,3016,276
1762849097,0000000400000002,1036849929893,281,277
1762849098,0000008000000080,1036863273842,4676,278
1762849103,0000000400000008,1036913346813,1652,279
1762849110,0000000400000001,1036987623883,2372,280
1762849113,0000000400000080,1037012438399,887,281
1762849118,0000008000000080,1037062137723,3084,282
1762849128,0000004000000080,1037168363002,1894,283
1762849130,0000008000000080,1037187652138,739,284
1762849134,0000008000000008,1037227465363,3535,285
1762849157,0000000400000004,1037454491824,273,286
1762849171,0000000800000002,1037594076857,2252,287
1762849210,0000008000000080,1037980520828,4985,288
1762849218,0000000400000002,1038065888655,5042,289
1762849245,0000000400000008,1038335307920,4428,290
1762849258,0000000100000001,1038462223164,1972,291
1762849264,0000000100000080,1038522014274,3573,292
1762849271,0000008000000004,1038597107066,4261,293
1762849302,0000008000000008,1038904752773,1321,294
1762849318,0000000100000001,1039067728946,1906,295
1762849321,0000008000000080,1039092362709,433,296
1762849326,0000000800000004,1039146490797,2358,297
1762849330,0000000100000001,1039182477172,207,298
1762849338,0000000800000080,1039264555876,463,299
1762849352,0000000100000002,1039408713347,2168,300
1762849391,0000000100000001,1039799771905,4630,301
1762849407,0000000800000001,1039959066999,236,302
1762849409,0000004000000080,1039973804830,4549,303
1762849412,0000004800000002,1040001601669,2856,304
1762849417,0000008000000001,1040058427575,4651,305
1762849460,0000008000000002,1040485376048,4933,306
1762849466,0000008000000080,1040545708852,1297,307
1762849524,0000000400000004,1041124572436,2827,308
1762849524,0000000100000004,1041127737752,2636,309
1762849538,0000000800000001,1041268811228,4561,310
1762849543,0000008000000002,1041311503530,1977,311
1762849550,0000000800000004,1041385503588,2712,312
1762849551,0000000800000002,1041392663316,2287,313
1762849563,0000004000000080,1041515066085,5317,314
1762849590,0000004000000002,1041783193417,4778,315
1762849598,0000008000000080,1041860651569,5304,316
1762849598,0000008000000080,1041862960715,5166,317
1762849598,0000000100000001,1041869000236,4810,318
1762849599,0000004000000004,1041872553086,4600,319
1762849602,0000008000000004,1041908725591,2404,320
1762849604,0000000c00000001,1041929250665,1175,321
1762849606,0000008000000080,1041947852255,5253,322
1762849607,0000000800000001,1041950615471,5088,323
1762849613,0000000100000080,1042012558693,1357,324
1762849618,0000000800000002,1042065059950,3394,325
1762849624,0000000800000001,1042126550409,4897,326
1762849626,0000000800000008,1042148995913,3537,327
1762849636,0000000100000002,1042241390361,3170,328
1762849640,0000004000000006,1042286603503,463,329
1762849649,0000000400000001,1042371871551,521,330
1762849652,0000004000000004,1042400789462,3986,331
1762849655,0000000400000002,1042432163930,2086,332
1762849692,0000000100000001,1042808716626,221,333
1762849693,0000008000000080,1042816818672,4925,334
1762849708,0000000100000008,1042969039115,957,335
1762849717,0000008000000008,1043053997268,1033,336
1762849718,0000000100000004,1043066363396,305,337
1762849722,0000000800000002,1043103719501,3238,338
1762849736,0000004000000080,1043247157914,5007,339
1762849766,0000000100000001,1043541217543,2886,340
1762849776,0000008000000080,1043646019727,1785,341
1762849837,0000000800000001,1044254447645,1542,342
1762849847,0000000100000001,1044352633852,834,343
1762849859,0000008000000008,1044470305397,4152,344
1762849864,0000000100000001,1044523563221,938,345
1762849866,0000008000000080,1044545684906,4809,346
1762849871,0000000100000002,1044598925892,1597,347
1762849883,0000000100000008,1044715398551,4983,348
1762849898,0000000800000002,1044861326720,1393,349
1762849908,0000000400000008,1044962789011,493,350
1762849909,0000008000000080,1044970256445,5231,351
1762849913,0000000400000004,1045014814017,2542,352
1762849920,0000004000000001,1045082016818,3707,353
1762849923,0000008000000002,1045118343994,1515,354
1762849932,0000004000000002,1045206102795,1430,355
1762849934,0000000400000008,1045229656875,5211,356
1762849938,0000000100000001,1045268204465,2881,357
1762849949,0000008000000002,1045374423918,1694,358
1762849949,0000000100000080,1045378867336,1425,359
1762849957,0000000800000004,1045450835051,2287,360
1762849962,0000000400000001,1045504676441,4259,361
1762849970,0000004000000080,1045585987024,4563,362
1762849991,0000004000000004,1045794006083,2418,363
1762849997,0000008000000001,1045851740202,4159,364
1762849999,0000000800000002,1045873538899,2824,365
1762849999,0000000100000004,1045879178035,2487,366
1762850021,0000004000000004,1046099568045,4828,367
1762850022,0000008000000080,1046102814556,4637,368
1762850025,0000000400000080,1046134404072,2714,369
1762850051,0000000800000008,1046392093621,2795,370
1762850051,000000010000000d,1046399384494,2361,371
1762850057,0000000800000088,1046456484628,4137,372
1762850060,0000000100000004,1046489606955,2130,373
1762850073,0000000200000008,1046609750913,5293,374
1762850090,0000008000000080,1046786238115,5068,375
1762850138,0000008000000080,1047263295478,2333,376
1762850141,0000000400000080,1047294337717,478,377
1762850146,0000000100000001,1047347628405,2452,378
1762850155,0000000200000001,1047436649928,2294,379
1762850161,0000004000000001,1047493826994,4065,380
1762850188,0000000400000004,1047762422404,3479,381
1762850221,0000000100000080,1048095139333,4252,382
1762850234,0000004000000002,1048224374083,1658,383
1762850241,0000000100000003,1048296089642,2530,384
1762850246,0000000200000004,1048344076819,4854,385
1762850280,0000008000000080,1048681021717,168,386
1762850292,0000008000000080,1048801539829,3294,387
1762850301,0000000400000004,1048895525897,2831,388
1762850302,0000004000000008,1048909416881,2002,389
1762850322,0000008000000080,1049102736209,1531,390
1762850328,0000000400000002,1049165103472,2200,391
1762850328,0000008000000080,1049167002038,2088,392
1762850332,0000000800000080,1049199749615,5314,393
1762850367,0000008000000080,1049558110670,4546,394
1762850368,0000008000000002,1049563100638,4246,395
1762850381,0000008000000004,1049693839696,1562,396
1762850384,0000000400000002,1049727898457,4713,397
1762850392,0000000100000002,1049806561733,5171,398
1762850414,0000000100000003,1050028755523,2188,399
1762850418,0000004000000080,1050063356504,5305,400
1762850436,0000004000000004,1050240059200,5065,401
1762850462,0000008000000008,1050506608574,4624,402
1762850464,0000000400000080,1050526008339,3445,403
1762850489,0000000400000080,1050778555452,3841,404
1762850509,0000000800000001,1050976324028,2320,405
1762850513,0000000100000008,1051010239531,293,406
1762850537,0000008000000080,1051258593818,928,407
1762850542,0000000100000004,1051309472221,3054,408
1762850547,0000000200000002,1051354843383,340,409
1762850548,0000000300000001,1051369245788,4670,410
1762850568,0000000100000001,1051568133063,3078,411
1762850629,0000000800000080,1052169928892,3237,412
1762850630,0000008000000080,1052185631987,2291,413
1762850638,0000000100000001,1052265644532,2668,414
1762850652,0000000400000008,1052402726527,4829,415
1762850659,0000000100000005,1052470379544,753,416
1762850665,0000000800000004,1052532350026,2211,417
1762850667,0000000800000004,1052552422685,1009,418
1762850678,0000004000000002,1052660953358,4874,419
1762850686,0000008000000080,1052740516737,5277,420
1762850691,0000000100000001,1052798726977,1773,421
1762850693,0000000100000001,1052813971098,859,422
1762850694,0000004000000080,1052822532322,350,423
1762850694,0000000800000001,1052826462218,5301,424
1762850711,0000000400000002,1052996859201,251,425
1762850715,0000000100000001,1053036058272,3072,426
1762850720,000000c000000080,1053079784547,457,427
1762850737,0000000100000001,1053254511726,334,428
1762850743,0000004000000004,1053314847466,1891,429
1762850760,0000008000000008,1053487757936,1877,430
1762850768,0000004000000008,1053561022567,2657,431
1762850772,0000000800000008,1053603559910,5301,432
1762850783,0000000100000002,1053717443853,3646,433
1762850786,0000000100000002,1053739628702,2304,434
1762850804,0000004000000008,1053920377971,1824,435
1762850811,0000000400000001,1053994217665,2570,436
1762850820,0000000400000002,1054089422719,2042,437
1762850829,0000000800000004,1054174638114,2109,438
1762850837,0000004000000008,1054257504172,2315,439
1762850853,0000000100000002,1054418882364,2993,440
1762850858,0000000100000008,1054459474056,567,441
1762850859,0000000100000001,1054473597736,4910,442
1762850900,0000004000000004,1054879747351,1247,443
1762850902,0000000100000003,1054909018796,4692,444
1762850903,0000000200000002,1054915262564,4318,445
1762850906,0000000400000004,1054949354728,2251,446
1762850915,0000000400000001,1055030162190,2579,447
1762850916,0000004000000004,1055043644230,1776,448
1762850933,0000004000000008,1055215898724,1802,449
1762850949,0000000400000001,1055377081651,2489,450
1762850963,0000000800000001,1055515188819,4588,451
1762850977,0000004000000004,1055659076863,1112,452
1762850993,0000000100000001,1055813117794,2232,453
1762851002,0000004000000002,1055901054341,2138,454
1762851032,0000000100000002,1056204701787,4660,455
1762851039,0000000100000003,1056278870392,197,456
1762851040,0000000100000001,1056279997711,5315,457
1762851057,0000000400000002,1056454971817,5180,458
1762851057,0000000900000001,1056456082566,5112,459
1762851061,0000000800000080,1056496086383,2694,460
1762851063,0000000100000080,1056519148624,1315,461
1762851066,000000c000000080,1056546348797,4882,462
1762851067,0000000100000003,1056549882462,4673,463
1762851071,0000008000000080,1056589415959,2273,464
1762851073,0000004000000080,1056615920661,693,465
1762851091,0000004000000080,1056795877163,260,466
1762851092,0000000800000004,1056801268271,5123,467
1762851125,0000000400000008,1057130293140,912,468
1762851131,0000000400000004,1057196833582,2100,469
1762851137,0000000800000001,1057255950323,3746,470
1762851137,0000000100000002,1057256939693,3685,471
1762851153,0000000100000003,1057410495707,4840,472
1762851162,0000000400000002,1057507089335,4229,473
1762851187,0000000800000008,1057757298035,4757,474
1762851193,0000000100000003,1057811750360,1469,475
1762851203,0000000800000080,1057913355757,559,476
1762851204,0000000100000001,1057919673773,182,477
1762851207,000000040000000c,1057958622810,3015,478
1762851224,0000000400000080,1058126028542,3340,479
1762851231,0000004000000008,1058196940250,4283,480
1762851253,0000004000000001,1058419044600,1296,481
1762851284,0000000400000004,1058719356776,4018,482
1762851286,0000000100000001,1058740213882,2745,483
1762851323,0000008000000004,1059110122900,1276,484
1762851327,0000000100000001,1059155332758,3759,485
1762851364,0000008000000080,1059522473779,2436,486
1762851367,0000000100000002,1059558420126,289,487
1762851385,0000000800000080,1059737307432,5106,488
1762851386,0000000200000001,1059748522918,4441,489
1762851392,0000008000000004,1059801023882,1267,490
1762851416,0000008000000001,1060044244082,2218,491
1762851473,0000004000000001,1060617962700,4078,492
1762851483,0000000100000003,1060718288840,3219,493
1762851484,0000000800000008,1060722482356,2963,494
1762851491,0000000400000080,1060791140240,4047,495
1762851516,0000008000000080,1061048508031,4150,496
1762851520,0000004000000004,1061085286632,1925,497
1762851545,0000008000000004,1061338239921,2286,498
1762851546,0000000100000001,1061341152105,2112,499
1762851574,0000000800000008,1061626794244,521,500
1762851593,0000000100000008,1061814488363,4815,501
1762851595,0000000400000080,1061834131518,3627,502
1762851615,0000000c00000002,1062038244470,1734,503
1762851622,0000004000000004,1062105843874,2852,504
1762851662,0000000800000001,1062503344075,4926,505
1762851669,0000008000000080,1062576480425,527,506
1762851681,000000c000000080,1062693525536,3876,507
1762851688,0000004000000002,1062766380459,4691,508
1762851705,0000000200000001,1062933913638,4995,509
1762851712,0000000100000080,1063007427377,573,510
1762851717,0000000800000002,1063057924915,2713,511
1762851743,0000000100000001,1063318158484,2642,512
1762851762,0000004000000002,1063500396589,2075,513
1762851767,0000000800000002,1063555836163,3946,514
1762851768,0000008000000080,1063560407366,3665,515
1762851781,0000000100000004,1063695905521,710,516
1762851785,000000010000000d,1063731551570,3760,517
1762851803,0000000400000001,1063909900129,3410,518
1762851809,0000000100000002,1063972112309,4873,519
1762851825,0000000800000080,1064132359107,427,520
1762851826,0000004000000004,1064141571050,5063,521
1762851832,0000000400000004,1064206629869,1144,522
1762851852,0000004000000008,1064404843909,4813,523
1762851859,0000000400000008,1064475449532,563,524
1762851863,0000000800000004,1064510616581,3638,525
1762851873,0000004000000080,1064614693596,2559,526
1762851882,0000004000000008,1064707030282,2205,527
1762851883,0000008000000080,1064717161575,1599,528
1762851918,0000000800000008,1065064182153,1498,529
1762851920,0000008000000004,1065080842215,505,530
1762851921,0000000100000001,1065093567139,4932,531
1762851932,0000008000000080,1065207381863,3270,532
1762851950,0000000100000005,1065383896943,3036,533
1762851955,0000008000000080,1065435098298,5160,534
1762851974,0000000400000002,1065626153281,4064,535
1762851990,0000004800000080,1065783559483,4976,536
1762852000,0000004000000004,1065883902235,4142,537
1762852019,0000000100000001,1066075844680,2962,538
1762852036,0000000100000008,1066245625829,3141,539
1762852047,0000000400000004,1066356417497,1676,540
1762852067,0000008000000080,1066558908632,5080,541
1762852072,0000000200000001,1066600446186,2570,542
1762852089,0000000400000002,1066777548898,2309,543
1762852091,0000000100000004,1066795873274,1210,544
1762852093,0000004000000080,1066810875786,316,545
1762852093,0000000100000001,1066817648749,5098,546
1762852111,0000000200000004,1066996776432,4718,547
1762852112,0000004000000002,1067008019819,4042,548
1762852115,0000008000000008,1067030678337,2659,549
1762852142,0000000100000080,1067307482571,1599,550
1762852151,0000000100000080,1067395514838,1497,551
1762852157,0000000400000008,1067454923598,3112,552
1762852158,0000000100000004,1067466953200,2389,553
1762852159,0000008000000080,1067474571207,1935,554
1762852161,0000000400000002,1067495991798,653,555
1762852162,0000000100000080,1067499790678,427,556
1762852172,0000000800000002,1067603320862,4592,557
1762852198,0000000800000008,1067859812672,4743,558
1762852212,0000008000000002,1068000764131,1447,559
1762852231,0000000400000004,1068191392016,377,560
1762852240,0000000100000002,1068279996971,240,561
1762852242,0000008000000001,1068302779631,4068,562
1762852248,0000000800000080,1068367810774,162,563
1762852266,0000000800000002,1068541643225,5271,564
1762852283,0000004000000004,1068718710320,5009,565
1762852289,0000000100000001,1068771025443,1860,566
1762852297,0000000400000008,1068855088816,1995,567
1762852301,0000000200000002,1068890461545,5065,568
1762852309,0000000100000003,1068971544171,192,569
1762852313,0000000100000001,1069012546024,2903,570
1762852351,0000008000000080,1069394669672,707,571
1762852354,0000004000000002,1069426560914,3988,572
1762852357,0000000800000001,1069455843977,2213,573
1762852371,0000000400000001,1069594345508,4285,574
1762852373,0000000800000001,1069616988582,2901,575
1762852384,0000008000000001,1069727082148,1481,576
1762852391,0000004000000001,1069791352907,2800,577
1762852391,0000000800000004,1069794922603,2585,578
1762852397,0000000800000001,1069851277883,4413,579
1762852401,0000008000000002,1069895270180,1752,580
1762852401,0000000100000001,1069896385170,1686,581
1762852408,0000008000000080,1069966331955,2663,582
1762852424,0000004000000082,1070121855616,3709,583
1762852435,0000000300000001,1070234442162,2124,584
1762852438,0000000400000008,1070263780737,369,585
1762852441,0000000800000080,1070293021274,3802,586
1762852452,0000000100000001,1070404541847,2277,587
1762852461,0000000100000001,1070491872611,2219,588
1762852471,0000000400000001,1070593816687,1282,589
1762852488,0000000400000001,1070762643769,1515,590
1762852492,0000000800000002,1070804413667,4210,591
1762852510,0000000800000002,1070981238503,3959,592
1762852523,0000000100000001,1071112770280,1229,593
1762852526,0000004000000008,1071145486253,4470,594
1762852539,0000000100000001,1071270453744,2130,595
1762852571,0000008000000002,1071593600772,3470,596
1762852572,0000000100000008,1071602829511,2907,597
1762852572,0000000100000002,1071608815183,2547,598
1762852577,0000000400000002,1071656287620,4901,599
1762852577,0000000100000084,1071658349448,4781,600
1762852581,0000000100000001,1071697919641,2382,601
1762852585,0000000200000004,1071732607891,311,602
1762852591,0000008000000080,1071793259565,1848,603
1762852605,0000008000000008,1071938721185,3485,604
1762852607,0000008000000080,1071949837507,2800,605
1762852622,0000000800000003,1072101462411,4097,606
1762852631,0000008000000001,1072194231675,3703,607
1762852631,0000008000000080,1072194675331,3675,608
1762852634,0000008000000004,1072220845878,2095,609
1762852635,0000000800000004,1072229967849,1548,610
1762852642,0000000100000001,1072299556513,2549,611
1762852645,0000000100000001,1072335628062,395,612
1762852660,0000008000000080,1072481565309,1995,613
1762852662,0000000400000004,1072504956046,595,614
1762852668,0000000800000004,1072563740590,2242,615
1762852676,0000004000000002,1072647052390,2423,616
1762852678,0000004000000008,1072662523122,1497,617
1762852686,0000000100000001,1072739199817,2077,618
1762852695,0000008000000080,1072829778915,1825,619
1762852698,0000000100000001,1072861271036,5127,620
1762852707,0000004800000001,1072956566804,4599,621
1762852717,0000004000000001,1073049463497,4205,622
1762852725,0000000800000002,1073138683669,4030,623
1762852750,0000004000000004,1073386325820,4715,624
1762852759,0000008000000080,1073471324222,4795,625
1762852762,0000000100000004,1073502174622,2919,626
1762852776,0000008000000001,1073640609822,4995,627
1762852798,0000008000000080,1073862718310,2017,628
1762852800,0000000400000004,1073882120241,853,629
1762852806,0000004000000008,1073946774653,2152,630
1762852810,0000000400000008,1073987052876,4932,631
1762852811,0000004000000004,1073990401023,4737,632
1762852811,0000004000000001,1073997747682,4296,633
1762852811,0000000100000001,1073998420754,4257,634
1762852815,0000000800000008,1074029732723,2354,635
1762852858,0000008000000080,1074460107831,2434,636
1762852870,0000000100000001,1074585662294,5275,637
1762852872,0000008000000001,1074599094022,4481,638
1762852873,0000000100000008,1074612553793,3661,639
1762852874,0000000100000001,1074623632353,2984,640
1762852876,0000008000000001,1074645947683,1648,641
1762852877,0000000800000080,1074652407986,1258,642
1762852884,000000c000000080,1074720823184,2333,643
1762852886,0000000400000080,1074743329804,984,644
1762852915,0000008000000004,1075032718169,4361,645
1762852917,0000000100000001,1075055601527,2969,646
1762852924,0000000400000002,1075126832176,3893,647
1762852937,0000000100000002,1075255072260,1363,648
1762852939,000000040000000c,1075275700074,5319,649
1762852943,0000000400000002,1075316567096,2851,650
1762852970,000000c000000080,1075586172189,2220,651
1762852976,0000000400000008,1075644692070,3906,652
1762853006,0000000200000001,1075940210170,1704,653
1762853010,0000000800000002,1075988146196,4025,654
1762853026,0000004000000008,1076142296183,5132,655
1762853038,0000004000000080,1076264829892,2943,656
1762853052,0000000100000001,1076402521282,5062,657
1762853055,0000004000000002,1076430553033,3367,658
1762853071,0000000400000003,1076590820099,4131,659
1762853076,0000000800000080,1076641194008,1087,660
1762853077,0000000100000003,1076655979506,206,661
1762853095,0000000200000001,1076837593475,4863,662
1762853096,0000000400000001,1076841234371,4649,663
1762853099,0000008000000080,1076869726287,2913,664
1762853108,0000000800000008,1076964574293,2404,665
1762853130,0000004000000004,1077187116292,4618,666
1762853141,0000004000000080,1077296729476,3203,667
1762853147,0000000100000008,1077356397434,4819,668
1762853156,0000000100000001,1077439016322,5039,669
1762853215,0000000100000001,1078036943639,240,670
1762853222,0000008000000008,1078101303108,1553,671
1762853238,0000008000000002,1078260980959,2332,672
1762853245,0000000800000008,1078333546988,3160,673
1762853249,0000000200000002,1078375815802,629,674
1762853251,0000008000000080,1078391653018,4871,675
1762853273,0000000400000001,1078616672082,1718,676
1762853274,0000004000000004,1078623434574,1307,677
1762853278,0000000100000080,1078667296410,3873,678
1762853281,0000000400000002,1078692289608,2356,679
1762853284,0000008000000080,1078723940957,464,680
1762853302,0000008000000080,1078905778860,5103,681
1762853303,0000000400000004,1078911180290,4787,682
1762853315,0000000100000004,1079037749281,2351,683
1762853318,0000000800000002,1079058961476,1079,684
1762853324,0000000100000001,1079119878152,2601,685
1762853329,0000000100000001,1079176089411,4437,686
1762853333,0000000800000002,1079211005925,2318,687
1762853336,0000000100000001,1079241085079,520,688
1762853340,0000000800000080,1079278951514,3427,689
1762853356,0000000400000002,1079443230254,3944,690
1762853370,0000008000000080,1079586304412,530,691
1762853381,0000004000000002,1079694406164,4422,692
1762853393,0000008000000080,1079808945547,2702,693
1762853393,0000004000000008,1079811799935,2532,694
1762853404,0000000100000002,1079926618621,831,695
1762853411,0000000100000001,1079996616051,1810,696
1762853421,0000008000000004,1080089158565,1437,697
1762853433,0000000200000009,1080215681764,4227,698
1762853445,0000000100000001,1080335849893,2177,699
1762853469,0000000100000008,1080573312316,3478,700
1762853496,0000000100000004,1080839434731,3043,701
1762853503,0000000800000004,1080915058476,3700,702
1762853506,0000000800000008,1080943628217,1977,703
1762853516,0000004000000004,1081041364106,1291,704
1762853523,0000008000000080,1081113113957,2167,705
1762853531,0000000800000080,1081190047075,2727,706
1762853532,0000004000000004,1081205749497,1791,707
1762853540,0000000900000004,1081283484949,2304,708
1762853541,0000008000000004,1081293564531,1704,709
1762853561,0000000100000001,1081498426531,4967,710
1762853581,0000004000000080,1081697197952,3392,711
1762853582,0000000100000008,1081700904577,3164,712
1762853588,0000000100000002,1081764270667,4565,713
1762853596,0000004000000008,1081839391599,5229,714
1762853598,0000000100000080,1081863670980,3773,715
1762853600,0000000100000004,1081887312816,2340,716
1762853601,0000000100000002,1081897796445,1714,717
1762853606,0000008000000002,1081946049307,4017,718
1762853637,0000008100000004,1082256496601,915,719
1762853656,0000008000000080,1082445803209,5110,720
1762853659,0000000400000002,1082473685444,3428,721
1762853667,0000000100000080,1082551288960,3965,722
1762853669,0000000400000002,1082573222420,2628,723
1762853673,0000000400000004,1082613005979,253,724
1762853692,0000008900000080,1082800108472,4583,725
1762853709,0000008000000080,1082969801834,4760,726
1762853714,0000000400000001,1083024014928,1488,727
1762853724,0000000100000004,1083125134744,606,728
1762853738,0000000800000008,1083262653286,2706,729
1762853756,0000000100000001,1083444205242,2180,730
1762853756,0000000100000001,1083448202472,1943,731
1762853773,0000004c0000000a,1083610701325,2547,732
1762853792,0000000400000001,1083804754224,1270,733
1762853821,0000004000000008,1084093483576,4688,734
1762853870,0000008000000002,1084583288053,1182,735
1762853876,0000000400000008,1084646468653,2568,736
1762853877,0000000800000008,1084653481654,2152,737
1762853880,0000008000000080,1084687465351,5305,738
1762853893,0000000100000008,1084809445708,3156,739
1762853906,0000008000000080,1084946061587,5331,740
1762853915,0000000800000002,1085036094615,5112,741
1762853916,0000000100000004,1085039663512,4902,742
1762853959,0000004000000008,1085476135056,4622,743
1762853980,0000000100000001,1085684392519,2462,744
1762853984,0000000400000080,1085722075697,213,745
1762854006,0000000100000001,1085939963647,2669,746
1762854006,0000004000000080,1085948034289,2190,747
1762854015,0000000800000008,1086032132983,2323,748
1762854020,0000004000000004,1086087849835,4183,749
1762854021,0000000100000001,1086089528820,4081,750
1762854024,0000000100000001,1086125873527,1882,751
1762854024,0000000500000004,1086126630834,1837,752
1762854028,0000000100000001,1086165240525,4720,753
1762854032,0000000200000002,1086203801905,2382,754
1762854058,0000000400000001,1086461780723,2445,755
1762854067,0000008000000080,1086552261689,2201,756
1762854070,0000000800000001,1086580963111,484,757
1762854075,0000000200000008,1086631904138,2598,758
1762854083,0000000800000004,1086716810081,2684,759
1762854084,0000008000000008,1086726687556,2098,760
1762854122,0000000200000008,1087101061099,363,761
1762854123,0000000400000008,1087111759471,4912,762
1762854124,0000000100000001,1087120980033,4365,763
1762854126,0000000800000002,1087147498735,2746,764
1762854169,0000008000000004,1087575930012,2944,765
1762854173,0000004000000004,1087610137611,897,766
1762854180,0000000100000008,1087686939008,1468,767
1762854198,0000008000000008,1087860088981,1442,768
1762854202,0000000800000080,1087908270337,3742,769
1762854204,0000008000000080,1087919639114,3046,770
1762854244,0000000100000007,1088318837152,5015,771
1762854251,0000000800000002,1088389481928,764,772
1762854255,0000008400000001,1088436121496,3142,773
1762854261,0000000400000004,1088494499061,4840,774
1762854261,0000000800000004,1088496925859,4699,775
1762854270,0000000100000004,1088579651487,4911,776
1762854280,0000000800000002,1088687139956,3634,777
1762854284,0000008000000002,1088719088572,1709,778
1762854326,0000000100000003,1089144078761,2113,779
1762854327,0000008000000001,1089153508040,1548,780
1762854329,0000008000000004,1089178004266,5270,781
1762854330,0000008000000080,1089188285922,4662,782
1762854344,000000c000000080,1089321985841,1801,783
1762854344,0000008000000080,1089326809447,1510,784
1762854356,0000008000000080,1089441806942,4986,785
1762854377,0000000100000002,1089652478744,2686,786
1762854383,0000008000000080,1089710441974,4417,787
1762854386,0000000100000001,1089747160874,2192,788
1762854426,0000008000000008,1090139263074,4591,789
1762854441,0000000800000080,1090292935362,535,790
1762854450,0000008000000080,1090380069306,488,791
1762854457,0000000800000080,1090455580861,1130,792
1762854461,0000008000000080,1090490430319,4242,793
1762854477,0000008000000008,1090650188289,5012,794
1762854481,0000000800000002,1090696556333,2215,795
1762854491,0000008000000002,1090792960690,1613,796
1762854495,0000008000000001,1090833322789,4393,797
1762854507,0000000400000001,1090958239758,2057,798
1762854508,0000000800000004,1090965358009,1630,799
1762854513,0000000100000080,1091016013243,3784,800
1762854548,0000000100000008,1091360830634,3818,801
1762854558,0000000800000004,1091466471390,2642,802
1762854562,0000004000000080,1091502470520,492,803
1762854562,0000000800000002,1091508198441,162,804
1762854567,0000000400000002,1091549981864,2812,805
1762854572,0000000400000001,1091600843354,1732,806
1762854585,0000000400000080,1091730678933,2334,807
1762854585,0000008000000080,1091732971494,2198,808
1762854592,0000008000000080,1091804138529,3107,809
1762854593,0000008000000001,1091811212683,2679,810
1762854601,0000000100000008,1091888851188,3207,811
1762854607,0000008000000002,1091949832826,4749,812
1762854616,0000000400000008,1092047588767,4062,813
1762854629,0000000800000002,1092169845527,1892,814
1762854629,0000004000000001,1092172419588,1737,815
1762854637,0000000800000008,1092255906616,1909,816
1762854642,0000008000000001,1092300303808,4447,817
1762854650,0000000100000003,1092381414628,4756,818
1762854685,0000008000000080,1092732272129,4430,819
1762854692,0000000400000008,1092798666632,431,820
1762854739,0000004000000080,1093272555425,3074,821
1762854755,0000008000000080,1093430219673,3995,822
1762854755,0000000100000080,1093432216032,3873,823
1762854758,0000004000000004,1093465633548,1855,824
1762854772,0000000100000001,1093599153448,4224,825
1762854775,0000000800000004,1093634711659,2070,826
1762854780,0000004000000008,1093684617325,4277,827
1762854783,0000000800000001,1093716205895,2358,828
1762854819,0000000100000080,1094076589078,1459,829
1762854834,0000000400000008,1094220775454,3169,830
1762854920,0000000800000002,1095082226462,3292,831
1762854921,0000000800000001,1095090774706,2772,832
1762854924,0000000100000001,1095128317299,530,833
1762854935,0000008000000002,1095231005820,4742,834
1762854935,0000000800000004,1095232610837,4651,835
1762854947,0000008000000080,1095356421659,2377,836
1762854957,0000004400000002,1095456556954,1553,837
1762854961,0000000100000001,1095496910084,4333,838
1762854964,0000000100000008,1095521386275,2838,839
1762854981,0000000400000002,1095690795585,3037,840
1762854982,0000000400000004,1095703861450,2254,841
1762854983,0000000100000008,1095709301406,1932,842
1762854985,0000000100000002,1095732060208,569,843
1762854990,0000000100000001,1095782748467,2699,844
1762855042,0000000100000001,1096304988617,2449,845
1762855043,0000008000000080,1096316044004,1792,846
1762855062,0000008000000080,1096507881118,645,847
1762855067,0000000200000008,1096556600978,2894,848
1762855081,0000008800000080,1096690678889,5227,849
1762855090,0000008000000080,1096779275528,5093,850
1762855124,0000008000000080,1097126493694,4985,851
1762855146,0000008000000080,1097347112506,2095,852
1762855172,0000004000000080,1097599474990,2490,853
1762855179,0000008000000080,1097670064979,3445,854
1762855180,0000000100000001,1097685535680,2506,855
1762855184,0000000400000002,1097722144479,641,856
1762855194,0000008000000008,1097826933485,4409,857
1762855199,0000008000000001,1097876625986,1407,858
1762855204,0000008000000008,1097919740654,4019,859
1762855205,0000008000000080,1097930352678,3366,860
1762855214,0000000800000004,1098021224899,3090,861
1762855216,0000004000000001,1098042200455,1837,862
1762855236,0000008000000080,1098246673842,5121,863
1762855237,0000008000000080,1098256713746,4527,864
1762855266,0000000400000002,1098547035105,2623,865
1762855314,0000008000000080,1099020206015,5334,866
1762855314,0000000100000002,1099025389393,5025,867
1762855315,0000000100000008,1099032428704,4610,868
1762855326,0000000100000002,1099144318412,3053,869
1762855343,0000008000000080,1099308984382,3545,870
1762855369,0000000100000008,1099577318227,2969,871
1762855371,0000008000000080,1099596743834,1815,872
1762855383,0000000400000002,1099708473637,297,873
1762855383,0000004000000001,1099717697868,4934,874
1762855439,0000000400000008,1100275510309,2529,875
1762855456,000000400000000c,1100448149794,2532,876
1762855466,0000008000000002,1100538450878,2297,877
1762855470,0000000200000004,1100580407626,4978,878
1762855471,0000008000000008,1100595381397,4083,879
1762855482,0000000800000008,1100706735519,2557,880
1762855486,0000000400000002,1100743405560,369,881
1762855489,0000000100000001,1100768496942,4057,882
1762855496,0000000800000002,1100842848444,4777,883
1762855496,0000000800000004,1100848275885,4454,884
1762855510,0000004000000004,1100984448599,1442,885
1762855549,0000008000000001,1101375708848,3885,886
1762855555,0000000100000001,1101436637884,220,887
1762855571,0000004000000001,1101589495519,1404,888
1762855581,0000002000000004,1101688952446,621,889
1762855599,0000000800000008,1101870996995,5249,890
1762855601,0000000200000001,1101895370560,3786,891
1762855616,0000008000000080,1102047701936,5011,892
1762855627,0000000500000001,1102148343000,4159,893
1762855630,0000004000000080,1102180923144,2182,894
1762855650,0000000800000040,1102382605466,450,895
1762855652,0000000100000008,1102403638573,4384,896
1762855653,000000c000000080,1102412719111,3830,897
1762855668,0000000100000008,1102563372450,5153,898
1762855671,0000000800000080,1102591900993,3433,899
1762855674,0000000800000008,1102621615981,1645,900
1762855693,0000008000000001,1102817144608,281,901
1762855703,0000000400000004,1102912181550,4949,902
1762855733,0000004000000004,1103216445251,2219,903
1762855738,0000008000000004,1103263173625,4617,904
1762855743,0000000100000001,1103317385540,1343,905
1762855750,0000000800000080,1103378350852,2862,906
1762855766,0000000100000080,1103544802253,3242,907
1762855789,0000008000000080,1103771784427,5177,908
1762855792,0000000400000001,1103801467927,3387,909
1762855795,0000000400000001,1103837425591,1224,910
1762855811,0000008000000080,1103994735311,2148,911
1762855813,0000000400000008,1104013674221,1012,912
1762855815,0000000400000002,1104034234255,4974,913
1762855835,0000000100000001,1104235104777,3270,914
1762855837,0000008000000080,1104255696502,2034,915
1762855844,0000004000000001,1104323843958,3123,916
1762855848,0000004000000001,1104365541824,627,917
1762855854,0000008000000004,1104424384185,2271,918
1762855861,0000000400000080,1104494131791,3270,919
1762855863,0000000800000004,1104508371603,2412,920
1762855866,0000008000000002,1104547394555,5266,921
1762855907,0000004000000002,1104949305529,1865,922
1762855909,0000008000000004,1104972734857,462,923
1762855964,0000008000000080,1105520628630,3861,924
1762855984,0000004000000002,1105725031649,1946,925
1762855986,0000000800000080,1105741201168,974,926
1762856000,0000000900000001,1105883878280,2770,927
1762856013,0000008100000008,1106016705264,5178,928
1762856015,0000000300000001,1106030432092,4366,929
1762856030,0000000100000001,1106181046555,492,930
1762856037,0000004000000008,1106253418732,1324,931
1762856046,0000000800000080,1106341330298,1229,932
1762856068,0000000800000001,1106561843030,3549,933
1762856075,0000000800000001,1106628245073,4758,934
1762856075,0000000100000001,1106636630788,4256,935
1762856086,0000008000000080,1106740681085,3172,936
1762856113,0000000800000004,1107015736339,2212,937
1762856115,0000000800000001,1107031175978,1283,938
1762856116,0000000800000080,1107043498057,552,939
1762856124,0000008000000008,1107125222010,826,940
1762856134,0000000100000008,1107218365640,422,941
1762856138,0000000100000008,1107265628403,2755,942
1762856143,0000000800000002,1107314216513,5040,943
1762856168,0000000800000004,1107568113656,162,944
1762856173,0000000100000002,1107611627534,2717,945
1762856173,0000000100000001,1107616727448,2414,946
1762856185,0000008000000080,1107732139198,677,947
1762856186,0000000400000002,1107745681255,5055,948
1762856188,000000c000000080,1107760591817,4168,949
1762856214,0000008000000001,1108021458800,4055,950
1762856217,0000000800000008,1108048640619,2403,951
1762856231,0000000400000004,1108196472865,3913,952
1762856233,0000000100000004,1108213880809,2848,953
1762856236,0000008000000080,1108247417915,843,954
1762856237,0000000800000004,1108252671597,530,955
1762856261,0000000400000004,1108494169849,1577,956
1762856264,0000000400000001,1108520954975,5163,957
1762856265,0000008000000001,1108534125914,4383,958
1762856269,0000008000000080,1108573683849,1989,959
1762856285,0000004000000002,1108732794952,2797,960
1762856292,0000004000000002,1108798328970,4070,961
1762856299,0000000100000002,1108877047212,4530,962
1762856317,0000008000000080,1109048255888,4617,963
1762856324,0000000400000080,1109123202721,5292,964
1762856325,0000000100000001,1109135563518,4560,965
1762856329,0000000400000001,1109170706264,2427,966
1762856331,0000000100000004,1109190894333,1218,967
1762856336,0000000100000001,1109244502106,3183,968
1762856364,0000000800000008,1109520348572,2175,969
1762856385,000000c000000080,1109730618295,5114,970
1762856389,000000c000000080,1109771098491,2667,971
1762856389,0000000400000008,1109777207781,2304,972
1762856400,0000008000000080,1109880468263,1288,973
1762856401,0000000100000001,1109893734690,501,974
1762856404,0000004000000080,1109923834460,3884,975
1762856405,0000000100000080,1109928172519,3619,976
1762856416,0000004000000008,1110042778279,1915,977
1762856416,0000000400000009,1110044257479,1826,978
1762856422,0000000400000080,1110102814270,3497,979
1762856425,0000008000000004,1110129113282,1915,980
1762856428,0000008000000002,1110163639656,5036,981
1762856459,0000008000000080,1110473763871,1960,982
1762856460,0000004000000004,1110478649188,1666,983
1762856462,0000000100000001,1110505213990,5263,984
1762856474,000000c000000080,1110627747941,3076,985
1762856481,0000008000000080,1110689119033,4599,986
1762856485,0000008000000080,1110732386275,1984,987
1762856489,0000000800000008,1110774219401,4673,988
1762856492,0000000800000002,1110803307622,2904,989
1762856498,0000004000000004,1110865749577,4364,990
1762856508,0000000400000080,1110961902041,3765,991
1762856513,0000000100000080,1111014190464,621,992
1762856518,0000004000000080,1111064005582,2802,993
1762856519,0000000400000004,1111070803399,2396,994
1762856520,0000004000000002,1111080389774,1827,995
1762856525,0000000400000004,1111135452871,3712,996
1762856541,0000000100000001,1111291602608,4714,997
1762856578,0000004000000080,1111661255984,3239,998
1762856587,0000000400000008,1111753256819,2894,999
1762856597,0000008000000080,1111854037001,2033,1000
1762856617,000000c000000080,1112054035545,400,1001
1762856634,0000000100000002,1112219315872,840,1002
1762856641,0000000800000004,1112292214128,1646,1003
1762856666,0000000100000008,1112543601870,2102,1004
1762856691,0000000100000001,1112795721718,2513,1005
1762856704,0000008000000004,1112927921961,4963,1006
1762856710,0000004000000001,1112981663624,1724,1007
1762856744,0000000400000001,1113325984318,1787,1008
1762856748,0000008000000008,1113364887588,4654,1009
1762856752,0000008000000080,1113399650079,2542,1010
1762856755,0000000100000008,1113434639514,454,1011
1762856783,0000000100000001,1113710312063,4650,1012
1762856790,0000000400000001,1113784252078,201,1013
1762856808,0000000400000008,1113961254263,5127,1014
1762856828,0000000400000004,1114161589795,3463,1015
1762856841,0000008000000002,1114297013230,517,1016
1762856864,0000000400000008,1114519907853,2675,1017
1762856882,0000000800000001,1114707221523,1804,1018
1762856889,0000000100000001,1114770288660,3200,1019
1762856909,0000008000000004,1114977422108,1131,1020
1762856938,0000004000000008,1115262317500,4781,1021
1762856955,0000000400000080,1115435140297,4771,1022
1762856964,0000000400000001,1115525352763,4544,1023
1762856974,0000008000000080,1115622643344,3879,1024
1762856987,0000000100000080,1115756654123,1005,1025
1762857006,0000000100000003,1115944172689,5308,1026
1762857012,0000000800000008,1116004785864,1661,1027
1762857024,0000000800000008,1116126684096,4727,1028
1762857026,0000000100000008,1116138034580,4044,1029
1762857029,0000000400000001,1116175218691,1796,1030
1762857033,0000000100000001,1116208866054,4971,1031
1762857036,0000000400000004,1116242386839,2941,1032
1762857036,0000000100000080,1116243375685,2882,1033
1762857036,0000008000000080,1116245619390,2746,1034
1762857049,000000c000000080,1116368434577,568,1035
1762857059,0000000400000001,1116475765450,4507,1036
1762857060,0000000800000002,1116484097351,4002,1037
1762857066,0000000400000001,1116538451515,726,1038
1762857083,0000008000000080,1116717328612,359,1039
1762857084,0000004000000080,1116722947310,5207,1040
1762857102,0000000800000001,1116901173445,4881,1041
1762857105,0000000400000008,1116936828039,2719,1042
1762857106,0000000100000004,1116938005865,2650,1043
1762857107,0000008000000004,1116954607047,1658,1044
1762857140,0000004000000080,1117287855375,2381,1045
1762857149,0000000400000002,1117368447027,2724,1046
1762857167,0000008000000004,1117555578501,1866,1047
1762857174,0000008000000080,1117620544699,3144,1048
1762857175,0000008000000080,1117629624581,2596,1049
1762857181,0000004000000002,1117694899644,3880,1050
1762857188,0000000100000001,1117767690730,4701,1051
1762857195,0000000100000001,1117831972109,824,1052
1762857199,0000000400000080,1117868184514,3845,1053
1762857206,0000008000000080,1117941493749,4634,1054
1762857215,0000000400000008,1118029002121,4564,1055
1762857232,0000000200000001,1118199252838,4710,1056
1762857232,0000000300000001,1118206961420,4248,1057
1762857241,0000008000000080,1118295503737,4115,1058
1762857244,0000000400000008,1118323174203,2431,1059
1762857269,0000000800000001,1118575552247,2828,1060
1762857276,0000008000000001,1118639035042,4226,1061
1762857276,0000000100000080,1118640251608,4153,1062
1762857297,0000004000000004,1118850751761,1866,1063
1762857304,0000000800000004,1118927002582,2465,1064
1762857323,0000004000000080,1119111669778,1752,1065
1762857328,0000000400000080,1119159208638,4099,1066
1762857338,0000000100000001,1119267400494,2762,1067
1762857340,000000c000000080,1119283639064,1795,1068
1762857352,0000000100000001,1119402951865,5010,1069
1762857383,0000004000000080,1119713813654,1889,1070
1762857401,0000000100000001,1119887926173,1802,1071
1762857414,0000008000000004,1120024261997,4000,1072
1762857456,0000008000000080,1120445890270,4609,1073
1762857468,0000000100000008,1120567806598,2449,1074
1762857470,0000004000000002,1120584452548,1448,1075
1762857475,0000008000000004,1120633033308,3732,1076
1762857478,0000000100000002,1120662624230,1947,1077
1762857507,0000000400000002,1120949411283,286,1078
1762857533,0000000100000001,1121209772372,207,1079
1762857541,0000000100000008,1121291741764,469,1080
1762857543,0000004000000004,1121311408081,4486,1081
1762857546,0000000800000001,1121340047399,2741,1082
1762857553,0000000400000080,1121409628569,3764,1083
1762857568,0000000100000008,1121563262579,4911,1084
1762857569,0000000100000080,1121576335702,4130,1085
1762857596,0000000800000080,1121843276152,3645,1086
1762857633,0000000400000004,1122213386760,2152,1087
1762857639,0000008000000008,1122268095863,4069,1088
1762857648,0000000800000004,1122366941771,3301,1089
1762857664,0000004000000004,1122522651002,4340,1090
1762857666,0000004000000080,1122540426262,3252,1091
1762857668,0000000400000008,1122560817998,2029,1092
1762857689,0000000100000002,1122769204242,5080,1093
1762857708,0000004000000002,1122967406053,3543,1094
1762857710,0000008000000080,1122982223024,2642,1095
1762857711,0000008000000080,1122991622523,2084,1096
1762857720,0000008000000001,1123083838172,1733,1097
1762857721,0000008000000004,1123089575331,1386,1098
1762857740,0000000500000001,1123287603152,5061,1099
1762857754,000000c000000080,1123426340134,1906,1100
1762857759,0000000100000001,1123471137847,646,1101
1762857768,0000008000000080,1123565692614,3921,1102
1762857778,0000000100000001,1123658011036,3552,1103
1762857784,0000000400000008,1123718647798,5101,1104
1762857788,0000000100000004,1123765726357,2262,1105
1762857842,0000000800000001,1124298890119,1357,1106
1762857848,0000000100000002,1124363348132,2666,1107
1762857867,0000008000000004,1124553770037,1608,1108
1762857874,0000008000000080,1124625742050,2465,1109
1762857894,0000008000000080,1124825087964,871,1110
1762857912,0000000100000001,1125007647471,284,1111
1762857923,0000004000000002,1125116581631,4123,1112
1762857932,0000000800000004,1125201782575,4192,1113
1762857959,0000000800000008,1125468622275,3714,1114
1762857960,0000000100000001,1125481645055,2917,1115
1762857990,0000000400000080,1125778786602,639,1116
1762857991,0000004000000001,1125791536385,5064,1117
1762858000,0000008000000008,1125882795739,4776,1118
1762858004,0000000800000002,1125922500992,2371,1119
1762858009,0000000800000004,1125969893195,4731,1120
1762858016,0000008000000080,1126037892042,635,1121
1762858026,000000010000008c,1126147151323,4458,1122
1762858030,0000000800000001,1126184535727,2195,1123
1762858039,0000000100000002,1126272508759,2096,1124
1762858044,0000008000000080,1126326570004,4052,1125
1762858046,0000000100000001,1126340616179,3191,1126
1762858047,0000000100000001,1126348523313,2710,1127
1762858051,0000008000000080,1126394685067,5140,1128
1762858062,0000008000000004,1126497836656,4138,1129
1762858073,0000000800000001,1126616853364,2158,1130
1762858080,0000008000000080,1126681622993,3457,1131
1762858084,0000000400000080,1126721632097,1052,1132
1762858116,0000000400000008,1127042367339,2526,1133
1762858121,0000008000000008,1127097312842,4438,1134
1762858136,0000008000000001,1127239776945,1047,1135
1762858136,0000004000000080,1127240240135,1020,1136
1762858146,0000004000000080,1127345013655,5107,1137
1762858153,0000000100000001,1127410501448,1163,1138
1762858163,0000000400000080,1127509270120,426,1139
1762858198,0000008000000080,1127864488020,5025,1140
1762858220,0000000800000002,1128086663255,2042,1141
1762858227,0000000100000004,1128150750065,3380,1142
1762858245,0000000400000001,1128333570303,2763,1143
1762858254,000000040000000c,1128419185153,2801,1144
1762858262,0000008000000080,1128498304558,3249,1145
1762858267,0000000100000001,1128552436575,5191,1146
1762858277,0000000100000001,1128654947580,4230,1147
1762858298,0000008000000080,1128865444552,1942,1148
1762858310,0000008000000080,1128981660577,162,1149
1762858310,0000008000000008,1128986624135,5045,1150
1762858314,0000000100000004,1129024333588,2762,1151
1762858319,0000000400000001,1129075389281,4901,1152
1762858327,0000000400000001,1129154230714,162,1153
1762858333,0000000800000002,1129211205678,1919,1154
1762858335,0000000400000008,1129230174268,782,1155
1762858365,0000000400000080,1129529403585,3556,1156
1762858374,0000000100000008,1129621561103,3199,1157
1762858383,0000008000000002,1129710542099,3038,1158
1762858388,0000000800000004,1129764364154,5007,1159
1762858393,0000000400000001,1129815529312,1924,1160
1762858402,0000004000000002,1129903140969,1848,1161
1762858402,0000004000000001,1129904526536,1766,1162
1762858413,0000000800000004,1130011130337,554,1163
1762858414,0000000800000001,1130023393969,5007,1164
1762858417,0000008000000080,1130055138247,3086,1165
1762858420,0000008000000080,1130084382722,1331,1166
1762858422,0000004000000080,1130105613461,5251,1167
1762858430,0000000200000008,1130182556792,629,1168
1762858430,0000000800000004,1130187134060,354,1169
1762858439,0000008000000080,1130273603855,348,1170
1762858447,0000004000000002,1130351884975,827,1171
1762858453,0000004000000002,1130414608550,2242,1172
1762858470,0000008000000080,1130577915748,2800,1173
1762858471,0000000200000001,1130590219921,2068,1174
1762858503,0000000400000080,1130910610931,3574,1175
1762858505,0000004000000080,1130937348595,1964,1176
1762858521,0000000400000080,1131092050915,3038,1177
1762858538,0000000400000080,1131258777646,3403,1178
1762858570,0000008000000002,1131585096021,4563,1179
1762858584,0000000100000080,1131726669765,1228,1180
1762858599,0000000800000004,1131871300355,2908,1181
1762858609,0000004000000002,1131975135347,1865,1182
1762858615,0000000100000008,1132031179318,3692,1183
1762858618,0000000800000004,1132059237915,1999,1184
1762858634,0000008000000080,1132220146890,2699,1185
1762858661,0000000800000004,1132489573917,2081,1186
1762858681,0000008000000080,1132697371091,5168,1187
1762858693,0000008000000002,1132811278515,3508,1188
1762858694,0000000100000004,1132825489081,2643,1189
1762858721,0000000100000001,1133090176110,2308,1190
1762858734,0000000100000001,1133220240940,4883,1191
1762858735,0000000400000004,1133231503335,4212,1192
1762858753,000000010000000c,1133415471916,3522,1193
1762858755,0000008000000080,1133428321397,2737,1194
1762858774,0000000100000080,1133621077970,1539,1195
1762858775,0000000400000008,1133637325534,570,1196
1762858780,0000000100000003,1133680355570,3164,1197
1762858786,0000008000000008,1133738546046,4868,1198
1762858787,0000004000000004,1133756036846,3817,1199
1762858791,000000010000000e,1133795919454,1409,1200
1762858807,0000000800000008,1133954513271,2256,1201
1762858813,0000004000000001,1134016545539,3727,1202
1762858832,0000000100000003,1134204974547,2765,1203
1762858841,0000000100000001,1134290667146,2804,1204
1762858852,0000008000000080,1134405199836,1117,1205
1762858860,0000000100000002,1134478631572,1895,1206
1762858863,0000000400000004,1134511741615,5099,1207
1762858867,0000008000000080,1134553453456,2580,1208
1762858872,0000008000000008,1134607230959,4560,1209
1762858875,0000000c00000004,1134629375903,3210,1210
1762858901,0000004000000008,1134893792814,2884,1211
1762858907,0000004000000004,1134951262483,4640,1212
1762858910,0000004000000008,1134984103683,2643,1213
1762858918,0000000400000080,1135058657126,3358,1214
1762858926,0000000400000001,1135139299352,3709,1215
1762858932,0000004000000008,1135199224778,5294,1216
1762858941,0000000500000001,1135295983674,4679,1217
1762858946,0000000100000001,1135346910745,1604,1218
1762858950,0000008000000004,1135381886049,4705,1219
1762858950,0000000100000001,1135386945855,4403,1220
1762858964,0000000100000004,1135517977537,1701,1221
1762858979,0000000800000002,1135676465267,2548,1222
1762858985,0000008800000004,1135734298813,4284,1223
1762858989,0000000400000001,1135774858916,1832,1224
1762858994,0000008000000080,1135822925618,4146,1225
1762859019,0000000800000008,1136068190720,4968,1226
1762859023,0000000400000004,1136117249769,2010,1227
1762859044,0000000100000004,1136322907935,5223,1228
1762859047,0000008000000001,1136351333763,3512,1229
1762859048,0000000100000006,1136360521916,2951,1230
1762859053,0000000400000001,1136417436058,4740,1231
1762859057,0000000800000008,1136451835829,2652,1232
1762859063,0000008000000004,1136510347888,4349,1233
1762859065,0000000100000001,1136535461563,2814,1234
1762859073,0000008000000080,1136608285353,3641,1235
1762859099,0000004000000080,1136876701277,3066,1236
1762859101,0000004000000001,1136892092890,2145,1237
1762859111,0000008000000002,1136990861734,1397,1238
1762859119,0000000800000002,1137072704319,1671,1239
1762859130,0000000100000001,1137178527219,506,1240
1762859145,0000000400000080,1137328331087,1876,1241
1762859166,000000c000000080,1137541789056,4630,1242
1762859170,0000000800000004,1137586239768,1943,1243
1762859184,0000008000000002,1137721193886,4226,1244
1762859197,0000000100000004,1137856065422,1292,1245
1762859200,0000000100000008,1137880713276,5010,1246
1762859207,0000000100000001,1137956737038,440,1247
1762859210,0000004000000004,1137987282617,3794,1248
1762859212,0000000400000002,1138000021232,3014,1249
1762859223,0000000800000001,1138107672168,1741,1250
1762859238,0000004000000080,1138260583465,2922,1251
1762859244,0000008000000080,1138322324398,4424,1252
1762859245,0000000800000004,1138328078865,4077,1253
1762859270,0000004000000008,1138584217817,4251,1254
1762859283,0000004000000008,1138712763427,1700,1255
1762859286,0000008000000080,1138742092946,5131,1256
1762859289,0000000100000001,1138769149692,3502,1257
1762859295,0000008000000080,1138828450220,5131,1258
1762859299,0000008000000080,1138869415289,2655,1259
1762859299,0000000400000004,1138876228331,2251,1260
1762859300,0000000400000004,1138882461951,1880,1261
1762859305,0000000100000080,1138932649618,4067,1262
1762859312,0000000900000001,1139005552542,4872,1263
1762859317,0000008000000080,1139050784670,2139,1264
1762859324,0000004000000008,1139126285379,2785,1265
1762859326,0000008000000004,1139144327953,1709,1266
1762859328,0000004000000008,1139166629564,376,1267
1762859329,0000008000000008,1139172159972,5231,1268
1762859344,0000008000000008,1139320087278,1524,1269
1762859344,0000000400000001,1139321205803,1456,1270
1762859348,0000000800000004,1139358417381,4426,1271
1762859354,0000000100000004,1139420797291,665,1272
1762859370,0000000400000001,1139578919842,1537,1273
1762859386,0000000100000001,1139745697498,1891,1274
1762859387,0000004000000080,1139755299498,1314,1275
1762859401,0000000800000080,1139894372540,3333,1276
1762859405,0000000800000002,1139927684475,1331,1277
1762859411,0000000100000001,1139994024112,2528,1278
1762859455,0000000200000008,1140432530208,2127,1279
1762859464,0000004000000080,1140522591523,1905,1280
1762859467,0000000400000004,1140553649902,5231,1281
1762859489,0000008000000080,1140771170808,2526,1282
1762859494,0000004000000002,1140822493710,4653,1283
1762859497,0000000100000004,1140852394344,2832,1284
1762859504,0000008000000001,1140919187326,4029,1285
1762859507,0000008000000080,1140949058472,2218,1286
1762859507,0000000400000001,1140952552919,2010,1287
1762859519,0000000100000006,1141069512451,178,1288
1762859521,0000008000000001,1141090228560,4130,1289
1762859528,0000000400000008,1141166472925,4735,1290
1762859533,0000000100000008,1141211141593,2037,1291
1762859533,0000000100000001,1141215492343,1776,1292
1762859555,000000c000000080,1141428426356,4562,1293
1762859570,0000000100000080,1141583290090,435,1294
1762859575,0000000100000003,1141631210014,2729,1295
1762859576,0000000200000001,1141646783596,1801,1296
1762859634,0000000100000002,1142218318876,3785,1297
1762859640,0000000400000008,1142280556296,5231,1298
1762859648,0000004000000001,1142357605014,601,1299
1762859652,0000000400000002,1142398289991,3340,1300
1762859658,0000008000000008,1142464886855,4542,1301
1762859689,0000004000000004,1142776584857,1361,1302
1762859691,0000000100000002,1142792233712,427,1303
1762859708,0000000c00000002,1142962857318,551,1304
1762859716,0000000100000004,1143047162595,672,1305
1762859727,0000008000000080,1143154797264,4593,1306
1762859732,0000008000000008,1143205072931,1556,1307
1762859734,0000000800000008,1143221809057,557,1308
1762859761,0000000800000004,1143490799119,5146,1309
1762859767,0000008000000008,1143551452645,1495,1310
1762859767,0000000100000080,1143555139175,1272,1311
1762859770,0000004000000002,1143578135670,5087,1312
1762859774,0000000800000008,1143620004341,2558,1313
1762859777,0000000800000008,1143655938308,412,1314
1762859782,0000004000000080,1143700845697,2887,1315
1762859782,0000000400000008,1143703344539,2737,1316
1762859799,0000000400000080,1143873479653,2892,1317
1762859800,0000000100000001,1143884740629,2219,1318
1762859802,0000000400000002,1143907262077,871,1319
1762859805,0000000800000008,1143934878922,4415,1320
1762859808,0000000400000008,1143958058053,2999,1321
1762859825,0000008000000080,1144130386769,3020,1322
1762859838,0000000100000001,1144257866499,560,1323
1762859848,0000000100000004,1144358339068,4905,1324
1762859851,0000008000000080,1144396258575,2609,1325
1762859878,0000000400000008,1144659856661,2337,1326
1762859880,0000000100000008,1144678932966,1195,1327
1762859894,0000000100000004,1144822924464,2913,1328
1762859906,0000008000000080,1144939494448,1102,1329
1762859912,0000000100000002,1145004412407,2385,1330
1762859937,0000008000000080,1145255894460,2837,1331
1762859945,0000008000000002,1145329026619,3645,1332
1762859954,0000000100000004,1145419411194,3397,1333
1762859957,0000008000000080,1145454025976,1314,1334
1762859959,0000000100000001,1145475699473,5208,1335
1762859960,0000000100000001,1145477878829,5078,1336
1762859967,0000000100000001,1145554963551,445,1337
1762859967,0000008000000080,1145557061260,320,1338
1762859968,0000000400000001,1145566756988,4929,1339
1762859969,0000000100000001,1145573280363,4544,1340
1762859972,0000000400000002,1145605020128,2612,1341
1762859977,0000000100000001,1145647261653,5276,1342
1762859981,0000000100000001,1145690496189,2665,1343
1762859981,0000000100000004,1145692984097,2515,1344
1762859998,0000000100000004,1145862689845,2693,1345
1762860006,0000000400000080,1145937550391,3393,1346
1762860012,0000000400000002,1146004419568,4578,1347
1762860042,0000000800000001,1146304883342,2071,1348
1762860044,0000004000000001,1146317888745,1288,1349
1762860052,0000000400000002,1146403371760,1340,1350
1762860076,0000000400000001,1146647135249,2257,1351
1762860084,0000000100000008,1146717888394,3194,1352
1762860085,0000000600000002,1146729641789,2485,1353
1762860092,0000004000000002,1146800278570,3436,1354
1762860102,0000008000000080,1146897973879,2746,1355
1762860146,0000008000000008,1147337611664,2274,1356
1762860154,0000000400000001,1147423142527,2322,1357
1762860164,0000008000000080,1147522042366,1571,1358
1762860175,0000000400000008,1147631368875,198,1359
1762860185,0000000400000001,1147729534569,4684,1360
1762860195,0000000100000080,1147836168715,3452,1361
1762860225,0000004000000002,1148128662599,1438,1362
1762860244,0000004000000001,1148317901640,450,1363
1762860248,0000008000000080,1148364129578,2847,1364
1762860279,0000008000000080,1148675169230,4927,1365
1762860284,0000000800000002,1148723451421,2016,1366
1762860291,0000000100000001,1148796907652,2784,1367
1762860327,0000008000000008,1149148017464,2442,1368
1762860327,0000000100000001,1149153012952,2146,1369
1762860332,0000000100000001,1149200320348,4508,1370
1762860333,0000008000000080,1149215154858,3606,1371
1762860335,0000000100000001,1149236751220,2300,1372
1762860344,0000004000000004,1149323048127,2303,1373
1762860349,0000008000000002,1149374494169,4421,1374
1762860370,0000000400000004,1149578472263,2516,1375
1762860381,0000000100000001,1149695117762,706,1376
1762860385,0000000800000004,1149728521815,3895,1377
1762860392,0000004000000008,1149805276713,4476,1378
1762860411,0000000400000080,1149991149368,3675,1379
1762860431,0000000100000001,1150195258393,1781,1380
1762860434,0000008000000080,1150224811459,5200,1381
1762860438,0000000800000004,1150264964894,2771,1382
1762860441,0000000800000080,1150291587694,1178,1383
1762860456,0000000800000004,1150444005995,2393,1384
1762860460,0000000400000080,1150477521149,391,1385
1762860473,0000008000000080,1150611959524,2676,1386
1762860479,0000008000000080,1150669053929,4456,1387
1762860480,0000000100000080,1150684194441,3535,1388
1762860504,0000008000000080,1150923002284,4759,1389
1762860506,0000008000000004,1150939172891,3783,1390
1762860517,0000008000000080,1151056339364,1923,1391
1762860525,0000004000000008,1151131674887,2578,1392
1762860563,000000c000000080,1151512429845,465,1393
1762860584,0000000100000003,1151720509450,3523,1394
1762860592,0000000400000001,1151804400372,3674,1395
1762860611,0000000100000001,1151992312597,2745,1396
1762860636,0000004000000004,1152245354774,3108,1397
1762860636,0000000100000002,1152246646299,3029,1398
1762860659,0000000100000001,1152467211587,165,1399
1762860668,0000008000000080,1152559242908,5013,1400
1762860686,0000004000000080,1152742534883,4384,1401
1762860698,0000000800000001,1152866357556,2114,1402
1762860702,0000000800000080,1152900830773,5237,1403
1762860714,0000000800000004,1153023828261,3023,1404
1762860729,0000000400000004,1153174044144,4397,1405
1762860732,0000004000000004,1153203050021,2629,1406
1762860734,0000008000000002,1153227052312,1194,1407
1762860741,0000000400000002,1153292845386,2424,1408
1762860755,0000000100000001,1153431249077,4506,1409
1762860756,0000000100000004,1153444727617,3686,1410
1762860761,0000000800000004,1153492131786,834,1411
1762860769,0000008000000080,1153576370558,959,1412
1762860771,0000000800000002,1153596408415,4953,1413
1762860810,0000000800000004,1153980002732,2638,1414
1762860818,0000000800000004,1154065131781,2710,1415
1762860839,0000000100000001,1154273505710,583,1416
1762860842,0000000400000002,1154297150195,4359,1417
1762860845,0000004000000080,1154335498207,2038,1418
1762860848,0000000100000001,1154357594175,715,1419
1762860857,0000000100000001,1154453140878,164,1420
1762860859,0000000100000008,1154469992245,4350,1421
1762860864,0000000400000080,1154523934745,1091,1422
1762860866,0000000800000080,1154546857503,4913,1423
1762860869,0000000400000080,1154573688089,3290,1424
1762860876,0000000100000004,1154641137933,4444,1425
1762860898,0000008000000004,1154861417950,1567,1426
1762860919,0000008000000008,1155070444186,4588,1427
1762860924,0000000100000001,1155117709688,1732,1428
1762860948,0000000800000080,1155358953458,2794,1429
1762860951,0000008000000001,1155391473568,849,1430
1762860980,0000000100000001,1155684200026,4026,1431
1762860984,0000008000000080,1155717561082,2005,1432
1762861025,0000004000000004,1156131625624,3061,1433
1762861047,0000008000000080,1156351613039,231,1434
1762861052,0000000800000008,1156398802609,2570,1435
1762861068,0000000800000080,1156566448788,2872,1436
1762861076,0000000100000001,1156645353265,3327,1437
1762861084,0000000800000001,1156720157812,4036,1438
1762861104,0000000400000008,1156920178890,2373,1439
1762861105,0000008000000080,1156929122490,1842,1440
1762861110,0000000100000008,1156983699340,3758,1441
1762861122,0000004000000004,1157105850172,1599,1442
1762861134,000000c000000080,1157219012927,5182,1443
1762861142,0000000100000001,1157300857110,264,1444
1762861157,0000008000000001,1157451280926,1595,1445
1762861164,0000004000000080,1157523104361,2462,1446
1762861175,0000004000000080,1157629506609,1260,1447
1762861180,0000008000000001,1157678068749,3538,1448
1762861197,0000000100000008,1157849896422,3590,1449
1762861209,0000000100000008,1157973756794,1329,1450
1762861209,0000008000000004,1157974202774,1301,1451
1762861219,0000000400000008,1158072945371,565,1452
1762861220,0000000100000004,1158081046975,5265,1453
1762861258,0000000800000008,1158464395291,2974,1454
1762861267,0000000400000004,1158554278602,2757,1455
1762861276,0000000100000001,1158639513087,2826,1456
1762861288,0000000800000080,1158758386307,879,1457
1762861290,0000004000000004,1158781532241,4690,1458
1762861296,0000000100000001,1158841659686,1062,1459
1762861336,0000000400000004,1159244175738,2811,1460
1762861342,0000000100000001,1159298286657,4768,1461
1762861354,0000004000000004,1159420466657,2595,1462
1762861355,0000008000000008,1159432919195,1853,1463
1762861373,0000004000000006,1159608974355,1652,1464
1762861374,0000000100000003,1159623782856,763,1465
1762861378,0000004000000001,1159661800998,3673,1466
1762861381,0000000100000001,1159690513741,1941,1467
1762861392,0000000100000004,1159797322994,714,1468
1762861393,0000008000000004,1159811080356,5078,1469
1762861399,0000008000000080,1159876036427,1167,1470
1762861408,0000000200000001,1159957326660,1471,1471
1762861413,0000000100000001,1160015930174,3134,1472
1762861418,0000008000000080,1160061767231,391,1473
1762861424,0000004000000001,1160119730305,2089,1474
1762861440,0000000400000002,1160284563408,2556,1475
1762861445,0000008100000001,1160335882675,4682,1476
1762861450,0000008000000002,1160381971612,1898,1477
1762861454,0000000400000001,1160425017509,4516,1478
1762861473,0000000400000008,1160616871068,3347,1479
1762861476,0000000800000004,1160637616208,2100,1480
1762861502,0000004000000008,1160905392026,1576,1481
1762861503,0000000800000080,1160912634559,1140,1482
1762861511,0000008000000004,1160994544933,1406,1483
1762861513,0000000100000001,1161015917227,5316,1484
1762861552,0000004000000004,1161401354207,2898,1485
1762861562,0000000400000004,1161501155220,2094,1486
1762861566,0000004000000080,1161539180771,5007,1487
1762861574,0000000800000080,1161625018943,5038,1488
1762861575,0000000400000004,1161631512894,4653,1489
1762861579,0000004000000001,1161673093367,2139,1490
1762861589,0000000400000080,1161768839657,1576,1491
1762861591,0000000100000008,1161796264155,5122,1492
1762861607,0000000100000001,1161951396649,983,1493
1762861613,0000000400000080,1162007179446,2811,1494
1762861617,0000004000000008,1162052808852,5265,1495
1762861633,0000000100000001,1162215148456,704,1496
1762861639,0000000100000008,1162271028826,2523,1497
1762861652,0000000400000002,1162400841702,5114,1498
1762861655,0000000100000001,1162428461763,3450,1499
1762861656,0000000100000004,1162445472952,2419,1500
1762861665,0000008000000004,1162528043564,2645,1501
1762861671,0000008000000080,1162590788955,4084,1502
1762861673,0000000400000008,1162607894079,3036,1503
1762861700,0000004800000080,1162878448258,2346,1504
1762861707,0000000800000080,1162952601802,3076,1505
1762861713,0000000400000008,1163012231740,4702,1506
1762861723,0000008000000080,1163109844567,4024,1507
1762861738,0000000100000008,1163256945468,365,1508
1762861750,0000000800000001,1163380399524,3317,1509
1762861764,0000000100000080,1163519038199,183,1510
1762861773,0000000800000080,1163609617565,5116,1511
1762861776,0000000100000002,1163636922707,3471,1512
1762861796,0000008000000080,1163843105824,1454,1513
1762861796,0000008000000001,1163843193362,1449,1514
1762861798,0000000200000002,1163864242804,192,1515
1762861806,0000008000000080,1163941003788,766,1516
1762861811,0000000400000002,1163990215631,2988,1517
1762861851,0000000800000001,1164393350994,4725,1518
1762861852,0000008000000080,1164401301424,4249,1519
1762861854,0000000100000001,1164421873149,2992,1520
1762861867,0000000800000080,1164551115499,426,1521
1762861871,0000008000000080,1164589424205,3305,1522
1762861874,0000000800000002,1164622531649,1315,1523
1762861877,0000000800000004,1164649171361,4915,1524
1762861896,0000008000000004,1164842331125,3682,1525
1762861914,0000000800000080,1165026730537,2963,1526
1762861925,0000000400000080,1165128612128,2037,1527
1762861925,0000000100000001,1165134621232,1676,1528
1762861927,0000008000000002,1165152728315,593,1529
1762861937,0000004000000002,1165248443315,5219,1530
1762861947,0000004000000001,1165352669159,4154,1531
1762861953,0000000100000008,1165415509226,369,1532
1762861958,0000000400000008,1165462460209,2722,1533
1762862013,0000000100000008,1166010779299,912,1534
1762862030,0000000400000004,1166183748331,896,1535
1762862035,0000000100000008,1166235889600,2943,1536
1762862064,0000000100000080,1166522148210,1312,1537
1762862067,0000000400000002,1166547783536,4972,1538
1762862082,0000004000000002,1166699429877,1038,1539
1762862084,0000004000000080,1166718385895,5094,1540
1762862084,0000000200000008,1166724431267,4739,1541
1762862087,0000000700000001,1166749707680,3203,1542
1762862097,0000000100000004,1166854007223,2125,1543
1762862100,0000008000000080,1166881222404,497,1544
1762862140,0000000400000004,1167282082993,2341,1545
1762862153,0000008000000008,1167413465484,4840,1546
1762862155,0000008000000004,1167429764842,3859,1547
1762862156,0000000800000002,1167443317085,3028,1548
1762862175,0000000800000002,1167631258107,2119,1549
1762862183,0000004000000080,1167708906928,2633,1550
1762862202,0000000100000004,1167904579612,1257,1551
1762862219,0000004000000002,1168076437806,1307,1552
1762862227,0000004000000080,1168151993589,1957,1553
1762862234,0000008000000080,1168223658092,2832,1554
1762862245,0000004000000002,1168334068156,1392,1555
1762862247,0000008000000080,1168349297320,486,1556
1762862254,0000004000000001,1168416825682,1609,1557
1762862254,0000000400000008,1168420417454,1392,1558
1762862261,0000000800000004,1168490490902,2367,1559
1762862263,0000000100000080,1168514332997,939,1560
1762862300,0000000800000001,1168884395398,4658,1561
1762862302,0000000100000001,1168899892868,3721,1562
1762862323,0000000400000080,1169115154380,1153,1563
1762862327,0000000800000001,1169149512151,4294,1564
1762862339,0000000100000004,1169276548023,1834,1565
1762862349,0000000800000008,1169374413567,1139,1566
1762862358,0000008000000080,1169462401092,1043,1567
1762862364,0000004000000080,1169519772600,2776,1568
1762862371,0000000800000080,1169590519567,3728,1569
1762862378,0000000500000001,1169664573740,4475,1570
1762862380,0000004000000001,1169678323700,3640,1571
1762862382,0000000800000002,1169696705583,2522,1572
1762862447,0000000400000004,1170356180830,4424,1573
1762862462,0000000400000008,1170500485860,925,1574
1762862473,0000000800000004,1170606696245,4930,1575
1762862480,0000000100000008,1170685424759,196,1576
1762862491,0000008000000080,1170790114321,4292,1577
1762862512,0000008000000080,1170996657289,2238,1578
1762862520,0000000400000002,1171084867496,2126,1579
1762862520,0000000100000008,1171085587490,2085,1580
1762862530,0000008000000002,1171181414470,1515,1581
1762862532,0000000400000002,1171204801115,5303,1582
1762862554,0000008000000002,1171419288201,2781,1583
1762862554,0000008000000080,1171421270168,2661,1584
1762862597,0000000100000001,1171852099961,2713,1585
1762862603,0000000800000001,1171907607571,4590,1586
1762862623,0000000100000001,1172115608318,2447,1587
1762862628,0000008000000080,1172160920797,4929,1588
1762862645,0000000400000008,1172332693081,4981,1589
1762862666,000000c000000080,1172542428338,2740,1590
1762862673,0000008000000001,1172609811986,3898,1591
1762862690,0000004000000002,1172777347062,4214,1592
1762862697,0000008000000080,1172855298729,4716,1593
1762862702,0000000100000001,1172903278878,1818,1594
1762862712,0000000400000080,1173001837327,1083,1595
1762862725,0000008000000001,1173133102094,3579,1596
1762862726,0000000200000008,1173145259994,2836,1597
1762862727,0000000400000008,1173148612675,2633,1598
1762862740,0000008000000008,1173282042757,5009,1599
1762862740,0000000800000002,1173285036903,4832,1600
1762862741,0000008000000008,1173288856538,4605,1601
1762862751,0000008000000080,1173388881604,3777,1602
1762862753,0000000100000001,1173409196524,2542,1603
1762862776,0000000100000001,1173641282888,4183,1604
1762862788,0000008000000080,1173756908825,2401,1605
1762862788,0000008000000080,1173762481106,2071,1606
1762862792,0000000100000004,1173802728125,4855,1607
1762862805,0000000100000003,1173932915577,2205,1608
1762862806,0000000800000001,1173938079529,1897,1609
1762862808,0000008000000080,1173965644902,249,1610
1762862810,0000008000000002,1173983253885,4388,1611
1762862832,0000000100000001,1174200396488,1700,1612
1762862837,0000000100000001,1174249996400,3921,1613
1762862843,0000000400000008,1174311057386,246,1614
1762862849,0000000400000001,1174373039025,1704,1615
1762862854,0000000100000001,1174420102283,4079,1616
1762862875,0000000100000002,1174628026264,1947,1617
1762862903,0000000400000001,1174912785152,408,1618
1762862905,0000000800000002,1174929408890,4605,1619
1762862906,0000000800000001,1174937286799,4132,1620
1762862913,0000000400000004,1175007299538,5104,1621
1762862913,0000000400000008,1175011921146,4833,1622
1762862922,0000000400000008,1175101337424,4651,1623
1762862942,0000000100000080,1175300024183,3069,1624
1762862945,0000000100000001,1175330297240,1253,1625
1762862970,0000000800000008,1175584805653,1526,1626
1762862979,0000000100000002,1175670333470,1576,1627
1762862982,0000000400000001,1175704470824,4727,1628
1762862985,0000000800000004,1175734460893,2904,1629
1762863019,0000000800000080,1176072509898,3352,1630
1762863033,0000000400000008,1176216224639,5100,1631
1762863041,0000000200000080,1176294992225,367,1632
1762863042,0000008000000080,1176299306958,5293,1633
1762863053,0000000100000080,1176412310450,3694,1634
1762863075,0000000400000080,1176636101309,621,1635
1762863080,0000000900000001,1176676823980,3357,1636
1762863082,0000000100000002,1176696610621,2167,1637
1762863086,0000004000000008,1176742269570,4630,1638
1762863103,0000008000000080,1176912095214,4798,1639
1762863121,0000004000000008,1177095043645,4183,1640
1762863127,0000000400000080,1177152167808,740,1641
1762863132,0000004000000080,1177203217452,2850,1642
1762863141,0000000100000001,1177296121206,2457,1643
1762863150,0000000100000004,1177378280845,2706,1644
1762863153,0000000800000008,1177415870195,462,1645
1762863188,000000050000000e,1177762089665,412,1646
1762863191,0000004000000008,1177786532459,4141,1647
1762863194,0000008000000080,1177825137364,1805,1648
1762863199,0000004000000080,1177870043225,4312,1649
1762863205,0000000100000002,1177932685216,538,1650
1762863243,0000004000000008,1178311004419,3747,1651
1762863249,0000000100000008,1178366681513,401,1652
1762863260,0000008000000008,1178476501601,4186,1653
1762863261,0000000100000008,1178493261367,3161,1654
1762863284,0000008000000080,1178721038005,5049,1655
1762863294,0000008000000004,1178818359073,4399,1656
1762863312,0000004000000001,1179003052259,3668,1657
1762863334,0000008000000080,1179220568669,968,1658
1762863341,0000008000000001,1179288531436,2071,1659
1762863351,0000000100000080,1179387739730,1298,1660
1762863356,0000000100000001,1179444570048,3067,1661
1762863370,0000008000000080,1179581738916,5213,1662
1762863376,0000004000000002,1179638919644,1771,1663
1762863388,0000004000000008,1179764471316,4618,1664
1762863404,0000000100000008,1179917966403,575,1665
1762863412,0000000800000080,1179997392548,984,1666
1762863429,0000008000000008,1180169483067,1021,1667
1762863439,0000000400000001,1180275242298,5050,1668
1762863465,0000000100000001,1180531264047,5228,1669
1762863474,0000008000000004,1180625192821,4779,1670
1762863508,0000000100000001,1180959672464,242,1671
1762863531,0000008000000002,1181188543373,2046,1672
1762863543,0000004000000004,1181316147837,4767,1673
1762863556,0000000100000001,1181444398430,2236,1674
1762863559,0000004000000080,1181473632038,488,1675
1762863560,0000000100000001,1181482455138,5144,1676
1762863573,0000000800000082,1181613316908,2457,1677
1762863583,0000000200000004,1181710088113,1838,1678
1762863587,0000000800000008,1181755343002,4323,1679
1762863602,0000004000000002,1181903563755,596,1680
1762863607,0000000100000002,1181954445226,2712,1681
1762863611,0000000800000001,1181996248577,216,1682
1762863617,0000000100000001,1182047959010,2287,1683
1762863640,0000004000000004,1182285371931,3596,1684
1762863642,0000000400000008,1182298174992,2812,1685
1762863655,0000000400000004,1182434455102,5016,1686
1762863671,0000000100000001,1182587839874,979,1687
1762863677,0000000400000001,1182652092907,2303,1688
1762863691,0000000100000001,1182786791462,4606,1689
1762863708,0000000800000008,1182963710147,4352,1690
1762863718,0000000100000080,1183062863338,3571,1691
1762863721,0000000800000008,1183090693787,1894,1692
1762863732,0000000100000004,1183199980990,521,1693
1762863753,0000008000000080,1183415398717,3132,1694
1762863764,0000008000000080,1183525799452,1690,1695
1762863780,0000000800000002,1183680909768,2738,1696
1762863790,0000004000000008,1183778593026,2065,1697
1762863793,0000000400000004,1183813526841,5161,1698
1762863800,0000000500000001,1183877694901,1297,1699
1762863802,0000000100000080,1183906137217,4791,1700
1762863806,000000c000000080,1183945906827,2382,1701
1762863811,0000000100000008,1183989034021,4993,1702
1762863811,0000000800000004,1183989324102,4977,1703
1762863820,0000008800000004,1184084399407,4460,1704
1762863832,0000008000000080,1184202767524,2511,1705
1762863833,0000000100000002,1184216163345,1714,1706
1762863835,0000008000000080,1184231450958,798,1707
1762863836,0000000100000002,1184242827525,5304,1708
1762863838,0000008000000080,1184260809852,4234,1709
1762863863,0000000100000004,1184506965375,5000,1710
1762863865,0000000100000001,1184534182735,3357,1711
1762863870,0000004000000001,1184577561011,754,1712
1762863878,0000000800000008,1184658810297,1057,1713
1762863885,0000000200000001,1184731660103,1868,1714
1762863889,0000004000000002,1184768158866,4874,1715
1762863901,0000000800000008,1184891458470,2637,1716
1762863903,0000000100000008,1184912937662,1352,1717
1762863931,0000000100000001,1185188307655,378,1718
1762863939,0000008000000008,1185269296316,697,1719
1762863940,0000000400000002,1185277336444,216,1720
1762863946,0000008000000002,1185344863606,1339,1721
1762863947,0000008000000080,1185349935287,1035,1722
1762863966,0000008000000080,1185543232351,4993,1723
1762863998,0000008000000080,1185863459555,1306,1724
1762864004,0000000100000008,1185925660277,2752,1725
1762864008,0000000400000006,1185959531263,721,1726
1762864043,0000000800000001,1186315214497,5298,1727
1762864047,0000008000000080,1186351165980,3129,1728
1762864087,0000000400000004,1186751531076,5025,1729
1762864088,0000000800000001,1186761822807,4416,1730
1762864097,0000000100000001,1186852440060,4158,1731
1762864100,0000000800000008,1186876439970,2692,1732
1762864101,0000008000000004,1186895587532,1548,1733
1762864114,0000000800000002,1187018394982,4563,1734
1762864115,0000000800000002,1187029961570,3864,1735
1762864116,0000000100000002,1187037191728,3419,1736
1762864125,0000000400000008,1187130158699,3016,1737
1762864127,0000000800000001,1187156193581,1453,1738
1762864138,0000000400000002,1187265659625,5259,1739
1762864165,0000000800000004,1187526936616,5126,1740
1762864165,0000000100000001,1187532338244,4806,1741
1762864171,0000008000000001,1187592037652,1206,1742
1762864183,0000000500000001,1187709009947,4570,1743
1762864183,0000000400000002,1187715627949,4174,1744
1762864190,0000000100000005,1187777629589,439,1745
1762864190,0000004000000080,1187778711963,374,1746
1762864190,0000000100000002,1187781683581,196,1747
1762864202,0000000400000080,1187898682831,3540,1748
1762864220,0000000400000002,1188080426806,2985,1749
1762864239,0000000500000001,1188267855531,2104,1750
1762864243,0000004000000080,1188309531608,4801,1751
1762864248,0000004000000004,1188361796278,1648,1752
1762864251,0000000100000001,1188386885078,162,1753
1762864257,0000004000000008,1188449226396,1584,1754
1762864264,0000000100000001,1188517839682,2642,1755
1762864278,0000000400000001,1188663361963,4297,1756
1762864282,0000004000000080,1188699039702,2137,1757
1762864290,0000004000000080,1188776924615,2638,1758
1762864302,0000008000000080,1188900077386,440,1759
1762864308,0000000100000001,1188959619939,2045,1760
1762864346,0000000100000080,1189342651607,4979,1761
1762864369,0000000400000001,1189567895430,1813,1762
1762864377,0000008000000080,1189651015026,2006,1763
1762864397,000000c000000080,1189853424094,229,1764
1762864401,0000004000000080,1189889091969,3265,1765
1762864410,0000000100000004,1189977872438,3116,1766
1762864413,0000000400000008,1190011441346,1102,1767
1762864413,0000008000000002,1190014136538,940,1768
1762864415,0000004000000080,1190031028362,5121,1769
1762864419,0000004000000080,1190073879701,2532,1770
1762864433,0000000800000008,1190211767309,4645,1771
1762864457,0000000800000002,1190446773201,881,1772
1762864497,0000008000000080,1190851707235,2489,1773
1762864500,0000000100000002,1190879904074,804,1774
1762864508,0000004000000008,1190957764006,1309,1775
1762864518,0000000100000004,1191056188124,591,1776
1762864527,0000000100000002,1191151145703,5261,1777
1762864527,0000004000000080,1191154141446,5083,1778
1762864536,0000004000000080,1191244277616,4859,1779
1762864536,0000000100000002,1191245006234,4816,1780
1762864540,000000c000000080,1191282376998,2551,1781
1762864562,0000008000000008,1191501670300,4957,1782
1762864563,0000004000000004,1191512495819,4313,1783
1762864564,0000000500000001,1191519182163,3909,1784
1762864579,0000008000000004,1191675957005,4862,1785
1762864607,0000000800000008,1191946443510,4178,1786
1762864621,0000004000000080,1192092966790,553,1787
1762864648,0000004000000080,1192356961538,255,1788
1762864652,0000008000000080,1192403892123,2609,1789
1762864658,0000000400000001,1192456812128,4640,1790
1762864675,0000004000000008,1192629817135,4621,1791
1762864690,0000000100000001,1192779096280,826,1792
1762864698,0000008000000001,1192860657113,1111,1793
1762864703,0000000400000001,1192906835220,3529,1794
1762864704,0000000100000003,1192924979328,2430,1795
1762864731,0000000100000003,1193187779445,2206,1796
1762864745,0000000100000001,1193326854041,4245,1797
1762864753,0000000800000001,1193409674719,4457,1798
1762864760,0000000400000080,1193478628237,305,1799
1762864768,0000000100000003,1193565647754,263,1800
1762864775,0000004000000004,1193635329337,1249,1801
1762864781,0000000800000080,1193691178316,3086,1802
1762864804,0000000400000008,1193921707239,4817,1803
1762864808,0000000100000001,1193963760758,2272,1804
1762864809,0000000400000001,1193967125014,2072,1805
1762864823,0000008000000005,1194113306718,3675,1806
1762864851,0000000100000001,1194388184815,2708,1807
1762864868,0000000400000080,1194559312282,2801,1808
1762864908,0000000400000008,1194960891060,4635,1809
1762864914,0000008000000002,1195016759121,1262,1810
1762864922,0000008000000008,1195104794401,1161,1811
1762864927,0000000400000080,1195146077095,3880,1812
1762864929,0000008000000080,1195172885086,2256,1813
1762864938,0000000400000004,1195264642674,1934,1814
1762864942,0000000800000002,1195298215101,5112,1815
1762864965,0000008000000008,1195532921781,1376,1816
1762864984,0000000100000008,1195718389829,615,1817
1762864994,0000008000000008,1195824721732,4612,1818
1762865008,0000000100000001,1195958365945,1754,1819
1762865015,0000000800000008,1196034682308,2353,1820
1762865033,0000004000000002,1196207494143,2345,1821
1762865042,0000000800000004,1196301270222,1903,1822
1762865050,0000000400000004,1196381090423,2292,1823
1762865054,0000004000000001,1196422238916,5018,1824
1762865055,0000008800000002,1196430839550,4509,1825
1762865076,0000000800000001,1196640325269,2280,1826
1762865086,000000080000000c,1196737187339,1651,1827
1762865092,000000c000000080,1196797336081,3223,1828
1762865105,0000008000000080,1196931180349,379,1829
1762865121,0000000800000002,1197087248467,1368,1830
1762865125,0000000400000002,1197129093704,4059,1831
1762865136,0000000100000002,1197237846809,2690,1832
1762865141,0000000400000004,1197295116774,4461,1833
1762865144,0000000400000002,1197322868001,2769,1834
1762865146,0000008000000002,1197344469429,1478,1835
1762865156,0000000800000004,1197440392108,905,1836
1762865162,0000000100000001,1197496509366,2713,1837
1762865199,0000000800000080,1197873524950,821,1838
1762865205,0000000400000001,1197935543431,2277,1839
1762865208,0000008000000001,1197957274155,975,1840
1762865211,0000000400000002,1197995081064,3903,1841
1762865215,0000004000000008,1198027836165,1924,1842
1762865227,0000000400000001,1198154052159,4730,1843
1762865245,0000004000000008,1198334100202,4290,1844
1762865247,0000004000000080,1198349447442,3352,1845
1762865252,0000000800000002,1198400999609,260,1846
1762865253,0000000400000008,1198406890817,5094,1847
1762865254,0000000100000002,1198422602978,4160,1848
1762865254,0000000400000002,1198423822373,4085,1849
1762865256,000000c000000080,1198438804161,3166,1850
1762865258,0000004000000008,1198459038821,1957,1851
1762865261,0000000100000001,1198491536186,5196,1852
1762865266,0000004000000008,1198544728870,1995,1853
1762865269,0000000100000001,1198567521986,630,1854
1762865297,0000004000000080,1198853722615,4195,1855
1762865300,0000000100000001,1198878939355,2657,1856
1762865306,0000008000000002,1198941876366,4087,1857
1762865309,0000000100000004,1198970976202,2320,1858
1762865322,0000000400000002,1199105033383,4659,1859
1762865330,0000000800000002,1199179980219,5332,1860
1762865332,0000000100000001,1199196281716,4365,1861
1762865341,0000004000000001,1199293406447,3709,1862
1762865352,0000000400000004,1199396797499,2669,1863
1762865352,000000c000000080,1199404765669,2196,1864
1762865358,0000008000000080,1199459158323,4132,1865
1762865361,0000008000000080,1199490684044,2221,1866
1762865364,0000000100000001,1199520882344,417,1867
1762865369,0000000100000001,1199573302152,2442,1868
1762865375,0000008000000080,1199629771265,4259,1869
1762865381,0000000400000080,1199688075260,744,1870
1762865385,0000000100000004,1199731373957,3326,1871
1762865397,0000000400000002,1199849501189,1415,1872
1762865432,0000000100000004,1200197984234,1227,1873
1762865449,0000008000000080,1200374491456,1001,1874
1762865455,0000000400000008,1200427996127,2968,1875
1762865456,0000000100000002,1200439945187,2252,1876
1762865468,0000000100000008,1200560174185,227,1877
1762865483,0000008100000080,1200706371111,1813,1878
1762865498,0000008000000080,1200863576314,2734,1879
1762865500,0000008000000080,1200879574651,1781,1880
1762865502,0000000100000004,1200904025488,319,1881
1762865503,0000000400000002,1200908998075,5208,1882
1762865508,0000000100000001,1200961396792,2052,1883
1762865510,0000000100000002,1200982160001,807,1884
1762865511,0000000100000080,1200987324025,501,1885
1762865545,0000008000000001,1201326628038,862,1886
1762865554,0000008000000001,1201416906697,629,1887
1762865569,0000000100000001,1201575866844,1448,1888
1762865590,0000008000000004,1201780922425,4707,1889
1762865604,0000008000000008,1201924656219,1243,1890
1762865607,0000000100000002,1201954898560,4631,1891
1762865616,0000000100000002,1202038281939,4806,1892
1762865635,0000000100000008,1202234597966,3374,1893
1762865638,0000008000000080,1202256204185,2075,1894
1762865642,0000008000000080,1202303675779,4428,1895
1762865645,0000008000000080,1202333848784,2590,1896
1762865647,0000000800000001,1202348122531,1741,1897
1762865649,0000000c00000001,1202374662904,162,1898
1762865649,0000000400000001,1202374866319,5326,1899
1762865685,0000000400000004,1202732445253,4607,1900
1762865709,000000c800000004,1202975500100,367,1901
1762865726,0000000400000002,1203142817807,688,1902
1762865731,0000000800000080,1203195715806,2685,1903
1762865744,0000004000000008,1203324459562,162,1904
1762865745,0000000100000002,1203330687773,4968,1905
1762865757,0000008000000080,1203453601105,2753,1906
1762865758,0000000400000001,1203457080419,2546,1907
1762865767,0000008000000008,1203548974725,2217,1908
1762865791,0000000400000008,1203787794536,3436,1909
1762865801,0000000100000001,1203888379794,2571,1910
1762865813,0000000100000002,1204013598923,249,1911
1762865815,0000000400000004,1204030028966,4461,1912
1762865818,0000000100000001,1204059235022,2681,1913
1762865819,0000004000000002,1204067285856,2201,1914
1762865822,0000000400000008,1204101653679,5332,1915
1762865833,0000000800000004,1204208167168,4133,1916
1762865840,0000000100000002,1204281885956,4886,1917
1762865843,0000008000000080,1204306878821,3373,1918
1762865849,0000000100000001,1204367800148,4911,1919
1762865884,0000000800000002,1204725222912,4193,1920
1762865886,0000000100000080,1204743499756,3074,1921
1762865915,0000000100000001,1205033661435,1206,1922
1762865918,000000080000000a,1205064890259,4537,1923
1762865920,0000000100000008,1205082993980,3435,1924
1762865931,0000000800000008,1205195388738,1867,1925
1762865933,0000004000000008,1205208280126,1091,1926
1762865935,0000004000000080,1205230136697,4975,1927
1762865943,0000000800000004,1205312421445,5217,1928
1762865967,0000000100000003,1205553780306,1083,1929
1762865981,0000008000000080,1205694329741,3011,1930
1762865982,0000004000000080,1205700690167,2627,1931
1762865986,0000000400000008,1205738962291,341,1932
1762865994,0000000800000080,1205822268113,522,1933
1762865995,0000000100000001,1205830326264,5226,1934
1762865996,0000000800000004,1205843321307,4456,1935
1762866005,0000000800000008,1205933916839,4202,1936
1762866033,0000000100000004,1206213468172,2946,1937
1762866038,0000008000000080,1206258707380,241,1938
1762866043,0000000100000001,1206306757260,2528,1939
1762866056,0000008000000002,1206439024705,4973,1940
1762866067,0000000400000080,1206546658336,3692,1941
1762866074,0000008000000080,1206619864999,4492,1942
1762866077,0000000400000004,1206647697038,2793,1943
1762866092,0000000800000002,1206801046355,3978,1944
1762866094,0000008000000080,1206820633488,2779,1945
1762866127,0000008000000001,1207145911469,4008,1946
1762866132,0000008000000002,1207195824868,995,1947
1762866132,0000000400000004,1207205457532,422,1948
1762866145,0000008000000080,1207327745604,3447,1949
1762866164,0000000400000004,1207524031623,2025,1950
1762866195,0000000100000080,1207834459896,4142,1951
1762866208,0000008000000008,1207958213223,1880,1952
1762866219,0000000100000080,1208068743929,432,1953
1762866234,0000000400000008,1208223263671,1516,1954
1762866258,0000000100000001,1208457966390,2974,1955
1762866262,0000000400000008,1208500923682,405,1956
1762866265,0000000800000001,1208527233407,4019,1957
1762866266,0000000400000008,1208542534624,3081,1958
1762866272,0000000100000001,1208600958296,4777,1959
1762866313,0000000900000004,1209007574383,1083,1960
1762866318,0000000400000008,1209057701459,3259,1961
1762866324,0000008000000001,1209117778640,4851,1962
1762866331,0000000200000004,1209192133110,378,1963
1762866400,0000004000000080,1209877738450,686,1964
1762866421,0000008000000002,1210090191806,3483,1965
1762866433,0000008000000001,1210213223033,1273,1966
1762866440,0000000100000001,1210283850680,2218,1967
1762866445,0000000400000008,1210333089530,4465,1968
1762866448,0000000100000001,1210365228125,2512,1969
1762866451,0000000100000004,1210390298529,1011,1970
1762866454,0000008000000001,1210424584542,4155,1971
1762866455,0000000800000001,1210434539217,3546,1972
1762866458,0000004000000080,1210461499050,1923,1973
1762866472,0000004000000084,1210602257803,3852,1974
1762866500,0000004000000008,1210883050371,2527,1975
1762866515,0000000800000004,1211027654392,4237,1976
1762866519,0000008000000080,1211066609901,1881,1977
1762866540,0000004000000004,1211279715970,4656,1978
1762866543,0000000c00000002,1211312954133,2637,1979
1762866550,0000000800000004,1211375784302,4070,1980
1762866551,0000000100000004,1211388022991,3320,1981
1762866570,0000000800000001,1211579129808,2210,1982
1762866581,0000000800000008,1211690162991,734,1983
1762866584,0000004000000008,1211719176793,4190,1984
1762866605,0000008000000004,1211927655235,2024,1985
1762866608,0000008000000080,1211957370377,245,1986
1762866616,0000000400000001,1212044538515,197,1987
1762866625,0000000100000001,1212134263677,5180,1988
1762866633,0000000100000001,1212208170322,736,1989
1762866651,0000000800000008,1212385917164,436,1990
1762866658,0000008000000008,1212458573555,1250,1991
1762866660,0000000800000002,1212481949236,5044,1992
1762866699,000000c000000080,1212866147269,2696,1993
1762866716,0000000400000008,1213042762669,2462,1994
1762866716,0000000400000001,1213044302296,2370,1995
1762866728,0000000100000001,1213161907714,502,1996
1762866757,0000008000000002,1213453274914,3750,1997
1762866759,0000000800000004,1213474025608,2489,1998
1762866774,0000000100000080,1213624822971,3821,1999
1762866777,0000000100000001,1213646665325,2493,2000
1762866794,0000000100000001,1213819884377,2461,2001
1762866801,0000000800000080,1213887965200,3569,2002
1762866801,0000000400000004,1213888508231,3535,2003
1762866804,0000000800000001,1213915848731,1889,2004
1762866804,0000008000000002,1213924548417,1363,2005
1762866825,0000000400000004,1214126681729,4797,2006
1762866827,0000000100000002,1214145865396,3637,2007
1762866829,0000000800000008,1214166961580,2360,2008
1762866836,0000008000000080,1214243316024,2958,2009
1762866861,0000000100000001,1214490167877,3704,2010
1762866887,0000004000000008,1214746953812,3842,2011
1762866889,0000000800000008,1214769574532,2466,2012
1762866889,0000000800000002,1214774360084,2182,2013
1762866907,0000000100000004,1214954422723,1742,2014
1762866913,0000000100000008,1215008951511,3660,2015
1762866921,0000008000000001,1215092798403,3813,2016
1762866922,0000000800000004,1215105122677,3057,2017
1762866930,0000000400000004,1215181289529,3681,2018
1762866934,0000000100000001,1215215607996,1611,2019
1762866936,0000000200000001,1215239545750,182,2020
1762866948,0000000100000005,1215365106961,3001,2021
1762866954,0000004000000004,1215416662780,5104,2022
1762866998,0000008000000080,1215856575867,4620,2023
1762867007,0000000400000008,1215948773436,4269,2024
1762867008,0000004000000008,1215957944490,3710,2025
1762867019,0000004000000008,1216073566246,1942,2026
1762867034,0000000100000001,1216220526216,3492,2027
1762867062,0000008000000080,1216501020931,2198,2028
1762867069,000000c000000080,1216573858438,3004,2029
1762867082,0000000100000004,1216699280396,668,2030
1762867104,0000004000000080,1216925248604,2642,2031
1762867105,0000000200000001,1216926904334,2544,2032
1762867115,0000000800000001,1217028913533,1608,2033
1762867133,0000008000000008,1217206086228,1337,2034
1762867134,0000004000000004,1217223415290,307,2035
1762867135,0000000800000002,1217226407710,5311,2036
1762867135,0000000400000002,1217229705085,5115,2037
1762867144,0000000400000004,1217316845816,5068,2038
1762867147,0000008000000080,1217351886216,2950,2039
1762867159,0000000800000080,1217473803544,821,2040
1762867165,0000000800000004,1217531860674,2510,2041
1762867178,0000000100000001,1217662218808,5068,2042
1762867187,0000008000000080,1217755318462,4669,2043
1762867188,0000004000000004,1217755503922,4659,2044
1762867189,0000000800000001,1217766414058,4002,2045
1762867193,0000004000000002,1217809482547,1398,2046
1762867205,0000000800000001,1217928704554,4629,2047
1762867214,0000000800000004,1218018290489,4435,0
1762867215,0000000800000008,1218031731929,3617,1
1762867246,0000000800000008,1218338252850,759,2
1762867258,0000004000000001,1218458562504,3917,3
1762867265,0000000100000001,1218535188365,4504,4
1762867266,0000000800000008,1218541802094,4106,5
1762867272,0000008c00000080,1218601444481,514,6
1762867297,0000000100000001,1218853984496,898,7
1762867309,0000004000000001,1218972064635,4194,8
1762867313,0000000800000004,1219009028530,1958,9
1762867316,0000000100000002,1219040642924,5251,10
1762867326,0000000400000004,1219135701021,4736,11
1762867333,0000000100000004,1219206630171,467,12
1762867371,0000000100000005,1219591449208,3278,13
1762867374,0000000800000008,1219615892545,1811,14
1762867382,0000000100000008,1219697055058,2120,15
1762867391,0000004000000001,1219786819091,1918,16
1762867394,0000008000000080,1219821339110,5038,17
1762867399,0000000800000002,1219869788918,2118,18
1762867404,0000008000000080,1219920202564,4294,19
1762867408,0000000800000004,1219959158040,1938,20
1762867408,0000004000000004,1219963635673,1668,21
1762867416,0000000400000004,1220035735473,2518,22
1762867421,0000000100000001,1220093299607,4270,23
1762867425,0000004000000004,1220129727536,2064,24
1762867454,0000008000000080,1220424353167,5121,25
1762867471,0000000200000002,1220587180861,525,26
1762867483,0000000400000080,1220712047401,3393,27
1762867498,0000008000000080,1220859106326,4943,28
1762867504,0000000800000001,1220915953403,1515,29
1762867507,0000000100000004,1220949163528,4724,30
1762867510,0000008000000004,1220983871562,2617,31
1762867517,0000008000000004,1221051095826,3782,32
1762867527,0000008000000008,1221151903108,2898,33
1762867533,0000004000000002,1221213024991,4437,34
1762867542,0000000800000008,1221296683842,4597,35
1762867549,0000000300000001,1221372663417,5210,36
1762867568,0000008000000008,1221563612692,4123,37
1762867571,0000008000000008,1221587482202,2665,38
1762867588,0000008000000080,1221761429137,2590,39
1762867593,0000000400000002,1221807658502,5015,40
1762867605,0000000100000001,1221927090918,3014,41
1762867622,0000000400000004,1222098778060,3075,42
1762867644,0000000800000080,1222322496402,5206,43
1762867649,0000008000000080,1222371632138,2246,44
1762867653,0000008000000002,1222415319008,4823,45
1762867655,0000000100000001,1222429851191,3951,46
1762867690,0000000400000080,1222781557764,3564,47
1762867724,0000008000000080,1223117914829,4116,48
1762867727,0000008000000004,1223154994860,1873,49
1762867732,0000000400000002,1223203596125,4156,50
1762867735,0000000400000001,1223230837267,2498,51
1762867739,0000000100000002,1223267725508,294,52
1762867751,0000000100000008,1223386284430,7090,53
1762867759,0000000400000010,1223474155392,3451,54
1762867762,0000000800000001,1223499950002,1898,55
1762867765,0000000400000009,1223533769178,5062,56
1762867773,0000000100000001,1223614718919,197,57
1762867775,0000000400000080,1223626264683,4699,58
1762867788,0000000800000008,1223759729859,1853,59
1762867788,0000000800000004,1223762633328,1679,60
1762867796,0000000100000001,1223836220350,2439,61
1762867805,0000000400000004,1223932951153,1822,62
1762867823,0000008000000001,1224113973213,1319,63
1762867824,0000004000000002,1224116095307,1191,64
1762867856,0000000100000004,1224445191841,2168,65
1762867870,0000008000000004,1224577821968,4594,66
1762867871,0000000100000080,1224589502086,3890,67
1762867888,0000000400000004,1224764212569,3765,68
1762867978,0000000100000008,1225662026544,1691,69
1762867987,0000000800000004,1225753549811,1377,70
1762868002,0000000100000001,1225902046973,2826,71
1762868004,0000008000000080,1225918283406,1857,72
1762868017,0000004000000004,1226054404008,4069,73
1762868019,0000000400000001,1226068915430,3179,74
1762868020,0000008000000080,1226081033651,2448,75
1762868035,0000004000000002,1226228100903,4008,76
1762868042,0000000400000001,1226301601911,4778,77
1762868044,0000000100000008,1226319859950,3677,78
1762868047,0000000800000004,1226350488207,1828,79
1762868066,0000008000000080,1226543143415,634,80
1762868073,0000008000000006,1226610076585,1795,81
1762868075,0000000400000001,1226628907173,667,82
1762868076,0000000400000001,1226641372314,5108,83
1762868085,0000000800000002,1226731074952,4911,84
1762868090,0000000800000001,1226784506483,1690,85
1762868097,0000000400000080,1226852173128,2805,86
1762868099,0000000400000004,1226871443143,1654,87
1762868103,0000000400000004,1226909473561,4574,88
1762868110,0000000200000001,1226981997880,207,89
1762868116,0000000400000080,1227035395185,2177,90
1762868150,0000000800000080,1227377930532,2346,91
1762868166,0000008000000080,1227538343663,3083,92
1762868166,0000000100000001,1227539448531,3016,93
1762868178,0000000100000001,1227655635223,1226,94
1762868201,0000008000000080,1227889283936,2745,95
1762868223,0000000400000001,1228106803987,5254,96
1762868227,0000000400000008,1228151575654,2552,97
1762868245,0000004000000002,1228331278330,2134,98
1762868279,0000000100000003,1228674011996,2292,99
1762868281,0000004000000001,1228693648943,1115,100
1762868322,0000000800000002,1229101807144,2524,101
1762868335,0000000100000001,1229234137180,4967,102
1762868336,0000000400000004,1229242602617,4465,103
1762868346,0000000100000001,1229344789289,3500,104
1762868379,0000008000000008,1229671091588,4658,105
1762868406,0000008000000008,1229936142445,4298,106
1762868408,0000008000000080,1229958012182,2960,107
1762868417,0000000800000004,1230054948096,2325,108
1762868451,0000008000000080,1230392988087,2763,109
1762868463,0000000100000004,1230513026404,750,110
1762868485,0000000100000008,1230734801269,2980,111
1762868517,0000008000000080,1231052633572,4656,112
1762868537,0000000100000008,1231254825792,2861,113
1762868540,0000004000000001,1231276353364,1573,114
1762868540,0000008000000001,1231278314490,1456,115
1762868545,0000004000000001,1231332353092,3399,116
1762868553,0000004000000004,1231407018991,4115,117
1762868560,0000004000000004,1231477836713,5040,118
1762868598,0000000800000080,1231858565885,2902,119
1762868598,0000004000000002,1231862047754,2691,120
1762868638,0000000400000002,1232264811877,4457,121
1762868639,0000000100000001,1232268967722,4206,122
1762868646,0000008000000001,1232339233005,5163,123
1762868664,000000c000000080,1232515677512,4940,124
1762868665,0000000100000001,1232526186134,4316,125
1762868672,0000008000000080,1232603987573,4824,126
1762868701,0000000400000001,1232886707994,3390,127
1762868724,0000008000000080,1233117144017,5115,128
1762868728,0000000400000008,1233163311043,2329,129
1762868731,0000004000000001,1233194578526,462,130
1762868733,0000000400000001,1233207704077,4865,131
1762868734,0000000400000080,1233225125670,3817,132
1762868741,0000000400000008,1233292564185,4953,133
1762868746,0000000400000008,1233335289853,2371,134
1762868746,0000000200000004,1233337564810,2237,135
1762868746,0000004000000001,1233341964004,1975,136
1762868752,0000004000000088,1233404574326,3403,137
1762868756,0000004000000002,1233441473049,1182,138
1762868756,0000008000000080,1233443921138,1037,139
1762868768,0000000400000001,1233561346135,4374,140
1762868783,0000000100000004,1233710662555,579,141
1762868785,0000000400000004,1233725851599,4862,142
1762868813,0000008000000080,1234008062540,3460,143
1762868816,0000008000000080,1234040992245,1477,144
1762868820,0000008000000001,1234077850142,4469,145
1762868830,0000000400000001,1234183253854,3305,146
1762868853,0000000100000004,1234408474236,162,147
1762868862,0000000100000002,1234503977962,4801,148
1762868863,0000004000000001,1234507620644,4586,149
1762868863,0000000800000004,1234512476346,4294,150
1762868869,0000000100000080,1234574443013,560,151
1762868883,0000008000000080,1234714653858,2499,152
1762868885,0000008000000004,1234726450688,1796,153
1762868897,0000004000000002,1234854811129,4477,154
1762868898,0000008000000008,1234855817908,4418,155
1762868901,0000000400000002,1234886477538,2551,156
1762868911,0000000100000001,1234990833835,1475,157
1762868912,0000000800000002,1235000092268,920,158
1762868915,0000004800000004,1235034093288,4073,159
1762868916,0000004800000080,1235044300560,3453,160
1762868929,0000000100000001,1235170671702,1045,161
1762868951,0000000800000008,1235394278552,3171,162
1762868962,0000000400000004,1235504099932,1764,163
1762868980,0000008000000080,1235675463181,1843,164
1762869000,0000000700000001,1235876975498,5305,165
1762869010,0000000100000008,1235979005751,4374,166
1762869018,0000000400000004,1236056556166,4896,167
1762869026,0000000400000008,1236137422050,5221,168
1762869026,0000008000000080,1236143123442,4883,169
1762869031,0000004000000002,1236188304304,2156,170
1762869032,0000000100000001,1236203440321,1247,171
1762869043,0000000100000008,1236309955939,5230,172
1762869053,0000000200000004,1236408947255,4482,173
1762869069,0000000100000001,1236571459977,5084,174
1762869071,0000000800000001,1236589365926,4014,175
1762869098,0000004000000008,1236864065244,3052,176
1762869104,0000004000000008,1236920451967,4869,177
1762869106,0000008000000001,1236939766062,3706,178
1762869110,0000000800000001,1236978068743,1395,179
1762869117,0000000100000001,1237045392464,2533,180
1762869119,0000000800000080,1237072319693,923,181
1762869121,0000000400000004,1237088849196,5124,182
1762869131,0000008000000002,1237190855019,4192,183
1762869132,0000008000000002,1237205018379,3324,184
1762869135,0000000800000002,1237229097704,1879,185
1762869152,0000008000000080,1237400736987,1941,186
1762869160,0000004000000008,1237478375697,2458,187
1762869178,0000008000000080,1237656205166,2153,188
1762869180,0000008000000080,1237678457022,820,189
1762869181,0000008000000080,1237692857321,5148,190
1762869223,0000008000000002,1238107613989,972,191
1762869228,0000000800000080,1238161183556,2936,192
1762869230,0000004000000080,1238180263416,1795,193
1762869232,0000004800000080,1238199570005,640,194
1762869233,0000000100000001,1238211773395,5097,195
1762869273,0000008100000008,1238610988340,1856,196
1762869275,0000000100000004,1238634558403,445,197
1762869276,0000000800000001,1238638995448,179,198
1762869286,0000000800000004,1238739027099,4554,199
1762869300,0000004000000080,1238881337464,1173,200
1762869330,0000008000000008,1239179200732,4045,201
1762869331,0000000200000080,1239187041709,3564,202
1762869333,0000008800000004,1239207991650,2297,203
1762869350,0000000800000008,1239376968091,2518,204
1762869358,0000008000000080,1239457033972,2894,205
1762869369,0000004000000002,1239567922759,1424,206
1762869385,0000004000000080,1239727028875,2239,207
1762869385,0000000800000080,1239732968989,1886,208
1762869406,0000000400000004,1239942772104,4849,209
1762869411,0000008000000080,1239991641668,1908,210
1762869415,0000008000000080,1240033310913,4607,211
1762869420,0000008000000004,1240078663084,1867,212
1762869420,0000004800000080,1240080838663,1735,213
1762869427,0000000400000002,1240149267374,2805,214
1762869432,0000000100000002,1240198000906,5079,215
1762869438,0000000800000001,1240260627896,1307,216
1762869444,0000000100000008,1240316318302,3149,217
1762869458,0000000400000008,1240461047747,4844,218
1762869470,0000000800000004,1240584009191,2624,219
1762869472,0000004000000001,1240600562611,1637,220
1762869484,0000000800000002,1240715543563,5110,221
1762869485,0000008000000004,1240730723428,4207,222
1762869493,0000000800000080,1240814284869,4375,223
1762869498,0000008000000002,1240861546985,1517,224
1762869515,0000000800000002,1241032676877,1613,225
1762869533,0000004000000002,1241208564223,1419,226
1762869536,0000000100000001,1241236575987,4935,227
1762869540,0000008000000080,1241283440913,2107,228
1762869550,0000008000000002,1241375728310,1753,229
1762869550,0000008000000004,1241377268756,1659,230
1762869559,000000c000000080,1241466892085,1462,231
1762869563,0000000400000001,1241513017593,3892,232
1762869573,0000000800000080,1241612943904,3058,233
1762869587,0000008000000080,1241753320930,5014,234
1762869592,0000004000000008,1241800453331,2171,235
1762869595,0000008000000080,1241834525317,5319,236
1762869617,0000008000000084,1242047106516,2910,237
1762869630,0000000100000004,1242183942944,5079,238
1762869644,0000000400000001,1242320773117,2037,239
1762869648,0000000100000001,1242362451855,4735,240
1762869656,0000000400000008,1242435567779,336,241
1762869657,0000008000000080,1242451317791,4585,242
1762869674,0000000400000080,1242619338848,4861,243
1762869694,0000000800000001,1242815947543,3414,244
1762869732,0000004000000080,1243201227307,1016,245
1762869739,0000000800000002,1243271388078,1987,246
1762869746,0000008000000080,1243341493664,2957,247
1762869748,0000008000000002,1243355815027,2103,248
1762869769,0000008000000080,1243573100636,4627,249
1762869774,0000000800000001,1243621374662,1711,250
1762869786,0000000800000008,1243737284235,5130,251
1762869799,0000004000000088,1243867224990,2498,252
1762869799,0000000300000001,1243870283540,2316,253
1762869802,0000000100000001,1243901436417,454,254
1762869805,0000000400000008,1243925218944,4223,255
1762869807,0000000400000001,1243947076761,2887,256
1762869808,0000004000000004,1243956916741,2299,257
1762869839,0000000c00000002,1244271746289,4153,258
1762869845,0000000400000004,1244327651096,782,259
1762869845,0000000400000008,1244330078890,638,260
1762869852,0000004000000001,1244398725313,1696,261
1762869854,0000000100000004,1244421407611,340,262
1762869854,0000008000000080,1244422175917,293,263
1762869864,0000000400000080,1244518459021,4889,264
1762869864,0000008000000080,1244520728972,4755,265
1762869879,0000000400000001,1244670628035,924,266
1762869898,0000000400000001,1244857993096,5235,267
1762869907,0000008000000008,1244952055985,4779,268
1762869909,0000008000000001,1244971491870,3605,269
1762869925,0000000100000008,1245129193879,4516,270
1762869926,0000000100000001,1245139876560,3868,271
1762869942,0000000800000002,1245298822126,4697,272
1762869954,0000000400000001,1245415796657,2834,273
1762869963,0000000400000004,1245506155985,2594,274
1762869979,0000000800000080,1245673313841,2926,275
1762869993,0000000800000004,1245813614292,4890,276
1762870015,0000004000000008,1246028890514,2317,277
1762870057,0000000100000008,1246453689287,2729,278
1762870062,0000000800000002,1246504716511,4870,279
1762870063,0000000100000002,1246506616515,4758,280
1762870065,0000000200000008,1246529325195,3381,281
1762870068,0000004000000004,1246562711578,1372,282
1762870069,0000000100000080,1246567095918,1110,283
1762870070,0000000100000002,1246578063396,458,284
1762870077,0000008000000080,1246647522001,1464,285
1762870080,0000000100000001,1246684275180,4463,286
1762870096,0000008000000080,1246842406581,5326,287
1762870110,0000000100000008,1246980830268,2190,288
1762870114,0000000400000008,1247015168531,5321,289
1762870172,0000000100000004,1247595479574,1576,290
1762870186,0000000400000004,1247738184192,3379,291
1762870193,0000000400000001,1247808561474,4354,292
1762870204,0000000200000002,1247923046147,2639,293
1762870213,0000000800000004,1248005721104,2860,294
1762870214,0000000400000002,1248022392564,1866,295
1762870226,0000004000000008,1248139678971,5200,296
1762870240,0000000100000080,1248284247344,1696,297
1762870271,0000000800000001,1248590738801,4047,298
1762870272,0000000100000008,1248598444422,3575,299
1762870281,0000000100000004,1248687991134,3379,300
1762870300,0000000800000004,1248876991091,2391,301
1762870301,0000000400000002,1248885418255,1891,302
1762870315,0000000100000001,1249025149075,3883,303
1762870326,0000000100000004,1249137032050,2332,304
1762870337,0000000400000004,1249253049002,560,305
1762870338,0000008000000080,1249262101758,5204,306
1762870342,000000080000008c,1249299291402,2957,307
1762870343,0000004000000080,1249309672189,2336,308
1762870352,000000c000000080,1249399463648,2130,309
1762870357,0000008000000008,1249449164978,4345,310
1762870361,000000c100000084,1249492186960,1749,311
1762870365,0000008000000080,1249524813618,4986,312
1762870369,0000008000000080,1249568755231,2332,313
1762870390,0000008000000004,1249782095519,5089,314
1762870396,0000000800000001,1249838443344,1696,315
1762870415,0000004000000002,1250026663163,767,316
1762870433,0000008000000081,1250212118590,5191,317
1762870434,0000004000000008,1250221218170,4653,318
1762870441,0000008000000080,1250293132505,324,319
1762870443,0000004000000080,1250308871537,4575,320
1762870455,0000008000000008,1250428883240,2529,321
1762870478,0000008000000080,1250656142541,4463,322
1762870489,0000000400000004,1250767271100,2949,323
1762870499,0000008000000008,1250870597637,1929,324
1762870500,0000000100000001,1250874933341,1674,325
1762870507,0000000200000001,1250945474653,2618,326
1762870512,0000000100000080,1250996841321,4742,327
1762870515,0000008000000080,1251034057972,2484,328
1762870520,0000000300000001,1251078911594,4992,329
1762870522,0000000800000001,1251102284422,3585,330
1762870527,0000000100000080,1251150220857,702,331
1762870529,000000c000000008,1251170996547,4654,332
1762870539,0000008000000004,1251266093226,4128,333
1762870548,0000000400000001,1251357362479,3828,334
1762870549,0000008000000080,1251368912636,3119,335
1762870550,0000000400000005,1251377426130,2605,336
1762870553,0000000800000001,1251409120815,711,337
1762870560,0000000800000004,1251481068390,1571,338
1762870564,0000000800000008,1251517512466,4587,339
1762870566,0000000800000080,1251537286278,3383,340
1762870579,0000000400000008,1251665896081,845,341
1762870600,0000008000000004,1251874726255,3871,342
1762870607,0000008000000004,1251953241730,4346,343
1762870608,0000008000000008,1251959890726,3944,344
1762870636,0000000100000080,1252237245612,2822,345
1762870644,0000000800000080,1252320061377,3036,346
1762870667,0000000800000002,1252552297823,4667,347
1762870694,0000000800000008,1252816775176,4341,348
1762870697,0000000100000001,1252854176521,2076,349
1762870725,0000008000000080,1253133306111,871,350
1762870753,0000000100000004,1253405647656,5264,351
1762870755,0000000100000080,1253428205981,3916,352
1762870773,0000000400000004,1253611943066,3237,353
1762870777,0000008000000008,1253646933029,1135,354
1762870785,0000008000000008,1253728180275,1442,355
1762870791,0000000100000080,1253791239954,2834,356
1762870793,0000008000000002,1253808879270,1782,357
1762870801,0000008000000080,1253887051864,2269,358
1762870824,0000000100000002,1254123485402,3638,359
1762870830,0000000800000008,1254176287018,464,360
1762870836,0000000800000008,1254235837696,2067,361
1762870837,0000008000000004,1254248219105,1323,362
1762870838,0000000100000001,1254257600635,764,363
1762870850,0000008000000080,1254383614453,3571,364
1762870855,0000000100000008,1254428830085,850,365
1762870866,0000004000000002,1254538531761,4649,366
1762870866,0000000100000002,1254544588200,4285,367
1762870869,0000008000000004,1254570248764,2720,368
1762870870,0000008000000080,1254575644027,2397,369
1762870874,0000000400000004,1254616258801,5157,370
1762870887,0000000400000008,1254748923962,2362,371
1762870898,0000008000000080,1254855279370,1164,372
1762870902,0000000400000002,1254897478185,3829,373
1762870955,0000000100000080,1255434187307,5383,374
1762870964,0000008000000002,1255523868144,2491,375
1762870977,0000000400000002,1255648449559,207,376
1762870979,0000000400000001,1255670265082,4093,377
1762870989,0000008000000080,1255770168834,3261,378
1762870992,0000000100000002,1255797503768,1620,379
1762871003,0000000400000008,1255910960230,5186,380
1762871008,0000000800000001,1255956841006,2417,381
1762871018,0000000800000004,1256057950800,1535,382
1762871028,0000000100000002,1256161179853,527,383
1762871029,0000000800000004,1256166329389,219,384
1762871041,0000000400000080,1256290042929,3149,385
1762871043,000000c000000080,1256310177615,1944,386
1762871053,0000008000000001,1256413234595,940,387
1762871056,0000000800000008,1256437373565,4693,388
1762871081,0000000400000080,1256691316548,4992,389
1762871083,0000008000000080,1256707501238,4025,390
1762871116,0000000100000001,1257038099491,4909,391
1762871118,0000000400000080,1257059318529,3630,392
1762871123,0000008000000002,1257109891460,591,393
1762871125,0000000100000001,1257124983484,4878,394
1762871134,0000000100000004,1257215680820,4622,395
1762871139,0000000800000004,1257271593856,1244,396
1762871163,0000000400000002,1257505169708,2767,397
1762871169,0000004000000002,1257571446489,3995,398
1762871180,0000000100000001,1257680332966,2620,399
1762871181,0000004000000080,1257691289947,1970,400
1762871185,000000010000000c,1257734320105,4587,401
1762871186,0000000100000001,1257744230164,3989,402
1762871189,0000000400000008,1257771051624,2360,403
1762871190,0000000800000008,1257782473966,1677,404
1762871203,0000000400000008,1257910549146,4375,405
1762871215,0000000800000004,1258032613332,2209,406
1762871216,0000004000000008,1258041585699,1673,407
1762871228,0000008000000080,1258160311980,4927,408
1762871233,0000008000000004,1258207430020,2084,409
1762871237,0000004000000008,1258252354038,4589,410
1762871248,0000008800000080,1258364061433,3045,411
1762871267,0000004000000002,1258552933673,2076,412
1762871276,0000004000000008,1258635362202,2309,413
1762871286,0000000800000001,1258739148353,1263,414
1762871293,0000008000000080,1258812895468,2020,415
1762871299,0000004000000004,1258868959597,3853,416
1762871315,0000004000000080,1259025883429,4801,417
1762871322,0000000100000003,1259099305303,383,418
1762871339,0000000800000002,1259268664125,582,419
1762871340,0000000100000001,1259282350542,4951,420
1762871343,0000000100000001,1259313257667,3081,421
1762871348,0000000100000001,1259356796356,476,422
1762871356,0000000400000008,1259437875761,788,423
1762871365,0000008000000080,1259529446203,478,424
1762871377,0000000900000001,1259644593729,3942,425
1762871385,0000004000000001,1259726943420,4185,426
1762871388,0000000800000002,1259755550487,2445,427
1762871410,0000000100000001,1259978662056,4623,428
1762871413,0000000100000080,1260014186683,2467,429
1762871429,0000000100000001,1260171459051,3402,430
1762871440,0000004000000080,1260278053710,2182,431
1762871454,0000000100000001,1260417262003,4212,432
1762871456,0000008000000080,1260438869258,2890,433
1762871456,0000000100000001,1260444034430,2580,434
1762871467,0000004800000008,1260550634159,1368,435
1762871501,0000004000000001,1260888170197,1841,436
1762871502,0000008800000002,1260899824577,1139,437
1762871542,0000000100000001,1261303527182,2817,438
1762871552,0000000800000002,1261400684745,2172,439
1762871553,0000008000000001,1261412810897,1444,440
1762871561,0000000100000002,1261487476365,2145,441
1762871562,0000008000000004,1261498122558,1507,442
1762871562,0000008000000008,1261502747558,1229,443
1762871565,0000008000000080,1261530062190,4789,444
1762871568,0000008000000004,1261558150998,3085,445
1762871582,0000004800000084,1261703428627,4750,446
1762871588,0000000400000002,1261762944217,1158,447
1762871592,0000000800000001,1261796611828,4342,448
1762871599,0000000100000001,1261865087484,219,449
1762871612,0000000400000001,1262001173718,2405,450
1762871613,0000008800000001,1262014427360,1614,451
1762871623,0000000100000008,1262111943834,937,452
1762871636,0000008000000002,1262237598059,3780,453
1762871657,0000000800000004,1262448811580,1453,454
1762871681,0000000100000001,1262692321876,2382,455
1762871689,0000000800000001,1262771438518,2814,456
1762871690,0000000800000001,1262777010296,2480,457
1762871706,0000008000000080,1262938405189,3162,458
1762871715,0000000400000008,1263034367192,2580,459
1762871740,0000008000000080,1263280584891,3357,460
1762871743,0000004000000004,1263310204252,1577,461
1762871746,0000000100000004,1263341184552,4914,462
1762871764,0000000100000080,1263520595314,4517,463
1762871764,0000008000000002,1263523033758,4371,464
1762871767,0000004000000008,1263546749224,2924,465
1762871789,0000008000000001,1263774144656,4842,466
1762871798,0000004000000008,1263857835127,4999,467
1762871809,0000000800000008,1263970183824,3431,468
1762871815,0000008000000080,1264027413182,5183,469
1762871830,0000000800000002,1264178879786,1262,470
1762871833,0000008000000080,1264205237687,4878,471
1762871840,0000000400000004,1264280255448,368,472
1762871843,0000000400000080,1264310070096,3766,473
1762871845,0000000800000002,1264328373739,2650,474
1762871851,0000000400000002,1264392800678,3989,475
1762871873,0000000400000001,1264611694204,1196,476
1762871880,0000008000000080,1264675046116,2572,477
1762871880,0000008000000080,1264683652571,2062,478
1762871890,0000004000000008,1264775433404,1737,479
1762871922,0000000100000004,1265101750782,2875,480
1762871942,0000000800000004,1265294452919,1678,481
1762871956,0000000100000002,1265443036165,3123,482
1762871957,0000004000000001,1265446191959,2932,483
1762871957,0000000400000002,1265447444971,2854,484
1762871976,0000000800000001,1265637072697,1845,485
1762871985,0000004000000001,1265732736116,1283,486
1762871988,0000008000000080,1265755550856,5109,487
1762872009,0000000800000004,1265972634201,2429,488
1762872013,0000004000000080,1266008525570,284,489
1762872019,0000004000000001,1266074226811,1517,490
1762872021,0000000800000080,1266093202646,386,491
1762872029,0000008000000008,1266168529392,1040,492
1762872033,0000000800000001,1266207163681,3919,493
1762872053,000000c000000080,1266413331424,1896,494
1762872054,0000008000000001,1266415451171,1768,495
1762872059,0000004000000008,1266473383331,3479,496
1762872082,0000000100000002,1266699733976,258,497
1762872084,0000008000000080,1266722962018,4059,498
1762872087,0000000100000001,1266747160699,2582,499
1762872088,0000000400000002,1266760674545,1777,500
1762872096,0000004800000001,1266834851135,2503,501
1762872108,0000000400000008,1266963203889,5178,502
1762872112,0000000400000080,1267000000480,2956,503
1762872113,0000000400000002,1267012018057,2237,504
1762872116,0000008000000080,1267043846488,334,505
1762872117,0000000100000001,1267045521559,234,506
1762872117,0000000400000008,1267047151795,5323,507
1762872143,0000004000000008,1267313256661,4902,508
1762872159,0000000100000002,1267470938475,611,509
1762872161,0000004000000002,1267489701828,4680,510
1762872166,0000000500000001,1267539965730,1645,511
1762872167,0000000100000004,1267552814912,876,512
1762872170,0000008000000008,1267577866111,4573,513
1762872173,0000008000000080,1267605173918,2909,514
1762872181,0000000100000002,1267693381998,2796,515
1762872230,0000000100000082,1268183258526,4515,516
1762872259,0000000400000008,1268464597670,3155,517
1762872261,0000004000000008,1268485497672,1903,518
1762872262,0000000400000001,1268495372086,1307,519
1762872271,0000000100000001,1268585800596,1063,520
1762872294,0000008000000080,1268822170326,2420,521
1762872320,0000000100000001,1269082544090,2340,522
1762872321,0000000100000001,1269090173092,1886,523
1762872335,0000008000000002,1269228201871,3982,524
1762872338,0000004800000002,1269262484080,1909,525
1762872343,0000004000000008,1269306204896,4486,526
1762872351,0000004000000008,1269387951345,4759,527
1762872363,0000008000000080,1269506836236,2784,528
1762872366,0000000100000004,1269540637060,763,529
1762872369,0000008000000008,1269569246941,4247,530
1762872377,0000008000000002,1269648897393,4646,531
1762872388,0000000400000008,1269758979268,3202,532
1762872397,0000000400000008,1269853473616,2708,533
1762872432,0000008000000080,1270195203700,2928,534
1762872463,0000004000000001,1270504314103,5121,535
1762872496,0000004000000002,1270842722279,351,536
1762872497,0000000100000001,1270847211467,5269,537
1762872501,0000000100000001,1270890429796,2658,538
1762872510,0000000100000001,1270979609665,2490,539
1762872520,0000000800000008,1271074685111,1971,540
1762872523,0000008000000008,1271104496152,188,541
1762872559,0000000400000001,1271472886552,3999,542
1762872571,0000000400000001,1271589217542,2181,543
1762872585,0000008000000002,1271732386490,3972,544
1762872619,0000004000000004,1272067747444,4575,545
1762872661,0000000100000001,1272490577907,5101,546
1762872662,0000004000000004,1272502076524,4421,547
1762872667,0000008000000080,1272545349866,1802,548
1762872671,0000000800000008,1272586118206,4557,549
1762872683,0000000100000001,1272709886194,2290,550
1762872694,0000000100000004,1272823517581,658,551
1762872695,0000000100000001,1272832646720,5299,552
1762872696,0000000100000001,1272837428001,5014,553
1762872723,0000000800000080,1273108211078,4316,554
1762872749,0000000800000001,1273370896038,4095,555
1762872750,0000000100000004,1273380932169,3480,556
1762872764,0000000100000001,1273522145718,188,557
1762872768,0000000100000008,1273555660733,3356,558
1762872768,0000008000000001,1273560444323,3062,559
1762872771,0000008000000008,1273584897073,1597,560
1762872779,0000000800000002,1273664617669,1996,561
1762872779,0000000800000004,1273669721890,1691,562
1762872781,0000008000000082,1273689390082,514,563
1762872799,0000000100000001,1273867044674,216,564
1762872825,0000000400000008,1274128486956,5258,565
1762872853,0000004000000008,1274404261980,4264,566
1762872860,0000008000000080,1274481592380,4800,567
1762872889,0000000800000002,1274772583240,2862,568
1762872890,000000c000000080,1274778896773,2484,569
1762872901,0000000100000080,1274887238736,1166,570
1762872905,0000000800000004,1274927242794,3965,571
1762872913,0000000400000002,1275014033693,3937,572
1762872922,0000004400000001,1275103744791,3732,573
1762872934,0000000800000001,1275221270334,1849,574
1762872976,0000000400000001,1275637978893,2744,575
1762872978,0000000800000001,1275659665671,1447,576
1762872991,0000008000000008,1275787829841,4140,577
1762873003,0000000800000001,1275911053429,1907,578
1762873028,0000008000000004,1276157595054,2651,579
1762873040,0000008000000080,1276283041733,317,580
1762873058,000000c000000080,1276457887903,187,581
1762873062,0000004000000080,1276498877911,2899,582
1762873067,0000000400000002,1276545659897,5286,583
1762873075,0000000400000008,1276632355545,5266,584
1762873114,000000c000000080,1277019833363,2724,585
1762873128,0000008000000080,1277162701890,4540,586
1762873149,0000000100000001,1277370878591,2386,587
1762873156,0000008000000008,1277441523449,3334,588
1762873158,0000008000000080,1277460570858,2187,589
1762873162,0000004000000080,1277502460877,4871,590
1762873184,0000000100000001,1277723150019,1976,591
1762873187,0000000400000008,1277747992648,489,592
1762873188,0000000100000001,1277755524072,5226,593
1762873202,0000004000000010,1277894795265,2039,594
1762873204,0000004800000080,1277919594734,555,595
1762873204,0000000100000004,1277923634821,313,596
1762873212,0000000100000002,1278001076992,843,597
1762873215,0000008000000080,1278025507299,4577,598
1762873227,0000000400000080,1278145860938,2512,599
1762873228,0000000800000008,1278157308345,1830,600
1762873248,0000000100000001,1278355995463,274,601
1762873259,0000000400000080,1278472246516,3667,602
1762873265,0000000100000008,1278528968653,258,603
1762873301,0000000100000003,1278890690570,4473,604
1762873302,0000004000000080,1278902838619,3736,605
1762873314,0000008000000001,1279018771814,1949,606
1762873327,0000000400000001,1279146054942,4693,607
1762873332,0000004000000004,1279200428008,1409,608
1762873336,0000004000000004,1279238330315,4337,609
1762873340,0000004000000004,1279282589165,1662,610
1762873347,0000008800000080,1279348667991,5746,611
1762873351,0000000100000002,1279384582573,726,612
1762873364,000000c000000080,1279522920721,2779,613
1762873378,0000000100000080,1279655671110,5192,614
1762873401,0000008000000080,1279886621354,1685,615
1762873403,0000000400000004,1279907316776,448,616
1762873411,000000c000000080,1279987597853,808,617
1762873427,0000000100000001,1280145638853,1686,618
1762873427,0000008000000080,1280150558141,1388,619
1762873429,0000000400000008,1280173817359,5187,620
1762873430,0000000400000004,1280176192937,5045,621
1762873431,0000004000000002,1280187688421,4365,622
1762873435,0000000800000004,1280231620264,1707,623
1762873439,0000000800000001,1280269649613,4626,624
1762873445,0000000400000080,1280331573405,891,625
1762873465,0000008000000004,1280528259425,4651,626
1762873467,0000008000000004,1280549542659,3359,627
1762873471,0000000100000004,1280587343273,1086,628
1762873472,0000008000000002,1280594982671,633,629
1762873493,0000000100000080,1280807469799,3427,630
1762873508,0000000100000001,1280956189491,4875,631
1762873520,0000000100000001,1281076830402,2797,632
1762873529,0000000800000001,1281172701510,2229,633
1762873533,0000008000000008,1281205858172,246,634
1762873542,0000000100000001,1281299138043,5019,635
1762873559,0000000100000002,1281465281606,224,636
1762873562,0000000100000004,1281503357913,3111,637
1762873563,0000008000000080,1281512060857,2586,638
1762873565,0000000100000001,1281525650456,1776,639
1762873568,0000000800000008,1281554002273,5267,640
1762873571,0000000100000001,1281587411989,3252,641
1762873581,0000000100000004,1281684755730,2585,642
1762873594,0000000800000008,1281818935756,4916,643
1762873611,0000000400000004,1281986706353,5209,644
1762873630,0000008000000001,1282182259670,3839,645
1762873645,0000000100000008,1282327122835,319,646
1762873660,0000008000000001,1282482550733,1348,647
1762873668,0000000100000001,1282563268795,1687,648
1762873686,0000008000000002,1282742642595,1283,649
1762873712,0000004000000004,1283001336971,1305,650
1762873714,0000008000000080,1283014208397,539,651
1762873735,0000000100000001,1283224657777,3455,652
1762873735,0000004800000080,1283231225664,3052,653
1762873737,0000000800000008,1283252360417,1787,654
1762873742,0000000800000002,1283297753668,4265,655
1762873745,0000008000000080,1283324182444,2652,656
1762873752,0000008000000004,1283397843192,3424,657
1762873764,0000004000000002,1283519427357,1304,658
1762873767,0000008000000080,1283551263549,4596,659
1762873783,000000c000000080,1283709309629,279,660
1762873790,0000000100000001,1283779762890,1225,661
1762873794,0000008000000004,1283817745796,4148,662
1762873796,0000000800000080,1283839087228,2845,663
1762873797,0000008000000080,1283846787866,2382,664
1762873798,0000004000000002,1283863537562,1380,665
1762873807,0000000300000001,1283949313622,1414,666
1762873823,0000000100000002,1284104701480,2449,667
1762873825,000000c000000080,1284133292872,740,668
1762873831,0000008000000080,1284191751181,2408,669
1762873884,0000000400000002,1284717385314,1958,670
1762873905,0000008000000080,1284926284307,4980,671
1762873913,0000008000000080,1285007940790,5258,672
1762873925,0000000600000088,1285124931937,3413,673
1762873928,0000000400000080,1285156137223,1535,674
1762873948,0000008000000080,1285357106842,5032,675
1762873952,0000008000000080,1285399147632,2494,676
1762873953,0000000800000080,1285406496219,2056,677
1762873958,0000000100000001,1285457008393,4226,678
1762873976,0000000100000080,1285637932159,3724,679
1762873979,0000008000000001,1285673436728,1582,680
1762873988,0000000100000001,1285763751899,1342,681
1762873989,0000008000000008,1285768566626,1053,682
1762873998,0000000100000080,1285862692907,592,683
1762874005,0000008000000080,1285927295771,1894,684
1762874020,0000000400000080,1286078898116,3158,685
1762874036,0000000100000001,1286241111907,3800,686
1762874050,0000000100000001,1286378510495,726,687
1762874055,0000000400000002,1286425062776,3108,688
1762874078,0000008000000080,1286657943268,4699,689
1762874085,0000000400000080,1286730662598,324,690
1762874086,0000000c0000000c,1286738587975,5035,691
1762874091,0000000100000001,1286792667395,1778,692
1762874124,0000000100000080,1287121570695,2760,693
1762874154,000000c000000080,1287416478871,617,694
1762874162,000000c000000080,1287501702695,683,695
1762874163,0000000200000008,1287513745771,5151,696
1762874186,0000000400000001,1287740007926,1925,697
1762874189,0000008000000080,1287766025088,369,698
1762874210,0000008000000008,1287977439510,3221,699
1762874212,0000000400000002,1287997732911,2004,700
1762874217,0000008000000001,1288050687508,4025,701
1762874218,0000000400000008,1288062799487,3281,702
1762874221,0000008000000002,1288086218801,1876,703
1762874223,0000008000000080,1288112601914,297,704
1762874246,0000008000000001,1288337160577,2357,705
1762874247,000000010000000c,1288353593171,1372,706
1762874269,0000008000000001,1288568141360,4061,707
1762874270,0000008000000002,1288579122509,3388,708
1762874278,0000000100000002,1288654925306,4036,709
1762874278,0000000100000001,1288654989833,4032,710
1762874315,0000000400000001,1289024107357,2583,711
1762874316,0000000800000002,1289040494789,1605,712
1762874339,0000000100000080,1289272619504,3220,713
1762874396,0000000100000002,1289840310031,249,714
1762874398,0000004000000002,1289860749373,4217,715
1762874423,0000000400000001,1290112952295,4627,716
1762874450,0000000800000002,1290376447049,4360,717
1762874454,0000000100000008,1290419518687,1754,718
1762874480,0000000200000080,1290679367780,1706,719
1762874492,0000000100000001,1290793990126,5202,720
1762874492,0000008000000080,1290795113432,5133,721
1762874506,0000000500000001,1290934693129,1930,722
1762874510,0000000400000004,1290980876313,4359,723
1762874512,0000000100000002,1291002950627,3010,724
1762874514,0000000100000080,1291016067185,2225,725
1762874517,0000000100000004,1291045834590,446,726
1762874568,0000000400000080,1291558966706,739,727
1762874575,0000004000000002,1291625884340,1904,728
1762874577,0000000800000006,1291650029702,459,729
1762874578,0000000400000002,1291656532669,5255,730
1762874595,0000000100000002,1291830112794,5202,731
1762874595,0000000100000001,1291831327861,5130,732
1762874595,0000008000000004,1291833360166,5010,733
1762874604,0000000400000002,1291919897841,4999,734
1762874606,0000000100000001,1291934676343,4117,735
1762874624,0000000100000001,1292121906033,3227,736
1762874639,0000000800000004,1292266521404,4925,737
1762874645,0000000800000001,1292325562563,1366,738
1762874646,0000000100000008,1292335183585,792,739
1762874651,0000008000000080,1292386694149,2876,740
1762874664,0000000100000002,1292516451815,281,741
1762874678,0000000100000001,1292660280428,2008,742
1762874678,0000008000000080,1292661547215,1932,743
1762874683,0000008000000080,1292710215342,4212,744
1762874702,0000000400000008,1292896435515,3384,745
1762874724,0000000400000008,1293122882298,162,746
1762874732,0000008000000080,1293203137385,525,747
1762874733,0000000100000004,1293211448728,5214,748
1762874738,0000004000000008,1293262836195,2119,749
1762874741,0000000800000002,1293287987687,614,750
1762874760,0000004000000002,1293478381350,4747,751
1762874764,0000000100000001,1293520473652,2202,752
1762874773,0000008000000080,1293603734786,2384,753
1762874789,0000000200000008,1293766243708,2995,754
1762874798,0000004000000080,1293855402919,2824,755
1762874815,0000000100000004,1294032245102,2575,756
1762874817,0000000100000006,1294052058609,1389,757
1762874824,0000000800000001,1294121022857,2430,758
1762874826,0000008000000008,1294134439250,1629,759
1762874826,0000000100000001,1294141987750,1174,760
1762874834,0000004000000001,1294215197396,1964,761
1762874837,0000008000000008,1294253637938,4856,762
1762874845,0000000800000002,1294326301548,484,763
1762874849,0000000100000008,1294364585808,3366,764
1762874849,0000000800000008,1294371389896,2951,765
1762874851,0000008000000080,1294389314208,1880,766
1762874854,0000000400000080,1294416925777,227,767
1762874859,0000004000000001,1294473349951,2018,768
1762874860,0000004000000004,1294478091422,1734,769
1762874900,0000004000000004,1294876832047,3724,770
1762874902,0000000100000001,1294901817970,2211,771
1762874907,0000000800000001,1294944419912,4854,772
1762874907,0000004000000080,1294946121585,4754,773
1762874920,0000000800000080,1295078699789,1962,774
1762874929,0000008000000004,1295169385619,1701,775
1762874938,0000000100000002,1295260787134,1396,776
1762874949,0000008000000080,1295370249474,5204,777
1762874951,0000000100000002,1295385513160,4296,778
1762874954,0000008000000080,1295416560040,2409,779
1762874956,0000008000000004,1295437064024,1181,780
1762874963,0000000400000001,1295503963201,2347,781
1762874963,0000004000000004,1295512868889,1815,782
1762874974,0000000100000080,1295617489032,721,783
1762874981,0000000400000001,1295693622638,1329,784
1762874988,0000000400000001,1295759846161,2533,785
1762874992,0000000400000002,1295803625249,5105,786
1762874997,0000000400000080,1295848202415,2414,787
1762875008,0000008000000001,1295957875472,1016,788
1762875017,0000000800000008,1296048794574,745,789
1762875025,0000004000000004,1296130959343,993,790
1762875036,0000008000000080,1296233812679,5196,791
1762875041,0000008000000001,1296288293180,1916,792
1762875041,0000000100000001,1296288980608,1875,793
1762875048,0000000100000004,1296358441245,2883,794
1762875048,0000000400000004,1296360522811,2757,795
1762875056,0000000800000008,1296437498465,3328,796
1762875058,0000000100000001,1296457684353,2113,797
1762875075,0000000400000080,1296626945703,2316,798
1762875085,0000000100000080,1296729375485,1353,799
1762875091,0000000800000008,1296789111760,2947,800
1762875095,0000000400000008,1296827280947,663,801
1762875101,0000004000000080,1296890783757,2030,802
1762875103,0000000800000080,1296906796404,1068,803
1762875128,0000000800000002,1297159455827,1452,804
1762875152,0000004000000004,1297394792883,2870,805
1762875159,0000008000000008,1297466891374,3741,806
1762875160,0000000800000004,1297474602411,3267,807
1762875165,0000008000000080,1297523862938,317,808
1762875171,0000008000000080,1297583799240,1896,809
1762875217,0000000400000002,1298048100475,5132,810
1762875230,0000004000000008,1298182837728,2216,811
1762875248,0000000800000008,1298362512968,1798,812
1762875250,0000000800000002,1298379869813,759,813
1762875251,0000000100000001,1298392550812,5189,814
1762875260,0000000100000001,1298477230468,5288,815
1762875263,0000004000000080,1298511783489,3203,816
1762875292,0000000100000001,1298797202245,1621,817
1762875296,0000000100000080,1298842113366,4125,818
1762875302,0000000100000080,1298903439851,433,819
1762875317,0000008000000080,1299047681085,2133,820
1762875325,0000000100000002,1299125233269,2656,821
1762875345,0000000100000002,1299326814023,929,822
1762875372,0000000100000001,1299598527825,173,823
1762875373,0000008000000008,1299610074241,4675,824
1762875388,0000008100000002,1299761230006,769,825
1762875407,0000000800000008,1299952662334,4840,826
1762875410,0000008000000080,1299974755713,3504,827
1762875431,0000000800000080,1300187759603,1077,828
1762875450,0000000100000001,1300374243979,257,829
1762875473,0000000100000001,1300610599923,1611,830
1762875478,0000000400000008,1300663229587,3645,831
1762875490,0000000800000001,1300776838580,2000,832
1762875493,0000000100000001,1300807046230,192,833
1762875500,0000004000000080,1300878612110,1072,834
1762875506,0000008000000004,1300935160353,2856,835
1762875514,0000000400000004,1301023094736,2758,836
1762875518,0000000100000001,1301053586402,935,837
1762875539,0000000100000002,1301270906821,3444,838
1762875539,0000000c00000080,1301273013303,3314,839
1762875552,0000008000000080,1301398521942,962,840
1762875560,0000000400000080,1301482798974,1085,841
1762875566,0000000400000008,1301534847416,3144,842
1762875590,0000000100000080,1301777693347,4135,843
1762875591,0000000400000080,1301786411197,3601,844
1762875598,0000008000000008,1301861049860,4316,845
1762875599,0000008000000080,1301871445090,3681,846
1762875611,0000000100000001,1301988623941,1821,847
1762875627,0000000100000001,1302145299060,2776,848
1762875673,0000000800000080,1302607359367,960,849
1762875680,0000000800000002,1302679867534,1792,850
1762875684,0000008000000080,1302715725947,4837,851
1762875691,0000000100000002,1302790826161,320,852
1762875693,0000004000000004,1302807888706,4493,853
1762875710,0000004000000080,1302982447148,4380,854
1762875711,0000008000000080,1302985291959,4209,855
1762875717,0000000100000008,1303047207641,479,856
1762875718,0000000100000001,1303054949556,5202,857
1762875743,0000000400000001,1303306285619,477,858
1762875762,0000004000000004,1303500126781,4405,859
1762875764,0000008000000008,1303519841465,3200,860
1762875766,0000000100000002,1303536180775,2219,861
1762875778,0000000100000001,1303659064137,5220,862
1762875803,0000008000000002,1303904278692,858,863
1762875805,0000000100000001,1303929883467,4522,864
1762875812,0000000400000008,1304001213865,227,865
1762875818,0000008000000080,1304054719671,2190,866
1762875837,0000000100000080,1304250370413,816,867
1762875842,0000008000000001,1304294905692,3325,868
1762875844,0000008000000001,1304317511320,1967,869
1762875846,000000040000000a,1304339946580,625,870
1762875849,0000000800000002,1304363718387,4396,871
1762875858,0000004000000080,1304461635541,3693,872
1762875882,0000000100000001,1304698041965,5051,873
1762875898,0000008000000004,1304854650338,824,874
1762875904,0000004000000008,1304918678614,2161,875
1762875908,0000008000000080,1304956472260,5087,876
1762875909,0000008000000001,1304966424044,4498,877
1762875913,0000000800000004,1305010878810,1811,878
1762875920,0000000400000001,1305078915243,2904,879
1762875924,0000000800000002,1305119487437,479,880
1762875940,0000008000000008,1305278243412,1307,881
1762875959,0000000100000080,1305465945163,415,882
1762875959,0000000400000004,1305471363644,5275,883
1762875970,0000008000000008,1305577097836,4120,884
1762876007,0000000100000001,1305947640978,2587,885
1762876033,0000000800000004,1306205582670,2652,886
1762876037,0000004000000001,1306244591530,322,887
1762876037,0000008000000080,1306250336042,5164,888
1762876046,0000000400000008,1306340392413,4945,889
1762876047,0000004000000004,1306348636782,4456,890
1762876064,0000000800000002,1306517072664,4711,891
1762876069,0000000100000001,1306565518383,1785,892
1762876082,0000000400000001,1306697936180,4221,893
1762876083,0000008000000008,1306710180073,3471,894
1762876100,0000008000000001,1306876389021,3870,895
1762876104,0000001000000080,1306914458713,1569,896
1762876116,0000000100000001,1307036023948,4656,897
1762876117,0000000100000080,1307052817400,3640,898
1762876119,0000000100000001,1307066839544,2783,899
1762876122,0000000800000008,1307094681881,1118,900
1762876135,0000008000000004,1307230245669,3348,901
1762876146,0000008000000002,1307340085559,1937,902
1762876154,0000000400000002,1307417123178,2490,903
1762876157,0000000200000001,1307449839159,536,904
1762876172,0000000800000008,1307595384318,2159,905
1762876176,0000000100000001,1307639713739,4701,906
1762876186,0000004400000002,1307743273146,3658,907
1762876190,0000000800000002,1307776516375,1654,908
1762876200,0000008000000008,1307873821650,996,909
1762876204,0000004000000001,1307920863574,3357,910
1762876204,0000000800000008,1307922385554,3265,911
1762876205,0000004000000008,1307926316681,3024,912
1762876209,0000000100000080,1307970344578,391,913
1762876211,0000008000000080,1307983851605,4774,914
1762876220,0000000400000001,1308077319959,4349,915
1762876228,0000004000000008,1308154114407,4917,916
1762876257,0000008000000080,1308452666246,2527,917
1762876261,0000000100000008,1308491371076,215,918
1762876284,0000000800000080,1308717297122,2192,919
1762876286,0000008000000004,1308741861469,724,920
1762876297,0000000100000001,1308850954822,4558,921
1762876305,0000008000000080,1308931869622,4878,922
1762876318,0000008000000080,1309062909939,2180,923
1762876319,0000008000000004,1309066245325,1981,924
1762876319,0000000800000004,1309070178671,1744,925
1762876343,0000008000000001,1309308773323,2966,926
1762876347,0000000100000001,1309352732284,339,927
1762876350,0000008000000004,1309374841841,4207,928
1762876352,0000000100000001,1309402361104,2532,929
1762876395,0000008000000080,1309827308061,2939,930
1762876401,0000000100000001,1309892574111,4227,931
1762876435,0000000100000001,1310224012604,5058,932
1762876456,0000008000000004,1310434828429,2749,933
1762876471,0000008000000004,1310591008346,3759,934
1762876481,0000000800000001,1310689766711,2999,935
1762876484,0000004000000001,1310717919945,1310,936
1762876507,0000000100000004,1310946969220,3110,937
1762876525,0000004000000008,1311130088031,2481,938
1762876538,000000c000000080,1311255550396,5329,939
1762876543,0000008000000080,1311308962953,2114,940
1762876545,0000008000000001,1311324585866,1176,941
1762876559,0000008000000080,1311470526572,2777,942
1762876560,0000000400000002,1311475730717,2466,943
1762876564,0000000800000004,1311517793632,5138,944
1762876575,0000000400000002,1311632018137,3461,945
1762876580,0000000100000002,1311683216666,388,946
1762876585,0000000100000008,1311726053799,2989,947
1762876592,0000008000000002,1311793538873,4145,948
1762876612,0000008000000080,1311995508684,2366,949
1762876621,0000008000000080,1312091313109,1801,950
1762876623,0000000400000008,1312111822361,574,951
1762876624,0000008000000080,1312119586410,5296,952
1762876624,0000000c00000001,1312122044188,5150,953
1762876637,000000c000000080,1312244146058,2989,954
1762876649,0000000400000080,1312367315079,784,955
1762876654,0000000100000002,1312416551169,3005,956
1762876661,0000008000000004,1312485835430,4051,957
1762876661,0000000400000001,1312486870383,3988,958
1762876676,0000004000000080,1312641398270,5074,959
1762876676,0000000400000080,1312642756835,4993,960
1762876684,0000004800000004,1312713544957,734,961
1762876690,0000000800000008,1312780490154,1896,962
1762876713,0000008000000002,1313012806814,3505,963
1762876715,0000000400000004,1313027106176,2634,964
1762876715,0000000400000080,1313029283323,2505,965
1762876716,0000000800000002,1313034211888,2212,966
1762876729,0000000800000001,1313168295485,4551,967
1762876730,0000004000000004,1313177174409,4015,968
1762876736,0000008000000002,1313240177354,224,969
1762876737,0000000100000001,1313252100081,4701,970
1762876741,0000000400000004,1313285567683,2670,971
1762876741,0000004000000080,1313290941717,2348,972
1762876743,0000008000000008,1313307592887,1352,973
1762876753,0000000100000001,1313405250414,678,974
1762876754,0000008000000080,1313416960270,5165,975
1762876756,0000008000000010,1313439020944,3843,976
1762876769,0000008000000080,1313572861054,978,977
1762876781,0000000300000001,1313686648854,4534,978
1762876788,0000000100000001,1313758243321,224,979
1762876806,0000000800000080,1313937080902,5042,980
1762876861,0000000400000080,1314491409754,2848,981
1762876869,0000000100000080,1314568870404,3390,982
1762876874,0000004000000080,1314618304534,426,983
1762876896,0000000100000001,1314840218945,2643,984
1762876902,0000008000000080,1314902196646,4129,985
1762876918,0000000100000004,1315055156986,5305,986
1762876925,0000008000000080,1315123671804,1182,987
1762876934,0000000100000080,1315223006101,408,988
1762876941,0000008000000080,1315288386363,1662,989
1762876958,0000000100000001,1315461763306,1620,990
1762876977,0000000800000008,1315651423310,606,991
1762876981,0000000400000002,1315687370394,3635,992
1762876981,0000004000000080,1315687840988,3606,993
1762876982,0000000400000004,1315696768453,3058,994
1762876984,0000008000000002,1315713517925,2057,995
1762876985,0000000100000080,1315729463331,1100,996
1762876990,0000000100000002,1315778439309,3346,997
1762877012,0000000100000008,1316000853779,364,998
1762877016,0000000400000008,1316035626440,3458,999
1762877031,0000000400000001,1316190210971,4553,1000
1762877037,0000004000000001,1316252070546,829,1001
1762877040,0000008000000080,1316275032896,4651,1002
1762877048,0000008000000080,1316358244116,4836,1003
1762877054,0000000800000008,1316421933280,997,1004
1762877060,0000008000000080,1316476333618,2910,1005
1762877061,0000000800000008,1316489367533,2131,1006
1762877091,000000c000000081,1316788486658,4924,1007
1762877092,0000004000000002,1316796228537,4465,1008
1762877133,0000004000000080,1317204790064,655,1009
1762877152,0000000100000001,1317401155892,4433,1010
1762877159,0000000100000001,1317467637677,430,1011
1762877181,0000000400000080,1317686280515,2842,1012
1762877190,0000000400000002,1317781140213,2333,1013
1762877218,0000008000000002,1318060477878,1117,1014
1762877290,0000000400000002,1318777970405,4713,1015
1762877291,0000008000000080,1318783333258,4394,1016
1762877312,0000000400000001,1318997142615,1907,1017
1762877316,0000004000000002,1319040469088,4508,1018
1762877329,0000000400000008,1319169349760,1935,1019
1762877344,0000004000000004,1319315914558,3509,1020
1762877366,0000008000000080,1319534823477,733,1021
1762877367,0000008000000001,1319546593353,5216,1022
1762877376,0000000100000001,1319634995842,5092,1023
1762877390,0000008000000002,1319776802967,1753,1024
1762877402,0000000400000001,1319894607414,5059,1025
1762877405,0000008000000080,1319932295501,2778,1026
1762877415,000000c000000080,1320029813362,2113,1027
1762877441,0000008000000002,1320284283449,2384,1028
1762877451,0000000100000002,1320390256477,1209,1029
1762877466,0000000100000001,1320536448709,2794,1030
1762877489,0000008000000002,1320770405545,4326,1031
1762877493,0000000100000004,1320812574518,1775,1032
1762877504,0000008000000080,1320922971542,336,1033
1762877510,0000000200000002,1320981153111,2021,1034
1762877511,0000000500000001,1320984790476,1804,1035
1762877521,0000008000000080,1321084013017,1029,1036
1762877571,0000000400000001,1321591213781,1682,1037
1762877584,0000004000000001,1321717093536,4512,1038
1762877595,0000004000000080,1321829782857,2906,1039
1762877627,0000000800000004,1322149274385,4483,1040
1762877627,0000000800000002,1322149567098,4466,1041
1762877649,000000c000000080,1322364699783,1900,1042
1762877652,0000000400000008,1322401996175,4860,1043
1762877654,0000008000000008,1322417745309,3914,1044
1762877666,0000004000000004,1322539759572,1757,1045
1762877684,0000000800000008,1322717223216,1469,1046
1762877700,0000000100000004,1322881217740,1992,1047
1762877702,0000000800000080,1322896312837,1086,1048
1762877723,0000000100000080,1323107069267,4002,1049
1762877735,0000000800000004,1323231699493,1687,1050
1762877737,0000008000000002,1323244628116,911,1051
1762877738,0000008000000080,1323253825956,364,1052
1762877739,0000000400000080,1323272363648,4449,1053
1762877743,0000000100000002,1323311649202,2070,1054
1762877745,000000c000000080,1323331656624,871,1055
1762877752,0000004000000008,1323394309352,2289,1056
1762877752,0000008000000080,1323402314600,1811,1057
1762877772,0000000800000001,1323593117936,728,1058
1762877790,0000000200000001,1323774058808,235,1059
1762877800,0000000100000001,1323875856242,4503,1060
1762877817,0000000100000001,1324044241204,4760,1061
1762877840,0000000100000004,1324280362673,935,1062
1762877846,0000008000000080,1324336181076,2761,1063
1762877851,0000000100000008,1324388287771,4837,1064
1762877867,0000008000000080,1324548484698,396,1065
1762877873,000000c000000080,1324603478317,2268,1066
1762877900,0000008000000001,1324882284801,1083,1067
1762877905,0000000100000080,1324930913063,3351,1068
1762877918,0000008000000008,1325056687930,981,1069
1762877920,0000000100000002,1325073705416,5154,1070
1762877924,0000000100000008,1325114159617,2709,1071
1762877930,0000000400000001,1325175957808,4206,1072
1762877937,0000000400000001,1325243793624,5308,1073
1762877953,0000000800000008,1325412003228,391,1074
1762877957,0000000400000080,1325447398164,3448,1075
1762877965,0000008000000008,1325526515284,3891,1076
1762877972,0000008000000008,1325598301909,4767,1077
1762877984,0000000100000001,1325714681974,2943,1078
1762877996,0000000800000008,1325840229181,600,1079
1762878009,0000000100000002,1325969687832,3189,1080
1762878025,0000000100000008,1326127938749,4075,1081
1762878035,0000008000000080,1326231419828,3024,1082
1762878052,0000000100000004,1326398864176,3346,1083
1762878072,0000000800000002,1326592989464,2056,1084
1762878078,0000004000000080,1326655060005,3521,1085
1762878098,0000004000000002,1326853159775,1988,1086
1762878129,0000004000000008,1327170729342,3667,1087
1762878136,0000000400000004,1327238214812,4805,1088
1762878146,0000000400000004,1327341870382,3762,1089
1762878156,0000004000000080,1327440708747,2996,1090
1762878174,0000000100000001,1327622137616,2471,1091
1762878183,0000004000000001,1327709683281,2401,1092
1762878187,0000000100000001,1327746454749,203,1093
1762878204,0000000100000002,1327914698351,469,1094
1762878213,0000000100000002,1328003273873,335,1095
1762878215,0000000100000008,1328032360363,3779,1096
1762878230,0000000100000008,1328182091839,5155,1097
1762878235,0000000400000008,1328229872023,2273,1098
1762878248,0000000100000001,1328356099482,5076,1099
1762878263,000000400000000c,1328512365757,869,1100
1762878282,0000000100000001,1328696940815,162,1101
1762878291,0000000100000001,1328784472402,5275,1102
1762878294,0000000800000004,1328819260804,3177,1103
1762878317,0000004800000080,1329043677852,5266,1104
1762878326,0000000100000004,1329133444210,5062,1105
1762878326,0000004000000080,1329139344385,4714,1106
1762878332,0000000100000002,1329193363728,1453,1107
1762878338,0000004000000002,1329258734147,2706,1108
1762878343,0000000400000004,1329311649543,4737,1109
1762878349,0000000100000001,1329365837599,1467,1110
1762878360,0000004000000080,1329476853041,5179,1111
1762878373,0000004000000001,1329606697979,2553,1112
1762878379,0000004000000080,1329666607379,4163,1113
1762878399,0000000800000008,1329869523607,2328,1114
1762878416,0000000800000008,1330033660359,2839,1115
1762878416,0000000800000008,1330033820704,2829,1116
1762878425,0000004000000080,1330126947134,2423,1117
1762878429,0000004000000080,1330171716623,4937,1118
1762878430,0000008000000080,1330181687981,4344,1119
1762878434,0000000100000001,1330219357397,2063,1120
1762878446,0000008000000008,1330339167342,5246,1121
1762878455,0000000100000001,1330423298119,193,1122
1762878482,0000004000000002,1330701420476,4243,1123
1762878485,0000008000000080,1330723550803,2891,1124
1762878494,0000000400000004,1330817274598,2449,1125
1762878500,0000008000000004,1330877922551,4013,1126
1762878500,0000004000000004,1330878776807,3961,1127
1762878506,0000000400000080,1330941189947,205,1128
1762878507,0000008000000080,1330951356045,4787,1129
1762878509,0000000400000001,1330962822355,4100,1130
1762878515,0000000800000080,1331031703715,5140,1131
1762878518,0000000100000080,1331062650201,3274,1132
1762878544,0000008000000004,1331312897796,3815,1133
1762878554,0000008000000080,1331418534650,2638,1134
1762878558,000000c000000080,1331455251414,445,1135
1762878568,0000000100000001,1331555139980,4823,1136
1762878571,0000000400000001,1331589023513,2768,1137
1762878626,0000008000000080,1332139882558,808,1138
1762878637,0000000400000008,1332247811488,4712,1139
1762878640,0000000100000001,1332277347272,2916,1140
1762878650,0000000400000001,1332382716350,1780,1141
1762878657,0000004000000006,1332446341300,3141,1142
1762878658,0000001000000080,1332460617632,2283,1143
1762878659,0000000200000001,1332464816409,2033,1144
1762878668,0000008000000004,1332554001695,1864,1145
1762878668,0000004000000004,1332557862434,1631,1146
1762878674,0000000100000001,1332621208657,3009,1147
1762878679,0000000800000008,1332668867331,162,1148
1762878688,0000008000000080,1332757732305,5192,1149
1762878699,0000000800000001,1332872675287,3360,1150
1762878724,0000004000000004,1333112818355,4620,1151
1762878735,0000000100000003,1333223648068,3130,1152
1762878735,0000000200000004,1333227182509,2914,1153
1762878736,0000008000000008,1333239471561,2180,1154
1762878745,0000008000000002,1333328589211,2015,1155
1762878762,0000004000000080,1333493230776,2493,1156
1762878765,0000000500000008,1333525718116,553,1157
1762878770,0000000100000004,1333581122010,2400,1158
1762878774,0000000800000004,1333615973684,319,1159
1762878775,0000000100000001,1333629437674,4706,1160
1762878793,0000000800000008,1333803026586,4652,1161
1762878814,0000008000000080,1334015456280,2247,1162
1762878814,0000000800000008,1334017405457,2130,1163
1762878882,0000004000000080,1334695367926,2894,1164
1762878888,0000004000000008,1334752851609,4650,1165
1762878888,0000008000000080,1334757120470,4396,1166
1762878891,0000000800000002,1334784102614,2750,1167
1762878891,0000000100000002,1334791945173,2284,1168
1762878925,0000000100000008,1335132129012,2591,1169
1762878931,0000000100000001,1335187053934,4504,1170
1762878938,0000008000000004,1335256273250,334,1171
1762878939,0000004400000001,1335269376203,4743,1172
1762878951,0000000400000080,1335391181837,2591,1173
1762878966,0000000800000001,1335536439342,4261,1174
1762878981,0000008000000008,1335685198004,501,1175
1762879015,0000000800000080,1336027165711,705,1176
1762879016,0000000800000002,1336038194658,5231,1177
1762879033,0000000100000001,1336206649351,300,1178
1762879034,0000008000000080,1336220712282,4651,1179
1762879036,0000000100000004,1336238572287,3567,1180
1762879045,0000004000000004,1336328856296,3325,1181
1762879051,0000000100000004,1336387582323,4995,1182
1762879052,0000008000000080,1336393770558,4629,1183
1762879057,0000008000000080,1336445511574,1504,1184
1762879094,0000000400000008,1336818049701,5068,1185
1762879097,0000004000000001,1336843658758,3526,1186
1762879101,0000008000000080,1336888343658,839,1187
1762879103,0000000400000001,1336911899446,4626,1188
1762879122,0000004000000001,1337093860382,4068,1189
1762879149,0000000100000002,1337369154797,3071,1190
1762879152,0000000800000008,1337396150650,1452,1191
1762879154,0000000800000080,1337416772845,222,1192
1762879171,0000008000000008,1337583257067,593,1193
1762879189,0000004000000001,1337771462058,4855,1194
1762879216,0000000800000002,1338041514360,4197,1195
1762879227,0000000100000002,1338152069032,2719,1196
1762879237,0000000400000002,1338251226353,1956,1197
1762879238,0000008000000080,1338254885833,1737,1198
1762879269,0000000800000002,1338568617412,3645,1199
1762879275,0000000100000002,1338630529500,5113,1200
1762879276,0000000400000008,1338638884781,4621,1201
1762879279,0000000100000001,1338670517118,2695,1202
1762879280,0000000800000001,1338680076985,2127,1203
1762879295,0000000800000002,1338828895483,3569,1204
1762879311,0000004000000002,1338987545539,4424,1205
1762879320,0000008000000002,1339079634249,4078,1206
1762879327,0000000100000080,1339146666917,5229,1207
1762879328,0000008000000080,1339153398344,4830,1208
1762879340,0000008000000080,1339275392568,2667,1209
1762879345,0000008000000002,1339327502793,4747,1210
1762879345,0000000800000004,1339328810304,4670,1211
1762879362,0000000100000004,1339494760161,5068,1212
1762879370,0000000100000006,1339576242115,170,1213
1762879374,0000000100000004,1339613250631,3124,1214
1762879384,0000000100000001,1339714001849,2260,1215
1762879391,0000000100000001,1339787868821,3007,1216
1762879393,0000000100000001,1339805788327,1936,1217
1762879396,0000000100000002,1339838318960,5175,1218
1762879397,0000000400000001,1339849248703,4529,1219
1762879410,0000004000000004,1339980425223,1818,1220
1762879419,0000000100000003,1340064170419,1974,1221
1762879430,0000000200000008,1340178185107,319,1222
1762879438,0000008000000080,1340262228972,457,1223
1762879441,0000000800000002,1340286148051,4219,1224
1762879457,0000004000000008,1340445633870,5004,1225
1762879467,0000000100000001,1340550166238,3915,1226
1762879467,0000000800000002,1340550439476,3898,1227
1762879521,0000008000000080,1341084422412,2923,1228
1762879527,0000008100000002,1341145541063,4463,1229
1762879535,0000004000000002,1341227168616,4741,1230
1762879542,0000000100000001,1341297417316,514,1231
1762879551,0000000400000008,1341390620122,5288,1232
1762879560,0000000800000008,1341474450642,253,1233
1762879560,0000000500000001,1341480006533,5107,1234
1762879561,0000008000000004,1341487174505,4686,1235
1762879564,0000000100000008,1341517457780,2843,1236
1762879567,0000000400000080,1341551642042,798,1237
1762879577,0000008000000080,1341643198569,489,1238
1762879581,0000000400000004,1341684442203,3190,1239
1762879610,0000000100000001,1341977363384,1155,1240
1762879612,0000000800000002,1342002084231,4870,1241
1762879623,0000000100000008,1342106241556,3799,1242
1762879639,0000004000000004,1342263582976,4726,1243
1762879649,0000000200000001,1342372537168,3353,1244
1762879652,0000008000000008,1342396206777,1932,1245
1762879664,0000008000000080,1342518248063,4983,1246
1762879677,0000000800000008,1342643642497,2621,1247
1762879678,0000000400000080,1342654585053,1971,1248
1762879703,0000008000000080,1342903265033,2585,1249
1762879706,0000008000000002,1342941275703,316,1250
1762879708,0000000800000002,1342953323043,4785,1251
1762879723,0000008000000080,1343104645428,871,1252
1762879735,0000008000000080,1343227405485,3880,1253
1762879755,0000000400000004,1343427113304,2243,1254
1762879759,0000000400000001,1343468857999,4936,1255
1762879771,0000000100000004,1343592035316,2697,1256
1762879782,0000008000000004,1343693633979,1795,1257
1762879790,0000000100000001,1343781725588,1691,1258
1762879803,0000000400000002,1343907417743,4531,1259
1762879849,0000000800000002,1344366989781,2834,1260
1762879876,0000000800000004,1344632500329,2447,1261
1762879885,0000004000000080,1344731109918,1715,1262
1762879893,0000000800000008,1344809449819,2194,1263
1762879894,0000000800000001,1344818612158,1646,1264
1762879924,0000008000000080,1345113126681,4716,1265
1762879933,0000000500000001,1345204239862,4432,1266
1762879936,0000000800000080,1345238200567,2371,1267
1762879955,0000008000000080,1345429025919,1283,1268
1762879973,0000000800000004,1345609512005,820,1269
1762879973,0000008000000080,1345610103135,784,1270
1762879976,0000008000000080,1345635452475,4462,1271
1762879979,0000000400000003,1345668778896,2438,1272
1762879984,0000000800000002,1345713509410,4954,1273
1762880005,0000008000000008,1345928097825,2422,1274
1762880013,0000000400000080,1346008378409,2784,1275
1762880015,0000000100000001,1346023631268,1874,1276
1762880041,0000000800000008,1346283777713,1807,1277
1762880047,0000000800000004,1346349914710,3017,1278
1762880060,0000004000000002,1346480446935,374,1279
1762880062,0000008000000080,1346494625820,4719,1280
1762880070,000000c000000080,1346573086003,5182,1281
1762880078,0000008000000080,1346657922157,5273,1282
1762880085,0000004000000004,1346724728758,1252,1283
1762880096,0000000800000002,1346838297012,4819,1284
1762880099,0000000400000002,1346867732769,3032,1285
1762880103,0000000800000080,1346906841830,691,1286
1762880105,0000008000000080,1346930034352,4498,1287
1762880114,0000000800000001,1347013021677,4698,1288
1762880131,0000000400000004,1347187028193,4620,1289
1762880135,0000004000000004,1347230516063,1991,1290
1762880140,0000004000000002,1347278515095,4312,1291
1762880177,0000000100000004,1347649677948,2738,1292
1762880200,0000000200000001,1347872445197,4936,1293
1762880258,0000000400000080,1348455752269,1005,1294
1762880258,0000000400000080,1348459497861,783,1295
1762880258,0000004000000080,1348459740964,769,1296
1762880262,0000008000000080,1348496132567,3778,1297
1762880277,0000000100000004,1348645939903,5149,1298
1762880293,0000000100000001,1348805760400,731,1299
1762880300,0000000100000001,1348878526387,1543,1300
1762880301,0000008000000008,1348887285484,1016,1301
1762880308,0000004000000008,1348953948676,2198,1302
1762880311,0000000800000002,1348986195455,268,1303
1762880315,000000c000000080,1349023369910,3214,1304
1762880320,0000004000000080,1349075563300,5274,1305
1762880325,0000000800000002,1349124883244,2301,1306
1762880325,0000008000000080,1349128507817,2086,1307
1762880357,0000008000000001,1349444434702,3869,1308
1762880360,0000000100000001,1349474896216,2027,1309
1762880364,0000000800000002,1349521553250,4429,1310
1762880369,0000000c00000001,1349565153297,1791,1311
1762880372,0000000100000008,1349593802295,5264,1312
1762880385,0000000100000001,1349728019839,2376,1313
1762880390,0000000800000004,1349778230649,4570,1314
1762880413,0000000400000004,1350003809691,1373,1315
1762880422,0000004000000080,1350102239763,655,1316
1762880423,0000000100000001,1350106748557,384,1317
1762880426,0000000100000004,1350136591586,3782,1318
1762880427,0000008000000001,1350148411143,3058,1319
1762880443,0000008000000002,1350306521078,3952,1320
1762880450,0000000800000008,1350382089556,4603,1321
1762880451,0000000100000001,1350385877766,4375,1322
1762880457,0000000100000001,1350444346067,848,1323
1762880469,0000000400000002,1350562400785,97,1324
1762880470,0000000100000080,1350580139415,3057,1325
1762880481,0000000800000008,1350682794340,2081,1326
1762880481,0000004000000004,1350686147804,1881,1327
1762880502,0000004000000001,1350900703291,4570,1328
1762880519,0000000100000001,1351062890727,5191,1329
1762880527,0000000100000008,1351151403820,5062,1330
1762880534,0000000100000080,1351221631125,836,1331
1762880570,0000000100000001,1351578069721,178,1332
1762880571,0000004000000004,1351587113400,4829,1333
1762880588,0000000100000004,1351756217698,5039,1334
1762880610,0000000100000001,1351981307808,1882,1335
1762880616,0000008000000001,1352035671706,3814,1336
1762880622,0000000800000080,1352097660092,5271,1337
1762880623,0000004000000001,1352107610206,4684,1338
1762880625,0000008000000080,1352127280338,3490,1339
1762880680,0000000100000001,1352680549944,1371,1340
1762880699,0000008000000080,1352864819956,681,1341
1762880708,0000000100000001,1352960698346,5297,1342
1762880714,0000000100000001,1353014148652,2078,1343
1762880734,0000000800000004,1353212620519,538,1344
1762880740,0000000100000002,1353280603863,1634,1345
1762880758,0000008000000004,1353458520764,1317,1346
1762880758,0000008000000080,1353459694385,1248,1347
1762880763,0000004000000008,1353504360007,3764,1348
1762880765,0000008000000080,1353526001830,2448,1349
1762880778,0000000100000003,1353653913364,5150,1350
1762880780,0000000100000001,1353673597032,3975,1351
1762880787,0000000100000001,1353744390768,4908,1352
1762880791,0000000800000008,1353791870850,2042,1353
1762880808,0000000800000008,1353954355067,2650,1354
1762880817,0000004000000004,1354050289121,2079,1355
1762880829,0000008000000080,1354163054239,500,1356
1762880834,000000c000000004,1354221042660,2194,1357
1762880858,0000000800000080,1354457663577,3549,1358
1762880886,0000008000000080,1354735840972,2387,1359
1762880892,0000000100000002,1354797147713,3910,1360
1762880898,0000000400000008,1354860903295,5259,1361
1762880907,0000008000000080,1354943271735,313,1362
1762880924,000000c000000080,1355113494726,460,1363
1762880924,000000c000000080,1355114953323,373,1364
1762880924,0000008000000080,1355120816911,5208,1365
1762880943,0000000800000004,1355309751190,4242,1366
1762880948,0000000300000001,1355356242188,1425,1367
1762880960,0000008000000004,1355479815544,4401,1368
1762880971,0000000400000080,1355589391830,2983,1369
1762880986,000000800000008e,1355738238757,4437,1370
1762880988,0000008000000080,1355755567101,3380,1371
1762880995,0000004000000008,1355823651325,4493,1372
1762880996,0000004000000008,1355833249673,3913,1373
1762881002,0000000100000001,1355894127217,249,1374
1762881008,0000008000000002,1355957726703,1607,1375
1762881008,0000000400000001,1355961332673,1390,1376
1762881015,0000000100000001,1356026878068,2634,1377
1762881018,0000000400000002,1356061508583,567,1378
1762881019,0000008000000080,1356064446509,391,1379
1762881037,0000000800000004,1356244023363,5164,1380
1762881040,0000008000000080,1356275331267,3275,1381
1762881050,0000000400000080,1356375319647,2451,1382
1762881071,0000008000000001,1356583284926,345,1383
1762881073,0000008000000080,1356605223615,4223,1384
1762881074,0000004000000008,1356614553923,3655,1385
1762881108,0000000100000001,1356954479231,3989,1386
1762881129,0000004000000008,1357171218243,1326,1387
1762881132,0000000100000001,1357195045344,5092,1388
1762881136,0000008000000004,1357242162564,2249,1389
1762881137,0000000800000004,1357251733474,1678,1390
1762881156,0000000800000004,1357440910014,692,1391
1762881157,0000000800000080,1357442980608,569,1392
1762881158,0000000400000001,1357454202309,5084,1393
1762881171,0000000100000001,1357587848761,2232,1394
1762881194,0000000100000001,1357813372864,4265,1395
1762881201,0000000800000004,1357891447641,4759,1396
1762881217,0000000100000002,1358043939496,774,1397
1762881222,0000000400000080,1358098508573,2672,1398
1762881238,0000000800000080,1358255583901,3625,1399
1762881240,0000008000000080,1358272538878,2593,1400
1762881242,0000008000000002,1358295794681,1201,1401
1762881258,0000004000000004,1358455128752,2004,1402
1762881262,0000000800000004,1358496308447,4733,1403
1762881271,0000000100000002,1358588238592,4400,1404
1762881287,0000000200000001,1358744853132,168,1405
1762881293,0000008000000004,1358803818200,1806,1406
1762881319,0000008000000004,1359064937231,1681,1407
1762881321,0000008000000080,1359089701328,201,1408
1762881332,0000004000000001,1359193875970,4327,1409
1762881335,0000000400000080,1359224768925,2447,1410
1762881362,0000008000000004,1359493118790,1893,1411
1762881371,0000000100000002,1359591388125,1176,1412
1762881374,0000000100000001,1359619963603,4663,1413
1762881382,0000000100000080,1359692138948,313,1414
1762881383,0000000100000080,1359705446998,4714,1415
1762881399,0000000800000002,1359864646965,331,1416
1762881400,0000008000000008,1359872712514,5034,1417
1762881417,0000008000000080,1360049976062,4765,1418
1762881421,0000000400000008,1360090762384,2296,1419
1762881440,0000004000000001,1360278055476,1421,1420
1762881473,0000000400000002,1360604236780,2571,1421
1762881505,0000004000000004,1360926445165,3983,1422
1762881517,0000008000000004,1361049853064,1742,1423
1762881518,0000008000000001,1361060581719,1096,1424
1762881545,0000000400000004,1361326222687,705,1425
1762881552,0000000400000002,1361393604959,1840,1426
1762881562,0000004000000080,1361501555614,548,1427
1762881567,0000000100000002,1361548597834,2897,1428
1762881567,0000008000000080,1361549805363,2823,1429
1762881580,0000008000000080,1361674875305,511,1430
1762881580,0000000100000008,1361679124555,257,1431
1762881608,0000004000000001,1361958691315,4220,1432
1762881649,0000004000000008,1362365273498,531,1433
1762881667,000000c000000080,1362548725223,5074,1434
1762881669,0000008000000080,1362562659786,4246,1435
1762881673,0000008000000004,1362610960259,1325,1436
1762881696,0000000100000080,1362835573829,3398,1437
1762881711,0000000400000001,1362986510611,4717,1438
1762881714,0000000100000004,1363019193036,2732,1439
1762881729,0000000100000001,1363163883595,4439,1440
1762881732,0000000400000008,1363196236959,2471,1441
1762881744,000000c000000080,1363317598481,381,1442
1762881747,0000008000000002,1363348270368,3729,1443
1762881754,0000008000000008,1363420649525,4574,1444
1762881775,0000004000000080,1363629573775,2376,1445
1762881780,0000004000000080,1363673007787,4968,1446
1762881782,0000008000000008,1363694460547,3678,1447
1762881794,0000000400000001,1363820859899,1262,1448
1762881798,0000004000000004,1363858874244,4183,1449
1762881807,0000000400000080,1363948328528,3994,1450
1762881814,0000000200000003,1364015312332,5150,1451
1762881820,0000008000000008,1364075829086,1506,1452
1762881822,0000000100000001,1364092525328,511,1453
1762881835,0000008000000008,1364231897106,2499,1454
1762881836,0000000400000001,1364233698817,2393,1455
1762881854,0000000100000001,1364413129676,1992,1456
1762881860,0000000200000002,1364481307379,3080,1457
1762881865,0000000400000008,1364530397300,5329,1458
1762881883,0000008000000080,1364707067642,5092,1459
1762881883,0000000400000008,1364707439259,5069,1460
1762881932,0000000400000001,1365201434010,1319,1461
1762881949,0000000400000080,1365368781329,1640,1462
1762881951,0000000100000080,1365387141113,544,1463
1762881956,0000000100000008,1365436336574,2762,1464
1762881958,0000004000000008,1365455156942,1639,1465
1762881962,0000008000000080,1365496527493,4357,1466
1762881973,0000000100000001,1365610345447,2684,1467
1762881983,0000000400000001,1365707921470,2015,1468
1762881995,0000008000000080,1365829843857,5074,1469
1762882012,0000000400000080,1365995452892,310,1470
1762882012,0000000800000004,1366001582471,5130,1471
1762882013,0000000100000002,1366001735781,5121,1472
1762882020,0000000400000004,1366075999385,657,1473
1762882048,0000000800000002,1366357228326,4523,1474
1762882060,0000000400000008,1366473330030,2712,1475
1762882093,0000000100000001,1366804220655,3596,1476
1762882104,0000000400000004,1366915765484,2075,1477
1762882117,0000008000000080,1367042378104,4855,1478
1762882130,0000000800000008,1367174648338,2085,1479
1762882140,0000004000000002,1367275226817,1228,1480
1762882156,0000000800000008,1367432304677,2164,1481
1762882169,0000000100000008,1367565300652,4569,1482
1762882179,0000008000000004,1367666448310,3670,1483
1762882180,0000000100000001,1367674280375,3189,1484
1762882194,0000004000000008,1367818011237,4942,1485
1762882195,0000000400000002,1367826006343,4469,1486
1762882196,0000000100000002,1367836036142,3861,1487
1762882212,0000004000000080,1367994051562,4745,1488
1762882230,0000000200000002,1368180209772,3935,1489
1762882232,0000000100000001,1368196660132,2927,1490
1762882237,000000c000000080,1368250334780,4907,1491
1762882243,0000000800000002,1368310547991,1276,1492
1762882247,0000000100000002,1368346050224,4351,1493
1762882249,0000000400000008,1368371226402,2813,1494
1762882252,0000008000000001,1368394067028,1447,1495
1762882255,0000008000000004,1368430951268,4437,1496
1762882285,0000000400000080,1368730474515,1986,1497
1762882293,0000000100000003,1368807185349,2558,1498
1762882298,0000000100000008,1368856403233,4810,1499
1762882299,0000000400000080,1368870310544,3975,1500
1762882299,0000000800000001,1368870838576,3943,1501
1762882306,0000008000000008,1368938887091,5037,1502
1762882319,0000008000000004,1369069581583,2358,1503
1762882327,0000000400000008,1369144030904,3074,1504
1762882330,0000000100000001,1369181157918,850,1505
1762882348,0000008000000002,1369358165636,595,1506
1762882352,0000000100000080,1369392048596,3750,1507
1762882415,0000008000000080,1370023113579,2138,1508
1762882415,0000008000000008,1370025392211,2003,1509
1762882415,0000000100000001,1370026593580,1930,1510
1762882416,0000000800000001,1370033836664,1495,1511
1762882431,0000004800000088,1370183723173,2857,1512
1762882438,0000000400000080,1370256266110,3703,1513
1762882455,0000008000000004,1370424073370,4002,1514
1762882458,0000000100000001,1370457344517,1989,1515
1762882459,0000000800000008,1370469808902,1238,1516
1762882485,0000000100000008,1370728369816,1267,1517
1762882492,0000008000000080,1370800168543,2141,1518
1762882506,0000004000000080,1370937635923,4275,1519
1762882509,0000000400000008,1370967626342,2452,1520
1762882522,0000000400000002,1371098826056,1727,1521
1762882529,0000000100000080,1371169835038,687,1522
1762882570,0000000400000001,1371573095117,2387,1523
1762882571,0000008000000080,1371583117105,1791,1524
1762882571,0000000100000001,1371590408925,1352,1525
1762882586,0000000100000008,1371733526560,3126,1526
1762882594,0000004000000008,1371815139120,3415,1527
1762882595,0000008000000004,1371829892218,2522,1528
1762882596,0000008000000008,1371836160911,2150,1529
1762882599,0000000400000004,1371866783747,319,1530
1762882610,0000000100000001,1371977945206,4024,1531
1762882619,0000008000000080,1372064004230,4040,1532
1762882620,0000008000000080,1372072555366,3515,1533
1762882628,0000000100000001,1372158401414,3547,1534
1762882635,0000008000000001,1372225791726,4695,1535
1762882636,0000000100000001,1372239066870,3895,1536
1762882639,0000008000000004,1372270920430,1968,1537
1762882641,0000000100000080,1372282986869,1242,1538
1762882656,0000000800000001,1372438904138,2248,1539
1762882675,0000000400000001,1372628770320,1217,1540
1762882683,0000000100000001,1372703471813,1913,1541
1762882739,0000000800000002,1373267315366,4374,1542
1762882754,0000000800000080,1373420720657,335,1543
1762882757,0000004000000001,1373444091150,4127,1544
1762882758,0000004000000004,1373454768906,3472,1545
1762882760,0000000800000008,1373479151324,2004,1546
1762882771,0000000800000080,1373585183433,825,1547
1762882779,0000000100000001,1373669896124,921,1548
1762882804,0000008000000002,1373915210781,1744,1549
1762882808,0000008000000080,1373953346551,4657,1550
1762882837,0000008000000080,1374249720360,2392,1551
1762882839,0000004000000001,1374262332015,1639,1552
1762882839,0000000400000008,1374267985567,1298,1553
1762882842,0000000100000002,1374294480836,4907,1554
1762882862,0000000100000004,1374493731128,3299,1555
1762882862,0000000100000008,1374500504393,2886,1556
1762882880,0000000100000008,1374676121917,2710,1557
1762882880,0000000400000002,1374677442038,2631,1558
1762882892,0000000100000001,1374798921718,533,1559
1762882897,0000000100000008,1374843416649,3037,1560
1762882908,0000000100000001,1374959799661,1235,1561
1762882910,000000c000000080,1374977229254,197,1562
1762882917,0000000100000002,1375047773311,1138,1563
1762882925,000000890000008e,1375129227377,1431,1564
1762882933,0000000400000004,1375210226551,1754,1565
1762882946,0000000100000001,1375333569467,4733,1566
1762882954,0000000100000001,1375417041938,4903,1567
1762882966,0000008000000080,1375532547551,3136,1568
1762882979,0000000400000080,1375662385381,531,1569
1762882989,0000008000000080,1375767962659,4574,1570
1762882994,0000004000000004,1375819177364,1480,1571
1762882996,0000000200000008,1375835580494,502,1572
1762882998,0000008000000001,1375856798854,4426,1573
1762883021,0000004000000001,1376083786336,1145,1574
1762883030,0000008000000008,1376178378693,655,1575
1762883033,0000004000000008,1376205231340,4242,1576
1762883038,0000000800000080,1376259970446,936,1577
1762883044,0000000100000001,1376320530864,2479,1578
1762883045,0000000800000008,1376323736162,2288,1579
1762883057,0000000400000001,1376450544282,5057,1580
1762883075,0000000100000080,1376630967176,4600,1581
1762883084,0000000800000004,1376718487515,4531,1582
1762883106,0000000100000003,1376941192817,1507,1583
1762883118,0000000200000001,1377055688453,5015,1584
1762883119,0000000100000001,1377063687446,4536,1585
1762883121,0000000800000008,1377084462996,3276,1586
1762883121,0000000100000004,1377089713333,2956,1587
1762883122,0000008000000080,1377098868946,2406,1588
1762883130,0000000400000008,1377180391836,2695,1589
1762883133,0000000400000080,1377204874906,1228,1590
1762883140,0000000400000002,1377281243384,1830,1591
1762883143,0000000100000080,1377307390458,265,1592
1762883144,0000000800000001,1377313851648,5065,1593
1762883183,0000000400000008,1377704036051,2361,1594
1762883201,0000004000000008,1377887579860,1715,1595
1762883205,0000008000000008,1377922698733,4805,1596
1762883205,0000000100000001,1377926327234,4590,1597
1762883218,0000000100000003,1378056302775,1952,1598
1762883219,0000000100000002,1378069499239,1159,1599
1762883236,0000001000000080,1378234592339,1615,1600
1762883256,0000008000000080,1378432861265,5273,1601
1762883264,0000000100000002,1378517569048,184,1602
1762883296,0000008000000001,1378839225723,1604,1603
1762883298,0000000100000001,1378854241274,705,1604
1762883301,0000000800000002,1378884995710,4056,1605
1762883304,0000000100000001,1378918839260,2006,1606
1762883306,0000000100000005,1378938246700,843,1607
1762883317,0000000400000008,1379043060118,4928,1608
1762883320,0000000400000008,1379074307029,3037,1609
1762883321,0000000400000002,1379086646059,2297,1610
1762883325,0000000400000001,1379128299302,4995,1611
1762883326,0000004000000080,1379135729874,4556,1612
1762883328,0000000800000002,1379153909099,3450,1613
1762883337,0000000100000001,1379250583204,2821,1614
1762883339,0000008000000004,1379264792427,1973,1615
1762883344,0000004000000002,1379313207058,4267,1616
1762883369,0000000400000004,1379571266474,4327,1617
1762883379,0000000100000004,1379663734894,3956,1618
1762883394,0000000800000080,1379812813307,181,1619
1762883396,0000004000000080,1379838623139,3822,1620
1762883403,0000000100000001,1379905646357,4983,1621
1762883408,0000000100000001,1379952131464,2176,1622
1762883420,0000004000000080,1380076689375,5078,1623
1762883452,0000000800000002,1380396805861,1399,1624
1762883460,0000008000000002,1380477827494,1720,1625
1762883492,0000008000000080,1380798147867,3224,1626
1762883495,0000004000000002,1380830319896,1291,1627
1762883497,0000000100000007,1380851525299,5212,1628
1762883532,0000004000000080,1381196275720,5250,1629
1762883544,0000000800000001,1381321555986,2899,1630
1762883586,0000004000000001,1381737129260,3888,1631
1762883591,0000000400000080,1381783815732,1069,1632
1762883592,0000008000000001,1381799022013,164,1633
1762883594,0000000100000001,1381814069214,4458,1634
1762883598,0000000400000002,1381855059818,1977,1635
1762883601,0000000400000004,1381886757188,5268,1636
1762883602,0000000400000004,1381897973620,4605,1637
1762883606,0000000100000080,1381936851041,2248,1638
1762883615,0000008000000002,1382025570763,2106,1639
1762883616,0000000800000001,1382039837216,1249,1640
1762883674,0000000400000001,1382616959264,2885,1641
1762883686,0000008000000004,1382733034251,1105,1642
1762883688,0000000100000004,1382752057848,5156,1643
1762883711,0000008000000002,1382982507826,1679,1644
1762883733,0000000800000002,1383211314320,3500,1645
1762883734,0000008800000001,1383212943741,3399,1646
1762883741,0000008000000001,1383290050886,3966,1647
1762883743,000000c000000080,1383302723893,3189,1648
1762883746,0000000800000002,1383335482657,1223,1649
1762883752,0000008000000080,1383400678107,2487,1650
1762883757,0000000800000008,1383443172285,5135,1651
1762883793,0000000800000001,1383802020482,4336,1652
1762883806,0000008000000001,1383938891076,1281,1653
1762883818,0000000300000001,1384052246369,4860,1654
1762883834,0000000100000004,1384215384696,243,1655
1762883838,0000000400000002,1384260697388,2692,1656
1762883843,0000004000000080,1384310481476,4908,1657
1762883844,0000000100000002,1384315241385,4627,1658
1762883858,0000008000000080,1384457647414,1240,1659
1762883873,0000000800000004,1384607289549,2619,1660
1762883892,0000004000000001,1384795522560,1692,1661
1762883894,0000008000000080,1384820864472,178,1662
1762883895,0000000400000004,1384829792123,4834,1663
1762883930,0000000400000080,1385176681142,4746,1664
1762883934,0000000100000005,1385212340332,2582,1665
1762883944,000000cc0000008c,1385317065955,1485,1666
1762883956,0000000100000004,1385437117003,4662,1667
1762883989,0000004000000001,1385766438854,431,1668
1762884000,0000000600000004,1385872071553,4471,1669
1762884009,000000c000000080,1385971035056,3704,1670
1762884011,0000000400000008,1385987367589,2705,1671
1762884039,0000004000000004,1386264633955,1619,1672
1762884066,0000000400000004,1386534038109,996,1673
1762884069,0000000400000002,1386568489528,4130,1674
1762884074,0000004000000080,1386616493311,1228,1675
1762884083,0000000100000008,1386710573762,767,1676
1762884110,0000008000000080,1386980387174,5310,1677
1762884115,0000000400000002,1387023009934,2737,1678
1762884115,0000008000000080,1387030300963,2303,1679
1762884118,0000008000000080,1387061200153,457,1680
1762884128,0000004000000008,1387156015411,5135,1681
1762884130,0000000800000001,1387181128730,3626,1682
1762884149,0000000100000001,1387370246146,2624,1683
1762884162,0000008000000080,1387498187238,5326,1684
1762884167,0000000800000008,1387543480963,2594,1685
1762884167,0000000100000001,1387546747383,2397,1686
1762884168,0000000400000001,1387555155053,1899,1687
1762884176,0000000400000002,1387637049364,2163,1688
1762884186,0000008000000002,1387741439278,1081,1689
1762884188,0000004000000008,1387756286038,196,1690
1762884196,0000008100000002,1387838479254,445,1691
1762884207,0000004000000002,1387950679315,4088,1692
1762884229,0000000100000001,1388161646700,1773,1693
1762884239,0000008000000002,1388261882192,939,1694
1762884259,0000008000000001,1388470111386,4006,1695
1762884263,0000000100000080,1388508529191,1682,1696
1762884273,0000000100000001,1388610728656,734,1697
1762884280,0000008000000080,1388676120973,1988,1698
1762884291,0000000400000008,1388786077011,577,1699
1762884296,0000000800000001,1388838867412,2580,1700
1762884300,000000c000000080,1388878659142,203,1701
1762884301,0000000100000002,1388889973095,4719,1702
1762884311,0000008000000008,1388987573572,4043,1703
1762884319,0000000400000002,1389061956511,4760,1704
1762884322,0000008000000080,1389096110612,2686,1705
1762884338,0000000400000008,1389256157594,3457,1706
1762884349,0000004000000008,1389364363901,2139,1707
1762884351,0000004000000004,1389382424598,1054,1708
1762884366,0000004000000008,1389538492813,2053,1709
1762884384,0000000100000001,1389712975780,1947,1710
1762884394,0000000100000080,1389819698070,726,1711
1762884405,0000008000000080,1389921896696,4966,1712
1762884406,0000008000000080,1389931849516,4376,1713
1762884409,0000008000000080,1389963548437,2448,1714
1762884419,0000000800000002,1390061519142,1756,1715
1762884425,0000000800000080,1390127103971,2998,1716
1762884435,0000000800000008,1390224610313,2329,1717
1762884435,0000000100000001,1390225630406,2268,1718
1762884438,0000000100000001,1390253954547,576,1719
1762884442,0000000400000080,1390298784625,3060,1720
1762884444,0000000400000001,1390315979010,2030,1721
1762884452,0000004000000004,1390395976570,2408,1722
1762884463,0000004000000008,1390503860156,1117,1723
1762884481,0000000800000080,1390690905814,263,1724
1762884490,0000000100000004,1390774476651,429,1725
1762884497,0000000800000001,1390846164882,1301,1726
1762884499,0000008000000004,1390864114443,233,1727
1762884530,0000008000000002,1391176877878,2182,1728
1762884531,0000004000000004,1391184139808,1748,1729
1762884531,0000000800000001,1391190923208,1338,1730
1762884538,0000000400000080,1391253425098,2766,1731
1762884549,0000000100000001,1391365056442,1253,1732
1762884568,0000008000000008,1391553971516,286,1733
1762884574,0000008000000080,1391613617123,1882,1734
1762884575,0000008000000088,1391625768200,1152,1735
1762884575,0000004000000004,1391629541482,928,1736
1762884577,0000000800000004,1391646663765,5093,1737
1762884580,0000008000000080,1391677654663,3222,1738
1762884603,0000008000000004,1391907909570,4961,1739
1762884615,0000000100000080,1392029698353,2817,1740
1762884635,0000000100000008,1392229321854,1202,1741
1762884645,0000008000000080,1392330060686,348,1742
1762884650,0000000800000080,1392376766516,2714,1743
1762884671,0000000400000002,1392590750299,248,1744
1762884679,0000000100000080,1392670117484,663,1745
1762884683,0000004000000080,1392704863069,3770,1746
1762884689,0000004000000080,1392771088056,4978,1747
1762884699,0000000400000002,1392861447415,4741,1748
1762884707,0000000800000080,1392944712443,4924,1749
1762884715,0000000100000001,1393025503062,5252,1750
1762884715,0000008000000008,1393028535895,5072,1751
1762884719,0000000100000002,1393070948669,2509,1752
1762884724,0000000800000001,1393121068389,4708,1753
1762884732,0000000400000080,1393197244035,5309,1754
1762884739,0000000800000080,1393270744092,889,1755
1762884754,0000000100000001,1393413442764,2682,1756
1762884762,0000000100000002,1393498549966,2756,1757
1762884765,0000004000000002,1393523999242,1233,1758
1762884771,000000c000000080,1393584442755,2784,1759
1762884789,0000000100000080,1393765511099,2283,1760
1762884798,0000008000000008,1393854855385,2105,1761
1762884806,0000000800000008,1393941070584,2113,1762
1762884811,0000000400000001,1393986375942,4597,1763
1762884812,0000004000000008,1393993143113,4190,1764
1762884822,0000000400000080,1394092605809,3388,1765
1762884868,0000000100000001,1394561237079,1168,1766
1762884916,0000000200000080,1395040793431,3487,1767
1762884919,0000008000000080,1395069873816,1735,1768
1762884926,0000000100000001,1395131830329,3198,1769
1762884938,0000000400000001,1395259712128,708,1770
1762884967,0000000200000001,1395549554668,4057,1771
1762884969,0000000400000008,1395569586295,2830,1772
1762884975,0000008000000002,1395630105927,4406,1773
1762885005,0000000100000004,1395923001585,2352,1774
1762885015,0000008000000002,1396022060232,1592,1775
1762885015,0000008000000001,1396023319733,1515,1776
1762885031,0000000100000001,1396183572575,2260,1777
1762885048,0000000100000008,1396355339421,2315,1778
1762885048,0000008000000080,1396359322761,2077,1779
1762885069,0000000800000080,1396562378329,262,1780
1762885072,0000008000000080,1396594123185,3541,1781
1762885075,0000004000000002,1396627603718,1523,1782
1762885076,0000000100000003,1396637638857,921,1783
1762885080,0000008000000002,1396679078546,3626,1784
1762885085,0000004000000001,1396729218450,611,1785
1762885086,0000008000000080,1396732987996,387,1786
1762885094,0000008000000080,1396816720635,543,1787
1762885119,0000000800000002,1397062598914,1325,1788
1762885132,0000004400000080,1397193073817,3875,1789
1762885148,0000000400000080,1397353099002,4640,1790
1762885160,0000000400000004,1397472618716,2624,1791
1762885161,0000000100000001,1397481925782,2071,1792
1762885169,0000000100000001,1397567623268,2110,1793
1762885172,0000000100000002,1397597435709,326,1794
1762885188,0000000400000008,1397757286189,1091,1795
1762885222,000000c000000001,1398094371762,1588,1796
1762885234,0000000100000001,1398215293587,4714,1797
1762885255,0000000100000001,1398428141164,2284,1798
1762885265,0000004000000002,1398529024880,1413,1799
1762885276,0000000800000001,1398634045437,298,1800
1762885276,0000008000000080,1398636250541,167,1801
1762885297,0000000100000001,1398846672769,3076,1802
1762885321,0000008000000080,1399085275722,4325,1803
1762885323,000000c000000080,1399104223981,3166,1804
1762885325,0000008000000080,1399122809664,2051,1805
1762885339,0000000400000080,1399268461320,3685,1806
1762885346,0000000400000001,1399336975318,4763,1807
1762885353,0000000100000008,1399409501029,397,1808
1762885371,0000000400000008,1399590914921,5063,1809
1762885373,0000004000000008,1399605624212,4187,1810
1762885491,0000000100000008,1400783092378,869,1811
1762885514,0000008000000080,1401016680979,2391,1812
1762885524,0000008000000008,1401117211418,1543,1813
1762885525,0000004000000001,1401126421335,991,1814
1762885526,000000400000000c,1401131615489,683,1815
1762885531,0000000100000008,1401181798099,2845,1816
1762885544,0000000400000004,1401313705396,5307,1817
1762885549,0000000400000002,1401370135610,1911,1818
1762885562,0000004000000004,1401494142874,4847,1819
1762885566,0000000100000008,1401532255459,2539,1820
1762885566,0000004000000001,1401536020922,2315,1821
1762885573,0000004000000080,1401608804072,3131,1822
1762885575,0000004000000008,1401627373964,2018,1823
1762885579,000000c000000080,1401662620159,5096,1824
1762885584,0000000800000002,1401711231989,2166,1825
1762885627,0000008000000001,1402143860927,2113,1826
1762885643,0000000200000001,1402308046941,2618,1827
1762885644,0000000400000004,1402312810165,2334,1828
1762885649,0000008000000004,1402367614817,4249,1829
1762885664,0000000100000001,1402516085531,507,1830
1762885670,0000004000000001,1402577700470,1986,1831
1762885692,0000000800000004,1402797098286,4385,1832
1762885704,0000004000000004,1402916227058,2394,1833
1762885705,0000008000000008,1402927434461,1727,1834
1762885717,0000000800000008,1403046713206,4945,1835
1762885722,0000000100000001,1403092269036,2194,1836
1762885729,0000000100000008,1403168435392,2801,1837
1762885740,0000000400000001,1403273745606,1669,1838
1762885745,0000000400000008,1403330462771,3452,1839
1762885751,0000000800000080,1403383522162,269,1840
1762885756,0000008000000080,1403440793986,2008,1841
1762885757,0000000100000001,1403440912559,2000,1842
1762885761,0000008000000002,1403484949376,4559,1843
1762885784,0000008000000002,1403714215208,1143,1844
1762885791,0000000800000001,1403785644715,2039,1845
1762885795,0000004000000080,1403822246718,5038,1846
1762885809,0000000100000001,1403963339086,1739,1847
1762885811,0000000800000002,1403988287058,248,1848
1762885828,0000000100000008,1404151904904,788,1849
1762885852,0000000100000002,1404397887144,1568,1850
1762885868,0000000100000003,1404557642090,2343,1851
1762885879,0000000100000004,1404665567330,1049,1852
1762885885,0000000100000003,1404730433832,2337,1853
1762885886,0000000100000001,1404733912296,2131,1854
1762885890,0000000800000004,1404776596819,4767,1855
1762885895,0000004200000080,1404829132912,1599,1856
1762885899,0000000400000004,1404866661671,4548,1857
1762885904,0000008000000080,1404914335557,1667,1858
1762885907,0000000400000004,1404942333973,5179,1859
1762885907,0000000800000001,1404943300977,5121,1860
1762885933,0000008000000080,1405209976900,4670,1861
1762885936,0000000100000002,1405236469959,3059,1862
1762885938,0000000200000002,1405253373762,2047,1863
1762885940,0000004000000080,1405274511261,782,1864
1762885982,0000008000000001,1405694151852,1504,1865
1762885987,0000000400000008,1405747079142,3517,1866
1762886000,0000008000000080,1405873689039,1093,1867
1762886008,0000000100000001,1405959615308,1117,1868
1762886010,0000000400000002,1405975917104,5332,1869
1762886011,0000000800000001,1405981034323,5029,1870
1762886013,0000000400000080,1406009591692,3303,1871
1762886041,0000000100000008,1406286308352,2238,1872
1762886053,000000c000000080,1406408792895,5262,1873
1762886100,0000000100000004,1406872384816,3337,1874
1762886100,0000004000000004,1406876707949,3079,1875
1762886115,0000000400000008,1407025691732,4524,1876
1762886135,0000000800000001,1407222158366,3075,1877
1762886141,0000000800000001,1407290401832,4182,1878
1762886147,0000000400000008,1407343886579,953,1879
1762886148,0000000800000008,1407354932475,296,1880
1762886172,0000000100000001,1407597127593,1298,1881
1762886179,0000000100000002,1407667325157,2268,1882
1762886214,0000000800000008,1408011873558,2318,1883
1762886230,0000000300000001,1408171455540,3104,1884
1762886249,0000000800000001,1408362819013,1986,1885
1762886262,0000000400000004,1408492467148,4591,1886
1762886265,0000000100000008,1408523551319,2699,1887
1762886275,0000008000000002,1408626536494,1706,1888
1762886278,0000000100000004,1408651568060,208,1889
1762886282,0000008000000081,1408693752676,2847,1890
1762886310,0000000400000080,1408977356344,1377,1891
1762886330,0000000100000006,1409173524695,5163,1892
1762886346,0000000400000080,1409336322791,568,1893
1762886360,0000000800000008,1409473113122,2712,1894
1762886363,0000008000000080,1409505222753,792,1895
1762886369,0000000100000001,1409564893093,2387,1896
1762886372,0000000400000003,1409591429615,800,1897
1762886378,0000000400000004,1409655071067,2161,1898
1762886423,0000000200000008,1410105070173,1063,1899
1762886426,0000008000000008,1410136734198,4366,1900
1762886441,0000000100000001,1410284473518,666,1901
1762886443,0000008000000080,1410309282974,4375,1902
1762886448,0000004000000004,1410351788620,1804,1903
1762886467,0000000100000003,1410544159299,627,1904
1762886471,0000000100000001,1410587880064,3179,1905
1762886478,0000004000000004,1410655719550,4311,1906
1762886486,0000004000000001,1410732683822,4869,1907
1762886486,0000000100000001,1410733781024,4804,1908
1762886487,0000000800000001,1410742402714,4292,1909
1762886487,0000000100000001,1410750314007,3809,1910
1762886543,0000008000000002,1411302588824,1744,1911
1762886547,0000008000000002,1411346436524,4313,1912
1762886552,0000008000000002,1411397536231,1225,1913
1762886558,0000000800000080,1411458261226,2758,1914
1762886561,0000000400000088,1411489747019,876,1915
1762886567,0000000400000080,1411545995343,2676,1916
1762886569,0000008000000001,1411564365401,1578,1917
1762886593,0000008000000080,1411808864776,2447,1918
1762886633,0000000400000004,1412208037936,4425,1919
1762886654,0000000400000001,1412420494628,2018,1920
1762886656,0000000400000002,1412436559041,1053,1921
1762886702,0000004000000001,1412897361952,4511,1922
1762886705,0000008000000080,1412928899274,2593,1923
1762886705,0000000400000001,1412929668442,2547,1924
1762886735,0000000400000004,1413221964370,560,1925
1762886758,0000000100000001,1413458151599,1928,1926
1762886761,0000000400000001,1413482525021,469,1927
1762886762,0000000100000001,1413492919234,5033,1928
1762886764,0000008000000001,1413512271383,3876,1929
1762886770,0000000400000004,1413579874447,4999,1930
1762886777,0000000800000001,1413641724423,1272,1931
1762886779,0000000800000001,1413670444716,4750,1932
1762886794,0000000100000040,1413813060877,1353,1933
1762886822,0000004000000080,1414093924754,5237,1934
1762886826,0000000100000008,1414132935874,2880,1935
1762886848,0000000100000001,1414350956438,170,1936
1762886857,0000000100000004,1414444785138,4912,1937
1762886862,0000000400000002,1414497977450,1706,1938
1762886869,0000000800000004,1414562720271,2999,1939
1762886869,0000004800000001,1414569271958,2604,1940
1762886878,0000000100000002,1414660006880,2343,1941
1762886882,0000000100000001,1414698408139,5233,1942
1762886887,0000000100000001,1414742686782,2560,1943
1762886887,0000008000000080,1414749414464,2161,1944
1762886899,0000004000000080,1414867782204,245,1945
1762886935,0000000400000001,1415222703754,4865,1946
1762886950,0000000100000080,1415375337031,872,1947
1762886954,0000004000000002,1415419317092,3418,1948
1762886956,0000008000000080,1415436288244,2391,1949
1762886970,0000000100000080,1415574737510,4471,1950
1762886983,0000000800000008,1415706281754,1738,1951
1762886993,0000004000000004,1415809657939,717,1952
1762887000,0000008000000004,1415877298626,1839,1953
1762887008,0000000100000001,1415955259761,2337,1954
1762887026,0000000800000001,1416138398010,1714,1955
1762887037,0000000100000001,1416245300031,486,1956
1762887047,000000c000000080,1416346153917,4808,1957
1762887059,0000004000000008,1416468141920,2647,1958
1762887065,0000000800000002,1416523073143,4557,1959
1762887070,0000000400000004,1416576747552,1315,1960
1762887078,0000008000000008,1416659541464,1529,1961
1762887103,0000000100000008,1416903141689,2452,1962
1762887133,0000000100000001,1417208774522,4857,1963
1762887140,0000008000000080,1417276308046,791,1964
1762887156,0000000400000080,1417436795928,1520,1965
1762887170,0000000400000080,1417577908554,3420,1966
1762887206,0000000100000003,1417935965970,2648,1967
1762887218,0000000400000080,1418057141738,569,1968
1762887227,0000008000000080,1418141217300,703,1969
1762887228,0000000400000080,1418152104919,5239,1970
1762887232,0000000800000002,1418200314498,2332,1971
1762887244,0000004000000004,1418312287986,800,1972
1762887258,0000000800000003,1418460518773,2265,1973
1762887266,0000000800000008,1418537288366,2834,1974
1762887276,0000000400000002,1418633766759,2230,1975
1762887288,0000000100000004,1418759166392,5081,1976
1762887301,0000004000000008,1418884333723,2734,1977
1762887307,0000000400000001,1418943004572,4422,1978
1762887329,0000000100000002,1419169227283,1187,1979
1762887332,0000000100000080,1419195991000,4781,1980
1762887335,0000000800000080,1419225781506,2973,1981
1762887347,000000c000000080,1419346106229,936,1982
1762887362,0000008000000080,1419500675244,2024,1983
1762887371,0000000400000004,1419584038413,2201,1984
1762887376,0000004000000001,1419640039592,4043,1985
1762887378,0000008000000004,1419652586434,3274,1986
1762887379,0000004000000008,1419669188909,2273,1987
1762887382,0000008000000002,1419699120540,484,1988
1762887383,0000008000000080,1419708300903,5121,1989
1762887388,0000000400000002,1419759614103,2030,1990
1762887394,0000004000000001,1419816121284,3836,1991
1762887395,0000000100000004,1419822589134,3438,1992
1762887398,0000000100000001,1419860565951,1153,1993
1762887401,0000000800000004,1419889049751,4646,1994
1762887405,0000000800000080,1419921805850,2655,1995
1762887408,0000004000000001,1419951881476,857,1996
1762887427,0000000400000008,1420144345023,4865,1997
1762887429,0000000100000002,1420166346586,3538,1998
1762887429,0000004000000001,1420167375718,3475,1999
1762887443,0000000100000002,1420304651814,417,2000
1762887457,0000000400000002,1420443603470,2433,2001
1762887461,0000000100000002,1420484667972,5165,2002
1762887464,0000000100000001,1420519486433,3065,2003
1762887531,0000000800000001,1421189290547,4342,2004
1762887552,0000000100000001,1421400226233,2026,2005
1762887564,0000000800000080,1421513717738,403,2006
1762887587,0000008000000002,1421748258457,1868,2007
1762887596,0000004000000002,1421834573923,1871,2008
1762887604,0000000500000001,1421919383463,1962,2009
1762887609,0000000200000001,1421966140739,4358,2010
1762887615,0000000400000002,1422023914294,872,2011
1762887632,0000000800000005,1422192628744,1109,2012
1762887643,0000008800000008,1422308345791,4549,2013
1762887644,0000008000000001,1422318906703,3910,2014
1762887652,0000000400000008,1422394590866,4554,2015
1762887671,0000000100000006,1422583728393,3555,2016
1762887677,0000000400000008,1422649106168,4822,2017
1762887683,0000000100000004,1422707326813,1310,2018
1762887684,0000008800000080,1422720212154,537,2019
1762887685,0000000800000004,1422729428115,5178,2020
1762887698,0000008000000080,1422858447806,2600,2021
1762887701,0000008000000080,1422883090017,1126,2022
1762887726,0000000100000002,1423138969263,1315,2023
1762887736,0000000100000001,1423238820341,511,2024
1762887740,0000000100000004,1423279297159,3259,2025
1762887755,0000008000000008,1423423234640,4997,2026
1762887764,0000000400000008,1423512315881,4836,2027
1762887767,0000008000000002,1423545657791,2813,2028
1762887780,0000004000000004,1423673959427,307,2029
1762887794,0000000400000004,1423817402812,2056,2030
1762887796,0000000100000002,1423833408089,1095,2031
1762887812,0000004000000004,1423997848016,1591,2032
1762887843,0000004000000004,1424302879237,4031,2033
1762887847,0000008000000008,1424344312538,1525,2034
1762887850,0000004000000001,1424380109112,4579,2035
1762887863,0000008000000080,1424508001272,2066,2036
1762887871,0000008000000080,1424589272938,2366,2037
1762887885,0000004000000008,1424725988874,4551,2038
1762887894,0000000100000001,1424818000133,4209,2039
1762887905,0000004000000008,1424928873039,2710,2040
1762887909,0000000100000008,1424967711312,393,2041
1762887926,0000000400000080,1425138596744,501,2042
1762887927,0000004000000008,1425144632365,5325,2043
1762887934,0000008400000003,1425212513825,1239,2044
1762887943,0000000100000001,1425307737466,711,2045
1762887955,0000008000000080,1425428626876,3825,2046
1762887964,0000000100000002,1425520551329,3488,2047
1762887966,0000000400000002,1425533118934,2722,0
1762887983,0000000400000002,1425709781609,2485,1
1762887999,0000008000000002,1425867168890,3412,2
1762888025,0000008000000002,1426120816722,3744,3
1762888032,0000000800000004,1426194793648,4494,4
1762888068,0000000100000001,1426555587241,3556,5
1762888077,0000004000000080,1426648077907,3179,6
1762888087,0000008000000080,1426746242616,2465,7
1762888094,0000000400000008,1426813746767,3610,8
1762888105,0000000400000004,1426926625107,2008,9
1762888105,0000000100000001,1426927512476,1954,10
1762888113,0000008000000006,1427004202368,2529,11
1762888121,0000004000000008,1427087450499,2714,12
1762888128,0000000100000008,1427160063195,3552,13
1762888147,0000008000000080,1427342176919,2974,14
1762888149,0000000800000002,1427370031041,1305,15
1762888165,0000008000000002,1427524906864,2372,16
1762888168,0000000100000001,1427555844404,525,17
1762888188,0000000800000001,1427752515642,4283,18
1762888213,0000008000000008,1428008509070,4465,19
1762888223,0000000800000001,1428104421473,3887,20
1762888250,0000000800000004,1428379690581,2892,21
1762888258,0000008000000080,1428460033830,3257,22
1762888260,0000004800000080,1428477337644,2216,23
1762888262,0000000100000002,1428494821644,1168,24
1762888263,0000000100000002,1428506265699,487,25
1762888264,0000000100000002,1428515825272,5102,26
1762888267,0000000400000080,1428545102857,3336,27
1762888276,0000000100000001,1428634543647,3146,28
1762888281,0000000100000008,1428682223796,292,29
1762888293,0000004000000080,1428803229044,3391,30
1762888297,0000000100000008,1428841207638,1107,31
1762888308,0000000100000008,1428951236451,4885,32
1762888320,0000008000000080,1429075205187,2605,33
1762888346,0000000800000080,1429339709597,2280,34
1762888350,0000004000000002,1429371111180,405,35
1762888365,0000008000000002,1429528146211,1337,36
1762888368,0000008000000008,1429558939055,4691,37
1762888370,0000004000000008,1429570817101,3977,38
1762888386,0000000400000001,1429732336297,4649,39
1762888390,0000000800000001,1429779969853,1772,40
1762888398,000000010000000a,1429857966306,2270,41
1762888400,0000004000000008,1429875685830,1206,42
1762888402,0000008000000080,1429899722431,4963,43
1762888419,0000004000000080,1430066125429,162,44
1762888426,0000000800000004,1430131789974,1382,45
1762888431,0000008000000080,1430184603603,3400,46
1762888444,0000004000000080,1430318439560,552,47
1762888450,0000000400000002,1430376186291,2261,48
1762888452,0000008000000080,1430400256002,820,49
1762888453,0000000800000008,1430409223230,286,50
1762888454,0000000400000004,1430417442166,4982,51
1762888463,0000008000000080,1430507022693,4792,52
1762888483,0000000100000080,1430704917428,3264,53
1762888487,0000000400000081,1430748520261,649,54
1762888493,0000000800000008,1430808103357,2250,55
1762888497,0000000100000002,1430843324032,5330,56
1762888499,000000c000000002,1430865932869,3979,57
1762888511,0000000400000002,1430989910315,1705,58
1762888517,0000004000000004,1431041432142,3808,59
1762888524,0000008000000008,1431116219144,4508,60
1762888531,0000004000000002,1431186676087,264,61
1762888551,0000004000000004,1431387934712,3740,62
1762888578,000000800000008a,1431655253790,3230,63
1762888597,0000008000000080,1431849488299,1937,64
1762888602,0000000100000001,1431899583716,4132,65
1762888613,0000000400000004,1432007417312,2817,66
1762888622,000000c000000080,1432096342800,2661,67
1762888635,0000000800000001,1432228382337,5119,68
1762888663,0000008000000080,1432502473489,4224,69
1762888689,0000000800000002,1432766199453,3938,70
1762888699,0000000800000080,1432867844256,3001,71
1762888709,0000004000000001,1432963663629,2432,72
1762888710,0000004000000004,1432973483705,1847,73
1762888713,0000004000000002,1433008817280,4923,74
1762888722,0000000500000080,1433099650382,4657,75
1762888756,0000004000000008,1433432509563,213,76
1762888756,0000000100000001,1433436055678,5187,77
1762888761,0000000400000002,1433481885251,2422,78
1762888761,0000000100000001,1433483211380,2343,79
1762888782,0000000100000001,1433700294244,4879,80
1762888798,0000000100000004,1433857801618,598,81
1762888800,0000000400000008,1433870543413,5024,82
1762888819,0000004800000080,1434067226375,3580,83
1762888830,0000008000000080,1434175387151,2260,84
1762888831,0000000100000008,1434181922136,1870,85
1762888837,0000008000000080,1434248871952,3031,86
1762888839,0000000100000001,1434267967806,1889,87
1762888854,0000000100000008,1434418120027,3241,88
1762888868,0000000100000008,1434556325555,5320,89
1762888869,0000000400000001,1434560400365,5077,90
1762888875,0000000100000008,1434623395039,1282,91
1762888884,0000000400000080,1434714528328,996,92
1762888885,0000008000000004,1434724662032,395,93
1762888921,0000008000000080,1435083684729,4770,94
1762888937,0000004000000008,1435245885843,207,95
1762888964,0000008000000080,1435515746317,4750,96
1762888964,0000008000000008,1435516917049,4681,97
1762888980,0000000100000001,1435674838290,372,98
1762888981,0000004000000004,1435683756429,5027,99
1762888992,0000004400000001,1435797457493,3375,100
1762889005,0000000100000001,1435925012929,899,101
1762889007,0000000200000002,1435943349671,4992,102
1762889021,0000000800000002,1436086643355,1562,103
1762889024,0000000400000008,1436111422832,5267,104
1762889035,0000008000000001,1436228080830,3442,105
1762889044,0000000100000001,1436319743867,3118,106
1762889048,0000008000000001,1436355884036,949,107
1762889068,0000000400000008,1436553538507,4655,108
1762889069,0000000100000008,1436563760843,4038,109
1762889075,0000004000000080,1436629723308,5255,110
1762889105,0000000800000008,1436921093353,3304,111
1762889116,0000008000000082,1437037441708,1501,112
1762889133,0000000100000002,1437201040673,505,113
1762889147,0000008000000002,1437341524375,3998,114
1762889167,0000000100000004,1437541387669,2346,115
1762889187,0000008000000080,1437741674782,696,116
1762889214,0000000100000002,1438011506281,5238,117
1762889226,0000000100000001,1438140133051,2684,118
1762889236,0000000100000004,1438237116664,2051,119
1762889244,0000000800000080,1438318954228,2318,120
1762889247,0000000100000001,1438349680728,485,121
1762889250,0000000800000080,1438373922799,4225,122
1762889266,0000008000000080,1438538736869,4696,123
1762889281,0000000100000008,1438690008490,784,124
1762889331,0000000800000001,1439182822431,2294,125
1762889332,0000008000000002,1439193126157,1678,126
1762889333,0000000400000008,1439210169165,660,127
1762889334,0000008000000080,1439216351694,291,128
1762889334,0000000200000080,1439217908363,197,129
1762889335,0000000400000004,1439223041922,5077,130
1762889341,0000008000000002,1439288040144,1163,131
1762889343,0000000400000004,1439304142568,203,132
1762889347,0000008000000080,1439345717291,2880,133
1762889352,0000004000000004,1439400180184,4815,134
1762889356,0000000400000008,1439432906333,2829,135
1762889358,0000004000000004,1439451993214,1689,136
1762889376,0000004000000008,1439636079339,1004,137
1762889376,0000000100000080,1439636719988,966,138
1762889388,0000000100000001,1439754143001,4303,139
1762889399,0000000800000081,1439869507569,2537,140
1762889407,0000000100000001,1439948646939,2970,141
1762889453,0000004000000002,1440406993755,1375,142
1762889456,0000008000000004,1440439955650,4600,143
1762889478,0000000800000001,1440656452761,1952,144
1762889479,0000000100000002,1440661010632,1679,145
1762889485,0000008000000080,1440726324323,2936,146
1762889488,0000000100000001,1440752425067,1372,147
1762889498,0000000400000008,1440852304587,565,148
1762889517,0000004000000004,1441043240373,4667,149
1762889537,0000000400000080,1441246984821,2779,150
1762889554,0000000100000080,1441416387608,2979,151
1762889556,0000000100000001,1441432551297,2011,152
1762889575,0000004000000002,1441621343031,1044,153
1762889580,0000008000000080,1441674189101,3052,154
1762889583,0000004000000002,1441701598776,1409,155
1762889585,0000000400000004,1441723197350,5306,156
1762889592,0000008000000004,1441793374866,1083,157
1762889594,0000004000000008,1441817764477,4818,158
1762889608,0000000800000007,1441957531913,1596,159
1762889619,0000000400000002,1442064829771,345,160
1762889632,0000004000000008,1442195969861,2827,161
1762889640,0000000400000001,1442270690012,3538,162
1762889651,0000008000000001,1442381726225,2049,163
1762889669,0000008000000002,1442564755122,1426,164
1762889678,0000000100000003,1442657123816,1066,165
1762889685,0000008000000080,1442725037117,2172,166
1762889689,0000000100000001,1442764008072,5028,167
1762889698,0000000100000001,1442853648343,4834,168
1762889698,0000008000000080,1442858718250,4534,169
1762889707,0000000800000001,1442944764453,4553,170
1762889709,0000000800000080,1442964401787,3356,171
1762889721,0000000400000001,1443085461397,1268,172
1762889723,0000004000000080,1443108647005,5073,173
1762889726,0000000400000080,1443138045543,3298,174
1762889728,0000000400000008,1443153458231,2367,175
1762889745,0000000800000001,1443323587623,2519,176
1762889748,0000000100000008,1443358204528,453,177
1762889751,0000004000000080,1443383425843,4134,178
1762889779,0000000100000002,1443665427544,2732,179
1762889786,0000000100000001,1443734081850,3813,180
1762889799,0000000c00000004,1443864156484,1173,181
1762889817,0000004000000080,1444048973491,452,182
1762889826,0000000100000001,1444136257369,396,183
1762889831,0000008000000080,1444187741024,2478,184
1762889889,0000000800000001,1444764691355,4150,185
1762889904,0000000100000080,1444915080789,293,186
1762889935,0000008000000080,1445228840403,2184,187
1762889949,0000000800000001,1445361966018,4581,188
1762889972,0000000400000080,1445590357330,1215,189
1762889983,0000008000000004,1445703706589,4795,190
1762889994,0000000100000001,1445811279387,3511,191
1762890006,0000000100000008,1445937751440,1095,192
1762890025,0000008000000001,1446122928961,352,193
1762890025,0000000100000001,1446123653831,308,194
1762890033,0000008000000001,1446201336470,825,195
1762890038,0000000400000002,1446254085803,2833,196
1762890060,0000008000000080,1446472250393,5303,197
1762890070,0000004000000001,1446576872449,4215,198
1762890072,0000000800000080,1446590235207,3396,199
1762890072,0000000100000008,1446591980403,3290,200
1762890086,0000004000000080,1446733122157,5192,201
1762890090,0000000100000008,1446774676971,2681,202
1762890099,0000000800000080,1446862327195,2604,203
1762890106,0000000400000001,1446939480044,3159,204
1762890114,0000008000000008,1447012319734,3989,205
1762890131,0000004000000001,1447186983358,3867,206
1762890145,0000000100000002,1447320725862,1007,207
1762890151,0000000100000002,1447384335271,2369,208
1762890154,0000000100000001,1447415434727,511,209
1762890157,0000000800000008,1447441273669,4158,210
1762890177,0000008000000080,1447648875065,2042,211
1762890200,0000008800000004,1447875269502,4018,212
1762890202,0000008000000001,1447895289829,2795,213
1762890206,0000004000000002,1447932351830,581,214
1762890213,0000004000000002,1448008428682,1190,215
1762890226,0000000100000002,1448135187628,3965,216
1762890229,0000000400000001,1448168197002,1968,217
1762890241,0000000200000002,1448283311642,246,218
1762890252,0000008000000002,1448390565175,4187,219
1762890256,0000000400000001,1448433025783,1620,220
1762890257,000000c000000080,1448442645735,1041,221
1762890261,0000008000000008,1448485448654,3666,222
1762890271,000000c000000080,1448581937640,3043,223
1762890298,0000000200000002,1448852836505,2331,224
1762890301,000000010000000c,1448887912578,235,225
1762890320,0000000800000001,1449070182737,4852,226
1762890323,000000c000000080,1449104286688,2785,227
1762890333,0000008000000080,1449207756967,1763,228
1762890339,0000008000000080,1449267416371,3366,229
1762890340,0000008000000080,1449278772678,2676,230
1762890344,0000000100000001,1449319508882,244,231
1762890362,0000008400000080,1449496944115,5146,232
1762890366,0000004000000004,1449531370666,3066,233
1762890368,0000000400000004,1449549983422,1952,234
1762890368,0000000100000001,1449556709522,1548,235
1762890382,0000008000000008,1449694598677,3641,236
1762890392,0000004000000080,1449796795999,2680,237
1762890419,0000000400000004,1450061287758,2355,238
1762890427,0000000100000001,1450145170526,2500,239
1762890429,0000004000000002,1450165775025,1267,240
1762890440,000000c000000080,1450273915466,5154,241
1762890447,0000000800000008,1450345341662,857,242
1762890486,0000000100000008,1450735666022,3343,243
1762890497,0000008000000002,1450845631928,1924,244
1762890503,0000000100000004,1450901209494,3784,245
1762890511,0000000100000001,1450980293579,4224,246
1762890513,0000000100000004,1451004703250,2734,247
1762890523,0000000100000080,1451105776394,1857,248
1762890527,0000008000000002,1451139952562,5000,249
1762890529,0000000100000080,1451168642747,3267,250
1762890530,0000000800000080,1451175776597,2832,251
1762890539,0000000400000001,1451261408631,2875,252
1762890560,0000000800000002,1451473137772,541,253
1762890561,0000000400000080,1451480526422,5286,254
1762890566,0000000800000002,1451532923172,2130,255
1762890567,0000000800000004,1451542931684,1530,256
1762890568,0000004000000008,1451552172534,976,257
1762890568,0000000400000008,1451554399415,844,258
1762890572,0000008000000080,1451595344447,3575,259
1762890574,0000000400000004,1451615647464,2347,260
1762890579,0000000800000002,1451661336888,4804,261
1762890583,0000000100000001,1451703325503,2266,262
1762890586,0000000100000008,1451736910317,259,263
1762890592,0000000800000004,1451790159646,2237,264
1762890608,000000c000000080,1451957588918,2549,265
1762890615,0000000400000080,1452026772877,3594,266
1762890618,0000008000000008,1452057025334,1770,267
1762890620,0000008000000080,1452078803653,467,268
1762890631,0000004000000080,1452188841911,4242,269
1762890639,0000000800000008,1452262627699,4989,270
1762890649,0000004000000002,1452360045273,4335,271
1762890654,0000000400000080,1452412706607,1149,272
1762890655,0000000100000001,1452424343319,458,273
1762890679,0000000100000001,1452660176881,1847,274
1762890687,0000000400000008,1452748027398,1756,275
1762890691,0000000800000002,1452783514037,4823,276
1762890691,0000000800000001,1452784760217,4750,277
1762890697,0000000400000080,1452845686676,1074,278
1762890698,0000008000000006,1452857544575,370,279
1762890704,0000000100000001,1452919299086,1841,280
1762890716,0000000100000001,1453034621835,5292,281
1762890719,0000004000000080,1453060859487,3719,282
1762890738,0000000100000001,1453249888340,2722,283
1762890763,0000008000000004,1453507251956,2822,284
1762890766,0000000800000002,1453537050959,1039,285
1762890768,0000000800000004,1453556725955,5054,286
1762890776,0000000200000002,1453633297097,450,287
1762890777,0000000100000003,1453642202451,5104,288
1762890780,0000000400000002,1453673912136,3189,289
1762890807,0000008000000008,1453945898859,2409,290
1762890825,0000000200000001,1454123412733,2123,291
1762890832,0000000400000004,1454195938917,2948,292
1762890864,0000008000000002,1454514135314,4603,293
1762890877,0000008000000008,1454646055412,1848,294
1762890879,0000000100000080,1454665864610,663,295
1762890880,0000008000000080,1454672062907,293,296
1762890893,0000000100000001,1454807417856,2523,297
1762890906,0000000400000080,1454930341714,339,298
1762890908,0000000800000008,1454958336955,3850,299
1762890914,0000000400000008,1455018506718,230,300
1762890937,0000000400000002,1455246716477,2073,301
1762890939,0000008000000001,1455265218800,963,302
1762890940,0000000100000002,1455274871308,389,303
1762890953,0000000800000080,1455404272643,2979,304
1762890957,0000000100000008,1455443795212,615,305
1762890974,0000000100000004,1455618805738,477,306
1762890984,0000008000000088,1455716641157,4977,307
1762890992,0000000100000002,1455795605036,230,308
1762890994,0000000400000008,1455813158968,4374,309
1762890999,0000008000000080,1455866150831,1171,310
1762891000,0000000100000001,1455879485900,378,311
1762891011,0000000400000080,1455981431330,4637,312
1762891011,0000000400000001,1455985552939,4392,313
1762891012,0000008000000008,1455990122250,4116,314
1762891036,0000000100000001,1456230029071,5255,315
1762891059,0000004000000001,1456462690066,1645,316
1762891074,0000008000000008,1456610379449,3143,317
1762891126,0000000100000080,1457129940555,3053,318
1762891140,0000000400000001,1457269895630,5033,319
1762891146,0000000100000001,1457337828920,944,320
1762891152,0000000100000001,1457394030376,2747,321
1762891153,0000008000000080,1457403339318,2192,322
1762891161,0000000100000003,1457486003697,2411,323
1762891190,0000008000000080,1457779706035,341,324
1762891191,0000000800000002,1457785889157,5156,325
1762891212,0000000800000008,1457990184374,3250,326
1762891213,0000004000000001,1458007532261,2206,327
1762891218,0000000100000006,1458055790794,4513,328
1762891219,0000000800000001,1458063252203,4064,329
1762891221,0000008000000080,1458088758434,2509,330
1762891225,0000000800000001,1458128117427,162,331
1762891251,0000000400000001,1458387671912,5314,332
1762891252,0000000100000001,1458396196155,4808,333
1762891253,0000008000000002,1458407005023,4163,334
1762891255,0000000400000008,1458429376033,2795,335
1762891276,0000000100000008,1458638310956,629,336
1762891282,0000000d0000000d,1458692245835,2565,337
1762891290,0000000400000008,1458773003224,2900,338
1762891296,0000000400000001,1458835185856,4376,339
1762891317,0000008000000008,1459044638159,2148,340
1762891323,0000008000000002,1459101845414,3914,341
1762891326,0000004000000001,1459135593951,1873,342
1762891331,0000000800000080,1459182238075,4276,343
1762891340,0000004000000008,1459270268433,4173,344
1762891341,0000008000000080,1459288028369,3086,345
1762891350,0000008000000001,1459375419901,3023,346
1762891350,0000000200000004,1459377892328,2873,347
1762891351,0000000100000004,1459388538668,2237,348
1762891352,0000000800000002,1459393496805,1942,349
1762891368,0000004000000080,1459553036725,2724,350
1762891390,0000000100000003,1459773323749,5068,351
1762891402,0000000400000001,1459892998377,3052,352
1762891432,0000000300000001,1460199404653,217,353
1762891447,0000000400000002,1460342066480,2014,354
1762891447,0000000100000001,1460345300244,1820,355
1762891463,0000004000000004,1460501178779,2817,356
1762891468,0000000400000001,1460554864429,4806,357
1762891472,0000000100000003,1460593520010,2465,358
1762891478,0000000800000004,1460649914590,4286,359
1762891496,0000000100000004,1460833404229,3629,360
1762891502,0000000100000001,1460892458438,5267,361
1762891515,0000004000000008,1461022711292,2615,362
1762891516,0000008000000008,1461038543941,1672,363
1762891523,0000000800000008,1461101939266,3046,364
1762891562,0000008000000080,1461498971876,5141,365
1762891567,0000008000000004,1461546004126,2305,366
1762891585,0000000100000001,1461720778756,2181,367
1762891613,0000004000000008,1462002555371,820,368
1762891619,0000000500000002,1462067058437,2128,369
1762891624,0000000800000002,1462110091389,4746,370
1762891627,0000004000000004,1462144733153,2643,371
1762891643,0000000400000080,1462302326940,3562,372
1762891661,0000000100000080,1462480629913,3218,373
1762891679,0000000100000004,1462663848459,2581,374
1762891681,0000000100000080,1462684223655,1362,375
1762891696,0000000400000001,1462838890517,2442,376
1762891713,0000000100000080,1463008405937,2629,377
1762891719,000000c000000080,1463063260939,4546,378
1762891719,0000000800000004,1463069068841,4196,379
1762891725,0000000100000080,1463122746036,955,380
1762891744,0000008000000001,1463317988402,4801,381
1762891750,0000004000000008,1463372091302,1537,382
1762891750,0000008000000080,1463374063590,1419,383
1762891756,000000c000000080,1463436626820,2841,384
1762891756,0000000100000001,1463439592259,2662,385
1762891759,0000000800000001,1463464033506,1200,386
1762891784,0000004000000001,1463718172215,1495,387
1762891796,0000000800000001,1463833514130,4951,388
1762891797,0000000800000002,1463841278653,4492,389
1762891799,0000000800000002,1463864546117,3072,390
1762891810,0000004000000002,1463976737074,1522,391
1762891815,0000000800000002,1464024809745,3835,392
1762891823,0000008000000080,1464107294354,4071,393
1762891858,0000000800000008,1464451573048,4137,394
1762891871,0000000100000004,1464588839331,1061,395
1762891872,0000000400000008,1464598169953,507,396
1762891889,0000004000000080,1464768960598,620,397
1762891896,0000004000000001,1464836043990,1772,398
1762891920,0000008000000080,1465079340233,2710,399
1762891925,0000004000000001,1465128481543,4963,400
1762891932,0000000400000080,1465195078407,953,401
1762891951,0000000100000004,1465386285044,5036,402
1762891966,0000008000000002,1465537805178,1111,403
1762891972,0000000100000004,1465594259973,2902,404
1762891978,0000000800000080,1465654729393,4479,405
1762891979,0000000100000008,1465666406357,3771,406
1762891985,0000004000000004,1465728576592,5220,407
1762891994,0000000400000080,1465809691476,348,408
1762892003,0000000400000002,1465901491917,5206,409
1762892029,0000000100000001,1466159737277,5253,410
1762892032,0000008000000004,1466193567558,3212,411
1762892055,0000004000000004,1466427377025,4743,412
1762892063,0000000100000001,1466509075174,5018,413
1762892068,0000004000000001,1466557152610,2119,414
1762892077,000000c000000001,1466645130327,2021,415
1762892102,0000008000000004,1466895754668,2522,416
1762892119,0000000800000008,1467068117322,2540,417
1762892131,0000000100000080,1467183902495,782,418
1762892138,0000008000000080,1467254501247,1725,419
1762892159,0000000100000001,1467463378529,4752,420
1762892163,0000000100000002,1467503975404,2296,421
1762892173,0000000800000004,1467600107870,1711,422
1762892188,0000000800000001,1467751019129,3014,423
1762892210,0000000400000002,1467974647587,5154,424
1762892211,0000000400000001,1467981917081,4725,425
1762892229,0000004000000001,1468159840472,4413,426
1762892239,0000000100000080,1468262428701,3422,427
1762892245,0000000100000001,1468320775432,5109,428
1762892248,0000000100000080,1468354310379,3084,429
1762892266,0000000400000008,1468533723317,2676,430
1762892271,0000000200000002,1468585870731,4751,431
1762892275,0000004000000080,1468627818908,2215,432
1762892286,0000004000000002,1468736965914,851,433
1762892293,0000000800000004,1468799891123,2251,434
1762892294,0000000100000080,1468818912661,1111,435
1762892307,0000000100000080,1468940420933,4203,436
1762892313,0000000100000001,1469005474890,286,437
1762892327,0000004000000080,1469142889444,2394,438
1762892333,0000000400000008,1469205959307,3808,439
1762892334,0000000400000080,1469214154058,3304,440
1762892337,0000008000000004,1469240381186,1728,441
1762892339,0000000100000002,1469262736462,392,442
1762892344,0000000800000005,1469318504551,2219,443
1762892349,0000008000000001,1469369083497,4388,444
1762892369,0000000100000002,1469568155438,2780,445
1762892391,0000008000000080,1469785435391,5300,446
1762892394,0000000800000080,1469817563665,3365,447
1762892407,0000008000000001,1469942699770,1033,448
1762892409,0000000400000002,1469962275694,5054,449
1762892412,0000000100000080,1469991591136,3284,450
1762892431,0000000100000001,1470180660357,2296,451
1762892442,0000004000000001,1470297012017,503,452
1762892451,0000000800000080,1470383369265,503,453
1762892469,0000008000000002,1470565405954,5130,454
1762892475,0000008000000008,1470625809267,1492,455
1762892498,0000004000000004,1470849619669,3618,456
1762892516,0000000100000002,1471038054254,2657,457
1762892524,0000000100000003,1471114951324,3229,458
1762892538,0000000100000004,1471254674001,5218,459
1762892549,0000004000000001,1471367354959,3639,460
1762892561,0000004000000004,1471485641501,1711,461
1762892564,0000000800000008,1471517168411,5013,462
1762892572,0000008000000080,1471594490977,367,463
1762892581,0000000100000001,1471680948717,359,464
1762892594,0000008000000008,1471809609724,2992,465
1762892618,000000c000000080,1472050515160,4103,466
1762892621,0000008000000080,1472086040280,1952,467
1762892622,0000000400000001,1472095825937,1363,468
1762892636,0000000100000080,1472235589699,3344,469
1762892637,0000000800000001,1472244085990,2825,470
1762892640,000000c000000080,1472276064067,912,471
1762892643,0000004000000004,1472304384502,4414,472
1762892685,0000000400000001,1472722341956,5225,473
1762892685,0000000100000008,1472725561238,5039,474
1762892698,0000000400000002,1472859063325,2195,475
1762892709,0000000800000002,1472963665798,1100,476
1762892710,0000000800000080,1472975259695,411,477
1762892742,0000008000000004,1473299239080,1690,478
1762892744,0000000800000080,1473318125172,562,479
1762892754,0000000400000080,1473414668837,5137,480
1762892755,0000000400000008,1473426173438,4456,481
1762892757,0000000c00000004,1473447319539,3166,482
1762892770,0000000400000001,1473570839544,935,483
1762892770,0000000800000004,1473575942439,634,484
1762892776,0000000800000080,1473637507519,2114,485
1762892779,0000000100000002,1473661873050,658,486
1762892785,0000000100000002,1473721800341,2237,487
1762892789,0000000400000008,1473760958706,5084,488
1762892797,0000000800000001,1473848280518,5026,489
1762892807,0000008000000008,1473941560902,4617,490
1762892819,0000008000000080,1474069103100,2123,491
1762892825,0000000800000001,1474123756110,4043,492
1762892854,0000000800000002,1474416279416,2015,493
1762892862,0000000100000001,1474489821183,2779,494
1762892865,0000000100000001,1474527134212,550,495
1762892868,0000008000000002,1474549983220,4376,496
1762892876,0000000400000001,1474631087209,4689,497
1762892882,0000000100000001,1474698949110,602,498
1762892887,0000000400000008,1474743948301,3076,499
1762892900,0000008000000008,1474871075737,636,500
1762892935,0000000800000080,1475226244270,5237,501
1762892944,0000000100000003,1475315025230,5092,502
1762892948,0000008000000080,1475355688828,2633,503
1762892948,0000000800000002,1475356461614,2587,504
1762892959,0000004000000008,1475465142543,1250,505
1762892966,0000000100000001,1475534731150,2256,506
1762892971,0000004000000008,1475580754448,4696,507
1762892980,0000008000000008,1475669512203,4552,508
1762892983,0000000100000001,1475708314491,2202,509
1762892984,0000008000000001,1475714906423,1808,510
1762892991,0000000800000080,1475788598733,2562,511
1762892994,0000004000000080,1475817951617,808,512
1762892999,0000000400000080,1475868386084,2957,513
1762893002,0000000100000001,1475890665939,1625,514
1762893004,0000000400000001,1475910897808,416,515
1762893007,0000000100000001,1475948614644,3332,516
1762893027,0000000800000001,1476144863064,1917,517
1762893035,0000000400000001,1476228778469,2059,518
1762893039,0000008000000080,1476260403251,169,519
1762893043,0000000400000002,1476301710181,2861,520
1762893073,0000000100000001,1476600928315,460,521
1762893076,0000000400000002,1476637227331,3463,522
1762893110,0000000400000008,1476978676508,3707,523
1762893111,0000000400000001,1476982638003,3461,524
1762893128,0000000400000004,1477157794721,3311,525
1762893134,0000000400000002,1477213916012,5133,526
1762893154,0000008000000002,1477410977933,3671,527
1762893155,0000004000000002,1477424005464,2872,528
1762893159,0000000100000001,1477460462882,692,529
1762893160,0000000100000004,1477472895207,5136,530
1762893162,0000000800000008,1477498714642,3585,531
1762893171,0000004000000081,1477585813898,3537,532
1762893176,0000000100000080,1477632807998,714,533
1762893178,0000000100000001,1477652948296,4703,534
1762893185,0000000400000004,1477725089156,360,535
1762893197,0000000800000002,1477849216131,3271,536
1762893212,0000004000000004,1477999105300,4656,537
1762893217,0000008000000008,1478046550670,1790,538
1762893224,0000008000000080,1478116990936,2739,539
1762893243,0000000100000001,1478302037439,2003,540
1762893245,0000008000000001,1478320371616,903,541
1762893245,0000008000000002,1478324972013,630,542
1762893249,0000000100000002,1478363461129,3506,543
1762893253,0000004000000002,1478401034442,1242,544
1762893256,000000810000000c,1478434526977,4436,545
1762893259,0000008000000080,1478466519403,2490,546
1762893262,0000004000000002,1478493245792,892,547
1762893266,0000000800000040,1478532551225,3727,548
1762893274,0000008000000001,1478617569257,3808,549
1762893277,0000000800000004,1478642870461,2272,550
1762893297,0000004000000080,1478847857259,343,551
1762893299,0000000800000008,1478863007348,4630,552
1762893299,0000000400000004,1478869085693,4265,553
1762893320,0000008000000004,1479074843469,2258,554
1762893321,0000008000000080,1479085420830,1625,555
1762893347,0000008000000008,1479345035309,1591,556
1762893353,0000008000000080,1479400010869,3480,557
1762893358,0000004000000002,1479450000546,479,558
1762893359,0000000400000008,1479465373891,4750,559
1762893376,0000008000000004,1479633553642,5017,560
1762893391,0000008000000008,1479780006059,1395,561
1762893400,0000000100000008,1479877616245,722,562
1762893405,0000000400000001,1479929243626,2799,563
1762893411,0000008000000080,1479985888758,4605,564
1762893426,0000004000000002,1480133393642,916,565
1762893427,0000000100000004,1480140180234,514,566
1762893445,0000004000000080,1480323152106,5085,567
1762893448,0000008000000008,1480355373589,3138,568
1762893456,0000000800000008,1480437460537,3400,569
1762893478,0000000100000002,1480651564229,910,570
1762893488,0000000800000080,1480753580223,5161,571
1762893500,0000000800000001,1480870872665,3295,572
1762893501,0000004000000080,1480879761412,2754,573
1762893501,0000008000000080,1480887179664,2311,574
1762893509,0000000400000002,1480966690059,2720,575
1762893520,0000000400000001,1481076183290,1335,576
1762893522,0000008000000080,1481098068464,5215,577
1762893540,0000008000000008,1481277997730,4788,578
1762893549,0000004000000002,1481368157718,4562,579
1762893561,0000000800000001,1481488730307,2481,580
1762893564,0000000800000008,1481513541936,997,581
1762893576,0000000100000001,1481633862606,4160,582
1762893585,0000008400000003,1481719783269,4187,583
1762893589,0000008000000008,1481763072226,1568,584
1762893598,0000008000000008,1481857415533,1087,585
1762893598,0000008000000001,1481857890011,1059,586
1762893605,0000000300000001,1481922422534,2366,587
1762893627,0000004000000001,1482142983864,4695,588
1762893630,0000000800000003,1482174638647,2772,589
1762893636,0000000400000001,1482237411610,4213,590
1762893638,0000000100000001,1482257949593,2956,591
1762893639,0000000400000002,1482268601551,2318,592
1762893644,0000000400000008,1482316705046,4635,593
1762893665,0000004000000008,1482527921761,2301,594
1762893692,0000000100000001,1482791670267,2021,595
1762893702,0000000800000002,1482889717288,1316,596
1762893706,0000000100000001,1482933536396,3886,597
1762893724,000000c000000080,1483117198525,3213,598
1762893761,0000008000000080,1483479363704,2204,599
1762893765,0000000100000002,1483528231524,4474,600
1762893768,0000000100000001,1483558603341,2627,601
1762893774,0000008000000080,1483613726241,4525,602
1762893777,0000000800000008,1483639899065,2930,603
1762893786,0000000800000080,1483732617215,2547,604
1762893810,0000000800000001,1483972299213,3727,605
1762893822,0000000100000002,1484094074810,1587,606
1762893829,0000008000000008,1484164628104,2530,607
1762893836,0000008000000080,1484237416407,3350,608
1762893842,0000000900000001,1484296140936,5018,609
1762893843,0000004000000004,1484301935835,4677,610
1762893844,0000008000000001,1484315056177,3886,611
1762893859,0000000800000001,1484464025279,5304,612
1762893890,000000c000000084,1484771746857,2370,613
1762893907,0000000400000008,1484940309118,2614,614
1762893916,0000008000000080,1485033498345,2208,615
1762893930,0000004000000001,1485176260623,4023,616
1762893938,0000000400000008,1485249637640,4802,617
1762893963,0000000200000001,1485504707875,5036,618
1762893970,0000000400000080,1485570232040,1088,619
1762893973,0000008000000080,1485603332694,4305,620
1762893977,0000000100000001,1485640802088,2036,621
1762893994,0000000100000001,1485811294173,2166,622
1762894001,0000004000000080,1485888256155,2724,623
1762894007,0000004100000080,1485939447205,4856,624
1762894008,0000008000000080,1485955019998,3922,625
1762894041,0000000100000004,1486288769915,4624,626
1762894050,0000000800000001,1486378835925,4400,627
1762894055,0000000100000004,1486427904549,1435,628
1762894092,0000004000000080,1486798626236,5109,629
1762894097,0000008000000080,1486843621680,2394,630
1762894114,0000008000000080,1487014996542,2471,631
1762894129,0000000400000004,1487161529310,4064,632
1762894131,0000000800000001,1487185196159,2619,633
1762894133,0000004000000001,1487201207495,1665,634
1762894140,0000004800000001,1487274803163,2425,635
1762894143,0000000100000001,1487306820270,514,636
1762894149,0000000800000002,1487361072304,2429,637
1762894154,0000000400000004,1487415060492,4397,638
1762894159,0000008000000080,1487466755479,1272,639
1762894174,0000000100000002,1487615619795,2697,640
1762894187,0000000800000002,1487748767048,5088,641
1762894217,0000000100000040,1488045314734,2820,642
1762894223,0000000100000001,1488103981312,4508,643
1762894243,0000000800000002,1488306971955,2662,644
1762894258,0000000400000002,1488453694944,4246,645
1762894266,0000000100000003,1488538794490,4322,646
1762894285,0000000800000002,1488728177354,3302,647
1762894289,0000004000000080,1488768383622,888,648
1762894318,0000000100000001,1489052226128,4600,649
1762894343,0000000400000002,1489307689591,4810,650
1762894360,000000040000000f,1489475815607,5080,651
1762894360,0000000100000001,1489477712280,4968,652
1762894385,0000000800000002,1489726072215,419,653
1762894394,0000000100000005,1489818778688,5222,654
1762894398,0000000100000003,1489856887191,2922,655
1762894399,0000000100000008,1489864061095,2490,656
1762894406,0000000400000004,1489937850154,3250,657
1762894407,0000008000000080,1489939980543,3119,658
1762894407,0000000800000004,1489948809331,2586,659
1762894408,0000000400000004,1489951643681,2418,660
1762894412,0000004000000008,1489994454414,5046,661
1762894413,0000004000000004,1489999931293,4723,662
1762894414,0000000100000001,1490014453791,3849,663
1762894420,0000000800000080,1490071918121,391,664
1762894422,0000000400000001,1490090177018,4490,665
1762894430,0000004000000004,1490169476062,4908,666
1762894456,0000000100000001,1490435783174,4478,667
1762894477,0000000100000001,1490646757923,2158,668
1762894484,000000c900000081,1490714124087,3302,669
1762894508,0000008000000080,1490955851063,4357,670
1762894545,0000000400000080,1491326736414,2801,671
1762894546,0000004000000008,1491337257511,2173,672
1762894547,0000000800000003,1491341516559,1920,673
1762894559,0000008000000080,1491460172243,5174,674
1762894565,0000004000000001,1491526913492,1155,675
1762894611,0000004000000008,1491981758804,4965,676
1762894615,0000008000000080,1492019170346,2701,677
1762894627,0000000200000001,1492142857527,470,678
1762894637,0000000100000001,1492240034252,5011,679
1762894649,0000000400000008,1492367941416,2497,680
1762894667,0000000100000001,1492542346730,2397,681
1762894673,0000000100000080,1492606097085,3768,682
1762894676,0000008000000002,1492636818759,1913,683
1762894691,0000000100000004,1492783864562,3456,684
1762894697,0000000400000008,1492842004807,5155,685
1762894715,0000000100000001,1493022824500,4676,686
1762894722,0000008000000080,1493091076539,565,687
1762894743,0000004000000080,1493306688817,3165,688
1762894746,0000004000000002,1493335155694,1455,689
1762894776,0000008000000080,1493638431652,4002,690
1762894785,0000008000000001,1493720839180,4240,691
1762894787,0000004000000004,1493743424819,2859,692
1762894792,0000008000000080,1493794252902,5009,693
1762894804,0000000100000001,1493915191600,2917,694
1762894813,0000000100000004,1494005457376,2680,695
1762894828,0000004000000001,1494151997010,4275,696
1762894858,0000004000000001,1494457769177,1448,697
1762894862,0000008000000080,1494489199064,4764,698
1762894862,0000000100000004,1494491061021,4654,699
1762894872,0000000800000008,1494589633452,3916,700
1762894879,0000000800000008,1494661839307,4766,701
1762894882,0000008000000080,1494694795542,2763,702
1762894905,0000004000000008,1494924810002,4534,703
1762894913,0000004000000008,1495001532404,5101,704
1762894914,0000004000000004,1495012727260,4439,705
1762894919,0000008000000080,1495068055995,1096,706
1762894949,0000008000000008,1495360201017,4312,707
1762894960,0000004000000080,1495473413727,2673,708
1762894982,0000004000000004,1495693796029,5012,709
1762894999,0000000800000002,1495868376431,4901,710
1762895014,0000000200000080,1496015911466,1212,711
1762895016,000000c000000080,1496036543342,5169,712
1762895028,0000000800000002,1496155941244,3172,713
1762895034,0000000400000008,1496214359302,4865,714
1762895039,0000008000000001,1496261323858,2032,715
1762895039,0000000800000008,1496264889557,1818,716
1762895042,0000000100000001,1496292046154,193,717
1762895054,0000000400000008,1496411106874,3411,718
1762895055,0000000200000008,1496423067200,2684,719
1762895086,0000000400000002,1496732612916,4855,720
1762895096,0000000100000002,1496831643750,4097,721
1762895118,0000000400000080,1497057061874,914,722
1762895119,0000000100000080,1497060372352,717,723
1762895140,0000002000000020,1497278464799,3170,724
1762895144,0000008000000080,1497317328545,841,725
1762895147,0000000400000004,1497339352866,4717,726
1762895150,0000000400000080,1497374399160,2591,727
1762895171,0000000100000004,1497584423543,362,728
1762895172,0000000400000008,1497593834612,4989,729
1762895193,0000000100000080,1497798915160,3026,730
1762895196,0000000100000004,1497831235728,1088,731
1762895198,0000000400000001,1497853445539,4952,732
1762895201,0000000800000080,1497885807928,2994,733
1762895202,0000000100000004,1497890321106,2719,734
1762895216,0000000400000004,1498030957304,4667,735
1762895236,0000000400000002,1498234871859,2769,736
1762895237,0000000100000008,1498242296244,2325,737
1762895249,0000000100000002,1498359514128,482,738
1762895270,0000000400000004,1498578428198,2880,739
1762895295,0000000100000008,1498821960281,3829,740
1762895306,0000004000000001,1498936546184,2119,741
1762895323,0000000100000008,1499101330627,2588,742
1762895323,0000000200000002,1499107578197,2218,743
1762895325,0000000400000080,1499126842265,1062,744
1762895330,000000c000000008,1499169242896,3713,745
1762895361,0000000100000001,1499480424821,576,746
1762895384,0000000400000002,1499710146933,2328,747
1762895387,0000004000000080,1499740849351,493,748
1762895387,0000000100000008,1499742252958,408,749
1762895397,0000000100000001,1499843068982,4735,750
1762895414,0000000800000006,1500015832852,4732,751
1762895424,0000000100000001,1500109917952,4267,752
1762895440,0000000100000080,1500277911228,4550,753
1762895461,0000000100000001,1500487856413,2291,754
1762895471,0000000800000001,1500580279679,1930,755
1762895499,0000000100000001,1500863858123,462,756
1762895518,0000000400000008,1501051610034,4752,757
1762895518,0000008000000004,1501054362982,4589,758
1762895520,0000004000000080,1501071814036,3528,759
1762895525,0000000100000080,1501121524980,544,760
1762895543,0000008000000080,1501302406740,5238,761
1762895549,0000000100000001,1501362730449,1609,762
1762895549,0000004000000004,1501363455422,1564,763
1762895550,0000000100000002,1501377106259,748,764
1762895557,0000000100000001,1501439158460,2201,765
1762895579,0000008000000001,1501660439365,4490,766
1762895583,0000000100000001,1501705675626,1754,767
1762895594,0000008000000080,1501813352742,479,768
1762895600,0000008000000002,1501875402562,1933,769
1762895601,0000000100000080,1501879079367,1711,770
1762895606,0000008000000001,1501929392154,3888,771
1762895625,0000008000000080,1502124686296,2512,772
1762895629,0000000100000002,1502163494187,194,773
1762895631,0000004000000080,1502185057432,4095,774
1762895634,0000000100000004,1502214228406,2323,775
1762895644,0000008000000002,1502311434149,1674,776
1762895646,0000008000000080,1502332016023,444,777
1762895647,0000004000000080,1502346304838,4779,778
1762895654,0000000100000001,1502417095867,520,779
1762895690,0000000800000080,1502773383881,5055,780
1762895696,0000008000000080,1502837833616,1173,781
1762895700,0000000400000001,1502876640260,4044,782
1762895703,0000000100000003,1502904710269,2339,783
1762895714,0000000100000080,1503012145927,1076,784
1762895715,0000000100000001,1503020969029,553,785
1762895719,0000000400000008,1503066764904,2976,786
1762895727,0000000400000080,1503143630210,3557,787
1762895729,0000008000000001,1503163200724,2371,788
1762895742,0000004000000082,1503297500547,4696,789
1762895752,0000000100000001,1503394123801,4080,790
1762895757,0000008000000004,1503447992327,831,791
1762895758,0000000800000080,1503451000206,653,792
1762895772,0000000100000001,1503593554037,2452,793
1762895785,0000000400000001,1503727666942,4789,794
1762895797,0000008000000080,1503848584820,2692,795
1762895805,0000008000000002,1503920644855,3562,796
1762895824,0000000100000002,1504110560475,2515,797
1762895825,0000004000000004,1504121785521,1848,798
1762895836,000000c000000080,1504237907226,5254,799
1762895838,0000008000000080,1504256388104,4154,800
1762895858,0000000800000004,1504454385108,2608,801
1762895862,0000000100000008,1504493278099,287,802
1762895902,0000008000000080,1504890894666,2324,803
1762895918,0000000100000001,1505050098771,3135,804
1762895923,0000008000000008,1505106480714,4948,805
1762895980,0000000100000001,1505678374606,1705,806
1762896000,0000008000000008,1505878024495,5279,807
1762896017,0000004000000080,1506043085967,549,808
1762896018,0000000400000008,1506050203730,5310,809
1762896021,0000000400000008,1506086703849,3106,810
1762896024,0000004000000002,1506114847830,1419,811
1762896027,0000000800000002,1506141199170,5035,812
1762896063,0000000100000001,1506500258635,4219,813
1762896091,0000004800000008,1506783397371,2747,814
1762896098,0000000100000002,1506855149117,3639,815
1762896109,0000000400000001,1506963808480,2287,816
1762896112,0000000800000001,1506992830495,553,817
1762896116,0000008000000007,1507035829690,3148,818
1762896126,0000008000000080,1507137195302,2245,819
1762896142,0000000100000004,1507293995605,3201,820
1762896184,0000000100000001,1507711687466,4062,821
1762896215,0000000100000001,1508020950092,1029,822
1762896216,0000000100000005,1508035823534,5329,823
1762896224,0000000400000080,1508109241843,914,824
1762896224,0000004000000080,1508116300184,495,825
1762896227,0000000400000080,1508144028261,4025,826
1762896228,0000000400000080,1508154663400,3371,827
1762896229,0000000400000008,1508161076477,2980,828
1762896232,0000008000000080,1508189054827,1302,829
1762896243,0000000800000008,1508301610594,4927,830
1762896247,0000000400000004,1508345017233,2305,831
1762896251,0000000800000082,1508379902637,221,832
1762896255,0000004000000080,1508422642023,2825,833
1762896287,0000008000000008,1508740915588,4479,834
1762896329,0000004000000001,1509164355381,4968,835
1762896356,0000000200000080,1509435746415,4235,836
1762896408,0000008000000004,1509953395356,4260,837
1762896411,0000000100000008,1509988169453,2151,838
1762896427,0000000100000002,1510139902658,3414,839
1762896436,0000008000000080,1510232799717,3014,840
1762896449,0000000100000008,1510363021897,390,841
1762896455,0000008800000004,1510420565870,2111,842
1762896457,0000000800000008,1510447960272,473,843
1762896484,0000004000000080,1510711929492,178,844
1762896489,0000000400000004,1510768112089,1982,845
1762896501,0000000100000008,1510878871747,521,846
1762896504,0000000100000008,1510911645794,3744,847
1762896506,0000008000000080,1510934551488,2354,848
1762896507,0000004000000002,1510940892087,1976,849
1762896509,0000008000000080,1510967806999,367,850
1762896524,0000000800000001,1511109687539,2209,851
1762896539,0000000100000002,1511264383315,3292,852
1762896549,0000000800000008,1511364347417,2468,853
1762896550,0000008000000002,1511373733988,1910,854
1762896557,0000004000000080,1511445397397,2785,855
1762896577,0000000400000004,1511646026512,1112,856
1762896593,0000000100000004,1511801718622,2133,857
1762896603,0000000800000008,1511899224740,1463,858
1762896615,000000c000000080,1512019444366,4634,859
1762896622,0000000400000004,1512094916128,5276,860
1762896630,0000008000000080,1512175483193,436,861
1762896634,0000004000000002,1512213472587,3336,862
1762896642,0000000800000008,1512290400096,3914,863
1762896646,0000000400000080,1512335456742,1192,864
1762896648,0000004000000080,1512351387706,244,865
1762896652,0000000100000001,1512392594921,2942,866
1762896654,0000000800000002,1512415500576,1572,867
1762896655,0000000800000001,1512423842632,1071,868
1762896666,0000000400000008,1512529330278,5116,869
1762896680,0000008000000004,1512672230031,1711,870
1762896683,0000000100000008,1512708423937,4738,871
1762896695,0000008000000080,1512825745678,2855,872
1762896700,0000000100000001,1512868610343,294,873
1762896706,0000000800000005,1512929815779,1797,874
1762896720,0000000100000001,1513075460727,3424,875
1762896721,0000008000000002,1513081991690,3024,876
1762896742,0000008000000080,1513297742917,450,877
1762896746,0000000100000008,1513334329534,3436,878
1762896749,0000004000000008,1513362049396,1767,879
1762896774,0000000400000001,1513613340647,2229,880
1762896782,0000000100000001,1513691976785,2689,881
1762896793,0000008000000080,1513805457744,1064,882
1762896797,0000000800000080,1513843313347,3993,883
1762896808,0000000100000001,1513957733127,2289,884
1762896827,0000004000000004,1514142245342,1581,885
1762896829,0000000200000001,1514165545005,188,886
1762896841,0000004000000080,1514288213113,3185,887
1762896852,0000004000000080,1514389814851,2267,888
1762896862,0000004000000008,1514490305243,1419,889
1762896875,0000004000000008,1514624222750,3759,890
1762896902,0000004000000008,1514890368896,3323,891
1762896916,0000004000000008,1515036056517,4955,892
1762896924,0000008000000008,1515108888207,575,893
1762896924,0000008800000080,1515115567352,175,894
1762896925,0000000100000001,1515118609339,5179,895
1762896926,0000000100000080,1515133775815,4279,896
1762896946,0000000100000001,1515328638672,2923,897
1762896977,0000000800000002,1515645436986,4662,898
1762896980,0000000100000001,1515677437310,2716,899
1762896981,0000000100000008,1515679225469,2610,900
1762896986,0000008000000001,1515736405594,4385,901
1762896989,0000000400000002,1515766826900,2534,902
1762896998,0000008000000080,1515855825569,2377,903
1762896999,0000000800000004,1515866057008,1767,904
1762897012,0000000400000001,1515989896915,4717,905
1762897036,0000008000000080,1516229562143,683,906
1762897067,0000008000000080,1516539649824,2791,907
1762897074,0000008000000080,1516613662978,3545,908
1762897101,0000000400000002,1516878538014,3186,909
1762897107,0000000800000002,1516941744389,4597,910
1762897118,0000004000000080,1517051418528,3175,911
1762897120,0000004000000008,1517069097587,2112,912
1762897124,0000004000000002,1517111420678,4772,913
1762897124,0000000100000001,1517117995029,4383,914
1762897133,0000008000000080,1517206082355,4276,915
1762897175,0000000800000002,1517622819800,5167,916
1762897180,0000000400000004,1517670336766,2301,917
1762897181,0000004000000002,1517681331482,1645,918
1762897184,0000000400000002,1517717154184,4695,919
1762897191,0000000100000004,1517782306315,769,920
1762897197,0000004000000008,1517845922093,2131,921
1762897204,0000008000000080,1517915337022,3145,922
1762897209,0000000800000004,1517965263641,162,923
1762897225,0000000400000001,1518119915831,1231,924
1762897244,0000000400000080,1518308839645,264,925
1762897246,0000004000000001,1518330147907,4181,926
1762897253,000000c000000080,1518407814721,4702,927
1762897254,0000004000000002,1518417682605,4109,928
1762897283,0000000800000001,1518705946985,2333,929
1762897313,0000000100000001,1519005313804,5109,930
1762897314,0000004000000002,1519015648094,4498,931
1762897315,0000000100000008,1519022125459,4107,932
1762897317,0000008000000008,1519043719316,2787,933
1762897318,0000000400000002,1519051486680,2324,934
1762897339,0000000100000001,1519263946098,5133,935
1762897340,0000000800000002,1519274451143,4505,936
1762897379,0000000800000004,1519660649083,2042,937
1762897382,0000000100000006,1519691900551,173,938
1762897387,0000000800000001,1519740259837,2443,939
1762897389,0000000400000002,1519761559321,1167,940
1762897394,0000000400000002,1519817982418,2959,941
1762897410,0000008000000004,1519972125738,4095,942
1762897412,0000000200000001,1519994295635,2739,943
1762897414,0000000100000001,1520011646660,1705,944
1762897423,0000000100000080,1520104397696,1319,945
1762897453,0000004000000004,1520403744288,4103,946
1762897478,0000004100000002,1520649026900,4923,947
1762897520,0000000400000008,1521073641218,162,948
1762897538,0000000400000008,1521251621483,5031,949
1762897541,0000008000000004,1521287290529,2871,950
1762897543,0000004000000008,1521303313902,1916,951
1762897543,0000008000000004,1521306869751,1702,952
1762897561,0000008000000008,1521482344593,1535,953
1762897565,0000000800000002,1521521616288,4380,954
1762897567,0000000800000001,1521547800783,2783,955
1762897578,0000008000000004,1521654372618,1574,956
1762897590,0000000400000001,1521768670091,5090,957
1762897609,0000008000000002,1521959429514,4013,958
1762897624,0000000100000003,1522117688265,4876,959
1762897655,0000000400000002,1522419310852,2301,960
1762897661,0000008000000080,1522486516717,3459,961
1762897686,0000004000000003,1522734065606,4162,962
1762897725,0000000100000001,1523125446660,1381,963
1762897743,0000000400000080,1523305615542,933,964
1762897749,0000000100000004,1523358769537,2921,965
1762897762,0000000100000001,1523494884449,5132,966
1762897786,0000000100000080,1523734836021,1083,967
1762897797,0000000400000001,1523847353478,4713,968
1762897799,0000000100000002,1523866493419,3553,969
1762897811,0000000100000004,1523979487163,1948,970
1762897813,0000000200000001,1524000273576,703,971
1762897829,0000000400000080,1524168066614,992,972
1762897831,0000000400000080,1524185588459,5135,973
1762897861,0000000100000080,1524485147111,2686,974
1762897868,0000000100000080,1524548826595,4070,975
1762897875,0000000800000001,1524627659897,4523,976
1762897882,0000000100000080,1524690231870,750,977
1762897884,0000000100000001,1524715175338,4453,978
1762897902,0000000c00000080,1524895128589,4014,979
1762897918,0000000100000008,1525052816298,4912,980
1762897927,0000000800000008,1525139400386,4899,981
1762897931,0000000400000008,1525179182910,2490,982
1762897940,0000000400000002,1525272701085,2065,983
1762897940,0000000400000080,1525277298014,1790,984
1762897948,0000008000000008,1525348158803,2711,985
1762897958,0000000400000001,1525455179852,1476,986
1762897960,0000000100000080,1525473347131,393,987
1762897970,0000008000000008,1525572641886,4808,988
1762898006,0000008000000004,1525933803163,3858,989
1762898008,0000000800000002,1525953395588,2663,990
1762898039,0000000800000001,1526264953892,4717,991
1762898059,0000000400000004,1526460601589,3323,992
1762898089,0000000400000080,1526760670124,860,993
1762898092,0000000400000002,1526794607789,4020,994
1762898093,0000000400000008,1526798351041,3792,995
1762898108,0000000100000002,1526957577623,4607,996
1762898111,0000000400000001,1526986739200,2832,997
1762898127,0000000400000081,1527140365395,3998,998
1762898137,0000008000000080,1527238309508,3286,999
1762898142,0000000100000080,1527296253955,5003,1000
1762898183,0000000100000001,1527702150982,1356,1001
1762898189,0000000100000001,1527767704500,2598,1002
1762898194,0000000100000001,1527811245451,5185,1003
1762898196,0000008000000002,1527829351990,4105,1004
1762898211,0000000800000004,1527984131880,5175,1005
1762898216,0000008000000080,1528035662999,2068,1006
1762898220,0000008000000080,1528072956351,5027,1007
1762898227,0000004100000003,1528147319278,555,1008
1762898264,0000000800000001,1528517490707,4265,1009
1762898271,0000008000000080,1528581780204,393,1010
1762898294,0000000400000002,1528811226095,2161,1011
1762898305,0000000800000008,1528924951687,524,1012
1762898311,0000000100000008,1528978964706,2455,1013
1762898312,0000000800000001,1528996999910,1376,1014
1762898314,0000008000000080,1529015834167,253,1015
1762898319,0000000400000008,1529065090508,2467,1016
1762898323,0000000100000004,1529101856682,272,1017
1762898338,000000050000000c,1529255978135,1379,1018
1762898349,0000000800000004,1529361152302,256,1019
1762898360,0000008000000004,1529470056599,4097,1020
1762898381,0000008000000002,1529682367797,1700,1021
1762898381,0000004000000002,1529685125934,1534,1022
1762898403,0000008000000002,1529900062103,4202,1023
1762898411,0000004000000002,1529978221469,4693,1024
1762898413,0000000100000080,1530001012171,3306,1025
1762898415,0000008000000080,1530027514798,1715,1026
1762898417,0000004000000004,1530046274355,593,1027
1762898424,0000000100000003,1530109085114,2001,1028
1762898424,0000000100000002,1530109312540,1987,1029
1762898431,0000000400000008,1530184620979,2644,1030
1762898432,0000000400000001,1530192533071,2173,1031
1762898433,0000000800000001,1530199090350,1781,1032
1762898434,0000004000000004,1530209724493,1142,1033
1762898453,0000004000000004,1530405142392,4974,1034
1762898458,0000008000000080,1530451522201,2175,1035
1762898505,0000008000000080,1530923473872,4960,1036
1762898524,0000000800000002,1531110646725,4095,1037
1762898533,0000004000000008,1531204064793,3662,1038
1762898557,0000000800000001,1531446042117,4695,1039
1762898570,0000008000000080,1531569823848,2424,1040
1762898577,0000008000000080,1531640841957,3351,1041
1762898599,0000000400000008,1531864130124,317,1042
1762898607,0000004000000008,1531941479388,854,1043
1762898618,0000000400000002,1532056981518,4304,1044
1762898635,0000008000000008,1532218745015,4954,1045
1762898651,0000004000000002,1532384752728,165,1046
1762898667,0000000400000080,1532540353719,1183,1047
1762898669,0000004000000008,1532567091926,4779,1048
1762898670,0000000100000001,1532574048824,4365,1049
1762898687,0000008000000080,1532738307360,4866,1050
1762898707,0000008000000008,1532947317147,2665,1051
1762898709,0000000800000008,1532958112544,2023,1052
1762898713,0000000800000002,1533003638132,4494,1053
1762898733,0000004000000008,1533198293034,3153,1054
1762898734,0000000400000001,1533216562051,2057,1055
1762898758,0000008000000001,1533450266863,3586,1056
1762898760,0000004000000001,1533477885344,1921,1057
1762898761,0000000100000004,1533479546246,1821,1058
1762898768,0000000400000080,1533550724001,2725,1059
1762898776,0000000800000008,1533634771143,2863,1060
1762898795,0000000400000001,1533821187975,2045,1061
1762898795,0000000800000001,1533827566427,1663,1062
1762898796,0000000100000001,1533832608477,1358,1063
1762898806,0000008000000080,1533936289385,326,1064
1762898807,0000000400000008,1533938179851,213,1065
1762898856,0000008000000002,1534435919296,1424,1066
1762898865,0000004000000004,1534521220410,1487,1067
1762898877,0000008000000080,1534645031548,4443,1068
1762898921,0000008000000002,1535081045313,4184,1069
1762898945,0000008000000008,1535321843210,5269,1070
1762898950,0000000400000082,1535374292163,2111,1071
1762898958,0000004000000080,1535449214277,2793,1072
1762898961,0000008000000080,1535481649668,852,1073
1762898970,0000000100000002,1535569886100,740,1074
1762898977,0000000100000001,1535642976673,1531,1075
1762898987,0000000400000080,1535744757927,611,1076
1762899000,000000c000000080,1535872344064,3316,1077
1762899008,0000004000000001,1535957284814,3400,1078
1762899012,0000008000000001,1535991484878,1343,1079
1762899026,0000000400000004,1536136612879,2995,1080
1762899040,0000000800000001,1536277692042,4910,1081
1762899061,0000004000000080,1536486031933,2751,1082
1762899089,0000000100000002,1536761261128,1785,1083
1762899095,0000000800000080,1536821330801,3364,1084
1762899101,0000000100000004,1536883378648,4836,1085
1762899115,0000004000000080,1537021747766,1699,1086
1762899132,0000000400000004,1537195348035,1643,1087
1762899136,0000004000000008,1537233129562,4578,1088
1762899139,000000c000000080,1537264764895,2653,1089
1762899139,0000000100000002,1537267518709,2489,1090
1762899140,0000000800000008,1537272807856,2176,1091
1762899153,0000000800000004,1537406599425,4531,1092
1762899163,0000004000000004,1537497989878,4228,1093
1762899165,0000000100000002,1537522562223,2727,1094
1762899190,0000008000000004,1537775712533,3084,1095
1762899192,0000000400000001,1537793871356,1996,1096
1762899216,0000000400000001,1538037390427,2923,1097
1762899221,0000000100000001,1538082792023,208,1098
1762899222,0000008000000080,1538091946802,4851,1099
1762899225,0000008000000080,1538118422107,3247,1100
1762899226,0000004000000080,1538137467848,2103,1101
1762899234,0000000800000001,1538211812836,2819,1102
1762899234,0000000100000003,1538217002213,2508,1103
1762899243,000000080000000c,1538307383840,2267,1104
1762899256,0000000100000001,1538433028450,5106,1105
1762899277,0000000100000001,1538640174644,3023,1106
1762899280,0000008000000088,1538669489878,1264,1107
1762899300,0000000800000008,1538872534209,4646,1108
1762899312,0000000100000003,1538993611943,2537,1109
1762899346,0000004000000002,1539329378552,3117,1110
1762899353,0000000100000001,1539399263619,4125,1111
1762899354,0000004000000008,1539414629328,3184,1112
1762899373,0000004000000002,1539607187387,1992,1113
1762899384,0000000400000004,1539709805483,1015,1114
1762899385,0000000c00000080,1539721208759,337,1115
1762899391,0000008000000008,1539780928932,1929,1116
1762899400,0000008000000080,1539875140424,1457,1117
1762899415,0000008000000080,1540023686456,2901,1118
1762899429,0000000400000008,1540158639366,5182,1119
1762899441,0000000100000004,1540278343231,3167,1120
1762899454,0000000100000001,1540408106593,568,1121
1762899457,0000008000000080,1540437822775,3979,1122
1762899457,0000004000000004,1540440080956,3840,1123
1762899488,0000000100000003,1540753773599,550,1124
1762899492,0000000800000008,1540793163404,3367,1125
1762899497,0000000400000004,1540846425836,173,1126
1762899514,0000000800000002,1541011357340,638,1127
1762899515,0000008000000080,1541018119577,232,1128
1762899516,0000000100000001,1541035314305,4398,1129
1762899524,0000000800000001,1541112084221,4966,1130
1762899525,0000000800000001,1541125255005,4181,1131
1762899527,0000000100000001,1541146172011,2901,1132
1762899531,0000004000000001,1541180715497,835,1133
1762899534,0000008000000008,1541208760296,4352,1134
1762899537,000000c000000080,1541239208670,2499,1135
1762899599,0000008000000008,1541862891415,1347,1136
1762899619,0000000400000004,1542066895052,4670,1137
1762899623,0000008000000080,1542106286109,2283,1138
1762899678,0000000800000001,1542649903792,757,1139
1762899681,0000004000000004,1542681040683,4087,1140
1762899685,0000004000000001,1542723862539,1496,1141
1762899692,0000004000000008,1542793827282,2476,1142
1762899711,0000000800000002,1542983796376,1442,1143
1762899724,0000000100000080,1543113717015,4028,1144
1762899724,0000000800000080,1543115637755,3911,1145
1762899730,0000008000000004,1543173246054,443,1146
1762899732,0000000100000001,1543190247073,4620,1147
1762899736,0000000200000001,1543232023573,2091,1148
1762899736,0000008000000080,1543236062377,1851,1149
1762899744,0000000800000004,1543314634580,2313,1150
1762899746,0000000100000080,1543330734505,1349,1151
1762899749,0000008000000080,1543363738478,4571,1152
1762899749,0000000100000080,1543363763804,4570,1153
1762899762,0000004000000080,1543491211206,2082,1154
1762899766,0000008000000080,1543532255132,4818,1155
1762899771,0000000100000001,1543582042402,1815,1156
1762899772,0000008000000008,1543597300737,898,1157
1762899777,0000000400000080,1543639735083,3541,1158
1762899815,0000008000000004,1544024959329,1142,1159
1762899837,0000000100000001,1544240665896,3755,1160
1762899845,0000008000000002,1544326401731,3793,1161
1762899855,000000c000000080,1544425401591,3015,1162
1762899860,0000008000000080,1544474769367,5249,1163
1762899870,0000000100000001,1544568051458,4838,1164
1762899874,0000000800000008,1544615173346,1995,1165
1762899876,0000008000000001,1544636503760,717,1166
1762899878,0000000100000002,1544653363802,4899,1167
1762899906,0000008000000001,1544928671355,3923,1168
1762899907,0000008000000008,1544944128406,2976,1169
1762899908,0000000800000004,1544954914831,2329,1170
1762899912,0000008000000080,1544990501086,203,1171
1762899921,0000000400000001,1545084248251,4950,1172
1762899944,0000000800000001,1545312237198,1616,1173
1762899960,0000000100000003,1545469357027,2546,1174
1762899960,0000008000000080,1545475549034,2179,1175
1762899986,0000000800000002,1545735093437,2147,1176
1762899993,0000004000000004,1545800698558,3396,1177
1762900002,0000000800000008,1545897271856,2775,1178
1762900006,0000008000000001,1545928758799,891,1179
1762900019,0000000800000008,1546061591876,3283,1180
1762900020,0000008000000080,1546075519650,2441,1181
1762900046,0000000100000001,1546331540009,2619,1182
1762900050,0000000100000001,1546375355388,5187,1183
1762900079,0000000400000005,1546658508419,3742,1184
1762900080,0000008000000080,1546669435249,3073,1185
1762900088,0000000800000008,1546756435534,3032,1186
1762900092,0000000800000004,1546797548182,574,1187
1762900097,0000000400000008,1546838010543,3324,1188
1762900102,0000000400000002,1546891523863,5303,1189
1762900106,0000000100000004,1546934726248,2694,1190
1762900112,0000008000000004,1546993840138,4354,1191
1762900128,0000000100000006,1547148144175,262,1192
1762900153,0000008000000080,1547406281133,316,1193
1762900156,0000008000000002,1547432976771,3905,1194
1762900157,0000000800000008,1547445627282,3129,1195
1762900167,0000008000000080,1547538249986,2748,1196
1762900188,0000000100000002,1547748290986,517,1197
1762900200,0000000200000080,1547872498522,3426,1198
1762900210,0000000400000008,1547976757307,2343,1199
1762900225,0000008000000080,1548121304949,4055,1200
1762900237,0000008100000081,1548241258242,2018,1201
1762900245,0000004000000008,1548326906308,2061,1202
1762900255,0000008000000002,1548425357346,1332,1203
1762900261,0000008000000001,1548481030770,3174,1204
1762900271,0000008000000008,1548582125322,2287,1205
1762900271,0000000100000004,1548584693678,2134,1206
1762900276,0000000400000004,1548634265347,4362,1207
1762900283,0000004000000008,1548707467311,5142,1208
1762900285,0000004000000002,1548719284304,4442,1209
1762900289,0000000100000001,1548757975526,2101,1210
1762900301,0000004000000008,1548887300035,4721,1211
1762900307,0000004000000008,1548938347742,1639,1212
1762900320,0000008000000002,1549077180383,3681,1213
1762900328,0000008000000002,1549152087025,4378,1214
1762900339,0000000200000001,1549265416909,2731,1215
1762900374,0000000100000001,1549612425515,2634,1216
1762900376,0000000100000080,1549634840871,1292,1217
1762900381,0000008000000002,1549686863577,3357,1218
1762900391,0000008000000080,1549782946179,2763,1219
1762900393,0000000100000080,1549806736627,1340,1220
1762900407,0000008000000002,1549943258651,3519,1221
1762900408,0000000100000001,1549951371973,3023,1222
1762900424,0000000100000008,1550116326813,3497,1223
1762900455,0000004400000001,1550419602227,836,1224
1762900491,0000000100000004,1550778148000,5238,1225
1762900515,0000000400000002,1551025392398,755,1226
1762900516,0000008000000080,1551034280195,226,1227
1762900548,0000000100000001,1551350733349,1955,1228
1762900564,0000008000000080,1551511523485,2663,1229
1762900564,0000008000000080,1551512922860,2579,1230
1762900606,0000000100000080,1551928918037,3537,1231
1762900612,0000008000000008,1551995226091,4750,1232
1762900624,0000000400000080,1552108670439,3104,1233
1762900631,0000000800000002,1552177946538,4150,1234
1762900652,0000004000000008,1552396484499,1377,1235
1762900671,0000000400000002,1552577903188,857,1236
1762900687,0000000200000080,1552741901521,1376,1237
1762900697,0000008000000001,1552837763101,803,1238
1762900722,0000000800000080,1553091339907,1131,1239
1762900725,0000000400000002,1553118279891,4717,1240
1762900728,0000000800000008,1553156977629,2372,1241
1762900744,0000000800000080,1553312143971,3432,1242
1762900785,0000004000000088,1553718108614,4988,1243
1762900793,0000000400000004,1553802963460,5077,1244
1762900812,0000008000000008,1553987477848,4374,1245
1762900822,0000000400000080,1554092707069,3219,1246
1762900834,0000000100000080,1554217046149,940,1247
1762900836,0000004000000001,1554236159915,4990,1248
1762900853,0000000400000080,1554401708957,227,1249
1762900867,0000000800000004,1554541672579,2183,1250
1762900867,0000000100000080,1554545440926,1959,1251
1762900880,0000008000000080,1554675868532,4516,1252
1762900888,0000000100000004,1554750084603,5233,1253
1762900894,0000008000000008,1554817019532,1205,1254
1762900905,000000c000000080,1554922004067,5281,1255
1762900930,0000008000000001,1555169030335,810,1256
1762900939,0000000100000003,1555258658088,616,1257
1762900940,0000008000000080,1555273733717,4903,1258
1762900943,0000004000000008,1555307102446,2882,1259
1762900944,0000000800000004,1555312801899,2539,1260
1762900957,0000000400000004,1555438520852,187,1261
1762900965,0000004000000080,1555520031458,477,1262
1762900967,0000000100000001,1555545680540,4133,1263
1762900977,0000000100000004,1555644594577,3362,1264
1762900993,0000004000000080,1555802975644,4238,1265
1762900996,0000000100000001,1555827662363,2730,1266
1762900996,0000000100000001,1555834384765,2330,1267
1762901009,0000000800000004,1555959242299,5215,1268
1762901009,0000000100000004,1555964044324,4930,1269
1762901015,0000000100000004,1556022663226,1396,1270
1762901027,0000008000000004,1556140537442,4705,1271
1762901029,0000000100000008,1556163663336,3301,1272
1762901105,0000000800000004,1556926801332,4157,1273
1762901108,0000000400000004,1556951917215,2624,1274
1762901111,0000000400000001,1556985767941,603,1275
1762901123,0000004000000008,1557103892826,3889,1276
1762901145,0000000100000002,1557317804809,1399,1277
1762901157,0000000100000002,1557441939682,4333,1278
1762901160,0000004000000080,1557469026742,2684,1279
1762901176,0000000100000001,1557632061154,3269,1280
1762901195,0000000100000001,1557824511713,2081,1281
1762901197,0000008000000080,1557846142550,786,1282
1762901208,0000000100000004,1557955475235,4607,1283
1762901211,0000000800000002,1557978031181,3233,1284
1762901212,0000008000000080,1557988368111,2605,1285
1762901228,0000000400000008,1558154318318,3013,1286
1762901231,0000008000000002,1558184676822,1194,1287
1762901238,0000000200000005,1558252170997,2323,1288
1762901255,0000000800000008,1558425209515,2303,1289
1762901259,0000000100000008,1558457556887,370,1290
1762901259,0000004000000008,1558466912028,4998,1291
1762901272,0000000800000001,1558587802449,2906,1292
1762901272,0000000400000008,1558595002579,2474,1293
1762901290,0000000100000008,1558773338657,2138,1294
1762901296,0000000100000080,1558834777894,3644,1295
1762901300,0000008000000002,1558871832940,1410,1296
1762901302,0000004000000008,1558891803642,219,1297
1762901303,0000000800000002,1558903032361,4739,1298
1762901324,0000000100000004,1559107715394,2795,1299
1762901324,0000000400000008,1559113285759,2462,1300
1762901334,0000000800000001,1559214096144,1597,1301
1762901347,0000000800000001,1559341324869,4347,1302
1762901348,0000008000000008,1559350990858,3759,1303
1762901355,0000004000000008,1559419973220,4806,1304
1762901355,0000000800000008,1559425822199,4459,1305
1762901367,0000004000000004,1559542617403,2604,1306
1762901376,0000000400000002,1559632792276,2376,1307
1762901399,0000000100000002,1559866242646,3932,1308
1762901404,0000000400000001,1559909059111,1344,1309
1762901417,0000000100000001,1560045763058,3511,1310
1762901423,0000000100000001,1560103934343,5207,1311
1762901425,0000000100000001,1560118893637,4320,1312
1762901432,0000000100000002,1560191458861,5136,1313
1762901443,0000000100000080,1560305588186,3464,1314
1762901445,0000000100000003,1560318149708,2698,1315
1762901450,0000000800000004,1560373293366,4597,1316
1762901475,0000008000000080,1560623070559,5144,1317
1762901506,0000000800000080,1560931146804,2187,1318
1762901522,0000000400000080,1561092602901,2859,1319
1762901524,0000000100000002,1561112949530,1642,1320
1762901525,0000000400000080,1561123226142,1025,1321
1762901526,0000008000000001,1561132252569,489,1322
1762901530,0000000400000080,1561174339908,3138,1323
1762901531,0000000100000009,1561183594321,2578,1324
1762901540,0000000100000004,1561268884584,2643,1325
1762901547,0000000400000001,1561337723805,3711,1326
1762901548,0000000400000080,1561350792645,2909,1327
1762901558,0000008000000002,1561451282871,2066,1328
1762901608,0000008000000080,1561949593168,3252,1329
1762901616,0000000800000080,1562030448379,3589,1330
1762901619,0000008000000080,1562065326523,1486,1331
1762901631,0000000800000002,1562182932929,4809,1332
1762901635,0000008000000080,1562217686203,2701,1333
1762901655,0000000100000001,1562419668498,950,1334
1762901659,0000004000000004,1562460162209,3713,1335
1762901676,0000008000000004,1562627336100,4051,1336
1762901680,0000000400000002,1562668600654,1555,1337
1762901687,000000c000000080,1562741226023,2376,1338
1762901691,0000000100000001,1562786685444,4850,1339
1762901711,0000000100000001,1562986544548,3203,1340
1762901720,0000000400000008,1563071259069,3303,1341
1762901727,0000008000000008,1563144251113,4120,1342
1762901737,0000000100000001,1563246856780,3123,1343
1762901753,0000004000000008,1563397965644,4442,1344
1762901753,0000000800000004,1563404763599,4031,1345
1762901755,0000000100000004,1563422617367,2937,1346
1762901766,0000000800000001,1563527901247,1806,1347
1762901782,0000000800000008,1563688066101,2552,1348
1762901795,0000008000000080,1563818076277,5129,1349
1762901803,0000008000000080,1563899570522,232,1350
1762901822,0000000400000002,1564089963967,4367,1351
1762901827,0000004000000008,1564139082185,1397,1352
1762901838,0000000100000002,1564250829359,5068,1353
1762901843,0000000800000002,1564306090757,1740,1354
1762901844,0000000400000080,1564315693535,1163,1355
1762901862,0000008000000002,1564495031662,767,1356
1762901896,0000004000000002,1564832789410,1221,1357
1762901907,0000000800000008,1564944835823,4879,1358
1762901915,0000000400000004,1565025233725,5230,1359
1762901923,0000008000000001,1565102681788,576,1360
1762901931,0000004000000001,1565181220134,1039,1361
1762901946,0000004000000001,1565332026038,2349,1362
1762901953,0000008000000080,1565406884024,3038,1363
1762901976,0000000400000008,1565631659362,5109,1364
1762901990,0000008000000080,1565771751080,1873,1365
1762901991,0000000800000004,1565781255138,1300,1366
1762901997,0000000800000008,1565844698454,2670,1367
1762902000,0000008000000080,1565875727229,816,1368
1762902002,0000000100000004,1565893211522,4962,1369
1762902008,0000008000000004,1565954656201,1258,1370
1762902011,0000000100000008,1565977724929,5069,1371
1762902028,0000000100000001,1566150915545,5039,1372
1762902043,0000000800000002,1566301483168,1172,1373
1762902061,0000000100000001,1566482896046,654,1374
1762902099,0000000800000080,1566866783510,3527,1375
1762902118,0000000400000008,1567055774062,2535,1376
1762902134,0000000100000001,1567213441033,3448,1377
1762902141,0000000800000002,1567282821497,4481,1378
1762902141,0000004000000004,1567283936994,4415,1379
1762902186,0000000500000008,1567734163721,3285,1380
1762902201,0000008000000080,1567885622390,4579,1381
1762902222,0000000100000001,1568089960680,2654,1382
1762902223,0000004000000080,1568104147362,1807,1383
1762902246,0000008000000080,1568335178179,3494,1384
1762902250,0000000400000001,1568371488508,1307,1385
1762902259,0000000400000001,1568458975829,1233,1386
1762902262,0000008000000008,1568492002207,4463,1387
1762902271,0000004000000004,1568579263815,4405,1388
1762902281,000000c000000080,1568684776703,3236,1389
1762902291,0000004000000001,1568783835329,2467,1390
1762902302,0000004000000002,1568888217993,1388,1391
1762902320,0000000100000080,1569068740525,920,1392
1762902320,0000000800000004,1569068968057,906,1393
1762902322,0000000100000008,1569092780765,4677,1394
1762902326,0000000800000002,1569131723466,2318,1395
1762902327,0000000400000002,1569140059951,1821,1396
1762902339,0000000400000002,1569258221251,5106,1397
1762902345,0000000100000080,1569321679567,1283,1398
1762902352,0000004000000004,1569395798264,2018,1399
1762902358,0000004000000001,1569453527942,3748,1400
1762902364,0000000100000080,1569516244299,5165,1401
1762902387,0000000800000001,1569738805158,2161,1402
1762902395,0000000200000001,1569820148569,2459,1403
1762902413,0000008000000004,1569998074867,2147,1404
1762902413,0000000500000001,1570005628111,1695,1405
1762902463,0000008000000001,1570498804498,3188,1406
1762902465,0000008000000080,1570519646742,1938,1407
1762902467,0000000400000008,1570545969638,364,1408
1762902468,0000004000000080,1570549558156,162,1409
1762902476,0000000200000002,1570636244385,5313,1410
1762902485,0000000100000004,1570725379081,5147,1411
1762902498,0000000100000001,1570847663507,2976,1412
1762902498,0000004000000004,1570850036052,2832,1413
1762902509,0000000900000001,1570961101063,1353,1414
1762902510,0000000100000002,1570969816059,832,1415
1762902511,0000000100000002,1570979560515,253,1416
1762902524,0000008000000080,1571112193320,2645,1417
1762902556,0000000400000004,1571433036271,4142,1418
1762902565,0000000100000008,1571520171198,4094,1419
1762902565,0000000100000004,1571524331328,3839,1420
1762902567,0000008000000080,1571540209457,2867,1421
1762902576,0000000200000001,1571635685977,2321,1422
1762902579,0000000400000080,1571663594463,654,1423
1762902586,0000008000000001,1571731628958,1749,1424
1762902588,0000000800000002,1571753942047,415,1425
1762902589,0000004000000004,1571761999727,5119,1426
1762902613,0000000100000001,1572004934126,893,1427
1762902616,0000000400000001,1572034678876,4309,1428
1762902621,0000000400000080,1572086409876,1183,1429
1762902630,0000004000000080,1572176893829,936,1430
1762902645,0000000100000001,1572323052711,2523,1431
1762902646,0000008000000008,1572329692891,2128,1432
1762902650,0000008000000008,1572369459954,4941,1433
1762902658,0000000100000001,1572448177648,207,1434
1762902658,0000000800000002,1572454846262,4997,1435
1762902672,0000000800000008,1572588617858,2135,1436
1762902678,0000004000000001,1572653017286,3458,1437
1762902687,0000008000000080,1572746032624,3050,1438
1762902701,0000000100000003,1572880153692,192,1439
1762902731,0000000800000080,1573183637719,2694,1440
1762902757,0000008000000080,1573446489648,2466,1441
1762902765,0000000400000008,1573524447950,2970,1442
1762902785,0000000100000001,1573720290180,1585,1443
1762902819,0000000800000002,1574060193305,1914,1444
1762902826,0000000100000001,1574127417890,3058,1445
1762902840,0000000800000008,1574268845899,4951,1446
1762902844,0000000400000001,1574314966879,2167,1447
1762902890,0000000400000080,1574768707018,850,1448
1762902900,0000008000000080,1574867147129,5313,1449
1762902944,0000000100000004,1575316282171,4279,1450
1762902948,0000008000000080,1575349960849,2237,1451
1762902948,0000000100000001,1575355855620,1885,1452
1762902960,0000000400000004,1575470781802,174,1453
1762902964,0000004000000088,1575510201062,2981,1454
1762902965,0000000400000008,1575523904233,2162,1455
1762902988,0000000100000003,1575748670638,4240,1456
1762903008,0000004000000001,1575949071739,2552,1457
1762903037,0000004000000008,1576242077941,524,1458
1762903049,0000004000000002,1576358952101,3882,1459
1762903059,0000000100000001,1576466135110,2611,1460
1762903064,0000000800000080,1576511155027,5109,1461
1762903076,0000000800000080,1576633705649,2919,1462
1762903103,0000000400000008,1576905953267,2131,1463
1762903111,0000000400000080,1576977798766,2998,1464
1762903121,0000004000000004,1577084092767,1805,1465
1762903139,0000004000000008,1577261867095,1499,1466
1762903146,0000000100000004,1577336262143,2214,1467
1762903149,0000000100000004,1577366379637,415,1468
1762903199,0000000800000004,1577864623513,1599,1469
1762903232,0000000800000004,1578189467333,2827,1470
1762903240,0000000100000080,1578266930726,3367,1471
1762903255,0000000c00000004,1578420133774,4554,1472
1762903256,0000008000000008,1578432521749,3804,1473
1762903272,0000000300000001,1578596078613,4360,1474
1762903276,0000000100000008,1578627476556,2451,1475
1762903287,0000000100000080,1578739874269,892,1476
1762903288,0000000400000008,1578751406039,205,1477
1762903295,0000008000000080,1578820100004,1255,1478
1762903296,0000000100000001,1578830917503,614,1479
1762903319,000000c000000008,1579062919101,2229,1480
1762903325,0000000800000080,1579125769460,3651,1481
1762903340,0000008000000080,1579272026956,5239,1482
1762903343,0000008000000080,1579303599894,3336,1483
1762903344,0000000100000008,1579310075202,2941,1484
1762903354,0000000800000080,1579411142246,2061,1485
1762903366,0000008000000080,1579531572984,5208,1486
1762903367,0000000400000080,1579544045943,4470,1487
1762903372,0000008000000004,1579587013168,1871,1488
1762903377,0000008000000001,1579638154967,4001,1489
1762903378,0000008000000004,1579656081946,2901,1490
1762903385,000000c000000080,1579726076447,3904,1491
1762903390,0000000100000001,1579774650338,973,1492
1762903396,0000000800000002,1579836798138,2421,1493
1762903401,0000008000000080,1579886350780,4652,1494
1762903406,0000000100000001,1579931658318,1914,1495
1762903409,0000000400000080,1579960186243,208,1496
1762903421,0000004000000080,1580081949987,3260,1497
1762903432,0000000100000001,1580194254799,1700,1498
1762903465,0000000400000002,1580525213622,2561,1499
1762903479,0000000800000004,1580663511013,4650,1500
1762903487,0000000100000001,1580746150081,4868,1501
1762903499,0000000100000002,1580861091524,3134,1502
1762903500,0000000100000001,1580871380564,2514,1503
1762903513,0000000100000008,1580999051965,5231,1504
1762903516,0000000800000008,1581034403536,3096,1505
1762903527,0000008000000008,1581142471881,1795,1506
1762903534,0000000400000002,1581208492937,3013,1507
1762903551,0000008000000080,1581383716258,2858,1508
1762903556,0000000400000004,1581428205086,200,1509
1762903556,0000008000000080,1581431421430,5193,1510
1762903576,0000004000000001,1581633070392,3450,1511
1762903585,0000000800000001,1581725658887,3067,1512
1762903596,0000000800000002,1581826959761,2170,1513
1762903597,0000008000000004,1581841918985,1272,1514
1762903614,0000000400000008,1582006922391,1735,1515
1762903630,0000000400000002,1582173152317,2123,1516
1762903655,0000000200000008,1582417137943,3023,1517
1762903659,0000000100000080,1582463544436,248,1518
1762903660,0000008000000080,1582471414921,4965,1519
1762903677,0000000100000004,1582637037416,200,1520
1762903687,0000000100000001,1582739859909,4407,1521
1762903703,0000000100000002,1582898527973,5239,1522
1762903704,0000008000000080,1582908012936,4680,1523
1762903730,0000000100000004,1583168279409,4605,1524
1762903735,0000000400000008,1583219277979,1523,1525
1762903757,0000004000000002,1583438610826,3923,1526
1762903758,0000004000000080,1583454405729,5910,1527
1762903760,0000000200000008,1583474615868,1745,1528
1762903767,0000000400000004,1583537729606,3139,1529
1762903767,0000000800000008,1583538255121,3107,1530
1762903781,0000000400000001,1583684902858,4691,1531
1762903800,0000008000000001,1583872363458,3798,1532
1762903807,0000000100000001,1583941785290,4817,1533
1762903808,0000004000000004,1583953928377,4091,1534
1762903814,0000000400000002,1584010050010,707,1535
1762903819,0000000800000008,1584064201810,2630,1536
1762903836,0000000500000001,1584236003615,2682,1537
1762903845,0000000200000008,1584326639246,2427,1538
1762903880,0000004000000001,1584670114603,2540,1539
1762903881,0000008000000080,1584680511316,1921,1540
1762903941,0000000800000008,1585277282706,2377,1541
1762903944,0000000100000004,1585307510928,572,1542
1762903953,0000004000000002,1585403321808,5192,1543
1762903955,0000000800000080,1585417497942,4350,1544
1762903970,000000c000000080,1585573705540,5328,1545
1762904007,0000008000000002,1585943873867,3845,1546
1762904019,0000000400000001,1586063424363,1838,1547
1762904023,0000008000000002,1586099011735,4901,1548
1762904026,0000008000000080,1586129513414,3051,1549
1762904031,0000000100000001,1586176867641,219,1550
1762904035,0000000800000008,1586224096589,2555,1551
1762904046,0000000800000001,1586328581102,1469,1552
1762904061,0000000800000080,1586477625274,2885,1553
1762904069,0000000400000008,1586562049632,3001,1554
1762904075,0000000400000004,1586617134513,4897,1555
1762904075,0000000200000001,1586623624656,4512,1556
1762904088,0000008000000008,1586753851089,1858,1557
1762904101,0000008000000080,1586879147324,4723,1558
1762904102,0000004000000001,1586890509110,4038,1559
1762904104,0000008800000080,1586907431260,3001,1560
1762904118,0000004000000004,1587056663242,4433,1561
1762904123,0000004000000008,1587096714836,2009,1562
1762904128,0000000400000001,1587150450663,3983,1563
1762904133,0000008000000008,1587198335053,1092,1564
1762904135,0000000800000008,1587224054100,4749,1565
1762904137,0000004000000004,1587238738631,3865,1566
1762904140,0000008000000080,1587268645045,2056,1567
1762904150,0000008000000002,1587374251129,900,1568
1762904152,0000000800000004,1587391203254,5076,1569
1762904156,0000008000000001,1587435379205,2408,1570
1762904171,0000000800000080,1587586632652,3711,1571
1762904179,0000000100000008,1587665177405,4187,1572
1762904192,0000008000000080,1587788312318,1960,1573
1762904209,0000000100000001,1587958685598,2098,1574
1762904213,0000004000000080,1587998115492,4928,1575
1762904224,000000c000000080,1588114978273,3080,1576
1762904225,0000000400000008,1588119705584,2793,1577
1762904251,0000000400000004,1588379170033,2768,1578
1762904257,0000004000000002,1588437707161,4462,1579
1762904260,0000000800000080,1588467249212,2663,1580
1762904274,0000008000000001,1588613807235,4258,1581
1762904278,0000004000000004,1588649856118,2072,1582
1762904285,0000008000000080,1588725207635,2728,1583
1762904296,0000000100000001,1588831739247,1523,1584
1762904303,0000000800000008,1588903818291,2375,1585
1762904331,0000008000000080,1589180923110,1292,1586
1762904338,0000004000000004,1589251139213,2259,1587
1762904339,0000000800000080,1589266219494,1356,1588
1762904350,0000000100000008,1589366832651,506,1589
1762904357,0000008000000001,1589445732169,948,1590
1762904375,0000004400000002,1589618222628,959,1591
1762904380,0000000400000002,1589671915874,2914,1592
1762904408,0000008000000080,1589949739970,1792,1593
1762904410,0000008000000002,1589973155705,392,1594
1762904433,0000008000000080,1590203385993,2114,1595
1762904437,0000000200000001,1590238010833,5230,1596
1762904450,0000000800000002,1590367453599,2625,1597
1762904455,0000000100000080,1590416896288,4863,1598
1762904474,0000008000000008,1590609050841,3691,1599
1762904476,0000008000000080,1590631920196,2304,1600
1762904503,0000000400000001,1590904925809,1467,1601
1762904516,0000000500000001,1591029447121,4379,1602
1762904524,0000000800000008,1591113355731,4526,1603
1762904550,0000000800000008,1591371623453,4571,1604
1762904552,0000000800000002,1591393076770,3265,1605
1762904558,0000004000000002,1591453922270,4811,1606
1762904563,0000008000000002,1591499843396,2038,1607
1762904588,0000000400000008,1591751209269,2493,1608
1762904588,0000000100000002,1591755382531,2246,1609
1762904601,0000000100000003,1591885955065,4793,1610
1762904607,0000004000000001,1591943733990,1306,1611
1762904616,0000000400000008,1592032033623,1190,1612
1762904623,000000c000000080,1592103715748,2069,1613
1762904638,0000008000000002,1592248147835,3779,1614
1762904639,0000004000000008,1592257536593,3203,1615
1762904639,0000000200000080,1592258016909,3174,1616
1762904646,0000000800000008,1592334325888,3790,1617
1762904657,0000000400000008,1592444123200,2365,1618
1762904664,0000000400000002,1592509101056,3662,1619
1762904668,0000000400000004,1592550506513,1166,1620
1762904674,0000004000000002,1592608751511,2848,1621
1762904686,0000004000000008,1592728293319,862,1622
1762904688,0000000200000002,1592752560983,4607,1623
1762904697,0000004000000004,1592843364317,4340,1624
1762904722,0000004000000004,1593088064646,5189,1625
1762904725,0000000400000002,1593126135947,2889,1626
1762904733,0000000100000001,1593197969269,3778,1627
1762904746,0000000100000001,1593334352544,766,1628
1762904751,0000000100000001,1593385995715,2839,1629
1762904757,0000000300000001,1593439020788,4860,1630
1762904770,0000000400000002,1593573267383,1970,1631
1762904796,0000004000000002,1593830281920,2090,1632
1762904831,0000000100000080,1594183585973,1615,1633
1762904835,0000008000000008,1594221266989,4556,1634
1762904836,0000000800000080,1594229727018,4046,1635
1762904838,0000000100000001,1594247710164,2946,1636
1762904845,0000000400000001,1594319733359,3822,1637
1762904855,0000000400000080,1594425622125,2630,1638
1762904859,0000000100000001,1594458604593,660,1639
1762904860,0000000100000008,1594471259989,5090,1640
1762904885,0000000100000004,1594717927244,644,1641
1762904893,0000000100000004,1594802723810,735,1642
1762904910,0000004000000002,1594972979614,879,1643
1762904941,000000c000000080,1595284142784,2927,1644
1762904952,0000000100000004,1595387250541,1927,1645
1762904957,0000008000000080,1595444622035,3677,1646
1762904965,0000000400000004,1595516718156,4540,1647
1762904967,0000004000000001,1595537409789,3279,1648
1762904969,0000000100000001,1595560404348,1899,1649
1762904988,0000000800000080,1595754300806,630,1650
1762905003,0000000100000001,1595899419998,2277,1651
1762905009,0000000400000080,1595964871550,3542,1652
1762905016,0000000100000002,1596027930753,4946,1653
1762905020,0000000800000004,1596069536513,2429,1654
1762905021,0000000800000002,1596080703760,1765,1655
1762905027,0000000800000080,1596145554723,3051,1656
1762905039,0000000100000008,1596263599112,1150,1657
1762905046,0000008000000002,1596333964213,2110,1658
1762905050,0000000100000080,1596370396564,5118,1659
1762905076,0000004000000008,1596630964564,5027,1660
1762905098,0000000800000001,1596848192211,2338,1661
1762905103,0000008000000080,1596903239760,4240,1662
1762905107,0000000400000080,1596941617575,1918,1663
1762905133,0000008000000080,1597202644935,1797,1664
1762905137,0000008000000080,1597239114538,4808,1665
1762905141,0000000400000020,1597285360952,2014,1666
1762905142,0000008000000080,1597289205162,1783,1667
1762905144,0000000100000008,1597309511858,570,1668
1762905145,0000004000000004,1597317837947,5258,1669
1762905145,0000008000000080,1597320395600,5107,1670
1762905157,0000000800000080,1597440967200,3037,1671
1762905163,0000004000000001,1597499971380,4699,1672
1762905179,0000000100000001,1597663757192,5226,1673
1762905190,0000000800000008,1597776377921,3648,1674
1762905232,0000000400000001,1598195146726,4437,1675
1762905261,0000000800000002,1598485627738,2523,1676
1762905273,0000000400000080,1598603357163,650,1677
1762905284,0000004000000008,1598711329763,4550,1678
1762905309,0000000400000008,1598958224241,5269,1679
1762905315,0000000100000008,1599019290936,1592,1680
1762905346,0000008000000080,1599331291093,3605,1681
1762905349,0000000100000001,1599358534783,1962,1682
1762905358,0000004000000002,1599447972328,1776,1683
1762905377,0000008000000080,1599640402017,596,1684
1762905380,0000000800000002,1599671936143,3895,1685
1762905382,0000000400000080,1599690063142,2789,1686
1762905392,0000008000000008,1599793568432,1763,1687
1762905395,0000000800000080,1599819200874,231,1688
1762905398,0000000200000002,1599853846710,3329,1689
1762905404,0000000800000001,1599916100325,4790,1690
1762905411,0000000100000008,1599983767935,716,1691
1762905413,0000000800000001,1600001883707,4823,1692
1762905417,0000000100000003,1600041692775,2413,1693
1762905438,0000000800000001,1600247435488,440,1694
1762905438,0000004000000004,1600249701819,305,1695
1762905444,0000000100000001,1600314815076,1572,1696
1762905453,0000000100000001,1600403805565,1412,1697
1762905454,0000008000000080,1600414846140,753,1698
1762905483,0000000800000001,1600698589698,4471,1699
1762905486,0000000400000002,1600727841620,2687,1700
1762905504,0000000400000001,1600916141824,1758,1701
1762905511,0000000800000080,1600985056340,2798,1702
1762905519,000000c000000080,1601063818595,3260,1703
1762905520,0000000100000004,1601066808320,3076,1704
1762905546,0000000800000002,1601329352891,2863,1705
1762905551,0000008000000008,1601383442088,4820,1706
1762905573,0000000400000080,1601598774813,2243,1707
1762905582,0000000800000080,1601690763094,1906,1708
1762905586,0000004000000002,1601735519960,4423,1709
1762905590,0000000400000004,1601773863226,2100,1710
1762905592,0000008000000001,1601794506810,863,1711
1762905595,0000008000000080,1601820931943,4480,1712
1762905595,0000000100000004,1601822853173,4364,1713
1762905611,0000000800000002,1601982834467,5118,1714
1762905634,0000008000000080,1602211644192,1738,1715
1762905694,0000000400000001,1602811700755,1999,1716
1762905703,0000000100000001,1602903690519,1661,1717
1762905744,0000000400000002,1603314195018,2930,1718
1762905758,0000000800000080,1603451573222,5067,1719
1762905769,0000004000000002,1603565728373,3388,1720
1762905784,0000008800000004,1603712385972,4961,1721
1762905789,0000000400000001,1603764863580,1797,1722
1762905828,0000000400000001,1604154060729,4372,1723
1762905831,0000000800000004,1604182151729,2659,1724
1762905835,0000004000000080,1604224738542,5302,1725
1762905839,0000004000000008,1604262541047,3018,1726
1762905865,0000008000000080,1604518544687,6408,1727
1762905895,0000008000000080,1604820828428,612,1728
1762905915,0000008000000080,1605017122498,4394,1729
1762905929,0000008000000080,1605163399196,781,1730
1762905934,0000000400000080,1605214195529,2905,1731
1762905963,0000008000000002,1605497599856,1447,1732
1762905969,0000000100000001,1605563769029,2653,1733
1762905979,000000800000000a,1605664447560,1799,1734
1762905979,0000000100000001,1605665210089,1752,1735
1762905980,0000004000000008,1605671025242,1402,1736
1762905983,0000000100000001,1605698552409,4948,1737
1762905986,0000000800000004,1605733809396,2812,1738
1762905996,000000c000000080,1605826253335,2447,1739
1762906000,0000000800000080,1605868871742,5088,1740
1762906004,0000000100000003,1605909691096,2620,1741
1762906007,0000008000000080,1605942388571,668,1742
1762906015,0000000800000080,1606022649382,1028,1743
1762906028,0000000100000004,1606152978224,3579,1744
1762906029,0000000400000080,1606158392998,3247,1745
1762906043,0000000100000001,1606298204275,5229,1746
1762906048,0000000800000002,1606351063933,2045,1747
1762906054,0000008000000080,1606414928303,3399,1748
1762906070,0000004000000004,1606575209869,4160,1749
1762906085,0000000100000008,1606723177096,449,1750
1762906091,0000000400000001,1606776567144,2415,1751
1762906091,0000000c00000008,1606785548957,1881,1752
1762906092,0000008000000080,1606790867100,1562,1753
1762906094,0000008000000080,1606810456612,392,1754
1762906104,0000004000000004,1606909924747,4798,1755
1762906112,000000c000000080,1606986750502,175,1756
1762906116,0000000400000080,1607031571085,2656,1757
1762906123,0000008000000080,1607100022094,3749,1758
1762906140,0000000100000002,1607273283947,3714,1759
1762906141,0000000100000002,1607284413553,3032,1760
1762906144,0000000800000002,1607310734487,1453,1761
1762906150,0000000200000004,1607372673444,2914,1762
1762906154,0000000100000080,1607414191322,434,1763
1762906167,0000000100000003,1607544723196,2953,1764
1762906187,0000000800000002,1607736295032,1825,1765
1762906193,0000000400000004,1607806040989,2814,1766
1762906195,0000000800000001,1607823884205,1750,1767
1762906196,0000000100000001,1607827084829,1558,1768
1762906216,0000000800000004,1608035199403,4633,1769
1762906220,0000000400000001,1608069057996,2576,1770
1762906224,0000008000000080,1608106772834,324,1771
1762906231,0000008000000008,1608185524525,776,1772
1762906243,000000400000000c,1608304987413,3985,1773
1762906255,0000000100000001,1608418631413,2327,1774
1762906261,0000004000000008,1608484030594,3596,1775
1762906264,0000000100000002,1608514951072,1731,1776
1762906270,0000008000000001,1608575674479,3270,1777
1762906273,0000004000000001,1608597080404,1985,1778
1762906287,0000004000000002,1608737383858,3945,1779
1762906297,0000008000000008,1608844136735,2698,1780
1762906298,0000000200000003,1608854301634,2092,1781
1762906303,0000008000000008,1608901345388,4472,1782
1762906312,0000008000000080,1608992190280,4202,1783
1762906323,0000000800000080,1609098227140,2996,1784
1762906363,0000000800000002,1609497329313,4970,1785
1762906372,0000008000000008,1609593178165,4407,1786
1762906375,0000000800000080,1609625061461,2468,1787
1762906403,0000000400000002,1609902370637,1375,1788
1762906419,0000000100000004,1610060145320,2268,1789
1762906423,0000000800000004,1610101758250,4969,1790
1762906434,0000008000000001,1610208398213,3750,1791
1762906436,0000000400000001,1610226594131,2641,1792
1762906440,0000000100000001,1610269920267,5240,1793
1762906470,0000000800000080,1610570005858,2759,1794
1762906471,0000008000000008,1610583708262,1944,1795
1762906475,0000000100000002,1610619823317,4970,1796
1762906493,0000000100000008,1610799300843,4568,1797
1762906501,0000000400000004,1610878958752,4963,1798
1762906505,0000008000000080,1610917548025,2628,1799
1762906505,0000000400000002,1610918780852,2555,1800
1762906524,0000008000000002,1611108954266,1512,1801
1762906525,0000000100000001,1611120924786,797,1802
1762906550,0000008000000002,1611371407904,1306,1803
1762906563,0000000800000004,1611499621097,3994,1804
1762906566,0000004000000001,1611533509681,1943,1805
1762906588,0000004000000080,1611746131560,4746,1806
1762906590,0000000100000080,1611772058232,3171,1807
1762906592,0000008000000008,1611792133691,1967,1808
1762906599,0000001000000004,1611864592507,2795,1809
1762906607,0000000800000080,1611940757050,3417,1810
1762906643,0000008000000080,1612301677201,2475,1811
1762906654,0000008000000002,1612406535025,1367,1812
1762906681,0000008000000080,1612685647065,169,1813
1762906683,0000000400000001,1612700910519,4449,1814
1762906685,0000000800000004,1612717382411,3445,1815
1762906711,0000000100000002,1612981509521,3133,1816
1762906715,0000000800000080,1613023130818,641,1817
1762906726,0000000400000004,1613135178204,4297,1818
1762906737,0000000800000080,1613244486059,2894,1819
1762906738,0000008000000080,1613248879250,2629,1820
1762906756,0000000400000080,1613430564614,2094,1821
1762906784,0000000400000002,1613708805950,943,1822
1762906790,0000000400000001,1613774161963,2201,1823
1762906802,0000000100000080,1613888534951,525,1824
1762906816,0000000400000008,1614029128612,2442,1825
1762906821,0000008000000080,1614083909878,4361,1826
1762906829,0000000400000004,1614158935920,5034,1827
1762906838,0000000400000001,1614248001911,4873,1828
1762906856,0000008000000080,1614430894197,4265,1829
1762906871,0000004000000008,1614580212391,470,1830
1762906871,0000004000000080,1614580655679,444,1831
1762906878,0000004000000008,1614648233101,1565,1832
1762906881,0000000800000002,1614684975319,4563,1833
1762906886,0000004000000080,1614727580610,1985,1834
1762906887,0000000400000008,1614743329001,1040,1835
1762906902,0000000400000001,1614889070514,2651,1836
1762906902,0000000800000004,1614893660615,2377,1837
1762906908,0000004000000008,1614949842318,4211,1838
1762906911,0000000400000008,1614983658557,2161,1839
1762906921,0000004000000008,1615076343023,1782,1840
1762906933,0000008000000002,1615201729124,4640,1841
1762906943,0000004000000002,1615298327958,4023,1842
1762906945,0000000800000008,1615323282362,2496,1843
1762906961,0000000400000002,1615477118705,3649,1844
1762906967,0000000100000003,1615544029111,4823,1845
1762906968,000000c000000080,1615549848172,4478,1846
1762906992,0000000100000004,1615792896410,240,1847
1762907003,0000008000000001,1615899620930,4213,1848
1762907022,0000008000000080,1616095935923,2770,1849
1762907027,0000000100000004,1616144682985,5045,1850
1762907028,0000000500000008,1616151492331,4642,1851
1762907040,0000000400000080,1616269585084,2711,1852
1762907040,0000000800000004,1616269865307,2695,1853
1762907044,0000000800000080,1616311657050,200,1854
1762907054,0000000100000001,1616410927055,4619,1855
1762907058,0000008000000080,1616446078614,2485,1856
1762907086,0000000100000004,1616729075119,1052,1857
1762907088,0000000800000080,1616746168028,5219,1858
1762907094,0000000400000080,1616810139096,1367,1859
1762907103,0000000800000001,1616896535796,1364,1860
1762907118,0000000800000002,1617046740590,2709,1861
1762907151,0000008000000080,1617384053051,3199,1862
1762907156,0000000800000080,1617432818427,278,1863
1762907169,0000000400000080,1617562047598,2875,1864
1762907178,0000000400000004,1617655382478,2456,1865
1762907180,0000008000000004,1617667788638,1716,1866
1762907182,0000008000000080,1617687137818,560,1867
1762907197,0000000800000080,1617840930537,1690,1868
1762907200,0000000400000080,1617866987907,5317,1869
1762907209,0000000400000002,1617965675390,4587,1870
1762907224,0000000100000080,1618110657573,1048,1871
1762907235,0000008000000080,1618217176274,5031,1872
1762907238,0000008000000001,1618247596102,3193,1873
1762907253,0000000100000001,1618401990493,4311,1874
1762907268,0000000800000002,1618551045412,533,1875
1762907308,0000000100000001,1618952027989,2370,1876
1762907325,0000008000000080,1619121167618,2580,1877
1762907356,0000000800000002,1619427592335,4938,1878
1762907397,0000008800000085,1619839056564,958,1879
1762907420,0000008800000002,1620067597827,2782,1880
1762907425,0000008000000080,1620124548531,4573,1881
1762907426,0000008000000080,1620133101810,4057,1882
1762907430,0000004000000008,1620167687141,1963,1883
1762907458,0000000400000004,1620448473305,662,1884
1762907463,0000000100000004,1620498550791,2830,1885
1762907468,0000000100000004,1620549534687,4973,1886
1762907472,0000000100000001,1620586422909,2737,1887
1762907515,0000008000000080,1621018198453,2733,1888
1762907519,0000000400000080,1621056509466,446,1889
1762907521,0000008000000002,1621083810285,4001,1890
1762907523,0000008000000080,1621102978502,2829,1891
1762907524,0000008000000080,1621113086946,2225,1892
1762907528,0000000100000006,1621147890710,5330,1893
1762907529,0000008000000080,1621158672497,4693,1894
1762907530,0000000100000002,1621169269822,4057,1895
1762907534,0000008000000080,1621206746138,1788,1896
1762907593,0000000100000001,1621797291664,2614,1897
1762907595,0000008000000001,1621819193487,1305,1898
1762907597,0000008000000080,1621841836558,5139,1899
1762907635,0000000100000004,1622221821475,3049,1900
1762907675,0000008000000080,1622617216354,5244,1901
1762907679,0000000400000080,1622658340193,2760,1902
1762907687,000000c000000080,1622736087463,3281,1903
1762907688,0000008000000080,1622753739946,2219,1904
1762907697,0000008000000080,1622844456456,1959,1905
1762907698,0000000800000001,1622848333652,1726,1906
1762907732,0000000100000001,1623186476345,2160,1907
1762907732,0000000400000001,1623194080042,1705,1908
1762907766,0000000100000004,1623532511088,2120,1909
1762907779,0000008000000001,1623665443627,4527,1910
1762907781,0000004000000008,1623681036928,3580,1911
1762907788,0000000800000001,1623750895657,4580,1912
1762907799,0000000100000002,1623861652590,3093,1913
1762907807,0000004000000080,1623938409207,3683,1914
1762907856,0000004000000004,1624434618061,4997,1915
1762907859,0000000100000001,1624465189421,3147,1916
1762907869,0000000100000001,1624563064650,2452,1917
1762907878,0000000800000002,1624649650859,2437,1918
1762907887,0000000800000001,1624738285357,2301,1919
1762907894,0000000100000008,1624809631075,3205,1920
1762907894,0000000400000004,1624813493017,2970,1921
1762907897,0000008000000004,1624837703989,1520,1922
1762907899,0000000400000008,1624858409387,283,1923
1762907899,0000008000000080,1624865029106,5074,1924
1762907913,0000000100000002,1624997589955,2286,1925
1762907925,0000000800000004,1625124144240,5068,1926
1762907933,0000004000000001,1625200953080,454,1927
1762907933,0000000100000008,1625205162069,202,1928
1762907936,0000000800000008,1625228145458,4016,1929
1762907944,0000008000000080,1625312498093,4136,1930
1762907947,0000000200000001,1625337966891,2583,1931
1762907949,0000000400000080,1625364528037,995,1932
1762907952,0000000800000002,1625393967571,4425,1933
1762907969,0000000100000001,1625557146373,4994,1934
1762907987,0000000100000001,1625745635969,4051,1935
1762907989,0000000400000004,1625763194505,2976,1936
1762908038,0000000400000004,1626247731741,5006,1937
1762908042,0000000100000001,1626286834159,2639,1938
1762908053,0000000400000002,1626402267177,900,1939
1762908067,0000000800000001,1626536094619,3231,1940
1762908086,0000004000000002,1626727054543,2134,1941
1762908086,0000004000000080,1626730503151,1928,1942
1762908109,0000000100000008,1626961787465,3602,1943
1762908111,0000000100000004,1626976618718,2697,1944
1762908116,0000000100000001,1627027448642,4851,1945
1762908116,0000000400000008,1627029094282,4755,1946
1762908119,0000000100000001,1627059054618,2934,1947
1762908128,0000000100000001,1627151392276,2572,1948
1762908129,0000000400000004,1627160989180,2002,1949
1762908132,0000000800000080,1627186263807,491,1950
1762908182,0000000800000080,1627695121746,1039,1951
1762908187,0000008400000080,1627741719238,3428,1952
1762908212,0000004000000004,1627994097117,3837,1953
1762908236,0000000100000080,1628226467213,248,1954
1762908242,0000004000000008,1628287526518,1759,1955
1762908244,0000000100000003,1628313501149,206,1956
1762908252,0000000800000001,1628387492276,941,1957
1762908254,0000008000000080,1628412888749,4619,1958
1762908261,0000000100000001,1628482947184,402,1959
1762908267,0000008000000080,1628536234986,2375,1960
1762908272,0000004000000080,1628586093489,4590,1961
1762908272,0000008000000008,1628592284223,4218,1962
1762908274,0000000100000080,1628607406251,3291,1963
1762908288,0000000100000001,1628754698774,4831,1964
1762908293,0000000800000004,1628801910903,1981,1965
1762908294,0000000100000080,1628807066592,1672,1966
1762908294,0000008000000004,1628811509657,1404,1967
1762908298,0000000100000001,1628851735286,4193,1968
1762908305,0000004000000010,1628925039758,4968,1969
1762908310,0000008000000080,1628974704057,1974,1970
1762908325,0000000100000008,1629115862449,3881,1971
1762908325,0000008000000004,1629118298867,3732,1972
1762908328,0000000100000001,1629146220534,2044,1973
1762908328,0000000100000004,1629147897637,1944,1974
1762908328,0000008000000001,1629148000969,1939,1975
1762908342,0000000800000082,1629289000917,3854,1976
1762908349,0000000200000001,1629360674201,4739,1977
1762908385,0000000100000008,1629718154456,4012,1978
1762908391,0000000400000004,1629783709777,5252,1979
1762908404,0000000800000004,1629912808964,2669,1980
1762908456,0000000800000001,1630433597387,2508,1981
1762908461,0000008000000080,1630484491126,4660,1982
1762908466,0000000100000080,1630532681303,1749,1983
1762908469,0000000400000001,1630565374453,4983,1984
1762908472,0000004000000004,1630588534645,3588,1985
1762908473,0000000100000080,1630598544388,2974,1986
1762908510,0000000100000080,1630968276795,1515,1987
1762908510,0000000100000008,1630975529593,1081,1988
1762908511,0000008000000080,1630985061342,515,1989
1762908517,0000000100000008,1631038365002,2487,1990
1762908520,0000000100000008,1631074412869,335,1991
1762908522,0000000800000008,1631088818294,4666,1992
1762908522,0000008000000004,1631093509632,4385,1993
1762908527,0000000100000002,1631144129100,1325,1994
1762908530,0000000100000001,1631168573357,5053,1995
1762908538,0000004000000080,1631252181269,5217,1996
1762908548,0000000800000001,1631346746438,4731,1997
1762908579,0000004000000080,1631656615390,1662,1998
1762908580,0000008000000004,1631667799385,991,1999
1762908595,0000008000000080,1631819364769,2256,2000
1762908617,0000004400000002,1632038093544,4697,2001
1762908639,0000004000000008,1632259478532,1756,2002
1762908643,0000000800000002,1632299051712,4583,2003
1762908667,0000008000000080,1632544904214,178,2004
1762908669,0000004000000002,1632559504700,4498,2005
1762908670,0000004000000008,1632569951163,3865,2006
1762908688,000000c000000080,1632750471458,3382,2007
1762908695,0000008000000080,1632816024403,4647,2008
1762908698,0000008000000004,1632853601131,2368,2009
1762908706,0000008000000080,1632931856786,2853,2010
1762908709,0000000100000001,1632961006436,1109,2011
1762908718,0000000100000080,1633055546837,621,2012
1762908719,0000000800000002,1633065290708,5224,2013
1762908772,0000000400000001,1633595263759,4521,2014
1762908776,0000004000000002,1633626471987,2622,2015
1762908776,0000000400000004,1633627650914,2550,2016
1762908796,0000000400000004,1633827672323,916,2017
1762908798,0000000800000002,1633850089333,4770,2018
1762908807,0000000400000001,1633938239902,4664,2019
1762908810,0000000100000002,1633969137326,2784,2020
1762908811,0000004000000004,1633980720258,2094,2021
1762908826,0000000100000001,1634125959753,3755,2022
1762908834,0000000800000080,1634206115948,4133,2023
1762908848,0000000100000004,1634351996700,547,2024
1762908855,0000004000000002,1634420623198,1604,2025
1762908867,0000000400000080,1634543865399,4592,2026
1762908868,0000000800000004,1634549632984,4244,2027
1762908876,0000000400000002,1634626425822,4816,2028
1762908877,0000000400000001,1634640840120,3951,2029
1762908884,0000000100000002,1634707760349,5111,2030
1762908895,0000000400000004,1634825395739,3220,2031
1762908907,0000008000000080,1634944383007,1260,2032
1762908908,0000000200000002,1634946363600,1143,2033
1762908936,0000000100000001,1635226311248,5083,2034
1762908946,0000000800000008,1635334794503,3755,2035
1762908950,0000008000000080,1635367355924,1789,2036
1762908952,0000000100000001,1635393832386,205,2037
1762908957,0000004000000080,1635437798713,2736,2038
1762908966,0000000100000001,1635533521586,2178,2039
1762908979,0000008000000008,1635660949166,4911,2040
1762908979,0000000100000001,1635663358268,4769,2041
1762908985,0000008000000080,1635723559592,1136,2042
1762909004,0000004000000080,1635906572689,524,2043
1762909005,0000004000000006,1635924087811,4669,2044
1762909014,0000000e0000000a,1636015373401,4373,2045
1762909015,0000000400000001,1636017573497,4241,2046
1762909034,0000004000000084,1636212775469,2865,2047
1762909036,0000008000000080,1636228680510,1917,0
1762909044,0000008000000080,1636309199735,2263,1
1762909046,0000008000000002,1636335390267,697,2
1762909061,0000000100000001,1636479736322,2391,3
1762909077,0000004000000001,1636636413402,3358,4
1762909079,0000004000000008,1636665054794,1636,5
1762909081,0000008000000080,1636682219721,612,6
1762909090,0000008000000080,1636775442877,199,7
1762909100,0000000400000002,1636870275337,4882,8
1762909104,0000000100000004,1636913014195,2299,9
1762909112,0000000100000004,1636987737627,2995,10
1762909115,0000008000000001,1637017807660,1193,11
1762909120,0000000800000008,1637071459083,3155,12
1762909130,0000000100000001,1637171003904,2353,13
1762909134,0000008000000080,1637212175695,5088,14
1762909184,0000004000000080,1637705974866,1349,15
1762909191,0000008000000080,1637780714282,2045,16
1762909201,0000004000000001,1637882455154,1122,17
1762909203,0000000400000001,1637905292600,4947,18
1762909243,0000004000000008,1638299656082,1995,19
1762909253,0000008000000002,1638404651799,877,20
1762909263,0000008000000080,1638496462698,553,21
1762909266,0000000400000001,1638528352508,3829,22
1762909296,0000004000000004,1638828313276,1358,23
1762909306,0000000100000001,1638925816154,692,24
1762909312,0000000400000002,1638987028844,2195,25
1762909315,000000c000000080,1639019877444,232,26
1762909324,0000008000000080,1639114833573,4906,27
1762909334,0000008000000004,1639209920560,4388,28
1762909335,0000008000000080,1639224724085,3484,29
1762909343,0000008000000080,1639297604587,4307,30
1762909349,0000000100000003,1639363654023,329,31
1762909354,0000000400000002,1639408473480,2809,32
1762909359,0000000100000001,1639456261229,5139,33
1762909359,0000004000000004,1639458710456,4995,34
1762909368,0000004000000004,1639548762189,4774,35
1762909369,0000008000000008,1639557079520,4279,36
1762909387,0000004000000002,1639745220214,3334,37
1762909392,0000000d00000001,1639786504437,857,38
1762909415,0000000400000008,1640024866920,2095,39
1762909421,0000000800000080,1640084155914,3731,40
1762909433,0000008000000080,1640201993978,1830,41
1762909437,0000000800000004,1640243426442,4544,42
1762909444,000000c000000080,1640307777128,667,43
1762909452,0000008000000080,1640388781487,983,44
1762909460,0000000100000002,1640473188594,1098,45
1762909503,0000004000000001,1640896310756,1616,46
1762909518,0000008000000080,1641053897518,2517,47
1762909523,0000008000000080,1641102815436,4785,48
1762909545,0000000800000001,1641315779111,2348,49
1762909551,0000004000000008,1641381080694,3624,50
1762909557,0000000100000001,1641439479967,5302,51
1762909563,0000000100000004,1641496038718,1897,52
1762909568,0000008000000004,1641547743336,3993,53
1762909571,0000000100000002,1641581662744,1942,54
1762909579,0000008000000080,1641662661128,2258,55
1762909586,0000008000000002,1641725578786,3677,56
1762909592,0000008000000002,1641792929240,4823,57
1762909596,0000008000000080,1641834028865,2338,58
1762909605,0000008000000080,1641924762387,2077,59
1762909618,0000000100000001,1642046599757,5139,60
1762909623,0000008000000008,1642095534374,2191,61
1762909633,0000000100000008,1642204548810,835,62
1762909640,0000008000000080,1642272853567,1915,63
1762909653,0000000400000008,1642400795635,4620,64
1762909654,000000c000000080,1642407997716,4188,65
1762909657,0000000800000004,1642443818474,2018,66
1762909672,0000004000000001,1642589558066,3646,67
1762909681,0000008000000002,1642677517298,3545,68
1762909722,0000000100000002,1643092926732,4539,69
1762909730,0000000100000003,1643168040405,5205,70
1762909740,0000004000000008,1643269943134,4279,71
1762909795,0000000100000001,1643823306755,2139,72
1762909807,0000008000000001,1643942573491,170,73
1762909817,0000004000000080,1644039813320,4712,74
1762909837,0000000100000080,1644237690479,3181,75
1762909856,000000c000000080,1644430290685,1987,76
1762909861,0000004000000004,1644482744095,4038,77
1762909868,0000000400000001,1644551353644,5098,78
1762909872,0000000400000002,1644590753679,2714,79
1762909894,0000004000000002,1644813886952,4890,80
1762909899,0000004000000080,1644860170804,2096,81
1762909906,0000000100000001,1644927826037,3218,82
1762909907,0000004000000080,1644941159180,2414,83
1762909939,0000000100000008,1645256410025,4247,84
1762909952,0000000200000001,1645387249572,1556,85
1762909956,0000004000000001,1645433685172,3968,86
1762909957,0000000100000002,1645435875623,3834,87
1762909960,0000004000000004,1645468843764,1841,88
1762909973,0000000100000080,1645602580004,4199,89
1762909974,0000000100000008,1645612297688,3605,90
1762909975,000000040000000c,1645623956628,2891,91
1762909976,0000000800000004,1645629034517,2585,92
1762909979,0000000400000002,1645662181924,607,93
1762909981,0000008000000002,1645680266224,4718,94
1762910031,0000008000000080,1646184573591,350,95
1762910032,0000008000000080,1646192881788,5040,96
1762910037,0000008000000008,1646244595314,1924,97
1762910044,0000004000000008,1646309077305,3235,98
1762910052,0000008000000001,1646387364609,3732,99
1762910059,0000000100000001,1646456632199,4761,100
1762910072,0000000800000080,1646592933320,1745,101
1762910077,0000008000000088,1646635437295,4399,102
1762910089,0000000800000002,1646765045060,1781,103
1762910097,0000008000000080,1646841315030,2381,104
1762910105,0000000200000002,1646922993529,2659,105
1762910116,0000000800000002,1647030696249,2765,106
1762910122,0000004000000080,1647091446467,2915,107
1762910130,0000000100000003,1647173332274,3186,108
1762910137,0000008000000002,1647243774868,4161,109
1762910154,0000000400000004,1647405960835,4789,110
1762910155,0000008000000080,1647415962244,4191,111
1762910183,0000000400000080,1647696266686,2891,112
1762910184,0000000100000001,1647713187803,1881,113
1762910204,0000008000000080,1647908162167,549,114
1762910210,0000004000000008,1647965887551,2257,115
1762910217,0000004000000080,1648037830691,3123,116
1762910225,0000000100000009,1648115714682,3642,117
1762910229,0000000100000080,1648158921360,1039,118
1762910256,0000000100000001,1648429350326,362,119
1762910265,0000000100000001,1648524982245,4994,120
1762910266,0000000100000001,1648527975907,4818,121
1762910266,0000000100000001,1648529101274,4751,122
1762910270,0000000100000001,1648572018369,2155,123
1762910278,0000000800000080,1648649222415,2700,124
1762910309,0000000100000002,1648955440043,5069,125
1762910343,0000008000000080,1649297596223,5260,126
1762910347,0000000100000002,1649338396528,2796,127
1762910356,0000000100000003,1649430437701,2454,128
1762910358,0000008000000004,1649446576747,1490,129
1762910366,0000004000000008,1649534560238,1392,130
1762910375,0000008000000080,1649619761930,1460,131
1762910380,0000000400000080,1649674676166,3350,132
1762910387,0000000100000001,1649743177598,4440,133
1762910416,0000000100000001,1650026191092,2975,134
1762910423,0000008000000001,1650097475559,3899,135
1762910423,0000000100000001,1650100862840,3691,136
1762910426,0000004000000002,1650126227464,2157,137
1762910442,0000004000000008,1650292733955,2524,138
1762910454,0000008000000001,1650407264868,840,139
1762910464,0000004000000002,1650509531710,5076,140
1762910468,0000000800000080,1650550606408,2593,141
1762910488,0000000100000080,1650745272774,1278,142
1762910493,0000008000000080,1650801003958,3114,143
1762910494,0000008000000080,1650808578993,2657,144
1762910508,0000004000000080,1650950081720,4555,145
1762910513,0000008000000080,1650996595545,1743,146
1762910529,0000000800000004,1651163582144,2085,147
1762910540,0000000400000008,1651267716177,1017,148
1762910540,0000000800000004,1651273513438,674,149
1762910541,0000004000000080,1651280733569,243,150
1762910541,000000c000000080,1651283220245,5280,151
1762910542,0000000100000001,1651285883880,5121,152
1762910549,0000000800000080,1651360569977,631,153
1762910577,0000000800000008,1651637211880,4771,154
1762910589,0000000200000004,1651758770690,2633,155
1762910591,0000000800000003,1651784739569,1079,156
1762910599,0000000400000004,1651855157158,2036,157
1762910614,0000000400000008,1652008088519,3222,158
1762910628,0000000400000002,1652145584161,162,159
1762910637,0000004000000004,1652242110571,4741,160
1762910653,0000000100000001,1652405067643,5317,161
1762910657,0000008000000004,1652437433329,3369,162
1762910658,0000004800000080,1652455074703,2303,163
1762910664,0000008000000008,1652505290674,4495,164
1762910686,0000000800000001,1652727495716,1502,165
1762910688,0000000200000004,1652749811926,170,166
1762910690,0000004000000001,1652771107888,4087,167
1762910705,0000000400000008,1652920173270,310,168
1762910711,0000004000000004,1652976130159,2126,169
1762910735,0000000400000002,1653218071726,3152,170
1762910776,0000008000000002,1653631950807,4244,171
1762910784,0000000100000001,1653708263223,4842,172
1762910788,0000000100000001,1653753038047,2138,173
1762910806,0000004000000008,1653927263543,2047,174
1762910828,0000008000000080,1654147339787,4407,175
1762910829,0000000400000008,1654160660005,3595,176
1762910845,0000008000000008,1654319793912,4421,177
1762910854,0000004000000001,1654414850133,3893,178
1762910859,0000000400000008,1654463202665,974,179
1762910878,0000000400000002,1654654733067,5039,180
1762910880,0000000100000001,1654668781252,4203,181
1762910902,0000004000000080,1654888207691,1377,182
1762910914,0000004000000080,1655007116060,4626,183
1762910934,0000000100000001,1655211384086,2704,184
1762910948,0000000200000001,1655346470505,4982,185
1762910949,0000004000000080,1655364037958,3929,186
1762910963,000000400000000c,1655497439358,1088,187
1762910967,0000000800000080,1655544651617,3442,188
1762910976,0000008000000082,1655634211014,3246,189
1762910977,0000004000000008,1655639614440,2916,190
1762910986,0000000100000001,1655729505761,2702,191
1762910987,0000000400000001,1655740603271,2040,192
1762910992,0000008000000008,1655785330260,4560,193
1762911000,0000000100000001,1655867324164,4817,194
1762911001,0000000800000004,1655878084924,4175,195
1762911013,0000000400000001,1656001143833,1952,196
1762911018,0000004000000001,1656051679445,4120,197
1762911038,0000008000000080,1656254159081,2310,198
1762911049,0000000800000080,1656357304432,1302,199
1762911057,0000008000000008,1656439389131,1559,200
1762911060,0000000800000080,1656467832176,5048,201
1762911069,0000000400000004,1656558813612,4775,202
1762911095,0000000300000001,1656820222065,4634,203
1762911100,0000008000000008,1656871137307,1558,204
1762911102,0000008000000080,1656892862628,260,205
1762911121,0000004000000008,1657082852615,4420,206
1762911123,0000008000000001,1657098142306,3486,207
1762911133,0000000100000001,1657202847762,2376,208
1762911137,000000c000000080,1657241004345,5282,209
1762911141,0000000800000080,1657281605943,2830,210
1762911142,0000000200000002,1657287437518,2480,211
1762911148,0000004000000002,1657354428503,3658,212
1762911153,0000000800000080,1657396023666,1149,213
1762911162,0000008000000080,1657489774563,709,214
1762911167,0000004000000002,1657544702036,2585,215
1762911173,0000000100000001,1657601761118,4368,216
1762911175,0000004000000002,1657616827920,3448,217
1762911190,0000004000000004,1657769101590,4688,218
1762911197,0000000400000001,1657839057365,477,219
1762911206,0000000100000001,1657934542984,5116,220
1762911211,0000008000000080,1657981437878,2288,221
1762911211,0000008000000080,1657981641271,2275,222
1762911227,0000000400000004,1658137288205,3302,223
1762911234,0000000400000002,1658206972713,4322,224
1762911245,0000000400000001,1658318014935,2813,225
1762911245,0000000100000008,1658319543279,2720,226
1762911246,0000004000000008,1658333422429,1894,227
1762911252,0000004000000002,1658386293969,3918,228
1762911272,0000008000000004,1658590646357,2003,229
1762911287,0000004000000080,1658740902864,3351,230
1762911293,0000008000000004,1658804819531,4714,231
1762911298,0000000800000002,1658845694243,2240,232
1762911331,0000008000000080,1659175830881,3156,233
1762911339,0000000800000080,1659258296281,3392,234
1762911349,0000000100000001,1659356214150,2689,235
1762911352,0000000100000008,1659390626384,634,236
1762911355,0000008000000080,1659419044477,4126,237
1762911355,0000004000000001,1659424840678,3771,238
1762911360,0000000800000008,1659473198761,858,239
1762911370,0000000400000004,1659566193728,462,240
1762911375,0000000100000002,1659623555924,2195,241
1762911381,0000004000000002,1659677043541,4188,242
1762911393,0000004000000004,1659801951688,1855,243
1762911413,0000000100000001,1660002547222,186,244
1762911431,0000004000000002,1660177344144,5247,245
1762911431,0000000100000008,1660182810865,4922,246
1762911455,0000008000000001,1660423779917,811,247
1762911469,0000000100000001,1660560313913,2975,248
1762911482,0000000400000008,1660690044251,382,249
1762911486,0000000100000080,1660732764113,2990,250
1762911498,0000004000000004,1660849569419,1164,251
1762911517,0000000800000004,1661043866831,5065,252
1762911521,0000004000000004,1661082202871,2745,253
1762911525,0000000100000001,1661120942754,431,254
1762911541,0000000100000001,1661276548573,1449,255
1762911548,0000000400000002,1661347751619,2355,256
1762911561,0000000100000001,1661477732244,4939,257
1762911562,0000000100000001,1661488119071,4320,258
1762911563,0000008000000004,1661496620760,3803,259
1762911574,0000000400000004,1661613396967,1962,260
1762911576,0000000100000004,1661629220686,1013,261
1762911581,000000c000000080,1661680453112,3118,262
1762911595,0000000100000001,1661823449056,4917,263
1762911600,0000000100000001,1661870290193,2091,264
1762911607,0000008000000080,1661935743732,3348,265
1762911607,0000000800000080,1661937709185,3227,266
1762911616,0000004800000080,1662030460441,2837,267
1762911620,0000000800000080,1662065427216,748,268
1762911635,0000000100000001,1662220132512,1824,269
1762911647,0000000100000004,1662335438015,5278,270
1762911660,0000000400000004,1662466127474,2600,271
1762911689,0000008000000080,1662762118120,395,272
1762911715,0000000100000001,1663016454922,674,273
1762911723,0000004000000001,1663100560773,807,274
1762911726,0000008000000080,1663124973610,4543,275
1762911740,0000000800000001,1663265857320,1247,276
1762911747,0000008000000004,1663337477846,2132,277
1762911761,0000004000000001,1663476315625,4184,278
1762911762,0000008000000002,1663491611201,3247,279
1762911766,0000000400000080,1663527997784,1062,280
1762911777,0000000800000004,1663635254198,5003,281
1762911781,0000000100000008,1663678195892,2408,282
1762911794,0000000100000001,1663812682830,4723,283
1762911811,0000000800000008,1663975796003,5290,284
1762911811,0000000100000004,1663978709280,5116,285
1762911815,0000000800000002,1664021267935,2546,286
1762911841,0000000100000008,1664279296386,2605,287
1762911854,0000008000000080,1664414727400,4863,288
1762911870,0000000800000002,1664572086870,590,289
1762911871,0000008000000080,1664579999141,5304,290
1762911871,0000000100000004,1664582289774,5167,291
1762911886,0000008000000001,1664726504130,1684,292
1762911886,0000004000000004,1664731320318,1391,293
1762911902,0000008000000080,1664892855341,2062,294
1762911907,0000000100000002,1664935681095,4694,295
1762911910,0000000100000003,1664968406009,2704,296
1762911912,0000004000000002,1664990938847,1357,297
1762911913,0000000100000080,1665004373855,557,298
1762911923,0000008000000080,1665097261846,165,299
1762911926,0000000400000080,1665132418052,3232,300
1762911930,0000004000000001,1665170733455,933,301
1762911935,0000000100000008,1665216188237,3391,302
1762911947,0000000100000001,1665342527131,985,303
1762911962,0000008000000008,1665491232946,2420,304
1762911968,0000008000000001,1665547976090,4222,305
1762911969,0000004000000002,1665559278453,3529,306
1762911972,0000004000000080,1665587465428,1832,307
1762911973,0000000100000007,1665601549466,986,308
1762911974,0000000800000080,1665606284238,706,309
1762911983,0000000400000080,1665695711782,523,310
1762911994,0000000800000001,1665806298313,4265,311
1762911999,0000000100000004,1665856636603,1221,312
1762912010,0000008000000080,1665965493509,5068,313
1762912015,0000008000000002,1666016872700,1971,314
1762912021,0000004000000004,1666080635449,3328,315
1762912025,0000004000000080,1666122417956,820,316
1762912030,0000008000000080,1666172259387,3007,317
1762912040,0000000100000002,1666271544921,2229,318
1762912050,0000000100000080,1666367040738,1684,319
1762912074,000000c000000080,1666608092578,2757,320
1762912123,0000000100000001,1667100709727,4311,321
1762912124,0000008000000001,1667111179089,3673,322
1762912130,0000000100000004,1667170704506,5282,323
1762912144,0000000100000001,1667306681459,2290,324
1762912144,0000000400000080,1667306682955,2290,325
1762912144,0000004000000004,1667311064692,2029,326
1762912161,0000000100000008,1667483184059,2063,327
1762912168,0000004000000080,1667548929640,3302,328
1762912175,0000000100000004,1667618555963,4325,329
1762912177,0000000100000003,1667637743827,3151,330
1762912189,0000000800000080,1667756807002,1187,331
1762912196,0000004000000008,1667827688781,2115,332
1762912229,0000000100000008,1668157901191,3023,333
1762912230,0000000800000080,1668169297622,2339,334
1762912258,0000008000000002,1668446195673,1270,335
1762912284,0000000100000004,1668708804495,1057,336
1762912290,0000000400000002,1668765858241,2809,337
1762912295,0000000400000002,1668821832499,4658,338
1762912295,0000008000000080,1668821981278,4648,339
1762912312,0000000100000004,1668988330878,5023,340
1762912325,0000008000000080,1669116714053,2481,341
1762912325,0000000400000004,1669119284674,2329,342
1762912330,0000008000000080,1669168179115,4600,343
1762912344,0000000400000080,1669313223007,1057,344
1762912346,0000000400000002,1669331379903,5160,345
1762912379,0000000100000001,1669660189691,962,346
1762912421,0000000100000001,1670075208189,1965,347
1762912447,0000000100000004,1670343281224,1421,348
1762912458,000000c000000080,1670450240467,191,349
1762912475,0000004000000002,1670618970176,429,350
1762912485,0000008000000080,1670715542530,5004,351
1762912516,0000008000000008,1671027881047,1793,352
1762912518,0000000400000001,1671045624669,730,353
1762912527,0000008000000004,1671141474319,163,354
1762912540,0000000400000002,1671265266204,3089,355
1762912541,0000008000000080,1671281478165,2116,356
1762912545,0000000800000080,1671314828458,5309,357
1762912550,0000000400000001,1671370726468,1944,358
1762912577,0000004000000001,1671638341882,1428,359
1762912588,0000000200000004,1671751431747,5020,360
1762912621,0000000400000004,1672082768364,671,361
1762912627,0000000800000008,1672136992702,2588,362
1762912627,0000008000000080,1672143199112,2220,363
1762912632,0000000100000004,1672191593896,4519,364
1762912640,0000008000000008,1672271420423,4906,365
1762912644,0000000400000002,1672313348182,2371,366
1762912657,0000008000000080,1672438164316,5259,367
1762912678,0000000100000004,1672652518115,2742,368
1762912688,0000000800000002,1672747280649,2239,369
1762912695,0000000400000001,1672822111782,2931,370
1762912696,0000000400000008,1672834479447,2188,371
1762912699,0000008100000080,1672856181488,890,372
1762912706,0000008000000080,1672933051696,1457,373
1762912723,0000000100000001,1673098401788,1899,374
1762912730,0000000200000004,1673174270954,2522,375
1762912767,0000000100000001,1673538707140,1382,376
1762912769,0000008000000008,1673560679774,5258,377
1762912771,0000000400000002,1673576192841,4336,378
1762912774,0000004000000001,1673613668082,2065,379
1762912787,0000000500000001,1673743557056,4655,380
1762912794,0000000400000080,1673813381032,450,381
1762912795,0000000100000002,1673823259689,5048,382
1762912803,0000008000000080,1673901167295,364,383
1762912804,0000000400000008,1673906667486,5222,384
1762912818,0000000100000001,1674049036065,1848,385
1762912830,0000000100000001,1674166953044,5147,386
1762912831,0000000400000001,1674184595530,4096,387
1762912838,0000000100000002,1674252753930,5179,388
1762912841,0000004000000002,1674277936721,3666,389
1762912857,0000008000000008,1674442078523,4189,390
1762912860,0000000400000008,1674468657002,2569,391
1762912864,0000000400000008,1674504954179,402,392
1762912868,0000000800000008,1674545909047,3118,393
1762912871,0000000100000080,1674579911303,1078,394
1762912893,0000000400000008,1674802589914,3262,395
1762912912,0000000100000002,1674988942306,2436,396
1762912942,0000008000000004,1675294419044,4853,397
1762912949,0000000400000080,1675355543907,1167,398
1762912951,0000000400000002,1675382919924,4725,399
1762912954,0000000100000001,1675407095681,3257,400
1762912958,0000000400000008,1675454352732,425,401
1762912964,0000008000000080,1675510121598,2253,402
1762912993,0000000400000004,1675803077306,225,403
1762912994,0000000100000004,1675808985214,5061,404
1762912995,0000000800000004,1675816669600,4606,405
1762913013,0000000100000001,1675996787688,4159,406
1762913014,0000000400000080,1676012062147,3223,407
1762913028,0000000100000001,1676152594284,5165,408
1762913042,0000004000000001,1676287912465,2212,409
1762913083,0000000400000004,1676701688263,3293,410
1762913092,0000004400000087,1676787593130,3313,411
1762913120,0000000800000002,1677066265639,2138,412
1762913141,0000000400000080,1677275263596,5153,413
1762913149,0000000100000001,1677357128077,235,414
1762913162,0000000800000080,1677488977494,2675,415
1762913172,0000004000000004,1677591392289,1716,416
1762913175,0000000400000004,1677622230110,5060,417
1762913190,0000000400000008,1677766954103,1543,418
1762913206,0000008000000002,1677929896173,2128,419
1762913217,0000000100000004,1678040267185,691,420
1762913226,000000c000000080,1678127272868,652,421
1762913240,0000000400000002,1678265268939,2723,422
1762913260,0000000800000080,1678473040303,629,423
1762913272,0000000100000004,1678585498021,4261,424
1762913284,0000004000000008,1678714109777,1702,425
1762913291,0000008000000080,1678777532914,3075,426
1762913304,0000000100000001,1678910922000,260,427
1762913309,0000004000000080,1678956583988,2690,428
1762913326,0000000400000004,1679132800173,2479,429
1762913347,0000000800000008,1679343831517,189,430
1762913348,0000000100000001,1679351156513,4940,431
1762913359,0000000100000001,1679457798661,3719,432
1762913368,0000004000000008,1679546555711,3571,433
1762913387,0000000300000001,1679741937322,2199,434
1762913392,0000004000000002,1679790546263,4488,435
1762913393,0000008000000001,1679796509442,4127,436
1762913401,0000000100000080,1679877663502,4442,437
1762913404,0000008000000004,1679912756438,2310,438
1762913419,0000004000000002,1680061395020,3770,439
1762913455,0000000800000080,1680419952105,2962,440
1762913460,0000008000000080,1680466658950,169,441
1762913461,0000000100000001,1680474667522,4880,442
1762913464,0000000400000004,1680509803067,2750,443
1762913488,0000004000000001,1680748158823,4014,444
1762913503,0000000400000004,1680898727932,162,445
1762913510,0000004000000080,1680967430760,1200,446
1762913516,0000008000000080,1681028278032,2726,447
1762913521,0000004000000080,1681076290292,5044,448
1762913544,0000008000000002,1681307154745,1540,449
1762913548,0000000100000001,1681350790626,4123,450
1762913558,0000008f0000000f,1681450298369,3317,451
1762913565,0000000100000001,1681520763532,4288,452
1762913570,0000008000000080,1681570639518,1272,453
1762913577,0000000400000002,1681643800856,2065,454
1762913578,0000000100000001,1681644050200,2049,455
1762913578,0000000100000008,1681645511425,1962,456
1762913594,0000000100000002,1681807546812,2595,457
1762913596,0000004000000004,1681830264597,1238,458
1762913640,0000008000000080,1682265314306,1039,459
1762913641,0000000100000001,1682282610542,5194,460
1762913668,0000008000000004,1682552092378,4577,461
1762913668,0000000400000001,1682552306724,4564,462
1762913675,0000000100000002,1682617507486,635,463
1762913711,0000008100000083,1682974474909,5129,464
1762913744,0000000100000001,1683310128907,525,465
1762913761,0000000100000080,1683477110372,863,466
1762913767,0000000100000001,1683541274801,2191,467
1762913781,0000000400000001,1683677781183,4384,468
1762913781,0000000100000080,1683678770589,4326,469
1762913789,0000008000000004,1683764089056,4387,470
1762913816,0000008000000002,1684025336684,4254,471
1762913832,0000000100000008,1684191227626,4661,472
1762913834,0000008000000004,1684211707908,3417,473
1762913848,0000000400000002,1684347673002,440,474
1762913872,0000004000000001,1684591984374,1316,475
1762913875,0000000800000008,1684622932470,4657,476
1762913912,0000000400000004,1684987336079,3508,477
1762913917,0000000400000001,1685038087870,460,478
1762913927,0000000800000002,1685136581896,4924,479
1762913933,0000004000000002,1685203807580,876,480
1762913944,0000000800000004,1685304417520,5211,481
1762913958,0000000400000008,1685450065372,1640,482
1762913969,0000000800000004,1685560409822,207,483
1762913995,0000000100000004,1685820037923,172,484
1762914001,0000000200000040,1685883015679,1567,485
1762914012,0000000100000003,1685993165313,5331,486
1762914024,0000008000000080,1686106584562,3708,487
1762914038,0000008000000080,1686252195801,5330,488
1762914049,0000004000000002,1686357440306,4207,489
1762914049,0000008000000002,1686361264342,3974,490
1762914054,0000000800000080,1686405942832,1275,491
1762914066,0000000800000001,1686525787360,4468,492
1762914072,0000000100000001,1686591338544,519,493
1762914083,0000000100000001,1686694451267,4709,494
1762914100,0000008000000001,1686869155701,4590,495
1762914104,0000008000000008,1686913240660,1923,496
1762914114,0000008000000080,1687011856540,1185,497
1762914126,0000000200000001,1687134003058,4240,498
1762914139,0000000100000001,1687258467325,1932,499
1762914146,0000000400000008,1687329445301,2851,500
1762914191,0000000100000004,1687783062363,1540,501
1762914195,0000004000000001,1687817638616,4667,502
1762914207,0000000100000001,1687938404077,2577,503
1762914229,0000000100000008,1688154556618,5167,504
1762914233,0000000100000004,1688203615453,2209,505
1762914244,0000004000000002,1688309857673,1016,506
1762914263,0000000100000002,1688499926346,5167,507
1762914282,0000004000000002,1688693407097,3925,508
1762914309,0000000100000002,1688960819857,3410,509
1762914310,0000000800000001,1688965440728,3126,510
1762914317,0000004000000004,1689041458537,3761,511
1762914320,0000008000000080,1689069444925,2067,512
1762914321,0000000100000004,1689083906065,1199,513
1762914336,0000000100000001,1689229144056,2845,514
1762914343,0000008000000008,1689297351344,3953,515
1762914353,0000008000000080,1689395883497,3204,516
1762914378,0000000800000080,1689649260247,3552,517
1762914380,0000008000000080,1689668117544,2408,518
1762914382,0000000400000080,1689691783591,992,519
1762914393,0000000400000004,1689802778246,4714,520
1762914402,0000002000000040,1689885250061,4943,521
1762914417,0000000100000002,1690040673720,785,522
1762914431,0000000100000080,1690182859794,2608,523
1762914473,0000004000000001,1690596396228,3716,524
1762914477,0000008000000002,1690642655352,929,525
1762914491,0000000400000080,1690774659653,3374,526
1762914491,0000000100000001,1690784060463,2801,527
1762914498,0000004000000002,1690854199988,3792,528
1762914505,0000000400000001,1690921432905,4940,529
1762914507,0000004000000080,1690934537322,4159,530
1762914517,0000004000000080,1691040942665,2931,531
1762914529,0000000400000004,1691163168436,785,532
1762914535,0000008000000004,1691215477986,2818,533
1762914536,0000000100000004,1691232125139,1825,534
1762914539,0000000100000001,1691258586066,244,535
1762914541,0000000100000001,1691276328176,4375,536
1762914552,0000000100000001,1691389550728,2736,537
1762914561,0000008000000080,1691479768304,2503,538
1762914561,0000000800000001,1691483465714,2284,539
1762914574,0000000800000080,1691608607198,5153,540
1762914609,0000004000000001,1691962068384,4675,541
1762914612,0000000100000001,1691993640466,2756,542
1762914614,0000000800000004,1692004357148,2117,543
1762914616,0000000100000004,1692031579902,490,544
1762914618,000000c000000080,1692044658599,4897,545
1762914631,0000000200000001,1692179725657,1957,546
1762914639,0000000400000001,1692255706327,2574,547
1762914673,0000004000000080,1692602448870,2493,548
1762914678,0000000100000001,1692651001723,4783,549
1762914686,0000000800000002,1692732518989,5069,550
1762914686,0000000100000002,1692732762544,5054,551
1762914694,000000800000000c,1692809551201,439,552
1762914698,0000000400000004,1692852310796,3045,553
1762914709,0000008000000080,1692955860730,2015,554
1762914713,0000000400000004,1692998743548,4644,555
1762914721,0000000400000001,1693078838009,5012,556
1762914733,0000000100000006,1693203319483,2705,557
1762914742,0000000100000009,1693286226155,2912,558
1762914746,0000000100000006,1693330042690,293,559
1762914749,0000000800000002,1693362497489,3528,560
1762914773,0000000200000080,1693596695138,5027,561
1762914785,0000000800000004,1693718784977,2863,562
1762914792,0000004000000001,1693793450303,3577,563
1762914828,0000000800000001,1694149303939,2935,564
1762914834,0000004000000008,1694207632453,4640,565
1762914849,0000008000000080,1694359573696,688,566
1762914855,0000000800000008,1694418216749,2344,567
1762914856,0000000800000002,1694433998374,1399,568
1762914866,0000008000000080,1694531334915,743,569
1762914885,0000000100000001,1694721168342,4909,570
1762914885,0000000100000008,1694722791353,4812,571
1762914890,000000c000000080,1694769649089,1984,572
1762914893,0000000400000001,1694795883400,415,573
1762914934,0000000400000004,1695209691250,1483,574
1762914939,0000000400000080,1695259128020,3711,575
1762914946,0000000100000001,1695327837017,4776,576
1762914947,0000004000000080,1695343490799,3832,577
1762914951,0000000100000004,1695376102344,1862,578
1762914953,0000008000000080,1695403979969,196,579
1762914974,0000000800000008,1695605455509,3652,580
1762914987,0000008000000001,1695741901625,641,581
1762914993,0000000100000001,1695798376945,2424,582
1762914993,0000000100000080,1695799898026,2333,583
1762914994,0000000500000004,1695806786487,1924,584
1762915006,0000000100000002,1695928692095,4987,585
1762915013,0000000800000008,1695996116037,925,586
1762915014,0000000100000003,1696012743729,5121,587
1762915025,0000008000000004,1696114970507,4176,588
1762915034,0000008000000080,1696204719446,3969,589
1762915041,0000008000000008,1696277018243,4812,590
1762915042,0000000200000001,1696287127118,4209,591
1762915059,0000004000000008,1696454957721,4501,592
1762915061,0000000400000002,1696477343171,3135,593
1762915063,0000004000000008,1696495988057,2018,594
1762915073,0000004000000002,1696595678404,1215,595
1762915077,0000000300000001,1696634427751,4091,596
1762915086,0000000100000002,1696733213462,3329,597
1762915102,0000008000000004,1696889529605,4330,598
1762915114,0000000800000008,1697009210511,2305,599
1762915117,0000004000000080,1697041754137,362,600
1762915126,0000000100000002,1697130385106,224,601
1762915129,0000008000000001,1697155204971,3927,602
1762915139,0000000800000004,1697262324833,2659,603
1762915144,0000004000000004,1697312631666,4844,604
1762915153,0000008000000080,1697396681541,4979,605
1762915158,0000000100000001,1697445984288,2005,606
1762915175,0000008000000080,1697623047095,1743,607
1762915191,0000000100000001,1697777545669,2830,608
1762915192,0000004000000008,1697793534750,1876,609
1762915206,0000008000000004,1697925170189,4359,610
1762915209,0000000100000001,1697958809356,2318,611
1762915213,0000000100000001,1698000301959,5025,612
1762915215,0000008000000001,1698024033117,3597,613
1762915222,0000000400000002,1698085961223,5067,614
1762915223,0000008000000080,1698102528524,4079,615
1762915225,0000000100000080,1698114256635,3357,616
1762915232,0000000c00000001,1698190404941,3984,617
1762915237,0000000400000004,1698242020338,871,618
1762915283,0000000100000001,1698696804255,4687,619
1762915286,0000000800000008,1698726429781,2884,620
1762915287,0000000100000001,1698739370044,2113,621
1762915289,0000000100000001,1698754478317,1205,622
1762915297,0000004000000002,1698837327854,1415,623
1762915298,0000000800000080,1698848053000,776,624
1762915318,0000008000000008,1699051580832,4123,625
1762915324,0000008000000080,1699110923615,548,626
1762915368,0000000100000080,1699546648155,307,627
1762915372,0000000100000001,1699584842611,3192,628
1762915372,0000000800000008,1699593559445,2662,629
1762915377,0000000400000008,1699637100933,5249,630
1762915385,0000008000000080,1699721927160,162,631
1762915386,0000000100000008,1699725193097,5146,632
1762915404,0000008000000002,1699909457664,4459,633
1762915407,0000000100000008,1699942604213,2443,634
1762915412,0000004000000002,1699987244692,4967,635
1762915423,0000004000000001,1700095440893,3650,636
1762915425,0000004000000008,1700116452883,2375,637
1762915426,0000000800000080,1700130644765,1528,638
1762915434,0000000100000003,1700209203872,1995,639
1762915439,0000008000000080,1700260531465,4117,640
1762915441,000000c000000080,1700280295623,2907,641
1762915445,0000004000000004,1700317689436,671,642
1762915456,0000008000000080,1700428803491,4383,643
1762915458,0000008000000004,1700443993853,3454,644
1762915471,0000000100000001,1700581131278,407,645
1762915483,000000010000000a,1700701685871,3539,646
1762915485,0000000100000002,1700718131000,2538,647
1762915498,0000008000000080,1700848115446,5118,648
1762915498,0000008000000080,1700848938256,5070,649
1762915512,0000000400000008,1700992979858,1595,650
1762915520,0000000100000001,1701069793303,2165,651
1762915521,0000000100000001,1701075593317,1819,652
1762915522,0000000800000080,1701089463805,986,653
1762915548,0000000400000001,1701344962001,1199,654
1762915559,0000004000000002,1701458198245,4784,655
1762915568,0000000100000002,1701545978717,4701,656
1762915573,0000004100000080,1701595286363,1721,657
1762915591,0000008000000080,1701774062567,1356,658
1762915596,0000000400000004,1701829697489,3199,659
1762915599,0000000800000002,1701855891203,1628,660
1762915603,0000000100000001,1701896075250,4419,661
1762915615,0000008000000008,1702017773433,2273,662
1762915624,0000000100000001,1702104984894,2223,663
1762915638,0000004000000001,1702245379226,4183,664
1762915638,0000008000000004,1702252325070,3758,665
1762915639,0000004000000080,1702260902390,3231,666
1762915676,0000000400000008,1702626500590,2018,667
1762915677,0000004000000004,1702643092323,1021,668
1762915693,0000008000000080,1702795760369,2221,669
1762915702,0000008000000008,1702893024674,1568,670
1762915722,0000000100000003,1703090157124,5293,671
1762915738,0000000400000080,1703247827269,1002,672
1762915755,0000008000000004,1703421686059,933,673
1762915776,0000000100000001,1703627231207,4163,674
1762915784,0000008000000001,1703707716141,4516,675
1762915787,0000000100000001,1703733929481,2917,676
1762915789,0000000200000001,1703758397359,1452,677
1762915795,0000000100000004,1703819245907,2979,678
1762915799,0000000400000080,1703858932190,606,679
1762915803,0000008000000001,1703899741535,3336,680
1762915805,0000008000000080,1703921058057,2055,681
1762915807,0000000800000080,1703937982793,1039,682
1762915817,0000008000000080,1704035204530,392,683
1762915831,0000000800000004,1704177378247,2215,684
1762915835,0000004000000002,1704219324104,4898,685
1762915835,0000000100000004,1704221394282,4776,686
1762915843,0000008000000002,1704298942931,5296,687
1762915847,0000008000000080,1704335312896,3100,688
1762915853,0000000100000001,1704394068650,4777,689
1762915867,0000000400000080,1704542654032,1023,690
1762915885,0000000100000001,1704721519196,658,691
1762915894,000000c000000004,1704807383075,686,692
1762915899,000000400000000c,1704862559151,2547,693
1762915900,0000000100000001,1704865036192,2400,694
1762915932,0000008000000004,1705189093504,3695,695
1762915937,0000000800000080,1705237338256,792,696
1762915942,0000008000000080,1705290886533,2752,697
1762915947,0000000400000008,1705334070360,172,698
1762915952,0000004000000006,1705392241319,1857,699
1762915971,0000004000000004,1705575811129,1202,700
1762915977,0000004000000080,1705641828947,2418,701
1762915986,0000000100000004,1705726271566,2532,702
1762916008,0000000400000001,1705948446650,4767,703
1762916009,0000000400000001,1705953902327,4442,704
1762916010,0000000100000002,1705966549943,3674,705
1762916014,0000008000000080,1706010585599,1020,706
1762916015,0000000100000008,1706017046243,638,707
1762916021,0000008000000080,1706080400018,2013,708
1762916034,0000004000000001,1706206512868,4825,709
1762916045,0000000800000080,1706319517915,3207,710
1762916060,0000008000000008,1706466032967,4796,711
1762916073,0000008000000080,1706598673491,2000,712
1762916077,0000004000000001,1706641009010,4662,713
1762916086,0000000100000001,1706724302441,4841,714
1762916086,0000000400000004,1706727546168,4651,715
1762916096,0000000100000002,1706830410260,3649,716
1762916112,0000000800000004,1706985157723,4735,717
1762916116,0000000700000001,1707026146112,2253,718
1762916116,0000000400000008,1707029437566,2059,719
1762916139,0000008000000001,1707258431893,3875,720
1762916152,0000000100000003,1707392139707,1019,721
1762916172,0000000100000001,1707583976342,5064,722
1762916188,0000004000000008,1707744775687,588,723
1762916205,0000000400000008,1707922777593,270,724
1762916213,0000004000000004,1707995692475,1069,725
1762916217,0000004000000080,1708041819205,3489,726
1762916220,0000004000000004,1708069861122,1801,727
1762916257,0000008000000080,1708439821269,333,728
1762916263,0000000800000002,1708493804135,2267,729
1762916275,0000000400000002,1708622623534,4916,730
1762916293,0000004000000002,1708802132588,4513,731
1762916295,0000000100000001,1708820636542,3385,732
1762916319,0000004000000008,1709059318947,4624,733
1762916320,0000004000000001,1709069586637,4004,734
1762916322,0000004000000001,1709089652316,2776,735
1762916351,0000008000000004,1709375490746,1172,736
1762916360,0000000800000002,1709471606754,593,737
1762916379,0000000100000001,1709657297743,5005,738
1762916388,0000004000000008,1709751228892,4554,739
1762916389,0000000400000080,1709758162624,4137,740
1762916389,0000004000000004,1709759045873,4084,741
1762916391,0000000400000008,1709780662966,2762,742
1762916392,0000000100000008,1709786320634,2423,743
1762916392,0000004000000080,1709791389454,2123,744
1762916409,0000008000000080,1709963374285,2164,745
1762916417,0000000100000001,1710035981740,2986,746
1762916418,0000000400000080,1710048791230,2219,747
1762916438,0000000100000004,1710249571708,541,748
1762916441,0000008000000080,1710280689870,3865,749
1762916465,0000000100000001,1710521775365,4944,750
1762916473,0000000100000001,1710597888828,365,751
1762916479,0000004000000080,1710659522087,1843,752
1762916493,0000008000000004,1710798977364,3851,753
1762916494,0000000800000004,1710811316810,3094,754
1762916509,0000004000000001,1710955580850,4819,755
1762916540,0000004000000001,1711272723587,1314,756
1762916543,0000004000000004,1711303333290,4681,757
1762916547,0000008000000080,1711337460913,2606,758
1762916549,0000000200000080,1711361995932,1139,759
1762916557,0000008000000004,1711440629462,1602,760
1762916558,0000008000000008,1711444791321,1352,761
1762916566,0000000100000001,1711532967371,1242,762
1762916582,0000004000000004,1711692858054,2011,763
1762916583,0000004000000002,1711702315592,1443,764
1762916613,0000000800000001,1711994746349,4641,765
1762916621,0000000400000008,1712077246779,4869,766
1762916630,0000008000000080,1712172246829,4354,767
1762916641,0000000100000080,1712279540617,3073,768
1762916646,0000000100000002,1712325565604,320,769
1762916673,0000000200000008,1712594492447,4919,770
1762916685,0000000800000002,1712717148823,2718,771
1762916688,0000000100000004,1712752104202,630,772
1762916689,0000000100000004,1712758615093,240,773
1762916693,0000000100000003,1712798043235,3046,774
1762916699,0000000100000001,1712861920770,4420,775
1762916726,0000004000000004,1713129920576,3875,776
1762916740,0000008000000080,1713265476503,907,777
1762916747,0000004000000080,1713343644005,1396,778
1762916755,0000000100000010,1713418762206,2071,779
1762916769,0000000800000001,1713554618589,4302,780
1762916770,0000000100000003,1713573040231,3175,781
1762916781,0000008000000008,1713673818879,2306,782
1762916788,0000000400000002,1713746879599,3104,783
1762916807,0000000400000080,1713939747577,1897,784
1762916815,0000000400000008,1714016615133,2460,785
1762916823,0000000100000001,1714099933677,2640,786
1762916834,0000000100000080,1714211634765,1123,787
1762916865,0000000400000002,1714522905549,3170,788
1762916877,0000008000000001,1714634240015,1673,789
1762916896,0000008000000080,1714832796182,5310,790
1762916901,0000000100000004,1714875553452,2729,791
1762916919,0000004000000002,1715061426106,1945,792
1762916922,0000000400000008,1715087218047,403,793
1762916946,0000000400000001,1715325366056,1651,794
1762916974,0000000800000002,1715609881657,5315,795
1762916993,0000008000000080,1715802634488,4118,796
1762916995,0000000100000001,1715816922191,3242,797
1762916997,0000000400000001,1715840147038,1849,798
1762917001,0000000c00000008,1715875498481,4924,799
1762917008,0000008000000080,1715944236373,787,800
1762917017,0000008000000080,1716039072467,281,801
1762917031,0000008000000080,1716179970405,2180,802
1762917056,0000000400000080,1716429352803,2754,803
1762917070,0000000800000008,1716568801961,4774,804
1762917098,0000004000000004,1716849319975,3471,805
1762917112,0000000800000080,1716984533355,540,806
1762917117,0000000800000002,1717037799352,2514,807
1762917126,0000000800000002,1717127320405,2325,808
1762917133,0000004000000080,1717198926234,3213,809
1762917135,0000000100000001,1717220717307,1906,810
1762917179,0000000400000002,1717653708822,1830,811
1762917185,000000c000000080,1717714966102,3337,812
1762917204,0000008000000080,1717906356857,2210,813
1762917208,0000000100000002,1717945679781,5048,814
1762917212,0000008000000080,1717992284219,2236,815
1762917217,0000004400000008,1718039489506,4607,816
1762917233,0000000400000001,1718194094697,497,817
1762917242,0000008000000080,1718293133351,4926,818
1762917253,0000000100000004,1718398553946,3779,819
1762917259,000000c000000080,1718458615111,167,820
1762917270,0000004000000008,1718568746957,3932,821
1762917271,0000000100000080,1718578418168,3338,822
1762917298,0000000100000004,1718849321161,2618,823
1762917299,0000000100000001,1718862313058,1844,824
1762917301,000000c000000080,1718880584211,750,825
1762917315,0000000800000002,1719022631401,2580,826
1762917325,0000000100000002,1719114172516,2272,827
1762917334,0000000800000004,1719208270192,1810,828
1762917337,0000000400000004,1719241110007,5034,829
1762917339,0000004000000040,1719260531335,3868,830
1762917345,0000000100000008,1719319464038,324,831
1762917350,0000000100000004,1719373396648,2259,832
1762917358,0000000800000080,1719452335827,2701,833
1762917364,0000000100000001,1719505179504,4735,834
1762917396,0000000400000004,1719828872083,840,835
1762917403,0000000800000001,1719894722447,2067,836
1762917412,0000000800000008,1719985082716,1828,837
1762917425,0000004000000080,1720118061713,4230,838
1762917428,0000008000000004,1720143597958,2671,839
1762917437,0000008000000002,1720242589940,1919,840
1762917440,0000008000000080,1720268459929,372,841
1762917481,0000004000000001,1720675885409,1824,842
1762917506,0000008000000002,1720933050776,1937,843
1762917519,0000008000000002,1721062176919,4570,844
1762917535,0000000100000003,1721218572979,353,845
1762917548,000000050000000a,1721349657095,2837,846
1762917555,0000008000000008,1721415155055,4112,847
1762917561,0000000800000004,1721481407012,5310,848
1762917575,0000004000000004,1721619937583,2166,849
1762917586,0000000800000080,1721725521580,1013,850
1762917587,0000000200000001,1721740322949,5316,851
1762917588,0000000400000002,1721746121525,4974,852
1762917589,0000000100000001,1721757509254,4295,853
1762917601,0000008000000080,1721875741706,2357,854
1762917605,0000000100000001,1721917509948,5049,855
1762917627,0000000100000003,1722140761754,2003,856
1762917628,0000000800000001,1722146337652,1669,857
1762917628,0000000100000002,1722153190986,1256,858
1762917631,0000008000000004,1722183105228,4662,859
1762917634,0000000800000080,1722205975792,3273,860
1762917639,0000000800000004,1722257730004,172,861
1762917639,0000000100000001,1722258088016,162,862
1762917654,0000008000000001,1722407331407,1551,863
1762917659,0000008000000001,1722455980440,3826,864
1762917661,0000000100000001,1722481384795,2285,865
1762917687,0000004000000080,1722735753801,2562,866
1762917702,0000000100000001,1722885468712,3963,867
1762917702,0000000100000080,1722888858721,3756,868
1762917724,0000000800000080,1723105331521,1117,869
1762917724,0000000800000080,1723107071145,1013,870
1762917732,0000004000000001,1723188089806,1331,871
1762917746,0000000200000002,1723328177134,3289,872
1762917752,0000004000000004,1723391903766,4667,873
1762917753,0000000400000001,1723396175692,4412,874
1762917758,0000000100000008,1723447477566,1310,875
1762917768,0000000100000001,1723548584032,431,876
1762917768,0000000400000004,1723549168739,397,877
1762917772,0000004000000080,1723589495454,3151,878
1762917780,0000000800000080,1723672443966,3358,879
1762917783,0000008000000004,1723702554230,1549,880
1762917805,0000000200000004,1723914179194,4416,881
1762917830,0000008000000008,1724171468341,4521,882
1762917851,0000008000000080,1724382095765,2220,883
1762917858,0000000100000008,1724443427917,3735,884
1762917873,0000000100000003,1724600550811,4678,885
1762917876,0000008000000080,1724632630404,2728,886
1762917884,0000000100000001,1724709446059,3307,887
1762917888,0000000800000080,1724752201083,743,888
1762917898,0000000100000008,1724846038841,296,889
1762917910,0000000400000004,1724967676746,3355,890
1762917914,0000000400000001,1725003534799,1200,891
1762917915,0000000800000008,1725022217087,5273,892
1762917947,0000008000000004,1725334906776,2042,893
1762917951,0000008000000080,1725378533711,4626,894
1762917952,0000000100000001,1725392190248,3799,895
1762917958,0000000100000001,1725452250747,188,896
1762917986,0000004000000002,1725729860777,4270,897
1762917995,0000008000000080,1725817329659,4202,898
1762918009,0000000400000001,1725954988101,1101,899
1762918013,0000000800000080,1726001064196,3524,900
1762918017,0000004000000001,1726033594120,1566,901
1762918025,0000004000000001,1726123277993,1367,902
1762918037,0000000400000008,1726235811015,4990,903
1762918040,0000008800000004,1726271224887,2846,904
1762918048,000000c000000080,1726345634649,3575,905
1762918050,000000c000000080,1726363679901,2479,906
1762918059,0000000100000002,1726453809900,2254,907
1762918059,0000000200000008,1726456347965,2104,908
1762918068,0000000800000002,1726545408587,1942,909
1762918069,0000004000000002,1726557967840,1187,910
1762918106,0000000100000001,1726928333675,4885,911
1762918110,000000c000000080,1726968136622,2476,912
1762918123,0000004000000001,1727100383070,4924,913
1762918148,000000c000000080,1727344201478,645,914
1762918149,0000000800000080,1727354161330,5235,915
1762918149,0000008000000080,1727359251619,4934,916
1762918170,0000000400000004,1727572512397,2480,917
1762918171,0000004000000080,1727578987652,2095,918
1762918183,0000000100000001,1727697037077,199,919
1762918207,0000000400000001,1727936023816,1395,920
1762918233,0000000800000008,1728202303262,962,921
1762918243,0000000100000001,1728303276464,5276,922
1762918279,0000008000000002,1728662247451,4472,923
1762918281,0000000100000004,1728681179994,3316,924
1762918298,0000000100000002,1728843352415,3961,925
1762918300,0000000400000004,1728863975869,2701,926
1762918309,0000004000000008,1728956466576,2334,927
1762918312,0000008000000080,1728987279290,496,928
1762918318,0000000100000001,1729043930862,2268,929
1762918322,0000004000000008,1729088917592,4772,930
1762918341,0000008000000008,1729274176366,4016,931
1762918394,0000000400000004,1729810837645,2877,932
1762918418,0000008000000001,1730048860712,4164,933
1762918468,000000010000000c,1730548841749,5241,934
1762918470,0000000400000001,1730564758090,4296,935
1762918482,0000000800000004,1730692064105,1818,936
1762918486,0000000400000001,1730730868854,4689,937
1762918506,0000000400000088,1730927577185,3228,938
1762918514,0000000100000002,1731007467882,3626,939
1762918515,0000000100000080,1731022414134,2713,940
1762918516,0000000100000008,1731025170439,2549,941
1762918522,0000008000000002,1731083823661,4236,942
1762918527,0000000100000080,1731142601761,692,943
1762918569,0000000100000008,1731553314703,1949,944
1762918585,0000004000000080,1731718723378,2382,945
1762918586,0000008000000002,1731733057432,1526,946
1762918589,0000000100000001,1731756898074,5289,947
1762918589,0000000100000001,1731758424714,5197,948
1762918590,0000000100000001,1731772380672,4369,949
1762918594,0000004000000080,1731811990171,1972,950
1762918605,0000000100000008,1731914588573,996,951
1762918616,0000004000000004,1732032502459,4304,952
1762918621,0000008000000002,1732080143787,1423,953
1762918634,0000008000000001,1732205685639,4274,954
1762918640,0000000100000001,1732265306642,679,955
1762918646,0000008000000080,1732326556683,2180,956
1762918663,0000000800000004,1732495687593,2393,957
1762918708,0000000800000001,1732945056270,1335,958
1762918708,0000000400000008,1732946836452,1229,959
1762918729,0000008000000080,1733156691194,4203,960
1762918733,0000008000000002,1733199846808,1585,961
1762918737,0000000800000004,1733236506310,4593,962
1762918746,0000000100000001,1733323208581,4573,963
1762918746,0000000400000004,1733328435692,4258,964
1762918752,0000000400000001,1733392025612,427,965
1762918753,0000000200000003,1733396045461,187,966
1762918753,0000008000000080,1733401423199,5053,967
1762918761,0000000100000001,1733474950179,633,968
1762918770,0000000200000004,1733564052638,467,969
1762918777,0000000100000008,1733639816051,1096,970
1762918777,0000000800000080,1733640210338,1073,971
1762918785,0000004000000001,1733718534411,1554,972
1762918791,0000000100000001,1733780991730,2985,973
1762918793,0000000800000008,1733794120063,2197,974
1762918795,0000000800000080,1733819685195,670,975
1762918805,0000008000000001,1733918911306,5088,976
1762918822,0000000100000001,1734092439148,5037,977
1762918826,0000000100000008,1734132616068,2608,978
1762918827,0000004000000004,1734142986047,1991,979
1762918839,0000000800000080,1734261108699,5277,980
1762918848,0000008000000080,1734345540963,205,981
1762918851,0000004000000001,1734375424596,3595,982
1762918857,0000000100000001,1734437529405,5055,983
1762918865,0000004000000002,1734520102116,5279,984
1762918873,0000000100000080,1734595835107,726,985
1762918884,0000008000000008,1734706747146,4452,986
1762918914,0000000400000001,1735010004502,1777,987
1762918922,0000000100000003,1735088738384,2232,988
1762918923,0000000100000008,1735093628827,1942,989
1762918931,0000004000000004,1735182833694,1770,990
1762918967,0000000200000080,1735533415098,1456,991
1762918968,0000000100000009,1735547584355,611,992
1762919008,0000004000000080,1735948121712,2474,993
1762919016,0000000800000008,1736027421746,2897,994
1762919028,0000000100000008,1736146386366,944,995
1762919032,0000000100000001,1736189988329,3515,996
1762919034,0000000100000001,1736210503932,2275,997
1762919059,0000000800000008,1736460315788,2825,998
1762919077,0000000100000001,1736634533202,2734,999
1762919078,0000000100000001,1736645095582,2104,1000
1762919089,0000000800000080,1736756998623,577,1001
1762919094,0000000200000004,1736809676811,2585,1002
1762919099,0000008000000080,1736859353538,4810,1003
1762919107,0000008000000080,1736940917669,5093,1004
1762919111,0000004000000004,1736980035196,2727,1005
1762919115,0000000400000080,1737017996566,459,1006
1762919124,0000000100000001,1737110250882,5292,1007
1762919127,0000000100000004,1737136432021,3722,1008
1762919168,0000008000000080,1737550766271,4772,1009
1762919177,0000000100000001,1737641598908,4505,1010
1762919186,0000008000000080,1737725452431,4653,1011
1762919189,0000000100000003,1737756287817,2779,1012
1762919200,0000000100000004,1737871510128,1050,1013
1762919222,0000000800000080,1738086901379,3680,1014
1762919222,0000000100000008,1738089505970,3519,1015
1762919224,0000000100000001,1738108025225,2397,1016
1762919240,0000000800000080,1738265288650,3329,1017
1762919241,0000000800000004,1738277807180,2571,1018
1762919241,0000000400000004,1738278532242,2528,1019
1762919241,0000000800000002,1738280156778,2430,1020
1762919253,0000004000000002,1738393290799,830,1021
1762919259,0000004000000001,1738462617871,1851,1022
1762919266,0000000100000008,1738529430555,3018,1023
1762919276,0000008000000080,1738628233880,2272,1024
1762919282,0000000400000008,1738685735303,4022,1025
1762919289,0000000800000001,1738757413594,4900,1026
1762919328,0000008000000080,1739150223020,2038,1027
1762919348,0000000100000001,1739352593719,264,1028
1762919370,0000008000000080,1739572994883,2571,1029
1762919372,0000008000000080,1739589528670,1583,1030
1762919396,0000000800000080,1739828112196,2805,1031
1762919402,0000004000000002,1739887283034,4462,1032
1762919418,0000000100000001,1740047431556,5206,1033
1762919422,0000000800000080,1740086730832,2832,1034
1762919422,0000000800000004,1740088793631,2708,1035
1762919430,0000000100000008,1740170788202,2970,1036
1762919444,0000000400000002,1740308281023,5098,1037
1762919453,0000000800000080,1740401253292,4707,1038
1762919454,0000000100000001,1740403888069,4551,1039
1762919467,0000008000000080,1740540117478,1537,1040
1762919479,0000000300000001,1740660633806,4686,1041
1762919482,0000004000000002,1740686943115,3086,1042
1762919499,0000000100000004,1740859071937,3120,1043
1762919501,0000000100000004,1740874601438,2189,1044
1762919509,0000004000000008,1740960448366,2218,1045
1762919532,0000000800000004,1741186588791,4214,1046
1762919536,0000000100000080,1741232811161,1419,1047
1762919551,0000000100000001,1741381090477,2880,1048
1762919561,0000004000000002,1741481433240,2046,1049
1762919610,0000000800000002,1741964537120,4164,1050
1762919620,0000000400000080,1742064210674,3347,1051
1762919626,0000000800000004,1742124014363,4951,1052
1762919629,0000000100000001,1742160810317,2723,1053
1762919636,0000000800000002,1742228573753,3858,1054
1762919676,0000000100000001,1742627808461,617,1055
1762919690,0000008000000080,1742769204916,2485,1056
1762919699,0000000100000008,1742855964621,2461,1057
1762919700,0000004000000008,1742865332254,1904,1058
1762919702,0000008000000080,1742891293604,352,1059
1762919704,0000000800000002,1742909831459,4436,1060
1762919710,0000000400000002,1742964464423,1135,1061
1762919712,0000004000000008,1742992634272,4647,1062
1762919728,0000004c0000008c,1743147546585,517,1063
1762919740,0000008000000080,1743263119203,3956,1064
1762919749,0000000400000004,1743356807733,3505,1065
1762919765,0000000500000008,1743514425298,4424,1066
1762919766,0000004000000080,1743531227242,3399,1067
1762919776,0000008800000080,1743630966509,2586,1068
1762919780,0000008000000080,1743671153648,186,1069
1762919800,0000000100000080,1743869813927,3817,1070
1762919813,0000000800000080,1743999785746,1184,1071
1762919837,0000000100000001,1744242420067,2167,1072
1762919860,0000004000000002,1744463258166,4483,1073
1762919863,0000004000000002,1744496506957,2462,1074
1762919872,0000000400000001,1744584128240,2385,1075
1762919887,0000000100000001,1744733826066,3782,1076
1762919889,0000008000000001,1744761221137,2124,1077
1762919897,0000000100000001,1744834386686,2912,1078
1762919900,0000008000000008,1744867321923,940,1079
1762919917,0000004000000001,1745033284743,1343,1080
1762919936,0000004800000004,1745230059740,5093,1081
1762919942,0000000400000004,1745289281996,1526,1082
1762919949,0000004000000004,1745361926382,2345,1083
1762919957,0000008000000080,1745440420572,2814,1084
1762919958,0000008000000080,1745451597206,2148,1085
1762919969,0000008000000002,1745554898839,1130,1086
1762919980,0000004000000080,1745671201723,4535,1087
1762919982,0000004000000001,1745691434781,3303,1088
1762919999,0000000100000001,1745853678700,3937,1089
1762920018,0000008000000002,1746048488816,2594,1090
1762920060,0000000800000080,1746463145798,3634,1091
1762920068,0000000100000001,1746545979007,3850,1092
1762920075,0000008000000080,1746612962230,5011,1093
1762920127,0000000800000001,1747140866502,4428,1094
1762920131,0000000800000001,1747181668866,1958,1095
1762920133,0000004000000001,1747202347029,722,1096
1762920135,0000004000000008,1747221098471,4792,1097
1762920138,0000008000000004,1747243116899,3458,1098
1762920138,0000000800000002,1747247086022,3214,1099
1762920142,0000008000000080,1747291198277,573,1100
1762920157,0000008000000001,1747437151806,2170,1101
1762920157,0000000400000001,1747439590720,2025,1102
1762920160,0000000400000002,1747465821297,458,1103
1762920168,0000000100000002,1747546168778,815,1104
1762920171,0000008000000080,1747578063873,4098,1105
1762920190,0000004000000080,1747770309770,2902,1106
1762920195,0000008000000080,1747822129156,4991,1107
1762920216,0000000800000080,1748027482495,3014,1108
1762920229,0000008000000080,1748158962521,316,1109
1762920243,0000008000000008,1748295504202,2473,1110
1762920294,0000000800000080,1748810809958,2639,1111
1762920294,000000c000000080,1748812779103,2522,1112
1762920295,0000000800000004,1748818101750,2205,1113
1762920295,0000004000000004,1748820204280,2081,1114
1762920300,0000000400000002,1748870484861,4265,1115
1762920310,0000008000000080,1748966897350,3651,1116
1762920320,0000004000000002,1749069705474,2648,1117
1762920321,0000008000000008,1749074549410,2358,1118
1762920343,0000000800000004,1749292808500,4825,1119
1762920354,0000000100000001,1749409191352,3003,1120
1762920363,0000000400000002,1749500289772,2715,1121
1762920364,0000000100000004,1749509136666,2189,1122
1762920378,0000004000000004,1749642858059,4550,1123
1762920398,0000000800000004,1749844812350,2767,1124
1762920399,0000000100000003,1749857106150,2034,1125
1762920402,0000000800000002,1749889259172,5298,1126
1762920408,0000000400000004,1749945491673,1912,1127
1762920408,0000000100000001,1749948551025,1729,1128
1762920409,0000004000000008,1749961470971,954,1129
1762920425,0000000100000001,1750120990125,1744,1130
1762920429,0000008000000080,1750154518490,4929,1131
1762920429,0000000100000002,1750157759234,4738,1132
1762920436,0000000100000080,1750230850094,339,1133
1762920455,0000000100000005,1750417076767,4721,1134
1762920460,0000000100000001,1750468385633,1623,1135
1762920462,0000000100000002,1750487586282,477,1136
1762920466,0000008000000004,1750526127116,3344,1137
1762920475,0000008000000080,1750617809528,3016,1138
1762920481,0000008000000080,1750678643338,4572,1139
1762920483,0000000800000080,1750696882761,3461,1140
1762920486,0000000100000001,1750732721339,1304,1141
1762920488,0000000100000002,1750744989071,576,1142
1762920499,0000008000000002,1750862002937,3926,1143
1762920511,0000004000000008,1750977226158,2176,1144
1762920516,0000000100000001,1751026235954,4438,1145
1762920519,0000004000000080,1751056427552,2600,1146
1762920528,0000008000000080,1751152129868,2044,1147
1762920535,0000008000000080,1751222367834,3006,1148
1762920536,0000008000000080,1751226218976,2775,1149
1762920541,0000000800000080,1751274474759,5079,1150
1762920547,0000001000000008,1751339452932,1166,1151
1762920553,0000000800000004,1751397956462,2832,1152
1762920554,0000000100000005,1751412465805,1966,1153
1762920555,0000008000000008,1751414322830,1856,1154
1762920571,0000000400000001,1751573893516,2637,1155
1762920584,0000000400000080,1751708868228,4921,1156
1762920592,0000000100000001,1751791824261,5121,1157
1762920601,0000008000000080,1751878380537,5109,1158
1762920607,0000008000000001,1751933872565,1767,1159
1762920617,0000008000000002,1752035220583,868,1160
1762920627,0000000800000080,1752138603028,5040,1161
1762920630,0000000800000004,1752163938369,3511,1162
1762920640,0000000400000004,1752271629962,2221,1163
1762920642,0000000c00000001,1752292264376,986,1164
1762920647,0000000100000008,1752334819840,3623,1165
1762920653,0000004000000002,1752401515111,4810,1166
1762920667,0000000100000080,1752539642704,1686,1167
1762920676,0000000400000008,1752624283103,1787,1168
1762920680,0000008000000004,1752663927571,4611,1169
1762920687,0000000100000008,1752735620825,295,1170
1762920703,0000000800000080,1752897898525,914,1171
1762920712,0000000800000008,1752990127599,565,1172
1762920717,0000004000000004,1753033743695,3122,1173
1762920718,0000008000000004,1753051879577,2036,1174
1762920725,0000000400000001,1753117633452,3273,1175
1762920728,0000008000000002,1753152633004,1171,1176
1762920733,0000008000000080,1753196620061,3725,1177
1762920758,0000008000000008,1753442955985,4496,1178
1762920777,000000010000000c,1753634237962,3361,1179
1762920810,0000008000000002,1753969864222,3961,1180
1762920819,0000004000000004,1754058293842,3834,1181
1762920825,0000000400000008,1754121387790,5226,1182
1762920839,0000000100000001,1754259391179,2114,1183
1762920852,0000004000000008,1754384381077,4993,1184
1762920859,0000000400000001,1754461025023,384,1185
1762920862,0000000100000001,1754492442701,3685,1186
1762920863,0000008000000080,1754492707818,3669,1187
1762920866,0000000100000001,1754529782697,1433,1188
1762920868,0000004000000002,1754544864664,534,1189
1762920895,0000004000000008,1754820476048,4733,1190
1762920903,0000000400000001,1754897788155,5267,1191
1762920903,0000004000000004,1754898770910,5209,1192
1762920907,0000000800000008,1754938495061,2809,1193
1762920911,0000000200000008,1754980373277,307,1194
1762920924,0000000400000008,1755107599011,3027,1195
1762920932,0000008000000080,1755187873742,3398,1196
1762920942,0000000200000001,1755292181526,2313,1197
1762920970,0000000100000080,1755572575662,1034,1198
1762920996,0000008000000080,1755831286488,1054,1199
1762920998,0000000100000001,1755846866228,5311,1200
1762921007,0000000400000001,1755940845291,4858,1201
1762921011,0000000800000001,1755977116968,2660,1202
1762921035,0000008000000001,1756217633212,3790,1203
1762921047,0000000100000001,1756339722149,1633,1204
1762921053,0000004000000001,1756394503401,3533,1205
1762921054,0000000100000001,1756408143406,2703,1206
1762921058,0000008000000080,1756445938185,446,1207
1762921069,0000008000000080,1756552952825,4402,1208
1762921078,0000000100000001,1756643005617,4177,1209
1762921082,0000008000000080,1756689158453,1387,1210
1762921085,0000000100000001,1756717717115,4873,1211
1762921099,0000004000000080,1756858006216,1620,1212
1762921105,0000000400000002,1756918223250,3186,1213
1762921107,0000000800000001,1756938736605,1956,1214
1762921129,0000000100000080,1757159978398,4245,1215
1762921131,0000000200000002,1757179558676,3046,1216
1762921132,0000000100000001,1757191684328,2318,1217
1762921141,0000000200000008,1757274464561,2530,1218
1762921150,0000008000000080,1757367972452,2105,1219
1762921159,0000000800000008,1757452855793,2193,1220
1762921165,0000000100000008,1757513664502,3738,1221
1762921178,0000000100000004,1757647490680,878,1222
1762921180,0000000100000001,1757670618885,4690,1223
1762921211,0000000800000004,1757974400646,1985,1224
1762921219,0000000100000002,1758059610937,2052,1225
1762921227,0000008000000040,1758136347253,2623,1226
1762921236,0000000100000001,1758224672953,2506,1227
1762921236,0000000100000004,1758225946626,2431,1228
1762921249,0000000500000001,1758360059717,4768,1229
1762921255,0000000100000001,1758420376828,1129,1230
1762921269,0000000100000001,1758562248520,2976,1231
1762921284,0000004000000080,1758707967479,4620,1232
1762921294,0000008000000080,1758810485667,3638,1233
1762921295,0000000100000005,1758819299800,3096,1234
1762921296,0000000400000004,1758828371604,2548,1235
1762921308,0000000400000001,1758945453480,715,1236
1762921312,0000004000000002,1758985368590,3502,1237
1762921314,0000008000000001,1759011023872,1957,1238
1762921337,0000008000000004,1759240849717,3722,1239
1762921345,0000000800000002,1759313656915,4542,1240
1762921349,0000004000000002,1759353244337,2144,1241
1762921350,0000004000000001,1759367939151,1263,1242
1762921358,0000000200000001,1759445171066,1811,1243
1762921379,0000000400000002,1759658500322,4575,1244
1762921387,0000000800000008,1759741064452,4798,1245
1762921391,0000008000000080,1759781339240,2361,1246
1762921401,0000004000000004,1759877854809,1754,1247
1762921403,0000008000000080,1759900909100,377,1248
1762921405,0000000100000003,1759915544007,4691,1249
1762921405,000000c000000080,1759916044713,4662,1250
1762921419,0000000100000080,1760058183443,1293,1251
1762921425,0000004000000008,1760121459893,2674,1252
1762921434,0000004000000004,1760209392663,2578,1253
1762921457,0000000100000004,1760437868121,4438,1254
1762921476,0000008000000004,1760626837816,3446,1255
1762921478,0000004000000080,1760645582013,2313,1256
1762921481,000000c000000080,1760679425493,292,1257
1762921485,0000000100000002,1760719849270,3037,1258
1762921497,0000000100000080,1760833577474,1397,1259
1762921505,0000008000000080,1760919119876,1445,1260
1762921512,0000008000000002,1760991733774,2266,1261
1762921531,0000000100000008,1761179375739,1372,1262
1762921532,0000000100000008,1761189733270,755,1263
1762921556,0000000400000001,1761429294351,1921,1264
1762921558,0000000500000001,1761446059074,916,1265
1762921572,0000000100000008,1761590632526,2596,1266
1762921590,0000000400000008,1761767252494,2361,1267
1762921600,0000000400000080,1761869426933,1416,1268
1762921610,0000000400000008,1761969546314,594,1269
1762921624,0000000100000001,1762107904655,2643,1270
1762921637,0000008000000001,1762240362201,5076,1271
1762921639,0000000800000002,1762257429350,4057,1272
1762921654,0000000100000080,1762403899578,438,1273
1762921660,0000000400000004,1762465740518,1902,1274
1762921660,0000000100000001,1762466542659,1854,1275
1762921664,0000000400000008,1762507659441,4590,1276
1762921672,0000000800000001,1762592051906,4706,1277
1762921689,0000000100000002,1762754457730,5315,1278
1762921692,0000004000000008,1762787677653,3310,1279
1762921705,0000000800000080,1762915454616,825,1280
1762921706,0000004000000080,1762931139652,5077,1281
1762921710,0000000100000008,1762965940352,2971,1282
1762921720,0000000800000001,1763068839494,1981,1283
1762921751,0000000100000001,1763379969566,4055,1284
1762921753,0000008000000080,1763393691674,3213,1285
1762921753,0000008000000008,1763395546493,3100,1286
1762921754,0000000400000001,1763409968686,2234,1287
1762921756,0000000400000082,1763424922368,1339,1288
1762921765,0000000100000001,1763514302729,1156,1289
1762921782,0000004000000001,1763685395740,1252,1290
1762921789,0000000100000008,1763758761209,2032,1291
1762921798,0000000100000002,1763849772190,1753,1292
1762921801,0000008000000008,1763881765723,5028,1293
1762921803,0000000100000002,1763892712787,4378,1294
1762921807,0000004000000001,1763938296170,1621,1295
1762921818,0000000800000080,1764052187904,5162,1296
1762921829,0000008000000004,1764154077602,4238,1297
1762921837,0000004000000080,1764235000344,4564,1298
1762921839,0000008000000004,1764259829842,3050,1299
1762921851,0000000100000080,1764379781346,1035,1300
1762921878,0000000400000001,1764648588987,455,1301
1762921888,0000000400000001,1764751390219,4663,1302
1762921892,0000000100000008,1764784234297,2668,1303
1762921896,0000000100000001,1764832367349,4980,1304
1762921914,0000000400000001,1765012320952,4552,1305
1762921915,0000000400000002,1765013800131,4463,1306
1762921919,0000000400000001,1765060617844,1632,1307
1762921934,0000008000000080,1765203918996,3399,1308
1762921940,0000004000000004,1765262865456,5053,1309
1762921973,0000000100000001,1765600879339,306,1310
1762921978,0000000800000008,1765648486084,2619,1311
1762921982,0000000800000001,1765690539646,5293,1312
1762921986,0000000800000002,1765727133994,3084,1313
1762921987,0000000800000001,1765741521052,2220,1314
1762921991,0000000100000001,1765776296792,5329,1315
1762922000,0000000800000004,1765871597323,4798,1316
1762922005,0000008000000080,1765912889645,2299,1317
1762922006,0000008000000002,1765924448180,1610,1318
1762922029,0000004000000080,1766160691565,2972,1319
1762922066,0000004000000008,1766522480633,1993,1320
1762922070,0000000400000002,1766565891394,4589,1321
1762922074,0000000400000001,1766605142024,2210,1322
1762922081,0000000800000080,1766678906106,2965,1323
1762922085,0000008000000080,1766718252109,613,1324
1762922090,0000004000000080,1766762823679,3112,1325
1762922101,0000004000000004,1766875554933,1530,1326
1762922107,0000000400000008,1766940758005,2794,1327
1762922122,0000000800000004,1767083016819,4645,1328
1762922131,0000000400000001,1767175901638,317,1329
1762922133,0000004000000080,1767200724939,2738,1330
1762922135,0000008000000002,1767215339659,1867,1331
1762922135,0000008000000001,1767222230557,1453,1332
1762922137,0000000800000008,1767237497681,543,1333
1762922137,000000c000000080,1767239996328,393,1334
1762922161,0000000100000001,1767476482345,1740,1335
1762922161,0000000400000001,1767480676979,1487,1336
1762922162,0000008000000080,1767489657801,950,1337
1762922169,0000000100000001,1767552427282,2361,1338
1762922177,0000004000000080,1767635712770,2542,1339
1762922183,0000000800000004,1767694892168,4199,1340
1762922197,0000000100000004,1767834194529,1001,1341
1762922204,0000000400000002,1767904145212,1984,1342
1762922220,000000c000000080,1768068756361,2463,1343
1762922232,0000000800000080,1768188901800,446,1344
1762922233,0000000400000002,1768195611344,5231,1345
1762922237,0000000100000005,1768238083363,2663,1346
1762922255,0000000800000003,1768413227806,2518,1347
1762922266,0000000400000002,1768523286400,1100,1348
1762922268,0000000400000004,1768543085552,5107,1349
1762922269,0000000100000001,1768552882147,4527,1350
1762922278,0000008000000080,1768648643438,3958,1351
1762922289,0000004000000008,1768759086976,2489,1352
1762922308,0000000400000008,1768944729340,1718,1353
1762922310,0000000800000080,1768965769946,460,1354
1762922337,0000004000000001,1769240889686,4692,1355
1762922338,0000000800000008,1769242906263,4572,1356
1762922342,0000008000000080,1769287459372,1876,1357
1762922349,0000000100000001,1769353391814,3099,1358
1762922354,0000000100000001,1769406482616,5109,1359
1762922377,0000004000000008,1769634264469,1791,1360
1762922389,0000000100000003,1769755334726,4904,1361
1762922410,0000000100000001,1769963308987,2766,1362
1762922443,0000008000000080,1770298222480,3403,1363
1762922445,0000000100000001,1770314032161,2447,1364
1762922445,0000000100000001,1770314294850,2430,1365
1762922454,0000004000000002,1770406292008,2095,1366
1762922459,0000008000000008,1770455184884,4365,1367
1762922459,0000008000000001,1770459021689,4133,1368
1762922466,0000000800000080,1770523947740,224,1369
1762922492,0000008000000008,1770792205296,4862,1370
1762922495,0000000800000080,1770820350661,3154,1371
1762922515,0000008000000080,1771012616589,1981,1372
1762922529,0000000100000001,1771161164781,3435,1373
1762922543,0000000400000008,1771298082725,402,1374
1762922565,0000000800000008,1771517915485,2742,1375
1762922573,0000000400000080,1771592651679,3449,1376
1762922581,0000004000000001,1771680634046,3349,1377
1762922583,0000000400000008,1771700021903,2182,1378
1762922600,0000000400000002,1771865220152,2627,1379
1762922605,0000000100000008,1771921832074,4437,1380
1762922632,0000004000000002,1772187504018,4037,1381
1762922634,0000000100000008,1772203679557,3045,1382
1762922653,0000000400000001,1772393389311,2027,1383
1762922670,0000000800000001,1772564866740,2099,1384
1762922721,0000000100000001,1773074610439,2594,1385
1762922722,0000000400000080,1773088086275,1791,1386
1762922722,0000000400000004,1773089117020,1729,1387
1762922731,0000000800000001,1773178394737,1553,1388
1762922740,0000000800000080,1773270769555,1190,1389
1762922746,0000000400000080,1773327009528,2994,1390
1762922765,0000008000000008,1773517489026,1930,1391
1762922768,0000000100000008,1773549628047,5195,1392
1762922779,0000004000000004,1773653553575,4147,1393
1762922787,0000000100000001,1773734338115,4483,1394
1762922790,0000000100000001,1773767681819,2456,1395
1762922794,0000008000000008,1773808781351,5186,1396
1762922800,0000004000000008,1773864685205,1821,1397
1762922801,0000004000000008,1773873061089,1316,1398
1762922823,0000000400000008,1774100540442,3211,1399
1762922831,0000008000000008,1774173392014,4040,1400
1762922903,0000008000000080,1774894412983,2204,1401
1762922903,0000008000000080,1774894440732,2202,1402
1762922907,0000008000000080,1774940209188,4660,1403
1762922910,0000000800000004,1774970376169,2824,1404
1762922931,0000008000000004,1775175409847,889,1405
1762922951,0000000400000004,1775376780299,4370,1406
1762922953,0000004000000001,1775400784260,2903,1407
1762922954,0000008000000004,1775407029283,2528,1408
1762922955,0000008000000080,1775414356085,2092,1409
1762922959,0000004000000008,1775452406653,5007,1410
1762922959,0000000400000008,1775455588323,4818,1411
1762922974,0000000100000002,1775606817150,911,1412
1762922981,0000000800000001,1775681698552,1595,1413
1762923017,0000000500000009,1776034608183,1143,1414
1762923044,0000000100000002,1776303556723,554,1415
1762923054,0000000200000004,1776411923439,4429,1416
1762923103,0000000800000001,1776894206887,1373,1417
1762923111,0000008000000001,1776972404768,1865,1418
1762923129,0000004000000001,1777161959922,853,1419
1762923152,0000000400000080,1777384675191,3028,1420
1762923157,0000004000000001,1777437341205,5065,1421
1762923177,0000008000000002,1777633525113,3652,1422
1762923187,0000000100000008,1777733651535,2810,1423
1762923211,0000000800000002,1777974654856,3913,1424
1762923212,0000000100000001,1777985801211,3229,1425
1762923213,0000000100000008,1777994945799,2675,1426
1762923218,0000000400000002,1778048088874,4691,1427
1762923221,0000000100000008,1778073593460,3141,1428
1762923225,0000000400000004,1778118330294,464,1429
1762923228,0000000400000001,1778149156792,3801,1430
1762923229,0000000400000001,1778153415813,3541,1431
1762923236,0000004000000002,1778224181762,4490,1432
1762923241,0000004000000008,1778280492547,1088,1433
1762923244,0000000100000001,1778307973619,4642,1434
1762923247,0000008000000008,1778339606670,2716,1435
1762923256,0000000100000003,1778422882836,2904,1436
1762923261,0000000400000003,1778480078201,4677,1437
1762923282,0000000800000004,1778688627697,2499,1438
1762923283,0000004000000002,1778701764797,1718,1439
1762923299,0000000100000080,1778856083000,2815,1440
1762923305,0000000100000001,1778914184330,4536,1441
1762923306,0000008000000080,1778927713909,3714,1442
1762923354,0000000400000008,1779410691000,633,1443
1762923399,0000000300000001,1779860993234,4713,1444
1762923404,0000008000000080,1779902235119,2218,1445
1762923413,0000008000000080,1779998976349,1595,1446
1762923421,0000004000000004,1780075697432,2171,1447
1762923448,0000000200000002,1780345682931,1515,1448
1762923450,0000000800000080,1780362302490,524,1449
1762923462,0000000100000001,1780487550577,3367,1450
1762923498,0000000200000002,1780846792737,2528,1451
1762923503,0000000400000001,1780898556132,4630,1452
1762923510,0000004000000008,1780971086916,263,1453
1762923523,0000000100000001,1781101875072,2765,1454
1762923559,0000000800000080,1781454872248,2311,1455
1762923562,0000008000000008,1781491386439,5315,1456
1762923569,0000000400000080,1781559745561,1201,1457
1762923589,0000004000000080,1781756663225,4945,1458
1762923592,0000008000000080,1781791935976,2808,1459
1762923596,0000000100000001,1781827210822,701,1460
1762923602,0000000400000080,1781889185912,2157,1461
1762923603,0000000400000001,1781894329709,1849,1462
1762923612,0000008000000008,1781986957713,1472,1463
1762923614,0000004000000080,1782011503710,5194,1464
1762923624,0000004000000080,1782106656200,4673,1465
1762923632,0000000800000008,1782191647454,4752,1466
1762923648,0000000100000001,1782348790895,492,1467
1762923654,0000008000000008,1782407657103,2133,1468
1762923663,0000004000000080,1782493917781,2138,1469
1762923671,0000008000000001,1782574799113,2462,1470
1762923681,0000000100000002,1782673804008,1708,1471
1762923693,0000008000000080,1782795860818,4765,1472
1762923703,0000000100000008,1782894884185,4003,1473
1762923704,0000004000000002,1782903960475,3445,1474
1762923724,0000000400000008,1783110528316,1407,1475
1762923730,0000000c00000080,1783164894431,3329,1476
1762923743,0000000800000004,1783301437113,321,1477
1762923773,0000000100000008,1783594672999,3450,1478
1762923782,0000004000000080,1783688987095,2961,1479
1762923784,0000008000000080,1783710251727,1690,1480
1762923797,0000000800000001,1783837578246,4433,1481
1762923813,0000000400000004,1784001388608,4960,1482
1762923815,0000004000000008,1784012223214,4316,1483
1762923853,0000008000000002,1784401355338,1669,1484
1762923878,0000008000000002,1784647722245,2424,1485
1762923880,0000000800000002,1784671680623,992,1486
1762923888,0000000100000004,1784744879736,1781,1487
1762923917,0000004000000002,1785036264291,5035,1488
1762923921,0000000800000008,1785078174518,2501,1489
1762923938,0000000200000001,1785247926285,2676,1490
1762923951,0000004000000080,1785376349136,164,1491
1762923966,0000004200000002,1785524322176,1641,1492
1762923967,0000000800000080,1785541815196,596,1493
1762923998,0000008000000080,1785847012157,2999,1494
1762924008,0000000100000001,1785946651202,2201,1495
1762924013,0000000400000001,1785997630515,4349,1496
1762924019,0000000400000080,1786057730224,724,1497
1762924022,0000000400000002,1786082379057,4445,1498
1762924029,0000000400000008,1786156165840,5188,1499
1762924035,0000000800000001,1786214964698,1648,1500
1762924042,0000000400000001,1786284075217,2676,1501
1762924051,0000000100000001,1786371926531,2585,1502
1762924051,0000000100000008,1786372092469,2576,1503
1762924062,0000000800000080,1786488014202,810,1504
1762924067,0000004000000080,1786539780305,2877,1505
1762924075,0000008000000001,1786613394775,3656,1506
1762924095,0000004000000001,1786817794819,1743,1507
1762924100,0000000800000080,1786864193037,4160,1508
1762924111,0000004000000001,1786981763924,2263,1509
1762924113,0000000400000080,1786993883140,1539,1510
1762924125,0000008000000004,1787117572958,4500,1511
1762924164,000000c000000080,1787505425960,1930,1512
1762924170,0000008000000001,1787564805228,3557,1513
1762924172,0000000800000008,1787589067340,2091,1514
1762924188,0000000100000004,1787750981286,2734,1515
1762924206,0000000100000001,1787930394988,2333,1516
1762924245,0000000100000001,1788316918713,5063,1517
1762924253,0000008000000008,1788397416156,225,1518
1762924288,0000000100000004,1788742664594,232,1519
1762924300,0000000400000008,1788862809196,3382,1520
1762924342,0000000800000080,1789288235244,3772,1521
1762924343,0000000400000004,1789298819894,3122,1522
1762924343,0000008000000080,1789301711420,2947,1523
1762924344,0000000200000004,1789304847238,2757,1524
1762924344,0000000100000001,1789308402056,2543,1525
1762924347,0000004000000004,1789334400931,988,1526
1762924357,0000004000000080,1789432084797,313,1527
1762924366,0000000400000004,1789529147444,4861,1528
1762924374,0000000800000001,1789609120916,5240,1529
1762924375,0000004000000001,1789621540573,4504,1530
1762924379,0000000100000003,1789657351498,2330,1531
1762924380,0000008000000002,1789670004940,1575,1532
1762924389,0000008000000002,1789755101887,1649,1533
1762924390,0000008000000001,1789769294017,800,1534
1762924393,0000000400000001,1789794259894,4502,1535
1762924393,0000000800000002,1789800518100,4124,1536
1762924417,0000000100000002,1790036373169,321,1537
1762924431,0000008000000001,1790177676090,2196,1538
1762924440,0000008000000080,1790262971940,2259,1539
1762924441,0000000400000001,1790280846914,1188,1540
1762924449,0000000800000002,1790353008466,2039,1541
1762924458,0000004000000008,1790446590996,1606,1542
1762924462,0000000400000001,1790488772452,4276,1543
1762924470,0000004000000002,1790569195433,4633,1544
1762924471,0000008000000008,1790580886193,3926,1545
1762924478,0000000800000002,1790643604944,162,1546
1762924482,0000000100000001,1790687801108,2669,1547
1762924482,0000008000000008,1790689585261,2563,1548
1762924483,0000008000000004,1790695866134,2189,1549
1762924483,0000000100000001,1790701502005,1853,1550
1762924487,0000008000000080,1790741573034,4650,1551
1762924493,0000004000000002,1790796627786,1325,1552
1762924507,0000000100000001,1790939025000,3143,1553
1762924517,0000000100000003,1791038534331,2351,1554
1762924523,0000008000000002,1791093496110,4259,1555
1762924546,0000004000000080,1791330443213,388,1556
1762924551,0000004000000080,1791376821717,2775,1557
1762924561,0000004000000002,1791476967123,1952,1558
1762924579,0000008000000001,1791653081922,1747,1559
1762924581,0000000100000008,1791677710608,276,1560
1762924582,0000008000000080,1791683433588,5120,1561
1762924586,0000000100000001,1791724695608,2624,1562
1762924592,0000008000000080,1791788197176,4020,1563
1762924598,0000008000000080,1791846614262,502,1564
1762924609,0000000400000001,1791954505761,4406,1565
1762924617,0000004000000008,1792040618142,4420,1566
1762924625,0000004000000002,1792115814129,5079,1567
1762924626,000000c000000080,1792122852689,4665,1568
1762924636,0000000100000080,1792229390948,3438,1569
1762924639,000000c000000008,1792252952185,2020,1570
1762924684,0000004000000002,1792704757992,816,1571
1762924691,0000004000000008,1792773556024,1868,1572
1762924701,0000000100000010,1792876807962,855,1573
1762924703,0000008000000080,1792893690017,5037,1574
1762924714,0000000100000001,1793011466587,3133,1575
1762924732,0000000400000002,1793189016365,2838,1576
1762924737,0000000800000002,1793236744174,5174,1577
1762924759,0000000100000008,1793461065862,2061,1578
1762924763,0000000100000001,1793499256042,4968,1579
1762924772,0000000100000001,1793586020304,4942,1580
1762924784,0000000100000080,1793703240838,3072,1581
1762924791,0000008000000003,1793773173710,4079,1582
1762924826,0000000100000006,1794124852465,3693,1583
1762924829,0000000400000001,1794156085849,1807,1584
1762924833,0000008000000002,1794194132374,4725,1585
1762924850,000000c000000080,1794363829216,4901,1586
1762924850,0000000100000001,1794363856662,4899,1587
1762924854,0000004000000008,1794410289373,2096,1588
1762924867,0000000800000008,1794539254136,4741,1589
1762924880,0000000400000001,1794668643210,2137,1590
1762924882,0000000800000002,1794683043451,1273,1591
1762924888,0000000400000002,1794746275938,2656,1592
1762924905,0000004000000080,1794912523061,3046,1593
1762924911,0000004000000001,1794981301075,4122,1594
1762924912,0000004000000004,1794982789510,4031,1595
1762924946,0000000400000008,1795322918088,4349,1596
1762924976,0000008000000080,1795624291081,1789,1597
1762924985,0000000800000002,1795713193286,1634,1598
1762925003,0000004000000002,1795898030329,906,1599
1762925004,0000008000000081,1795903993317,553,1600
1762925013,000000c000000080,1795993020543,393,1601
1762925018,0000004000000008,1796047109880,2319,1602
1762925030,0000004000000004,1796165621629,398,1603
1762925032,0000004000000001,1796185014099,4431,1604
1762925054,0000004000000001,1796403035725,1690,1605
1762925059,0000000100000002,1796457553765,3608,1606
1762925059,0000000100000005,1796458588760,3545,1607
1762925059,0000000100000020,1796459683330,3478,1608
1762925068,0000008000000004,1796544659879,3561,1609
1762925069,0000000100000001,1796555766506,2883,1610
1762925086,0000008000000080,1796729647122,2810,1611
1762925096,0000000800000001,1796828607954,2058,1612
1762925136,0000000100000001,1797226610265,4102,1613
1762925142,0000004000000002,1797291641734,187,1614
1762925145,0000004000000001,1797314311077,4019,1615
1762925164,0000000200000080,1797510099493,2609,1616
1762925175,0000008000000001,1797615875428,1449,1617
1762925188,0000004000000001,1797747322552,3941,1618
1762925189,0000004000000080,1797758448412,3257,1619
1762925207,0000000400000008,1797939430411,2753,1620
1762925221,0000004000000008,1798077696115,4842,1621
1762925224,0000000100000005,1798111015629,2820,1622
1762925226,0000000400000001,1798122685749,2123,1623
1762925239,0000004000000002,1798259420772,4303,1624
1762925242,0000000100000002,1798282597441,2887,1625
1762925243,0000000400000002,1798297884320,1973,1626
1762925248,0000000800000002,1798350772853,4000,1627
1762925260,0000008000000008,1798467880999,2129,1628
1762925307,0000000900000002,1798932545497,165,1629
1762925307,0000008000000080,1798934871529,5214,1630
1762925324,0000000800000008,1799104831329,191,1631
1762925333,0000004000000008,1799192273468,5310,1632
1762925341,0000000100000004,1799273812337,413,1633
1762925342,0000000100000008,1799287966565,4757,1634
1762925355,0000000100000001,1799412018397,2471,1635
1762925393,0000000100000001,1799793277590,330,1636
1762925405,0000000100000004,1799918317863,3182,1637
1762925418,0000000800000080,1800045814416,716,1638
1762925421,0000004000000001,1800080648346,3818,1639
1762925426,0000008000000001,1800121946863,1325,1640
1762925429,0000000800000002,1800153386079,4641,1641
1762925480,0000008000000004,1800671250768,4654,1642
1762925485,0000008000000008,1800720014755,1707,1643
1762925506,0000000100000001,1800923628171,5046,1644
1762925506,0000000400000080,1800929329322,4710,1645
1762925526,0000000800000002,1801122806942,3448,1646
1762925546,0000004000000004,1801323191118,1782,1647
1762925578,0000002000000008,1801644633090,3219,1648
1762925578,0000000100000004,1801646292010,3116,1649
1762925579,0000000800000008,1801658725675,2368,1650
1762925592,0000000100000001,1801785040379,5169,1651
1762925601,0000000800000008,1801874535858,4981,1652
1762925610,0000004000000004,1801968234068,4546,1653
1762925614,0000000400000004,1802004143144,2366,1654
1762925616,000000400000000c,1802021808496,1308,1655
1762925616,0000000100000001,1802026927772,1003,1656
1762925635,0000000800000008,1802211830349,277,1657
1762925645,0000008000000080,1802312041754,4640,1658
1762925645,0000000100000080,1802318098104,4276,1659
1762925647,0000008000000080,1802339620107,2961,1660
1762925658,0000008000000001,1802444524064,1852,1661
1762925670,0000008000000080,1802565222958,4986,1662
1762925678,0000000800000080,1802647682103,5216,1663
1762925687,0000000100000001,1802735303550,5140,1664
1762925690,0000000c00000001,1802768327334,3146,1665
1762925694,0000008000000004,1802807942665,773,1666
1762925695,0000000c00000008,1802812098820,526,1667
1762925696,000000c000000080,1802822070261,5116,1668
1762925700,0000000400000008,1802863071433,2637,1669
1762925709,0000000100000001,1802958445147,2099,1670
1762925716,0000008000000002,1803031499022,2892,1671
1762925728,0000008800000001,1803145600239,1231,1672
1762925737,0000000400000001,1803234100604,1102,1673
1762925740,0000004000000080,1803263185098,4560,1674
1762925753,0000000800000001,1803394959619,1813,1675
1762925765,0000000100000001,1803520015862,4692,1676
1762925778,0000000800000001,1803651033412,1990,1677
1762925781,0000000400000080,1803675257186,544,1678
1762925788,0000004000000002,1803750935180,1176,1679
1762925794,0000000100000001,1803811153034,2739,1680
1762925795,0000004000000080,1803813049646,2627,1681
1762925801,0000000800000004,1803872617247,4259,1682
1762925803,0000004000000080,1803894847652,2899,1683
1762925807,0000000800000008,1803933763964,574,1684
1762925811,0000000800000004,1803979299872,3015,1685
1762925838,0000000100000001,1804251334010,2235,1686
1762925840,0000008000000004,1804270027071,1116,1687
1762925848,0000008000000004,1804346449316,1711,1688
1762925873,0000000400000004,1804595593740,2301,1689
1762925881,0000008000000004,1804678011371,2535,1690
1762925883,0000008000000004,1804693336212,1621,1691
1762925890,0000000200000008,1804767453753,2351,1692
1762925898,0000000800000008,1804851168663,2508,1693
1762925899,0000000400000008,1804860912254,1929,1694
1762925901,0000000100000004,1804872828117,1212,1695
1762925907,0000000100000001,1804934262762,2703,1696
1762925928,0000000100000002,1805142889025,557,1697
1762925944,0000008000000004,1805305325724,1166,1698
1762925957,0000008000000001,1805440065368,3448,1699
1762925963,0000000300000001,1805495910874,5285,1700
1762925989,0000000400000080,1805751488423,307,1701
1762925993,0000008000000001,1805800087230,2561,1702
1762925998,0000008000000080,1805850604502,4735,1703
1762926011,0000000800000004,1805971477141,2638,1704
1762926011,0000000400000004,1805973449182,2519,1705
1762926014,0000000100000002,1806011030278,277,1706
1762926038,0000008000000001,1806247647581,1616,1707
1762926047,0000000800000004,1806340027004,1253,1708
1762926050,0000000800000080,1806362877545,5078,1709
1762926061,0000008000000080,1806478155565,3329,1710
1762926062,0000000100000008,1806484431065,2947,1711
1762926149,0000000100000001,1807359193156,2269,1712
1762926157,0000000400000080,1807434443987,2933,1713
1762926167,0000004000000002,1807535822364,2036,1714
1762926168,0000000400000080,1807547829521,1314,1715
1762926171,0000004000000008,1807580203371,4573,1716
1762926172,0000000800000002,1807591268958,3905,1717
1762926198,0000000400000008,1807849336641,3963,1718
1762926215,0000000400000080,1808014417917,4427,1719
1762926219,0000004000000008,1808054774159,1983,1720
1762926224,0000008000000080,1808101957888,4355,1721
1762926226,0000008000000080,1808126195558,2873,1722
1762926227,0000000400000080,1808137031356,2226,1723
1762926249,0000008000000008,1808360127598,4406,1724
1762926273,000000c000000080,1808600203486,348,1725
1762926287,0000000100000004,1808735304633,2591,1726
1762926289,0000000400000002,1808753194819,1524,1727
1762926295,0000000400000001,1808815712678,2949,1728
1762926297,0000008000000004,1808839565172,1523,1729
1762926308,0000000100000001,1808951117948,5201,1730
1762926320,0000000800000080,1809063374756,3646,1731
1762926332,0000000800000004,1809181747881,1715,1732
1762926356,0000004000000080,1809430782781,2311,1733
1762926366,0000008000000008,1809529588373,1567,1734
1762926371,0000000100000001,1809572046985,4221,1735
1762926377,0000000400000002,1809639153732,181,1736
1762926398,0000000400000080,1809841427784,3587,1737
1762926408,0000000800000002,1809948701973,2320,1738
1762926425,0000008000000080,1810116181595,2632,1739
1762926426,0000000800000080,1810128667611,1889,1740
1762926430,0000000100000080,1810161824589,5091,1741
1762926437,0000000400000008,1810240316548,376,1742
1762926460,0000000800000001,1810462057184,2601,1743
1762926486,0000000400000004,1810726679120,2267,1744
1762926487,0000008000000080,1810733236049,1878,1745
1762926499,0000000400000008,1810857412248,4805,1746
1762926511,0000000800000001,1810977692807,2746,1747
1762926512,0000000800000008,1810986094327,2246,1748
1762926520,000000c000000080,1811063617037,2773,1749
1762926530,0000004000000004,1811168417260,1672,1750
1762926542,0000000100000004,1811283063954,5166,1751
1762926544,0000008000000008,1811306145427,3782,1752
1762926555,0000008000000008,1811418166566,2226,1753
1762926558,0000000100000080,1811443954908,686,1754
1762926560,0000008000000008,1811469775883,4334,1755
1762926564,0000000400000001,1811504766741,2210,1756
1762926565,0000000800000001,1811513837252,1669,1757
1762926574,0000000100000002,1811607497813,1227,1758
1762926613,0000004000000001,1811992543381,4049,1759
1762926628,0000004000000004,1812146722989,5154,1760
1762926644,0000000800000080,1812307662824,671,1761
1762926645,0000000100000001,1812321193950,5048,1762
1762926646,0000008000000080,1812322801508,4954,1763
1762926663,0000000800000004,1812495463172,4955,1764
1762926667,0000000100000001,1812538334907,2363,1765
1762926669,0000000400000001,1812553651867,1449,1766
1762926672,0000000100000001,1812585862277,4717,1767
1762926672,0000000800000002,1812589273392,4514,1768
1762926677,0000000100000001,1812637231594,1615,1769
1762926680,0000000800000001,1812667684264,4984,1770
1762926706,0000000100000002,1812927207623,4954,1771
1762926718,0000008000000002,1813043931915,3114,1772
1762926728,0000000100000008,1813146956422,2114,1773
1762926730,0000008000000080,1813165823039,983,1774
1762926730,0000008000000004,1813169433654,771,1775
1762926748,0000000400000004,1813348534860,388,1776
1762926748,0000000800000080,1813350583681,265,1777
1762926758,0000000100000001,1813448535720,4762,1778
1762926759,0000000100000002,1813458450816,4169,1779
1762926777,0000000100000001,1813631875203,4124,1780
1762926784,0000000400000004,1813707109403,4788,1781
1762926793,0000000800000080,1813793220843,4802,1782
1762926804,0000000200000004,1813902014290,3443,1783
1762926817,0000000100000080,1814034035286,702,1784
1762926819,0000008000000080,1814058436708,4437,1785
1762926853,0000000800000001,1814396161915,4890,1786
1762926853,0000000100000002,1814397867739,4789,1787
1762926869,0000000100000004,1814556803181,422,1788
1762926869,0000000800000008,1814559260524,276,1789
1762926871,0000004000000080,1814571428212,4739,1790
1762926875,0000004000000008,1814619876094,1812,1791
1762926876,0000000400000001,1814629588675,1229,1792
1762926880,0000000100000001,1814668714430,4081,1793
1762926882,0000008000000080,1814691231069,2705,1794
1762926939,0000008000000080,1815260865411,4816,1795
1762926943,0000000200000004,1815294658533,2766,1796
1762926946,0000000100000080,1815323657511,1031,1797
1762926964,0000000800000002,1815508543304,306,1798
1762926970,0000000400000001,1815571064683,1730,1799
1762926973,0000000100000001,1815591883061,486,1800
1762926973,0000000100000001,1815592591542,444,1801
1762926973,0000000400000002,1815600739532,5142,1802
1762926974,0000008000000080,1815602509999,5038,1803
1762926985,0000008000000080,1815719763526,3167,1804
1762926990,0000000100000001,1815764062467,516,1805
1762927028,0000000100000008,1816143190799,3677,1806
1762927040,0000000800000008,1816262696124,1678,1807
1762927053,0000008000000002,1816392685207,4260,1808
1762927056,0000000100000001,1816426645831,2198,1809
1762927056,0000000100000001,1816426823020,2189,1810
1762927062,0000008000000080,1816490726980,3544,1811
1762927065,0000000400000001,1816519815452,1792,1812
1762927077,0000004000000004,1816638331668,5057,1813
1762927080,0000000100000001,1816664541339,3476,1814
1762927083,0000008000000080,1816692525102,1792,1815
1762927103,0000000100000002,1816894478509,5228,1816
1762927108,0000000300000001,1816949618411,1907,1817
1762927110,0000000100000002,1816965764624,940,1818
1762927114,0000004000000001,1817005560978,3745,1819
1762927118,0000000800000080,1817049115247,1118,1820
1762927123,0000000400000080,1817097062343,3426,1821
1762927135,0000008000000001,1817214160755,1576,1822
1762927141,0000000100000002,1817273603566,3191,1823
1762927143,0000004000000002,1817295479859,1879,1824
1762927155,0000000800000002,1817421044757,4725,1825
1762927166,0000008000000001,1817528078493,3471,1826
