1763532000,0000008000000008,1853135763945,4862,1473
1763532001,0000000400000001,1853150276460,4863,1474
1763532003,0000000100000001,1853151173657,4863,1475
1763532003,0000000100000003,1853152392597,4863,1476
1763532004,0000002000000080,1853172196053,4859,1477
1763532009,0000000100000001,1853222390250,4863,1478
1763532009,0000000100000002,1853228759635,4863,1479
1763532014,0000000100000004,1853276790478,4862,1480
1763532016,0000000400000040,1853293005227,4863,1481
1763532021,0000008000000080,1853347681962,4859,1482
1763532035,0000002000000040,1853484772294,4864,1483
1763532036,0000004000000008,1853496517687,4864,1484
1763532037,0000000400000004,1853506856055,4859,1485
1763532037,0000000200000080,1853510144949,4860,1486
1763532042,0000004000000002,1853552280125,4864,1487
1763532042,0000002000000080,1853558446009,4865,1488
1763532045,0000008000000008,1853582269388,4865,1489
1763532048,0000000100000002,1853614256316,4860,1490
1763532048,0000000100000001,1853617588856,4863,1491
1763532051,0000000400000004,1853644913671,4866,1492
1763532052,0000008000000080,1853660406995,4865,1493
1763532058,0000000800000001,1853720405730,4865,1494
1763532063,0000008000000008,1853763511570,4865,1495
1763532067,0000000800000004,1853805342431,4867,1496
1763532074,0000000800000002,1853880050654,4864,1497
1763532091,0000008000000008,1854041175974,4861,1498
1763532096,0000004000000004,1854099446046,4868,1499
1763532100,0000000c00000004,1854139848810,4867,1500
1763532109,0000002000000040,1854230288605,4868,1501
1763532114,0000001000000040,1854271417404,4869,1502
1763532114,0000000100000001,1854276583168,4868,1503
1763532119,0000004000000080,1854322972483,4869,1504
1763532121,0000000100000001,1854346682388,4870,1505
1763532122,0000000100000002,1854353777343,4871,1506
1763532125,0000008000000080,1854385845193,4864,1507
1763532125,0000002000000004,1854386483115,4863,1508
1763532126,0000000800000001,1854392239413,4866,1509
1763532135,0000000100000001,1854488557252,4869,1510
1763532143,0000000800000004,1854563768557,4866,1511
1763532143,0000008000000004,1854570278429,4869,1512
1763532145,0000000100000001,1854583081160,4871,1513
1763532145,0000000100000001,1854585115125,4871,1514
1763532146,0000002000000040,1854595698650,4870,1515
1763532148,0000008000000080,1854611721907,4872,1516
1763532154,0000000100000040,1854680415529,4871,1517
1763532156,0000000100000040,1854694895300,4872,1518
1763532157,0000004000000080,1854704734933,4870,1519
1763532158,0000000100000008,1854712960142,4873,1520
1763532160,0000000100000001,1854739978246,4867,1521
1763532192,0000000400000008,1855053552679,4873,1522
1763532193,0000000800000008,1855064227270,4865,1523
1763532201,0000000200000020,1304313337807,4872,1524
1763532202,0000004000000080,1855151589232,4864,1525
1763532219,0000004000000008,1855324542392,4864,1526
1763532230,0000000400000040,1855438479378,4873,1527
1763532233,0000000100000008,1855462041504,4873,1528
1763532233,0000008000000004,1855470493027,4874,1529
1763532240,0000000100000001,1855537244980,4873,1530
1763532242,0000000100000008,1855559490579,4874,1531
1763532244,0000000800000080,1855577774736,1559,1532
1763532247,0000004000000004,1855604664183,4870,1533
1763532256,0000000100000008,1855693863012,4846,1534
1763532260,0000004000000004,1855732380787,4845,1535
1763532263,0000000100000002,1855764140592,4834,1536
1763532264,0000008000000008,1855771858080,4831,1537
1763532264,0000002000000020,1306020447837,4843,1538
1763532268,0000001000000004,1855811347908,4830,1539
1763532280,0000000600000008,1855938599720,4783,1540
1763532283,0000000400000002,1855962826684,4755,1541
1763532284,0000008000000001,1855972263850,4757,1542
1763532285,0000000800000008,1855985455964,4756,1543
1763532287,0000004000000008,1856004923842,4750,1544
1763532295,0000000100000002,1856090021872,4613,1545
1763532297,0000008000000008,1856105197878,4601,1546
1763532298,0000008000000080,1856115615808,4592,1547
1763532301,0000000200000002,1856146198167,4503,1548
1763532302,0000000400000002,1856159803881,4504,1549
1763532307,0000004000000000,1856210135070,4472,1550
1763532308,0000000200000001,1856210336461,4472,1551
1763532318,0000000800000008,1856313182710,4406,1552
1763532322,0000004000000004,1856355683896,4407,1553
1763532324,0000000100000002,1856375334796,4399,1554
1763532325,0000002000000080,1856389034400,4368,1555
1763532328,0000000800000001,1856413597479,4368,1556
1763532331,0000000100000080,1856443268632,4364,1557
1763532336,0000000100000001,1856492711443,4335,1558
1763532343,0000000200000001,1856560864157,4308,1559
1763532355,0000004000000080,1856689847842,4293,1560
1763532356,0000008000000002,1856695090642,4293,1561
1763532362,0000004000000008,1856760573722,4280,1562
1763532374,0000008000000004,1856878161071,4258,1563
1763532376,000000c000000001,1856895018876,4260,1564
1763532380,0000008000000008,1856931972252,4254,1565
1763532393,0000002000000008,1857070264517,4236,1566
1763532417,0000000800000006,1857306714170,4216,1567
1763532425,0000000100000003,1857382529297,4213,1568
1763532431,0000008000000001,1857443408881,4205,1569
1763532432,0000000800000002,1857450872404,4206,1570
1763532432,0000008000000008,1857460416154,4206,1571
1763532436,0000004000000003,1857492343532,4198,1572
1763532447,0000008000000002,1857610391837,4196,1573
1763532452,0000008000000080,1857659202590,4190,1574
1763532455,0000004000000008,1857684590116,4192,1575
1763532456,0000000800000080,1857692495423,4193,1576
1763532456,0000008000000004,1857692875476,4194,1577
1763532458,0000000100000001,1857714250083,4195,1578
1763532458,0000000400000001,1857718697177,4195,1579
1763532460,0000008000000008,1857732638876,4195,1580
1763532463,0000000800000004,1857769827749,4188,1581
1763532478,0000000100000040,1857915216076,4183,1582
1763532479,0000000800000004,1857921740335,4180,1583
1763532481,0000000800000001,1857945859895,4185,1584
1763532481,0000002000000004,1857950106251,4186,1585
1763532485,0000008000000001,1857989152610,4187,1586
1763532489,0000008000000004,1858021652854,4180,1587
1763532501,0000000200000020,1858148609849,4183,1588
1763532512,0000000400000001,1858253636588,4180,1589
1763532524,0000002000000010,1858375850944,4175,1590
1763532527,0000004000000002,1858408164108,4178,1591
1763532533,0000000800000001,1858469347940,4176,1592
1763532535,0000000100000001,1858484045250,4177,1593
1763532537,0000004000000004,1858506759418,4177,1594
1763532537,0000002000000010,1858508463551,4176,1595
1763532550,0000004000000008,1858631000369,4171,1596
1763532551,0000008000000004,1858643893377,4172,1597
1763532552,0000008000000004,1858658454773,4173,1598
1763532553,0000004000000001,1858662869134,4173,1599
1763532553,0000000400000040,1858666945067,4174,1600
1763532556,0000000800000080,1858694973610,4168,1601
1763532556,0000008000000080,1858699535715,4167,1602
1763532560,0000008000000080,1858740245275,4172,1603
1763532562,0000000400000004,1858750861388,4173,1604
1763532563,0000000200000008,1858762051457,4172,1605
1763532572,0000008000000080,1858859819188,4168,1606
1763532575,0000008000000004,1858881535594,4164,1607
1763532575,0000000400000001,1858890389347,4167,1608
1763532577,0000000100000001,1858907362559,4168,1609
1763532579,0000000800000040,1858930562263,4170,1610
1763532584,0000000100000001,1858973125207,4166,1611
1763532586,0000002000000040,1858997254007,4168,1612
1763532595,0000008000000004,1859083072000,4167,1613
1763532602,0000000100000080,1859154848145,4164,1614
1763532605,0000002000000001,1859186292050,4167,1615
1763532610,0000004000000004,1859235538608,4162,1616
1763532616,0000002000000002,1859291166405,4160,1617
1763532621,0000000400000002,1859350337823,4164,1618
1763532622,0000000400000001,1859357521401,4165,1619
1763532624,0000008000000080,1859375149330,4160,1620
1763532624,0000000400000001,1859377232066,4159,1621
1763532627,0000000800000002,1859407991235,4159,1622
1763532628,0000000200000004,1859419581327,4162,1623
1763532629,0000008000000040,1859424414063,4162,1624
1763532632,0000000100000010,1859455593718,4162,1625
1763532636,0000000100000001,1859492217626,4159,1626
1763532639,0000000800000040,1859529465200,4162,1627
1763532649,0000008000000008,1859627326006,4160,1628
1763532657,0000000400000004,1859710255822,4159,1629
1763532659,0000000100000040,1859729979411,4152,1630
1763532663,0000008000000002,1859767884903,4158,1631
1763532670,0000000400000001,1859836540419,4154,1632
1763532673,0000008000000080,1859861509899,4157,1633
1763532678,0000008000000002,1859911801220,4149,1634
1763532684,0000004000000004,1859972575855,4156,1635
1763532690,0000004000000004,1860032176236,4156,1636
1763532698,0000000400000004,1860116488842,4154,1637
1763532718,0000000800000002,1860314202144,4153,1638
1763532719,0000008000000080,1860322833349,4148,1639
1763532723,0000000400000001,1860362523784,4150,1640
1763532738,0000000100000002,1860514441716,4143,1641
1763532739,0000008000000001,1860522093341,4144,1642
1763532740,0000000100000006,1860536930749,4149,1643
1763532744,0000008000000001,1860570806665,4150,1644
1763532747,0000000100000002,1860609977140,4144,1645
1763532748,0000000100000001,1860610894787,4144,1646
1763532748,0000000800000008,1860618761605,4146,1647
1763532764,0000008000000001,1860780156812,4140,1648
1763532780,0000004000000002,1860940196918,4137,1649
1763532783,0000004000000080,1860967952306,4143,1650
1763532786,0000000200000080,1860995401502,4144,1651
1763532786,0000001000000002,1860996714348,4144,1652
1763532792,0000000400000080,1861056344867,4141,1653
1763532794,0000000400000040,1861076424789,4143,1654
1763532796,0000000800000002,1861098383161,4139,1655
1763532798,0000000400000001,1861111151040,4137,1656
1763532799,0000002000000002,1861128043865,4136,1657
1763532809,0000000c00000001,1861225097152,4138,1658
1763532812,0000004000000002,1861252913237,4140,1659
1763532812,0000004000000008,1861256092610,4140,1660
1763532815,0000000400000002,1861284344624,4133,1661
1763532821,0000008000000001,1861342583749,4139,1662
1763532832,0000000100000003,1861456158303,4129,1663
1763532833,0000000400000001,1861464023943,4128,1664
1763532833,0000000100000002,1861468191604,4129,1665
1763532852,0000000100000008,1861653222123,4130,1666
1763532865,0000008000000080,1861786534143,4130,1667
1763532869,0000000100000010,1861824060422,4125,1668
1763532881,0000004000000001,1861946262954,4125,1669
1763532882,0000000300000002,1861958820442,4125,1670
1763532884,0000004000000008,1861978042735,4116,1671
1763532884,0000008000000004,1861978554415,4116,1672
1763532889,0000000800000040,1862023350359,4122,1673
1763532892,0000000100000020,1312298309460,4114,1674
1763532892,0000008000000040,1862059190976,4112,1675
1763532897,0000004000000002,1862106078902,4120,1676
1763532917,0000008000000040,1862301785682,4115,1677
1763532920,0000000400000002,1862338394684,4106,1678
1763532931,0000000800000004,1862447365940,4106,1679
1763532937,0000000500000001,1862509981402,4098,1680
1763532939,0000004000000001,1862530078578,4102,1681
1763532944,0000000400000004,1862574810250,4092,1682
1763532954,0000004000000002,1862679366661,4088,1683
1763532956,0000002000000001,1862699738527,4095,1684
1763532964,0000004000000004,1862777442869,4088,1685
1763532979,0000002000000000,1862921333508,4073,1686
1763532982,0000002000000080,1862952363887,4078,1687
1763532982,0000000100000080,1862954244869,4078,1688
1763532985,0000004000000008,1862985071166,4081,1689
1763533013,0000008000000080,1863266216433,4042,1690
1763533014,0000008000000080,1863274808451,4040,1691
1763533019,0000004000000080,1863327013177,4052,1692
1763533025,0000004000000001,1863382797984,4039,1693
1763533025,0000008000000004,1863389507794,4040,1694
1763533034,0000000400000001,1863474151998,4029,1695
1763533040,0000000800000001,1863535286719,3943,1696
1763533040,0000000100000008,1863535311691,3943,1697
1763533043,0000000400000006,1863567509031,3316,1698
1763533045,0000008000000080,1863582057432,3044,1699
1763533049,000000c000000008,1863624025698,2645,1700
1763533052,0000002000000020,1312822792197,1277,1701
1763533054,0000000100000001,1863679608711,1077,1702
1763533062,0000000100000002,1863753782490,835,1703
1763533075,0000008000000001,1863885082222,814,1704
1763533076,0000004000000020,1313063047717,816,1705
1763533078,0000004000000010,1863918371105,811,1706
1763533080,0000000200000040,1863933521716,811,1707
1763533091,0000000100000001,1864046096979,788,1708
1763533091,0000000400000004,1864048050744,787,1709
1763533096,0000002000000080,1864091901282,779,1710
1763533096,0000002000000008,1864096906785,779,1711
1763533101,0000000100000004,1864147706971,764,1712
1763533125,0000000100000008,1864380555552,707,1713
1763533134,0000008000000002,1864471998993,675,1714
1763533134,0000008000000002,1864478865867,649,1715
1763533137,0000000800000080,1864505627046,630,1716
1763533151,0000004000000004,1864646471555,5309,1717
1763533155,0000000100000002,1864685241605,5220,1718
1763533156,0000008000000080,1864690916499,5220,1719
1763533156,0000000400000080,1864696772401,5221,1720
1763533159,0000002000000004,1864721122464,5221,1721
1763533160,0000000800000001,1864740085225,5205,1722
1763533162,0000000800000008,1864754248413,5164,1723
1763533170,0000000800000002,1864832360616,5004,1724
1763533172,0000000100000001,1864859729458,4955,1725
1763533186,0000000800000006,1864994484729,4920,1726
1763533186,0000008000000080,1864995699957,4920,1727
1763533188,0000000100000080,1865014970439,4904,1728
1763533194,0000000100000001,1865076176681,4898,1729
1763533200,0000000100000001,1865132640329,4881,1730
1763533201,0000000400000001,1865147700444,4881,1731
1763533201,0000000100000001,1865149695271,4881,1732
1763533206,0000000100000001,1865199915692,4862,1733
1763533212,0000008000000080,1865255383487,4862,1734
1763533212,0000008000000080,1865259961594,4859,1735
1763533215,0000000800000004,1865288906926,4850,1736
1763533217,0000008000000080,1865306761173,4856,1737
1763533219,0000000100000001,1865320729981,4856,1738
1763533220,0000008000000080,1865337061419,4854,1739
1763533226,000000c100000008,1865394636691,4849,1740
1763533229,0000008000000008,1865421595713,4848,1741
1763533229,0000000100000004,1865427541317,4845,1742
1763533231,0000001000000002,1865440715363,4843,1743
1763533232,0000000400000001,1865452856174,4840,1744
1763533242,0000000100000002,1865557305978,4839,1745
1763533247,0000002000000008,1865603991061,4835,1746
1763533247,0000001000000008,1865608794948,4836,1747
1763533249,0000000400000001,1865625970587,4838,1748
1763533249,0000004000000080,1865627658305,4838,1749
1763533250,0000000100000008,1865637802577,4837,1750
1763533256,0000000100000008,1865698450490,4833,1751
1763533257,0000000800000008,1865703173821,4833,1752
1763533258,0000000800000008,1865715342555,4837,1753
1763533258,0000000100000040,1865720297263,4837,1754
1763533262,0000000800000002,1865753704631,4839,1755
1763533272,0000008000000080,1865857040722,4835,1756
1763533279,0000000400000001,1865925325621,4837,1757
1763533281,0000004800000080,1865941249089,4837,1758
1763533284,0000000400000002,1865973402848,4833,1759
1763533286,0000000800000001,1865998593461,4836,1760
1763533287,0000008000000080,1866008074230,4837,1761
1763533299,0000000100000010,1866121669592,4831,1762
1763533299,0000004000000080,1866126283575,4829,1763
1763533303,0000000100000020,1316412162989,4834,1764
1763533305,0000002000000001,1866188585254,4835,1765
1763533306,0000008000000080,1866198794245,4836,1766
1763533311,0000008000000080,1866241609202,4833,1767
1763533311,0000000100000008,1866247854383,4833,1768
1763533317,0000008000000080,1866303494856,4829,1769
1763533318,0000000400000008,1866315007258,4832,1770
1763533320,0000008000000080,1866330766418,4833,1771
1763533320,0000000800000004,1866331558493,4833,1772
1763533326,0000008000000004,1866393960352,4829,1773
1763533329,0000008000000008,1866421983362,4834,1774
1763533332,0000000800000004,1866454743843,4835,1775
1763533342,0000000100000002,1866554347333,4831,1776
1763533346,0000000100000004,1866596313960,4832,1777
1763533347,0000008000000080,1866608762816,4836,1778
1763533350,0000000100000010,1866634365740,4834,1779
1763533351,0000008000000080,1866648400359,4830,1780
1763533356,0000000200000040,1866694534042,4835,1781
1763533358,0000000100000001,1866720240058,4834,1782
1763533360,0000002000000004,1866731355594,4830,1783
1763533362,0000000800000001,1866759374275,4834,1784
1763533371,0000008000000080,1866842127397,4833,1785
1763533372,0000000100000008,1866851595215,4834,1786
1763533379,0000008000000080,1866925624590,4832,1787
1763533380,0000008000000080,1866937742785,4834,1788
1763533386,0000000400000001,1866994800674,4830,1789
1763533391,0000000100000001,1867046065971,4835,1790
1763533391,0000000400000004,1867049695009,4836,1791
1763533395,0000001000000004,1867081816838,4830,1792
1763533399,0000002000000002,1867125265344,4835,1793
1763533403,0000000400000008,1867160961767,4831,1794
1763533403,0000000100000001,1867168591602,4830,1795
1763533404,0000000400000004,1867174557434,4831,1796
1763533406,0000008000000080,1867199457058,4834,1797
1763533409,0000000100000001,1867228528132,4835,1798
1763533417,0000000400000002,1867301301808,4836,1799
1763533417,0000004000000080,1867305837948,4836,1800
1763533417,0000000100000001,1867306890486,4836,1801
1763533419,0000000800000040,1867322610577,4834,1802
1763533420,0000008000000002,1867330957317,4833,1803
1763533423,0000000800000004,1867365186513,4834,1804
1763533424,0000008000000080,1867375664191,4834,1805
1763533428,0000000400000002,1867413840073,4832,1806
1763533432,0000000400000004,1867451039389,4834,1807
1763533438,0000000400000004,1867511079038,4830,1808
1763533441,0000000100000040,1867541847101,4834,1809
1763533445,0000000800000001,1867586633289,4834,1810
1763533447,0000002000000001,1867604028816,4830,1811
1763533453,0000000100000002,1867665815359,4833,1812
1763533453,0000000800000004,1867670107457,4834,1813
1763533457,0000000100000001,1867703518772,4833,1814
1763533458,0000008000000002,1867711989260,4834,1815
1763533461,0000002000000008,1867742457284,4835,1816
1763533461,0000008000000080,1867749281131,4835,1817
1763533466,0000001000000080,1867794092743,1476,1818
1763533473,0000008000000084,1867868362128,4832,1819
1763533474,0000004000000002,1867879423008,4834,1820
1763533478,0000000400000002,1867914670956,4835,1821
1763533482,0000000100000003,1867959337874,4833,1822
1763533488,0000002000000080,1868019867500,4833,1823
1763533490,0000000400000001,1868031759958,4830,1824
1763533491,0000000800000001,1868041405892,4831,1825
1763533495,0000000400000004,1868086940071,4835,1826
1763533499,0000000200000040,1868127857708,4831,1827
1763533502,0000000200000002,1868154823616,4834,1828
1763533504,0000000100000040,1868179834830,4834,1829
1763533516,0000000100000004,1868298532822,4831,1830
1763533520,0000008000000080,1868336823933,4836,1831
1763533523,0000000100000001,1868362747635,4833,1832
1763533524,0000000200000004,1868374997731,4831,1833
1763533525,0000000100000001,1868381729855,4832,1834
1763533530,0000000400000008,1868434753787,4836,1835
1763533530,0000004000000080,1868434911484,4836,1836
1763533533,0000008000000080,1868462909727,4830,1837
1763533535,0000000800000002,1868483377696,4834,1838
1763533540,0000008000000020,1868533809567,4833,1839
1763533542,0000008000000008,1868558447059,4831,1840
1763533543,0000000100000004,1868564853496,4833,1841
1763533545,0000008000000080,1868590221877,4835,1842
1763533546,0000008000000008,1868600103561,4836,1843
1763533551,0000008000000004,1868644042410,4832,1844
1763533554,0000004000000040,1868671401778,4834,1845
1763533557,0000000100000001,1868706574085,4833,1846
1763533558,0000008000000004,1868714513693,4832,1847
1763533559,0000000100000001,1868727584469,4831,1848
1763533563,0000000800000008,1868765811695,4836,1849
1763533587,0000008000000080,1869003085166,4834,1850
1763533587,0000002000000040,1869009904772,4835,1851
1763533588,0000004000000004,1869016852922,4835,1852
1763533592,0000000100000080,1869054754357,4833,1853
1763533597,0000000100000004,1869103073717,4836,1854
1763533600,0000000400000020,1319376224744,4832,1855
1763533602,0000000400000004,1869156707723,4831,1856
1763533607,0000000100000002,1869210037996,4837,1857
1763533608,0000000100000001,1869218147288,4833,1858
1763533614,0000008000000080,1869270408436,4835,1859
1763533614,0000008000000080,1869272987501,4836,1860
1763533618,0000004000000001,1869310901112,4832,1861
1763533620,0000008000000001,1869331061391,4832,1862
1763533621,0000002000000010,1869341509275,4834,1863
1763533622,0000008000000080,1869355112075,4835,1864
1763533624,0000000100000001,1869372469055,4836,1865
1763533628,0000000200000001,1869416080853,4832,1866
1763533630,0000002000000010,1869437985408,4835,1867
1763533635,0000002000000002,1869489160679,4833,1868
1763533640,0000004000000002,1869532483554,4835,1869
1763533644,0000002000000002,1869577581749,4832,1870
1763533644,0000004000000080,1869578960087,4832,1871
1763533650,0000008000000080,1869631665833,4837,1872
1763533650,0000000800000002,1869640088080,4837,1873
1763533653,0000000100000001,1869666786051,4832,1874
1763533653,0000000200000080,1869668692429,4832,1875
1763533654,0000000800000001,1869675323823,4831,1876
1763533654,0000000100000008,1869677440035,4831,1877
1763533659,0000000800000002,1869724172171,4836,1878
1763533663,0000008000000040,1869764797111,4833,1879
1763533665,0000004000000008,1869786034802,4836,1880
1763533666,0000000100000001,1869795024953,4836,1881
1763533667,0000000100000040,1869801948299,4836,1882
1763533674,0000004000000004,1869872870454,4837,1883
1763533674,0000000400000004,1869879032914,4837,1884
1763533677,0000008000000010,1869907104051,4836,1885
1763533677,0000004000000002,1869907582815,4837,1886
1763533680,0000000200000080,1869933818000,4832,1887
1763533681,0000000400000001,1869944649149,4834,1888
1763533684,0000000400000002,1869974291375,4836,1889
1763533687,0000000100000001,1870007008089,4834,1890
1763533694,0000000800000004,1870075094471,4838,1891
1763533694,0000008000000080,1870075818615,4838,1892
1763533696,0000008000000002,1870097645543,4832,1893
1763533699,0000004000000080,1870124546944,4837,1894
1763533701,0000000400000002,1870142973228,4837,1895
1763533701,0000000400000001,1870149849288,4838,1896
1763533702,0000000100000001,1870158659671,4838,1897
1763533705,0000000400000004,1870189554604,4833,1898
1763533707,0000000100000001,1870202500842,4835,1899
1763533709,0000000100000001,1870225632573,4836,1900
1763533713,0000008000000080,1870262812107,4833,1901
1763533714,0000008000000080,1870274552394,4834,1902
1763533718,0000000800000080,1870311160956,4838,1903
1763533723,0000000100000001,1870366362581,4834,1904
1763533733,0000008400000080,1870469924449,4838,1905
1763533746,0000004000000008,1870596392868,4839,1906
1763533747,0000008000000020,1320849211521,4835,1907
1763533748,0000000100000020,1320856126642,4836,1908
1763533750,0000000800000008,1870631688092,4837,1909
1763533754,0000004000000080,1870675234547,4839,1910
1763533760,0000000400000004,1870735129767,4839,1911
1763533764,0000002000000001,1870778666837,4837,1912
1763533769,0000000800000004,1870824990756,4838,1913
1763533771,0000000100000002,1870847517164,4839,1914
1763533775,0000000100000008,1870880446415,4835,1915
1763533778,0000000800000001,1870914747832,4839,1916
1763533795,0000000200000040,1871081296865,4839,1917
1763533805,0000004000000080,1871185925817,4841,1918
1763533810,0000008000000080,1871230264585,4836,1919
1763533813,0000000400000008,1871267608436,4842,1920
1763533819,0000000800000004,1871320629886,4838,1921
1763533822,0000000400000080,1871355906665,4842,1922
1763533824,0000000400000001,1871370684899,4842,1923
1763533826,0000000400000004,1871398207117,4837,1924
1763533828,0000000400000004,1871413312150,4840,1925
1763533829,0000000300000001,1871420257536,4842,1926
1763533829,0000000400000004,1871423605238,4842,1927
1763533837,0000000100000001,1871505349079,4840,1928
1763533838,0000008000000080,1871513747844,4842,1929
1763533845,0000000400000002,1871582844691,4839,1930
1763533845,0000000100000001,1871587859560,4840,1931
1763533856,0000008000000008,1871690793179,4842,1932
1763533857,0000001000000010,1871705750861,4843,1933
1763533857,0000008000000000,1871708874481,4843,1934
1763533859,0000000400000002,1871720453445,4843,1935
1763533863,0000000100000020,1101871457042,4842,1936
1763533875,0000002000000001,1871885786471,4843,1937
1763533877,0000000100000003,1871909915275,4836,1938
1763533880,0000000800000080,1871940084995,4843,1939
1763533888,0000000100000040,1872016050716,4842,1940
1763533891,0000008000000080,1872044038832,4843,1941
1763533893,0000002000000001,1872064687274,4844,1942
1763533897,0000008000000080,1872106456459,4843,1943
1763533909,0000000100000080,1872225597517,4846,1944
1763533911,0000000300000001,1872244436963,4841,1945
1763533911,0000002000000010,1872245409081,4840,1946
1763533911,0000004000000080,1872248066620,4838,1947
1763533917,0000000100000008,1872308486536,4846,1948
1763533919,0000008000000040,1872326420875,4846,1949
1763533920,0000000400000001,1872332898458,4839,1950
1763533922,0000000100000010,1872359426293,4843,1951
1763533923,0000008000000004,1872363719621,4844,1952
1763533926,0000000400000008,1872391769127,4845,1953
1763533926,0000000100000002,1872398192802,4845,1954
1763533930,0000000100000002,1872430376728,4842,1955
1763533930,0000000800000008,1872433340408,4841,1956
1763533931,0000008000000080,1872442732992,4842,1957
1763533932,0000008000000008,1872451685450,4844,1958
1763533941,0000000400000003,1872548984076,4845,1959
1763533942,0000000500000001,1872550772043,4846,1960
1763533946,0000000100000001,1872594270999,4839,1961
1763533951,0000000400000004,1872648323972,4847,1962
1763533957,0000004000000080,1872704983934,4844,1963
1763533959,0000000100000001,1872727388024,4847,1964
1763533963,0000000500000001,1872762702317,4847,1965
1763533965,0000000100000004,1872781932460,4842,1966
1763533965,0000000100000001,1872785730437,4843,1967
1763533984,0000000200000002,1872972873865,4848,1968
1763533985,0000000200000080,1872980826796,4848,1969
1763533995,0000008000000008,1873087532217,4849,1970
1763533996,0000000100000040,1873094656651,4849,1971
1763533996,0000000100000001,1873099729179,4849,1972
1763534003,0000000100000001,1873163470346,4846,1973
1763534005,0000000200000001,1873180529254,4850,1974
1763534008,0000000100000001,1873210411856,4846,1975
1763534008,0000004000000080,1873211093942,4845,1976
1763534013,0000000400000004,1873263222960,4850,1977
1763534015,0000004000000004,1873286472946,4843,1978
1763534016,0000000200000080,1873298865960,4843,1979
1763534019,0000000400000004,1873324822175,4850,1980
1763534020,0000000400000004,1873333458976,4851,1981
1763534023,0000000400000004,1873363073202,4850,1982
1763534024,0000000100000001,1873370670057,4843,1983
1763534027,0000000400000002,1873409928103,4850,1984
1763534028,0000000400000002,1873412748646,4849,1985
1763534028,0000002000000004,1873413930481,4849,1986
1763534043,0000000800000002,1873567973548,4846,1987
1763534049,0000000100000008,1873624616146,4853,1988
1763534052,0000004000000008,1873650937725,4847,1989
1763534060,0000002000000008,1873739348313,4848,1990
1763534061,0000000100000001,1873740837346,4849,1991
1763534064,0000000400000008,1873779072318,4852,1992
1763534065,0000004000000002,1873787585883,4852,1993
1763534069,0000000100000004,1873822196246,4848,1994
1763534077,0000000100000001,1873905407009,4846,1995
1763534086,0000000100000001,1873990333221,4848,1996
1763534102,0000000800000008,1874155316034,4848,1997
1763534103,0000000400000004,1874162132597,4848,1998
1763534105,0000008000000004,1874180742595,4853,1999
1763534106,0000000800000004,1874192209955,4854,2000
1763534107,0000008000000080,1874205507599,4853,2001
1763534111,0000002000000080,1874245399130,4844,2002
1763534115,0000004000000002,1874281917325,4853,2003
1763534119,0000000800000080,1874327222149,4848,2004
1763534123,0000000400000040,1874369783390,4854,2005
1763534128,0000008000000008,1874419941394,4845,2006
1763534130,0000000400000004,1874434148552,4852,2007
1763534130,0000000100000008,1874438200763,4853,2008
1763534130,0000000900000001,1874439382522,4853,2009
1763534136,0000002000000004,1874497706701,4846,2010
1763534137,0000000100000001,1874507097472,4847,2011
1763534139,0000000400000004,1874526266676,4853,2012
1763534140,0000000400000001,1874535498218,4854,2013
1763534143,0000008000000080,1874565784396,4854,2014
1763534144,0000000100000001,1874579764936,4855,2015
1763534145,0000000800000004,1874584954173,4845,2016
1763534148,0000001000000008,1874612136563,4854,2017
1763534148,0000000100000020,1323786078054,4853,2018
1763534152,0000000800000002,1874658558722,4855,2019
1763534157,0000004000000008,1874706188162,4829,2020
1763534157,0000004000000008,1874707044003,4829,2021
1763534164,0000008000000080,1874774026573,4829,2022
1763534169,0000000800000010,1874827544542,4811,2023
1763534172,0000000800000008,1874850415109,4801,2024
1763534174,0000002000000080,1874875511779,4781,2025
1763534177,0000000100000004,1874900227241,4783,2026
1763534199,0000000100000008,1875123871825,4552,2027
1763534205,0000004000000008,1875183772376,4425,2028
1763534207,0000008000000080,1875206619396,4405,2029
1763534211,0000000200000008,1875243939532,4340,2030
1763534213,0000004000000008,1875270109331,4334,2031
1763534223,0000000800000001,1875364835985,4267,2032
1763534224,0000004000000008,1875374715348,4264,2033
1763534227,0000000800000004,1875406564237,4224,2034
1763534249,0000008000000001,1875626445639,4101,2035
1763534251,0000008000000008,1875642651998,4081,2036
1763534256,0000008000000080,1875696470267,4072,2037
1763534268,0000002000000008,1875816858646,3997,2038
1763534268,0000004000000002,1875817648610,3995,2039
1763534270,0000000800000002,1875839023300,3996,2040
1763534275,0000004000000004,1875882560628,3986,2041
1763534286,0000008000000008,1875994328135,3916,2042
1763534292,0000002000000002,1876051966828,3912,2043
1763534302,0000004000000004,1876155023332,3874,2044
1763534311,0000000200000002,1876246422338,3858,2045
1763534316,0000000400000002,1876294396168,3860,2046
1763534318,0000008000000004,1876314369256,3853,2047
1763534335,0000000100000001,1876487103952,3840,0
1763534346,0000008000000002,1876595218069,3832,1
1763534346,0000002000000004,1876597429078,3833,2
1763534351,0000008000000001,1876647414771,3835,3
1763534363,0000000100000004,1876760658869,3824,4
1763534368,0000000200000004,1876817087200,3827,5
1763534377,0000000800000002,1876906350347,3822,6
1763534380,0000004000000004,1876936926681,3816,7
1763534390,0000000100000080,1877038996130,3815,8
1763534399,0000004000000004,1877122284916,3811,9
1763534405,0000000200000008,1877186408839,3807,10
1763534411,0000008000000008,1877241636178,3811,11
1763534420,0000008000000020,1327581008019,3808,12
1763534421,0000000100000080,1877340402473,3805,13
1763534423,0000000800000002,1877364718929,3801,14
1763534425,0000000100000040,1877389028554,3804,15
1763534426,0000000100000080,1877395651050,3804,16
1763534431,0000000800000001,1877446385859,3798,17
1763534447,0000008000000001,1877601704723,3795,18
1763534459,0000000800000040,1877724909228,3792,19
1763534460,0000000800000001,1877734749746,3794,20
1763534474,0000002000000008,1877874252140,3785,21
1763534481,0000004000000001,1877945440402,3786,22
1763534485,0000008000000002,1877984015650,3785,23
1763534485,0000000100000004,1877988503067,3786,24
1763534505,0000008000000008,1878183433988,3782,25
1763534506,0000000100000004,1878196051002,3782,26
1763534510,0000000100000080,1878236245340,3776,27
1763534518,0000004000000008,1878315102721,3773,28
1763534524,0000000800000080,1878374906797,3772,29
1763534530,0000004000000008,1878434055096,3773,30
1763534531,0000000800000008,1878443158875,3775,31
1763534555,0000002000000001,1878686653326,3764,32
1763534560,0000002000000008,1878714881503,3758,33
1763534572,0000008000000001,1878854947735,3757,34
1763534583,0000000100000004,1878963666132,3756,35
1763534591,0000002000000080,1879040161496,3752,36
1763534591,0000000100000001,1879047556187,3752,37
1763534601,0000004000000008,1879145775112,3748,38
1763534615,0000000200000080,1879285840337,3738,39
1763534630,0000008000000004,1879431120902,3725,40
1763534630,0000008000000080,1879431155991,3725,41
1763534639,0000008000000001,1879527361935,3721,42
1763534659,0000008000000001,1879724469938,3713,43
1763534672,0000000200000010,1879855941043,3695,44
1763534678,0000001000000020,1330159362047,3700,45
1763534682,0000000800000002,1879953245659,3688,46
1763534682,0000004000000001,1879956018487,3689,47
1763534693,0000000100000001,1880066491303,3682,48
1763534703,0000004000000004,1880168843025,3674,49
1763534705,0000002000000040,1880185672252,3675,50
1763534708,0000000800000008,1880213274276,3661,51
1763534713,0000008000000004,1880267628834,3664,52
1763534727,0000000200000004,1880401560089,3632,53
1763534737,0000004000000004,1880504926271,1838,54
1763534741,0000000100000008,1880542312925,941,55
1763534747,0000000800000080,1880602002606,635,56
1763534749,0000004000000001,1880624627140,635,57
1763534758,0000000800000001,1880714199101,598,58
1763534765,0000008000000080,1880788124535,584,59
1763534766,0000002000000001,1880796036937,583,60
1763534771,0000000200000080,1880844329001,572,61
1763534774,0000000100000040,1880878896946,572,62
1763534782,0000000100000001,1880958507860,562,63
1763534784,0000000800000008,1880970354292,559,64
1763534786,0000004000000001,1880990752142,551,65
1763534793,0000000100000004,1881062319094,548,66
1763534798,0000000100000002,1881117440842,544,67
1763534806,0000008000000001,1881192177118,535,68
1763534809,0000008000000080,1881227754090,532,69
1763534815,0000002000000008,1881284179443,527,70
1763534816,0000000100000008,1881299648273,529,71
1763534824,0000002000000010,1881375864941,521,72
1763534828,0000002000000010,1881416882863,515,73
1763534843,0000000100000008,1881567206981,505,74
1763534844,0000000100000001,1881572666346,502,75
1763534844,0000004000000080,1881578542040,500,76
1763534851,0000000400000002,1881644962731,497,77
1763534851,0000000100000008,1881646029126,497,78
1763534872,0000002000000040,1881852412560,477,79
1763534873,0000004000000004,1881865632120,475,80
1763534874,0000000100000008,1881877893533,474,81
1763534876,0000000100000008,1881892265958,476,82
1763534876,0000004000000002,1881892948867,475,83
1763534879,0000000100000080,1881925368499,469,84
1763534879,0000000100000080,1881929601018,468,85
1763534881,0000008400000080,1881940363989,469,86
1763534886,0000000800000008,1881998127951,469,87
1763534892,0000000200000004,1882057006674,461,88
1763534893,0000000800000080,1882064097740,462,89
1763534900,0000002000000020,1332380599715,453,90
1763534901,0000008000000040,1882140307033,453,91
1763534903,0000000200000004,1882166365772,454,92
1763534912,0000002000000040,1882258499618,446,93
1763534920,0000000800000001,1882331843830,439,94
1763534921,0000000200000002,1882345937165,439,95
1763534931,0000000800000040,1882443644947,422,96
1763534933,0000002000000004,1882463620905,419,97
1763534933,0000000100000040,1882464901721,419,98
1763534934,0000000200000004,1882474037803,420,99
1763534934,0000000100000004,1882474863098,420,100
1763534938,0000008000000080,1882519184538,421,101
1763534950,0000000400000080,1882631631864,5278,102
1763534951,0000000100000001,1882648752884,5232,103
1763534954,0000000800000004,1882674064745,5233,104
1763534955,0000000800000080,1882682508016,5233,105
1763534955,0000000800000002,1882684249248,5233,106
1763534958,0000004000000001,1882711246789,5172,107
1763534961,0000000100000001,1882749542126,5071,108
1763534971,0000000800000008,1882849822650,5019,109
1763534972,0000004000000008,1882852395431,5019,110
1763534976,0000000400000008,1882896390793,4990,111
1763534979,0000001000000080,1882922785435,4977,112
1763534982,0000000100000004,1882950794117,4976,113
1763534985,0000008000000004,1882986272191,4948,114
1763534987,0000000800000001,1883008664562,4950,115
1763534988,0000000100000001,1883017139609,4949,116
1763534989,0000004000000008,1883028736996,4948,117
1763534997,0000004000000001,1883103627537,4933,118
1763534997,0000004000000080,1883107198964,4932,119
1763535000,0000000800000010,1883130348616,4928,120
1763535003,0000000100000001,1883160338401,4915,121
1763535004,0000004000000020,1332081890677,4917,122
1763535005,0000000100000004,1883182702506,4919,123
1763535005,0000004000000008,1883185214407,4919,124
1763535009,0000004000000008,1883225584775,4913,125
1763535010,0000000100000001,1883239190366,4908,126
1763535011,0000000100000001,1883241202462,4907,127
1763535017,0000000100000004,1883305570168,4905,128
1763535018,0000000500000001,1883319308158,4903,129
1763535020,0000000100000004,1883333377198,4902,130
1763535023,0000004000000008,1883365307882,4905,131
1763535032,0000002000000008,1883450061483,4901,132
1763535034,0000000100000008,1883458707184,4899,133
1763535038,0000000800000080,1883515520644,4896,134
1763535044,0000000800000002,1883578533226,4893,135
1763535048,0000000100000010,1883610546802,4895,136
1763535052,0000002000000004,1883652843885,4891,137
1763535061,0000004000000008,1883742059554,4890,138
1763535067,0000000800000008,1883800470673,4896,139
1763535069,0000000200000008,1883820428114,4896,140
1763535072,0000008800000004,1883858172418,4894,141
1763535077,0000008000000080,1883908549827,4895,142
1763535080,0000000100000001,1883936656073,4893,143
1763535085,0000000100000002,1883983850072,4896,144
1763535087,0000004000000080,1884003937215,4891,145
1763535093,0000000400000004,1884063661050,4896,146
1763535096,0000008000000004,1884090614089,4890,147
1763535108,0000000800000002,1884217295449,4894,148
1763535111,0000002000000010,1884246334423,4897,149
1763535113,0000000800000080,1884269185475,4891,150
1763535115,0000000100000004,1884281212212,4893,151
1763535121,0000000200000008,1884340136238,4895,152
1763535123,0000000800000001,1884361114222,4891,153
1763535126,0000000100000008,1884392067006,4895,154
1763535135,0000000400000001,1884483743792,4895,155
1763535140,000000c000000080,1884537607185,4892,156
1763535142,0000000400000001,1884557379096,4893,157
1763535144,0000000100000008,1884577458873,1601,158
1763535145,0000000200000008,1884579986675,4896,159
1763535147,0000004000000008,1884606410399,4892,160
1763535148,0000000100000002,1884614981722,4891,161
1763535149,0000000400000004,1884622863667,4893,162
1763535149,0000008000000008,1884625231006,4892,163
1763535153,0000004000000004,1884663172087,4896,164
1763535153,0000008000000001,1884665899093,4897,165
1763535154,0000000200000001,1884671858070,4896,166
1763535154,0000000100000002,1884678316496,4895,167
1763535159,0000008000000080,1884724895221,4894,168
1763535159,0000004000000040,1884725594785,4894,169
1763535161,0000000400000008,1884740828524,4895,170
1763535168,0000000100000001,1884818559357,4895,171
1763535174,0000008800000080,1884870979813,4891,172
1763535187,0000000100000001,1885008823281,4897,173
1763535189,0000000100000008,1885022629239,4895,174
1763535192,0000004000000080,1885054037652,4893,175
1763535192,0000000800000008,1885059680304,4894,176
1763535193,0000002000000004,1885069685943,4895,177
1763535199,0000004000000001,1885124713197,4892,178
1763535200,0000000100000004,1885134973136,4892,179
1763535204,0000000100000004,1885173093012,4895,180
1763535206,0000000100000004,1885198466271,4894,181
1763535207,0000004000000002,1885206849649,4894,182
1763535209,0000004000000008,1885224392756,4892,183
1763535214,0000000200000040,1885273430465,4896,184
1763535216,0000000200000001,1885293917755,4894,185
1763535220,0000004000000008,1885335774426,4895,186
1763535226,0000008000000080,1885393583654,4892,187
1763535227,0000008000000080,1885403216566,4893,188
1763535238,0000004000000004,1885517681430,4897,189
1763535241,0000000800000001,1885549000949,4895,190
1763535244,0000008000000080,1885570236669,4893,191
1763535247,0000008000000080,1885601333861,4896,192
1763535249,0000000100000003,1885626525338,4895,193
1763535249,0000000100000001,1885626917308,4895,194
1763535252,0000008000000080,1885655852942,4893,195
1763535254,0000000100000001,1885676086767,4896,196
1763535261,0000008000000080,1885742792409,4894,197
1763535261,0000000800000002,1885745981802,4894,198
1763535261,0000008000000002,1885746620873,4894,199
1763535265,0000000100000001,1885788044897,4897,200
1763535266,0000000800000002,1885792945759,4897,201
1763535269,0000004000000008,1885829291890,4893,202
1763535270,0000000400000001,1885834191436,4895,203
1763535272,0000000100000008,1885858533608,4896,204
1763535273,0000000800000080,1885865784328,4896,205
1763535275,0000000100000008,1885886198747,4895,206
1763535275,0000000400000080,1885887481430,4896,207
1763535276,0000000100000004,1885892212273,4894,208
1763535279,0000000400000080,1885928334655,4896,209
1763535284,0000000200000080,1885975375861,4896,210
1763535289,0000004000000080,1886026282601,4896,211
1763535297,0000000100000002,1886109302446,4896,212
1763535303,0000001000000001,1886161193845,4893,213
1763535309,0000000100000001,1886226638487,1603,214
1763535309,0000000100000008,1886228596865,4898,215
1763535311,0000000100000001,1886241889821,4895,216
1763535314,0000008000000002,1886279479167,4896,217
1763535323,0000000100000020,1336613277994,4897,218
1763535326,0000008000000080,1886392377114,4897,219
1763535327,0000000100000001,1886404946838,4894,220
1763535328,0000000800000002,1886414490676,4895,221
1763535329,0000000800000080,1886424332747,4892,222
1763535330,0000000100000008,1886439224201,4895,223
1763535333,0000004000000080,1886466177798,4898,224
1763535334,0000008000000080,1886473818745,4898,225
1763535342,0000008000000080,1886556359081,4897,226
1763535346,0000000800000001,1886595011761,4894,227
1763535347,0000008000000080,1886606457896,4895,228
1763535348,0000008000000004,1886617776104,4897,229
1763535356,0000000100000001,1886697207633,4896,230
1763535374,0000000400000001,1886878075341,4899,231
1763535374,0000000100000002,1886878147463,4899,232
1763535376,0000000400000002,1886891917691,4899,233
1763535376,0000008400000080,1886895592080,4899,234
1763535378,0000000400000010,1886918196853,4900,235
1763535382,0000000100000001,1886950830387,4896,236
1763535388,0000000100000003,1887011338544,4895,237
1763535389,0000000100000040,1887021777776,4897,238
1763535389,0000000800000001,1887023711831,4895,239
1763535391,0000000400000002,1887049006367,4898,240
1763535392,0000000800000008,1887049020855,4898,241
1763535396,0000000400000004,1887096139484,4898,242
1763535399,0000000200000008,1887123472318,4897,243
1763535402,0000000100000001,1887157889660,4900,244
1763535409,0000000100000001,1887225421204,4900,245
1763535409,0000000800000080,1887225820384,4900,246
1763535416,0000000400000008,1887292504090,4897,247
1763535421,0000000400000010,1887340515151,4902,248
1763535423,0000008000000080,1887368735248,4897,249
1763535425,0000008000000080,1887387124020,4899,250
1763535426,0000001000000040,1887395628790,4900,251
1763535427,0000004000000080,1887406689266,4901,252
1763535435,0000000100000004,1887481465797,4901,253
1763535435,0000004000000004,1887481673939,4901,254
1763535440,0000000200000008,1887539133791,4899,255
1763535442,0000002000000001,1887553815688,4898,256
1763535448,0000000100000080,1887619242990,4900,257
1763535449,0000000100000008,1887622389314,4899,258
1763535454,0000000100000004,1887674351730,4902,259
1763535454,0000004000000001,1887679455180,4902,260
1763535456,0000001000000008,1887693649935,4903,261
1763535463,0000000800000001,1887765513175,4902,262
1763535464,0000000100000001,1887777861851,4904,263
1763535465,0000004000000004,1887782593864,4904,264
1763535468,0000004000000008,1887817171641,4900,265
1763535487,0000000800000002,1888001805545,4903,266
1763535490,0000000800000002,1888036951685,4903,267
1763535496,0000000100000004,1888092160486,4903,268
1763535497,0000000100000004,1888105936953,4904,269
1763535500,0000008000000080,1888134990962,4899,270
1763535505,0000000400000004,1888180863433,4904,271
1763535506,0000000100000001,1888194747311,4903,272
1763535516,0000002000000040,1888292719890,4905,273
1763535516,0000002000000001,1888296665806,4905,274
1763535522,0000000400000002,1888350902798,4904,275
1763535524,0000000200000040,1888371229357,4905,276
1763535527,0000000400000002,1888401618481,4899,277
1763535531,0000000400000004,1888443902968,4903,278
1763535533,0000000400000004,1888467516606,4904,279
1763535535,0000000400000006,1888489355308,4897,280
1763535536,0000000400000002,1888493037289,4901,281
1763535540,0000004000000001,1888535415103,4904,282
1763535543,0000000100000001,1888569702286,4898,283
1763535544,0000000400000004,1888575457398,4899,284
1763535544,0000008000000008,1888579219343,4901,285
1763535550,0000000100000001,1888632505664,4906,286
1763535550,0000008000000080,1888633945312,4906,287
1763535551,0000004000000008,1888644680771,4905,288
1763535556,0000008000000008,1888691537986,4905,289
1763535557,0000008000000008,1888706714083,4905,290
1763535558,0000002000000008,1888715895723,4906,291
1763535561,0000008000000020,1337918429190,4899,292
1763535566,0000004000000080,1888790665215,4906,293
1763535574,0000000100000002,1888870610701,4906,294
1763535576,0000008000000080,1888893963557,4907,295
1763535576,0000000800000002,1888894406744,4907,296
1763535576,0000004000000080,1888894921040,4907,297
1763535583,0000000200000080,1888966112296,4907,298
1763535586,0000002000000004,1888993823502,4909,299
1763535587,0000000400000002,1889009411869,4898,300
1763535590,0000000800000008,1889034571861,4906,301
1763535596,0000004000000080,1889096950961,4900,302
1763535598,0000000100000002,1889114578062,4905,303
1763535603,0000004000000008,1889160722759,4909,304
1763535605,0000000100000001,1889184167389,4903,305
1763535612,0000002000000040,1889256054389,4909,306
1763535613,0000000800000002,1889260397530,4901,307
1763535621,0000004000000006,1889342607327,4910,308
1763535623,000000c000000080,1889362099106,4903,309
1763535625,0000000800000001,1889386886294,4908,310
1763535632,0000000800000008,1889455368130,4904,311
1763535633,0000001000000004,1889468607092,4907,312
1763535636,0000004000000008,1889493917639,4908,313
1763535642,0000000800000008,1889554589757,4908,314
1763535642,0000000100000001,1889559469704,4908,315
1763535645,0000000100000002,1889580633169,4910,316
1763535661,0000000800000001,1889741663913,4910,317
1763535666,0000000200000040,1889797248209,4905,318
1763535670,0000000400000002,1889836688481,4910,319
1763535671,0000000400000002,1889847187692,4910,320
1763535674,0000008000000080,1889875419098,4904,321
1763535679,0000001000000020,1340166112414,4911,322
1763535682,0000001000000008,1889956940044,4905,323
1763535682,0000008000000010,1889959030130,4905,324
1763535684,0000000200000004,1889972876544,4906,325
1763535689,0000008000000002,1890026775726,4911,326
1763535695,0000008400000004,1890082358587,4911,327
1763535697,0000004000000008,1890104909055,4911,328
1763535700,0000000100000001,1890137805260,4906,329
1763535701,000000c000000080,1890143905404,4906,330
1763535703,0000000100000010,1890169370204,4911,331
1763535704,0000000800000004,1890169447486,4911,332
1763535705,0000000400000008,1890185124231,4911,333
1763535706,0000000100000001,1890197260001,4911,334
1763535711,0000000800000001,1890245932555,4910,335
1763535716,0000000100000001,1890297660578,4904,336
1763535719,0000008000000002,1890323112499,4909,337
1763535723,0000002000000002,1890359981746,4913,338
1763535724,0000008000000002,1890378004608,4911,339
1763535730,0000000400000004,1890431798935,4911,340
1763535732,0000000100000002,1890452200547,4912,341
1763535732,0000004000000080,1890452215173,4911,342
1763535732,0000004800000080,1890457345276,4910,343
1763535741,0000004000000080,1890548296096,4910,344
1763535746,0000000100000004,1890590528761,4910,345
1763535754,0000000100000080,1890672101472,4908,346
1763535771,0000000800000008,1890843212507,4843,347
1763535774,0000000200000040,1890878033293,4842,348
1763535777,0000000100000001,1890900137878,4834,349
1763535777,0000000100000002,1890903222561,4830,350
1763535781,0000008000000080,1890942578012,4795,351
1763535783,0000000800000008,1890959955920,4796,352
1763535787,0000008000000008,1891004176270,4771,353
1763535791,0000000400000001,1891047196141,4739,354
1763535797,0000000400000001,1891101112180,4691,355
1763535798,0000004000000008,1891114092494,4614,356
1763535799,0000008000000002,1891129199007,4609,357
1763535802,0000000400000040,1891156961190,4606,358
1763535805,0000008000000080,1891180703070,4582,359
1763535809,0000000400000020,1340394279733,4527,360
1763535814,0000000400000004,1891278668407,4489,361
1763535820,0000001000000002,1891336641001,4472,362
1763535829,0000000100000002,1891426107446,4431,363
1763535831,0000002000000004,1891444538558,4414,364
1763535833,0000008000000002,1891463073765,4401,365
1763535834,0000000200000080,1891470448139,4401,366
1763535834,0000000100000001,1891478968361,4402,367
1763535838,0000008000000008,1891510720518,4395,368
1763535849,0000000200000040,1891623427882,4340,369
1763535851,0000000400000004,1891646779244,4338,370
1763535859,0000000800000001,1891719698026,4316,371
1763535861,0000008000000004,1891739766700,4317,372
1763535874,0000008000000020,1341049930655,4289,373
1763535878,0000000100000004,1891918078119,4291,374
1763535885,0000000100000001,1891987575838,4279,375
1763535891,0000004000000002,1892040613984,4271,376
1763535893,0000000800000020,1342309371971,4268,377
1763535895,0000002000000020,1342327723612,4271,378
1763535911,0000008000000004,1892240557615,4253,379
1763535911,0000000400000004,1892242340616,4253,380
1763535916,0000008000000004,1892294798720,4244,381
1763535919,0000000800000002,1892322694109,4245,382
1763535920,0000000100000001,1892330631995,4245,383
1763535920,0000000100000002,1892338781309,4246,384
1763535925,0000008000000001,1892382027219,4236,385
1763535926,0000000400000004,1892391424571,4237,386
1763535942,0000000800000004,1892551066382,4223,387
1763535944,0000008000000001,1892572543334,4225,388
1763535944,0000004000000020,1342819598893,4225,389
1763535952,0000008000000004,1892652454335,4221,390
1763535973,0000008000000002,1892867237445,4216,391
1763535976,0000008000000010,1892898134946,4206,392
1763535994,0000008000000080,1893071417181,4201,393
1763536000,0000008000000080,1893138786039,4207,394
1763536005,0000008000000080,1893185489718,4203,395
1763536007,0000008000000080,1893201846034,4205,396
1763536008,0000008000000008,1893217316382,4206,397
1763536009,0000008800000004,1893222219671,4205,398
1763536011,0000001000000040,1893242311064,4197,399
1763536012,0000000100000002,1893256078623,4199,400
1763536014,0000008000000002,1893276335245,4202,401
1763536016,0000000800000001,1893293657448,4203,402
1763536016,0000000100000002,1893299584737,4204,403
1763536017,0000000100000080,1893300888067,4203,404
1763536018,0000000400000008,1893318195869,4201,405
1763536031,0000004000000001,1893443263842,4198,406
1763536034,0000000400000002,1893470717703,4199,407
1763536036,0000000400000040,1893490455341,4197,408
1763536037,0000000800000004,1893505999144,4191,409
1763536041,0000008000000008,1893540029910,4197,410
1763536044,0000008000000002,1893579631761,4194,411
1763536046,000000c000000080,1893592309064,4190,412
1763536051,0000000800000002,1893646176152,4196,413
1763536053,0000000100000001,1893663393578,4195,414
1763536060,0000000800000008,1893734248703,4194,415
1763536064,0000008000000080,1893771179023,4187,416
1763536073,0000000100000004,1893867557544,4189,417
1763536075,0000000100000001,1893887416660,4191,418
1763536082,0000002000000040,1893959296017,4188,419
1763536087,0000002000000008,1894002084933,4188,420
1763536087,0000002000000010,1894007784026,4186,421
1763536095,0000000800000001,1894082170382,4189,422
1763536096,0000004000000008,1894093289543,4186,423
1763536103,0000008000000002,1894169009571,4187,424
1763536118,0000000400000004,1894316747032,4183,425
1763536128,0000004000000001,1894417021205,4183,426
1763536133,0000000100000008,1894460562916,4175,427
1763536143,0000004000000004,1894569430797,4179,428
1763536144,0000000400000004,1894579257851,4181,429
1763536145,0000002000000008,1894589335165,4181,430
1763536184,0000000100000001,1894972360869,4168,431
1763536192,0000004000000080,1895053601189,4168,432
1763536201,0000000100000002,1895147810412,4166,433
1763536213,000000c000000004,1895264910855,4170,434
1763536219,0000000400000001,1895320033111,4164,435
1763536219,0000000800000040,1895321090627,4164,436
1763536225,0000000100000080,1895384607405,4167,437
1763536226,0000000800000040,1895394230923,4166,438
1763536227,0000000100000001,1895403515076,4163,439
1763536234,0000008000000080,1895471366693,4166,440
1763536234,0000008000000004,1895477654925,4163,441
1763536235,000000c000000080,1895480390301,4165,442
1763536237,0000000100000004,1895506026693,4167,443
1763536245,0000004000000004,1895584496467,4162,444
1763536253,0000008000000080,1895659781716,4161,445
1763536257,0000008000000004,1895703561346,4167,446
1763536269,0000008000000008,1895819816578,4163,447
1763536280,0000000400000001,1895937298334,4161,448
1763536284,0000008000000080,1895977838215,4166,449
1763536286,0000004000000004,1895994495992,4158,450
1763536296,0000004000000080,1896096698771,4155,451
1763536296,0000000400000001,1896097909969,4157,452
1763536303,0000004000000080,1896159803112,4159,453
1763536304,0000008000000004,1896173891973,4156,454
1763536309,0000000400000001,1896228429718,4163,455
1763536313,0000004000000002,1896261244542,4154,456
1763536321,0000008000000004,1896349545485,4152,457
1763536333,0000002000000001,1896469277325,4159,458
1763536336,0000004400000002,1896497125721,4160,459
1763536337,0000000100000001,1896506551496,4154,460
1763536338,0000008000000008,1896511315263,4154,461
1763536343,0000008000000008,1896559824964,4159,462
1763536344,0000004000000002,1896576574952,4159,463
1763536359,0000002000000008,1896720222849,4157,464
1763536364,0000002000000010,1896776174453,4148,465
1763536366,0000008000000080,1896789925623,4148,466
1763536366,0000001000000080,1896797423064,4153,467
1763536366,0000000400000002,1896798827147,4153,468
1763536375,0000004000000004,1896888269727,4152,469
1763536377,0000004000000004,1896908592157,4153,470
1763536378,0000004000000008,1896909635017,4153,471
1763536378,0000002000000040,1896916733745,4154,472
1763536391,0000001000000040,1897046758571,4141,473
1763536393,0000008000000004,1897069227346,4149,474
1763536395,0000008000000004,1897084544454,4151,475
1763536396,0000008000000080,1897095696035,4151,476
1763536402,0000004000000001,1897153879050,4148,477
1763536408,0000000400000002,1897212934991,4138,478
1763536409,0000008000000082,1897219987586,4138,479
1763536413,0000000200000010,1897260712256,4145,480
1763536413,0000000100000001,1897262387659,4145,481
1763536416,0000000800000001,1897295227305,4134,482
1763536421,0000000400000004,1897342942843,4143,483
1763536423,0000004000000004,1897361061173,4144,484
1763536425,0000000100000001,1897381405418,4131,485
1763536427,0000008000000008,1897405796979,4137,486
1763536441,0000004000000002,1897546104348,4126,487
1763536444,0000000100000001,1897572886568,4129,488
1763536475,0000000800000004,1897887026086,4122,489
1763536493,0000000800000002,1898069482202,4098,490
1763536496,0000000800000001,1898096453878,4104,491
1763536498,0000000100000080,1898114796069,4105,492
1763536529,0000000100000003,1898429419517,4067,493
1763536535,0000008000000080,1898480031449,4076,494
1763536545,0000000100000001,1898585377626,4045,495
1763536557,0000000400000008,1898706802398,4038,496
1763536569,0000004000000080,1898821164833,2754,497
1763536572,0000002000000040,1898852974216,1684,498
1763536588,0000000800000080,1899014999707,565,499
1763536589,0000000200000080,1899027391001,562,500
1763536597,0000000800000008,1899104778944,554,501
1763536599,0000000100000080,1899122535902,546,502
1763536600,0000008000000080,1899132529613,544,503
1763536602,0000000400000080,1899153133936,544,504
1763536610,0000002000000020,1349478322887,535,505
1763536611,0000000500000003,1899241732854,535,506
1763536612,0000000400000080,1899255466217,536,507
1763536613,0000008000000080,1899262984783,536,508
1763536615,0000000100000004,1899283148929,531,509
1763536617,0000004000000080,1899302905300,526,510
1763536617,0000000100000001,1899306576561,527,511
1763536661,0000008000000080,1899744051340,488,512
1763536672,0000000100000001,1899856955536,482,513
1763536677,0000000100000001,1899904804646,474,514
1763536695,0000000100000004,1900081556693,459,515
1763536695,0000008000000004,1900083825713,460,516
1763536695,0000000800000040,1900087900802,459,517
1763536695,0000000200000002,1900088584724,459,518
1763536708,0000008000000004,1900218953670,454,519
1763536717,0000000400000010,1900306254254,444,520
1763536718,0000000200000003,1900315347198,435,521
1763536722,0000000400000008,1900358707625,432,522
1763536725,0000000400000008,1900386710768,434,523
1763536727,0000001000000002,1900407873931,397,524
1763536729,0000008000000080,1900424303335,274,525
1763536730,0000000100000001,1900429900417,215,526
1763536734,0000000400000080,1900473835290,192,527
1763536734,0000000400000004,1900476935468,189,528
1763536735,0000000100000002,1900482444095,183,529
1763536740,0000008000000008,1900529603186,5240,530
1763536740,0000008000000080,1900535049343,5241,531
1763536746,0000000100000004,1900599151104,5172,532
1763536748,0000000400000008,1900610925733,5141,533
1763536753,0000008000000004,1900660442764,5134,534
1763536753,0000000400000004,1900667579104,5126,535
1763536757,0000000400000008,1900705680392,5087,536
1763536758,0000000400000008,1900711099366,5089,537
1763536760,0000002000000008,1900736744418,5089,538
1763536774,0000000100000004,1900877946037,5005,539
1763536777,0000008000000080,1900900404162,5008,540
1763536781,0000008000000002,1900945197965,4984,541
1763536790,0000000800000001,1901032706315,4964,542
1763536791,0000002000000008,1901045716097,4960,543
1763536796,0000000100000003,1901094107924,4961,544
1763536796,0000000800000080,1901096427690,4960,545
1763536808,0000008000000008,1901212688366,4936,546
1763536808,000000010000000a,1901217061485,4936,547
1763536822,0000008000000080,1901355162724,4927,548
1763536830,0000000800000001,1901431564417,4927,549
1763536831,0000000100000002,1901441501481,4921,550
1763536831,0000000400000004,1901446771334,4920,551
1763536835,0000000200000040,1901480778036,4919,552
1763536843,0000000100000004,1901564082453,4918,553
1763536845,0000000800000001,1901583884291,4920,554
1763536846,0000000400000001,1901592475938,4920,555
1763536852,0000000800000080,1901649491417,4916,556
1763536852,0000000200000008,1901654781481,4918,557
1763536859,000000c000000080,1901723972106,4915,558
1763536862,0000004000000004,1901751253113,4918,559
1763536866,0000000400000008,1901790055512,4913,560
1763536867,0000000100000001,1901803133824,4913,561
1763536875,0000008000000008,1901883292744,4912,562
1763536876,0000000100000001,1901894442062,4914,563
1763536876,0000000800000004,1901895550611,4914,564
1763536883,0000002000000040,1901962850945,4913,565
1763536885,0000000400000001,1901985455123,4915,566
1763536887,0000004000000008,1902009137897,4916,567
1763536890,0000004000000080,1902032596234,4918,568
1763536893,0000008000000002,1902069045380,4915,569
1763536901,0000008000000080,1902147633986,4913,570
1763536913,0000002000000002,1902265166493,4917,571
1763536918,0000008000000080,1902309797239,4913,572
1763536921,0000000200000002,1902343521503,4917,573
1763536933,0000008000000080,1902465247197,4918,574
1763536937,0000008000000080,1902500704863,4915,575
1763536938,0000008000000002,1902516184575,4917,576
1763536960,0000004000000001,1902729629312,4917,577
1763536973,0000004000000080,1902862459101,4916,578
1763536975,0000000100000008,1902881392167,4917,579
1763536976,0000004000000004,1902889834193,4918,580
1763536986,0000008000000080,1902997116265,4916,581
1763536997,0000000400000001,1903105453140,4915,582
1763537002,0000000100000004,1903156978171,4918,583
1763537004,0000000100000001,1903169792351,4915,584
1763537010,0000000400000008,1903233718502,4918,585
1763537012,0000004000000080,1903254788856,4915,586
1763537018,0000000400000001,1903314321813,4918,587
1763537021,0000008000000004,1903341083334,4915,588
1763537023,0000004000000010,1903363234681,4915,589
1763537025,0000000400000004,1903388548137,4917,590
1763537026,0000002000000080,1903395354793,4918,591
1763537027,0000000800000002,1903404416710,4918,592
1763537028,0000008000000080,1903410078452,4917,593
1763537033,0000000100000001,1903464949420,4918,594
1763537045,0000008000000001,1903583915740,4919,595
1763537046,0000000400000001,1903594268439,4916,596
1763537047,0000008000000080,1903607151319,4914,597
1763537049,0000000800000008,1903623830670,4916,598
1763537052,0000000100000001,1903649507150,4918,599
1763537063,0000000200000002,1903764066615,4918,600
1763537063,0000000800000080,1903768801004,4917,601
1763537065,0000000800000001,1903786411366,4915,602
1763537075,0000004000000080,1903881402124,4917,603
1763537080,0000000800000004,1903937050887,4918,604
1763537089,0000004100000001,1904025331856,4916,605
1763537091,0000000400000008,1904043842733,4914,606
1763537096,0000000100000040,1904091657798,4918,607
1763537097,0000000400000008,1904101676818,4919,608
1763537106,0000000200000004,1904193803055,4916,609
1763537114,0000002000000002,1904270745279,4919,610
1763537120,0000000100000001,1904329588321,4917,611
1763537125,0000004000000008,1904386776456,4915,612
1763537131,0000000800000004,1904440752889,4920,613
1763537136,0000008000000080,1904495243739,4918,614
1763537137,0000000100000004,1904502047045,4919,615
1763537138,0000008000000001,1904511265228,4919,616
1763537143,0000000100000001,1904560193807,4915,617
1763537147,0000000100000080,1904603216022,4920,618
1763537148,0000000200000001,1904615584452,4920,619
1763537156,0000008000000002,1904698718964,4920,620
1763537161,0000008000000004,1904740832082,4916,621
1763537164,0000000100000002,1904773237058,4919,622
1763537165,0000000800000001,1904781002763,4921,623
1763537167,0000001000000080,1904801949587,4918,624
1763537170,0000000100000001,1904834652254,4917,625
1763537171,0000000100000002,1904847202439,4919,626
1763537172,0000000400000008,1904849404899,4920,627
1763537175,0000000100000001,1904885332966,4918,628
1763537176,0000008000000004,1904891764598,4917,629
1763537176,0000002000000002,1904892193426,4916,630
1763537187,0000008000000020,1355253487165,4920,631
1763537191,0000008000000002,1905049056639,4923,632
1763537198,0000000100000001,1905111523009,4922,633
1763537213,0000000800000080,1905261022355,4920,634
1763537214,0000000800000020,1355520316968,4922,635
1763537216,0000000400000004,1905296306309,4921,636
1763537222,0000000100000001,1905350740820,4920,637
1763537224,0000000100000003,1905370842439,4923,638
1763537224,0000000100000002,1905375635180,4923,639
1763537225,0000008000000080,1905386740561,4924,640
1763537229,0000004000000080,1905420270784,4917,641
1763537229,0000001000000000,1905426019031,4918,642
1763537237,0000000100000001,1905499587791,4919,643
1763537249,0000000100000001,1905620591072,4924,644
1763537249,0000000800000008,1905622177853,4924,645
1763537249,0000004000000080,1905625938454,4924,646
1763537254,0000000100000001,1905674553173,4919,647
1763537260,0000000100000001,1905733230664,4925,648
1763537265,0000008000000010,1905781096371,4921,649
1763537267,0000000100000004,1905808630655,4924,650
1763537274,0000000100000001,1905874009109,4922,651
1763537281,0000000100000001,1905948426461,4921,652
1763537285,0000008000000080,1905985969939,4925,653
1763537294,0000008000000004,1906078218628,4926,654
1763537301,0000000800000001,1906139596353,4925,655
1763537301,0000000100000080,1906148546814,4925,656
1763537302,0000000200000008,1906153602188,4925,657
1763537306,0000000100000001,1906197071992,4921,658
1763537313,0000004000000080,1906261288518,4926,659
1763537321,0000008800000008,1906346785246,4926,660
1763537321,0000000100000009,1906348249236,4927,661
1763537324,0000000800000008,1906374467923,4921,662
1763537324,0000008000000080,1906377538956,4921,663
1763537326,0000000800000002,1906394166205,4925,664
1763537331,0000000800000002,1906443603712,4921,665
1763537331,0000008000000080,1906447367230,4922,666
1763537332,0000000100000040,1906454472861,4922,667
1763537333,0000004000000008,1906465914558,4921,668
1763537349,0000004000000080,1906620935132,4924,669
1763537349,0000000800000001,1906626053566,4919,670
1763537352,0000004000000004,1906652590064,4926,671
1763537357,0000008000000080,1906707965258,4924,672
1763537367,0000000400000002,1906807111451,4922,673
1763537378,0000002000000040,1906915419735,4926,674
1763537379,0000000400000001,1906920797362,4926,675
1763537380,0000008000000008,1906936766979,4927,676
1763537384,0000004000000080,1906971907708,4920,677
1763537385,0000000100000001,1906981538184,4922,678
1763537392,0000000100000003,1907052267270,4922,679
1763537395,0000008000000040,1907081566928,4926,680
1763537399,0000002000000010,1907127288658,4928,681
1763537406,0000000400000004,1907195434741,4928,682
1763537410,0000000800000008,1907233668100,4924,683
1763537411,0000000100000080,1907241550536,4922,684
1763537411,0000004000000008,1907244394932,4924,685
1763537415,0000004000000080,1907280316094,4928,686
1763537429,0000004000000004,1907422464545,4926,687
1763537432,0000000100000001,1907450754327,4928,688
1763537433,0000008000000004,1907461009578,4929,689
1763537435,0000000100000010,1907483971514,4921,690
1763537435,0000000800000004,1907487195167,4924,691
1763537437,0000008000000080,1907500943381,4923,692
1763537448,0000000100000003,1907614442996,4928,693
1763537448,0000008000000001,1907614748511,4928,694
1763537451,0000002000000080,1907648268835,4929,695
1763537454,0000004000000004,1907674415145,4924,696
1763537456,0000001000000004,1907689972200,4928,697
1763537469,0000000100000001,1907828319522,4920,698
1763537471,0000000800000004,1907848546831,4924,699
1763537476,0000000100000002,1907895253759,4929,700
1763537479,0000004000000080,1907920104822,4924,701
1763537479,0000008000000004,1907926499571,4922,702
1763537483,0000000200000020,1358203885309,4928,703
1763537485,0000000400000020,1358229182108,4929,704
1763537495,0000000200000008,1908085544124,4926,705
1763537505,0000000400000001,1908180748947,4922,706
1763537508,0000004000000004,1908218303083,4929,707
1763537510,0000000800000001,1908234240317,4930,708
1763537519,0000008000000008,1908328050979,4930,709
1763537523,0000000100000008,1908368043688,4925,710
1763537530,0000008000000002,1908431611818,4928,711
1763537545,0000000400000004,1908581741375,4931,712
1763537546,0000000100000001,1908592661942,4928,713
1763537547,0000000800000002,1908602568517,4932,714
1763537548,0000004000000080,1908614563253,4920,715
1763537551,0000002000000001,1908643830423,4927,716
1763537552,0000000100000001,1908656457482,4927,717
1763537553,0000000100000002,1908668161462,4929,718
1763537555,0000002000000008,1908688228217,4930,719
1763537560,0000000100000003,1908731213663,4926,720
1763537560,0000000100000002,1908737462386,4928,721
1763537571,0000008000000080,1908844544698,4928,722
1763537577,0000001000000080,1908903901549,4904,723
1763537577,0000000200000001,1908908821104,4904,724
1763537592,0000004000000004,1909056217904,4835,725
1763537595,0000004000000002,1909086005950,4820,726
1763537598,0000000400000002,1909119085559,4815,727
1763537601,0000008000000001,1909139634043,4802,728
1763537603,0000008000000008,1909163394974,4778,729
1763537613,0000002000000008,1909263696069,4721,730
1763537629,0000000800000040,1909419495735,4504,731
1763537633,0000008000000004,1909462996068,4493,732
1763537637,0000000800000002,1909500986314,4431,733
1763537639,0000008000000080,1909525204380,4409,734
1763537647,0000004000000008,1909608367095,4358,735
1763537658,0000008000000080,1909713688655,4311,736
1763537662,0000008000000080,1909750482161,4291,737
1763537669,0000004000000008,1909823108972,4257,738
1763537670,0000008000000008,1909832845082,4256,739
1763537678,0000000800000001,1909911861235,4214,740
1763537680,0000002000000000,1909934170515,4184,741
1763537681,0000004000000008,1909942453439,4185,742
1763537684,0000000200000080,1909972349524,4185,743
1763537687,0000008000000002,1910008903684,4167,744
1763537692,0000000100000010,1910050630189,4150,745
1763537692,0000004000000001,1910056850255,4150,746
1763537692,0000000100000004,1910057745612,4150,747
1763537702,0000002000000004,1910151511704,4120,748
1763537703,0000000200000040,1910163934381,4111,749
1763537710,0000004000000010,1910238683617,4093,750
1763537711,0000004000000020,1359417116379,4089,751
1763537714,0000000200000080,1910278907385,4063,752
1763537720,0000008000000001,1910333105848,4062,753
1763537723,0000004000000080,1910361942483,4034,754
1763537727,0000004000000002,1910409079245,4038,755
1763537731,0000000100000008,1910444195893,4015,756
1763537767,0000000800000080,1910806549945,3935,757
1763537789,0000004000000008,1911024328650,3923,758
1763537789,0000002000000008,1911026975124,3920,759
1763537795,0000000100000002,1911088399030,3921,760
1763537800,0000004000000004,1911137772397,3914,761
1763537803,0000004000000008,1911168003000,3917,762
1763537816,0000000800000080,1911290937297,3906,763
1763537818,0000000100000020,1116692677138,3908,764
1763537820,0000008000000008,1911331728363,3909,765
1763537822,0000000400000001,1911353967442,3910,766
1763537834,0000004000000004,1911474411546,3899,767
1763537837,0000002000000080,1911503846752,3901,768
1763537839,0000000100000001,1911526030040,3902,769
1763537841,0000000100000001,1911541767224,3900,770
1763537844,0000004000000004,1911571876876,3896,771
1763537847,0000004000000004,1911602667296,3900,772
1763537848,0000000800000002,1911611984406,3900,773
1763537855,0000004000000004,1911687095789,3897,774
1763537862,0000000400000001,1911754845254,3894,775
1763537862,0000000200000001,1911756060348,3893,776
1763537865,0000000400000080,1911784592740,3895,777
1763537866,0000000400000001,1911794725754,3894,778
1763537869,0000004000000040,1911825476690,3894,779
1763537902,0000002000000080,1912149397881,3879,780
1763537902,0000000100000001,1912158600594,3878,781
1763537928,0000004000000002,1912417282244,3870,782
1763537935,0000000400000080,1912484315971,3870,783
1763537945,0000000100000080,1912584684014,3864,784
1763537947,0000000200000008,1912603378017,3866,785
1763537948,0000008000000004,1912613889532,3867,786
1763537960,0000000100000010,1912737285644,3867,787
1763537971,0000000100000008,1912841977160,3857,788
1763537980,0000000400000080,1912936760945,3853,789
1763537992,0000008000000001,1913058967911,3854,790
1763537993,0000004000000008,1913060884770,3855,791
1763538011,0000008000000001,1913242515186,3849,792
1763538022,0000008000000080,1913352227894,3841,793
1763538033,0000004000000001,1913465619992,3835,794
1763538035,0000004000000004,1913484394735,3838,795
1763538035,0000002000000080,1913487206047,3838,796
1763538038,0000000100000080,1913516399539,3840,797
1763538045,0000008000000001,1913586586144,3835,798
1763538055,0000004000000008,1913688705639,3831,799
1763538059,0000002000000004,1913721373793,3822,800
1763538095,0000008000000002,1914087003566,3806,801
1763538108,0000004000000004,1914216673199,3793,802
1763538111,0000000400000080,1914245289916,3792,803
1763538117,0000000400000002,1914307332531,3787,804
1763538120,0000001000000008,1914329806284,3787,805
1763538142,0000000400000080,1914550052388,3774,806
1763538158,0000008000000001,1914718182771,3756,807
1763538162,0000008000000001,1914757540037,3743,808
1763538167,0000002000000004,1914808467405,3747,809
1763538169,0000002000000004,1914820937418,3735,810
1763538182,0000000800000001,1914955363285,3719,811
1763538187,0000002000000001,1915009027464,3529,812
1763538193,0000004000000002,1915063647595,1362,813
1763538193,0000000400000080,1915066531463,1244,814
1763538221,0000000100000002,1915341354474,594,815
1763538224,0000000100000080,1915370199833,579,816
1763538230,000000c000000080,1915436735467,577,817
1763538240,0000002000000040,1915535887912,554,818
1763538244,0000000100000004,1915571577849,555,819
1763538250,0000008000000001,1915638372866,546,820
1763538267,0000000800000080,1915803028191,530,821
1763538269,0000000400000004,1915822537432,530,822
1763538269,0000000800000080,1915826347700,530,823
1763538274,0000002000000002,1915869390725,526,824
1763538279,0000002000000008,1915921749868,524,825
1763538279,0000000800000001,1915928468039,524,826
1763538280,000000010000000c,1915937470243,524,827
1763538295,0000000400000008,1916080548417,506,828
1763538299,0000004000000001,1916124378365,502,829
1763538302,0000008000000080,1916157890322,498,830
1763538306,0000000400000080,1916195859565,500,831
1763538309,0000000800000080,1916221986389,494,832
1763538313,0000000100000080,1916259291966,491,833
1763538320,0000004000000000,1916338117513,483,834
1763538321,000000c000000080,1916339909208,484,835
1763538323,000000c000000080,1916366966583,484,836
1763538333,0000000100000008,1916468334563,472,837
1763538335,0000000400000040,1916487277077,467,838
1763538359,0000004000000001,1916728916426,446,839
1763538362,0000008000000001,1916751459424,443,840
1763538365,0000000100000080,1916785143029,446,841
1763538371,0000000400000080,1916842731846,435,842
1763538385,0000008000000004,1916984426663,407,843
1763538387,0000000100000008,1917002161029,297,844
1763538391,0000008000000080,1917044896733,208,845
1763538392,0000000400000080,1917051288082,207,846
1763538400,0000004000000001,1917137035273,5098,847
1763538403,0000000200000001,1917163969342,5082,848
1763538408,0000000100000001,1917212945908,5032,849
1763538409,0000004000000080,1917219722189,5031,850
1763538417,0000000800000008,1917307045392,5000,851
1763538422,0000008000000080,1917353331026,4977,852
1763538424,0000000100000020,1366541894739,4973,853
1763538434,0000000100000001,1917473069705,4960,854
1763538434,0000008000000080,1917473087394,4960,855
1763538436,0000000100000008,1917498064363,4957,856
1763538437,0000000200000008,1917504092038,4953,857
1763538443,0000000100000002,1917561739041,4944,858
1763538447,0000008000000080,1917606920306,4933,859
1763538449,0000002000000001,1917623494259,4929,860
1763538450,0000000800000002,1917629543850,4931,861
1763538451,0000000100000008,1917642415650,4934,862
1763538455,0000008000000080,1917686064725,4928,863
1763538458,0000000100000080,1917713918603,4924,864
1763538463,0000004000000008,1917768774783,4922,865
1763538467,0000002000000020,1368049025748,4920,866
1763538475,0000000100000003,1917879341217,4917,867
1763538475,0000000100000002,1917881394582,4917,868
1763538476,0000008000000080,1917891155271,4918,869
1763538477,0000000100000020,1368148542941,4922,870
1763538479,0000008000000080,1917926806680,4920,871
1763538486,0000008000000080,1917995435027,4920,872
1763538494,0000008000000080,1918076536198,4919,873
1763538502,0000000100000004,1918157856332,4916,874
1763538512,0000000100000001,1918254148490,4919,875
1763538513,0000004000000008,1918259865276,4919,876
1763538517,0000000100000002,1918305410760,4915,877
1763538525,0000000200000080,1918380528459,4912,878
1763538525,0000008000000002,1918381062922,4913,879
1763538525,0000008000000080,1918382388518,4912,880
1763538527,0000004000000040,1918405022410,4916,881
1763538536,0000000800000008,1918490513906,4916,882
1763538539,0000000100000008,1918520019192,4918,883
1763538539,0000000400000004,1918526997357,4917,884
1763538540,0000008000000080,1918529950652,4918,885
1763538551,0000008000000080,1918644211970,4914,886
1763538553,0000008000000020,1368904471603,4916,887
1763538556,0000000400000008,1918697884405,4919,888
1763538563,0000008000000004,1918766471623,4917,889
1763538569,0000000100000002,1918821687541,4915,890
1763538571,0000000400000008,1918845699711,4917,891
1763538574,0000004100000080,1918870395847,4918,892
1763538578,0000002000000080,1918917456463,4916,893
1763538585,0000004000000008,1918985129940,4913,894
1763538585,0000000100000001,1918985213919,4914,895
1763538588,0000000100000001,1919017185277,4917,896
1763538589,0000000400000001,1919022251744,4917,897
1763538593,0000004000000004,1919067154689,4914,898
1763538593,0000008000000080,1919068091727,4914,899
1763538601,0000004000000008,1919143134949,4917,900
1763538603,0000002000000008,1919161763220,4914,901
1763538609,0000004000000040,1919222800157,1644,902
1763538611,0000000100000008,1919242176059,4914,903
1763538613,0000000100000002,1919263790783,4917,904
1763538613,0000000100000001,1919265714884,4918,905
1763538614,0000008000000080,1919275469040,4917,906
1763538614,0000000400000008,1919278620814,4918,907
1763538617,0000008000000080,1919307410960,4917,908
1763538618,0000000100000004,1919318591210,4916,909
1763538620,0000004000000002,1919337348490,4915,910
1763538625,0000000100000008,1919383443486,4919,911
1763538626,0000004000000080,1919394854919,4917,912
1763538630,0000000100000004,1919436090865,4917,913
1763538634,0000000100000001,1919470903679,4918,914
1763538634,0000000400000002,1919472055767,4919,915
1763538635,0000000800000001,1919485332413,4918,916
1763538636,0000000400000008,1919489951998,4916,917
1763538639,000000c000000080,1919524969355,4917,918
1763538646,0000000800000004,1919591399098,4915,919
1763538646,0000000100000002,1919596938352,4916,920
1763538646,0000000100000001,1919597976878,4917,921
1763538652,0000000800000080,1919654514822,4917,922
1763538657,0000004000000080,1919699015255,4917,923
1763538665,0000004000000004,1919780470138,4918,924
1763538670,0000000100000001,1919834680063,4916,925
1763538674,0000008000000040,1919873236504,4917,926
1763538678,0000008000000080,1919917556713,4916,927
1763538682,0000000100000002,1919956877310,4918,928
1763538694,0000000100000001,1920076365187,4920,929
1763538697,0000000800000004,1920107610440,4915,930
1763538698,0000008000000080,1920117727219,4918,931
1763538702,0000000200000020,1920157531400,4920,932
1763538707,0000000400000080,1920200820794,4916,933
1763538714,0000000100000002,1920273181768,4916,934
1763538717,0000000100000008,1920303267024,4919,935
1763538719,0000000100000001,1920325415478,4920,936
1763538721,0000001000000004,1920347072435,4918,937
1763538727,0000000800000001,1920401622801,4918,938
1763538728,0000000100000002,1920416766772,4919,939
1763538732,0000000800000002,1920451441027,4915,940
1763538741,0000000200000002,1920548835094,4918,941
1763538742,0000000100000001,1920553983960,4917,942
1763538742,0000008000000008,1920558067435,4918,943
1763538756,0000000800000004,1920698679109,4916,944
1763538774,0000000800000008,1920874460671,1843,945
1763538774,0000000800000001,1920877253985,4915,946
1763538776,0000000100000002,1920894996358,4919,947
1763538783,0000000800000008,1920962987955,4916,948
1763538786,0000000100000001,1920996298067,4920,949
1763538790,0000004000000004,1921030331221,1653,950
1763538791,0000000400000002,1921043720393,4916,951
1763538797,0000000900000008,1921100808918,4922,952
1763538798,0000002000000008,1921113414014,4922,953
1763538799,0000000100000020,1370294554923,4919,954
1763538802,0000004000000080,1921155750494,4920,955
1763538805,0000000400000004,1921181772912,4921,956
1763538808,0000000400000004,1921214107229,4919,957
1763538809,0000000100000002,1921221230597,4918,958
1763538813,0000000500000001,1921261113110,4921,959
1763538814,0000002000000040,1921269443036,4923,960
1763538814,0000000800000002,1921274344581,4923,961
1763538822,0000008000000080,1921355131414,4922,962
1763538830,0000000100000001,1921431276950,4922,963
1763538830,0000000100000003,1921433375337,4922,964
1763538849,0000008000000080,1921625056753,4924,965
1763538855,0000000800000080,1921688280619,4924,966
1763538862,0000008000000004,1921749356670,4919,967
1763538863,0000004000000008,1921768335225,4923,968
1763538865,0000000100000040,1921780865096,4924,969
1763538877,0000004000000002,1921906663842,4921,970
1763538878,0000000100000001,1921918568369,4920,971
1763538884,0000000400000080,1921969105045,4925,972
1763538896,0000008000000004,1922096551780,4921,973
1763538899,0000008800000080,1922127779622,4925,974
1763538906,0000000100000001,1922195451895,4924,975
1763538913,0000000100000005,1922259568021,4923,976
1763538921,0000008000000008,1922345800734,4923,977
1763538922,0000000100000080,1922356492766,4923,978
1763538926,0000008000000080,1922393712942,4926,979
1763538930,0000004000000008,1922434924977,4919,980
1763538934,0000004000000010,1922475888507,4926,981
1763538936,0000004000000008,1922493509871,4926,982
1763538943,0000000800000001,1922564798702,4926,983
1763538946,0000000400000001,1922591882832,4924,984
1763538954,0000000100000002,1922670477264,4928,985
1763538955,0000008000000008,1922684614942,4924,986
1763538968,0000004000000004,1922813719440,4926,987
1763538970,0000000800000008,1922833580533,4928,988
1763538971,0000000500000002,1922842848719,4927,989
1763538971,0000000800000004,1922844399905,4928,990
1763538985,0000000400000002,1922979343106,4928,991
1763538997,0000002000000001,1923107605973,4930,992
1763538998,0000004000000080,1923116919407,4925,993
1763539000,0000000100000080,1923129089647,4922,994
1763539000,0000000100000002,1923137734678,4925,995
1763539002,0000002000000020,1372320895247,4928,996
1763539002,0000008000000004,1923152380297,4928,997
1763539002,0000008000000008,1923157789436,4927,998
1763539005,0000000100000008,1923183471633,4929,999
1763539005,0000008000000080,1923187181192,4929,1000
1763539012,0000008000000080,1923258732392,4929,1001
1763539020,0000000100000001,1923332024975,4929,1002
1763539022,0000008000000080,1923350496178,4929,1003
1763539023,0000000100000001,1923361411602,4929,1004
1763539023,0000004000000008,1923362432448,4929,1005
1763539027,0000000800000001,1923407298532,4929,1006
1763539036,0000000100000001,1923494607773,4929,1007
1763539042,0000008000000080,1923550899026,4925,1008
1763539044,0000000800000008,1923571716180,4927,1009
1763539056,0000000800000001,1923693873928,4930,1010
1763539061,0000000100000003,1923744607417,4927,1011
1763539063,0000000400000001,1923767624421,4930,1012
1763539065,0000000100000080,1923783577915,4930,1013
1763539069,0000008000000080,1923821084163,4924,1014
1763539076,0000008000000002,1923892176023,4923,1015
1763539077,0000000400000002,1923902223139,4925,1016
1763539082,0000000100000008,1923957011796,4931,1017
1763539088,0000000800000001,1924015774340,4929,1018
1763539093,0000000800000008,1924066834340,4924,1019
1763539096,0000004000000080,1924089439223,4927,1020
1763539113,000000c000000080,1924261966656,4929,1021
1763539123,0000008000000004,1924368612399,4932,1022
1763539128,0000000400000004,1924414323286,4926,1023
1763539131,0000000100000004,1924443909156,4930,1024
1763539138,0000008000000080,1924515769142,4926,1025
1763539140,0000000100000010,1924528835388,4930,1026
1763539147,0000000100000002,1924607240478,4928,1027
1763539155,0000002000000000,1924679711976,4921,1028
1763539171,0000000200000001,1924841179833,4927,1029
1763539182,0000000400000004,1924957094742,4929,1030
1763539184,0000000800000002,1924976034373,4931,1031
1763539189,0000008000000080,1925026774423,4920,1032
1763539191,0000004000000001,1925045289419,4929,1033
1763539198,0000000800000004,1925113026031,4917,1034
1763539202,0000000100000001,1925149519608,4928,1035
1763539205,0000000100000001,1925179288750,4928,1036
1763539207,0000004000000080,1925199939477,4904,1037
1763539210,0000000100000005,1925236102492,4896,1038
1763539213,0000000800000002,1925262346068,4894,1039
1763539218,0000000100000001,1925313074895,4871,1040
1763539227,0000000100000001,1925406692724,4837,1041
1763539237,0000002000000040,1925501052290,4802,1042
1763539242,0000000100000020,1374722626965,4777,1043
1763539248,0000008000000080,1925612407360,4756,1044
1763539249,0000000800000004,1925626440373,4750,1045
1763539250,000000c000000080,1925631559050,4743,1046
1763539258,0000004000000080,1925717099990,4690,1047
1763539266,0000000800000001,1925798774187,4593,1048
1763539270,0000008000000008,1925831707876,4438,1049
1763539270,0000008000000008,1925832369429,4437,1050
1763539275,0000000c00000002,1925881405095,4425,1051
1763539278,0000000800000002,1925913910506,4325,1052
1763539288,0000000800000080,1926015378023,4258,1053
1763539294,0000004000000001,1926069999058,4235,1054
1763539294,0000000400000001,1926071121846,4233,1055
1763539298,0000000100000004,1926112745224,4187,1056
1763539307,0000000800000008,1926206812485,4115,1057
1763539312,0000000100000080,1926249440640,4062,1058
1763539316,0000008000000001,1926290386942,4028,1059
1763539319,0000008000000002,1926319884830,4011,1060
1763539325,0000000100000001,1926379657927,3921,1061
1763539329,0000008000000008,1926426262826,3816,1062
1763539344,0000008000000004,1926569672682,3729,1063
1763539348,0000000100000008,1926614405297,3664,1064
1763539348,000000c000000080,1926617527836,3664,1065
1763539354,0000000400000080,1926676992295,3631,1066
1763539357,0000004000000002,1926708618093,3594,1067
1763539361,0000002000000040,1926748674122,3590,1068
1763539363,0000004000000001,1926760284515,3573,1069
1763539368,0000000400000010,1926810754449,3526,1070
1763539372,0000000c00000001,1926850314628,3502,1071
1763539375,0000008000000008,1926885920275,3482,1072
1763539383,0000000400000001,1926960283049,3433,1073
1763539388,0000001000000010,1927009089722,3427,1074
1763539401,0000004000000004,1927142548512,3389,1075
1763539410,0000000400000080,1927230635675,3378,1076
1763539414,0000000100000001,1927274274724,3372,1077
1763539416,0000000400000080,1927293807909,3368,1078
1763539417,0000008000000080,1927304804497,3368,1079
1763539418,0000004000000010,1927310576833,3368,1080
1763539422,0000000400000004,1927358016078,3363,1081
1763539425,0000000800000080,1927381512193,3359,1082
1763539428,0000001000000001,1927417962745,3361,1083
1763539434,0000000100000004,1927471392585,3353,1084
1763539436,000000c000000080,1927491036198,3354,1085
1763539438,0000000100000001,1927515275245,3353,1086
1763539442,0000000400000020,1927550536758,3345,1087
1763539456,0000000800000004,1927693283421,3339,1088
1763539457,0000008000000080,1927701854067,3336,1089
1763539463,0000000100000002,1927766112865,3336,1090
1763539468,0000004000000002,1927811326424,3329,1091
1763539480,0000000100000001,1927930956674,3325,1092
1763539490,0000001000000010,1928032666260,3317,1093
1763539500,0000000100000040,1928129137490,3312,1094
1763539502,0000000800000080,1928154223418,3310,1095
1763539510,0000004000000001,1928237348102,3305,1096
1763539524,0000002000000010,1928368936266,3302,1097
1763539524,0000000100000008,1928371021165,3302,1098
1763539538,0000002000000008,1928512147561,3291,1099
1763539540,0000002000000002,1928536872760,3293,1100
1763539549,0000008000000080,1928624874756,3289,1101
1763539551,0000000100000008,1928640777828,3284,1102
1763539551,0000004000000008,1928641844328,3285,1103
1763539553,0000008000000004,1928665061638,3279,1104
1763539557,0000004000000002,1928703581462,3282,1105
1763539574,0000000c00000080,1928873670602,3272,1106
1763539575,0000000100000001,1928885190438,3272,1107
1763539580,0000004000000000,1928931330864,3263,1108
1763539581,0000000100000002,1928948639904,3264,1109
1763539588,0000000800000080,1929016103559,3256,1110
1763539590,0000000800000080,1929036718174,3257,1111
1763539591,0000002000000008,1929046353448,3258,1112
1763539608,0000000100000002,1929213939607,3242,1113
1763539609,0000002000000001,1929223595687,3243,1114
1763539615,0000004000000002,1929280680446,3231,1115
1763539625,0000000400000080,1929387970696,3221,1116
1763539626,0000000100000001,1929394728762,3223,1117
1763539631,0000000200000004,1929448513721,3207,1118
1763539632,0000008000000004,1929451997391,3208,1119
1763539634,0000000100000002,1929475464782,3209,1120
1763539642,0000008000000080,1929555475937,3196,1121
1763539649,0000000100000002,1929621087574,3178,1122
1763539651,0000000100000001,1929644439288,3179,1123
1763539660,0000008000000080,1929734245382,3162,1124
1763539673,0000001000000040,1929859771587,3130,1125
1763539675,0000000400000080,1929880661874,3125,1126
1763539684,0000000100000004,1929972680295,3098,1127
1763539694,0000000100000001,1930071657319,3070,1128
1763539694,0000000800000080,1930076889465,3071,1129
1763539697,0000000100000004,1930106397862,3072,1130
1763539706,0000000100000001,1930191623341,3033,1131
1763539716,0000000200000001,1930297333530,2682,1132
1763539717,000000c000000080,1930304166339,2367,1133
1763539718,0000000400000002,1930318257057,1582,1134
1763539720,0000000100000020,1379504886156,858,1135
1763539732,0000000800000080,1930452230325,391,1136
1763539734,0000000100000080,1930474794887,351,1137
1763539739,0000000100000002,1930518690297,349,1138
1763539742,0000000100000010,1930555872142,335,1139
1763539744,0000008000000080,1930570908600,331,1140
1763539758,0000000100000080,1930711356071,318,1141
1763539759,0000000400000080,1930721313160,313,1142
1763539761,0000000400000080,1930742962600,311,1143
1763539769,0000000100000004,1930825007726,306,1144
1763539772,0000004000000080,1930856457733,307,1145
1763539777,0000000400000002,1930902471147,302,1146
1763539778,0000002000000080,1930912754032,302,1147
1763539782,0000000100000008,1930957726898,305,1148
1763539792,0000000100000001,1931056841871,302,1149
1763539820,0000000100000001,1931329369936,292,1150
1763539820,0000000100000004,1931337036380,292,1151
1763539821,0000000100000003,1931341657589,293,1152
1763539823,0000008000000004,1931364676832,294,1153
1763539827,0000000800000008,1931407131146,294,1154
1763539836,0000000400000008,1931495286349,292,1155
1763539840,0000000100000004,1931536281368,293,1156
1763539840,0000000400000080,1931538542070,293,1157
1763539855,0000000100000001,1931678883435,288,1158
1763539866,0000000100000001,1931791361872,292,1159
1763539871,0000000100000040,1931839141655,289,1160
1763539873,0000000100000010,1931860048943,289,1161
1763539876,0000000100000040,1931892781128,291,1162
1763539887,0000000100000002,1932005666995,289,1163
1763539895,0000000100000004,1932086924401,291,1164
1763539896,0000000400000001,1932089772934,291,1165
1763539897,0000000400000001,1932101222235,288,1166
1763539898,0000000800000002,1932118101927,288,1167
1763539902,0000008000000080,1932158117333,291,1168
1763539908,0000004000000080,1932210652165,288,1169
1763539910,0000004000000080,1932229457258,289,1170
1763539910,0000002000000004,1932234637929,289,1171
1763539919,0000000100000001,1932323725798,289,1172
1763539927,0000000100000080,1932399748470,289,1173
1763539928,0000000100000001,1932417932254,289,1174
1763539930,0000002000000001,1932431230006,289,1175
1763539930,0000000100000001,1932438042424,287,1176
1763539933,000000c000000080,1932464456050,287,1177
1763539942,0000004000000001,1932555928546,288,1178
1763539948,0000000400000080,1932610345701,287,1179
1763539951,0000008000000080,1932644163396,287,1180
1763539954,0000000400000002,1932675240722,288,1181
1763539956,0000000800000080,1932692187723,288,1182
1763539958,0000000100000080,1932717034079,283,1183
1763539966,0000008d00000002,1932792641154,283,1184
1763539968,0000000100000004,1932813883930,287,1185
1763539973,0000002000000008,1932865041496,288,1186
1763539974,0000002000000004,1932869238264,287,1187
1763539975,0000000100000008,1932883951819,282,1188
1763539975,0000000400000002,1932884641199,282,1189
1763539978,0000004000000008,1932912538503,287,1190
1763539980,0000008000000004,1932937511780,287,1191
1763540002,0000002000000040,1933151366512,281,1192
1763540006,0000008000000080,1933191087558,286,1193
1763540006,0000002000000001,1933197976231,286,1194
1763540009,0000000400000004,1933228209889,280,1195
1763540018,0000000400000004,1933310820304,279,1196
1763540019,0000008000000008,1933318868581,279,1197
1763540022,0000000100000080,1933353956938,284,1198
1763540029,0000000100000008,1933422675458,283,1199
1763540029,0000000100000001,1933423112004,283,1200
1763540045,0000000100000002,1933587221859,283,1201
1763540046,0000002000000080,1933596304355,283,1202
1763540066,0000000100000001,1933789579238,565,1203
1763540068,0000000400000080,1933816468494,567,1204
1763540083,0000008000000004,1933960664119,282,1205
1763540090,0000004000000080,1934032899019,282,1206
1763540094,0000000100000001,1934072607314,282,1207
1763540099,0000000800000008,1934124804678,281,1208
1763540111,0000000400000004,1934240053318,281,1209
1763540121,0000000800000080,1934340189770,277,1210
1763540122,0000000100000001,1934350462038,273,1211
1763540125,0000000100000004,1934381876546,279,1212
1763540132,0000000400000002,1934455164575,278,1213
1763540139,0000000100000001,1934526085563,272,1214
1763540140,0000000100000001,1934533866771,273,1215
1763540142,0000008000000008,1934554629724,277,1216
1763540164,0000002000000001,1934773701150,268,1217
1763540166,0000000400000008,1934798336754,272,1218
1763540168,0000000100000080,1934815129337,272,1219
1763540173,0000008000000080,1934867543857,265,1220
1763540174,0000000100000001,1934878321413,265,1221
1763540177,000000c000000080,1934908486645,270,1222
1763540180,0000008000000080,1934937573931,270,1223
1763540203,0000002000000080,1935158628737,259,1224
1763540203,0000004000000002,1935160396466,259,1225
1763540210,0000000400000080,1935229557156,253,1226
1763540210,0000000100000040,1935232531440,253,1227
1763540211,0000008000000080,1935246268644,254,1228
1763540216,0000000100000040,1935293291912,238,1229
1763540218,0000008000000008,1935318433520,5303,1230
1763540219,0000000100000001,1935320229607,5303,1231
1763540219,0000000100000001,1935324485109,5303,1232
1763540224,0000000800000008,1935375640895,5287,1233
1763540228,0000008000000080,1935408928698,5239,1234
1763540230,0000000100000040,1935434690490,5239,1235
1763540231,0000000800000008,1935444266402,5239,1236
1763540234,000000c000000080,1935476532215,5199,1237
1763540236,0000004000000080,1935490129436,5157,1238
1763540236,0000000100000008,1935496184593,5154,1239
1763540236,0000004000000008,1935497800526,5154,1240
1763540237,0000000400000008,1935508234740,5153,1241
1763540248,0000000100000040,1935609895284,5081,1242
1763540248,0000008000000008,1935612951305,5081,1243
1763540254,0000000100000001,1935675866212,5000,1244
1763540258,0000000400000004,1935717061954,4991,1245
1763540261,0000008000000080,1935743284449,4964,1246
1763540264,0000000100000001,1935768805815,4892,1247
1763540265,0000004000000080,1935786780019,4895,1248
1763540267,0000008000000008,1935801391039,4895,1249
1763540274,0000000100000001,1935878038583,4837,1250
1763540275,0000000100000002,1935883089730,4836,1251
1763540282,0000000100000040,1935955477658,4794,1252
1763540286,0000004800000004,1935991078378,4785,1253
1763540289,0000004000000002,1936027455064,4762,1254
1763540292,0000002000000020,1385218965907,4764,1255
1763540293,0000000800000008,1936061810151,4763,1256
1763540294,0000008000000040,1936077117733,4757,1257
1763540301,0000002000000040,1936138544182,4740,1258
1763540307,0000004000000008,1936200092068,4717,1259
1763540307,0000004000000001,1936202255829,4718,1260
1763540308,0000000200000008,1936215721604,4720,1261
1763540321,0000000800000001,1936341546288,4692,1262
1763540324,0000000100000008,1936373223285,4686,1263
1763540331,0000008000000080,1936439363648,4676,1264
1763540340,0000000400000004,1936531365494,4664,1265
1763540349,0000008000000002,1936622350014,4655,1266
1763540351,0000008000000080,1936645297135,4657,1267
1763540357,0000008000000080,1936707862305,4647,1268
1763540359,0000000400000004,1936728270857,4649,1269
1763540360,0000008000000002,1936737565619,4649,1270
1763540373,0000008000000080,1936868345696,4637,1271
1763540375,0000008000000010,1936879127637,4638,1272
1763540378,0000000400000008,1936915240441,4642,1273
1763540379,0000004000000008,1936922711982,4640,1274
1763540384,0000000100000004,1936971895291,4635,1275
1763540384,0000008000000001,1936974418552,4636,1276
1763540388,0000004000000001,1937012831573,4637,1277
1763540391,0000004000000008,1937046798076,4633,1278
1763540393,0000004000000001,1937059738854,4634,1279
1763540394,0000000100000080,1937070330197,4634,1280
1763540410,0000000800000008,1937234212794,4630,1281
1763540416,0000000100000001,1937293360262,4624,1282
1763540416,0000000300000001,1937295793970,4625,1283
1763540417,0000004000000080,1937302085034,4627,1284
1763540419,0000000400000040,1937321897584,4627,1285
1763540421,0000000100000001,1937343959096,4630,1286
1763540424,0000008000000080,1937376822984,4622,1287
1763540434,0000000800000008,1937471681233,4623,1288
1763540439,0000008000000001,1937522270771,4627,1289
1763540442,0000000200000004,1937557644930,4621,1290
1763540444,0000008000000008,1937577508833,4624,1291
1763540445,0000004000000004,1937582402136,4625,1292
1763540451,0000000800000001,1937643101244,4621,1293
1763540474,0000008000000080,1937868701103,4626,1294
1763540476,0000000100000001,1937894592781,4620,1295
1763540476,0000002000000010,1937896374090,4621,1296
1763540483,0000004000000080,1937960563692,4625,1297
1763540491,0000008000000008,1938046939137,4625,1298
1763540493,0000008000000080,1938067529026,4621,1299
1763540498,0000000400000004,1938108626010,4625,1300
1763540505,0000008000000008,1938187019282,4624,1301
1763540518,0000004000000080,1938314765566,4624,1302
1763540522,0000004000000008,1938351136169,4624,1303
1763540525,0000004000000004,1938386235956,4625,1304
1763540528,0000000100000001,1938408977327,4621,1305
1763540541,0000002000000008,1938546245663,4626,1306
1763540545,0000000800000004,1938580335323,4621,1307
1763540553,0000000800000002,1938659375158,4624,1308
1763540564,0000000100000002,1938773205203,4623,1309
1763540577,0000000800000001,1938899460977,4625,1310
1763540581,0000000800000008,1938943654942,4623,1311
1763540583,0000000100000004,1938959962524,4625,1312
1763540584,0000000800000002,1938969282528,4626,1313
1763540585,0000008000000002,1938986232893,4625,1314
1763540588,0000000400000002,1939017245292,4621,1315
1763540590,0000000400000004,1939028849179,4622,1316
1763540591,0000000900000007,1939043060707,4624,1317
1763540596,0000008000000080,1939097244710,4623,1318
1763540597,0000008000000080,1939101434585,4621,1319
1763540597,0000000400000080,1939107381963,4621,1320
1763540601,0000000400000001,1939140673252,4625,1321
1763540606,0000000400000001,1939194544797,4621,1322
1763540631,0000000100000003,1939446644313,4622,1323
1763540634,0000004000000001,1939474064953,4625,1324
1763540635,0000008000000008,1939487552088,4625,1325
1763540636,0000008000000080,1939494980493,4625,1326
1763540643,0000008000000080,1939567344274,4624,1327
1763540652,0000000800000004,1939656026382,4625,1328
1763540668,0000004000000002,1939816684376,4625,1329
1763540679,0000000100000001,1939919483734,4625,1330
1763540681,0000000100000004,1939943624543,4624,1331
1763540686,0000000100000001,1939998254927,4625,1332
1763540691,0000000200000008,1940042505813,4623,1333
1763540693,0000004000000002,1940066133921,4623,1334
1763540705,0000002000000010,1940182429280,4625,1335
1763540709,0000000400000008,1940225541496,4622,1336
1763540721,0000008000000008,1940346933289,4625,1337
1763540722,0000000400000001,1940352509455,4625,1338
1763540725,0000008000000004,1940386061807,4624,1339
1763540726,0000000100000004,1940391255866,4623,1340
1763540728,000000c000000080,1940412736693,4624,1341
1763540730,0000000800000008,1940433203500,4625,1342
1763540731,0000004000000004,1940442238811,4625,1343
1763540732,0000002000000020,1389625542023,4625,1344
1763540736,0000000100000001,1940496356127,4623,1345
1763540740,0000000200000002,1940529575045,4625,1346
1763540742,0000000100000008,1940550215074,4623,1347
1763540746,0000000100000001,1940594324711,4625,1348
1763540754,0000000100000004,1940674111216,4624,1349
1763540764,0000004000000002,1940771373298,4625,1350
1763540772,0000000100000001,1940849280007,4626,1351
1763540773,0000000100000001,1940859658445,4625,1352
1763540774,0000000400000001,1940872058911,4625,1353
1763540777,0000008000000010,1940902699442,4622,1354
1763540782,0000008000000001,1940953517439,4626,1355
1763540782,0000004000000004,1940954367144,4625,1356
1763540787,0000004000000004,1940999047704,4623,1357
1763540788,0000000400000001,1941014336546,4624,1358
1763540800,0000000100000001,1941135384147,4625,1359
1763540806,0000000100000002,1941194453033,4625,1360
1763540807,0000000400000004,1941198566514,4625,1361
1763540808,0000008000000008,1941212575791,4625,1362
1763540812,0000000800000080,1941252877287,4622,1363
1763540814,0000000100000080,1941273076439,4624,1364
1763540817,0000002000000008,1941306845971,4627,1365
1763540835,0000008000000008,1941486740074,4626,1366
1763540841,0000000400000001,1941541592831,4627,1367
1763540846,0000000400000008,1941589285400,4624,1368
1763540853,0000008000000008,1941666037960,4628,1369
1763540855,0000000800000001,1941680814545,4623,1370
1763540859,0000000400000002,1941725983003,4626,1371
1763540865,0000000800000004,1941779389430,4623,1372
1763540866,0000000100000001,1941791898315,4626,1373
1763540869,000000c000000080,1941819380915,4628,1374
1763540869,0000004000000080,1941821228889,4628,1375
1763540877,0000004000000008,1941903635419,4628,1376
1763540883,0000000800000004,1941960422008,4625,1377
1763540887,0000000100000004,1942006627004,4629,1378
1763540889,0000002000000010,1942020426759,4622,1379
1763540897,0000000800000004,1942099346957,4629,1380
1763540898,0000000800000004,1942111200585,4627,1381
1763540905,0000002000000004,1942181283603,4629,1382
1763540906,0000008000000040,1942190056978,4629,1383
1763540911,0000000100000001,1942240389570,4629,1384
1763540911,0000000100000008,1942245838413,4629,1385
1763540913,0000004000000080,1942266066547,4629,1386
1763540914,0000008000000080,1942268571021,4629,1387
1763540915,0000000100000001,1942279681134,4624,1388
1763540916,0000000800000002,1942289482045,4625,1389
1763540917,0000000500000002,1942305979587,4625,1390
1763540918,0000000800000040,1942314444028,4628,1391
1763540932,0000004000000002,1942448451134,4630,1392
1763540933,0000008000000001,1942458357394,4625,1393
1763540944,0000000800000008,1942571375727,4628,1394
1763540944,0000000800000001,1942574219052,4628,1395
1763540945,0000000400000008,1942585378986,4629,1396
1763540951,0000008000000002,1942646563276,4625,1397
1763540963,0000008000000040,1942763116018,4630,1398
1763540969,0000008000000004,1942820899435,4626,1399
1763540971,0000000100000080,1942839455837,4630,1400
1763540971,0000000800000008,1942842365168,4629,1401
1763540972,000000c000000080,1942853993209,4630,1402
1763540980,0000000800000080,1942937433309,4630,1403
1763540981,0000000100000004,1942941803228,4630,1404
1763540985,0000004000000008,1942987480256,4625,1405
1763540986,0000000400000001,1942989469954,4626,1406
1763540989,0000000600000080,1943023699350,4630,1407
1763540995,0000000100000002,1943079902263,4626,1408
1763540998,0000008000000040,1943111115829,4630,1409
1763540998,0000008000000080,1943111379034,4630,1410
1763540998,0000008000000080,1943115504939,4630,1411
1763540999,0000000800000002,1943125179867,4631,1412
1763541008,0000002000000004,1943212540169,4632,1413
1763541011,0000000400000002,1943244711825,4625,1414
1763541014,0000008000000080,1943276451059,4631,1415
1763541019,0000008000000080,1943324162614,4625,1416
1763541021,0000000800000008,1943345224514,4629,1417
1763541023,0000008000000080,1943366545730,4631,1418
1763541026,0000000100000003,1943391300408,4631,1419
1763541032,0000000200000080,1943456044663,4632,1420
1763541033,0000000100000080,1943463601170,4632,1421
1763541035,0000000100000004,1943482758884,4631,1422
1763541038,0000000100000001,1943518225083,4629,1423
1763541042,0000004000000080,1943558073325,4632,1424
1763541046,0000008000000002,1943591971667,4625,1425
1763541046,0000000800000002,1943597624192,4627,1426
1763541061,0000004000000002,1943743210763,4633,1427
1763541064,0000000800000003,1943773848364,4629,1428
1763541076,0000008000000080,1943891696803,4633,1429
1763541085,0000008000000080,1943979529733,4632,1430
1763541088,0000000800000080,1944011988245,4628,1431
1763541089,0000004000000001,1944020577844,4629,1432
1763541093,0000000200000001,1944065091102,4633,1433
1763541098,0000004000000008,1944110666598,4626,1434
1763541105,0000000200000080,1944183850949,4627,1435
1763541111,0000000400000001,1944240896682,4633,1436
1763541111,0000008000000002,1944246819994,4632,1437
1763541117,0000000400000002,1944300376527,4632,1438
1763541126,0000000400000001,1944392662457,4633,1439
1763541126,0000000100000004,1944394573095,4633,1440
1763541128,000000c000000080,1944410808244,4633,1441
1763541128,0000008000000002,1944417373490,4633,1442
1763541131,0000000800000080,1944448171985,4627,1443
1763541141,0000004000000008,1944542654049,4627,1444
1763541152,0000000100000080,1944648605821,4633,1445
1763541152,0000000400000001,1944656702045,4633,1446
1763541153,0000002000000080,1944664304336,4633,1447
1763541160,0000002000000002,1944733457691,4632,1448
1763541162,0000000800000001,1944750935036,4632,1449
1763541164,0000008000000080,1944773271339,4633,1450
1763541164,0000008000000002,1944776869435,1077,1451
1763541166,0000008000000080,1944796274495,4625,1452
1763541173,0000008000000080,1944865518591,4634,1453
1763541173,0000000800000002,1944867340426,4634,1454
1763541175,0000000800000008,1944886122946,4629,1455
1763541181,0000000400000001,1944944684519,4634,1456
1763541182,0000000c00000001,1944951194027,4634,1457
1763541182,0000004000000008,1944956360661,4636,1458
1763541184,0000000800000008,1944971390254,4628,1459
1763541192,0000000400000002,1945050409619,4629,1460
1763541195,0000004000000080,1945083555143,4634,1461
1763541201,0000000400000002,1945143339457,4625,1462
1763541202,0000000100000001,1945149681056,4628,1463
1763541206,0000008000000080,1945196332138,4636,1464
1763541207,0000000400000002,1945202693408,4636,1465
1763541209,0000000400000004,1945223430339,4629,1466
1763541209,0000008000000004,1945226061224,4631,1467
1763541213,0000000400000004,1945266633276,4635,1468
1763541218,0000008000000080,1945308847967,4629,1469
1763541220,000000010000000a,1945335811942,4634,1470
1763541224,000000800000000e,1945377304278,4636,1471
1763541237,0000004000000001,1945499043562,4632,1472
1763541238,0000000400000002,1945509976317,4635,1473
1763541239,0000004000000080,1945527794494,4636,1474
1763541242,0000000800000008,1945550660143,4636,1475
1763541242,0000000400000004,1945553317763,4637,1476
1763541246,0000004800000080,1945595987859,4636,1477
1763541252,0000000100000001,1945648551177,4641,1478
1763541254,0000000100000004,1945674013344,4634,1479
1763541260,0000000400000008,1945732409384,4636,1480
1763541265,0000000400000002,1945781371266,4638,1481
1763541266,0000008000000080,1945794887368,4639,1482
1763541268,0000008000000080,1945812406273,4638,1483
1763541270,0000008000000008,1945833645520,4631,1484
1763541271,0000000200000001,1945843163444,4631,1485
1763541281,0000004000000008,1945946611994,4639,1486
1763541289,0000004000000008,1946027337018,4638,1487
1763541293,0000000800000004,1946060236603,4641,1488
1763541294,0000008000000004,1946074041995,4640,1489
1763541299,0000008000000080,1946127645795,4640,1490
1763541300,0000000100000002,1946133806191,4641,1491
1763541305,0000008000000080,1946184383111,4636,1492
1763541306,0000000100000001,1946196766466,4639,1493
1763541307,0000000200000004,1946207803600,1091,1494
1763541310,0000008000000080,1946233944575,4641,1495
1763541313,0000000400000002,1946259198876,4632,1496
1763541316,0000000100000001,1946298006593,4641,1497
1763541324,0000002000000001,1946369093695,4640,1498
1763541325,0000002000000080,1946384700193,4642,1499
1763541325,0000002000000080,1946386447507,4643,1500
1763541326,0000008000000080,1946395119886,4642,1501
1763541327,0000002000000001,1946406319694,4644,1502
1763541334,0000002000000008,1946469817032,4642,1503
1763541338,0000000400000004,1946508827838,4643,1504
1763541342,0000008000000020,1116768346516,4644,1505
1763541343,0000000400000004,1946558589676,4644,1506
1763541349,0000000800000008,1946618768612,4640,1507
1763541355,0000000400000008,1946682924656,4643,1508
1763541360,0000000100000002,1946733408299,4645,1509
1763541362,0000000100000002,1946755209723,4647,1510
1763541365,0000000800000001,1946786709009,4635,1511
1763541372,0000000400000080,1946848448642,4645,1512
1763541376,0000004000000008,1946895497706,4646,1513
1763541377,0000002000000001,1946907756186,4646,1514
1763541380,0000008000000008,1946931449324,4647,1515
1763541390,0000000400000004,1947033050061,4645,1516
1763541391,0000002000000008,1947046195633,4612,1517
1763541392,0000008000000080,1947049507534,4605,1518
1763541392,0000000800000002,1947055744376,4583,1519
1763541397,0000000400000002,1947101035843,4567,1520
1763541399,0000001000000008,1947123508534,4557,1521
1763541400,0000008000000001,1947133482072,4557,1522
1763541403,0000000400000002,1947160553684,4541,1523
1763541403,0000004000000008,1947161388770,4542,1524
1763541407,0000000800000001,1947198494767,4538,1525
1763541409,0000000800000002,1947225294897,4521,1526
1763541412,0000008000000080,1947255745106,4511,1527
1763541417,0000000100000008,1947306190089,4491,1528
1763541421,0000008000000002,1947340443461,4465,1529
1763541427,0000004000000002,1947404879740,4432,1530
1763541432,0000000800000080,1947448221422,4421,1531
1763541438,0000000800000001,1947513596181,4366,1532
1763541439,0000008000000000,1947521534425,4366,1533
1763541445,0000000800000008,1947584594085,4277,1534
1763541461,0000004000000008,1947738961664,3882,1535
1763541463,0000001000000080,1947763012022,3495,1536
1763541471,0000000800000004,1947838776777,2788,1537
1763541472,0000008000000008,1947851010934,2335,1538
1763541473,0000000400000001,1947860386212,2064,1539
1763541473,0000000400000001,1947865892899,1946,1540
1763541485,0000000800000001,1947982663784,1039,1541
1763541489,0000008000000080,1948022715439,537,1542
1763541495,0000000100000001,1948088137040,164,1543
1763541496,0000000100000001,1948088422535,163,1544
1763541512,0000000400000004,1948248312606,5144,1545
1763541512,0000002000000002,1948250901774,5144,1546
1763541512,0000000800000080,1948256953276,5135,1547
1763541523,0000000100000001,1948361498285,5075,1548
1763541523,0000008800000001,1948363707397,5076,1549
1763541530,0000008000000080,1948430592359,5067,1550
1763541531,0000000400000001,1948443596315,5053,1551
1763541538,0000000100000001,1948517708712,1892,1552
1763541539,0000002000000080,1948518751772,5041,1553
1763541540,0000008000000010,1948536566566,5029,1554
1763541543,0000000100000010,1948564685019,5034,1555
1763541545,0000004000000080,1948582579131,5033,1556
1763541545,0000008000000008,1948587642832,5031,1557
1763541549,0000000100000008,1948627449731,5013,1558
1763541555,0000000900000002,1948678927658,5014,1559
1763541557,0000000800000080,1948703181156,5001,1560
1763541561,0000000100000008,1948740151699,5006,1561
1763541561,0000000400000002,1948743818627,5006,1562
1763541564,0000000100000001,1948777373969,4997,1563
1763541572,0000004000000008,1948849751204,4992,1564
1763541575,0000002000000008,1948882240447,4982,1565
1763541575,0000004000000004,1948883181616,4982,1566
1763541575,0000000800000002,1948884815892,4982,1567
1763541576,0000004000000080,1948888233259,4983,1568
1763541577,0000000800000002,1948900032090,4986,1569
1763541592,0000000800000001,1949053924757,4971,1570
1763541598,0000000100000001,1949114832991,4968,1571
1763541603,0000004000000010,1949164536780,4971,1572
1763541603,0000002000000004,1949167168041,4971,1573
1763541611,0000000100000001,1949239027486,4963,1574
1763541616,0000000400000001,1949298088224,4961,1575
1763541617,0000000100000003,1949304525083,4959,1576
1763541627,0000004000000002,1949402984283,4958,1577
1763541628,0000000800000008,1949411462623,4960,1578
1763541634,0000002000000080,1949471861641,4956,1579
1763541639,0000000800000080,1949520618429,4960,1580
1763541642,0000000100000001,1949556021868,4954,1581
1763541648,0000000100000001,1949609722401,4960,1582
1763541650,0000000100000001,1949635532574,4953,1583
1763541652,0000004000000080,1949648602805,4954,1584
1763541653,0000000100000008,1949660716417,4955,1585
1763541655,0000000400000080,1949680891899,4958,1586
1763541665,0000008000000080,1949784719841,4960,1587
1763541669,0000004000000004,1949818432671,4954,1588
1763541682,0000004000000080,1949953324237,4960,1589
1763541685,0000000800000080,1949986624898,4953,1590
1763541689,0000002000000008,1950024810104,4958,1591
1763541691,0000000100000001,1950043976092,4959,1592
1763541691,0000000200000001,1950044299114,4959,1593
1763541694,0000004000000004,1950076087723,4953,1594
1763541700,0000004000000002,1950137924481,4958,1595
1763541711,0000000100000001,1950240145955,4954,1596
1763541713,0000004000000002,1950266167494,4957,1597
1763541713,0000000800000004,1950266341096,4957,1598
1763541726,0000008000000004,1950389786383,4959,1599
1763541726,0000008000000080,1950396139530,4958,1600
1763541730,0000000800000004,1950431590513,4956,1601
1763541741,0000000800000004,1950539114098,4958,1602
1763541741,0000000400000001,1950545572620,4958,1603
1763541745,0000008000000080,1950587611719,4954,1604
1763541746,0000000100000001,1950594526535,4953,1605
1763541755,0000000100000004,1950687935875,4954,1606
1763541762,0000000300000001,1950755032344,4956,1607
1763541766,0000008000000080,1950794285884,4958,1608
1763541774,0000000100000001,1950874414944,4958,1609
1763541776,0000000400000001,1950894587988,4958,1610
1763541778,0000008000000008,1950910487679,4958,1611
1763541781,0000000800000004,1950940579156,4954,1612
1763541784,0000000100000004,1950970966271,4958,1613
1763541796,0000000400000001,1951091991078,4958,1614
1763541796,0000004000000080,1951097906875,4957,1615
1763541799,0000000800000080,1951121706997,4955,1616
1763541799,0000000400000008,1951126101338,4957,1617
1763541800,0000000400000002,1951133500138,4958,1618
1763541808,0000008000000080,1951213344839,4957,1619
1763541813,0000008000000080,1951263168896,4957,1620
1763541822,0000000400000008,1951356679638,4957,1621
1763541828,0000000100000001,1951410156892,4958,1622
1763541828,0000008000000002,1951411315626,4958,1623
1763541829,0000000400000008,1951422487939,4959,1624
1763541829,0000000100000001,1951424058443,4960,1625
1763541832,0000000400000004,1951450476038,4954,1626
1763541836,0000008000000080,1951488194452,4958,1627
1763541847,0000000100000002,1951605651871,4958,1628
1763541848,0000000200000004,1951616904345,4955,1629
1763541853,0000001000000004,1951666707028,4958,1630
1763541855,0000004000000080,1951687928345,4958,1631
1763541865,0000000400000008,1951781033223,4957,1632
1763541870,0000000400000080,1951837043443,4958,1633
1763541872,0000000100000004,1951849219057,4959,1634
1763541872,0000000200000008,1951854145985,4959,1635
1763541879,0000000100000008,1951918844019,4958,1636
1763541880,0000004000000008,1951934791250,4959,1637
1763541886,0000000100000003,1951995539936,4957,1638
1763541902,0000008000000008,1952150855322,4955,1639
1763541913,0000000200000004,1952258203095,4960,1640
1763541917,0000008000000080,1952299907477,4958,1641
1763541924,0000008000000080,1952373217469,4960,1642
1763541926,0000000200000002,1952392476704,4958,1643
1763541927,0000008000000004,1952400978925,4957,1644
1763541929,0000008000000002,1952418658767,4958,1645
1763541929,0000000100000001,1952420584704,4958,1646
1763541930,0000000400000002,1952432797756,4959,1647
1763541930,0000000400000080,1952435105215,4959,1648
1763541938,0000008000000008,1952515669828,4959,1649
1763541940,0000000400000080,1952530591855,4959,1650
1763541941,0000000100000003,1952544111552,4960,1651
1763541942,0000000400000004,1952548875550,1729,1652
1763541945,0000008000000080,1952586308730,4957,1653
1763541953,0000002000000080,1952662006449,4955,1654
1763541958,0000008000000008,1952709373236,4961,1655
1763541964,0000008000000004,1952772119381,4960,1656
1763541964,0000004000000020,1403016616881,4960,1657
1763541972,0000008000000080,1952849893548,4960,1658
1763541972,0000000800000004,1952856267503,4959,1659
1763541978,0000008000000080,1952913095060,4960,1660
1763541979,0000000400000001,1952921004090,4956,1661
1763541987,0000000100000004,1953000636585,4958,1662
1763541996,0000008000000080,1953091414280,4959,1663
1763541996,0000000100000004,1953095902457,4957,1664
1763541997,0000004000000001,1953101677964,4958,1665
1763541997,0000000800000001,1953106155790,4959,1666
1763542001,0000008000000004,1953142032722,4962,1667
1763542005,0000008000000080,1953181037673,4959,1668
1763542020,0000000800000002,1953330254049,4962,1669
1763542025,0000000100000002,1953387785088,4963,1670
1763542036,000000c000000080,1953490384778,4963,1671
1763542038,0000002000000004,1953512076926,4961,1672
1763542043,0000000200000001,1953560227548,4963,1673
1763542049,0000008000000080,1953624444762,4961,1674
1763542060,0000002000000001,1953737875246,4963,1675
1763542064,000000c000000080,1953773335349,4961,1676
1763542066,0000000400000080,1953788429928,4960,1677
1763542067,0000000100000001,1953805877677,4963,1678
1763542069,0000004000000008,1953825677472,4964,1679
1763542070,0000002000000080,1953829853799,4964,1680
1763542074,0000008000000080,1953872479268,4960,1681
1763542074,0000002000000010,1953874322269,4961,1682
1763542076,0000000100000010,1953891436372,4963,1683
1763542079,0000000100000001,1953925600224,4966,1684
1763542081,0000008000000080,1953942338297,4962,1685
1763542086,0000000100000001,1953996481189,4965,1686
1763542087,0000008000000080,1954000769304,4964,1687
1763542092,0000008000000080,1954056587136,4964,1688
1763542095,0000000100000004,1954078767491,4966,1689
1763542096,0000000500000001,1954092767157,4966,1690
1763542106,0000000400000002,1954189699734,4967,1691
1763542114,0000000800000002,1954275817681,4967,1692
1763542123,0000000100000001,1954360475712,4967,1693
1763542127,0000000800000002,1954405998245,4964,1694
1763542135,0000004000000004,1954486832161,4965,1695
1763542136,0000008000000080,1954496350075,4965,1696
1763542136,0000001000000004,1954497957295,4966,1697
1763542142,0000000100000001,1954554214418,4960,1698
1763542145,0000002000000004,1954578739157,4964,1699
1763542150,0000008000000080,1954633118203,4962,1700
1763542153,0000004000000004,1954658694506,4965,1701
1763542157,0000000400000004,1954707568708,4967,1702
1763542162,0000000100000010,1954748279224,4966,1703
1763542165,0000008000000080,1954780205018,4968,1704
1763542171,0000000800000010,1954840261519,4967,1705
1763542173,0000001000000004,1954862805734,4968,1706
1763542178,0000008000000080,1954909231954,4965,1707
1763542180,0000002000000004,1954934558451,4968,1708
1763542182,0000000100000001,1954956522985,4968,1709
1763542183,0000000100000004,1954964343567,4968,1710
1763542193,0000008000000080,1955066349022,4963,1711
1763542196,0000008000000004,1955096127434,4967,1712
1763542198,0000000800000002,1955109186846,4968,1713
1763542198,0000000400000001,1955115375992,4968,1714
1763542199,0000004000000080,1955120271817,4968,1715
1763542206,0000008000000080,1955194732028,4969,1716
1763542210,0000002000000010,1955231668102,4971,1717
1763542210,0000000100000010,1955232547223,4970,1718
1763542212,0000008000000080,1955249254654,4966,1719
1763542225,0000008000000040,1955379619582,4970,1720
1763542236,0000008000000080,1955489184519,4971,1721
1763542241,0000000100000003,1955545632920,4971,1722
1763542251,0000000100000080,1955645649515,4972,1723
1763542252,0000000100000001,1955653348017,4972,1724
1763542254,0000000100000010,1955672704336,4966,1725
1763542255,0000000400000008,1955685977117,4964,1726
1763542264,0000000800000008,1955774798168,4967,1727
1763542265,0000000800000080,1955787299177,4971,1728
1763542278,0000008000000004,1955913343799,4972,1729
1763542289,0000000800000001,1956021321483,4968,1730
1763542304,0000000100000006,1956171075892,4973,1731
1763542323,0000000400000001,1956365246702,4968,1732
1763542325,0000000800000004,1956380733229,4969,1733
1763542330,0000000100000001,1956437039215,4974,1734
1763542332,0000000100000020,1406701016351,4965,1735
1763542333,0000000400000002,1956463232241,4967,1736
1763542339,0000000100000003,1956519365036,4975,1737
1763542342,0000008000000080,1956556340105,4970,1738
1763542348,0000004000000004,1956614322661,4976,1739
1763542350,0000000100000020,1406872946624,4968,1740
1763542356,0000000800000008,1956695975271,4975,1741
1763542356,0000004000000002,1956697153786,4975,1742
1763542357,0000000800000001,1956705041498,4974,1743
1763542359,0000000100000040,1956718248694,4969,1744
1763542359,0000000400000008,1956726443886,4970,1745
1763542370,0000000800000080,1956832514785,4976,1746
1763542373,0000000100000004,1956859208164,4976,1747
1763542374,0000000100000001,1956874152866,4976,1748
1763542380,0000004000000002,1956931110048,4976,1749
1763542385,0000000800000001,1956979315546,4972,1750
1763542387,0000002000000001,1956999021559,4976,1751
1763542403,0000000600000001,1957158590017,4972,1752
1763542403,0000008000000080,1957162445326,4973,1753
1763542403,0000000100000008,1957162741711,4974,1754
1763542413,0000000100000008,1957267409621,4977,1755
1763542415,0000000400000002,1957282958581,4977,1756
1763542419,0000000400000001,1957324467606,4971,1757
1763542427,0000008000000080,1957403581811,4972,1758
1763542433,0000000100000020,1957459579607,4978,1759
1763542435,0000008000000004,1957479957525,4979,1760
1763542437,0000000100000001,1957506491549,4973,1761
1763542438,0000000100000001,1957510284015,4976,1762
1763542438,0000000100000002,1957511187255,4976,1763
1763542438,0000000800000002,1957514673800,4977,1764
1763542442,0000000100000002,1957550906326,4978,1765
1763542445,0000000200000080,1957583097135,4970,1766
1763542450,0000000100000001,1957635209382,4978,1767
1763542450,0000000400000002,1957637490809,4980,1768
1763542452,0000004000000008,1957654714581,4981,1769
1763542453,0000000800000008,1957660810693,4969,1770
1763542453,0000000800000002,1957662020802,4971,1771
1763542454,0000008000000080,1957675180227,4970,1772
1763542458,0000000100000001,1957709613943,4978,1773
1763542458,0000000400000004,1957711834410,4978,1774
1763542465,0000000100000002,1957778598192,4977,1775
1763542466,0000004000000008,1957788268732,4977,1776
1763542466,0000008000000080,1957789102647,4977,1777
1763542466,0000004000000080,1957797182617,4977,1778
1763542470,0000000800000080,1957837691679,4971,1779
1763542473,0000000100000003,1957867756871,4977,1780
1763542475,0000004000000000,1957878657903,4977,1781
1763542480,0000008000000080,1957936115687,4971,1782
1763542484,0000000100000080,1957974099345,4977,1783
1763542484,0000002000000020,1407145444890,4977,1784
1763542488,0000002000000004,1958017074549,4968,1785
1763542491,0000001000000040,1958047409192,4975,1786
1763542494,0000004000000004,1958073456615,4977,1787
1763542505,0000000100000080,1958180135564,4963,1788
1763542518,0000000800000008,1958313082212,4934,1789
1763542522,0000000100000002,1958349366754,4927,1790
1763542526,0000000400000001,1958393940659,4916,1791
1763542527,0000000100000001,1958401724550,4915,1792
1763542533,0000000800000080,1958459135985,4890,1793
1763542544,0000008000000008,1958568879536,4845,1794
1763542544,0000000200000080,1958572539704,4844,1795
1763542551,0000004000000008,1958642713525,4802,1796
1763542556,0000000400000001,1958691795119,4792,1797
1763542561,0000000800000001,1958743752550,4729,1798
1763542562,0000000100000001,1958750275887,4729,1799
1763542562,0000000100000001,1958757335018,4729,1800
1763542563,0000000100000004,1958760322572,4731,1801
1763542566,0000000800000002,1958790323249,4710,1802
1763542573,0000000800000002,1958865435806,4595,1803
1763542574,0000004000000008,1958868039849,4592,1804
1763542577,0000000100000001,1958907874551,4506,1805
1763542596,0000004000000010,1959088260339,4435,1806
1763542612,0000000400000002,1959256813292,4371,1807
1763542613,0000008000000008,1959259280895,4372,1808
1763542613,0000004000000002,1959261059466,4371,1809
1763542619,0000002000000040,1959321896731,4356,1810
1763542623,0000002000000004,1959366287179,4343,1811
1763542625,0000000800000008,1959382863192,4342,1812
1763542627,0000000800000004,1959404991401,239,1813
1763542631,0000008000000080,1959444512990,4319,1814
1763542636,0000000400000008,1959497616984,4300,1815
1763542639,0000000400000020,1409762756415,4296,1816
1763542640,0000000400000002,1959535245794,4297,1817
1763542640,0000004000000010,1959536327340,4297,1818
1763542652,0000000200000008,1959655150051,4271,1819
1763542655,0000000100000001,1959684391100,4267,1820
1763542656,0000000100000002,1959693305629,4267,1821
1763542656,0000000100000080,1959694465913,4267,1822
1763542658,0000000800000002,1959708479638,4268,1823
1763542658,0000000100000001,1959716295974,4267,1824
1763542662,0000008000000006,1959749960744,4263,1825
1763542666,0000002000000040,1959792390993,4256,1826
1763542676,0000008000000008,1959887930677,4244,1827
1763542677,0000000100000080,1959899052368,4244,1828
1763542677,0000000400000001,1959901709375,4243,1829
1763542679,0000000400000008,1959919758161,4239,1830
1763542682,0000000100000010,1959949489441,4231,1831
1763542685,0000001000000080,1959979176720,4233,1832
1763542690,0000004000000002,1960036064136,4220,1833
1763542692,0000004000000001,1960054949226,4221,1834
1763542693,0000008000000008,1960060511345,4221,1835
1763542694,0000008000000008,1960077433302,4215,1836
1763542706,0000008000000080,1960194590995,201,1837
1763542708,0000004000000008,1960214418931,4197,1838
1763542714,0000000400000001,1960274078914,4184,1839
1763542715,0000004000000002,1960281447765,4187,1840
1763542715,0000008000000080,1960281951112,4187,1841
1763542718,0000002000000001,1960311420511,4189,1842
1763542727,0000000400000001,1960402003221,4179,1843
1763542728,0000004000000002,1960416075564,4179,1844
1763542731,0000000100000001,1960445836372,4168,1845
1763542736,0000004000000008,1960492841177,4172,1846
1763542750,0000000100000001,1960629826133,4158,1847
1763542750,0000008000000080,1960636208249,4158,1848
1763542751,0000004000000001,1960647054928,4159,1849
1763542753,0000004000000001,1960659977513,4161,1850
1763542764,0000008000000002,1960769688146,4149,1851
1763542764,0000000400000004,1960777336253,4147,1852
1763542765,0000004000000002,1960786033110,4147,1853
1763542784,0000008000000001,1960969576260,4143,1854
1763542804,0000000200000010,1961170599076,4140,1855
1763542812,0000000100000001,1961257582222,4138,1856
1763542824,0000000100000010,1961368526737,4133,1857
1763542827,0000008000000004,1961400944942,4130,1858
1763542832,0000004000000001,1961457525138,4128,1859
1763542833,0000008000000080,1961461863118,4126,1860
1763542838,0000000800000002,1961515275478,4132,1861
1763542839,0000002000000040,1961520833397,4131,1862
1763542841,0000000400000002,1961546715450,4124,1863
1763542845,0000002000000001,1961585173807,4127,1864
1763542846,0000008000000004,1961597015888,4128,1865
1763542848,0000000800000080,1961613320873,4129,1866
1763542853,0000004000000080,1961661740997,4124,1867
1763542855,0000000100000001,1961678298484,4125,1868
1763542874,0000004000000002,1961871562887,4123,1869
1763542882,0000000200000080,1961957377169,4121,1870
1763542894,0000004000000004,1962076281633,4111,1871
1763542903,0000008000000001,1962163595362,4110,1872
1763542904,0000000100000008,1962168946465,4110,1873
1763542914,0000008000000080,1962271175535,4113,1874
1763542916,0000000100000020,1411468233973,4114,1875
1763542921,0000000400000001,1962342951215,4108,1876
1763542928,0000000400000001,1962410603131,4105,1877
1763542938,0000008000000008,1962512088107,4104,1878
1763542966,0000000900000001,1962793525395,4104,1879
1763542998,0000000100000080,1963115773398,4092,1880
1763542999,0000008000000080,1963126850978,4095,1881
1763543000,0000004000000004,1963129703444,4096,1882
1763543000,0000000200000002,1963132832326,4096,1883
1763543002,0000004000000001,1963156841064,4097,1884
1763543018,0000001000000004,1963308369281,4092,1885
1763543022,0000008000000080,1963349760826,4087,1886
1763543027,0000008000000002,1963407757705,4091,1887
1763543033,0000000400000008,1963466420055,4087,1888
1763543037,0000000200000040,1963503428638,4090,1889
1763543043,0000000100000008,1963560538815,4086,1890
1763543043,0000004000000002,1963563413268,4087,1891
1763543045,0000004000000004,1963585727167,4087,1892
1763543050,0000008000000001,1963631713439,4080,1893
1763543053,0000004000000004,1963661492044,4084,1894
1763543064,0000008100000008,1963772942065,4085,1895
1763543081,0000000100000080,1963938941619,4081,1896
1763543097,0000000100000001,1964102307196,4075,1897
1763543107,0000001000000010,1964205447223,4073,1898
1763543108,0000000100000040,1964208379191,4074,1899
1763543109,0000000100000001,1964223002298,4064,1900
1763543110,0000000200000008,1964235516109,4064,1901
1763543129,0000008000000001,1964425989636,4064,1902
1763543134,0000000400000001,1964477367285,4059,1903
1763543137,0000008000000004,1964503865852,4061,1904
1763543139,0000000400000080,1964522815732,4062,1905
1763543142,0000000800000001,1964552155221,4063,1906
1763543146,0000000100000080,1964597627473,4059,1907
1763543149,0000004000000004,1964626693537,4061,1908
1763543150,0000004000000008,1964629092711,4061,1909
1763543156,0000008000000040,1964696405525,4056,1910
1763543161,0000000100000001,1964739811738,4045,1911
1763543174,0000000100000040,1964870321850,4048,1912
1763543174,0000002000000008,1964874357471,8096,1913
1763543195,0000000400000004,1965086194317,4029,1914
1763543197,0000004000000002,1965101499111,4029,1915
1763543197,0000004000000002,1965107119324,4033,1916
1763543200,0000000800000002,1965130148155,4033,1917
1763543215,0000000200000001,1965281781213,4023,1918
1763543222,0000008000000008,1965351675814,4011,1919
1763543223,0000008000000004,1965360747826,4011,1920
1763543224,0000000400000004,1965371779864,4016,1921
1763543236,0000008000000008,1965495055487,4011,1922
1763543256,0000000400000001,1965692451103,3980,1923
1763543276,0000008000000004,1965888382010,3957,1924
1763543278,0000004000000001,1965908448223,3960,1925
1763543278,0000000100000004,1965913986077,3961,1926
1763543308,0000000400000080,1966208912913,577,1927
1763543308,0000000800000080,1966210501914,577,1928
1763543316,0000000100000003,1966290736804,554,1929
1763543317,0000008000000004,1966303768057,548,1930
1763543330,0000004000000008,1966433955956,530,1931
1763543331,0000002000000040,1966440126891,530,1932
1763543345,0000000100000008,1966583052758,510,1933
1763543351,0000004000000080,1966643008135,505,1934
1763543368,0000002000000020,1415979769005,488,1935
1763543382,0000008000000080,1966956266589,476,1936
1763543385,0000000400000008,1966986884045,470,1937
1763543387,0000008000000004,1967001032071,469,1938
1763543388,0000000100000008,1967010676123,467,1939
1763543401,0000000500000001,1967145307911,459,1940
1763543414,0000000800000002,1967269868172,446,1941
1763543418,0000000100000001,1967316366734,446,1942
1763543418,0000000100000080,1967317449460,446,1943
1763543421,0000000400000004,1967343991144,440,1944
1763543426,0000000100000004,1967388600523,439,1945
1763543427,0000000800000001,1967407081275,440,1946
1763543439,0000000100000002,1967527108682,422,1947
1763543441,0000000800000080,1967543107257,423,1948
1763543448,0000008000000008,1967612576676,412,1949
1763543449,0000002000000002,1967617802979,413,1950
1763543458,0000008000000004,1967712652410,407,1951
1763543460,0000000800000006,1967737296957,408,1952
1763543465,0000000100000001,1967778623082,399,1953
1763543474,0000000400000081,1967877198420,388,1954
1763543477,0000000100000002,1967902774362,389,1955
1763543478,0000008000000002,1967913469150,391,1956
1763543491,0000000200000040,1968046616982,227,1957
1763543496,0000004000000008,1968089194119,213,1958
1763543506,0000000100000003,1968196095442,5238,1959
1763543507,0000002000000040,1968202526079,5216,1960
1763543515,0000002000000008,1968282151134,5174,1961
1763543517,0000000100000001,1968299557028,5148,1962
1763543520,0000000100000003,1968330594411,5126,1963
1763543529,0000000400000080,1968427605219,5079,1964
1763543533,0000000400000001,1968466429465,5059,1965
1763543536,0000008000000080,1968496011124,5032,1966
1763543541,0000000800000001,1968539189237,5031,1967
1763543543,0000000800000080,1968563656459,5006,1968
1763543562,0000000400000001,1968748036326,4955,1969
1763543566,0000000200000040,1968790407950,4958,1970
1763543574,0000000100000001,1968872578874,4942,1971
1763543580,0000008000000080,1968933240639,4926,1972
1763543581,0000000100000001,1968938517135,4929,1973
1763543589,0000000100000001,1969027396553,4919,1974
1763543595,0000000100000001,1969087487857,4907,1975
1763543596,0000000400000080,1969088809369,4908,1976
1763543597,0000000200000001,1969102738883,4909,1977
1763543599,0000000800000008,1969125549602,4911,1978
1763543601,0000008000000002,1969145221871,4907,1979
1763543602,0000000100000001,1969156201408,4906,1980
1763543611,0000004000000001,1969240036002,4900,1981
1763543614,0000008000000080,1969274709867,4897,1982
1763543615,0000008000000080,1969287098443,4901,1983
1763543619,0000008000000080,1969325596391,4894,1984
1763543623,0000000100000002,1969366437814,4895,1985
1763543624,0000000400000004,1969374896764,4897,1986
1763543625,0000000100000002,1969384448946,4897,1987
1763543639,0000000100000001,1969526213685,4891,1988
1763543641,0000000800000001,1969543420010,4892,1989
1763543652,0000002000000010,1969649092025,4892,1990
1763543652,0000004000000008,1969656531336,4892,1991
1763543656,0000008000000008,1969695093274,4888,1992
1763543658,0000008000000080,1969713460617,4890,1993
1763543659,0000008000000080,1969724150920,4892,1994
1763543663,0000000800000008,1969765071521,4885,1995
1763543666,0000000400000002,1969788339940,4888,1996
1763543672,0000000400000002,1969853573442,4885,1997
1763543673,0000000100000001,1969860639918,4887,1998
1763543674,0000000800000040,1969869152150,4888,1999
1763543683,0000000100000001,1969958472912,4888,2000
1763543690,0000001000000008,1970037166532,4888,2001
1763543691,0000008000000080,1970045193828,4890,2002
1763543694,0000000200000001,1970071288066,4891,2003
1763543700,0000000100000003,1970130789723,4888,2004
1763543704,0000008000000080,1970167779771,4891,2005
1763543715,0000004000000080,1970285588005,4886,2006
1763543716,0000000100000008,1970293229853,4887,2007
1763543719,0000008000000010,1970324160280,4891,2008
1763543722,0000000200000002,1970352334502,4890,2009
1763543729,0000008000000080,1970420354431,4891,2010
1763543730,0000000800000002,1970433480555,4891,2011
1763543731,0000000100000008,1970443755010,4889,2012
1763543738,0000000800000004,1970510164971,4891,2013
1763543741,0000000400000004,1970544680091,4886,2014
1763543749,0000000800000008,1970621698959,4886,2015
1763543750,0000000400000008,1970636437043,4887,2016
1763543752,0000008000000080,1970650829600,4890,2017
1763543763,0000000100000004,1970758525701,4891,2018
1763543763,0000000400000002,1970762831547,4891,2019
1763543765,0000002000000040,1970786881422,4888,2020
1763543769,0000000100000080,1970826436912,4890,2021
1763543771,0000000100000008,1970821843968,4889,2022
1763543777,0000000100000001,1970899328738,4889,2023
1763543781,0000000100000001,1970944721209,4891,2024
1763543788,0000008000000080,1971015457544,4891,2025
1763543791,0000008000000080,1971040749733,4890,2026
1763543792,0000008000000080,1971056850533,4886,2027
1763543806,0000000800000080,1971188836752,4891,2028
1763543806,0000002000000001,1971195887999,4891,2029
1763543810,0000000400000008,1971229975281,4886,2030
1763543828,0000000400000002,1971413102772,4888,2031
1763543828,0000000800000002,1971414666889,4888,2032
1763543835,0000000400000004,1971481362374,4888,2033
1763543837,0000000100000080,1971502648077,4889,2034
1763543838,0000004000000080,1971508302170,4890,2035
1763543847,0000000100000001,1971606465293,4891,2036
1763543849,0000004000000080,1971617839453,4891,2037
1763543859,0000004000000004,1971725899582,4888,2038
1763543863,0000000800000004,1971758316639,4888,2039
1763543869,0000000100000001,1971818403850,4888,2040
1763543869,0000008000000004,1971820466893,4887,2041
1763543871,0000000400000080,1971838296568,4887,2042
1763543877,0000000800000002,1971902066267,4892,2043
1763543877,0000008000000080,1971906726500,4887,2044
1763543883,0000008000000080,1971966656754,4892,2045
1763543893,0000000400000004,1972065954353,4894,2046
1763543898,0000000800000008,1972112713756,4891,2047
1763543905,0000004000000008,1972179858786,4887,0
1763543908,0000004000000008,1972211113046,4892,1
1763543915,0000004800000003,1972278078347,4891,2
1763543915,0000000800000008,1972285350046,4892,3
1763543917,0000004000000008,1972301319822,4892,4
1763543924,0000004000000001,1972376002954,4892,5
1763543929,0000000100000002,1972424799788,4890,6
1763543931,0000000400000002,1972442820794,4890,7
1763543939,0000000800000008,1972518140611,4890,8
1763543942,0000000100000002,1972548420614,4894,9
1763543945,0000004000000004,1972579401442,4894,10
1763543946,0000000100000008,1972594713541,4892,11
1763543952,0000008000000080,1972647641897,4895,12
1763543952,0000008000000080,1972657232361,4895,13
1763543955,0000008000000080,1972679808515,4892,14
1763543958,0000000800000080,1972711053032,4893,15
1763543958,0000000300000001,1972714821931,4894,16
1763543959,0000000100000002,1972721967925,4896,17
1763543961,0000008000000004,1972745452550,4896,18
1763543962,0000004000000002,1972756188564,4896,19
1763543972,0000004000000008,1972851363806,4891,20
1763543972,0000000400000004,1972855490880,4893,21
1763543974,0000000800000008,1972876593444,4892,22
1763543980,0000008000000080,1972928846814,4898,23
1763543980,0000000800000080,1972936260373,4894,24
1763543983,0000000100000001,1972962076049,4892,25
1763543984,0000000100000008,1972975724588,4895,26
1763543987,0000000400000004,1973004423240,4897,27
1763543988,0000000200000004,1973014233483,4897,28
1763543990,0000000800000002,1973033370447,4891,29
1763543999,0000008100000001,1973121729906,4893,30
1763544002,0000000100000040,1973154698040,4896,31
1763544009,0000000100000008,1973226421348,4895,32
1763544012,0000000400000002,1973254128591,4898,33
1763544017,0000000400000002,1973299099881,4891,34
1763544019,0000000100000002,1973319184087,4896,35
1763544021,0000000400000004,1973342313212,4897,36
1763544036,0000008000000004,1973493451052,4896,37
1763544039,0000000100000008,1973517668276,4898,38
1763544039,000000c000000080,1973523862144,4898,39
1763544048,0000008000000004,1973611316115,4898,40
1763544049,0000000800000002,1973627166158,4898,41
1763544051,0000002000000004,1973647280083,4893,42
1763544053,0000000100000001,1973661762580,4896,43
1763544054,0000008000000004,1973668957790,4898,44
1763544055,0000008000000004,1973679225569,4899,45
1763544058,0000000400000004,1973707879060,4900,46
1763544059,0000004000000008,1973720159795,4895,47
1763544062,0000000100000001,1973755955935,4899,48
1763544064,0000000800000001,1973772150359,4899,49
1763544066,0000000400000001,1973789161276,4900,50
1763544067,0000000100000001,1973797916479,4900,51
1763544076,0000000800000002,1973896072809,4895,52
1763544083,0000002000000004,1973962938070,1609,53
1763544088,0000000100000001,1974012646380,4898,54
1763544091,0000000800000080,1974044375811,4900,55
1763544104,0000000400000008,1974171897989,4896,56
1763544107,0000008000000008,1974203978046,4900,57
1763544114,0000008000000004,1974270392094,4900,58
1763544116,0000000200000008,1974295487600,4901,59
1763544116,0000004000000080,1974296398852,4901,60
1763544129,0000008000000080,1974423566597,4895,61
1763544132,0000000400000008,1974452082170,4901,62
1763544134,0000000100000001,1974468209548,4902,63
1763544139,0000001000000080,1974523562604,4900,64
1763544142,0000000100000001,1974556529837,4902,65
1763544143,0000002000000040,1974565417213,4902,66
1763544145,0000000800000080,1974580571629,4898,67
1763544149,0000000100000001,1974618398648,4902,68
1763544149,0000000200000002,1974622077642,4901,69
1763544151,0000004000000008,1974637554994,4901,70
1763544157,0000000100000002,1974704863097,4902,71
1763544159,0000000800000002,1974720317823,4903,72
1763544160,0000000100000001,1974735307078,4903,73
1763544162,0000008000000080,1974748464472,1616,74
1763544164,0000000800000004,1974770301290,4896,75
1763544165,0000000100000001,1974783079702,4900,76
1763544169,0000000800000008,1974821574496,4904,77
1763544170,0000000100000001,1974835138236,4904,78
1763544172,0000008000000080,1974856843126,4896,79
1763544186,0000000300000001,1974988018450,4904,80
1763544186,0000000400000001,1974992440653,4904,81
1763544194,0000002000000008,1975068854002,4904,82
1763544195,0000000100000001,1975079502525,4904,83
1763544201,0000000100000001,1975140357374,4904,84
1763544201,0000008000000004,1975142728202,4904,85
1763544203,0000000200000008,1975158425130,4903,86
1763544206,0000000200000008,1975190821345,4899,87
1763544208,0000008000000080,1975209929122,4900,88
1763544209,0000004000000080,1975224139995,4904,89
1763544214,0000000800000001,1975276312247,4897,90
1763544219,0000000800000001,1975327227497,4904,91
1763544222,000000c000000080,1975355769283,4906,92
1763544228,0000000800000001,1975413433183,4905,93
1763544229,0000004000000080,1975424956724,4905,94
1763544232,0000000c00000080,1975449921920,4899,95
1763544233,0000000400000004,1975466771743,4900,96
1763544234,0000004000000001,1975469888268,4901,97
1763544238,0000008000000080,1975511983169,4905,98
1763544248,0000002000000010,1975611314177,4904,99
1763544257,0000000400000001,1975699160985,4903,100
1763544262,0000000100000001,1975755228112,4904,101
1763544265,0000004400000080,1975784970001,4902,102
1763544266,0000000100000010,1975792144783,4899,103
1763544274,0000000100000004,1975874952536,4908,104
1763544283,0000000100000008,1975967408498,4895,105
1763544286,0000008000000080,1975991814654,4901,106
1763544288,0000008000000004,1976010885788,4904,107
1763544291,0000000800000002,1976042084211,4905,108
1763544297,0000000800000002,1976101481625,4904,109
1763544300,0000000100000002,1976136029922,4906,110
1763544301,0000000100000002,1976143852821,4895,111
1763544306,0000000100000001,1976192860144,4903,112
1763544310,0000000400000002,1976236658585,4890,113
1763544327,0000000400000002,1976402100803,4859,114
1763544328,0000000100000010,1976410632892,4862,115
1763544332,0000004000000008,1976452389781,1512,116
1763544335,0000000800000001,1976486986250,4843,117
1763544338,0000000400000004,1976509498875,4823,118
1763544338,0000000100000001,1976516110593,4822,119
1763544343,0000008200000080,1976560159152,4817,120
1763544348,0000000800000008,1976612570001,4781,121
1763544351,0000000800000001,1976641402903,4781,122
1763544352,0000002000000080,1976649226911,4776,123
1763544360,0000008000000008,1976733024692,4739,124
1763544365,0000000800000001,1976778731589,4642,125
1763544368,0000008000000080,1976814803378,4634,126
1763544371,0000000800000010,1976842460155,4609,127
1763544386,0000004000000002,1976994342619,4348,128
1763544398,0000000400000004,1977114224637,4239,129
1763544410,0000008000000080,1977231206741,4153,130
1763544421,0000004000000001,1977346070325,4077,131
1763544425,0000000200000001,1977382099184,3991,132
1763544426,0000008000000080,1977388986704,3994,133
1763544436,0000002000000004,1977494297203,3892,134
1763544438,0000000400000080,1977514469914,3892,135
1763544442,0000000800000080,1977547557002,3802,136
1763544447,0000004000000002,1977603942211,3782,137
1763544464,0000000100000010,1977772440212,3590,138
1763544466,0000008000000004,1977791887137,3577,139
1763544466,0000002000000004,1977797230391,3563,140
1763544468,0000000100000001,1977812141443,3481,141
1763544479,0000008000000008,1977919386783,3385,142
1763544486,0000000100000004,1977989012176,3291,143
1763544486,0000000100000002,1977992433929,3291,144
1763544492,0000000800000002,1978054985965,3281,145
1763544499,0000000100000001,1978126205148,3219,146
1763544500,0000000100000040,1978136768046,3215,147
1763544503,0000000400000040,1978163506860,3165,148
1763544538,0000000100000004,1978517317840,3082,149
1763544545,0000000400000002,1978585109245,3076,150
1763544555,0000008000000080,1978680923780,3067,151
1763544563,0000002000000004,1978758207012,3059,152
1763544569,0000000100000004,1978825142208,3056,153
1763544572,0000000100000080,1978851932718,3053,154
1763544572,0000008000000008,1978856378059,3053,155
1763544575,0000000100000010,1978878902884,3054,156
1763544576,0000001000000004,1978888398292,3054,157
1763544576,0000008800000080,1978895063865,3055,158
1763544577,0000004000000001,1978900122984,3053,159
1763544589,0000000100000008,1979023550123,3043,160
1763544591,0000000800000004,1979044854298,3043,161
1763544593,0000000100000008,1979065068430,3043,162
1763544595,0000004000000080,1979084339186,3038,163
1763544596,0000000100000040,1979095711963,3038,164
1763544600,0000000800000080,1979136461917,3038,165
1763544611,0000000100000008,1979241861773,3032,166
1763544615,0000000100000080,1979277842447,3026,167
1763544617,0000000100000008,1979301146687,3026,168
1763544617,0000000400000004,1979301577134,3026,169
1763544617,0000000800000040,1979303629659,3026,170
1763544619,0000000100000003,1979324758855,3027,171
1763544625,0000000100000008,1979379809072,3021,172
1763544627,0000000100000008,1979403672525,3022,173
1763544629,0000004000000008,1979421206672,3019,174
1763544634,0000000400000002,1979473727845,3015,175
1763544638,0000000100000001,1979516423503,3009,176
1763544649,0000008000000001,1979619775052,3002,177
1763544655,0000004000000080,1979687023864,2997,178
1763544656,0000000400000002,1979694684336,2997,179
1763544664,0000000100000002,1979769003388,2992,180
1763544676,0000000100000008,1979895540243,2983,181
1763544677,0000000100000001,1979904058614,2983,182
1763544695,0000000100000002,1980084515579,2968,183
1763544698,0000000400000080,1980108141078,2966,184
1763544699,0000004000000002,1980125688962,2958,185
1763544700,0000004000000080,1980128756789,2959,186
1763544701,0000000100000080,1980137935418,2957,187
1763544704,0000008000000080,1980170279922,2957,188
1763544712,0000000100000080,1980253934355,2944,189
1763544717,0000000800000080,1980303635328,2934,190
1763544726,0000000400000080,1980392747730,2919,191
1763544734,0000000100000080,1980471145563,2906,192
1763544735,0000000100000004,1980483016194,2905,193
1763544744,0000000800000008,1980567363901,2888,194
1763544754,0000004000000080,1980669352092,2866,195
1763544755,0000000400000080,1980680594320,2866,196
1763544759,0000000200000040,1980719974104,2849,197
1763544759,0000000100000002,1980720846158,2849,198
1763544763,0000000800000008,1980763303637,2840,199
1763544764,0000000100000001,1980773857870,2840,200
1763544768,0000002000000002,1980807467763,2822,201
1763544770,0000000100000001,1980835639507,2815,202
1763544778,0000008000000080,1980913381126,2775,203
1763544781,0000000400000008,1980945724065,2772,204
1763544790,000000c000000080,1981035304321,2711,205
1763544791,0000004000000001,1981037341990,2711,206
1763544796,0000001000000040,1981093691022,2320,207
1763544812,0000000100000004,1981252441152,5199,208
1763544816,0000000100000001,1981293782552,5190,209
1763544818,0000000100000001,1981311130064,5190,210
1763544823,0000000100000003,1981361035526,5163,211
1763544824,0000000400000008,1981375621791,5168,212
1763544826,0000000800000004,1981391538900,5167,213
1763544828,0000000100000001,1981407678788,5163,214
1763544834,0000000100000004,1981469409810,5148,215
1763544842,0000000100000001,1981547542581,5130,216
1763544845,0000002000000001,1981578111163,5129,217
1763544857,0000002000000080,1981705448203,5104,218
1763544859,0000000400000001,1981725470807,5108,219
1763544860,0000000100000002,1981728210403,5106,220
1763544868,0000002000000002,1981811153816,5100,221
1763544872,0000002000000001,1981851784013,5096,222
1763544873,0000008000000080,1981863254512,5094,223
1763544874,0000002000000080,1981871967754,5093,224
1763544878,0000000100000001,1981917132890,5096,225
1763544885,0000000400000008,1981985312761,5095,226
1763544886,0000000100000002,1981994102012,5095,227
1763544888,0000000400000002,1982007976643,5094,228
1763544888,0000004000000008,1982013919168,5091,229
1763544889,0000000400000008,1982019555052,5089,230
1763544908,0000002000000080,1982207366978,5088,231
1763544910,0000000400000080,1982232462210,5090,232
1763544914,0000008000000040,1982267474957,5092,233
1763544923,0000008000000080,1982358760559,5091,234
1763544925,0000000100000004,1982382849223,5089,235
1763544926,0000000400000002,1982388966784,5090,236
1763544930,0000000100000010,1982429450366,5092,237
1763544940,0000008000000080,1982532265644,5091,238
1763544943,0000000200000008,1982565313097,5090,239
1763544963,0000008000000002,1982762152608,5092,240
1763544965,0000000800000001,1982781881804,5092,241
1763544967,000000c000000080,1982801381914,5087,242
1763544973,0000008000000001,1982863207117,5092,243
1763544977,0000000800000008,1982897883454,5090,244
1763544981,0000000100000001,1982937424930,5093,245
1763544981,0000004000000080,1982941587264,5094,246
1763544984,0000008000000008,1982977195124,5088,247
1763544985,0000000100000080,1982986878047,5090,248
1763544987,0000000100000001,1982998423751,5091,249
1763544992,0000004000000001,1983051881191,5090,250
1763544997,0000000100000001,1983107076725,5092,251
1763545002,0000000800000008,1983155616488,5089,252
1763545004,0000002000000010,1983169700972,5091,253
1763545004,0000000100000002,1983173941018,5093,254
1763545012,0000004000000008,1983249574761,5090,255
1763545012,0000008000000004,1983256407179,5091,256
1763545013,0000002000000002,1983261682845,5092,257
1763545023,0000000800000004,1983365770851,5092,258
1763545025,0000000100000002,1983385383752,5092,259
1763545028,0000008000000001,1983408355212,5088,260
1763545048,0000000800000008,1983613638326,5092,261
1763545052,0000002000000040,1983652384556,5092,262
1763545054,0000000400000002,1983667813177,5090,263
1763545055,0000000400000008,1983679762353,5091,264
1763545062,0000000100000020,1432921506610,5090,265
1763545063,0000008000000080,1983765011243,5091,266
1763545068,0000000800000004,1983809890873,5095,267
1763545070,0000000100000008,1983828936744,5091,268
1763545070,0000000100000008,1983832315723,5090,269
1763545072,0000000800000008,1983854710581,5092,270
1763545075,0000000100000008,1983877574450,5094,271
1763545083,0000000100000010,1983961573386,5094,272
1763545089,0000000100000008,1984025211482,5093,273
1763545092,0000008000000080,1984051026947,5093,274
1763545096,0000000100000004,1984096269343,5090,275
1763545098,0000000800000080,1984109869481,5091,276
1763545105,0000008000000080,1984183792885,5090,277
1763545105,0000000100000001,1984186611441,5090,278
1763545112,0000008000000080,1984247874504,5094,279
1763545119,0000008000000080,1984321363891,5095,280
1763545126,0000000100000040,1984390983953,5095,281
1763545137,0000000100000002,1984499020569,5096,282
1763545138,0000000400000002,1984512308937,5094,283
1763545146,0000008000000080,1984592437420,5095,284
1763545152,0000000100000040,1984656253974,5095,285
1763545155,0000000100000001,1984687100275,5094,286
1763545156,0000000100000010,1984695336791,5091,287
1763545158,0000008000000080,1984713744705,5092,288
1763545160,0000000800000004,1984732647034,5095,289
1763545162,0000000400000002,1984753935453,5096,290
1763545169,0000000100000008,1984824718116,5095,291
1763545172,0000000800000004,1984848671547,5097,292
1763545172,0000008000000008,1984854022406,5093,293
1763545172,0000000800000002,1984856371522,5092,294
1763545175,0000008000000080,1984881221566,5091,295
1763545187,0000008000000080,1985004750842,5096,296
1763545189,0000000100000001,1985024116770,5097,297
1763545189,0000000100000002,1985026954659,5094,298
1763545200,0000000100000080,1985127360208,5092,299
1763545200,0000008000000080,1985133208796,5093,300
1763545202,0000004000000080,1985151605563,5095,301
1763545208,000000c000000080,1985211425745,5093,302
1763545209,0000002000000040,1985222241394,5092,303
1763545218,0000004000000080,1985309910288,5093,304
1763545219,0000000100000008,1985317860573,5095,305
1763545221,0000000100000004,1985346941291,5097,306
1763545222,0000008000000080,1985349929030,5097,307
1763545224,0000004000000002,1985367613330,5099,308
1763545231,0000000400000080,1985438231402,5097,309
1763545235,0000000800000001,1985483938092,5094,310
1763545239,0000008000000080,1985520867028,5099,311
1763545240,0000004000000008,1985527423760,5099,312
1763545244,0000000100000004,1985569453524,5094,313
1763545247,0000000800000004,1985603847888,5099,314
1763545252,0000000100000002,1985650888389,5094,315
1763545261,0000000100000003,1985743696584,5102,316
1763545264,0000000100000006,1985770692529,5100,317
1763545275,0000000100000004,1985881098674,5101,318
1763545277,0000000100000001,1985902542595,5093,319
1763545285,0000000100000001,1985982379346,5096,320
1763545300,0000008000000020,1435300790530,5102,321
1763545302,0000002000000002,1986154029049,5097,322
1763545303,0000000100000002,1986165794988,5097,323
1763545309,0000000500000001,1986223980179,5097,324
1763545310,0000000100000001,1986231910455,5103,325
1763545313,0000000100000001,1986261310713,5099,326
1763545317,0000004000000080,1986304622187,5105,327
1763545321,000000c000000080,1986340853631,5097,328
1763545326,0000000100000002,1986391635425,5105,329
1763545328,0000004000000080,1986409890391,5105,330
1763545331,0000000100000004,1986439188595,5102,331
1763545335,0000000400000008,1986478451864,5106,332
1763545340,0000000100000001,1986533568054,5105,333
1763545340,0000000100000003,1986533663330,5105,334
1763545347,0000000800000004,1986597536351,5103,335
1763545349,0000000800000080,1986620838004,5106,336
1763545375,0000000800000010,1986878907923,5107,337
1763545375,0000000400000004,1986880070960,5108,338
1763545378,0000000400000002,1986910387426,5110,339
1763545378,0000000400000004,1986914593809,5110,340
1763545380,0000000100000040,1986934947386,5103,341
1763545384,0000004000000080,1986970308172,5108,342
1763545388,0000004000000040,1987015908121,5108,343
1763545390,0000008000000020,1987034809151,5103,344
1763545391,0000000800000040,1987046773916,5108,345
1763545402,0000000400000010,1987153310000,5111,346
1763545406,0000000800000002,1987192871934,5104,347
1763545408,0000000100000004,1987212029515,5106,348
1763545412,0000000400000008,1987254339102,5112,349
1763545414,0000000100000040,1987272488128,5113,350
1763545416,0000000800000001,1987296714630,5106,351
1763545420,0000000100000040,1987335940622,5112,352
1763545421,0000000400000004,1987339670699,5113,353
1763545421,0000000100000002,1987342224842,5114,354
1763545422,0000000100000002,1987349839936,5113,355
1763545427,0000004000000080,1987404765069,5112,356
1763545443,0000000100000001,1987557548220,5107,357
1763545447,0000000800000002,1987603032836,5114,358
1763545452,0000001000000040,1987654007939,5113,359
1763545455,0000000c00000080,1987684356458,5114,360
1763545459,0000000400000008,1987725259093,5106,361
1763545464,0000000100000001,1987774436500,5115,362
1763545465,000000c000000080,1987782352253,5115,363
1763545468,0000000100000001,1987813564526,5108,364
1763545470,0000004000000008,1987832536162,5114,365
1763545472,0000000100000001,1987850016770,5114,366
1763545473,0000008000000080,1987861958629,5116,367
1763545479,0000000800000001,1987918542305,5114,368
1763545485,0000000100000004,1987977296206,5108,369
1763545485,0000000100000004,1987982212936,5109,370
1763545488,0000000100000001,1988010233257,5115,371
1763545495,0000000800000004,1988087021148,5114,372
1763545496,0000000100000006,1988089772176,5114,373
1763545497,0000000100000001,1988098152814,5115,374
1763545501,0000000800000004,1988142083002,5109,375
1763545508,0000000800000002,1988208503265,5115,376
1763545509,0000000400000001,1988225048184,5116,377
1763545510,0000000100000001,1988234682240,5109,378
1763545513,0000002000000008,1988262698488,5115,379
1763545514,0000008000000080,1988274017614,5115,380
1763545515,0000000800000010,1988282594928,5115,381
1763545518,0000008000000080,1988314371768,5112,382
1763545523,0000000400000008,1988366892334,5115,383
1763545527,0000000400000002,1988400120453,5114,384
1763545531,0000008000000080,1988437389944,5115,385
1763545532,0000000800000008,1988450456350,5115,386
1763545533,0000002000000040,1988460997874,5116,387
1763545540,0000000100000001,1988531121423,5116,388
1763545550,0000000100000003,1988635018102,5117,389
1763545555,0000000800000002,1988677514568,5108,390
1763545558,0000000100000001,1988714904808,5117,391
1763545559,0000000100000004,1988725160160,5117,392
1763545563,0000000400000004,1988761031653,5109,393
1763545565,0000000400000004,1988780728279,5115,394
1763545565,0000000100000001,1988781514943,5115,395
1763545569,0000000800000080,1988818743125,5116,396
1763545574,0000004000000040,1988873775092,5115,397
1763545580,0000000100000001,1988929216869,5108,398
1763545580,0000000400000004,1988930617654,5106,399
1763545582,0000000100000001,1988950976687,5115,400
1763545583,0000000100000001,1988961966477,5115,401
1763545587,0000008000000080,1989004703389,5116,402
1763545589,0000004000000004,1989020977348,5106,403
1763545590,0000008000000001,1989028322612,5111,404
1763545596,0000000100000004,1989092754163,5113,405
1763545602,0000000800000004,1989148892996,5059,406
1763545602,0000000100000001,1989155656419,5059,407
1763545621,0000000100000001,1989345865207,4968,408
1763545623,0000008000000080,1989359824130,4964,409
1763545624,0000000100000001,1989365430071,4951,410
1763545625,0000008000000080,1989381574262,4903,411
1763545625,0000000400000008,1989381966690,4902,412
1763545626,0000000400000008,1989394703577,4904,413
1763545630,0000000100000001,1989430024638,4899,414
1763545630,0000004000000008,1989430903521,4897,415
1763545633,0000000100000001,1989457296498,4875,416
1763545636,0000004000000080,1989489249118,4810,417
1763545644,000000c000000080,1989574678514,4742,418
1763545645,0000000200000004,1989582175842,4742,419
1763545666,0000008000000040,1989791790027,4599,420
1763545667,0000008000000001,1989804896770,4569,421
1763545671,0000000100000001,1989843945325,4543,422
1763545683,0000004000000004,1989957393355,4494,423
1763545683,0000000500000005,1989964113829,4491,424
1763545691,0000000400000002,1990040753883,4461,425
1763545696,0000004000000040,1990087305957,4427,426
1763545709,0000000800000004,1990218538682,4390,427
1763545710,0000000100000001,1990234809705,4384,428
1763545712,0000008000000001,1990255946941,4369,429
1763545713,0000004000000004,1990261801291,4370,430
1763545716,0000008000000001,1990287723242,4371,431
1763545717,0000008000000008,1990298501838,4369,432
1763545719,0000008000000002,1990322456869,4358,433
1763545720,0000002000000001,1990332167076,4349,434
1763545734,0000008000000001,1990471802524,4322,435
1763545748,0000002000000008,1990608699675,4291,436
1763545752,0000000800000002,1990652117116,4283,437
1763545752,0000000800000008,1990654521300,4284,438
1763545753,0000004000000002,1990662416886,4287,439
1763545762,0000000800000002,1990749231391,4274,440
1763545774,0000002000000008,1990875453326,4260,441
1763545779,0000000100000080,1990923344579,4253,442
1763545780,0000004000000088,1990927761777,4257,443
1763545786,0000004000000002,1990994772801,4245,444
1763545803,0000000400000004,1991165671678,4234,445
1763545808,0000000800000008,1991216972656,4229,446
1763545809,0000004000000008,1991221185239,4230,447
1763545814,0000000100000001,1991267913484,4220,448
1763545819,0000000200000004,1991319171285,4222,449
1763545819,0000000100000040,1991322051336,4222,450
1763545822,0000000100000001,1991350979226,4211,451
1763545823,0000000100000001,1991362438216,4211,452
1763545830,0000000100000080,1991433635619,4203,453
1763545832,0000008000000001,1991452301683,4206,454
1763545833,0000004000000008,1991460773169,4206,455
1763545836,0000002000000008,1991487854906,4209,456
1763545849,0000004000000002,1991619935358,4196,457
1763545852,0000004000000010,1991648070731,4197,458
1763545859,0000000400000002,1991722529041,4192,459
1763545864,0000008000000001,1991769799467,4189,460
1763545865,0000000400000001,1991786963177,4183,461
1763545880,0000008000000004,1991930962715,4186,462
1763545891,0000004000000001,1992038126754,4174,463
1763545898,0000000800000001,1992108395850,4178,464
1763545900,0000004000000008,1992135257449,4172,465
1763545913,0000008000000004,1992258671294,4175,466
1763545914,0000000800000002,1992275242363,4174,467
1763545917,0000000400000001,1992305666244,4165,468
1763545926,0000008000000080,1992387050469,4163,469
1763545928,0000000400000020,1441578819455,4168,470
1763545944,0000000100000010,1992572274917,4163,471
1763545945,0000000400000080,1992577120971,4163,472
1763545949,0000008000000001,1992623453616,4166,473
1763545952,0000000400000001,1992651909031,4157,474
1763545958,0000008000000008,1992716007913,4160,475
1763545959,0000008000000008,1992723535227,4157,476
1763545960,0000008000000080,1992727943067,4156,477
1763545962,0000004000000002,1992755278168,4159,478
1763545964,0000008000000008,1992767711652,4159,479
1763545967,0000000800000080,1992799562146,4160,480
1763545970,0000008000000080,1992827798226,4155,481
1763545972,0000000800000010,1992855741000,4158,482
1763545973,0000000100000008,1992858090432,4158,483
1763545985,0000000400000002,1992985096031,4150,484
1763545987,0000008000000004,1993000437624,4151,485
1763545989,0000008000000004,1993026461351,4154,486
1763545990,0000000100000001,1993030653910,4154,487
1763545995,0000002000000010,1993081376562,4147,488
1763546014,0000004000000080,1993276858870,4148,489
1763546015,0000008000000002,1993285024298,4148,490
1763546022,0000000400000002,1993353899698,4145,491
1763546022,0000004000000001,1993354498154,4145,492
1763546028,0000000400000008,1993407494317,4143,493
1763546030,0000004000000004,1993429221813,4139,494
1763546031,0000004000000008,1993439084002,4143,495
1763546032,0000000100000001,1993452499244,4144,496
1763546048,0000000100000002,1993612444323,4140,497
1763546048,0000002000000020,1443860351732,4140,498
1763546050,0000004000000008,1993627192973,4142,499
1763546056,0000000100000080,1993687508356,4134,500
1763546056,0000000100000080,1993687711327,4134,501
1763546056,0000008000000004,1993692550585,4138,502
1763546062,0000004000000001,1993748859443,4138,503
1763546067,0000004000000080,1993799608895,4137,504
1763546068,0000004000000008,1993808557912,4138,505
1763546068,0000000100000002,1993808931291,4139,506
1763546069,0000000100000001,1993826759293,4139,507
1763546071,0000004000000001,1993843131242,4134,508
1763546072,0000000800000040,1993847991284,4131,509
1763546074,0000000400000002,1993874230387,4136,510
1763546079,0000000100000010,1993917858401,4134,511
1763546081,0000000100000001,1993943515320,4130,512
1763546087,0000002000000002,1993999324522,4137,513
1763546087,0000008000000002,1994005337476,4131,514
1763546095,0000000100000080,1994083115168,4135,515
1763546106,0000008000000020,1443360445791,4126,516
1763546108,0000008000000002,1994216397859,4131,517
1763546121,0000000800000002,1994341865790,4131,518
1763546122,0000000800000001,1994349870533,4127,519
1763546125,0000004000000001,1994381058720,4125,520
1763546133,0000000400000002,1994458927401,4121,521
1763546135,0000008000000008,1994482320116,4127,522
1763546137,0000000800000003,1994505953265,4129,523
1763546141,0000008000000008,1994539437377,4121,524
1763546148,0000000800000008,1994616134480,4121,525
1763546150,0000008000000001,1994630339668,4119,526
1763546151,0000000100000001,1994644951808,4124,527
1763546159,0000000800000008,1994721781801,4117,528
1763546161,0000008000000001,1994744865233,4124,529
1763546162,0000000100000001,1994752666428,4124,530
1763546166,0000004000000008,1994790690693,4116,531
1763546169,0000000100000001,1994820798998,4123,532
1763546171,0000002000000020,1444014724020,4124,533
1763546171,0000001000000008,1994844768051,4123,534
1763546171,0000004000000004,1994845625949,4124,535
1763546173,0000000800000008,1994858420813,4124,536
1763546175,0000004000000008,1994886337969,4116,537
1763546180,0000000800000001,1994927562515,4121,538
1763546194,0000004000000002,1995076171192,4118,539
1763546196,0000004000000008,1995096346234,4119,540
1763546201,0000004000000004,1995143963628,4111,541
1763546209,0000004000000001,1995224562924,4110,542
1763546210,0000004000000008,1995233770111,4110,543
1763546221,0000008000000080,1995342556725,4115,544
1763546223,0000008000000001,1995364032718,4116,545
1763546227,0000004000000004,1995400614149,4107,546
1763546228,0000004000000001,1995411974039,4106,547
1763546230,0000008000000080,1995428836489,4112,548
1763546238,0000008000000080,1995514378471,4111,549
1763546238,0000008000000004,1995515859402,4111,550
1763546244,0000000100000002,1995573703494,4103,551
1763546247,0000002000000020,1995605744508,4110,552
1763546260,0000008000000080,1995727775711,4109,553
1763546284,0000002000000080,1995970093706,4099,554
1763546287,0000000400000008,1996003148693,4087,555
1763546292,000000c000000002,1996054958917,4096,556
1763546294,0000004000000008,1996069060309,4097,557
1763546295,0000000200000001,1996084327753,4087,558
1763546298,0000000800000008,1996108684940,4088,559
1763546307,0000008000000008,1996204700089,4088,560
1763546312,0000008000000002,1996251108169,4087,561
1763546321,0000008000000080,1996346320590,4076,562
1763546338,0000008000000080,1996512654135,4065,563
1763546340,0000000100000001,1996534227781,4064,564
1763546345,0000000100000010,1996578947737,4072,565
1763546367,0000008000000001,1996797451535,4049,566
1763546367,0000008000000080,1996800559112,4052,567
1763546371,0000000400000001,1996841063894,4054,568
1763546382,0000004000000002,1996955776549,4028,569
1763546385,0000004000000008,1996981039101,4037,570
1763546385,000000800000000c,1996983259158,4037,571
1763546392,0000000100000080,1997054538725,4023,572
1763546402,0000004000000080,1997154866842,4017,573
1763546406,0000000100000080,1997193107408,4015,574
1763546408,0000000400000080,1997211939078,3997,575
1763546409,0000000100000080,1997224577128,3997,576
1763546418,0000004000000004,1997313063002,3978,577
1763546418,0000001000000080,1997316561003,3981,578
1763546430,0000000100000001,1997430144907,3143,579
1763546433,0000008000000001,1997462848166,2846,580
1763546436,0000000100000004,1997488763451,2082,581
1763546439,0000008000000008,1997522774983,878,582
1763546442,0000000100000008,1997552602808,878,583
1763546450,0000004000000001,1997632300968,768,584
1763546451,0000002000000008,1997644078556,764,585
1763546486,0000000100000001,1997988544330,711,586
1763546500,0000000100000008,1998130044608,688,587
1763546504,0000008000000080,1998176566102,674,588
1763546505,0000000800000001,1998185213608,668,589
1763546508,0000000100000001,1998213755842,672,590
1763546519,0000000800000080,1998323008430,657,591
1763546520,0000000400000080,1998328933108,654,592
1763546524,0000000100000003,1998375918412,641,593
1763546533,0000004000000004,1998459276393,624,594
1763546535,0000004000000002,1998482762722,625,595
1763546538,0000002000000004,1998516329908,602,596
1763546551,0000000200000040,1998640604494,582,597
1763546571,0000000100000001,1998844705520,529,598
1763546585,0000000100000008,1998980211431,5219,599
1763546589,0000000400000080,1999025448575,5207,600
1763546593,0000000800000002,1999057532604,5140,601
1763546594,0000000400000001,1999068349743,5140,602
1763546602,0000000400000002,1999150272454,5013,603
1763546604,0000008000000080,1999171788750,5014,604
1763546605,0000000800000080,1999179140523,5014,605
1763546605,0000000100000001,1999180408104,5014,606
1763546607,0000000100000002,1999200506134,4996,607
1763546607,0000008000000080,1999203404378,4995,608
1763546620,0000000200000001,1999335760563,4855,609
1763546625,0000000100000002,1999380220488,4839,610
1763546630,0000008000000008,1999428899078,4801,611
1763546630,0000000400000008,1999434113042,4801,612
1763546631,0000000800000008,1999443530197,4801,613
1763546635,0000000800000001,1999484471890,4763,614
1763546636,0000000400000001,1999490757815,4754,615
1763546640,0000000100000001,1999535792207,4756,616
1763546642,0000000800000010,1999552090940,4747,617
1763546643,0000002000000008,1999560414203,4739,618
1763546648,0000008000000008,1999608381905,4722,619
1763546653,0000004000000001,1999658888771,4694,620
1763546654,0000000100000080,1999669358144,4686,621
1763546660,0000000100000001,1999729405804,4676,622
1763546672,0000000800000001,1999849089119,4635,623
1763546682,0000000800000002,1999947299618,4614,624
1763546683,0000000400000002,1999960870466,4614,625
1763546683,0000000400000001,1999963534164,4614,626
1763546693,0000008000000004,2000065100724,4586,627
1763546695,0000000400000001,2000078184270,4583,628
1763546697,0000004000000004,2000096963938,4574,629
1763546702,0000008000000040,2000148212943,4571,630
1763546706,0000004000000002,2000192405515,4560,631
1763546713,0000000200000002,2000258086729,4550,632
1763546714,0000002000000002,2000275949182,4547,633
1763546722,0000008000000008,2000352692824,4536,634
1763546726,0000008000000080,2000392059965,4537,635
1763546733,0000008000000008,2000463623965,4529,636
1763546735,0000004000000004,2000479485133,4529,637
1763546736,0000000800000008,2000489694264,4527,638
1763546738,0000008000000008,2000516517397,4521,639
1763546740,000000c000000080,2000528018469,4520,640
1763546741,0000000400000001,2000544346209,4521,641
1763546742,0000000800000008,2000548441641,4521,642
1763546743,0000000100000001,2000563829624,4521,643
1763546753,0000008000000080,2000664321922,4513,644
1763546763,0000000100000001,2000765110005,4505,645
1763546769,0000000100000004,2000823075583,4510,646
1763546774,0000000200000008,2000873539666,4505,647
1763546779,0000002000000002,2000921856344,4506,648
1763546780,0000000800000008,2000935321998,4500,649
1763546791,0000004100000001,2001040759037,4499,650
1763546795,0000000100000001,2001079806097,4502,651
1763546795,0000000400000002,2001086610924,4502,652
1763546796,0000008000000008,2001096431065,4501,653
1763546803,0000004000000004,2001157549256,4501,654
1763546807,0000000100000002,2001198727172,4493,655
1763546807,0000004000000002,2001203413881,4495,656
1763546813,0000004000000008,2001259260330,4498,657
1763546813,0000000100000008,2001262073669,4498,658
1763546813,0000000100000001,2001262074508,4498,659
1763546814,0000000100000001,2001271374449,4496,660
1763546822,0000002000000008,2001354536284,4497,661
1763546824,0000001000000040,2001372921257,4491,662
1763546830,0000008000000002,2001431025110,4497,663
1763546832,0000008000000008,2001451796236,4491,664
1763546833,0000002000000001,2001458114441,4489,665
1763546834,0000000100000004,2001469872438,4493,666
1763546837,0000002000000001,2001502340395,4496,667
1763546843,0000008000000080,2001560036909,4493,668
1763546856,0000000400000008,2001689359917,4496,669
1763546857,0000000200000004,2001703252618,4492,670
1763546859,0000000800000001,2001726656701,4492,671
1763546865,0000000100000004,2001781541230,4495,672
1763546866,0000000800000001,2001792058647,4491,673
1763546871,0000008000000080,2001844713750,4494,674
1763546877,0000008000000080,2001899290244,4492,675
1763546878,0000000400000001,2001907897384,4493,676
1763546878,0000000100000004,2001915329482,4493,677
1763546882,0000000400000002,2001953898496,4495,678
1763546888,0000000100000001,2002016611752,4495,679
1763546890,0000000100000001,2002029888367,4496,680
1763546905,0000004000000080,2002179082528,4494,681
1763546914,0000008000000080,2002272036519,4494,682
1763546915,0000008000000008,2002285262881,4495,683
1763546917,0000008000000080,2002299642116,4495,684
1763546921,0000000800000004,2002342604246,4493,685
1763546926,0000000100000001,2002393131749,4492,686
1763546930,0000000800000001,2002431939564,4493,687
1763546932,0000008000000080,2002448622973,4495,688
1763546943,0000008000000010,2002562428366,4493,689
1763546955,0000002000000004,2002685220443,4493,690
1763546958,0000000800000004,2002709930792,4495,691
1763546964,0000008000000002,2002768873743,4493,692
1763546968,0000000100000020,1451986784542,4493,693
1763546973,0000000500000001,2002859171467,4494,694
1763546977,0000002000000004,2002898461251,4495,695
1763546978,0000008000000080,2002912300136,4492,696
1763546982,0000004000000080,2002952687216,4493,697
1763546983,0000004000000004,2002958225821,4493,698
1763546986,0000008000000004,2002992806690,4493,699
1763547008,0000008000000001,2003216201869,4494,700
1763547012,0000000800000001,2003253761349,796,701
1763547015,0000000400000001,2003279795342,4491,702
1763547016,0000001000000040,2003295814111,4494,703
1763547017,0000000800000001,2003301263671,4494,704
1763547027,0000000100000004,2003401936213,4495,705
1763547035,0000008000000002,2003477681773,4493,706
1763547043,0000002000000002,2003560526407,4494,707
1763547043,0000008000000080,2003561694413,4493,708
1763547049,0000002000000040,2003622137151,4489,709
1763547051,0000004000000002,2003638442986,4493,710
1763547062,0000000400000004,2003750265245,4495,711
1763547063,0000000100000001,2003756738780,4494,712
1763547071,0000000100000001,2003837674027,4494,713
1763547073,0000004000000002,2003862449616,4490,714
1763547088,0000004000000008,2004016312692,4495,715
1763547093,0000004000000080,2004059328221,4492,716
1763547097,0000000800000008,2004099335597,4495,717
1763547105,0000004000000008,2004182686579,4495,718
1763547109,0000000100000001,2004218518160,4490,719
1763547112,0000000100000001,2004255453655,4494,720
1763547114,0000004000000001,2004268505741,4495,721
1763547115,0000000400000002,2004279880113,4493,722
1763547118,0000008000000000,2004311594050,4490,723
1763547125,0000000100000001,2004379662990,4491,724
1763547132,0000000100000008,2004453016306,4494,725
1763547134,0000000100000001,2004473886345,4488,726
1763547135,0000008000000080,2004485991881,4490,727
1763547136,0000004000000020,1454735755044,4492,728
1763547140,0000000800000008,2004533729730,4495,729
1763547152,0000008000000080,2004656669601,4490,730
1763547158,0000000100000008,2004707428573,4495,731
1763547161,0000000800000080,2004742439870,4490,732
1763547169,0000000800000002,2004817257294,4488,733
1763547173,0000000300000001,2004863289321,4493,734
1763547178,0000008000000004,2004913270766,4488,735
1763547193,0000000100000001,2005066422736,4491,736
1763547199,0000008000000080,2005123793965,4494,737
1763547202,0000008000000080,2005152377615,4491,738
1763547202,0000000800000001,2005156434447,4489,739
1763547204,0000008000000080,2005170641434,4490,740
1763547205,0000000400000001,2005181615566,4492,741
1763547217,0000000400000010,2005302386076,4495,742
1763547220,0000000400000001,2005332311305,4491,743
1763547221,0000000d00000008,2005345652610,4489,744
1763547222,0000000100000001,2005349246796,4491,745
1763547231,0000000400000004,2005440362415,4492,746
1763547232,0000008000000002,2005453959856,4493,747
1763547234,0000000c00000080,2005469081668,4494,748
1763547235,000000c000000080,2005477396508,4495,749
1763547241,0000000100000001,2005539843299,4493,750
1763547241,0000008000000080,2005540729775,4494,751
1763547261,0000002000000008,2005738623409,4494,752
1763547262,0000000100000008,2005750039633,4495,753
1763547266,0000004000000008,2005793585161,4493,754
1763547267,0000000100000008,2005803826146,4494,755
1763547292,0000000200000002,2006051316392,4493,756
1763547293,0000008000000080,2006064212701,4493,757
1763547299,0000000400000001,2006121109076,4488,758
1763547302,0000000800000004,2006147333193,4494,759
1763547305,0000000400000008,2006178160157,4494,760
1763547312,0000000800000001,2006253643820,4495,761
1763547313,0000000800000008,2006263840284,4495,762
1763547316,0000004000000080,2006290693302,4489,763
1763547327,0000008000000080,2006400771511,4494,764
1763547337,0000000100000001,2006500203356,795,765
1763547366,0000000200000080,2006787999076,4492,766
1763547370,0000000100000002,2006827198741,4493,767
1763547377,0000004000000002,2006906487958,4492,768
1763547380,0000008000000008,2006927631208,4493,769
1763547388,0000000100000001,2007007071020,4494,770
1763547393,0000002000000040,2007061089441,4487,771
1763547394,0000000100000003,2007068140323,4489,772
1763547396,0000008000000008,2007087607662,4494,773
1763547404,0000004000000002,2007170135235,4494,774
1763547408,0000000100000001,2007206734769,4495,775
1763547415,0000000800000004,2007279197704,4494,776
1763547415,0000004000000002,2007281989383,4493,777
1763547419,0000008000000008,2007324159148,4487,778
1763547431,0000008000000080,2007445602029,4495,779
1763547437,0000000100000001,2007504410742,4490,780
1763547438,0000000100000001,2007513802506,4495,781
1763547454,0000004000000080,2007672621675,4488,782
1763547455,0000000100000040,2007684662947,4494,783
1763547459,0000002000000001,2007723881180,4496,784
1763547463,0000000300000001,2007757098149,4489,785
1763547463,0000004400000001,2007761347779,4490,786
1763547466,0000004000000080,2007788045029,4494,787
1763547466,000000c000000080,2007789274455,4495,788
1763547468,0000000100000001,2007808738170,4496,789
1763547471,0000008000000002,2007840593542,4489,790
1763547483,0000000100000001,2007963717421,4495,791
1763547493,0000004000000080,2008058708308,4496,792
1763547495,0000000200000001,2008079180046,4496,793
1763547495,0000000100000001,2008079605151,4495,794
1763547503,0000001000000040,2008161652489,911,795
1763547508,0000000200000001,2008207008224,4495,796
1763547508,0000000400000002,2008209030625,4497,797
1763547519,000000c000000080,2008324454650,4498,798
1763547525,0000008000000080,2008379423714,4496,799
1763547526,0000002000000040,2008392563898,4496,800
1763547529,0000008000000080,2008417925111,4496,801
1763547537,0000000300000001,2008504264368,4496,802
1763547543,0000004000000001,2008564285417,4496,803
1763547555,0000004000000080,2008683982976,4496,804
1763547562,0000008000000080,2008750509474,4496,805
1763547562,0000000800000001,2008752917918,4496,806
1763547562,0000008000000001,2008753874889,4497,807
1763547569,0000000800000002,2008823663847,4496,808
1763547573,0000008000000080,2008860935266,4494,809
1763547573,0000008000000008,2008866565052,4488,810
1763547577,0000000400000008,2008904611500,4495,811
1763547600,0000000100000004,2009133522326,4484,812
1763547600,0000000100000003,2009136306592,4480,813
1763547612,0000004000000001,2009249960334,4294,814
1763547614,0000000100000080,2009267362968,387,815
1763547625,0000008000000002,2009380404920,4226,816
1763547641,0000000800000002,2009540486844,4062,817
1763547642,0000000100000008,2009547368284,4062,818
1763547655,0000000100000004,2009677782389,2873,819
1763547656,0000000100000003,2009693067553,2382,820
1763547661,0000000800000004,2009740224803,2050,821
1763547663,0000004000000001,2009759014175,1707,822
1763547666,0000000800000080,2009795193008,1111,823
1763547671,0000000100000040,2009842668974,417,824
1763547672,0000000100000008,2009850217685,5321,825
1763547673,0000000100000008,2009860946087,5206,826
1763547675,0000000100000001,2009885637781,5206,827
1763547685,0000000200000003,2009983652887,5116,828
1763547687,0000008000000008,2009997905229,5100,829
1763547688,0000000400000004,2010016363731,5050,830
1763547694,0000000100000010,2010070470549,5016,831
1763547695,0000008000000080,2010079415688,5009,832
1763547695,0000000100000004,2010084576027,5008,833
1763547698,0000000100000003,2010110449137,4950,834
1763547698,0000000100000080,2010115838491,4950,835
1763547700,0000000400000008,2010131649252,4954,836
1763547709,0000000400000004,2010221601977,4913,837
1763547711,0000000400000002,2010236748608,4914,838
1763547713,0000008000000080,2010263323966,4900,839
1763547717,0000000100000080,2010300634811,4881,840
1763547722,0000000400000001,2010346902196,4872,841
1763547723,0000000400000001,2010357328581,4862,842
1763547731,000000c000000080,2010441125876,4843,843
1763547735,0000000400000001,2010481040083,4838,844
1763547739,0000000400000002,2010520764953,4829,845
1763547755,0000000800000001,2010676971532,4803,846
1763547757,0000008000000080,2010701734799,4794,847
1763547757,000000c000000080,2010703944994,4791,848
1763547759,0000000200000008,2010722463537,4786,849
1763547762,0000000100000001,2010755522516,4791,850
1763547764,0000000400000002,2010767878031,4789,851
1763547765,0000000800000004,2010778662831,4784,852
1763547767,0000000100000080,2010799773768,4775,853
1763547776,0000000400000080,2010894335231,4768,854
1763547779,0000008000000001,2010919752105,4770,855
1763547786,0000000100000001,2010996331649,4763,856
1763547788,0000002000000004,2011012980440,4763,857
1763547788,000000c000000080,2011015496859,4763,858
1763547793,0000000400000002,2011063656889,4754,859
1763547795,0000004000000008,2011082569414,4758,860
1763547800,0000000500000001,2011131577759,4749,861
1763547800,0000002000000080,2011134756095,4749,862
1763547801,0000000100000080,2011146310081,4750,863
1763547802,0000000100000001,2011153143315,4750,864
1763547808,0000008000000080,2011212245265,4747,865
1763547808,0000000100000001,2011213917134,4747,866
1763547813,0000000100000004,2011262573914,4750,867
1763547817,0000000800000002,2011297263878,4743,868
1763547817,0000008000000080,2011299450901,4744,869
1763547829,0000008000000080,2011420504349,4742,870
1763547832,0000000100000001,2011450817518,4744,871
1763547834,0000000100000001,2011473452714,4736,872
1763547834,0000000800000002,2011475058520,4738,873
1763547844,0000000800000080,2011567135224,4737,874
1763547845,0000000100000001,2011578537067,4738,875
1763547847,0000000800000008,2011599304579,4741,876
1763547850,0000000100000004,2011633420268,4738,877
1763547861,0000004800000004,2011742351139,4734,878
1763547862,0000004000000002,2011750553725,4735,879
1763547866,0000000100000001,2011791706023,4738,880
1763547869,0000000400000001,2011819802283,4731,881
1763547869,0000000200000004,2011824790812,4733,882
1763547875,0000008000000004,2011882904350,4738,883
1763547882,0000000800000008,2011947896691,4738,884
1763547886,0000002000000004,2011986607091,4731,885
1763547889,0000008000000080,2012019074030,4735,886
1763547894,0000000100000001,2012067803473,4733,887
1763547895,0000000400000010,2012079079702,4732,888
1763547900,0000000400000002,2012134017979,4738,889
1763547901,0000008000000080,2012140291052,4737,890
1763547908,0000000800000002,2012211350243,4736,891
1763547925,0000000100000010,2012378951274,4737,892
1763547928,0000008000000001,2012416006937,4732,893
1763547930,0000000500000001,2012430490018,4733,894
1763547936,0000002000000004,2012489138749,4737,895
1763547938,0000000100000001,2012510735693,4732,896
1763547944,0000008000000001,2012569682390,4736,897
1763547945,0000004000000008,2012583729487,4734,898
1763547945,0000004000000008,2012586411018,4735,899
1763547946,0000008000000080,2012588215483,4733,900
1763547947,0000000400000002,2012599554636,4732,901
1763547948,0000000100000040,2012608070011,4732,902
1763547949,0000008000000080,2012624129999,4736,903
1763547950,0000008000000002,2012629706476,4736,904
1763547951,0000000100000001,2012638534185,4737,905
1763547952,0000008000000080,2012646468857,4739,906
1763547953,0000000100000004,2012661691334,4737,907
1763547963,0000008000000080,2012763332912,4733,908
1763547970,0000008000000004,2012827518560,4736,909
1763547975,0000000200000002,2012886302476,4736,910
1763547977,0000000200000008,2012898737872,4737,911
1763547984,0000004000000008,2012976374756,4736,912
1763547986,0000000100000004,2012995777945,4737,913
1763547987,0000008000000008,2012997846606,4737,914
1763547990,0000004000000080,2013027354196,4731,915
1763547991,0000000200000001,2013038623551,4733,916
1763547998,0000000100000008,2013115518894,4732,917
1763548001,0000008000000080,2013143066289,4736,918
1763548011,0000000800000004,2013244623704,4737,919
1763548014,0000000400000001,2013267832926,4737,920
1763548014,0000000800000002,2013271198169,4736,921
1763548017,0000002000000001,2013299545363,4734,922
1763548024,0000008000000004,2013373266287,4733,923
1763548033,0000004000000008,2013457840946,4733,924
1763548033,0000000400000004,2013460410155,4733,925
1763548038,0000000100000001,2013512223233,4737,926
1763548040,0000000100000004,2013530223599,4736,927
1763548041,0000000800000001,2013541261385,4733,928
1763548043,0000008000000001,2013558249184,4734,929
1763548043,0000008000000002,2013559777422,4734,930
1763548047,0000004000000001,2013604469670,4736,931
1763548051,0000008000000080,2013637464601,4733,932
1763548053,0000000100000004,2013664725106,4735,933
1763548058,0000008000000040,2013708303732,4734,934
1763548062,0000000100000004,2013750485362,4735,935
1763548063,0000000100000008,2013765189552,4737,936
1763548065,0000008000000002,2013784632667,4736,937
1763548073,0000000100000001,2013862157508,1283,938
1763548074,0000000100000080,2013875499964,4735,939
1763548080,0000008000000004,2013931273545,4737,940
1763548082,0000008000000080,2013949534695,4737,941
1763548083,0000000400000002,2013960967460,4734,942
1763548100,000000040000000c,2014129740316,4736,943
1763548103,0000008000000004,2014163876832,4735,944
1763548106,0000000100000080,2014188994083,4736,945
1763548108,0000000400000001,2014210757927,4737,946
1763548109,0000002000000002,2014219234521,4734,947
1763548123,0000000400000004,2014366193807,4738,948
1763548124,0000004000000080,2014366241560,4738,949
1763548126,0000000400000004,2014392442122,4734,950
1763548127,0000004000000002,2014402899729,4733,951
1763548127,0000000400000001,2014404203673,4733,952
1763548135,0000000100000001,2014476646831,4737,953
1763548137,0000008000000080,2014503444710,4734,954
1763548144,0000004000000002,2014566895863,4733,955
1763548147,0000000100000001,2014606022975,4737,956
1763548163,0000000400000004,2014757632692,4735,957
1763548163,0000000800000001,2014764518449,4736,958
1763548168,0000008000000001,2014814672298,4738,959
1763548168,0000000100000001,2014815915217,4738,960
1763548173,0000000800000008,2014857263965,4737,961
1763548173,0000000200000004,2014862148983,4737,962
1763548174,0000000100000005,2014866442160,4737,963
1763548176,0000002000000080,2014888807448,4738,964
1763548178,0000008000000080,2014908480096,4736,965
1763548184,0000008000000001,2014966810127,4738,966
1763548190,0000000100000004,2015030229405,4737,967
1763548192,0000004000000008,2015047745445,4738,968
1763548194,0000000100000008,2015066945057,4740,969
1763548194,0000004000000004,2015071411141,4739,970
1763548198,0000004000000080,2015113796717,4737,971
1763548203,0000000c00000080,2015165225344,4734,972
1763548209,0000000400000000,2015222784760,4739,973
1763548212,0000000100000004,2015251798472,4736,974
1763548216,0000000400000001,2015290116906,4738,975
1763548222,0000000800000004,2015353689277,4733,976
1763548223,0000004000000010,2015359279819,4733,977
1763548223,0000004000000004,2015363830312,4735,978
1763548236,0000000800000001,2015487436776,4741,979
1763548236,0000000400000008,2015491664577,4741,980
1763548241,0000004000000001,2015538203892,4737,981
1763548243,0000000400000001,2015562438218,4741,982
1763548243,0000000800000004,2015565483291,4741,983
1763548261,0000000100000004,2015745992093,4742,984
1763548264,0000000100000001,2015769267124,4741,985
1763548267,0000002000000002,2015798461957,4738,986
1763548268,0000002000000010,2015812622529,4742,987
1763548272,0000008000000004,2015853727949,4743,988
1763548274,0000000200000002,2015875401962,4738,989
1763548279,0000000200000001,2015925515080,4743,990
1763548291,0000008000000080,2016044602855,4738,991
1763548295,0000004000000008,2016085061345,4743,992
1763548299,0000008000000080,2016125450014,4736,993
1763548300,0000000800000002,2016126890942,4738,994
1763548305,0000000800000008,2016180697836,4743,995
1763548306,0000000200000008,2016195134291,4744,996
1763548309,0000000800000004,2016220938426,4740,997
1763548310,0000002000000080,2016234335023,4742,998
1763548313,0000008000000080,2016260427488,4743,999
1763548327,0000008000000080,2016404598427,4742,1000
1763548333,000000c000000080,2016465670943,4739,1001
1763548337,0000000100000001,2016500121948,4743,1002
1763548343,0000000800000002,2016565163987,4738,1003
1763548346,0000000800000004,2016589707656,4745,1004
1763548353,0000000800000002,2016656550486,4741,1005
1763548368,0000000400000008,2016809625597,4741,1006
1763548370,0000000100000002,2016835307901,4742,1007
1763548372,0000000100000002,2016849207063,4745,1008
1763548374,0000000800000008,2016876029122,4746,1009
1763548380,0000008000000080,2016927092563,4744,1010
1763548381,0000000800000002,2016944270502,4746,1011
1763548389,0000000400000002,2017025389074,4745,1012
1763548390,0000000100000007,2017027119561,4746,1013
1763548390,0000004000000080,2017033014162,4746,1014
1763548398,0000000100000003,2017114252488,4747,1015
1763548398,0000008000000080,2017115191949,4747,1016
1763548402,0000000100000001,2017154352919,4743,1017
1763548405,0000000400000004,2017186064234,4746,1018
1763548407,0000000800000040,2017200251546,4747,1019
1763548411,0000000100000002,2017237738503,4748,1020
1763548412,0000008000000080,2017249810991,4740,1021
1763548415,0000000100000010,2017284696451,4747,1022
1763548418,0000000400000004,2017313418096,4748,1023
1763548425,0000008000000004,2017378063299,4748,1024
1763548426,0000002000000080,2017393469791,4748,1025
1763548434,0000000800000020,1467718999213,4748,1026
1763548446,0000008000000004,2017591651691,4744,1027
1763548449,0000002000000008,2017623478248,4748,1028
1763548450,0000000800000040,2017632861315,4747,1029
1763548457,0000004000000002,2017703930515,4747,1030
1763548458,0000000800000008,2017709456811,4748,1031
1763548464,0000000100000001,2017767477202,4744,1032
1763548466,0000004000000001,2017791341464,4748,1033
1763548468,0000002000000040,2017809923742,4749,1034
1763548474,0000008000000080,2017875453295,4747,1035
1763548480,0000000400000080,2017927171169,4750,1036
1763548480,0000000400000002,2017936276246,4743,1037
1763548486,0000000400000002,2017992141891,4749,1038
1763548487,0000000400000008,2017996483674,4750,1039
1763548487,0000004000000008,2017998738041,4750,1040
1763548494,0000000200000020,2018068970077,4750,1041
1763548495,0000000800000001,2018086068213,4751,1042
1763548500,0000001000000010,2018130904438,4747,1043
1763548502,0000008000000008,2018155069964,4750,1044
1763548510,0000000100000001,2018228157496,4749,1045
1763548510,0000002000000080,2018234675328,4749,1046
1763548514,0000008000000080,2018269020300,4751,1047
1763548519,0000000400000004,2018322404405,4751,1048
1763548523,0000002000000080,2018357941033,4749,1049
1763548532,0000000100000004,2018449239147,4753,1050
1763548534,0000008000000080,2018475872872,4749,1051
1763548536,0000008800000004,2018495276810,4751,1052
1763548544,0000000800000004,2018569736888,4750,1053
1763548547,0000000100000001,2018597607417,4752,1054
1763548548,0000008000000080,2018611608004,4751,1055
1763548551,0000000800000002,2018640013541,4747,1056
1763548551,0000000100000002,2018642877241,4746,1057
1763548553,0000000100000001,2018665767979,4752,1058
1763548555,0000000100000008,2018677218494,4752,1059
1763548559,0000000800000080,2018721032853,4743,1060
1763548563,0000002000000040,2018758601975,4752,1061
1763548563,0000000100000008,2018760854263,4752,1062
1763548563,0000000800000004,2018763958207,4752,1063
1763548571,0000000100000004,2018845177545,4752,1064
1763548574,0000000100000001,2018872343907,4752,1065
1763548575,0000008000000080,2018877120626,4752,1066
1763548579,0000000400000001,2018921040095,4753,1067
1763548591,0000002000000020,1469289431837,4753,1068
1763548592,0000000400000002,2019051100668,4752,1069
1763548594,0000000100000002,2019074472801,4747,1070
1763548596,0000000400000004,2019095230881,4753,1071
1763548604,0000004000000008,2019169595341,4752,1072
1763548613,0000004000000002,2019264609333,4753,1073
1763548621,0000000800000002,2019341047695,4751,1074
1763548625,0000000800000001,2019379772921,4754,1075
1763548626,0000008000000004,2019395436708,4753,1076
1763548640,0000002000000010,2019527011137,4752,1077
1763548645,0000000100000008,2019578556711,4742,1078
1763548649,0000000100000004,2019616779342,4752,1079
1763548651,0000004000000080,2019639709790,4753,1080
1763548651,0000008000000080,2019645083566,4753,1081
1763548655,0000001000000080,2019684783066,4747,1082
1763548656,0000000400000002,2019690634763,4749,1083
1763548658,0000000400000002,2019713062527,4750,1084
1763548663,0000000800000002,2019760705500,4729,1085
1763548667,0000008000000080,2019799569487,4713,1086
1763548668,0000000800000001,2019814183077,4713,1087
1763548682,0000008000000008,2019951097621,4680,1088
1763548686,0000000100000001,2019994906267,4679,1089
1763548690,0000001000000001,2020034134432,4647,1090
1763548698,0000004000000004,2020113531972,4619,1091
1763548703,0000008000000008,2020156748728,4601,1092
1763548707,0000004000000004,2020206230832,4564,1093
1763548711,0000000800000004,2020241070236,4537,1094
1763548712,0000000200000008,2020247529678,4535,1095
1763548714,0000000100000080,2020268756585,4525,1096
1763548714,0000000100000001,2020274058083,4520,1097
1763548716,0000004000000004,2020287689838,4510,1098
1763548718,0000008000000004,2020310039480,4459,1099
1763548723,0000000400000001,2020361068387,4435,1100
1763548725,0000000100000002,2020384414189,4373,1101
1763548731,0000004000000008,2020442397132,4305,1102
1763548733,0000000100000008,2020458120451,4292,1103
1763548733,0000000400000004,2020463728583,4278,1104
1763548748,0000000100000080,2020608889822,4068,1105
1763548748,0000002000000080,2020611724634,4068,1106
1763548754,0000004000000008,2020673198470,4068,1107
1763548756,0000000100000008,2020686554429,4069,1108
1763548757,0000004000000008,2020706084803,4068,1109
1763548763,0000000100000080,2020757750579,4068,1110
1763548765,0000000100000010,2020780781898,4068,1111
1763548772,0000000800000002,2020850355408,4068,1112
1763548778,0000000800000001,2020908535742,4068,1113
1763548787,0000004000000008,2020997753641,4068,1114
1763548789,0000004000000004,2021019396174,4068,1115
1763548799,0000000400000001,2021123085228,4068,1116
1763548810,0000000200000004,2021228159814,4070,1117
1763548816,0000000c00000080,2021291016358,4069,1118
1763548818,0000008000000001,2021315128482,4069,1119
1763548823,0000000100000002,2021358765610,4069,1120
1763548835,0000008000000002,2021479518842,4070,1121
1763548843,0000002000000080,2021557678035,4071,1122
1763548844,0000004000000008,2021574730354,4068,1123
1763548847,0000008000000008,2021598319941,4070,1124
1763548850,0000008000000002,2021633652636,4070,1125
1763548857,0000002000000001,2021703803220,4070,1126
1763548857,0000008000000002,2021704772550,4070,1127
1763548868,0000000800000002,2021808161768,4070,1128
1763548870,0000004000000004,2021831993692,4070,1129
1763548878,0000008000000008,2021907627133,4070,1130
1763548889,0000000400000040,2022024288608,4069,1131
1763548905,0000004000000006,2022179742799,4069,1132
1763548914,0000008000000080,2022269586512,4069,1133
1763548921,0000004000000004,2022336326076,4070,1134
1763548924,0000008000000002,2022369213489,4070,1135
1763548929,0000000100000001,2022417571241,4069,1136
1763548936,0000004000000004,2022488344022,4070,1137
1763548942,0000008000000002,2022553080880,4070,1138
1763548946,0000000100000040,2022595606554,4069,1139
1763548950,0000000100000008,2022631218706,4070,1140
1763548950,0000000100000008,2022631279086,4070,1141
1763548956,0000008000000008,2022688202447,4070,1142
1763548956,0000000100000010,2022690721869,4070,1143
1763548966,0000008000000004,2022787532384,4070,1144
1763548970,0000002000000001,2022833724291,4070,1145
1763548976,0000004000000002,2022886535675,4069,1146
1763548976,0000008000000008,2022890191292,4070,1147
1763548977,0000004000000002,2022899277380,4069,1148
1763548978,0000000100000080,2022906560218,4070,1149
1763548979,0000008000000080,2022919252648,4069,1150
1763548981,0000008000000008,2022939462276,4069,1151
1763548996,0000000100000040,2023089000773,4069,1152
1763548997,0000000400000001,2023100975871,4069,1153
1763549004,0000002000000000,2023175814328,4070,1154
1763549011,0000008000000002,2023243691540,4070,1155
1763549012,0000001000000001,2023251991781,4070,1156
1763549017,0000002000000001,2023302214328,4070,1157
1763549019,0000000800000004,2023322451534,4070,1158
1763549028,0000008000000001,2023408945338,4069,1159
1763549040,0000000100000002,2023529553458,4070,1160
1763549044,0000004000000001,2023571033115,4070,1161
1763549049,0000000100000080,2023616324394,4070,1162
1763549059,0000008000000002,2023722130111,4070,1163
1763549061,0000000400000002,2023743837831,4069,1164
1763549061,0000000100000003,2023744984086,4069,1165
1763549073,0000008000000004,2023861748033,4069,1166
1763549079,0000004000000001,2023920733767,4069,1167
1763549081,0000000400000001,2023943116967,4070,1168
1763549083,0000002000000008,2023959347198,4069,1169
1763549085,0000008000000004,2023983619912,4070,1170
1763549099,0000008000000001,2024117537108,4070,1171
1763549101,0000000100000004,2024140209399,4069,1172
1763549107,0000004000000001,2024197778215,4070,1173
1763549118,0000008000000004,2024306775006,4069,1174
1763549123,0000004000000001,2024360849223,4070,1175
1763549127,0000008000000080,2024403346899,4070,1176
1763549128,0000000800000004,2024415933365,4070,1177
1763549136,0000008000000001,2024488316466,4068,1178
1763549143,0000000100000040,2024556533828,4070,1179
1763549147,0000000200000080,2024605740940,4069,1180
1763549150,0000008000000008,2024635022958,4070,1181
1763549152,0000008000000002,2024652458969,4069,1182
1763549153,0000000100000010,2024665740894,4069,1183
1763549156,0000000400000002,2024689270291,4069,1184
1763549156,0000004000000004,2024692447008,4070,1185
1763549157,0000008000000080,2024697547309,4069,1186
1763549159,0000000100000001,2024721243548,4069,1187
1763549167,0000000200000040,2024805887360,4069,1188
1763549168,0000000100000001,2024809447138,4070,1189
1763549172,0000004000000004,2024846575405,4070,1190
1763549172,0000002000000040,2024852736088,4069,1191
1763549173,0000008000000080,2024859050968,4070,1192
1763549173,0000002000000020,1474034537183,4070,1193
1763549177,0000004000000002,2024903385361,4069,1194
1763549181,0000000100000080,2024940573357,4070,1195
1763549185,0000008000000004,2024980393581,4069,1196
1763549191,0000008000000001,2025040119614,4070,1197
1763549192,0000002000000004,2025052392933,4069,1198
1763549202,0000004000000008,2025146929647,4070,1199
1763549207,0000008000000010,2025198017569,4070,1200
1763549210,0000002000000004,2025230535362,4069,1201
1763549213,0000000100000004,2025259933347,4070,1202
1763549215,0000000100000001,2025284187397,4069,1203
1763549220,000000800000000c,2025328808443,4069,1204
1763549227,0000008000000004,2025402973104,4069,1205
1763549229,0000000100000001,2025424035583,4070,1206
1763549246,0000004000000002,2025589654549,4069,1207
1763549249,0000000400000040,2025616662320,4069,1208
1763549249,0000000800000001,2025618696486,4070,1209
1763549266,0000000100000001,2025795249893,4070,1210
1763549268,0000000800000002,2025814504442,4070,1211
1763549275,0000002000000001,2025879055889,4069,1212
1763549278,0000004000000004,2025913062526,4068,1213
1763549280,0000000100000004,2025934112628,4069,1214
1763549286,0000000400000001,2025986673372,4070,1215
1763549287,0000004000000001,2026005906988,4070,1216
1763549294,0000008000000008,2026072592338,4069,1217
1763549295,0000008000000004,2026080417284,4070,1218
1763549296,0000000400000080,2026089957010,4070,1219
1763549302,0000000800000008,2026152756363,4070,1220
1763549303,0000008000000001,2026156815258,4070,1221
1763549304,0000004000000004,2026168996391,4069,1222
1763549317,0000008000000080,2026300457301,4070,1223
1763549318,0000004000000002,2026306554143,4070,1224
1763549318,0000000800000002,2026311581513,4070,1225
1763549318,0000004000000001,2026312489709,4070,1226
1763549320,0000000100000040,2026326940743,4070,1227
1763549320,0000008000000008,2026333691830,4070,1228
1763549351,0000004000000004,2026643479513,4070,1229
1763549351,0000004000000080,2026644181944,4070,1230
1763549353,0000000400000001,2026658669460,4069,1231
1763549367,0000000100000001,2026797313739,4070,1232
1763549396,0000008000000001,2027087627767,4070,1233
1763549397,0000008000000080,2027096916820,4070,1234
1763549401,0000000100000008,2027126692915,4070,1235
1763549403,0000008000000004,2027157486443,4070,1236
1763549403,0000000100000004,2027163179431,4070,1237
1763549408,0000002000000001,2027208580736,4069,1238
1763549411,0000008000000080,2027239259315,4069,1239
1763549424,0000008000000080,2027372212090,4069,1240
1763549425,0000000400000008,2027381731161,4069,1241
1763549425,0000008000000004,2027382896418,4070,1242
1763549426,0000000100000001,2027391885595,4069,1243
1763549433,0000004000000008,2027456171616,4070,1244
1763549436,0000000800000001,2027486425455,4069,1245
1763549453,0000008000000002,2027662134284,4070,1246
1763549454,0000000400000001,2027668654616,4070,1247
1763549454,0000000100000008,2027669046925,4070,1248
1763549456,0000004000000002,2027689830842,4070,1249
1763549457,0000000100000080,2027703459071,4070,1250
1763549465,0000004000000001,2027782420762,4070,1251
1763549471,0000008000000088,2027837716449,4069,1252
1763549473,0000008000000001,2027856242378,4070,1253
1763549473,0000004000000080,2027859851601,4070,1254
1763549473,0000008000000008,2027863191362,4070,1255
1763549481,0000000100000001,2027945347395,4070,1256
1763549483,0000008000000001,2027963085377,4070,1257
1763549485,0000004000000008,2027978526940,4069,1258
1763549486,0000008000000002,2027993778924,4069,1259
1763549488,0000008000000001,2028012910969,4070,1260
1763549489,0000000400000001,2028025844710,4070,1261
1763549501,0000001000000002,2028136181646,4069,1262
1763549504,0000004000000004,2028170527865,4070,1263
1763549522,0000002000000080,2028354496739,4070,1264
1763549533,0000008000000080,2028465194153,4070,1265
1763549534,0000000400000080,2028474671120,4069,1266
1763549537,0000000100000080,2028497763538,4070,1267
1763549555,0000008000000008,2028679171319,4070,1268
1763549555,0000008000000004,2028684977514,4070,1269
1763549557,0000000100000001,2028699092995,4070,1270
1763549580,0000008000000008,2028933951944,4070,1271
1763549588,0000000400000002,2029013480716,4070,1272
1763549597,0000000400000008,2029102465353,4070,1273
1763549601,0000004000000004,2029140683035,4070,1274
1763549605,0000000100000080,2029185334325,4070,1275
1763549620,0000008000000080,2029333359423,4070,1276
1763549630,0000002000000080,2029434674047,4070,1277
1763549642,0000000400000001,2029550658342,4070,1278
1763549647,0000004000000002,2029598603404,4070,1279
1763549655,0000000100000010,2029680647549,4070,1280
1763549658,0000008000000002,2029711418363,4070,1281
1763549659,0000004000000004,2029716989654,4070,1282
1763549665,0000000800000008,2029777467060,4070,1283
1763549670,0000008000000001,2029834653514,4071,1284
1763549676,0000000400000002,2029889376795,4070,1285
1763549677,0000000100000001,2029897782585,4070,1286
1763549680,0000008000000002,2029935729038,4070,1287
1763549683,0000000200000002,2029962168264,4070,1288
1763549698,0000000100000001,2030109537715,4070,1289
1763549702,0000000300000001,2030147016366,4070,1290
1763549704,0000000100000001,2030171595405,4070,1291
1763549705,0000004000000004,2030185670048,4070,1292
1763549712,0000004000000002,2030252513399,4070,1293
1763549715,0000000400000004,2030278925602,4070,1294
1763549716,0000008000000002,2030290187119,4070,1295
1763549721,0000000100000001,2030338450194,4070,1296
1763549722,0000008000000004,2030353857694,4070,1297
1763549724,0000004000000004,2030369132942,4070,1298
1763549734,0000008000000020,1479641072896,4070,1299
1763549735,0000004000000008,2030478760290,8140,1300
1763549744,0000008800000004,2030570055154,4070,1301
1763549744,0000008000000008,2030570350684,4070,1302
1763549748,0000002000000080,2030613488461,4070,1303
1763549749,0000001000000004,2030622618283,4070,1304
1763549759,0000000100000001,2030724206519,4070,1305
1763549763,0000000400000080,2030765637710,4070,1306
1763549765,0000000200000040,2030784779908,4070,1307
1763549806,0000004000000001,2031193607611,4069,1308
1763549807,0000000800000001,2031196599120,4070,1309
1763549808,0000004000000002,2031213614881,4070,1310
1763549809,0000008000000004,2031222729093,4070,1311
1763549815,0000008000000008,2031277867225,4070,1312
1763549815,0000008000000001,2031284478320,4070,1313
1763549828,0000004000000002,2031412847587,4070,1314
1763549836,0000008000000004,2031492318226,4070,1315
1763549839,0000008000000008,2031525684594,4069,1316
1763549841,0000000800000002,2031536050983,4069,1317
1763549850,0000000400000002,2031628966383,4070,1318
1763549857,0000000800000080,2031699342368,4070,1319
1763549860,0000000100000008,2031729316968,4070,1320
1763549886,0000000800000001,2031995713804,4070,1321
1763549889,0000002000000080,2032025854793,4070,1322
1763549895,0000000800000008,2032081675651,4070,1323
1763549906,0000008000000080,2032188415959,4070,1324
1763549907,0000008000000001,2032205353769,4070,1325
1763549913,0000000800000002,2032261852213,4070,1326
1763549920,0000004000000008,2032327974245,4070,1327
1763549928,0000008000000080,2032414190575,4070,1328
1763549931,0000008000000040,2032436102285,4070,1329
1763549934,0000008000000004,2032475466553,4070,1330
1763549939,0000000100000001,2032524041303,4070,1331
1763549941,0000008000000008,2032543128103,4070,1332
1763549946,0000004000000002,2032590634439,4069,1333
1763549950,0000000400000080,2032626692160,4069,1334
1763549961,0000000800000004,2032744447228,8140,1335
1763549969,0000008000000080,2032822226964,4070,1336
1763549975,0000004000000004,2032883320391,4070,1337
1763549976,0000000100000001,2032891353120,4070,1338
1763549979,0000000100000001,2032918732683,4070,1339
1763549986,0000004000000008,2032993604055,4070,1340
1763549989,0000000100000008,2033025893491,4070,1341
1763549995,0000008000000002,2033075943125,4070,1342
1763550001,0000000800000003,2033144897290,4070,1343
1763550002,0000008000000004,2033147166930,4070,1344
1763550005,0000008000000080,2033176497664,4070,1345
1763550007,0000002000000040,2033200152085,4069,1346
1763550013,0000008000000002,2033258836127,4070,1347
1763550013,0000004000000001,2033263477644,4069,1348
1763550032,0000008000000002,2033452480396,4069,1349
1763550035,0000000800000002,2033483240731,4069,1350
1763550038,0000004000000002,2033508944691,4070,1351
1763550040,0000000400000004,2033532776166,4069,1352
1763550041,0000000100000001,2033537982181,4069,1353
1763550052,0000000800000001,2033647566198,4070,1354
1763550058,0000000100000020,2033715142218,4070,1355
1763550059,0000000800000004,2033718324604,4070,1356
1763550067,0000004000000080,2033796964834,4070,1357
1763550067,0000008000000080,2033801364104,4070,1358
1763550077,0000008000000002,2033896939519,4069,1359
1763550087,0000000800000004,2034005473984,4070,1360
1763550091,0000000100000001,2034041877012,4070,1361
1763550096,0000002000000080,2034092139682,4069,1362
1763550097,0000004000000002,2034102468517,4070,1363
1763550097,0000004000000008,2034105391656,4070,1364
1763550103,0000000100000002,2034163520891,4070,1365
1763550105,0000004000000004,2034180419095,4069,1366
1763550107,0000004000000004,2034197048791,4070,1367
1763550126,0000008000000004,2034387958686,4070,1368
1763550126,0000004000000008,2034392852442,4070,1369
1763550146,0000008000000001,2034593077013,4070,1370
1763550157,0000008000000001,2034696443128,4070,1371
1763550164,0000000100000001,2034772384428,4070,1372
1763550165,0000004000000004,2034783563330,4069,1373
1763550168,0000000800000004,2034806405446,4069,1374
1763550181,0000000100000001,2034940360094,4070,1375
1763550187,0000008000000004,2035003243882,4070,1376
1763550197,0000000100000080,2035105461666,4069,1377
1763550200,0000000800000001,2035131961999,4069,1378
1763550206,0000004000000001,2035191952455,4070,1379
1763550207,0000000100000001,2035203695798,4069,1380
1763550209,0000000800000001,2035220367127,4070,1381
1763550210,0000000100000008,2035235390597,4070,1382
1763550211,0000008000000004,2035236528051,4070,1383
1763550212,0000000100000001,2035250980632,4069,1384
1763550220,0000008000000080,2035326473454,4070,1385
1763550238,0000008000000008,2035512586772,4071,1386
1763550244,0000000800000002,2035572410751,4069,1387
1763550251,0000000100000080,2035636086261,4070,1388
1763550267,0000000100000001,2035799118689,4069,1389
1763550267,0000000100000002,2035801004845,4070,1390
1763550278,0000008000000080,2035908930788,4070,1391
1763550284,0000008000000008,2035974501916,4070,1392
1763550288,0000000800000001,2036012684138,4070,1393
1763550297,0000008000000080,2036103603749,4069,1394
1763550302,0000008000000001,2036151902869,4069,1395
1763550304,0000004000000010,2036166184294,4070,1396
1763550318,0000002000000080,2036312370099,4069,1397
1763550324,0000008000000004,2036370888752,4070,1398
1763550326,0000000800000001,2036389545311,4070,1399
1763550330,0000004000000004,2036428292997,4069,1400
1763550336,0000000100000004,2036491647335,4070,1401
1763550339,0000002000000002,2036522188766,4069,1402
1763550365,0000008000000002,2036779505594,4070,1403
1763550368,0000004000000002,2036808750320,4070,1404
1763550373,0000000100000001,2036859177634,4070,1405
1763550377,0000002000000008,2036904145120,4070,1406
1763550378,0000000800000008,2036908329873,4070,1407
1763550385,0000000800000004,2036985765519,4069,1408
1763550389,0000000100000010,2037019012059,4069,1409
1763550391,0000004000000008,2037039918549,4070,1410
1763550393,0000008000000004,2037059074302,4070,1411
1763550394,0000000800000004,2037073437383,4070,1412
1763550398,0000004000000001,2037106149399,4070,1413
1763550412,0000004000000004,2037246033854,4069,1414
1763550426,0000004000000009,2037386775941,4070,1415
1763550442,0000008000000008,2037549401619,4070,1416
1763550454,0000002000000002,2037669230363,4070,1417
1763550454,0000000800000008,2037674849345,4070,1418
1763550465,0000004000000002,2037778075226,4070,1419
1763550471,0000000200000008,2037843753030,4070,1420
1763550473,0000004000000008,2037859811296,4070,1421
1763550479,0000008000000080,2037920086666,4070,1422
1763550498,0000004000000002,2038107991742,4070,1423
1763550521,0000000200000001,2038339085088,4069,1424
1763550526,0000008000000020,1488635040752,4070,1425
1763550529,0000008000000008,2038416407548,4070,1426
1763550530,0000000100000001,2038433442601,4069,1427
1763550536,0000000100000001,2038487756418,4070,1428
1763550536,0000002000000010,2038489095608,4070,1429
1763550539,0000004000000002,2038522686102,4070,1430
1763550556,0000000100000004,2038691253809,4070,1431
1763550558,0000008000000080,2038709717253,4070,1432
1763550573,0000004000000002,2038860156458,4069,1433
1763550578,0000000100000001,2038912219215,4070,1434
1763550587,0000008000000001,2038997812985,4069,1435
1763550590,0000004000000004,2039032653124,4070,1436
1763550591,0000002000000010,2039036880370,4070,1437
1763550602,0000004000000008,2039148806463,4070,1438
1763550606,000000800000000a,2039189496197,4070,1439
1763550617,0000000800000002,2039300176150,4070,1440
1763550618,0000008000000002,2039310606202,4070,1441
1763550629,0000008000000020,1488590738292,4069,1442
1763550631,0000000200000001,2039443432866,4068,1443
1763550639,0000004000000001,2039519197390,4069,1444
1763550644,0000008000000008,2039568896877,4069,1445
1763550648,0000000400000080,2039606739607,4070,1446
1763550669,0000002000000008,2039822258704,4070,1447
1763550694,0000004000000008,2040066556130,4070,1448
1763550714,0000000500000001,2040267166266,4070,1449
1763550734,0000008000000002,2040467914024,4069,1450
1763550737,0000004000000004,2040503212636,4070,1451
1763550740,0000000100000080,2040534121055,4069,1452
1763550747,0000008000000001,2040600096467,4069,1453
1763550751,0000000100000001,2040642370766,4070,1454
1763550753,0000008000000001,2040657935182,4070,1455
1763550753,0000000400000002,2040664644137,4070,1456
1763550760,0000004000000001,2040732023814,4069,1457
1763550766,0000008000000002,2040788362947,4070,1458
1763550768,0000000100000001,2040811515515,4070,1459
1763550771,0000004000000004,2040840378366,4070,1460
1763550783,0000008000000080,2040958753755,4069,1461
1763550784,0000004000000004,2040971512321,4070,1462
1763550785,0000002000000002,2040981008524,4069,1463
1763550787,0000008000000008,2041003202837,4070,1464
1763550792,0000002000000008,2041055298970,4070,1465
1763550793,0000008000000008,2041057691305,4070,1466
1763550800,0000000400000002,2041127739890,4070,1467
1763550807,0000004000000002,2041199516626,4070,1468
1763550813,0000004000000004,2041259020909,4070,1469
1763550815,0000000100000001,2041284605190,4070,1470
1763550817,0000000100000004,2041303911185,4070,1471
1763550819,0000008000000004,2041318322901,4070,1472
1763550820,0000000200000002,2041327365703,4070,1473
1763550828,000000040000000c,2041415143047,4069,1474
1763550851,0000004000000008,2041642477921,4069,1475
1763550858,0000000800000004,2041709419396,4069,1476
1763550861,0000000100000008,2041736768316,4070,1477
1763550866,0000004000000001,2041794640414,4070,1478
1763550881,0000002000000080,2041939012966,4070,1479
1763550882,0000008000000002,2041953016342,4070,1480
1763550894,0000008000000080,2042072957934,4070,1481
1763550906,0000004000000002,2042188922556,4070,1482
1763550909,0000008000000001,2042222108049,4070,1483
1763550911,0000000100000002,2042244241382,4070,1484
1763550926,0000000100000001,2042386419712,4070,1485
1763550927,0000000400000001,2042402040069,4070,1486
1763550933,0000004000000002,2042460602665,4070,1487
1763550936,0000000800000001,2042493724602,4070,1488
1763550939,0000008000000080,2042516122483,4070,1489
1763550943,0000008000000001,2042564399238,4070,1490
1763550945,0000008000000080,2042577087323,4070,1491
1763550948,0000000800000080,2042615206687,4071,1492
1763550963,0000000100000001,2042759545566,4070,1493
1763550963,0000004000000004,2042764664607,4070,1494
1763550966,0000000400000001,2042787835610,4069,1495
1763550976,0000004000000004,2042892297144,4044,1496
1763551003,0000004000000008,2043161447889,4070,1497
1763551004,0000004000000008,2043166181790,4070,1498
1763551013,0000000800000004,2043265090576,4070,1499
1763551014,0000004000000008,2043267253726,4070,1500
1763551015,0000000400000002,2043277142792,4070,1501
1763551024,0000008000000080,2043366714292,4070,1502
1763551028,0000004000000002,2043408429140,4070,1503
1763551043,0000002000000080,2043557062843,4069,1504
1763551049,0000008000000001,2043619611105,4070,1505
1763551057,0000008000000008,2043703110666,4070,1506
1763551060,0000000400000002,2043731627555,4070,1507
1763551078,0000002000000008,2043906437768,4070,1508
1763551080,0000000100000001,2043935029881,4070,1509
1763551081,0000000100000010,2043936095364,4070,1510
1763551086,0000000800000008,2043991384003,4070,1511
1763551089,0000000400000001,2044018719519,4069,1512
1763551096,0000000800000002,2044087154376,4070,1513
1763551099,0000008000000004,2044122663333,4069,1514
1763551102,0000000100000001,2044147460406,4070,1515
1763551102,0000000800000002,2044155581603,4069,1516
1763551105,0000008000000001,2044181595492,4070,1517
1763551110,0000004000000004,2044234337663,4070,1518
1763551116,0000008000000008,2044290775856,4070,1519
1763551117,0000000100000040,2044296191796,4069,1520
1763551120,0000004000000001,2044332473642,4070,1521
1763551131,0000004000000080,2044436430638,4070,1522
1763551133,0000000400000001,2044459199184,4069,1523
1763551133,0000004000000004,2044463794703,4069,1524
1763551148,0000004000000008,2044613749076,4071,1525
1763551149,0000000100000080,2044618009934,4070,1526
1763551156,0000000800000001,2044690958108,4069,1527
1763551159,0000004000000002,2044722335111,4069,1528
1763551161,0000004000000008,2044741020247,8163,1529
1763551163,0000000100000001,2044760243492,4069,1530
1763551170,0000000400000008,2044826930405,4070,1531
1763551172,0000008000000008,2044849107488,4069,1532
1763551173,0000000800000004,2044855898534,4070,1533
1763551182,0000000100000001,2044951068675,4070,1534
1763551185,0000000100000001,2044978410105,4069,1535
1763551202,0000004000000008,2045150305343,4069,1536
1763551206,0000000800000008,2045190303702,4070,1537
1763551206,0000004000000002,2045193253823,4070,1538
1763551209,0000000100000001,2045223342143,4070,1539
1763551211,0000000100000040,2045238410133,4070,1540
1763551217,0000000100000080,2045305207499,4069,1541
1763551220,0000000400000080,2045329201079,4070,1542
1763551231,0000008000000004,2045438240405,4069,1543
1763551236,0000008000000001,2045493354298,4069,1544
1763551243,0000004000000080,2045560108531,4070,1545
1763551244,0000008000000004,2045573154806,4069,1546
1763551246,0000000100000010,2045588151605,4069,1547
1763551248,0000000400000080,2045607730023,4069,1548
1763551249,0000000800000002,2045616491385,4069,1549
1763551255,0000000200000008,2045683794171,4069,1550
1763551270,0000000100000080,2045829281715,4070,1551
1763551273,0000000100000080,2045861478727,4069,1552
1763551286,0000000200000002,2045989171396,4070,1553
1763551291,0000000100000001,2046044225060,4068,1554
1763551294,0000000100000008,2046069702229,4068,1555
1763551296,0000008000000004,2046087076888,4068,1556
1763551303,0000000100000080,2046162055636,4068,1557
1763551318,0000004000000004,2046306849759,4069,1558
1763551318,0000008000000002,2046311128389,4070,1559
1763551318,0000004000000008,2046311538289,4070,1560
1763551323,0000008000000004,2046355640786,4069,1561
1763551326,0000008000000002,2046393067491,4069,1562
1763551329,0000000800000004,2046419744350,4069,1563
1763551333,0000000800000002,2046461405132,4069,1564
1763551337,0000002000000020,1495667379454,4069,1565
1763551337,0000000100000004,2046505087934,4070,1566
1763551340,0000000400000001,2046534778790,4069,1567
1763551345,0000000100000001,2046583849810,4069,1568
1763551347,0000004000000008,2046597438913,4069,1569
1763551349,0000000100000004,2046615790456,4069,1570
1763551352,0000008000000008,2046653848470,4070,1571
1763551361,0000002000000080,2046743839754,4070,1572
1763551362,0000000100000080,2046755083127,4070,1573
1763551371,0000008000000002,2046838531321,4069,1574
1763551371,0000008000000004,2046839599757,4070,1575
1763551378,0000008000000002,2046906042285,4069,1576
1763551379,0000004000000002,2046919960853,4069,1577
1763551385,0000000100000001,2046983137288,4069,1578
1763551391,0000004000000002,2047037827856,4069,1579
1763551402,0000004000000002,2047150708562,4069,1580
1763551417,0000000100000004,2047300422239,4069,1581
1763551417,0000004000000002,2047302535102,4070,1582
1763551430,0000004000000002,2047429703485,4070,1583
1763551432,0000008000000004,2047450279406,4069,1584
1763551434,0000008000000002,2047473386627,4070,1585
1763551439,0000008000000080,2047523244277,4070,1586
1763551440,0000004000000001,2047532602711,4069,1587
1763551442,0000008000000001,2047549629865,4069,1588
1763551443,0000004000000004,2047556249985,4069,1589
1763551449,0000008000000001,2047622570963,4070,1590
1763551464,0000004000000002,2047774209942,4071,1591
1763551466,0000004000000001,2047789701275,4069,1592
1763551468,0000004000000080,2047812523275,4070,1593
1763551475,0000004000000008,2047875813214,4070,1594
1763551479,0000000800000001,2047922760206,4070,1595
1763551483,0000008000000008,2047957789319,4070,1596
1763551491,0000008000000080,2048041995562,4070,1597
1763551492,0000008000000001,2048050781025,4070,1598
1763551498,0000002000000004,2048107770967,4069,1599
1763551508,0000000400000001,2048211040969,4070,1600
1763551513,0000008000000001,2048257435629,4070,1601
1763551513,0000008000000001,2048260937736,4070,1602
1763551516,0000004000000002,2048286641160,4070,1603
1763551520,0000000800000002,2048331158221,4069,1604
1763551535,0000008000000004,2048477429748,4070,1605
1763551536,0000002000000010,2048490934337,4070,1606
1763551541,0000008000000001,2048536538931,4069,1607
1763551542,0000000100000001,2048546822156,4070,1608
1763551553,0000000100000080,2048661170092,4070,1609
1763551560,0000004000000001,2048728506052,4070,1610
1763551567,0000000100000001,2048804110649,4070,1611
1763551571,0000000100000001,2048835882052,4070,1612
1763551572,0000008000000008,2048846842368,4068,1613
1763551573,0000000100000008,2048864000969,4070,1614
1763551581,0000004000000004,2048939344221,4069,1615
1763551582,0000008000000080,2048949017681,4070,1616
1763551589,0000000400000001,2049016838170,4070,1617
1763551601,0000004000000004,2049143008527,4070,1618
1763551604,0000008000000002,2049171810598,4070,1619
1763551605,0000004000000002,2049182347573,4069,1620
1763551615,0000000800000001,2049284911677,4070,1621
1763551624,0000008000000080,2049371534207,4070,1622
1763551626,0000008000000002,2049385543847,4070,1623
1763551629,0000000800000004,2049417318369,4070,1624
1763551631,0000004000000008,2049439355783,4069,1625
1763551656,0000002000000002,2049685840040,4068,1626
1763551669,0000000400000001,2049818650658,4069,1627
1763551673,0000008000000004,2049862238287,4070,1628
1763551674,0000004800000001,2049871115992,4070,1629
1763551684,0000004000000008,2049966903628,4070,1630
1763551690,0000008000000008,2050030738777,4070,1631
1763551694,0000000100000008,2050071027739,4070,1632
1763551696,000000800000000c,2050086905117,4070,1633
1763551698,0000004000000008,2050109331889,4070,1634
1763551706,0000000100000002,2050191381726,4070,1635
1763551709,0000008000000002,2050222123487,4070,1636
1763551712,0000000800000004,2050245818856,4070,1637
1763551720,0000000800000001,2050328229284,4070,1638
1763551721,0000008000000001,2050339722526,4070,1639
1763551723,0000000100000010,2050357041983,4070,1640
1763551728,0000008000000040,2050411881603,4070,1641
1763551729,0000000100000008,2050423270189,4070,1642
1763551739,0000000100000080,2050516279093,4070,1643
1763551741,0000008000000080,2050545437940,4070,1644
1763551745,0000000400000010,2050575843691,4069,1645
1763551748,0000008000000004,2050607076950,4070,1646
1763551753,0000000100000001,2050657645363,4070,1647
1763551754,0000000800000008,2050672362970,4070,1648
1763551755,0000008000000004,2050675838816,4070,1649
1763551765,0000000200000001,2050781528985,4070,1650
1763551768,0000000200000040,2050809327545,4070,1651
1763551772,0000008000000080,2050852299877,4070,1652
1763551773,0000000800000002,2050859190506,4070,1653
1763551779,0000000800000001,2050919542656,4069,1654
1763551795,0000000800000001,2051082886279,4070,1655
1763551796,0000008000000080,2051090272521,4070,1656
1763551821,0000004000000008,2051342674863,4070,1657
1763551830,0000004000000001,2051435370804,4069,1658
1763551832,0000004000000002,2051447551626,4070,1659
1763551838,0000008000000040,2051507579894,4070,1660
1763551840,0000000400000001,2051528824195,4069,1661
1763551840,0000004000000004,2051530961054,4070,1662
1763551850,0000008000000001,2051629944951,4070,1663
1763551851,0000002000000040,2051644547908,4070,1664
1763551859,0000000800000001,2051715879760,4069,1665
1763551862,0000000800000004,2051748094937,4070,1666
1763551867,0000008000000004,2051804805619,4070,1667
1763551869,0000000100000001,2051816525854,4070,1668
1763551869,0000000100000001,2051821647834,4069,1669
1763551878,0000004000000001,2051915059089,4070,1670
1763551885,0000008000000004,2051983324592,4069,1671
1763551901,0000008000000004,2052139197177,4070,1672
1763551905,0000000800000001,2052179795670,4070,1673
1763551915,0000008000000004,2052284916024,4069,1674
1763551919,0000000100000001,2052318157854,4070,1675
1763551924,0000000800000080,2052372161925,4070,1676
1763551925,0000000800000002,2052384270831,4070,1677
1763551929,0000004000000004,2052422987858,4070,1678
1763551937,0000008000000001,2052503941506,4070,1679
1763551944,0000008000000001,2052572747956,4070,1680
1763551948,0000008000000080,2052606517666,4070,1681
1763551948,0000002000000080,2052615055713,4070,1682
1763551966,0000008000000004,2052787680031,4070,1683
1763551974,0000008000000001,2052870398245,4070,1684
1763551976,0000000100000080,2052885555699,4070,1685
1763551992,0000008000000001,2053053770325,4070,1686
1763551996,0000000100000002,2053093226673,4069,1687
1763552003,0000004000000080,2053159331799,4070,1688
1763552019,0000008000000002,2053319855577,4070,1689
1763552028,0000000100000002,2053413164753,4070,1690
1763552038,0000000100000003,2053508138839,4070,1691
1763552038,0000008000000080,2053514864118,4070,1692
1763552058,0000008000000080,2053709258717,4070,1693
1763552065,0000002000000080,2053780472381,4070,1694
1763552068,0000004000000001,2053811981450,4070,1695
1763552069,0000008000000080,2053821824231,4069,1696
1763552072,0000004000000008,2053852950309,4070,1697
1763552075,0000004000000004,2053876893501,4070,1698
1763552075,0000004100000001,2053882931032,4070,1699
1763552077,0000008000000080,2053904943635,4070,1700
1763552087,0000000800000001,2054002347443,4070,1701
1763552095,0000000400000080,2054083572729,4070,1702
1763552101,0000004000000001,2054142819386,4070,1703
1763552110,0000008000000080,2054232538545,4070,1704
1763552112,0000002000000080,2054247469760,4069,1705
1763552112,0000000100000008,2054248181224,4070,1706
1763552128,0000000400000002,2054407884097,4069,1707
1763552140,0000004000000080,2054532527019,4070,1708
1763552161,0000004000000008,2054743642724,4070,1709
1763552171,0000008000000004,2054840652151,4069,1710
1763552185,0000004000000004,2054983887440,4070,1711
1763552188,0000004000000001,2055012777598,4070,1712
1763552199,0000000100000004,2055121108910,4070,1713
1763552203,0000000800000002,2055160230823,4069,1714
1763552221,0000004000000002,2055340452866,4069,1715
1763552238,0000008000000080,2055509698768,4069,1716
1763552248,0000008000000008,2055613111358,4070,1717
1763552251,0000008000000002,2055635720532,4070,1718
1763552255,0000008000000002,2055684882803,4070,1719
1763552258,0000000400000001,2055706024263,4070,1720
1763552259,0000004000000080,2055725064885,4069,1721
1763552264,0000008000000008,2055771793128,4070,1722
1763552268,0000008000000080,2055812402465,4071,1723
1763552269,0000008000000001,2055820567029,4070,1724
1763552275,0000008000000004,2055877722040,4070,1725
1763552282,0000000800000003,2055951634790,4070,1726
1763552282,0000000100000001,2055953716346,4070,1727
1763552282,0000000400000002,2055955086498,4070,1728
1763552284,0000004000000008,2055972740529,4070,1729
1763552306,0000000400000080,2056187960339,4070,1730
1763552309,0000000100000001,2056215651435,4070,1731
1763552310,0000000400000001,2056226232993,4070,1732
1763552347,0000008000000002,2056604174750,4069,1733
1763552352,0000008000000080,2056651092719,4070,1734
1763552359,0000000800000020,1505885913134,4070,1735
1763552379,0000008000000008,2056922271353,4070,1736
1763552398,0000004000000008,2057108399878,4070,1737
1763552406,0000000100000003,2057189968190,4071,1738
1763552413,0000008000000080,2057257041006,4070,1739
1763552414,0000004000000002,2057266600311,4070,1740
1763552417,0000000100000002,2057297176800,4070,1741
1763552417,0000000100000010,2057301564954,4069,1742
1763552418,0000000400000080,2057306174181,4070,1743
1763552447,0000000100000040,2057602264899,4069,1744
1763552450,0000008000000002,2057627985220,4069,1745
1763552450,0000000100000080,2057634892587,4069,1746
1763552457,0000004000000001,2057697749999,8139,1747
1763552458,0000008000000008,2057709203918,4069,1748
1763552474,0000008000000080,2057871007104,4070,1749
1763552475,0000000200000080,2057875342304,4070,1750
1763552477,0000008000000001,2057895546445,4069,1751
1763552487,0000000400000008,2057995663712,4069,1752
1763552500,0000008000000004,2058125338418,4070,1753
1763552503,0000004000000002,2058164419360,4070,1754
1763552513,0000000400000001,2058261771209,4070,1755
1763552532,0000000800000008,2058452260312,4070,1756
1763552532,0000000100000008,2058453415119,4070,1757
1763552535,0000000c00000008,2058483201267,4070,1758
1763552537,0000004000000008,2058495664637,4070,1759
1763552539,0000000800000002,2058518398781,4070,1760
1763552541,0000008000000004,2058537969986,4070,1761
1763552555,0000008000000002,2058676767159,4069,1762
1763552561,0000000800000001,2058739064077,4070,1763
1763552567,0000008000000080,2058796013127,4070,1764
1763552568,0000000100000008,2058806258335,4070,1765
1763552571,0000008000000001,2058842024737,4070,1766
1763552576,0000008000000080,2058891015948,4070,1767
1763552585,0000000400000001,2058978243983,4070,1768
1763552586,0000004000000004,2058987813592,4070,1769
1763552591,0000008000000008,2059042475866,4070,1770
1763552594,0000008000000080,2059073848787,4070,1771
1763552596,0000000100000080,2059093757568,4070,1772
1763552598,0000008000000004,2059114964298,4069,1773
1763552600,0000000100000003,2059130866251,4070,1774
1763552605,0000000400000001,2059179849554,4070,1775
1763552608,0000000400000008,2059213803228,4070,1776
1763552619,0000000100000001,2059318401176,4070,1777
1763552622,0000000800000001,2059353500832,4070,1778
1763552625,0000008000000080,2059380175015,4070,1779
1763552629,0000000800000008,2059418288564,4070,1780
1763552634,0000000800000040,2059468366877,4070,1781
1763552640,0000000200000002,2059525735374,4070,1782
1763552653,0000000400000001,2059659139219,4070,1783
1763552660,0000000400000002,2059732632917,4069,1784
1763552663,0000000800000002,2059756303708,4070,1785
1763552679,0000000800000001,2059915940919,4070,1786
1763552684,0000008000000001,2059965894953,4069,1787
1763552684,0000002000000004,2059974032164,4069,1788
1763552686,0000008000000004,2059988368986,4070,1789
1763552701,0000008000000080,2060142390233,4070,1790
1763552707,0000008000000008,2060196810954,4070,1791
1763552709,0000000400000004,2060215357722,4070,1792
1763552711,0000000100000002,2060244844776,4070,1793
1763552717,0000008000000002,2060303974015,4070,1794
1763552719,0000000800000008,2060323841784,4071,1795
1763552720,0000004000000001,2060325869131,4069,1796
1763552723,0000000100000008,2060363211008,4070,1797
1763552734,0000004000000008,2060466117072,4070,1798
1763552743,0000004000000001,2060555663394,4070,1799
1763552752,0000000400000002,2060649064253,4070,1800
1763552755,0000000100000080,2060680758230,4069,1801
1763552759,0000008000000080,2060720649375,4070,1802
1763552763,0000004000000004,2060757939312,4069,1803
1763552764,0000004000000001,2060772605363,4069,1804
1763552776,0000004000000008,2060889776351,4070,1805
1763552778,0000004000000002,2060911140385,4070,1806
1763552787,0000008000000002,2061002011442,4070,1807
1763552788,0000004000000008,2061013297258,4070,1808
1763552789,0000000800000002,2061017742731,4070,1809
1763552793,0000004000000010,2061059225387,4070,1810
1763552794,0000008000000080,2061070262891,4070,1811
1763552795,0000004000000008,2061077139262,4070,1812
1763552797,0000000800000001,2061095802084,4070,1813
1763552815,0000004000000008,2061284025490,4070,1814
1763552817,0000004000000004,2061296782516,4070,1815
1763552822,0000004000000004,2061351808180,4070,1816
1763552836,0000008000000002,2061485856674,4070,1817
1763552842,0000000400000004,2061552035418,4070,1818
1763552854,0000000400000008,2061667762607,4070,1819
1763552865,0000008000000004,2061776875257,4070,1820
1763552880,0000000800000001,2061934980943,4070,1821
1763552908,0000000800000004,2062207775497,4070,1822
1763552908,0000004000000080,2062212508849,4070,1823
1763552913,0000000100000008,2062256501621,4070,1824
1763552913,0000000800000001,2062258906070,4070,1825
1763552916,0000000900000002,2062295025878,4070,1826
1763552930,0000000100000004,2062425667937,4069,1827
1763552937,0000002000000004,2062501537976,4069,1828
1763552938,0000000400000080,2062513669261,4070,1829
1763552943,0000000800000001,2062562217019,4069,1830
1763552945,0000000100000004,2062583153549,4068,1831
1763552966,0000008000000080,2062785526993,4069,1832
1763552972,0000004000000008,2062848322492,4069,1833
1763552972,0000004000000008,2062850356647,4070,1834
1763552972,0000001000000008,2062852915895,4070,1835
1763552989,0000004000000004,2063020273191,4070,1836
1763552991,0000008000000001,2063037479016,4070,1837
1763552991,0000008000000002,2063043571876,4070,1838
1763552993,0000000800000001,2063056683155,4070,1839
1763552998,0000004000000004,2063105832631,4070,1840
1763552998,0000000100000004,2063113283425,4070,1841
1763553005,0000000800000001,2063179014792,4069,1842
1763553020,0000008000000001,2063327014815,4070,1843
1763553022,0000008000000004,2063349498537,4070,1844
1763553031,0000008000000080,2063444803530,4070,1845
1763553038,0000008000000080,2063505915398,4070,1846
1763553048,0000004000000001,2063611897727,4070,1847
1763553057,0000008000000001,2063698035677,4070,1848
1763553066,0000002000000004,2063789919534,4070,1849
1763553070,0000008000000008,2063826454996,4070,1850
1763553071,0000004000000002,2063835900546,4070,1851
1763553084,0000008000000008,2063970061979,4070,1852
1763553086,0000004000000008,2063991626713,4070,1853
1763553090,0000000800000001,2064025260365,4070,1854
1763553092,0000001000000080,2064050375126,4070,1855
1763553094,0000008000000080,2064072451184,4070,1856
1763553096,0000008000000008,2064093987216,4070,1857
1763553107,0000008000000008,2064204595520,4070,1858
1763553112,0000000100000001,2064245254878,4070,1859
1763553128,0000004000000001,2064408275690,4070,1860
1763553136,0000000800000001,2064488706492,4070,1861
1763553139,0000000400000008,2064517242734,4070,1862
1763553141,0000008000000008,2064544800949,4070,1863
1763553146,0000008000000080,2064586793353,4070,1864
1763553157,0000000800000001,2064701311490,4070,1865
1763553158,0000000800000080,2064707964054,4070,1866
1763553163,0000002000000008,2064760650993,4070,1867
1763553165,0000000800000002,2064778674701,4070,1868
1763553179,0000008000000008,2064917546524,4070,1869
1763553180,0000008000000008,2064929657731,4069,1870
1763553187,0000000100000008,2064995860544,4070,1871
1763553191,0000000100000001,2065043384504,4070,1872
1763553205,0000004000000002,2065179036776,4070,1873
1763553207,0000000800000002,2065200920479,4070,1874
1763553210,0000000400000008,2065227859563,4070,1875
1763553226,0000000400000001,2065388238244,4070,1876
1763553228,0000000100000001,2065405228518,4070,1877
1763553238,0000000400000001,2065513010280,4069,1878
1763553246,0000004000000004,2065594211850,4070,1879
1763553257,0000004000000008,2065704966401,4070,1880
1763553278,0000000800000002,2065914256017,4070,1881
1763553280,0000000400000001,2065932922563,4070,1882
1763553283,0000000800000002,2065958054055,4070,1883
1763553290,0000008000000004,2066029485082,4070,1884
1763553291,0000000800000008,2066035896874,4069,1885
1763553292,0000004000000080,2066050045463,4070,1886
1763553294,0000008000000001,2066067612529,4070,1887
1763553297,0000004000000020,1516343723629,4070,1888
1763553305,0000008000000004,2066180843814,4070,1889
1763553308,0000008000000080,2066207646301,4070,1890
1763553312,0000004000000002,2066245248651,4070,1891
1763553314,0000008000000080,2066268103384,4068,1892
1763553316,0000000100000001,2066286232443,4070,1893
1763553326,0000004000000008,2066385461691,4070,1894
1763553330,0000000100000080,2066425514888,4069,1895
1763553331,0000000400000001,2066436925482,4070,1896
1763553333,0000004000000004,2066457879884,4070,1897
1763553340,0000000800000001,2066533884821,4070,1898
1763553341,0000000100000080,2066535447679,4070,1899
1763553342,0000004000000004,2066550159002,4070,1900
1763553342,0000000800000001,2066551469349,4070,1901
1763553354,0000004000000080,2066670692957,4070,1902
1763553364,0000000400000002,2066770338125,4070,1903
1763553364,0000004000000004,2066773598053,4070,1904
1763553382,0000000800000080,2066945098053,4070,1905
1763553389,0000004000000001,2067022356684,4070,1906
1763553391,0000008000000002,2067036373175,4070,1907
1763553396,0000000400000001,2067088007720,4069,1908
1763553412,0000000100000080,2067250021724,4069,1909
1763553414,0000008000000008,2067269145045,4070,1910
1763553414,0000000800000004,2067274372344,4071,1911
1763553441,0000000800000001,2067535580519,4070,1912
1763553443,0000004000000004,2067560496038,4070,1913
1763553449,0000004000000002,2067617216701,4070,1914
1763553450,0000008000000080,2067635006177,4070,1915
1763553454,0000008800000002,2067671184747,4070,1916
1763553482,0000000400000008,2067948403238,4070,1917
1763553484,0000008000000001,2067973396580,4070,1918
1763553490,0000004000000004,2068025202974,4070,1919
1763553490,0000008000000008,2068027621580,4070,1920
1763553497,0000004000000004,2068101735472,4070,1921
1763553521,0000000100000040,2068338041666,4070,1922
1763553523,0000000100000001,2068356540563,4070,1923
1763553524,0000008000000002,2068366233018,4070,1924
1763553529,0000000100000004,2068419929156,4070,1925
1763553537,0000000800000002,2068504972014,4070,1926
1763553547,0000000100000080,2068599134602,4070,1927
1763553553,0000004000000001,2068657928852,4070,1928
1763553556,0000004000000080,2068689437982,4069,1929
1763553562,0000000100000001,2068745308572,4070,1930
1763553574,0000002000000002,2068865850132,4069,1931
1763553574,0000004000000001,2068871418210,4070,1932
1763553575,0000004000000008,2068876761668,4069,1933
1763553579,0000008000000008,2068915221521,4069,1934
1763553579,0000000800000001,2068921061734,4070,1935
1763553580,0000004000000008,2068934725889,4070,1936
1763553598,0000004000000001,2069113776855,4069,1937
1763553599,0000008000000081,2069120191062,4070,1938
1763553605,0000000800000004,2069176664822,4070,1939
1763553605,0000008000000004,2069181715114,4070,1940
1763553617,0000008000000002,2069295138131,4070,1941
1763553620,0000008000000080,2069328040121,4070,1942
1763553628,0000004000000080,2069407596366,4070,1943
1763553645,0000004000000008,2069578866390,4069,1944
1763553649,0000000100000008,2069624321027,4069,1945
1763553656,0000008000000008,2069692076879,4070,1946
1763553659,0000008000000080,2069724180326,4070,1947
1763553669,0000000400000008,2069819005542,4070,1948
1763553687,0000008000000001,2070000103287,4069,1949
1763553688,0000000800000001,2070005636446,4068,1950
1763553695,0000000400000001,2070076561793,4068,1951
1763553699,0000000100000004,2070116400548,4070,1952
1763553701,0000008000000002,2070136562825,4070,1953
1763553719,0000000800000080,2070323718677,4070,1954
1763553728,0000004000000006,2070407003571,4070,1955
1763553742,0000001000000080,2070546438273,4070,1956
1763553752,0000004000000008,2070648243257,4070,1957
1763553758,0000004000000008,2070705167066,4070,1958
1763553759,0000000100000010,2070719679807,4070,1959
1763553760,0000008000000080,2070733851598,4070,1960
1763553764,0000008000000080,2070771095727,4070,1961
1763553769,0000004000000004,2070818997943,4070,1962
1763553773,0000008000000002,2070861572124,4070,1963
1763553785,0000000400000080,2070980203243,4070,1964
1763553801,0000008000000080,2071144704934,4070,1965
1763553805,0000008000000001,2071184729307,4070,1966
1763553809,0000008000000002,2071217815162,4070,1967
1763553809,0000000800000002,2071218166141,4070,1968
1763553832,0000004000000008,2071452075067,4070,1969
1763553837,0000000200000010,2071500501858,4069,1970
1763553842,0000000100000002,2071553267882,4070,1971
1763553848,0000008000000080,2071605599998,4070,1972
1763553851,0000008000000004,2071638640803,4069,1973
1763553851,0000008000000001,2071644105359,4069,1974
1763553870,0000008000000080,2071827485894,4070,1975
1763553873,0000008000000008,2071859272461,4070,1976
1763553876,0000000800000080,2071890540493,4070,1977
1763553886,0000008000000001,2071990669523,4070,1978
1763553887,0000008000000001,2072004324574,4070,1979
1763553890,0000004000000001,2072031698669,4069,1980
1763553894,0000004000000003,2072069438470,4070,1981
1763553908,0000004000000004,2072206595604,4069,1982
1763553911,0000008000000002,2072235528322,4070,1983
1763553912,0000008000000008,2072254753906,4070,1984
1763553917,0000000100000001,2072296554700,4070,1985
1763553922,0000000100000002,2072352979913,4070,1986
1763553922,0000000800000002,2072354336934,4070,1987
1763553933,0000004000000001,2072458389381,4070,1988
1763553935,0000008000000040,2072481540166,4069,1989
1763553949,0000000400000004,2072624657910,4071,1990
1763553964,0000004000000001,2072773215955,4069,1991
1763553968,0000008000000080,2072809303749,4070,1992
1763553970,0000002000000008,2072825798491,4070,1993
1763553979,0000000800000008,2072916966167,4070,1994
1763553997,0000008000000080,2073100982711,4070,1995
1763554003,0000000800000002,2073157560568,4070,1996
1763554009,0000008000000080,2073219970608,4070,1997
1763554013,0000000800000080,2073261676676,4069,1998
1763554019,0000000100000001,2073320622125,4070,1999
1763554023,0000004000000008,2073363167858,4070,2000
1763554028,0000000800000002,2073414332766,4070,2001
1763554044,0000002000000080,2073571401013,4070,2002
1763554056,0000008000000001,2073693008994,4069,2003
1763554062,0000000100000020,1522915873278,4070,2004
1763554066,0000002000000010,2073788409063,4070,2005
1763554103,0000008000000008,2074162575328,4070,2006
1763554113,0000004000000001,2074261049372,4070,2007
1763554126,0000008000000004,2074390207542,4070,2008
1763554132,0000000200000008,2074449512716,4070,2009
1763554147,0000000100000008,2074600545448,4070,2010
1763554164,0000008000000001,2074772553031,4070,2011
1763554168,0000008000000008,2074809130131,4070,2012
1763554170,0000000400000000,2074833574232,4070,2013
1763554176,0000004000000001,2074893429872,4070,2014
1763554185,0000000800000001,2074975675068,4070,2015
1763554195,0000000100000080,2075083907008,4070,2016
1763554201,0000000100000080,2075143825814,4069,2017
1763554203,0000008000000080,2075160953572,4070,2018
1763554209,0000000500000001,2075224629541,4070,2019
1763554210,0000000100000008,2075233504254,4070,2020
1763554217,0000008000000080,2075296077150,4070,2021
1763554222,0000001000000001,2075349984576,4070,2022
1763554224,0000008000000002,2075370851706,4070,2023
1763554230,0000000200000080,2075426016443,4070,2024
1763554230,0000000100000001,2075428317880,4070,2025
1763554242,0000008000000001,2075550765860,4070,2026
1763554243,0000000100000004,2075559021918,4070,2027
1763554245,0000008000000008,2075582827974,4070,2028
1763554251,0000000400000001,2075643808151,4069,2029
1763554259,0000004000000080,2075723692127,4070,2030
1763554268,0000000400000001,2075807244820,4069,2031
1763554272,0000000100000008,2075854667114,4070,2032
1763554273,0000004000000003,2075860852563,4070,2033
1763554275,0000002000000002,2075880236039,4070,2034
1763554277,0000000100000001,2075897985005,4071,2035
1763554290,0000000000000004,2076027517663,4070,2036
1763554298,0000002000000040,2076113236773,4069,2037
1763554300,0000000100000008,2076126743077,4070,2038
1763554304,0000008000000080,2076171116907,4070,2039
1763554358,0000002000000001,2076712379832,4069,2040
1763554360,0000002000000080,2076726043347,4069,2041
1763554363,0000000d00000003,2076758089649,4070,2042
1763554373,0000000800000001,2076863916453,4069,2043
1763554375,0000000800000002,2076881122335,4070,2044
1763554390,0000004000000002,2077029126462,4070,2045
1763554398,0000000400000004,2077107232766,4070,2046
1763554412,0000000800000002,2077250575039,4070,2047
1763554415,0000000400000001,2077275061609,4070,0
1763554420,0000004000000001,2077325542782,4069,1
1763554422,0000008000000080,2077350083719,4070,2
1763554430,0000004000000002,2077431234085,4069,3
1763554430,0000004000000004,2077432500784,4070,4
1763554436,0000001000000010,2077485318814,4070,5
1763554437,0000008000000004,2077496819075,4070,6
1763554445,0000008000000080,2077575126055,4070,7
1763554447,0000004000000002,2077600471105,4070,8
1763554447,0000000400000001,2077603810731,4070,9
1763554449,0000000100000080,2077622267579,4070,10
1763554452,0000000100000008,2077648099325,4070,11
1763554454,0000004000000002,2077669069494,4069,12
1763554456,0000008000000080,2077693277269,4070,13
1763554458,0000008000000008,2077705025168,4070,14
1763554461,0000008000000080,2077743207969,4069,15
1763554465,0000004000000008,2077781410010,4070,16
1763554477,0000000100000010,2077903645955,4070,17
1763554489,0000004000000002,2078018407249,4070,18
1763554496,0000000100000001,2078089647386,4070,19
1763554497,0000004000000008,2078104368110,4070,20
1763554499,0000000100000008,2078117215024,4070,21
1763554500,0000000100000001,2078127391573,4070,22
1763554502,0000004000000001,2078150330774,4070,23
1763554510,0000002000000004,2078231572655,4070,24
1763554516,0000000100000001,2078287295218,4070,25
1763554520,0000008000000004,2078325943306,4069,26
1763554527,0000008000000080,2078394887286,4070,27
1763554541,0000008000000001,2078542772634,4070,28
1763554549,0000004000000008,2078620163281,4070,29
1763554562,0000000800000004,2078754204582,4070,30
1763554565,0000000800000008,2078780578443,4070,31
1763554581,0000004000000008,2078942156152,4070,32
1763554595,0000000400000004,2079083612382,4070,33
1763554613,0000000100000002,2079263471194,4070,34
1763554615,0000008000000001,2079277644876,4070,35
1763554620,0000008000000004,2079331822957,4070,36
1763554628,0000004000000001,2079414374120,4070,37
1763554630,0000002000000004,2079427607371,4070,38
1763554643,0000008000000001,2079556906961,4070,39
1763554649,0000000200000002,2079618780914,4070,40
1763554655,0000000100000002,2079678332629,4070,41
1763554660,0000000100000002,2079733269204,4070,42
1763554661,0000002000000010,2079735353618,4069,43
1763554662,0000008000000001,2079753456753,4070,44
1763554663,0000002000000040,2079760553121,4070,45
1763554668,0000008000000002,2079806023401,4070,46
1763554676,0000004000000040,2079886821529,4070,47
1763554687,0000004800000002,2080004575417,4070,48
1763554694,0000008000000002,2080073801268,4069,49
1763554696,0000000400000001,2080086030065,4070,50
1763554716,0000000100000080,2080285788994,4068,51
1763554720,0000000100000001,2080329934750,4070,52
1763554723,0000000100000001,2080359033851,4070,53
1763554727,0000000100000002,2080398322518,4069,54
1763554729,0000008000000080,2080417942915,4070,55
1763554735,0000000400000004,2080483803286,4069,56
1763554736,0000000100000001,2080487903501,4069,57
1763554747,0000004000000002,2080602398175,4070,58
1763554751,0000008000000004,2080636789785,4070,59
1763554751,0000000100000010,2080642281370,4069,60
1763554762,0000000100000002,2080751809638,4070,61
1763554769,0000004000000002,2080815126955,4070,62
1763554789,0000000100000001,2081015716695,4070,63
1763554797,0000000400000004,2081102156096,4070,64
1763554799,0000008000000004,2081120663250,4070,65
1763554804,0000002000000008,2081171457246,4070,66
1763554809,0000004000000002,2081219596392,4071,67
1763554818,0000008000000001,2081312533781,4069,68
1763554823,0000000800000001,2081357474773,4069,69
1763554824,0000000800000001,2081374141656,4069,70
1763554834,0000008000000004,2081466742146,4070,71
1763554839,0000008000000001,2081519682550,4069,72
1763554841,0000008000000004,2081540079811,4069,73
1763554844,0000000100000008,2081565055319,4068,74
1763554873,0000004000000004,2081863143795,4070,75
1763554878,0000008000000008,2081907291237,4070,76
1763554880,0000004000000080,2081931989160,4069,77
1763554889,0000008000000001,2082021721669,4069,78
1763554894,0000008000000008,2082073603897,4069,79
1763554899,0000000800000001,2082117236031,4069,80
1763554906,0000008000000002,2082193830037,4069,81
1763554909,0000000400000002,2082214997063,4070,82
1763554913,0000000100000001,2082257142913,4070,83
1763554913,0000004000000004,2082260669006,4070,84
1763554919,0000008000000004,2082319002693,4069,85
1763554920,0000004000000008,2082325291860,4069,86
1763554921,0000000100000001,2082341683913,4069,87
1763554922,0000000800000004,2082352740539,4069,88
1763554940,0000004000000004,2082525997246,4069,89
1763554947,0000000400000002,2082601145139,4069,90
1763554951,0000008000000001,2082644137534,4070,91
1763554959,0000004000000002,2082719992750,4069,92
1763554969,0000008000000080,2082820696885,4069,93
1763554972,0000000100000001,2082854400875,4069,94
1763554974,0000000100000008,2082867648344,4070,95
1763554984,0000008000000088,2082965864468,4070,96
1763554986,0000000100000010,2082984701911,4070,97
1763554988,0000000400000008,2083011641419,4069,98
1763554993,0000008000000080,2083058651889,4070,99
1763554993,0000000800000002,2083059472975,4070,100
1763554999,0000002000000080,2083117980841,4070,101
1763555011,0000008000000080,2083235185619,4069,102
1763555012,0000008000000002,2083253701570,4069,103
1763555030,0000000200000040,2083424985649,4070,104
1763555039,0000000100000004,2083519930764,4069,105
1763555056,0000000800000080,2083692661230,4070,106
1763555081,0000004000000002,2083941703649,4069,107
1763555084,0000008000000008,2083970478170,4070,108
1763555085,0000000100000001,2083980804710,4069,109
1763555089,0000008000000080,2084018131831,4070,110
1763555093,0000000500000001,2084057709821,4069,111
1763555097,0000001000000088,2084098375846,4069,112
1763555100,0000002000000001,2084133549508,4070,113
1763555109,0000008000000001,2084219881931,4070,114
1763555111,0000000800000002,2084236550692,4070,115
1763555120,0000004000000008,2084330953017,4069,116
1763555125,0000008000000004,2084376321717,4070,117
1763555130,0000008000000004,2084432267824,4070,118
1763555149,000000400000000a,2084621207868,4070,119
1763555156,0000000400000004,2084686026360,4069,120
1763555162,0000002000000001,2084753685395,4070,121
1763555164,0000004000000004,2084770226910,4070,122
1763555164,0000004000000001,2084771789838,4069,123
1763555172,0000000100000002,2084849744553,4069,124
1763555176,0000008000000004,2084885300808,4070,125
1763555188,0000008000000002,2085005292942,4070,126
1763555195,0000004000000001,2085081295660,4070,127
1763555199,0000004000000001,2085119875069,4068,128
1763555204,0000008000000080,2085172109263,4069,129
1763555210,0000000400000002,2085227602251,4070,130
1763555214,0000000800000080,2085274109741,4069,131
1763555223,0000008000000080,2085363423391,4070,132
1763555226,0000000800000001,2085384593831,4070,133
1763555236,0000000400000040,2085486107713,4070,134
1763555246,0000004000000004,2085585674736,4070,135
1763555247,0000004000000002,2085601258987,4070,136
1763555261,0000000600000001,2085740701980,4070,137
1763555282,0000000800000002,2085947571896,4069,138
1763555285,0000000100000008,2085974534123,4070,139
1763555285,0000002000000080,2085980460351,4070,140
1763555314,0000002000000004,2086270976462,4069,141
1763555322,0000008000000008,2086350923688,4069,142
1763555324,0000000800000001,2086370569719,4070,143
1763555327,0000004000000002,2086399685064,4069,144
1763555329,0000008000000004,2086415550602,4069,145
1763555332,0000008000000080,2086450898786,4070,146
1763555334,0000008000000080,2086467289817,4070,147
1763555334,0000000100000002,2086467952564,4070,148
1763555336,0000008000000008,2086493850725,4070,149
1763555337,0000000200000010,2086496099714,4070,150
1763555342,0000000100000080,2086546479496,4070,151
1763555352,0000000100000080,2086644990604,4070,152
1763555358,0000002000000008,2086713650062,4069,153
1763555364,0000000600000001,2086774166700,4070,154
1763555373,0000000200000080,2086856000719,4070,155
1763555376,0000000100000080,2086893040029,4070,156
1763555400,0000004000000040,2087130038704,4070,157
1763555426,0000008000000008,2087386233230,4070,158
1763555428,0000002000000010,2087409431158,4070,159
1763555431,0000004000000008,2087439514236,4069,160
1763555433,0000000800000080,2087456809907,4070,161
1763555448,0000002000000004,2087612328657,4070,162
1763555451,0000000800000001,2087634813099,4070,163
1763555461,0000000400000002,2087735744013,4070,164
1763555461,0000000100000008,2087739579044,4070,165
1763555479,0000000400000001,2087914623985,4070,166
1763555485,0000000800000001,2087980897827,4070,167
1763555486,0000004000000040,2087986886931,4069,168
1763555490,0000004000000080,2088034208232,4070,169
1763555492,0000000800000080,2088052693443,4068,170
1763555499,0000008000000001,2088124316446,8140,171
1763555510,0000000800000001,2088226614640,4070,172
1763555519,0000004800000004,2088315315983,4070,173
1763555528,0000004000000008,2088404950522,4069,174
1763555533,0000000400000008,2088460101257,4070,175
1763555533,0000004000000001,2088461286447,4070,176
1763555534,0000000100000080,2088473674832,4069,177
1763555545,0000008000000080,2088581735584,4070,178
1763555549,0000004000000008,2088622253402,4070,179
1763555552,0000000100000002,2088652952200,4070,180
1763555554,0000000400000001,2088669604858,4070,181
1763555555,0000008000000080,2088683312790,4070,182
1763555558,0000008000000001,2088709966862,4070,183
1763555560,0000008000000002,2088729566720,4070,184
1763555560,0000000100000000,2088732333504,4070,185
1763555566,0000000400000002,2088784742569,4070,186
1763555570,0000000100000001,2088824784270,4070,187
1763555577,0000000400000008,2088896558889,4070,188
1763555584,0000000400000001,2088972560067,4069,189
1763555592,0000008000000008,2089048282939,4070,190
1763555602,0000008000000080,2089151222821,4069,191
1763555624,0000008000000080,2089370151766,4070,192
1763555629,0000004000000008,2089417506012,4070,193
1763555637,0000000500000001,2089496886339,4070,194
1763555642,0000000100000001,2089547509904,4069,195
1763555648,0000000100000001,2089613567456,4070,196
1763555658,0000004000000002,2089712772724,4070,197
1763555663,0000008000000002,2089760201501,4070,198
1763555663,0000000100000080,2089763436227,4070,199
1763555666,0000000800000001,2089785122146,4070,200
1763555677,0000008000000080,2089898605771,4070,201
1763555680,0000008000000080,2089932003857,4070,202
1763555686,0000002000000004,2089990372946,4070,203
1763555688,0000000800000002,2090004830265,4069,204
1763555692,0000000500000001,2090051524205,4070,205
1763555692,0000004000000008,2090052187376,4070,206
1763555710,0000008000000080,2090225909082,4070,207
1763555724,0000000100000001,2090367055686,4069,208
1763555728,0000000800000002,2090411688833,4070,209
1763555731,0000004000000001,2090439432538,4070,210
1763555732,0000000100000004,2090446128847,4070,211
1763555738,0000000400000004,2090507278706,4070,212
1763555740,0000008000000001,2090526594339,4070,213
1763555744,0000004000000003,2090566846675,4070,214
1763555747,0000000100000001,2090598947044,4070,215
1763555752,0000000800000001,2090650313985,4070,216
1763555755,0000004000000002,2090674968608,4070,217
1763555764,0000008000000040,2090770972065,4069,218
1763555767,0000008000000080,2090794557405,4068,219
1763555768,0000000800000002,2090810701869,4069,220
1763555770,0000000400000080,2090830786114,4070,221
1763555771,0000004000000008,2090843250490,4070,222
1763555774,0000008000000008,2090870951053,4070,223
1763555806,0000000100000002,2091190730287,4069,224
1763555814,0000004000000002,2091265413437,4070,225
1763555816,0000000100000008,2091284871821,4069,226
1763555827,0000000100000080,2091395053118,4070,227
1763555839,0000004000000080,2091520998155,4069,228
1763555840,0000004000000004,2091526401521,4069,229
1763555853,0000008000000008,2091655379914,4069,230
1763555854,0000000400000080,2091667749794,4070,231
1763555862,0000008000000008,2091748536590,4069,232
1763555866,0000000100000001,2091787446021,4070,233
1763555866,0000001000000001,2091793128832,4069,234
1763555867,0000008000000002,2091794932361,4070,235
1763555874,0000004000000080,2091866999617,4070,236
1763555874,0000000400000080,2091872792484,4069,237
1763555880,0000000400000001,2091927383870,4070,238
1763555885,0000004000000008,2091977701157,4069,239
1763555899,0000004000000001,2092119292230,4070,240
1763555906,0000000100000001,2092189084070,4069,241
1763555910,0000008000000004,2092232459082,4070,242
1763555919,0000000100000080,2092314507151,4070,243
1763555921,0000004000000008,2092344061315,4069,244
1763555922,0000000100000004,2092349313231,4070,245
1763555931,0000002000000004,2092438294251,4070,246
1763555932,000000c000000008,2092444372052,4069,247
1763555942,0000008000000080,2092551913128,4070,248
1763555963,0000000400000001,2092756869001,4069,249
1763555977,0000004000000002,2092898204161,4070,250
1763555979,0000000100000008,2092918172513,4070,251
1763555984,0000000100000001,2092966073133,4069,252
1763555990,0000008000000004,2093027350907,4069,253
1763555994,0000000400000002,2093068942684,4070,254
1763555997,0000008000000002,2093101499936,4069,255
1763556003,0000000100000001,2093155763430,4069,256
1763556015,0000000100000040,2093279785189,4069,257
1763556015,0000000100000001,2093284229482,4069,258
1763556016,0000004000000002,2093292097458,4070,259
1763556039,0000002000000004,2093517609086,4070,260
1763556041,0000008000000004,2093541407355,4070,261
1763556043,0000000800000004,2093557657603,4069,262
1763556050,0000004400000002,2093624415839,4070,263
1763556057,0000002000000040,2093702124402,4069,264
1763556064,0000000800000004,2093764901335,4069,265
1763556068,0000004000000008,2093814330391,4071,266
1763556081,0000008000000001,2093942134098,4070,267
1763556102,0000004000000080,2094147996489,4070,268
1763556109,0000000400000004,2094224178156,4070,269
1763556117,0000008000000002,2094298321960,4070,270
1763556119,0000000100000004,2094323901115,4070,271
1763556126,0000000100000001,2094386219260,4070,272
1763556137,0000004000000001,2094496231207,4070,273
1763556151,0000000800000002,2094635085766,4070,274
1763556158,0000004000000001,2094711306145,4070,275
1763556172,0000000400000002,2094848811662,4070,276
1763556200,0000000100000001,2095134127122,4070,277
1763556204,0000002000000008,2095169389427,4070,278
1763556211,0000000800000001,2095243197002,4069,279
1763556218,0000001000000010,2095307847517,4070,280
1763556220,0000008000000004,2095325475843,4070,281
1763556227,0000000800000008,2095398006155,4068,282
1763556230,0000004000000001,2095428361967,4068,283
1763556232,0000000400000001,2095447074861,4068,284
1763556252,0000008000000002,2095645115416,4070,285
1763556261,0000000100000080,2095741364691,4069,286
1763556269,0000000100000001,2095820094189,4070,287
1763556282,0000000800000008,2095948014897,4070,288
1763556284,0000000800000001,2095973293133,4069,289
1763556287,0000000100000001,2096001443715,4070,290
1763556302,0000000800000002,2096146299024,4070,291
1763556302,0000000100000001,2096146300142,4070,292
1763556311,0000004000000004,2096239670347,4070,293
1763556316,0000004000000002,2096286934284,4070,294
1763556336,0000008900000002,2096487261699,4070,295
1763556370,0000000800000004,2096830389686,4070,296
1763556371,0000002000000010,2096834513717,4070,297
1763556371,0000000100000080,2096838096079,4070,298
1763556371,0000000400000001,2096839219275,4070,299
1763556375,0000000400000002,2096881225857,4070,300
1763556383,0000000800000002,2096961098650,4070,301
1763556395,0000000100000006,2097079656457,4070,302
1763556398,0000000400000001,2097108861783,4070,303
1763556407,0000008000000004,2097200671198,4069,304
1763556429,0000008000000001,2097414518417,4070,305
1763556434,0000008000000002,2097465247907,4070,306
1763556444,0000004000000008,2097567677044,4070,307
1763556463,0000000800000002,2097762380322,4070,308
1763556465,0000008000000001,2097778176082,4070,309
1763556466,0000000100000004,2097790912338,4070,310
1763556472,0000000800000004,2097847925207,4070,311
1763556487,0000008000000002,2098002007964,4070,312
1763556493,0000000400000005,2098059160410,4070,313
1763556503,0000008000000001,2098155927845,4070,314
1763556508,0000000800000008,2098212354813,4070,315
1763556512,0000000400000001,2098250424140,4070,316
1763556519,0000008000000008,2098314537184,4069,317
1763556521,0000004000000004,2098334435821,4070,318
1763556525,0000004000000001,2098382867401,4070,319
1763556526,0000002000000008,2098389053892,4070,320
1763556534,0000008000000080,2098473143209,4069,321
1763556537,0000008000000080,2098504062151,4070,322
1763556557,0000008000000004,2098694319025,4070,323
1763556565,0000008000000001,2098774964807,4070,324
1763556565,0000000800000004,2098776041236,4070,325
1763556612,0000008000000080,2099252263993,4070,326
1763556615,0000000100000004,2099276965603,4070,327
1763556626,0000000800000004,2099384254531,4070,328
1763556627,0000004000000001,2099402195613,4070,329
1763556627,0000004000000001,2099404177679,4070,330
1763556642,0000008000000080,2099545441208,4069,331
1763556644,0000004000000002,2099564794405,4070,332
1763556659,0000008000000008,2099716440418,4070,333
1763556660,0000000100000008,2099724625447,4069,334
1763556668,0000008000000008,2099812217327,4070,335
1763556670,0000000100000010,2099827109586,4070,336
1763556679,0000004000000004,2099916171774,4070,337
1763556685,0000002000000001,2099982150603,4069,338
1763556686,0000000400000001,2099988811365,4070,339
1763556688,000000c000000008,2100007469926,4070,340
1763556688,0000000800000004,2100009448864,4070,341
1763556708,0000000800000002,2100207310251,4070,342
1763556733,0000008000000001,2100457220576,4069,343
1763556751,0000000800000004,2100636786808,4070,344
1763556751,0000004000000008,2100640393253,4070,345
1763556751,0000004000000004,2100644097299,4068,346
1763556768,0000000400000001,2100809561724,4069,347
1763556769,0000000100000080,2100824028756,4070,348
1763556772,0000004000000001,2100844251404,4070,349
1763556783,0000000100000001,2100954675852,4069,350
1763556783,0000008000000080,2100963093399,4070,351
1763556787,0000002000000004,2101003533381,4070,352
1763556795,0000004000000001,2101074251309,4070,353
1763556801,0000000100000084,2101140426081,4070,354
1763556808,0000008000000008,2101212424817,4069,355
1763556817,0000004000000001,2101303538609,4070,356
1763556820,0000004000000008,2101326727464,4070,357
1763556831,0000000100000003,2101439887437,4070,358
1763556833,000000c000000082,2101460860998,4070,359
1763556847,0000000100000080,2101602197576,4070,360
1763556854,000000c000000080,2101666128502,4070,361
1763556860,0000004000000006,2101732760505,4070,362
1763556865,0000002000000010,2101783189316,4070,363
1763556901,0000000800000001,2102136120045,4069,364
1763556904,0000008000000080,2102172250295,4069,365
1763556910,000000c000000002,2102233517050,4069,366
1763556928,0000004400000001,2102413697923,4069,367
1763556937,0000000400000080,2102498150470,4070,368
1763556945,0000002000000001,2102577513205,4070,369
1763556947,0000008000000002,2102597279376,4069,370
1763556949,0000004000000002,2102618029542,4069,371
1763556950,0000008000000004,2102627723488,4069,372
1763556955,0000000100000001,2102680148880,4069,373
1763556956,0000008000000001,2102693756129,4069,374
1763556966,0000000100000001,2102785256216,4070,375
1763556970,0000000800000001,2102833776710,4068,376
1763556972,0000004000000002,2102849159637,4070,377
1763556985,0000000400000001,2102980761172,4069,378
1763556987,0000008000000008,2102996984698,4069,379
1763556998,0000000100000006,2103109074268,4069,380
1763557004,0000000100000001,2103172910305,4069,381
1763557019,0000000800000008,2103320035394,4070,382
1763557020,0000004000000008,2103330889260,4069,383
1763557036,0000008000000008,2103488949396,4069,384
1763557038,0000000100000080,2103504287788,4069,385
1763557044,0000004000000004,2103567733324,4070,386
1763557050,0000000100000080,2103625390054,4069,387
1763557059,0000008000000001,2103716080861,4069,388
1763557059,0000000800000001,2103720855013,4069,389
1763557061,0000004000000004,2103741126764,4069,390
1763557066,0000000400000004,2103784978414,4070,391
1763557069,0000004000000080,2103821360071,4070,392
1763557092,0000008000000001,2104052866076,4069,393
1763557093,0000004000000080,2104058709967,4069,394
1763557102,0000000400000002,2104151904359,4070,395
1763557104,0000000800000008,2104167944317,4070,396
1763557105,0000000400000008,2104182758345,4071,397
1763557126,0000004000000004,2104393303973,4069,398
1763557140,0000000400000080,2104526976632,4070,399
1763557145,0000004000000080,2104574624053,4070,400
1763557151,0000004000000002,2104636706967,4069,401
1763557175,0000000100000001,2104882885535,4069,402
1763557178,0000008000000008,2104904606964,4069,403
1763557180,0000000400000001,2104927456595,4069,404
1763557184,0000008000000002,2104971241597,4069,405
1763557184,0000000400000002,2104972009728,4069,406
1763557186,0000008800000001,2104985169471,4069,407
1763557187,0000004000000004,2104995115167,4069,408
1763557194,0000008000000004,2105064860129,4070,409
1763557194,0000008000000008,2105070608796,4069,410
1763557199,0000000800000003,2105123707393,4070,411
1763557207,0000000800000080,2105202123930,4070,412
1763557220,0000004000000001,2105330270186,4070,413
1763557224,0000008000000004,2105371602583,4070,414
1763557240,0000000800000001,2105528641217,4069,415
1763557251,0000004000000008,2105635718918,4070,416
1763557251,0000008000000002,2105639449524,4070,417
1763557258,0000000800000002,2105705550279,4069,418
1763557278,0000008000000001,2105906487420,4069,419
1763557284,0000004000000002,2105964984962,4070,420
1763557285,0000000100000080,2105978393468,4069,421
1763557292,0000008000000001,2106045794307,4070,422
1763557293,0000000400000002,2106054775993,4069,423
1763557293,0000008000000002,2106059313819,4070,424
1763557314,0000004000000002,2106268582203,4069,425
1763557335,0000000800000001,2106476162452,4070,426
1763557337,0000008000000020,1555674104768,4070,427
1763557350,0000004000000002,2106628854006,4069,428
1763557351,0000000400000004,2106641235090,4069,429
1763557353,0000000100000008,2106661080788,4069,430
1763557382,0000004000000002,2106949757424,4069,431
1763557384,0000008000000002,2106964044455,4069,432
1763557385,0000008000000004,2106981684297,4069,433
1763557387,0000000400000080,2106997885649,4069,434
1763557389,0000008000000004,2107019072603,4069,435
1763557398,0000000100000008,2107108356076,4069,436
1763557408,0000004000000010,2107208720423,4069,437
1763557413,0000000400000008,2107263544580,4069,438
1763557415,0000000100000001,2107275113616,4069,439
1763557416,0000002000000040,2107292071875,4069,440
1763557421,0000008000000004,2107342398787,4069,441
1763557445,0000000100000001,2107580686776,4069,442
1763557459,0000008000000080,2107720609730,4069,443
1763557466,0000000800000002,2107784102279,4069,444
1763557475,0000000100000001,2107877528231,4069,445
1763557477,0000004000000081,2107896987634,4069,446
1763557483,0000000800000002,2107959797295,4070,447
1763557484,0000000100000080,2107973206868,4069,448
1763557494,0000004000000080,2108065168179,4069,449
1763557495,0000008000000002,2108082515051,4069,450
1763557500,0000000100000040,2108125425659,4069,451
1763557504,0000000400000001,2108168705165,4069,452
1763557505,0000008000000080,2108180161114,4069,453
1763557520,0000001000000001,2108324574609,4069,454
1763557521,0000008000000001,2108343897749,4069,455
1763557524,0000004000000001,2108366272996,4070,456
1763557524,0000000800000002,2108370606898,4070,457
1763557525,0000000100000020,1557546010176,4070,458
1763557532,0000008000000002,2108446672571,4069,459
1763557533,0000000800000080,2108463172619,4069,460
1763557537,0000000400000004,2108498008866,4069,461
1763557545,0000000100000001,2108578602284,4069,462
1763557548,0000008000000008,2108604723906,4069,463
1763557549,0000008000000008,2108615680585,4070,464
1763557552,0000004000000002,2108646039159,4069,465
1763557552,0000000100000001,2108652007396,4069,466
1763557558,0000000200000002,2108707685059,4069,467
1763557559,0000008000000004,2108720507926,4070,468
1763557573,0000004000000001,2108857589422,4069,469
1763557577,0000000800000001,2108900915469,4069,470
1763557582,0000004000000002,2108953816929,4069,471
1763557594,0000000400000001,2109072155157,4070,472
1763557597,0000000100000004,2109096577199,4069,473
1763557599,0000008000000001,2109122249875,4070,474
1763557607,0000008000000004,2109199251905,4069,475
1763557608,0000000400000002,2109208304623,4069,476
1763557610,0000008000000008,2109224745700,4069,477
1763557624,0000004100000003,2109368141677,4069,478
1763557625,0000000800000080,2109382723562,4069,479
1763557637,0000000400000004,2109498394492,4069,480
1763557646,0000008000000080,2109585637264,4069,481
1763557664,0000004000000004,2109764639311,4069,482
1763557693,0000000800000003,2110058717823,4069,483
1763557693,0000000800000002,2110060560982,4069,484
1763557695,0000008000000004,2110074399188,4069,485
1763557695,0000004000000008,2110083786181,4069,486
1763557700,0000004000000008,2110125383094,4069,487
1763557717,0000000100000001,2110300336025,8139,488
1763557718,0000000800000004,2110308971930,4069,489
1763557730,0000000200000002,2110432022345,4070,490
1763557757,0000000200000008,2110698686948,4069,491
1763557758,0000008800000004,2110711917438,4069,492
1763557761,0000004000000008,2110743173461,4069,493
1763557774,0000000800000040,2110865593178,4069,494
1763557781,0000004000000004,2110937069777,4069,495
1763557781,0000000100000004,2110943689310,4069,496
1763557794,000000400000000c,2111067601859,4069,497
1763557796,0000008000000080,2111087945997,4069,498
1763557796,0000000800000008,2111092555011,4069,499
1763557800,0000008000000002,2111132741254,4069,500
1763557809,0000004800000004,2111214766332,4069,501
1763557809,0000000800000001,2111216847050,4070,502
1763557825,0000000100000001,2111381907416,4069,503
1763557830,0000000800000008,2111426598550,4069,504
1763557836,0000004000000080,2111484131710,4070,505
1763557863,0000000100000001,2111754716014,4069,506
1763557867,0000000400000004,2111796665443,4069,507
1763557868,0000008000000008,2111805114484,4069,508
1763557876,0000000100000004,2111893784393,4069,509
1763557882,0000008000000004,2111950010210,4069,510
1763557882,000000c000000082,2111950537886,4069,511
1763557901,0000000100000001,2112137102148,4069,512
1763557903,0000008000000008,2112154008626,4069,513
1763557905,0000008000000008,2112177241784,4069,514
1763557911,0000000400000001,2112233922790,4069,515
1763557923,0000002000000040,2112355298277,4069,516
1763557939,0000000400000004,2112515688394,4070,517
1763557942,0000000100000001,2112545934734,4069,518
1763557945,0000000100000001,2112576708159,4069,519
1763557949,0000008000000004,2112617351730,4069,520
1763557957,0000008000000080,2112700938444,4070,521
1763557959,0000008000000008,2112723376995,4069,522
1763557968,0000000100000001,2112812212515,4070,523
1763557968,0000000800000004,2112812895738,4070,524
1763557979,0000004000000002,2112921974767,4069,525
1763557994,0000000800000001,2113064705830,4069,526
1763558005,0000004000000004,2113175809646,4069,527
1763558006,0000000100000001,2113185173206,4069,528
1763558012,0000000800000001,2113247042358,4070,529
1763558020,0000008000000080,2113327895552,4069,530
1763558027,0000008000000002,2113402642271,4069,531
1763558032,0000000400000001,2113451720510,4069,532
1763558037,0000000400000080,2113496269866,4069,533
1763558081,0000000400000001,2113943030975,4069,534
1763558116,0000001000000002,2114288712214,4069,535
1763558130,000000c000000080,2114430302849,4069,536
1763558141,0000000800000001,2114539998974,4069,537
1763558145,0000000400000008,2114581314269,4069,538
1763558152,0000000100000080,2114648056003,4069,539
1763558164,0000008000000080,2114773158012,4069,540
1763558165,0000000700000001,2114778730047,4069,541
1763558169,0000002000000010,2114819783673,4069,542
1763558178,0000004000000002,2114908221678,4069,543
1763558202,0000000100000080,2115149816970,4069,544
1763558203,0000000800000002,2115157567325,4069,545
1763558205,0000000100000008,2115179989422,4069,546
1763558206,0000008000000001,2115184539361,4069,547
1763558214,0000008000000002,2115271864547,4069,548
1763558215,0000000100000080,2115278812743,4069,549
1763558219,0000002000000001,2115313790447,4069,550
1763558224,0000000400000002,2115369326808,4069,551
1763558227,0000000c00000002,2115400943502,4070,552
1763558249,0000004000000040,2115614289805,4069,553
1763558251,0000000400000002,2115640455670,4069,554
1763558268,0000000800000004,2115810895497,4069,555
1763558272,0000008000000004,2115853708462,4069,556
1763558290,0000000400000001,2116024434014,4069,557
1763558302,0000000800000001,2116146672191,4069,558
1763558307,0000000100000001,2116201007255,4070,559
1763558312,0000000100000001,2116251585871,4070,560
1763558316,0000000100000080,2116284590702,4070,561
1763558320,0000000800000001,2116329132615,4069,562
1763558323,0000008000000001,2116363644379,4069,563
1763558350,0000000800000004,2116625212274,4069,564
1763558351,0000004000000001,2116633927110,4069,565
1763558358,0000008000000008,2116707498627,4069,566
1763558370,0000008000000008,2116833097211,4070,567
1763558371,0000000100000001,2116838538406,4070,568
1763558372,0000000800000002,2116846198097,4069,569
1763558373,0000000200000080,2116861778901,4069,570
1763558378,0000000100000002,2116904803040,4069,571
1763558379,0000008000000080,2116917969050,4069,572
1763558382,0000004000000002,2116948740272,4069,573
1763558411,0000004000000004,2117239842579,4069,574
1763558413,0000000400000040,2117263372355,4069,575
1763558417,0000004000000008,2117299589347,4069,576
1763558418,0000008000000080,2117309213271,4070,577
1763558418,0000000800000008,2117313194113,4070,578
1763558419,0000008000000002,2117322854759,4070,579
1763558424,0000008000000002,2117366596083,4070,580
1763558425,0000008000000004,2117375744203,4070,581
1763558458,0000000100000001,2117712224629,4070,582
1763558460,0000000800000004,2117733029929,4070,583
1763558468,0000001000000008,2117806800891,4070,584
1763558471,0000000100000080,2117837517872,4069,585
1763558471,0000008000000004,2117838798035,4070,586
1763558472,0000004000000001,2117845991211,4069,587
1763558481,0000008000000001,2117941901663,4069,588
1763558488,0000008000000008,2118010590398,4069,589
1763558489,0000000400000002,2118017362488,4070,590
1763558489,0000000100000001,2118018240591,4069,591
1763558494,0000008000000004,2118068981268,4069,592
1763558500,0000008000000080,2118124256740,4069,593
1763558512,0000008000000001,2118245312891,4069,594
1763558515,0000000200000001,2118274750194,4069,595
1763558528,0000000800000001,2118404581167,4069,596
1763558530,0000000200000008,2118426876459,4069,597
1763558538,0000000400000001,2118509295060,4069,598
1763558543,0000000100000001,2118555961830,4069,599
1763558547,0000008000000080,2118601438210,4069,600
1763558549,0000000100000001,2118615079549,4069,601
1763558552,0000000100000080,2118646141334,4069,602
1763558562,0000000100000080,2118747819371,4069,603
1763558579,0000008000000008,2118920280967,4069,604
1763558584,0000004000000080,2118970954256,4069,605
1763558590,0000008800000080,2119030538928,4070,606
1763558591,0000000100000001,2119042021439,4069,607
1763558595,0000004000000002,2119079277698,4068,608
1763558622,0000004000000002,2119352061259,4069,609
1763558638,0000002000000004,2119508903900,4070,610
1763558651,0000000400000002,2119633845811,4068,611
1763558651,0000008000000002,2119643471929,4070,612
1763558662,0000000800000002,2119746401466,4069,613
1763558669,0000000800000082,2119821693612,4070,614
1763558670,0000000100000001,2119826426580,4070,615
1763558672,0000000800000080,2119850359386,4070,616
1763558680,0000004000000008,2119927154433,4069,617
1763558693,0000008000000002,2120062514780,4069,618
1763558700,0000000400000001,2120132654101,4069,619
1763558711,000000c500000080,2120239846828,4069,620
1763558712,0000000800000001,2120244504332,4069,621
1763558730,0000008000000008,2120423957862,8139,622
1763558733,0000000100000010,2120458308656,4069,623
1763558740,0000000100000001,2120528310919,4069,624
1763558740,0000000800000082,2120530324929,4070,625
1763558743,0000000800000004,2120563398001,4069,626
1763558764,0000008000000080,2120764771391,4070,627
1763558778,0000004000000002,2120908291874,4070,628
1763558778,0000000800000002,2120908915412,4070,629
1763558795,0000004000000004,2121080389223,4070,630
1763558818,0000000400000001,2121308614227,4069,631
1763558828,0000000800000004,2121405429350,4070,632
1763558837,0000000100000001,2121499851079,4069,633
1763558837,0000004000000002,2121500360807,4070,634
1763558839,0000000100000008,2121514480699,4069,635
1763558844,0000008000000001,2121566294990,4069,636
1763558846,0000000400000001,2121587439343,4069,637
1763558848,0000008000000001,2121605853251,4070,638
1763558850,0000008000000008,2121629949497,4069,639
1763558856,0000008000000002,2121686231424,4069,640
1763558860,0000000300000001,2121727194159,4069,641
1763558870,0000004000000001,2121826576210,4069,642
1763558901,0000008000000080,2122134719665,4069,643
1763558903,0000008000000001,2122159901608,4069,644
1763558915,000000c000000008,2122280137034,4070,645
1763558918,0000008000000004,2122308542910,4070,646
1763558937,0000000200000001,2122497721244,4069,647
1763558939,0000000400000002,2122521081028,4070,648
1763558945,0000000800000004,2122574737546,4069,649
1763558950,0000000400000001,2122627590682,4069,650
1763558954,0000004000000008,2122670011284,4069,651
1763558957,0000004000000004,2122699523039,4069,652
1763558960,0000000100000004,2122728728922,4069,653
1763558960,0000000100000004,2122732516819,4069,654
1763558960,0000008000000004,2122733134945,4069,655
1763558971,0000004000000002,2122842837461,4069,656
1763558974,0000004000000002,2122871741537,4069,657
1763558976,0000004000000008,2122884944818,4069,658
1763558979,0000008000000002,2122916445244,4069,659
1763558985,0000004000000001,2122977904212,4070,660
1763558993,0000008000000001,2123058736477,4069,661
1763558994,0000004000000004,2123071250641,4069,662
1763558997,0000008000000002,2123094924564,4069,663
1763559007,0000004000000004,2123196668884,4070,664
1763559026,0000000100000080,2123391040663,4069,665
1763559054,0000000400000040,2123672902896,4069,666
1763559056,0000008000000001,2123683991729,4069,667
1763559062,0000004000000001,2123744758517,4069,668
1763559073,0000004000000004,2123856854645,4069,669
1763559077,0000008000000001,2123893725330,4069,670
1763559092,0000008000000080,2124046950354,4069,671
1763559094,0000004000000001,2124065051030,4069,672
1763559103,0000000400000001,2124160633358,4069,673
1763559109,0000000100000008,2124219444259,4069,674
1763559119,0000004000000002,2124316099025,4069,675
1763559129,0000008000000002,2124419098698,4069,676
1763559133,0000004000000002,2124462010698,4069,677
1763559148,0000008000000004,2124607403529,4070,678
1763559161,0000000100000040,2124735965371,4069,679
1763559171,0000008000000004,2124837707677,4070,680
1763559177,0000004000000004,2124902586360,4070,681
1763559180,0000008000000008,2124931019984,4070,682
1763559182,0000000100000001,2124946159049,4069,683
1763559182,0000008000000002,2124949799222,4070,684
1763559190,0000008000000008,2125030066963,4070,685
1763559220,0000000400000001,2125332407086,4069,686
1763559248,0000008000000001,2125606216625,4070,687
1763559258,0000008000000080,2125705073377,4070,688
1763559260,0000008000000002,2125730939779,4069,689
1763559260,0000000800000001,2125732244972,4069,690
1763559262,0000008000000008,2125753348894,4069,691
1763559266,0000000400000002,2125788696119,4070,692
1763559267,0000008000000001,2125799027838,4070,693
1763559270,0000000100000001,2125827816130,4069,694
1763559275,0000008000000004,2125876061694,4069,695
1763559283,0000004000000004,2125961457149,4069,696
1763559286,0000004000000001,2125985273732,4069,697
1763559293,0000000100000003,2126060987636,4070,698
1763559296,0000000200000040,2126086361291,4069,699
1763559297,0000004000000002,2126094836399,4069,700
1763559313,0000000400000002,2126257199326,4069,701
1763559314,0000008000000004,2126270284451,4069,702
1763559332,0000008000000001,2126449741345,4069,703
1763559344,0000008000000004,2126565483970,4070,704
1763559357,0000000800000080,2126701328212,4069,705
1763559365,0000000400000001,2126774344098,4070,706
1763559377,0000000100000001,2126898609932,4069,707
1763559379,0000000100000040,2126917823715,4070,708
1763559382,0000002000000001,2126945209532,4069,709
1763559383,0000008000000002,2126957350939,4069,710
1763559384,0000004000000002,2126971327510,4070,711
1763559387,0000000900000004,2126996374672,4069,712
1763559389,0000004000000008,2127021857902,4069,713
1763559401,0000000100000001,2127134996291,4069,714
1763559406,0000004000000002,2127186356007,4069,715
1763559406,0000000400000001,2127188771245,4070,716
1763559407,0000000800000001,2127195751121,4070,717
1763559408,0000000100000080,2127204235219,4069,718
1763559421,0000000800000004,2127339247448,4070,719
1763559426,0000000400000002,2127389290734,4069,720
1763559440,0000008000000080,2127526513833,4069,721
1763559441,0000008000000008,2127534045577,4070,722
1763559442,0000000400000001,2127551783358,4070,723
1763559453,0000002000000040,2127659006895,4069,724
1763559454,0000000100000004,2127672513606,4070,725
1763559459,0000008000000008,2127720488108,4069,726
1763559460,0000008000000004,2127732064172,4070,727
1763559462,0000008000000002,2127745306435,4069,728
1763559464,0000004000000004,2127764102309,4071,729
1763559464,0000000100000004,2127764752849,4070,730
1763559482,0000004000000001,2127951119566,4069,731
1763559484,0000000400000004,2127968725694,4070,732
1763559488,0000008000000080,2128007488728,4070,733
1763559489,0000000100000001,2128016009674,4070,734
1763559496,0000000800000004,2128089454548,4069,735
1763559504,0000008000000008,2128165096855,4069,736
1763559509,0000000200000080,2128222262012,4069,737
1763559513,0000000100000001,2128262963731,4069,738
1763559516,0000008000000004,2128288999869,4069,739
1763559523,0000000200000004,2128354474294,4070,740
1763559554,0000008000000008,2128670070978,4070,741
1763559570,0000000400000002,2128833328620,4070,742
1763559575,0000004000000001,2128874637437,4070,743
1763559578,0000008000000006,2128913140822,4070,744
1763559579,0000000800000002,2128916561384,4070,745
1763559591,0000004000000080,2129038519991,4068,746
1763559595,0000000400000004,2129078519148,4068,747
1763559602,0000000400000002,2129150844727,4068,748
1763559610,0000008000000008,2129225722533,4070,749
1763559624,0000008000000080,2129373278027,4070,750
1763559635,0000008000000008,2129476833084,4070,751
1763559638,0000004000000004,2129513351352,4070,752
1763559658,0000000100000001,2129710436024,4070,753
1763559666,0000008000000080,2129792620285,4070,754
1763559678,0000000100000001,2129906666746,4070,755
1763559686,0000008000000004,2129984031784,4070,756
1763559687,0000008000000001,2130001616712,4070,757
1763559689,0000004000000008,2130015300309,4070,758
1763559690,0000008000000080,2130025940355,4070,759
1763559690,0000000100000001,2130030715285,4070,760
1763559694,0000008000000002,2130070020440,4070,761
1763559723,0000000800000002,2130361935068,4070,762
1763559743,0000000c00000080,2130559943492,4070,763
1763559758,0000000400000008,2130709614566,4070,764
1763559770,0000008000000001,2130826176921,4070,765
1763559779,0000002000000002,2130914718678,4070,766
1763559781,0000004000000008,2130942647117,4070,767
1763559786,0000008000000002,2130988566497,4069,768
1763559786,0000000100000001,2130991057528,4070,769
1763559798,0000000100000004,2131108590737,4070,770
1763559801,0000000400000001,2131143092701,4070,771
1763559806,0000000800000002,2131188934385,4070,772
1763559816,0000000400000001,2131289519102,4070,773
1763559816,0000008000000008,2131289818140,4069,774
1763559827,0000000800000004,2131402299031,4070,775
1763559839,0000000200000010,2131519584945,4070,776
1763559853,0000000800000004,2131661928313,4070,777
1763559860,0000008000000080,2131725370563,4070,778
1763559869,0000002000000080,2131817297576,4070,779
1763559876,0000008000000002,2131887585907,4070,780
1763559896,0000008000000008,2132089748532,4070,781
1763559900,0000008000000080,2132125596629,4070,782
1763559915,0000008000000004,2132282863234,4070,783
1763559930,0000008000000080,2132430704603,4070,784
1763559942,0000000100000002,2132543881638,4070,785
1763559954,0000000100000080,2132664046361,4069,786
1763559960,0000004000000008,2132724302101,4070,787
1763559961,0000000100000080,2132737838003,4070,788
1763559964,0000000200000004,2132764170931,4070,789
1763559969,000000c000000080,2132814394763,4070,790
1763559973,0000000800000001,2132858858625,4070,791
1763559975,0000004000000004,2132881245352,4070,792
1763559985,0000000400000001,2132981059918,4069,793
1763559999,0000000100000001,2133120491949,4070,794
1763560003,0000008000000004,2133153813010,4070,795
1763560013,0000008000000080,2133253320028,4070,796
1763560025,0000004000000001,2133379889669,4070,797
1763560031,0000000100000004,2133440964806,4070,798
1763560033,0000000800000002,2133459075097,4070,799
1763560043,0000000400000001,2133561443745,4070,800
1763560076,0000004000000002,2133888396367,4070,801
1763560079,0000000100000080,2133915428798,4070,802
1763560084,0000004000000002,2133967670716,4070,803
1763560086,0000000200000010,2133986928481,4070,804
1763560087,0000008000000080,2133993881486,4070,805
1763560091,0000008400000080,2134034432397,4070,806
1763560100,0000004000000002,2134131084366,4070,807
1763560110,0000004000000001,2134230363936,4069,808
1763560124,0000008000000001,2134364834323,4070,809
1763560130,0000000400000001,2134425456044,4070,810
1763560145,0000002000000040,2134577457688,4070,811
1763560146,0000000400000004,2134590878882,4070,812
1763560146,0000008000000003,2134592033367,4070,813
1763560147,0000004000000001,2134595282912,4070,814
1763560166,0000004000000002,2134791933220,4069,815
1763560172,0000000800000008,2134843843631,4069,816
1763560184,0000002000000004,2134964990359,4070,817
1763560184,0000000100000001,2134971788048,4070,818
1763560208,0000000400000001,2135206831736,4070,819
1763560223,0000008000000008,2135355086735,4070,820
1763560227,0000008000000001,2135399257028,4070,821
1763560228,0000004000000002,2135413037542,4070,822
1763560234,0000000800000002,2135469524231,4070,823
1763560247,0000002000000008,2135595810674,4070,824
1763560250,0000008000000001,2135624726915,4070,825
1763560257,0000008000000080,2135703204914,4070,826
1763560259,0000000100000008,2135714978033,4069,827
1763560260,0000000800000001,2135730851655,4069,828
1763560264,0000004000000008,2135765996993,4071,829
1763560273,0000008000000004,2135856554164,4070,830
1763560279,0000002000000040,2135917365887,4070,831
1763560280,0000004000000001,2135925088926,4070,832
1763560291,0000004000000004,2136037629204,4070,833
1763560292,0000002000000080,2136050583241,4069,834
1763560299,0000000800000004,2136115757969,4069,835
1763560306,0000008000000080,2136187707419,4070,836
1763560313,0000008000000080,2136254024765,4070,837
1763560320,0000008000000004,2136328024295,4069,838
1763560321,0000004000000080,2136340454313,4070,839
1763560323,0000000800000001,2136362422464,4070,840
1763560324,0000008000000001,2136368298519,4070,841
1763560328,0000008000000008,2136410550524,4069,842
1763560329,0000008000000004,2136415354467,4070,843
1763560343,0000004000000040,2136556773128,4070,844
1763560355,0000000200000040,2136675193845,4070,845
1763560364,0000000800000004,2136763381545,4070,846
1763560364,0000000200000010,2136764992241,4070,847
1763560377,0000008000000080,2136896697203,4069,848
1763560391,0000000100000001,2137035828314,4070,849
1763560392,0000000100000001,2137043852245,4070,850
1763560414,0000008000000080,2137264166954,4069,851
1763560421,0000004000000002,2137340123977,4070,852
1763560439,0000004000000080,2137519922733,4069,853
1763560446,0000004000000088,2137592022012,4070,854
1763560451,0000000400000001,2137636740992,4069,855
1763560484,0000004000000004,2137965739932,4069,856
1763560484,0000004000000002,2137969825561,4070,857
1763560501,0000004000000080,2138140188418,4069,858
1763560501,000000c000000080,2138141590496,4069,859
1763560503,0000001000000000,2138156128251,4069,860
1763560522,0000008000000004,2138347505606,4069,861
1763560547,0000008000000008,2138597138942,4070,862
1763560549,0000000800000001,2138617964357,4070,863
1763560553,0000004000000008,2138661344266,4069,864
1763560557,0000008000000080,2138693575898,4070,865
1763560563,0000008000000008,2138759114917,4070,866
1763560567,0000004000000080,2138795698196,4070,867
1763560569,0000008000000080,2138818176596,4069,868
1763560577,0000004000000008,2138902009986,4069,869
1763560587,0000004000000008,2139001254971,4070,870
1763560590,0000000100000001,2139031680865,4070,871
1763560594,0000004000000010,2139065965621,4070,872
1763560601,0000004000000001,2139135497944,4070,873
1763560602,0000000100000001,2139143869822,4070,874
1763560603,0000000100000002,2139158088656,4070,875
1763560606,0000000100000010,2139187387180,4070,876
1763560619,0000008000000004,2139321954581,4069,877
1763560636,0000008000000004,2139483635096,4070,878
1763560648,0000004000000008,2139604439631,4070,879
1763560658,0000004000000008,2139709096423,4070,880
1763560661,0000000200000080,2139739124987,4070,881
1763560665,0000000100000001,2139776934453,4070,882
1763560691,0000004000000008,2140040108727,4070,883
1763560700,0000000100000008,2140123309615,4070,884
1763560708,0000004000000004,2140204919826,4069,885
1763560708,0000000100000080,2140209494609,4069,886
1763560710,0000008000000004,2140229401359,4070,887
1763560710,0000000800000004,2140231488350,4070,888
1763560723,0000004000000004,2140360420119,4069,889
1763560744,0000008000000001,2140569333797,4070,890
1763560750,0000008000000001,2140628047697,8140,891
1763560751,0000000400000004,2140641683152,4070,892
1763560752,0000000400000002,2140650069721,4070,893
1763560756,0000000800000004,2140687799299,4069,894
1763560757,0000008000000008,2140700785928,4069,895
1763560761,0000000800000001,2140742640037,4070,896
1763560764,0000004000000004,2140764139490,4070,897
1763560776,0000000400000001,2140887186571,4069,898
1763560779,0000004000000004,2140914489693,4070,899
1763560795,0000000800000001,2141077326400,4069,900
1763560796,0000004000000008,2141083146069,4069,901
1763560803,0000008000000002,2141155583791,4069,902
1763560804,0000000400000080,2141163772586,4069,903
1763560808,0000000100000001,2141207588807,4069,904
1763560817,0000008000000001,2141299776392,4069,905
1763560819,0000000400000080,2141316244834,4069,906
1763560827,0000000200000004,2141399608344,4069,907
1763560834,0000000800000080,2141467111260,4069,908
1763560834,0000000100000001,2141467456893,4070,909
1763560834,0000004000000004,2141472744775,4070,910
1763560849,0000008000000008,2141618547818,4069,911
1763560854,0000002000000080,2141664536609,4070,912
1763560858,0000004000000008,2141707304056,4069,913
1763560865,0000002000000001,2141775047898,4069,914
1763560866,0000004000000001,2141789396172,4069,915
1763560867,0000008000000080,2141798039860,4070,916
1763560882,0000008000000008,2141946981886,4069,917
1763560886,0000000100000040,2141983260568,4070,918
1763560886,0000004000000004,2141990925840,4070,919
1763560887,0000000100000002,2141999502495,4070,920
1763560897,0000002000000001,2142097622352,4070,921
1763560898,0000008000000008,2142105846820,4070,922
1763560898,0000004000000008,2142108081117,4070,923
1763560922,0000000100000008,2142343780469,4070,924
1763560922,0000008000000008,2142349744217,4070,925
1763560925,0000000400000001,2142374205461,4071,926
1763560926,0000008000000080,2142389379004,4070,927
1763560931,0000000100000080,2142438637418,4070,928
1763560932,0000000100000010,2142448427874,4070,929
1763560939,0000000100000001,2142515887348,4070,930
1763560942,0000000800000080,2142549661544,4070,931
1763560954,0000004000000001,2142669732027,4069,932
1763560956,0000008000000040,2142687279073,4070,933
1763560959,0000000100000080,2142714523172,4069,934
1763560989,0000004000000008,2143013060578,4069,935
1763560991,0000004000000004,2143042433389,4069,936
1763560993,0000004000000008,2143062633594,4070,937
1763560998,0000004000000008,2143110732539,4070,938
1763561001,0000004000000001,2143136956078,4070,939
1763561005,0000008000000001,2143178944638,4044,940
1763561010,0000000c00000001,2143225796410,4070,941
1763561016,0000008000000008,2143286958832,4070,942
1763561031,0000000900000001,2143439483735,4070,943
1763561039,0000008000000080,2143522736011,4070,944
1763561042,0000000100000001,2143551045268,4069,945
1763561043,0000008000000008,2143554768074,4070,946
1763561051,0000004000000001,2143642737746,4070,947
1763561061,0000004000000008,2143734902086,4069,948
1763561064,0000008000000080,2143767989953,4070,949
1763561073,0000004000000008,2143856064880,4069,950
1763561079,0000008000000008,2143914917368,4070,951
1763561083,000000c000000080,2143959367921,4070,952
1763561088,0000000400000004,2144004624655,4070,953
1763561090,0000008000000080,2144024210969,4070,954
1763561091,0000000800000002,2144037567263,4069,955
1763561100,0000000400000004,2144128258885,4070,956
1763561103,0000000100000008,2144156151074,4070,957
1763561103,0000000100000001,2144159421941,4070,958
1763561105,0000000400000001,2144181253890,4070,959
1763561109,0000000100000001,2144222561518,4070,960
1763561110,0000008000000008,2144230176649,4070,961
1763561114,0000000400000004,2144271758658,4070,962
1763561120,0000004000000002,2144328265376,4070,963
1763561121,0000008000000001,2144335660061,4070,964
1763561131,0000000400000004,2144441493569,4069,965
1763561134,0000008000000008,2144465985355,4070,966
1763561138,0000004000000001,2144506855598,4070,967
1763561141,0000000400000001,2144534493864,4070,968
1763561143,0000000400000002,2144554602380,4070,969
1763561163,0000000400000008,2144756509481,4069,970
1763561178,0000008000000008,2144905691754,4070,971
1763561178,0000008000000002,2144907899827,4070,972
1763561178,0000000100000080,2144909264479,4070,973
1763561185,0000008000000008,2144978338659,4069,974
1763561194,0000002000000004,2145068959792,4069,975
1763561196,0000004000000001,2145088213706,4070,976
1763561203,0000000100000004,2145160386633,4070,977
1763561205,0000004000000001,2145176671165,4070,978
1763561217,0000008000000008,2145295925972,4070,979
1763561229,0000008000000008,2145418272860,4070,980
1763561231,0000001000000020,1595682031298,4070,981
1763561233,0000000400000001,2145461262535,4069,982
1763561235,0000004000000002,2145474190645,4070,983
1763561235,0000000100000020,1595723613788,4070,984
1763561238,0000000800000001,2145509239826,4071,985
1763561239,0000008000000080,2145519730198,4070,986
1763561240,0000004400000002,2145525150282,4070,987
1763561246,0000000100000010,2145586481051,4069,988
1763561258,0000000400000004,2145705408559,4070,989
1763561261,0000004000000001,2145733814318,4070,990
1763561266,0000000800000001,2145788141777,4070,991
1763561266,0000000100000002,2145788546381,4070,992
1763561269,0000008000000008,2145820596424,4070,993
1763561279,0000000100000001,2145918655380,4070,994
1763561280,0000004000000002,2145930809750,4069,995
1763561283,0000000800000001,2145955007676,4069,996
1763561312,0000008000000004,2146248893372,4070,997
1763561313,0000000800000001,2146253046105,4070,998
1763561313,0000000400000001,2146262928436,4070,999
1763561317,0000008000000004,2146295904711,4069,1000
1763561334,0000000100000002,2146470895826,4069,1001
1763561338,0000000100000080,2146507441234,4069,1002
1763561350,0000008000000080,2146622980689,4070,1003
1763561351,0000001000000001,2146634900510,4070,1004
1763561352,0000004000000001,2146651756687,4070,1005
1763561388,0000008000000004,2147006851886,4070,1006
1763561390,0000008000000001,2147030102380,4070,1007
1763561393,0000004000000008,2147058554191,4069,1008
1763561396,0000000400000002,2147087826462,4070,1009
1763561434,0000000100000080,2147464203928,4070,1010
1763561438,0000000100000001,2147504335399,4069,1011
1763561451,0000000100000001,2147642923977,4069,1012
1763561454,0000004000000002,2147663158047,4069,1013
1763561460,0000000800000004,2147724480883,4069,1014
1763561479,0000000100000002,2147918159731,4070,1015
1763561479,0000008000000008,2147918427624,4070,1016
1763561481,0000000100000001,2147939193184,4069,1017
1763561483,0000000100000001,2147955886224,4070,1018
1763561485,0000008000000002,2147977223620,4070,1019
1763561494,0000004000000001,2148066351909,4070,1020
1763561499,0000004000000004,2148115873378,4070,1021
1763561510,0000008000000001,2148230345396,4070,1022
1763561514,0000002000000080,2148270294602,4069,1023
1763561528,0000000400000002,2148410337785,4070,1024
1763561534,0000004000000001,2148464059795,4070,1025
1763561537,0000002000000040,2148496314473,4069,1026
1763561538,0000000400000001,2148503253398,4069,1027
1763561541,0000000800000008,2148537330809,4068,1028
1763561544,0000004000000002,2148572397770,4069,1029
1763561545,0000000100000010,2148580517747,4069,1030
1763561558,0000004000000004,2148709451667,4069,1031
1763561561,0000000100000080,2148732951744,4070,1032
1763561565,0000000400000002,2148777077359,4069,1033
1763561568,0000004000000004,2148811689188,4069,1034
1763561569,0000000100000008,2148813919408,4069,1035
1763561589,0000008000000080,2149014807590,4071,1036
1763561590,0000000400000001,2149022987973,4070,1037
1763561591,0000000800000004,2149040471895,4069,1038
1763561597,0000004000000080,2149097456652,4070,1039
1763561600,0000000400000002,2149123162005,4070,1040
1763561604,0000004000000004,2149168007692,4070,1041
1763561615,0000004000000001,2149277628584,4069,1042
1763561621,0000000100000080,2149340920737,4070,1043
1763561633,0000000400000001,2149458474548,4071,1044
1763561636,0000004000000004,2149487621008,4070,1045
1763561637,0000008000000002,2149497132280,4069,1046
1763561643,0000000800000002,2149554295645,4069,1047
1763561645,0000000800000080,2149580457916,4070,1048
1763561646,0000008000000004,2149591927208,4069,1049
1763561656,0000008000000002,2149688642570,4069,1050
1763561663,0000000200000040,2149760361162,4069,1051
1763561679,0000008000000001,2149920356513,4070,1052
1763561680,0000008000000001,2149929536438,4070,1053
1763561681,0000002000000008,2149940168901,4070,1054
1763561683,0000000800000002,2149962826675,4069,1055
1763561704,0000000800000080,2150165953224,4070,1056
1763561717,0000008000000001,2150294143643,4070,1057
1763561719,0000008000000002,2150314509867,4070,1058
1763561731,0000000400000003,2150437541741,4069,1059
1763561733,0000008000000001,2150458282949,4070,1060
1763561736,0000000400000001,2150486996941,4070,1061
1763561756,0000008000000008,2150691088496,4070,1062
1763561765,0000000100000010,2150779250539,4070,1063
1763561768,0000004800000002,2150803943731,4070,1064
1763561770,0000004000000001,2150824405201,4070,1065
1763561771,0000004000000004,2150841987957,4070,1066
1763561776,0000000100000001,2150888785681,4070,1067
1763561778,0000000800000002,2150909704276,4070,1068
1763561786,0000001000000080,2150984981371,4069,1069
1763561786,0000000100000001,2150990163358,4070,1070
1763561799,0000000400000001,2151121965703,4070,1071
1763561806,0000008000000002,2151190718180,4069,1072
1763561809,0000004000000001,2151214587076,4070,1073
1763561814,0000000100000008,2151264886923,4070,1074
1763561817,0000004000000001,2151299816277,4070,1075
1763561822,0000000400000001,2151349825976,4070,1076
1763561833,0000004000000080,2151462650868,4070,1077
1763561834,0000000200000002,2151472760444,4070,1078
1763561847,0000008000000080,2151602342041,4070,1079
1763561848,0000000800000002,2151612112900,4070,1080
1763561850,0000008000000004,2151629753226,4070,1081
1763561853,0000008000000002,2151654369971,4070,1082
1763561880,0000008000000080,2151923114458,4070,1083
1763561881,0000004000000002,2151941565071,4070,1084
1763561889,0000000100000040,2152020801695,4070,1085
1763561892,0000008000000080,2152046372835,4070,1086
1763561899,0000004000000008,2152119907119,4070,1087
1763561904,0000000800000001,2152168915417,4070,1088
1763561918,0000000400000006,2152312474608,4070,1089
1763561919,0000008000000004,2152317729709,4070,1090
1763561925,0000008000000008,2152379318438,4070,1091
1763561936,0000008000000002,2152490396867,4070,1092
1763561937,0000004000000080,2152497922927,4070,1093
1763561941,0000000100000080,2152536657699,4070,1094
1763561951,0000000400000001,2152638578763,4070,1095
1763561954,0000004000000002,2152668212444,4070,1096
1763561955,0000000800000004,2152679130024,4069,1097
1763561957,0000008000000002,2152697767936,4070,1098
1763561966,0000004000000008,2152790290973,4070,1099
1763561975,0000004000000001,2152878965001,4070,1100
1763561984,0000008000000001,2152972134984,4070,1101
1763561993,0000008000000080,2153061626147,4070,1102
1763562016,0000000100000003,2153287189862,4070,1103
1763562028,0000000100000001,2153403212685,4070,1104
1763562038,0000008000000001,2153507169950,4070,1105
1763562040,0000008000000080,2153530809245,4071,1106
1763562042,0000008000000001,2153544396416,4070,1107
1763562056,0000000100000080,2153691976836,4070,1108
1763562071,0000000100000008,2153836268207,4070,1109
1763562072,0000008000000008,2153846712333,4070,1110
1763562074,0000000100000001,2153871604920,4070,1111
1763562083,0000008000000080,2153955992871,4070,1112
1763562084,0000004000000008,2153971861229,4070,1113
1763562087,000000c000000080,2153995935114,4070,1114
1763562092,0000008000000004,2154050970864,4070,1115
1763562096,0000000100000080,2154084692213,4070,1116
1763562112,0000000800000001,2154247870821,4070,1117
1763562116,0000008000000002,2154286884267,4070,1118
1763562117,0000004000000080,2154295169843,4070,1119
1763562131,0000000200000001,2154437766436,4069,1120
1763562131,0000008000000003,2154442055725,4070,1121
1763562144,0000008000000004,2154572632793,4070,1122
1763562177,0000000800000002,2154901467762,4070,1123
1763562185,0000000800000001,2154975125176,4070,1124
1763562189,0000004000000008,2155021310647,4070,1125
1763562191,0000000100000008,2155037541195,4070,1126
1763562193,0000000800000002,2155062153236,4070,1127
1763562195,0000000800000002,2155079618344,4070,1128
1763562209,0000004000000001,2155221595690,4070,1129
1763562211,0000002000000040,2155238614565,4070,1130
1763562213,0000000100000001,2155254175729,4070,1131
1763562260,0000001000000040,2155724746395,4070,1132
1763562260,0000000400000004,2155731896626,4070,1133
1763562262,0000000100000001,2155751349249,4070,1134
1763562273,0000008000000008,2155862696219,4070,1135
1763562277,0000004000000008,2155895702765,4070,1136
1763562289,0000008000000080,2156020911341,4070,1137
1763562296,0000004000000002,2156086692709,4070,1138
1763562313,0000000100000001,2156256568117,4069,1139
1763562313,0000008000000080,2156260743922,4070,1140
1763562326,0000000800000004,2156387277580,4070,1141
1763562332,0000008000000001,2156444258432,4070,1142
1763562333,0000002000000040,2156458200340,4070,1143
1763562335,0000004000000008,2156481407396,4070,1144
1763562336,0000000100000001,2156491159521,4070,1145
1763562339,0000008000000001,2156515218617,4069,1146
1763562343,0000008000000010,2156561901498,4070,1147
1763562348,0000008000000080,2156611571309,4070,1148
1763562351,0000000100000001,2156637083610,4070,1149
1763562354,0000000400000004,2156663889716,4070,1150
1763562355,0000000500000001,2156674394119,4070,1151
1763562356,0000004000000004,2156684433657,4070,1152
1763562360,0000008000000080,2156727206527,4070,1153
1763562371,0000004000000080,2156836790403,4070,1154
1763562372,0000004000000080,2156843789429,4070,1155
1763562377,0000008000000008,2156899148146,4070,1156
1763562382,0000008000000080,2156950457196,4070,1157
1763562396,0000008000000080,2157088937504,4070,1158
1763562396,0000002000000008,2157089749155,4070,1159
1763562402,0000004000000008,2157149334193,4070,1160
1763562410,0000004000000008,2157231271057,4070,1161
1763562434,0000008000000080,2157466009294,4070,1162
1763562442,0000000100000001,2157544626288,4070,1163
1763562444,0000004000000008,2157567285318,4070,1164
1763562451,0000008000000002,2157635489216,4070,1165
1763562455,0000000400000080,2157674073525,4070,1166
1763562459,0000000100000004,2157719603075,4070,1167
1763562462,0000004000000002,2157742968644,4070,1168
1763562464,0000004000000080,2157765012977,4070,1169
1763562473,0000008000000004,2157861024010,4070,1170
1763562481,0000008000000004,2157933494361,4070,1171
1763562483,0000000800000002,2157954956414,4070,1172
1763562493,0000004000000002,2158060008749,4070,1173
1763562497,0000008000000001,2158099759096,4070,1174
1763562503,0000000100000001,2158154220657,4070,1175
1763562517,0000004000000004,2158297113180,4070,1176
1763562531,0000008000000001,2158437500871,4070,1177
1763562533,0000000400000004,2158460113599,4070,1178
1763562538,0000008000000002,2158508640332,4070,1179
1763562552,0000008000000080,2158649509750,4070,1180
1763562554,0000002000000002,2158668501076,4070,1181
1763562563,0000000100000010,2158755197223,4070,1182
1763562571,0000008000000004,2158834695102,4069,1183
1763562575,0000002000000010,2158880558547,4070,1184
1763562585,0000000100000080,2158979608997,4070,1185
1763562601,0000000100000001,2159140754053,4070,1186
1763562616,0000000800000040,2159285858036,4070,1187
1763562628,0000008000000004,2159404883988,4070,1188
1763562639,0000000800000004,2159513006942,4071,1189
1763562653,0000000100000001,2159654202116,4070,1190
1763562656,0000000400000001,2159684424576,4070,1191
1763562673,0000008000000004,2159855024357,4070,1192
1763562688,0000000800000001,2160005871484,4070,1193
1763562690,0000008000000080,2160024601664,4070,1194
1763562692,0000008000000001,2160043943358,4070,1195
1763562693,0000000100000080,2160058765380,4070,1196
1763562702,0000000100000001,2160148860114,4070,1197
1763562704,000000c000000080,2160167428805,4070,1198
1763562710,0000000100000008,2160225982989,4070,1199
1763562710,0000008000000008,2160230534842,4070,1200
1763562716,0000004000000080,2160283593860,4070,1201
1763562717,0000008000000080,2160300441662,4070,1202
1763562727,0000004000000001,2160393764866,4070,1203
1763562730,0000004000000004,2160428217904,4070,1204
1763562737,0000008000000002,2160497908925,4070,1205
1763562741,0000000800000004,2160537081791,4070,1206
1763562756,0000000100000002,2160684833938,4070,1207
1763562769,0000000800000080,2160819772514,4069,1208
1763562772,0000000800000001,2160852189384,4070,1209
1763562774,0000008000000080,2160866756071,4070,1210
1763562787,0000008000000004,2160994827012,4070,1211
1763562789,0000000100000002,2161017044901,4070,1212
1763562792,0000004000000001,2161042597663,4070,1213
1763562802,0000004000000002,2161144575080,4070,1214
1763562806,0000000100000001,2161184233404,4070,1215
1763562818,0000000800000004,2161303908769,4070,1216
1763562821,0000000100000001,2161339137572,4070,1217
1763562823,0000001000000001,2161361743269,4070,1218
1763562827,0000004000000004,2161402498821,4070,1219
1763562839,0000000100000001,2161515338027,4070,1220
1763562844,0000008000000080,2161562764334,4070,1221
1763562859,0000000400000002,2161720263666,4070,1222
1763562860,0000000100000001,2161724474032,4070,1223
1763562863,0000000400000008,2161761003889,4070,1224
1763562865,0000000400000002,2161774404666,8141,1225
1763562880,0000000800000084,2161927084819,4070,1226
1763562880,0000000400000080,2161930225810,4070,1227
1763562887,0000008000000002,2161995538531,4070,1228
1763562907,0000000400000001,2162198398507,4070,1229
1763562911,0000000800000001,2162240398947,4070,1230
1763562917,0000004000000004,2162294789613,4070,1231
1763562930,0000000100000001,2162427119645,4070,1232
1763562940,0000008000000080,2162527875494,4070,1233
1763562942,0000000400000004,2162544356838,4070,1234
1763562951,0000008000000008,2162633400252,4070,1235
1763562975,0000004000000080,2162878194115,4070,1236
1763562989,0000000400000001,2163019581712,4070,1237
1763562992,0000000400000002,2163044332000,4070,1238
1763562997,0000004000000008,2163102165295,4070,1239
1763563006,0000008000000080,2163188350964,4070,1240
1763563012,0000000100000003,2163251510732,4070,1241
1763563041,0000004000000001,2163535995420,4070,1242
1763563049,0000008000000002,2163618605101,4070,1243
1763563051,0000008000000001,2163641377961,4070,1244
1763563059,0000008000000002,2163717620727,4070,1245
1763563076,0000004000000001,2163890690426,4070,1246
1763563079,0000004000000004,2163914629968,4070,1247
1763563090,0000000100000001,2164030401583,4070,1248
1763563097,0000008000000080,2164095619614,4070,1249
1763563098,0000000400000004,2164106533362,4070,1250
1763563100,0000000100000001,2164125216390,4070,1251
1763563109,0000008000000004,2164215442284,4069,1252
1763563117,0000000400000001,2164298545319,4070,1253
1763563122,0000000100000080,2164346567669,4070,1254
1763563132,0000000100000080,2164450484505,4070,1255
1763563135,0000008000000080,2164476581614,4070,1256
1763563136,0000008000000002,2164489076198,8141,1257
1763563139,0000000400000001,2164520420496,4070,1258
1763563160,0000000100000001,2164725412427,4070,1259
1763563167,0000004000000001,2164799750265,4069,1260
1763563173,0000004000000004,2164857415677,4070,1261
1763563175,0000008000000004,2164875932405,4070,1262
1763563191,0000008000000080,2165041531087,4069,1263
1763563195,0000004000000004,2165075390616,4070,1264
1763563198,0000000100000001,2165112249596,4070,1265
1763563213,0000000800000004,2165256448149,4070,1266
1763563231,000000c000000008,2165440038418,4070,1267
1763563239,000000c400000008,2165516193799,4070,1268
1763563239,0000000d00000002,2165516873063,4069,1269
1763563244,0000008000000002,2165569713676,8139,1270
1763563249,0000004000000004,2165613158838,4070,1271
1763563258,0000004000000004,2165712079831,4070,1272
1763563261,0000008000000001,2165734510268,4070,1273
1763563264,0000008000000008,2165766135853,4069,1274
1763563276,0000000100000040,2165884735910,4070,1275
1763563276,0000008000000002,2165885940673,4070,1276
1763563276,0000004000000010,2165891529588,4070,1277
1763563284,0000000100000001,2165963235910,4070,1278
1763563290,000000800000000e,2166023106542,4069,1279
1763563290,0000008000000002,2166030245420,4069,1280
1763563291,0000004000000008,2166034613505,4070,1281
1763563294,0000008000000008,2166066421736,4070,1282
1763563310,0000008000000004,2166228975756,4069,1283
1763563312,0000004000000008,2166242928711,4070,1284
1763563349,0000008000000080,2166617626687,4070,1285
1763563355,0000000800000010,2166675514934,4070,1286
1763563367,0000008000000080,2166793080927,4070,1287
1763563377,0000000100000001,2166893752940,4070,1288
1763563379,0000000800000002,2166920240373,4070,1289
1763563379,0000008000000008,2166920506028,4070,1290
1763563385,0000008000000008,2166974456003,4070,1291
1763563388,0000000800000001,2167008503652,4070,1292
1763563392,0000008000000004,2167048665450,4070,1293
1763563397,0000004000000008,2167096215669,4070,1294
1763563399,0000004000000008,2167121354855,4070,1295
1763563419,0000008000000008,2167314285674,4070,1296
1763563424,0000008000000008,2167369348197,4070,1297
1763563425,0000004000000008,2167372455689,4070,1298
1763563425,0000008000000002,2167381067469,4070,1299
1763563432,0000008000000008,2167445854083,4069,1300
1763563433,0000004000000044,2167455531562,4070,1301
1763563433,0000004000000002,2167456606479,4070,1302
1763563433,0000000100000080,2167457197339,4070,1303
1763563442,0000004000000008,2167546654649,4070,1304
1763563448,0000000100000002,2167611916862,4070,1305
1763563452,0000000800000002,2167644845946,4070,1306
1763563464,0000000800000002,2167771268799,4070,1307
1763563467,0000000400000080,2167796203125,4070,1308
1763563474,000000080000000a,2167864761443,4070,1309
1763563476,0000000100000001,2167887818663,4070,1310
1763563501,0000004000000008,2168132660752,4070,1311
1763563507,0000004000000008,2168193478061,4070,1312
1763563511,0000008000000004,2168238437278,4070,1313
1763563516,0000008000000001,2168282691816,4070,1314
1763563525,0000000100000001,2168378875220,4070,1315
1763563540,0000000400000080,2168523547081,4070,1316
1763563545,0000004000000004,2168581901479,4070,1317
1763563550,0000008000000001,2168628353239,4070,1318
1763563551,0000000100000005,2168632641578,4070,1319
1763563563,0000004000000004,2168759076570,4070,1320
1763563570,0000004000000001,2168823826155,4070,1321
1763563578,0000000800000001,2168909788740,4070,1322
1763563585,0000008000000008,2168977141672,4070,1323
1763563616,0000004000000002,2169290319096,4070,1324
1763563620,0000004000000004,2169331865036,4070,1325
1763563621,0000000100000001,2169335361891,4070,1326
1763563621,0000008000000008,2169340849729,4070,1327
1763563628,0000000100000004,2169410917490,4070,1328
1763563630,0000008000000001,2169424019090,4070,1329
1763563637,0000004000000004,2169492544273,4070,1330
1763563643,0000004000000008,2169562114857,4070,1331
1763563644,0000000800000008,2169567598527,4070,1332
1763563648,0000000800000004,2169611449192,4070,1333
1763563662,0000000100000001,2169744968763,4070,1334
1763563669,0000000100000001,2169820821170,4070,1335
1763563670,0000004000000001,2169823787561,4070,1336
1763563670,0000000100000080,2169827767496,4070,1337
1763563676,0000008000000008,2169886193851,4070,1338
1763563676,0000002000000004,2169892212493,4070,1339
1763563690,0000004000000002,2170025392369,4069,1340
1763563697,0000008000000002,2170092683124,4070,1341
1763563699,0000000800000001,2170120964349,4068,1342
1763563713,0000000400000008,2170256113781,4070,1343
1763563720,0000000100000004,2170330873150,4070,1344
1763563723,0000000200000001,2170361975369,4069,1345
1763563724,0000000200000010,2170363790374,4070,1346
1763563735,0000004000000004,2170472859038,4070,1347
1763563736,0000004000000002,2170486826893,4070,1348
1763563737,0000008000000001,2170493471286,4070,1349
1763563739,0000008000000008,2170516153563,4070,1350
1763563742,0000008000000008,2170546536139,4069,1351
1763563744,0000000100000001,2170566778514,4070,1352
1763563787,0000004000000002,2170997025787,4070,1353
1763563797,0000000100000002,2171100608622,4070,1354
1763563798,0000000200000008,2171111072236,4070,1355
1763563803,0000000100000080,2171160995013,4070,1356
1763563805,0000008000000001,2171174465515,4070,1357
1763563819,0000004000000008,2171319721181,4070,1358
1763563847,0000008000000008,2171597034108,4070,1359
1763563859,0000004000000001,2171719795984,4070,1360
1763563860,0000000800000001,2171723737675,4070,1361
1763563864,0000000800000002,2171768848983,4070,1362
1763563877,0000000800000002,2171900722468,4070,1363
1763563879,0000008000000001,2171912813794,4070,1364
1763563894,0000000900000002,2172064478220,4070,1365
1763563901,0000000800000008,2172141704244,4070,1366
1763563909,0000004000000001,2172219294093,4070,1367
1763563915,0000008000000001,2172276833767,4069,1368
1763563916,0000004000000004,2172287053339,4070,1369
1763563922,0000008000000080,2172347543233,4070,1370
1763563928,0000000100000008,2172406408156,4070,1371
1763563934,0000000800000080,2172472290102,4070,1372
1763563953,0000001000000001,2172660616696,4070,1373
1763563954,0000000100000080,2172665468594,4070,1374
1763563965,0000004000000008,2172779226290,4070,1375
1763563969,0000000800000002,2172813855120,4069,1376
1763563972,0000004000000008,2172851584154,4070,1377
1763563996,0000004000000004,2173090981929,4070,1378
1763563997,0000008000000010,2173095444953,4070,1379
1763563998,0000008000000080,2173111717973,4070,1380
1763564001,0000000400000001,2173138441020,4070,1381
1763564003,0000004000000008,2173156069934,4070,1382
1763564003,0000000100000001,2173161340500,4070,1383
1763564004,0000008000000001,2173165492005,4070,1384
1763564005,0000000800000001,2173177545921,4070,1385
1763564009,0000008000000001,2173213376194,4070,1386
1763564014,0000000400000002,2173266133480,4070,1387
1763564016,0000008000000040,2173288993314,4070,1388
1763564026,0000000100000001,2173384286880,4070,1389
1763564027,0000004000000004,2173397918675,4070,1390
1763564030,0000000400000001,2173423516846,4070,1391
1763564036,0000000400000002,2173484056499,4070,1392
1763564037,0000008000000002,2173495137068,4070,1393
1763564048,0000000100000001,2173612144695,4070,1394
1763564050,0000008000000008,2173624422091,4070,1395
1763564053,0000008000000001,2173652557518,4070,1396
1763564058,0000004000000008,2173710950905,4070,1397
1763564068,0000008000000002,2173811107333,4070,1398
1763564073,0000000400000004,2173858929550,4070,1399
1763564081,0000000100000020,2173933394356,4070,1400
1763564083,0000008000000080,2173959271800,4070,1401
1763564088,0000008000000004,2174010243884,4070,1402
1763564100,0000008000000002,2174123110993,4070,1403
1763564110,0000000800000001,2174226943054,4070,1404
1763564110,0000008000000002,2174230216234,4070,1405
1763564114,0000000100000080,2174263058522,8140,1406
1763564126,0000008000000004,2174389577026,4070,1407
1763564133,0000004000000008,2174459676297,4070,1408
1763564159,0000008000000001,2174714600864,4068,1409
1763564166,0000008000000001,2174788705676,4070,1410
1763564167,0000000400000001,2174798576732,4070,1411
1763564169,0000000100000001,2174817675751,4070,1412
1763564171,0000000400000080,2174835341517,8140,1413
1763564173,0000008000000002,2174857609583,4070,1414
1763564174,0000000800000001,2174863730049,4070,1415
1763564189,0000001000000008,2175021900192,4069,1416
1763564195,0000004000000001,2175073602059,4070,1417
1763564196,0000004000000080,2175087898677,4070,1418
1763564200,0000000400000004,2175129765396,4070,1419
1763564208,0000000300000001,2175208736333,4070,1420
1763564216,0000000100000001,2175286218691,4069,1421
1763564217,0000008000000080,2175294770447,4070,1422
1763564233,0000002000000002,2175457654557,4070,1423
1763564238,0000004000000080,2175502370503,4070,1424
1763564243,0000004000000001,2175560153993,4070,1425
1763564254,0000008000000080,2175662845058,4069,1426
1763564257,0000000200000008,2175692457473,4069,1427
1763564259,0000008000000080,2175722120012,4070,1428
1763564263,0000008000000080,2175759272500,4070,1429
1763564264,0000000800000002,2175764002418,4070,1430
1763564268,0000008000000001,2175804027198,4070,1431
1763564270,0000008000000001,2175827468214,4070,1432
1763564275,0000004000000004,2175879581121,4070,1433
1763564284,0000004000000002,2175963407508,4070,1434
1763564289,0000004000000004,2176013507751,4070,1435
1763564293,0000000800000008,2176055031154,4070,1436
1763564295,0000000800000004,2176081928211,4070,1437
1763564301,0000000800000004,2176140913701,4070,1438
1763564302,0000002000000008,2176147344508,4070,1439
1763564306,0000000800000001,2176189193317,4070,1440
1763564306,0000000100000040,2176191675749,4070,1441
1763564311,0000002000000020,1101670252564,4070,1442
1763564312,0000000800000080,2176245026109,4070,1443
1763564313,0000008000000004,2176259367784,4070,1444
1763564321,0000000400000002,2176336521712,4070,1445
1763564322,0000004000000080,2176344794079,4070,1446
1763564323,0000000800000002,2176352531581,4070,1447
1763564324,0000008000000008,2176363738973,4069,1448
1763564336,0000004000000002,2176491593124,4070,1449
1763564341,0000004000000002,2176533717664,4070,1450
1763564343,0000000400000001,2176557118050,4070,1451
1763564345,0000000400000080,2176572440914,4070,1452
1763564359,0000001000000040,2176715003866,4070,1453
1763564372,0000000100000080,2176843689677,4070,1454
1763564373,0000002000000004,2176854254974,4070,1455
1763564381,0000008000000001,2176941189445,4070,1456
1763564392,0000008000000080,2177043107183,4069,1457
1763564394,0000004000000001,2177064559967,4070,1458
1763564398,0000008000000001,2177111553805,4070,1459
1763564399,0000008000000002,2177120468984,4069,1460
1763564411,0000004000000001,2177232437332,4070,1461
1763564414,0000004000000002,2177267622316,4070,1462
1763564414,0000000100000002,2177268218033,4070,1463
1763564426,0000008000000001,2177387262411,4070,1464
1763564441,0000008000000008,2177533325200,4070,1465
1763564451,0000000800000080,2177637695846,4070,1466
1763564455,0000008000000080,2177672200596,4070,1467
1763564456,0000000100000080,2177683457319,4070,1468
1763564482,0000004000000002,2177945410466,4070,1469
1763564492,0000000400000008,2178051282759,4069,1470
1763564497,0000000800000002,2178096602571,4070,1471
1763564502,0000000400000008,2178146177422,4070,1472
1763564505,0000000900000001,2178181112037,4070,1473
1763564508,0000000400000080,2178211929041,4070,1474
1763564510,0000008000000002,2178222679147,4070,1475
1763564516,0000004000000001,2178288907588,4069,1476
1763564520,0000000100000001,2178330020999,4070,1477
1763564536,0000004400000002,2178485870361,4070,1478
1763564541,0000004000000001,2178541474035,4069,1479
1763564547,0000004000000008,2178598044898,4070,1480
1763564548,0000000100000001,2178602261299,4070,1481
1763564548,0000008000000004,2178607898355,4069,1482
1763564548,0000008000000001,2178610114232,4070,1483
1763564559,0000000800000002,2178716543860,4070,1484
1763564568,0000004000000080,2178805886568,4069,1485
1763564581,0000000800000008,2178937315165,4070,1486
1763564582,0000004000000002,2178944004888,4070,1487
1763564589,0000000400000004,2179017430564,4070,1488
1763564599,0000008000000080,2179115864894,4069,1489
1763564602,0000008000000001,2179150093520,4070,1490
1763564622,0000004000000002,2179351463805,4070,1491
1763564645,0000000100000004,2179581072639,4070,1492
1763564660,0000004000000008,2179723752494,4070,1493
1763564683,0000008000000080,2179957984269,4070,1494
1763564697,0000000100000001,2180093318702,4070,1495
1763564700,0000004000000002,2180124179495,4069,1496
1763564701,0000000800000002,2180141892195,4070,1497
1763564727,0000004000000002,2180397300467,4070,1498
1763564727,0000000800000001,2180398724839,4070,1499
1763564730,0000000100000002,2180428234263,4070,1500
1763564731,0000000100000080,2180432332567,4070,1501
1763564742,0000008000000004,2180542595167,4070,1502
1763564743,0000000100000080,2180554396242,4070,1503
1763564744,0000000100000001,2180565392405,4069,1504
1763564745,0000004000000004,2180573580788,4070,1505
1763564753,0000000100000001,2180660030074,4070,1506
1763564756,0000008000000080,2180686444913,4070,1507
1763564756,0000000100000080,2180690748484,4070,1508
1763564757,0000008000000001,2180699419090,4070,1509
1763564761,0000004000000004,2180738065643,4070,1510
1763564773,0000000100000002,2180859052162,4070,1511
1763564777,0000000800000001,2180894275295,4070,1512
1763564785,0000004000000004,2180981174294,4070,1513
1763564796,0000004000000001,2181088594132,4070,1514
1763564798,0000004000000004,2181110205110,4070,1515
1763564813,0000000800000001,2181261751793,4070,1516
1763564814,0000008000000004,2181262306994,4070,1517
1763564833,0000008000000004,2181459902747,4070,1518
1763564836,0000004000000001,2181482953672,4070,1519
1763564840,0000004000000001,2181528631721,4069,1520
1763564841,0000008000000080,2181539838673,4070,1521
1763564845,0000000400000080,2181581916105,4070,1522
1763564854,0000000100000080,2181671906868,4070,1523
1763564870,0000000800000002,2181827030614,4070,1524
1763564875,0000008000000004,2181878485718,4069,1525
1763564876,0000008000000004,2181890130182,4069,1526
1763564888,0000008000000001,2182008431963,4070,1527
1763564895,0000004000000008,2182073028349,4070,1528
1763564895,0000008000000080,2182081488690,4069,1529
1763564897,0000004000000004,2182099362579,4070,1530
1763564912,0000008000000002,2182251447207,4070,1531
1763564918,0000008000000080,2182308174647,4070,1532
1763564921,0000000400000001,2182338284038,4070,1533
1763564923,0000008000000001,2182358289323,4070,1534
1763564955,0000008000000080,2182677876835,4069,1535
1763564955,0000000c00000008,2182680423899,4069,1536
1763564959,0000008000000001,2182717167414,4069,1537
1763564970,0000008000000080,2182822469260,4070,1538
1763564976,0000000100000008,2182887199755,4069,1539
1763564990,0000008000000080,2183026670731,4070,1540
1763564997,0000008000000008,2183101950145,4069,1541
1763565015,0000000100000080,2183282003950,4069,1542
1763565042,0000008000000001,2183544650544,4069,1543
1763565047,0000000800000002,2183594511508,4069,1544
1763565058,0000008000000002,2183704820077,4069,1545
1763565059,0000004000000001,2183720771338,4070,1546
1763565061,0000000100000001,2183739281580,4069,1547
1763565071,0000008000000001,2183835239497,4069,1548
1763565082,0000000100000001,2183944524300,4069,1549
1763565086,0000000100000001,2183987126941,4070,1550
1763565098,0000000800000001,2184102426081,4070,1551
1763565100,0000008000000002,2184130868901,4070,1552
1763565102,0000008000000001,2184149859096,8140,1553
1763565105,0000004000000001,2184173390974,4070,1554
1763565115,0000000100000001,2184276650954,4070,1555
1763565121,0000000400000002,2184340409937,4070,1556
1763565134,0000004000000004,2184469557203,4070,1557
1763565137,0000000400000002,2184498336768,4070,1558
1763565143,0000008000000008,2184560492812,4070,1559
1763565150,0000008000000008,2184631398246,4070,1560
1763565159,0000008000000001,2184712845132,4070,1561
1763565163,0000008000000002,2184754187422,4070,1562
1763565168,0000000800000001,2184803989416,4070,1563
1763565174,0000008000000004,2184869371510,4070,1564
1763565183,0000004000000080,2184958612901,4070,1565
1763565195,0000008000000002,2185081285955,4070,1566
1763565207,0000008000000001,2185199230917,4070,1567
1763565212,0000001000000001,2185250716746,4070,1568
1763565220,0000000800000080,2185324302418,4070,1569
1763565227,0000000400000004,2185401025828,4070,1570
1763565234,0000004000000004,2185469746533,4070,1571
1763565242,0000008000000008,2185548229653,4070,1572
1763565248,0000000800000004,2185605103653,4070,1573
1763565262,0000000800000002,2185748288778,4069,1574
1763565268,0000004000000002,2185808064076,4069,1575
1763565273,0000000200000008,2185859399913,4069,1576
1763565276,0000000800000002,2185888485330,4069,1577
1763565294,0000004000000001,2186065943410,4069,1578
1763565295,0000008000000002,2186074645016,4069,1579
1763565314,0000004000000008,2186264582374,4070,1580
1763565329,0000000400000002,2186417556097,4070,1581
1763565329,0000004000000008,2186418087142,4070,1582
1763565343,0000002000000010,2186559959839,4070,1583
1763565356,0000004000000080,2186683405993,4069,1584
1763565367,0000004000000008,2186797587522,4069,1585
1763565374,0000000100000001,2186862092688,4070,1586
1763565375,0000008000000008,2186876223773,4070,1587
1763565378,0000000100000003,2186907550581,4069,1588
1763565398,0000002000000080,2187111023033,4070,1589
1763565404,0000008000000001,2187166010161,4070,1590
1763565405,0000000100000001,2187176180797,4069,1591
1763565411,0000000800000002,2187237993335,4069,1592
1763565415,0000004000000004,2187276796689,4069,1593
1763565426,0000000100000003,2187390165703,4069,1594
1763565432,0000000800000001,2187448009734,4069,1595
1763565442,0000000800000004,2187542850325,4070,1596
1763565449,0000000100000003,2187616307432,4069,1597
1763565450,0000008000000001,2187625579362,4069,1598
1763565452,0000000800000002,2187645097831,4069,1599
1763565467,0000004000000004,2187793735290,4070,1600
1763565467,0000000800000002,2187797989954,4070,1601
1763565469,0000000400000008,2187817499505,4069,1602
1763565476,0000004000000001,2187888601917,4069,1603
1763565480,0000004000000002,2187927930498,4069,1604
1763565481,0000000100000002,2187934949617,4070,1605
1763565486,0000000400000004,2187990509156,4069,1606
1763565493,0000008000000001,2188061848675,4069,1607
1763565499,0000000100000080,2188111957244,4069,1608
1763565505,0000004000000002,2188176382867,4069,1609
1763565517,0000000100000001,2188299898532,4069,1610
1763565520,0000004000000001,2188329610677,4070,1611
1763565520,0000008000000004,2188330249011,4070,1612
1763565522,0000000500000001,2188350335294,4070,1613
1763565523,0000008000000004,2188361107809,4070,1614
1763565532,0000004000000004,2188447919124,4069,1615
1763565540,0000008000000002,2188525602646,4070,1616
1763565544,0000000800000001,2188567664717,4069,1617
1763565551,0000000800000001,2188634397347,4069,1618
1763565553,0000004000000008,2188657235253,4070,1619
1763565565,0000004000000001,2188780685087,4070,1620
1763565565,0000002000000004,2188780801116,4070,1621
1763565566,0000004000000008,2188789994454,4069,1622
1763565568,0000000100000000,2188811770426,4070,1623
1763565570,0000000100000080,2188829606159,4070,1624
1763565577,0000000100000010,2188899356977,4069,1625
1763565594,0000004000000002,2189071735274,4070,1626
1763565598,0000002000000080,2189108423484,4070,1627
1763565608,0000000800000001,2189206079351,4069,1628
1763565626,0000008000000002,2189388317668,4070,1629
1763565632,0000008000000008,2189449551785,4070,1630
1763565635,0000008000000080,2189481763416,4070,1631
1763565653,0000004000000080,2189660624797,4069,1632
1763565673,0000008000000080,2189857008320,4069,1633
1763565687,0000008000000008,2189997588472,4069,1634
1763565688,0000004000000001,2190009911865,4069,1635
1763565692,0000000800000004,2190044484501,4069,1636
1763565728,0000008000000004,2190404573066,4069,1637
1763565739,0000000100000002,2190514650090,4070,1638
1763565763,0000004000000004,2190753507852,4069,1639
1763565766,0000008000000004,2190789941681,4069,1640
1763565774,0000000100000001,2190871803227,4069,1641
1763565779,0000008000000008,2190915349777,4070,1642
1763565779,0000008000000080,2190915350388,4070,1643
1763565783,0000008000000008,2190953489214,4069,1644
1763565802,0000008000000002,2191143664716,4069,1645
1763565807,0000000400000001,2191200332755,4069,1646
1763565811,0000004000000008,2191240344946,4069,1647
1763565826,0000000100000001,2191390381508,4069,1648
1763565828,0000008000000080,2191408759249,4069,1649
1763565853,0000000400000080,2191652350719,4069,1650
1763565867,0000004000000001,2191792854755,4069,1651
1763565882,0000000100000004,2191949667012,4070,1652
1763565897,0000000800000001,2192096504942,4070,1653
1763565902,0000008000000001,2192144213416,4070,1654
1763565905,0000004000000002,2192176109407,4069,1655
1763565916,0000000800000004,2192288311825,4070,1656
1763565922,0000000800000002,2192344021603,4069,1657
1763565922,000000400000000c,2192351031796,4070,1658
1763565944,0000002000000004,2192569397274,4069,1659
1763565944,0000000800000008,2192570082037,4069,1660
1763565954,0000008000000002,2192669319087,4070,1661
1763565970,0000004000000001,2192827339003,4070,1662
1763565980,0000000400000004,2192927591560,4069,1663
1763565981,0000004000000008,2192937543045,4070,1664
1763565981,0000008000000008,2192938231767,4070,1665
1763565982,0000000800000008,2192950959373,4070,1666
1763565995,0000008000000080,2193080105621,4069,1667
1763565999,0000000800000001,2193121035026,4069,1668
1763566012,0000000400000001,2193247531401,4070,1669
1763566014,0000000100000001,2193271637267,4070,1670
1763566023,0000004000000002,2193352928202,4070,1671
1763566023,0000008000000004,2193357761627,4070,1672
1763566025,0000000100000008,2193374061632,4069,1673
1763566029,0000008000000004,2193413603621,4069,1674
1763566035,0000008000000004,2193473200402,4070,1675
1763566042,0000008000000004,2193545933910,4069,1676
1763566043,0000008000000008,2193554255685,4069,1677
1763566056,0000002000000020,1642857333134,4069,1678
1763566064,0000000100000080,2193763761050,4069,1679
1763566066,0000004000000002,2193784297025,4068,1680
1763566077,0000008000000008,2193893206920,4070,1681
1763566077,0000008000000004,2193900467186,4069,1682
1763566078,0000008000000004,2193909857899,4069,1683
1763566086,0000000800000004,2193981790946,4069,1684
1763566092,0000000400000040,2194046798536,4069,1685
1763566092,0000000800000080,2194048060177,4069,1686
1763566100,0000000800000004,2194127297044,4070,1687
1763566101,0000000800000004,2194134790785,4069,1688
1763566102,0000000100000008,2194149158034,4070,1689
1763566106,0000008000000080,2194182829456,4070,1690
1763566118,0000004000000002,2194304448339,4070,1691
1763566132,0000004000000080,2194444647930,4070,1692
1763566138,0000004000000008,2194507409075,4069,1693
1763566142,0000004000000001,2194543237893,4070,1694
1763566145,0000008000000001,2194574832960,4069,1695
1763566157,0000004000000002,2194693732802,4069,1696
1763566158,0000000400000004,2194703155573,4070,1697
1763566160,0000000800000080,2194724529133,4070,1698
1763566161,0000000800000008,2194732264531,4070,1699
1763566164,0000008000000004,2194763410130,4070,1700
1763566164,0000000100000001,2194764960079,4070,1701
1763566165,0000008000000080,2194781317244,4070,1702
1763566173,0000000400000080,2194858710230,4069,1703
1763566179,0000000800000002,2194920569677,4069,1704
1763566187,0000000400000001,2194998228985,4069,1705
1763566202,0000000400000008,2195150572401,4070,1706
1763566205,0000008000000002,2195172068310,4070,1707
1763566206,0000000800000001,2195184294760,4070,1708
1763566216,0000008000000001,2195287194297,4070,1709
1763566236,0000000800000008,2195488782955,4070,1710
1763566239,0000000800000001,2195521219393,4069,1711
1763566241,0000004000000004,2195534570213,4070,1712
1763566245,0000000800000008,2195581105593,4070,1713
1763566247,0000004000000080,2195594468780,4070,1714
1763566252,0000008000000002,2195646588035,4071,1715
1763566263,0000004000000002,2195752748247,4069,1716
1763566268,0000008000000004,2195809501151,4069,1717
1763566280,0000000800000008,2195931117496,4069,1718
1763566283,000000400000000a,2195955945802,4070,1719
1763566284,0000002000000080,2195964159286,4070,1720
1763566288,0000000800000080,2196007473432,4070,1721
1763566298,0000000400000004,2196107423326,4070,1722
1763566303,0000004000000004,2196153923003,4069,1723
1763566304,0000000800000001,2196162267922,4070,1724
1763566309,0000008000000004,2196214611325,4070,1725
1763566312,0000000100000008,2196245987274,4069,1726
1763566313,0000004000000001,2196259666443,4070,1727
1763566314,0000000400000080,2196263557399,4070,1728
1763566348,0000000100000001,2196610115495,4070,1729
1763566356,0000004000000008,2196682457235,4070,1730
1763566360,0000000100000008,2196728911727,4070,1731
1763566375,0000008000000002,2196876047947,4070,1732
1763566376,0000004000000002,2196883910377,4070,1733
1763566376,0000004000000001,2196890742857,4070,1734
1763566380,0000000100000008,2196924587091,4070,1735
1763566386,0000000100000080,2196982329355,4070,1736
1763566391,0000000800000002,2197039467175,4070,1737
1763566394,0000000100000002,2197064398113,4070,1738
1763566397,0000004000000002,2197100774344,4069,1739
1763566398,0000000100000003,2197101735537,4070,1740
1763566403,0000000100000080,2197156927116,4070,1741
1763566408,0000000100000001,2197208192675,4070,1742
1763566412,0000008000000001,2197241853345,4069,1743
1763566412,0000008000000080,2197245870852,4070,1744
1763566419,0000000400000001,2197315671063,4070,1745
1763566427,0000008000000004,2197393697292,4070,1746
1763566429,0000000800000002,2197412418071,4070,1747
1763566442,0000000100000010,2197549068318,4070,1748
1763566460,0000004000000001,2197731189111,4070,1749
1763566478,0000004000000008,2197909424295,4070,1750
1763566489,0000000800000008,2198017130434,4070,1751
1763566504,0000008000000008,2198170811021,4069,1752
1763566505,0000004000000008,2198180034062,4070,1753
1763566510,0000004000000001,2198229092401,4069,1754
1763566513,0000000400000002,2198257641763,4070,1755
1763566521,0000008000000004,2198341000909,4070,1756
1763566526,0000000800000008,2198389372025,4070,1757
1763566541,0000000100000080,2198540675571,4070,1758
1763566548,0000000200000004,2198609367641,4070,1759
1763566557,0000000100000004,2198695918163,4069,1760
1763566558,0000004000000080,2198703826925,4069,1761
1763566559,0000004000000001,2198714137002,4069,1762
1763566584,0000004000000002,2198965490293,4069,1763
1763566584,0000000100000002,2198965582626,4070,1764
1763566590,0000000500000001,2199022274986,4070,1765
1763566602,0000000400000080,2199149710540,4070,1766
1763566612,0000000400000001,2199244153691,4070,1767
1763566612,0000000100000001,2199246040722,4070,1768
1763566612,0000000400000002,2199247424065,4070,1769
1763566612,0000008000000001,2199250083772,4070,1770
1763566632,0000000800000004,2199449415119,4070,1771
1763566633,0000008000000001,2199457414113,4070,1772
1763566636,0000004000000002,2199486462183,4070,1773
1763566662,0000000800000001,2199743771860,4070,1774
1763566676,0000004000000001,2199884190363,4070,1775
1763566698,0000000100000004,2200109000540,4069,1776
1763566703,0000000100000004,2200154581224,4070,1777
1763566705,0000004000000001,2200180650958,4069,1778
1763566725,0000000400000002,2200372254585,4070,1779
1763566737,000000800000000c,2200492379250,4069,1780
1763566740,0000000400000001,2200522153690,4069,1781
1763566744,0000008000000080,2200569520975,4070,1782
1763566758,0000004000000004,2200706057766,4070,1783
1763566760,0000000400000001,2200725879430,4069,1784
1763566772,0000000400000004,2200843199093,4070,1785
1763566785,0000008000000004,2200980538731,4070,1786
1763566786,0000000800000001,2200988280371,4070,1787
1763566790,0000000800000002,2201024507824,4070,1788
1763566793,0000008000000002,2201055239374,4069,1789
1763566797,0000004000000004,2201100508491,4069,1790
1763566801,0000004000000001,2201139039851,4070,1791
1763566845,0000008000000002,2201571932508,4070,1792
1763566860,0000004000000001,2201729888524,4069,1793
1763566866,0000000400000001,2201782302260,4070,1794
1763566866,0000000800000004,2201790911063,4070,1795
1763566868,0000000100000001,2201808118436,4070,1796
1763566869,0000008000000002,2201814512763,4069,1797
1763566872,0000000100000002,2201845749439,4069,1798
1763566880,0000008000000080,2201925684636,4070,1799
1763566885,0000008000000008,2201978693982,4069,1800
1763566886,0000004000000008,2201982692293,4070,1801
1763566888,0000000800000002,2202005605722,4070,1802
1763566898,0000000400000001,2202106990302,4070,1803
1763566901,0000000800000001,2202133532807,4070,1804
1763566907,0000000400000004,2202198978104,4070,1805
1763566913,0000008000000001,2202255745650,4070,1806
1763566928,0000008000000008,2202404832130,4069,1807
1763566928,0000000400000002,2202407615622,4070,1808
1763566947,0000000400000001,2202596883982,4071,1809
1763566949,0000008000000002,2202614523571,4069,1810
1763566956,0000004000000002,2202685694333,4070,1811
1763566959,0000000800000001,2202713847587,4069,1812
1763566962,0000004000000002,2202747071435,4069,1813
1763566965,0000004000000008,2202779341759,4070,1814
1763566972,0000008000000008,2202850650759,4069,1815
1763566984,0000000100000001,2202962078524,4069,1816
1763566988,0000008000000002,2203011232788,4069,1817
1763567009,0000008000000002,2203211988544,4069,1818
1763567014,0000008000000001,2203263507481,4070,1819
1763567025,0000000400000001,2203374527656,4069,1820
1763567032,0000008000000080,2203446327463,4069,1821
1763567035,0000000100000080,2203479630950,4070,1822
1763567042,0000008000000008,2203543404936,4069,1823
1763567081,0000008000000008,2203936916532,4069,1824
1763567084,0000000100000080,2203966763727,4069,1825
1763567089,0000008000000080,2204015724009,4069,1826
1763567101,0000008000000006,2204139375785,4069,1827
1763567127,0000004000000002,2204400935415,4069,1828
1763567132,0000004000000001,2204441630558,4069,1829
1763567133,0000004000000008,2204459505930,4070,1830
1763567148,0000000100000001,2204607579437,4070,1831
1763567150,0000008000000002,2204623282603,4070,1832
1763567160,0000008000000008,2204730534832,4070,1833
1763567163,0000004000000008,2204751613837,4069,1834
1763567184,0000008000000080,2204967121220,4069,1835
1763567185,0000004000000001,2204977106808,4069,1836
1763567193,0000002000000080,2205057180425,4070,1837
1763567212,0000000800000002,2205249171095,4069,1838
1763567216,0000000400000001,2205287583120,4069,1839
1763567220,0000008000000080,2205326936872,4069,1840
1763567230,0000000100000001,2205422154516,4069,1841
1763567232,0000008000000008,2205447620486,4069,1842
1763567234,0000000100000010,2205470188032,4070,1843
1763567234,0000000400000002,2205470809008,4070,1844
1763567242,0000008000000001,2205544356101,4069,1845
1763567242,0000008000000008,2205544865274,4070,1846
1763567252,0000000800000080,2205648235206,4069,1847
1763567260,0000000500000001,2205730002678,4070,1848
1763567261,0000008000000080,2205737144006,4069,1849
1763567263,0000004000000002,2205752770212,4069,1850
1763567264,0000008000000004,2205761976950,4070,1851
1763567268,0000008000000002,2205810691151,4070,1852
1763567275,0000008000000002,2205878802461,4069,1853
1763567294,0000008000000004,2206066127151,4070,1854
1763567312,0000008000000004,2206249208185,4069,1855
1763567325,0000004000000008,2206380223139,4070,1856
1763567326,0000004000000008,2206389722596,4070,1857
1763567345,0000008000000008,2206574064143,4069,1858
1763567350,0000002000000040,2206627572141,4070,1859
1763567351,0000008000000004,2206639271956,4070,1860
1763567360,0000008000000004,2206727112501,4070,1861
1763567369,0000000400000004,2206812563954,4070,1862
1763567371,0000000100000080,2206836421124,4070,1863
1763567380,0000008000000002,2206929058689,4070,1864
1763567382,0000000800000002,2206943126582,4070,1865
1763567393,0000000100000001,2207054487474,4069,1866
1763567399,0000008000000002,2207117741479,4070,1867
1763567445,0000008000000001,2207572119922,4070,1868
1763567449,0000002000000002,2207616275423,4070,1869
1763567462,0000004000000002,2207749882074,4070,1870
1763567464,0000004000000002,2207763911187,4069,1871
1763567465,0000004000000002,2207773308671,4070,1872
1763567467,0000004000000004,2207792979702,4070,1873
1763567472,0000008000000080,2207848050727,4070,1874
1763567484,0000000100000001,2207970412253,4070,1875
1763567499,0000008000000004,2208113734692,4070,1876
1763567506,0000008000000001,2208183449815,4070,1877
1763567513,0000004000000008,2208251712747,4070,1878
1763567522,0000000400000010,2208348384955,4070,1879
1763567528,0000008000000080,2208405715241,4070,1880
1763567540,0000000400000001,2208529011486,4070,1881
1763567541,0000008000000004,2208535658014,4070,1882
1763567546,0000000100000020,2208590730059,4070,1883
1763567553,0000004000000008,2208654253177,4070,1884
1763567560,0000000800000002,2208724961730,4070,1885
1763567584,0000000800000001,2208965842124,4070,1886
1763567590,0000004000000001,2209022640370,4070,1887
1763567591,0000008000000001,2209039600643,4070,1888
1763567593,0000004000000080,2209053780192,4070,1889
1763567600,0000004000000001,2209122504630,4070,1890
1763567601,0000008000000080,2209134522451,4069,1891
1763567604,0000004000000008,2209167632026,4070,1892
1763567606,0000000400000002,2209190738763,4070,1893
1763567607,0000008000000008,2209199823081,4070,1894
1763567612,0000008000000004,2209245705831,4070,1895
1763567642,0000000100000001,2209547682859,4070,1896
1763567663,0000008000000002,2209759055413,4069,1897
1763567664,0000008000000002,2209765662929,4069,1898
1763567671,0000008000000004,2209834845930,4069,1899
1763567702,0000008000000002,2210142594702,4070,1900
1763567717,0000004000000002,2210299579854,4070,1901
1763567719,0000004000000040,2210318297407,4069,1902
1763567721,0000000200000002,2210332234828,4070,1903
1763567729,0000000400000001,2210421140370,4068,1904
1763567730,0000008000000004,2210423613105,4070,1905
1763567759,0000008000000080,2210717175185,4070,1906
1763567763,0000000100000004,2210753296791,4069,1907
1763567764,0000008000000004,2210766994353,4069,1908
1763567764,0000008000000080,2210769740110,4070,1909
1763567764,0000008000000004,2210769862941,4070,1910
1763567781,0000004000000080,2210940631846,4070,1911
1763567782,0000000800000001,2210940895048,4070,1912
1763567784,0000004000000002,2210968776859,4070,1913
1763567785,0000004000000004,2210971758159,4070,1914
1763567785,0000000800000001,2210973148238,4070,1915
1763567786,0000004000000001,2210989278728,4069,1916
1763567788,0000008000000008,2211001811097,4070,1917
1763567788,0000004000000001,2211011230619,4070,1918
1763567800,0000004000000008,2211121750262,4070,1919
1763567805,0000000100000080,2211177365535,4070,1920
1763567806,0000000100000080,2211190955422,4069,1921
1763567826,0000000100000002,2211381603057,4070,1922
1763567836,0000004000000002,2211488980491,4069,1923
1763567841,0000004000000002,2211534371508,4069,1924
1763567848,0000000400000080,2211603127735,4070,1925
1763567851,0000004000000001,2211639261943,4069,1926
1763567876,0000004000000008,2211884405296,4070,1927
1763567883,0000000800000001,2211957186411,4070,1928
1763567885,0000008000000004,2211974827936,4070,1929
1763567889,0000000800000001,2212014931311,4070,1930
1763567890,0000008000000004,2212021562992,4070,1931
1763567898,0000008000000001,2212109406507,4070,1932
1763567903,0000000100000002,2212156888608,4070,1933
1763567914,0000000100000001,2212270028668,4069,1934
1763567919,0000000400000001,2212320480609,4070,1935
1763567920,0000008000000002,2212328185545,4070,1936
1763567941,0000000800000004,2212540053147,4070,1937
1763567944,0000000800000002,2212562033653,4070,1938
1763567944,0000004000000008,2212569682437,4070,1939
1763567968,0000004000000002,2212803638981,4070,1940
1763567973,000000c000000004,2212858073008,4069,1941
1763567988,0000008000000080,2213005208642,4070,1942
1763567997,0000008000000004,2213093129461,4070,1943
1763568003,0000008000000002,2213153460024,4070,1944
1763568009,0000004000000008,2213216301416,4070,1945
1763568041,0000000800000002,2213538842397,4070,1946
1763568049,0000000800000001,2213612820364,4070,1947
1763568051,0000004000000008,2213639362704,4070,1948
1763568070,0000008000000080,2213828031518,4070,1949
1763568073,0000008000000002,2213851860816,4070,1950
1763568078,0000000100000080,2213911161359,4069,1951
1763568085,0000004000000001,2213972878442,4069,1952
1763568090,0000000100000004,2214026016043,4070,1953
1763568099,0000000800000080,2214119298260,4070,1954
1763568102,0000000800000001,2214145759588,4070,1955
1763568105,0000008000000002,2214171408199,4070,1956
1763568106,0000000400000001,2214188871543,4069,1957
1763568107,0000008000000008,2214195513925,4070,1958
1763568117,0000004000000001,2214294238945,4069,1959
1763568117,0000008000000002,2214295861227,4070,1960
1763568121,0000008000000080,2214340018632,4069,1961
1763568126,0000008000000002,2214390995892,4070,1962
1763568129,0000000200000002,2214413902962,4070,1963
1763568145,0000000100000002,2214572046057,4069,1964
1763568145,0000004000000008,2214581031997,4070,1965
1763568147,0000004000000001,2214598783837,4069,1966
1763568149,0000004000000008,2214613859845,4070,1967
1763568167,0000000800000008,2214800219437,4070,1968
1763568176,0000008000000004,2214881982129,4070,1969
1763568192,0000004000000002,2215045362535,4070,1970
1763568207,0000004000000001,2215197348758,4069,1971
1763568216,0000008000000080,2215282060396,4069,1972
1763568219,0000004000000008,2215319528061,4070,1973
1763568220,0000004000000001,2215326060212,4068,1974
1763568220,0000008000000008,2215326198806,4070,1975
1763568223,0000004000000008,2215358971998,4069,1976
1763568228,0000000400000004,2215404021742,4070,1977
1763568231,0000000100000040,2215432048049,4069,1978
1763568235,0000008000000001,2215477146202,4070,1979
1763568254,0000004000000004,2215670692542,4070,1980
1763568255,0000004000000002,2215677494768,4070,1981
1763568258,0000000100000002,2215707138014,4070,1982
1763568267,0000000200000080,2215792199800,4070,1983
1763568272,0000008000000001,2215850546295,4070,1984
1763568274,0000004000000004,2215868488852,4070,1985
1763568288,0000000100000001,2216002946030,4069,1986
1763568298,0000004000000002,2216102882939,4070,1987
1763568298,0000004000000002,2216106388827,4070,1988
1763568298,0000000100000004,2216110103528,4070,1989
1763568299,0000000200000003,2216110152408,4070,1990
1763568320,0000004000000080,2216323393874,4070,1991
1763568322,0000008000000080,2216349656508,4070,1992
1763568332,0000000400000001,2216444137062,4070,1993
1763568342,0000008000000002,2216549400171,4069,1994
1763568344,0000004000000002,2216566158589,4070,1995
1763568358,0000004000000008,2216701305810,4070,1996
1763568360,0000008000000002,2216721374341,4070,1997
1763568361,0000004000000080,2216736653275,4070,1998
1763568375,0000000300000001,2216876607201,4070,1999
1763568387,0000000400000008,2216991792107,4069,2000
1763568402,0000000100000040,2217145573428,4070,2001
1763568404,0000004000000008,2217161588503,4070,2002
1763568408,0000000100000001,2217206624840,4070,2003
1763568418,0000000500000008,2217310812160,4070,2004
1763568420,0000000800000002,2217327678466,4070,2005
1763568420,0000000100000004,2217329682748,4070,2006
1763568431,0000004000000001,2217438570466,4069,2007
1763568444,0000000400000001,2217561649530,4070,2008
1763568446,0000008000000004,2217586462294,4069,2009
1763568448,0000000c00000003,2217606907829,4070,2010
1763568460,0000000100000080,2217724165203,4070,2011
1763568461,0000004000000080,2217738203115,4070,2012
1763568471,0000008000000008,2217832552847,4070,2013
1763568488,0000008000000080,2218001770559,4069,2014
1763568493,0000000800000004,2218053338435,4070,2015
1763568507,0000000200000004,2218193134533,4070,2016
1763568507,0000000400000001,2218197151011,4070,2017
1763568513,0000000100000002,2218255225195,4070,2018
1763568514,0000000800000001,2218261962537,4070,2019
1763568515,0000000800000001,2218277903422,4069,2020
1763568520,0000008000000001,2218330344620,4069,2021
1763568532,0000008000000001,2218448795674,4070,2022
1763568543,0000000400000080,2218551725334,4070,2023
1763568557,0000000800000002,2218695914476,4070,2024
1763568581,0000000400000002,2218941021076,4070,2025
1763568583,0000000800000004,2218958867575,4070,2026
1763568584,0000004000000002,2218961567620,4070,2027
1763568590,0000004000000080,2219024947997,4070,2028
1763568598,0000008000000002,2219105819055,4070,2029
1763568602,0000004000000008,2219141875775,4070,2030
1763568618,0000000100000001,2219304559396,4070,2031
1763568618,0000008000000002,2219309898453,4069,2032
1763568639,0000000800000004,2219511656779,4069,2033
1763568651,0000000100000001,2219636448793,4069,2034
1763568667,0000008000000008,2219791750281,4070,2035
1763568670,0000008000000080,2219829977190,4069,2036
1763568685,0000008000000002,2219972354301,4069,2037
1763568686,0000002000000040,2219983119693,4070,2038
1763568686,0000000100000080,2219988912601,4070,2039
1763568691,0000004000000004,2220031697249,4070,2040
1763568698,0000000400000001,2220105156465,4070,2041
1763568702,0000004400000001,2220145929839,4069,2042
1763568705,0000008000000080,2220174432062,4069,2043
1763568713,0000008000000001,2220255249638,4070,2044
1763568717,0000004000000008,2220301027287,4070,2045
1763568726,0000004000000080,2220388337548,4070,2046
1763568729,0000004000000002,2220411153798,4070,2047
1763568747,0000008000000008,2220600895232,4069,0
1763568748,0000000800000001,2220604037814,4070,1
1763568748,0000000100000080,2220605127189,4070,2
1763568751,0000008000000080,2220640323138,4070,3
1763568753,0000001000000020,2220651320390,4070,4
1763568756,0000008000000002,2220687237610,4069,5
1763568760,0000000100000080,2220722593849,4070,6
1763568762,0000004000000004,2220749020075,4070,7
1763568765,0000008000000080,2220775020621,4070,8
1763568769,0000004000000008,2220814823121,4070,9
1763568773,0000000100000080,2220852584058,4070,10
1763568782,0000008000000004,2220945625027,4069,11
1763568791,0000000100000008,2221037586085,4070,12
1763568795,0000004000000002,2221072065609,4069,13
1763568800,0000004000000004,2221128645938,4070,14
1763568814,0000004800000008,2221262566194,4070,15
1763568835,0000000800000004,2221480915059,4070,16
1763568836,0000000200000010,2221488319299,4069,17
1763568836,0000004000000080,2221490499608,4070,18
1763568840,0000000100000002,2221526538348,4069,19
1763568844,0000008000000080,2221571010882,4070,20
1763568848,0000004000000004,2221606429955,4069,21
1763568849,0000000100000080,2221620226794,4070,22
1763568858,0000008000000002,2221704274343,4070,23
1763568872,0000008500000080,2221842834161,4070,24
1763568877,0000008000000080,2221896260908,4069,25
1763568897,0000000800000002,2222096334866,4070,26
1763568902,0000008000000001,2222144204865,4070,27
1763568905,0000004000000008,2222172086907,4069,28
1763568909,0000008000000004,2222213130810,4070,29
1763568912,0000000100000008,2222243542603,4070,30
1763568913,0000008000000002,2222256388565,4069,31
1763568929,0000004000000008,2222418929504,4070,32
1763568933,0000008000000002,2222452029258,4069,33
1763568935,0000000400000004,2222472689423,4070,34
1763568946,0000000100000008,2222589056101,4070,35
1763568953,0000000800000001,2222654808719,4070,36
1763568954,0000008000000080,2222662044752,4070,37
1763568957,0000004000000004,2222694275699,4070,38
1763568957,0000000800000002,2222697132525,4070,39
1763568975,0000008000000080,2222877185681,4069,40
1763568988,0000000100000001,2223010093494,4069,41
1763568993,0000004000000004,2223059567348,8140,42
1763568994,0000008000000004,2223064667846,4069,43
1763568997,0000000400000001,2223093667681,4070,44
1763568999,0000004000000002,2223112223160,4070,45
1763569006,0000004000000001,2223182474395,4070,46
1763569017,0000000100000004,2223297392957,4070,47
1763569020,0000004000000004,2223322328490,4070,48
1763569022,0000004000000004,2223346014189,4070,49
1763569027,0000004000000004,2223393000339,4069,50
1763569036,0000008000000004,2223489009044,4069,51
1763569039,0000000400000004,2223514373897,4070,52
1763569046,0000008000000002,2223587195761,4069,53
1763569047,0000008000000004,2223592379380,4069,54
1763569059,0000004000000008,2223714119459,4068,55
1763569070,0000002000000080,2223823302418,4068,56
1763569071,0000000800000008,2223834017632,4068,57
1763569071,0000004000000004,2223835251887,4068,58
1763569075,0000008000000004,2223870989319,4068,59
1763569084,0000000400000040,2223968730769,4069,60
1763569090,0000000800000001,2224024938886,4069,61
1763569101,0000000400000004,2224135338434,4069,62
1763569114,0000008000000002,2224265274758,4070,63
1763569118,0000000100000008,2224303331202,4069,64
1763569125,0000008000000004,2224374476682,4069,65
1763569130,0000008000000002,2224421996711,4069,66
1763569137,0000000100000002,2224498466291,4069,67
1763569141,0000008000000004,2224537217549,4069,68
1763569142,0000000100000008,2224549744014,8139,69
1763569143,0000000800000002,2224554649223,4069,70
1763569146,0000008000000008,2224584708014,4071,71
1763569149,0000008000000080,2224614015902,4070,72
1763569150,0000008000000004,2224629903227,4069,73
1763569151,0000000400000001,2224638198137,4069,74
1763569156,0000002000000040,2224685491375,4069,75
1763569158,0000000800000002,2224702009332,4070,76
1763569160,0000000100000001,2224728881792,4070,77
1763569169,0000004000000001,2224815920691,4070,78
1763569176,0000008000000080,2224881904143,4070,79
1763569190,0000000100000001,2225030586197,4070,80
1763569209,0000000800000001,2225218434880,4070,81
1763569211,0000000800000008,2225235322140,4070,82
1763569224,0000000100000001,2225364043913,4069,83
1763569226,0000000400000080,2225386515903,4070,84
1763569230,0000000100000040,2225430015701,4069,85
1763569238,0000008000000001,2225509902493,4069,86
1763569246,0000000100000020,2225585850316,4069,87
1763569261,0000004000000008,2225738417199,4070,88
1763569264,0000004000000001,2225761422657,4069,89
1763569276,0000000100000001,2225886814129,4070,90
1763569287,0000004000000008,2225997630529,4069,91
1763569289,0000008000000002,2226012311553,4069,92
1763569290,0000000800000002,2226028108519,4069,93
1763569303,0000008000000004,2226150941671,4069,94
1763569326,0000008000000080,2226383565975,4070,95
1763569328,0000004000000004,2226404078489,4069,96
1763569331,0000000800000001,2226438191924,4070,97
1763569337,0000000400000001,2226499729536,4069,98
1763569339,0000008000000001,2226513819680,4070,99
1763569343,0000008000000004,2226555427216,4069,100
1763569345,0000004000000080,2226580649155,4069,101
1763569346,0000004000000004,2226583211864,4068,102
1763569354,0000008000000004,2226661871199,4070,103
1763569356,0000008000000080,2226683231918,4070,104
1763569358,0000004000000001,2226701174451,4070,105
1763569373,0000004000000002,2226852726510,4070,106
1763569388,0000000800000002,2227006486585,4070,107
1763569389,0000000300000001,2227015526468,4070,108
1763569389,0000000400000001,2227018506723,4070,109
1763569391,0000008000000001,2227035828723,4069,110
1763569393,0000000800000004,2227054857808,4070,111
1763569395,0000004000000008,2227078146983,4069,112
1763569395,0000008000000004,2227078439177,4069,113
1763569398,0000008000000080,2227102999630,4069,114
1763569398,0000008000000080,2227104525474,4070,115
1763569402,0000004100000001,2227145359118,4070,116
1763569408,0000004000000004,2227204528275,4070,117
1763569410,0000000800000004,2227229396857,4070,118
1763569413,0000004000000080,2227259819329,4069,119
1763569421,0000008000000080,2227333643233,4069,120
1763569423,0000000100000080,2227356999314,4069,121
1763569437,0000008000000002,2227498872391,4069,122
1763569441,0000000800000002,2227539094893,4069,123
1763569453,0000000800000008,2227657366630,4070,124
1763569456,0000004000000004,2227682891887,4069,125
1763569457,0000000800000002,2227693157585,4069,126
1763569463,0000008000000001,2227751966816,4069,127
1763569468,0000000800000001,2227806426864,4069,128
1763569481,0000000400000080,2227932611044,4070,129
1763569483,0000000100000008,2227958213659,8140,130
1763569496,0000008000000002,2228085940902,4069,131
1763569504,0000000200000001,2228163705172,4069,132
1763569513,0000008000000002,2228255835743,4070,133
1763569521,0000004000000080,2228339273393,4070,134
1763569527,0000000100000002,2228394653233,4070,135
1763569532,0000008000000004,2228445258222,4069,136
1763569537,0000008000000080,2228495709949,4070,137
1763569544,0000000100000002,2228561125242,4070,138
1763569592,0000004000000002,2229048636168,4070,139
1763569596,0000002000000080,2229087292351,4069,140
1763569603,0000000c00000001,2229154055877,4070,141
1763569603,0000008000000080,2229159753985,4069,142
1763569617,0000008000000001,2229295742051,4047,143
1763569619,000000c000000004,2229312022789,4070,144
1763569621,0000008000000008,2229339787172,4069,145
1763569625,0000008000000080,2229377867945,4069,146
1763569625,0000004000000004,2229378824086,4070,147
1763569627,0000000800000002,2229396158931,4069,148
1763569628,0000000100000001,2229404096522,4070,149
1763569634,0000008000000008,2229464188412,4070,150
1763569645,0000008000000080,2229571710968,4069,151
1763569647,0000008000000008,2229592122723,4070,152
1763569654,0000001000000001,2229662196894,4070,153
1763569654,0000004000000001,2229662653764,4070,154
1763569669,0000000400000001,2229811927349,4070,155
1763569687,0000000400000001,2229991938475,4069,156
1763569687,0000004000000002,2229994988709,4070,157
1763569696,0000000100000004,2230081380473,4070,158
1763569697,0000000400000001,2230095305419,4070,159
1763569700,0000004000000080,2230121077362,4070,160
1763569708,0000004000000080,2230210767311,4070,161
1763569719,0000004000000020,2229241282743,4070,162
1763569722,0000008000000002,2230342014187,4069,163
1763569725,0000000500000001,2230372512220,4069,164
1763569731,0000000400000008,2230438439952,4069,165
1763569737,0000000400000080,2230491654728,4070,166
1763569746,0000008000000008,2230583343271,4070,167
1763569754,0000000200000001,2230667762686,4070,168
1763569778,0000002000000004,2230902693432,4070,169
1763569778,0000000100000080,2230908631678,4070,170
1763569782,0000000800000001,2230947032534,4070,171
1763569791,0000004000000001,2231036512624,4070,172
1763569792,0000004000000001,2231048867875,4069,173
1763569795,0000004000000004,2231080420928,4069,174
1763569799,0000000800000001,2231120191495,4069,175
1763569803,0000008000000004,2231155560388,4070,176
1763569812,0000000400000001,2231243115147,4070,177
1763569818,0000002000000040,2231304513901,4069,178
1763569825,0000008000000004,2231373689846,4069,179
1763569833,0000004000000001,2231459011009,4070,180
1763569837,0000004000000001,2231494078054,4069,181
1763569853,0000000800000001,2231657155625,4070,182
1763569855,0000004000000002,2231676648987,4071,183
1763569869,0000000100000001,2231820583130,4070,184
1763569877,0000000400000001,2231894300202,4069,185
1763569878,0000000100000080,2231908047958,4070,186
1763569887,0000000100000080,2231991549364,4069,187
1763569890,0000008000000008,2232021291000,4070,188
1763569900,0000001000000008,2232129892908,4070,189
1763569910,0000000100000001,2232223417754,4070,190
1763569910,0000004000000008,2232229460298,4070,191
1763569911,0000000400000001,2232238786530,4069,192
1763569914,0000000100000001,2232265370529,4069,193
1763569917,0000008000000002,2232296232493,4070,194
1763569940,0000004000000002,2232524148858,4069,195
1763569946,0000008000000002,2232590621418,4070,196
1763569949,0000000800000001,2232616274275,4070,197
1763569961,0000000800000004,2232738708805,4070,198
1763569967,0000008000000002,2232798351326,4069,199
1763569968,0000008000000080,2232804272618,4070,200
1763569971,0000000800000001,2232833491271,4070,201
1763569981,0000004000000004,2232939970966,4070,202
1763569983,0000004000000001,2232952641277,4070,203
1763569998,0000000800000008,2233104924611,4069,204
1763570009,0000002000000008,2233214338209,4070,205
1763570019,0000000400000001,2233316038192,4070,206
1763570026,0000000100000001,2233387591455,4069,207
1763570038,0000000100000004,2233510638000,4070,208
1763570056,0000000100000080,2233684419975,4069,209
1763570064,0000000800000001,2233769245437,4069,210
1763570066,0000000900000008,2233788131683,4070,211
1763570072,0000008000000002,2233845494799,4070,212
1763570084,0000004000000002,2233964734681,4070,213
1763570086,0000000100000080,2233988339921,4070,214
1763570097,0000000400000003,2234100587184,4070,215
1763570109,0000000800000001,2234215492233,4070,216
1763570111,0000000400000002,2234231268211,4069,217
1763570123,0000000100000001,2234351903126,4070,218
1763570123,0000002000000001,2234353929456,4070,219
1763570126,0000000500000001,2234383694754,4070,220
1763570128,0000008000000004,2234408697761,4070,221
1763570145,0000004000000001,2234573298810,4070,222
1763570157,0000000100000080,2234699350810,4070,223
1763570180,0000000100000001,2234921795487,4068,224
1763570180,0000002000000040,2234930441986,4070,225
1763570182,0000004000000001,2234943585390,4070,226
1763570184,0000000100000002,2234970580033,4070,227
1763570192,0000004000000001,2235046530906,4070,228
1763570193,0000008000000008,2235057741799,4069,229
1763570196,0000000900000001,2235087614534,4070,230
1763570198,0000008000000004,2235108677892,4070,231
1763570204,0000000100000004,2235166495657,4070,232
1763570212,0000000400000080,2235243619186,4070,233
1763570242,0000008000000001,2235542192022,4070,234
1763570244,0000000800000008,2235569183065,4070,235
1763570249,0000008000000001,2235611237244,4070,236
1763570253,0000008000000001,2235652320412,4070,237
1763570259,0000000100000004,2235715979556,4070,238
1763570275,0000008000000001,2235877303051,4070,239
1763570279,0000008000000002,2235911441318,4070,240
1763570279,0000004000000004,2235914779583,4070,241
1763570288,0000008000000001,2236006111865,4070,242
1763570293,0000008000000002,2236058828725,4070,243
1763570297,0000008000000008,2236098293256,4070,244
1763570298,0000008000000004,2236104294028,4070,245
1763570344,0000000400000004,2236562478886,4070,246
1763570349,0000000400000002,2236619717008,4070,247
1763570358,0000004000000008,2236703241512,4070,248
1763570362,0000000800000080,2236746872152,4070,249
1763570374,0000000800000001,2236866108535,4070,250
1763570381,0000004000000004,2236935857735,4070,251
1763570385,0000000100000010,2236975775389,4070,252
1763570387,0000008000000004,2236999060464,4070,253
1763570405,0000008000000080,2237171855052,4070,254
1763570406,0000004000000002,2237182009919,4070,255
1763570408,0000008000000080,2237210320860,4070,256
1763570415,0000008000000008,2237279953225,4070,257
1763570418,0000000400000080,2237303371357,4070,258
1763570474,0000008000000002,2237861292495,4070,259
1763570478,0000002000000004,2237903144206,4070,260
1763570480,0000004000000008,2237930064890,4070,261
1763570489,0000000400000002,2238012239452,4070,262
1763570503,0000004100000001,2238155178250,4070,263
1763570504,0000000100000001,2238170491894,4070,264
1763570508,0000008000000002,2238203574947,4070,265
1763570518,0000000100000004,2238306868547,4068,266
1763570519,0000000100000002,2238313523239,4069,267
1763570521,0000000100000001,2238330813858,4069,268
1763570535,0000008000000002,2238477895225,4070,269
1763570546,0000008000000080,2238586402388,4070,270
1763570550,0000008000000008,2238620625459,4070,271
1763570551,0000004000000008,2238632052785,4070,272
1763570559,0000008000000008,2238712821371,4070,273
1763570561,0000008000000080,2238737032420,4070,274
1763570561,0000008000000008,2238739857867,4070,275
1763570573,0000008000000002,2238851101704,4070,276
1763570573,0000004000000002,2238852509674,4070,277
1763570595,0000000700000001,2239080455926,4070,278
1763570597,0000008000000002,2239099580467,4070,279
1763570598,0000000400000001,2239106515684,4070,280
1763570601,0000008000000002,2239136334965,4070,281
1763570612,0000000100000080,2239249597817,4070,282
1763570613,0000008000000004,2239258868958,4070,283
1763570615,000000c000000081,2239274495212,4070,284
1763570653,0000004000000002,2239655639511,4069,285
1763570654,0000008000000001,2239670115726,4070,286
1763570658,0000000400000002,2239703635385,4069,287
1763570663,0000004000000002,2239752794286,4070,288
1763570665,0000008000000004,2239779054715,4070,289
1763570667,0000004000000004,2239794795492,4069,290
1763570672,0000008000000002,2239846056536,4070,291
1763570674,0000004000000006,2239868079997,4069,292
1763570678,0000000100000001,2239903366195,4069,293
1763570692,0000000400000001,2240042707242,4069,294
1763570698,0000000800000080,2240102409512,4070,295
1763570699,0000008000000080,2240112890409,4070,296
1763570700,0000000100000001,2240124942469,4070,297
1763570715,0000008000000008,2240280036537,4070,298
1763570722,0000000100000080,2240342789520,4070,299
1763570724,0000000800000001,2240363745582,4070,300
1763570736,0000008000000080,2240489127385,4070,301
1763570741,0000008000000080,2240536241656,4070,302
1763570741,0000008000000080,2240537752057,4070,303
1763570741,0000000400000002,2240539350372,4070,304
1763570746,0000000100000040,2240580601732,4070,305
1763570748,0000000800000001,2240602410493,4070,306
1763570748,0000004000000002,2240608206460,4070,307
1763570764,0000000800000002,2240762766876,4070,308
1763570772,0000000100000001,2240848155986,4070,309
1763570776,0000004000000004,2240887705640,4070,310
1763570776,0000000800000004,2240887820207,4070,311
1763570795,0000000800000002,2241080407886,4070,312
1763570800,0000004000000002,2241127610568,4070,313
1763570804,0000000800000002,2241162689750,4069,314
1763570806,0000000800000001,2241186522213,4070,315
1763570812,0000008000000008,2241241090482,4070,316
1763570815,0000000200000002,2241272745545,4070,317
1763570816,0000004000000002,2241288157426,4070,318
1763570819,0000000800000002,2241315968022,4070,319
1763570824,0000000100000001,2241366712584,4070,320
1763570834,0000000400000001,2241465739629,4070,321
1763570855,0000008000000080,2241673593307,4070,322
1763570859,0000000400000002,2241717385565,4069,323
1763570860,0000004000000002,2241724528913,4070,324
1763570863,0000004000000002,2241754391940,4070,325
1763570864,0000004000000004,2241767383891,4069,326
1763570875,0000004000000002,2241878244520,4070,327
1763570879,0000008000000008,2241913966268,4069,328
1763570882,0000000100000001,2241942871866,4070,329
1763570886,0000008000000008,2241984332171,4070,330
1763570892,0000008000000002,2242042525851,4070,331
1763570896,0000004000000004,2242087350750,4070,332
1763570901,0000000800000004,2242136245570,4070,333
1763570901,0000000400000004,2242138948149,4070,334
1763570901,0000008000000008,2242139306280,4070,335
1763570923,0000008000000001,2242357940944,4070,336
1763570936,0000004000000004,2242480803117,4069,337
1763570938,0000008000000080,2242503746591,4070,338
1763570952,0000000800000004,2242644625681,4069,339
1763570954,0000000400000004,2242661326577,4070,340
1763570954,0000008000000008,2242668277653,4069,341
1763570957,0000000100000001,2242695021344,4069,342
1763570976,0000000100000001,2242883257632,4070,343
1763570987,0000000100000001,2242994392378,4070,344
1763570997,0000004000000002,2243095221685,4070,345
1763570999,0000008000000008,2243118727356,4069,346
1763571012,0000000100000002,2243240844655,4070,347
1763571012,0000008000000001,2243248028255,4070,348
1763571014,0000008000000080,2243261462664,4070,349
1763571020,0000004000000008,2243327780211,4070,350
1763571026,0000004000000001,2243386219564,4069,351
1763571044,0000000400000004,2243565517966,4070,352
1763571060,0000004000000004,2243727880449,4069,353
1763571062,0000000800000002,2243748342152,4070,354
1763571067,0000000100000001,2243795152923,4070,355
1763571067,0000000800000008,2243799550568,4070,356
1763571072,0000000800000080,2243840852950,4070,357
1763571073,0000004000000080,2243855767734,4069,358
1763571077,0000000100000008,2243895661649,4069,359
1763571080,0000008000000008,2243928780060,4070,360
1763571085,0000008000000004,2243972910671,4069,361
1763571089,0000000800000002,2244015722084,4070,362
1763571097,0000004000000080,2244096828429,4070,363
1763571097,0000000800000001,2244098518246,4070,364
1763571101,0000000100000001,2244136925093,4070,365
1763571105,0000004000000004,2244173359790,4070,366
1763571112,0000008000000080,2244244150635,4069,367
1763571114,0000008000000008,2244269051697,4069,368
1763571135,0000004000000080,2244476960833,4069,369
1763571135,0000008000000008,2244479361248,4070,370
1763571137,0000000800000008,2244494438218,4070,371
1763571140,0000000400000001,2244528332045,4070,372
1763571158,0000000100000004,2244704290625,4070,373
1763571164,0000008000000040,2244768553985,4070,374
1763571169,0000008000000008,2244814490355,4070,375
1763571173,0000000100000001,2244856031958,4070,376
1763571176,0000000100000004,2244885539342,4070,377
1763571179,0000000800000002,2244911087970,4070,378
1763571188,0000004000000008,2245001042320,4070,379
1763571200,0000008000000008,2245126790082,4070,380
1763571205,0000008000000001,2245176638639,4070,381
1763571210,0000000800000004,2245224953214,4070,382
1763571240,0000000400000001,2245528003266,4070,383
1763571244,0000000800000080,2245564125475,4070,384
1763571246,0000004000000004,2245589669919,4070,385
1763571264,0000000100000004,2245769631371,4070,386
1763571265,0000008000000080,2245773036974,4070,387
1763571304,0000008000000080,2246168676621,4069,388
1763571305,0000000400000001,2246171552568,4070,389
1763571310,0000000400000004,2246224685043,4070,390
1763571310,0000002000000020,2245152604179,4070,391
1763571311,0000000100000080,2246233968798,4069,392
1763571314,0000008000000004,2246264080205,4069,393
1763571320,0000008000000004,2246325493009,4070,394
1763571337,0000000100000002,2246491325344,4070,395
1763571342,0000000400000001,2246547139338,4070,396
1763571356,0000000400000004,2246688170138,4070,397
1763571383,0000008000000001,2246956212180,4070,398
1763571385,0000004000000006,2246974631213,4070,399
1763571388,0000008000000008,2247009347298,4070,400
1763571389,0000004000000008,2247012939315,4070,401
1763571393,0000008000000001,2247056754663,4070,402
1763571396,0000008000000080,2247084479656,4070,403
1763571398,0000008000000002,2247108635394,4070,404
1763571399,0000004000000004,2247111723763,4070,405
1763571399,0000000100000008,2247117405168,4070,406
1763571409,0000008000000040,2247218443056,4070,407
1763571415,0000000200000008,2247272093940,4070,408
1763571418,0000004000000080,2247300646476,4069,409
1763571434,0000008000000002,2247467312750,4070,410
1763571435,0000000100000001,2247470463612,4070,411
1763571436,0000000400000080,2247489488099,4070,412
1763571484,0000008000000004,2247963566782,4070,413
1763571488,0000000400000002,2248003456149,4070,414
1763571491,0000008000000001,2248037471291,4069,415
1763571494,0000004000000002,2248067133585,4070,416
1763571513,0000000100000002,2248254103346,4070,417
1763571515,0000008800000080,2248277659079,4070,418
1763571519,0000000800000001,2248314362372,4070,419
1763571523,0000000400000001,2248352137318,4070,420
1763571534,0000000400000002,2248467329486,4071,421
1763571543,0000000100000040,2248557539393,4069,422
1763571549,0000008000000002,2248615861902,4070,423
1763571567,0000000300000001,2248799553377,4070,424
1763571569,0000008000000002,2248810730424,4070,425
1763571574,0000008000000080,2248870030535,4070,426
1763571578,0000000100000001,2248908939612,4069,427
1763571584,0000004400000004,2248965199799,4070,428
1763571585,0000000100000004,2248971295826,4070,429
1763571611,0000004000000010,2249237979287,4069,430
1763571626,0000004000000004,2249383380152,4070,431
1763571630,0000008000000080,2249425853335,4070,432
1763571634,0000000100000001,2249467305558,4070,433
1763571644,0000000200000040,2249561193966,4070,434
1763571644,0000004000000008,2249570038909,4070,435
1763571650,0000008000000002,2249620318767,4070,436
1763571660,0000002000000010,2249721114249,4069,437
1763571694,0000008000000080,2250061971213,4069,438
1763571702,0000000100000001,2250147600435,4068,439
1763571704,0000000800000008,2250160562037,4069,440
1763571704,0000008000000040,2250167306617,4070,441
1763571731,0000004000000004,2250439005152,4070,442
1763571733,0000004000000004,2250457563250,4070,443
1763571734,0000000c00000004,2250469592362,4070,444
1763571738,0000000400000080,2250507309767,4070,445
1763571739,0000000100000004,2250515392572,4070,446
1763571741,0000004000000002,2250537299573,4070,447
1763571745,0000000100000080,2250576382658,4070,448
1763571750,0000008000000008,2250629672909,4070,449
1763571773,0000004400000001,2250852816209,4070,450
1763571808,0000008000000008,2251202566052,4070,451
1763571811,0000000400000002,2251239645985,4070,452
1763571812,0000008000000080,2251249951603,4070,453
1763571822,0000000800000002,2251349589286,4070,454
1763571823,0000000300000001,2251357980944,4070,455
1763571827,0000000200000001,2251398271567,4070,456
1763571844,0000000800000001,2251562512555,4070,457
1763571847,0000000400000001,2251591499222,4070,458
1763571869,0000008000000080,2251810497707,4070,459
1763571887,0000008000000080,2251996471057,4070,460
1763571900,0000000100000001,2252126083966,4070,461
1763571913,0000000400000080,2252251610335,4068,462
1763571918,0000000100000002,2252300765011,4068,463
1763571930,0000008000000008,2252423916714,4069,464
1763571943,0000008000000002,2252559810070,4070,465
1763571947,0000000100000080,2252591071992,4070,466
1763571951,0000008000000001,2252637438401,4070,467
1763571961,0000000400000001,2252730798377,4070,468
1763571994,0000004000000001,2253068657382,4069,469
1763572008,0000000400000008,2253201923943,4069,470
1763572009,0000000400000080,2253211011518,4070,471
1763572016,0000000200000002,2253282727409,4069,472
1763572021,0000000800000002,2253339767767,4070,473
1763572026,0000004000000002,2253389616101,4070,474
1763572027,0000004000000008,2253390093635,4070,475
1763572062,0000004000000080,2253741274827,4069,476
1763572090,0000008100000004,2254022304898,4070,477
1763572115,0000004000000004,2254280022450,4070,478
1763572120,0000000800000001,2254320369283,4070,479
1763572127,0000000400000080,2254395142797,4069,480
1763572130,0000008000000004,2254428338205,4070,481
1763572131,0000004000000002,2254435748014,4070,482
1763572133,0000000400000001,2254453174818,4069,483
1763572149,0000004000000008,2254614283323,4070,484
1763572151,0000004000000002,2254632278079,4070,485
1763572168,0000000800000080,2254807843345,4070,486
1763572178,0000004000000001,2254904875547,4070,487
1763572187,0000004000000004,2254994823178,4070,488
1763572193,0000000100000001,2255052446420,4069,489
1763572208,0000000100000008,2255203027273,4070,490
1763572221,0000008000000008,2255334883622,4070,491
1763572224,0000008000000008,2255367542142,4070,492
1763572234,0000004000000004,2255463359499,4070,493
1763572252,0000000100000080,2255649654916,4070,494
1763572256,0000008000000080,2255687906600,4070,495
1763572270,0000008000000080,2255829489981,4069,496
1763572281,0000008000000008,2255931928371,4070,497
1763572284,0000000100000001,2255965501461,4070,498
1763572289,0000000400000004,2256016563080,4070,499
1763572301,0000000100000001,2256136160417,4069,500
1763572305,0000004000000008,2256172877555,4069,501
1763572306,0000008000000003,2256180329527,4069,502
1763572313,0000004000000008,2256256408151,4070,503
1763572331,0000004000000002,2256438655294,4070,504
1763572346,0000000100000080,2256584867903,4069,505
1763572346,0000004000000001,2256587668283,4070,506
1763572350,0000004000000008,2256622889113,4070,507
1763572354,0000008000000080,2256666739110,4069,508
1763572363,0000008000000080,2256758770944,4069,509
1763572368,0000000400000002,2256808336320,4070,510
1763572369,0000004000000008,2256810956361,4070,511
1763572386,0000002000000008,2256986261364,4069,512
1763572393,0000000100000080,2257055493346,4070,513
1763572403,0000008000000008,2257155570905,4069,514
1763572404,0000000800000001,2257161696457,4069,515
1763572408,0000004000000002,2257206676098,4070,516
1763572408,0000000400000001,2257208876771,4070,517
1763572419,0000008000000004,2257319119967,4070,518
1763572421,0000004000000001,2257330892847,4070,519
1763572423,0000000400000001,2257359844501,4070,520
1763572434,0000000100000001,2257462570431,4070,521
1763572452,0000008000000080,2257643656469,4069,522
1763572455,0000004000000004,2257674468674,4069,523
1763572488,0000000100000001,2258006994367,4069,524
1763572495,0000008000000004,2258072356708,4070,525
1763572513,0000004000000002,2258258014525,4069,526
1763572522,0000008000000080,2258345937178,4070,527
1763572527,0000004000000004,2258390660910,4070,528
1763572531,0000000600000001,2258439172985,4071,529
1763572533,0000000100000001,2258453095444,4070,530
1763572533,0000000400000004,2258455063843,4069,531
1763572537,0000000400000001,2258499840029,4069,532
1763572543,0000008000000002,2258550676687,4069,533
1763572548,0000004000000001,2258609994706,4070,534
1763572549,0000000100000001,2258612336074,4069,535
1763572550,0000008000000080,2258628687677,4071,536
1763572556,0000000100000008,2258686285157,4070,537
1763572561,0000004000000080,2258730905005,4069,538
1763572578,0000001000000001,2258906426681,4070,539
1763572581,0000004000000004,2258938208409,4070,540
1763572582,0000008000000004,2258947624973,4070,541
1763572586,0000008000000001,2258990013440,4070,542
1763572590,0000000100000008,2259021836364,4070,543
1763572601,0000000100000001,2259137434400,4070,544
1763572623,0000008000000002,2259354657753,4069,545
1763572629,0000002000000008,2259413743726,4070,546
1763572635,0000004000000002,2259477564056,4069,547
1763572636,0000000400000080,2259480177799,4069,548
1763572639,0000000800000001,2259515809837,4070,549
1763572647,0000008000000080,2259593967864,4069,550
1763572647,0000000100000080,2259596374573,4070,551
1763572654,0000000200000003,2259662972650,4070,552
1763572662,0000008000000004,2259746384686,4069,553
1763572666,0000000400000002,2259787817372,4069,554
1763572671,0000004000000008,2259834122156,4069,555
1763572672,0000008000000010,2259849888369,4070,556
1763572680,0000000400000001,2259928724660,4069,557
1763572687,0000008000000010,2259993315684,4070,558
1763572696,0000000400000001,2260083729174,4069,559
1763572701,000000c000000080,2260130381814,4069,560
1763572713,0000000400000080,2260255372736,4070,561
1763572719,0000004000000001,2260315752355,4070,562
1763572722,0000004000000080,2260346990047,4070,563
1763572727,0000004000000002,2260396044964,4070,564
1763572727,0000002000000080,2260396959742,4070,565
1763572734,0000000800000002,2260468443526,4070,566
1763572740,0000008000000008,2260522309234,4070,567
1763572740,0000000100000002,2260529705498,4070,568
1763572751,0000008000000001,2260634722593,4070,569
1763572751,0000004000000008,2260637870029,4070,570
1763572766,0000004000000004,2260785493205,4070,571
1763572767,0000004000000002,2260790901406,4070,572
1763572771,0000000100000080,2260838950598,4070,573
1763572777,0000008000000080,2260895089021,4070,574
1763572788,0000004000000002,2261001110357,4070,575
1763572814,0000000400000002,2261263222070,4070,576
1763572822,0000000100000004,2261344075857,4070,577
1763572822,0000000800000004,2261346041558,4069,578
1763572823,0000004000000004,2261353992193,4070,579
1763572832,0000008000000001,2261448071777,4069,580
1763572836,0000004000000008,2261482080170,4070,581
1763572840,0000000800000008,2261528936127,4070,582
1763572841,0000004000000004,2261539119896,4070,583
1763572852,0000000100000001,2261646516214,4069,584
1763572853,0000000400000001,2261655761767,4069,585
1763572858,0000000100000080,2261701002534,4070,586
1763572859,0000000400000004,2261715200740,4070,587
1763572862,0000008000000001,2261740635747,4070,588
1763572869,0000004000000004,2261814901902,4070,589
1763572869,0000008000000008,2261817150437,4070,590
1763572873,0000004000000080,2261858949262,4070,591
1763572883,0000004000000002,2261956581458,4069,592
1763572888,0000008000000001,2262005594396,4070,593
1763572888,0000000400000001,2262009252004,4070,594
1763572896,0000004000000008,2262088795449,4070,595
1763572910,0000000100000080,2262228486425,4070,596
1763572927,0000000400000080,2262397614775,4070,597
1763572930,0000000800000004,2262429682682,4069,598
1763572933,0000008000000080,2262454919097,4070,599
1763572933,0000000800000002,2262456034058,4070,600
1763572942,0000000400000008,2262542642256,4070,601
1763572948,0000000800000001,2262607325309,4070,602
1763572954,0000000800000001,2262659990561,4069,603
1763572961,0000004000000080,2262735128123,4070,604
1763572963,0000004000000001,2262756260374,4070,605
1763572972,0000004000000002,2262846011778,4070,606
1763572976,0000004000000008,2262887248222,4069,607
1763572986,0000008000000080,2262982809309,4069,608
1763572996,0000008000000001,2263087716839,4069,609
1763572997,0000004000000001,2263097512290,4070,610
1763573000,0000000800000001,2263120308965,4069,611
1763573005,0000000200000001,2263177180651,4070,612
1763573036,0000008000000008,2263487877409,4069,613
1763573039,0000000800000001,2263515259420,4070,614
1763573042,0000008000000004,2263546613435,4069,615
1763573044,0000004000000001,2263564165206,4070,616
1763573044,0000000400000001,2263564854777,4070,617
1763573046,0000000100000001,2263582422839,4070,618
1763573060,0000008000000002,2263723201334,4070,619
1763573064,0000000400000080,2263760492238,4069,620
1763573074,0000000200000008,2263865389002,4069,621
1763573078,0000000100000080,2263903951854,4069,622
1763573093,0000004000000004,2264055388919,4070,623
1763573132,0000004000000008,2264441221891,4070,624
1763573136,0000004000000008,2264488063149,4070,625
1763573142,000000c000000004,2264544829806,4070,626
1763573150,0000000100000001,2264625082533,4069,627
1763573151,0000000400000001,2264634340192,4068,628
1763573152,0000000400000001,2264642972405,4068,629
1763573152,0000008000000080,2264645506751,4069,630
1763573155,0000001000000010,2264675484776,4070,631
1763573161,0000008000000001,2264732708629,4070,632
1763573161,0000008000000004,2264736684430,4070,633
1763573163,0000000100000002,2264759724168,4070,634
1763573166,0000000800000001,2264788867254,4070,635
1763573173,0000008000000008,2264857399708,4070,636
1763573177,0000008000000020,2263817985925,4070,637
1763573178,0000000400000003,2264907328590,4070,638
1763573182,0000008000000002,2264942719372,4070,639
1763573188,0000008000000080,2265007877499,4070,640
1763573191,0000004000000008,2265038885163,4069,641
1763573201,0000000400000080,2265139819086,4070,642
1763573202,0000004000000008,2265144385617,4070,643
1763573211,0000004000000008,2265232653144,4069,644
1763573221,0000000200000002,2265334441571,4069,645
1763573221,0000008000000002,2265338730741,4070,646
1763573222,0000004000000001,2265341446700,4070,647
1763573229,0000004000000002,2265416283687,4070,648
1763573242,0000004000000004,2265543993266,4070,649
1763573243,0000000100000040,2265552466430,4070,650
1763573243,0000008000000002,2265554357931,4070,651
1763573249,0000008000000008,2265617802993,4069,652
1763573254,0000004000000002,2265665135419,4070,653
1763573254,0000000800000004,2265669568741,4070,654
1763573263,0000008000000008,2265753128305,4070,655
1763573271,0000008000000002,2265837796424,4069,656
1763573281,0000000100000080,2265935342999,4070,657
1763573287,0000000200000004,2265992027698,4070,658
1763573289,0000008000000008,2266015911914,4070,659
1763573316,0000000800000001,2266281316664,4069,660
1763573349,0000008000000080,2266610685445,4070,661
1763573350,0000000400000001,2266626755100,4069,662
1763573353,0000004000000001,2266650213934,8139,663
1763573363,0000008000000008,2266757405076,4070,664
1763573374,0000008000000080,2266865144357,4070,665
1763573377,0000000800000002,2266894206824,4070,666
1763573388,0000000800000004,2267002315424,4070,667
1763573391,0000004000000008,2267033552794,4070,668
1763573402,0000008000000008,2267147405805,4069,669
1763573413,0000008000000008,2267258756971,4070,670
1763573446,0000000800000040,2267582930940,4070,671
1763573448,0000000400000008,2267608324227,4070,672
1763573450,0000000800000001,2267629554459,4070,673
1763573457,0000008000000002,2267696553212,4070,674
1763573461,000000c000000080,2267733260176,4069,675
1763573463,0000000100000001,2267757348225,4070,676
1763573472,0000008000000080,2267843782120,4070,677
1763573481,0000008000000001,2267937903834,4069,678
1763573485,0000004000000004,2267976149652,4069,679
1763573495,0000000800000001,2268075665445,4070,680
1763573510,0000000400000001,2268220592922,4070,681
1763573513,0000000100000002,2268255669115,4069,682
1763573513,0000000100000002,2268256184154,4070,683
1763573517,0000001000000001,2268297244393,4069,684
1763573530,0000000400000008,2268421196830,4070,685
1763573537,0000004000000001,2268495746663,4070,686
1763573538,0000000400000008,2268508028742,4070,687
1763573542,0000000400000002,2268544245594,4069,688
1763573548,0000008000000001,2268609359315,4070,689
1763573562,0000004000000008,2268747677313,4069,690
1763573569,0000008000000008,2268810333486,4069,691
1763573570,0000000100000080,2268820629227,4069,692
1763573608,0000000100000004,2269202529113,4070,693
1763573613,0000008000000080,2269258367235,4070,694
1763573619,0000000100000010,2269312345846,4069,695
1763573632,0000008000000004,2269443059346,4069,696
1763573633,0000000400000001,2269458614954,4070,697
1763573657,0000000300000001,2269696151195,4070,698
1763573665,0000008000000004,2269778614894,4070,699
1763573667,0000008000000002,2269792200380,4069,700
1763573668,0000000100000080,2269800201356,4070,701
1763573674,0000008000000008,2269866301495,4070,702
1763573677,0000008000000080,2269893146265,4070,703
1763573679,0000008000000004,2269911094757,4070,704
1763573679,0000000100000080,2269912132583,4070,705
1763573688,0000000400000004,2270009372326,4069,706
1763573698,0000008000000080,2270107298221,4069,707
1763573701,0000000100000001,2270137556796,4069,708
1763573712,000000800000000c,2270245535316,4070,709
1763573726,0000000200000002,2270386164117,4070,710
1763573739,0000004000000004,2270511536212,4069,711
1763573745,0000004000000008,2270576744761,4069,712
1763573748,0000004000000004,2270600154508,4069,713
1763573786,0000008000000004,2270986827816,4069,714
1763573787,0000004000000001,2270995233482,4070,715
1763573788,0000008000000004,2271000561447,4070,716
1763573793,0000004000000002,2271051168405,4069,717
1763573795,0000004000000004,2271071545766,4070,718
1763573798,0000008000000002,2271105400575,4069,719
1763573801,0000000100000080,2271137210351,4070,720
1763573802,0000008000000002,2271144013896,4070,721
1763573803,0000000100000001,2271154213495,4070,722
1763573811,0000008000000004,2271231846701,4070,723
1763573823,0000004000000004,2271350730422,4069,724
1763573841,0000008000000080,2271530591428,4069,725
1763573843,0000000800000001,2271556393549,4070,726
1763573867,0000008000000002,2271796938216,4070,727
1763573871,0000000400000002,2271836703028,4070,728
1763573882,0000008000000080,2271942764256,4069,729
1763573904,0000008000000004,2272166499249,4070,730
1763573910,0000004000000004,2272222591551,4070,731
1763573913,0000000400000004,2272259726563,4069,732
1763573924,0000000100000010,2272367699445,4070,733
1763573931,0000000800000004,2272438204579,4070,734
1763573941,0000002000000001,2272538450046,4070,735
1763573949,0000004000000008,2272613512491,4069,736
1763573956,0000008000000008,2272681853477,4070,737
1763573967,0000000800000002,2272798270949,4070,738
1763573973,0000000100000008,2272856991127,4070,739
1763573974,0000004000000004,2272864250293,4069,740
1763573979,0000004000000002,2272914213904,4069,741
1763573985,0000001000000002,2272971875068,4070,742
1763574002,0000000100000001,2273146022663,4070,743
1763574006,0000008000000004,2273187825116,4070,744
1763574014,0000000400000001,2273267752436,4070,745
1763574033,0000008000000008,2273450604378,4070,746
1763574036,0000004000000001,2273485425715,4070,747
1763574042,0000004000000001,2273548436074,4070,748
1763574054,0000000400000001,2273660315464,4070,749
1763574054,0000000400000001,2273661386037,4070,750
1763574058,0000000200000040,2273702210874,4070,751
1763574070,0000000100000080,2273824444919,4070,752
1763574072,0000000400000001,2273843651315,4070,753
1763574093,0000004000000002,2274059601261,4070,754
1763574104,0000000800000002,2274163125211,4069,755
1763574116,0000004000000001,2274281859157,4070,756
1763574116,0000000800000002,2274287552014,4069,757
1763574125,0000008000000004,2274378695040,4069,758
1763574128,0000000800000040,2274407763486,4069,759
1763574129,0000008000000080,2274413579238,4070,760
1763574130,0000008100000080,2274422755955,4070,761
1763574131,0000000800000008,2274439659980,4070,762
1763574134,0000004000000008,2274464163450,4070,763
1763574138,0000004000000002,2274509186722,4069,764
1763574145,0000000800000001,2274572593351,4069,765
1763574159,0000004000000004,2274714487630,4070,766
1763574161,0000000400000001,2274733133561,4070,767
1763574171,0000002000000000,2274831681246,4070,768
1763574177,0000000100000001,2274892818961,4069,769
1763574185,0000000100000001,2274976984929,4070,770
1763574187,0000000100000002,2274996439502,4070,771
1763574190,0000000100000008,2275027724311,4070,772
1763574215,0000000200000008,2275279201108,4069,773
1763574217,0000004000000008,2275292173152,4069,774
1763574232,0000004000000002,2275447308912,4070,775
1763574233,0000000800000002,2275449875496,4070,776
1763574239,0000004000000004,2275511244091,4070,777
1763574241,0000000400000001,2275534771757,4070,778
1763574246,0000000800000004,2275581805230,4068,779
1763574254,0000001000000002,2275667506367,4069,780
1763574261,0000000100000080,2275738938565,4069,781
1763574262,0000004000000008,2275746710228,4069,782
1763574271,0000000800000080,2275838205843,4068,783
1763574278,0000008000000080,2275904076048,4068,784
1763574278,0000004000000004,2275905765202,4068,785
1763574323,0000000800000002,2276352300704,4070,786
1763574325,0000000800000004,2276375667879,4069,787
1763574328,0000008000000002,2276407813299,4069,788
1763574331,0000004000000008,2276433463607,4070,789
1763574334,0000008000000002,2276463455934,4069,790
1763574338,0000000800000080,2276501888021,4070,791
1763574353,0000004000000004,2276650362150,4070,792
1763574369,0000000100000008,2276816832109,4070,793
1763574370,0000000800000004,2276824872489,4069,794
1763574370,0000000100000001,2276826952104,4070,795
1763574371,0000000400000004,2276838774310,4070,796
1763574373,0000000800000001,2276856404428,4069,797
1763574376,0000004000000008,2276881316406,4070,798
1763574378,0000004000000004,2276901662059,4070,799
1763574383,0000004000000008,2276956310450,4070,800
1763574399,0000000100000008,2277112084793,4070,801
1763574401,0000000200000080,2277135547690,4070,802
1763574420,0000000800000002,2277326858329,4068,803
1763574420,0000004000000001,2277327145740,4070,804
1763574437,0000008000000001,2277490889411,4069,805
1763574462,0000004000000002,2277745012126,4070,806
1763574471,0000008000000080,2277834686554,4069,807
1763574484,0000000400000001,2277967791834,4070,808
1763574486,000000c000000080,2277983233683,4070,809
1763574490,0000000500000001,2278024290066,4070,810
1763574490,0000008000000001,2278025620240,4070,811
1763574492,0000008000000004,2278042356794,4069,812
1763574515,0000008000000008,2278270159042,4070,813
1763574516,0000000400000004,2278283561494,4069,814
1763574517,0000008000000004,2278293285267,4070,815
1763574517,0000008000000004,2278293728356,4070,816
1763574534,0000000800000002,2278459890546,4070,817
1763574536,0000008000000004,2278483390078,4070,818
1763574553,0000000800000001,2278652876356,4071,819
1763574562,0000008000000001,2278741325433,4070,820
1763574571,0000004000000004,2278834970728,4070,821
1763574572,0000000800000002,2278842490434,4070,822
1763574616,0000008000000002,2279281733325,4070,823
1763574619,0000000800000001,2279310425297,4070,824
1763574637,0000008000000002,2279492451184,4069,825
1763574640,0000000100000004,2279521761466,4070,826
1763574643,0000004000000008,2279558812730,4070,827
1763574644,0000000c00000080,2279563328395,4070,828
1763574649,0000008000000001,2279609823585,4070,829
1763574667,0000000100000001,2279789807272,4070,830
1763574671,0000000400000002,2279838820676,4070,831
1763574676,0000008000000008,2279888624123,4069,832
1763574685,0000000200000001,2279979190300,4069,833
1763574689,0000004000000080,2280017160744,4070,834
1763574691,0000002000000002,2280035681642,4069,835
1763574711,0000000100000001,2280235157680,4070,836
1763574714,0000000800000001,2280261863270,4069,837
1763574722,0000004000000001,2280342928403,4070,838
1763574727,0000000800000004,2280397866714,4069,839
1763574742,0000000100000001,2280541280328,4070,840
1763574746,0000002000000004,2280583631614,4070,841
1763574750,0000000400000002,2280627422918,4069,842
1763574759,0000004000000001,2280711277459,4070,843
1763574765,0000004000000001,2280770388735,4070,844
1763574767,0000000100000001,2280798142971,4069,845
1763574776,0000008000000001,2280880028985,4069,846
1763574781,0000000100000001,2280935860565,4069,847
1763574782,0000008000000080,2280943421585,4069,848
1763574782,0000002000000008,2280943836321,4070,849
1763574784,0000008000000008,2280969385863,4070,850
1763574798,0000002000000040,2281108374911,4070,851
1763574801,0000008000000004,2281137458050,4069,852
1763574802,0000008000000080,2281139884501,4070,853
1763574803,0000000100000008,2281153093155,4069,854
1763574816,0000000100000002,2281287975848,4069,855
1763574820,0000008000000080,2281324523598,4070,856
1763574825,0000002000000080,2281379044157,4070,857
1763574834,0000008000000004,2281466991779,4070,858
1763574845,0000000100000001,2281572707250,4070,859
1763574850,0000008000000008,2281626940478,4069,860
1763574852,0000004000000004,2281649017714,4070,861
1763574869,0000004000000004,2281816007172,4070,862
1763574870,0000004000000080,2281826780786,4070,863
1763574871,0000000200000020,2280758319073,4069,864
1763574875,0000004000000008,2281877755581,4069,865
1763574878,0000008000000008,2281899997448,4070,866
1763574881,0000008000000002,2281932077059,4070,867
1763574883,0000000800000080,2281953596047,4069,868
1763574891,0000001000000004,2282038734444,4069,869
1763574894,0000000400000001,2282065566822,4070,870
1763574897,0000008000000080,2282095420268,4069,871
1763574897,0000000800000008,2282096681667,4069,872
1763574900,0000004000000002,2282122931838,4070,873
1763574910,0000000800000002,2282227031086,4070,874
1763574911,0000008000000080,2282234832900,4070,875
1763574944,0000000400000001,2282559689549,4070,876
1763574944,0000000100000001,2282561315832,4070,877
1763574969,0000002000000040,2282814405544,4069,878
1763574971,0000008000000004,2282832910907,4070,879
1763574980,0000002000000080,2282926775089,4069,880
1763574981,0000004000000008,2282936193795,4070,881
1763574983,0000000400000002,2282958394260,4069,882
1763574989,0000000100000001,2283019450037,4069,883
1763574990,0000002000000010,2283019790219,4069,884
1763574992,0000000100000008,2283040509722,4070,885
1763575000,0000008000000080,2283120421504,4070,886
1763575017,0000000100000001,2283298662057,4070,887
1763575023,0000008000000004,2283358415236,4069,888
1763575027,0000004800000004,2283397563418,4070,889
1763575035,0000004000000001,2283479002279,4069,890
1763575044,0000008000000080,2283565356111,4070,891
1763575044,0000000100000001,2283568443472,4070,892
1763575051,0000000100000008,2283632838927,4069,893
1763575057,0000000100000001,2283696074700,4070,894
1763575063,0000008000000001,2283756677667,4070,895
1763575071,0000004000000001,2283832977600,4070,896
1763575072,0000008000000001,2283846081250,4070,897
1763575074,0000000100000080,2283868425176,4069,898
1763575080,0000000800000001,2283920477276,4069,899
1763575090,0000004000000001,2284023154134,4069,900
1763575092,0000004000000008,2284041233379,4070,901
1763575097,0000004000000004,2284096935436,4070,902
1763575114,0000000100000001,2284267403970,4070,903
1763575116,0000000100000080,2284284962384,4070,904
1763575117,0000008000000008,2284297705787,4070,905
1763575118,0000004000000004,2284299548697,4070,906
1763575138,0000000100000040,2284507476833,4069,907
1763575142,0000004000000002,2284548002112,4069,908
1763575147,0000000400000001,2284590305845,4070,909
1763575153,0000008000000008,2284651916900,4070,910
1763575153,0000004000000008,2284657945088,4070,911
1763575166,0000008000000002,2284781617391,4070,912
1763575169,0000000800000040,2284817522178,4069,913
1763575171,0000004000000001,2284830702973,4070,914
1763575183,0000004000000008,2284950011076,4070,915
1763575186,0000000400000004,2284988212913,4070,916
1763575196,0000008000000003,2285086970749,4070,917
1763575196,0000008000000008,2285087662824,4069,918
1763575198,0000008000000001,2285103719190,4069,919
1763575201,0000000800000001,2285136194737,4069,920
1763575202,0000000400000008,2285144595686,4069,921
1763575207,0000004000000008,2285195007739,4070,922
1763575227,0000008000000008,2285393077582,4068,923
1763575233,0000004000000001,2285456057603,4070,924
1763575241,0000004000000008,2285530872644,4070,925
1763575247,0000000800000002,2285591768654,4070,926
1763575260,0000008000000004,2285721362950,4069,927
1763575262,0000008000000008,2285744618831,4070,928
1763575263,0000008000000008,2285756481373,4070,929
1763575264,0000001000000040,2285765388719,4070,930
1763575270,0000008000000080,2285822154781,4069,931
1763575277,0000008000000002,2285894223610,4070,932
1763575277,0000004000000002,2285898435125,4070,933
1763575294,0000004000000002,2286060855434,4070,934
1763575299,0000000100000001,2286113918954,4070,935
1763575301,0000000800000008,2286135081169,4070,936
1763575306,0000004000000008,2286179727270,4069,937
1763575308,0000008000000008,2286205081072,4070,938
1763575311,0000004800000002,2286233959515,4070,939
1763575312,0000008000000004,2286246712666,4070,940
1763575313,0000000000000080,2285181048323,4070,941
1763575317,0000000400000004,2286291302002,4069,942
1763575317,0000004000000004,2286294603599,4069,943
1763575339,0000008000000008,2286515867193,4069,944
1763575340,0000000800000001,2286520826146,4069,945
1763575366,0000004000000001,2286786581773,4069,946
1763575368,0000004000000001,2286804377909,4069,947
1763575379,0000002000000001,2286918622636,4070,948
1763575384,0000004000000008,2286965199218,4070,949
1763575394,0000008000000080,2287062428878,4070,950
1763575406,0000008000000008,2287181838099,4070,951
1763575406,0000004000000008,2287187615729,4070,952
1763575407,0000004000000008,2287191561684,4070,953
1763575416,0000004000000008,2287285110725,4070,954
1763575418,0000000800000008,2287306545821,4070,955
1763575449,0000008000000002,2287617102911,4069,956
1763575450,0000008000000080,2287623024692,4070,957
1763575451,0000000100000001,2287631411797,4070,958
1763575467,0000008000000004,2287795063807,4070,959
1763575470,0000008000000008,2287821413032,4069,960
1763575478,0000004000000001,2287901535406,4070,961
1763575485,0000000400000002,2287977208544,4070,962
1763575494,0000000100000080,2288067632785,4069,963
1763575495,0000008000000006,2288069464492,4070,964
1763575503,0000008000000004,2288152986024,4070,965
1763575506,0000000100000080,2288185274770,4070,966
1763575508,0000000400000002,2288208981057,4069,967
1763575547,0000004000000002,2288592387423,4069,968
1763575549,0000008000000008,2288609602492,4069,969
1763575565,0000008000000002,2288778245257,4069,970
1763575575,000000c000000080,2288871853261,4070,971
1763575577,0000000100000001,2288892080710,4070,972
1763575578,0000008000000008,2288899356880,4070,973
1763575581,0000004000000008,2288932184579,4070,974
1763575583,0000000400000001,2288956002339,4070,975
1763575589,0000004000000002,2289010096741,4070,976
1763575590,0000000800000010,2289022992682,4070,977
1763575614,0000002000000080,2289259798948,4070,978
1763575632,0000008000000001,2289439544164,4070,979
1763575642,0000008000000001,2289547098282,4069,980
1763575644,0000000100000001,2289559903839,4070,981
1763575647,000000c10000008d,2289593054454,4069,982
1763575648,0000000800000008,2289604069607,4070,983
1763575651,0000002000000004,2289635920984,4070,984
1763575652,0000000800000002,2289645712632,4069,985
1763575657,0000004000000004,2289689832272,4070,986
1763575658,0000008000000080,2289705962664,4069,987
1763575666,0000008000000001,2289779935066,4070,988
1763575677,0000000100000001,2289898747607,4070,989
1763575678,0000008000000004,2289904466176,4069,990
1763575680,0000002000000080,2289928253265,4069,991
1763575681,0000004000000002,2289939250601,4068,992
1763575689,0000000100000001,2290010399885,4069,993
1763575691,0000000800000004,2290033739723,4069,994
1763575693,0000004000000004,2290049682113,4069,995
1763575695,0000008000000080,2290073252792,4070,996
1763575710,0000000400000001,2290227373368,4069,997
1763575714,0000002000000010,2290268255815,4070,998
1763575719,0000000200000003,2290315678372,4069,999
1763575729,0000004000000001,2290410060064,4070,1000
1763575742,0000008000000008,2290542594308,4068,1001
1763575743,0000008000000080,2290552552065,4070,1002
1763575750,0000000100000088,2290623660604,4070,1003
1763575752,0000000100000002,2290647286962,4070,1004
1763575755,0000000800000002,2290676349250,4070,1005
1763575763,0000002000000080,2290749384750,4070,1006
1763575766,0000008000000080,2290779696466,4070,1007
1763575766,0000008000000001,2290781581860,4070,1008
1763575769,0000008000000002,2290809599324,4070,1009
1763575787,0000008000000002,2290990125212,4070,1010
1763575789,0000002000000004,2291018165734,4070,1011
1763575793,0000000800000001,2291049870416,4070,1012
1763575802,0000004000000001,2291143484759,4068,1013
1763575806,0000008000000008,2291188734585,4070,1014
1763575810,0000008000000001,2291229022973,4070,1015
1763575814,0000000100000080,2291268087824,4071,1016
1763575815,0000000400000001,2291273935092,4070,1017
1763575815,0000004000000001,2291278151938,4070,1018
1763575823,0000008000000020,2291352651124,4069,1019
1763575830,0000000100000008,2291420620798,4070,1020
1763575834,0000008000000002,2291464908203,4070,1021
1763575856,0000008000000008,2291679652890,4070,1022
1763575863,0000000c00000008,2291756023895,4069,1023
1763575867,0000000200000080,2291789487315,4069,1024
1763575894,0000000100000001,2292059853926,4070,1025
1763575912,0000000400000001,2292242382340,4070,1026
1763575929,0000004000000080,2292415757291,4070,1027
1763575930,0000000100000001,2292428876255,4069,1028
1763575931,0000000400000080,2292434117737,4070,1029
1763575949,0000004000000002,2292612877908,4070,1030
1763575968,0000000400000080,2292800621719,4070,1031
1763575974,0000000400000002,2292860537290,4070,1032
1763575975,0000008000000001,2292876588597,4069,1033
1763575984,0000008000000008,2292968874678,4070,1034
1763576006,0000000400000001,2293180885241,4069,1035
1763576015,0000000500000001,2293275769604,4070,1036
1763576020,0000008000000004,2293323698362,4070,1037
1763576025,0000008000000001,2293377620537,4070,1038
1763576036,0000008000000080,2293482818735,4070,1039
1763576041,0000008000000008,2293532890330,4070,1040
1763576065,0000000100000001,2293772403057,4070,1041
1763576067,0000000100000008,2293793915258,4069,1042
1763576069,0000008000000008,2293811467016,4070,1043
1763576070,0000008000000080,2293826533086,4071,1044
1763576076,0000000800000004,2293880977974,4070,1045
1763576080,0000000400000002,2293921141439,4069,1046
1763576095,0000000400000008,2294073899491,4070,1047
1763576102,0000008000000080,2294143172207,4070,1048
1763576102,0000004000000008,2294148720641,4070,1049
1763576104,0000008000000004,2294165275992,4070,1050
1763576105,0000000100000080,2294178529764,4070,1051
1763576122,0000000400000002,2294345045021,4070,1052
1763576136,0000002000000040,2294488754101,4070,1053
1763576148,0000008000000084,2294607126966,4070,1054
1763576149,0000008000000008,2294617620569,4070,1055
1763576167,0000000800000001,2294798163568,4070,1056
1763576185,0000004000000002,2294975985480,4070,1057
1763576191,0000004000000001,2295032587890,4070,1058
1763576194,0000000500000001,2295062691263,4070,1059
1763576202,0000004000000008,2295142428157,4070,1060
1763576205,0000000900000001,2295176001198,4070,1061
1763576211,000000c000000001,2295237280869,4070,1062
1763576212,0000000100000001,2295241139596,4070,1063
1763576213,0000000800000004,2295254593533,4044,1064
1763576236,0000008000000008,2295483100707,4070,1065
1763576243,0000000100000001,2295554411984,4070,1066
1763576245,0000000100000080,2295571050628,4070,1067
1763576246,0000000800000080,2295582853274,4069,1068
1763576247,0000008000000008,2295595143335,4069,1069
1763576256,0000008000000080,2295683791934,4070,1070
1763576290,0000000800000001,2296024892526,4070,1071
1763576292,0000002000000080,2296045774413,4070,1072
1763576292,0000008000000008,2296048575829,4070,1073
1763576303,0000004000000001,2296153670296,4070,1074
1763576305,0000008000000008,2296169310791,4069,1075
1763576307,0000008000000080,2296196241364,4070,1076
1763576312,0000000400000002,2296239707165,4070,1077
1763576314,0000000100000008,2296265108522,4070,1078
1763576321,0000008000000002,2296333695826,4070,1079
1763576333,0000008000000008,2296453479806,4070,1080
1763576341,0000000800000002,2296533869327,4070,1081
1763576348,0000000800000080,2296601617056,4070,1082
1763576351,0000008000000004,2296634607311,4070,1083
1763576351,0000000100000002,2296637114916,4070,1084
1763576352,0000000c00000080,2296640762411,4070,1085
1763576354,0000002000000080,2296659970282,4070,1086
1763576384,0000000100000001,2296962145772,4070,1087
1763576391,0000000400000004,2297030497295,4069,1088
1763576398,0000000800000002,2297103742243,4070,1089
1763576399,0000004000000001,2297111564679,4069,1090
1763576405,0000004000000001,2297173746089,4069,1091
1763576450,0000000800000040,2297627294608,4070,1092
1763576471,0000000200000001,2297837422130,4070,1093
1763576474,0000008000000008,2297860116002,4070,1094
1763576488,0000004000000004,2298004551523,4069,1095
1763576493,0000008000000080,2298057852315,4070,1096
1763576498,0000004000000081,2298107953312,4069,1097
1763576499,0000000100000080,2298110692127,4069,1098
1763576499,0000004000000080,2298116203303,4069,1099
1763576508,0000000800000001,2298206954638,4070,1100
1763576512,0000008000000002,2298239840499,4069,1101
1763576516,0000000100000001,2298280972751,4070,1102
1763576518,0000000800000002,2298302745702,4070,1103
1763576535,0000000100000001,2298473484116,4070,1104
1763576538,0000002000000040,2298505152631,4070,1105
1763576551,0000008000000080,2298629661093,4070,1106
1763576555,0000008000000001,2298670367219,4070,1107
1763576557,0000000100000001,2298693928619,4070,1108
1763576559,0000001000000020,2298709463758,4070,1109
1763576559,0000004000000001,2298718793542,4070,1110
1763576562,0000008000000080,2298744442373,4069,1111
1763576625,0000000400000001,2299369964902,4070,1112
1763576631,0000000800000002,2299429756372,4069,1113
1763576636,0000008000000008,2299486715276,4070,1114
1763576648,0000008000000002,2299604478997,4070,1115
1763576660,0000002000000002,2299721798435,4070,1116
1763576674,0000004000000002,2299866881777,4070,1117
1763576706,0000000800000001,2300179702262,4069,1118
1763576707,0000000100000008,2300193543851,4070,1119
1763576723,0000008000000080,2300349864650,4070,1120
1763576744,0000008000000002,2300560237500,4071,1121
1763576747,0000004000000080,2300597839760,4070,1122
1763576752,0000002000000080,2300645953332,4070,1123
1763576758,0000000400000001,2300706034630,4070,1124
1763576760,0000004000000008,2300725000308,4069,1125
1763576768,0000008000000080,2300801476505,4069,1126
1763576782,0000008000000080,2300945456045,4069,1127
1763576782,0000002000000008,2300948507041,4070,1128
1763576798,0000008000000080,2301104082593,4069,1129
1763576805,0000002000000008,2301176291508,4070,1130
1763576809,0000004000000004,2301213946661,4069,1131
1763576811,0000008000000002,2301233558274,4070,1132
1763576815,0000002000000002,2301270325525,4070,1133
1763576821,0000000800000002,2301332971238,4070,1134
1763576822,0000000800000008,2301348098780,4069,1135
1763576825,0000002000000002,2301370204273,4069,1136
1763576838,0000000100000001,2301501281827,4070,1137
1763576844,0000008000000002,2301567386563,4070,1138
1763576848,0000008000000008,2301603194419,4070,1139
1763576851,0000000200000002,2301631442956,4070,1140
1763576888,0000004000000002,2301999734225,4070,1141
1763576888,0000000100000001,2302002322746,4070,1142
1763576891,0000004000000004,2302036740708,4069,1143
1763576892,0000008000000008,2302039674176,4070,1144
1763576913,0000008000000008,2302253188445,4070,1145
1763576917,0000000400000008,2302295317704,4070,1146
1763576918,0000000100000001,2302307126515,4070,1147
1763576925,000000c800000008,2302378663754,4070,1148
1763576940,0000000800000004,2302521807580,4070,1149
1763576943,0000000800000001,2302550550870,4070,1150
1763576946,0000000800000004,2302584006188,4070,1151
1763576959,0000000800000004,2302714097212,4070,1152
1763576974,0000000300000001,2302867862368,4070,1153
1763576986,0000000400000004,2302985220382,4069,1154
1763576986,0000008000000002,2302986794887,4070,1155
1763577000,0000000800000002,2303122696221,4070,1156
1763577003,0000000800000002,2303157318281,4070,1157
1763577015,0000000100000001,2303272755257,4070,1158
1763577016,0000000800000002,2303279489579,4070,1159
1763577018,0000008000000008,2303308404605,4070,1160
1763577021,0000004000000080,2303332439605,4070,1161
1763577023,0000004000000001,2303358070909,4070,1162
1763577029,0000000500000001,2303413100753,4070,1163
1763577032,0000008000000001,2303447318472,4070,1164
1763577082,0000000900000001,2303941624392,4070,1165
1763577089,0000004000000002,2304009473063,4070,1166
1763577092,0000008000000004,2304044849218,4070,1167
1763577094,0000000800000001,2304061752483,4070,1168
1763577095,0000002000000080,2304072746002,4070,1169
1763577097,0000004000000002,2304096726982,4070,1170
1763577100,0000008000000080,2304122678494,4069,1171
1763577107,0000002000000080,2304198452879,4070,1172
1763577109,0000000800000001,2304209143868,4070,1173
1763577138,0000000400000002,2304507625241,4070,1174
1763577144,0000000400000004,2304568434485,4070,1175
1763577148,0000000800000001,2304608184954,4070,1176
1763577149,0000000800000001,2304611400316,4070,1177
1763577171,0000000100000001,2304838571718,4070,1178
1763577183,0000000400000080,2304954706503,4070,1179
1763577187,0000000100000001,2304992471093,4070,1180
1763577197,0000004000000002,2305094582942,4070,1181
1763577199,0000008000000002,2305112010382,4070,1182
1763577224,0000004000000088,2305367132880,4070,1183
1763577227,0000000100000002,2305391105890,4070,1184
1763577229,0000000400000002,2305417887115,4070,1185
1763577232,0000000100000001,2305439520015,4070,1186
1763577233,0000000400000002,2305458581826,4070,1187
1763577244,0000000200000008,2305568495741,4070,1188
1763577249,0000002000000001,2305610753001,4070,1189
1763577249,000000c000000080,2305612472969,4070,1190
1763577250,0000000800000080,2305627991371,4070,1191
1763577251,0000008000000008,2305628115231,4070,1192
1763577253,0000008000000004,2305651532225,4070,1193
1763577253,0000008000000080,2305652963813,4070,1194
1763577256,0000008000000004,2305684157034,4070,1195
1763577274,0000002000000002,2305868459517,4070,1196
1763577289,0000000400000001,2306013121397,4070,1197
1763577290,0000004000000008,2306020727471,4070,1198
1763577290,0000000400000004,2306021795888,4070,1199
1763577315,0000000100000002,2306270997731,4070,1200
1763577332,0000004000000002,2306442922635,4070,1201
1763577337,0000000400000001,2306490077076,4070,1202
1763577342,0000008000000002,2306547029302,4070,1203
1763577344,0000008000000080,2306561760059,4070,1204
1763577345,0000008000000004,2306577409146,4070,1205
1763577349,0000001000000040,2306611045704,4070,1206
1763577351,0000008000000004,2306629291013,4070,1207
1763577359,0000000800000080,2306715355453,4070,1208
1763577360,0000004000000004,2306728830730,4070,1209
1763577370,0000008000000080,2306825405404,4070,1210
1763577374,0000000100000080,2306863035709,4070,1211
1763577379,0000004000000001,2306911084465,4070,1212
1763577381,0000000100000080,2306934168640,4070,1213
1763577381,0000000400000001,2306934537554,4070,1214
1763577401,0000000800000001,2307134013301,4069,1215
1763577402,000000c000000080,2307145367730,4070,1216
1763577402,0000000200000008,2307148672945,4070,1217
1763577413,0000008000000002,2307256899964,4070,1218
1763577417,0000000800000008,2307293588200,4070,1219
1763577419,0000008000000008,2307312168215,4070,1220
1763577422,0000008000000004,2307347123356,4070,1221
1763577422,0000008000000001,2307347127697,4070,1222
1763577425,0000004000000004,2307377625748,4069,1223
1763577426,0000008000000002,2307383045195,4070,1224
1763577438,0000002000000010,2307507393046,4070,1225
1763577448,0000004000000008,2307602591097,4070,1226
1763577450,0000000300000001,2307627440647,4070,1227
1763577452,0000008000000008,2307640269254,4070,1228
1763577455,0000008000000001,2307674817514,4070,1229
1763577468,0000004000000001,2307804614410,4070,1230
1763577503,0000008000000004,2308153622021,4070,1231
1763577508,0000002000000008,2308205666826,4070,1232
1763577514,0000008000000001,2308265204514,4070,1233
1763577524,0000000100000001,2308363361962,4070,1234
1763577528,0000000800000001,2308407733091,4070,1235
1763577536,0000000800000002,2308482631602,4070,1236
1763577548,0000008000000004,2308605127123,4070,1237
1763577549,0000008000000080,2308613213445,4070,1238
1763577562,0000000100000002,2308746566389,4070,1239
1763577567,0000000400000002,2308794313980,4070,1240
1763577575,0000004000000004,2308872342264,4070,1241
1763577583,0000008000000080,2308951657474,4070,1242
1763577585,0000008000000002,2308970410245,4070,1243
1763577588,0000008000000004,2309003319500,4070,1244
1763577596,0000000800000004,2309082601760,4070,1245
1763577596,0000008000000004,2309083705965,4070,1246
1763577597,0000000100000004,2309094500600,4070,1247
1763577609,0000004000000004,2309215855180,4070,1248
1763577626,0000000100000001,2309385721032,4070,1249
1763577628,0000008000000008,2309406895963,4070,1250
1763577642,0000000100000004,2309540554911,4070,1251
1763577642,0000008000000080,2309543017781,4070,1252
1763577642,0000008000000001,2309544513383,4070,1253
1763577644,0000004000000008,2309563359328,4070,1254
1763577649,0000008000000008,2309618246829,4070,1255
1763577658,0000008000000008,2309699766144,4070,1256
1763577687,0000000800000001,2309995279818,4070,1257
1763577694,0000000200000001,2310065879520,4070,1258
1763577698,0000000100000001,2310106132780,4070,1259
1763577700,0000000400000004,2310123850812,4070,1260
1763577704,0000000800000001,2310166281002,4070,1261
1763577713,0000004000000001,2310251991930,4070,1262
1763577724,0000004000000004,2310367638076,4070,1263
1763577725,0000000800000006,2310371193750,4070,1264
1763577737,0000004000000004,2310491518382,4070,1265
1763577752,0000004000000004,2310644676576,4070,1266
1763577761,0000004000000004,2310733648392,4070,1267
1763577761,0000000100000002,2310738320084,4070,1268
1763577767,0000000800000001,2310791576708,4070,1269
1763577769,000000c000000004,2310815833967,4070,1270
1763577777,0000000100000004,2310891053923,4070,1271
1763577779,0000002000000008,2310917620514,4070,1272
1763577787,0000008000000080,2310993930007,4070,1273
1763577791,0000000400000020,2311031070039,4069,1274
1763577794,0000002000000001,2311068197588,4070,1275
1763577795,0000000100000001,2311071877127,4070,1276
1763577796,0000004000000080,2311080541927,4070,1277
1763577803,000000c000000080,2311157202529,4070,1278
1763577806,0000000400000001,2311180272555,4070,1279
1763577814,0000004000000004,2311264178875,4070,1280
1763577818,0000000100000001,2311305463082,4070,1281
1763577824,0000004000000008,2311363483609,4070,1282
1763577828,0000008000000002,2311403044496,4070,1283
1763577834,0000008000000004,2311466947977,4070,1284
1763577842,0000004000000006,2311545253276,4070,1285
1763577853,0000000c00000002,2311652884633,4070,1286
1763577857,0000004000000001,2311696792635,4070,1287
1763577859,0000000100000001,2311712516856,4070,1288
1763577867,0000004000000004,2311790140386,4070,1289
1763577875,0000000400000001,2311874611239,4070,1290
1763577880,0000000400000001,2311922270263,4070,1291
1763577882,0000004000000004,2311945116755,4070,1292
1763577886,0000004000000080,2311981824887,4070,1293
1763577893,0000001000000004,2312048969710,4070,1294
1763577897,0000004000000008,2312089231279,8140,1295
1763577901,000000800000000a,2312136847450,4070,1296
1763577904,0000000800000001,2312162530526,4070,1297
1763577916,0000004000000002,2312282869669,4070,1298
1763577921,0000004000000008,2312337989530,4070,1299
1763577927,0000000400000001,2312388735512,4070,1300
1763577930,0000008000000089,2312428416210,4070,1301
1763577933,0000004000000001,2312451379718,4070,1302
1763577954,0000000400000004,2312660331886,4070,1303
1763577954,0000004000000004,2312667542015,4070,1304
1763577957,0000000800000002,2312691196165,4070,1305
1763577961,0000008000000002,2312737085618,4070,1306
1763577963,0000000400000002,2312754792269,4070,1307
1763577967,0000000100000001,2312797225588,4070,1308
1763577971,0000000800000001,2312834113072,4070,1309
1763577974,0000004000000008,2312858855113,4070,1310
1763577976,0000000400000004,2312879985849,4070,1311
1763578007,0000004000000001,2313192714637,4070,1312
1763578013,0000002000000040,2313251203343,4069,1313
1763578014,0000000400000080,2313268387138,4070,1314
1763578016,0000000800000001,2313283819930,4070,1315
1763578019,0000004000000002,2313310107807,4070,1316
1763578027,0000000100000004,2313391196373,4070,1317
1763578029,0000008000000001,2313415072166,4070,1318
1763578035,0000008000000002,2313469644649,4070,1319
1763578057,0000004000000006,2313690993017,4069,1320
1763578071,0000008000000004,2313834009287,4070,1321
1763578090,0000004000000001,2314025611803,4069,1322
1763578093,0000000400000002,2314053890674,4069,1323
1763578099,0000008000000002,2314111616480,4069,1324
1763578113,0000002000000020,2314250519491,4070,1325
1763578125,0000000400000006,2314375328963,4070,1326
1763578127,0000000800000002,2314393896643,4069,1327
1763578152,0000008000000080,2314641630932,4070,1328
1763578152,0000000400000001,2314642838118,4070,1329
1763578169,0000000800000080,2314814993827,4069,1330
1763578171,0000004000000002,2314838525769,4070,1331
1763578186,0000004000000002,2314979075468,4070,1332
1763578188,0000008000000001,2315006054687,4070,1333
1763578195,0000000100000001,2315075914286,4070,1334
1763578195,0000000800000001,2315076148619,4070,1335
1763578209,000000c000000001,2315218091190,4070,1336
1763578214,0000004000000003,2315266970421,4069,1337
1763578217,0000000100000080,2315291887940,4069,1338
1763578218,0000000100000080,2315300104922,4069,1339
1763578219,0000000100000001,2315317477614,4070,1340
1763578221,0000008800000008,2315335394494,4069,1341
1763578222,0000008000000080,2315339818538,4070,1342
1763578227,0000008000000001,2315392787008,4069,1343
1763578235,0000008000000080,2315469057953,4070,1344
1763578241,0000000100000008,2315534385887,4069,1345
1763578241,0000004000000004,2315536461067,4070,1346
1763578246,0000004000000008,2315584165891,4070,1347
1763578248,0000008000000001,2315600382504,4070,1348
1763578251,0000000100000080,2315630529221,4070,1349
1763578268,0000004000000001,2315800679535,4070,1350
1763578269,0000008000000002,2315810069418,4070,1351
1763578276,0000008000000001,2315881593254,4069,1352
1763578278,0000008000000002,2315908001743,4070,1353
1763578284,0000008000000002,2315967749757,4069,1354
1763578301,0000000400000001,2316132913247,4070,1355
1763578308,0000008000000008,2316202116248,4070,1356
1763578309,0000008000000002,2316210331610,4069,1357
1763578311,0000008000000008,2316232673774,4069,1358
1763578318,0000008000000004,2316300362877,4069,1359
1763578351,0000000800000001,2316632266557,4070,1360
1763578362,0000008000000008,2316747422289,4070,1361
1763578363,0000008000000080,2316748919049,4070,1362
1763578368,0000004000000001,2316798678572,4070,1363
1763578368,0000004000000001,2316801920467,4070,1364
1763578370,0000004000000002,2316820931015,4070,1365
1763578371,0000000100000001,2316830694665,4070,1366
1763578391,0000001000000004,2317034097151,4070,1367
1763578411,0000004000000008,2317231100306,4069,1368
1763578420,0000000800000008,2317323543475,4070,1369
1763578424,0000008000000080,2317360843154,4068,1370
1763578432,0000000800000002,2317443539893,4069,1371
1763578433,0000000400000001,2317454114496,4069,1372
1763578436,0000008000000002,2317487791893,4070,1373
1763578440,0000001000000004,2317519052914,4069,1374
1763578448,0000000400000004,2317607456906,4070,1375
1763578450,0000000400000004,2317618601821,4070,1376
1763578455,0000004000000004,2317669933082,4070,1377
1763578457,0000000800000002,2317691730355,4070,1378
1763578459,0000004000000001,2317718536893,4069,1379
1763578476,0000000400000080,2317884328479,4070,1380
1763578495,0000008000000080,2318073810455,4069,1381
1763578500,0000004000000002,2318126993559,4070,1382
1763578502,0000004000000004,2318144983987,4069,1383
1763578509,0000000800000001,2318210800789,4070,1384
1763578515,0000004000000080,2318277071003,4069,1385
1763578522,0000008000000001,2318343423573,4070,1386
1763578524,0000000400000004,2318367283140,4069,1387
1763578535,0000008000000004,2318478061925,4070,1388
1763578549,0000008000000002,2318617504210,4070,1389
1763578550,0000008000000008,2318619987524,4069,1390
1763578552,0000000400000002,2318640454679,4069,1391
1763578565,0000000800000001,2318776068030,4070,1392
1763578578,0000000200000004,2318900095906,4070,1393
1763578582,0000004000000002,2318940944926,4068,1394
1763578583,0000001000000008,2318949491684,4070,1395
1763578586,0000000400000002,2318982655155,4069,1396
1763578587,0000000100000080,2318997156606,4070,1397
1763578589,0000000100000001,2319016686667,4069,1398
1763578598,0000000400000004,2319099348727,4070,1399
1763578599,0000008000000001,2319110858495,4070,1400
1763578602,0000000100000001,2319140561209,4070,1401
1763578606,0000000800000004,2319187263098,4069,1402
1763578630,0000004000000004,2319422335279,4070,1403
1763578639,0000000400000080,2319514708074,4070,1404
1763578640,0000001000000010,2319522760398,4070,1405
1763578665,0000000800000010,2319773069844,4070,1406
1763578665,0000000800000080,2319775564884,4070,1407
1763578668,0000000400000001,2319803570461,4070,1408
1763578691,0000004000000004,2320034467449,4070,1409
1763578708,0000004000000002,2320198551087,4070,1410
1763578719,0000002000000008,2320315624987,4070,1411
1763578726,0000004000000002,2320385877385,4070,1412
1763578727,0000008000000004,2320394663091,4069,1413
1763578728,0000004000000080,2320403954182,4070,1414
1763578745,0000004000000001,2320576271579,4070,1415
1763578748,0000008000000004,2320598551171,4070,1416
1763578767,0000008000000080,2320794882903,4070,1417
1763578781,0000000800000002,2320935320527,4070,1418
1763578782,0000008000000004,2320940708474,4070,1419
1763578783,0000000800000002,2320950645182,4070,1420
1763578787,0000008000000002,2320994661779,4070,1421
1763578789,0000000100000004,2321013891546,4070,1422
1763578791,0000008000000002,2321029316111,4070,1423
1763578798,0000004000000004,2321105414593,4070,1424
1763578808,0000008800000004,2321208372212,4070,1425
1763578810,0000004000000001,2321219837922,4070,1426
1763578811,0000000100000001,2321236179844,4070,1427
1763578832,0000004000000002,2321439645260,4070,1428
1763578837,0000000800000008,2321495972848,4070,1429
1763578872,0000008000000008,2321844115467,4070,1430
1763578879,0000000100000001,2321909577520,4070,1431
1763578882,0000000100000080,2321945644079,4070,1432
1763578885,0000000400000010,2321971335699,4070,1433
1763578888,0000000800000008,2322005121528,4070,1434
1763578894,0000000400000003,2322058507824,4070,1435
1763578897,0000008000000002,2322093212610,4070,1436
1763578899,0000000800000080,2322113766703,4070,1437
1763578899,0000004000000001,2322117745146,4070,1438
1763578907,0000002000000010,2322196029589,4070,1439
1763578912,0000004000000004,2322244871664,4070,1440
1763578925,0000008000000001,2322374199893,4070,1441
1763578925,0000004000000002,2322378279626,4070,1442
1763578927,0000000200000080,2322389943226,4070,1443
1763578931,0000004000000001,2322435510772,4070,1444
1763578935,0000002000000001,2322473933130,4070,1445
1763578938,0000008000000001,2322503834322,4070,1446
1763578940,0000000400000010,2322519888208,4070,1447
1763578948,0000000400000001,2322603754791,4070,1448
1763578961,0000000800000004,2322737992896,4070,1449
1763578964,0000000400000084,2322763988094,4070,1450
1763578971,0000008000000080,2322829574646,4070,1451
1763578971,0000008000000002,2322832370922,4070,1452
1763578972,0000002000000010,2322839902728,4070,1453
1763578974,0000000400000008,2322866990107,4070,1454
1763578978,0000002000000010,2322907027352,4070,1455
1763578988,0000008000000080,2323007097377,4070,1456
1763578989,000000880000000a,2323009308611,4070,1457
1763578990,0000002000000008,2323023197301,4070,1458
1763578991,0000000800000002,2323030667352,4070,1459
1763579005,0000000100000001,2323168592475,4070,1460
1763579013,0000008000000001,2323256974563,4071,1461
1763579020,0000000100000001,2323318501307,4070,1462
1763579023,0000004000000001,2323354146018,4070,1463
1763579024,0000001000000010,2323362891531,4070,1464
1763579024,0000004000000004,2323365979190,4070,1465
1763579026,0000004000000080,2323380737638,4070,1466
1763579035,0000000100000080,2323475143216,4070,1467
1763579043,000000c000000080,2323553589411,4070,1468
1763579057,0000000100000010,2323695143403,4070,1469
1763579058,0000000400000001,2323706313323,4070,1470
1763579071,0000004000000002,2323830835426,4070,1471
1763579076,0000000400000001,2323881304105,4070,1472
1763579087,0000008000000004,2323995536818,4070,1473
1763579096,0000000800000008,2324086426876,4069,1474
1763579118,0000000400000040,2324300237553,4070,1475
1763579120,0000004000000004,2324319845985,4070,1476
1763579126,0000000800000002,2324379211950,4070,1477
1763579132,0000000800000004,2324447452895,4070,1478
1763579143,0000008000000088,2324550877580,4070,1479
1763579147,0000000100000080,2324597337813,4070,1480
1763579149,0000004000000002,2324617533436,4070,1481
1763579151,0000008000000001,2324634353084,4070,1482
1763579156,0000004000000004,2324681597327,4070,1483
1763579169,0000000100000001,2324808375827,4070,1484
1763579177,0000004000000001,2324890020181,4070,1485
1763579195,0000000800000002,2325075618322,4070,1486
1763579210,0000002000000002,2325220159077,4070,1487
1763579220,0000004000000001,2325324514063,4070,1488
1763579226,0000008000000002,2325387435971,4070,1489
1763579233,0000004000000004,2325455732832,4069,1490
1763579238,0000004000000008,2325499076043,4069,1491
1763579242,0000008000000080,2325545395970,4069,1492
1763579253,0000004000000002,2325654998775,4070,1493
1763579255,0000000100000001,2325671561548,4070,1494
1763579257,0000008000000004,2325694407279,4070,1495
1763579258,0000008000000002,2325707894200,4070,1496
1763579261,0000008000000004,2325737648902,4070,1497
1763579268,0000000000000001,2325800755713,8140,1498
1763579285,0000000800000001,2325972092373,4070,1499
1763579292,0000008000000008,2326041503819,4070,1500
1763579295,0000008000000004,2326078239260,4070,1501
1763579300,0000008000000001,2326126987508,4070,1502
1763579303,0000000100000080,2326156133482,4070,1503
1763579309,0000008000000004,2326212378614,4070,1504
1763579309,0000004400000001,2326213311139,4070,1505
1763579314,0000008000000004,2326267168812,4070,1506
1763579316,0000008000000008,2326282025606,4070,1507
1763579317,0000004000000004,2326289230202,4070,1508
1763579321,0000008000000008,2326334924809,4070,1509
1763579339,0000000400000001,2326510743741,4070,1510
1763579340,0000000100000001,2326519019080,4070,1511
1763579341,0000004000000002,2326534497803,4070,1512
1763579342,0000000100000001,2326541685702,4070,1513
1763579345,0000000100000001,2326569295574,4070,1514
1763579351,0000008000000002,2326629357007,4070,1515
1763579359,0000000800000008,2326716940513,4070,1516
1763579361,0000008000000004,2326734660969,4070,1517
1763579367,0000000800000001,2326795091342,4070,1518
1763579367,000000c000000004,2326795793432,4070,1519
1763579370,0000000100000001,2326822214569,4070,1520
1763579395,0000008000000001,2327077230725,4070,1521
1763579401,0000008000000080,2327130815463,4070,1522
1763579403,0000008000000080,2327157749818,4069,1523
1763579404,0000000400000084,2327167269696,4070,1524
1763579406,0000000800000002,2327185168570,4070,1525
1763579408,0000000800000002,2327203207368,4070,1526
1763579424,0000008000000001,2327367342473,4070,1527
1763579426,0000000100000002,2327384346831,4070,1528
1763579428,0000000800000004,2327402771771,4070,1529
1763579429,0000000400000080,2327414958966,4070,1530
1763579434,0000000800000002,2327463082329,4070,1531
1763579434,0000000100000001,2327468004269,4070,1532
1763579443,0000004000000009,2327549245205,4070,1533
1763579450,0000000800000004,2327623308861,4070,1534
1763579462,0000000100000002,2327739086629,4070,1535
1763579470,0000008000000001,2327821696849,4070,1536
1763579480,0000008000000002,2327926195144,4070,1537
1763579483,0000008000000002,2327955184962,4070,1538
1763579486,0000002000000001,2327981642151,4070,1539
1763579505,0000000900000001,2328169996280,4070,1540
1763579511,0000002000000040,2328234192577,4070,1541
1763579520,0000004000000002,2328319438003,4070,1542
1763579520,0000008000000004,2328326483051,4070,1543
1763579527,0000008800000004,2328394855272,4070,1544
1763579530,0000000400000001,2328418927535,4070,1545
1763579541,0000004000000004,2328534718360,4070,1546
1763579545,0000008000000002,2328573088262,4070,1547
1763579549,0000000400000001,2328609436313,4070,1548
1763579560,0000008000000001,2328724577044,4070,1549
1763579567,0000002000000004,2328788866165,4070,1550
1763579568,0000000100000001,2328805793629,4070,1551
1763579574,0000008000000001,2328861203251,4070,1552
1763579579,0000004000000001,2328914707293,4070,1553
1763579580,0000000100000080,2328928145084,4070,1554
1763579589,0000008000000080,2329012680488,4070,1555
1763579589,0000008000000080,2329018091016,4070,1556
1763579590,0000000800000002,2329023328880,4070,1557
1763579592,0000004000000008,2329039891734,4070,1558
1763579592,0000004000000001,2329040734878,4070,1559
1763579593,0000004000000001,2329052736366,4070,1560
1763579594,000000010000000c,2329064155279,4070,1561
1763579597,0000000100000080,2329095706215,4070,1562
1763579597,0000000400000001,2329096464857,4070,1563
1763579607,0000004000000002,2329192750275,4070,1564
1763579607,0000000400000001,2329196310260,4070,1565
1763579609,0000008000000001,2329216641771,4070,1566
1763579611,0000004000000002,2329233397251,4070,1567
1763579650,0000004000000008,2329621961579,4070,1568
1763579650,0000000800000002,2329624628224,4070,1569
1763579654,0000000000000020,2329658904788,4070,1570
1763579654,0000008000000001,2329667016433,4070,1571
1763579659,0000008000000001,2329712208290,4070,1572
1763579660,0000004000000002,2329728049675,4070,1573
1763579669,0000008000000004,2329808532723,4070,1574
1763579691,0000000100000001,2330030871080,4070,1575
1763579696,0000004000000001,2330083175026,4070,1576
1763579698,0000000000000010,2330106621486,4070,1577
1763579702,0000000100000001,2330145038143,4070,1578
1763579707,0000008000000008,2330193299865,4070,1579
1763579712,0000004000000002,2330244931775,4070,1580
1763579714,0000000200000040,2330262493932,4070,1581
1763579725,0000004000000008,2330374617499,4070,1582
1763579729,0000000100000001,2330412256751,4070,1583
1763579737,0000008000000002,2330496673596,4070,1584
1763579745,0000002000000040,2330577994389,4070,1585
1763579753,0000004000000080,2330656398016,4070,1586
1763579757,0000008000000001,2330692369311,4070,1587
1763579762,0000000100000001,2330744106796,4070,1588
1763579772,0000000800000001,2330846862257,4070,1589
1763579784,0000008800000001,2330964092950,4070,1590
1763579788,0000000800000001,2331002297145,4070,1591
1763579788,0000004000000008,2331002544580,4070,1592
1763579795,0000000400000040,2331072082462,4070,1593
1763579800,0000004000000004,2331123357077,4070,1594
1763579800,0000004000000002,2331126711499,4070,1595
1763579805,0000004000000001,2331175446906,4070,1596
1763579810,0000000400000008,2331226239878,4070,1597
1763579818,0000008000000004,2331303613403,4070,1598
1763579823,0000000100000040,2331350267325,4070,1599
1763579827,0000008000000008,2331389673477,4070,1600
1763579844,0000000800000001,2331564596212,4069,1601
1763579849,0000000800000001,2331615000428,4070,1602
1763579855,0000008000000080,2331671357664,4070,1603
1763579858,0000004500000001,2331701637410,4070,1604
1763579863,0000008000000008,2331756114195,4070,1605
1763579877,0000000400000002,2331897800792,4070,1606
1763579888,0000000800000002,2332002152750,4070,1607
1763579904,0000000400000004,2332166720031,4070,1608
1763579906,0000000800000040,2332185498001,4070,1609
1763579912,0000000800000001,2332242717241,4070,1610
1763579922,0000008000000008,2332342197165,4070,1611
1763579926,0000000800000002,2332386860337,4070,1612
1763579931,0000000800000080,2332429009784,4069,1613
1763579931,0000004000000001,2332436204366,4070,1614
1763579937,0000000800000002,2332488371668,4070,1615
1763579953,0000002000000008,2332654810254,4070,1616
1763579956,0000000100000001,2332681908619,4070,1617
1763579962,0000000400000004,2332740458062,4070,1618
1763579977,0000000100000001,2332893742135,4070,1619
1763579989,0000000100000002,2333017262872,4070,1620
1763579990,0000008000000008,2333027354377,4070,1621
1763579999,0000000100000001,2333116191304,4070,1622
1763580010,0000000700000001,2333226203139,4070,1623
1763580033,0000000100000002,2333453384705,4070,1624
1763580039,0000000100000001,2333515648106,4069,1625
1763580047,0000008000000002,2333591541874,4069,1626
1763580054,0000004000000004,2333666561240,4069,1627
1763580060,0000000800000001,2333726964246,4070,1628
1763580062,0000004000000001,2333746267785,4070,1629
1763580099,0000008000000001,2334109920467,4070,1630
1763580125,0000008000000004,2334373657542,4070,1631
1763580130,0000000100000008,2334423678059,4069,1632
1763580166,0000000800000001,2334780824162,4069,1633
1763580167,0000008000000080,2334788442625,4069,1634
1763580172,0000008000000008,2334847994891,4070,1635
1763580183,0000000100000001,2334952405091,4070,1636
1763580188,0000000800000008,2335001292553,4070,1637
1763580189,0000008000000002,2335011036958,4070,1638
1763580191,0000000800000004,2335035655603,4069,1639
1763580194,0000008000000010,2335062358639,4069,1640
1763580198,0000004000000002,2335105066727,4069,1641
1763580199,0000000100000080,2335116125628,4069,1642
1763580200,0000008000000002,2335120039570,4069,1643
1763580200,0000008000000004,2335123745022,4069,1644
1763580225,0000008000000010,2335377143726,4070,1645
1763580278,0000004000000004,2335901145856,4070,1646
1763580279,0000000100000008,2335917662985,4070,1647
1763580286,0000008800000004,2335979753170,4070,1648
1763580286,0000004000000008,2335984146408,4070,1649
1763580293,0000000400000001,2336049105123,4070,1650
1763580294,000000c000000080,2336061294253,4070,1651
1763580302,0000008000000004,2336140610484,4069,1652
1763580304,0000004000000002,2336161655442,4070,1653
1763580310,0000008000000080,2336224100640,4069,1654
1763580310,0000004000000004,2336225111928,4070,1655
1763580315,0000000100000080,2336275002601,4070,1656
1763580316,0000004000000004,2336287648828,4069,1657
1763580322,0000000200000020,2335267886759,4070,1658
1763580325,0000004000000004,2336371577806,4069,1659
1763580334,0000000800000004,2336464882787,4070,1660
1763580337,0000008000000080,2336496589201,4070,1661
1763580354,0000008000000001,2336664667784,4070,1662
1763580358,0000000100000001,2336703372745,4070,1663
1763580369,0000004000000001,2336812010540,4070,1664
1763580376,0000008000000002,2336886212720,4070,1665
1763580381,0000000100000001,2336929449045,4070,1666
1763580381,0000000100000001,2336935784710,4070,1667
1763580382,0000000800000001,2336946804004,4069,1668
1763580386,0000000100000001,2336980718736,4070,1669
1763580396,0000008000000080,2337086428612,4069,1670
1763580408,0000000400000008,2337205074195,4070,1671
1763580426,0000008000000080,2337384533078,4068,1672
1763580462,0000002000000010,2337740089755,4070,1673
1763580463,0000008000000004,2337754154812,4070,1674
1763580465,0000008000000004,2337775658329,4070,1675
1763580486,0000008000000008,2337983643636,4070,1676
1763580489,0000000100000001,2338015554316,4070,1677
1763580489,0000002000000010,2338016967181,4070,1678
1763580489,0000000100000004,2338017595516,4070,1679
1763580496,0000000200000004,2338083899281,4070,1680
1763580503,0000000400000001,2338148711675,4070,1681
1763580510,0000008000000080,2338225227278,4070,1682
1763580527,0000002000000010,2338396207125,4070,1683
1763580528,0000004000000008,2338405919253,4070,1684
1763580535,0000008000000004,2338473722035,4070,1685
1763580541,0000004000000004,2338528629488,4070,1686
1763580541,0000000100000001,2338529546991,4070,1687
1763580543,0000008000000008,2338548829168,4070,1688
1763580543,0000000100000080,2338550503264,4070,1689
1763580544,0000000800000001,2338558618648,4070,1690
1763580547,0000000800000004,2338593346923,4070,1691
1763580553,0000000100000004,2338654871782,4070,1692
1763580581,0000002000000080,2338933248704,4070,1693
1763580589,0000002000000004,2339016814667,4070,1694
1763580593,0000000800000001,2339048985270,4070,1695
1763580595,0000008000000002,2339072715500,4070,1696
1763580596,0000008000000004,2339080939819,4070,1697
1763580606,0000002000000001,2339182314216,4070,1698
1763580606,0000000400000001,2339183960829,4070,1699
1763580614,0000000800000001,2339261733147,4070,1700
1763580615,0000000400000001,2339271171344,4070,1701
1763580619,0000008000000002,2339308744408,4070,1702
1763580621,0000004000000080,2339334326828,4070,1703
1763580629,0000004000000001,2339408693709,4070,1704
1763580632,0000000200000008,2339441095564,4070,1705
1763580637,0000000100000040,2339492085205,4070,1706
1763580639,0000008000000020,2339510420925,4070,1707
1763580640,0000000400000004,2339525357244,4070,1708
1763580657,0000000800000004,2339691061502,4070,1709
1763580681,0000008000000080,2339928506244,4070,1710
1763580681,0000008000000008,2339930689199,4070,1711
1763580681,0000000800000004,2339931739697,4070,1712
1763580683,0000002000000080,2339957360737,4070,1713
1763580691,0000008000000004,2340035876515,4070,1714
1763580692,0000000100000008,2340039248246,4070,1715
1763580693,0000000800000002,2340048209127,4070,1716
1763580701,0000008000000004,2340129714619,4070,1717
1763580726,0000004000000004,2340378423008,4070,1718
1763580736,0000000400000001,2340486823137,4070,1719
1763580737,0000000800000002,2340494511223,4070,1720
1763580760,0000008000000001,2340725317139,4070,1721
1763580767,0000004000000008,2340791669310,4070,1722
1763580771,0000004000000004,2340836617640,4070,1723
1763580783,0000008000000080,2340953368362,4070,1724
1763580788,0000008000000080,2341003828012,4070,1725
1763580797,0000002000000080,2341088698492,4070,1726
1763580816,0000002000000002,2341284681189,4070,1727
1763580824,0000000100000002,2341358473873,4070,1728
1763580838,0000004000000004,2341506906031,4070,1729
1763580846,0000004000000010,2341586505258,4070,1730
1763580847,0000004000000001,2341590442039,4070,1731
1763580866,0000000100000001,2341784647518,4070,1732
1763580867,0000002000000010,2341797120641,4070,1733
1763580870,0000008000000002,2341824084503,4070,1734
1763580884,0000008000000080,2341965269551,4070,1735
1763580886,0000000100000001,2341984161830,4070,1736
1763580890,0000008000000040,2342026292917,4070,1737
1763580900,0000000800000001,2342124544349,4070,1738
1763580912,0000000000000040,2342246149106,4070,1739
1763580917,0000000800000002,2342288834919,4070,1740
1763580922,0000008000000008,2342345781653,4070,1741
1763580938,0000002000000080,2342506053649,4071,1742
1763580939,0000000800000001,2342514658257,4070,1743
1763580942,0000004000000008,2342543286442,4069,1744
1763580945,0000004000000004,2342577545520,4070,1745
1763580957,0000000100000008,2342696671247,4070,1746
1763580962,0000000100000001,2342741308045,4070,1747
1763580989,0000004000000008,2343015341308,4070,1748
1763580994,0000004000000001,2343065426485,4070,1749
1763580997,0000008000000001,2343088342771,4070,1750
1763580999,0000002000000080,2343111345846,4070,1751
1763581013,0000000100000080,2343250920310,4070,1752
1763581043,0000004000000004,2343549359913,4070,1753
1763581046,0000008000000004,2343585167770,4070,1754
1763581047,0000000800000002,2343590071283,4070,1755
1763581048,0000000100000002,2343602389316,4070,1756
1763581072,0000008000000001,2343842615144,4070,1757
1763581088,0000004000000008,2344000952739,4070,1758
1763581090,0000008000000004,2344020245457,4069,1759
1763581103,0000004000000010,2344156894853,4070,1760
1763581104,0000000100000040,2344165099165,4070,1761
1763581111,0000004000000002,2344237686084,4070,1762
1763581119,0000000400000004,2344310707307,4070,1763
1763581122,0000008000000008,2344342747047,4070,1764
1763581137,0000001000000002,2344489143319,4070,1765
1763581137,0000000100000004,2344489234410,4070,1766
1763581141,0000004000000001,2344532780378,4070,1767
1763581143,0000000800000008,2344554886357,4070,1768
1763581143,0000008000000008,2344557358959,4070,1769
1763581145,0000004000000002,2344577023588,4070,1770
1763581149,0000000400000080,2344613359881,4070,1771
1763581155,0000000400000001,2344668319398,4070,1772
1763581167,0000008000000004,2344788079856,4069,1773
1763581167,0000004000000004,2344792402136,4070,1774
1763581175,0000000800000004,2344869242565,4070,1775
1763581188,0000008000000080,2345001809912,4070,1776
1763581195,0000000100000004,2345077369346,4070,1777
1763581226,0000000400000001,2345384145237,4070,1778
1763581234,0000008000000002,2345462764163,4070,1779
1763581235,0000004000000001,2345473196155,4070,1780
1763581238,0000008000000080,2345502207561,4070,1781
1763581250,0000000800000002,2345625066053,4070,1782
1763581255,0000008000000008,2345674698693,4070,1783
1763581257,0000000800000008,2345690449782,4070,1784
1763581257,0000000400000004,2345694674197,4070,1785
1763581258,0000000100000004,2345700907629,4070,1786
1763581260,0000008000000080,2345723059016,4070,1787
1763581261,0000008000000004,2345737141602,4070,1788
1763581263,0000000800000002,2345748892355,4070,1789
1763581273,0000008000000008,2345850894573,4070,1790
1763581284,0000004000000080,2345958516230,4070,1791
1763581286,0000000800000002,2345983171823,4070,1792
1763581293,0000008000000004,2346056911555,4070,1793
1763581294,0000008000000008,2346056987519,4070,1794
1763581296,0000000100000008,2346084658095,4070,1795
1763581297,0000000800000004,2346091974886,4070,1796
1763581300,0000000800000001,2346119965277,4070,1797
1763581314,0000008000000080,2346267661388,4070,1798
1763581326,0000000400000001,2346378174578,4070,1799
1763581330,0000008000000002,2346423440687,4070,1800
1763581342,0000000100000003,2346539203075,4070,1801
1763581347,0000000200000004,2346589387022,4070,1802
1763581347,0000000800000001,2346592699685,4070,1803
1763581349,0000000800000080,2346616556100,4070,1804
1763581351,0000008000000008,2346635089219,4070,1805
1763581358,0000004000000001,2346704295784,4070,1806
1763581360,0000000100000080,2346721844514,4070,1807
1763581362,0000000400000080,2346743316404,4070,1808
1763581383,0000004000000004,2346955250835,4071,1809
1763581410,0000000100000080,2347219373358,4070,1810
1763581410,0000008000000001,2347224513530,4070,1811
1763581418,0000008000000008,2347300755357,4070,1812
1763581425,0000000100000001,2347372006732,4070,1813
1763581437,0000000400000001,2347491036314,4070,1814
1763581442,0000000100000001,2347545958270,4070,1815
1763581444,0000004000000008,2347562014699,4070,1816
1763581451,0000004000000001,2347633334764,4070,1817
1763581460,0000004000000002,2347719812545,4070,1818
1763581460,0000008000000001,2347723749230,4070,1819
1763581461,0000008000000020,2347737721354,4069,1820
1763581470,0000008000000080,2347822824106,4070,1821
1763581473,0000002000000020,2347849450923,4070,1822
1763581473,0000008000000004,2347854594183,4070,1823
1763581477,0000004000000008,2347890553322,4070,1824
1763581483,0000000100000001,2347951709924,4070,1825
1763581487,0000004000000008,2347995960128,4070,1826
1763581496,0000004000000040,2348082349976,4070,1827
1763581507,0000002000000008,2348194404372,4069,1828
1763581508,0000000400000010,2348201748789,4069,1829
1763581510,0000000400000001,2348221508487,4070,1830
1763581511,0000008000000001,2348233850042,4070,1831
1763581524,0000000900000001,2348359906721,4070,1832
1763581525,0000004000000008,2348369466975,4070,1833
1763581526,0000004000000001,2348380243058,4070,1834
1763581537,0000000800000004,2348489899484,4070,1835
1763581539,0000000400000004,2348510867138,4070,1836
1763581546,0000004000000001,2348584963415,4070,1837
1763581569,0000000400000001,2348812534035,4070,1838
1763581574,0000002000000008,2348859957346,4070,1839
1763581574,0000000400000004,2348865588228,4070,1840
1763581576,0000004000000001,2348881108840,4070,1841
1763581585,0000000800000001,2348970177962,4070,1842
1763581586,0000000400000001,2348980081351,4070,1843
1763581590,0000002000000040,2349022105267,4070,1844
1763581590,0000002000000001,2349022481091,4070,1845
1763581590,0000000100000004,2349026930486,4070,1846
1763581594,0000008000000004,2349066762618,4070,1847
1763581626,0000001000000002,2349382493693,4070,1848
1763581631,0000008000000080,2349436726724,4070,1849
1763581633,0000000800000002,2349449622999,4070,1850
1763581636,0000000100000008,2349478241631,4070,1851
1763581643,0000000200000008,2349555643603,4070,1852
1763581644,0000001000000002,2349560850521,4070,1853
1763581645,0000004000000004,2349576952252,4070,1854
1763581646,0000000c00000008,2349587543681,4070,1855
1763581651,0000008000000001,2349632573541,4070,1856
1763581653,0000004000000002,2349651353766,4070,1857
1763581661,0000004000000002,2349731177143,4070,1858
1763581662,000000c000000080,2349747078601,4070,1859
1763581674,0000000400000001,2349867343380,4070,1860
1763581693,0000000100000001,2350054465161,4069,1861
1763581704,0000008000000080,2350158040259,4070,1862
1763581726,0000000100000001,2350385515769,4070,1863
1763581742,0000004000000004,2350544424531,4070,1864
1763581746,0000004000000008,2350587366054,4070,1865
1763581749,0000002000000040,2350611355696,4070,1866
1763581758,0000000400000008,2350699661793,4070,1867
1763581761,0000000100000002,2350733288818,4070,1868
1763581767,0000004000000080,2350790377795,4070,1869
1763581796,0000008000000008,2351086285931,4070,1870
1763581796,0000000800000004,2351087311351,4070,1871
1763581797,0000000800000001,2351096437573,4070,1872
1763581805,0000000100000002,2351168791186,4070,1873
1763581807,0000000100000002,2351188788276,4070,1874
1763581816,0000000100000001,2351277951146,4070,1875
1763581828,0000004000000080,2351399476112,4070,1876
1763581836,0000000800000001,2351479134301,4070,1877
1763581837,0000008000000002,2351492631023,4069,1878
1763581845,0000000100000001,2351577452566,4070,1879
1763581851,0000008000000008,2351631405421,4070,1880
1763581854,0000008000000080,2351666044324,4070,1881
1763581855,0000008000000004,2351668562405,4070,1882
1763581862,0000000400000001,2351746097378,4070,1883
1763581866,0000008000000008,2351779828807,4070,1884
1763581873,0000000100000080,2351850038606,4070,1885
1763581875,0000008000000080,2351875413164,4070,1886
1763581883,0000000400000004,2351951251846,4070,1887
1763581890,0000000100000004,2352024100149,4070,1888
1763581896,0000002000000020,2352085370865,4070,1889
1763581902,0000000800000008,2352139997054,4070,1890
1763581902,0000000400000002,2352145529401,4070,1891
1763581906,0000000400000001,2352185476945,4070,1892
1763581915,0000008000000004,2352273005618,4070,1893
1763581924,0000008000000008,2352367207627,4070,1894
1763581925,0000004000000001,2352376126275,4070,1895
1763581929,0000008000000008,2352417505535,4070,1896
1763581938,0000004000000004,2352498918426,4069,1897
1763581952,0000008000000004,2352646209782,4070,1898
1763581961,0000000800000080,2352735200567,4069,1899
1763581970,0000000400000004,2352821619248,4070,1900
1763581977,0000004000000040,2352890724813,4070,1901
1763581986,0000000800000002,2352986898862,4070,1902
1763582000,0000004000000001,2353123884149,4069,1903
1763582008,0000004000000001,2353198984733,4069,1904
1763582012,0000008000000004,2353239973827,4069,1905
1763582014,0000004000000001,2353267118016,4070,1906
1763582015,0000000800000004,2353273048429,4070,1907
1763582025,0000008000000006,2353372036894,4070,1908
1763582031,0000008000000080,2353434960764,4069,1909
1763582038,0000008000000008,2353503632892,4070,1910
1763582039,0000008000000001,2353516837603,4070,1911
1763582054,0000004000000080,2353665466633,4070,1912
1763582061,0000004000000004,2353728305642,4069,1913
1763582062,0000004000000004,2353747109013,4070,1914
1763582076,0000000400000002,2353883422724,4070,1915
1763582080,0000004000000002,2353923799379,4070,1916
1763582090,0000004000000080,2354024607778,4069,1917
1763582116,0000000100000001,2354285824185,4070,1918
1763582118,0000000100000008,2354298916907,4070,1919
1763582125,0000000400000004,2354376873465,4070,1920
1763582145,0000004000000001,2354576449466,4069,1921
1763582146,0000008000000002,2354586995074,4070,1922
1763582147,0000000500000001,2354594081254,4070,1923
1763582151,0000000400000001,2354628013920,4070,1924
1763582156,0000004000000004,2354679531924,4070,1925
1763582160,0000000100000080,2354723409639,4070,1926
1763582179,0000002000000001,2354912502798,4070,1927
1763582183,0000000800000002,2354957539240,4069,1928
1763582187,0000000200000040,2354992353769,4070,1929
1763582187,0000000800000001,2354995577058,4070,1930
1763582191,0000000100000008,2355032353259,8140,1931
1763582192,0000002000000008,2355038060075,4070,1932
1763582200,0000000100000080,2355121653940,4070,1933
1763582200,0000004000000001,2355125334197,4070,1934
1763582201,0000000400000080,2355133980699,8140,1935
1763582202,0000000800000001,2355141163210,4070,1936
1763582202,0000000100000001,2355146917567,4070,1937
1763582217,0000000800000001,2355294354704,4070,1938
1763582230,0000004400000004,2355427138092,4070,1939
1763582240,0000000100000004,2355522433204,4070,1940
1763582241,0000000800000080,2355531754606,4070,1941
1763582248,0000002000000002,2355600048256,4070,1942
1763582249,0000004000000004,2355608988130,4070,1943
1763582253,0000000800000010,2355652762139,4070,1944
1763582265,0000000400000001,2355773704666,4070,1945
1763582270,0000008000000002,2355826421192,4070,1946
1763582271,0000004000000008,2355834107466,4070,1947
1763582281,0000000800000002,2355936743795,4070,1948
1763582289,0000002000000008,2356009650571,4070,1949
1763582295,0000008000000004,2356075547620,4070,1950
1763582296,0000008000000080,2356085627710,4070,1951
1763582298,0000000200000001,2356104174997,4070,1952
1763582298,0000004000000004,2356105461361,4070,1953
1763582305,0000004000000001,2356174363674,4070,1954
1763582314,0000008000000008,2356258709078,4070,1955
1763582314,0000008000000004,2356259375556,4070,1956
1763582315,0000008000000080,2356275286577,4070,1957
1763582320,0000000100000001,2356325046732,4070,1958
1763582324,0000000400000008,2356360828338,4069,1959
1763582330,0000000800000001,2356423957305,4070,1960
1763582331,0000000100000080,2356434536602,4070,1961
1763582332,0000008000000004,2356444518356,4070,1962
1763582333,0000004000000004,2356452252453,4070,1963
1763582333,0000008000000004,2356454137176,4070,1964
1763582341,0000004000000004,2356527588008,4070,1965
1763582357,0000004000000008,2356689209506,4070,1966
1763582358,0000008000000008,2356707526945,4069,1967
1763582373,0000004000000081,2356854152390,4070,1968
1763582374,0000000100000010,2356861665880,4069,1969
1763582377,0000000100000001,2356889373259,4070,1970
1763582385,0000002000000010,2356969278872,4070,1971
1763582388,0000000400000001,2357001754450,4070,1972
1763582399,0000000800000001,2357114098277,4070,1973
1763582399,0000000100000004,2357115130462,4070,1974
1763582400,0000004000000001,2357120485277,4069,1975
1763582403,0000000200000004,2357150009387,4070,1976
1763582422,0000008800000080,2357342367775,4070,1977
1763582432,0000004000000002,2357443083818,4069,1978
1763582432,0000008000000080,2357443850570,4069,1979
1763582432,0000000100000080,2357447424374,4069,1980
1763582433,0000008000000004,2357457126255,4069,1981
1763582436,0000004000000004,2357484902960,4070,1982
1763582443,0000008000000080,2357556569150,4070,1983
1763582451,0000000800000008,2357634849084,4070,1984
1763582451,0000008000000080,2357636455344,4070,1985
1763582453,0000004000000004,2357647627198,4069,1986
1763582454,0000000100000002,2357663881689,4070,1987
1763582455,0000008000000008,2357670271423,4070,1988
1763582457,0000002000000008,2357692831107,4068,1989
1763582471,0000004000000004,2357829276536,4069,1990
1763582472,0000002000000008,2357840738736,4070,1991
1763582474,0000002000000004,2357858805691,4070,1992
1763582485,0000000100000008,2357973733318,4070,1993
1763582492,0000008000000040,2358046782250,4069,1994
1763582514,0000002000000008,2358259780813,4070,1995
1763582527,0000000800000001,2358395928356,4070,1996
1763582541,0000000400000001,2358536312768,4068,1997
1763582542,0000004000000001,2358546741687,4068,1998
1763582546,0000000100000001,2358579564818,4068,1999
1763582547,0000000100000008,2358596370630,4068,2000
1763582560,0000000800000004,2358726587263,4069,2001
1763582565,0000004000000001,2358769690342,4070,2002
1763582571,0000000400000002,2358832419621,4070,2003
1763582571,0000002000000080,2358832526098,4069,2004
1763582580,0000008000000080,2358922080072,4070,2005
1763582589,0000008000000001,2359015936293,4070,2006
1763582611,0000002000000008,2359232306387,4070,2007
1763582614,0000008000000008,2359260476980,4069,2008
1763582633,0000008000000004,2359455880463,4070,2009
1763582639,0000008000000001,2359511040288,4070,2010
1763582640,000000800000000c,2359525764400,4070,2011
1763582645,0000002000000001,2359570257077,4070,2012
1763582647,0000000800000080,2359595147873,4070,2013
1763582651,0000008000000008,2359627926085,4070,2014
1763582653,0000008000000008,2359647810376,4070,2015
1763582654,0000004000000002,2359660146332,4070,2016
1763582667,0000008000000002,2359788211849,4070,2017
1763582674,0000000400000001,2359865459364,4070,2018
1763582676,0000000100000002,2359880805661,4070,2019
1763582676,0000000800000008,2359884137087,4070,2020
1763582687,0000000200000080,2359991135049,4070,2021
1763582693,0000004000000008,2360047791353,4070,2022
1763582697,0000008000000004,2360092849207,8140,2023
1763582705,0000004000000004,2360176572562,4070,2024
1763582724,0000004000000004,2360359246699,4069,2025
1763582728,0000004000000080,2360406386745,4070,2026
1763582731,0000000100000002,2360435247702,4070,2027
1763582733,0000000800000008,2360453571465,4070,2028
1763582733,0000008000000008,2360454243078,4070,2029
1763582741,0000004000000002,2360536393175,4070,2030
1763582761,0000000800000008,2360736827564,4070,2031
1763582762,0000000800000004,2360747274754,4070,2032
1763582771,0000000400000002,2360834121937,4070,2033
1763582782,0000004000000002,2360945102056,4070,2034
1763582783,0000004000000080,2360951569152,4070,2035
1763582785,0000000200000001,2360975132326,4069,2036
1763582800,0000000800000002,2361120672117,4070,2037
1763582807,0000000100000009,2361196616939,4070,2038
1763582811,0000002000000040,2361235304819,4070,2039
1763582817,0000004000000004,2361287598800,4070,2040
1763582823,0000000400000004,2361347594946,4070,2041
1763582826,0000004000000001,2361387070611,4070,2042
1763582831,0000000100000001,2361435816490,4070,2043
1763582832,0000000100000001,2361445261688,4070,2044
1763582834,0000004000000001,2361466428523,4070,2045
1763582841,0000008000000002,2361530340850,4070,2046
1763582850,0000002000000004,2361623162402,4069,2047
1763582850,0000000100000002,2361624477576,4069,0
1763582860,0000000800000004,2361722194450,4070,1
1763582864,0000000400000002,2361757552881,4070,2
1763582864,0000000100000001,2361760640913,4070,3
1763582866,0000002000000004,2361783156586,4070,4
1763582869,0000000100000080,2361816083603,4070,5
1763582872,0000004000000002,2361846121110,4070,6
1763582879,0000000800000001,2361908261781,4070,7
1763582881,0000002000000010,2361932149961,4070,8
1763582889,0000008000000002,2362011559250,4070,9
1763582891,0000000400000002,2362036265642,4070,10
1763582910,0000004000000004,2362222325316,4070,11
1763582914,0000000400000080,2362266385243,4070,12
1763582923,0000000800000004,2362347769524,4069,13
1763582926,0000008000000004,2362386243081,4069,14
1763582927,0000000100000008,2362392882058,4070,15
1763582928,0000004000000080,2362401826337,4070,16
1763582937,0000000100000001,2362492903222,4070,17
1763582941,0000000100000080,2362534964760,4070,18
1763582953,0000004000000080,2362654676760,4070,19
1763582954,0000008000000040,2362659542983,4070,20
1763582954,0000008000000004,2362665505405,4070,21
1763582968,0000000100000080,2362800000930,4069,22
1763582975,0000008000000040,2362870270807,4070,23
1763582977,0000004000000004,2362894274082,4070,24
1763582980,0000000100000080,2362920329058,4070,25
1763582981,0000000800000001,2362934721809,4070,26
1763582985,0000004000000008,2362967669701,4070,27
1763582990,0000008000000008,2363019892146,4070,28
1763582992,0000008000000088,2363044101862,4070,29
1763583016,0000004000000010,2363281469332,4070,30
1763583023,0000008000000002,2363348654615,4070,31
1763583023,0000000800000001,2363354146210,4070,32
1763583026,0000000100000004,2363382530404,4070,33
1763583050,0000000400000004,2363620056557,4070,34
1763583051,0000004000000001,2363629743164,4070,35
1763583058,0000000800000002,2363700070647,4070,36
1763583069,0000000100000001,2363809651574,4070,37
1763583087,0000000100000081,2363989525694,4070,38
1763583092,0000004000000001,2364039108358,4070,39
1763583106,0000002000000001,2364180372994,4070,40
1763583116,0000008000000008,2364283620110,4070,41
1763583119,0000000800000001,2364307827160,4070,42
1763583120,0000000100000080,2364319636974,4070,43
1763583143,0000000800000001,2364553511445,4070,44
1763583156,0000000400000001,2364685592137,4070,45
1763583157,0000002000000010,2364687458318,4070,46
1763583165,0000008400000080,2364775019650,4070,47
1763583169,000000400000000c,2364807529067,4070,48
1763583210,0000008000000002,2365224579005,4070,49
1763583232,0000008000000080,2365438518991,4070,50
1763583234,0000008000000002,2365460254598,4070,51
1763583238,0000004000000008,2365504906262,4068,52
1763583240,0000004000000008,2365526098408,4070,53
1763583243,0000000800000004,2365552148836,4070,54
1763583245,0000000100000080,2365567890674,4070,55
1763583248,0000002000000040,2365598873203,4070,56
1763583249,0000008000000001,2365611621599,4069,57
1763583256,0000004000000010,2365681479926,4069,58
1763583264,0000000100000080,2365760167040,4069,59
1763583266,0000000800000080,2365781511901,4069,60
1763583280,0000008000000004,2365918035619,4069,61
1763583281,0000008000000004,2365928579352,4069,62
1763583282,0000000100000002,2365938044265,4069,63
1763583288,0000000100000020,2364932293185,4070,64
1763583291,0000004000000004,2366034293922,4069,65
1763583294,0000008000000004,2366062379617,4069,66
1763583297,0000000800000080,2366094633974,4069,67
1763583300,0000008000000080,2366118758028,4070,68
1763583313,0000008000000004,2366252754086,4070,69
1763583324,0000000800000008,2366364909806,4069,70
1763583331,0000004000000001,2366432051911,4069,71
1763583342,0000001000000010,2366538898428,8140,72
1763583365,0000008000000080,2366769272479,4070,73
1763583365,0000008000000080,2366776054881,4070,74
1763583392,0000000800000008,2367038462740,4070,75
1763583392,0000000800000004,2367041288179,4070,76
1763583410,0000004000000008,2367207834668,4069,77
1763583419,0000004000000004,2367308843438,4069,78
1763583421,0000000100000008,2367327313658,4069,79
1763583423,0000008000000080,2367355254594,4070,80
1763583429,0000008000000001,2367413433181,4070,81
1763583431,0000004000000001,2367427307607,4070,82
1763583434,0000008000000080,2367458916206,4069,83
1763583438,0000008000000001,2367498644359,4069,84
1763583444,0000000800000001,2367562513664,4070,85
1763583445,0000000100000008,2367567937812,4069,86
1763583451,0000000100000001,2367629179159,4070,87
1763583451,0000008000000080,2367634037359,4070,88
1763583456,0000000400000080,2367681016357,4069,89
1763583457,0000000800000004,2367692421290,4071,90
1763583458,0000004000000004,2367702512556,4069,91
1763583459,0000000800000001,2367708856628,4070,92
1763583461,0000000800000002,2367731029271,4070,93
1763583461,0000008000000004,2367731610197,4070,94
1763583471,0000004000000008,2367829069579,4069,95
1763583471,0000000800000004,2367836065410,4069,96
1763583475,0000008000000004,2367874655268,4069,97
1763583504,0000008000000004,2368166613832,4070,98
1763583521,0000000800000008,2368333258304,4070,99
1763583524,0000004000000001,2368357576822,4070,100
1763583529,0000008000000040,2368415887711,4070,101
1763583537,0000000100000001,2368494270422,4069,102
1763583539,0000008000000040,2368511217594,4070,103
1763583540,0000000100000001,2368525434266,4069,104
1763583552,0000004000000001,2368645315112,4069,105
1763583601,0000008000000008,2369128527892,4070,106
1763583608,0000000100000004,2369199248136,4070,107
1763583616,0000008000000080,2369282360087,4069,108
1763583617,0000000800000008,2369287513232,4069,109
1763583638,0000004000000002,2369506888397,4070,110
1763583644,0000000100000080,2369557937133,4070,111
1763583645,0000002000000002,2369570024987,4070,112
1763583649,0000004000000004,2369614086905,4070,113
1763583658,0000002000000080,2369699908896,4070,114
1763583663,0000004000000008,2369755414004,4070,115
1763583664,0000004000000001,2369762917214,4070,116
1763583665,0000000100000001,2369771513746,4070,117
1763583667,0000000700000001,2369790964150,4070,118
1763583671,0000004000000008,2369829649418,4070,119
1763583682,0000008000000004,2369942533459,4070,120
1763583684,0000008000000008,2369958684088,4070,121
1763583686,0000004000000002,2369984360470,4070,122
1763583691,0000004000000001,2370028266281,4070,123
1763583701,0000000100000080,2370127250259,4070,124
1763583701,0000004000000002,2370131117880,4070,125
1763583720,0000004000000080,2370323301020,4070,126
1763583727,0000008000000004,2370389656825,4070,127
1763583736,0000000100000020,2369412466619,4070,128
1763583737,0000000100000002,2370486351860,4070,129
1763583740,0000000200000001,2370518323165,4069,130
1763583740,0000008000000080,2370519323086,4070,131
1763583741,0000000100000001,2370533740733,4069,132
1763583745,0000004000000008,2370575886769,4070,133
1763583749,0000000100000001,2370614606156,4069,134
1763583752,0000000200000001,2370641432774,4069,135
1763583760,0000008000000004,2370720085230,4070,136
1763583770,0000000100000003,2370818538314,4070,137
1763583773,0000000400000080,2370849663062,4070,138
1763583775,0000008000000008,2370874937962,4070,139
1763583780,0000000100000080,2370922009110,4071,140
1763583791,0000000100000080,2371029193938,4070,141
1763583791,0000008000000002,2371036146938,4070,142
1763583796,0000004000000004,2371077546429,4069,143
1763583798,0000000800000008,2371101991084,4068,144
1763583805,0000004000000080,2371170789862,4070,145
1763583815,0000004000000008,2371271490275,4070,146
1763583818,0000000400000042,2371304743884,4069,147
1763583819,0000000200000008,2371307294737,4070,148
1763583821,0000000400000080,2371327434031,4069,149
1763583823,0000000100000001,2371352460025,4070,150
1763583870,0000000100000020,2371547862966,4070,151
1763583883,0000008000000002,2371954186650,4070,152
1763583883,0000002000000001,2371954576644,4070,153
1763583889,0000008000000004,2372011974371,4070,154
1763583889,0000008000000004,2372014537762,4070,155
1763583890,0000008000000004,2372022090195,4070,156
1763583898,0000000800000080,2372105677760,4070,157
1763583907,0000000800000003,2372193686201,4069,158
1763583907,0000008000000008,2372195580464,4069,159
1763583918,0000000100000001,2372299833595,4070,160
1763583920,0000008000000008,2372320731127,4070,161
1763583923,0000004000000008,2372351545590,4070,162
1763583925,0000000800000001,2372371546383,4070,163
1763583930,0000004000000004,2372419176468,4070,164
1763583931,0000008000000001,2372436313463,4070,165
1763583950,0000000100000004,2372626558237,4070,166
1763583954,0000000400000001,2372658052123,4070,167
1763583954,0000000100000080,2372660790310,4070,168
1763583965,0000008000000001,2372774668448,4070,169
1763583967,0000000800000001,2372789031815,4070,170
1763583978,0000004000000002,2372903329353,4070,171
1763583989,0000000100000001,2373014199135,4070,172
1763583995,0000008000000001,2373075807488,4070,173
1763584011,0000000100000001,2373235161240,4070,174
1763584017,0000008000000080,2373291559281,4070,175
1763584020,0000008000000004,2373322259066,4070,176
1763584025,0000000400000080,2373367490312,4070,177
1763584036,0000008000000008,2373480189361,4070,178
1763584040,0000000100000001,2373518867922,4070,179
1763584053,0000008000000004,2373649404991,4070,180
1763584053,0000000100000001,2373652364250,4070,181
1763584055,0000004000000001,2373670810536,4071,182
1763584063,0000008000000004,2373755168409,4070,183
1763584076,0000000800000002,2373882396422,4070,184
1763584079,0000008000000004,2373912324049,4070,185
1763584079,0000000100000080,2373913083351,4070,186
1763584089,0000000200000008,2374017037639,4070,187
1763584104,0000000500000001,2374163076160,4070,188
1763584108,0000008000000080,2374203174672,4070,189
1763584117,0000000800000001,2374287263933,4070,190
1763584118,0000000100000080,2374305452640,4070,191
1763584124,0000008000000080,2374357502283,4070,192
1763584126,0000004000000002,2374380590673,4070,193
1763584135,0000000400000001,2374469510832,4070,194
1763584136,0000004000000002,2374482345066,4070,195
1763584138,0000002000000040,2374504806530,4070,196
1763584144,0000004000000008,2374559803124,4070,197
1763584146,0000000800000002,2374581557834,4070,198
1763584184,0000008000000080,2374957225907,4070,199
1763584196,0000000400000001,2375084872249,4070,200
1763584197,0000000800000001,2375092231901,4070,201
1763584198,0000008000000080,2375106463873,4070,202
1763584215,0000000100000010,2375272164360,4070,203
1763584216,0000002000000004,2375277163475,4070,204
1763584223,0000000100000080,2375352139453,4070,205
1763584235,0000008000000080,2375469514131,4070,206
1763584244,0000002000000004,2375565898730,4070,207
1763584261,0000000100000008,2375736102826,4070,208
1763584265,0000000100000004,2375774235134,4070,209
1763584267,0000004000000080,2375791429761,4070,210
1763584269,0000004000000004,2375811278351,4070,211
1763584273,0000000400000001,2375852017161,4071,212
1763584277,0000008000000004,2375888634244,4070,213
1763584280,0000004000000004,2375925781701,4070,214
1763584286,0000008000000004,2375978829166,4070,215
1763584290,0000004000000001,2376021812720,4069,216
1763584295,0000008000000080,2376076400917,4070,217
1763584296,0000002000000008,2376079696510,4070,218
1763584297,0000008000000002,2376093937423,4070,219
1763584312,0000000800000080,2376239381509,4070,220
1763584316,0000004000000004,2376285852163,4070,221
1763584320,0000000100000001,2376317468252,4070,222
1763584335,0000008000000002,2376468053889,4070,223
1763584335,0000004000000004,2376471714337,4070,224
1763584342,0000000400000001,2376544461010,4070,225
1763584346,0000002000000002,2376580409702,4070,226
1763584353,0000004000000008,2376653670083,4070,227
1763584369,0000000400000008,2376809795269,4070,228
1763584377,0000008000000002,2376895733736,4069,229
1763584378,0000000800000004,2376899863456,4070,230
1763584393,0000004000000002,2377055609426,4070,231
1763584396,0000004000000080,2377080837491,4070,232
1763584400,0000004000000001,2377118540700,4070,233
1763584408,0000004000000001,2377206700973,4070,234
1763584409,0000000800000002,2377208685318,4070,235
1763584409,0000004000000010,2377215421485,4070,236
1763584412,0000008000000080,2377245906978,4070,237
1763584418,0000000100000001,2377297146992,4070,238
1763584424,0000000100000080,2377362911771,4070,239
1763584442,0000008000000080,2377543763422,4070,240
1763584460,0000000100000040,2377720593939,4070,241
1763584460,0000000800000008,2377723151021,4070,242
1763584464,0000000500000080,2377765506949,4070,243
1763584468,0000000200000002,2377804508810,4070,244
1763584473,0000008000000001,2377855397500,4069,245
1763584475,0000004000000008,2377872211419,4069,246
1763584491,0000008000000080,2378034769694,4070,247
1763584501,0000008000000080,2378133859464,4070,248
1763584508,0000004000000004,2378205950377,4070,249
1763584514,0000004000000004,2378266548919,4070,250
1763584517,0000000100000008,2378294013953,4070,251
1763584535,0000008000000080,2378474822701,4070,252
1763584548,0000000800000080,2378597901901,4070,253
1763584552,0000004000000008,2378644484845,4070,254
1763584561,0000008000000008,2378727997343,4070,255
1763584561,0000008000000008,2378731154129,4070,256
1763584564,0000000100000001,2378758142316,4070,257
1763584572,0000004000000001,2378846494308,4070,258
1763584575,0000004000000001,2378871218618,4070,259
1763584578,0000000800000001,2378901728102,4069,260
1763584591,0000004000000001,2379027241302,4070,261
1763584593,0000000800000001,2379047690460,4070,262
1763584596,0000000800000002,2379085029674,4069,263
1763584634,0000001000000001,2379457325329,4070,264
1763584635,0000008000000004,2379467980642,4069,265
1763584638,0000004000000001,2379497547084,4069,266
1763584646,0000000800000002,2379583090522,4069,267
1763584648,0000008000000080,2379604370282,4069,268
1763584664,0000004000000002,2379758605405,4069,269
1763584687,0000008000000002,2379990894321,4069,270
1763584690,0000000100000080,2380025046343,4070,271
1763584696,0000000100000004,2380081436385,4069,272
1763584706,0000000800000001,2380177968621,4070,273
1763584706,0000008000000080,2380185180873,4070,274
1763584707,0000002000000002,2380195847052,4069,275
1763584712,0000000100000001,2380239100437,4070,276
1763584716,0000001000000008,2380278553616,4068,277
1763584716,0000004000000002,2380279611228,4070,278
1763584722,0000000800000004,2380342905542,4069,279
1763584723,0000000800000001,2380349149497,4070,280
1763584728,0000008000000002,2380404211461,4070,281
1763584731,0000004000000004,2380435884226,4069,282
1763584740,0000008000000002,2380522012205,4069,283
1763584746,0000002000000004,2380578236573,4070,284
1763584749,0000000800000001,2380611376804,4070,285
1763584752,0000004000000002,2380643314333,4069,286
1763584761,0000008000000004,2380730268871,4068,287
1763584768,0000004000000004,2380803788423,4069,288
1763584776,0000000200000080,2380881441994,4070,289
1763584777,0000000100000088,2380890392284,4070,290
1763584782,0000002000000004,2380937625704,4069,291
1763584797,0000008000000002,2381091106344,4069,292
1763584801,0000000800000004,2381129361316,4070,293
1763584810,0000000400000004,2381220073987,4069,294
1763584832,0000000200000002,2381438454357,4069,295
1763584842,0000000800000008,2381545363072,4069,296
1763584862,0000000800000001,2381743945775,4070,297
1763584863,0000008000000080,2381750705447,4069,298
1763584864,0000004000000001,2381758575558,4070,299
1763584868,0000000800000004,2381801279817,4069,300
1763584869,0000008000000080,2381815229534,4069,301
1763584870,0000008000000004,2381818506791,4069,302
1763584875,0000004000000001,2381867906593,4069,303
1763584894,0000000800000080,2382063638447,4069,304
1763584912,0000008000000080,2382241152245,4069,305
1763584929,0000002000000001,2382409220256,4070,306
1763584929,0000008000000008,2382410356751,4070,307
1763584942,0000004000000002,2382546817966,4069,308
1763584948,0000008000000080,2382602632356,4069,309
1763584950,0000008000000001,2382618264161,4069,310
1763584951,0000008000000002,2382629097831,4069,311
1763584951,0000000100000004,2382631892698,4070,312
1763584955,0000008800000004,2382669448334,4069,313
1763584973,0000008000000004,2382850056644,4070,314
1763584991,0000000800000080,2383030971328,4069,315
1763584996,0000004000000004,2383084023600,4070,316
1763585006,0000000200000004,2383182023808,4069,317
1763585020,0000000100000001,2383318966490,4070,318
1763585027,0000004000000002,2383392141094,4069,319
1763585028,0000000100000002,2383402597707,4069,320
1763585040,0000008000000080,2383526481270,4070,321
1763585041,0000002000000002,2383532398261,4069,322
1763585042,0000000200000001,2383536926742,4070,323
1763585073,0000008000000002,2383852140612,4070,324
1763585078,0000000400000080,2383905871358,4069,325
1763585079,0000000100000020,2383916569811,4070,326
1763585081,0000008000000002,2383928331085,4070,327
1763585088,0000000100000080,2383998585432,4070,328
1763585093,0000004000000002,2384048660126,4069,329
1763585093,0000002000000080,2384050364697,4070,330
1763585118,0000008000000001,2384303946958,4070,331
1763585118,0000000100000001,2384304026346,4070,332
1763585122,0000000800000002,2384340046074,4070,333
1763585132,0000000100000080,2384439327860,4069,334
1763585134,0000002000000004,2384466375752,4070,335
1763585143,0000000100000001,2384554243178,4070,336
1763585154,0000008000000004,2384664150909,4069,337
1763585154,0000008000000002,2384665676044,4069,338
1763585155,0000008000000008,2384674443212,4070,339
1763585159,0000008000000080,2384707681860,4069,340
1763585160,0000000100000001,2384724587108,4069,341
1763585165,0000002000000002,2384771615112,4069,342
1763585167,0000004000000008,2384790943208,4070,343
1763585175,0000000400000004,2384870255379,4070,344
1763585176,0000000400000004,2384885474745,4070,345
1763585181,0000000100000001,2384935686650,4069,346
1763585195,0000004000000008,2385075918899,4069,347
1763585200,0000000100000020,2384044725884,4070,348
1763585205,0000000800000004,2385168486816,4070,349
1763585215,0000008000000004,2385275729144,4069,350
1763585222,0000000800000002,2385341821911,4070,351
1763585232,0000000100000080,2385438065794,4070,352
1763585233,0000008000000001,2385451692638,4070,353
1763585248,0000004000000006,2385597312653,4069,354
1763585249,0000008000000001,2385611670497,4069,355
1763585250,0000000100000020,2384548730246,4070,356
1763585259,0000000800000001,2385715912691,4070,357
1763585262,0000000800000002,2385746068758,4068,358
1763585265,0000000800000002,2385769509453,4069,359
1763585268,0000008000000001,2385798339104,4069,360
1763585270,0000000100000010,2385823440422,4068,361
1763585270,0000008000000004,2385823691101,4070,362
1763585280,0000000800000004,2385923576565,4069,363
1763585289,0000008000000080,2386007625597,4069,364
1763585297,0000004000000001,2386094750447,4069,365
1763585299,0000002000000001,2386109919787,4069,366
1763585331,0000008000000080,2386434888888,4070,367
1763585331,0000004000000008,2386436103978,4070,368
1763585351,0000000100000002,2386635463648,4069,369
1763585355,0000008000000080,2386671792572,4070,370
1763585357,0000004000000001,2386688759530,4070,371
1763585361,0000000800000001,2386729204590,4069,372
1763585362,0000000800000004,2386742138615,4069,373
1763585366,0000008000000080,2386780520044,4070,374
1763585372,0000000400000001,2386844428589,4069,375
1763585383,0000008000000002,2386947116234,4069,376
1763585385,0000000800000001,2386970823172,4069,377
1763585399,0000000800000080,2387112101909,4069,378
1763585408,0000008000000002,2387197215028,4069,379
1763585418,0000000800000002,2387298822689,4070,380
1763585422,0000000200000001,2387346241114,4070,381
1763585424,0000004000000004,2387359495467,4070,382
1763585453,0000008000000080,2387650391593,4070,383
1763585462,0000008000000080,2387738131612,4069,384
1763585465,0000000400000002,2387774062503,4069,385
1763585468,0000008000000002,2387799963265,4070,386
1763585475,0000008000000080,2387867610418,4069,387
1763585483,0000008800000080,2387953590668,4069,388
1763585487,0000004000000001,2387991472611,4070,389
1763585488,0000008000000040,2388000664778,4068,390
1763585495,0000004000000004,2388076195135,4069,391
1763585497,0000000100000001,2388095100085,4069,392
1763585512,0000008000000008,2388236885954,4069,393
1763585512,0000004000000002,2388246016805,4070,394
1763585522,0000008000000004,2388346421275,4070,395
1763585524,0000000100000080,2388360462807,4070,396
1763585525,0000008000000080,2388370668153,4069,397
1763585534,0000000100000002,2388460748354,4069,398
1763585534,0000008000000008,2388463094034,4069,399
1763585538,0000000100000004,2388496985310,4070,400
1763585538,0000000400000004,2388499428365,4069,401
1763585539,0000008000000004,2388507713227,4070,402
1763585539,0000008000000008,2388515139571,4070,403
1763585542,0000000200000040,2388541359370,4070,404
1763585563,0000008000000001,2388755462454,4070,405
1763585569,0000004000000004,2388816278266,4069,406
1763585577,0000002000000004,2388892627457,4069,407
1763585588,0000000100000001,2389005379378,4070,408
1763585593,0000000400000004,2389053156925,4070,409
1763585597,0000008000000004,2389093517208,4070,410
1763585602,0000000800000001,2389140070968,4069,411
1763585603,0000000400000001,2389153746804,4070,412
1763585616,0000004000000008,2389282048784,4070,413
1763585616,0000004000000080,2389284146646,4070,414
1763585622,0000008000000002,2389344193801,4070,415
1763585628,0000000400000004,2389399261401,4070,416
1763585637,0000008000000008,2389495134785,4070,417
1763585639,0000000100000002,2389510699236,4070,418
1763585646,0000000800000002,2389584849179,4070,419
1763585647,0000008000000008,2389590729284,4070,420
1763585658,0000004000000001,2389705904786,4070,421
1763585667,0000000100000001,2389794064863,4070,422
1763585670,0000000800000008,2389821897962,4070,423
1763585689,0000008000000002,2390007393991,4070,424
1763585695,0000004000000004,2390069385203,4070,425
1763585695,0000004000000008,2390073109713,4070,426
1763585710,0000000800000004,2390224743566,4070,427
1763585711,0000000100000001,2390231908421,4070,428
1763585713,0000004000000008,2390251042684,4070,429
1763585726,0000004000000001,2390381883962,4070,430
1763585727,0000000800000004,2390393014430,8140,431
1763585729,0000008000000002,2390413491322,4069,432
1763585731,0000000100000001,2390436426026,4070,433
1763585739,0000008000000004,2390511073378,4070,434
1763585739,0000008000000001,2390514767334,4070,435
1763585744,0000000100000001,2390564431026,4070,436
1763585746,0000004000000001,2390586419329,4070,437
1763585751,0000000400000004,2390631341461,4070,438
1763585764,0000000400000001,2390759930276,4070,439
1763585766,0000008000000084,2390778413615,4070,440
1763585773,000000c000000080,2390852489250,4070,441
1763585783,0000000800000001,2390948024239,4070,442
1763585800,0000001000000040,2391124367264,4070,443
1763585808,0000002000000080,2391196707558,4070,444
1763585814,0000008000000001,2391256899975,4070,445
1763585815,0000008000000001,2391269070331,4070,446
1763585847,0000000800000008,2391595353033,4070,447
1763585851,0000004000000080,2391630566748,4069,448
1763585856,0000000100000001,2391678013494,4070,449
1763585860,0000004000000004,2391720391996,4070,450
1763585862,0000000400000008,2391745278710,4069,451
1763585863,0000004000000001,2391747605654,4070,452
1763585864,0000008000000010,2391763862059,4070,453
1763585877,0000008000000002,2391890359728,4070,454
1763585880,0000004000000004,2391924613803,4069,455
1763585881,0000008000000080,2391932433065,4070,456
1763585897,0000008000000008,2392086966547,4069,457
1763585897,0000004000000008,2392090690342,4070,458
1763585902,0000004000000008,2392145386108,4069,459
1763585906,0000000400000001,2392182404093,4069,460
1763585908,0000008000000010,2392202717608,4069,461
1763585913,0000000100000001,2392252732940,4069,462
1763585946,0000000400000002,2392579250321,4070,463
1763585952,0000000100000001,2392637660393,4070,464
1763585959,0000008000000080,2392713505190,4070,465
1763585961,0000000800000080,2392727687977,4070,466
1763585963,0000008000000008,2392748939889,4070,467
1763585964,0000000800000080,2392757482440,4069,468
1763585976,0000000100000001,2392879433369,4070,469
1763585976,0000008000000004,2392884961155,8140,470
1763585977,0000008000000002,2392890093984,4070,471
1763585981,0000000400000008,2392929954514,4070,472
1763585981,0000000100000004,2392935976776,4070,473
1763585982,0000000800000002,2392941761473,4070,474
1763585985,0000004000000004,2392968715490,4070,475
1763585986,0000004000000020,2392983443963,4069,476
1763585993,0000000400000080,2393048387621,4070,477
1763585999,0000004000000002,2393112430063,4069,478
1763586011,0000008000000002,2393232808663,4069,479
1763586020,0000000400000001,2393323374199,4069,480
1763586038,0000004000000008,2393502044807,4069,481
1763586047,0000002000000080,2393590312683,4070,482
1763586055,0000000100000001,2393669125108,4070,483
1763586058,0000000100000040,2393700807963,4070,484
1763586059,000000c000000004,2393708544342,4070,485
1763586059,0000008000000080,2393715816951,4070,486
1763586062,0000001000000001,2393746292581,4069,487
1763586065,0000008000000080,2393766801460,4070,488
1763586065,0000000100000001,2393771238627,4069,489
1763586070,0000008000000080,2393817322005,4070,490
1763586071,0000008000000008,2393827884707,4069,491
1763586072,0000000100000001,2393844701607,4070,492
1763586075,0000001000000002,2393869005957,4070,493
1763586076,0000000100000080,2393883196610,4070,494
1763586081,0000000400000004,2393926708627,4070,495
1763586084,0000000100000004,2393963716048,4070,496
1763586091,0000008000000001,2394028007015,4070,497
1763586100,0000004000000001,2394124749924,4069,498
1763586103,0000004000000008,2394152267587,4070,499
1763586117,0000000200000040,2394289398502,4069,500
1763586121,0000000400000002,2394336173980,4069,501
1763586124,0000008000000001,2394357045195,4069,502
1763586124,0000008000000080,2394362247538,4070,503
1763586125,0000000200000010,2394368071173,4070,504
1763586138,0000000100000001,2394496887196,4070,505
1763586140,0000008000000080,2394518927647,4070,506
1763586153,0000004000000080,2394652769368,4070,507
1763586164,0000000100000001,2394759390665,4070,508
1763586164,0000008000000008,2394762176156,4070,509
1763586178,0000008000000001,2394903853828,4069,510
1763586185,0000008000000040,2394971126602,4068,511
1763586185,0000002000000080,2394971720069,4069,512
1763586203,0000008000000002,2395150882117,4070,513
1763586207,0000004000000004,2395194784994,4070,514
1763586210,0000000800000002,2395224001960,4069,515
1763586213,0000008000000004,2395252441591,4069,516
1763586213,0000008000000008,2395254111612,4070,517
1763586215,0000000400000080,2395267511257,4069,518
1763586216,0000008000000001,2395278104844,8139,519
1763586225,0000008000000002,2395370757501,4069,520
1763586227,0000000100000002,2395396233705,4069,521
1763586237,0000000100000001,2395493299710,4070,522
1763586257,0000008000000080,2395694254233,4069,523
1763586263,0000000800000008,2395748957608,4069,524
1763586269,0000000800000002,2395809636918,4069,525
1763586269,0000004000000008,2395811757633,4069,526
1763586273,0000000800000001,2395852220023,4069,527
1763586275,0000000100000080,2395871398780,4069,528
1763586276,0000002000000010,2395876573721,4069,529
1763586290,0000002000000080,2396022029899,4069,530
1763586290,0000002000000010,2396022247541,4069,531
1763586293,0000004000000002,2396053544116,4069,532
1763586309,0000000800000001,2396209030009,4070,533
1763586317,0000008000000001,2396296361786,4069,534
1763586321,0000000100000001,2396331189749,4069,535
1763586328,0000000800000010,2396405860498,4069,536
1763586331,0000002000000080,2396428019258,4069,537
1763586332,0000000100000002,2396442514766,4069,538
1763586338,0000000100000004,2396498057279,4069,539
1763586338,0000001000000080,2396501288429,4069,540
1763586341,0000004000000002,2396534054999,4069,541
1763586346,0000000800000008,2396582804713,4069,542
1763586349,0000000100000080,2396610373666,4069,543
1763586358,0000000100000001,2396703310009,4070,544
1763586359,0000000500000001,2396716288784,4070,545
1763586364,0000004000000080,2396764311967,4069,546
1763586366,0000000800000002,2396778567171,4069,547
1763586368,0000000100000080,2396796683938,4069,548
1763586386,0000000400000001,2396977251813,4069,549
1763586386,0000000800000004,2396986111887,4069,550
1763586395,0000008000000002,2397072562098,4069,551
1763586401,0000008000000002,2397131816688,4070,552
1763586402,0000008000000080,2397140863430,4069,553
1763586407,0000004000000001,2397188298196,4069,554
1763586423,0000004000000040,2397351259375,4069,555
1763586429,0000008000000002,2397412839490,4070,556
1763586432,0000000100000004,2397445606329,4070,557
1763586449,0000008000000001,2397610030485,4070,558
1763586450,0000002000000040,2397618675250,4070,559
1763586457,0000001000000004,2397696157228,4070,560
1763586461,0000002000000002,2397726952629,4070,561
1763586463,0000000800000001,2397755893768,4070,562
1763586469,0000000800000004,2397811442171,4069,563
1763586482,0000004000000004,2397945926189,4070,564
1763586487,0000000100000001,2397990041643,4070,565
1763586497,0000002000000080,2398089950216,4069,566
1763586499,0000000200000002,2398112160270,4069,567
1763586516,0000000800000002,2398285257283,4070,568
1763586517,0000000100000001,2398294791711,4069,569
1763586521,0000000100000008,2398333662054,4069,570
1763586524,0000004000000080,2398359833400,4069,571
1763586525,0000008000000001,2398376380229,4069,572
1763586535,0000000800000080,2398469665563,4070,573
1763586551,0000008000000002,2398627597934,4069,574
1763586561,0000004000000001,2398734509295,4069,575
1763586563,0000000800000001,2398751659707,4069,576
1763586565,0000002000000010,2398776182947,4070,577
1763586568,0000000100000001,2398797844202,4069,578
1763586570,0000000100000003,2398822040779,4069,579
1763586573,0000008000000080,2398848293379,4069,580
1763586573,0000008000000080,2398851889705,4070,581
1763586580,0000008000000080,2398919390369,4070,582
1763586583,0000000100000002,2398954008587,4070,583
1763586604,0000000800000002,2399164604576,4069,584
1763586619,0000008000000004,2399312702094,4069,585
1763586628,0000002000000002,2399401747089,4070,586
1763586658,0000000800000001,2399698262645,4070,587
1763586659,0000008000000008,2399710088928,4070,588
1763586662,0000008000000004,2399743737280,4069,589
1763586665,0000008000000080,2399775183538,4069,590
1763586666,0000000800000004,2399784237232,4069,591
1763586670,0000000100000002,2399826253857,4069,592
1763586673,0000004000000002,2399851459850,4070,593
1763586674,0000008000000002,2399857019098,4070,594
1763586675,0000008000000002,2399867357703,4069,595
1763586682,0000008000000002,2399944007046,4070,596
1763586707,0000008b00000080,2400190630317,4069,597
1763586722,0000008000000008,2400338118323,4070,598
1763586734,0000000400000002,2400463181847,4070,599
1763586740,0000004000000001,2400518569760,4070,600
1763586743,0000000400000080,2400552779138,4069,601
1763586756,0000008000000004,2400676940256,4070,602
1763586760,0000008000000004,2400723685278,4070,603
1763586762,0000000100000001,2400745649240,4070,604
1763586772,0000004000000002,2400837406669,4069,605
1763586775,0000000100000004,2400870724987,4069,606
1763586777,0000000200000004,2400886540835,4070,607
1763586788,0000000400000001,2401001207675,4070,608
1763586794,0000008000000080,2401064308417,4070,609
1763586810,0000000400000040,2401224248701,4070,610
1763586820,0000000100000001,2401322944259,4070,611
1763586822,0000004000000010,2401342551032,4069,612
1763586825,0000008000000008,2401371976789,4070,613
1763586826,0000004000000080,2401381860430,4070,614
1763586842,0000000100000001,2401538094494,4069,615
1763586848,0000001000000000,2401603508853,4069,616
1763586849,0000000200000004,2401609778322,4069,617
1763586851,0000008000000004,2401631435828,4070,618
1763586854,0000008000000080,2401660028357,4069,619
1763586854,0000002000000008,2401665641189,4070,620
1763586859,0000000100000080,2401710243739,4071,621
1763586866,0000000400000004,2401781705291,4069,622
1763586881,0000004000000080,2401926651272,4069,623
1763586882,0000000100000008,2401940027319,4069,624
1763586885,0000004000000004,2401971161303,4069,625
1763586903,0000000800000002,2402149541611,4069,626
1763586918,0000000400000001,2402299264760,4069,627
1763586919,0000000100000040,2402307633802,4070,628
1763586941,0000000200000008,2402531208935,4069,629
1763586943,0000004000000008,2402553551586,4069,630
1763586946,0000000800000004,2402586322881,4069,631
1763586947,0000000200000001,2402595411736,4069,632
1763586956,0000002000000004,2402678653362,4069,633
1763586973,0000008000000080,2402849340425,4069,634
1763586973,0000004000000004,2402850635011,4069,635
1763586974,0000000100000002,2402860521387,4070,636
1763586980,0000004000000001,2402925275643,4069,637
1763586988,0000004000000004,2403003992361,4069,638
1763586989,0000004000000008,2403008843767,4070,639
1763586996,0000000100000004,2403078976198,4069,640
1763586999,0000000800000001,2403111927016,4070,641
1763587012,0000002000000001,2403238016336,4069,642
1763587020,0000000400000001,2403325198355,4069,643
1763587025,0000008800000004,2403374225346,4069,644
1763587039,0000000100000001,2403513432510,4070,645
1763587040,0000000800000010,2403519841017,4069,646
1763587044,0000000100000080,2403558192656,4069,647
1763587045,0000002000000080,2403569049851,4069,648
1763587046,0000008000000008,2403578195299,4069,649
1763587054,0000008000000080,2403659762192,4069,650
1763587054,0000001000000020,2403664369168,4070,651
1763587056,0000002000000002,2403678282592,4070,652
1763587060,0000008000000002,2403718683364,4070,653
1763587064,0000004000000002,2403757835700,4069,654
1763587065,0000000200000001,2403766652077,4070,655
1763587068,0000000400000008,2403797218229,4070,656
1763587069,0000000500000001,2403815309809,4069,657
1763587073,0000000800000010,2403856092728,4069,658
1763587080,0000002000000002,2403918451787,4069,659
1763587087,0000000200000002,2403993637796,4069,660
1763587110,0000000200000004,2404220197634,4069,661
1763587117,0000000800000040,2404287246945,4070,662
1763587117,0000008000000004,2404290480165,4070,663
1763587131,0000004000000008,2404426621424,4069,664
1763587133,0000002000000008,2404453684233,4069,665
1763587136,0000004000000001,2404484075151,4070,666
1763587139,0000002000000040,2404513535165,4070,667
1763587144,0000008000000004,2404556659489,4069,668
1763587165,0000004000000002,2404766958603,4069,669
1763587179,0000008000000001,2404913701558,4069,670
1763587180,0000008000000008,2404923134543,4069,671
1763587181,0000000100000080,2404935613245,4069,672
1763587189,0000000100000080,2405008251676,4069,673
1763587190,0000000800000080,2405026216693,4069,674
1763587206,0000000100000008,2405181291483,4069,675
1763587211,0000000800000002,2405231809435,4070,676
1763587217,0000000100000001,2405288590732,4069,677
1763587217,0000000100000008,2405294266430,4069,678
1763587218,0000000400000001,2405296854935,4070,679
1763587230,0000008000000002,2405418345508,4070,680
1763587235,0000000800000001,2405469876495,4070,681
1763587239,0000004000000001,2405513808829,4070,682
1763587243,0000008000000008,2405555560581,8139,683
1763587245,0000008000000080,2405574779558,4070,684
1763587246,0000008000000080,2405581731259,4070,685
1763587250,0000004000000004,2405623502400,4070,686
1763587262,0000008000000002,2405737303773,4069,687
1763587272,0000000800000080,2405839064213,4069,688
1763587277,0000000400000080,2405888793946,4070,689
1763587282,0000000800000040,2405936263177,4069,690
1763587288,0000008000000080,2405999453938,4069,691
1763587298,0000004000000002,2406105726904,4070,692
1763587299,0000008000000080,2406109414253,4070,693
1763587307,0000008000000080,2406186307809,4069,694
1763587317,0000002000000008,2406287185654,4069,695
1763587318,0000004000000001,2406298154964,4070,696
1763587323,0000000800000002,2406354940768,4069,697
1763587327,0000004000000040,2406390686988,4069,698
1763587343,0000000800000002,2406555297156,4069,699
1763587345,0000004000000001,2406570594305,4071,700
1763587350,0000004000000001,2406617965428,4069,701
1763587356,0000008000000002,2406677687229,8140,702
1763587359,0000000800000002,2406708759612,4069,703
1763587362,0000004000000001,2406736910663,4069,704
1763587364,0000000100000080,2406758838893,4070,705
1763587367,0000000800000010,2406795640764,4069,706
1763587376,0000008000000001,2406877305226,4070,707
1763587384,0000004000000004,2406960421687,4070,708
1763587415,0000008000000008,2407274829880,4070,709
1763587433,0000008000000008,2407453404662,4069,710
1763587450,0000000800000002,2407618385468,4070,711
1763587456,0000000800000010,2407677694605,4070,712
1763587465,0000000800000004,2407769780836,4069,713
1763587467,0000000800000002,2407793423024,4070,714
1763587473,0000000400000040,2407849473496,4070,715
1763587483,0000000400000001,2407954099497,4070,716
1763587486,0000004000000001,2407978063006,4070,717
1763587493,0000008000000004,2408052629189,4070,718
1763587499,0000004000000002,2408110478696,4070,719
1763587504,0000008000000004,2408156805710,4070,720
1763587504,0000000100000001,2408157223797,4070,721
1763587507,0000008000000001,2408194831757,4069,722
1763587513,0000002000000001,2408253970493,4069,723
1763587516,0000008000000004,2408278633849,4069,724
1763587516,0000002000000004,2408283883353,4069,725
1763587523,0000000800000005,2408351350026,4070,726
1763587527,0000002000000040,2408386483302,4070,727
1763587532,0000004000000004,2408436360440,4069,728
1763587534,0000008000000001,2408465906797,4069,729
1763587539,0000004000000004,2408514015551,4070,730
1763587553,0000000400000002,2408649616550,4069,731
1763587563,0000004000000004,2408747903283,4070,732
1763587584,0000008000000002,2408958713028,4069,733
1763587587,0000000800000001,2408994894902,4069,734
1763587588,0000008000000020,2409003551464,4068,735
1763587590,0000008000000080,2409020161175,4070,736
1763587593,0000000800000002,2409052661447,4070,737
1763587605,0000008000000001,2409168941345,8139,738
1763587619,0000000800000001,2409310688767,4070,739
1763587626,0000004000000080,2409376933718,4070,740
1763587631,0000008000000004,2409433427290,4070,741
1763587639,000000c000000080,2409508379687,4070,742
1763587651,0000000100000001,2409631763890,4069,743
1763587660,0000004000000001,2409717751941,4070,744
1763587661,0000000100000001,2409729450149,4070,745
1763587664,0000000800000040,2409757431641,4070,746
1763587680,0000000800000004,2409925628402,4070,747
1763587686,0000001000000080,2409984240897,4070,748
1763587687,0000008000000080,2409986928177,4070,749
1763587694,0000004000000004,2410058918003,4070,750
1763587694,0000004000000002,2410059261672,4070,751
1763587697,000000c000000080,2410089332156,4070,752
1763587701,0000004000000001,2410126584249,4070,753
1763587709,0000008000000080,2410214503450,4069,754
1763587715,0000008000000008,2410274224552,4069,755
1763587716,0000008000000008,2410285001038,4069,756
1763587721,0000002000000040,2410333185175,4069,757
1763587721,0000000800000002,2410333669646,4069,758
1763587722,0000008000000008,2410338793333,4069,759
1763587726,0000004000000002,2410378903892,4069,760
1763587731,0000008000000080,2410426185851,4069,761
1763587735,0000002000000008,2410467473580,4069,762
1763587735,0000000100000002,2410468427354,4070,763
1763587738,0000004000000001,2410496183868,4070,764
1763587759,0000004000000001,2410712774167,4069,765
1763587777,0000002000000002,2410894928735,4070,766
1763587778,0000004000000080,2410897584129,4070,767
1763587781,0000008000000004,2410926558477,4070,768
1763587782,0000000100000080,2410938184868,4069,769
1763587786,0000008000000008,2410979482332,4070,770
1763587789,0000000800000001,2411014235939,4070,771
1763587793,0000002000000008,2411053546769,4070,772
1763587796,0000004000000008,2411081476621,4070,773
1763587809,0000000800000001,2411206892146,4070,774
1763587818,0000000800000001,2411298680802,4070,775
1763587824,000000c000000080,2411361667417,4069,776
1763587825,0000002000000040,2411367429750,4070,777
1763587833,0000008000000004,2411455018263,4070,778
1763587836,0000000400000004,2411477796474,4069,779
1763587841,0000000100000040,2411533840838,4069,780
1763587852,0000004000000001,2411636721752,4069,781
1763587885,0000008000000001,2411973810810,4070,782
1763587897,0000004000000001,2412094659619,4070,783
1763587908,0000000100000002,2412202154696,4070,784
1763587919,0000000400000001,2412313570221,4070,785
1763587935,0000008000000080,2412467834474,4070,786
1763587940,0000000800000001,2412520313992,4070,787
1763587941,0000000500000001,2412528720541,4070,788
1763587945,0000008800000004,2412568464234,4070,789
1763587946,0000004000000001,2412580771697,4070,790
1763587953,0000004000000002,2412655751713,4070,791
1763587959,0000008000000001,2412711435665,4070,792
1763587960,0000000400000002,2412721040750,4070,793
1763587965,0000000800000002,2412775928605,4069,794
1763587971,0000004000000001,2412833089477,4069,795
1763587978,0000002000000020,2411829561875,4070,796
1763587981,0000008000000001,2412933816940,4069,797
1763587984,0000000400000004,2412965126010,4070,798
1763588004,0000002400000002,2413161241207,4070,799
1763588007,0000008000000004,2413186132568,4070,800
1763588011,0000000100000001,2413227517966,4070,801
1763588015,0000004000000002,2413270852078,4069,802
1763588016,0000008000000001,2413277579668,4070,803
1763588019,0000008000000001,2413308020756,4070,804
1763588022,0000008000000004,2413339925496,4070,805
1763588022,0000008000000002,2413342278215,4070,806
1763588039,0000008000000004,2413514222697,4070,807
1763588040,0000008000000008,2413523770181,4070,808
1763588052,0000004000000002,2413640699206,4070,809
1763588060,0000000400000002,2413724106358,4070,810
1763588061,0000008000000004,2413726348017,4070,811
1763588063,0000000400000080,2413753824652,4070,812
1763588069,0000000200000004,2413813580900,4070,813
1763588077,0000000100000080,2413893374331,4070,814
1763588077,0000000100000004,2413893687474,4070,815
1763588080,0000008000000080,2413921926159,4070,816
1763588093,0000000100000001,2414047012936,4069,817
1763588096,0000000400000001,2414080592729,4070,818
1763588097,0000000100000001,2414093980354,4069,819
1763588100,0000008000000080,2414116149872,4070,820
1763588109,0000008000000002,2414212761324,4070,821
1763588113,0000008000000080,2414246309413,4070,822
1763588116,0000008000000008,2414281362806,4070,823
1763588126,0000000800000001,2414384838886,4070,824
1763588129,0000002000000020,2414415680814,4070,825
1763588143,0000000200000080,2414551049127,4070,826
1763588144,0000004000000002,2414559047444,4070,827
1763588144,0000008000000010,2414564731838,4070,828
1763588145,0000000400000002,2414575505476,4070,829
1763588147,0000004000000004,2414586349693,4070,830
1763588149,0000004000000004,2414614757671,4070,831
1763588150,0000004000000008,2414623039482,4070,832
1763588154,0000004000000002,2414657879118,4070,833
1763588154,0000000100000001,2414661377866,4070,834
1763588157,0000000100000001,2414687874734,4070,835
1763588164,0000008000000002,2414761877029,4070,836
1763588167,0000002000000080,2414786558227,4070,837
1763588170,0000000200000001,2414823436176,4070,838
1763588176,0000008000000006,2414878908949,4070,839
1763588179,0000008000000001,2414914949169,4070,840
1763588181,0000008000000008,2414926458784,4070,841
1763588182,0000000800000010,2414942645185,4069,842
1763588187,0000000400000008,2414989987851,4070,843
1763588189,0000000400000001,2415007315476,4070,844
1763588196,0000008000000004,2415077737876,4070,845
1763588199,0000000100000002,2415113289593,4070,846
1763588204,0000000800000002,2415159290603,4070,847
1763588206,0000004000000008,2415176330420,4070,848
1763588208,0000000400000001,2415205426410,4070,849
1763588210,0000008000000008,2415222781289,4070,850
1763588219,0000000100000001,2415312726952,4070,851
1763588221,0000004000000008,2415327090858,4070,852
1763588227,0000000800000004,2415387771263,4070,853
1763588229,0000004000000004,2415412746377,4069,854
1763588244,0000004000000001,2415557501766,4070,855
1763588249,0000004000000040,2415610108727,4070,856
1763588265,0000004100000001,2415768533237,4071,857
1763588267,0000000100000002,2415792017312,4071,858
1763588269,0000008000000008,2415813384418,4071,859
1763588280,0000008000000001,2415924884877,4071,860
1763588301,0000004000000002,2416135296351,4071,861
1763588305,0000008000000004,2416170015199,4071,862
1763588307,0000000400000082,2416194437010,4071,863
1763588312,0000008000000080,2416240887097,4071,864
1763588313,0000000100000002,2416252897800,4071,865
1763588315,0000008000000040,2416266057483,4071,866
1763588318,0000000100000008,2416300174589,4071,867
1763588322,0000008000000001,2416338050587,4071,868
1763588335,0000002000000020,2416474295090,4071,869
1763588339,0000004000000002,2416510632267,4071,870
1763588348,0000000100000080,2416602850473,4071,871
1763588354,0000004000000004,2416663463278,4071,872
1763588365,0000000200000002,2416770448833,4071,873
1763588367,0000000800000001,2416786595724,4071,874
1763588367,0000001000000008,2416788467125,4071,875
1763588370,0000000800000001,2416818607416,4071,876
1763588386,0000008000000080,2416984721837,4071,877
1763588388,0000000400000006,2416998332366,4071,878
1763588398,0000008000000040,2417099556303,4071,879
1763588407,0000000200000004,2417188353400,4071,880
1763588408,0000004000000008,2417199038980,4071,881
1763588421,0000000400000002,2417327147412,4071,882
1763588421,0000000100000001,2417335326253,4071,883
1763588426,0000000100000080,2417376379102,4071,884
1763588430,0000004000000001,2417424861841,4071,885
1763588436,0000008000000002,2417484031008,4071,886
1763588443,0000004000000002,2417550784792,4071,887
1763588443,0000008000000001,2417551025697,4071,888
1763588448,0000000100000080,2417600337038,4071,889
1763588449,0000000400000002,2417612309387,4071,890
1763588451,0000000800000080,2417632115486,4071,891
1763588454,0000008000000002,2417657641347,4071,892
1763588461,0000002000000040,2417731383670,4071,893
1763588463,0000008000000008,2417746590722,4071,894
1763588472,0000004000000008,2417836471644,4071,895
1763588473,0000004000000004,2417846703168,4071,896
1763588497,0000000800000080,2418089232548,4071,897
1763588501,0000004000000004,2418132259368,4071,898
1763588514,0000000300000001,2418261181845,4071,899
1763588516,0000000400000008,2418283465756,4071,900
1763588519,0000000100000001,2418308322697,4071,901
1763588522,0000008400000083,2418342850441,4071,902
1763588537,0000000400000004,2418487668321,4071,903
1763588542,0000000800000001,2418536983054,4071,904
1763588549,0000000400000008,2418609511634,4071,905
1763588572,0000000100000001,2418836273833,4071,906
1763588582,0000002000000004,2418943031012,4071,907
1763588584,0000002000000010,2418961240684,4071,908
1763588589,0000000c00000001,2419015050160,4070,909
1763588594,0000000100000010,2419065464799,4071,910
1763588614,0000002000000010,2419262330578,4070,911
1763588621,0000000100000001,2419328351066,4071,912
1763588627,0000004000000002,2419386061763,4071,913
1763588630,0000000800000080,2419420209778,4071,914
1763588632,0000008000000080,2419442216738,4072,915
1763588634,0000000100000003,2419463805487,4071,916
1763588645,0000004000000008,2419568933732,4071,917
1763588648,0000000400000008,2419605615623,4071,918
1763588653,0000000100000080,2419652447794,4071,919
1763588671,0000004800000004,2419828140361,4071,920
1763588671,0000004000000004,2419834975154,4071,921
1763588672,0000004000000004,2419837631424,4071,922
1763588696,0000000400000008,2420075896992,4071,923
1763588708,0000008000000004,2420196900838,4071,924
1763588716,0000008000000004,2420283545937,4071,925
1763588717,0000000100000002,2420286932579,4071,926
1763588723,0000004000000001,2420347944026,4071,927
1763588743,0000000400000002,2420555682336,4071,928
1763588757,0000000400000001,2420689863088,4071,929
1763588763,0000004000000004,2420750235847,4071,930
1763588766,0000008000000002,2420783676656,4071,931
1763588769,0000000400000001,2420813742976,4071,932
1763588773,0000008000000080,2420854115883,4071,933
1763588775,0000002000000020,2420866154714,4071,934
1763588775,0000004000000001,2420867107947,4071,935
1763588778,0000000200000008,2420901888648,4071,936
1763588782,0000004000000002,2420940192005,4071,937
1763588785,0000008000000080,2420974583407,4071,938
1763588802,0000008000000001,2421140892467,4071,939
1763588805,0000004000000002,2421175613115,4071,940
1763588806,0000004000000002,2421185720087,4071,941
1763588822,0000000100000010,2421341660461,4071,942
1763588840,0000008000000008,2421517166823,4071,943
1763588852,0000008000000080,2421641467977,4071,944
1763588861,0000008000000010,2421726579637,4071,945
1763588861,0000000400000001,2421728586451,4072,946
1763588861,0000008000000008,2421730808647,4071,947
1763588862,0000000100000080,2421738460086,4078,948
1763588867,0000000800000002,2421791376877,4072,949
1763588874,0000004000000004,2421861959979,4071,950
1763588881,0000000100000080,2421927463916,4071,951
1763588893,0000000800000004,2422048341295,4071,952
1763588910,0000004000000008,2422224508362,4071,953
1763588913,0000008000000001,2422249053277,4070,954
1763588916,0000008000000004,2422280587979,4071,955
1763588919,0000004000000080,2422314463522,4071,956
1763588922,0000000800000001,2422341675533,4071,957
1763588928,0000002000000001,2422398082821,4070,958
1763588937,0000000300000001,2422487345765,4071,959
1763588941,0000004000000080,2422532448403,4070,960
1763588950,0000000100000008,2422616986444,4071,961
1763588954,0000000400000001,2422661345611,4071,962
1763588959,0000000400000080,2422708780045,4071,963
1763588960,0000008000000080,2422718892023,4071,964
1763588966,0000004000000001,2422776044624,4071,965
1763588995,0000000100000001,2423066376502,4071,966
1763588995,0000000800000004,2423070629901,4071,967
1763588997,0000000100000002,2423087280929,4071,968
1763589019,0000000200000080,2423307747913,4071,969
1763589026,0000004000000008,2423380033206,4069,970
1763589026,0000000400000004,2423381695969,4071,971
1763589039,0000004000000002,2423506950604,4071,972
1763589039,0000000800000003,2423507733484,4071,973
1763589041,0000004000000001,2423529982226,4071,974
1763589043,0000004000000001,2423548498797,4071,975
1763589052,0000008000000001,2423640134587,4071,976
1763589059,0000000100000001,2423706161699,4071,977
1763589066,0000000100000080,2423776481986,4071,978
1763589083,0000000400000001,2423949240523,4071,979
1763589086,0000008000000002,2423985618177,4071,980
1763589087,0000004000000002,2423986770497,4071,981
1763589094,0000000100000008,2424060918786,4071,982
1763589095,0000004000000008,2424070315368,4070,983
1763589097,0000000100000001,2424087510224,4071,984
1763589108,0000002000000002,2424205349675,4071,985
1763589110,0000000400000080,2424215917986,4071,986
1763589111,0000004000000001,2424227447213,4071,987
1763589121,0000000100000001,2424335134532,4071,988
1763589122,0000004000000004,2424339929287,4071,989
1763589123,0000004000000010,2424346781270,4071,990
1763589124,0000000400000003,2424358633800,4071,991
1763589132,0000004000000002,2424444617734,4071,992
1763589144,0000004000000001,2424563200985,4071,993
1763589152,0000000800000004,2424641473151,4071,994
1763589153,0000004000000001,2424650534884,4071,995
1763589158,0000002000000001,2424704733574,4070,996
1763589174,0000000400000004,2424858915708,4071,997
1763589184,0000000800000004,2424965446168,4071,998
1763589194,0000008000000001,2425056235814,4071,999
1763589195,0000000800000004,2425069261172,4071,1000
1763589197,0000008000000080,2425095520841,4071,1001
1763589203,0000008000000080,2425148950811,4071,1002
1763589204,0000008000000001,2425163676014,4071,1003
1763589205,0000000800000002,2425171139514,4071,1004
1763589213,0000000400000001,2425255633617,4071,1005
1763589216,0000004000000080,2425278870161,4071,1006
1763589218,0000002000000008,2425303762402,4069,1007
1763589219,0000004000000004,2425313209587,4071,1008
1763589224,0000002000000001,2425356929048,4071,1009
1763589227,0000002000000010,2425391863381,4071,1010
1763589244,0000000400000002,2425560956134,4071,1011
1763589246,0000004000000004,2425582411309,4071,1012
1763589248,0000000800000004,2425601735065,4071,1013
1763589249,0000008000000080,2425612500490,4070,1014
1763589250,0000008000000008,2425620693672,4071,1015
1763589261,0000008000000004,2425734723724,4069,1016
1763589263,0000004000000002,2425746346497,4071,1017
1763589271,0000008000000080,2425825786419,4071,1018
1763589275,0000000800000002,2425866402499,4071,1019
1763589278,0000000400000001,2425900089607,4071,1020
1763589278,0000008000000004,2425902519915,4071,1021
1763589284,0000000100000002,2425963483253,4071,1022
1763589294,0000008000000080,2426056679988,4071,1023
1763589299,0000000100000010,2426108500219,4071,1024
1763589299,0000004000000004,2426111951364,4071,1025
1763589302,0000001000000001,2426138911015,4071,1026
1763589306,0000008000000004,2426176139096,4070,1027
1763589307,0000004000000001,2426188438849,4071,1028
1763589310,0000000800000002,2426219429964,4070,1029
1763589311,0000000100000001,2426231974356,4070,1030
1763589316,0000004000000004,2426279006287,4071,1031
1763589321,0000000100000001,2426328157510,4071,1032
1763589323,0000000200000001,2426349759479,4069,1033
1763589328,0000000100000080,2426401015906,4071,1034
1763589336,0000000200000002,2426477770879,4071,1035
1763589348,0000004000000004,2426604471573,4070,1036
1763589349,0000008000000002,2426606749186,4071,1037
1763589351,0000000100000002,2426627320627,4071,1038
1763589362,0000004000000002,2426739854875,4071,1039
1763589364,0000000100000002,2426761887759,4069,1040
1763589369,0000000400000080,2426814634772,4070,1041
1763589371,0000002000000040,2426826130722,4071,1042
1763589375,0000000100000080,2426865868877,4069,1043
1763589377,0000008000000080,2426895465119,4071,1044
1763589390,0000008000000008,2427023071831,4070,1045
1763589394,0000008000000001,2427059847903,4071,1046
1763589406,0000000100000040,2427180159373,4071,1047
1763589406,0000004000000008,2427182030567,4071,1048
1763589414,0000004000000001,2427264994536,4071,1049
1763589417,0000008000000008,2427286690983,4071,1050
1763589421,0000000800000004,2427332030930,4071,1051
1763589427,0000002000000008,2427389314002,4070,1052
1763589428,0000008000000002,2427398912878,4071,1053
1763589429,0000000100000080,2427411435766,4071,1054
1763589430,0000008000000008,2427418035352,4069,1055
1763589434,0000002000000002,2427464607494,4071,1056
1763589446,0000002000000001,2427577923887,4069,1057
1763589447,0000002000000008,2427591706679,4070,1058
1763589448,0000004000000020,2427599587950,4071,1059
1763589452,0000000800000008,2427644138862,4071,1060
1763589453,0000000100000003,2427649843984,4071,1061
1763589459,0000008000000010,2427708307391,4070,1062
1763589463,0000008000000004,2427750452791,4071,1063
1763589465,0000000400000080,2427766623408,4071,1064
1763589473,0000000100000001,2427854247908,4071,1065
1763589483,0000000100000001,2427954024272,4071,1066
1763589486,0000008000000002,2427978869158,4071,1067
1763589487,0000000800000080,2427989605270,4071,1068
1763589489,0000002000000008,2428015359590,4069,1069
1763589499,0000008000000080,2428108115689,4071,1070
1763589501,0000000400000001,2428133240059,4071,1071
1763589501,0000004000000001,2428134994597,4071,1072
1763589507,0000000400000001,2428193753403,4071,1073
1763589507,0000000400000001,2428194823644,4071,1074
1763589514,0000000100000001,2428257454007,4071,1075
1763589517,0000004000000004,2428295205206,4071,1076
1763589527,0000000100000001,2428390610315,4071,1077
1763589530,000000400000000c,2428424449385,4071,1078
1763589531,0000004000000004,2428432102417,4071,1079
1763589535,0000000400000004,2428466798323,4071,1080
1763589535,0000000800000002,2428474744544,4069,1081
1763589541,0000008000000004,2428528513704,4070,1082
1763589546,0000000500000001,2428579398515,4071,1083
1763589546,0000008000000010,2428583564772,4071,1084
1763589548,0000002000000004,2428599933734,4069,1085
1763589550,0000000200000040,2428623619621,4071,1086
1763589553,0000002000000008,2428650360160,4071,1087
1763589558,0000000800000001,2428696883831,4071,1088
1763589558,0000004000000002,2428700282561,4071,1089
1763589559,0000000400000002,2428709864343,4071,1090
1763589565,0000000800000001,2428768021518,4071,1091
1763589565,0000008000000080,2428775485076,4071,1092
1763589574,0000000100000010,2428859598310,4071,1093
1763589576,000000c000000002,2428875993755,4070,1094
1763589577,0000000800000001,2428891815722,4071,1095
1763589579,0000008000000008,2428906001731,4070,1096
1763589585,0000002000000008,2428975617583,4070,1097
1763589588,0000002000000002,2429005469213,4071,1098
1763589592,0000008000000004,2429042811675,4071,1099
1763589605,0000000800000001,2429173988092,4071,1100
1763589605,0000008000000004,2429174075926,4071,1101
1763589606,0000004000000001,2429181382814,4071,1102
1763589615,0000008000000004,2429266133177,4071,1103
1763589629,0000000400000002,2429411590654,4071,1104
1763589629,0000000100000001,2429413676573,4071,1105
1763589653,0000002000000004,2429652763735,4071,1106
1763589656,0000000400000001,2429675916446,4071,1107
1763589660,0000000c00000004,2429719470645,4069,1108
1763589663,0000000100000002,2429751446999,4071,1109
1763589669,0000008000000080,2429812314021,4071,1110
1763589673,0000004000000004,2429847193044,4071,1111
1763589674,0000008000000001,2429861515829,4069,1112
1763589675,0000004000000001,2429874372556,4071,1113
1763589676,0000000400000002,2429883955311,4070,1114
1763589679,0000002000000040,2429911918382,4071,1115
1763589681,0000000100000002,2429930909854,4071,1116
1763589685,0000004000000080,2429968768525,4071,1117
1763589691,0000004000000004,2430032892146,4070,1118
1763589694,0000000400000001,2430056281542,4071,1119
1763589705,0000002000000002,2430170638174,4071,1120
1763589710,0000002000000080,2430223957112,4071,1121
1763589711,0000000800000001,2430232601160,4071,1122
1763589712,0000004000000004,2430240005866,4071,1123
1763589713,0000008000000008,2430248954331,4070,1124
1763589721,0000002000000040,2430331394259,4071,1125
1763589725,0000000400000008,2430369830917,4070,1126
1763589735,0000000800000001,2430466248776,4070,1127
1763589742,0000008000000004,2430536098752,4071,1128
1763589759,0000000100000001,2430707807693,4071,1129
1763589763,0000004000000008,2430749723675,4071,1130
1763589769,0000000500000001,2430810100902,4071,1131
1763589772,0000004000000004,2430845280293,4070,1132
1763589773,0000000100000040,2430850394957,4071,1133
1763589781,0000004000000001,2430925704156,4071,1134
1763589784,0000000100000001,2430965004230,4071,1135
1763589785,0000008000000080,2430968039337,4070,1136
1763589808,0000002000000008,2431202745704,4070,1137
1763589811,0000004000000002,2431231264819,4071,1138
1763589819,0000000400000001,2431308296433,4071,1139
1763589821,0000000800000001,2431334107285,4071,1140
1763589838,0000002000000020,2431502435316,4071,1141
1763589845,0000002000000008,2431572055303,4071,1142
1763589861,0000004000000002,2431732191473,4069,1143
1763589862,0000000400000080,2431739792489,4071,1144
1763589863,0000004000000004,2431748102139,4070,1145
1763589869,0000000800000001,2431813661770,4071,1146
1763589879,0000004000000080,2431914097075,4071,1147
1763589883,0000000400000080,2431947745622,4071,1148
1763589886,0000002000000008,2431976266830,4071,1149
1763589886,0000000100000001,2431983547020,4071,1150
1763589887,0000000400000080,2431987314434,4071,1151
1763589891,0000008000000080,2432031326428,4071,1152
1763589911,0000004000000001,2432226321676,4071,1153
1763589916,0000000800000008,2432279174088,4071,1154
1763589922,0000008000000080,2432345391157,4071,1155
1763589923,0000008000000004,2432348573351,4071,1156
1763589923,0000008000000080,2432350667808,4071,1157
1763589940,0000000400000008,2432522775027,4070,1158
1763589942,0000008000000008,2432541413499,4071,1159
1763589947,0000002000000004,2432592566083,4071,1160
1763589949,0000000800000080,2432608982731,4071,1161
1763589950,0000008000000008,2432616138544,4071,1162
1763589955,0000004000000004,2432668170014,4071,1163
1763589957,0000000100000001,2432693688451,4071,1164
1763589967,0000000400000002,2432793716347,4070,1165
1763589972,0000000200000040,2432837960274,4071,1166
1763589979,0000008000000008,2432910205577,4071,1167
1763589991,0000004000000001,2433034063811,4071,1168
1763589993,0000000800000001,2433049345133,4071,1169
1763589995,0000000100000080,2433068210685,4071,1170
1763589998,0000008000000080,2433102141091,4071,1171
1763590001,0000000800000004,2433134478620,4071,1172
1763590025,0000000800000004,2433369419541,4070,1173
1763590047,0000000100000008,2433593026935,4071,1174
1763590049,0000008000000008,2433613409935,4071,1175
1763590050,0000000100000002,2433624901707,4071,1176
1763590052,0000000400000080,2433641776649,4071,1177
1763590052,0000000400000002,2433644972343,4071,1178
1763590070,0000000100000001,2433824474534,4071,1179
1763590074,0000004000000004,2433862393771,4070,1180
1763590081,0000000800000001,2433933928377,4071,1181
1763590085,0000004000000008,2433969003343,4070,1182
1763590085,0000002000000004,2433972016392,4071,1183
1763590088,0000004000000002,2434003865837,4071,1184
1763590089,0000000400000080,2434005811408,8143,1185
1763590096,0000000100000008,2434081327616,4070,1186
1763590107,0000008800000002,2434189255761,4071,1187
1763590113,0000008000000004,2434254297738,4071,1188
1763590115,0000000800000008,2434268583892,4071,1189
1763590118,0000000100000020,2433227722150,4071,1190
1763590119,0000008000000001,2434306537528,4071,1191
1763590119,0000000100000080,2434312478984,4070,1192
1763590123,0000004800000008,2434350210599,4071,1193
1763590124,0000002000000001,2434359056604,4071,1194
1763590145,0000000200000080,2434574896802,4069,1195
1763590171,0000008000000004,2434828062061,4071,1196
1763590172,0000002000000002,2434838242702,4071,1197
1763590184,0000008000000080,2434958412698,4069,1198
1763590195,0000000500000001,2435074521351,4071,1199
1763590198,0000008000000004,2435105401792,4069,1200
1763590209,0000008000000008,2435207803117,4071,1201
1763590209,0000000100000008,2435210753860,4071,1202
1763590215,0000000800000002,2435273008600,4071,1203
1763590216,0000000800000080,2435284558811,4071,1204
1763590222,0000008000000001,2435342783372,4069,1205
1763590222,0000008000000080,2435343892004,4071,1206
1763590226,0000002000000040,2435378932125,4070,1207
1763590227,0000000100000001,2435386075426,4071,1208
1763590227,0000000800000001,2435394532929,4071,1209
1763590240,0000008000000002,2435519604946,4071,1210
1763590242,0000008000000004,2435540487125,4071,1211
1763590250,0000000400000002,2435616737878,4071,1212
1763590254,0000008800000002,2435656933232,4071,1213
1763590261,0000004000000080,2435731903582,4069,1214
1763590266,0000008000000002,2435776805264,4071,1215
1763590271,0000002000000080,2435827294923,4071,1216
1763590282,0000002000000001,2435937986197,4070,1217
1763590296,0000000800000002,2436082470835,4070,1218
1763590303,0000008000000080,2436147006760,4070,1219
1763590311,0000000100000001,2436230652760,4071,1220
1763590311,0000000800000080,2436232020409,4071,1221
1763590312,0000002000000080,2436242927485,4071,1222
1763590324,0000000800000004,2436362913290,4071,1223
1763590334,0000000800000080,2436459481177,4070,1224
1763590336,0000008000000080,2436485147695,4071,1225
1763590337,0000008000000001,2436491538522,4071,1226
1763590349,0000000400000001,2436612373379,4071,1227
1763590359,0000000200000001,2436709612745,4071,1228
1763590363,0000000800000004,2436746638823,4071,1229
1763590363,0000000800000001,2436747703831,4071,1230
1763590366,0000004000000008,2436778255880,4071,1231
1763590368,0000004000000001,2436804487742,4071,1232
1763590375,0000004000000001,2436867869339,4071,1233
1763590376,0000000800000080,2436879634436,4070,1234
1763590379,0000008000000080,2436914417188,4071,1235
1763590384,0000000400000001,2436957446739,4071,1236
1763590385,0000000800000002,2436967753299,4071,1237
1763590391,0000004000000010,2437027421320,4071,1238
1763590393,0000000400000008,2437047462371,4071,1239
1763590399,0000008000000080,2437106065548,4071,1240
1763590399,0000000100000001,2437107799799,4071,1241
1763590404,0000008000000008,2437157043160,4071,1242
1763590404,0000008000000004,2437162024191,4071,1243
1763590407,0000004000000004,2437185493295,4071,1244
1763590419,0000000400000001,2437310317372,4071,1245
1763590431,0000000400000001,2437430161550,4071,1246
1763590436,0000000400000001,2437476471601,4071,1247
1763590438,0000004000000002,2437504714218,4071,1248
1763590441,0000000200000008,2437526053099,4071,1249
1763590448,0000000800000004,2437604057326,4071,1250
1763590449,0000000800000001,2437607597133,4071,1251
1763590451,0000000100000020,2437631870660,4070,1252
1763590457,0000002000000010,2437693211472,4071,1253
1763590466,0000000100000004,2437784343865,4071,1254
1763590481,0000008000000008,2437927409539,4071,1255
1763590481,0000004400000002,2437934643025,4071,1256
1763590484,0000008000000004,2437960690993,4070,1257
1763590488,0000000100000008,2438000958781,4070,1258
1763590488,0000008000000004,2438002262681,4071,1259
1763590489,0000008000000004,2438014829589,4071,1260
1763590492,0000000200000008,2438039197073,4071,1261
1763590500,0000004000000008,2438116331118,4071,1262
1763590510,0000000100000004,2438217082021,4070,1263
1763590510,0000002000000080,2438217731123,4071,1264
1763590513,0000004000000001,2438252793494,4071,1265
1763590523,0000000400000002,2438355284839,4071,1266
1763590525,0000008000000001,2438368510659,4071,1267
1763590526,0000008000000080,2438378923672,4071,1268
1763590536,0000000100000001,2438478173204,4071,1269
1763590542,0000004000000002,2438543427395,4071,1270
1763590553,0000000800000040,2438652204994,4070,1271
1763590558,0000008000000080,2438698050513,4071,1272
1763590562,0000000100000080,2438736345619,4071,1273
1763590565,0000000100000001,2438769839766,4071,1274
1763590569,0000000800000004,2438809313384,4070,1275
1763590572,0000002000000010,2438839451937,4071,1276
1763590580,0000000100000080,2438924472682,4071,1277
1763590591,0000002000000000,2439029402955,4071,1278
1763590593,0000008000000001,2439047731849,4071,1279
1763590599,0000008000000001,2439112226797,4071,1280
1763590600,0000008000000002,2439125212159,4070,1281
1763590601,0000000800000001,2439132085743,4071,1282
1763590602,0000008000000002,2439141456401,4070,1283
1763590603,0000000400000002,2439152537304,4071,1284
1763590616,0000004000000004,2439282798696,4071,1285
1763590619,0000004000000004,2439314284435,4071,1286
1763590622,0000008000000004,2439342590504,4071,1287
1763590625,0000004000000004,2439366917567,4071,1288
1763590632,0000004000000040,2439445194450,4071,1289
1763590633,0000000100000001,2439452161744,4071,1290
1763590648,0000000800000001,2439599730346,4070,1291
1763590649,0000000100000004,2439607330461,4071,1292
1763590658,0000008000000002,2439697254836,4071,1293
1763590677,0000004000000002,2439891360461,4069,1294
1763590677,0000004000000004,2439895043469,4071,1295
1763590680,0000000400000001,2439923391825,4071,1296
1763590682,0000004000000002,2439937770574,4070,1297
1763590690,0000000100000001,2440018509867,4071,1298
1763590692,0000008000000080,2440041067520,4071,1299
1763590695,0000002000000008,2440066926222,4070,1300
1763590697,0000008000000080,2440093175435,4071,1301
1763590698,0000000100000001,2440097239507,4070,1302
1763590700,0000008000000080,2440117857156,4071,1303
1763590702,0000000400000002,2440140623948,4070,1304
1763590713,0000002000000080,2440254596958,4071,1305
1763590722,0000000200000010,2440343290395,4069,1306
1763590726,0000008000000001,2440378289955,4071,1307
1763590726,0000000100000001,2440379847449,4071,1308
1763590729,0000000100000002,2440413925419,4071,1309
1763590735,0000008000000002,2440474875035,4071,1310
1763590737,0000000900000001,2440486152829,4070,1311
1763590739,0000008000000004,2440513304890,4071,1312
1763590759,0000000c00000008,2440713734290,4071,1313
1763590765,0000000800000002,2440769708662,4071,1314
1763590775,0000004000000004,2440867999910,4071,1315
1763590775,0000000200000010,2440868482092,4070,1316
1763590783,0000004000000001,2440949546291,4071,1317
1763590785,0000000100000020,2440970865333,4071,1318
1763590795,0000000400000001,2441075334673,4071,1319
1763590802,0000008000000002,2441142971183,4071,1320
1763590806,0000000800000002,2441176071221,4071,1321
1763590812,0000000800000080,2441239870037,4071,1322
1763590817,0000008000000004,2441289218270,4070,1323
1763590820,0000002000000080,2441323586980,4072,1324
1763590829,0000008000000080,2441413046575,4071,1325
1763590831,0000008000000080,2441427794622,4071,1326
1763590832,0000008000000008,2441443622314,4071,1327
1763590839,0000004000000004,2441510486703,4071,1328
1763590840,0000008000000002,2441518589416,4070,1329
1763590841,0000000100000004,2441533808214,4071,1330
1763590845,0000000400000008,2441568327193,4071,1331
1763590845,0000008000000008,2441572671126,4071,1332
1763590846,0000000100000080,2441576135387,4071,1333
1763590861,0000004000000001,2441731137217,4071,1334
1763590895,0000008000000080,2442068669871,4071,1335
1763590912,0000008000000080,2442238602715,4071,1336
1763590918,0000000100000001,2442298499824,4071,1337
1763590933,0000008000000040,2442449272568,4071,1338
1763590934,0000004000000004,2442462223759,4071,1339
1763590942,0000008000000040,2442541504786,4071,1340
1763590946,0000002000000001,2442575342575,4071,1341
1763590946,0000000100000001,2442576670323,4071,1342
1763590963,0000000100000020,2442748396309,4071,1343
1763590969,0000000800000002,2442810353896,4071,1344
1763590978,0000002000000080,2442898315888,4071,1345
1763590981,0000000400000001,2442927508017,4071,1346
1763590983,0000004000000001,2442951708002,4070,1347
1763590992,0000004000000010,2443042618444,4071,1348
1763590997,0000002000000010,2443094141922,4069,1349
1763591002,0000008000000002,2443140020060,4069,1350
1763591003,0000004000000004,2443148448829,4071,1351
1763591014,0000000100000001,2443265232043,4069,1352
1763591017,0000004000000008,2443291614053,4069,1353
1763591018,0000000100000002,2443303080770,4071,1354
1763591025,0000000800000004,2443368221526,4070,1355
1763591027,0000008000000008,2443392655993,4071,1356
1763591029,0000000400000002,2443406328280,4071,1357
1763591043,0000000100000080,2443550898831,4071,1358
1763591060,0000008000000080,2443716118811,4071,1359
1763591061,0000008000000004,2443730126634,4071,1360
1763591066,0000004000000004,2443782604158,4071,1361
1763591094,0000008000000080,2444062014439,4071,1362
1763591099,0000004000000080,2444108950369,4071,1363
1763591100,0000000200000080,2444124369292,4071,1364
1763591108,0000000400000001,2444197777945,4071,1365
1763591120,0000004000000008,2444315830193,4070,1366
1763591122,0000000400000001,2444341166516,4070,1367
1763591123,0000000100000004,2444349061142,4071,1368
1763591123,0000008000000080,2444353981790,4070,1369
1763591126,0000000400000002,2444381448444,4071,1370
1763591136,0000000400000001,2444483452278,4071,1371
1763591147,0000004000000004,2444591584108,4070,1372
1763591151,0000004000000001,2444632985918,4070,1373
1763591156,0000000400000004,2444678698152,4070,1374
1763591166,0000000100000001,2444776356392,4071,1375
1763591168,0000002000000008,2444796778206,4071,1376
1763591180,0000008000000008,2444924875360,4071,1377
1763591182,0000008000000080,2444935389461,4071,1378
1763591192,0000000800000080,2445039849126,4070,1379
1763591201,0000004100000080,2445135120464,4071,1380
1763591203,0000000400000008,2445147137229,4069,1381
1763591213,0000000400000080,2445248609486,4071,1382
1763591223,0000008000000001,2445350533228,4070,1383
1763591228,0000000800000040,2445398243890,4070,1384
1763591248,0000000800000080,2445599848207,4070,1385
1763591259,0000002000000010,2445706865531,4071,1386
1763591261,0000002000000040,2445726769502,4071,1387
1763591273,0000000100000020,2444779359243,4071,1388
1763591282,0000008000000008,2445942106454,4070,1389
1763591282,0000000800000001,2445943441609,4071,1390
1763591291,0000000200000010,2446031365977,4070,1391
1763591301,0000008000000002,2446131183418,4071,1392
1763591309,0000004000000001,2446213652813,4071,1393
