1762495213,0000000400000002,1840676805265,2797,746
1762495220,0000000100000001,1840750156740,3588,747
1762495244,0000004000000004,1840987535959,4892,748
1762495272,0000000100000001,1841268413020,3577,749
1762495274,0000000100000001,1841285432827,2542,750
1762495289,0000000400000080,1841436572019,3853,751
1762495316,0000000400000080,1841712600826,2816,752
1762495335,0000000100000080,1841900085922,1936,753
1762495355,0000004800000080,1842099631891,320,754
1762495391,0000000400000002,1842461018527,4556,755
1762495423,000000c000000080,1842784287931,683,756
1762495448,0000008000000001,1843025781046,1743,757
1762495461,0000000100000080,1843161992923,3942,758
1762495463,0000008000000080,1843177939213,2968,759
1762495482,0000000400000004,1843367492923,1962,760
1762495490,0000008000000080,1843451444854,2103,761
1762495492,0000000400000080,1843470017910,982,762
1762495497,0000000100000004,1843522138787,3038,763
1762495506,0000000100000002,1843607596107,3093,764
1762495509,0000004000000080,1843638296874,1249,765
1762495521,0000000400000080,1843758181491,4439,766
1762495549,0000000800000001,1844040822866,3001,767
1762495567,0000008000000080,1844222646987,2450,768
1762495591,000000c000000008,1844461817858,3657,769
1762495594,0000000800000002,1844486345785,2175,770
1762495607,0000008000000080,1844621418845,4448,771
1762495627,0000000800000004,1844817272777,3040,772
1762495635,0000008000000080,1844902863265,3086,773
1762495643,0000000800000080,1844978445007,3744,774
1762495649,0000004000000080,1845035616571,303,775
1762495659,0000000800000004,1845139296298,4459,776
1762495667,0000000400000001,1845224697227,4515,777
1762495669,0000004000000001,1845237911598,3717,778
1762495675,0000000100000001,1845302660738,5012,779
1762495689,0000004000000002,1845441654170,1848,780
1762495708,0000008000000080,1845625570439,1165,781
1762495715,0000008000000004,1845696109062,2118,782
1762495719,0000000100000001,1845739642865,4702,783
1762495729,0000008000000002,1845835664923,4121,784
1762495731,0000000400000002,1845855989132,2883,785
1762495751,0000008000000004,1846062276603,866,786
1762495753,0000000400000001,1846078865631,5064,787
1762495762,0000004000000002,1846170390391,4758,788
1762495770,0000000100000001,1846250220119,5141,789
1762495799,000000c100000080,1846543138660,3101,790
1762495804,0000000400000002,1846588560333,376,791
1762495827,0000008000000001,1846822588707,1881,792
1762495849,0000004000000008,1847038400564,4486,793
1762495874,0000000100000001,1847288264161,5028,794
1762495893,0000000100000002,1847484380660,3624,795
1762495926,0000008000000080,1847811037805,4751,796
1762495938,0000000400000002,1847930577690,2742,797
1762495939,0000000100000002,1847942919521,2008,798
1762495944,0000004000000008,1847990690134,4337,799
1762495946,0000000400000002,1848010077970,3156,800
1762495977,0000000100000001,1848317504840,251,801
1762495985,0000000400000004,1848399847125,490,802
1762495986,0000000800000008,1848405908769,5314,803
1762495995,0000000800000002,1848500006182,4856,804
1762495999,0000000100000004,1848542179409,2310,805
1762496011,000000c000000080,1848658342816,522,806
1762496017,0000000100000001,1848723173695,1819,807
1762496040,0000004000000002,1848953525381,3543,808
1762496042,0000008000000080,1848971609417,2446,809
1762496055,0000000400000001,1849097555669,5260,810
1762496055,0000000100000001,1849103923705,4885,811
1762496059,0000000100000001,1849142052847,2582,812
1762496081,0000008000000080,1849356260053,5279,813
1762496082,0000004000000001,1849368179886,4575,814
1762496111,0000004000000080,1849664433085,2323,815
1762496120,0000000100000001,1849754534048,2101,816
1762496127,0000000800000004,1849817818268,3491,817
1762496130,0000008000000004,1849847400372,1714,818
1762496145,0000000800000080,1849996367432,3132,819
1762496159,0000008000000080,1850139332663,4926,820
1762496161,0000008000000080,1850162147032,3554,821
1762496176,0000008000000080,1850309610203,5067,822
1762496177,0000000800000001,1850319056890,4510,823
1762496180,0000000100000004,1850346519394,2841,824
1762496180,0000004000000080,1850347182335,2802,825
1762496209,0000000800000004,1850635044197,1071,826
1762496216,0000000400000008,1850704579077,2085,827
1762496245,0000008000000080,1850998512027,5176,828
1762496275,0000008000000080,1851296342598,2839,829
1762496314,0000000400000002,1851686235099,170,830
1762496335,0000000100000080,1851896637364,3087,831
1762496339,0000000400000004,1851939835821,496,832
1762496356,0000004000000080,1852113211812,455,833
1762496378,0000004000000008,1852329982315,2989,834
1762496404,0000000800000008,1852592898268,2754,835
1762496406,0000008000000080,1852611209969,1663,836
1762496409,0000000800000002,1852635043575,229,837
1762496409,0000008000000080,1852638922487,5184,838
1762496412,0000004800000080,1852666271731,3544,839
1762496416,0000000400000080,1852705628338,1172,840
1762496426,0000008000000001,1852809124102,5332,841
1762496435,0000000100000001,1852897172586,5229,842
1762496443,0000004000000002,1852978104176,367,843
1762496448,0000000100000002,1853025516258,2701,844
1762496456,0000000400000001,1853105611864,3078,845
1762496477,0000000100000001,1853316809158,766,846
1762496478,000000c000000080,1853333363052,4966,847
1762496495,0000000400000080,1853496106906,372,848
1762496504,0000000100000001,1853587568741,5251,849
1762496525,0000000100000004,1853795840509,3111,850
1762496554,0000004000000001,1854085066854,1297,851
1762496557,0000000100000002,1854116616287,4603,852
1762496564,0000000800000080,1854189198627,230,853
1762496566,0000004000000008,1854204980285,4483,854
1762496598,0000000800000020,1854531187160,433,855
1762496607,0000000100000001,1854616260856,509,856
1762496608,0000000400000002,1854628311720,4977,857
1762496622,0000004000000008,1854769550964,1679,858
1762496634,0000008000000001,1854891651853,4724,859
1762496642,0000000400000004,1854966556696,215,860
1762496649,0000000400000080,1855038015733,1104,861
1762496651,0000000100000001,1855062549252,4829,862
1762496654,0000004000000080,1855088215273,3272,863
1762496657,0000004000000001,1855118855744,1438,864
1762496670,0000000800000080,1855253209252,3750,865
1762496677,0000000400000002,1855316097015,5152,866
1762496680,0000000400000008,1855351968698,2992,867
1762496682,0000008000000002,1855370643328,1879,868
1762496708,0000000100000001,1855628138006,1968,869
1762496720,0000000100000001,1855748442975,5114,870
1762496725,0000000100000004,1855803344507,1819,871
1762496729,0000004000000080,1855839167132,4856,872
1762496731,0000008000000080,1855858687483,3684,873
1762496746,0000004000000004,1856006201845,5190,874
1762496760,0000000400000002,1856148225183,1848,875
1762496762,0000000200000001,1856173391119,333,876
1762496763,0000000400000004,1856180155791,5116,877
1762496764,0000008000000080,1856187514895,4682,878
1762496768,0000000100000004,1856230792094,2072,879
1762496770,0000000100000001,1856253523343,704,880
1762496772,000000c000000080,1856270740426,4866,881
1762496815,0000008000000080,1856700378129,4987,882
1762496817,0000004000000080,1856721866421,3701,883
1762496828,0000000800000004,1856824655408,2698,884
1762496840,0000000100000002,1856954327824,5289,885
1762496850,0000004000000004,1857048728787,4812,886
1762496858,0000000400000001,1857133825600,4886,887
1762496861,0000004000000002,1857158089441,3423,888
1762496864,0000008000000080,1857184783567,1822,889
1762496887,0000008000000001,1857418406442,3345,890
1762496892,0000008000000004,1857469310968,287,891
1762496893,0000000800000001,1857480339110,4819,892
1762496894,0000004000000008,1857492107773,4117,893
1762496907,0000000800000004,1857615018968,1910,894
1762496915,0000000800000002,1857703406615,1789,895
1762496921,0000000100000080,1857754768179,3897,896
1762496931,0000004000000008,1857858941142,2808,897
1762496950,0000000100000001,1858045170904,2003,898
1762496955,0000000400000080,1858099669863,3925,899
1762496962,0000000800000002,1858167358199,5038,900
1762496969,0000004000000002,1858242607774,514,901
1762496991,0000000100000003,1858456916157,3200,902
1762497016,0000000100000004,1858712232692,3426,903
1762497029,0000000100000008,1858837586802,1076,904
1762497030,0000000800000004,1858845439398,607,905
1762497030,0000000100000004,1858846681550,535,906
1762497057,000000010000000c,1859114376345,5200,907
1762497060,0000000100000008,1859147697323,3197,908
1762497080,0000000800000001,1859345140100,1715,909
1762497097,0000000100000080,1859520696366,1539,910
1762497102,0000000100000080,1859569658085,3795,911
1762497105,0000000800000008,1859603404082,1762,912
1762497106,0000000100000001,1859610365806,1338,913
1762497107,0000000800000080,1859618973221,819,914
1762497125,0000000100000001,1859796212590,548,915
1762497168,0000000800000080,1860231178766,354,916
1762497173,0000000100000001,1860276231272,2827,917
1762497223,0000004000000080,1860780763518,3653,918
1762497225,0000000200000004,1860801547125,2393,919
1762497237,0000000800000001,1860915839091,718,920
1762497247,0000000800000080,1861015044882,5136,921
1762497255,0000000800000004,1861097282678,193,922
1762497260,0000000200000008,1861150855981,2160,923
1762497263,0000000100000001,1861176886154,597,924
1762497282,0000008000000008,1861373141420,4382,925
1762497291,0000008000000004,1861455811452,4602,926
1762497295,0000000800000001,1861498971117,1999,927
1762497298,0000000100000001,1861530752048,5275,928
1762497306,0000008000000004,1861612036252,392,929
1762497329,0000000100000001,1861839219504,2302,930
1762497334,0000000100000001,1861887194877,4621,931
1762497354,0000000100000004,1862091184705,2723,932
1762497356,0000000100000001,1862108725275,1680,933
1762497362,0000000100000080,1862166198422,3412,934
1762497371,0000000800000001,1862256726443,3156,935
1762497373,0000000100000001,1862280290823,1747,936
1762497377,0000000800000008,1862323235177,4363,937
1762497380,0000004000000080,1862347447100,2890,938
1762497384,0000008000000080,1862391685434,239,939
1762497391,0000004000000001,1862462532425,1167,940
1762497392,0000000800000002,1862466446968,930,941
1762497400,0000000800000080,1862548171696,1208,942
1762497432,0000000200000001,1862871606822,2523,943
1762497467,0000000100000002,1863217310651,2503,944
1762497468,0000000400000080,1863227058375,1928,945
1762497481,0000000100000001,1863361011115,4265,946
1762497520,0000004000000002,1863751264688,1556,947
1762497532,0000000100000001,1863865566026,5065,948
1762497541,0000008000000080,1863961202516,4515,949
1762497543,0000008000000080,1863979727901,3392,950
1762497550,0000004000000002,1864050505328,4339,951
1762497553,0000000400000002,1864078366813,2646,952
1762497565,0000000300000002,1864202568814,378,953
1762497572,0000008000000080,1864272508401,1362,954
1762497580,0000000100000001,1864349958676,1901,955
1762497584,0000000800000004,1864388008944,4808,956
1762497584,0000000800000080,1864389157467,4740,957
1762497592,0000000400000002,1864470008277,5062,958
1762497597,0000000800000080,1864515015965,2351,959
1762497626,0000000800000004,1864808147767,307,960
1762497626,0000000100000004,1864810802573,162,961
1762497644,0000000800000080,1864994088973,4708,962
1762497661,0000008000000080,1865156548195,5313,963
1762497664,0000000400000002,1865191937170,3185,964
1762497674,0000000100000001,1865289039647,2534,965
1762497679,0000008000000008,1865337765432,4808,966
1762497688,0000008000000004,1865428542062,4546,967
1762497692,0000008000000080,1865465374201,2317,968
1762497730,0000000100000004,1865844550628,291,969
1762497730,0000000800000002,1865853480172,4947,970
1762497734,0000000100000001,1865887529313,2889,971
1762497743,0000000400000040,1865981539058,2428,972
1762497743,0000000200000001,1865981657900,2422,973
1762497745,0000008000000004,1865995844168,1578,974
1762497762,0000000100000001,1866166338489,1705,975
1762497773,0000000100000080,1866278354956,165,976
1762497779,0000004000000001,1866342292549,1513,977
1762497788,0000008000000008,1866429447437,1462,978
1762497816,0000000400000004,1866705875065,416,979
1762497817,0000000400000001,1866717741729,4898,980
1762497827,0000008000000080,1866818565680,4033,981
1762497830,0000000100000008,1866847039524,2307,982
1762497833,0000000800000001,1866883931466,5282,983
1762497835,0000000400000002,1866899170740,4379,984
1762497844,0000000400000001,1866988870952,4177,985
1762497862,0000008000000080,1867171817425,3553,986
1762497863,0000000400000001,1867182363168,2908,987
1762497876,0000000100000001,1867306456760,645,988
1762497881,0000004000000008,1867361595598,2516,989
1762497900,0000008000000002,1867544661116,1902,990
1762497900,0000000100000002,1867546815425,1772,991
1762497900,0000000100000001,1867549058748,1636,992
1762497902,0000008000000080,1867572480476,227,993
1762497905,0000000100000004,1867601967632,3649,994
1762497905,0000000100000004,1867602328252,3626,995
1762497911,0000000800000002,1867662449011,5198,996
1762497919,0000000100000003,1867741263527,460,997
1762497925,0000008000000080,1867799615003,2142,998
1762497937,0000000400000002,1867918127224,210,999
1762497941,0000000400000001,1867956296925,3101,1000
1762497946,0000000200000004,1868009375449,5106,1001
1762497947,0000000800000080,1868016470956,4687,1002
1762497948,0000000400000008,1868029001826,3936,1003
1762497955,0000008000000080,1868101901847,4743,1004
1762497957,0000000100000080,1868120857387,3598,1005
1762497967,0000000100000004,1868215976006,3060,1006
1762497982,0000008400000001,1868372840724,4028,1007
1762498028,0000000100000001,1868827707387,2619,1008
1762498058,0000000200000004,1869127201215,195,1009
1762498076,0000000800000002,1869312056649,4661,1010
1762498079,0000000400000080,1869340689964,2925,1011
1762498103,0000008000000002,1869576271089,4352,1012
1762498124,0000000100000080,1869784300436,2213,1013
1762498132,0000000800000002,1869873611296,2038,1014
1762498139,0000000100000004,1869941996198,3112,1015
1762498147,0000000100000008,1870018564571,3711,1016
1762498154,0000008000000008,1870087615105,4752,1017
1762498173,0000000100000008,1870280672611,3522,1018
1762498187,0000000100000004,1870416438928,549,1019
1762498188,0000000100000001,1870432265357,4794,1020
1762498194,0000000100000004,1870484687072,1639,1021
1762498222,0000000100000003,1870766707646,255,1022
1762498227,0000008000000080,1870819090630,2292,1023
1762498230,0000000800000001,1870849743413,454,1024
1762498232,0000008000000080,1870868507221,4527,1025
1762498244,0000000100000006,1870992061901,2275,1026
1762498253,0000008000000008,1871076335718,2398,1027
1762498254,0000008000000080,1871092395169,1438,1028
1762498256,0000008000000080,1871111837050,270,1029
1762498290,0000008000000080,1871453677999,482,1030
1762498300,0000000800000002,1871549390647,5108,1031
1762498304,0000000400000004,1871592868776,2489,1032
1762498312,000000c000000080,1871672423200,2897,1033
1762498320,0000000100000001,1871751209849,3356,1034
1762498324,0000000400000002,1871786151430,1254,1035
1762498326,0000004000000001,1871810243378,5001,1036
1762498327,0000000800000002,1871815688071,4680,1037
1762498328,0000004000000004,1871829189763,3868,1038
1762498333,0000000400000002,1871883619372,587,1039
1762498340,0000000800000001,1871946478435,2002,1040
1762498351,0000000800000008,1872059421601,401,1041
1762498357,0000000800000002,1872122709314,1791,1042
1762498366,0000000100000080,1872210718377,1690,1043
1762498380,0000000400000001,1872348325342,3804,1044
1762498390,0000000100000004,1872446994540,3049,1045
1762498390,0000000100000008,1872448808407,2939,1046
1762498391,0000000800000004,1872456955385,2450,1047
1762498391,0000008000000001,1872463728881,2050,1048
1762498406,0000008000000002,1872605644868,3907,1049
1762498409,0000000400000008,1872637437673,1989,1050
1762498419,0000000400000080,1872736037228,1247,1051
1762498422,0000004000000001,1872766516441,4618,1052
1762498423,0000008000000001,1872779189273,3856,1053
1762498450,0000000100000081,1873049783430,3147,1054
1762498459,0000008000000080,1873135731494,3171,1055
1762498461,0000008000000088,1873157982886,1842,1056
1762498463,0000008000000080,1873180894883,460,1057
1762498464,0000000100000001,1873185935635,162,1058
1762498469,0000000400000004,1873234195713,2439,1059
1762498470,0000000100000001,1873247897209,1625,1060
1762498473,0000004000000004,1873283651614,4672,1061
1762498480,0000008000000080,1873352588717,520,1062
1762498482,0000000400000080,1873371895614,4558,1063
1762498485,0000000400000001,1873396549933,3062,1064
1762498514,0000008000000002,1873688908806,1059,1065
1762498529,0000000400000004,1873841110994,2293,1066
1762498530,0000000400000080,1873849151505,1817,1067
1762498533,0000000800000008,1873880073252,5144,1068
1762498536,0000000100000001,1873907924679,3472,1069
1762498561,0000004000000002,1874160651195,3857,1070
1762498575,0000000800000008,1874299556298,688,1071
1762498577,0000000800000002,1874315858181,4903,1072
1762498582,0000008000000080,1874372223239,1513,1073
1762498603,0000004000000004,1874579427347,4636,1074
1762498618,0000004000000080,1874724273111,1107,1075
1762498620,0000008000000080,1874752866191,4591,1076
1762498624,0000000100000002,1874787429609,2497,1077
1762498627,0000000800000080,1874818145279,657,1078
1762498635,0000008000000002,1874898472701,1014,1079
1762498649,0000008000000002,1875037357545,3045,1080
1762498651,0000000800000001,1875057721254,1829,1081
1762498658,0000008000000080,1875131991507,2546,1082
1762498659,0000000100000001,1875138787675,2142,1083
1762498663,0000000400000008,1875174089132,5210,1084
1762498668,0000008000000080,1875226924996,2037,1085
1762498673,0000000100000004,1875283413847,3839,1086
1762498676,0000008000000080,1875309161161,2279,1087
1762498688,0000000800000080,1875426115031,443,1088
1762498692,0000000100000001,1875469298332,3033,1089
1762498698,0000000100000008,1875532591070,4435,1090
1762498710,0000008000000001,1875646366103,2766,1091
1762498714,0000000800000080,1875686917650,338,1092
1762498715,0000000100000004,1875696886774,4930,1093
1762498722,0000000800000004,1875767589778,676,1094
1762498736,0000000800000008,1875911162443,2422,1095
1762498746,000000c900000080,1876008027495,1798,1096
1762498757,0000002000000000,1876123730656,5220,1097
1762498766,0000000100000002,1876207518321,184,1098
1762498769,0000000100000008,1876238968464,3486,1099
1762498773,0000000400000004,1876282894534,839,1100
1762498788,0000000400000002,1876433300333,2180,1101
1762498790,0000008000000001,1876449052286,1232,1102
1762498804,0000008000000004,1876586727541,3339,1103
1762498806,0000004000000004,1876610637929,1907,1104
1762498836,0000008000000080,1876913297529,4481,1105
1762498854,0000004000000080,1877085934716,4484,1106
1762498914,0000000100000001,1877686301955,4724,1107
1762498921,0000000400000001,1877763310275,5275,1108
1762498944,0000008000000001,1877990029163,2031,1109
1762498945,0000008000000080,1878003010700,1246,1110
1762498952,0000000800000002,1878067016852,2584,1111
1762498961,0000000800000001,1878161257411,2117,1112
1762498966,0000000100000001,1878204371013,4723,1113
1762498969,0000000800000004,1878240421803,2542,1114
1762498970,000000c000000080,1878248199738,2080,1115
1762498982,0000008000000080,1878368897740,5204,1116
1762498982,0000000100000001,1878371552472,5048,1117
1762498984,0000000100000001,1878386611654,4152,1118
1762498988,0000000400000002,1878424268204,1881,1119
1762498990,0000004800000080,1878446909669,516,1120
1762499002,0000008000000080,1878568628335,3584,1121
1762499016,0000000400000004,1878706429625,487,1122
1762499016,0000008000000080,1878709764686,287,1123
1762499020,0000000100000002,1878747762043,3189,1124
1762499021,0000000800000008,1878756654182,2651,1125
1762499031,0000004000000008,1878861542534,1544,1126
1762499039,0000004000000002,1878935379688,2291,1127
1762499065,0000000100000001,1879193959582,2318,1128
1762499089,0000000400000080,1879434712130,3421,1129
1762499096,0000008000000004,1879505622851,4360,1130
1762499107,0000008000000080,1879622376182,2513,1131
1762499108,0000004000000002,1879630205154,2051,1132
1762499117,0000000100000001,1879714677561,2161,1133
1762499119,0000000100000004,1879742089443,515,1134
1762499125,0000000100000001,1879802934173,2048,1135
1762499127,0000008000000004,1879816734127,1214,1136
1762499157,0000004000000080,1880119337057,3795,1137
1762499167,0000000800000004,1880221309590,2842,1138
1762499173,0000000100000001,1880281673054,4421,1139
1762499190,0000008000000080,1880449728784,4697,1140
1762499193,0000004000000080,1880479966215,2865,1141
1762499207,0000000100000001,1880619828810,4850,1142
1762499208,0000000400000002,1880629962083,4248,1143
1762499253,0000000100000004,1881083412090,2922,1144
1762499276,0000000100000004,1881310219498,4871,1145
1762499297,0000000100000001,1881521499706,2540,1146
1762499298,0000000400000008,1881526486421,2244,1147
1762499301,0000000100000004,1881557873323,360,1148
1762499303,0000000100000004,1881580327101,4212,1149
1762499315,0000004000000080,1881700260598,2180,1150
1762499318,0000000100000004,1881731813405,286,1151
1762499322,0000000400000002,1881770358911,3154,1152
1762499346,0000008000000004,1882010644220,4296,1153
1762499347,0000000400000080,1882019769755,3743,1154
1762499348,000000c000000080,1882029030893,3175,1155
1762499354,0000004000000001,1882092233520,4580,1156
1762499359,0000000400000001,1882135793459,1953,1157
1762499362,0000008000000080,1882166583295,5291,1158
1762499372,0000008000000088,1882264308958,4617,1159
1762499375,0000000800000008,1882294496814,2785,1160
1762499392,0000008000000080,1882466723936,2813,1161
1762499403,0000000400000008,1882581010351,1137,1162
1762499405,0000000400000001,1882599232525,5234,1163
1762499412,0000000100000001,1882669555746,1004,1164
1762499418,0000000800000001,1882724159748,2908,1165
1762499453,0000008000000001,1883082128887,2156,1166
1762499461,0000008000000080,1883160171091,2650,1167
1762499466,0000008000000080,1883207159651,5024,1168
1762499487,0000004000000004,1883423187134,2413,1169
1762499493,0000000400000002,1883478868982,4272,1170
1762499503,0000000100000004,1883574256573,3724,1171
1762499508,0000000800000008,1883633562056,162,1172
1762499517,000000040000000c,1883722271259,5199,1173
1762499529,0000000400000004,1883836120441,3550,1174
1762499531,0000000100000008,1883853927574,2470,1175
1762499531,0000000200000004,1883860289421,2094,1176
1762499538,0000004000000004,1883931778768,2980,1177
1762499569,0000000800000008,1884237567722,177,1178
1762499569,0000000800000008,1884238448326,5310,1179
1762499574,0000008000000080,1884287234452,2377,1180
1762499579,0000000800000002,1884339875699,4417,1181
1762499586,0000004000000004,1884407805218,325,1182
1762499589,0000008000000080,1884436855479,3774,1183
1762499595,0000000800000001,1884495922563,217,1184
1762499604,0000000400000001,1884589302173,4986,1185
1762499605,0000008000000008,1884600541653,4319,1186
1762499610,0000000800000001,1884652638388,1173,1187
1762499630,0000004000000002,1884849086411,4942,1188
1762499634,0000000400000004,1884893598682,2259,1189
1762499644,0000008000000004,1884991954803,1543,1190
1762499652,0000000100000001,1885064665890,2355,1191
1762499663,0000008000000008,1885180085701,611,1192
1762499674,0000000800000001,1885286094005,4629,1193
1762499684,0000008000000002,1885388967577,3631,1194
1762499690,000000c000000080,1885444426050,294,1195
1762499699,0000008000000008,1885541212099,4859,1196
1762499710,0000004000000001,1885650588167,3472,1197
1762499716,0000000100000004,1885705083748,197,1198
1762499721,0000000400000001,1885759552124,2111,1199
1762499736,000000c000000080,1885906337768,3673,1200
1762499738,0000008000000008,1885932791235,2079,1201
1762499744,0000004000000002,1885986044592,4079,1202
1762499750,0000004000000002,1886048447447,317,1203
1762499787,0000008000000004,1886422112281,3815,1204
1762499794,0000000800000001,1886487853550,5045,1205
1762499795,0000000900000001,1886498085212,4441,1206
1762499796,0000008000000004,1886505455314,3996,1207
1762499799,0000004000000080,1886539957544,1916,1208
1762499803,0000008000000080,1886580682024,4664,1209
1762499812,0000008000000004,1886672241201,4352,1210
1762499826,0000004000000001,1886811645735,1147,1211
1762499832,0000000400000004,1886873009174,2646,1212
1762499837,0000000100000001,1886921514455,4931,1213
1762499838,0000000100000001,1886926755153,4622,1214
1762499840,0000000100000003,1886953439791,3004,1215
1762499860,0000004000000001,1887152279958,1437,1216
1762499866,0000000100000008,1887212899810,2975,1217
1762499891,0000008000000002,1887454993826,4011,1218
1762499893,0000008000000080,1887478458063,2583,1219
1762499894,0000000100000004,1887492153851,1770,1220
1762499901,0000004000000080,1887560059665,2869,1221
1762499904,0000001400000080,1887593600426,856,1222
1762499905,0000008000000001,1887602389037,331,1223
1762499916,0000000100000002,1887707609685,4398,1224
1762499919,0000000400000004,1887736373110,2650,1225
1762499920,0000000800000080,1887746218635,2066,1226
1762499923,0000000100000004,1887782355918,5084,1227
1762499925,0000008000000002,1887800170401,4024,1228
1762499925,0000008000000004,1887802914819,3857,1229
1762499950,0000008000000080,1888050354725,4554,1230
1762499953,0000000100000001,1888083388072,2551,1231
1762499956,0000000400000002,1888109610887,978,1232
1762499957,0000004000000080,1888114983778,658,1233
1762499979,0000000100000008,1888334298860,3041,1234
1762499993,0000004000000004,1888478898491,4744,1235
1762500005,0000000100000001,1888595527866,2907,1236
1762500015,0000008000000001,1888696193152,2053,1237
1762500019,0000008000000008,1888737608394,4761,1238
1762500026,0000000200000008,1888809752900,419,1239
1762500050,0000008000000008,1889053070395,1361,1240
1762500064,0000008000000004,1889185150291,3811,1241
1762500078,0000004000000004,1889331692442,184,1242
1762500099,0000000100000004,1889537944326,3356,1243
1762500100,000000080000000a,1889545971201,2867,1244
1762500105,0000000100000001,1889595620232,5080,1245
1762500144,0000008000000080,1889988236013,2237,1246
1762500161,0000000400000004,1890161188871,2221,1247
1762500180,0000000800000001,1890345520519,1526,1248
1762500194,0000000800000008,1890491169755,3147,1249
1762500211,0000000400000080,1890660784790,3333,1250
1762500213,0000008000000080,1890681904329,2065,1251
1762500228,0000000100000004,1890832219528,3410,1252
1762500230,0000008000000004,1890846927414,2520,1253
1762500231,0000000400000001,1890857687189,1882,1254
1762500241,0000008000000002,1890956576785,1119,1255
1762500241,0000000100000004,1890960459462,887,1256
1762500246,0000000100000080,1891012185952,2966,1257
1762500251,0000004000000008,1891054501224,429,1258
1762500252,0000008000000004,1891071900352,4583,1259
1762500261,0000000800000004,1891158665491,4557,1260
1762500273,0000000800000004,1891276012837,2676,1261
1762500307,0000008000000008,1891613628165,3146,1262
1762500329,0000004000000004,1891840009750,5113,1263
1762500330,0000008000000004,1891844738749,4835,1264
1762500343,0000008000000004,1891975655006,2147,1265
1762500373,0000004000000008,1892280245150,4609,1266
1762500393,0000000100000008,1892480902649,2912,1267
1762500396,0000004000000001,1892508705205,1243,1268
1762500401,0000000800000080,1892562713165,3187,1269
1762500406,0000008000000080,1892610873240,297,1270
1762500420,0000000800000004,1892744865868,2613,1271
1762500424,0000004000000080,1892787596557,5241,1272
1762500428,0000000800000008,1892825992836,2930,1273
1762500454,0000000400000002,1893086297299,2851,1274
1762500472,0000000600000003,1893267871874,2323,1275
1762500495,0000000100000001,1893495708971,4211,1276
1762500495,0000008000000001,1893500413353,3927,1277
1762500505,0000008000000002,1893596036142,3358,1278
1762500543,0000000100000080,1893980618776,997,1279
1762500545,0000000400000001,1894002337543,4892,1280
1762500552,000000c000000080,1894064265195,1160,1281
1762500569,0000008000000001,1894238790260,1049,1282
1762500579,0000000400000008,1894337922968,286,1283
1762500583,0000000800000080,1894382202835,2801,1284
1762500592,0000000100000002,1894471433622,2632,1285
1762500593,0000000100000001,1894475163177,2411,1286
1762500597,0000004000000001,1894522332261,4778,1287
1762500604,0000008000000080,1894587584629,844,1288
1762500606,0000000900000001,1894612715617,4537,1289
1762500609,0000008000000080,1894638636878,2963,1290
1762500613,0000004000000080,1894676726287,678,1291
1762500624,0000000c00000001,1894789706262,4280,1292
1762500628,0000000800000001,1894832574128,1695,1293
1762500642,0000004000000002,1894970260575,3804,1294
1762500642,0000004000000001,1894970318071,3800,1295
1762500649,0000000100000001,1895034265854,5139,1296
1762500649,0000000400000002,1895041847136,4691,1297
1762500663,0000000100000001,1895182202788,1436,1298
1762500667,0000000300000001,1895218675359,4445,1299
1762500670,0000008000000080,1895250439065,2517,1300
1762500671,0000000100000080,1895261242212,1879,1301
1762500686,0000000400000004,1895412518986,3159,1302
1762500687,0000008000000080,1895420066274,2702,1303
1762500697,0000000800000001,1895517239915,2058,1304
1762500706,0000004000000001,1895607190695,1845,1305
1762500709,0000000100000004,1895634343570,208,1306
1762500727,0000008000000008,1895822215671,4497,1307
1762500740,0000008000000004,1895952583034,1843,1308
1762500750,0000000400000008,1896045050416,1471,1309
1762500751,0000000100000003,1896060745345,528,1310
1762500756,0000008000000080,1896105813661,3003,1311
1762500758,0000004000000008,1896127851186,1689,1312
1762500766,0000008000000081,1896210073160,1936,1313
1762500767,0000008000000004,1896213804626,1712,1314
1762500777,0000000100000001,1896320305991,496,1315
1762500797,0000000100000080,1896515466255,4347,1316
1762500798,0000000400000008,1896526974877,3648,1317
1762500799,0000000400000008,1896540039332,2851,1318
1762500808,0000008000000080,1896623517990,3025,1319
1762500828,0000000800000004,1896827518145,1143,1320
1762500838,0000000400000004,1896930337963,162,1321
1762500840,0000000400000002,1896944068498,4533,1322
1762500842,0000004000000080,1896967870116,3087,1323
1762500847,0000004000000008,1897014379276,296,1324
1762500849,0000004000000004,1897038357883,4054,1325
1762500868,0000000400000004,1897223579526,3290,1326
1762500877,0000008000000080,1897316762763,2874,1327
1762500879,0000008000000080,1897335273600,1770,1328
1762500893,0000008000000080,1897475122785,3748,1329
1762500895,0000000400000001,1897498163442,2352,1330
1762500909,0000000400000080,1897638168646,4331,1331
1762500912,0000000800000004,1897668985702,2463,1332
1762500926,0000000200000004,1897806422614,4596,1333
1762500932,0000008000000080,1897866038280,999,1334
1762500948,0000000400000080,1898029456226,1562,1335
1762500948,0000000800000001,1898029496595,1558,1336
1762500966,0000000800000080,1898212675678,925,1337
1762500973,0000008000000008,1898280092463,2066,1338
1762500977,0000000800000001,1898321373339,4781,1339
1762500978,0000008000000004,1898328682997,4345,1340
1762500978,0000004000000001,1898332071108,4141,1341
1762501003,0000000100000001,1898582507691,4656,1342
1762501004,0000004000000008,1898587857997,4338,1343
1762501017,0000000800000002,1898714594199,1902,1344
1762501020,0000000400000008,1898750935373,4909,1345
1762501038,0000000100000080,1898924472432,4857,1346
1762501073,0000008000000001,1899273580371,4637,1347
1762501085,0000000400000002,1899397484006,2366,1348
1762501088,0000000400000008,1899430631349,378,1349
1762501097,0000004000000080,1899520105833,191,1350
1762501102,0000008000000080,1899567877779,2503,1351
1762501107,0000004000000080,1899615986215,4813,1352
1762501118,0000000200000004,1899724677714,3464,1353
1762501120,0000008000000080,1899750473084,1915,1354
1762501122,0000008000000080,1899771838567,628,1355
1762501141,0000000100000003,1899954639907,5209,1356
1762501146,0000000800000001,1900006109292,2116,1357
1762501147,0000000400000001,1900021788241,1170,1358
1762501151,0000008000000080,1900061562806,3982,1359
1762501167,0000000400000002,1900217207327,5001,1360
1762501174,0000000400000001,1900291964706,504,1361
1762501177,0000004000000080,1900323080198,3825,1362
1762501210,0000000400000004,1900649110326,4989,1363
1762501215,0000000400000004,1900703332654,1729,1364
1762501219,0000000100000008,1900736259533,4941,1365
1762501221,0000004000000080,1900759582580,3539,1366
1762501234,0000008000000004,1900891076018,818,1367
1762501236,0000000100000001,1900911944928,4765,1368
1762501260,0000000100000001,1901151392996,742,1369
1762501265,0000000800000001,1901199297017,3051,1370
1762501269,0000000100000001,1901241681116,506,1371
1762501276,0000008000000008,1901306864242,1784,1372
1762501301,0000000100000002,1901557176158,2301,1373
1762501308,0000004000000004,1901632353846,2968,1374
1762501316,0000004000000008,1901705756228,3759,1375
1762501322,0000000100000001,1901768873839,5148,1376
1762501331,0000000800000003,1901857009507,5041,1377
1762501335,0000000400000004,1901898279868,2554,1378
1762501338,0000004000000002,1901929398698,687,1379
1762501339,0000000100000008,1901943223629,5050,1380
1762501343,0000000100000001,1901980184035,2820,1381
1762501367,0000000400000008,1902217984270,4113,1382
1762501380,0000000100000001,1902344917938,1666,1383
1762501400,0000008000000080,1902547000662,5087,1384
1762501403,0000000100000002,1902579767606,3112,1385
1762501418,0000000400000004,1902731144020,4409,1386
1762501449,0000000400000002,1903035290336,1689,1387
1762501465,0000004000000002,1903194826361,2470,1388
1762501478,0000004000000004,1903327673856,4876,1389
1762501487,0000008000000004,1903422600323,4366,1390
1762501502,0000000100000004,1903572859564,512,1391
1762501505,0000000400000001,1903599694059,4101,1392
1762501543,0000000800000008,1903976953649,2171,1393
1762501544,0000000800000001,1903993018251,1204,1394
1762501560,0000000c00000008,1904145740231,2401,1395
1762501563,0000000100000004,1904181281149,272,1396
1762501563,0000000400000002,1904182617757,192,1397
1762501574,0000000100000002,1904283433800,4521,1398
1762501641,0000000400000004,1904961154081,5291,1399
1762501646,0000004000000080,1905004000697,2711,1400
1762501653,0000000800000002,1905080671833,3298,1401
1762501654,0000000100000001,1905084314720,3075,1402
1762501656,0000008000000002,1905108364112,1638,1403
1762501661,000000c000000080,1905161770946,3618,1404
1762501680,0000000100000001,1905349681206,2693,1405
1762501695,0000000100000080,1905495156703,4346,1406
1762501741,0000000400000002,1905961604880,2246,1407
1762501744,0000000100000008,1905992214429,407,1408
1762501754,0000000400000002,1906087583428,5056,1409
1762501758,0000008000000002,1906132304018,2362,1410
1762501767,0000000800000004,1906214747848,2596,1411
1762501771,0000004000000002,1906260222524,5058,1412
1762501771,0000000800000004,1906262673703,4914,1413
1762501793,0000000400000001,1906473352759,2619,1414
1762501797,0000004000000080,1906521625087,4919,1415
1762501803,0000008000000004,1906577037428,1586,1416
1762501811,0000000800000002,1906654467199,2121,1417
1762501815,0000000400000001,1906697684513,4720,1418
1762501817,0000004000000001,1906713840426,3749,1419
1762501824,0000008000000001,1906786129461,4596,1420
1762501843,0000000100000004,1906977547951,3462,1421
1762501858,0000004000000002,1907132091066,4561,1422
1762501885,0000004000000002,1907393327231,4429,1423
1762501887,0000000200000004,1907419689377,2826,1424
1762501889,0000000100000008,1907434939665,1921,1425
1762501895,0000000100000004,1907502108005,3064,1426
1762501936,0000000400000004,1907912186756,4381,1427
1762501946,0000004000000001,1908007884851,3816,1428
1762501970,0000000100000001,1908246111501,5060,1429
1762501973,0000000100000080,1908278907100,3082,1430
1762501975,0000004000000008,1908300880163,1770,1431
1762501979,0000000800000002,1908340767805,4569,1432
1762501989,0000008000000080,1908438792413,3865,1433
1762501997,0000008000000002,1908520319861,4157,1434
1762502014,0000000100000001,1908688003753,4458,1435
1762502025,000000010000000a,1908799735049,2914,1436
1762502041,0000008000000004,1908956467060,3889,1437
1762502052,0000000300000001,1909068018233,2360,1438
1762502059,0000000100000001,1909141805029,3115,1439
1762502068,0000000100000004,1909228023936,3122,1440
1762502069,0000008000000080,1909242252217,2269,1441
1762502077,0000000400000001,1909317990273,2902,1442
1762502087,0000000400000002,1909421877051,1859,1443
1762502096,0000008000000080,1909504652174,2070,1444
1762502099,0000000800000080,1909535697580,203,1445
1762502105,0000000100000001,1909595023983,1831,1446
1762502117,0000000100000001,1909720074830,4700,1447
1762502133,0000008000000080,1909881729870,164,1448
1762502164,0000008800000004,1910192132500,2264,1449
1762502185,0000008000000004,1910395664086,412,1450
1762502189,0000004000000002,1910442321249,2789,1451
1762502197,0000004000000001,1910516521976,3529,1452
1762502203,0000000100000001,1910578655189,4984,1453
1762502220,0000000500000001,1910751569359,1752,1454
1762502225,0000000800000008,1910797014803,2235,1455
1762502256,0000000c00000002,1911104787780,4506,1456
1762502258,0000000400000008,1911124579468,3305,1457
1762502267,0000008000000080,1911218259735,2859,1458
1762502287,0000008000000001,1911421791975,1006,1459
1762502305,0000000100000008,1911601443220,592,1460
1762502307,0000000400000002,1911618174986,4784,1461
1762502347,0000008000000080,1912016401423,1601,1462
1762502354,0000000100000001,1912085117101,2652,1463
1762502355,0000000400000002,1912098992989,1831,1464
1762502358,0000004000000008,1912131957920,5036,1465
1762502401,0000008000000080,1912561128871,5187,1466
1762502409,0000000100000004,1912634185616,793,1467
1762502411,0000000800000001,1912657493504,4594,1468
1762502446,0000004000000004,1913009413933,4203,1469
1762502448,0000000100000001,1913029713553,2964,1470
1762502449,0000008000000080,1913037786433,2480,1471
1762502463,0000004000000002,1913176571094,4534,1472
1762502471,0000000400000004,1913255286105,4985,1473
1762502501,0000000400000002,1913556829166,2423,1474
1762502506,0000004000000008,1913605852000,4678,1475
1762502513,0000008000000080,1913681157643,5331,1476
1762502519,0000000100000001,1913741010980,1739,1477
1762502524,0000004000000001,1913787090592,4167,1478
1762502531,0000008000000080,1913861912125,4855,1479
1762502535,0000000100000003,1913897282376,2716,1480
1762502569,0000000100000001,1914239253303,2920,1481
1762502571,0000000400000004,1914258556373,1771,1482
1762502573,0000000400000004,1914279290389,520,1483
1762502583,0000000100000008,1914374706322,5166,1484
1762502618,0000000100000001,1914725146887,4866,1485
1762502625,0000000100000001,1914800128235,354,1486
1762502647,0000008000000008,1915018109784,2814,1487
1762502657,0000008000000080,1915119055791,1947,1488
1762502667,0000008000000002,1915220957600,1004,1489
1762502669,0000000100000008,1915238102721,5167,1490
1762502674,0000000400000080,1915285134910,2337,1491
1762502678,0000008000000080,1915327663413,4977,1492
1762502695,0000004000000080,1915498443993,5089,1493
1762502706,0000000400000080,1915608080071,3694,1494
1762502708,0000000500000001,1915625186841,2654,1495
1762502712,0000008000000080,1915664980689,269,1496
1762502726,0000000400000001,1915806063180,2168,1497
1762502728,0000008000000081,1915832024639,606,1498
1762502730,0000004000000008,1915850289447,4708,1499
1762502740,0000008400000080,1915951863638,3792,1500
1762502756,0000004000000080,1916106193118,4892,1501
1762502770,0000000100000080,1916244829949,1747,1502
1762502780,0000000400000080,1916351781736,505,1503
1762502781,0000000400000008,1916353290633,416,1504
1762502787,0000000800000004,1916413468279,1990,1505
1762502794,0000000800000008,1916490302229,2554,1506
1762502796,0000000800000080,1916503299608,1781,1507
1762502808,0000008000000080,1916626741536,4746,1508
1762502819,0000004000000008,1916734083111,3477,1509
1762502850,0000004000000080,1917045457753,330,1510
1762502885,0000000100000001,1917395432642,5241,1511
1762502888,0000000400000004,1917432888268,2986,1512
1762502889,0000000100000080,1917434711016,2875,1513
1762502890,0000000100000001,1917452686063,1805,1514
1762502892,0000000800000001,1917469965520,761,1515
1762502921,0000000800000002,1917760585481,4065,1516
1762502925,0000004000000080,1917796607491,1893,1517
1762502928,000000c000000080,1917825606756,5334,1518
1762502937,0000000100000001,1917920273465,4841,1519
1762502941,0000000800000002,1917961750774,2338,1520
1762502960,0000000100000001,1918144695179,1728,1521
1762502975,0000000100000004,1918295004990,3065,1522
1762503000,0000000800000008,1918547140614,3487,1523
1762503006,0000000800000002,1918612514813,4754,1524
1762503040,0000000100000001,1918943495256,421,1525
1762503040,0000004000000008,1918945913292,277,1526
1762503052,0000000800000008,1919064580006,3525,1527
1762503075,0000008000000080,1919300781603,4900,1528
1762503096,000000c000000080,1919509527901,2720,1529
1762503114,0000000400000002,1919692604447,2102,1530
1762503115,0000000500000001,1919702462462,1510,1531
1762503119,0000000100000080,1919739352150,4491,1532
1762503136,0000008000000080,1919910134290,4605,1533
1762503142,0000008000000001,1919963252999,1403,1534
1762503144,0000000100000001,1919989661434,5008,1535
1762503148,0000000100000001,1920031359749,2493,1536
1762503161,0000000400000080,1920158224695,5252,1537
1762503169,0000008000000080,1920237734991,474,1538
1762503195,000000c000000080,1920502546358,5315,1539
1762503201,0000008000000004,1920554483902,2195,1540
1762503213,0000008000000004,1920679402647,5067,1541
1762503223,0000004000000004,1920777430799,4376,1542
1762503238,0000000400000080,1920925286297,666,1543
1762503239,0000000400000080,1920937523921,5122,1544
1762503258,0000000100000001,1921128191833,4052,1545
1762503269,0000000400000008,1921238571194,2589,1546
1762503277,0000000100000003,1921318950639,2948,1547
1762503285,0000000100000001,1921401708902,3165,1548
1762503291,0000000100000001,1921459981037,4862,1549
1762503309,0000004000000008,1921638970453,4489,1550
1762503346,0000000800000008,1922011544477,2836,1551
1762503352,0000000800000004,1922071461655,4443,1552
1762503370,0000000100000001,1922248388254,4189,1553
1762503387,0000000100000001,1922418253340,4358,1554
1762503400,0000000100000004,1922542865320,2049,1555
1762503404,0000008000000080,1922583187733,4819,1556
1762503408,0000008000000002,1922630720919,1959,1557
1762503411,0000000800000004,1922657732752,333,1558
1762503417,0000008000000008,1922718132244,1889,1559
1762503418,0000000100000001,1922729037844,1232,1560
1762503423,0000004000000001,1922774926893,3673,1561
1762503426,0000000400000003,1922802934157,1987,1562
1762503433,0000000100000001,1922878821293,2606,1563
1762503438,0000000400000080,1922924829203,5039,1564
1762503450,0000000800000008,1923050103711,2690,1565
1762503454,0000000800000080,1923084140153,649,1566
1762503466,0000004000000002,1923205505098,3742,1567
1762503468,0000000800000008,1923223197119,2665,1568
1762503477,0000000400000001,1923316416152,2256,1569
1762503485,0000004000000080,1923398923602,2486,1570
1762503487,0000008000000080,1923413733429,1600,1571
1762503489,0000008000000001,1923434795663,334,1572
1762503490,0000008000000080,1923450586518,4586,1573
1762503508,0000000200000001,1923625509498,4451,1574
1762503518,0000000400000004,1923727331677,3512,1575
1762503528,0000008000000008,1923831699949,2422,1576
1762503548,0000000100000004,1924032083850,758,1577
1762503564,0000008000000004,1924191221098,1577,1578
1762503572,0000000800000002,1924268964632,2094,1579
1762503580,000000c000000080,1924352044936,2286,1580
1762503587,000000c000000080,1924421332952,3312,1581
1762503600,0000000400000008,1924543672995,1145,1582
1762503628,0000000100000080,1924826682268,4903,1583
1762503630,0000000100000003,1924846392646,3720,1584
1762503641,0000000800000004,1924957722654,2210,1585
1762503654,0000000100000001,1925089340593,4690,1586
1762503655,0000008000000008,1925096602132,4255,1587
1762503665,0000000400000002,1925197891348,3345,1588
1762503665,0000000100000001,1925199978325,3217,1589
1762503680,0000000100000001,1925346425707,4804,1590
1762503697,0000004000000001,1925513506496,5134,1591
1762503705,0000008000000080,1925598388373,5221,1592
1762503709,0000000400000008,1925634943991,3018,1593
1762503712,000000040000000d,1925667084782,1087,1594
1762503724,0000000400000002,1925786676473,4296,1595
1762503731,0000000100000003,1925853103923,292,1596
1762503732,0000008000000008,1925870223466,4464,1597
1762503739,0000000100000004,1925932959030,679,1598
1762503767,0000008000000008,1926220878297,4147,1599
1762503778,0000008000000080,1926332420073,2615,1600
1762503788,0000008000000080,1926432586063,1795,1601
1762503799,0000000800000008,1926539811226,534,1602
1762503807,0000000100000002,1926616506913,1109,1603
1762503807,0000008000000002,1926619398837,937,1604
1762503839,0000000200000001,1926936454131,2637,1605
1762503849,0000000800000001,1927036147430,1846,1606
1762503857,0000000100000080,1927122240362,1860,1607
1762503861,0000000800000001,1927159259515,4825,1608
1762503863,0000008000000080,1927179651280,3598,1609
1762503864,0000000800000002,1927190938308,2908,1610
1762503867,0000000100000004,1927215819535,1420,1611
1762503867,0000008000000001,1927222168956,1033,1612
1762503871,0000004000000001,1927256692648,4165,1613
1762503875,0000000400000002,1927293291636,1959,1614
1762503895,0000000400000008,1927501872347,4989,1615
1762503897,0000000100000001,1927519852637,3915,1616
1762503907,0000008000000080,1927615477233,3347,1617
1762503907,0000000400000008,1927622332030,2929,1618
1762503909,0000000100000002,1927634204265,2219,1619
1762503910,0000000400000004,1927645035361,1572,1620
1762503915,0000000100000004,1927700163094,3448,1621
1762503939,0000000100000008,1927937293220,4770,1622
1762503949,0000008000000080,1928041515682,3695,1623
1762503952,0000008000000080,1928070052836,1978,1624
1762503970,0000008000000001,1928243445828,1934,1625
1762503977,0000004800000001,1928318795088,2585,1626
1762503978,0000004000000004,1928324275227,2260,1627
1762503989,0000000100000001,1928436821321,687,1628
1762504000,0000008000000080,1928548424443,4369,1629
1762504000,0000004000000001,1928552416398,4130,1630
1762504029,0000004000000002,1928834899670,2703,1631
1762504030,0000000400000008,1928844774960,2117,1632
1762504032,0000000100000001,1928872497443,450,1633
1762504048,0000000100000080,1929023330294,1767,1634
1762504048,0000000400000001,1929028486283,1453,1635
1762504057,0000000100000004,1929114221305,1490,1636
1762504058,0000000100000001,1929130165276,531,1637
1762504067,0000008800000001,1929215574306,587,1638
1762504068,0000008000000080,1929230516617,4883,1639
1762504069,0000000800000002,1929242574517,4166,1640
1762504075,0000000800000008,1929299762309,715,1641
1762504085,0000008000000008,1929398427539,5166,1642
1762504105,0000004000000001,1929599180165,3481,1643
1762504106,0000000100000007,1929604911391,3132,1644
1762504111,0000000100000002,1929658313991,5116,1645
1762504130,000000010000000a,1929848116896,4097,1646
1762504172,0000000400000008,1930272169693,4556,1647
1762504187,0000000100000001,1930419731452,863,1648
1762504200,0000000600000004,1930548335390,3519,1649
1762504219,0000000800000004,1930738056380,2488,1650
1762504226,0000000c00000080,1930804491978,3695,1651
1762504227,0000004000000080,1930820030060,2749,1652
1762504234,0000000400000080,1930888057326,3866,1653
1762504235,0000000100000003,1930901096865,3067,1654
1762504240,0000000100000001,1930943195868,541,1655
1762504249,0000000400000002,1931041047964,5042,1656
1762504250,0000004000000008,1931043127116,4920,1657
1762504250,0000000300000001,1931043507316,4898,1658
1762504250,0000000800000008,1931046216238,4739,1659
1762504271,0000004000000001,1931255528752,2523,1660
1762504282,0000004000000080,1931370500650,804,1661
1762504285,0000000100000008,1931394282371,4578,1662
1762504290,0000004000000002,1931444935587,1524,1663
1762504326,0000000100000001,1931808998475,400,1664
1762504332,0000000100000080,1931866275611,2147,1665
1762504349,0000000800000080,1932038082519,2199,1666
1762504365,0000000100000008,1932195828509,3093,1667
1762504367,0000004000000001,1932220529770,1615,1668
1762504386,0000008800000080,1932406485865,812,1669
1762504401,0000000400000004,1932556563940,2174,1670
1762504408,0000000100000008,1932627859452,3075,1671
1762504417,0000008400000080,1932713187834,3136,1672
1762504421,0000000100000004,1932761822854,217,1673
1762504428,0000004000000002,1932828680878,1387,1674
1762504430,0000000100000004,1932848449240,201,1675
1762504439,0000008000000080,1932942492013,4931,1676
1762504453,0000000800000002,1933073263007,2255,1677
1762504459,0000000800000001,1933138702712,3515,1678
1762504484,0000008000000002,1933383977508,4351,1679
1762504516,0000004000000001,1933709538611,340,1680
1762504517,0000000400000080,1933713853191,5270,1681
1762504539,0000000100000001,1933940881307,2008,1682
1762504541,0000000100000002,1933953369419,1252,1683
1762504564,000000c000000080,1934190193518,2583,1684
1762504600,0000000400000001,1934549494558,1757,1685
1762504614,000000080000008b,1934690438664,3665,1686
1762504616,0000000800000080,1934704589268,2802,1687
1762504616,0000000400000004,1934712184670,2349,1688
1762504617,0000008000000008,1934720926103,1832,1689
1762504628,0000000400000004,1934829991899,462,1690
1762504640,0000008000000080,1934948993761,3693,1691
1762504657,0000000800000008,1935114025485,4160,1692
1762504658,0000000200000001,1935124222481,3538,1693
1762504672,0000000400000001,1935266563805,170,1694
1762504679,0000008000000008,1935333442098,1339,1695
1762504680,0000000100000002,1935348884619,412,1696
1762504684,0000000400000002,1935392049908,3001,1697
1762504698,0000000400000004,1935522625955,349,1698
1762504705,0000004000000001,1935601734181,779,1699
1762504709,0000000400000080,1935636002521,3921,1700
1762504709,0000004000000002,1935639942172,3682,1701
1762504738,0000004000000080,1935928378373,1914,1702
1762504746,0000000400000004,1936010732236,2149,1703
1762504755,0000000100000004,1936099241006,2022,1704
1762504765,0000000100000080,1936201079021,1082,1705
1762504782,0000008000000008,1936366593511,1519,1706
1762504784,0000008000000080,1936391453711,5213,1707
1762504798,0000008000000080,1936528896944,2142,1708
1762504798,0000000100000008,1936531087484,2013,1709
1762504804,0000008000000008,1936582505575,4122,1710
1762504805,0000008000000002,1936601767757,2947,1711
1762504806,0000000100000001,1936611082358,2390,1712
1762504814,0000000800000080,1936683624709,3220,1713
1762504825,0000004400000008,1936794031484,1780,1714
1762504846,000000c000000008,1937010178827,4365,1715
1762504850,0000008000000080,1937047137126,2132,1716
1762504850,0000000100000001,1937049240172,2008,1717
1762504862,0000004000000008,1937169829664,5136,1718
1762504871,0000000400000002,1937256605295,5111,1719
1762504889,0000004000000001,1937438062148,4593,1720
1762504893,0000000400000003,1937478428239,2157,1721
1762504923,0000008000000004,1937777379136,4951,1722
1762504928,0000000100000003,1937823228515,2190,1723
1762504934,000000800000000c,1937882856048,3805,1724
1762504941,0000004000000080,1937959239414,4407,1725
1762504943,0000000400000080,1937975910206,3395,1726
1762504949,0000000800000008,1938041196704,4668,1727
1762504952,0000000100000002,1938067948617,3047,1728
1762504954,0000000800000004,1938082475340,2178,1729
1762504972,0000008000000002,1938272037696,1159,1730
1762504973,0000008000000008,1938277341541,843,1731
1762504983,0000008000000080,1938380891468,5003,1732
1762504984,0000000800000002,1938386154746,4693,1733
1762504995,0000000800000080,1938497369614,3187,1734
1762504996,0000000100000001,1938509805946,2438,1735
1762505012,0000000800000008,1938662627150,3640,1736
1762505012,0000004000000080,1938665669110,3454,1737
1762505023,0000004000000001,1938777592224,1921,1738
1762505025,0000000100000001,1938801475757,481,1739
1762505029,0000004000000001,1938838410543,3452,1740
1762505038,0000000800000001,1938928073130,3248,1741
1762505064,0000002200000010,1939190349466,3050,1742
1762505082,0000004000000002,1939371883269,2519,1743
1762505107,0000004000000002,1939617778950,3311,1744
1762505123,0000000300000001,1939777254390,4118,1745
1762505140,0000008000000002,1939944133448,4468,1746
1762505140,0000000100000001,1939946164135,4346,1747
1762505143,0000000100000001,1939972841106,2725,1748
1762505160,0000000100000001,1940149360054,2496,1749
1762505167,0000008000000008,1940213247417,3858,1750
1762505168,0000008000000080,1940225714764,3097,1751
1762505169,0000008000000001,1940234211311,2584,1752
1762505175,0000008000000002,1940295420746,4113,1753
1762505179,0000000400000088,1940339660779,1442,1754
1762505182,0000008000000001,1940362560295,5254,1755
1762505219,0000004000000001,1940736691331,3529,1756
1762505225,0000008000000080,1940794354613,5249,1757
1762505225,0000000800000080,1940795101823,5205,1758
1762505237,0000000400000001,1940913192477,3295,1759
1762505245,0000000800000008,1940996465798,3484,1760
1762505262,0000008000000001,1941172193913,3297,1761
1762505264,0000000400000002,1941187112016,2400,1762
1762505281,0000000800000008,1941357435536,2539,1763
1762505281,0000004000000080,1941358843201,2455,1764
1762505287,0000000400000002,1941415228882,4273,1765
1762505293,000000c000000080,1941481515161,277,1766
1762505318,0000000800000080,1941727140173,1077,1767
1762505320,0000000400000001,1941743554658,5285,1768
1762505323,0000000100000001,1941773282947,3500,1769
1762505364,0000000800000004,1942188509563,4500,1770
1762505384,0000000800000002,1942388772893,2825,1771
1762505402,0000008000000080,1942564089457,2667,1772
1762505406,0000000100000002,1942609154750,5155,1773
1762505409,0000008000000080,1942640420911,3273,1774
1762505412,0000008000000080,1942666122247,1735,1775
1762505418,0000000100000001,1942722693680,3523,1776
1762505425,0000000300000001,1942797006285,4256,1777
1762505432,0000000100000003,1942871352741,4968,1778
1762505435,0000000400000080,1942892474562,3702,1779
1762505436,0000000800000002,1942908647507,2715,1780
1762505436,0000000100000004,1942911222915,2563,1781
1762505462,0000000100000004,1943168805220,2651,1782
1762505480,0000004000000008,1943349898131,2150,1783
1762505488,0000000100000001,1943428503454,2608,1784
1762505505,0000000800000004,1943596455888,2892,1785
1762505521,0000008000000004,1943759852234,3459,1786
1762505540,0000004000000004,1943948887925,2472,1787
1762505551,0000004000000004,1944056113693,1217,1788
1762505554,0000000100000001,1944086669267,4584,1789
1762505566,0000000800000080,1944204800312,2656,1790
1762505597,0000008000000080,1944512767705,4916,1791
1762505600,0000000800000006,1944548739887,2741,1792
1762505630,0000000400000008,1944846866241,400,1793
1762505630,0000000100000002,1944850472002,183,1794
1762505636,0000008000000004,1944910315846,1780,1795
1762505640,0000004000000004,1944945125430,4878,1796
1762505649,0000004000000004,1945037564127,4517,1797
1762505696,0000000800000008,1945510993488,2003,1798
1762505701,0000008000000080,1945552894367,4679,1799
1762505701,0000000100000002,1945556274230,4477,1800
1762505702,0000004000000001,1945564211806,4000,1801
1762505704,0000000100000003,1945585040474,2731,1802
1762505721,0000000300000001,1945756693172,2792,1803
1762505737,0000000400000080,1945916277578,3593,1804
1762505738,0000000100000001,1945926829193,2947,1805
1762505744,0000000100000088,1945991115685,4291,1806
1762505746,0000000400000008,1946006076019,3380,1807
1762505751,0000000100000004,1946060705695,5285,1808
1762505773,0000008000000002,1946278703333,2558,1809
1762505782,0000004000000080,1946368622772,2346,1810
1762505790,0000000100000005,1946447238789,2805,1811
1762505793,0000000100000001,1946477488380,989,1812
1762505831,0000000100000001,1946854085976,4320,1813
1762505846,0000000800000002,1947008396414,224,1814
1762505848,0000000800000001,1947027198678,4292,1815
1762505863,0000000800000008,1947172601823,730,1816
1762505872,0000000100000080,1947264521401,397,1817
1762505874,0000004000000002,1947286881460,4255,1818
1762505889,0000000800000001,1947440580985,195,1819
1762505898,0000004000000080,1947526938199,195,1820
1762505902,0000004000000008,1947569159674,2838,1821
1762505906,0000000400000008,1947609093213,445,1822
1762505923,0000000100000002,1947774352415,887,1823
1762505938,0000000100000001,1947926550320,2125,1824
1762505943,0000004000000001,1947972378447,4568,1825
1762505958,0000000100000002,1948124750350,588,1826
1762505959,000000c000000080,1948135640086,5125,1827
1762505988,0000000c00000008,1948427796580,3129,1828
1762505992,0000000100000001,1948470477777,567,1829
1762506033,0000000800000002,1948878512183,1996,1830
1762506037,0000000100000008,1948917981682,4816,1831
1762506060,0000000400000080,1949151411474,1153,1832
1762506070,0000000100000002,1949251316147,343,1833
1762506078,0000000100000080,1949325398291,1075,1834
1762506089,0000000100000004,1949439955010,4585,1835
1762506094,0000000100000002,1949490517367,1536,1836
1762506098,0000008000000002,1949524123737,4712,1837
1762506109,000000c000000080,1949639504652,2952,1838
1762506133,0000000800000001,1949880369711,4062,1839
1762506148,0000000800000001,1950025576244,512,1840
1762506158,0000000100000001,1950127068215,4800,1841
1762506179,0000000100000001,1950335297568,2650,1842
1762506184,0000000400000004,1950384796853,4875,1843
1762506226,0000000100000001,1950810142044,5253,1844
1762506231,0000004000000080,1950857808377,2386,1845
1762506245,0000008000000004,1950992842104,4660,1846
1762506265,0000000100000001,1951192866877,3002,1847
1762506274,0000008000000080,1951289969148,2359,1848
1762506278,0000004000000008,1951322276886,420,1849
1762506293,0000004000000001,1951476500128,1529,1850
1762506294,0000008000000080,1951491489222,628,1851
1762506297,0000000800000001,1951513162561,4526,1852
1762506332,0000008000000080,1951865129975,4130,1853
1762506362,0000004000000001,1952170700019,1320,1854
1762506378,0000000100000001,1952324812322,2434,1855
1762506386,0000000800000080,1952403429098,2896,1856
1762506399,0000004000000080,1952536434487,5287,1857
1762506413,0000008000000080,1952676116095,2084,1858
1762506426,0000000100000001,1952806531193,4632,1859
1762506426,0000000800000004,1952810013054,4424,1860
1762506432,0000008000000002,1952863601191,1187,1861
1762506442,0000004000000001,1952968997074,5237,1862
1762506444,0000000800000004,1952987385870,4143,1863
1762506469,0000000100000001,1953232315460,4982,1864
1762506481,0000008000000080,1953361918623,2376,1865
1762506488,0000000100000004,1953429389843,3516,1866
1762506490,0000000800000080,1953446551013,2478,1867
1762506500,0000004000000002,1953550758401,1408,1868
1762506502,0000008000000080,1953564913107,558,1869
1762506502,0000008000000080,1953571602904,162,1870
1762506503,0000000100000002,1953573931369,5205,1871
1762506523,0000008000000008,1953781398209,3110,1872
1762506525,0000008000000001,1953801854517,1890,1873
1762506547,0000000100000003,1954013990545,4712,1874
1762506582,0000008000000001,1954366196260,4305,1875
1762506584,0000000200000080,1954387489243,3014,1876
1762506587,0000000800000080,1954416277156,1281,1877
1762506602,0000000800000004,1954568027869,2535,1878
1762506627,0000000100000004,1954818785203,3032,1879
1762506636,0000008000000080,1954907898495,2864,1880
1762506659,0000008000000080,1955133643552,4878,1881
1762506677,0000000400000001,1955313887436,4430,1882
1762506702,0000000800000008,1955567852499,4731,1883
1762506709,0000000100000002,1955641179416,316,1884
1762506716,0000000400000008,1955711537963,1274,1885
1762506743,0000000400000008,1955977690582,844,1886
1762506747,0000000400000004,1956012866619,3935,1887
1762506762,0000008000000004,1956167207818,5028,1888
1762506767,0000008000000080,1956213609739,2236,1889
1762506771,0000000400000004,1956255698366,4902,1890
1762506775,000000c000000080,1956296700777,2429,1891
1762506790,0000008000000080,1956451387824,3518,1892
1762506809,0000000400000004,1956638602788,2635,1893
1762506816,0000000800000004,1956703674608,3929,1894
1762506820,0000008000000080,1956743908817,1503,1895
1762506842,0000004000000002,1956962971271,3913,1896
1762506845,0000008000000008,1956997623546,1827,1897
1762506858,0000000400000001,1957128331909,4356,1898
1762506864,0000000400000080,1957185324989,914,1899
1762506897,0000000100000001,1957515110033,1861,1900
1762506899,0000000100000080,1957533065848,773,1901
1762506903,0000008000000080,1957573068430,3565,1902
1762506922,0000000800000001,1957769501727,2136,1903
1762506929,0000000800000080,1957837482615,3235,1904
1762506932,0000004000000001,1957864183365,1636,1905
1762506935,0000004000000008,1957896370633,4895,1906
1762506993,0000000100000001,1958478654650,1023,1907
1762507014,0000000400000001,1958684516916,4236,1908
1762507059,0000008000000080,1959132876716,3220,1909
1762507059,0000000100000002,1959136498493,2998,1910
1762507065,0000008000000080,1959192306051,4848,1911
1762507068,0000000800000004,1959227500589,2719,1912
1762507070,0000004000000001,1959247480196,1526,1913
1762507085,0000008000000001,1959401050392,2668,1914
1762507090,0000000300000002,1959449425025,4960,1915
1762507097,0000004000000001,1959515187923,998,1916
1762507110,0000000800000080,1959650001752,3277,1917
1762507131,0000000800000004,1959855023368,1336,1918
1762507133,0000008000000080,1959871966638,319,1919
1762507138,0000000800000001,1959927429894,2174,1920
1762507139,0000004000000002,1959939175380,1469,1921
1762507154,0000000800000080,1960091447469,2688,1922
1762507158,0000000400000008,1960126222401,604,1923
1762507165,0000004000000080,1960196854002,1550,1924
1762507172,0000000100000001,1960270878148,2288,1925
1762507175,0000000100000001,1960293532914,924,1926
1762507190,0000000800000080,1960445641372,2165,1927
1762507195,0000008000000004,1960498102186,4213,1928
1762507232,0000000100000004,1960862581101,3048,1929
1762507247,0000004000000001,1961014945808,4286,1930
1762507254,0000000400000004,1961089711767,4975,1931
1762507262,0000000100000004,1961170661572,5295,1932
1762507267,0000000100000001,1961215234413,2610,1933
1762507281,0000000400000080,1961353901663,4670,1934
1762507298,0000000800000004,1961529821471,4478,1935
1762507319,0000000800000002,1961735445125,2482,1936
1762507322,0000008000000080,1961768845692,478,1937
1762507328,0000000800000002,1961823345854,2389,1938
1762507342,0000000100000001,1961962580330,4415,1939
1762507345,0000004000000080,1961992523790,2596,1940
1762507350,0000000800000002,1962049501665,4380,1941
1762507351,0000000100000001,1962053680588,4128,1942
1762507354,0000008000000080,1962085478426,2206,1943
1762507360,0000000100000080,1962149520209,3549,1944
1762507365,0000000200000080,1962197044116,690,1945
1762507389,0000000100000002,1962438188741,1771,1946
1762507418,0000000800000001,1962729000077,5046,1947
1762507422,0000000100000002,1962769916706,2578,1948
1762507425,0000000800000080,1962797413051,928,1949
1762507437,0000008000000080,1962916676496,4155,1950
1762507481,0000004000000001,1963352204487,3924,1951
1762507484,0000000100000080,1963391743014,1540,1952
1762507490,0000000100000080,1963445915798,3474,1953
1762507494,0000008000000001,1963482037285,1300,1954
1762507506,0000008000000080,1963605391962,4278,1955
1762507527,0000004000000004,1963821407246,1666,1956
1762507544,0000008000000080,1963982258883,2371,1957
1762507558,0000000100000008,1964129206301,3929,1958
1762507558,0000008000000008,1964131452077,3792,1959
1762507587,0000008000000008,1964412225158,2473,1960
1762507594,0000000400000004,1964488218810,3096,1961
1762507594,0000008000000080,1964488459281,3081,1962
1762507621,0000000100000001,1964757096284,2503,1963
1762507623,0000008000000004,1964774368771,1470,1964
1762507645,0000008000000080,1965001756847,3372,1965
1762507646,0000000800000080,1965004001308,3234,1966
1762507656,0000008000000008,1965103304426,2453,1967
1762507672,0000000800000008,1965271741718,2706,1968
1762507673,0000000200000001,1965275233831,2498,1969
1762507674,0000000800000001,1965283533453,2008,1970
1762507685,0000008000000080,1965398005293,315,1971
1762507690,0000004000000002,1965451674021,2277,1972
1762507694,0000000100000001,1965482132940,448,1973
1762507699,0000004000000008,1965531883589,2640,1974
1762507704,0000000400000001,1965583412719,4747,1975
1762507711,0000008000000080,1965651832861,626,1976
1762507711,0000000400000004,1965661377627,5243,1977
1762507720,0000000400000008,1965748591825,5191,1978
1762507728,0000008000000080,1965827488263,449,1979
1762507738,0000000400000008,1965925624409,4934,1980
1762507751,0000000800000001,1966059746543,2060,1981
1762507756,0000000800000002,1966106812483,4431,1982
1762507769,0000004800000080,1966240463145,1577,1983
1762507796,0000000100000002,1966502581276,1389,1984
1762507803,0000004000000004,1966574760728,2240,1985
1762507824,0000000100000002,1966788675525,4956,1986
1762507826,0000008000000004,1966809936226,3680,1987
1762507836,0000004000000002,1966911039888,2779,1988
1762507844,0000000100000008,1966986486623,3445,1989
1762507844,0000008000000080,1966988052291,3348,1990
1762507849,0000008000000080,1967033043684,643,1991
1762507883,000000c000000080,1967376678862,745,1992
1762507919,0000008000000080,1967739213129,4912,1993
1762507938,0000000800000080,1967924754352,4145,1994
1762507955,0000008000000004,1968092166293,4463,1995
1762507962,0000000800000004,1968164325681,5302,1996
1762507974,0000008000000080,1968289570807,2959,1997
1762507981,0000008000000004,1968357133354,4105,1998
1762507989,0000000400000001,1968439724624,4332,1999
1762507995,0000000800000080,1968496874448,881,2000
1762507996,0000008000000080,1968508197249,205,2001
1762508010,0000000800000001,1968645887211,2306,2002
1762508016,0000000100000008,1968705171349,3943,2003
1762508022,0000000100000005,1968767008221,219,2004
1762508034,0000000100000004,1968882402176,3666,2005
1762508037,0000000800000001,1968915603947,1669,2006
1762508042,0000000400000080,1968971133077,3520,2007
1762508053,0000008000000080,1969076418510,2375,2008
1762508071,0000000400000001,1969254625535,2051,2009
1762508090,0000008000000001,1969443624795,1061,2010
1762508113,0000008000000080,1969674602569,2745,2011
1762508122,0000000100000001,1969768677039,2287,2012
1762508125,0000008000000080,1969794068649,761,2013
1762508138,0000000100000004,1969925630834,3230,2014
1762508139,0000000800000080,1969935385612,2641,2015
1762508143,0000008000000080,1969981073134,5093,2016
1762508144,0000004000000003,1969990496763,4535,2017
1762508157,0000000100000001,1970114012181,2288,2018
1762508194,0000008000000002,1970485239270,734,2019
1762508194,0000000100000080,1970487116075,623,2020
1762508213,0000004000000008,1970681358941,4528,2021
1762508215,0000000300000080,1970700748649,3352,2022
1762508244,0000000800000080,1970986937515,1724,2023
1762508257,0000000800000004,1971116709244,4312,2024
1762508265,0000008000000002,1971196489553,4701,2025
1762508273,0000000800000008,1971278922929,4933,2026
1762508274,0000004000000008,1971283088021,4687,2027
1762508288,0000000500000001,1971426343478,1255,2028
1762508291,0000000100000001,1971458861239,4504,2029
1762508304,0000000100000002,1971590993097,1746,2030
1762508306,0000000100000001,1971608729357,673,2031
1762508327,0000000100000008,1971820338945,3526,2032
1762508340,0000004000000080,1971949612842,940,2033
1762508373,0000008000000004,1972273937820,2209,2034
1762508387,0000008000000008,1972413949124,4185,2035
1762508389,000000c000000080,1972433747594,2977,2036
1762508390,0000008000000004,1972450244570,1995,2037
1762508391,0000004000000001,1972459621326,1428,2038
1762508403,0000000800000008,1972580904308,4529,2039
1762508410,0000000400000080,1972648760516,440,2040
1762508427,0000000800000008,1972816741268,720,2041
1762508427,0000000400000006,1972820565353,492,2042
1762508433,0000008000000081,1972880574310,2078,2043
1762508458,0000004000000080,1973129830741,2657,2044
1762508473,0000008000000008,1973278879135,4095,2045
1762508483,0000000100000001,1973376685195,3395,2046
1762508493,0000004000000080,1973474518884,2697,2047
1762508502,0000000100000001,1973568677924,2234,0
1762508518,0000004000000008,1973728655779,2991,1
1762508523,0000000400000002,1973773284875,316,2
1762508531,0000000800000001,1973860469049,265,3
1762508540,0000000400000002,1973946826476,265,4
1762508545,0000008000000080,1973994639389,2574,5
1762508545,0000000800000002,1974000446222,2231,6
1762508549,0000004000000008,1974041118306,4980,7
1762508554,0000004000000008,1974082511493,2483,8
1762508555,0000000100000008,1974100719549,1394,9
1762508562,0000000100000002,1974163323036,2814,10
1762508563,0000004000000002,1974180353313,1802,11
1762508566,0000008000000080,1974201715170,514,12
1762508567,0000004800000080,1974212470442,5059,13
1762508591,000000c000000080,1974458089675,672,14
1762508592,0000000100000008,1974467519553,5294,15
1762508604,0000008000000002,1974587004813,3301,16
1762508606,0000000100000001,1974606261947,2149,17
1762508614,0000000100000007,1974685597325,2561,18
1762508614,0000000800000001,1974689772827,2317,19
1762508618,0000000100000080,1974723553877,287,20
1762508620,0000000100000080,1974742437155,4352,21
1762508623,0000000400000001,1974780205454,2074,22
1762508630,0000000100000003,1974847333667,3223,23
1762508639,0000004000000080,1974940182383,2829,24
1762508641,0000000800000080,1974953689743,2026,25
1762508643,0000000100000008,1974976536807,649,26
1762508669,0000000100000001,1975235229486,668,27
1762508691,0000008000000080,1975455451158,2996,28
1762508702,0000000800000008,1975563765398,1686,29
1762508707,0000008000000002,1975615958108,3741,30
1762508711,0000000800000080,1975659175751,1132,31
1762508713,0000000100000004,1975673995785,248,32
1762508716,0000000100000002,1975709302874,3313,33
1762508718,0000000100000001,1975727784784,2202,34
1762508749,0000000100000001,1976040534185,4176,35
1762508750,0000000100000003,1976049425359,3634,36
1762508752,0000000100000004,1976063839145,2757,37
1762508760,0000008000000080,1976148076626,2883,38
1762508775,0000008000000080,1976294984104,4451,39
1762508826,0000004000000001,1976803246791,5031,40
1762508834,0000000100000001,1976890004088,5007,41
1762508869,0000004000000002,1977231852035,5215,42
1762508888,0000000100000001,1977427315415,3854,43
1762508900,0000000800000080,1977545337380,1946,44
1762508905,0000000100000008,1977592844335,4288,45
1762508934,0000000400000020,1977884656521,2303,46
1762508937,0000000400000004,1977913302159,585,47
1762508941,0000000100000002,1977954649620,3286,48
1762508979,0000000400000008,1978340310189,864,49
1762508999,0000000100000008,1978534936678,4747,50
1762509007,0000000100000001,1978614396642,5153,51
1762509016,0000000100000001,1978709737007,4621,52
1762509019,0000000800000080,1978732165350,3261,53
1762509037,0000000100000001,1978912197559,2815,54
1762509041,0000008000000080,1978956751737,5332,55
1762509085,0000000100000002,1979393343741,5044,56
1762509089,0000000800000002,1979437967641,2357,57
1762509092,0000000100000004,1979469453930,467,58
1762509093,0000000800000004,1979474790335,5334,59
1762509094,0000000800000001,1979481800802,4919,60
1762509099,0000004000000002,1979533298688,1823,61
1762509101,0000008000000080,1979559134492,267,62
1762509114,0000000100000001,1979686551017,2980,63
1762509122,0000000100000005,1979770414929,3130,64
1762509123,0000000800000002,1979778066646,2668,65
1762509143,0000004000000002,1979974127149,1269,66
1762509154,0000000800000008,1980083986542,5049,67
1762509157,0000004000000080,1980116408105,3092,68
1762509157,0000000100000001,1980118450298,2970,69
1762509177,0000008000000002,1980319776932,1252,70
1762509185,0000000800000008,1980391809302,2116,71
1762509189,0000000300000001,1980437742340,4554,72
1762509190,0000000800000080,1980447856697,3945,73
1762509231,0000000100000001,1980859611942,5135,74
1762509241,0000000100000001,1980958270358,4407,75
1762509254,0000004000000008,1981084814042,1983,76
1762509259,0000008000000008,1981138209876,3969,77
1762509275,0000000400000008,1981295291696,1616,78
1762509282,0000000400000080,1981364839135,715,79
1762509334,0000000200000001,1981890726109,248,80
1762509352,0000000100000002,1982068901267,5108,81
1762509378,0000008000000002,1982330780968,4940,82
1762509436,0000000400000080,1982904789218,1575,83
1762509448,0000000100000001,1983021667237,4932,84
1762509451,0000004000000004,1983055727082,2872,85
1762509455,0000004000000080,1983100474833,191,86
1762509484,0000008000000008,1983385233458,3842,87
1762509542,0000000800000008,1983962968032,240,88
1762509557,0000008000000080,1984113384748,1588,89
1762509563,0000000100000008,1984173581045,3152,90
1762509568,0000008000000080,1984221994017,246,91
1762509580,0000004000000008,1984345235330,3215,92
1762509587,0000008000000008,1984413647692,4308,93
1762509603,0000000100000003,1984574583260,5007,94
1762509612,0000004000000008,1984664415372,4801,95
1762509620,0000000400000002,1984743673122,5219,96
1762509624,000000c000000080,1984789781005,2444,97
1762509625,0000008000000080,1984793246068,2239,98
1762509634,0000008000000008,1984888207574,1726,99
1762509655,0000000100000001,1985093139630,4977,100
1762509655,0000000100000001,1985097491320,4720,101
1762509655,0000000100000080,1985098659626,4650,102
1762509661,0000000800000004,1985156284291,1174,103
1762509664,0000008000000080,1985191067305,4288,104
1762509681,0000000400000001,1985354334158,4848,105
1762509684,0000000800000008,1985386689649,2892,106
1762509701,000000c000000080,1985554199581,3205,107
1762509710,0000008000000001,1985643257415,3039,108
1762509715,0000008000000080,1985691582102,5331,109
1762509715,0000004000000002,1985691934989,5309,110
1762509720,0000000100000001,1985744207342,2169,111
1762509735,0000008000000080,1985899138755,3231,112
1762509742,0000000100000004,1985968685739,4256,113
1762509750,0000008000000001,1986045542275,4822,114
1762509751,0000004000000002,1986054626653,4281,115
1762509752,0000000200000008,1986068310052,3447,116
1762509796,0000004000000080,1986501627711,3349,117
1762509801,0000000400000004,1986556441683,5245,118
1762509803,0000008000000008,1986579759122,3852,119
1762509823,0000000400000002,1986773215873,2588,120
1762509831,0000008000000080,1986851713276,3061,121
1762509844,0000008000000080,1986988004493,5254,122
1762509844,0000000800000008,1986990940465,5080,123
1762509848,0000008000000002,1987022384200,3183,124
1762509852,0000000400000008,1987070166422,317,125
1762509855,000000c000000080,1987091589034,4229,126
1762509874,0000000800000002,1987282510868,3117,127
1762509885,0000000800000002,1987400512083,1216,128
1762509887,0000000800000008,1987420256493,5222,129
1762509896,0000000100000002,1987511236236,4947,130
1762509909,0000000800000008,1987639775851,2403,131
1762509916,0000000100000002,1987711053127,3311,132
1762509917,0000000800000001,1987712304594,3234,133
1762509929,0000000100000001,1987839623681,772,134
1762509944,0000008000000004,1987987752911,2251,135
1762509947,0000000400000002,1988011507818,820,136
1762509953,0000008000000008,1988073021672,2313,137
1762509969,0000004000000080,1988234782152,2963,138
1762509972,0000008000000002,1988265460509,1122,139
1762509972,0000000100000080,1988268979218,912,140
1762509995,0000000100000004,1988500120708,2585,141
1762510022,0000000100000001,1988762599159,2383,142
1762510044,0000008000000080,1988981540578,4802,143
1762510067,0000000100000080,1989215446511,1110,144
1762510084,0000000100000080,1989387318206,1161,145
1762510094,0000000100000001,1989489667925,203,146
1762510097,0000004000000008,1989512470733,4031,147
1762510118,0000008000000004,1989728283745,1429,148
1762510122,0000000800000008,1989763257467,4528,149
1762510135,0000000100000001,1989893553715,1880,150
1762510150,0000000100000001,1990049261342,2888,151
1762510159,0000000100000008,1990136669693,2824,152
1762510175,0000000100000008,1990300071794,3389,153
1762510184,000000c000000080,1990385096242,3471,154
1762510188,0000000400000080,1990428059481,883,155
1762510194,0000000400000080,1990486123886,2580,156
1762510195,0000000800000001,1990491952412,2236,157
1762510203,0000000100000001,1990578174169,2245,158
1762510211,0000004000000080,1990657492840,2659,159
1762510211,0000000100000004,1990660716614,2468,160
1762510217,0000000800000001,1990715073397,4405,161
1762510224,0000000800000004,1990789085968,5136,162
1762510243,0000004000000002,1990972808613,4484,163
1762510250,0000008000000002,1991050224543,5013,164
1762510251,0000000400000004,1991057059267,4608,165
1762510253,0000000800000080,1991073782486,3597,166
1762510256,0000000800000002,1991110576770,1381,167
1762510260,0000008000000080,1991148831315,4284,168
1762510261,0000008000000004,1991152531306,4061,169
1762510264,0000000400000004,1991184651232,2121,170
1762510293,0000008000000080,1991477264139,5289,171
1762510309,0000008000000001,1991636819475,886,172
1762510312,0000000800000002,1991669780242,4109,173
1762510313,0000000100000001,1991677063169,3666,174
1762510325,0000000100000001,1991797017116,1643,175
1762510328,0000000100000001,1991828626505,4936,176
1762510354,0000004000000004,1992089039115,4852,177
1762510358,0000000100000001,1992129208681,2430,178
1762510368,0000008000000001,1992221234567,2094,179
1762510399,0000000100000080,1992539578617,3722,180
1762510401,0000000c0000000a,1992559527220,2511,181
1762510440,0000000100000002,1992941901803,294,182
1762510454,0000000800000002,1993082538654,2219,183
1762510466,0000008000000008,1993208217690,5048,184
1762510470,0000000100000001,1993247394791,2683,185
1762510475,0000008000000080,1993294667377,5041,186
1762510492,0000000100000001,1993469896732,4891,187
1762510499,0000008000000008,1993537906187,795,188
1762510509,0000000100000001,1993640291521,5027,189
1762510520,0000008000000004,1993750780651,3576,190
1762510522,0000000400000008,1993766960001,2593,191
1762510527,0000000100000001,1993819392604,4647,192
1762510536,0000008000000080,1993904315512,4731,193
1762510538,0000008000000080,1993928179193,3286,194
1762510545,0000000100000080,1993996133009,4405,195
1762510553,0000008000000008,1994079625596,4576,196
1762510570,0000000400000002,1994249007838,4771,197
1762510571,0000000400000008,1994253933314,4479,198
1762510583,0000008000000002,1994377514100,2228,199
1762510584,0000000400000002,1994384688126,1803,200
1762510589,0000000800000001,1994435334074,3954,201
1762510614,0000008000000002,1994688485003,4309,202
1762510626,0000008000000080,1994805597929,2444,203
1762510630,0000008000000080,1994841942432,264,204
1762510633,0000004000000001,1994875334293,3448,205
1762510643,0000000100000004,1994974774636,2651,206
1762510653,0000000400000002,1995077878581,1655,207
1762510659,0000008000000080,1995133051378,3526,208
1762510673,0000000100000001,1995272157988,355,209
1762510681,0000000200000004,1995360977089,207,210
1762510691,0000000800000004,1995460953415,4585,211
1762510699,0000000400000001,1995535052549,5311,212
1762510729,0000000100000008,1995831670210,3046,213
1762510729,0000000c00000009,1995839628189,2567,214
1762510747,0000008000000080,1996011349947,2626,215
1762510760,0000000800000001,1996145979793,4924,216
1762510763,0000000100000004,1996173948870,3235,217
1762510764,0000008000000004,1996188856582,2340,218
1762510772,0000000400000008,1996268523764,2736,219
1762510781,0000000400000002,1996356207171,2656,220
1762510833,0000000800000004,1996873813898,2683,221
1762510841,0000008000000001,1996959717229,2710,222
1762510844,0000008000000080,1996990564481,859,223
1762510888,0000000400000080,1997424874311,706,224
1762510921,0000000100000001,1997760935617,1265,225
1762510934,0000008000000002,1997885468250,4173,226
1762510961,0000008000000004,1998154301995,3574,227
1762510968,0000008000000080,1998222129193,4693,228
1762510978,0000008000000008,1998323161986,3809,229
1762510978,0000008000000002,1998324780654,3710,230
1762510982,0000000100000080,1998362440810,1441,231
1762511010,0000008000000080,1998641830232,219,232
1762511015,0000000800000008,1998695196042,2200,233
1762511015,0000004000000080,1998698314281,2016,234
1762511041,0000000400000001,1998955829713,2104,235
1762511044,0000000400000080,1998983528118,439,236
1762511051,0000008000000004,1999056395017,1246,237
1762511054,0000008000000005,1999086944382,4612,238
1762511068,0000008000000080,1999223915256,1561,239
1762511079,0000000400000008,1999334249925,5306,240
1762511086,000000c000000002,1999401528287,1261,241
1762511100,0000008000000080,1999549955239,2713,242
1762511103,0000000100000001,1999570994020,1456,243
1762511116,0000000100000001,1999710957150,3424,244
1762511143,0000008000000080,1999974001146,3177,245
1762511146,0000000100000080,2000004405213,1353,246
1762511153,0000000800000002,2000080674859,1964,247
1762511154,0000000400000001,2000081914636,1889,248
1762511169,0000000100000002,2000237720149,2892,249
1762511172,0000000100000001,2000268181356,1063,250
1762511179,0000000100000001,2000335780282,2195,251
1762511185,0000000400000002,2000392194354,4004,252
1762511186,0000000100000001,2000407200399,3087,253
1762511208,0000000100000001,2000628711695,162,254
1762511219,0000000800000040,2000736326739,4079,255
1762511231,0000000100000004,2000856469399,2041,256
1762511235,0000004000000004,2000896266970,4842,257
1762511243,0000008000000080,2000974787408,5304,258
1762511263,0000000c00000001,2001177608262,3495,259
1762511274,0000000100000001,2001285503123,2199,260
1762511275,0000004000000001,2001296237717,1556,261
1762511287,000000c000000008,2001415362715,4780,262
1762511291,0000000100000080,2001453446374,2479,263
1762511291,0000000800000001,2001459407396,2127,264
1762511312,0000000100000001,2001665012008,162,265
1762511313,0000000800000001,2001672104533,4915,266
1762511327,0000000800000001,2001818574764,1295,267
1762511331,0000000100000080,2001860461902,3978,268
1762511335,0000008000000008,2001897164046,1767,269
1762511338,0000000100000001,2001924126647,5331,270
1762511351,0000004000000080,2002052702696,2785,271
1762511351,0000000400000004,2002059306762,2393,272
1762511355,0000004000000001,2002098939069,5204,273
1762511358,0000000800000080,2002126111695,3573,274
1762511363,0000000400000008,2002175815475,585,275
1762511378,0000004000000008,2002328222017,1806,276
1762511382,0000000800000008,2002363263691,4893,277
1762511394,0000004000000008,2002487601271,2596,278
1762511394,0000004000000008,2002489904159,2460,279
1762511417,0000004000000008,2002716476293,4426,280
1762511424,0000000100000001,2002788898947,5252,281
1762511427,0000000100000008,2002815051589,3685,282
1762511428,0000000800000004,2002822993200,3198,283
1762511428,0000000100000004,2002824958271,3079,284
1762511469,0000000100000001,2003238791661,4169,285
1762511474,0000008000000004,2003281343090,1604,286
1762511475,000000c000000080,2003298131075,592,287
1762511491,0000004000000004,2003457628230,1384,288
1762511499,0000000400000004,2003535712502,1885,289
1762511523,0000008000000080,2003778993400,2821,290
1762511530,0000004000000008,2003843902506,4128,291
1762511565,0000000800000001,2004195474019,3751,292
1762511572,0000000800000004,2004265129800,4757,293
1762511572,0000000100000004,2004266219530,4690,294
1762511581,0000000100000080,2004357238245,4412,295
1762511581,0000008000000002,2004358717938,4323,296
1762511602,0000000400000002,2004565253280,2275,297
1762511615,0000000800000001,2004697906749,4693,298
1762511637,0000000400000008,2004917708307,1856,299
1762511645,0000008000000080,2004997215118,2261,300
1762511667,0000000800000004,2005219893227,4458,301
1762511671,0000004800000008,2005253283010,2436,302
1762511675,0000000400000002,2005293097132,5237,303
1762511694,0000004000000001,2005481640193,4297,304
1762511703,0000000800000008,2005578464598,3659,305
1762511724,0000000100000080,2005790087814,1313,306
1762511725,0000004000000004,2005800323571,697,307
1762511727,0000000800000004,2005812977609,5129,308
1762511729,0000000100000006,2005838569562,3593,309
1762511740,0000000100000001,2005945820068,2331,310
1762511774,0000008000000080,2006288281659,2503,311
1762511783,0000008000000004,2006380241676,2170,312
1762511792,0000008000000080,2006466457072,2179,313
1762511792,0000008000000002,2006469970490,1971,314
1762511793,0000008000000001,2006476703051,1565,315
1762511803,0000004000000001,2006572898388,966,316
1762511814,0000000100000001,2006687316786,4482,317
1762511820,0000004100000003,2006746687117,901,318
1762511823,0000000800000001,2006771444850,4615,319
1762511835,0000000300000001,2006899860100,2079,320
1762511864,0000000400000080,2007184057236,564,321
1762511866,0000000200000004,2007206431961,4420,322
1762511883,0000000100000001,2007372935440,4788,323
1762511886,0000008000000080,2007406376911,2762,324
1762511898,0000000800000080,2007529900693,539,325
1762511903,0000000100000001,2007574320968,3051,326
1762511937,0000004000000080,2007919031986,3091,327
1762511953,0000000800000004,2008080442549,3780,328
1762511962,0000000400000001,2008162573304,4036,329
1762511991,0000000400000002,2008455287358,2005,330
1762511999,0000008000000080,2008536685246,2298,331
1762512012,0000000100000003,2008662673373,5108,332
1762512021,0000004000000080,2008754504540,4784,333
1762512021,0000000100000001,2008759863632,4465,334
1762512024,0000000100000004,2008786058578,2872,335
1762512026,0000008000000080,2008802026650,1924,336
1762512029,0000004000000004,2008838871316,4901,337
1762512041,0000000800000008,2008952818975,3232,338
1762512042,0000008000000002,2008962266304,2660,339
1762512051,0000000400000004,2009057834678,2116,340
1762512080,0000008000000080,2009349041994,182,341
1762512116,0000000400000008,2009701529448,4946,342
1762512116,0000004000000008,2009702748959,4874,343
1762512125,0000008000000008,2009793842665,4592,344
1762512129,0000000800000004,2009833410214,2204,345
1762512133,0000000100000002,2009871791364,5089,346
1762512135,0000004000000004,2009896677876,3595,347
1762512147,0000000800000001,2010014096015,1728,348
1762512159,0000008000000080,2010130762851,5093,349
1762512166,0000000800000002,2010202075292,804,350
1762512167,0000000100000001,2010212232353,197,351
1762512172,0000008000000080,2010262126345,2381,352
1762512175,0000000100000001,2010294131219,463,353
1762512190,0000008000000004,2010444706800,1795,354
1762512193,0000008000000080,2010477658717,5004,355
1762512200,0000008000000008,2010550039199,649,356
1762512202,0000000100000001,2010561051575,5179,357
1762512205,0000000100000001,2010591037302,3373,358
1762512207,0000008000000080,2010610809948,2186,359
1762512261,0000000400000001,2011151086682,848,360
1762512267,0000008000000001,2011212232742,2363,361
1762512276,0000000800000001,2011301161949,2209,362
1762512287,000000c000000080,2011417696316,397,363
1762512291,0000008000000080,2011452035098,3524,364
1762512300,0000004000000080,2011541278765,3345,365
1762512309,0000000200000001,2011640267680,2582,366
1762512315,0000000400000080,2011696101029,4431,367
1762512320,0000008000000080,2011745664037,1440,368
1762512349,0000000400000001,2012036063587,4752,369
1762512356,0000008000000001,2012108901320,369,370
1762512365,0000000400000080,2012194516532,414,371
1762512373,0000000400000080,2012278176275,573,372
1762512392,0000004000000008,2012470455656,4596,373
1762512422,0000000100000001,2012764689057,2465,374
1762512429,0000000c00000080,2012836773197,3325,375
1762512435,0000000100000004,2012898747736,4797,376
1762512443,0000004000000080,2012972743040,345,377
1762512469,0000000200000008,2013232928038,276,378
1762512477,0000000100000004,2013313274063,634,379
1762512480,0000000100000004,2013343256348,4032,380
1762512481,0000000400000002,2013360325159,2989,381
1762512484,0000000100000004,2013384586869,1539,382
1762512504,0000002000000001,2013582093701,5237,383
1762512505,0000004000000004,2013597654733,4311,384
1762512507,0000000100000008,2013617523014,3100,385
1762512516,0000000400000002,2013703430155,3127,386
1762512527,0000008000000004,2013819419518,1349,387
1762512538,0000000200000001,2013925297897,178,388
1762512553,0000000800000080,2014079483223,1286,389
1762512555,0000004400000002,2014099156965,5295,390
1762512563,0000000100000001,2014180442909,411,391
1762512564,0000000800000004,2014188433701,5121,392
1762512565,0000008000000080,2014200404004,4411,393
1762512570,0000000400000008,2014250543156,1385,394
1762512596,0000000400000001,2014507752526,1496,395
1762512605,0000000b00000001,2014592273246,1608,396
1762512606,0000000100000080,2014604951779,840,397
1762512607,0000000400000006,2014617209363,5295,398
1762512616,0000000100000001,2014705194840,5198,399
1762512621,0000008000000008,2014752124338,2374,400
1762512623,0000008000000002,2014776157538,929,401
1762512670,0000004000000008,2015247140086,3768,402
1762512706,0000000800000008,2015605816481,2955,403
1762512714,0000008000000001,2015689039992,3145,404
1762512715,000000c000000080,2015693818782,2855,405
1762512733,0000008000000080,2015872792646,2480,406
1762512739,0000000400000080,2015932348626,4105,407
1762512746,0000000800000008,2016004593724,4948,408
1762512755,0000004000000001,2016093512453,4795,409
1762512801,0000008000000080,2016556654179,2892,410
1762512802,0000000400000004,2016566741680,2290,411
1762512807,0000000800000001,2016619610251,4316,412
1762512809,0000000100000001,2016632291583,3544,413
1762512811,000000c000000080,2016657377423,2039,414
1762512824,0000008000000080,2016786783143,4645,415
1762512836,0000000800000008,2016901315509,2933,416
1762512893,0000000200000002,2017476202348,4724,417
1762512914,0000004000000080,2017685950827,2483,418
1762512918,0000000100000004,2017725211211,5317,419
1762512920,0000008000000008,2017742189269,4308,420
1762512930,0000000400000004,2017841998794,3489,421
1762512933,0000000100000001,2017876270832,1427,422
1762512940,0000000100000001,2017940745760,2734,423
1762512953,0000000800000002,2018080061022,4756,424
1762512984,0000004000000004,2018383563463,2077,425
1762513002,0000000800000001,2018565823658,1500,426
1762513014,0000004000000080,2018684001560,4782,427
1762513048,0000000200000002,2019026827586,4928,428
1762513098,0000000800000080,2019524196795,978,429
1762513099,0000000800000080,2019535926800,281,430
1762513114,0000000100000080,2019682787704,1834,431
1762513122,0000008000000008,2019767004567,1962,432
1762513129,0000000800000002,2019838677545,2832,433
1762513132,0000000100000001,2019864991438,1256,434
1762513137,0000000800000080,2019913401517,3541,435
1762513161,0000008000000002,2020160238617,4284,436
1762513177,0000000400000004,2020314875721,169,437
1762513190,0000000800000080,2020444398180,2754,438
1762513214,0000008000000002,2020684938170,3881,439
1762513219,0000000100000001,2020736535720,769,440
1762513252,0000000800000001,2021061394970,2006,441
1762513254,0000000400000004,2021084162980,636,442
1762513256,0000000800000002,2021100856985,4829,443
1762513258,0000000100000002,2021125443143,3343,444
1762513289,0000000400000004,2021434126107,362,445
1762513291,0000004000000001,2021451792363,4499,446
1762513303,0000008000000080,2021576739516,2168,447
1762513310,0000000100000008,2021645353293,3231,448
1762513331,0000008000000080,2021858360988,807,449
1762513337,0000000200000002,2021915718670,2546,450
1762513342,0000000100000001,2021961934979,4968,451
1762513343,0000008000000008,2021971773228,4383,452
1762513345,0000000100000004,2021995396698,2945,453
1762513352,0000000400000008,2022068223678,3772,454
1762513358,0000000100000001,2022130116355,5234,455
1762513367,0000000100000001,2022210980298,377,456
1762513375,0000000100000008,2022298745814,291,457
1762513381,0000000800000002,2022354646610,2119,458
1762513401,0000000800000004,2022557986122,278,459
1762513406,0000004000000004,2022609174086,2385,460
1762513408,0000008000000080,2022621053433,1673,461
1762513428,0000008000000008,2022821918593,5173,462
1762513429,0000004000000002,2022838811643,4167,463
1762513450,0000000800000004,2023042744426,2275,464
1762513451,0000000800000001,2023050697807,1804,465
1762513455,0000000800000008,2023094941115,4342,466
1762513470,0000000100000004,2023245974541,444,467
1762513471,0000000100000005,2023255671593,5052,468
1762513472,0000000100000001,2023261248082,4721,469
1762513480,0000000400000002,2023342889681,5000,470
1762513480,0000004000000008,2023347213604,4745,471
1762513481,0000004000000080,2023356479538,4191,472
1762513481,0000004000000001,2023359797443,3990,473
1762513482,0000004000000004,2023364942888,3676,474
1762513497,0000000100000001,2023517186053,4904,475
1762513507,0000000800000080,2023612859331,4349,476
1762513508,0000008000000001,2023620768979,3872,477
1762513509,0000004000000080,2023632840174,3133,478
1762513513,0000000100000001,2023675904787,550,479
1762513522,0000000100000002,2023762275963,549,480
1762513571,0000008000000008,2024252523689,2218,481
1762513576,0000000400000003,2024302220795,4433,482
1762513584,0000008000000080,2024389184950,4396,483
1762513600,0000000100000080,2024543100848,327,484
1762513604,0000000100000004,2024582676949,3129,485
1762513618,0000000100000001,2024723889317,5030,486
1762513639,0000008000000080,2024935865865,2656,487
1762513641,0000008000000001,2024958527254,1300,488
1762513649,0000000400000080,2025035515695,1869,489
1762513677,0000008000000008,2025316240497,562,490
1762513678,0000000400000004,2025326972703,5108,491
1762513683,0000000100000001,2025373448821,2309,492
1762513685,0000004000000080,2025398215838,821,493
1762513691,0000000100000001,2025451677197,2792,494
1762513692,0000000100000008,2025468157267,1813,495
1762513699,0000000800000001,2025536138538,2906,496
1762513702,0000000100000003,2025569696484,892,497
1762513705,0000000800000080,2025598384973,4372,498
1762513708,0000004000000008,2025627982792,2575,499
1762513719,0000000800000001,2025730866325,1590,500
1762513725,0000000100000001,2025793827267,2987,501
1762513726,0000000400000001,2025806175919,2250,502
1762513732,0000008000000002,2025864232873,3961,503
1762513737,0000000100000001,2025919308598,640,504
1762513756,0000000500000001,2026103080922,5166,505
1762513758,0000008000000080,2026125439292,3829,506
1762513761,0000000400000080,2026158385646,1845,507
1762513782,0000000400000002,2026367174645,4866,508
1762513783,0000008000000002,2026371937397,4584,509
1762513785,0000000100000003,2026399412299,2915,510
1762513792,0000000100000001,2026461149881,4413,511
1762513794,0000004000000080,2026483774079,3035,512
1762513794,0000000100000001,2026486518718,2868,513
1762513797,0000008000000008,2026513845822,1230,514
1762513799,0000000400000001,2026535329443,5133,515
1762513808,0000000400000002,2026623224730,5042,516
1762513817,0000000100000001,2026710485489,4987,517
1762513870,0000008000000080,2027241507169,4216,518
1762513882,0000000100000001,2027363267068,2077,519
1762513887,0000000400000004,2027417681126,4006,520
1762513899,0000000400000008,2027537003824,2015,521
1762513900,0000008000000001,2027544362814,1572,522
1762513903,0000004000000002,2027579572267,4653,523
1762513912,0000008000000004,2027668825165,4480,524
1762513915,0000000100000001,2027694125257,2942,525
1762513917,0000000400000001,2027715617308,1659,526
1762513923,0000008000000080,2027775135985,3267,527
1762513932,0000000800000004,2027868718358,2827,528
1762513942,0000008000000004,2027965773988,2190,529
1762513964,0000000100000008,2028183981231,4653,530
1762513974,0000008000000002,2028286690678,3666,531
1762513981,0000000400000002,2028354924552,4755,532
1762514023,0000000400000080,2028776066578,197,533
1762514036,0000000100000001,2028908550040,2604,534
1762514042,0000008000000080,2028969392314,4155,535
1762514044,0000000400000001,2028984364545,3241,536
1762514084,0000000100000004,2029387680321,4956,537
1762514090,0000004000000008,2029442438071,1664,538
1762514113,0000000100000009,2029671436808,3467,539
1762514117,0000000100000001,2029711005584,1082,540
1762514124,0000000400000008,2029784462972,1865,541
1762514130,0000000100000002,2029846322214,3331,542
1762514132,0000000100000001,2029862604628,2351,543
1762514135,0000008000000080,2029894900585,415,544
1762514141,0000000800000002,2029952236598,2157,545
1762514158,0000000100000001,2030121504780,2359,546
1762514169,0000000400000008,2030238536463,519,547
1762514170,0000000400000002,2030241537547,339,548
1762514189,0000000100000001,2030439982319,3988,549
1762514200,0000000800000080,2030541491652,3061,550
1762514219,0000004000000004,2030737463118,1671,551
1762514238,0000000100000001,2030923069354,888,552
1762514247,0000000100000080,2031019236313,302,553
1762514263,0000008000000080,2031173343170,1416,554
1762514285,0000008000000008,2031394861953,3677,555
1762514333,0000004000000008,2031879997234,463,556
1762514336,0000000400000002,2031907571025,4004,557
1762514348,0000008000000080,2032022447408,2278,558
1762514380,0000000100000001,2032345747093,3610,559
1762514390,0000008000000080,2032448814846,2594,560
1762514395,0000008000000002,2032499028954,4779,561
1762514400,0000008000000008,2032546031161,1951,562
1762514408,0000000100000004,2032623166922,2495,563
1762514433,0000008000000001,2032879801127,2637,564
1762514443,0000004000000002,2032973583280,2195,565
1762514479,0000000400000002,2033332321026,1392,566
1762514479,0000008000000008,2033338865854,996,567
1762514499,0000000100000001,2033535311452,4770,568
1762514503,0000000100000003,2033575290933,2356,569
1762514506,0000000400000002,2033607125509,447,570
1762514512,0000004000000004,2033664353646,2195,571
1762514520,000000c000000080,2033745422434,2507,572
1762514546,0000004000000080,2034003001337,2593,573
1762514549,0000004000000080,2034032198815,843,574
1762514549,0000000100000002,2034036315076,598,575
1762514586,0000004000000004,2034405829359,4348,576
1762514598,0000004000000080,2034522047968,2535,577
1762514622,0000000400000002,2034769732969,3220,578
1762514625,0000004000000002,2034798763443,1478,579
1762514644,0000000100000002,2034986666927,564,580
1762514669,0000000100000001,2035231583759,1410,581
1762514672,0000000400000001,2035261188089,4829,582
1762514687,0000000400000002,2035418329898,560,583
1762514701,0000008000000080,2035556449020,2636,584
1762514724,0000008000000040,2035781677465,4682,585
1762514744,0000008000000080,2035989046416,2585,586
1762514749,0000000400000001,2036036485580,4935,587
1762514781,0000000100000008,2036358467966,1142,588
1762514798,0000008000000001,2036526178162,1444,589
1762514799,0000000100000001,2036539898419,621,590
1762514804,0000000100000004,2036584825877,3104,591
1762514831,0000004000000080,2036857616257,2280,592
1762514835,0000004000000080,2036891061467,274,593
1762514854,0000000100000001,2037081729068,4392,594
1762514875,0000008000000002,2037297368196,1803,595
1762514880,0000008000000002,2037345389461,4113,596
1762514883,0000008000000080,2037371335007,2537,597
1762514883,0000008000000080,2037379319139,2066,598
1762514885,0000000100000001,2037396162780,1047,599
1762514891,0000000400000080,2037458430626,2493,600
1762514898,000000c000000007,2037521103837,3930,601
1762514918,0000008000000080,2037723021663,2164,602
1762514926,0000000800000008,2037802110932,2593,603
1762514950,0000000100000008,2038042954677,3700,604
1762514952,0000000100000001,2038061318971,2583,605
1762514953,0000008000000008,2038074561358,1796,606
1762514958,0000000800000002,2038123520115,4050,607
1762514962,0000000400000001,2038162352835,1710,608
1762514964,0000000800000001,2038185047025,345,609
1762514969,0000000100000001,2038230717643,2780,610
1762514987,0000000100000001,2038411272515,2310,611
1762515021,0000008000000004,2038751290337,2629,612
1762515029,0000000800000001,2038839657817,2509,613
1762515060,0000000400000080,2039146697181,4825,614
1762515069,0000000800000001,2039237398619,4567,615
1762515071,0000000900000080,2039251899846,3691,616
1762515081,0000000800000008,2039356029645,2609,617
1762515086,0000008000000001,2039408796553,4643,618
1762515097,0000000100000001,2039510354479,3725,619
1762515106,0000000100000008,2039604209489,3265,620
1762515116,0000000400000080,2039704890354,2403,621
1762515140,0000008000000080,2039943412539,3643,622
1762515165,0000000100000080,2040195849087,4045,623
1762515167,0000000100000008,2040211058397,3116,624
1762515171,0000008000000080,2040257061538,358,625
1762515175,0000008000000001,2040290545757,3535,626
1762515185,0000004000000001,2040394070654,2495,627
1762515191,0000000800000002,2040457108748,3910,628
1762515207,0000000800000001,2040618433292,4595,629
1762515218,0000000400000008,2040726402254,3282,630
1762515222,0000008000000080,2040769150348,715,631
1762515225,0000004000000008,2040797765273,4196,632
1762515228,0000000800000080,2040822423005,2694,633
1762515230,0000000100000001,2040847590496,1185,634
1762515238,0000000100000080,2040923389275,1827,635
1762515247,0000008000000002,2041011832659,1700,636
1762515248,0000000800000002,2041025532456,872,637
1762515257,0000000100000080,2041119050303,447,638
1762515258,0000000100000001,2041125426836,5251,639
1762515267,0000008000000008,2041212190675,5224,640
1762515274,0000000200000002,2041282351307,1002,641
1762515276,0000000400000002,2041307153164,4714,642
1762515284,0000000400000010,2041380119067,322,643
1762515291,0000004000000080,2041455937857,949,644
1762515292,0000000800000004,2041469640243,5318,645
1762515298,0000000100000080,2041524487341,2026,646
1762515301,0000000100000008,2041550399834,467,647
1762515303,0000000800000080,2041575219958,4173,648
1762515319,0000000100000001,2041730578002,5205,649
1762515332,0000004000000008,2041865805963,2263,650
1762515340,0000000800000008,2041948466545,2483,651
1762515343,0000000100000080,2041979479082,624,652
1762515344,0000000100000080,2041979861071,602,653
1762515350,0000000100000001,2042048048125,1696,654
1762515354,0000008000000080,2042083480320,4759,655
1762515358,0000000400000080,2042122659036,2394,656
1762515358,0000000800000004,2042124762166,2270,657
1762515358,0000008000000004,2042128872147,2027,658
1762515362,0000000800000004,2042166635162,4948,659
1762515364,0000004000000001,2042189797481,3554,660
1762515365,0000004000000080,2042192064334,3416,661
1762515367,0000008000000001,2042217317817,1900,662
1762515368,0000004000000002,2042224018550,1494,663
1762515371,0000000100000001,2042255549392,4796,664
1762515396,0000000100000008,2042507462856,5217,665
1762515398,0000008000000080,2042526405140,4088,666
1762515434,0000004000000080,2042882524484,3433,667
1762515448,0000008000000080,2043029734985,4969,668
1762515450,0000000100000080,2043046036820,3994,669
1762515455,0000008100000080,2043093647081,1118,670
1762515463,0000008000000080,2043173263672,1527,671
1762515482,0000000800000004,2043361979283,564,672
1762515496,0000000400000002,2043499973979,2641,673
1762515504,0000000100000008,2043583433778,2813,674
1762515515,0000008000000004,2043690717973,1565,675
1762515516,0000000100000004,2043707943807,529,676
1762515518,0000000800000001,2043722344770,4858,677
1762515539,0000000400000001,2043932378552,2601,678
1762515550,0000000500000080,2044040253287,1310,679
1762515550,0000004000000080,2044046107381,958,680
1762515552,0000000100000001,2044060772562,5270,681
1762515556,0000008000000004,2044104337270,2644,682
1762515566,0000000100000002,2044203376059,1891,683
1762515574,0000000100000001,2044282464945,2320,684
1762515581,0000000800000080,2044351672099,3353,685
1762515585,0000008000000001,2044397476166,601,686
1762515618,0000000800000008,2044721960328,1860,687
1762515622,0000000400000080,2044767865632,4298,688
1762515634,0000004000000004,2044889851979,2144,689
1762515639,0000008000000004,2044930891349,4875,690
1762515640,0000004000000004,2044942936733,4154,691
1762515661,0000008000000080,2045159401963,1514,692
1762515666,0000000700000001,2045200239330,4258,693
1762515679,0000000800000002,2045330873122,1587,694
1762515690,0000000400000001,2045445836658,5058,695
1762515693,0000000800000080,2045472946680,3426,696
1762515698,0000004000000008,2045524041705,357,697
1762515698,0000000100000003,2045527173353,168,698
1762515699,0000000100000004,2045534265997,4936,699
1762515701,0000000100000004,2045556497823,3597,700
1762515702,0000000100000001,2045568414612,2869,701
1762515705,0000008000000001,2045595363817,1254,702
1762515707,0000004000000004,2045616913206,5154,703
1762515734,0000000800000004,2045887332880,4479,704
1762515756,0000000800000002,2046100394561,2042,705
1762515760,0000008000000008,2046148853353,4329,706
1762515762,0000000400000001,2046162018754,3529,707
1762515768,0000008000000002,2046229727904,4656,708
1762515780,0000000100000001,2046347827274,2730,709
1762515789,0000000100000001,2046436815110,2573,710
1762515793,0000000800000080,2046471691351,483,711
1762515798,0000000800000004,2046521350037,2679,712
1762515815,0000008000000002,2046690814180,2874,713
1762515844,0000000400000001,2046985076593,762,714
1762515865,0000008000000008,2047190517283,3995,715
1762515866,0000000100000008,2047202815464,3241,716
1762515871,0000000400000004,2047258181964,5109,717
1762515876,0000008000000080,2047306791316,2184,718
1762515879,0000000100000001,2047339051787,249,719
1762515890,0000004000000002,2047446236556,4195,720
1762515918,0000000100000004,2047720102116,3289,721
1762515930,0000000100000002,2047845680324,932,722
1762515933,0000008000000080,2047871222678,4598,723
1762515936,0000000400000002,2047905440000,2526,724
1762515957,0000000800000001,2048115374779,295,725
1762515959,0000004000000008,2048130355593,4593,726
1762515974,0000000400000001,2048283946713,542,727
1762515983,0000008000000080,2048379756630,5163,728
1762516023,0000000800000008,2048773749008,2238,729
1762516028,000000c000000080,2048823835626,4429,730
1762516045,0000008000000008,2048994427998,4554,731
1762516057,0000000800000008,2049114558496,2507,732
1762516057,0000000400000002,2049118537868,2272,733
1762516063,0000000400000002,2049173503195,4170,734
1762516075,0000000100000008,2049293473006,2139,735
1762516079,0000000400000002,2049336909569,4725,736
1762516081,0000008000000001,2049356172100,3562,737
1762516082,0000008000000001,2049359804832,3340,738
1762516086,0000000400000002,2049409002236,386,739
1762516103,0000000100000080,2049570170949,1071,740
1762516103,0000000400000080,2049571066772,1018,741
1762516111,0000000800000080,2049653480295,1256,742
1762516119,0000000100000080,2049737690490,1385,743
1762516129,0000000100000080,2049835492035,699,744
1762516131,0000000400000008,2049856757588,4620,745
1762516148,0000000800000001,2050020246851,5164,746
1762516151,0000000100000008,2050059090859,2820,747
1762516158,0000004000000001,2050129505068,3793,748
1762516160,0000000100000001,2050146440974,2760,749
1762516164,0000000400000004,2050182432896,605,750
1762516169,0000000800000080,2050231792315,2819,751
1762516181,0000008000000080,2050356581341,517,752
1762516187,0000004000000080,2050410252368,2474,753
1762516198,0000008000000080,2050527291978,635,754
1762516199,0000008000000080,2050534597813,198,755
1762516203,000000cc00000081,2050572079370,3127,756
1762516209,0000008000000008,2050630886518,4795,757
1762516212,0000008000000080,2050667957914,2552,758
1762516213,0000004000000001,2050677845190,1969,759
1762516254,0000008000000001,2051080338670,3728,760
1762516255,000000c000000080,2051093852916,2903,761
1762516256,0000000800000008,2051102659301,2376,762
1762516262,0000004000000001,2051160673107,4093,763
1762516263,0000008000000008,2051177191003,3086,764
1762516294,0000008000000001,2051480098519,454,765
1762516304,0000000100000001,2051583779734,4610,766
1762516308,0000004000000002,2051629329810,1866,767
1762516311,0000000400000002,2051652029689,500,768
1762516311,0000000100000001,2051658692965,5287,769
1762516312,0000000100000004,2051662482158,5062,770
1762516324,0000000100000001,2051784199484,2926,771
1762516332,0000000100000080,2051862903087,3392,772
1762516347,0000000400000004,2052011537021,4846,773
1762516348,0000008000000004,2052022347425,4200,774
1762516363,000000c800000002,2052177432335,5241,775
1762516370,0000002000000008,2052247410748,1035,776
1762516400,0000000800000080,2052544879576,3929,777
1762516423,0000008000000080,2052777570875,315,778
1762516428,0000000400000001,2052819724656,2963,779
1762516464,0000008000000080,2053180421603,2050,780
1762516469,0000008000000004,2053238326932,3764,781
1762516510,0000000100000008,2053647425358,5119,782
1762516512,0000008000000080,2053663886186,4139,783
1762516535,0000000200000002,2053893154853,726,784
1762516541,0000000100000080,2053952403279,2354,785
1762516547,0000008000000080,2054012748548,3928,786
1762516550,0000004000000009,2054040260337,2262,787
1762516552,0000000100000004,2054065587196,740,788
1762516560,0000004000000002,2054141299085,1380,789
1762516562,0000000400000001,2054167139268,5021,790
1762516569,0000008000000008,2054233700775,1013,791
1762516572,0000008000000008,2054268570426,4122,792
1762516591,0000008000000001,2054452902764,3411,793
1762516592,0000000800000002,2054460732646,2934,794
1762516596,0000000100000001,2054506912891,167,795
1762516606,0000008000000080,2054602382294,4812,796
1762516613,0000000800000080,2054678340340,243,797
1762516615,0000000100000002,2054693571781,4526,798
1762516619,0000004000000004,2054738248813,1833,799
1762516622,0000000100000002,2054767105252,5284,800
1762516629,0000000400000080,2054836559348,1105,801
1762516636,0000008000000008,2054906455861,2099,802
1762516643,0000004000000008,2054974884991,3170,803
1762516648,0000004000000008,2055020700747,424,804
1762516662,0000000400000001,2055161377631,2342,805
1762516666,0000008000000080,2055204648982,4939,806
1762516675,0000004000000002,2055294029549,4759,807
1762516677,0000004000000004,2055313757411,3569,808
1762516679,0000000100000001,2055331524265,2493,809
1762516683,0000008000000080,2055372983636,5198,810
1762516683,0000000400000001,2055376838514,4970,811
1762516685,0000004000000001,2055393190314,3991,812
1762516715,0000004000000002,2055695513853,1377,813
1762516726,0000000100000008,2055800706379,248,814
1762516737,0000000400000008,2055918461817,3550,815
1762516739,0000008000000001,2055937957240,2373,816
1762516743,0000000400000004,2055978832605,5111,817
1762516765,0000000800000002,2056195011276,2489,818
1762516766,0000000100000080,2056207560439,1745,819
1762516768,0000000100000001,2056219791503,1001,820
1762516768,0000004000000080,2056226069180,631,821
1762516769,0000008000000080,2056236130494,5214,822
1762516769,0000004000000080,2056238040970,5100,823
1762516770,0000000400000008,2056243541516,4774,824
1762516787,0000000400000004,2056417182114,4719,825
1762516793,0000008000000002,2056475059476,1228,826
1762516799,0000008000000080,2056537523550,2659,827
1762516804,0000000100000001,2056586502665,4917,828
1762516807,0000008000000080,2056616075134,3131,829
1762516842,0000000800000004,2056964610812,2937,830
1762516847,0000004000000002,2057013513336,5198,831
1762516885,0000000200000001,2057397782782,2850,832
1762516893,0000000100000001,2057473487764,3498,833
1762516894,0000004000000080,2057480210350,3088,834
1762516894,0000008000000080,2057481379548,3017,835
1762516897,0000008000000001,2057515864514,947,836
1762516909,0000000800000002,2057638872241,3945,837
1762516921,000000800000000a,2057757425010,2003,838
1762516948,0000000400000001,2058020111529,1784,839
1762516952,0000008000000004,2058064859411,4293,840
1762516954,0000000400000004,2058088540343,2849,841
1762516962,0000000100000002,2058167151044,3321,842
1762516963,0000000100000001,2058170151863,3137,843
1762516973,0000000100000001,2058271104366,2262,844
1762516973,0000000400000001,2058271559132,2236,845
1762516982,0000000800000008,2058365022005,1812,846
1762516986,0000004000000080,2058405024547,4605,847
1762517000,0000004000000001,2058545523956,1336,848
1762517006,0000000800000008,2058607493269,2796,849
1762517013,0000008000000001,2058670448111,4222,850
1762517013,0000008000000008,2058677989240,3763,851
1762517022,0000000100000006,2058761405739,3941,852
1762517023,0000008000000080,2058774479950,3142,853
1762517026,0000008000000080,2058801781915,1505,854
1762517055,0000008000000008,2059097358267,4509,855
1762517062,0000000800000080,2059168985325,195,856
1762517072,0000004000000002,2059263329549,4908,857
1762517080,0000008000000080,2059346942236,5070,858
1762517095,0000000400000080,2059494855111,1362,859
1762517097,0000000100000001,2059515660269,5305,860
1762517105,0000000300000003,2059599538694,265,861
1762517109,0000000400000004,2059636720005,3215,862
1762517111,0000000400000001,2059659549543,1850,863
1762517112,0000008000000002,2059664489459,1550,864
1762517114,0000000100000001,2059687830199,211,865
1762517115,0000000200000004,2059695883451,4859,866
1762517119,0000000c00000001,2059733742047,2570,867
1762517143,0000008000000001,2059969967721,3956,868
1762517168,0000000100000001,2060222188506,4367,869
1762517184,0000008000000004,2060387921495,4781,870
1762517193,0000008000000080,2060477906293,4566,871
1762517201,0000008000000080,2060558966510,4878,872
1762517204,0000008000000080,2060588151532,3113,873
1762517208,0000000400000080,2060624940835,905,874
1762517210,0000000300000001,2060641350001,5113,875
1762517218,0000000100000080,2060725231340,5259,876
1762517226,0000000800000080,2060802575575,610,877
1762517235,0000004000000080,2060897479506,5286,878
1762517240,0000000100000001,2060945686730,2384,879
1762517261,0000000100000001,2061155165014,178,880
1762517273,0000000400000008,2061278251477,3153,881
1762517274,0000000800000001,2061283672866,2823,882
1762517279,0000000400000001,2061334201953,4987,883
1762517294,0000000100000002,2061482460229,1259,884
1762517295,0000008000000004,2061490978884,750,885
1762517305,000000c000000080,2061595504189,4854,886
1762517312,0000000100000008,2061661475314,880,887
1762517316,0000004000000001,2061699600993,3787,888
1762517338,0000004000000080,2061927269641,478,889
1762517353,0000004000000001,2062075210664,1966,890
1762517354,0000000100000001,2062083148450,1486,891
1762517381,0000008000000080,2062357508344,566,892
1762517395,0000000800000004,2062489765266,2988,893
1762517398,0000000800000004,2062526763883,769,894
1762517405,0000000c00000008,2062590487255,2131,895
1762517407,0000000100000081,2062615222397,644,896
1762517417,0000000800000008,2062713426081,5123,897
1762517428,0000008000000002,2062826171919,3536,898
1762517430,0000000100000001,2062847083981,2275,899
1762517439,0000000400000001,2062932980079,2302,900
1762517445,0000008000000008,2062992863286,3903,901
1762517468,0000004000000008,2063229277375,5253,902
1762517490,0000004000000080,2063445787576,2613,903
1762517494,0000000400000004,2063488887920,5219,904
1762517504,0000004000000001,2063580909080,4884,905
1762517515,0000000100000001,2063689647784,3533,906
1762517517,0000000800000080,2063718423513,1805,907
1762517525,0000000100000008,2063793527777,2472,908
1762517527,0000000100000001,2063811115145,1418,909
1762517538,0000000800000001,2063927959838,4784,910
1762517539,0000000800000080,2063930009491,4662,911
1762517568,0000000400000001,2064222342259,2645,912
1762517574,0000008000000004,2064281815632,4278,913
1762517575,000000010000000d,2064296994730,3354,914
1762517585,0000000100000002,2064390021024,2945,915
1762517598,0000000100000002,2064522978840,162,916
1762517617,0000004000000001,2064714844611,4199,917
1762517620,0000000100000001,2064746902831,2260,918
1762517641,0000000100000002,2064959368090,5062,919
1762517645,0000008000000008,2064998727888,2687,920
1762517650,0000004000000080,2065044906501,5110,921
1762517658,0000000400000008,2065120980189,536,922
1762517666,0000000100000008,2065206134050,609,923
1762517684,0000000100000003,2065380679820,497,924
1762517697,0000000800000004,2065512045107,2973,925
1762517708,000000080000000c,2065629169490,1124,926
1762517709,0000000100000001,2065636563641,685,927
1762517711,0000000100000008,2065658694242,4555,928
1762517725,0000000800000008,2065789504095,1875,929
1762517734,0000000200000001,2065880716156,1580,930
1762517734,0000000c00000001,2065886395662,1234,931
1762517737,0000008000000008,2065911072515,4949,932
1762517739,0000008000000080,2065932315513,3672,933
1762517742,0000000100000001,2065968687584,1481,934
1762517767,0000008000000004,2066212367226,2400,935
1762517770,0000000100000001,2066242769568,577,936
1762517774,000000c000000088,2066287559216,3068,937
1762517789,0000000100000001,2066432707402,4737,938
1762517797,0000008000000080,2066511501668,5184,939
1762517803,0000000100000004,2066572655521,1508,940
1762517805,0000004000000004,2066593014725,286,941
1762517814,0000000400000080,2066687385223,4995,942
1762517829,0000000400000001,2066830186801,1601,943
1762517832,0000004000000001,2066867695434,4542,944
1762517846,0000000400000080,2067001219393,1700,945
1762517868,0000008000000004,2067224590641,3848,946
1762517876,0000004000000001,2067309319820,3947,947
1762517882,0000000400000004,2067361936563,773,948
1762517888,0000004000000008,2067426672824,2074,949
1762517896,000000c000000080,2067500802322,2801,950
1762517903,0000000800000004,2067575027646,3539,951
1762517925,0000008000000002,2067794318688,734,952
1762517927,0000000100000002,2067811516004,4896,953
1762517928,0000000100000001,2067826607717,3992,954
1762517937,0000000100000002,2067916339282,3787,955
1762517939,0000000100000002,2067932686501,2791,956
1762517961,0000004000000080,2068156077632,4944,957
1762517962,0000000100000001,2068167662969,4255,958
1762517969,0000004000000080,2068232846383,328,959
1762517972,0000000100000004,2068269206660,3328,960
1762517977,0000000100000001,2068314315174,619,961
1762517990,0000000100000002,2068446552261,3044,962
1762517993,0000000400000080,2068474522860,1366,963
1762518029,0000000100000004,2068831191929,690,964
1762518031,0000008000000080,2068854708007,4476,965
1762518045,0000000800000002,2068993068209,1337,966
1762518060,0000000200000001,2069140063534,2875,967
1762518070,0000008000000080,2069240790865,2022,968
1762518100,0000000400000001,2069545269368,4487,969
1762518117,0000000800000001,2069718487428,4456,970
1762518123,0000000600000004,2069775289138,1026,971
1762518127,0000000800000080,2069810066094,4142,972
1762518133,0000000100000004,2069874186822,278,973
1762518137,0000004000000001,2069910626763,3273,974
1762518138,0000004000000008,2069927122974,2283,975
1762518142,0000000100000008,2069966999168,5080,976
1762518162,0000000400000008,2070168356952,3353,977
1762518169,0000000100000001,2070236086826,4484,978
1762518178,0000000400000001,2070320919890,4574,979
1762518200,0000000100000080,2070545526205,1442,980
1762518202,0000000800000008,2070565966729,217,981
1762518210,0000000800000001,2070646763007,549,982
1762518212,0000004000000004,2070665844593,4601,983
1762518213,0000000100000080,2070677875519,3875,984
1762518219,0000000100000008,2070738277674,239,985
1762518227,0000000800000080,2070812578638,957,986
1762518236,0000000400000080,2070903149345,706,987
1762518246,0000000100000003,2071005940796,4914,988
1762518259,0000008000000002,2071134367301,2375,989
1762518265,0000008000000004,2071193817211,4005,990
1762518286,0000008000000080,2071407569906,1527,991
1762518306,000000c000000080,2071605605180,5194,992
1762518311,0000000400000008,2071658249041,2031,993
1762518316,0000000400000002,2071704510883,4448,994
1762518359,0000000800000004,2072130316986,4800,995
1762518364,0000000400000001,2072180838928,1758,996
1762518402,0000004000000080,2072563761629,4698,997
1762518426,0000000100000080,2072802570428,714,998
1762518432,0000000800000001,2072863342060,2250,999
1762518433,0000000800000008,2072873052097,1671,1000
1762518433,0000004000000001,2072877608423,1392,1001
1762518438,0000004000000080,2072924729491,3759,1002
1762518439,0000000400000004,2072936303569,3050,1003
1762518479,0000000100000001,2073334783362,5057,1004
1762518496,0000000100000002,2073501725097,211,1005
1762518497,0000000800000001,2073519123589,4364,1006
1762518500,0000000400000008,2073545547516,2758,1007
1762518506,0000000100000001,2073603930449,4456,1008
1762518508,0000004000000008,2073629098544,2926,1009
1762518533,0000000100000002,2073871793062,3924,1010
1762518538,0000000100000001,2073922141981,886,1011
1762518539,0000000100000001,2073929350784,457,1012
1762518541,0000004000000008,2073950665940,4375,1013
1762518550,0000008000000008,2074046021166,3830,1014
1762518552,0000000100000001,2074060438470,2949,1015
1762518558,0000000400000004,2074120146122,4568,1016
1762518600,0000008000000080,2074546591489,4880,1017
1762518601,0000000800000001,2074550336517,4659,1018
1762518620,0000000100000001,2074743047938,3447,1019
1762518631,0000000800000008,2074858013976,1728,1020
1762518642,0000008000000080,2074964365642,522,1021
1762518652,0000000400000002,2075067218449,4727,1022
1762518656,0000000200000004,2075105676948,2404,1023
1762518661,0000004000000002,2075150956155,4883,1024
1762518670,0000000800000008,2075240130043,4715,1025
1762518670,0000000800000001,2075240674343,4681,1026
1762518674,0000004000000004,2075288375492,1808,1027
1762518688,0000008000000008,2075425410638,3958,1028
1762518705,0000004000000008,2075595279765,4129,1029
1762518713,0000000100000001,2075672925081,4651,1030
1762518730,0000000400000002,2075845240978,4671,1031
1762518739,0000000100000001,2075933118334,4581,1032
1762518791,0000008000000004,2076457501026,4202,1033
1762518796,0000000300000001,2076502799407,1467,1034
1762518818,0000000800000080,2076725966070,3628,1035
1762518840,0000000100000080,2076940226083,1120,1036
1762518856,0000008000000008,2077104378044,1639,1037
1762518869,0000000800000001,2077233485088,4269,1038
1762518906,0000004000000080,2077605883105,2626,1039
1762518914,0000000400000080,2077680607804,3329,1040
1762518914,0000000400000008,2077682914347,3188,1041
1762518915,0000000200000003,2077693784859,2534,1042
1762518923,000000080000000a,2077778703579,2620,1043
1762518941,0000000400000008,2077955841063,2354,1044
1762518944,0000000400000004,2077984198453,653,1045
1762518952,0000000c00000001,2078061632761,1184,1046
1762518994,0000000800000008,2078486474807,1603,1047
1762519006,0000000400000080,2078604071534,4919,1048
1762519016,0000000800000002,2078699487267,4379,1049
1762519028,0000008000000080,2078823681966,2093,1050
1762519059,0000004000000008,2079129290486,4494,1051
1762519073,0000000100000002,2079274685900,930,1052
1762519091,0000004000000080,2079450764287,729,1053
1762519092,0000000400000001,2079468702760,4848,1054
1762519101,0000000800000001,2079557518952,4700,1055
1762519127,0000004000000080,2079817746471,4631,1056
1762519136,0000000800000004,2079904512253,4605,1057
1762519150,0000004000000001,2080043061505,1457,1058
1762519152,0000000400000002,2080066916978,5213,1059
1762519169,0000000100000002,2080230523056,571,1060
1762519170,0000000100000002,2080247250313,4761,1061
1762519175,0000000100000003,2080289287240,2224,1062
1762519188,0000000100000004,2080424263230,4504,1063
1762519196,0000000800000008,2080499159170,5183,1064
1762519204,000000c000000080,2080586343303,5133,1065
1762519205,0000000100000001,2080597382517,4479,1066
1762519208,0000000400000001,2080619907445,3108,1067
1762519229,0000000800000080,2080831081453,798,1068
1762519238,0000000400000002,2080919242391,691,1069
1762519247,0000000400000001,2081017182583,5184,1070
1762519250,0000000400000004,2081044066605,3571,1071
1762519254,0000008000000001,2081079836006,1416,1072
1762519256,0000008000000001,2081106466259,5011,1073
1762519257,0000000400000001,2081113490372,4595,1074
1762519275,0000000100000001,2081290079866,4361,1075
1762519286,0000008000000080,2081403753426,2699,1076
1762519291,0000000800000002,2081457332438,4685,1077
1762519299,0000000100000001,2081535999355,5140,1078
1762519304,0000008000000080,2081588820635,1967,1079
1762519305,0000000100000008,2081598166694,1399,1080
1762519308,0000000400000002,2081625525702,4952,1081
1762519321,0000000800000080,2081753051422,2466,1082
1762519323,0000000400000080,2081769121219,1506,1083
1762519326,0000008000000002,2081801803227,4739,1084
1762519328,0000004000000080,2081823302135,3440,1085
1762519330,0000000200000002,2081846428821,2051,1086
1762519351,0000004000000004,2082057398937,4943,1087
1762519355,0000000100000001,2082092580862,2815,1088
1762519374,0000004000000080,2082284568311,1665,1089
1762519378,0000000800000008,2082325643284,4395,1090
1762519394,0000008000000004,2082488093546,5003,1091
1762519406,0000000400000001,2082606100836,3091,1092
1762519409,0000000100000002,2082630121007,1655,1093
1762519416,0000004000000008,2082707845419,2170,1094
1762519421,0000000800000008,2082757367110,4396,1095
1762519431,0000004000000004,2082856560781,3615,1096
1762519434,0000008000000080,2082879265520,2245,1097
1762519440,0000000800000001,2082940431471,3767,1098
1762519454,0000008000000080,2083080159336,553,1099
1762519467,0000000800000080,2083218284200,2622,1100
1762519485,0000000100000080,2083389737273,2696,1101
1762519496,0000000400000080,2083508877284,730,1102
1762519517,0000000100000080,2083717234038,3785,1103
1762519518,0000000400000080,2083726238373,3233,1104
1762519529,0000008000000008,2083832350631,2050,1105
1762519533,0000000400000002,2083869771909,4993,1106
1762519536,0000000400000001,2083902645560,3006,1107
1762519550,0000008000000080,2084040339248,5118,1108
1762519553,0000000100000001,2084072755480,3163,1109
1762519554,0000004000000008,2084081193524,2654,1110
1762519556,0000008000000004,2084108217767,1032,1111
1762519569,0000000100000003,2084237818432,3629,1112
1762519571,0000000400000080,2084257457544,2440,1113
1762519609,0000000800000080,2084633796591,584,1114
1762519622,0000000100000001,2084767554316,2917,1115
1762519632,0000004000000080,2084860964196,2494,1116
1762519653,0000000400000002,2085076424608,5120,1117
1762519662,0000004000000008,2085162082887,5161,1118
1762519670,0000000100000080,2085242139604,349,1119
1762519684,0000000100000004,2085380108747,2430,1120
1762519693,0000000800000001,2085470981918,2161,1121
1762519708,0000000100000003,2085624140719,3334,1122
1762519710,0000000100000001,2085643313833,2183,1123
1762519718,0000000400000001,2085722132369,2628,1124
1762519727,0000004000000080,2085812887145,2366,1125
1762519736,0000000800000002,2085908433798,1821,1126
1762519744,0000004000000080,2085981621117,2600,1127
1762519749,0000008000000004,2086030213175,4884,1128
1762519760,0000000800000002,2086145895022,3109,1129
1762519761,0000000800000002,2086155009489,2559,1130
1762519762,0000000100000001,2086165500575,1938,1131
1762519764,0000000100000080,2086186231261,690,1132
1762519782,0000000100000008,2086366559063,233,1133
1762519794,0000000800000004,2086480702201,3754,1134
1762519802,0000004000000001,2086561767619,4076,1135
1762519805,0000000400000001,2086595619204,2033,1136
1762519839,0000000200000004,2086934798336,2399,1137
1762519845,0000000400000001,2086992911936,4112,1138
1762519858,0000000400000080,2087126267253,1271,1139
1762519864,0000000100000008,2087182966963,3050,1140
1762519880,0000008000000080,2087343772593,3777,1141
1762519883,0000000400000004,2087372244257,2060,1142
1762519891,0000004000000080,2087452300070,2432,1143
1762519908,0000008000000004,2087628184528,2242,1144
1762519921,0000000400000080,2087751468140,5214,1145
1762519926,0000008000000002,2087803733920,2074,1146
1762519933,0000004000000080,2087872021602,3153,1147
1762519938,0000000100000004,2087920380397,253,1148
1762519938,0000000400000001,2087920994715,216,1149
1762519955,0000000100000001,2088094097442,192,1150
1762519959,000000c000000080,2088137474721,2764,1151
1762519970,0000000200000002,2088241870723,1689,1152
1762519971,0000008000000080,2088249661960,1214,1153
1762519977,0000008000000080,2088311786887,2667,1154
1762519999,0000000100000001,2088528912708,5194,1155
1762520003,0000000400000008,2088571739004,2612,1156
1762520006,0000004000000080,2088604230957,665,1157
1762520008,0000000800000001,2088628608046,4401,1158
1762520020,0000008000000080,2088739620943,2900,1159
1762520033,0000000800000008,2088873933214,5214,1160
1762520050,0000008000000080,2089038904412,490,1161
1762520064,0000004000000080,2089182527078,2234,1162
1762520073,0000000100000002,2089274430414,1904,1163
1762520101,0000008000000008,2089556730392,505,1164
1762520113,0000000100000001,2089669480107,4115,1165
1762520124,0000008000000080,2089785584948,2313,1166
1762520125,0000000100000001,2089788845623,2121,1167
1762520145,0000000400000008,2089998484919,5091,1168
1762520149,0000000100000004,2090034806822,2898,1169
1762520160,0000008000000004,2090144306301,1514,1170
1762520165,0000000100000001,2090189610633,3990,1171
1762520168,0000004000000080,2090218971334,2214,1172
1762520175,0000008000000080,2090289180774,3181,1173
1762520177,0000000100000001,2090310855667,1885,1174
1762520180,0000008000000080,2090343302365,5124,1175
1762520211,0000000100000001,2090656177576,1889,1176
1762520223,000000c000000004,2090772360025,5281,1177
1762520244,0000004000000080,2090979264596,3221,1178
1762520244,0000000800000001,2090983111975,2987,1179
1762520246,0000004000000080,2091007862357,1505,1180
1762520275,0000000400000004,2091295165934,5000,1181
1762520281,0000000100000080,2091355623491,1360,1182
1762520282,0000000100000001,2091366266598,721,1183
1762520288,0000000400000008,2091419239685,2721,1184
1762520294,0000008000000001,2091480989504,4218,1185
1762520308,0000000400000080,2091621258014,962,1186
1762520322,0000004000000080,2091760802789,2952,1187
1762520338,0000000100000080,2091919322208,3816,1188
1762520352,0000004000000001,2092060802344,497,1189
1762520356,0000000400000002,2092107054786,2898,1190
1762520367,0000004000000008,2092210648307,1871,1191
1762520379,0000004000000002,2092334539311,4808,1192
1762520380,0000000400000001,2092348132828,3994,1193
1762520381,0000000800000002,2092353422288,3670,1194
1762520396,0000000100000001,2092502829765,5068,1195
1762520407,0000000400000004,2092612900898,3643,1196
1762520407,0000000100000080,2092618648275,3292,1197
1762520409,0000000400000002,2092638720097,2088,1198
1762520415,0000008000000001,2092692615502,4046,1199
1762520417,0000000100000003,2092711431141,2899,1200
1762520426,0000000400000002,2092807451713,2323,1201
1762520445,0000004000000008,2092989347144,1775,1202
1762520447,0000000800000080,2093009173196,581,1203
1762520448,0000000100000001,2093023589075,4909,1204
1762520462,0000000400000080,2093159764201,1910,1205
1762520462,0000008000000001,2093162132015,1769,1206
1762520466,0000004000000080,2093208523426,4178,1207
1762520477,0000000400000080,2093310323546,3234,1208
1762520484,0000008000000080,2093382796562,4082,1209
1762520498,0000004800000080,2093521222459,937,1210
1762520504,0000000800000001,2093587473146,2150,1211
1762520510,0000000100000080,2093644857801,3898,1212
1762520517,0000008000000080,2093709327976,5205,1213
1762520534,0000008000000004,2093884965483,5031,1214
1762520542,0000000800000080,2093960816722,469,1215
1762520547,0000000400000004,2094011270911,2618,1216
1762520571,0000008000000080,2094258375910,3340,1217
1762520573,0000008000000004,2094277205345,2209,1218
1762520573,000000c000000080,2094277259985,2206,1219
1762520594,0000000100000001,2094487982819,5112,1220
1762520599,0000004000000008,2094531000591,2518,1221
1762520607,0000008000000080,2094611169881,2888,1222
1762520610,0000000100000008,2094645635897,823,1223
1762520612,0000008000000080,2094668083623,4674,1224
1762520615,0000000200000002,2094693704952,3120,1225
1762520622,0000000400000008,2094762069194,4216,1226
1762520635,0000008000000004,2094892001433,1586,1227
1762520656,0000008000000004,2095099269512,4705,1228
1762520690,000000c000000088,2095442736028,4818,1229
1762520698,0000008000000080,2095525717354,5018,1230
1762520707,0000000400000001,2095615180207,4833,1231
1762520725,0000004000000008,2095792312340,4570,1232
1762520734,0000000100000004,2095887329659,4048,1233
1762520745,0000004000000008,2095997230961,2614,1234
1762520748,0000000800000080,2096021216656,1175,1235
1762520752,0000000400000080,2096059627982,4071,1236
1762520780,0000004000000080,2096346956656,2356,1237
1762520783,0000008000000080,2096371206923,900,1238
1762520793,0000000800000008,2096477487128,4900,1239
1762520813,0000000400000008,2096677497465,3247,1240
1762520819,0000004000000080,2096729383645,5323,1241
1762520836,0000008000000002,2096900019206,259,1242
1762520880,0000008000000080,2097341667407,4856,1243
1762520896,0000000800000008,2097508014768,5231,1244
1762520909,0000008000000080,2097638425411,2575,1245
1762520910,0000004000000008,2097646349239,2105,1246
1762520911,0000004000000008,2097656010653,1524,1247
1762520914,0000000200000080,2097681873796,5162,1248
1762520923,0000004000000080,2097771328205,4978,1249
1762520931,0000004000000080,2097849677270,265,1250
1762520968,0000000800000080,2098227888002,3480,1251
1762520973,0000008000000001,2098270129346,937,1252
1762520983,0000004000000008,2098374216393,5066,1253
1762520984,0000000100000001,2098379906090,4731,1254
1762520986,0000000100000004,2098405472279,3181,1255
1762520991,0000000100000001,2098452064921,387,1256
1762520992,0000000400000002,2098459150688,5150,1257
1762520994,0000000100000080,2098484078662,3655,1258
1762521002,0000008000000002,2098564082921,4042,1259
1762521004,0000000100000006,2098583980262,2827,1260
1762521011,0000004000000004,2098653774003,3838,1261
1762521014,0000000800000002,2098680985721,2194,1262
1762521022,0000000400000002,2098763429934,2425,1263
1762521026,0000000100000001,2098800606736,198,1264
1762521040,0000000100000001,2098946984503,1779,1265
1762521041,0000008000000002,2098950010680,1594,1266
1762521056,0000008000000008,2099104110284,2703,1267
1762521071,0000004000000004,2099253232890,4138,1268
1762521082,0000000400000008,2099360352258,2871,1269
1762521084,0000008000000008,2099379304213,1742,1270
1762521086,0000000200000001,2099404031282,255,1271
1762521101,0000000400000001,2099554431869,1594,1272
1762521119,0000000800000080,2099736975476,997,1273
1762521122,0000000100000003,2099758970019,4875,1274
1762521148,0000008000000080,2100025273539,4443,1275
1762521159,0000000100000001,2100133963442,3083,1276
1762521168,0000000400000002,2100227633980,2642,1277
1762521187,0000008000000008,2100416396637,1682,1278
1762521222,0000000100000080,2100763276861,1593,1279
1762521223,0000000100000002,2100773706134,961,1280
1762521254,0000000400000003,2101079273498,3356,1281
1762521258,0000008000000001,2101121105437,840,1282
1762521263,0000000800000001,2101175550793,2751,1283
1762521299,0000000800000002,2101537234347,1781,1284
1762521306,0000000100000001,2101601746393,3087,1285
1762521321,0000000100000001,2101749420243,4606,1286
1762521326,0000000400000002,2101802566263,1398,1287
1762521328,0000000100000080,2101820632339,317,1288
1762521347,0000008000000008,2102012207168,4380,1289
1762521349,000000c000000080,2102036697296,2890,1290
1762521373,0000000400000002,2102272464411,4306,1291
1762521392,0000000100000008,2102467086862,2970,1292
1762521393,0000000400000004,2102478511853,2288,1293
1762521412,0000000100000080,2102658580446,1848,1294
1762521412,0000008000000080,2102666359629,1376,1295
1762521420,0000000100000001,2102738831209,2210,1296
1762521422,0000000100000001,2102766190196,569,1297
1762521430,0000004000000001,2102842073829,1192,1298
1762521442,0000000100000001,2102959677379,4519,1299
1762521447,0000008000000002,2103009089677,1538,1300
1762521456,0000000800000080,2103104913245,964,1301
1762521476,000000c000000080,2103301485487,4730,1302
1762521491,0000000100000080,2103455913873,630,1303
1762521498,0000000400000002,2103523072737,1785,1304
1762521523,0000008000000004,2103771395306,2423,1305
1762521533,0000008000000008,2103875559103,1353,1306
1762521542,0000000400000001,2103960507548,1439,1307
1762521552,0000008000000080,2104061781030,543,1308
1762521571,0000008000000080,2104258448645,4302,1309
1762521631,0000000100000001,2104855098047,4763,1310
1762521648,0000000800000008,2105022789285,5059,1311
1762521687,0000004000000008,2105412733999,2374,1312
1762521693,0000004000000004,2105470414198,4112,1313
1762521705,0000004000000001,2105593191382,1913,1314
1762521707,0000000100000005,2105616304023,523,1315
1762521750,0000000400000080,2106040265895,983,1316
1762521752,0000000400000005,2106065903007,4646,1317
1762521757,0000004000000002,2106114974328,1689,1318
1762521760,0000000800000080,2106145326569,5056,1319
1762521763,0000000100000004,2106177054370,3141,1320
1762521765,0000004000000001,2106190899382,2311,1321
1762521769,0000000100000001,2106228657090,5234,1322
1762521778,0000000100000001,2106323615584,4722,1323
1762521782,0000008000000080,2106360202299,2512,1324
1762521790,0000000400000004,2106446609993,2507,1325
1762521793,0000008000000001,2106468643355,1183,1326
1762521809,0000000800000002,2106631395656,1788,1327
1762521815,0000000400000080,2106698235203,2950,1328
1762521819,0000004000000001,2106731267395,968,1329
1762521836,0000000400000080,2106900157702,1196,1330
1762521838,0000000800000080,2106919235502,5244,1331
1762521849,0000000100000002,2107032735658,3615,1332
1762521855,0000000400000080,2107089186444,220,1333
1762521876,0000000800000002,2107307041175,2685,1334
1762521889,0000000400000008,2107428600222,577,1335
1762521933,0000000100000004,2107869894434,5191,1336
1762521946,0000008000000080,2108000755820,2509,1337
1762521955,0000000800000001,2108090124477,2331,1338
1762521960,0000000100000080,2108140826533,4486,1339
1762521966,0000000800000080,2108207219373,486,1340
1762521975,0000000100000002,2108298355571,198,1341
1762521977,0000000800000002,2108316096555,4332,1342
1762521993,0000000100000002,2108471123396,194,1343
1762521995,0000008000000001,2108490727520,4214,1344
1762521998,0000004000000008,2108526421845,2059,1345
1762522002,0000000400000080,2108559530252,5257,1346
1762522004,0000004000000080,2108580618356,3999,1347
1762522011,0000000800000008,2108656107358,4652,1348
1762522031,0000000800000004,2108853337490,3161,1349
1762522034,0000004000000080,2108883487540,1352,1350
1762522037,0000008000000080,2108910735470,4913,1351
1762522042,0000000800000008,2108959785658,1961,1352
1762522046,0000000800000002,2108999534260,4766,1353
1762522047,0000000800000002,2109010127066,4133,1354
1762522070,0000004000000080,2109242012069,566,1355
1762522072,0000000100000001,2109260962593,4624,1356
1762522072,0000000800000001,2109266882519,4271,1357
1762522081,0000004000000008,2109357504074,4011,1358
1762522101,0000008000000080,2109555986362,2448,1359
1762522106,0000000800000008,2109601946523,4885,1360
1762522122,0000000400000008,2109763732625,346,1361
1762522131,0000000200000002,2109852171425,220,1362
1762522135,0000000200000001,2109893951999,2889,1363
1762522148,0000000100000001,2110028237496,5207,1364
1762522153,000000c000000080,2110072108087,2561,1365
1762522166,0000000200000002,2110207003584,4847,1366
1762522169,0000008000000080,2110234816771,3164,1367
1762522173,0000004000000008,2110278001155,573,1368
1762522175,0000000800000008,2110295226574,4735,1369
1762522199,0000000100000080,2110534471564,725,1370
1762522202,0000008000000004,2110558828059,4462,1371
1762522202,0000004000000008,2110565284112,4073,1372
1762522209,0000000200000002,2110632083152,5240,1373
1762522225,0000000100000080,2110798096323,452,1374
1762522237,0000004000000008,2110917430702,3661,1375
1762522257,0000008000000080,2111117578328,2008,1376
1762522260,0000004000000001,2111143211006,467,1377
1762522278,0000008000000080,2111319840889,230,1378
1762522278,0000000100000008,2111324618802,5133,1379
1762522282,0000008000000080,2111364030230,2755,1380
1762522288,0000004000000008,2111425195683,4286,1381
1762522304,0000008000000001,2111581141303,5281,1382
1762522304,0000004000000008,2111587446505,4909,1383
1762522312,0000008000000080,2111659920715,547,1384
1762522318,0000008000000008,2111722144462,1998,1385
1762522321,0000004000000008,2111753455772,5304,1386
1762522336,0000000100000001,2111903650927,1465,1387
1762522338,0000000400000001,2111921585336,389,1388
1762522371,0000008000000080,2112249332623,1446,1389
1762522394,0000000400000001,2112487763664,2678,1390
1762522400,0000004000000008,2112544299320,4488,1391
1762522403,0000004000000004,2112574106257,2680,1392
1762522406,0000000800000004,2112607963694,652,1393
1762522407,0000000800000080,2112612032314,409,1394
1762522420,0000004000000080,2112739870148,3097,1395
1762522430,0000000100000001,2112843196630,2083,1396
1762522439,0000000400000001,2112929537313,2081,1397
1762522458,0000004000000080,2113119429762,1043,1398
1762522464,0000008000000080,2113180734406,2545,1399
1762522464,0000000400000004,2113182950301,2414,1400
1762522482,0000000100000001,2113359832849,2166,1401
1762522500,0000004000000008,2113540976789,1660,1402
1762522500,0000000400000080,2113544608314,1438,1403
1762522537,0000000100000001,2113912943156,5249,1404
1762522546,0000000800000001,2113999045330,5265,1405
1762522557,0000000100000004,2114111356251,3710,1406
1762522565,0000008000000001,2114197505496,3721,1407
1762522573,0000008000000080,2114271094860,4492,1408
1762522582,0000000800000004,2114363934415,4101,1409
1762522585,0000000800000001,2114395151635,2214,1410
1762522592,0000000100000003,2114459985206,3510,1411
1762522627,000000010000000d,2114813252983,3027,1412
1762522640,0000008000000080,2114947514536,162,1413
1762522642,0000000400000004,2114963657857,4385,1414
1762522647,0000008000000004,2115015391080,1259,1415
1762522668,0000000800000002,2115219020231,4602,1416
1762522675,000000840000000c,2115293941325,2367,1417
1762522676,0000000800000003,2115303701148,4700,1418
1762522709,0000000200000004,2115629564942,674,1419
1762522744,0000004000000008,2115984825893,5271,1420
1762522759,0000008000000008,2116130156643,1728,1421
1762522787,0000000400000008,2116410143015,467,1422
1762522798,0000004000000008,2116527245917,3809,1423
1762522799,0000000300000001,2116534541881,3367,1424
1762522799,0000004000000080,2116536157266,3268,1425
1762522800,0000000700000001,2116547284973,2595,1426
1762522803,0000000100000002,2116577132367,806,1427
1762522805,0000004000000080,2116596502595,4840,1428
1762522809,0000008000000080,2116630689640,2770,1429
1762522809,0000000400000004,2116633527248,2602,1430
1762522833,0000008000000080,2116873624283,3753,1431
1762522847,0000000100000008,2117010678215,698,1432
1762522853,0000008000000004,2117077372747,1883,1433
1762522855,0000004000000080,2117094298745,859,1434
1762522861,0000008000000004,2117153616339,2480,1435
1762522872,0000004000000004,2117263207994,1084,1436
1762522877,0000000400000008,2117317553357,3007,1437
1762522894,0000000800000080,2117481866831,3517,1438
1762522901,0000008000000080,2117554278216,4365,1439
1762522904,0000000400000001,2117580469665,2771,1440
1762522906,0000000100000001,2117607590083,1143,1441
1762522913,0000004000000008,2117671550322,2489,1442
1762522914,0000008000000080,2117687965583,1506,1443
1762522922,0000000400000004,2117758918156,2428,1444
1762522943,0000008000000080,2117975290967,5000,1445
1762522997,0000000100000008,2118509468699,4037,1446
1762523009,0000004000000004,2118633443857,1770,1447
1762523044,0000000100000001,2118983304463,2992,1448
1762523047,0000008000000080,2119012542618,4933,1449
1762523054,0000000100000001,2119083752337,648,1450
1762523056,0000000100000008,2119104555208,4598,1451
1762523061,0000000100000080,2119150241749,1844,1452
1762523081,0000008000000080,2119357457281,4961,1453
1762523082,0000004000000002,2119364856237,4523,1454
1762523086,0000004000000008,2119406514428,2009,1455
1762523089,0000000400000004,2119428567770,682,1456
1762523089,0000004000000008,2119436400550,213,1457
1762523095,0000004000000080,2119492112608,2053,1458
1762523098,0000000800000001,2119526387158,5183,1459
1762523100,0000000100000080,2119545538866,4040,1460
1762523111,0000000100000004,2119651100576,2868,1461
1762523112,0000000800000004,2119659150895,2388,1462
1762523113,0000004000000004,2119673109817,1553,1463
1762523116,0000008000000080,2119700000115,5128,1464
1762523119,0000008000000080,2119728553737,3410,1465
1762523120,0000000800000002,2119747479623,2270,1466
1762523126,0000000100000001,2119800906314,4261,1467
1762523141,0000000100000003,2119953088552,296,1468
1762523142,0000008000000080,2119959310011,5111,1469
1762523144,0000000100000002,2119985623828,3530,1470
1762523146,0000000400000001,2120005502771,2331,1471
1762523153,0000000800000080,2120077712228,3178,1472
1762523161,0000000400000080,2120155563749,3699,1473
1762523164,0000008000000080,2120178268371,2326,1474
1762523168,0000008000000080,2120221979889,4897,1475
1762523176,0000000400000004,2120302873270,5220,1476
1762523183,0000000100000002,2120376121725,814,1477
1762523233,0000008000000008,2120871350746,2187,1478
1762523252,0000004000000002,2121065261423,909,1479
1762523271,0000000100000001,2121252897175,5204,1480
1762523274,0000000100000080,2121284409790,3307,1481
1762523275,0000008000000080,2121290903448,2911,1482
1762523277,0000008000000008,2121317529850,1315,1483
1762523285,0000008000000080,2121388205901,2259,1484
1762523289,0000000800000001,2121432061531,4821,1485
1762523301,0000000800000008,2121553018997,2724,1486
1762523313,0000008000000080,2121671542006,797,1487
1762523324,0000000100000001,2121778602428,4751,1488
1762523325,0000004000000080,2121797708394,3598,1489
1762523327,0000000100000001,2121811726171,2745,1490
1762523329,0000004000000004,2121833573280,1438,1491
1762523331,0000000800000001,2121856694534,5240,1492
1762523342,0000004000000001,2121967819033,3757,1493
1762523358,0000000100000001,2122122046111,4867,1494
1762523364,0000008000000080,2122185940617,1016,1495
1762523366,0000000800000004,2122199193353,225,1496
1762523380,0000004000000080,2122345429585,1816,1497
1762523382,0000000100000008,2122365526074,605,1498
1762523422,0000000100000001,2122758650491,2917,1499
1762523426,0000000100000001,2122801985369,322,1500
1762523430,0000008000000080,2122847770107,2750,1501
1762523452,000000c000000002,2123062613102,226,1502
1762523475,000000c000000080,2123291409768,2043,1503
1762523476,0000004000000001,2123302641039,1363,1504
1762523478,0000000800000004,2123320523701,293,1505
1762523480,0000008000000080,2123344227927,4066,1506
1762523485,0000000100000004,2123392204080,1167,1507
1762523492,0000008000000080,2123461937062,2171,1508
1762523502,0000008000000001,2123561705272,1362,1509
1762523514,0000008000000001,2123682499750,4494,1510
1762523533,0000008000000004,2123874642978,3311,1511
1762523564,0000008000000080,2124187916538,5243,1512
1762523599,0000000100000004,2124531281015,177,1513
1762523604,0000000800000004,2124587678684,1976,1514
1762523608,0000000100000001,2124622243131,5089,1515
1762523618,0000000800000003,2124725817884,4061,1516
1762523630,0000000100000001,2124847648126,1921,1517
1762523632,0000000100000001,2124862198260,1039,1518
1762523633,000000c000000080,2124871887761,462,1519
1762523640,0000000100000001,2124946258043,1175,1520
1762523649,0000000100000080,2125028836517,1404,1521
1762523651,0000000800000004,2125057183950,4899,1522
1762523658,0000000100000001,2125121351969,1031,1523
1762523661,0000000400000004,2125153498837,4304,1524
1762523667,0000000400000001,2125211484094,806,1525
1762523669,0000000100000001,2125232231244,4759,1526
1762523670,0000000800000080,2125242218181,4161,1527
1762523680,0000004000000001,2125340553264,3429,1528
1762523695,0000004000000004,2125495548700,4503,1529
1762523707,0000000800000008,2125610281556,2778,1530
1762523713,0000004000000002,2125675694606,4054,1531
1762523726,0000000100000080,2125806555689,1366,1532
1762523729,0000000100000001,2125834589466,4879,1533
1762523729,0000000100000001,2125837350494,4714,1534
1762523759,0000008000000002,2126129586342,2704,1535
1762523769,0000004000000002,2126229324651,1909,1536
1762523772,0000000800000001,2126265432947,4932,1537
1762523795,0000008000000080,2126490059559,1807,1538
1762523802,0000000800000004,2126561262580,2707,1539
1762523802,000000c000000080,2126562386998,2640,1540
1762523806,0000000800000004,2126602927952,211,1541
1762523816,0000004000000001,2126702001623,4645,1542
1762523861,0000000400000080,2127156875648,3239,1543
1762523863,0000000400000002,2127168831452,2518,1544
1762523901,0000000400000002,2127550257874,359,1545
1762523901,0000008000000080,2127551428900,288,1546
1762523901,0000000400000008,2127552240580,240,1547
1762523905,0000000100000080,2127589623733,3177,1548
1762523909,0000000400000008,2127636715167,353,1549
1762523925,0000000100000080,2127789073872,1572,1550
1762523932,0000000400000004,2127863212244,2303,1551
1762523939,0000000100000008,2127935286799,3159,1552
1762523948,0000008000000080,2128023713088,3032,1553
1762523958,0000000400000008,2128123961558,2202,1554
1762523974,0000000100000001,2128283512521,2985,1555
1762523995,0000000800000080,2128490825623,907,1556
1762524000,0000000100000001,2128544983817,2837,1557
1762524009,0000008000000080,2128630450939,2890,1558
1762524020,0000000100000002,2128738814861,1575,1559
1762524027,0000000100000001,2128815465491,2156,1560
1762524031,0000000800000002,2128854371606,5011,1561
1762524044,0000000400000008,2128980320358,2621,1562
1762524045,0000008000000080,2128997052957,1622,1563
1762524046,0000004000000004,2128999028231,1503,1564
1762524057,0000000400000002,2129108574991,5298,1565
1762524071,0000004000000004,2129250380729,1966,1566
1762524071,0000008000000001,2129254101013,1743,1567
1762524078,0000000800000008,2129321285209,2885,1568
1762524092,0000008000000004,2129464732269,4659,1569
1762524099,0000000400000080,2129528944818,790,1570
1762524107,0000000400000080,2129614233348,852,1571
1762524128,0000008000000080,2129823078473,3878,1572
1762524135,0000008000000002,2129897525363,4595,1573
1762524141,0000000100000001,2129949466038,1462,1574
1762524157,0000000400000004,2130109993043,2193,1575
1762524157,0000000400000008,2130117595514,1740,1576
1762524159,0000000100000001,2130136592291,596,1577
1762524173,0000004000000080,2130269604891,2973,1578
1762524177,0000000100000001,2130310218655,540,1579
1762524188,0000004000000080,2130422380197,4187,1580
1762524193,0000008000000008,2130470094207,1306,1581
1762524221,0000000100000001,2130754994476,4949,1582
1762524222,0000000100000002,2130764951673,4357,1583
1762524250,0000008000000008,2131040324465,3362,1584
1762524272,0000000800000001,2131265276448,224,1585
1762524275,0000000800000080,2131293594045,3715,1586
1762524275,0000004000000004,2131295083590,3624,1587
1762524287,0000000100000080,2131411892920,1791,1588
1762524292,0000008000000004,2131464331830,3834,1589
1762524321,0000000400000001,2131754757252,1942,1590
1762524327,0000000100000080,2131812707487,3651,1591
1762524329,0000008000000080,2131833804905,2374,1592
1762524366,0000008000000008,2132200360344,1100,1593
1762524367,0000004000000001,2132213585033,311,1594
1762524393,0000000100000004,2132477676179,5196,1595
1762524400,0000000100000001,2132546020485,1084,1596
1762524403,0000004000000001,2132570122494,4836,1597
1762524404,0000000100000001,2132587129708,3812,1598
1762524420,0000004000000004,2132738437679,5094,1599
1762524427,0000004800000080,2132817019974,369,1600
1762524446,0000004000000002,2133004724595,4663,1601
1762524461,0000008000000002,2133155000752,810,1602
1762524486,0000000200000001,2133402414775,1510,1603
1762524493,0000000800000004,2133469920337,2635,1604
1762524500,0000008000000080,2133545713847,3274,1605
1762524501,0000000100000008,2133552890056,2837,1606
1762524502,0000000100000080,2133566068386,2055,1607
1762524504,0000008000000080,2133587666448,753,1608
1762524508,0000000800000001,2133618796710,4084,1609
1762524511,0000008000000008,2133647863660,2325,1610
1762524512,0000000800000001,2133660142243,1589,1611
1762524544,0000000100000001,2133983973794,2875,1612
1762524558,0000000800000001,2134126476510,4707,1613
1762524562,0000000100000004,2134167476322,2231,1614
1762524589,0000004000000008,2134427782530,2158,1615
1762524598,0000000400000002,2134524928020,1506,1616
1762524620,0000008000000004,2134740397523,4136,1617
1762524627,0000000400000002,2134816101526,4772,1618
1762524635,0000000400000004,2134892599602,169,1619
1762524656,0000004000000002,2135105419878,2937,1620
1762524671,0000000100000008,2135253386257,4442,1621
1762524687,0000000400000004,2135415107180,5093,1622
1762524693,0000008000000002,2135470191637,1781,1623
1762524694,0000004000000004,2135480035625,1182,1624
1762524694,0000000100000004,2135485169723,876,1625
1762524695,0000000100000001,2135489041912,647,1626
1762524696,0000000100000001,2135504614531,4906,1627
1762524697,0000004000000004,2135509971772,4587,1628
1762524698,0000004000000002,2135522734741,3819,1629
1762524710,0000000200000080,2135640305878,1936,1630
1762524712,0000000400000008,2135667612903,295,1631
1762524765,0000000100000002,2136189520330,5252,1632
1762524803,0000000800000004,2136575324371,2813,1633
1762524831,0000008000000001,2136847720068,2019,1634
1762524870,0000008000000002,2137246322450,4017,1635
1762524875,0000008000000001,2137297324089,938,1636
1762524891,0000008000000080,2137447926653,2268,1637
1762524903,000000c000000080,2137571822376,5204,1638
1762524926,0000004000000001,2137803153568,1679,1639
1762524935,0000008000000080,2137888748711,1724,1640
1762524964,0000000400000004,2138178453442,5072,1641
1762524973,0000008000000080,2138269269309,4807,1642
1762524984,0000008000000080,2138386100510,2960,1643
1762524990,0000004000000008,2138438568690,5008,1644
1762525019,0000000100000008,2138731845443,2937,1645
1762525035,0000000100000002,2138888468782,3919,1646
1762525037,0000000200000001,2138915215576,2300,1647
1762525058,0000008000000080,2139124289423,5303,1648
1762525062,0000000800000008,2139162568601,2998,1649
1762525093,0000008000000080,2139474942715,4993,1650
1762525093,0000008000000008,2139477094160,4866,1651
1762525097,0000000100000001,2139511867659,2760,1652
1762525098,0000000200000001,2139518827215,2346,1653
1762525146,0000004000000001,2140007443809,4130,1654
1762525150,0000000100000001,2140041220525,2090,1655
1762525178,0000004000000080,2140321619381,804,1656
1762525180,0000000100000008,2140346020360,4538,1657
1762525191,000000c000000080,2140449702958,3487,1658
1762525208,0000000100000004,2140618424018,3731,1659
1762525238,0000004000000080,2140922161688,1033,1660
1762525242,0000008000000002,2140964735026,3674,1661
1762525243,0000008000000080,2140974649106,3067,1662
1762525253,0000000100000001,2141075342428,2209,1663
1762525261,0000004000000001,2141157503731,2456,1664
1762525262,0000000800000080,2141160485455,2279,1665
1762525263,0000000400000001,2141174009673,1467,1666
1762525265,000000c000000084,2141196259093,5321,1667
1762525266,0000000c00000080,2141200122905,5091,1668
1762525270,000000c000000080,2141243771828,2460,1669
1762525271,0000000800000001,2141248045927,2208,1670
1762525309,0000000400000002,2141634055368,4961,1671
1762525310,0000008000000080,2141641057153,4546,1672
1762525316,0000004000000001,2141698820326,1059,1673
1762525329,0000008000000080,2141829258136,3606,1674
1762525331,0000000400000080,2141855091590,2051,1675
1762525334,0000000100000001,2141880171498,544,1676
1762525344,0000008000000080,2141980645234,4888,1677
1762525348,0000000800000008,2142026661938,2117,1678
1762525377,0000008000000080,2142317506555,207,1679
1762525387,0000000100000002,2142413138569,4843,1680
1762525392,0000000400000002,2142459263561,2065,1681
1762525392,000000040000000c,2142462048417,1899,1682
1762525422,0000008000000002,2142757610016,4896,1683
1762525434,0000000400000008,2142884425474,2452,1684
1762525439,0000000800000004,2142932596295,4761,1685
1762525448,0000008000000002,2143018060051,4812,1686
1762525450,0000000200000001,2143038621523,3571,1687
1762525459,0000000100000001,2143133605122,3045,1688
1762525459,0000000800000080,2143135772920,2912,1689
1762525474,0000000100000001,2143278166398,4748,1690
1762525479,0000000400000001,2143331332209,1544,1691
1762525482,0000000400000080,2143362183879,4886,1692
1762525489,0000000800000008,2143430287902,786,1693
1762525507,0000000100000001,2143614999057,5255,1694
1762525511,0000000100000002,2143647606367,3292,1695
1762525516,0000000100000001,2143699663361,168,1696
1762525517,0000000100000001,2143709631069,4764,1697
1762525550,0000000400000004,2144043817096,241,1698
1762525551,0000008000000080,2144056870232,4653,1699
1762525558,0000008000000080,2144121364521,766,1700
1762525559,0000000100000008,2144136071052,5074,1701
1762525571,0000000800000008,2144255524951,3078,1702
1762525572,0000000100000001,2144261584021,2711,1703
1762525573,0000000400000001,2144274703448,1932,1704
1762525576,0000000800000008,2144299587847,436,1705
1762525599,0000004000000008,2144533436044,1951,1706
1762525610,0000000800000080,2144638856250,800,1707
1762525619,0000000100000003,2144730404355,491,1708
1762525619,0000000800000004,2144730881604,462,1709
1762525621,0000004000000004,2144748034111,4628,1710
1762525623,0000000800000080,2144774124648,3043,1711
1762525636,0000000800000080,2144900232840,661,1712
1762525637,0000008000000080,2144914040350,5025,1713
1762525640,0000008000000004,2144945755183,3108,1714
1762525648,0000000100000008,2145026069003,3478,1715
1762525649,0000000800000080,2145030814138,3188,1716
1762525666,0000008000000080,2145201477964,3311,1717
1762525673,0000008000000080,2145275501518,4063,1718
1762525676,0000008000000080,2145302438367,2430,1719
1762525686,0000008000000004,2145400164002,1752,1720
1762525686,0000008000000004,2145403569274,1546,1721
1762525690,0000004000000002,2145442845593,4385,1722
1762525703,0000008000000004,2145568509856,2013,1723
1762525708,0000008000000001,2145626749477,3707,1724
1762525716,0000008000000004,2145703749227,4274,1725
1762525717,0000004000000080,2145715415240,3564,1726
1762525741,0000004000000004,2145948627487,5115,1727
1762525748,0000000800000008,2146026616060,427,1728
1762525782,0000000100000004,2146359015083,1200,1729
1762525789,0000000400000002,2146436409400,1745,1730
1762525794,0000008000000001,2146480061689,4320,1731
1762525794,0000000400000004,2146485339357,4001,1732
1762525836,0000004000000004,2146906997575,4606,1733
1762525851,0000000100000001,2147054194574,935,1734
1762525861,0000008000000080,2147148238179,477,1735
1762525900,0000000800000002,2147544336621,2610,1736
1762525910,0000008000000002,2147642771398,1891,1737
1762525920,0000000100000080,2147739685898,1251,1738
1762525926,0000004000000001,2147805258279,2498,1739
1762525936,0000000100000008,2147901101275,1934,1740
1762525937,0000008000000002,2147911538795,1301,1741
1762525947,0000000100000001,2148012044865,454,1742
1762525949,0000008000000080,2148030072481,4569,1743
1762525962,0000004000000001,2148165501989,1609,1744
1762525971,0000008000000004,2148254802230,1429,1745
1762525974,0000000100000008,2148280487638,5080,1746
1762525974,0000008000000008,2148283191409,4921,1747
1762525975,0000000400000004,2148288513416,4605,1748
1762525981,0000000400000004,2148353911830,664,1749
1762526005,0000004000000008,2148588787798,2116,1750
1762526009,0000000100000001,2148635531524,4506,1751
1762526022,0000008000000080,2148765863691,1853,1752
1762526026,0000000400000001,2148803210660,4804,1753
1762526029,0000000400000001,2148837132454,2751,1754
1762526044,0000008000000008,2148978698366,4638,1755
1762526045,0000008000000080,2148988056882,4078,1756
1762526051,0000000400000008,2149049043472,402,1757
1762526063,0000008100000001,2149171405738,3426,1758
1762526069,0000000400000004,2149236980977,4682,1759
1762526071,0000008000000004,2149250868555,3847,1760
1762526081,0000000800000004,2149349383164,3102,1761
1762526131,0000000400000080,2149854720438,3879,1762
1762526136,0000008000000008,2149898195102,1256,1763
1762526144,0000000400000001,2149977757022,1667,1764
1762526175,0000000800000001,2150290465622,3635,1765
1762526178,0000004000000001,2150318455339,1950,1766
1762526184,0000000100000001,2150382942612,3258,1767
1762526192,0000000400000080,2150463484573,3613,1768
1762526197,0000004000000002,2150516323797,435,1769
1762526207,0000000300000001,2150613900885,4954,1770
1762526211,0000004000000004,2150649594749,2794,1771
1762526211,0000000800000002,2150655855131,2422,1772
1762526222,0000004000000004,2150761217804,1280,1773
1762526222,0000000100000004,2150762030369,1230,1774
1762526228,0000000100000080,2150827006917,2513,1775
1762526236,0000000800000008,2150898748242,3396,1776
1762526237,0000000100000001,2150914929647,2420,1777
1762526254,0000000800000080,2151085517715,2544,1778
1762526259,0000000100000003,2151131479256,4983,1779
1762526263,0000000100000001,2151170844692,2604,1780
1762526274,0000008000000002,2151278265642,1341,1781
1762526277,0000000100000001,2151312794823,4470,1782
1762526297,000000c000000080,2151512990505,2798,1783
1762526302,0000000100000002,2151558808202,5243,1784
1762526304,0000008000000080,2151578115390,4092,1785
1762526304,0000000100000003,2151585922971,3615,1786
1762526307,0000008000000080,2151607961003,2284,1787
1762526309,0000000100000008,2151629396975,995,1788
1762526310,000000040000000c,2151646744731,5147,1789
1762526311,0000004000000002,2151656986607,4541,1790
1762526325,0000000100000080,2151787572946,1872,1791
1762526340,0000000400000008,2151941410502,2997,1792
1762526341,0000004000000001,2151950778900,2436,1793
1762526356,0000000100000001,2152099996222,3860,1794
1762526366,0000000400000080,2152198177466,3134,1795
1762526389,0000000400000004,2152431143816,4714,1796
1762526390,000000c100000008,2152445799688,3833,1797
1762526393,0000008000000080,2152473131405,2181,1798
1762526400,0000000100000008,2152540738515,3306,1799
1762526410,0000008000000080,2152645217010,2217,1800
1762526419,0000004000000008,2152728404912,2404,1801
1762526427,0000000100000001,2152815937631,2333,1802
1762526428,0000000100000001,2152824172447,1844,1803
1762526438,0000008000000004,2152917599687,1414,1804
1762526439,0000000800000001,2152935047098,369,1805
1762526440,0000000800000004,2152947200319,4833,1806
1762526454,0000008000000008,2153080740944,1991,1807
1762526456,0000000800000001,2153104500409,563,1808
1762526462,000000c000000080,2153160693931,2369,1809
1762526463,0000004000000080,2153175625432,1475,1810
1762526472,0000000100000004,2153257927273,1720,1811
1762526478,0000008000000008,2153323459238,2963,1812
1762526501,0000000800000004,2153549025771,4986,1813
1762526505,0000000400000080,2153595130932,2209,1814
1762526553,0000008000000080,2154067450298,4965,1815
1762526578,0000000800000080,2154317824730,292,1816
1762526583,0000004000000002,2154374758221,2058,1817
1762526604,0000000100000001,2154586761916,4890,1818
1762526605,0000000400000002,2154591967015,4581,1819
1762526623,0000004000000002,2154769976127,4262,1820
1762526636,0000004000000002,2154903803133,1395,1821
1762526641,0000000400000080,2154952959829,3636,1822
1762526651,0000000800000080,2155054722090,2698,1823
1762526655,0000000100000004,2155090291724,568,1824
1762526656,0000000100000001,2155104867956,4888,1825
1762526664,0000008000000080,2155178295237,469,1826
1762526664,0000000100000080,2155179213960,414,1827
1762526683,0000000100000001,2155368253035,4629,1828
1762526688,0000000400000002,2155418864703,1579,1829
1762526690,0000000400000004,2155440670118,269,1830
1762526708,0000000400000008,2155622564057,4909,1831
1762526729,0000008000000080,2155831758714,2701,1832
1762526738,0000000100000002,2155925413301,2267,1833
1762526753,0000000800000080,2156075885014,3609,1834
1762526756,0000000100000001,2156103875611,1924,1835
1762526762,0000004000000002,2156162529604,3589,1836
1762526765,0000000400000004,2156193637174,1719,1837
1762526780,0000000400000002,2156343877274,3060,1838
1762526805,0000000100000001,2156588817487,3922,1839
1762526839,0000008000000080,2156933534605,3962,1840
1762526847,0000000400000008,2157010193990,4544,1841
1762526847,0000000100000008,2157014194267,4305,1842
1762526859,0000004000000008,2157131119581,2451,1843
1762526865,0000004000000001,2157194495591,3844,1844
1762526882,0000008000000080,2157361090315,4214,1845
1762526890,0000008000000004,2157441557540,4566,1846
1762526897,0000000800000008,2157509457498,476,1847
1762526897,0000000400000002,2157515348251,5309,1848
1762526900,0000008000000080,2157539303577,3877,1849
1762526906,0000000500000002,2157605374561,5091,1850
1762526929,0000008000000001,2157835527496,1636,1851
1762526937,0000000100000001,2157911811852,2239,1852
1762526941,0000008000000008,2157951097061,5072,1853
1762526966,0000000100000001,2158203756033,263,1854
1762526969,0000000100000001,2158228586516,3967,1855
1762526976,0000008000000001,2158298629649,4943,1856
1762526992,0000008000000080,2158465364095,5295,1857
1762527010,0000008000000080,2158641745020,5076,1858
1762527015,0000000800000002,2158692731930,2010,1859
1762527020,0000000800000001,2158742693882,4208,1860
1762527039,0000000400000080,2158935906704,2955,1861
1762527051,0000000400000080,2159057057074,867,1862
1762527065,0000008000000080,2159196638579,2851,1863
1762527081,0000000800000080,2159352577027,3874,1864
1762527083,0000008000000080,2159375476581,2485,1865
1762527083,0000000100000002,2159376465746,2426,1866
1762527092,0000000100000001,2159458797412,2665,1867
1762527135,0000000800000004,2159891833302,2585,1868
1762527140,0000008000000080,2159942485717,4746,1869
1762527143,000000c000000001,2159972069769,2953,1870
1762527145,0000008000000080,2159987699041,2022,1871
1762527148,0000000400000004,2160017439479,235,1872
1762527148,0000004000000008,2160025723189,4930,1873
1762527155,0000000100000001,2160093540577,845,1874
1762527183,0000000800000008,2160370097674,4989,1875
1762527185,0000000800000080,2160390296441,3777,1876
1762527189,0000000400000008,2160436221260,1006,1877
1762527192,0000000100000004,2160459286684,4820,1878
1762527195,0000000800000080,2160490034456,2958,1879
1762527205,0000008000000080,2160592878835,1976,1880
1762527218,0000008000000004,2160721502774,4632,1881
1762527225,0000000800000080,2160794267581,251,1882
1762527242,0000000100000003,2160959557786,692,1883
1762527248,0000004000000080,2161021595451,2155,1884
1762527268,0000008000000004,2161224169745,359,1885
1762527274,0000000800000004,2161286085979,1828,1886
1762527277,0000000100000080,2161307492845,540,1887
1762527285,0000000100000004,2161396272434,395,1888
1762527319,0000000100000080,2161728593573,1172,1889
1762527342,0000000100000001,2161964104752,2584,1890
1762527355,0000000100000080,2162090478991,187,1891
1762527355,0000008000000080,2162091446889,5316,1892
1762527355,0000008000000004,2162094360727,5143,1893
1762527363,0000000800000008,2162169353867,634,1894
1762527384,0000000800000001,2162377906682,3672,1895
1762527387,0000008000000001,2162408550412,1828,1896
1762527394,0000000100000004,2162483980709,2476,1897
1762527398,0000008000000080,2162518450872,412,1898
1762527402,000000c000000080,2162561449706,3008,1899
1762527404,0000004000000080,2162578773661,1976,1900
1762527419,0000000100000003,2162733964664,3020,1901
1762527420,0000004000000001,2162745306373,2343,1902
1762527442,0000008000000080,2162966130991,4649,1903
1762527444,0000004000000004,2162980103027,3807,1904
1762527447,0000008000000001,2163014709679,1722,1905
1762527455,0000000800000002,2163093295526,2185,1906
1762527457,0000004000000002,2163111269072,1102,1907
1762527458,0000000800000008,2163126994749,163,1908
1762527466,0000000100000004,2163201552153,867,1909
1762527468,0000008000000080,2163225949161,4603,1910
1762527469,0000000500000006,2163235751721,4013,1911
1762527470,0000000400000004,2163238637505,3838,1912
1762527472,0000004000000004,2163264289184,2280,1913
1762527477,0000000800000008,2163311521545,4648,1914
1762527502,0000008000000080,2163562821910,5106,1915
1762527510,0000000100000001,2163646858618,5244,1916
1762527526,0000008000000080,2163801442058,1135,1917
1762527537,0000000100000001,2163910537337,4967,1918
1762527540,0000000100000008,2163943341173,2984,1919
1762527557,0000008000000080,2164110185700,3340,1920
1762527560,0000004000000080,2164139267993,1595,1921
1762527573,000000010000000c,2164274725644,3840,1922
1762527600,0000000100000002,2164540874388,3405,1923
1762527621,0000000100000080,2164756955874,795,1924
1762527622,0000000400000080,2164761357702,533,1925
1762527638,0000000100000080,2164925858773,1019,1926
1762527639,0000008000000080,2164931905812,659,1927
1762527639,0000000100000004,2164932466558,626,1928
1762527645,0000000400000008,2164995136302,2051,1929
1762527645,0000008000000080,2164996141412,1990,1930
1762527646,0000008000000080,2165006856708,1342,1931
1762527647,0000000400000080,2165008860627,1220,1932
1762527647,0000000800000008,2165013497333,942,1933
1762527665,0000004000000080,2165189350931,753,1934
1762527667,0000008000000080,2165210234851,4699,1935
1762527688,0000008000000080,2165424783521,2173,1936
1762527700,0000004000000008,2165545928734,5271,1937
1762527705,000000c000000080,2165596421378,2235,1938
1762527718,000000c000000080,2165726410726,4809,1939
1762527720,0000000100000080,2165741583052,3900,1940
1762527727,0000000800000008,2165808671816,5053,1941
1762527729,0000008000000080,2165827936110,3898,1942
1762527737,0000004000000001,2165911143339,4089,1943
1762527740,0000000100000001,2165942982173,2165,1944
1762527748,0000000100000004,2166018310011,2820,1945
1762527756,0000000800000080,2166105686856,2759,1946
1762527773,0000000100000001,2166273266778,3067,1947
1762527773,0000004000000004,2166275057487,2958,1948
1762527782,0000008000000001,2166359332269,3083,1949
1762527800,0000000100000001,2166545652225,2268,1950
1762527868,0000000800000008,2167221295804,3173,1951
1762527868,0000000800000008,2167226106342,2881,1952
1762527873,0000008000000080,2167269749720,267,1953
1762527878,0000000100000081,2167318244772,2533,1954
1762527878,0000004000000008,2167325927971,2078,1955
1762527905,0000004800000080,2167593371382,1572,1956
1762527908,0000004000000002,2167622101648,5039,1957
1762527909,0000000800000001,2167635504649,4241,1958
1762527913,0000000800000001,2167673163821,1967,1959
1762527918,0000008000000001,2167717866730,4479,1960
1762527919,0000000100000002,2167736659678,3338,1961
1762527933,0000008000000080,2167875768154,170,1962
1762527957,0000008000000008,2168116430208,1268,1963
1762527959,0000000100000002,2168128284623,560,1964
1762527964,0000000800000002,2168185524102,2307,1965
1762527977,0000000100000001,2168310760196,5162,1966
1762527983,0000000400000080,2168372954719,1420,1967
1762527983,0000000100000080,2168376028573,1234,1968
1762527990,0000008000000080,2168443047709,2396,1969
1762527992,0000000400000002,2168466561221,981,1970
1762527998,0000008400000080,2168520619461,2918,1971
1762527999,0000004000000008,2168535419969,2038,1972
1762528005,0000008000000002,2168591032625,3892,1973
1762528006,0000008000000080,2168600247600,3328,1974
1762528020,0000000400000004,2168744140819,5064,1975
1762528029,0000000100000001,2168827920570,5215,1976
1762528029,0000008000000080,2168829684242,5111,1977
1762528032,0000000100000001,2168857054175,3464,1978
1762528044,0000000400000004,2168978801470,1332,1979
1762528055,0000000400000001,2169088582455,5118,1980
1762528070,0000000800000004,2169245788891,856,1981
1762528079,0000004000000080,2169333706720,762,1982
1762528104,0000000400000080,2169577456820,1683,1983
1762528113,0000000800000001,2169671153330,1234,1984
1762528121,0000008000000008,2169749439628,1726,1985
1762528128,0000000100000002,2169821128325,2598,1986
1762528137,0000008000000080,2169907673925,2586,1987
1762528150,0000004000000008,2170037821729,5151,1988
1762528158,0000008000000080,2170118276422,315,1989
1762528166,0000000800000002,2170198456438,683,1990
1762528175,0000000400000004,2170288339563,472,1991
1762528175,0000000800000080,2170289040045,431,1992
1762528189,0000004000000004,2170436884463,1924,1993
1762528193,0000000800000001,2170475247121,4813,1994
1762528196,0000000100000002,2170502804922,3145,1995
1762528197,0000000400000008,2170511082702,2644,1996
1762528198,0000008000000080,2170518644345,2197,1997
1762528223,000000010000000c,2170774240086,2399,1998
1762528223,0000004000000004,2170774676863,2374,1999
1762528242,0000008000000080,2170956910804,1807,2000
1762528267,0000000100000001,2171208572312,2245,2001
1762528268,0000004000000080,2171220859866,1508,2002
1762528276,0000008000000080,2171300179867,1933,2003
1762528283,0000008000000080,2171370925909,2860,2004
1762528283,0000008000000080,2171372829127,2746,2005
1762528296,0000008000000008,2171503464709,5280,2006
1762528323,0000000100000001,2171769209488,4884,2007
1762528331,0000000100000008,2171851862144,5102,2008
1762528345,0000000800000002,2171991660898,1888,2009
1762528383,0000008000000080,2172373459717,4893,2010
1762528402,0000008000000001,2172562756808,3896,2011
1762528421,0000000100000001,2172750433744,2981,2012
1762528428,0000004000000001,2172820109816,3999,2013
1762528429,0000004000000088,2172827813137,3527,2014
1762528445,0000008000000002,2172987081171,4343,2015
1762528456,0000000100000008,2173105289607,2413,2016
1762528458,0000000800000001,2173122495265,1380,2017
1762528482,000000c000000080,2173358392406,2767,2018
1762528489,0000000100000004,2173434496573,3388,2019
1762528501,0000000800000001,2173552983186,1455,2020
1762528505,0000004000000001,2173587851530,4561,2021
1762528507,0000000100000001,2173612608206,3057,2022
1762528518,0000008000000001,2173718723341,1876,2023
1762528527,0000004000000008,2173807704177,1718,2024
1762528541,0000000400000008,2173950334230,3525,2025
1762528548,0000004000000008,2174018732410,4610,2026
1762528555,0000000800000008,2174095909976,5154,2027
1762528560,0000004000000008,2174144718527,2217,2028
1762528563,0000000100000001,2174169273315,742,2029
1762528565,0000008400000004,2174186951862,4876,2030
1762528577,0000004000000002,2174315669617,2319,2031
1762528581,0000008000000080,2174351949665,5331,2032
1762528589,0000000100000002,2174434532204,370,2033
1762528596,0000000c00000002,2174504556984,1346,2034
1762528602,0000000400000008,2174564186536,2949,2035
1762528614,0000000800000080,2174677737526,1315,2036
1762528643,0000008000000080,2174970241171,4508,2037
1762528655,0000004000000080,2175089158083,2533,2038
1762528657,0000000400000080,2175110378393,1260,2039
1762528657,0000008000000001,2175111710034,1178,2040
1762528684,000000c000000080,2175384547137,355,2041
1762528694,0000000100000002,2175477888464,5124,2042
1762528708,0000008000000008,2175621874518,1658,2043
1762528709,0000000400000004,2175632840183,995,2044
1762528715,0000000800000004,2175693575018,2532,2045
1762528716,0000000100000002,2175698655538,2231,2046
1762528717,0000004000000080,2175713838810,1316,2047
1762528741,0000000100000001,2175950620571,2650,0
1762528751,0000008000000008,2176050318623,1857,1
1762528768,0000000800000002,2176219571901,2062,2
1762528773,0000000100000080,2176276282907,3849,3
1762528777,0000000100000001,2176316202903,1441,4
1762528806,0000000100000001,2176600967588,5089,5
1762528818,000000800000000a,2176719913247,3121,6
1762528822,0000008000000080,2176761724889,614,7
1762528827,0000008000000080,2176812055346,2769,8
1762528839,0000008000000008,2176927451760,1027,9
1762528840,0000004000000080,2176945381791,5145,10
1762528842,000000c000000080,2176963505475,4065,11
1762528845,0000000800000080,2176987469745,2607,12
1762528854,0000000400000001,2177079551301,2267,13
1762528861,0000000100000002,2177151026061,3158,14
1762528887,0000000100000002,2177408926136,3226,15
1762528900,0000000d0000000f,2177539738934,558,16
1762528904,0000008000000001,2177580133703,3317,17
1762528911,0000000400000002,2177648860651,4389,18
1762528915,0000008000000002,2177688959965,1970,19
1762528919,0000008100000008,2177728275378,4800,20
1762528923,0000000400000004,2177767453663,2435,21
1762528925,0000000800000004,2177791540932,987,22
1762528926,0000000400000004,2177801628401,388,23
1762528942,0000008000000080,2177959342164,1281,24
1762528955,0000000800000008,2178094020693,3572,25
1762528987,0000004000000008,2178413683912,5119,26
1762528992,0000000100000004,2178462296979,2191,27
1762529004,0000000400000001,2178582761155,5330,28
1762529008,0000000100000003,2178621117889,3020,29
1762529009,0000008000000008,2178633095848,2306,30
1762529011,0000004000000080,2178652595883,1129,31
1762529012,0000008000000080,2178665622571,354,32
1762529021,0000000800000080,2178748031632,590,33
1762529028,0000008000000001,2178823300563,1249,34
1762529029,0000000100000006,2178831535514,758,35
1762529048,0000000800000001,2179018575075,5087,36
1762529049,0000008000000002,2179035224577,4094,37
1762529053,0000000100000004,2179070893513,1943,38
1762529056,0000000100000001,2179105150680,5075,39
1762529097,0000004000000002,2179512528532,1342,40
1762529117,0000000400000002,2179710187637,5037,41
1762529120,0000000100000001,2179746159185,2864,42
1762529129,0000000800000004,2179830216551,3003,43
1762529159,0000004000000008,2180135278398,245,44
1762529178,0000004000000080,2180319485519,4749,45
1762529194,0000008000000080,2180483623012,5254,46
1762529195,0000008000000001,2180488143568,4985,47
1762529234,0000000800000008,2180880252420,2173,48
1762529244,0000000800000001,2180981237022,1289,49
1762529264,0000000100000001,2181181590044,4827,50
1762529275,000000c000000080,2181291595655,3397,51
1762529279,0000000800000004,2181333382230,883,52
1762529282,0000008000000080,2181357235562,4651,53
1762529285,0000000100000001,2181390528992,2633,54
1762529287,0000000100000001,2181406899972,1658,55
1762529291,0000004000000004,2181453542790,4053,56
1762529312,0000008000000080,2181660824263,1966,57
1762529316,0000000800000008,2181698245248,4910,58
1762529326,0000008000000004,2181801254359,3912,59
1762529329,0000000400000001,2181830259478,2158,60
1762529348,0000008000000002,2182024682545,850,61
1762529353,0000000800000008,2182074921480,3016,62
1762529363,0000000100000002,2182171049259,2431,63
1762529363,0000000100000001,2182175438755,2169,64
1762529367,0000000800000004,2182214644798,5009,65
1762529369,0000004000000002,2182231750989,3985,66
1762529378,0000000800000001,2182319742434,3885,67
1762529383,0000004000000001,2182367102639,1027,68
1762529385,0000000800000004,2182392875319,4680,69
1762529388,0000000100000003,2182419260087,3079,70
1762529405,0000000100000008,2182588683978,3278,71
1762529427,0000000100000008,2182807431405,514,72
1762529434,000000010000000c,2182884012725,1095,73
1762529435,0000000100000001,2182896169321,372,74
1762529447,0000000400000008,2183006602109,4121,75
1762529457,0000000400000004,2183111247411,3003,76
1762529498,0000008000000008,2183517335740,4561,77
1762529499,0000000100000008,2183535629230,3451,78
1762529510,0000000100000002,2183645557312,2035,79
1762529525,000000c000000080,2183792155613,3605,80
1762529531,0000008000000008,2183846625660,330,81
1762529540,0000008000000008,2183941902287,4984,82
1762529566,0000008000000080,2184200271272,5023,83
1762529574,000000480000000a,2184276775194,424,84
1762529581,0000000200000004,2184355671168,867,85
1762529595,0000004000000080,2184496360141,2784,86
1762529602,0000004000000004,2184557263560,4333,87
1762529603,0000000100000003,2184574647801,3274,88
1762529605,0000004000000008,2184586558473,2555,89
1762529612,0000000800000008,2184661409775,3248,90
1762529620,0000000400000080,2184739256281,3768,91
1762529644,0000000800000080,2184980266938,4852,92
1762529650,0000008000000002,2185042820509,1081,93
1762529663,0000000800000001,2185168762322,3904,94
1762529693,0000000100000004,2185466862490,1547,95
1762529693,0000004000000008,2185476046542,991,96
1762529694,0000000100000008,2185486343395,378,97
1762529699,0000008000000080,2185530765546,2888,98
1762529704,0000008000000080,2185584061864,4887,99
1762529719,0000004000000008,2185728653711,1378,100
1762529735,0000004000000002,2185892042734,1942,101
1762529745,0000008000000080,2185991576128,1142,102
1762529748,0000000400000004,2186016555752,4842,103
1762529758,0000008000000004,2186121644476,3715,104
1762529763,0000000100000001,2186167223972,966,105
1762529807,0000000100000008,2186608837729,376,106
1762529817,0000008000000008,2186707536717,4828,107
1762529823,0000008000000001,2186769286618,1105,108
1762529834,0000000100000003,2186877054720,5016,109
1762529889,0000000400000008,2187430500773,2878,110
1762529895,0000004000000008,2187489171068,4558,111
1762529912,0000008000000008,2187656651994,4867,112
1762529924,0000000400000008,2187782735864,2467,113
1762529926,0000000100000080,2187805313497,1111,114
1762529927,0000000400000008,2187809802588,843,115
1762529933,0000004000000004,2187867102674,2584,116
1762529934,0000008000000080,2187879591600,1843,117
1762529947,0000000100000001,2188010154853,4384,118
1762529972,0000000100000002,2188260247885,4915,119
1762529989,0000000100000004,2188428503829,5177,120
1762529998,0000000100000004,2188519425666,4906,121
1762530010,0000000100000002,2188640553395,2802,122
1762530023,0000008000000080,2188774082477,5165,123
1762530023,0000008000000080,2188776017836,5050,124
1762530045,0000000100000004,2188987148248,2730,125
1762530045,0000000200000001,2188992533091,2409,126
1762530062,0000004000000008,2189164347695,2461,127
1762530063,0000000400000001,2189175928087,1771,128
1762530065,0000000100000001,2189188216237,1026,129
1762530081,0000004000000002,2189347120981,1861,130
1762530097,0000000100000001,2189507075325,2617,131
1762530109,0000000200000002,2189630527677,397,132
1762530113,0000008000000004,2189675822831,2854,133
1762530122,0000000400000080,2189760674381,2944,134
1762530131,0000000200000080,2189856047605,2404,135
1762530133,0000000400000002,2189870103300,1563,136
1762530135,0000000800000002,2189895025745,5255,137
1762530158,0000008000000008,2190117960667,2233,138
1762530171,0000000800000004,2190249421303,4722,139
1762530197,0000000400000002,2190509188070,4678,140
1762530205,0000000800000004,2190595248400,4694,141
1762530209,0000000400000002,2190633391571,2389,142
1762530219,0000000800000004,2190728926961,1843,143
1762530219,0000000200000003,2190731950575,1660,144
1762530226,0000000100000004,2190796434790,2967,145
1762530252,0000004000000001,2191061705779,2590,146
1762530253,0000000400000008,2191071267142,2025,147
1762530258,0000004000000008,2191121331440,4214,148
1762530279,0000004000000008,2191334011979,1802,149
1762530287,0000000100000001,2191406880704,2603,150
1762530296,0000000800000008,2191496622934,2401,151
1762530300,0000008000000080,2191543318606,4795,152
1762530307,0000000100000008,2191615623376,444,153
1762530320,0000000100000008,2191737829159,3477,154
1762530323,0000008000000080,2191775963303,1180,155
1762530359,0000000400000004,2192132082081,540,156
1762530374,0000000400000001,2192284037156,1786,157
1762530405,0000000800000002,2192589843190,4175,158
1762530451,0000000100000001,2193049477877,2479,159
1762530457,0000000400000080,2193109131346,4099,160
1762530467,0000008000000080,2193215877338,2855,161
1762530474,0000004000000002,2193276732083,4405,162
1762530474,0000000800000002,2193277629589,4352,163
1762530477,0000008000000004,2193313784068,2166,164
1762530477,0000008000000002,2193315676726,2055,165
1762530484,0000000400000080,2193383429766,3166,166
1762530489,0000000100000002,2193429677460,393,167
1762530503,0000008000000004,2193574215838,2084,168
1762530533,0000000100000002,2193870289411,5050,169
1762530551,0000000100000001,2194047777186,4767,170
1762530563,0000000400000001,2194167197046,2762,171
1762530570,0000000100000001,2194245610346,3243,172
1762530577,0000008000000080,2194311488790,4487,173
1762530577,0000008000000080,2194314861927,4285,174
1762530578,0000004000000004,2194320180507,3963,175
1762530584,0000000100000001,2194384954280,5251,176
1762530586,0000008000000080,2194397757852,4491,177
1762530617,0000004000000080,2194714778664,991,178
1762530618,0000000400000080,2194717157917,851,179
1762530618,0000000800000004,2194720731936,638,180
1762530618,0000008000000080,2194725699834,341,181
1762530623,0000000100000001,2194772771909,2693,182
1762530627,0000000100000001,2194809050834,520,183
1762530640,0000000800000004,2194941766139,2914,184
1762530646,0000004000000008,2194999483193,4651,185
1762530646,0000008000000004,2195000352428,4599,186
1762530648,0000008000000001,2195019120109,3463,187
1762530664,0000004000000001,2195177655283,4324,188
1762530670,0000008000000080,2195237943576,688,189
1762530675,0000000800000001,2195294259581,2488,190
1762530713,0000000100000080,2195666338318,886,191
1762530722,0000008000000080,2195762150757,321,192
1762530740,0000000800000002,2195943295211,5005,193
1762530753,0000004000000080,2196074053371,2328,194
1762530765,0000008000000080,2196190669412,512,195
1762530776,0000000500000088,2196304158619,4080,196
1762530779,000000010000000c,2196329235839,2556,197
1762530779,0000004000000008,2196329586610,2535,198
1762530788,0000000800000008,2196422373232,2154,199
1762530793,0000004000000001,2196474933165,4195,200
1762530797,0000008000000080,2196508223970,2182,201
1762530805,0000000400000001,2196587810651,2582,202
1762530827,0000000400000008,2196811175037,4741,203
1762530833,0000004000000003,2196871957662,1075,204
1762530840,0000008000000004,2196936880712,2364,205
1762530866,0000000800000004,2197196306433,2340,206
1762530869,0000008000000008,2197235102345,5201,207
1762530870,0000008000000004,2197241659388,4813,208
1762530884,0000008000000004,2197381048546,1619,209
1762530905,0000000800000001,2197588815720,4709,210
1762530916,0000000800000002,2197700882244,3148,211
1762530950,0000000100000080,2198037348053,3693,212
1762530954,0000008000000080,2198078964554,1182,213
1762530958,0000008000000004,2198119511472,3950,214
1762530976,0000000100000001,2198299337503,3513,215
1762530980,0000004000000008,2198340998329,1004,216
1762530982,0000000400000001,2198356455013,5268,217
1762531004,0000000100000001,2198584973496,1914,218
1762531005,0000000400000001,2198588540855,1699,219
1762531016,0000000800000004,2198703595850,5162,220
1762531020,0000000400000002,2198737651283,3109,221
1762531026,0000000100000001,2198797300090,4726,222
1762531030,0000000800000001,2198838448303,2245,223
1762531051,0000008000000080,2199048381730,5198,224
1762531051,0000000800000002,2199052985034,4925,225
1762531055,0000000800000004,2199090110010,2680,226
1762531058,0000000800000080,2199121248668,816,227
1762531060,0000008000000001,2199141222236,4814,228
1762531076,0000004000000004,2199305461758,5313,229
1762531084,0000008000000004,2199381503638,743,230
1762531085,0000000400000004,2199396128333,5057,231
1762531087,0000008000000080,2199413693982,4007,232
1762531101,0000000400000080,2199552561439,839,233
1762531121,000000800000008b,2199755508343,4222,234
1762531152,0000000100000004,2200057369618,1640,235
1762531170,0000004000000001,2200239190754,1083,236
1762531175,0000008000000080,2200294935860,2921,237
1762531184,0000000200000003,2200385916340,2642,238
1762531192,000000c000000080,2200459523391,3415,239
1762531227,0000000400000001,2200813718152,2877,240
1762531228,0000004000000080,2200817582825,2645,241
1762531235,0000008000000080,2200888747966,3561,242
1762531241,0000000100000008,2200947101807,5247,243
1762531258,0000004000000001,2201123851362,5006,244
1762531260,0000008000000080,2201139870026,4049,245
1762531265,0000000100000002,2201188985815,1082,246
1762531272,0000008000000008,2201258623922,2093,247
1762531278,0000000400000001,2201322705318,3430,248
1762531287,0000000100000080,2201409738827,3388,249
1762531288,000000c000000080,2201418350439,2863,250
1762531307,0000000100000002,2201615532400,1395,251
1762531322,0000000400000080,2201757792160,3223,252
1762531332,0000008000000004,2201861227090,2199,253
1762531333,0000008000000008,2201867788178,1806,254
1762531340,0000000800000080,2201940204909,2635,255
1762531395,0000000200000002,2202493192313,544,256
1762531415,0000004000000002,2202687685579,4433,257
1762531430,0000008000000080,2202845089803,162,258
1762531440,0000000100000001,2202943599785,4619,259
1762531443,0000004000000080,2202967395736,3174,260
1762531452,0000000100000008,2203063756345,2570,261
1762531456,0000000300000001,2203105304857,5270,262
1762531462,0000000100000001,2203156604095,2185,263
1762531465,0000000100000001,2203190545061,162,264
1762531480,0000004000000008,2203341661467,1440,265
1762531516,0000000400000080,2203705737822,320,266
1762531519,0000000100000004,2203728808261,4132,267
1762531521,0000000100000002,2203755145355,2533,268
1762531531,0000008000000008,2203846413323,2240,269
1762531534,0000000100000002,2203881254419,162,270
1762531545,0000000100000001,2203993873879,3764,271
1762531556,0000000400000002,2204096510569,2771,272
1762531556,0000000100000001,2204103950496,2329,273
1762531570,0000000400000001,2204242309977,4406,274
1762531574,0000000800000001,2204276552564,2335,275
1762531574,0000004000000004,2204282284921,1994,276
1762531578,0000000300000001,2204318376114,5017,277
1762531578,0000004000000002,2204325370102,4602,278
1762531582,0000004000000004,2204363141568,2321,279
1762531597,0000008000000008,2204507515367,4033,280
1762531610,0000000100000001,2204637176959,1418,281
1762531625,0000000800000001,2204795848754,2260,282
1762531645,0000008400000001,2204991897963,857,283
1762531684,0000008000000004,2205385692481,3134,284
1762531699,0000000500000080,2205531530630,4760,285
1762531700,0000000800000001,2205545717331,3907,286
1762531704,0000000800000008,2205583290902,1641,287
1762531713,0000000100000001,2205675792330,1266,288
1762531726,0000000400000002,2205797845982,4324,289
1762531738,0000000400000004,2205919123637,2214,290
1762531741,0000000800000002,2205955058867,5243,291
1762531746,0000000800000001,2206004232986,2285,292
1762531750,0000000800000008,2206044875245,5040,293
1762531759,0000008000000080,2206133639113,4895,294
1762531763,0000000100000001,2206167344088,2855,295
1762531763,0000000400000008,2206169493748,2726,296
1762531764,0000004000000001,2206177951812,2224,297
1762531766,0000000100000008,2206205438755,576,298
1762531775,0000000800000002,2206295526715,351,299
1762531776,0000000800000080,2206300732743,5226,300
1762531789,0000000100000002,2206428317720,2738,301
1762531791,0000000100000001,2206454642377,1159,302
1762531793,0000004000000004,2206471094404,178,303
1762531807,0000000400000002,2206609181694,2255,304
1762531830,0000000100000002,2206837825694,4092,305
1762531831,0000000800000080,2206850916993,3293,306
1762531838,0000008000000080,2206922859071,4171,307
1762531839,0000000800000008,2206929951547,3740,308
1762531845,0000008000000080,2206988865683,196,309
1762531850,0000000100000001,2207039052379,2362,310
1762531850,0000004000000001,2207044385055,2047,311
1762531851,0000004000000080,2207050179074,1700,312
1762531857,0000008000000080,2207115057727,2981,313
1762531867,0000008000000008,2207208927517,2529,314
1762531867,0000004000000008,2207215431073,2145,315
1762531883,0000000c00000080,2207374016141,2986,316
1762531888,0000000400000004,2207418973802,293,317
1762531896,0000000800000080,2207496405214,824,318
1762531897,0000000400000004,2207508144561,5310,319
1762531952,0000000800000080,2208062088654,3149,320
1762531964,0000000800000080,2208183266395,1056,321
1762531971,0000000800000008,2208253385070,2035,322
1762531973,0000000d00000001,2208269440184,1064,323
1762531976,0000008000000001,2208298878300,4500,324
1762531979,000000c000000080,2208328556189,2698,325
1762531987,0000008000000080,2208410599086,2958,326
1762531987,0000000800000004,2208411217773,2920,327
1762531988,0000000800000002,2208419906566,2401,328
1762531995,0000000800000080,2208487078194,3559,329
1762532002,0000004000000004,2208565173096,4063,330
1762532006,0000004000000004,2208603095944,1775,331
1762532011,0000000100000080,2208650084154,4149,332
1762532012,0000008000000080,2208656622470,3753,333
1762532022,0000000800000004,2208765376513,2395,334
1762532026,0000000800000004,2208797027177,498,335
1762532028,0000004000000080,2208822812391,4147,336
1762532036,0000004000000004,2208901879511,4583,337
1762532058,0000008000000084,2209120728831,1800,338
1762532109,0000000800000008,2209630333025,2304,339
1762532114,0000004000000002,2209685152460,4213,340
1762532117,0000000100000001,2209708819801,2772,341
1762532134,0000000800000009,2209885348693,2542,342
1762532156,0000000400000004,2210098720181,5293,343
1762532165,0000000400000004,2210195067275,4700,344
1762532166,0000004000000008,2210195829051,4655,345
1762532176,0000000400000080,2210305868455,3217,346
1762532187,0000004000000001,2210409422842,2187,347
1762532191,0000000800000001,2210455563612,4613,348
1762532200,0000008000000004,2210544653287,4449,349
1762532202,0000004000000080,2210561838824,3406,350
1762532202,0000000400000080,2210562507116,3364,351
1762532222,0000004000000080,2210762731351,1712,352
1762532224,0000004000000001,2210783235728,479,353
1762532234,0000000100000008,2210876487913,5252,354
1762532234,0000000800000008,2210879004155,5103,355
1762532244,0000000800000001,2210978052017,4348,356
1762532293,0000000800000008,2211466953726,897,357
1762532314,0000000100000008,2211682953888,3488,358
1762532320,0000000100000001,2211745209962,4940,359
1762532322,0000000800000001,2211757585094,4201,360
1762532324,0000000100000008,2211779024748,2894,361
1762532333,0000000800000004,2211874449750,2352,362
1762532349,0000004000000001,2212029224371,3433,363
1762532350,0000000100000001,2212040360812,2755,364
1762532350,0000000400000080,2212041783218,2670,365
1762532359,0000000100000001,2212130610022,2522,366
1762532363,0000000400000001,2212168260998,268,367
1762532372,000000c000000080,2212256480142,162,368
1762532378,0000000400000001,2212319124248,1577,369
1762532396,0000000100000001,2212501394192,997,370
1762532396,0000008000000080,2212501977109,962,371
1762532403,0000000200000001,2212570097945,2063,372
1762532415,0000000800000004,2212689147732,5286,373
1762532420,0000004000000008,2212738110158,2338,374
1762532424,0000000100000002,2212779113634,5070,375
1762532433,0000000800000002,2212871731273,4699,376
1762532437,0000000400000002,2212915783479,2044,377
1762532443,0000008000000080,2212968478070,4076,378
1762532444,0000004000000004,2212983249081,3173,379
1762532449,0000008000000080,2213029329474,410,380
1762532458,0000000100000002,2213122260535,5202,381
1762532464,0000000100000002,2213176812921,1924,382
1762532467,0000008000000080,2213211352866,5040,383
1762532475,0000000800000001,2213294745419,5214,384
1762532477,0000000800000002,2213310571671,4274,385
1762532484,0000000800000080,2213381311161,5200,386
1762532507,0000008000000004,2213613508568,1623,387
1762532508,0000008000000004,2213622738777,1063,388
1762532513,0000000100000004,2213667773310,3553,389
1762532522,0000000100000080,2213762717504,3029,390
1762532530,0000004000000008,2213845015694,3274,391
1762532549,0000008000000001,2214029605048,2556,392
1762532553,0000004000000008,2214066421387,352,393
1762532557,0000000400000080,2214106779569,3109,394
1762532576,0000000500000005,2214303188308,1687,395
1762532581,0000008000000002,2214345984386,4317,396
1762532600,0000000800000080,2214542244754,2879,397
1762532613,0000000100000008,2214667215939,566,398
1762532617,0000000100000002,2214715419576,2851,399
1762532621,0000008000000080,2214752240297,645,400
1762532662,0000000400000002,2215163784469,1860,401
1762532669,0000008000000080,2215230042519,3060,402
1762532673,0000008000000080,2215273509514,454,403
1762532677,0000000100000003,2215309966900,3452,404
1762532692,0000004000000004,2215457688183,4956,405
1762532696,0000008000000080,2215504247693,2152,406
1762532698,0000000100000002,2215525482576,875,407
1762532703,0000000800000080,2215567725830,3529,408
1762532706,0000004000000001,2215597625925,1730,409
1762532723,0000000800000002,2215771408765,1665,410
1762532748,0000008000000080,2216022741191,2127,411
1762532775,0000004000000004,2216288247371,1738,412
1762532799,0000000800000008,2216526464242,2982,413
1762532807,0000004000000004,2216609463289,3186,414
1762532809,0000004000000004,2216630939062,1900,415
1762532835,0000004000000001,2216886963469,2079,416
1762532838,0000008000000080,2216920875563,5232,417
1762532851,0000000800000004,2217054607946,2379,418
1762532854,0000000400000001,2217077362967,1010,419
1762532868,0000000100000001,2217220730842,2769,420
1762532877,0000008000000004,2217311330533,2516,421
1762532880,0000000800000080,2217344021131,558,422
1762532895,0000000800000004,2217488185683,2268,423
1762532899,0000000800000001,2217533752255,4729,424
1762532908,0000008000000001,2217623291826,4540,425
1762532919,0000004000000080,2217729389100,3340,426
1762532919,0000000100000008,2217733189162,3110,427
1762532985,0000000100000008,2218390874066,5103,428
1762532996,0000000800000001,2218497163432,3910,429
1762533010,0000000100000001,2218638635700,588,430
1762533012,0000000100000080,2218656186914,4730,431
1762533020,0000008000000080,2218737609129,5022,432
1762533025,0000008000000004,2218794112559,1623,433
1762533030,0000000400000002,2218835787190,4320,434
1762533033,000000c000000080,2218866644672,2447,435
1762533058,0000008000000080,2219122768763,2620,436
1762533063,0000008000000080,2219170187165,4971,437
1762533075,0000000100000008,2219295013778,2646,438
1762533093,0000000400000002,2219466761315,2703,439
1762533102,0000000100000004,2219556809154,2483,440
1762533106,0000000100000001,2219596020434,5321,441
1762533120,0000000100000001,2219743613151,1640,442
1762533130,0000000200000001,2219842432335,887,443
1762533147,0000008800000080,2220012267688,1056,444
1762533149,0000008000000080,2220034227320,4936,445
1762533176,0000000400000002,2220296918039,4717,446
1762533201,0000008000000080,2220546066201,5305,447
1762533203,0000000100000001,2220570849443,3821,448
1762533215,0000000800000004,2220691374161,1761,449
1762533215,0000008000000080,2220695383115,1518,450
1762533218,0000000100000004,2220718487219,5320,451
1762533218,0000000100000001,2220725648792,4896,452
1762533222,0000004000000001,2220765268209,2502,453
1762533232,0000000800000001,2220861476391,1918,454
1762533278,0000000100000080,2221322441767,162,455
1762533281,0000004000000001,2221349156300,3748,456
1762533287,0000004000000080,2221414468963,5009,457
1762533289,0000000100000080,2221427335158,4243,458
1762533299,0000000100000008,2221534228643,2991,459
1762533310,0000004000000002,2221636670385,2029,460
1762533318,0000000800000004,2221721641076,2112,461
1762533325,0000000100000001,2221788310867,3292,462
1762533331,0000000600000001,2221850175126,4771,463
1762533333,0000000800000008,2221867984944,3701,464
1762533356,0000000100000001,2222101145513,5250,465
1762533365,0000004000000008,2222188380433,5198,466
1762533375,0000008000000080,2222289742069,4304,467
1762533384,0000000800000080,2222384005690,3825,468
1762533387,0000000800000008,2222412137700,2126,469
1762533399,0000000800000008,2222528534948,322,470
1762533405,0000008000000080,2222591604132,1720,471
1762533409,0000008000000080,2222631003294,4551,472
1762533416,0000008000000002,2222704766206,5297,473
1762533418,0000008000000080,2222721264351,4316,474
1762533423,0000008000000002,2222766573416,1583,475
1762533429,0000000800000004,2222829889963,2959,476
1762533470,0000004000000004,2223239452528,4309,477
1762533491,0000004000000008,2223453175810,1833,478
1762533497,0000008000000080,2223514575930,3329,479
1762533520,0000000100000001,2223742115334,5224,480
1762533522,0000008000000002,2223760230216,4144,481
1762533525,0000000500000001,2223793441689,2137,482
1762533533,0000000100000002,2223874301127,2463,483
1762533538,0000008000000080,2223921832571,4808,484
1762533546,0000000100000002,2224000925100,5238,485
1762533548,0000004000000080,2224016705641,4299,486
1762533556,0000000100000001,2224098396032,4578,487
1762533590,0000008000000080,2224435988845,5038,488
1762533595,0000000400000001,2224489973391,1791,489
1762533607,0000000400000004,2224614177964,4713,490
1762533620,0000008000000080,2224740026137,2326,491
1762533639,0000000400000004,2224927026470,1468,492
1762533646,0000000100000004,2225004123264,2026,493
1762533688,0000000300000001,2225422942323,2792,494
1762533693,0000004800000080,2225467577000,5307,495
1762533724,0000000500000004,2225778635693,2179,496
1762533737,0000000800000002,2225907640903,4812,497
1762533750,0000008000000080,2226038892201,2106,498
1762533750,0000008000000008,2226044024854,1793,499
1762533754,0000008000000004,2226077630248,4971,500
1762533757,0000000400000008,2226109648443,3036,501
1762533766,0000004000000008,2226196570286,3002,502
1762533768,0000000400000002,2226220416310,1575,503
1762533796,0000000100000001,2226497087216,516,504
1762533796,0000004000000080,2226500230282,327,505
1762533797,0000004000000004,2226508090377,5046,506
1762533800,0000008000000080,2226543157018,2928,507
1762533807,0000000100000002,2226614684242,3833,508
1762533813,0000008000000008,2226667207417,668,509
1762533815,0000000800000001,2226689480631,4529,510
1762533818,0000000800000008,2226723191492,2488,511
1762533833,0000000400000080,2226869739781,4075,512
1762533838,0000004000000089,2226919919925,1044,513
1762533844,0000000100000003,2226977234128,2786,514
1762533855,0000008000000004,2227094217993,948,515
1762533856,000000010000000c,2227095722404,859,516
1762533861,0000000800000080,2227145582181,3047,517
1762533866,0000000800000002,2227200590537,4942,518
1762533881,0000000100000002,2227349443547,1169,519
1762533888,0000008000000080,2227421361741,2049,520
1762533890,0000000100000080,2227444340710,666,521
1762533894,0000008000000004,2227478429629,3814,522
1762533894,0000000100000001,2227479693983,3737,523
1762533900,0000000400000004,2227537774333,241,524
1762533910,0000000100000001,2227637049009,4661,525
1762533921,0000004000000004,2227754951398,2748,526
1762533955,0000000100000001,2228095417708,3044,527
1762533969,0000000400000008,2228232001645,5221,528
1762533971,0000000100000001,2228250593666,4114,529
1762533974,0000000200000002,2228277398679,2487,530
1762533979,0000000100000001,2228333245126,4335,531
1762533982,0000008000000008,2228355924415,2954,532
1762534005,0000000100000002,2228586023315,4709,533
1762534011,0000000100000008,2228650979164,795,534
1762534026,0000004000000004,2228798536757,2305,535
1762534029,0000000100000001,2228825938081,660,536
1762534033,0000000100000080,2228865584346,3468,537
1762534044,0000000400000002,2228977454504,1935,538
1762534051,0000004000000080,2229047744881,2889,539
1762534052,0000000400000002,2229065301821,1845,540
1762534058,0000008000000001,2229117985676,3873,541
1762534060,0000008000000080,2229143899630,2304,542
1762534078,0000008000000002,2229318310862,2202,543
1762534081,0000000400000080,2229349314598,343,544
1762534086,0000000400000080,2229402326652,2340,545
1762534099,0000000400000080,2229530873142,5000,546
1762534108,0000004000000004,2229619743182,4851,547
1762534125,0000000800000002,2229791543323,4904,548
1762534142,0000000800000001,2229962931196,4979,549
1762534150,0000000100000080,2230039526463,374,550
1762534151,0000000100000002,2230053555058,4727,551
1762534157,0000000100000080,2230107851861,1452,552
1762534166,0000000100000008,2230202391950,958,553
1762534181,0000004000000002,2230350939869,2408,554
1762534187,0000000100000080,2230413647685,3841,555
1762534202,0000000400000006,2230561520460,5324,556
1762534202,0000000800000008,2230565001916,5117,557
1762534203,0000000800000008,2230569544527,4849,558
1762534243,0000000800000002,2230966071411,1770,559
1762534250,0000000400000001,2231044410577,2247,560
1762534260,0000000400000080,2231140451071,1669,561
1762534264,0000008000000001,2231179611402,4514,562
1762534265,0000000100000008,2231194452559,3615,563
1762534267,0000000100000008,2231207356170,2827,564
1762534279,0000008000000080,2231332748898,490,565
1762534328,0000008000000080,2231819291338,2379,566
1762534392,0000000100000002,2232464169674,5140,567
1762534415,0000000400000002,2232694151791,1696,568
1762534420,0000000400000080,2232741238269,4065,569
1762534429,0000004000000004,2232833223792,3722,570
1762534449,0000004000000002,2233029499621,2295,571
1762534467,0000000100000001,2233211213612,1756,572
1762534471,0000008000000080,2233248601247,4707,573
1762534485,0000000100000080,2233391791972,1276,574
1762534487,0000008000000080,2233408310645,289,575
1762534499,0000000100000004,2233530241317,3338,576
1762534510,0000000400000002,2233639434226,1968,577
1762534534,0000000800000008,2233878613473,3154,578
1762534536,0000004000000004,2233899262648,1919,579
1762534545,0000008000000008,2233987082764,1831,580
1762534553,0000000400000002,2234073487118,1827,581
1762534555,0000000100000002,2234091364133,749,582
1762534558,0000004000000004,2234125113007,3920,583
1762534586,0000000800000004,2234402322187,2811,584
1762534606,0000000100000001,2234595732174,1574,585
1762534614,0000008000000080,2234676801710,1893,586
1762534651,0000000100000008,2235050714636,177,587
1762534660,0000008000000008,2235144422276,4921,588
1762534662,0000008000000008,2235156146275,4228,589
1762534674,0000008000000080,2235278934901,2030,590
1762534674,0000000900000001,2235279835995,1974,591
1762534692,0000000800000001,2235461202756,1448,592
1762534707,0000000100000001,2235606921303,3066,593
1762534712,0000004000000001,2235661043578,5012,594
1762534725,0000000800000080,2235790674071,2402,595
1762534742,0000000400000008,2235958235610,2705,596
1762534744,0000000800000080,2235983084399,1216,597
1762534753,0000000400000080,2236074317772,924,598
1762534760,0000008000000080,2236139265399,2212,599
1762534760,0000004000000004,2236142669730,2010,600
1762534765,0000004000000004,2236185775941,4615,601
1762534777,0000004000000008,2236309307938,2369,602
1762534803,0000000400000004,2236568109371,2382,603
1762534805,0000000100000080,2236588935790,1129,604
1762534841,0000000400000004,2236953149483,5192,605
1762534843,0000000400000001,2236966429490,4404,606
1762534844,0000000100000004,2236983716016,3353,607
1762534859,0000008000000004,2237133470426,4740,608
1762534873,0000000800000002,2237265734831,1974,609
1762534876,0000004000000001,2237295650864,176,610
1762534882,0000000100000002,2237361885633,1379,611
1762534898,0000008000000080,2237517561165,2400,612
1762534908,0000000400000080,2237615314745,1719,613
1762534916,0000008000000008,2237695787732,2073,614
1762534941,0000000800000080,2237951800644,2253,615
1762534943,0000004000000001,2237965978212,1399,616
1762534989,0000000000000001,2238430375728,4635,617
1762534997,0000000400000001,2238505977875,5271,618
1762535012,0000008800000080,2238664994333,901,619
1762535032,0000004000000002,2238864500799,4491,620
1762535036,0000000800000001,2238900887381,2291,621
1762535038,0000004000000080,2238915654202,1404,622
1762535049,0000000800000008,2239027835690,5047,623
1762535063,0000000100000080,2239165369777,1969,624
1762535103,0000000100000080,2239571692665,3493,625
1762535108,0000000800000002,2239619020117,649,626
1762535109,0000004000000080,2239630700576,5137,627
1762535110,0000008000000001,2239640051994,4584,628
1762535125,0000000200000008,2239794020183,510,629
1762535128,0000000100000001,2239820860769,6648,630
1762535129,0000000100000008,2239827831714,3671,631
1762535132,0000000100000001,2239857470113,1888,632
1762535149,0000008000000080,2240032179437,1765,633
1762535152,0000000400000001,2240063876925,5051,634
1762535158,0000008000000001,2240118022120,1795,635
1762535161,0000008000000080,2240152167208,4936,636
1762535186,0000000100000004,2240398638689,497,637
1762535192,0000004000000004,2240458785564,2071,638
1762535198,0000008000000080,2240523500170,3369,639
1762535209,0000004000000002,2240625368875,2432,640
1762535213,0000004000000004,2240671199843,4878,641
1762535258,0000008000000008,2241121248871,3776,642
1762535267,0000000100000080,2241205874734,3881,643
1762535268,0000000100000080,2241216442890,3234,644
1762535269,0000000100000004,2241233566151,2208,645
1762535286,0000000400000001,2241400625506,2541,646
1762535287,0000008000000080,2241408316363,2087,647
1762535291,0000000400000002,2241450466698,4750,648
1762535296,0000000100000001,2241499368396,1803,649
1762535298,0000000200000001,2241518234286,668,650
1762535318,0000000100000080,2241724857860,3824,651
1762535322,0000000800000001,2241762406320,1561,652
1762535334,0000008000000080,2241878060210,4993,653
1762535338,0000000c00000001,2241920678728,2423,654
1762535347,0000008000000080,2242008319895,2346,655
1762535349,0000008000000008,2242034958115,748,656
1762535369,0000008000000002,2242232572885,4449,657
1762535374,000000010000000f,2242283343199,1385,658
1762535376,0000000100000001,2242298756061,463,659
1762535390,0000000800000002,2242442858579,2178,660
1762535414,0000000100000001,2242685146946,3182,661
1762535419,0000000100000002,2242730030382,490,662
1762535426,0000004000000001,2242799160483,1521,663
1762535441,0000000400000001,2242949696870,2845,664
1762535455,0000000100000002,2243089865892,4814,665
1762535456,0000008000000004,2243100333947,4188,666
1762535463,0000000100000008,2243167185065,164,667
1762535475,0000000100000008,2243289902153,3159,668
1762535480,0000000400000008,2243342804379,5175,669
1762535506,0000008000000080,2243598923392,162,670
1762535516,0000004000000008,2243697111610,4646,671
1762535516,0000000100000001,2243697799847,4605,672
1762535522,0000008000000080,2243763663257,636,673
1762535554,0000008000000008,2244080114587,2372,674
1762535556,0000008000000001,2244099888177,1181,675
1762535568,0000004000000002,2244215893975,4603,676
1762535569,0000004000000001,2244228883498,3819,677
1762535584,0000000800000008,2244382092869,4986,678
1762535588,0000000800000008,2244419837485,2707,679
1762535590,0000000100000002,2244440608829,1463,680
1762535592,0000000400000004,2244461592859,207,681
1762535593,0000004000000002,2244470802446,4847,682
1762535594,0000000100000001,2244477522826,4447,683
1762535598,0000000400000004,2244515987916,2124,684
1762535620,0000004000000008,2244736450638,4453,685
1762535628,0000000400000008,2244815562461,4882,686
1762535631,0000000100000001,2244850258059,2783,687
1762535649,0000000400000004,2245027678463,2501,688
1762535658,0000000400000004,2245117571994,2290,689
1762535662,0000000800000002,2245164000504,4700,690
1762535685,0000000800000001,2245389989545,1486,691
1762535696,0000000100000080,2245497210244,235,692
1762535707,0000008000000080,2245614986753,3535,693
1762535724,0000008000000004,2245783494155,3790,694
1762535739,0000000400000002,2245930618965,5321,695
1762535742,0000008000000080,2245961627264,3457,696
1762535748,0000000100000080,2246020670605,5099,697
1762535769,0000000400000002,2246227527062,3037,698
1762535776,0000008000000001,2246299597887,3909,699
1762535786,0000000400000008,2246397253281,3217,700
1762535795,0000000100000004,2246486929546,3013,701
1762535796,0000004000000004,2246502995671,2056,702
1762535814,0000008000000004,2246678161143,1908,703
1762535819,0000000800000002,2246727930415,4114,704
1762535858,0000000100000001,2247120713909,1249,705
1762535894,0000000400000001,2247479114061,473,706
1762535897,0000004000000008,2247514874306,3512,707
1762535908,0000000100000001,2247617316590,2536,708
1762535922,0000008000000002,2247755681500,4615,709
1762535940,0000000100000080,2247941071978,3848,710
1762535947,0000008000000080,2248011472052,4808,711
1762535957,0000000800000002,2248106551837,4285,712
1762535963,0000000400000002,2248167585618,607,713
1762535972,0000000100000001,2248261143644,174,714
1762535977,0000000100000080,2248313936323,2188,715
1762535989,0000000100000008,2248430304577,386,716
1762536014,0000000400000004,2248682613232,786,717
1762536027,0000000100000002,2248813542584,3294,718
1762536037,0000000100000003,2248910471796,2653,719
1762536040,0000004000000004,2248940265692,867,720
1762536041,0000004000000080,2248949836909,298,721
1762536044,0000000800000008,2248975090085,3975,722
1762536063,0000000800000004,2249173922998,2392,723
1762536071,0000000100000008,2249248823362,3078,724
1762536076,0000004000000001,2249301709686,5095,725
1762536077,0000008000000002,2249312932295,4429,726
1762536080,0000000800000008,2249344923215,2490,727
1762536083,0000008000000001,2249368853163,1053,728
1762536086,0000008000000002,2249404655146,4105,729
1762536107,0000008000000002,2249613703053,1912,730
1762536110,0000008000000080,2249639690812,350,731
1762536131,0000000800000002,2249849260200,3317,732
1762536140,0000000400000008,2249942486844,2898,733
1762536143,0000004000000080,2249965431997,1525,734
1762536151,0000004000000002,2250050546615,1600,735
1762536158,0000008000000001,2250123284698,2415,736
1762536160,0000000100000001,2250139963579,1413,737
1762536182,0000000800000001,2250358672854,3846,738
1762536192,0000004000000001,2250463298247,2733,739
1762536197,0000000100000001,2250507299442,5287,740
1762536218,0000008000000080,2250719913155,2877,741
1762536228,0000000100000080,2250818825702,2130,742
1762536237,0000000400000004,2250905979007,2081,743
1762536251,0000000100000001,2251047993245,3931,744
1762536252,0000004000000080,2251064277575,2939,745
1762536274,0000000800000008,2251281099235,296,746
1762536281,0000008000000002,2251348711301,1415,747
1762536286,0000008000000008,2251399407050,3561,748
1762536287,0000000100000004,2251411299756,2837,749
1762536295,0000000300000001,2251494296835,3041,750
1762536296,0000000100000002,2251500029739,2694,751
1762536297,0000000400000008,2251505907645,2346,752
1762536311,0000000400000004,2251645818361,4330,753
1762536311,0000004000000001,2251647564158,4224,754
1762536327,0000000100000001,2251808830368,4907,755
1762536330,0000000800000080,2251840455011,2993,756
1762536333,0000000100000001,2251865906338,1468,757
1762536333,0000000800000001,2251872267870,1082,758
1762536392,000000c000000080,2252457717560,2226,759
1762536395,0000000100000001,2252486901207,476,760
1762536405,0000000800000001,2252587533638,4811,761
1762536408,0000000100000004,2252618894911,2911,762
1762536409,0000000200000001,2252626442563,2460,763
1762536418,0000000100000001,2252720795672,1985,764
1762536428,0000000400000004,2252815588573,1474,765
1762536477,0000004000000008,2253313014039,2708,766
1762536478,0000000400000001,2253317905577,2417,767
1762536483,0000000100000080,2253373767945,4263,768
1762536521,0000000800000008,2253749749750,2408,769
1762536524,000000c000000080,2253782564653,443,770
1762536527,0000004000000001,2253809386507,4026,771
1762536528,0000000800000004,2253814925129,3690,772
1762536535,0000008000000001,2253891900782,4259,773
1762536546,0000000400000008,2254003403479,2728,774
1762536553,0000000800000080,2254071702841,3828,775
1762536569,0000000800000001,2254226775019,4886,776
1762536600,0000000800000080,2254537665006,1763,777
1762536600,0000000400000002,2254539788223,1634,778
1762536619,0000008000000080,2254726700051,778,779
1762536643,0000000400000008,2254971612528,1628,780
1762536653,0000000400000080,2255073192904,713,781
1762536653,0000000400000001,2255074229283,650,782
1762536655,0000000800000002,2255085646508,5156,783
1762536659,0000008000000008,2255129372099,2520,784
1762536661,0000008000000086,2255153169105,1090,785
1762536672,0000008000000080,2255258867913,5123,786
1762536677,0000000800000004,2255310521902,2018,787
1762536688,0000000200000008,2255422539531,476,788
1762536692,0000000800000001,2255455611337,3679,789
1762536714,0000000200000002,2255675310733,847,790
1762536723,0000000400000004,2255771429744,263,791
1762536732,0000008000000080,2255857836803,521,792
1762536736,0000000400000008,2255895170771,3200,793
1762536741,0000000400000080,2255945598626,176,794
1762536760,0000008000000080,2256138216910,4175,795
1762536780,0000008000000004,2256338049348,2526,796
1762536785,0000000400000004,2256386807257,4798,797
1762536790,0000000800000002,2256442276476,1456,798
1762536801,0000008000000080,2256551760083,5256,799
1762536802,0000000400000002,2256560115854,4763,800
1762536803,0000004000000002,2256571781436,4062,801
1762536821,0000000400000008,2256751079600,3659,802
1762536836,0000000400000004,2256899271717,5130,803
1762536840,0000008000000004,2256935755347,2927,804
1762536849,0000000100000002,2257029671143,2474,805
1762536860,0000008000000080,2257144225180,782,806
1762536861,0000000400000004,2257146751932,633,807
1762536866,0000000100000001,2257197909643,2739,808
1762536909,0000008000000008,2257633602707,2502,809
1762536915,0000000100000004,2257688559067,4406,810
1762536918,0000004000000001,2257724337009,2243,811
1762536931,0000000100000004,2257850412449,5048,812
1762536938,0000000100000004,2257924491336,593,813
1762536944,0000000100000001,2257983633222,2226,814
1762536945,0000008000000080,2257987975641,1969,815
1762536957,0000000800000002,2258109190346,5064,816
1762536960,0000000100000004,2258139189549,3254,817
1762536978,0000000100000001,2258320576879,2726,818
1762536993,0000004000000001,2258468334965,4243,819
1762536996,0000004000000080,2258494995830,2622,820
1762537017,0000000100000001,2258714254098,5023,821
1762537022,0000000400000080,2258763152391,2083,822
1762537037,0000000200000001,2258914039669,3391,823
1762537042,0000000400000008,2258960609678,593,824
1762537046,0000000400000001,2259001539705,3319,825
1762537067,0000008000000004,2259205818048,1420,826
1762537067,0000008000000001,2259212814540,999,827
1762537069,0000000100000001,2259227578000,5304,828
1762537072,0000004000000001,2259255195134,3648,829
1762537075,0000008000000002,2259293322136,1351,830
1762537089,0000008000000080,2259430506902,3489,831
1762537100,0000000800000001,2259542194745,1966,832
1762537102,0000004000000001,2259556651305,1090,833
1762537104,0000000800000008,2259576818986,5074,834
1762537115,0000000100000005,2259687450001,3616,835
1762537118,0000000100000001,2259724290251,1395,836
1762537132,0000000900000001,2259863609286,3403,837
1762537133,0000000100000008,2259866833873,3205,838
1762537135,0000000800000001,2259889282631,1863,839
1762537138,0000000800000001,2259924177675,4958,840
1762537143,0000000200000006,2259971428146,2113,841
1762537143,0000008000000080,2259972306835,2060,842
1762537175,0000008000000080,2260294297950,3466,843
1762537190,0000008000000080,2260441357968,5010,844
1762537194,0000000100000001,2260478774705,2749,845
1762537216,0000000100000004,2260702842890,4865,846
1762537241,0000000100000002,2260953278633,190,847
1762537285,0000000100000003,2261387322844,5234,848
1762537290,0000004000000080,2261435792353,2317,849
1762537294,0000000400000002,2261483285389,4665,850
1762537298,0000000400000001,2261516913273,2628,851
1762537301,0000000200000004,2261554326269,388,852
1762537309,0000000400000080,2261632263101,889,853
1762537312,0000000400000008,2261660082129,4421,854
1762537327,0000000100000080,2261805708893,843,855
1762537331,0000000100000001,2261854016143,3125,856
1762537332,0000000800000004,2261860153101,2754,857
1762537355,0000008000000002,2262089841331,4536,858
1762537397,0000000100000001,2262512797305,5056,859
1762537403,0000008000000008,2262567370974,1774,860
1762537406,0000000800000002,2262595472378,5273,861
1762537410,0000000100000001,2262635810117,2840,862
1762537442,0000004000000080,2262956979133,4313,863
1762537443,0000004000000008,2262974276710,3261,864
1762537453,0000000100000001,2263067724561,2829,865
1762537475,0000004000000008,2263285243868,5331,866
1762537479,0000000400000002,2263328592779,2717,867
1762537479,0000004000000002,2263332631554,2478,868
1762537504,0000000800000008,2263577738866,3318,869
1762537505,0000000800000004,2263589084532,2630,870
1762537514,0000008000000002,2263679001386,2418,871
1762537517,0000008000000080,2263710991100,502,872
1762537551,0000008000000002,2264052713558,719,873
1762537553,0000000400000002,2264065509153,5141,874
1762537554,0000008000000001,2264077635348,4422,875
1762537558,0000004000000001,2264120261210,1851,876
1762537585,0000000800000002,2264388718582,1277,877
1762537597,0000008000000008,2264509603212,4407,878
1762537601,0000008000000008,2264545578496,2232,879
1762537614,0000000100000001,2264681338055,4464,880
1762537619,0000000100000001,2264728850509,1598,881
1762537629,0000000100000001,2264833006474,529,882
1762537632,0000008000000001,2264862602558,3946,883
1762537640,0000004000000002,2264942787247,4320,884
1762537691,0000000800000008,2265450470808,4937,885
1762537697,0000000100000002,2265512511913,1197,886
1762537710,0000000100000008,2265643010265,3743,887
1762537717,0000008000000080,2265710998846,4849,888
1762537749,0000000100000080,2266031668846,1130,889
1762537754,0000000400000004,2266077792117,3555,890
1762537762,0000008000000001,2266161880556,3694,891
1762537806,0000008000000001,2266604221616,3044,892
1762537816,0000000100000001,2266700456944,2451,893
1762537841,0000004000000080,2266952784922,2851,894
1762537854,0000000100000003,2267076593557,606,895
1762537869,0000000100000001,2267231033995,1704,896
1762537877,0000004000000008,2267306415497,2358,897
1762537880,000000c000000080,2267337180273,515,898
1762537897,0000000100000001,2267512698344,345,899
1762537909,0000000800000080,2267632794714,3505,900
1762537928,0000000800000001,2267817714414,2760,901
1762537931,0000000400000080,2267846529660,1030,902
1762537944,0000000800000080,2267981630910,3292,903
1762537950,0000000400000004,2268035130471,5269,904
1762537954,0000008000000080,2268078549775,2651,905
1762537967,0000000200000004,2268213378638,4940,906
1762537970,0000000100000002,2268237999928,3448,907
1762537989,0000000200000002,2268426461593,2501,908
1762537997,0000000100000008,2268504851342,2979,909
1762538008,0000004400000001,2268616676655,1451,910
1762538016,0000008000000080,2268695786223,1889,911
1762538022,0000008000000001,2268759386005,3250,912
1762538025,0000004000000008,2268790993446,1351,913
1762538025,0000004000000002,2268793348902,1208,914
1762538076,0000008600000008,2269297738734,2036,915
1762538079,0000000100000001,2269334312184,5028,916
1762538080,0000000800000002,2269342886679,4522,917
1762538085,0000000800000001,2269390392116,1655,918
1762538089,0000000100000001,2269433990379,4234,919
1762538106,0000004000000001,2269602726470,4472,920
1762538131,0000000100000001,2269851900639,5056,921
1762538137,0000008000000004,2269908318288,1664,922
1762538151,0000000100000008,2270049514528,3557,923
1762538174,0000008000000080,2270276314434,306,924
1762538179,0000000100000001,2270328126215,2374,925
1762538183,0000004000000080,2270367285020,5214,926
1762538187,0000004000000080,2270413956669,2403,927
1762538196,0000004000000002,2270503684263,2206,928
1762538206,0000000100000001,2270602137675,1476,929
1762538210,0000000100000001,2270636638669,4604,930
1762538219,0000000800000004,2270725177136,4472,931
1762538221,0000004000000080,2270747137485,3136,932
1762538252,0000008000000008,2271059117901,5149,933
1762538269,0000004000000080,2271225140117,360,934
1762538277,0000008000000080,2271313122515,263,935
1762538278,0000000400000002,2271320956322,4982,936
1762538286,0000004000000004,2271401697384,5315,937
1762538296,0000008000000002,2271504429340,4341,938
1762538300,0000000400000004,2271538221830,2297,939
1762538320,0000000100000001,2271743410548,348,940
1762538321,0000000100000004,2271744500213,282,941
1762538322,0000000800000002,2271762639027,4390,942
1762538338,0000000100000008,2271921819433,5193,943
1762538342,0000000400000001,2271961255951,2814,944
1762538347,0000000100000004,2272005230081,181,945
1762538354,0000008000000008,2272075279465,1153,946
1762538360,0000000100000004,2272135313674,2731,947
1762538365,0000000800000002,2272188254261,4753,948
1762538370,0000008000000080,2272234554370,1966,949
1762538374,0000008000000004,2272279890713,4439,950
1762538400,0000000100000008,2272544412796,4108,951
1762538402,0000008000000080,2272558117049,3272,952
1762538408,0000008000000008,2272622832334,4585,953
1762538408,0000000100000004,2272622990788,4575,954
1762538415,0000000800000008,2272691741662,434,955
1762538431,0000004000000001,2272848881831,1363,956
1762538450,0000008000000080,2273037068373,438,957
1762538457,0000000100000003,2273114333948,976,958
1762538458,0000000100000080,2273119953870,643,959
1762538460,0000004000000004,2273142506439,4487,960
1762538469,0000000400000002,2273225700355,4673,961
1762538470,0000000100000001,2273241307936,3732,962
1762538487,0000008000000001,2273408295691,4080,963
1762538492,0000000400000004,2273457168620,1128,964
1762538503,0000008000000002,2273573955723,4504,965
1762538525,0000000400000008,2273793318649,1688,966
1762538564,0000000100000080,2274182037653,4283,967
1762538568,0000008000000080,2274218558085,2076,968
1762538584,0000000100000004,2274374666159,3067,969
1762538612,0000000800000002,2274657189870,1661,970
1762538614,000000c000000080,2274681339350,211,971
1762538615,0000000100000004,2274691246219,4809,972
1762538629,0000008000000080,2274830518196,1623,973
1762538633,0000004000000008,2274872748944,4283,974
1762538640,0000008000000080,2274940087286,229,975
1762538641,0000008000000080,2274947952399,4947,976
1762538648,0000000400000080,2275017508589,761,977
1762538652,0000000400000080,2275059457572,3430,978
1762538654,0000000100000001,2275079115061,2246,979
1762538683,0000008000000080,2275365740779,591,980
1762538718,0000000800000008,2275715325513,339,981
1762538742,0000008000000004,2275957082980,1371,982
1762538744,0000000100000002,2275978849608,5256,983
1762538747,0000000100000001,2276004724883,3705,984
1762538753,0000008000000080,2276074232029,4722,985
1762538754,0000004000000080,2276077486593,4528,986
1762538811,0000008000000001,2276653529331,1027,987
1762538830,0000000400000002,2276838892564,272,988
1762538843,0000008000000010,2276971892514,2648,989
1762538847,0000008000000080,2277011505669,276,990
1762538849,0000000100000001,2277029292957,4405,991
1762538851,0000008000000080,2277048195183,3255,992
1762538862,0000000100000001,2277157575100,1875,993
1762538869,0000000100000004,2277231006915,2643,994
1762538874,0000008000000080,2277276444381,5109,995
1762538893,0000000100000001,2277468667567,3942,996
1762538898,0000000100000080,2277519908315,852,997
1762538913,0000000100000001,2277673932563,1976,998
1762538917,0000004000000008,2277709369194,5038,999
1762538927,0000008000000080,2277804562758,4514,1000
1762538935,0000000100000004,2277889282972,4610,1001
1762538947,0000000100000004,2278012983191,2352,1002
1762538960,0000008000000080,2278142048257,4980,1003
1762538964,0000000100000001,2278180322094,2669,1004
1762538971,0000000400000080,2278251473040,3592,1005
1762538990,0000000200000004,2278442381464,2489,1006
1762538992,0000000400000002,2278459382623,1470,1007
1762539015,0000000400000080,2278686391819,3396,1008
1762539015,0000000400000080,2278689553064,3202,1009
1762539021,0000000400000080,2278744754194,5080,1010
1762539022,0000008000000080,2278754756845,4487,1011
1762539033,0000000100000001,2278865347724,3013,1012
1762539034,0000004000000008,2278879107110,2192,1013
1762539036,0000008000000080,2278897342384,1091,1014
1762539038,0000000800000004,2278924235488,4677,1015
1762539039,0000008000000002,2278930614973,4296,1016
1762539040,0000004000000001,2278944111491,3474,1017
1762539041,0000000100000001,2278948284801,3220,1018
1762539055,0000000100000002,2279093643355,4873,1019
1762539065,0000000100000080,2279188318418,4376,1020
1762539067,0000000400000001,2279212214940,2921,1021
1762539076,0000000100000002,2279296473892,3048,1022
1762539081,0000008000000080,2279344380948,178,1023
1762539092,0000008000000001,2279458466277,3701,1024
1762539094,0000000800000080,2279476708160,2594,1025
1762539106,0000000100000001,2279601267326,307,1026
1762539115,0000000400000002,2279686784537,355,1027
1762539128,0000000800000001,2279819544456,2746,1028
1762539141,0000000100000004,2279951869582,5180,1029
1762539167,0000008000000080,2280207182987,215,1030
1762539175,0000000100000001,2280293820777,197,1031
1762539185,0000000200000001,2280393140016,4613,1032
1762539186,0000008000000080,2280395073508,4499,1033
1762539191,0000008000000004,2280445563457,1451,1034
1762539198,0000008000000080,2280523991681,1931,1035
1762539199,0000000400000002,2280531664126,1466,1036
1762539202,0000000800000080,2280555044123,5253,1037
1762539219,0000008000000080,2280732709312,4957,1038
1762539229,0000000600000001,2280824678559,4624,1039
1762539236,0000000100000004,2280897241856,255,1040
1762539241,0000000400000001,2280948200089,2375,1041
1762539245,0000000100000001,2280985692681,5316,1042
1762539251,0000008000000004,2281053403160,1241,1043
1762539256,0000000800000080,2281100460823,3608,1044
1762539281,0000008000000001,2281345693524,4447,1045
1762539284,0000000500000001,2281380798067,2323,1046
1762539294,0000000400000001,2281478867968,1620,1047
1762539303,0000008000000002,2281570499168,1299,1048
1762539310,0000008000000002,2281635243456,2594,1049
1762539314,0000008000000080,2281677537118,5249,1050
1762539314,0000000100000004,2281679381909,5139,1051
1762539317,0000000400000002,2281712402781,3148,1052
1762539321,0000004000000001,2281744506720,1219,1053
1762539321,0000008000000002,2281754120364,645,1054
1762539322,0000000100000002,2281756691171,492,1055
1762539325,0000000800000002,2281784439566,4020,1056
1762539339,0000000100000080,2281924674671,772,1057
1762539353,0000000400000004,2282067065886,2588,1058
1762539362,0000008000000080,2282157155508,2365,1059
1762539370,0000000100000001,2282237490493,2722,1060
1762539405,0000000800000004,2282587203911,2465,1061
1762539417,0000004000000004,2282711849349,169,1062
1762539421,0000000100000004,2282752843333,2884,1063
1762539443,0000000800000004,2282972760931,5243,1064
1762539465,0000008000000080,2283187717054,2694,1065
1762539496,0000000800000001,2283495793378,4949,1066
1762539496,0000004000000004,2283499450769,4732,1067
1762539504,0000000100000001,2283578228146,5180,1068
1762539510,0000008000000001,2283637228048,1633,1069
1762539514,0000000800000002,2283676509653,4471,1070
1762539517,0000000400000004,2283704909920,2746,1071
1762539534,0000000500000001,2283877355939,2760,1072
1762539535,0000000100000002,2283887865322,2136,1073
1762539538,0000000400000002,2283914924323,512,1074
1762539564,0000008000000080,2284181062489,5273,1075
1762539591,0000000100000004,2284444505114,5009,1076
1762539594,0000000400000004,2284483172842,2675,1077
1762539595,0000008000000010,2284486144842,2498,1078
1762539600,0000004000000002,2284542871637,4295,1079
1762539612,0000004000000080,2284656522360,2636,1080
1762539648,0000004000000002,2285017385001,1712,1081
1762539653,0000000800000008,2285068201051,3853,1082
1762539683,0000008000000002,2285369654901,1292,1083
1762539685,0000000100000002,2285391294011,5186,1084
1762539712,0000000400000008,2285659323799,4655,1085
1762539715,0000008000000080,2285685753696,3050,1086
1762539728,0000000400000002,2285821980478,5249,1087
1762539729,0000000400000004,2285830822907,4725,1088
1762539732,0000008000000080,2285856882562,3144,1089
1762539746,0000000100000001,2285995723991,5185,1090
1762539748,0000000800000001,2286019177941,3778,1091
1762539750,0000000100000004,2286039736262,2532,1092
1762539774,0000000100000001,2286276897771,3860,1093
1762539777,0000008000000008,2286313350764,1662,1094
1762539780,0000004000000080,2286337137049,234,1095
1762539780,0000008000000080,2286339242774,5295,1096
1762539784,0000000100000004,2286381970430,2719,1097
1762539804,0000000500000001,2286578921121,1263,1098
1762539807,0000000400000008,2286610647255,4561,1099
1762539810,0000000400000004,2286643520911,2569,1100
1762539818,0000000100000004,2286718492146,3256,1101
1762539823,0000008800000080,2286773839192,5123,1102
1762539835,0000008000000080,2286889199966,3376,1103
1762539855,0000000200000004,2287085173315,1979,1104
1762539859,0000004000000004,2287127670532,4623,1105
1762539861,0000004000000080,2287145555040,3539,1106
1762539867,0000000100000003,2287206543999,5064,1107
1762539870,0000000400000001,2287241337898,2964,1108
1762539899,0000004000000002,2287532699656,1023,1109
1762539924,0000000400000001,2287782011260,1611,1110
1762539947,0000008000000080,2288012376578,3331,1111
1762539985,000000410000000c,2288384080782,1752,1112
1762539997,0000000800000080,2288505197261,4858,1113
1762540033,0000008000000001,2288869557911,3714,1114
1762540036,0000000100000001,2288894283071,2221,1115
1762540053,0000000100000008,2289071907828,1928,1116
1762540056,0000000400000080,2289098754854,315,1117
1762540056,0000000400000008,2289101725158,5323,1118
1762540074,0000000400000001,2289276686114,5188,1119
1762540092,0000000100000001,2289458102037,4670,1120
1762540096,0000000400000002,2289494856708,2447,1121
1762540116,000000c80000000a,2289697092124,677,1122
1762540116,0000000100000008,2289699496461,534,1123
1762540122,0000004000000008,2289759775515,2098,1124
1762540125,0000000100000001,2289793019625,5291,1125
1762540131,0000000100000001,2289849165999,1918,1126
1762540135,0000000300000002,2289890653920,4620,1127
1762540137,0000000400000001,2289909798949,3462,1128
1762540154,0000008000000001,2290074269467,3962,1129
1762540162,0000000800000001,2290157274672,4165,1130
1762540178,0000000100000001,2290319339031,4800,1131
1762540180,0000008000000001,2290337684124,3695,1132
1762540183,0000008000000001,2290369088402,1804,1133
1762540185,0000000400000080,2290389420553,582,1134
1762540191,0000004000000004,2290450599861,2094,1135
1762540202,0000000800000080,2290563766052,483,1136
1762540203,0000004000000080,2290568187745,219,1137
1762540206,0000000100000002,2290601828592,3382,1138
1762540224,0000000800000080,2290781789808,2939,1139
1762540225,0000004000000002,2290785983814,2686,1140
1762540244,0000004000000002,2290978443444,1504,1141
1762540268,0000000400000004,2291222977223,2371,1142
1762540279,0000000100000001,2291325224017,1418,1143
1762540287,0000000800000004,2291404089246,1871,1144
1762540312,0000008000000080,2291658985253,2117,1145
1762540319,0000000400000008,2291726338724,3257,1146
1762540333,0000000800000002,2291869489031,5037,1147
1762540333,0000004000000001,2291871036420,4946,1148
1762540338,0000000800000001,2291922932377,1819,1149
1762540346,0000000100000001,2291995859346,2622,1150
1762540359,0000000100000001,2292133048867,4770,1151
1762540362,0000000100000001,2292159825238,3148,1152
1762540369,0000000100000002,2292224378824,4472,1153
1762540381,0000000100000001,2292344425690,2432,1154
1762540392,0000000100000004,2292457280582,840,1155
1762540393,0000000400000008,2292466125743,314,1156
1762540415,0000004000000004,2292693188851,2231,1157
1762540417,0000000400000001,2292707737721,1353,1158
1762540421,0000008000000008,2292745674076,4279,1159
1762540424,0000008000000080,2292774484340,2530,1160
1762540437,0000000800000001,2292908427595,4870,1161
1762540441,0000000800000008,2292944959703,2661,1162
1762540444,0000000100000008,2292981151302,495,1163
1762540448,0000000100000001,2293019977725,3348,1164
1762540449,0000000100000001,2293033366210,2538,1165
1762540457,0000008000000080,2293107043431,3302,1166
1762540469,0000000100000001,2293225461015,1375,1167
1762540485,0000000800000004,2293384813629,2179,1168
1762540497,0000000400000002,2293511991552,4920,1169
1762540522,0000008000000080,2293758245595,495,1170
1762540529,0000004000000080,2293829206984,1415,1171
1762540543,0000000800000080,2293970285371,3313,1172
1762540545,0000008000000080,2293988199470,2240,1173
1762540550,0000000500000001,2294034263685,4670,1174
1762540554,0000008000000004,2294075895215,2159,1175
1762540557,0000000100000001,2294108012598,230,1176
1762540558,0000000800000008,2294120038694,4703,1177
1762540560,0000000100000001,2294137882089,3625,1178
1762540566,0000000400000002,2294199267044,5124,1179
1762540578,0000000800000001,2294322452805,2901,1180
1762540597,0000008000000080,2294507522153,2163,1181
1762540632,0000000800000001,2294862605475,1580,1182
1762540638,0000000100000001,2294921493544,3226,1183
1762540662,0000000800000001,2295156938282,4656,1184
1762540686,0000004000000001,2295399108810,473,1185
1762540696,0000008000000002,2295502892579,4622,1186
1762540730,0000000800000080,2295842386639,4970,1187
1762540731,0000000400000004,2295846109328,4750,1188
1762540735,0000004000000080,2295887856685,2231,1189
1762540738,0000004000000080,2295922672664,5328,1190
1762540749,0000008000000004,2296025986799,4320,1191
1762540753,0000004000000008,2296069666056,1685,1192
1762540753,0000000800000004,2296071494851,1575,1193
1762540754,0000004000000001,2296077313515,1220,1194
1762540779,0000000400000080,2296329564960,1632,1195
1762540797,000000840000008c,2296506476850,1375,1196
1762540806,0000008000000001,2296597163809,1111,1197
1762540808,0000004000000008,2296622497632,4790,1198
1762540823,0000000100000004,2296764848252,1414,1199
1762540825,0000000400000001,2296790382574,5074,1200
1762540830,0000004000000008,2296842823032,1922,1201
1762540831,0000008000000001,2296844379493,1828,1202
1762540835,000000c000000008,2296885371892,4562,1203
1762540837,0000004000000080,2296906494649,3280,1204
1762540852,0000008000000080,2297056649312,4646,1205
1762540854,0000008000000001,2297074125479,3588,1206
1762540865,0000000800000002,2297190735148,1769,1207
1762540868,0000008000000080,2297222915722,5025,1208
1762540885,0000000800000008,2297386331817,392,1209
1762540888,0000000100000004,2297414559732,3891,1210
1762540888,0000004000000004,2297420966501,3499,1211
1762540904,0000004000000004,2297577017008,4508,1212
1762540920,0000000400000001,2297743231297,4893,1213
1762540928,0000000100000008,2297817691018,414,1214
1762540930,0000008000000008,2297835401731,4547,1215
1762540967,0000008000000080,2298212308979,2634,1216
1762540972,0000000400000004,2298263251814,4776,1217
1762540982,0000000100000080,2298356235436,4380,1218
1762540996,0000000400000004,2298502551731,763,1219
1762541000,0000004000000001,2298535549172,3979,1220
1762541002,0000000800000004,2298562765388,2332,1221
1762541004,0000008000000004,2298574210253,1648,1222
1762541005,0000000800000080,2298592725168,535,1223
1762541036,0000004000000002,2298896711938,3016,1224
1762541037,0000004000000008,2298907754094,2355,1225
1762541039,0000004000000001,2298933745083,794,1226
1762541040,0000008000000002,2298938557676,509,1227
1762541054,0000000100000001,2299081699191,2280,1228
1762541070,0000008000000001,2299238977287,3205,1229
1762541077,0000000800000080,2299308499257,4229,1230
1762541077,0000000400000080,2299310165317,4128,1231
1762541080,0000000100000004,2299336143566,2551,1232
1762541092,0000000400000002,2299463283269,5294,1233
1762541110,0000000100000003,2299634310224,207,1234
1762541132,0000004000000002,2299854464617,2536,1235
1762541143,0000008000000080,2299972342824,647,1236
1762541149,0000000100000001,2300024476523,2695,1237
1762541166,0000004000000080,2300197491713,2674,1238
1762541170,0000008000000080,2300236224676,358,1239
1762541174,0000000100000080,2300277897730,3032,1240
1762541174,0000000400000008,2300283043446,2721,1241
1762541177,0000004000000002,2300305698780,1365,1242
1762541196,0000000100000001,2300501789413,5152,1243
1762541200,0000000100000001,2300542083604,2722,1244
1762541205,0000000400000080,2300584930496,162,1245
1762541209,0000000400000080,2300626245339,2853,1246
1762541230,0000004000000080,2300834856104,701,1247
1762541235,0000000100000001,2300889186936,2617,1248
1762541237,0000004000000004,2300906881040,1561,1249
1762541277,0000000100000001,2301312491894,3125,1250
1762541282,0000000800000004,2301359963634,281,1251
1762541293,0000008000000008,2301468088128,4167,1252
1762541304,0000000400000001,2301581587508,2520,1253
1762541314,0000004000000004,2301674667200,2121,1254
1762541319,0000008000000002,2301729792951,4005,1255
1762541334,0000000400000002,2301880532969,5315,1256
1762541343,0000004000000001,2301964805425,253,1257
1762541352,0000000400000008,2302054934195,5214,1258
1762541356,0000000100000008,2302094080372,2853,1259
1762541367,0000000800000002,2302206452589,1291,1260
1762541372,0000000100000001,2302260466600,3234,1261
1762541374,0000008000000080,2302278042281,2182,1262
1762541378,0000000100000004,2302316734466,5049,1263
1762541395,0000000800000001,2302493706834,4795,1264
1762541432,0000000100000001,2302855718078,3793,1265
1762541442,0000000800000008,2302956787522,2896,1266
1762541442,0000000800000080,2302959819556,2713,1267
1762541447,0000000100000009,2303005176956,5186,1268
1762541450,0000000400000004,2303039711755,3103,1269
1762541456,0000000400000004,2303097634177,4823,1270
1762541474,0000000800000002,2303274682013,4565,1271
1762541496,000000480000008c,2303493697077,1771,1272
1762541498,0000004000000080,2303515380294,468,1273
1762541506,000000c000000080,2303601335177,491,1274
1762541524,0000000200000004,2303776964368,315,1275
1762541547,0000000100000001,2304004896466,2181,1276
1762541564,0000000800000008,2304181670987,1940,1277
1762541576,0000008000000080,2304302711959,5043,1278
1762541606,0000000100000008,2304597006000,2914,1279
1762541657,0000000100000002,2305112735744,3054,1280
1762541667,0000004000000008,2305210357671,2378,1281
1762541667,0000000100000001,2305211480207,2312,1282
1762541672,0000000800000006,2305258675564,4677,1283
1762541673,0000008000000004,2305266605210,4201,1284
1762541681,0000008000000080,2305343770630,4750,1285
1762541685,0000000400000001,2305387632164,2107,1286
1762541685,0000008000000080,2305390326801,1947,1287
1762541689,0000008000000004,2305426458913,4967,1288
1762541708,0000000100000001,2305622711355,3548,1289
1762541715,0000000400000004,2305692792226,4534,1290
1762541718,0000000200000001,2305721557416,2787,1291
1762541745,0000008000000080,2305991968182,2111,1292
1762541757,0000000100000008,2306103663548,587,1293
1762541765,0000008000000080,2306193012616,409,1294
1762541779,0000008000000080,2306331141950,2478,1295
1762541785,0000008000000001,2306383884901,4512,1296
1762541805,0000008000000080,2306583870679,2855,1297
1762541806,0000008000000004,2306601468749,1805,1298
1762541810,0000000400000002,2306636491693,4894,1299
1762541812,0000000800000001,2306655178555,3769,1300
1762541823,0000008400000008,2306770730805,2010,1301
1762541824,0000000400000004,2306773690456,1833,1302
1762541838,0000008000000001,2306916890839,3606,1303
1762541868,0000008000000004,2307219719850,967,1304
1762541891,0000000100000008,2307443954211,3057,1305
1762541892,0000008000000004,2307461612754,2002,1306
1762541896,0000008000000080,2307497619962,5030,1307
1762541903,0000004000000004,2307568095473,788,1308
1762541914,0000008000000080,2307682609153,4298,1309
1762541950,0000000800000001,2308042622534,3406,1310
1762541966,0000000100000001,2308194047967,4694,1311
1762541983,0000000100000004,2308366292401,4719,1312
1762541986,0000008000000008,2308398699938,2755,1313
1762541987,0000000100000001,2308410141432,2077,1314
1762542002,0000000100000080,2308562451380,3297,1315
1762542012,0000000100000008,2308654246366,2966,1316
1762542013,0000004000000001,2308672301765,1889,1317
1762542018,0000000100000080,2308716040363,4458,1318
1762542021,000000080000000a,2308748798710,2474,1319
1762542026,0000004000000001,2308800724027,4559,1320
1762542032,0000008000000080,2308855720654,1237,1321
1762542046,0000000100000004,2309000172903,2933,1322
1762542064,0000000400000004,2309179580929,2528,1323
1762542065,0000000800000002,2309188823188,1980,1324
1762542087,0000008000000080,2309410389517,4242,1325
1762542096,0000008000000001,2309497796482,4178,1326
1762542112,0000000800000001,2309656913410,4987,1327
1762542112,0000008000000004,2309661069235,4741,1328
1762542151,0000004000000080,2310045147370,2403,1329
1762542153,0000008000000001,2310067665524,1049,1330
1762542157,0000004000000008,2310106043022,3943,1331
1762542159,0000008000000004,2310130836304,2441,1332
1762542167,0000004000000008,2310212471241,2722,1333
1762542179,0000000400000080,2310327864696,978,1334
1762542181,0000000100000001,2310345016037,5143,1335
1762542181,0000000800000002,2310350712985,4806,1336
1762542189,0000008000000080,2310432462802,5076,1337
1762542204,0000000500000001,2310577833279,1527,1338
1762542206,0000008000000080,2310602575733,5230,1339
1762542207,0000000400000004,2310609668129,4810,1340
1762542210,0000000400000080,2310640138314,2964,1341
1762542211,0000000100000004,2310652014349,2256,1342
1762542213,0000000400000002,2310664697750,1495,1343
1762542213,0000000100000004,2310665863486,1424,1344
1762542230,0000008000000080,2310834803031,1652,1345
1762542233,0000008000000080,2310871015506,4671,1346
1762542234,0000000800000080,2310877615908,4278,1347
1762542235,0000008000000001,2310888170377,3637,1348
1762542257,0000008000000080,2311112472776,531,1349
1762542282,0000008000000088,2311355629239,1484,1350
1762542293,0000000400000008,2311468079115,5107,1351
1762542328,0000000100000003,2311819613386,4743,1352
1762542329,0000000100000008,2311823752003,4495,1353
1762542353,0000000100000004,2312066668686,267,1354
1762542384,0000004000000001,2312377755943,2322,1355
1762542385,0000008800000008,2312388741253,1666,1356
1762542395,0000000100000008,2312491282318,692,1357
1762542402,0000008000000080,2312555451771,2024,1358
1762542424,0000008000000002,2312778344961,4205,1359
1762542436,0000008000000080,2312902132509,1947,1360
1762542449,0000000800000004,2313025956382,4888,1361
1762542467,0000000100000001,2313204076259,4565,1362
1762542470,0000000100000008,2313237146472,2562,1363
1762542478,0000000100000001,2313322789883,2603,1364
1762542482,0000000800000001,2313353916944,739,1365
1762542491,0000008000000080,2313445378619,435,1366
1762542496,0000000800000008,2313493499305,2723,1367
1762542499,0000008000000080,2313529098695,591,1368
1762542501,0000008400000080,2313544264013,4874,1369
1762542514,0000008000000008,2313674782659,2210,1370
1762542522,0000008000000080,2313757615504,2418,1371
1762542523,0000008000000004,2313772931008,1502,1372
1762542536,0000000400000008,2313899855530,4264,1373
1762542548,0000000800000001,2314016455254,2430,1374
1762542560,0000000800000080,2314139363774,239,1375
1762542568,0000008000000080,2314218996062,640,1376
1762542594,0000000100000001,2314483156201,335,1377
1762542609,0000008000000001,2314631116781,1819,1378
1762542617,0000000100000001,2314707316069,2422,1379
1762542627,0000000800000080,2314808300831,1546,1380
1762542636,0000008000000080,2314897235002,1388,1381
1762542667,0000008000000080,2315211830426,3238,1382
1762542670,0000008000000002,2315240736570,1501,1383
1762542681,0000000100000003,2315351279945,5239,1384
1762542690,0000000300000080,2315435298004,191,1385
1762542692,0000004000000002,2315456339850,4123,1386
1762542694,0000000800000008,2315474399623,3023,1387
1762542714,0000004000000001,2315675286755,1329,1388
1762542724,0000008000000004,2315775191618,519,1389
1762542724,0000000400000008,2315779876511,238,1390
1762542729,0000000100000001,2315827354418,2565,1391
1762542778,0000000200000002,2316314603147,4435,1392
1762542791,0000004000000008,2316450967680,1415,1393
1762542798,0000000100000001,2316522830434,2287,1394
1762542816,0000008000000080,2316697220483,2184,1395
1762542817,0000000400000009,2316707950595,1540,1396
1762542819,0000008000000080,2316731374161,5321,1397
1762542838,0000000200000008,2316915925502,4619,1398
1762542854,0000000800000008,2317076134925,172,1399
1762542874,0000000800000002,2317278958601,3550,1400
1762542879,0000000400000008,2317329011520,540,1401
1762542880,0000000100000001,2317343289338,4875,1402
1762542881,0000000100000002,2317347359227,4635,1403
1762542882,0000008000000001,2317355060758,4173,1404
1762542883,0000008000000002,2317363996452,3629,1405
1762542909,0000000100000006,2317626321206,3426,1406
1762542911,0000008000000001,2317652532779,1854,1407
1762542932,0000008000000008,2317854298742,5294,1408
1762542958,0000004800000080,2318122747506,4734,1409
1762542961,0000000200000080,2318145519203,3358,1410
1762542964,0000008000000004,2318177467769,1436,1411
1762542967,0000000400000004,2318212210431,4549,1412
1762542979,0000000800000004,2318331608974,2546,1413
1762542989,0000000800000080,2318425713049,2086,1414
1762542999,0000000800000004,2318524178721,1356,1415
1762543029,0000000100000001,2318824406161,4080,1416
1762543041,0000004000000002,2318944619655,2037,1417
1762543051,0000008000000004,2319044638453,1209,1418
1762543057,0000000400000080,2319105811762,2720,1419
1762543061,0000000400000080,2319150351793,5240,1420
1762543065,0000000100000080,2319186575935,3055,1421
1762543073,0000000100000001,2319265371611,3516,1422
1762543109,0000000800000008,2319624274456,2694,1423
1762543109,0000000200000001,2319625538578,2620,1424
1762543134,0000004000000004,2319876065568,3132,1425
1762543138,0000000400000080,2319919228477,544,1426
1762543143,0000000400000008,2319968799847,2745,1427
1762543161,0000000800000001,2320149259750,2283,1428
1762543165,0000000100000001,2320183908327,206,1429
1762543166,0000008000000081,2320200001726,4436,1430
1762543190,0000000100000008,2320434902136,686,1431
1762543214,0000000200000080,2320678211597,1631,1432
1762543216,0000000100000002,2320696107007,557,1433
1762543233,000000080000000c,2320867652454,624,1434
1762543246,0000000100000008,2321002682736,2880,1435
1762543255,0000000400000001,2321090315804,2802,1436
1762543256,0000004000000080,2321093423762,2615,1437
1762543257,0000000400000002,2321104422036,1963,1438
1762543259,0000000100000001,2321132265795,291,1439
1762543266,0000004000000008,2321193845111,1777,1440
1762543293,0000000800000080,2321472985843,569,1441
1762543295,0000000100000001,2321489182465,4790,1442
1762543315,0000000100000004,2321685233387,3378,1443
1762543317,0000008000000008,2321713015183,1710,1444
1762543322,0000004000000004,2321762797421,3913,1445
1762543326,0000008000000002,2321798826677,1743,1446
1762543327,0000004000000080,2321813059455,883,1447
1762543330,0000004000000004,2321835154222,4756,1448
1762543336,0000008000000080,2321900617185,811,1449
1762543337,0000000400000080,2321909395217,288,1450
1762543342,0000000200000001,2321962857432,2260,1451
1762543357,0000008000000004,2322112764693,3634,1452
1762543381,0000000100000001,2322346744414,5137,1453
1762543389,0000008000000080,2322426797765,326,1454
1762543408,0000008000000001,2322622811346,4121,1455
1762543410,0000004000000004,2322641279247,2997,1456
1762543423,0000000100000001,2322764222101,801,1457
1762543433,0000000800000008,2322872400816,4687,1458
1762543461,0000008000000001,2323145825931,3820,1459
1762543465,0000000400000001,2323188276227,1260,1460
1762543468,0000000800000002,2323217603104,4698,1461
1762543472,0000000800000080,2323257724263,2276,1462
1762543489,0000000800000001,2323433117529,2115,1463
1762543491,0000000800000008,2323443558207,1486,1464
1762543498,0000008000000080,2323517506957,2232,1465
1762543511,0000000200000001,2323649779727,4671,1466
1762543520,0000004000000006,2323739346707,4479,1467
1762543531,0000000400000004,2323846100418,3238,1468
1762543547,0000004000000004,2324006714444,3975,1469
1762543550,0000000100000001,2324037135730,2138,1470
1762543570,0000004000000008,2324240210082,315,1471
1762543594,0000000400000080,2324474434632,1805,1472
1762543601,0000000800000001,2324548491982,2535,1473
1762543613,0000000800000001,2324663566674,812,1474
1762543620,0000008000000004,2324735882572,1658,1475
1762543663,0000000900000008,2325164974398,1816,1476
1762543666,0000000400000002,2325199327744,4943,1477
1762543671,0000000100000001,2325248718295,1973,1478
1762543680,0000008000000008,2325343124544,1487,1479
1762543682,0000000100000080,2325357490970,624,1480
1762543683,0000004000000080,2325367763468,5196,1481
1762543703,0000000800000080,2325568682582,3500,1482
1762543715,0000000100000001,2325692198661,1261,1483
1762543716,0000004000000080,2325698060983,909,1484
1762543719,0000004000000002,2325728194986,4301,1485
1762543719,0000004000000004,2325730329276,4171,1486
1762543733,0000000800000080,2325864201286,1303,1487
1762543742,0000004000000010,2325953431096,1128,1488
1762543748,0000000800000001,2326022157407,2189,1489
1762543762,0000000800000002,2326154751408,4609,1490
1762543778,0000008000000080,2326319680579,5068,1491
1762543838,0000000100000001,2326921170621,5242,1492
1762543840,0000008000000008,2326937331287,4281,1493
1762543856,0000008000000080,2327093565985,5258,1494
1762543878,0000004000000004,2327319919588,2034,1495
1762543888,0000008000000008,2327414611740,1532,1496
1762543891,0000000800000002,2327446397003,4818,1497
1762543911,0000004000000080,2327644674233,3269,1498
1762543930,0000008000000080,2327838345676,2013,1499
1762543954,0000004000000080,2328081817687,2940,1500
1762543955,0000000800000001,2328083247393,2855,1501
1762543961,0000008000000008,2328148860726,4115,1502
1762543989,0000000800000008,2328432649326,2611,1503
1762543990,0000008000000001,2328441172826,2107,1504
1762543992,0000000100000004,2328456276816,1194,1505
1762544004,0000004000000080,2328578690513,4229,1506
1762544006,0000008000000080,2328600249670,2917,1507
1762544013,0000008000000004,2328665310861,4213,1508
1762544036,0000004000000080,2328897082273,652,1509
1762544040,0000000100000004,2328936032752,3501,1510
1762544047,0000008000000080,2329011679550,4152,1511
1762544070,0000000200000002,2329242909412,625,1512
1762544071,0000000400000008,2329252607512,5232,1513
1762544072,0000004000000008,2329255901567,5036,1514
1762544073,0000000100000001,2329265182475,4485,1515
1762544073,0000000800000002,2329271370194,4113,1516
1762544088,0000004000000080,2329419291469,405,1517
1762544090,0000000100000001,2329434064816,4711,1518
1762544118,0000004000000080,2329721753797,2975,1519
1762544146,0000008000000080,2329999003171,1889,1520
1762544147,0000000900000001,2330003443798,1619,1521
1762544154,0000000400000080,2330078371769,2303,1522
1762544162,0000000100000002,2330160846679,2532,1523
1762544175,0000000400000002,2330285029519,267,1524
1762544178,0000000800000001,2330317809141,3483,1525
1762544180,0000008000000020,2330338563299,2235,1526
1762544200,0000004000000008,2330533435845,899,1527
1762544201,0000004000000002,2330551311831,5020,1528
1762544207,0000000800000002,2330603034124,1910,1529
1762544222,0000004000000008,2330761548228,2753,1530
1762544237,0000000100000001,2330910708388,4184,1531
1762544267,0000004000000002,2331207968658,1879,1532
1762544280,0000000100000002,2331335801356,4583,1533
1762544282,0000000100000001,2331355489599,3388,1534
1762544282,0000000400000080,2331361345353,3031,1535
1762544291,0000000100000080,2331449821107,2902,1536
1762544317,0000008000000080,2331703594759,3221,1537
1762544323,0000000400000008,2331769938705,4437,1538
1762544333,0000000800000080,2331866548335,3816,1539
1762544340,0000000400000002,2331936680221,4790,1540
1762544355,000000c000000080,2332091537051,666,1541
1762544367,0000000800000004,2332212245611,3795,1542
1762544378,0000000400000080,2332313191090,2904,1543
1762544400,0000008000000080,2332539597192,4878,1544
1762544403,0000000800000002,2332564976081,3346,1545
1762544405,0000000100000001,2332588277609,1950,1546
1762544415,0000000100000080,2332684211192,1368,1547
1762544417,0000008000000080,2332712902543,4842,1548
1762544434,0000004000000008,2332881005090,5113,1549
1762544466,0000000800000002,2333200031636,1504,1550
1762544468,0000004000000080,2333221719881,205,1551
1762544481,0000000800000080,2333348030672,2983,1552
1762544483,0000004000000001,2333371504744,1577,1553
1762544486,0000000100000001,2333393907909,235,1554
1762544521,0000004000000001,2333749911553,4789,1555
1762544526,0000008000000080,2333794772417,2085,1556
1762544526,0000000100000080,2333802545947,1619,1557
1762544539,0000000400000004,2333930020662,4347,1558
1762544552,0000004000000004,2334055337255,1995,1559
1762544557,0000004000000008,2334104499822,4238,1560
1762544569,0000004000000002,2334231507172,1786,1561
1762544571,0000004000000080,2334247283927,834,1562
1762544576,0000004000000080,2334295988528,3094,1563
1762544609,0000000800000008,2334628140275,3900,1564
1762544615,000000c000000080,2334689291641,220,1565
1762544648,0000004000000008,2335014038791,1456,1566
1762544659,0000000100000008,2335124004989,5227,1567
1762544676,0000000100000001,2335299382700,5067,1568
1762544687,0000000100000001,2335410138820,3599,1569
1762544689,0000000100000004,2335424305417,2738,1570
1762544690,0000000100000001,2335433240998,2207,1571
1762544698,0000004000000002,2335519124013,2234,1572
1762544747,0000008000000004,2336004637076,4203,1573
1762544749,0000004000000080,2336027374254,2819,1574
1762544754,0000000800000002,2336081157062,4790,1575
1762544760,0000000800000004,2336138917418,1308,1576
1762544769,0000000800000080,2336224986791,1324,1577
1762544771,0000000800000002,2336252349099,4879,1578
1762544786,0000004000000001,2336401435233,1097,1579
1762544790,0000000100000001,2336438467940,4073,1580
1762544794,0000000400000008,2336474626910,1894,1581
1762544805,0000008000000080,2336589519902,178,1582
1762544817,0000008000000080,2336709567521,3339,1583
1762544818,0000000100000001,2336718952963,2769,1584
1762544828,0000008000000002,2336820093871,1889,1585
1762544842,0000008000000001,2336953164523,4277,1586
1762544845,0000000100000001,2336985218667,2337,1587
1762544863,0000000800000008,2337163857548,1985,1588
1762544866,0000000400000081,2337193724901,191,1589
1762544871,0000000800000080,2337248922704,2060,1590
1762544872,0000008200000001,2337260567700,1357,1591
1762544882,0000000100000001,2337360261148,553,1592
1762544900,0000000100000001,2337533381331,533,1593
1762544901,0000000100000001,2337551780534,4625,1594
1762544915,0000004000000002,2337685419972,1774,1595
1762544921,0000000100000002,2337750492604,3045,1596
1762544922,0000000200000009,2337755337072,2751,1597
1762544922,0000000100000002,2337760837064,2425,1598
1762544966,0000000b00000001,2338200389511,1960,1599
1762544984,0000008000000005,2338378313793,1643,1600
1762544987,0000000100000008,2338410036260,4930,1601
1762544996,0000008000000080,2338500454375,4690,1602
1762545006,0000008000000004,2338598630128,3977,1603
1762545029,0000000100000009,2338826874552,625,1604
1762545053,0000000100000001,2339067635250,1729,1605
1762545080,0000000100000001,2339334476956,1256,1606
1762545091,0000008000000002,2339449945323,4706,1607
1762545128,0000000800000004,2339818120701,3325,1608
1762545129,0000004000000001,2339826620333,2810,1609
1762545129,0000004000000008,2339831325862,2529,1610
1762545134,0000004000000008,2339877216943,4969,1611
1762545138,0000004000000008,2339917612553,2532,1612
1762545158,0000000100000010,2340122173702,621,1613
1762545162,0000008000000080,2340160949404,3481,1614
1762545172,0000004000000002,2340260007196,2708,1615
1762545176,000000c000000080,2340301607434,219,1616
1762545182,0000000800000002,2340357331427,2059,1617
1762545188,0000008000000001,2340421973177,3359,1618
1762545198,0000000400000004,2340521791788,2545,1619
1762545205,0000008000000080,2340588840030,3715,1620
1762545229,0000000400000008,2340829303241,4831,1621
1762545246,0000004000000080,2340996022880,5185,1622
1762545263,0000008000000080,2341171259558,5035,1623
1762545270,0000000800000080,2341235104314,1190,1624
1762545275,0000004000000008,2341282866456,3515,1625
1762545282,0000008000000004,2341359633226,4097,1626
1762545291,0000000800000002,2341446596338,4059,1627
1762545297,0000008000000080,2341505526678,512,1628
1762545302,0000004000000004,2341556663577,2618,1629
1762545312,0000004000000002,2341659456109,1638,1630
1762545324,0000000400000004,2341773033147,2187,1631
1762545326,0000008000000080,2341794412965,3911,1632
1762545327,0000000100000002,2341807855714,3092,1633
1762545347,0000000100000001,2342008726216,1400,1634
1762545349,0000000400000008,2342023870118,495,1635
1762545362,0000008000000080,2342152926986,3110,1636
1762545369,0000000100000080,2342230872749,3623,1637
1762545372,0000000800000008,2342253544429,2255,1638
1762545372,0000004000000008,2342260361017,1850,1639
1762545379,0000008000000008,2342331555304,2750,1640
1762545383,0000004000000002,2342364098374,800,1641
1762545385,0000000100000001,2342384616182,4765,1642
1762545395,0000008000000002,2342485399795,3896,1643
1762545395,0000004000000008,2342492341098,3473,1644
1762545414,0000000800000004,2342674579335,2891,1645
1762545416,0000004000000001,2342698908782,1434,1646
1762545426,0000000800000004,2342802509534,402,1647
1762545444,0000008000000080,2342978844377,182,1648
1762545445,0000008000000006,2342990368452,4685,1649
1762545457,0000004000000080,2343104270156,3015,1650
1762545462,0000000800000002,2343153602841,5245,1651
1762545462,0000000100000004,2343154839447,5171,1652
1762545464,0000004000000002,2343180830485,3611,1653
1762545490,0000004000000002,2343435955484,3850,1654
1762545490,0000008000000080,2343441788582,3493,1655
1762545518,0000000100000001,2343721929718,2222,1656
1762545521,0000008000000001,2343748015885,657,1657
1762545532,0000004000000002,2343858445469,4407,1658
1762545533,0000000800000002,2343864151642,4063,1659
1762545533,0000000100000080,2343864788700,4024,1660
1762545533,0000004000000001,2343866280792,3934,1661
1762545535,0000000400000002,2343884756484,2808,1662
1762545546,000000010000000a,2343998532067,1163,1663
1762545557,0000000100000001,2344109831677,4863,1664
1762545559,0000000800000004,2344124000050,4014,1665
1762545592,0000000100000001,2344459073897,4633,1666
1762545595,0000004000000080,2344489946673,2760,1667
1762545599,0000004000000004,2344525339094,642,1668
1762545605,0000008000000008,2344586828511,2136,1669
1762545620,0000008000000001,2344737530905,3457,1670
1762545621,0000008000000080,2344744218433,3049,1671
1762545628,0000004000000080,2344814961527,4000,1672
1762545630,0000000800000008,2344841617259,2387,1673
1762545632,0000000500000003,2344861845266,1170,1674
1762545638,0000000100000080,2344916994493,3043,1675
1762545655,0000000100000004,2345086185949,3256,1676
1762545690,0000004000000002,2345441902559,2631,1677
1762545703,0000008000000080,2345564753455,445,1678
1762545707,0000000800000004,2345610251736,2892,1679
1762545725,0000000800000008,2345787562124,2613,1680
1762545729,0000000100000004,2345831500562,5170,1681
1762545733,0000000400000008,2345869994515,2847,1682
1762545739,0000000800000001,2345932183197,4318,1683
1762545751,0000000800000002,2346049992669,2412,1684
1762545759,0000008000000080,2346129541462,2817,1685
1762545767,0000000400000080,2346203776120,3554,1686
1762545771,0000008000000080,2346244782794,1083,1687
1762545777,000000080000000c,2346305103120,2645,1688
1762545784,0000000100000002,2346381033762,3275,1689
1762545785,0000000400000002,2346388195005,2840,1690
1762545792,0000008000000080,2346458661843,3807,1691
1762545798,0000004000000008,2346522173583,5174,1692
1762545816,0000004000000004,2346697530178,5017,1693
1762545831,0000004000000004,2346851458451,948,1694
1762545842,0000008000000080,2346953803498,5179,1695
1762545847,0000000800000080,2347010051479,1800,1696
1762545851,0000004000000002,2347044907254,4898,1697
1762545851,0000000100000001,2347045343263,4873,1698
1762545854,0000000100000001,2347079617867,2799,1699
1762545855,0000008000000080,2347091179577,2112,1700
1762545863,0000000100000005,2347170847413,2507,1701
1762545872,0000000800000080,2347261772805,2236,1702
1762545881,0000004000000008,2347348742678,2199,1703
1762545903,0000000800000004,2347565345434,4757,1704
1762545908,0000000400000005,2347622069769,1337,1705
1762545915,0000000800000080,2347685326378,2721,1706
1762545922,0000000100000080,2347755975429,3675,1707
1762545923,0000000100000080,2347768076955,2937,1708
1762545928,0000000100000008,2347820866155,4965,1709
1762545932,0000004000000080,2347855841320,2851,1710
1762545934,0000000800000002,2347877831645,1536,1711
1762545943,0000000100000002,2347964898937,1492,1712
1762545949,0000000100000001,2348030360692,2741,1713
1762545957,0000008000000084,2348109869035,3154,1714
1762545969,0000000100000001,2348228265878,1228,1715
1762545970,0000000100000001,2348240244143,514,1716
1762545980,0000000800000001,2348340720754,4859,1717
1762546011,0000000100000001,2348647892746,1961,1718
1762546014,0000000400000002,2348673807938,403,1719
1762546022,0000008000000001,2348754556121,737,1720
1762546036,000000c000000080,2348894764595,2682,1721
1762546037,0000000400000002,2348910543142,1742,1722
1762546045,0000000100000001,2348987999267,2273,1723
1762546046,0000008000000080,2348998021185,1675,1724
1762546077,0000000100000002,2349307258357,3852,1725
1762546085,0000004000000008,2349383128890,4486,1726
1762546086,0000004000000001,2349394843714,3776,1727
1762546089,0000004000000001,2349426394642,1876,1728
1762546093,0000000800000004,2349466798822,4642,1729
1762546098,0000000400000001,2349518781642,1510,1730
1762546103,0000004000000080,2349567804378,3758,1731
1762546109,0000004000000004,2349623822138,389,1732
1762546131,0000000800000004,2349847289090,2520,1733
1762546152,0000004000000080,2350056557757,329,1734
1762546158,0000004800000004,2350112675372,2141,1735
1762546192,0000000800000002,2350458377831,2122,1736
1762546205,0000000800000004,2350589857732,4609,1737
1762546220,0000004000000004,2350741783568,658,1738
1762546224,0000000100000080,2350777601040,3699,1739
1762546236,0000004000000008,2350897082284,1704,1740
1762546264,0000004000000008,2351180629228,231,1741
1762546280,0000000400000080,2351341477241,937,1742
1762546284,0000000100000001,2351376440338,4036,1743
1762546298,0000000100000080,2351513559285,973,1744
1762546299,0000004000000008,2351529582631,5204,1745
1762546302,0000000400000004,2351553555335,3761,1746
1762546304,0000000400000001,2351580105041,2166,1747
1762546316,0000000400000001,2351701293455,5261,1748
1762546322,0000000100000001,2351757145512,1907,1749
1762546347,000000c000000080,2352009706965,2292,1750
1762546359,0000000900000003,2352132162712,5312,1751
1762546390,0000004000000004,2352435547816,2640,1752
1762546429,0000000100000004,2352823530711,5275,1753
1762546452,0000008000000008,2353055031778,1742,1754
1762546456,0000004000000080,2353102056067,4112,1755
1762546459,0000008000000080,2353129819804,2430,1756
1762546463,0000000800000002,2353168912547,5275,1757
1762546480,0000000400000003,2353334086080,538,1758
1762546481,0000004000000002,2353349716685,4792,1759
1762546481,0000000800000002,2353349964660,4778,1760
1762546520,0000000800000002,2353739554213,2113,1761
1762546541,0000000800000004,2353944008859,207,1762
1762546544,0000008000000002,2353975632838,3495,1763
1762546546,0000000400000008,2353994644044,2347,1764
1762546546,0000008000000080,2353997690815,2166,1765
1762546607,0000000400000002,2354612104956,1566,1766
1762546613,0000000100000004,2354669852761,3282,1767
1762546621,0000000800000002,2354744810625,3977,1768
1762546623,0000004800000004,2354769466681,2482,1769
1762546631,0000000100000008,2354844924163,3137,1770
1762546637,0000008000000080,2354908564184,4516,1771
1762546659,0000008000000080,2355128006373,1698,1772
1762546692,0000000100000001,2355460809338,2446,1773
1762546705,0000004000000001,2355589608181,5090,1774
1762546711,0000008000000088,2355649435537,1493,1775
1762546714,0000000400000002,2355676740932,5045,1776
1762546714,0000000100000004,2355680757786,4807,1777
1762546715,0000004000000080,2355689149184,4307,1778
1762546717,000000c000000080,2355708483325,3129,1779
1762546723,0000000100000002,2355769141471,4685,1780
1762546729,0000000100000080,2355826432809,1229,1781
1762546730,0000000400000001,2355837796937,553,1782
1762546732,0000000100000004,2355856643107,4617,1783
1762546744,0000008000000080,2355975049413,2673,1784
1762546752,0000000800000080,2356052501916,3211,1785
1762546757,0000000400000004,2356108297526,5053,1786
1762546758,0000000400000002,2356116305508,4580,1787
1762546761,0000000800000002,2356151232152,2465,1788
1762546765,0000000400000080,2356188234867,248,1789
1762546770,0000000800000008,2356237995324,2441,1790
1762546774,0000000100000001,2356279449280,5145,1791
1762546794,0000008000000001,2356472854728,3905,1792
1762546815,0000008000000008,2356689964628,1223,1793
1762546833,0000008000000001,2356864297582,1124,1794
1762546859,0000000100000008,2357127790586,858,1795
1762546870,0000008000000001,2357233177570,4910,1796
1762546886,0000008000000080,2357394371083,408,1797
1762546891,0000000100000001,2357448199168,2359,1798
1762546894,0000000100000001,2357474296801,791,1799
1762546895,0000008000000080,2357488114733,5152,1800
1762546901,0000000400000001,2357545723585,1690,1801
1762546912,0000000400000004,2357656586353,217,1802
1762546918,0000004000000080,2357719434057,1628,1803
1762546923,0000000400000001,2357770094357,3777,1804
1762546932,0000008000000008,2357854793321,3878,1805
1762546933,0000004000000001,2357864527547,3282,1806
1762546935,0000000400000004,2357887290880,1921,1807
1762546939,0000008000000080,2357927212785,4716,1808
1762546946,0000000400000080,2357995115670,628,1809
1762546959,0000000800000080,2358125827016,3145,1810
1762546961,0000000100000080,2358151181868,1627,1811
1762546964,0000000400000001,2358172708398,334,1812
1762546964,0000004400000001,2358173514502,286,1813
1762546980,0000000800000004,2358334223419,999,1814
1762546980,0000000100000001,2358337192716,823,1815
1762546999,0000000800000001,2358524150740,5158,1816
1762547035,0000000400000001,2358889463870,3966,1817
1762547064,0000000100000008,2359179406799,2100,1818
1762547068,0000000400000008,2359221827985,4747,1819
1762547070,0000000100000001,2359238810039,3724,1820
1762547077,0000004000000008,2359302839860,5062,1821
1762547092,0000008000000008,2359457568193,947,1822
1762547095,0000000800000001,2359491545800,4106,1823
1762547097,0000008000000080,2359511031521,2921,1824
1762547101,0000000100000080,2359549309436,626,1825
1762547104,0000004000000004,2359576087045,4215,1826
1762547109,0000000100000080,2359626552411,1168,1827
1762547111,0000000400000080,2359644564670,5278,1828
1762547115,0000000100000001,2359691579225,2448,1829
1762547117,0000000400000080,2359711122257,1276,1830
1762547127,0000000100000001,2359807220048,692,1831
1762547138,0000000100000008,2359916755918,4499,1832
1762547150,0000000200000008,2360034912136,2570,1833
1762547150,0000000100000002,2360038577133,2353,1834
1762547158,0000000800000001,2360118962563,2706,1835
1762547161,0000004000000080,2360145228504,1130,1836
1762547163,0000000100000008,2360163865189,5205,1837
1762547164,0000004000000003,2360178136395,4357,1838
1762547179,0000000800000008,2360325861036,658,1839
1762547184,0000000400000008,2360378335679,2686,1840
1762547190,0000004000000003,2360438670702,4268,1841
1762547201,0000000400000004,2360548219056,2854,1842
1762547205,0000000100000001,2360589326403,393,1843
1762547242,0000004000000001,2360956305748,4292,1844
1762547248,0000008000000080,2361021658079,357,1845
1762547249,0000000400000002,2361027970949,5165,1846
1762547267,0000008000000004,2361204086987,4962,1847
1762547274,0000000800000008,2361281113343,331,1848
1762547295,0000000500000080,2361491582787,3244,1849
1762547297,0000004000000008,2361508490513,2231,1850
1762547298,0000000800000008,2361515464043,1814,1851
1762547303,0000008000000080,2361563795362,4105,1852
1762547332,0000000100000004,2361854943802,2166,1853
1762547365,0000000800000002,2362187250980,2944,1854
1762547378,0000000100000004,2362319252653,210,1855
1762547385,0000000800000001,2362384289580,1486,1856
1762547417,0000000100000004,2362707069103,2837,1857
1762547417,0000008000000080,2362708174656,2772,1858
1762547418,0000000c00000001,2362719609022,2093,1859
1762547432,0000000100000080,2362857668561,4182,1860
1762547433,0000004000000001,2362871711127,3328,1861
1762547447,0000000400000008,2363008373168,307,1862
1762547460,0000004000000080,2363139310567,2807,1863
1762547471,0000000c00000004,2363242572170,1799,1864
1762547492,0000008000000002,2363461794196,4199,1865
1762547503,0000000800000080,2363563878080,3240,1866
1762547505,0000000100000001,2363590162886,1665,1867
1762547506,0000000800000001,2363596892335,1256,1868
1762547507,0000000800000002,2363610259403,458,1869
1762547530,0000000800000008,2363841207543,2144,1870
1762547534,0000000400000001,2363875061028,5297,1871
1762547535,0000000100000001,2363886783945,4602,1872
1762547559,0000000100000001,2364127371974,515,1873
1762547564,0000004000000001,2364172502451,2984,1874
1762547564,0000000200000001,2364176343610,2752,1875
1762547583,0000004000000001,2364365656443,1763,1876
1762547591,0000008000000002,2364447015376,2060,1877
1762547595,0000008000000008,2364484615633,4993,1878
1762547602,0000000400000004,2364556272294,682,1879
1762547609,0000004000000080,2364626995064,1622,1880
1762547613,0000000100000001,2364662758699,4669,1881
1762547616,0000000100000004,2364697219841,2584,1882
1762547630,0000000800000001,2364839930503,4401,1883
1762547632,0000000400000002,2364852405896,3645,1884
1762547640,0000008000000004,2364936602751,3776,1885
1762547660,0000008000000004,2365140446479,1900,1886
1762547662,0000008000000002,2365157692732,859,1887
1762547664,0000000400000002,2365174155761,5064,1888
1762547684,0000000800000008,2365377681504,3203,1889
1762547695,0000000400000001,2365485915796,1894,1890
1762547698,0000000100000002,2365520406681,5011,1891
1762547703,0000000100000080,2365563333583,2424,1892
1762547706,0000000100000001,2365601043736,164,1893
1762547715,0000008000000080,2365690161652,5185,1894
1762547715,0000000100000080,2365690582177,5160,1895
1762547721,0000000800000002,2365744941751,1895,1896
1762547724,0000008000000002,2365776363176,5194,1897
1762547733,0000004000000008,2365864176752,5107,1898
1762547738,0000000100000002,2365917563528,1898,1899
1762547743,0000004000000004,2365966913108,4129,1900
1762547772,0000000800000002,2366256566765,2277,1901
1762547785,0000008000000080,2366386826715,4836,1902
1762547815,0000000800000080,2366688348277,2273,1903
1762547817,0000008000000008,2366707532914,1118,1904
1762547818,0000008000000004,2366712531333,820,1905
1762547837,000000c000000080,2366905639642,4790,1906
1762547846,0000008000000001,2367000101447,4305,1907
1762547851,0000008000000080,2367052029747,1169,1908
1762547882,0000004000000001,2367353193038,3838,1909
1762547891,0000000400000008,2367448121013,3314,1910
1762547897,0000000100000001,2367508543208,4881,1911
1762547907,0000008000000004,2367606154099,4207,1912
1762547922,0000008000000080,2367760806117,5281,1913
1762547949,0000000300000001,2368027100583,4850,1914
1762547955,0000008000000080,2368088613584,1142,1915
1762547963,0000000100000008,2368166568719,1651,1916
1762547971,0000008000000080,2368242680167,2264,1917
1762547998,0000008000000080,2368518342416,1262,1918
1762548016,0000000400000008,2368697258151,888,1919
1762548031,0000000100000003,2368851783259,1985,1920
1762548035,0000008000000080,2368891506960,4791,1921
1762548048,0000000100000001,2369015652958,2507,1922
1762548056,0000008000000080,2369102069175,2503,1923
1762548058,0000008000000080,2369114557494,1760,1924
1762548065,0000000400000008,2369188095265,2522,1925
1762548086,0000000100000080,2369392799597,605,1926
1762548087,0000000100000001,2369406007441,5002,1927
1762548095,0000000100000080,2369492105015,5015,1928
1762548122,0000004000000080,2369758376433,4587,1929
1762548130,0000000100000001,2369835750273,5120,1930
1762548135,0000000400000002,2369882204661,2322,1931
1762548148,0000000100000001,2370013982112,4791,1932
1762548160,0000000400000004,2370139649519,2417,1933
1762548166,0000000800000004,2370193932554,4359,1934
1762548168,0000004000000080,2370212841604,3207,1935
1762548169,0000000800000004,2370226208597,2403,1936
1762548175,0000000100000001,2370282826028,4204,1937
1762548194,0000000100000001,2370479204412,2763,1938
1762548207,0000000800000008,2370609253534,5334,1939
1762548209,0000004000000002,2370627611675,4239,1940
1762548220,0000000800000080,2370741274849,2581,1941
1762548243,0000004000000008,2370971544903,4326,1942
1762548245,0000008000000088,2370985761238,3460,1943
1762548281,0000008000000080,2371346162810,2554,1944
1762548287,0000000400000080,2371408354275,4018,1945
1762548298,0000008000000080,2371512062481,2961,1946
1762548310,0000000400000008,2371639043929,526,1947
1762548311,0000000100000002,2371650081559,5052,1948
1762548320,0000000400000002,2371741241342,4767,1949
1762548321,0000000400000002,2371744501952,4575,1950
1762548341,0000000100000001,2371945646344,2847,1951
1762548344,0000000100000001,2371979633008,810,1952
1762548345,0000000100000080,2371983962027,553,1953
1762548348,0000004000000008,2372017112460,3754,1954
1762548352,0000000100000001,2372056770422,1362,1955
1762548361,0000004000000008,2372142743232,1383,1956
1762548362,0000000100000001,2372157867788,481,1957
1762548362,0000004000000001,2372158017028,471,1958
1762548363,0000004000000002,2372165705614,5197,1959
1762548365,0000000100000080,2372182205732,4215,1960
1762548366,0000008000000080,2372194671934,3455,1961
1762548380,0000000400000004,2372334224522,260,1962
1762548384,0000000100000008,2372376863171,2877,1963
1762548385,0000008000000080,2372387779051,2227,1964
1762548386,0000008000000001,2372398686229,1572,1965
1762548393,0000000800000001,2372468891871,2536,1966
1762548406,0000004000000002,2372600003825,5043,1967
1762548413,0000000100000001,2372671972885,716,1968
1762548419,0000008000000080,2372723497101,2801,1969
1762548422,0000000400000080,2372761279898,539,1970
1762548450,0000004000000080,2373033391579,4946,1971
1762548453,0000000800000008,2373067480324,2885,1972
1762548457,0000000400000008,2373110908479,284,1973
1762548492,0000000400000004,2373460068385,5244,1974
1762548516,0000000800000002,2373697958773,1322,1975
1762548521,0000008000000080,2373750205035,3373,1976
1762548523,0000008000000008,2373766226466,2407,1977
1762548534,0000000800000008,2373876674435,958,1978
1762548541,0000004000000004,2373946075327,1982,1979
1762548561,0000000200000008,2374151598090,5197,1980
1762548572,0000000800000002,2374252080618,4357,1981
1762548574,000000c000000080,2374275632455,2925,1982
1762548575,0000000400000008,2374290580259,2035,1983
1762548588,0000008000000080,2374416370274,4857,1984
1762548623,0000000400000002,2374770730800,4322,1985
1762548642,0000008000000002,2374956866060,7009,1986
1762548644,0000000200000008,2374981904538,1999,1987
1762548658,0000000100000080,2375121350533,4005,1988
1762548669,0000000800000080,2375226800582,2840,1989
1762548689,0000008000000080,2375430717966,967,1990
1762548692,0000008000000080,2375459905870,4417,1991
1762548705,0000000100000004,2375585994319,2018,1992
1762548707,0000008000000080,2375606148041,804,1993
1762548716,0000008000000080,2375698605280,440,1994
1762548718,0000000800000080,2375717487245,4503,1995
1762548721,0000004000000008,2375751831912,2423,1996
1762548725,0000000100000004,2375787360837,296,1997
1762548745,0000008000000004,2375982246474,4158,1998
1762548755,0000008000000080,2376090555388,2821,1999
1762548759,0000004000000080,2376129825668,471,2000
1762548760,0000000400000008,2376141850031,4939,2001
1762548766,0000000400000080,2376196557503,1647,2002
1762548770,0000004000000008,2376237520147,4385,2003
1762548787,0000004000000004,2376403510773,4784,2004
1762548788,0000008000000080,2376418854763,3861,2005
1762548793,0000008000000080,2376470695413,739,2006
1762548797,0000000400000001,2376503056687,3991,2007
1762548808,0000000800000004,2376618194096,2251,2008
1762548814,0000000800000001,2376681056636,3668,2009
1762548817,0000008000000080,2376705144629,2216,2010
1762548842,0000000100000004,2376959298895,2503,2011
1762548843,0000000800000004,2376965949893,2109,2012
1762548879,0000004000000002,2377324148571,1336,2013
1762548911,0000000100000004,2377644948743,2808,2014
1762548922,0000000800000080,2377754127493,1441,2015
1762548933,0000008000000001,2377867883978,4989,2016
1762548934,0000008000000080,2377872554710,4713,2017
1762548939,0000004000000001,2377927770378,1382,2018
1762548945,0000000100000008,2377987500503,2979,2019
1762548956,0000008000000008,2378099084730,1467,2020
1762548964,0000008000000080,2378178175611,1907,2021
1762548968,0000004000000001,2378218017456,4707,2022
1762548983,0000000800000004,2378368072398,867,2023
1762548997,0000008000000001,2378507148041,2883,2024
1762549028,0000000400000008,2378812921314,5270,2025
1762549028,0000000100000003,2378813197077,5254,2026
1762549041,0000000200000001,2378948772667,2292,2027
1762549074,000000c000000002,2379275878947,3391,2028
1762549076,0000000800000001,2379294429985,2275,2029
1762549093,0000004000000004,2379465814409,2353,2030
1762549108,0000008000000004,2379618992265,3529,2031
1762549124,0000000300000002,2379773694476,4618,2032
1762549146,0000004000000001,2379993977106,1750,2033
1762549149,0000008000000008,2380023742282,5149,2034
1762549162,0000000400000004,2380153566251,2528,2035
1762549162,0000008000000080,2380155514268,2413,2036
1762549173,0000000100000002,2380267161781,895,2037
1762549191,0000004000000080,2380448734829,367,2038
1762549192,0000000800000001,2380459173434,4930,2039
1762549200,0000000100000002,2380537736555,206,2040
1762549219,0000000100000004,2380724305000,4569,2041
1762549220,0000008000000080,2380741684335,3515,2042
1762549221,0000000100000001,2380748723308,3087,2043
1762549233,0000004000000080,2380862691841,1428,2044
1762549245,0000008000000080,2380988457946,4261,2045
1762549246,0000004000000002,2380998447170,3653,2046
1762549259,0000008000000080,2381127144037,1100,2047
1762549266,0000008000000020,2381195828281,2165,0
1762549277,0000000100000004,2381307442628,648,1
1762549288,0000000400000008,2381412459138,4722,2
1762549304,0000008000000080,2381580925555,4971,3
1762549311,0000008000000080,2381645287445,1095,4
1762549312,0000000100000001,2381654296397,553,5
1762549322,0000000100000001,2381755268084,4874,6
1762549326,0000004000000080,2381791902974,2659,7
1762549326,0000000800000004,2381794268260,2519,8
1762549344,0000000100000004,2381980783761,1694,9
1762549350,0000000100000001,2382036693842,3524,10
1762549361,0000000800000008,2382142142229,2371,11
1762549365,0000000500000004,2382188164530,4804,12
1762549380,0000000100000001,2382334998534,1157,13
1762549387,0000000800000008,2382403345240,2242,14
1762549396,0000008000000004,2382494649859,1947,15
1762549401,0000000100000001,2382543068178,4234,16
1762549406,0000004000000002,2382598024944,918,17
1762549408,0000000100000001,2382621474818,4709,18
1762549421,0000008000000080,2382749996254,2166,19
1762549434,0000000800000004,2382877359355,4895,20
1762549454,0000008000000080,2383074509298,3420,21
1762549456,0000008000000080,2383093402205,2283,22
1762549460,0000000100000001,2383137951038,4802,23
1762549475,0000008000000002,2383287632828,985,24
1762549481,0000004000000080,2383342695089,2863,25
1762549482,0000000400000002,2383351959229,2311,26
1762549490,0000004000000002,2383438674400,2288,27
1762549498,0000008000000080,2383517798020,2717,28
1762549503,0000000800000008,2383564137013,5130,29
1762549507,0000000400000002,2383605536076,2633,30
1762549512,0000004000000004,2383658945103,4629,31
1762549516,0000000400000001,2383692297684,2610,32
1762549525,0000000800000004,2383788118252,2047,33
1762549526,0000000400000001,2383792390722,1790,34
1762549532,0000000800000080,2383853393031,3311,35
1762549544,0000000100000002,2383973217484,1296,36
1762549546,0000004000000002,2384001612732,4789,37
1762549565,0000008000000004,2384184599743,4173,38
1762549571,0000000400000080,2384244009719,593,39
1762549571,0000000100000001,2384250039450,232,40
1762549572,0000000100000002,2384254748097,5139,41
1762549577,0000000100000004,2384308504133,1908,42
1762549581,0000000100000001,2384350307240,4593,43
1762549614,0000008000000080,2384674863875,645,44
1762549616,0000008000000008,2384696336522,4553,45
1762549619,0000000100000001,2384722830706,2944,46
1762549630,0000000400000080,2384837888666,1222,47
1762549634,0000000100000080,2384875761800,4148,48
1762549644,0000000100000008,2384980350287,3036,49
1762549651,0000008000000001,2385045267505,4340,50
1762549653,0000004000000004,2385069500294,2867,51
1762549668,0000000800000001,2385215014246,4517,52
1762549671,0000004000000080,2385244439302,2730,53
1762549675,0000008000000080,2385283871050,371,54
1762549681,0000000100000002,2385342452574,2037,55
1762549693,0000000500000001,2385467434034,4909,56
1762549702,0000008000000002,2385557954798,4661,57
1762549702,0000000100000001,2385561298907,4461,58
1762549723,0000004000000080,2385764559469,2607,59
1762549724,0000000800000002,2385781644352,1586,60
1762549733,0000000400000002,2385864798620,1780,61
1762549740,0000008000000080,2385941639240,2346,62
1762549742,0000004000000004,2385952933392,1672,63
1762549748,0000000100000080,2386015114422,3119,64
1762549776,0000004000000008,2386291760158,2065,65
1762549777,0000008000000080,2386306175536,1194,66
1762549781,0000008000000080,2386342750043,4199,67
1762549781,0000008000000008,2386343458956,4156,68
1762549787,0000000800000009,2386406408463,367,69
1762549796,000000c000000080,2386499921225,5124,70
1762549804,0000008000000080,2386576006350,550,71
1762549832,0000000800000008,2386857882710,4376,72
1762549855,0000000400000004,2387088931685,854,73
1762549859,0000000100000080,2387127249415,3749,74
1762549871,0000008000000080,2387242330006,2018,75
1762549882,0000008000000008,2387361473059,5235,76
1762549884,0000008000000080,2387373053498,4548,77
1762549895,0000000400000008,2387482817612,3127,78
1762549895,0000000400000001,2387483627064,3077,79
1762549913,0000004800000080,2387668328530,2356,80
1762549940,0000000100000002,2387937522136,1751,81
1762549949,0000008000000001,2388023471824,1775,82
1762549966,0000008400000001,2388195722462,1802,83
1762549970,0000000400000002,2388237141580,4509,84
1762549979,0000000800000008,2388322802046,4552,85
1762550003,0000000100000001,2388570137199,5243,86
1762550008,0000000400000001,2388613958373,2603,87
1762550011,0000004000000080,2388651432649,359,88
1762550017,0000000100000008,2388705381265,2302,89
1762550022,0000000400000008,2388756365003,4440,90
1762550024,0000000400000008,2388778537617,3092,91
1762550034,0000000100000004,2388872830903,2612,92
1762550042,0000008000000080,2388955608439,2826,93
1762550060,0000000100000001,2389133347411,2523,94
1762550072,0000000800000000,2389253880741,477,95
1762550077,0000000400000001,2389303543154,2673,96
1762550077,0000000200000001,2389305975283,2528,97
1762550077,0000000100000001,2389309823480,2300,98
1762550079,0000000800000002,2389324940663,1391,99
1762550096,0000000400000004,2389491798426,1746,100
1762550098,0000000100000003,2389521148963,5171,101
1762550106,0000000400000004,2389593057235,845,102
1762550111,0000000800000002,2389643114522,3024,103
1762550134,0000008000000002,2389881478261,4281,104
1762550142,0000008000000080,2389957869947,4874,105
1762550152,0000000900000001,2390060845396,3876,106
1762550153,0000000100000008,2390070798913,3267,107
1762550164,0000000100000001,2390178641786,1979,108
1762550173,0000000800000008,2390268602500,1762,109
1762550175,0000000100000004,2390288144834,587,110
1762550186,0000008000000008,2390394324916,4592,111
1762550189,0000000400000004,2390429894921,2441,112
1762550191,0000000800000001,2390451417060,1147,113
1762550214,0000000400000080,2390672521325,3431,114
1762550217,0000000100000080,2390705133723,1470,115
1762550218,0000000100000008,2390716200552,805,116
1762550232,0000004000000001,2390857850097,2664,117
1762550252,0000004000000004,2391059591595,921,118
1762550281,0000004000000008,2391347133255,4411,119
1762550285,0000008000000001,2391385755809,2081,120
1762550293,0000008000000080,2391463585027,2584,121
1762550297,0000000100000003,2391508609767,5076,122
1762550309,0000000100000001,2391628430821,3056,123
1762550320,0000008000000001,2391740337260,1527,124
1762550324,0000008000000080,2391775253004,4627,125
1762550330,0000004000000008,2391832704416,1159,126
1762550331,0000000800000080,2391843454376,520,127
1762550331,0000000400000008,2391849416888,163,128
1762550352,0000000800000080,2392052527289,3522,129
1762550353,0000000400000008,2392068017155,2583,130
1762550356,0000008000000004,2392091569944,1170,131
1762550373,0000000800000080,2392266145340,1056,132
1762550395,0000000100000001,2392489838627,3180,133
1762550396,0000008000000080,2392498739084,2642,134
1762550403,0000008000000080,2392561800733,4057,135
1762550437,0000000800000002,2392905075130,4185,136
1762550459,0000000100000008,2393128758257,1105,137
1762550471,0000004200000002,2393250224459,4199,138
1762550486,0000000400000008,2393395578155,643,139
1762550505,0000004000000008,2393581828847,5018,140
1762550518,0000000800000080,2393711821777,2388,141
1762550547,0000000400000002,2394009673475,5248,142
1762550552,0000008000000080,2394054907859,2525,143
1762550559,0000000400000001,2394129567074,3229,144
1762550570,0000004000000008,2394237033802,1965,145
1762550572,0000008000000080,2394257325992,742,146
1762550583,0000000400000002,2394369354846,4398,147
1762550605,0000008000000080,2394584467293,1841,148
1762550619,0000004000000080,2394721924888,3965,149
1762550626,0000000800000004,2394792078457,4933,150
1762550633,0000008000000080,2394863090064,661,151
1762550635,0000000400000005,2394882531619,4690,152
1762550635,0000000100000001,2394886509818,4453,153
1762550654,0000000100000001,2395076600724,3396,154
1762550655,0000000100000003,2395088116953,2698,155
1762550667,0000000f00000004,2395210389561,547,156
1762550682,0000000100000003,2395356401605,2148,157
1762550700,0000000400000004,2395538115976,1606,158
1762550712,0000008000000008,2395652491929,5113,159
1762550728,0000004000000080,2395819799893,240,160
1762550733,0000004000000002,2395865429350,2683,161
1762550734,0000000100000080,2395879116727,1871,162
1762550737,0000008000000008,2395904753703,330,163
1762550747,0000000400000008,2396006280796,4613,164
1762550754,0000000100000004,2396073218808,583,165
1762550763,0000000100000001,2396161495291,467,166
1762550780,0000000800000002,2396339661336,5324,167
1762550789,0000000800000080,2396426408160,5301,168
1762550794,0000000100000004,2396478186591,2189,169
1762550799,0000008000000001,2396526989263,4455,170
1762550815,0000000800000004,2396691140330,4962,171
1762550820,0000000100000001,2396735459599,2293,172
1762550829,0000004000000001,2396822827039,2232,173
1762550830,0000000200000002,2396832511979,1651,174
1762550830,0000008000000080,2396836104565,1433,175
1762550837,0000000400000001,2396910951692,2127,176
1762550842,0000000100000004,2396959913365,4384,177
1762550843,0000004000000001,2396966899230,3961,178
1762550853,0000008000000080,2397066343732,3162,179
1762550873,0000000800000001,2397266292915,1527,180
1762550874,0000000c00000080,2397280832984,653,181
1762550875,0000000400000001,2397283496865,495,182
1762550879,0000000100000004,2397322719432,3323,183
1762550881,0000004000000001,2397343951001,2050,184
1762550887,000000020000000c,2397407978349,3389,185
1762550892,0000000400000080,2397459383018,303,186
1762550910,0000000100000001,2397637446056,5168,187
1762550935,0000000100000003,2397885804974,620,188
1762550936,0000008000000080,2397896269338,5180,189
1762550971,0000004000000001,2398246050308,4920,190
1762550982,0000000100000004,2398354138301,3611,191
1762550984,0000000400000002,2398378569414,2138,192
1762550988,0000004000000008,2398413195352,5248,193
1762550990,0000008000000001,2398433952212,4007,194
1762551014,0000004000000080,2398680976441,4729,195
1762551025,0000004000000080,2398789932449,3362,196
1762551033,0000000100000008,2398865854764,3996,197
1762551049,0000004000000002,2399024795261,4822,198
1762551078,0000008000000080,2399315150563,2926,199
1762551140,0000000400000002,2399934582615,2031,200
1762551144,0000000800000080,2399978449943,4591,201
1762551156,0000000400000004,2400096953005,2642,202
1762551159,0000008000000002,2400123154530,1070,203
1762551181,0000000100000008,2400347640244,3145,204
1762551200,0000008800000004,2400537588910,2113,205
1762551206,0000008000000008,2400592933235,3983,206
1762551209,0000004000000080,2400626250451,1975,207
1762551213,0000008000000080,2400669644177,4565,208
1762551229,0000000100000008,2400829768750,5309,209
1762551235,0000008000000002,2400882769001,2124,210
1762551238,0000008000000084,2400920801821,5031,211
1762551252,0000000100000001,2401053061848,2266,212
1762551256,0000004000000008,2401091956698,5122,213
1762551279,0000004000000004,2401324283679,1536,214
1762551316,0000004000000008,2401699710842,4924,215
1762551334,0000000100000001,2401877341268,4625,216
1762551342,0000000400000002,2401951662990,162,217
1762551345,0000004000000008,2401982266328,3508,218
1762551347,0000004000000001,2402003792829,2209,219
1762551355,0000008000000004,2402085262942,2498,220
1762551357,0000004000000004,2402107435419,1166,221
1762551373,0000000100000001,2402265974651,2017,222
1762551377,0000008000000008,2402305927852,4817,223
1762551384,0000000400000080,2402376949402,543,224
1762551391,0000000400000001,2402446110950,1573,225
1762551405,0000000100000001,2402585914025,3551,226
1762551407,0000008000000080,2402603459195,2490,227
1762551410,0000000100000004,2402635000334,601,228
1762551418,0000000400000080,2402713527235,1066,229
1762551421,0000008000000080,2402744137740,4430,230
1762551433,0000000100000001,2402865213806,2328,231
1762551436,0000004000000001,2402895795181,496,232
1762551437,0000000800000008,2402908084338,4949,233
1762551449,0000008000000080,2403026774356,2995,234
1762551461,0000008000000004,2403141478473,1292,235
1762551468,0000000400000002,2403215354457,2046,236
1762551468,0000004000000002,2403216286937,1990,237
1762551474,0000000100000002,2403279352273,3387,238
1762551481,0000004000000080,2403346614103,4546,239
1762551497,0000000100000001,2403501321794,429,240
1762551506,0000004000000008,2403596343375,5096,241
1762551506,0000000800000002,2403597409952,5033,242
1762551507,0000008000000004,2403606546487,4491,243
1762551509,0000008000000008,2403623130694,3484,244
1762551523,0000008000000080,2403763876199,216,245
1762551528,0000000800000001,2403816249418,2255,246
1762551561,0000000100000002,2404150564429,2913,247
1762551582,0000000100000008,2404359670836,730,248
1762551583,0000004000000008,2404361768418,606,249
1762551588,0000008000000080,2404413902805,2656,250
1762551593,0000008000000002,2404469375614,4528,251
1762551598,0000000800000004,2404511572217,1982,252
1762551612,0000008000000080,2404651737488,3943,253
1762551614,0000000400000001,2404679163931,2284,254
1762551631,0000000800000004,2404844471234,2724,255
1762551633,0000008000000080,2404865608542,1458,256
1762551634,0000000800000001,2404871275900,1115,257
1762551639,0000000100000008,2404922653954,3217,258
1762551650,0000004000000002,2405034543302,1686,259
1762551679,0000000800000080,2405324045653,5046,260
1762551688,000000c000000080,2405417131776,4647,261
1762551690,0000004000000001,2405432864376,3699,262
1762551692,0000004000000080,2405459835126,2072,263
1762551704,0000000100000002,2405573793879,414,264
1762551713,0000008000000080,2405668826328,5081,265
1762551722,0000000400000001,2405756608953,4996,266
1762551722,0000000800000008,2405761130781,4729,267
1762551732,0000008000000002,2405857038833,4155,268
1762551748,0000000400000001,2406020130825,4731,269
1762551752,000000c000000080,2406052760203,2754,270
1762551757,0000008000000001,2406107380508,4677,271
1762551765,0000000100000001,2406185378809,5171,272
1762551772,0000000800000080,2406258221312,792,273
1762551777,0000000100000008,2406302880546,3295,274
1762551778,0000000400000001,2406315511551,2532,275
1762551783,0000000800000008,2406363794557,4832,276
1762551787,0000000400000080,2406408255438,2154,277
1762551789,0000000100000004,2406423607710,1227,278
1762551822,0000004000000001,2406751304729,2290,279
1762551833,0000004000000080,2406866534022,558,280
1762551834,0000004000000008,2406875041157,5235,281
1762551840,0000008000000001,2406932552487,1780,282
1762551840,0000004000000001,2406939908175,1333,283
1762551860,0000000100000001,2407135936104,5125,284
1762551864,0000004000000080,2407175517642,2736,285
1762551890,0000000800000080,2407432415154,2864,286
1762551906,0000004000000080,2407594796523,3492,287
1762551906,0000000100000080,2407597297791,3339,288
1762551938,0000004000000004,2407918276440,4813,289
1762551942,0000008000000080,2407961087797,2233,290
1762551958,0000008000000001,2408114828197,3372,291
1762551962,0000008000000080,2408160119946,652,292
1762551973,0000000400000001,2408265376410,4712,293
1762551984,0000000400000004,2408379940246,3001,294
1762551992,0000004000000004,2408459937410,3388,295
1762552022,0000004000000001,2408753697968,1299,296
1762552029,0000000100000001,2408824505981,2235,297
1762552033,0000008000000080,2408871157804,4629,298
1762552055,0000004000000008,2409083461376,2238,299
1762552055,0000000800000001,2409085451857,2121,300
1762552059,0000000100000008,2409122348826,5093,301
1762552059,0000000400000002,2409130173496,4631,302
1762552089,0000000800000001,2409425934674,2409,303
1762552102,0000000100000001,2409552578787,5181,304
1762552102,0000008000000001,2409559182512,4791,305
1762552127,0000008000000080,2409810012892,5276,306
1762552136,0000008000000001,2409893555051,258,307
1762552163,0000004000000001,2410163765059,4782,308
1762552167,0000008000000008,2410210263223,1981,309
1762552193,000000c000000080,2410463051593,2351,310
1762552194,0000008000000080,2410471364287,1856,311
1762552210,0000000100000001,2410634245310,2440,312
1762552214,0000008000000080,2410674692496,5202,313
1762552220,0000004000000002,2410736125253,1509,314
1762552245,0000000800000004,2410986197461,2050,315
1762552254,0000008000000080,2411074824866,1913,316
1762552275,0000008000000080,2411283763590,4926,317
1762552283,000000040000000c,2411362320442,202,318
1762552301,0000000400000004,2411543846419,4864,319
1762552302,0000008000000001,2411560662616,3853,320
1762552321,0000000400000080,2411748326687,2940,321
1762552379,0000000800000001,2412330313925,4305,322
1762552383,0000000100000001,2412368561983,1997,323
1762552400,0000000100000001,2412539404138,2107,324
1762552402,0000000400000002,2412551920771,1352,325
1762552405,0000008000000080,2412590749042,4221,326
1762552414,0000000100000001,2412672110110,4520,327
1762552421,0000008000000080,2412749931077,5025,328
1762552422,0000008000000001,2412758144805,4538,329
1762552442,0000000100000007,2412959043611,2826,330
1762552447,0000000100000080,2413007721312,5098,331
1762552454,0000000400000001,2413078472039,842,332
1762552455,0000000100000001,2413089926179,162,333
1762552476,0000008000000080,2413299000025,3155,334
1762552480,0000008000000001,2413336022601,930,335
1762552481,0000000100000001,2413344296321,438,336
1762552482,0000000100000004,2413351725884,5179,337
1762552503,0000000400000004,2413563954498,2796,338
1762552504,0000008000000080,2413571688228,2335,339
1762552518,0000008000000008,2413718822623,3880,340
1762552523,0000000800000080,2413768627113,877,341
1762552562,0000000800000001,2414154491767,3639,342
1762552573,0000004000000008,2414261741213,2374,343
1762552589,0000000800000002,2414426814109,2831,344
1762552599,0000000400000001,2414523914980,2189,345
1762552599,0000008000000080,2414528411158,1922,346
1762552613,0000004000000008,2414662454651,4252,347
1762552624,0000000800000002,2414780845393,2314,348
1762552647,0000008000000004,2415008907877,4187,349
1762552651,0000004000000008,2415049757368,1723,350
1762552653,0000000800000080,2415066735437,701,351
1762552654,0000000400000002,2415080505911,5066,352
1762552656,0000000100000080,2415097138580,4072,353
1762552657,0000000800000002,2415110360605,3266,354
1762552660,0000000800000008,2415134760231,1805,355
1762552673,0000004000000003,2415266749933,4259,356
1762552673,0000008000000001,2415267031374,4242,357
1762552675,0000000400000080,2415286665924,3047,358
1762552676,0000000100000002,2415296146047,2478,359
1762552686,0000000300000001,2415392932045,1856,360
1762552701,0000000800000002,2415549954094,2788,361
1762552713,0000000800000080,2415668922162,833,362
1762552724,0000004000000080,2415775330445,4824,363
1762552732,0000000100000002,2415860826008,4875,364
1762552746,0000008000000004,2415998133070,1808,365
1762552754,0000004000000080,2416079874823,2083,366
1762552770,0000000100000080,2416234116274,3187,367
1762552770,0000000200000004,2416237388841,2988,368
1762552799,0000000400000001,2416521003260,1516,369
1762552814,0000000800000004,2416674473829,2664,370
1762552833,0000000400000001,2416862458568,1753,371
1762552842,0000000100000001,2416958243052,1181,372
1762552849,0000000100000001,2417026671749,2260,373
1762552853,0000000400000008,2417066344584,5069,374
1762552854,0000000100000002,2417071100415,4787,375
1762552857,0000000800000001,2417108437508,2532,376
1762552868,0000000400000080,2417219627074,1039,377
1762552871,0000008000000008,2417248716191,4495,378
1762552879,0000000100000008,2417328128763,4906,379
1762552896,0000000100000003,2417491321756,284,380
1762552903,0000008000000001,2417562738917,1175,381
1762552930,0000000800000080,2417836798011,281,382
1762552935,0000008000000080,2417881584068,2766,383
1762552952,000000c000000080,2418052060246,2899,384
1762552961,0000008000000080,2418145550423,2471,385
1762552965,0000008000000008,2418186843870,5185,386
1762552977,0000000100000002,2418310328455,2945,387
1762552993,0000008000000080,2418463269206,4148,388
1762553008,0000000100000001,2418613170214,322,389
1762553021,0000000400000008,2418745000763,2768,390
1762553026,0000000400000080,2418792927089,5085,391
1762553041,0000008000000004,2418950230723,817,392
1762553048,0000000800000001,2419018752096,1893,393
1762553064,0000000800000080,2419172653411,3014,394
1762553077,0000004000000006,2419304546214,284,395
1762553084,000000c10000008f,2419373231239,1339,396
1762553090,0000008000000080,2419434864248,2820,397
1762553094,0000008000000008,2419479786370,5317,398
1762553095,0000000800000080,2419484226202,5052,399
1762553099,0000000800000008,2419525590543,2559,400
1762553110,0000000100000008,2419637174891,1043,401
1762553154,0000000400000001,2420074635420,702,402
1762553180,0000000100000002,2420338080877,439,403
1762553194,000000c000000080,2420478783730,2355,404
1762553224,0000000200000001,2420778586870,5099,405
1762553224,0000000500000001,2420780228039,5003,406
1762553232,0000000100000002,2420860370088,186,407
1762553233,0000000400000002,2420869132498,4852,408
1762553238,0000000100000080,2420917062761,1967,409
1762553251,0000000400000008,2421041740638,4856,410
1762553272,0000000400000001,2421257552592,2256,411
1762553280,0000000800000080,2421336621218,2688,412
1762553285,0000000100000004,2421381687486,5176,413
1762553294,0000000800000008,2421475573888,4731,414
1762553302,0000000800000004,2421559234450,4889,415
1762553316,0000000100000008,2421691789616,2107,416
1762553318,0000000800000080,2421711251150,934,417
1762553319,0000008000000080,2421724388323,162,418
1762553320,0000008000000004,2421734627948,4728,419
1762553323,0000000100000008,2421765050361,2886,420
1762553330,0000000100000004,2421832414497,4041,421
1762553333,0000000800000001,2421863435702,2169,422
1762553336,0000000100000004,2421893016515,395,423
1762553341,0000000100000001,2421944725038,2468,424
1762553358,0000000400000004,2422112449947,2764,425
1762553362,000000c000000080,2422159973543,5107,426
1762553378,0000008000000080,2422320411997,652,427
1762553381,0000000400000001,2422344130242,4425,428
1762553382,0000000400000001,2422351500668,3980,429
1762553382,0000000400000080,2422357817518,3597,430
1762553388,0000008000000080,2422416151238,5276,431
1762553389,0000000100000001,2422423510908,4840,432
1762553397,0000000400000001,2422508591281,4914,433
1762553400,0000000100000004,2422530902209,3570,434
1762553401,0000000800000004,2422543212268,2822,435
1762553401,0000000800000008,2422546483297,2626,436
1762553401,0000000100000001,2422548651057,2497,437
1762553404,0000000200000008,2422579701332,636,438
1762553406,0000000400000002,2422595349273,4891,439
1762553411,0000000100000001,2422647110361,1775,440
1762553414,0000008000000080,2422679725677,5005,441
1762553416,0000000500000001,2422692268651,4258,442
1762553433,0000000800000004,2422868152799,4065,443
1762553467,000000c000000080,2423209926944,4282,444
1762553474,0000000800000080,2423271711226,560,445
1762553475,0000008000000080,2423289821684,4668,446
1762553478,0000000400000004,2423313825587,3215,447
1762553487,0000000400000001,2423409428829,2654,448
1762553488,0000000100000001,2423414994297,2323,449
1762553500,0000008000000080,2423539100910,5246,450
1762553505,0000000400000080,2423588391064,2281,451
1762553517,0000000100000001,2423709119419,220,452
1762553517,0000000100000003,2423710017795,165,453
1762553522,0000000100000001,2423755214376,2630,454
1762553527,0000000800000002,2423809261935,4588,455
1762553541,0000008000000001,2423944270444,1653,456
1762553591,0000000800000002,2424446064514,2623,457
1762553608,0000000400000080,2424612467207,3002,458
1762553611,0000008000000002,2424644621608,1071,459
1762553625,0000000100000001,2424782764286,3146,460
1762553652,0000000500000001,2425060538362,2026,461
1762553669,000000c000000080,2425221038321,2749,462
1762553674,0000000100000001,2425273534189,4799,463
1762553693,0000000800000004,2425463931904,3731,464
1762553712,0000000100000002,2425655610715,2579,465
1762553722,0000000400000080,2425757645739,1643,466
1762553726,0000000100000004,2425800664482,4257,467
1762553733,0000000400000001,2425867130676,254,468
1762553735,0000004000000080,2425885578888,4342,469
1762553739,0000004000000004,2425929531876,1691,470
1762553764,0000000400000001,2426175473985,2472,471
1762553769,0000000400000004,2426221235608,4922,472
1762553773,0000008000000080,2426262471394,2434,473
1762553790,0000004000000080,2426437499216,2294,474
1762553824,0000000100000001,2426773941593,2826,475
1762553830,0000000100000001,2426832397193,4520,476
1762553857,0000000100000080,2427105067780,3695,477
1762553863,0000000800000008,2427166765076,5171,478
1762553867,0000000400000001,2427205687542,2826,479
1762553873,0000000800000004,2427263580403,4552,480
1762553890,0000000100000001,2427440343962,4308,481
1762553894,0000000400000002,2427471838699,2400,482
1762553894,0000000800000002,2427475280551,2195,483
1762553906,0000000800000008,2427597040759,5259,484
1762553907,0000000100000001,2427607905015,4615,485
1762553912,0000000800000002,2427650921206,2021,486
1762553914,0000000400000001,2427677233088,440,487
1762553928,0000000100000002,2427817461999,2385,488
1762553928,0000000800000001,2427819987211,2236,489
1762553959,0000004000000002,2428127710733,4510,490
1762553966,0000000100000002,2428194432088,492,491
1762553973,0000008000000001,2428265446321,1409,492
1762553975,0000000c00000002,2428287521141,5274,493
1762553995,0000008000000002,2428481219634,4019,494
1762553996,0000008000000080,2428495075441,3174,495
1762554009,0000004000000080,2428622131069,730,496
1762554014,0000008000000002,2428678204287,2543,497
1762554035,0000000100000003,2428885577020,468,498
1762554035,0000000100000001,2428890315342,183,499
1762554038,0000008000000080,2428914308345,3937,500
1762554044,0000000400000004,2428977125709,162,501
1762554047,0000008000000080,2429007467503,3520,502
1762554055,0000000800000001,2429082940881,4183,503
1762554069,0000004000000001,2429221291334,1043,504
1762554074,0000000400000004,2429278263620,2804,505
1762554090,0000000400000080,2429437391494,3630,506
1762554091,0000000100000003,2429448344056,2961,507
1762554106,0000008000000002,2429597975817,4365,508
1762554112,0000000100000002,2429657167647,795,509
1762554114,0000008000000008,2429672202836,5084,510
1762554125,0000000800000080,2429783398667,3591,511
1762554129,0000000100000080,2429827128959,957,512
1762554138,0000000100000004,2429910971453,1106,513
1762554140,0000008000000080,2429934152533,4912,514
1762554149,0000008000000008,2430027749725,4481,515
1762554155,0000000100000002,2430085506838,995,516
1762554166,0000000800000008,2430198189011,4616,517
1762554167,0000000400000002,2430207177965,4074,518
1762554169,0000000100000008,2430230384387,2663,519
1762554175,0000008800000080,2430289787789,4300,520
1762554178,0000000100000002,2430317830263,2598,521
1762554193,0000000100000001,2430464381056,4185,522
1762554208,0000000100000001,2430612833055,445,523
1762554247,0000004000000080,2431000876891,3062,524
1762554256,0000004000000080,2431090806352,2845,525
1762554257,0000000400000080,2431107131752,1873,526
1762554272,0000000800000008,2431258572445,3143,527
1762554273,0000000200000008,2431264849718,2763,528
1762554285,0000004000000002,2431384762592,752,529
1762554287,0000000100000004,2431401594543,4929,530
1762554291,0000000200000002,2431448647939,2103,531
1762554296,0000000800000004,2431493665013,4596,532
1762554311,0000008000000001,2431643448516,772,533
1762554336,0000000800000001,2431894819836,1229,534
1762554353,0000000400000001,2432060773010,1639,535
1762554355,0000000800000080,2432081614423,390,536
1762554356,0000008000000080,2432090723323,5032,537
1762554409,0000000100000080,2432627868597,3887,538
1762554416,0000008000000080,2432696121039,4971,539
1762554420,0000000400000004,2432739384744,2364,540
1762554437,0000008500000082,2432908337829,2585,541
1762554458,0000004400000001,2433117448426,405,542
1762554465,0000000400000001,2433182806140,1665,543
1762554478,0000000100000082,2433315634321,4068,544
1762554482,0000004000000002,2433360289926,1373,545
1762554486,0000004000000001,2433396881371,4376,546
1762554490,0000000100000001,2433434677667,2095,547
1762554498,0000004000000008,2433512272745,2613,548
1762554517,0000000800000001,2433700841940,1666,549
1762554519,0000000400000004,2433725334526,196,550
1762554521,0000008000000001,2433743271032,4315,551
1762554527,0000000100000003,2433804649391,617,552
1762554548,0000000400000001,2434011622870,3750,553
1762554549,0000008000000080,2434027503319,2782,554
1762554558,0000000800000004,2434116014474,2652,555
1762554566,0000000100000001,2434198491017,2884,556
1762554567,0000008000000008,2434210399123,2175,557
1762554574,0000000800000002,2434276921145,3367,558
1762554584,0000004000000008,2434380065303,2355,559
1762554603,0000000400000004,2434567651049,1461,560
1762554605,0000004000000008,2434590491425,5279,561
1762554611,0000000800000002,2434643646484,2085,562
1762554614,0000008000000080,2434671220582,430,563
1762554614,0000000800000001,2434674271671,246,564
1762554615,0000000800000080,2434687072919,4672,565
1762554636,0000000100000002,2434896824216,2431,566
1762554637,0000000400000080,2434903463751,2038,567
1762554637,0000008000000001,2434909981318,1646,568
1762554641,0000004000000004,2434942465748,4888,569
1762554642,0000004000000001,2434952885765,4265,570
1762554649,0000000100000001,2435022639690,5253,571
1762554666,0000000400000004,2435196274833,5197,572
1762554674,0000000f00000081,2435273830927,536,573
1762554678,0000008000000080,2435314408394,3283,574
1762554697,0000008000000080,2435504200996,2256,575
1762554714,0000000800000002,2435677580789,2215,576
1762554725,0000008000000008,2435784591230,970,577
1762554726,0000000400000002,2435790913780,596,578
1762554734,0000000400000008,2435875407286,704,579
1762554745,0000004000000004,2435990045966,4204,580
1762554756,0000000100000004,2436100085800,2763,581
1762554762,0000008000000080,2436153224770,4772,582
1762554771,0000000100000001,2436241415884,4662,583
1762554785,0000008000000002,2436383525167,1301,584
1762554789,0000008000000002,2436422182317,4177,585
1762554790,0000000100000008,2436431047143,3639,586
1762554800,0000000100000001,2436536834782,2463,587
1762554801,0000000100000001,2436543631339,2060,588
1762554805,0000008000000002,2436583079835,4882,589
1762554834,0000000400000002,2436878289178,2694,590
1762554836,0000008000000001,2436897971681,1519,591
1762554844,0000004000000004,2436972582220,2223,592
1762554847,0000000100000001,2437002346016,438,593
1762554849,0000004000000080,2437028550846,4059,594
1762554849,0000008000000080,2437029919863,3976,595
1762554851,0000004800000008,2437048791291,2826,596
1762554871,0000004000000001,2437243300236,1521,597
1762554874,0000008000000004,2437273707263,4890,598
1762554883,0000000100000001,2437361651744,4795,599
1762554907,0000000100000080,2437605927442,487,600
1762554914,0000004000000004,2437673134140,1636,601
1762554916,0000000400000080,2437699021516,5269,602
1762554925,0000000800000008,2437789126672,5046,603
1762554934,0000008000000004,2437875240382,5060,604
1762554939,0000004000000008,2437927965470,1890,605
1762554956,0000008000000080,2438099411277,1963,606
1762555005,0000000100000001,2438586025202,3857,607
1762555015,0000000100000004,2438682097813,3267,608
1762555020,0000008000000080,2438733088739,206,609
1762555043,0000008000000080,2438970084327,1527,610
1762555045,0000000100000080,2438985826063,582,611
1762555051,0000000800000004,2439047092954,2088,612
1762555060,0000008000000002,2439133432589,2089,613
1762555067,0000000300000001,2439209627460,2690,614
1762555075,0000000400000004,2439286689255,3254,615
1762555078,0000000800000002,2439316460933,1466,616
1762555081,0000008000000080,2439350114914,4643,617
1762555088,0000000800000008,2439417566899,582,618
1762555103,0000004000000004,2439567800823,1932,619
1762555109,0000004000000080,2439627313263,3544,620
1762555114,0000000800000004,2439676188216,605,621
1762555117,0000000400000001,2439707350529,3928,622
1762555124,0000000400000008,2439773437574,5139,623
1762555134,0000008000000080,2439871030219,4474,624
1762555137,0000000800000002,2439909494402,2150,625
1762555157,0000000400000008,2440109230518,526,626
1762555166,0000000400000080,2440199707791,278,627
1762555169,0000000400000002,2440223361252,4052,628
1762555193,0000000800000008,2440467945158,4917,629
1762555203,0000004000000004,2440567751189,4111,630
1762555210,0000008000000080,2440639344694,4993,631
1762555222,0000000400000080,2440754821000,3235,632
1762555240,0000000800000004,2440932473608,2934,633
1762555244,0000000800000001,2440979037211,5331,634
1762555287,0000000800000001,2441410008558,189,635
1762555297,0000000400000001,2441503021149,4977,636
1762555302,0000004000000002,2441557536278,1699,637
1762555308,0000000100000080,2441617945610,3254,638
1762555326,0000004000000080,2441794454178,3021,639
1762555327,0000008000000080,2441806462196,2303,640
1762555336,0000000100000001,2441898510309,1965,641
1762555341,0000008000000080,2441947430897,4221,642
1762555348,0000004000000008,2442018163589,5151,643
1762555364,0000000400000080,2442174627848,931,644
1762555391,0000000800000008,2442444906641,262,645
1762555398,0000000100000004,2442518387710,1028,646
1762555401,0000000400000004,2442542320889,4790,647
1762555423,0000000100000001,2442769009816,1537,648
1762555439,0000000100000001,2442921853814,2723,649
1762555439,0000008000000004,2442930283731,2222,650
1762555450,0000000400000002,2443032595185,1261,651
1762555452,0000000400000080,2443057731852,4947,652
1762555458,0000004000000002,2443119056791,1254,653
1762555459,0000008000000002,2443125766967,852,654
1762555463,0000000500000080,2443162289497,3854,655
1762555475,0000000100000008,2443280524636,1933,656
1762555498,0000000100000008,2443517320565,3265,657
1762555530,0000000400000008,2443835618152,4900,658
1762555553,0000004000000008,2444060871260,1737,659
1762555563,0000004000000001,2444162564597,811,660
1762555563,0000000800000002,2444164656832,687,661
1762555567,0000000400000004,2444205093435,3447,662
1762555584,0000000200000002,2444371279175,3844,663
1762555589,0000008000000080,2444429396477,347,664
1762555609,0000000400000002,2444621868224,4355,665
1762555631,0000000400000080,2444847637073,1149,666
1762555638,0000000400000001,2444913532990,2379,667
1762555638,0000000400000001,2444916165690,2224,668
1762555646,0000000400000008,2444993156357,2781,669
1762555682,0000000400000001,2445352240146,1964,670
1762555683,0000000100000002,2445366889385,1077,671
1762555688,0000000400000004,2445419192970,3122,672
1762555696,0000004000000001,2445498021997,3582,673
1762555700,0000004000000080,2445531815981,1548,674
1762555703,0000008000000001,2445569941557,4457,675
1762555705,0000000100000008,2445585874658,3490,676
1762555713,0000000100000001,2445668474957,3719,677
1762555716,0000000800000002,2445692346243,2276,678
1762555755,0000000100000001,2446087985385,4458,679
1762555785,0000004000000008,2446383300325,2265,680
1762555792,0000000400000008,2446456029908,3081,681
1762555797,0000000100000001,2446509316502,5074,682
1762555804,0000000800000004,2446574328907,1161,683
1762555827,0000004000000080,2446807851409,2690,684
1762555835,0000008000000004,2446880872781,3500,685
1762555859,0000004000000001,2447126374999,4322,686
1762555863,0000008000000008,2447163553196,2076,687
1762555869,0000000400000004,2447229639055,3292,688
1762555879,0000000800000088,2447326858825,2634,689
1762555881,0000008000000004,2447340496017,1824,690
1762555885,0000004000000001,2447382977360,4467,691
1762555890,0000000100000080,2447430609314,1594,692
1762555906,0000004000000002,2447600196313,1783,693
1762555912,0000000800000004,2447659499036,3406,694
1762555932,0000008000000080,2447859988581,1737,695
1762555949,0000000800000008,2448026742848,2092,696
1762555959,0000008000000080,2448129014838,1129,697
1762555970,0000008000000008,2448239355015,4887,698
1762555974,0000000100000001,2448274816900,2742,699
1762555980,0000000100000080,2448339051117,4088,700
1762556030,0000008000000080,2448832030642,398,701
1762556035,0000000400000002,2448886520372,2309,702
1762556040,0000000800000001,2448940121639,4289,703
1762556057,0000008000000008,2449102060370,4929,704
1762556079,0000004000000080,2449327843578,1736,705
1762556135,0000008000000080,2449885195500,4571,706
1762556141,0000000400000080,2449944672661,983,707
1762556148,000000c000000080,2450013910606,2016,708
1762556164,0000008800000004,2450177520961,2555,709
1762556169,0000008000000008,2450227263665,4769,710
1762556174,0000008000000008,2450279909076,1595,711
1762556186,0000000100000008,2450392217695,5226,712
1762556187,0000008000000080,2450401880958,4654,713
1762556190,0000000100000001,2450437339333,2507,714
1762556195,0000000400000080,2450481300796,5063,715
1762556197,0000000400000008,2450509501299,3366,716
1762556202,0000000100000004,2450553052151,747,717
1762556238,0000004000000080,2450917005170,4826,718
1762556261,0000004000000001,2451146647769,1395,719
1762556266,0000008000000080,2451195011184,3684,720
1762556268,0000000800000001,2451216518647,2384,721
1762556272,0000008000000080,2451258204171,5074,722
1762556273,0000008000000001,2451261229086,4895,723
1762556281,0000000100000004,2451342533091,5195,724
1762556286,0000004000000080,2451391185311,2267,725
1762556291,0000000100000001,2451442618125,4377,726
1762556312,0000000400000002,2451655434627,1957,727
1762556314,0000000100000080,2451674294193,819,728
1762556336,0000000800000004,2451891697099,3321,729
1762556338,0000008000000080,2451915077088,1919,730
1762556340,0000000100000001,2451934668797,740,731
1762556352,0000008000000080,2452055188096,3882,732
1762556384,0000000200000001,2452379570157,5138,733
1762556389,0000004000000004,2452425021880,2402,734
1762556399,0000000100000001,2452523573272,1673,735
1762556399,0000004000000004,2452525339853,1565,736
1762556404,0000000800000002,2452570761385,4033,737
1762556427,0000000100000001,2452806432686,243,738
1762556442,0000000800000002,2452958822742,1458,739
1762556449,0000008000000008,2453026763165,2560,740
1762556458,0000000100000001,2453118158421,2260,741
1762556474,0000000100000002,2453270329333,3496,742
1762556497,0000000100000002,2453500201437,5247,743
1762556497,0000008000000004,2453507230678,4831,744
1762556527,0000000100000004,2453803126689,2603,745
1762556530,0000000400000080,2453839242450,440,746
1762556533,0000004000000002,2453862445600,4243,747
1762556547,0000008000000080,2454001469275,1063,748
1762556554,0000008000000080,2454074048484,1898,749
1762556555,0000008000000001,2454083776158,1306,750
1762556565,0000000100000001,2454188739252,193,751
1762556584,0000000100000004,2454376252397,4499,752
1762556586,0000000100000004,2454392397558,3521,753
1762556593,0000000800000004,2454462786994,4487,754
1762556617,0000000100000004,2454706033253,239,755
1762556627,0000008000000002,2454807156135,4548,756
1762556629,0000000100000001,2454825781656,3419,757
1762556630,0000000400000001,2454834827966,2868,758
1762556637,0000000400000002,2454904306066,3895,759
1762556650,0000008000000001,2455039167803,968,760
1762556659,0000000400000008,2455127123609,873,761
1762556665,0000000100000008,2455182270936,2744,762
1762556667,0000008000000001,2455204118516,1436,763
1762556679,0000008000000080,2455322801264,4693,764
1762556694,0000004000000004,2455476986591,607,765
1762556709,0000008000000080,2455623049806,2204,766
1762556711,0000000100000080,2455642581323,1028,767
1762556742,0000004000000080,2455951438983,3224,768
1762556744,0000008000000080,2455973155562,1923,769
1762556747,0000000800000002,2456005017339,5197,770
1762556751,0000000400000001,2456047265084,2649,771
1762556763,0000000800000001,2456163532028,857,772
1762556806,0000000400000080,2456597941374,696,773
1762556824,0000000400000008,2456776311605,357,774
1762556832,0000000100000008,2456857444572,668,775
1762556834,0000008000000001,2456879755846,4527,776
1762556848,0000004000000004,2457017635319,1417,777
1762556853,0000000100000008,2457065832318,3716,778
1762556865,0000004000000002,2457180909856,1986,779
1762556869,0000000400000080,2457224639083,4556,780
1762556888,0000000400000080,2457415848675,3433,781
1762556898,0000000100000001,2457515613334,2621,782
1762556933,0000000100000001,2457868366964,2183,783
1762556940,0000000400000002,2457934555917,3393,784
1762556958,0000008000000080,2458117530605,2768,785
1762556977,0000000800000001,2458300723907,2142,786
1762556990,0000000400000004,2458438235896,4267,787
1762557028,0000000400000002,2458817996430,2189,788
1762557033,0000004000000004,2458861417108,4779,789
1762557034,0000008000000002,2458871580220,4169,790
1762557046,0000008000000001,2458997650875,1774,791
1762557050,0000008000000080,2459035498109,4695,792
1762557067,0000008000000080,2459209389037,4625,793
1762557070,0000000100000001,2459236356681,2987,794
1762557081,0000004000000080,2459342193061,1824,795
1762557121,0000008000000080,2459749256479,3302,796
1762557128,0000000100000001,2459813397352,4647,797
1762557129,0000008000000080,2459820358214,4231,798
1762557132,0000008000000080,2459858398435,1936,799
1762557135,0000000400000001,2459883907408,402,800
1762557144,0000000100000008,2459976036816,5243,801
1762557145,0000000100000003,2459988588970,4499,802
1762557157,0000000200000004,2460107187103,2542,803
1762557168,0000000100000001,2460215412076,1229,804
1762557198,0000000100000008,2460518533599,3779,805
1762557204,0000008000000080,2460579423153,5303,806
1762557209,0000008000000080,2460627909361,2385,807
1762557222,0000004000000080,2460755152778,5122,808
1762557243,0000008000000080,2460964685933,2898,809
1762557248,0000000100000001,2461016799534,4966,810
1762557255,0000008000000008,2461080215213,1147,811
1762557259,0000008000000080,2461120457795,3931,812
1762557270,0000000100000002,2461234247953,2270,813
1762557290,0000000100000002,2461439191339,338,814
1762557298,0000004000000001,2461510573786,1229,815
1762557301,0000000100000002,2461546341145,4284,816
1762557325,0000004000000001,2461781699082,509,817
1762557334,0000000400000004,2461875897312,5225,818
1762557337,000000c000000080,2461900361615,3758,819
1762557341,0000004000000004,2461942428813,1220,820
1762557349,0000000100000080,2462023212120,1558,821
1762557356,0000000400000002,2462098903366,2198,822
1762557362,0000004000000008,2462154839715,4035,823
1762557369,0000004000000004,2462227462869,4858,824
1762557387,0000000100000004,2462400381770,4843,825
1762557408,0000000100000004,2462617015013,2195,826
1762557436,0000000100000004,2462899314416,796,827
1762557457,0000004000000008,2463101352904,4233,828
1762557477,0000000400000001,2463308377530,2159,829
1762557491,0000008000000004,2463442454405,4490,830
1762557491,0000008000000008,2463447077594,4211,831
1762557494,0000000400000008,2463474281814,2560,832
1762557506,0000000400000004,2463598405683,298,833
1762557508,0000000100000001,2463619737079,4214,834
1762557513,0000008000000002,2463660996687,1724,835
1762557515,0000000100000003,2463684099409,338,836
1762557537,0000000800000002,2463908849694,2390,837
1762557545,0000000400000080,2463984726210,3019,838
1762557549,0000000100000005,2464020920307,848,839
1762557554,0000000100000001,2464078928878,2545,840
1762557581,0000004000000004,2464348802016,1902,841
1762557601,0000000400000008,2464548674953,270,842
1762557614,0000000100000002,2464671800002,3243,843
1762557621,0000004000000002,2464748456027,3835,844
1762557634,0000008000000002,2464879014682,1166,845
1762557642,0000008000000008,2464958120652,1605,846
1762557655,0000000100000040,2465086838046,4257,847
1762557660,0000008000000080,2465130593385,1618,848
1762557660,0000000800000001,2465133288318,1455,849
1762557663,0000008000000001,2465167654067,4590,850
1762557665,0000000100000001,2465182930868,3665,851
1762557689,0000004000000004,2465420064061,4981,852
1762557692,0000000800000004,2465457212970,2738,853
1762557701,0000000500000001,2465545211415,2638,854
1762557712,0000008000000080,2465658129662,1044,855
1762557718,0000004000000080,2465718792203,2584,856
1762557719,0000000100000001,2465722390856,2371,857
1762557734,0000000800000080,2465879539312,3308,858
1762557748,0000008000000008,2466016836866,249,859
1762557772,0000000200000004,2466256148895,1430,860
1762557775,0000000900000080,2466286398102,4810,861
1762557776,0000004800000080,2466290452498,4570,862
1762557801,0000000800000002,2466543585137,4919,863
1762557810,0000000100000001,2466636428646,4533,864
1762557840,0000000800000001,2466933207745,2252,865
1762557844,0000000100000001,2466972221705,5100,866
1762557857,0000008000000080,2467107483108,2159,867
1762557860,0000000400000008,2467133572786,593,868
1762557897,0000000400000080,2467508984656,3982,869
1762557898,0000004000000004,2467509364657,3959,870
1762557918,0000008000000080,2467714266902,2017,871
1762557953,0000008000000080,2468060169649,1985,872
1762557965,0000000100000001,2468188640097,4650,873
1762557973,0000000400000002,2468260113631,348,874
1762557988,0000004000000008,2468419262286,1156,875
1762557991,0000000100000001,2468442616269,4948,876
1762558007,0000004000000080,2468602177197,545,877
1762558015,0000004000000080,2468686920002,642,878
1762558042,0000000100000002,2468959659025,5010,879
1762558060,0000004000000080,2469136309907,4775,880
1762558084,000000c000000080,2469378646465,583,881
1762558124,0000000100000003,2469773073359,2816,882
1762558127,0000008000000080,2469807144685,775,883
1762558131,0000000400000001,2469847992315,3511,884
1762558132,0000000100000001,2469854834174,3093,885
1762558136,0000000100000001,2469899289970,429,886
1762558154,0000008000000080,2470071966982,430,887
1762558155,0000000400000001,2470086963475,4725,888
1762558158,0000004000000004,2470113911350,3091,889
1762558164,0000000800000002,2470169695259,4938,890
1762558185,0000008000000080,2470385995515,2308,891
1762558189,0000000100000004,2470423826129,5227,892
1762558189,0000000400000004,2470426598653,5062,893
1762558197,0000000300000001,2470507882141,178,894
1762558211,0000008000000080,2470646690682,2211,895
1762558212,0000008000000080,2470653110054,1828,896
1762558218,0000000400000008,2470714286323,3336,897
1762558231,0000008000000080,2470841230254,895,898
1762558232,0000004000000080,2470854092727,5313,899
1762558234,0000008000000001,2470876628172,3968,900
1762558285,0000000100000001,2471387789319,4385,901
1762558296,0000000100000001,2471496840438,3005,902
1762558299,0000000800000001,2471522071293,1493,903
1762558312,0000000100000001,2471652689074,4029,904
1762558314,0000000100000001,2471674562287,2699,905
1762558315,0000000100000003,2471687390257,1937,906
1762558315,0000004000000080,2471687511658,1930,907
1762558319,0000000400000004,2471728911888,4639,908
1762558329,0000000100000001,2471828435175,3844,909
1762558348,0000000100000001,2472019525080,2723,910
1762558371,0000004000000008,2472248259408,4562,911
1762558372,0000000400000080,2472253568669,4243,912
1762558404,0000000800000004,2472576451138,397,913
1762558413,0000004000000008,2472665328458,245,914
1762558419,0000000100000004,2472720907651,2093,915
1762558424,0000008000000080,2472771343449,4259,916
1762558426,0000008000000080,2472790602743,3087,917
1762558426,0000000400000080,2472798103587,2635,918
1762558462,0000008000000001,2473151800340,2142,919
1762558489,0000000800000002,2473420125942,1583,920
1762558495,0000008000000080,2473488152155,2677,921
1762558506,0000000800000008,2473591122863,1685,922
1762558537,0000000100000080,2473905025969,3579,923
1762558545,0000000100000080,2473985275395,3950,924
1762558549,0000004000000002,2474022019353,1736,925
1762558555,0000000800000080,2474086909813,6035,926
1762558575,0000000400000001,2474280741563,1753,927
1762558576,0000000100000080,2474295355092,871,928
1762558622,0000008000000080,2474758012294,4213,929
1762558623,0000004000000002,2474760151198,4084,930
1762558625,0000000100000001,2474787470897,2430,931
1762558646,0000008000000080,2474997152695,211,932
1762558650,0000008000000004,2475032724631,6518,933
1762558689,0000000400000004,2475421756029,638,934
1762558693,0000000400000004,2475466529709,3131,935
1762558711,0000000600000001,2475644596326,2805,936
1762558723,0000008000000004,2475762211231,929,937
1762558725,0000004000000008,2475786275185,4684,938
1762558733,0000000100000001,2475862076041,5311,939
1762558748,0000000100000001,2476013535956,1394,940
1762558751,0000000800000004,2476044310933,4743,941
1762558753,0000000100000004,2476067524115,3339,942
1762558765,0000008000000004,2476180077526,1767,943
1762558765,0000000800000080,2476184652942,1489,944
1762558777,0000000800000004,2476300102047,4934,945
1762558784,0000000100000001,2476374731209,448,946
1762558785,0000000100000001,2476382242892,5183,947
1762558788,0000000400000008,2476417028862,3087,948
1762558801,0000000100000001,2476549392985,330,949
1762558805,0000004000000002,2476583072701,3492,950
1762558808,0000002000000008,2476615994465,1511,951
1762558809,0000008000000080,2476622126660,1139,952
1762558811,0000000100000001,2476640586513,5224,953
1762558825,0000000100000001,2476780124766,2028,954
1762558828,0000008000000080,2476815660711,5082,955
1762558830,0000004000000004,2476833771125,4001,956
1762558837,0000000800000008,2476901144378,5134,957
1762558852,0000008000000008,2477050693386,1330,958
1762558852,0000000800000080,2477055956781,1013,959
1762558867,0000000100000004,2477202027611,2611,960
1762558878,0000000800000080,2477313577043,1097,961
1762558893,0000008000000080,2477469366888,2117,962
1762558896,0000008000000004,2477491110005,809,963
1762558896,0000000100000080,2477493315671,678,964
1762558903,0000008000000002,2477563148410,1671,965
1762558937,0000008000000080,2477907455717,1736,966
1762558943,0000000100000006,2477968248698,3267,967
1762558946,0000000800000002,2477994140221,1715,968
1762558954,0000000100000001,2478078243469,1850,969
1762558965,0000000400000004,2478181368422,840,970
1762558974,0000008000000080,2478274409887,439,971
1762558998,0000004000000001,2478518089891,1357,972
1762559003,0000000100000001,2478567821125,3563,973
1762559025,0000000200000008,2478784649207,905,974
1762559035,0000000100000008,2478886711730,5152,975
1762559037,0000000400000002,2478900059356,4359,976
1762559041,0000008000000080,2478949282600,1387,977
1762559053,0000008000000080,2479067303335,4685,978
1762559065,0000008000000080,2479188741390,2560,979
1762559085,0000008000000004,2479381404929,1363,980
1762559085,0000004000000008,2479384877872,1153,981
1762559092,0000008000000080,2479451000684,2370,982
1762559099,0000000100000001,2479526791517,3002,983
1762559105,0000004000000080,2479585885841,4654,984
1762559105,0000008000000002,2479588091383,4523,985
1762559107,0000004000000001,2479605088840,3492,986
1762559117,0000000400000001,2479702044223,2847,987
1762559122,0000000400000004,2479750108620,5155,988
1762559158,0000000400000080,2480119023299,3744,989
1762559196,0000000100000002,2480496149195,1833,990
1762559198,0000000800000002,2480519119611,453,991
1762559213,0000000100000080,2480667759640,1898,992
1762559216,000000080000000a,2480689442172,593,993
1762559235,0000008000000002,2480889239024,4162,994
1762559257,0000000800000080,2481101651405,1766,995
1762559258,0000004000000080,2481116303709,882,996
1762559259,0000004000000080,2481120041010,661,997
1762559259,0000000400000080,2481122369630,520,998
1762559277,0000008400000080,2481303212346,5218,999
1762559291,0000004000000001,2481445960277,1831,1000
1762559294,0000000500000001,2481475648742,5233,1001
1762559315,0000000200000002,2481680018586,3327,1002
1762559342,0000004000000008,2481958739993,2146,1003
1762559359,0000000100000001,2482129314757,2271,1004
1762559363,0000000400000004,2482159458771,463,1005
1762559366,0000000800000004,2482195268409,3500,1006
1762559375,0000000100000006,2482287563078,3136,1007
1762559376,0000000100000001,2482293921476,2750,1008
1762559382,0000008000000080,2482356663454,4186,1009
1762559387,0000000400000008,2482408782667,1040,1010
1762559405,0000000400000080,2482589158808,583,1011
1762559406,0000000100000001,2482593742972,310,1012
1762559438,0000000100000001,2482912171897,1928,1013
1762559466,0000000400000002,2483195550321,465,1014
1762559470,0000000800000008,2483238017582,3095,1015
1762559471,0000000100000001,2483243290413,2776,1016
1762559472,0000008000000080,2483255140190,2071,1017
1762559487,0000008000000080,2483406214725,3368,1018
1762559498,0000004000000080,2483513241843,2127,1019
1762559511,0000008000000080,2483641773178,4788,1020
1762559511,0000008000000002,2483644562618,4622,1021
1762559524,0000008000000080,2483772344721,2122,1022
1762559554,0000000400000001,2484077515868,4549,1023
1762559558,0000000100000002,2484110189267,2569,1024
1762559583,0000000400000080,2484363798752,2893,1025
1762559586,0000000100000001,2484395865950,970,1026
1762559601,0000000400000004,2484541838100,2573,1027
1762559606,0000000100000004,2484595902033,4529,1028
1762559610,0000000400000008,2484635877909,2116,1029
1762559612,0000004000000004,2484657135817,837,1030
1762559638,0000000100000008,2484914166006,956,1031
1762559643,0000000100000002,2484968011164,2905,1032
1762559650,0000004000000002,2485033956900,4147,1033
1762559663,0000000400000008,2485168177898,1256,1034
1762559664,0000000100000001,2485174156498,899,1035
1762559684,0000000800000004,2485374610365,4432,1036
1762559684,0000000800000002,2485374858006,4418,1037
1762559746,0000008000000001,2485994870548,3469,1038
1762559750,0000000400000002,2486029342478,1394,1039
1762559759,0000008000000002,2486125303288,816,1040
1762559760,0000000800000001,2486135068836,235,1041
1762559768,0000000400000002,2486217513104,468,1042
1762559778,0000000100000001,2486312754361,5122,1043
1762559790,0000000100000001,2486436340488,2875,1044
1762559798,0000000400000080,2486517492132,3190,1045
1762559815,0000004000000001,2486681408866,3726,1046
1762559826,0000008000000080,2486797539253,1933,1047
1762559835,0000000100000084,2486887034733,1743,1048
1762559853,0000000100000008,2487059401804,1762,1049
1762559854,0000000800000080,2487074155989,872,1050
1762559908,0000000100000001,2487611565352,4906,1051
1762559908,0000004000000004,2487615871887,4650,1052
1762559941,0000000100000006,2487940794599,682,1053
1762559953,0000004400000001,2488059723988,3919,1054
1762559959,0000000100000004,2488123902202,5244,1055
1762559962,0000008000000004,2488153186516,3486,1056
1762559989,0000000800000080,2488421973366,2892,1057
1762559995,0000000400000008,2488479532298,4637,1058
1762559998,0000000500000001,2488515982595,2432,1059
1762559999,0000000400000001,2488528424800,1692,1060
1762560040,000000010000000d,2488930172247,3492,1061
1762560061,0000000100000004,2489148328914,757,1062
1762560065,0000000100000004,2489180615026,4015,1063
1762560071,0000000800000001,2489242902579,265,1064
1762560072,0000000400000002,2489254477949,4763,1065
1762560107,0000000800000004,2489601297271,4678,1066
1762560112,0000000400000001,2489653432411,1537,1067
1762560143,0000000400000001,2489967103075,3442,1068
1762560170,0000000400000002,2490236612291,2804,1069
1762560178,0000000400000080,2490313013450,3409,1070
1762560201,0000000100000001,2490549070327,4797,1071
1762560217,0000008000000080,2490702525714,756,1072
1762560235,0000008000000080,2490886914646,5242,1073
1762560241,0000008000000080,2490944550187,1780,1074
1762560260,0000000400000004,2491135923113,657,1075
1762560285,0000000400000080,2491379876427,1562,1076
1762560309,0000000400000080,2491623125601,2504,1077
1762560313,0000004000000008,2491665940193,5128,1078
1762560333,0000008000000080,2491868162087,3350,1079
1762560339,0000004000000080,2491922953835,5249,1080
1762560349,0000004000000004,2492027247049,4179,1081
1762560360,0000008000000080,2492130217115,3166,1082
1762560361,0000000400000002,2492144392147,2314,1083
1762560363,0000000100000080,2492168877701,844,1084
1762560393,0000004000000002,2492460438392,4088,1085
1762560405,0000000200000001,2492579357459,2123,1086
1762560406,0000000400000080,2492596346254,1097,1087
1762560415,0000000800000001,2492686951082,845,1088
1762560422,0000000800000001,2492753253318,2049,1089
1762560423,0000000800000008,2492764682810,1361,1090
1762560439,0000000400000002,2492920383627,2379,1091
1762560450,0000000100000004,2493034324558,725,1092
1762560459,0000000100000009,2493119172432,814,1093
1762560460,0000004000000001,2493131516288,5261,1094
1762560462,0000008000000001,2493150892465,4106,1095
1762560464,0000008000000001,2493173266060,2746,1096
1762560464,0000000100000008,2493173840887,2712,1097
1762560469,0000000400000002,2493223385303,4934,1098
1762560476,0000000800000008,2493296458312,540,1099
1762560477,0000000800000080,2493301407766,243,1100
1762560480,0000000100000008,2493338935271,3170,1101
1762560491,0000008000000004,2493440401472,2264,1102
1762560501,0000000100000001,2493548559727,945,1103
1762560508,0000000800000008,2493611925953,2332,1104
1762560527,0000000400000008,2493802421950,1262,1105
1762560527,0000000100000004,2493804240297,1152,1106
1762560535,0000008000000004,2493888586105,1272,1107
1762560549,0000000800000002,2494022952791,3582,1108
1762560554,0000000800000008,2494077329131,314,1109
1762560556,0000000100000001,2494097602427,4293,1110
1762560559,0000000800000008,2494125680094,2588,1111
1762560573,0000000800000001,2494261857689,4795,1112
1762560581,0000000400000002,2494344397008,5022,1113
1762560585,0000000200000002,2494385363364,2549,1114
1762560625,0000008000000080,2494783402576,4590,1115
1762560633,0000008000000080,2494866449825,4784,1116
1762560642,0000000500000001,2494957588483,4499,1117
1762560656,0000000100000001,2495089710126,1740,1118
1762560667,0000000400000008,2495207945118,5014,1119
1762560672,0000000400000008,2495258759261,1959,1120
1762560681,0000008000000080,2495341560312,2169,1121
1762560706,0000000100000001,2495596162526,2432,1122
1762560707,0000008000000080,2495601661648,2106,1123
1762560708,0000000100000002,2495617899196,1124,1124
1762560710,0000000100000003,2495632763614,238,1125
1762560711,0000000800000004,2495642158136,4866,1126
1762560724,0000000800000008,2495771905126,2250,1127
1762560724,0000000800000004,2495778502642,1859,1128
1762560748,0000000400000004,2496010434208,3485,1129
1762560762,0000008000000080,2496153423267,5269,1130
1762560796,0000000100000002,2496495668727,270,1131
1762560802,0000000100000001,2496553495707,1983,1132
1762560811,0000008000000080,2496641909599,1859,1133
1762560811,0000000400000001,2496645620182,1634,1134
1762560823,0000000100000004,2496764082897,4899,1135
1762560836,0000000800000004,2496890194184,2497,1136
1762560852,0000004000000001,2497051617867,3176,1137
1762560859,0000004400000002,2497124955890,3970,1138
1762560864,0000000100000080,2497169656049,1271,1139
1762560867,0000004000000001,2497208478843,4141,1140
1762560874,0000000400000004,2497271224787,363,1141
1762560910,0000008000000080,2497633318835,4555,1142
1762560917,0000000800000008,2497705899561,184,1143
1762560922,0000004000000002,2497751417943,2630,1144
1762560923,0000008000000001,2497761670626,2021,1145
1762560966,0000008000000080,2498195209019,1912,1146
1762560977,0000000800000008,2498308171782,314,1147
1762560979,0000000800000004,2498324363968,4537,1148
1762560999,0000000100000000,2498521720119,3038,1149
1762561001,0000004000000080,2498542374902,1804,1150
1762561022,0000008000000001,2498758982888,4363,1151
1762561039,0000004000000008,2498926411719,4676,1152
1762561048,0000000400000002,2499009572123,4866,1153
1762561052,0000000800000001,2499053445174,2221,1154
1762561059,0000000400000004,2499119889961,3418,1155
1762561081,0000008c00000002,2499342094701,445,1156
1762561081,0000000400000004,2499348757860,5232,1157
1762561090,0000000100000004,2499433979266,5300,1158
1762561094,0000004000000080,2499471046185,3065,1159
1762561104,0000000400000002,2499578834339,1783,1160
1762561118,0000000400000001,2499712957486,4109,1161
1762561126,0000000800000001,2499793096554,4483,1162
1762561148,0000004000000002,2500017756608,1346,1163
1762561151,0000008000000080,2500041501892,5113,1164
1762561152,0000008000000004,2500056921890,4195,1165
1762561156,0000004000000004,2500089174833,2245,1166
1762561156,0000008000000002,2500096231671,1823,1167
1762561158,0000000400000004,2500111263909,915,1168
1762561160,0000008000000004,2500138437825,4485,1169
1762561167,0000000400000080,2500207662411,317,1170
1762561173,0000000800000004,2500259939098,2357,1171
1762561182,0000000400000004,2500355300361,1822,1172
1762561192,0000008000000001,2500454451827,1046,1173
1762561207,0000008000000080,2500605454157,2349,1174
1762561229,0000000100000001,2500819215252,5075,1175
1762561235,0000004000000001,2500880771340,1372,1176
1762561235,0000000800000080,2500880995900,1358,1177
1762561245,0000000100000001,2500986473145,212,1178
1762561250,0000000400000008,2501031396356,2692,1179
1762561250,0000008000000002,2501038438932,2274,1180
1762561251,0000000100000001,2501039086274,2237,1181
1762561262,0000004000000008,2501157041477,340,1182
1762561275,0000008000000001,2501285501588,2991,1183
1762561277,0000000400000001,2501303690491,1904,1184
1762561280,0000000100000002,2501334291919,5252,1185
1762561293,0000008000000080,2501468113687,2394,1186
1762561297,0000008000000080,2501507100677,5246,1187
1762561319,0000004000000080,2501721294635,2743,1188
1762561322,0000004000000004,2501753484600,814,1189
1762561333,0000000200000002,2501859930830,4805,1190
1762561343,000000c000000002,2501966010984,3615,1191
1762561355,0000000400000002,2502082123247,1824,1192
1762561355,0000000100000003,2502083294315,1754,1193
1762561364,0000000800000080,2502172162552,1599,1194
1762561371,0000000300000001,2502239827388,2715,1195
1762561382,0000000800000002,2502349723583,1303,1196
1762561384,0000000100000080,2502375712360,4940,1197
1762561410,0000000800000004,2502634997688,4924,1198
1762561412,0000000400000002,2502656414390,3635,1199
1762561426,0000004000000002,2502797938844,317,1200
1762561427,0000000100000002,2502802587897,5225,1201
1762561430,0000000100000001,2502830213053,3567,1202
1762561431,000000c000000080,2502841523771,2878,1203
1762561432,0000004000000080,2502849861698,2380,1204
1762561451,0000004000000001,2503044235146,1076,1205
1762561467,0000008000000002,2503207477609,1649,1206
1762561507,0000004000000001,2503604960958,3710,1207
1762561518,0000004000000080,2503711442235,2489,1208
1762561526,0000000100000001,2503794144507,2707,1209
1762561531,0000008000000080,2503847274808,4718,1210
1762561544,0000000400000001,2503971465726,2431,1211
1762561562,0000004000000080,2504150959259,2027,1212
1762561564,0000004000000001,2504169610986,902,1213
1762561569,0000000800000080,2504220765949,3015,1214
1762561584,000000c000000080,2504373441279,4233,1215
1762561595,0000000500000002,2504479902883,3007,1216
1762561600,0000000400000004,2504534457958,4928,1217
1762561657,0000000500000001,2505099919569,2076,1218
1762561678,0000008000000002,2505318685302,4505,1219
1762561681,0000000400000084,2505345878509,2854,1220
1762561689,0000000800000001,2505426449443,3204,1221
1762561713,0000004000000008,2505667243762,4314,1222
1762561719,0000000800000008,2505727791136,664,1223
1762561803,0000008000000080,2506564072525,2294,1224
1762561812,0000004000000080,2506651769555,2214,1225
1762561828,0000000400000001,2506817682930,2615,1226
1762561856,0000000400000002,2507091182022,1754,1227
1762561864,0000008000000008,2507170864731,2152,1228
1762561899,0000000800000002,2507520456538,1902,1229
1762561903,0000000100000080,2507559423747,4753,1230
1762561918,0000000100000001,2507716987376,469,1231
1762561920,0000008000000008,2507732666477,4722,1232
1762561920,0000000400000080,2507733124715,4694,1233
1762561930,0000004000000004,2507829334249,4102,1234
1762561931,0000008000000080,2507839802385,3464,1235
1762561939,0000000400000080,2507924191719,3584,1236
1762561941,0000000800000004,2507944781376,2340,1237
1762561950,0000004000000003,2508034155255,2163,1238
1762561953,0000004000000001,2508061076377,545,1239
1762561959,0000000800000004,2508122523287,2041,1240
1762561971,0000000100000080,2508239674699,191,1241
1762561984,0000008000000080,2508370741463,2683,1242
1762562008,0000004000000001,2508608965449,3948,1243
1762562010,0000000400000001,2508631556308,2575,1244
1762562010,0000000100000008,2508632085914,2545,1245
1762562018,000000c000000080,2508709894750,3058,1246
1762562045,0000000800000001,2508979129219,2446,1247
1762562047,0000000c0000000c,2509002490769,1042,1248
1762562047,0000000100000006,2509007583135,739,1249
1762562061,0000000100000080,2509143017229,2973,1250
1762562071,0000000100000001,2509244852957,2048,1251
1762562072,0000000200000081,2509252371446,1596,1252
1762562095,0000000100000001,2509485612074,3140,1253
1762562097,0000004000000080,2509504437654,2015,1254
1762562106,0000000800000001,2509597963325,1582,1255
1762562108,0000000400000008,2509616072099,496,1256
1762562131,0000000400000002,2509843475548,2390,1257
1762562135,0000000400000008,2509884643567,5110,1258
1762562144,0000008000000080,2509972431776,5025,1259
1762562147,0000004000000080,2510006174153,2988,1260
1762562167,0000000c00000004,2510201659538,1625,1261
1762562170,0000000100000001,2510237720161,4656,1262
1762562187,0000000800000008,2510404054328,5032,1263
1762562189,0000004000000004,2510419661191,4100,1264
1762562215,0000000100000001,2510679817839,4031,1265
1762562217,0000000100000008,2510704211802,2551,1266
1762562222,0000008000000004,2510758472636,4496,1267
1762562236,0000000800000001,2510895992735,1408,1268
1762562238,0000008000000080,2510909842551,578,1269
1762562256,0000004000000080,2511098383154,4821,1270
1762562270,0000000800000001,2511231205648,2020,1271
1762562283,000000c000000008,2511360007187,4667,1272
1762562283,0000004000000001,2511364380078,4406,1273
1762562284,0000004000000001,2511370934334,4010,1274
1762562293,0000000400000008,2511463849925,3610,1275
1762562296,0000000800000001,2511488830234,2104,1276
1762562330,0000008000000080,2511832262135,2219,1277
1762562346,0000000400000008,2511994606139,2836,1278
1762562348,0000000400000006,2512011410943,1836,1279
1762562365,0000008000000004,2512185729358,1737,1280
1762562378,0000004000000008,2512312552652,4502,1281
1762562381,0000000400000001,2512347919553,2362,1282
1762562400,0000000800000002,2512535932655,1442,1283
1762562403,0000008000000008,2512563230272,4998,1284
1762562443,0000008000000008,2512962187467,1774,1285
1762562470,0000000400000080,2513236457661,854,1286
1762562475,0000004000000080,2513286050350,3060,1287
1762562477,0000000800000002,2513300129158,2219,1288
1762562477,0000008000000008,2513304859627,1937,1289
1762562489,0000000800000002,2513426470137,5009,1290
1762562493,0000008000000080,2513466949159,2565,1291
1762562512,0000008000000080,2513652862530,1779,1292
1762562532,0000000800000008,2513853533720,5285,1293
1762562532,0000000800000080,2513854458579,5230,1294
1762562535,0000000800000008,2513883349262,3493,1295
1762562538,0000008000000004,2513910095706,1880,1296
1762562546,0000000100000001,2513990620753,2234,1297
1762562576,0000000800000008,2514297496931,4560,1298
1762562590,0000000100000080,2514434087632,1528,1299
1762562595,0000000100000002,2514478784342,4041,1300
1762562597,0000008000000001,2514499502846,2779,1301
1762562603,0000004000000001,2514562526625,4198,1302
1762562614,0000000400000004,2514674125011,2663,1303
1762562657,0000000100000008,2515105504896,2683,1304
1762562679,0000004800000008,2515323552310,5154,1305
1762562682,0000000100000008,2515353382319,3359,1306
1762562695,0000008000000001,2515481355865,856,1307
1762562707,0000008000000001,2515600478200,4088,1308
1762562708,0000004000000001,2515615886856,3148,1309
1762562714,0000000800000080,2515669006174,5151,1310
1762562720,0000000100000001,2515730299324,1463,1311
1762562721,000000c000000080,2515743791389,656,1312
1762562731,0000000800000001,2515847893219,4784,1313
1762562752,0000000100000001,2516056582918,2604,1314
1762562762,0000008000000080,2516151888035,2074,1315
1762562762,0000004000000002,2516155933110,1832,1316
1762562768,0000008000000080,2516217382321,3326,1317
1762562779,000000c000000080,2516319647821,2366,1318
1762562786,0000000100000002,2516390156449,3320,1319
1762562800,0000000100000001,2516536442601,4913,1320
1762562830,000000c000000080,2516828779210,2899,1321
1762562847,0000000400000001,2517001691147,2887,1322
1762562908,0000008000000080,2517612565206,2498,1323
1762562910,0000000800000080,2517632940130,1275,1324
1762562918,0000000200000002,2517711070064,1775,1325
1762562922,0000000100000001,2517749263940,4675,1326
1762562924,0000004000000001,2517773784519,3190,1327
1762562924,0000000400000008,2517778165986,2924,1328
1762562937,0000000800000002,2517903815649,569,1329
1762562977,0000000800000008,2518306349869,2318,1330
1762563011,0000000100000080,2518646611914,2621,1331
1762563016,0000008000000080,2518690663012,5171,1332
1762563025,0000000400000001,2518783999269,4759,1333
1762563033,0000000800000080,2518861191011,5299,1334
1762563059,0000000100000002,2519121312060,5235,1335
1762563078,0000008000000088,2519312277172,4144,1336
1762563086,0000008000000080,2519395532095,4332,1337
1762563098,0000000200000002,2519508634268,2706,1338
1762563098,0000000400000080,2519512290339,2488,1339
1762563118,0000000800000080,2519709315460,1027,1340
1762563119,0000004000000004,2519727250959,5143,1341
1762563125,0000000800000001,2519779062867,2030,1342
1762563149,0000000200000002,2520022961991,2930,1343
1762563151,0000000800000004,2520045826175,1562,1344
1762563167,0000000800000004,2520199841046,2678,1345
1762563172,0000000400000001,2520252384916,4725,1346
1762563185,0000000c00000002,2520381822932,2126,1347
1762563186,0000008000000080,2520394573555,1357,1348
1762563196,0000000100000002,2520492492274,664,1349
1762563278,0000000400000080,2521317091257,2993,1350
1762563288,0000000800000004,2521418124324,2116,1351
1762563304,0000004000000080,2521574621605,3083,1352
1762563310,0000000800000008,2521628826097,5023,1353
1762563319,0000000100000002,2521720564343,4704,1354
1762563332,0000000400000004,2521852924359,1933,1355
1762563337,0000000800000002,2521908319347,3796,1356
1762563346,0000004000000002,2521995414787,3751,1357
1762563349,0000008000000080,2522022749801,2103,1358
1762563357,0000000800000002,2522098524728,2731,1359
1762563362,0000000400000001,2522148920514,4903,1360
1762563398,0000000100000008,2522514174485,3708,1361
1762563412,0000008000000080,2522655975992,373,1362
1762563423,0000004000000008,2522766935212,4088,1363
1762563429,0000000100000001,2522827425881,447,1364
1762563437,0000008000000004,2522900596411,1232,1365
1762563453,0000000800000080,2523060827373,1986,1366
1762563456,0000000100000001,2523092468767,5271,1367
1762563468,0000000100000008,2523215540282,3060,1368
1762563476,0000000100000080,2523289321205,3826,1369
1762563504,0000008000000080,2523570916953,2459,1370
1762563518,0000000100000008,2523714450827,4226,1371
1762563524,0000000800000004,2523774109420,630,1372
1762563533,0000000400000080,2523866190543,288,1373
1762563535,0000004000000002,2523887778091,4187,1374
1762563553,0000004000000002,2524062122687,4087,1375
1762563565,0000008000000002,2524181308529,2104,1376
1762563575,0000008100000002,2524279410485,1395,1377
1762563578,0000000100000001,2524310511889,4724,1378
1762563589,0000008000000080,2524426053736,2956,1379
1762563599,0000000100000001,2524518571422,2585,1380
1762563616,0000000800000004,2524696348946,2283,1381
1762563620,0000000400000008,2524732224874,5318,1382
1762563620,0000000400000001,2524736230639,5080,1383
1762563646,0000008000000080,2524993484101,5186,1384
1762563656,000000010000000c,2525093204408,4391,1385
1762563668,0000000100000003,2525213350136,2346,1386
1762563672,0000000800000001,2525257457015,4893,1387
1762563702,0000000100000080,2525549974447,2868,1388
1762563702,0000004000000080,2525552791305,2698,1389
1762563705,0000000100000004,2525585644105,730,1390
1762563712,0000008000000080,2525653507123,1844,1391
1762563717,0000000100000080,2525705587079,3907,1392
1762563719,0000000800000001,2525726114924,2660,1393
1762563729,0000000800000002,2525821064648,2150,1394
1762563729,0000004000000080,2525823671365,1994,1395
1762563750,0000000200000001,2526031541883,5070,1396
1762563752,0000004000000080,2526050333649,3946,1397
1762563754,0000000200000008,2526072082071,2625,1398
1762563755,0000008000000008,2526087120303,1728,1399
1762563757,0000000300000001,2526101052458,887,1400
1762563785,0000000400000004,2526386875944,4480,1401
1762563807,0000000800000001,2526606624123,1641,1402
1762563821,0000000400000001,2526742241383,3876,1403
1762563851,0000008000000008,2527046768725,1129,1404
1762563855,0000004000000004,2527082023227,4215,1405
1762563868,0000000400000002,2527209434435,1737,1406
1762563879,0000004000000080,2527327549612,5020,1407
1762563885,0000000800000080,2527379234379,1912,1408
1762563902,0000004000000008,2527550716939,1984,1409
1762563904,0000000100000002,2527568901159,886,1410
1762563905,0000000100000001,2527580595753,189,1411
1762563907,0000000800000008,2527599741925,4235,1412
1762563909,0000000100000004,2527625707533,2658,1413
1762563933,0000008000000080,2527868089757,3668,1414
1762563992,0000008000000001,2528455992450,4664,1415
1762563994,0000008000000080,2528478171848,3321,1416
1762564000,0000000100000007,2528528917554,277,1417
1762564007,0000000800000001,2528598697010,1265,1418
1762564007,0000000400000002,2528605500066,858,1419
1762564018,0000008000000080,2528717282684,4532,1420
1762564029,0000008000000080,2528827288667,3095,1421
1762564031,0000000100000008,2528841145976,2264,1422
1762564032,0000000100000080,2528855464530,1404,1423
1762564053,0000000400000008,2529061319028,4610,1424
1762564059,0000000100000008,2529126819151,664,1425
1762564061,0000000400000004,2529144189447,4817,1426
1762564075,0000000400000002,2529284856653,1544,1427
1762564080,0000000100000004,2529333997547,3787,1428
1762564089,0000000100000080,2529420655940,3767,1429
1762564092,0000008000000008,2529449881963,2007,1430
1762564092,0000008000000008,2529455169983,1689,1431
1762564095,0000000400000002,2529483588199,5170,1432
1762564096,0000000100000001,2529489811991,4803,1433
1762564096,0000008000000080,2529491685030,4691,1434
1762564096,0000008000000080,2529496397266,4410,1435
1762564116,0000000100000008,2529694134241,2887,1436
1762564121,0000000100000001,2529740561303,5295,1437
1762564144,0000008000000080,2529976702504,1477,1438
1762564146,0000000400000080,2529991594952,586,1439
1762564160,0000008000000004,2530135084667,2336,1440
1762564161,0000000100000001,2530141512503,1954,1441
1762564170,0000004000000008,2530231271780,1748,1442
1762564178,0000008000000008,2530314595800,1931,1443
1762564180,0000008000000080,2530329032512,1057,1444
1762564206,0000000800000008,2530597643602,487,1445
1762564220,0000000400000080,2530735926710,2547,1446
1762564223,0000008000000080,2530767844677,635,1447
1762564230,0000000400000001,2530828297505,2191,1448
1762564243,0000004000000008,2530962210948,4531,1449
1762564265,0000000100000002,2531180703552,1770,1450
1762564270,0000000300000001,2531233540460,3787,1451
1762564276,0000000100000001,2531291254208,315,1452
1762564291,0000000200000001,2531441360042,1671,1453
1762564294,0000000200000001,2531472166732,5010,1454
1762564321,0000004400000080,2531742260191,4353,1455
1762564324,0000004000000080,2531776317790,2294,1456
1762564325,0000000100000001,2531780452891,2049,1457
1762564333,0000000300000001,2531859530821,2479,1458
1762564352,0000000800000080,2532052417208,1266,1459
1762564369,0000000800000004,2532226612490,1175,1460
1762564371,0000008000000080,2532246520930,5173,1461
1762564372,0000008000000080,2532252433481,4823,1462
1762564392,0000000800000008,2532455035401,3014,1463
1762564402,0000000500000001,2532555486780,2171,1464
1762564429,0000000100000001,2532822185699,1712,1465
1762564445,0000000100000003,2532985609413,2265,1466
1762564446,0000000100000003,2532997998742,1522,1467
1762564454,0000008000000080,2533076713391,1983,1468
1762564463,0000008000000004,2533167025626,1743,1469
1762564477,0000000800000004,2533299488084,4170,1470
1762564480,000000c000000080,2533331428027,2238,1471
1762564481,0000008000000002,2533340669642,1685,1472
1762564503,0000008000000080,2533558852594,4150,1473
1762564510,0000004000000080,2533630045347,5053,1474
1762564523,0000008000000080,2533767341055,1989,1475
1762564528,0000000100000001,2533809952676,4626,1476
1762564544,0000000100000002,2533970074789,184,1477
1762564563,0000000200000001,2534159628845,4367,1478
1762564576,0000004000000008,2534296358899,1327,1479
1762564578,0000008000000080,2534313642217,295,1480
1762564587,0000000100000001,2534405485103,5151,1481
1762564589,0000000800000002,2534421530078,4195,1482
1762564594,0000000800000008,2534476741284,864,1483
1762564605,0000000400000004,2534583829616,4816,1484
1762564613,000000010000000c,2534660509723,203,1485
1762564613,0000000400000001,2534665421539,5096,1486
1762564614,0000000100000001,2534672127048,4701,1487
1762564623,0000000800000008,2534761566177,4515,1488
1762564624,0000004000000004,2534769028217,4066,1489
1762564626,0000000800000002,2534797003066,2373,1490
1762564631,0000000100000001,2534844094829,4743,1491
1762564634,0000000800000080,2534868661237,3255,1492
1762564644,0000008000000001,2534972218543,2221,1493
1762564654,0000000100000001,2535069881569,1543,1494
1762564658,0000000100000004,2535111634309,4232,1495
1762564664,0000000400000008,2535173020863,536,1496
1762564675,0000000800000001,2535278791603,4566,1497
1762564693,0000000100000001,2535458312201,4155,1498
1762564708,0000000800000001,2535610594106,184,1499
1762564718,0000000800000008,2535712896832,4423,1500
1762564725,0000008000000004,2535782355389,240,1501
1762564725,0000004000000004,2535787983739,5092,1502
1762564731,0000000400000002,2535842643027,1805,1503
1762564733,0000000100000001,2535866971685,344,1504
1762564736,0000000400000001,2535890206269,4143,1505
1762564745,0000008000000004,2535987639257,3468,1506
1762564747,0000008000000080,2536001623344,2620,1507
1762564747,0000000800000008,2536005537941,2388,1508
1762564752,0000008000000002,2536056725119,4515,1509
1762564755,0000004000000080,2536080797666,3053,1510
1762564765,0000004000000002,2536187518243,1836,1511
1762564782,0000008000000004,2536352763778,2279,1512
1762564783,0000004000000004,2536360480403,1819,1513
1762564844,0000000800000001,2536972495002,1357,1514
1762564848,0000000800000002,2537010977027,4247,1515
1762564854,0000000400000002,2537077609319,235,1516
1762564860,0000000100000001,2537136300627,1895,1517
1762564862,0000000100000008,2537153651195,848,1518
1762564864,0000004000000080,2537172026494,4939,1519
1762564885,0000008000000080,2537387502759,2360,1520
1762564909,0000000400000001,2537626006745,3601,1521
1762564911,0000000400000004,2537640101673,2742,1522
1762564912,0000008000000080,2537649238985,2199,1523
1762564931,0000004000000008,2537843710005,890,1524
1762564946,0000008000000004,2537997662061,2019,1525
1762564948,0000008000000002,2538011914849,1157,1526
1762564958,0000000800000008,2538109049864,515,1527
1762564958,0000000100000001,2538111116817,391,1528
1762564966,0000000400000080,2538189439048,868,1529
1762564969,0000008000000080,2538218894182,4300,1530
1762564979,0000000400000080,2538322871349,3226,1531
1762564994,0000008000000004,2538472842540,4605,1532
1762565039,0000004000000080,2538927891743,3188,1533
1762565047,0000000100000080,2539005255325,3739,1534
1762565056,0000008000000001,2539089085616,3891,1535
1762565057,0000000400000008,2539105637042,2882,1536
1762565094,0000000400000008,2539472382317,1604,1537
1762565102,0000008000000008,2539557973158,1649,1538
1762565105,0000000400000004,2539578471625,420,1539
1762565112,0000000100000004,2539652105993,1176,1540
1762565122,0000000100000008,2539757024498,5254,1541
1762565137,0000000100000001,2539904657002,1570,1542
1762565157,0000000100000080,2540102891302,5224,1543
1762565158,0000000800000008,2540108569450,4889,1544
1762565180,0000008000000080,2540328051940,2072,1545
1762565189,0000008400000008,2540427958781,1252,1546
1762565204,0000004000000080,2540575198708,2778,1547
1762565210,0000000500000002,2540635009967,4390,1548
1762565226,0000000100000004,2540789708214,274,1549
1762565230,0000008000000008,2540834275216,2774,1550
1762565233,0000000100000008,2540867291336,796,1551
1762565237,0000000100000080,2540902518855,3877,1552
1762565241,0000000100000080,2540946646895,1214,1553
1762565248,0000000800000001,2541011605870,2498,1554
1762565250,0000000800000001,2541028755680,1471,1555
1762565252,0000004000000080,2541056594344,4993,1556
1762565273,0000000400000008,2541267150816,2704,1557
1762565274,0000000800000004,2541269517030,2564,1558
1762565299,0000000100000080,2541527791030,2609,1559
1762565300,000000440000000c,2541531616590,2381,1560
1762565302,0000008000000004,2541550294493,1259,1561
1762565317,0000000100000004,2541704203489,2388,1562
1762565325,0000004000000080,2541780943309,2963,1563
1762565326,0000000100000001,2541788686566,2498,1564
1762565329,0000008000000080,2541827235438,189,1565
1762565331,0000008000000084,2541840622237,4581,1566
1762565335,0000004000000004,2541884689144,1927,1567
1762565344,0000008000000001,2541976859832,1572,1568
1762565352,000000c000000008,2542055056729,2062,1569
1762565359,0000008000000002,2542120927909,3291,1570
1762565361,0000004000000080,2542146408575,1762,1571
1762565370,0000000400000008,2542235973641,1567,1572
1762565374,0000008000000002,2542277817092,4252,1573
1762565399,0000000100000008,2542525286540,4940,1574
1762565411,0000000100000002,2542647567011,2771,1575
1762565420,0000004000000080,2542737509096,2554,1576
1762565426,0000000100000008,2542787997424,4723,1577
1762565441,000000c000000080,2542945620263,434,1578
1762565472,0000000100000006,2543257498539,2440,1579
1762565483,0000000100000002,2543360184505,1461,1580
1762565493,0000000100000080,2543461169630,585,1581
1762565511,0000000800000008,2543647005292,4985,1582
1762565516,0000000800000002,2543693209239,2204,1583
1762565526,0000008000000080,2543797702007,1110,1584
1762565537,0000004000000002,2543898516101,246,1585
1762565537,0000000100000002,2543899413635,192,1586
1762565537,0000004000000004,2543907755593,4884,1587
1762565542,0000000c00000002,2543952842381,2161,1588
1762565572,0000000800000004,2544247979014,5188,1589
1762565581,0000000400000080,2544341207528,4781,1590
1762565583,0000004000000002,2544363127471,3458,1591
1762565587,0000008000000008,2544403197811,1044,1592
1762565597,0000004000000001,2544502422558,276,1593
1762565599,0000000400000004,2544518940863,4481,1594
1762565616,0000000100000001,2544692128461,4452,1595
1762565617,0000008000000001,2544705677650,3630,1596
1762565621,0000004000000001,2544746998120,1138,1597
1762565625,0000000200000004,2544783531507,4145,1598
1762565629,0000008000000080,2544820256939,1931,1599
1762565659,0000004000000001,2545121848253,4569,1600
1762565671,0000000400000080,2545243219198,2451,1601
1762565684,0000004000000080,2545372948861,5040,1602
1762565693,0000000800000008,2545458060133,5113,1603
1762565699,0000000800000001,2545525140510,1075,1604
1762565700,0000008000000004,2545537268351,353,1605
1762565709,000000010000000a,2545623290215,372,1606
1762565712,0000004000000080,2545652252563,3825,1607
1762565715,0000000800000001,2545687146258,1723,1608
1762565718,0000000100000001,2545712749615,184,1609
1762565742,000000800000000c,2545954266919,1232,1610
1762565752,0000000400000080,2546052381994,529,1611
1762565762,0000008000000004,2546154759211,4760,1612
1762565764,0000000800000008,2546176017262,3477,1613
1762565764,0000000200000002,2546177660333,3377,1614
1762565765,0000000100000080,2546184131336,2982,1615
1762565767,0000004000000002,2546200842336,1985,1616
1762565770,0000000100000004,2546237252140,4988,1617
1762565781,0000000100000001,2546338355312,4107,1618
1762565784,0000008000000002,2546369836265,2203,1619
1762565792,0000000800000002,2546452957852,2395,1620
1762565804,0000000100000001,2546569860977,564,1621
1762565818,0000000100000008,2546712206723,2382,1622
1762565820,0000004000000004,2546732999454,1132,1623
1762565825,0000000100000003,2546782354410,3358,1624
1762565827,0000000400000001,2546798032579,2413,1625
1762565833,0000008000000001,2546864821344,3596,1626
1762565843,0000008000000080,2546959006902,3116,1627
1762565861,0000000800000008,2547141421544,2529,1628
1762565904,0000000100000008,2547576398865,2339,1629
1762565912,0000004000000002,2547657715182,2636,1630
1762565916,000000010000000a,2547693067414,520,1631
1762565919,0000000100000010,2547726995101,3672,1632
1762565939,0000004000000002,2547923470237,2237,1633
1762565949,0000000400000002,2548019800123,1632,1634
1762565962,0000000800000004,2548149410482,4237,1635
1762565967,0000000100000002,2548206810879,776,1636
1762565969,0000000100000006,2548225837782,4829,1637
1762566015,0000000400000008,2548683500042,3260,1638
1762566023,0000008000000001,2548763854163,3628,1639
1762566029,0000008000000080,2548826498766,5049,1640
1762566046,0000000800000002,2548995432753,5274,1641
1762566061,0000000100000008,2549137917640,1902,1642
1762566061,0000004000000001,2549142824339,1604,1643
1762566065,0000000800000002,2549182097556,4443,1644
1762566093,000000c000000080,2549464491672,3023,1645
1762566094,0000008000000080,2549472397348,2547,1646
1762566116,0000008000000008,2549694807356,4763,1647
1762566146,0000000400000004,2549994954662,2282,1648
1762566156,0000000400000002,2550092178798,1629,1649
1762566158,0000004000000002,2550108930863,624,1650
1762566168,0000000400000002,2550212604632,4779,1651
1762566175,0000000100000002,2550287753337,257,1652
1762566181,0000008000000004,2550344816080,2014,1653
1762566186,0000000100000001,2550391824785,4388,1654
1762566189,0000000100000001,2550418049107,2794,1655
1762566197,0000000100000008,2550498631393,3144,1656
1762566203,0000000400000004,2550558165336,4768,1657
1762566221,0000000100000008,2550743321291,4018,1658
1762566229,0000000100000004,2550818761031,4673,1659
1762566232,0000008000000080,2550848788059,2854,1660
1762566236,0000004000000004,2550891561839,292,1661
1762566236,0000000100000004,2550893087655,201,1662
1762566238,0000004000000001,2550910096148,4375,1663
1762566243,0000008000000004,2550959991732,1363,1664
1762566247,0000000400000002,2551002587143,4003,1665
1762566250,0000000400000001,2551034602014,2071,1666
1762566253,0000000100000080,2551061031016,486,1667
1762566258,0000008000000080,2551108361629,2821,1668
1762566281,0000000400000002,2551347451352,4035,1669
1762566298,0000000800000001,2551515618788,4308,1670
1762566306,0000008000000004,2551595006458,4723,1671
1762566311,0000004000000004,2551639845535,2022,1672
1762566333,0000008000000008,2551861883502,4255,1673
1762566333,0000000800000002,2551866322733,3986,1674
1762566343,0000000400000001,2551962129028,3409,1675
1762566351,0000000800000001,2552043607187,3706,1676
1762566354,0000008000000080,2552072281951,1979,1677
1762566359,0000008000000002,2552124317745,4048,1678
1762566360,0000000100000008,2552133642762,3479,1679
1762566381,0000000100000001,2552337904349,1581,1680
1762566381,0000000400000008,2552339704565,1472,1681
1762566381,0000000100000080,2552341407126,1367,1682
1762566393,0000004000000080,2552467337201,4191,1683
1762566413,0000000100000003,2552663520876,2762,1684
1762566426,0000008000000080,2552794120174,5299,1685
1762566516,0000000100000001,2553692699711,3183,1686
1762566520,0000000100000080,2553733348982,742,1687
1762566521,0000000100000004,2553743854766,5301,1688
1762566538,0000000100000001,2553917349468,5252,1689
1762566543,0000000100000001,2553965359337,2364,1690
1762566562,0000000100000002,2554156761387,1237,1691
1762566565,0000000800000002,2554184569469,4769,1692
1762566584,0000008000000080,2554368575712,4088,1693
1762566584,0000004000000080,2554371458924,3913,1694
1762566609,0000004000000004,2554622698707,4386,1695
1762566612,0000000100000001,2554651301330,2650,1696
1762566634,0000004000000008,2554877428918,4642,1697
1762566640,0000004000000001,2554928687216,1551,1698
1762566672,0000000100000001,2555250354399,2970,1699
1762566677,0000000400000004,2555299808144,5195,1700
1762566692,0000008000000080,2555455364489,1030,1701
1762566695,0000008000000004,2555481313667,4673,1702
1762566696,0000000100000080,2555488381734,4249,1703
1762566697,0000008000000080,2555501464443,3454,1704
1762566701,0000008000000001,2555537666703,1274,1705
1762566703,0000008000000080,2555563934907,4893,1706
1762566705,0000000400000080,2555583744886,3703,1707
1762566742,0000008000000080,2555951052215,2375,1708
1762566758,0000008000000080,2556113376709,2995,1709
1762566772,0000008000000080,2556251442705,5085,1710
1762566776,0000000100000001,2556294920478,2464,1711
1762566780,0000000100000001,2556328973228,425,1712
1762566795,0000008000000002,2556485744014,1377,1713
1762566798,0000000800000001,2556510300199,5094,1714
1762566805,0000008000000080,2556580126025,894,1715
1762566807,0000000100000001,2556598003239,5014,1716
1762566821,0000008000000080,2556743748135,1438,1717
1762566825,0000004000000004,2556782237415,4328,1718
1762566845,000000c000000080,2556983250360,2607,1719
1762566846,0000000400000008,2556990827673,2159,1720
1762566854,0000000800000008,2557069650627,2605,1721
1762566858,0000000100000004,2557108043933,307,1722
1762566871,0000000800000002,2557241146060,2675,1723
1762566914,0000004000000080,2557668854755,2917,1724
1762566923,0000008000000080,2557764512827,2361,1725
1762566948,0000008000000080,2558008880369,3242,1726
1762566962,0000000200000006,2558155021404,4847,1727
1762566966,0000000800000001,2558195113445,2426,1728
1762566975,0000000100000001,2558280344319,2493,1729
1762566983,0000000400000008,2558366210859,2519,1730
1762567000,0000000400000080,2558531877213,2941,1731
1762567008,0000008000000080,2558615131261,3130,1732
1762567019,0000000400000004,2558719340786,2061,1733
1762567022,0000000800000008,2558753745354,5183,1734
1762567028,0000008000000001,2558808718653,1880,1735
1762567032,0000000400000008,2558850208544,4582,1736
1762567035,0000000100000001,2558884488472,2507,1737
1762567048,0000000400000002,2559011319980,5269,1738
1762567077,0000000200000004,2559298745781,3564,1739
1762567082,0000000800000008,2559352732101,320,1740
1762567085,0000008000000002,2559378360164,3975,1741
1762567094,0000000400000001,2559470428290,3626,1742
1762567101,0000008000000008,2559537948309,4761,1743
1762567104,0000000800000004,2559572001248,2701,1744
1762567112,0000000400000008,2559652457606,3057,1745
1762567113,0000000400000004,2559660524917,2570,1746
1762567117,0000008000000002,2559700559809,173,1747
1762567152,0000008000000008,2560050605355,5082,1748
1762567156,0000000100000001,2560093173760,2515,1749
1762567172,0000000100000008,2560250830406,3424,1750
1762567174,0000000400000002,2560272062610,2147,1751
1762567176,0000000100000001,2560297309336,631,1752
1762567180,0000008000000080,2560332086997,3736,1753
1762567182,000000c000000080,2560355069689,2346,1754
1762567184,0000000200000080,2560376995596,1027,1755
1762567188,0000000800000002,2560413148714,4056,1756
1762567197,0000000800000002,2560502563959,3870,1757
1762567201,0000000400000080,2560539825382,1623,1758
1762567207,0000000800000004,2560599263892,3237,1759
1762567211,0000000400000001,2560639345568,831,1760
1762567229,0000008000000008,2560818242551,459,1761
1762567234,0000000400000002,2560872966256,2355,1762
1762567249,0000004000000002,2561019926217,3911,1763
1762567252,0000004000000001,2561055688122,1756,1764
1762567255,0000000100000008,2561085045520,5180,1765
1762567256,0000008000000002,2561096400608,4508,1766
1762567263,0000000800000008,2561158360258,772,1767
1762567272,0000000100000080,2561253657826,238,1768
1762567287,0000008000000080,2561401302510,1742,1769
1762567290,0000008000000080,2561433177165,5017,1770
1762567290,0000000400000002,2561435949331,4854,1771
1762567313,0000000100000080,2561658518821,1851,1772
1762567314,0000008000000004,2561667824198,1286,1773
1762567315,0000000200000002,2561682836480,391,1774
1762567320,0000008000000080,2561727754471,2870,1775
1762567323,0000000800000080,2561767352362,500,1776
1762567345,0000000100000002,2561981397087,3198,1777
1762567354,0000000100000001,2562070440608,3034,1778
1762567359,0000008000000001,2562122787211,5083,1779
1762567372,0000000100000001,2562256711095,2222,1780
1762567373,0000004000000002,2562264415224,1761,1781
1762567385,0000000100000008,2562385235706,4882,1782
1762567385,0000008000000008,2562387303537,4760,1783
1762567386,0000004000000002,2562391448053,928,1784
1762567411,0000000600000001,2562640765635,5089,1785
1762567420,0000004000000002,2562737130913,4496,1786
1762567424,0000004000000080,2562774513823,2237,1787
1762567442,0000000100000001,2562951181288,2000,1788
1762567461,0000008000000080,2563145256803,714,1789
1762567485,0000004000000004,2563384068544,1931,1790
1762567489,0000000100000001,2563423471690,4758,1791
1762567496,0000000400000008,2563492919897,577,1792
1762567501,0000008000000080,2563540401924,2905,1793
1762567506,0000000400000002,2563589027209,5179,1794
1762567509,0000000800000004,2563626231745,2936,1795
1762567532,0000000200000004,2563848455943,5155,1796
1762567536,0000000100000001,2563890337914,2630,1797
1762567549,0000000100000001,2564018990657,5284,1798
1762567567,0000008000000080,2564201668600,4693,1799
1762567570,0000004000000080,2564232738519,2810,1800
1762567574,0000004000000008,2564272563867,425,1801
1762567575,000000c000000080,2564283054278,4985,1802
1762567583,0000000100000001,2564361821609,249,1803
1762567588,0000004000000008,2564410688680,2494,1804
1762567592,0000008000000080,2564448582889,225,1805
1762567608,0000000800000008,2564611916720,782,1806
1762567617,0000000400000004,2564703019007,500,1807
1762567619,0000000100000001,2564718993616,4735,1808
1762567619,0000008000000002,2564719972539,4677,1809
1762567621,0000000800000080,2564738565942,3553,1810
1762567641,0000000400000001,2564943203197,1631,1811
1762567642,0000000100000008,2564952830672,1048,1812
1762567642,0000008000000080,2564954676742,938,1813
1762567648,0000008000000008,2565014596624,2524,1814
1762567656,0000000100000001,2565089558159,3210,1815
1762567659,0000000100000001,2565117966763,1505,1816
1762567660,0000000800000080,2565134558860,511,1817
1762567688,0000008000000008,2565415154154,4412,1818
1762567692,0000000800000008,2565455289229,1992,1819
1762567695,0000000800000008,2565483184503,315,1820
1762567700,0000008000000080,2565530970508,2623,1821
1762567739,0000000800000002,2565921486400,5108,1822
1762567748,0000008000000008,2566016060756,4622,1823
1762567758,0000000100000080,2566113923062,3928,1824
1762567760,0000000100000080,2566129104195,3002,1825
1762567772,0000000400000002,2566249642322,948,1826
1762567774,0000000800000002,2566271740928,4821,1827
1762567778,0000000800000002,2566315593937,2177,1828
1762567787,0000004000000080,2566398961871,2353,1829
1762567789,0000000800000080,2566422072142,963,1830
1762567791,0000004000000002,2566445506915,4757,1831
1762567794,0000000100000004,2566472472965,3122,1832
1762567808,0000000400000001,2566610530752,5209,1833
1762567825,0000000800000002,2566777485100,367,1834
1762567853,0000008000000001,2567057929132,4276,1835
1762567853,0000000400000080,2567065265269,3832,1836
1762567857,0000000100000001,2567099023270,1798,1837
1762567860,0000000100000003,2567128831139,2199,1838
1762567920,0000000800000008,2567732135894,5262,1839
1762567923,0000000400000080,2567764101832,3339,1840
1762567923,0000000800000001,2567765097303,3278,1841
1762567928,0000008000000080,2567810629802,544,1842
1762567933,0000000100000004,2567864492117,2491,1843
1762567939,0000004000000004,2567923844701,4126,1844
1762567941,0000000800000001,2567946990021,2718,1845
1762567966,0000000800000080,2568192150901,3562,1846
1762567988,0000000800000008,2568416257933,472,1847
1762567998,0000000100000001,2568507866529,162,1848
1762568001,0000000100000002,2568544036645,3164,1849
1762568008,0000000100000080,2568616479780,4013,1850
1762568025,0000000100000001,2568784595165,4289,1851
1762568030,0000008000000080,2568834066297,1301,1852
1762568040,0000000400000001,2568935275558,414,1853
1762568058,0000000400000002,2569113882842,5247,1854
1762568063,0000000800000080,2569159600679,2492,1855
1762568068,0000008000000004,2569213293928,4470,1856
1762568082,0000004000000001,2569353802722,1200,1857
1762568090,0000004000000002,2569428709276,1893,1858
1762568105,0000004000000080,2569581203763,3101,1859
1762568107,0000008000000008,2569604093145,1731,1860
1762568108,0000000800000080,2569614311860,1111,1861
1762568119,0000004000000008,2569719256490,5188,1862
1762568126,0000000100000008,2569787841186,1061,1863
1762568142,0000000800000001,2569947585470,1844,1864
1762568162,0000000400000001,2570156638347,4852,1865
1762568175,0000000400000008,2570280188268,2604,1866
1762568179,0000008000000008,2570327165853,4980,1867
1762568236,0000000800000002,2570894465179,2019,1868
1762568245,0000008000000008,2570983475344,1858,1869
1762568261,0000008000000080,2571138532700,2909,1870
1762568271,0000000800000002,2571244003477,1767,1871
1762568275,0000000400000008,2571279618498,4823,1872
1762568314,0000008000000008,2571674196516,1860,1873
1762568327,0000008000000001,2571799683550,4704,1874
1762568341,0000000100000001,2571941371107,1366,1875
1762568366,0000000800000002,2572188073748,2109,1876
1762568369,0000000100000008,2572217814701,324,1877
1762568370,0000000800000002,2572227402392,4939,1878
1762568376,0000000100000001,2572289027306,1227,1879
1762568386,0000008000000080,2572395692637,5200,1880
1762568392,0000000800000001,2572447497255,2086,1881
1762568394,0000000800000001,2572473569727,520,1882
1762568399,000000c000000080,2572524657710,2631,1883
1762568401,0000008000000008,2572539401334,1752,1884
1762568427,0000000800000002,2572801002941,1596,1885
1762568437,0000000100000003,2572900742675,791,1886
1762568478,0000008000000001,2573314627410,1866,1887
1762568480,0000000800000080,2573332808682,771,1888
1762568486,0000000100000001,2573389379135,2554,1889
1762568489,0000000100000004,2573425583699,387,1890
1762568489,0000004000000080,2573427167360,292,1891
1762568491,0000004000000004,2573440553465,4682,1892
1762568492,0000004000000001,2573449866008,4124,1893
1762568493,0000004800000080,2573462140428,3375,1894
1762568503,000000c000000080,2573558678064,2756,1895
1762568506,0000000800000004,2573595891936,529,1896
1762568518,0000008000000001,2573710636239,4018,1897
1762568525,0000000200000008,2573781709698,4932,1898
1762568527,0000008000000008,2573798400641,3930,1899
1762568530,0000000800000004,2573830343007,2006,1900
1762568559,0000004000000004,2574121304705,5277,1901
1762568563,0000000400000008,2574159858413,5903,1902
1762568579,0000004000000004,2574319467798,3749,1903
1762568580,0000000800000008,2574335917394,2748,1904
1762568588,0000008000000004,2574416825346,3076,1905
1762568592,0000000800000001,2574451942967,967,1906
1762568637,0000000800000008,2574905163790,4874,1907
1762568639,0000004000000001,2574922218841,3849,1908
1762568640,0000008000000080,2574928100102,3491,1909
1762568645,0000000400000002,2574986743027,5155,1910
1762568657,000000c000000080,2575104197269,3282,1911
1762568662,0000000800000008,2575149932330,538,1912
1762568666,0000000100000001,2575195684537,2969,1913
1762568667,0000000100000008,2575205583670,2376,1914
1762568675,000000490000008c,2575286417488,2703,1915
1762568708,0000000800000002,2575609559049,4056,1916
1762568710,0000000200000001,2575631411603,2726,1917
1762568717,0000000100000002,2575703690134,3582,1918
1762568733,0000000100000001,2575861619623,4476,1919
1762568759,0000008000000008,2576125299460,4196,1920
1762568768,0000008000000004,2576217124655,3865,1921
1762568784,0000008000000002,2576367482980,5201,1922
1762568795,0000000100000001,2576482053691,3504,1923
1762568814,0000000400000002,2576672745489,2417,1924
1762568836,0000008000000080,2576896833433,4530,1925
1762568837,0000008000000080,2576900081575,4335,1926
1762568838,0000004000000001,2576908928997,3800,1927
1762568844,0000000100000001,2576976915634,4902,1928
1762568849,0000000100000002,2577020581283,2271,1929
1762568854,0000008000000080,2577068736211,4578,1930
1762568865,0000004000000008,2577186824200,2653,1931
1762568874,0000000800000008,2577269088133,2898,1932
1762568884,0000000400000004,2577368123128,2142,1933
1762568894,0000004000000002,2577474637455,927,1934
1762568900,0000000800000008,2577529283625,2827,1935
1762568900,0000000100000008,2577532619189,2627,1936
1762568920,0000008000000001,2577729691167,1165,1937
1762568923,0000008000000008,2577759989995,4547,1938
1762568937,0000008000000080,2577900290095,1290,1939
1762568947,0000000800000004,2578005086511,188,1940
1762568947,0000008000000080,2578006271167,5304,1941
1762568949,0000000800000004,2578021288853,4412,1942
1762568951,0000004000000080,2578044774246,2983,1943
1762568957,0000000800000008,2578097829499,4993,1944
1762568961,0000008800000080,2578146058414,2092,1945
1762568966,0000008000000080,2578188332412,4749,1946
1762568976,0000000400000001,2578288533336,3915,1947
1762568976,0000004100000008,2578288637849,3909,1948
1762568995,0000000400000002,2578481489901,2682,1949
1762569001,0000008000000088,2578542812783,4203,1950
1762569006,0000000100000001,2578591526084,1261,1951
1762569036,0000004000000001,2578892750963,3925,1952
1762569050,0000000800000080,2579036195438,488,1953
1762569061,0000008000000004,2579146893141,4222,1954
1762569064,0000000100000003,2579175341014,2497,1955
1762569074,0000000800000002,2579271485351,1914,1956
1762569075,0000008000000008,2579280543612,1366,1957
1762569078,0000000100000001,2579315118101,4491,1958
1762569090,0000000800000008,2579434719806,2477,1959
1762569095,0000000800000080,2579482911120,4783,1960
1762569099,0000000800000001,2579524107272,2296,1961
1762569103,0000000800000008,2579562585484,5176,1962
1762569103,0000000800000008,2579563712139,5109,1963
1762569108,0000000100000008,2579609304338,2364,1964
1762569136,0000000400000080,2579894756793,778,1965
1762569138,0000000800000008,2579907606894,5198,1966
1762569140,0000000100000001,2579929911935,3863,1967
1762569152,0000000400000001,2580047595985,1973,1968
1762569188,0000000100000008,2580413672065,720,1969
1762569191,0000008000000002,2580444954402,4045,1970
1762569196,0000008000000002,2580493910355,1090,1971
1762569201,000000400000000c,2580546406992,3124,1972
1762569213,0000000100000080,2580666147250,1118,1973
1762569220,0000008000000008,2580732507473,2320,1974
1762569222,0000000100000001,2580754322425,1008,1975
1762569254,000000c000000080,2581070105048,2783,1976
1762569270,0000008000000080,2581235436452,3229,1977
1762569272,0000000400000004,2581250628455,2317,1978
1762569275,0000000100000002,2581277226023,720,1979
1762569279,0000008000000002,2581319158818,3390,1980
1762569285,0000000400000004,2581381282760,4851,1981
1762569291,0000000100000080,2581439355984,1352,1982
1762569310,0000000400000008,2581634256515,5210,1983
1762569313,0000000400000080,2581661787863,3557,1984
1762569324,0000000800000008,2581771379550,2156,1985
1762569341,0000008000000002,2581943589649,2184,1986
1762569367,0000004800000080,2582197688140,2477,1987
1762569367,0000000100000001,2582200614456,2304,1988
1762569368,0000000400000080,2582214817316,1451,1989
1762569383,0000000100000005,2582364530478,2826,1990
1762569401,0000000c00000008,2582541026437,2597,1991
1762569409,0000000100000001,2582617687479,3183,1992
1762569419,0000008000000080,2582724547917,1955,1993
1762569422,0000000100000001,2582748043869,543,1994
1762569434,0000000100000002,2582874341354,3329,1995
1762569438,0000000100000002,2582911969410,1063,1996
1762569444,0000000800000080,2582973318353,2564,1997
1762569445,0000004000000008,2582985607718,1833,1998
1762569446,0000000200000080,2582995267843,1247,1999
1762569463,0000008000000004,2583166080604,1361,2000
1762569475,0000000800000008,2583283094510,4719,2001
1762569483,0000000100000002,2583360983317,5218,2002
1762569489,0000008000000001,2583425356187,1346,2003
1762569489,0000008000000001,2583426688067,1265,2004
1762569496,0000000400000080,2583488513095,2735,2005
1762569505,0000000100000003,2583586469508,2045,2006
1762569513,0000008000000080,2583665331125,2489,2007
1762569518,0000008000000008,2583716267856,4631,2008
1762569533,0000000200000080,2583858290948,1272,2009
1762569540,0000008000000001,2583927643556,2294,2010
1762569540,0000000400000001,2583933656726,1937,2011
1762569541,0000008000000008,2583946248841,1174,2012
1762569555,0000000800000004,2584083842754,3286,2013
1762569555,0000000400000004,2584086338334,3134,2014
1762569563,0000008000000001,2584158181061,4018,2015
1762569581,0000000100000008,2584337681024,3604,2016
1762569625,0000008000000080,2584786345236,2576,2017
1762569646,0000008000000080,2584995641750,384,2018
1762569647,0000000100000008,2585003837505,5080,2019
1762569662,0000008000000080,2585155893795,1124,2020
1762569676,0000008000000001,2585292613437,3289,2021
1762569690,0000004000000008,2585431550096,5319,2022
1762569700,0000000100000003,2585528662903,4679,2023
1762569701,0000000400000004,2585540771314,3952,2024
1762569706,0000004000000004,2585587981135,1101,2025
1762569708,0000008000000080,2585607928038,5098,2026
1762569708,0000000800000004,2585616393834,4598,2027
1762569750,0000008000000080,2586033367664,287,2028
1762569750,0000000100000003,2586034521411,217,2029
1762569756,0000008000000002,2586089060851,2126,2030
1762569782,0000008000000008,2586353113895,1827,2031
1762569793,0000004000000008,2586465643012,254,2032
1762569797,000000010000000c,2586501138631,3307,2033
1762569801,0000008000000004,2586536958223,1149,2034
1762569813,0000000100000002,2586661640557,4048,2035
1762569833,0000004000000080,2586864542484,2222,2036
1762569837,0000000400000001,2586904065242,5039,2037
1762569841,0000000800000008,2586946313018,2493,2038
1762569847,0000000100000001,2587001537575,4378,2039
1762569854,0000000100000001,2587076599275,5049,2040
1762569861,0000000400000004,2587139351711,1271,2041
1762569908,0000004000000002,2587608575107,4221,2042
1762569915,0000000100000001,2587681132761,5041,2043
1762569916,0000008000000004,2587691033738,4454,2044
1762569924,0000004000000004,2587773358006,4693,2045
1762569925,000000c00000000c,2587777971057,4418,2046
1762569937,0000008000000002,2587904201251,2012,2047
1762569946,0000008000000002,2587994277910,1788,0
1762569948,0000004000000080,2588013180337,650,1
1762569953,0000008000000080,2588065005060,2717,2
1762569964,0000004000000004,2588167519839,1754,3
1762569968,0000008000000080,2588210357737,4378,4
1762569973,0000008000000080,2588263538746,1167,5
1762569976,0000008000000080,2588288933234,4841,6
1762569989,0000004000000008,2588417653389,2285,7
1762570008,0000000100000020,2588610401257,1077,8
1762570009,0000000400000080,2588619614216,530,9
1762570011,0000000100000001,2588637356782,4660,10
1762570013,0000000400000080,2588658379168,3388,11
1762570019,0000008000000008,2588724316361,4623,12
1762570024,0000000800000001,2588768130609,1981,13
1762570040,0000000200000001,2588933255018,2430,14
1762570057,0000000400000008,2589104044657,2542,15
1762570059,0000000100000008,2589124187264,1334,16
1762570091,0000000800000008,2589446334704,2727,17
1762570093,0000000400000001,2589464429691,1647,18
1762570095,0000000800000080,2589481489410,621,19
1762570101,0000008000000008,2589541136504,2225,20
1762570109,0000008000000080,2589621234527,2594,21
1762570124,0000008000000002,2589771044964,3985,22
1762570136,0000000400000001,2589888402058,2112,23
1762570143,000000c000000001,2589958849106,3063,24
1762570156,0000008000000080,2590088937941,440,25
1762570158,0000004000000001,2590109727248,4389,26
1762570207,0000000100000004,2590601197986,786,27
1762570216,0000000800000080,2590695120882,334,28
1762570219,0000008000000080,2590722614760,3875,29
1762570221,0000008000000080,2590744033945,2574,30
1762570235,0000008000000080,2590877292262,4956,31
1762570279,0000000100000001,2591321260599,4224,32
1762570285,0000000100000002,2591378633498,764,33
1762570312,0000000800000080,2591649510256,5243,34
1762570327,0000008000000080,2591801247486,1309,35
1762570335,0000008000000002,2591886040403,1404,36
1762570342,0000000800000080,2591948766946,2818,37
1762570357,0000004000000002,2592102478706,3975,38
1762570359,0000000800000008,2592121420862,2821,39
1762570367,0000000c00000001,2592205135133,2980,40
1762570373,0000008000000080,2592265751283,4544,41
1762570398,0000008000000002,2592509333122,274,42
1762570403,0000000400000002,2592560692650,2370,43
1762570420,0000000800000080,2592727559581,2716,44
1762570440,0000000100000004,2592929987621,932,45
1762570442,0000000100000003,2592951209027,4856,46
1762570449,0000000400000080,2593020312773,696,47
1762570452,0000000400000080,2593053648911,3890,48
1762570454,0000000100000001,2593073507701,2682,49
1762570456,0000004000000008,2593093315940,1496,50
1762570460,0000004000000008,2593132516345,4336,51
1762570463,0000004400000002,2593163167888,2484,52
1762570466,0000001000000002,2593194185752,626,53
1762570466,0000000100000001,2593196197366,506,54
1762570470,0000000100000001,2593234162896,3411,55
1762570475,0000000400000001,2593278503850,745,56
1762570476,0000000100000001,2593292139963,5119,57
1762570485,0000000100000001,2593381641295,4932,58
1762570497,0000000100000008,2593498884240,3064,59
1762570504,0000008000000002,2593573116699,3804,60
1762570574,0000000100000080,2594276108338,3056,61
1762570576,0000008000000004,2594292771348,2061,62
1762570600,0000000100000080,2594532663915,3207,63
1762570600,0000008000000080,2594534570509,3091,64
1762570602,0000000400000008,2594551508341,2078,65
1762570619,0000008000000080,2594717616585,2468,66
1762570639,0000000400000003,2594921347275,609,67
1762570646,0000008000000002,2594994082224,1423,68
1762570650,0000000400000004,2595029689557,4485,69
1762570662,0000000400000002,2595150806687,2382,70
1762570670,0000000100000001,2595227605344,2953,71
1762570679,0000000800000004,2595322167274,2460,72
1762570692,0000000800000001,2595455759415,4822,73
1762570712,0000000400000002,2595652587215,3362,74
1762570714,0000008000000001,2595668283702,2416,75
1762570731,0000000100000002,2595842671437,2316,76
1762570734,0000000400000080,2595871193532,603,77
1762570744,0000000200000008,2595975799624,4704,78
1762570755,0000000400000002,2596078189192,3735,79
1762570790,0000000400000080,2596433671813,3119,80
1762570796,0000000100000001,2596489098241,4983,81
1762570799,0000000100000008,2596520138345,3111,82
1762570800,0000000800000008,2596529341640,2555,83
1762570806,0000000100000008,2596595043345,3809,84
1762570812,0000000100000001,2596656457727,5300,85
1762570813,0000004000000008,2596663194141,4901,86
1762570830,0000000100000001,2596829413467,5284,87
1762570837,0000000400000080,2596905643463,704,88
1762570848,0000000100000001,2597007687867,4954,89
1762570870,0000000400000002,2597228280610,2070,90
1762570870,0000000100000001,2597233240315,1772,91
1762570891,0000004000000002,2597445556622,4591,92
1762570921,0000004400000080,2597741204911,2374,93
1762570932,0000000400000080,2597852788124,859,94
1762570950,0000000400000008,2598029442288,624,95
1762570952,0000008000000008,2598048307974,4688,96
1762570956,0000008000000002,2598089526637,2201,97
1762570965,0000000500000001,2598179340286,1994,98
1762570970,0000000100000001,2598235437816,3816,99
1762570977,0000000100000004,2598299520313,5148,100
1762570987,0000000400000001,2598397472501,4462,101
1762570989,0000000100000004,2598418782687,3165,102
1762571001,000000c000000002,2598546486798,683,103
1762571004,0000000800000004,2598568416017,4566,104
1762571006,0000000100000080,2598589007883,3316,105
1762571033,0000000100000008,2598858931362,2655,106
1762571033,0000000100000001,2598860444525,2565,107
1762571047,0000000100000001,2598999609324,4596,108
1762571048,0000004000000008,2599012991974,3788,109
1762571055,0000008000000080,2599078672969,5027,110
1762571061,0000000100000001,2599146155007,966,111
1762571063,0000000300000001,2599158346952,239,112
1762571107,0000004000000002,2599600765642,4789,113
1762571126,0000000100000080,2599786972185,3977,114
1762571132,0000008000000080,2599854266429,5115,115
1762571133,0000000400000008,2599858092899,4889,116
1762571150,0000000400000008,2600031820869,4828,117
1762571175,0000008000000004,2600282664435,5313,118
1762571178,0000000100000001,2600312144690,3544,119
1762571190,0000000800000008,2600431064925,1584,120
1762571191,0000004000000004,2600437044435,1220,121
1762571195,0000004000000001,2600483086760,3650,122
1762571212,0000000100000004,2600648586014,4088,123
1762571228,0000008000000080,2600810918224,4709,124
1762571267,0000000400000004,2601203490972,1866,125
1762571274,0000008000000080,2601272741669,2884,126
1762571283,0000008000000080,2601360273484,2813,127
1762571306,0000000100000001,2601588043460,4706,128
1762571310,0000000400000004,2601635573860,1843,129
1762571315,0000000800000002,2601680531485,4341,130
1762571315,0000000400000004,2601682429311,4227,131
1762571357,0000008000000080,2602104955447,4775,132
1762571358,0000008000000008,2602109943763,4479,133
1762571360,0000000400000004,2602131122583,3192,134
1762571363,0000004000000004,2602161766933,1351,135
1762571370,0000000100000001,2602232924572,2265,136
1762571394,0000000800000001,2602468345376,3690,137
1762571395,0000000100000002,2602484562670,2703,138
1762571417,0000008000000080,2602698127126,257,139
1762571438,0000000100000002,2602910483473,3053,140
1762571439,0000008000000005,2602923372099,2282,141
1762571443,0000000100000001,2602962664030,5113,142
1762571443,0000000400000002,2602962855781,5102,143
1762571444,0000008000000080,2602969436147,4712,144
1762571453,0000004000000002,2603060558160,4428,145
1762571454,0000004000000002,2603073477336,3645,146
1762571462,0000004000000080,2603151991561,4121,147
1762571473,0000008000000080,2603257483338,2954,148
1762571475,0000000800000002,2603279711457,1624,149
1762571481,0000000100000080,2603338365045,3287,150
1762571484,0000008000000001,2603371587977,1291,151
1762571490,0000000800000008,2603426729652,3164,152
1762571508,0000008000000080,2603613306874,2331,153
1762571521,0000000800000080,2603740869581,5047,154
1762571555,0000000800000002,2604085239857,5107,155
1762571563,0000000400000008,2604158195984,720,156
1762571568,000000c000000080,2604208292664,2892,157
1762571582,0000008000000080,2604351392053,4686,158
1762571596,0000004000000004,2604494073555,1287,159
1762571629,0000004000000080,2604823498401,2247,160
1762571650,0000008000000080,2605034108592,5161,161
1762571659,0000008000000080,2605123762172,4965,162
1762571665,0000004800000008,2605182536067,1425,163
1762571683,0000000100000080,2605360993712,1076,164
1762571690,0000000400000008,2605431940725,2008,165
1762571690,0000008000000080,2605433971846,1886,166
1762571694,0000000400000008,2605469875312,4922,167
1762571730,0000000100000008,2605829602531,4062,168
1762571733,0000000400000001,2605865972446,1870,169
1762571742,0000008000000008,2605948911409,2073,170
1762571745,0000000800000080,2605982383960,5250,171
1762571745,0000008000000080,2605985064966,5090,172
1762571755,0000008000000080,2606079311718,4623,173
1762571757,0000008000000080,2606099591092,3395,174
1762571761,0000000100000002,2606142683015,802,175
1762571797,0000008000000080,2606498679163,168,176
1762571803,0000008000000080,2606560309224,1652,177
1762571803,0000000100000008,2606565991737,1306,178
1762571820,0000004000000008,2606733397534,1628,179
1762571827,0000000800000080,2606800198406,2796,180
1762571860,0000000100000008,2607133083653,3555,181
1762571876,000000c000000001,2607287524565,4659,182
1762571886,0000008000000080,2607395531633,3346,183
1762571889,0000000100000001,2607417671452,2018,184
1762571910,0000000400000008,2607629345961,4868,185
1762571919,0000000400000002,2607719906830,4618,186
1762571924,0000008000000001,2607770437490,1572,187
1762571937,0000008000000004,2607900645964,4134,188
1762571958,0000008000000001,2608109788870,1936,189
1762571966,0000004000000004,2608189910006,2304,190
1762571986,0000000100000001,2608386453806,871,191
1762571992,0000000100000001,2608451865991,2132,192
1762572002,0000008000000004,2608555329201,1100,193
1762572012,0000000400000004,2608647694958,740,194
1762572012,0000000400000004,2608654196792,354,195
1762572016,0000000100000008,2608689958681,3391,196
1762572018,0000008000000080,2608708565749,2271,197
1762572022,0000000500000001,2608753551744,4765,198
1762572041,0000008000000002,2608942057274,3814,199
1762572042,0000000200000002,2608951762013,3221,200
1762572042,0000000400000080,2608955424080,2998,201
1762572074,0000004000000001,2609276229990,4491,202
1762572076,0000008000000080,2609291424158,3570,203
1762572105,0000000100000001,2609585210348,1476,204
1762572108,0000000100000001,2609611129799,5112,205
1762572144,0000000800000008,2609967076106,4487,206
1762572161,0000000100000005,2610137094227,4644,207
1762572164,0000000400000008,2610170269819,2634,208
1762572180,0000008000000080,2610334549940,3142,209
1762572181,0000000400000004,2610341719606,2708,210
1762572181,0000000100000002,2610342996571,2631,211
1762572186,0000004000000080,2610386489300,5214,212
1762572205,0000008000000004,2610576643918,4173,213
1762572213,0000008000000080,2610656837562,4544,214
1762572217,0000008800000002,2610700089794,1936,215
1762572218,0000004000000002,2610709959500,1338,216
1762572251,0000004000000001,2611045764138,1918,217
1762572254,0000004000000080,2611073122828,273,218
1762572264,0000004000000008,2611172856522,4665,219
1762572266,0000000100000004,2611193573318,3411,220
1762572280,0000000400000001,2611327215727,569,221
1762572281,0000008000000080,2611340628988,4956,222
1762572284,0000008000000080,2611371551377,3088,223
1762572294,0000000800000008,2611466372361,2578,224
1762572295,0000000400000001,2611480707083,1723,225
1762572298,0000004000000008,2611512730670,4992,226
1762572310,0000000100000080,2611627012033,3306,227
1762572311,0000000100000001,2611640201439,2510,228
1762572320,0000004000000004,2611729886011,2310,229
1762572324,0000008000000008,2611776276735,4723,230
1762572329,0000004000000001,2611821856661,1978,231
1762572333,0000000100000001,2611859331626,4917,232
1762572338,000000c000000080,2611908565480,1956,233
1762572345,0000000200000008,2611980737666,2798,234
1762572346,0000000200000004,2611992255257,2113,235
1762572349,0000000100000001,2612023578417,234,236
1762572350,0000000100000001,2612029784196,5050,237
1762572359,0000008000000004,2612121891296,4710,238
1762572384,0000000800000008,2612369520934,200,239
1762572388,0000000600000080,2612411752704,2840,240
1762572398,0000004000000001,2612510564408,2098,241
1762572414,000000c000000080,2612667116795,3063,242
1762572425,0000008000000004,2612780064957,1467,243
1762572426,0000008000000001,2612791457457,782,244
1762572439,0000004000000080,2612921772558,3329,245
1762572470,0000000400000080,2613235396151,5240,246
1762572488,0000008000000080,2613409878412,5134,247
1762572489,0000008000000080,2613416257636,4755,248
1762572493,0000000400000001,2613458496766,2208,249
1762572505,0000000400000002,2613585244631,4974,250
1762572510,0000000800000004,2613635845475,1931,251
1762572535,0000004000000010,2613883757682,2591,252
1762572544,0000000400000004,2613972620389,2441,253
1762572548,0000000400000004,2614012377512,5246,254
1762572557,0000000800000080,2614102280202,5034,255
1762572589,0000000800000001,2614416350037,1725,256
1762572591,0000000100000002,2614441394154,220,257
1762572608,0000000100000004,2614607949925,588,258
1762572612,0000008000000080,2614646655855,3450,259
1762572614,0000008000000002,2614673840836,1819,260
1762572617,0000000400000002,2614704616225,5158,261
1762572619,0000000400000001,2614721869686,4128,262
1762572625,0000000100000004,2614779723695,643,263
1762572631,0000004000000004,2614844438276,1937,264
1762572634,0000004000000080,2614875692898,5253,265
1762572640,0000004000000001,2614932421419,1846,266
1762572647,0000000100000003,2615000680182,2922,267
1762572648,0000008000000080,2615011990160,2248,268
1762572650,0000000100000001,2615035003896,864,269
1762572655,0000000400000002,2615076422388,3571,270
1762572664,0000000800000080,2615172462290,2978,271
1762572665,0000000400000001,2615176824142,2715,272
1762572682,0000000400000004,2615352674330,2527,273
1762572691,0000000800000001,2615441600741,2373,274
1762572704,0000004000000008,2615568024016,5159,275
1762572705,0000008000000004,2615578481587,4540,276
1762572735,0000000400000004,2615879713821,1993,277
1762572764,0000000100000001,2616169696097,5322,278
1762572765,0000000400000004,2616183598907,4496,279
1762572770,0000000800000001,2616235849129,1342,280
1762572787,0000000800000002,2616402982228,1680,281
1762572800,0000000100000040,2616528297524,4537,282
1762572828,0000004800000080,2616808499222,3250,283
1762572846,0000000800000080,2616995321357,2401,284
1762572848,0000000100000004,2617012961097,1342,285
1762572852,0000008000000002,2617052583941,4162,286
1762572856,0000008000000080,2617089582326,1931,287
1762572858,0000000100000001,2617113305744,505,288
1762572871,0000008000000080,2617245445391,2934,289
1762572913,0000004000000002,2617662089458,3852,290
1762572915,0000000800000008,2617682341429,2622,291
1762572917,0000000800000004,2617701012974,1505,292
1762572925,0000008000000080,2617781204824,1878,293
1762572927,0000000800000080,2617799970642,748,294
1762572933,0000000400000008,2617864057396,2087,295
1762572947,0000000100000001,2617999105569,4359,296
1762572957,0000000100000080,2618104779146,3182,297
1762572969,0000000800000001,2618216616059,1653,298
1762572969,0000000100000001,2618222400605,1303,299
1762572972,0000004000000080,2618246467214,5051,300
1762572987,0000000100000004,2618404181198,759,301
1762572991,0000000400000080,2618444996016,3498,302
1762573004,0000000800000080,2618574765400,883,303
1762573007,0000000100000080,2618603063891,4385,304
1762573015,0000008000000080,2618680859841,4894,305
1762573017,0000004000000008,2618697985466,3866,306
1762573024,0000000400000080,2618772861674,4558,307
1762573027,0000000100000001,2618804949592,2613,308
1762573045,0000004000000080,2618979962112,2474,309
1762573046,0000000800000004,2618989340070,1918,310
1762573051,0000008000000080,2619045617002,3729,311
1762573053,0000008000000080,2619064837603,2562,312
1762573060,0000008000000002,2619130182221,3837,313
1762573074,0000000400000080,2619268738816,692,314
1762573094,0000004000000001,2619474329032,3911,315
1762573109,0000008000000002,2619619246114,386,316
1762573110,0000000400000001,2619628216426,5036,317
1762573126,0000000100000004,2619790484168,472,318
1762573127,0000000400000008,2619797836753,5218,319
1762573131,0000008000000080,2619838348853,2775,320
1762573131,0000000800000001,2619845711575,2337,321
1762573153,0000000100000003,2620057253007,5196,322
1762573172,0000000800000002,2620246776602,4192,323
1762573173,0000000400000080,2620264300101,3125,324
1762573174,0000000100000080,2620267900474,2906,325
1762573183,0000000800000002,2620357169740,2730,326
1762573187,0000000800000002,2620398303527,268,327
1762573188,0000000100000080,2620408993458,4819,328
1762573188,0000000400000002,2620410952711,4702,329
1762573192,0000000800000002,2620450619667,2308,330
1762573193,0000000100000080,2620456324711,1968,331
1762573196,0000000800000004,2620493802383,4909,332
1762573199,0000000100000002,2620520912218,3272,333
1762573218,0000000100000004,2620714371525,2027,334
1762573226,0000000100000004,2620794501007,2395,335
1762573233,0000008000000080,2620864576029,3376,336
1762573239,0000000300000001,2620918576915,5320,337
1762573241,0000000100000001,2620936570532,4250,338
1762573248,0000000100000001,2621006462830,5230,339
1762573249,0000000100000002,2621022535949,4273,340
1762573255,0000000100000004,2621084983268,511,341
1762573259,0000000400000002,2621121790861,3488,342
1762573262,0000004000000008,2621150298490,1775,343
1762573264,0000008000000002,2621168428790,685,344
1762573281,0000000300000002,2621345537370,420,345
1762573285,0000004000000001,2621385867735,3180,346
1762573297,0000000800000080,2621500193924,1500,347
1762573308,000000c000000080,2621609811233,5292,348
1762573312,0000000400000008,2621649733314,2886,349
1762573321,0000000500000001,2621742006869,2531,350
1762573344,0000004000000080,2621972854581,4241,351
1762573348,0000008000000080,2622010737209,1955,352
1762573352,0000000800000008,2622053810592,4564,353
1762573353,0000000100000002,2622056191179,4421,354
1762573360,0000000100000003,2622127726025,5300,355
1762573372,0000000800000008,2622251710950,3035,356
1762573375,0000008000000004,2622284649824,1054,357
1762573377,0000008000000080,2622300122339,5319,358
1762573383,0000004000000004,2622356360883,1940,359
1762573394,0000004000000080,2622470956107,243,360
1762573395,0000008000000004,2622483985319,4656,361
1762573404,0000000800000002,2622566087154,4907,362
1762573412,0000000800000001,2622647033980,5225,363
1762573417,0000000400000080,2622696091473,2275,364
1762573422,0000000300000002,2622751325227,4156,365
1762573426,0000008000000080,2622791536305,1731,366
1762573447,0000000800000008,2623001740655,4673,367
1762573458,0000000100000001,2623110565374,3315,368
1762573470,0000000100000080,2623234610062,1043,369
1762573491,0000008000000008,2623438393458,4379,370
1762573500,0000004000000008,2623526661062,4263,371
1762573506,0000000100000008,2623591563781,354,372
1762573521,0000000100000003,2623738554935,1898,373
1762573540,0000000100000080,2623929752254,782,374
1762573560,0000004000000004,2624132028897,4205,375
1762573563,0000000100000001,2624163471835,2302,376
1762573575,0000000100000001,2624277363818,649,377
1762573592,0000008000000080,2624451131467,585,378
1762573599,0000008000000080,2624516947783,1819,379
1762573611,0000000100000001,2624638154467,4917,380
1762573615,0000004000000004,2624681535725,2302,381
1762573658,0000000100000004,2625110563585,2461,382
1762573663,0000004000000080,2625162072066,4570,383
1762573692,0000000100000004,2625453532761,2603,384
1762573693,0000008000000080,2625459539588,2247,385
1762573696,0000008000000001,2625486943378,602,386
1762573714,0000008000000080,2625667413897,5324,387
1762573719,0000008000000080,2625719502744,2192,388
1762573744,0000000100000002,2625974868522,2410,389
1762573747,0000000100000080,2625998398179,995,390
1762573763,0000000800000004,2626157846431,1796,391
1762573766,0000008000000080,2626187538070,5200,392
1762573792,0000000400000008,2626451990408,4879,393
1762573806,0000000400000001,2626594148229,1519,394
1762573808,0000000100000003,2626613698976,346,395
1762573813,0000000100000008,2626658474515,2835,396
1762573821,0000008000000080,2626743240435,2931,397
1762573823,0000000800000080,2626759002633,1990,398
1762573833,0000000100000001,2626856456213,1319,399
1762573836,0000004000000002,2626891151820,4437,400
1762573850,0000004000000080,2627031027069,1205,401
1762573850,0000000800000001,2627032205602,1134,402
1762573862,0000008000000080,2627154705845,4165,403
1762573865,0000000100000008,2627180982902,2569,404
1762573904,0000000100000001,2627574271132,4890,405
1762573904,0000004000000002,2627575411964,4824,406
1762573905,0000000900000001,2627576920077,4735,407
1762573910,0000008000000004,2627627776109,1670,408
1762573960,0000000400000008,2628128241653,2720,409
1762573974,0000004000000008,2628273382366,4395,410
1762573987,0000000800000080,2628403570322,1747,411
1762573991,0000008000000080,2628438726781,4830,412
1762573998,0000000400000008,2628513447081,335,413
1762574009,0000008000000004,2628623937507,4080,414
1762574020,0000000100000008,2628734273160,2622,415
1762574029,0000008000000008,2628816436067,2873,416
1762574040,0000000100000001,2628932953624,1062,417
1762574044,0000004000000004,2628971601237,3941,418
1762574044,0000000100000080,2628975047479,3732,419
1762574045,0000000100000001,2628985588227,3087,420
1762574059,0000000800000002,2629122907879,5218,421
1762574064,0000004000000080,2629172518721,2233,422
1762574070,0000008000000004,2629231556253,3883,423
1762574078,0000004000000002,2629311116467,4295,424
1762574085,0000000200000008,2629380102802,5328,425
1762574098,0000000800000001,2629512285066,2566,426
1762574114,0000000400000080,2629673340430,3269,427
1762574134,0000000400000001,2629869237461,1879,428
1762574164,0000000100000001,2630166706173,4764,429
1762574166,0000000800000004,2630191092184,3289,430
1762574177,0000000800000002,2630304451969,1667,431
1762574188,0000008000000080,2630413313412,316,432
1762574220,0000004000000004,2630729513274,2068,433
1762574227,0000000100000001,2630805272476,2696,434
1762574258,0000000400000080,2631111954321,5025,435
1762574259,0000000400000080,2631123159928,4366,436
1762574265,0000004000000004,2631176775780,1128,437
1762574266,0000008800000080,2631193079000,162,438
1762574276,0000004000000004,2631294790811,4429,439
1762574299,0000008000000080,2631524216099,1005,440
1762574303,0000000800000001,2631565029774,3750,441
1762574315,0000000100000001,2631677167916,2193,442
1762574317,0000000100000003,2631703530012,611,443
1762574336,0000000800000004,2631894669063,4698,444
1762574357,0000000800000008,2632102759232,2556,445
1762574367,0000004000000008,2632205051907,1604,446
1762574369,0000000400000080,2632224720798,424,447
1762574372,0000004000000008,2632250065815,4096,448
1762574393,0000004000000004,2632461363522,1767,449
1762574397,0000008000000080,2632496746837,4837,450
1762574407,0000008000000001,2632601569250,3724,451
1762574436,0000004000000004,2632887809707,2084,452
1762574438,0000008000000004,2632907026619,925,453
1762574438,0000004000000004,2632915188167,440,454
1762574443,0000008000000080,2632956468289,3143,455
1762574443,0000000400000004,2632956652508,3132,456
1762574444,0000004000000002,2632969935142,2333,457
1762574454,0000004000000002,2633068386000,1609,458
1762574463,0000004000000080,2633165362136,967,459
1762574496,0000000400000002,2633489358128,2253,460
1762574499,0000000800000004,2633524976790,5305,461
1762574502,0000000100000004,2633553434378,3597,462
1762574530,0000000100000004,2633834035402,2294,463
1762574532,0000008000000001,2633849865563,1342,464
1762574538,0000000800000001,2633915606882,2578,465
1762574540,0000008000000004,2633929033753,1777,466
1762574547,0000000200000002,2634001466368,2606,467
1762574552,0000000800000002,2634052943241,4717,468
1762574552,0000004000000080,2634053262375,4697,469
1762574565,0000004000000008,2634181176106,2189,470
1762574571,0000004000000004,2634237202632,4021,471
1762574605,0000000400000004,2634582445716,4029,472
1762574607,0000000800000080,2634602880953,2786,473
1762574632,0000000800000004,2634853145880,3317,474
1762574640,000000c40000008e,2634929410392,3933,475
1762574640,000000480000008a,2634933909579,3659,476
1762574645,0000000400000004,2634977271128,1044,477
1762574652,0000000200000001,2635052754156,1701,478
1762574666,0000000800000080,2635195257418,3516,479
1762574682,0000004000000008,2635349023753,4661,480
1762574700,0000004000000002,2635527838749,4295,481
1762574746,0000004000000008,2635989092747,2503,482
1762574770,0000004000000001,2636232872691,3425,483
1762574789,000000c000000080,2636417863140,2678,484
1762574796,0000008000000080,2636486790640,3738,485
1762574796,0000008000000080,2636491464635,3453,486
1762574801,0000000800000080,2636541652910,438,487
1762574808,0000000400000008,2636612774128,1347,488
1762574816,0000008000000080,2636693100355,1713,489
1762574820,0000008000000080,2636729751196,4705,490
1762574841,0000000800000002,2636943570612,2225,491
1762574869,0000000100000001,2637221582637,1081,492
1762574894,0000000400000001,2637466058584,1961,493
1762574922,0000000400000002,2637749563356,491,494
1762574924,0000004000000002,2637768010982,4580,495
1762574959,0000000200000001,2638118404900,4279,496
1762575032,0000004000000008,2638852951878,1636,497
1762575036,0000000400000002,2638894629659,4331,498
1762575060,0000000400000008,2639132958178,378,499
1762575074,0000004000000008,2639273692140,2293,500
1762575075,0000008000000008,2639280949532,1861,501
1762575076,0000008000000004,2639293456458,1104,502
1762575084,0000000800000001,2639366843783,1888,503
1762575088,0000008000000080,2639412791981,4325,504
1762575107,0000004000000001,2639596561530,3652,505
1762575121,0000000100000001,2639739600948,244,506
1762575122,0000000400000002,2639751332374,4733,507
1762575137,0000008000000080,2639901765760,870,508
1762575140,0000000400000001,2639930816417,4326,509
1762575156,0000008000000080,2640089501802,5159,510
1762575157,0000000100000003,2640096712510,4732,511
1762575166,0000000100000001,2640186183972,4545,512
1762575180,000000880000008d,2640330096568,1072,513
1762575183,0000000400000008,2640356745402,4674,514
1762575194,0000004000000080,2640468918408,3106,515
1762575214,0000008000000002,2640669881650,1409,516
1762575220,0000004000000080,2640732491368,2831,517
1762575231,0000004000000002,2640843076253,1379,518
1762575238,0000000800000080,2640910733931,2499,519
1762575238,0000008000000080,2640911711300,2441,520
1762575241,000000c000000080,2640940892525,692,521
1762575251,0000004000000080,2641041199546,5046,522
1762575257,0000008000000080,2641095738645,1765,523
1762575273,0000004000000004,2641257054811,2443,524
1762575274,0000008000000080,2641272414147,1523,525
1762575277,0000008000000008,2641305178153,4752,526
1762575281,0000008000000080,2641342377830,2503,527
1762575281,0000000800000008,2641342595293,2491,528
1762575316,0000008000000080,2641690350064,2349,529
1762575377,0000000100000001,2642302672090,1879,530
1762575385,0000000100000002,2642384435213,2152,531
1762575389,0000000100000080,2642422025790,5083,532
1762575394,0000000100000003,2642469305153,2240,533
1762575402,0000000100000001,2642550580795,2539,534
1762575404,0000008000000008,2642567452111,1529,535
1762575415,0000000400000001,2642677836896,5275,536
1762575422,0000000400000080,2642751801530,828,537
1762575424,0000000400000001,2642771705015,4830,538
1762575432,0000008000000004,2642846451060,334,539
1762575451,0000004000000002,2643039649030,4297,540
1762575472,0000000400000001,2643250086891,2019,541
1762575473,0000000400000001,2643256569730,1628,542
1762575473,0000008000000080,2643262137183,1290,543
1762575480,0000000400000008,2643328668725,2479,544
1762575482,000000c000000080,2643352454725,1051,545
1762575483,0000000100000080,2643363531857,392,546
1762575485,0000000800000002,2643378427446,4691,547
1762575486,0000004000000080,2643394556876,3719,548
1762575495,0000004000000080,2643480849959,3723,549
1762575498,0000008000000008,2643508945224,2029,550
1762575498,0000000400000008,2643510750462,1922,551
1762575501,0000000800000008,2643544809409,5065,552
1762575503,0000000400000001,2643557700213,4299,553
1762575519,0000004000000008,2643715684763,5173,554
1762575519,0000000100000004,2643723223671,4727,555
1762575522,0000000400000080,2643747519601,3249,556
1762575526,0000000400000080,2643791247591,630,557
1762575540,0000000100000001,2643926805007,2854,558
1762575540,0000000400000004,2643933497477,2454,559
1762575545,0000000400000001,2643975554212,5122,560
1762575552,0000008000000080,2644048232983,752,561
1762575562,0000000800000001,2644151341401,4939,562
1762575572,0000008000000001,2644247673289,4344,563
1762575575,0000008000000080,2644281836685,2279,564
1762575579,0000000400000001,2644315553452,257,565
1762575596,0000000100000006,2644493218190,5146,566
1762575606,0000000800000004,2644588351616,4627,567
1762575606,0000004000000001,2644589847343,4537,568
1762575609,0000004000000080,2644619243546,2751,569
1762575617,0000000100000004,2644705297282,2769,570
1762575618,0000000800000008,2644713743707,2267,571
1762575655,0000000800000002,2645084602967,737,572
1762575674,0000004000000080,2645266755616,172,573
1762575677,0000000100000002,2645297931617,3486,574
1762575705,0000008000000001,2645578566437,2185,575
1762575712,0000008000000080,2645654189794,2824,576
1762575716,0000008000000080,2645686523492,886,577
1762575718,0000004000000004,2645709942063,4678,578
1762575727,0000000400000004,2645804445987,4188,579
1762575732,0000000100000008,2645849809009,1450,580
1762575736,0000004000000080,2645887334011,4396,581
1762575736,0000004000000008,2645893121417,4047,582
1762575743,0000008000000080,2645955473042,293,583
1762575748,0000000100000001,2646006855137,2387,584
1762575756,0000000800000001,2646095456174,2255,585
1762575783,0000000800000004,2646358811836,1997,586
1762575788,0000004000000080,2646415269010,3799,587
1762575805,0000000100000001,2646580405398,4257,588
1762575808,0000000100000001,2646607776294,2596,589
1762575809,0000000100000002,2646617170180,2037,590
1762575813,0000004000000004,2646661572375,4567,591
1762575851,0000000100000004,2647043133928,2379,592
1762575865,0000004000000001,2647181513671,4455,593
1762575894,0000000800000004,2647470271663,2650,594
1762575911,0000000800000080,2647643336286,2627,595
1762575926,0000000800000080,2647791970323,4089,596
1762575947,0000004000000004,2647995533259,2225,597
1762575965,0000004000000002,2648181220937,1441,598
1762576023,0000000100000080,2648759002125,3038,599
1762576023,0000000100000008,2648759064897,3034,600
1762576028,0000008000000002,2648808115049,5281,601
1762576054,0000008000000080,2649072960034,4936,602
1762576067,0000000100000001,2649197160612,2649,603
1762576075,0000008000000080,2649275505266,3132,604
1762576088,0000004000000080,2649413770935,5205,605
1762576092,0000000100000008,2649450102725,3016,606
1762576093,0000008000000080,2649456332507,2640,607
1762576126,0000000400000002,2649790667208,3310,608
1762576136,0000000800000004,2649888052920,2640,609
1762576165,0000000100000003,2650184442899,405,610
1762576192,0000004000000004,2650454871210,4910,611
1762576296,0000004000000080,2651490917934,4917,612
1762576301,0000008000000008,2651539138923,2013,613
1762576318,0000008000000008,2651713767663,1898,614
1762576336,0000008000000080,2651888386261,1780,615
1762576353,0000000800000001,2652058329126,1946,616
1762576354,0000008000000009,2652072663300,1079,617
1762576364,0000008000000080,2652169937692,429,618
1762576366,0000000800000001,2652195003175,4117,619
1762576371,0000000100000004,2652245148641,1091,620
1762576376,0000004000000080,2652290781773,3544,621
1762576381,0000008000000080,2652342380220,443,622
1762576383,0000000300000001,2652361544066,4491,623
1762576392,0000000800000010,2652451428312,4276,624
1762576400,0000008000000004,2652525335946,5016,625
1762576409,0000008000000001,2652624691831,4241,626
1762576420,0000000800000080,2652729450906,3119,627
1762576421,0000000100000008,2652737396032,2638,628
1762576423,0000000400000001,2652757076391,1462,629
1762576429,0000008000000002,2652815942498,3110,630
1762576446,0000000800000080,2652990123389,3019,631
1762576477,0000000400000004,2653297578782,5304,632
1762576501,0000000100000001,2653539597663,1133,633
1762576517,0000008000000001,2653701572261,1781,634
1762576531,0000000800000008,2653836065928,4085,635
1762576535,0000000100000001,2653881517978,1342,636
1762576538,0000000400000004,2653908602098,4912,637
1762576542,0000008000000080,2653950711562,2371,638
1762576558,0000000100000001,2654112938120,2998,639
1762576573,0000004000000002,2654264011522,4312,640
1762576575,0000000800000080,2654284240681,3082,641
1762576579,0000008000000002,2654321335730,856,642
1762576587,0000000400000001,2654402238453,1181,643
1762576595,0000000800000004,2654485039986,1395,644
1762576599,0000004000000004,2654519403137,4532,645
1762576599,0000008000000008,2654521535788,4402,646
1762576611,0000000100000001,2654638352135,2556,647
1762576614,0000000800000001,2654668481728,750,648
1762576619,0000000100000004,2654719564959,2863,649
1762576637,0000008000000080,2654900439940,2375,650
1762576654,0000000400000008,2655071974308,2442,651
1762576656,0000000900000009,2655091706510,1257,652
1762576674,0000008000000004,2655270290947,904,653
1762576675,000000c000000080,2655283609409,5295,654
1762576676,0000000100000004,2655291720582,4814,655
1762576677,0000000400000001,2655296079818,4556,656
1762576684,0000000400000001,2655373192949,5103,657
1762576688,0000000800000002,2655405580616,3150,658
1762576698,0000000800000001,2655511462418,1981,659
1762576718,0000000100000001,2655710696493,387,660
1762576719,0000008000000080,2655720804674,4971,661
1762576723,0000000800000008,2655762057480,2482,662
1762576730,0000004000000008,2655828107266,3711,663
1762576737,0000008000000080,2655905024184,4283,664
1762576793,0000000800000008,2656457322179,2213,665
1762576796,0000008000000080,2656486312836,474,666
1762576797,0000000100000001,2656501009422,4786,667
1762576798,0000000800000080,2656512839139,4077,668
1762576805,0000000800000001,2656575484829,306,669
1762576805,0000000600000001,2656582140322,5093,670
1762576834,0000000400000004,2656872275300,3220,671
1762576844,0000000100000001,2656973533640,2324,672
1762576846,0000004000000008,2656990792873,1285,673
1762576851,0000000100000001,2657039171188,3573,674
1762576861,0000000800000001,2657143603314,2479,675
1762576862,0000004000000080,2657147174808,2267,676
1762576868,0000004000000001,2657211675582,3585,677
1762576878,0000000800000080,2657306678263,3056,678
1762576878,0000004000000008,2657313177542,2664,679
1762576879,0000008000000004,2657320277573,2242,680
1762576891,0000000400000002,2657438510468,330,681
1762576892,0000000100000080,2657450263210,4816,682
1762576897,000000c000000080,2657496591376,2027,683
1762576906,0000008000000004,2657589294742,1643,684
1762576918,0000000400000001,2657712796198,4610,685
1762576934,0000008000000008,2657874780145,5243,686
1762576946,0000008000000004,2657989953462,3511,687
1762576956,0000000800000002,2658088996948,2740,688
1762576962,0000000100000002,2658149703428,4299,689
1762576967,0000008000000004,2658198347268,1362,690
1762576969,0000000100000008,2658215346648,345,691
1762576970,0000000100000001,2658226897350,4844,692
1762576972,0000008000000001,2658246464548,3665,693
1762576975,0000000800000002,2658283173419,1454,694
1762576983,0000000300000001,2658358817209,2099,695
1762576991,0000000100000001,2658438857706,2472,696
1762576994,0000000100000008,2658473047045,425,697
1762577016,0000004100000008,2658688799963,3018,698
1762577030,0000008000000080,2658828359590,5017,699
1762577030,0000000400000002,2658831929350,4808,700
1762577034,0000000100000001,2658873998693,2269,701
1762577036,0000000200000080,2658890392040,1282,702
1762577038,0000000100000004,2658906819282,301,703
1762577055,0000000800000080,2659077499411,422,704
1762577057,0000000800000080,2659098734455,4344,705
1762577071,0000000100000080,2659242073676,905,706
1762577073,0000000400000004,2659260575919,4987,707
1762577087,0000000900000001,2659400325017,1776,708
1762577088,0000008000000001,2659409026548,1247,709
1762577116,0000000100000008,2659692421238,4981,710
1762577120,0000008000000080,2659729475714,2742,711
1762577124,0000000400000008,2659771467047,229,712
1762577134,0000008000000001,2659871257562,4616,713
1762577146,0000000100000001,2659990956726,2595,714
1762577157,0000004000000080,2660103100462,1048,715
1762577163,0000000100000001,2660160560019,2780,716
1762577170,0000004000000001,2660226443557,4026,717
1762577173,0000004000000080,2660258814581,2073,718
1762577185,0000004000000008,2660384165515,4921,719
1762577193,0000000100000008,2660464962157,5250,720
1762577201,0000000400000008,2660542568413,587,721
1762577223,0000000800000001,2660761603424,2983,722
1762577232,0000000400000002,2660847509135,3009,723
1762577246,0000000100000001,2660992016847,4716,724
1762577259,0000000800000001,2661118622600,2286,725
1762577260,0000000400000001,2661127532920,1755,726
1762577275,0000008000000080,2661275301527,3249,727
1762577275,0000000100000080,2661277347321,3124,728
1762577275,0000008000000010,2661280941248,2906,729
1762577280,0000000400000004,2661328724068,5231,730
1762577288,0000008000000080,2661413302183,162,731
1762577296,0000000500000008,2661492291692,591,732
1762577307,0000000400000002,2661595963460,4745,733
1762577318,0000000400000008,2661710650300,3029,734
1762577329,0000008000000080,2661819260798,1696,735
1762577336,0000000100000008,2661886608963,2830,736
1762577345,0000008000000080,2661979790852,2421,737
1762577366,0000004000000004,2662187484867,325,738
1762577369,0000000100000008,2662221585820,3461,739
1762577370,0000008800000084,2662226634497,3154,740
1762577371,0000000200000004,2662236703312,2547,741
1762577375,0000008000000004,2662275792461,207,742
1762577375,0000004000000004,2662282521427,4992,743
1762577377,0000000100000080,2662301119001,3877,744
1762577400,000000c000000080,2662530753948,450,745
1762577416,0000000400000004,2662688792939,1325,746
1762577418,000000c000000080,2662710963220,5187,747
1762577418,0000000400000080,2662711873263,5132,748
1762577430,0000008000000080,2662834344513,2952,749
1762577437,0000004000000008,2662903067722,4026,750
1762577444,0000008000000080,2662973707472,4965,751
1762577471,0000000400000004,2663240371131,4514,752
1762577492,0000004000000080,2663445892173,2523,753
1762577495,0000000100000008,2663479273120,526,754
1762577515,0000000400000002,2663683563379,3820,755
1762577526,0000000800000004,2663791872127,2488,756
1762577532,0000000400000002,2663847044961,4378,757
1762577537,0000000e00000001,2663896930968,1366,758
1762577553,0000000400000001,2664057487417,2098,759
1762577583,0000000200000004,2664358036266,4799,760
1762577589,0000000100000080,2664415648836,1325,761
1762577618,0000000100000004,2664713217606,4213,762
1762577630,0000000400000002,2664831879129,2257,763
1762577632,0000000400000001,2664851490228,1077,764
1762577656,0000004000000004,2665086068155,2545,765
1762577665,0000001000000000,2665183601151,1880,766
1762577667,0000000800000080,2665199531421,918,767
1762577696,0000008000000080,2665486113950,4464,768
1762577697,0000000800000002,2665498463256,3716,769
1762577700,0000000100000001,2665526900296,2004,770
1762577714,0000000800000001,2665670979753,3728,771
1762577715,0000000100000001,2665681239067,3101,772
1762577734,0000000800000002,2665870183666,2130,773
1762577749,0000008000000002,2666022244779,3367,774
1762577749,000000c000000080,2666023884110,3268,775
1762577760,0000000400000008,2666130201365,2069,776
1762577764,0000000100000001,2666165113279,5162,777
1762577777,0000008c00000080,2666300917225,2186,778
1762577786,0000000400000001,2666387119396,2195,779
1762577794,0000000800000008,2666467069071,2575,780
1762577814,0000000800000002,2666669371372,799,781
1762577842,0000008000000080,2666949239993,4746,782
1762577881,0000004000000008,2667341114988,1945,783
1762577884,0000000100000001,2667372577822,5241,784
1762577904,0000000400000001,2667570477484,3731,785
1762577907,0000000200000002,2667602918191,1777,786
1762577916,0000000100000001,2667688965362,1795,787
1762577928,0000000300000008,2667812496937,4755,788
1762577934,0000008000000001,2667865847324,1541,789
1762577940,000000c000000080,2667925275774,3156,790
1762577945,0000008000000080,2667984537091,4794,791
1762577949,0000000100000001,2668018324547,2749,792
1762577950,0000000100000001,2668029251637,2099,793
1762577958,0000000800000008,2668108610228,2513,794
1762577993,0000008000000080,2668463172909,1969,795
1762578022,0000000100000001,2668752134564,170,796
1762578026,0000000100000080,2668788639198,3159,797
1762578040,0000000800000002,2668925225084,5333,798
1762578047,0000004000000080,2668997297740,997,799
1762578059,0000008000000002,2669115872560,4265,800
1762578071,0000004000000004,2669244848338,1691,801
1762578075,0000000400000001,2669284045553,4535,802
1762578117,0000000100000001,2669703013564,5291,803
1762578135,0000000100000001,2669883349333,4838,804
1762578136,0000000800000001,2669887398051,4598,805
1762578152,0000000100000008,2670045219303,295,806
1762578155,0000000400000001,2670082177929,3257,807
1762578157,0000004000000008,2670103809982,1961,808
1762578161,0000000400000002,2670140652048,4939,809
1762578165,0000008000000080,2670178470598,2653,810
1762578166,0000008000000080,2670186661653,2169,811
1762578180,0000000300000001,2670324951069,4246,812
1762578182,0000000100000080,2670347710264,2861,813
1762578197,0000008000000008,2670503987295,3861,814
1762578200,0000004000000008,2670531548234,2199,815
1762578216,0000000400000002,2670693891125,2815,816
1762578219,0000000800000008,2670723620165,1030,817
1762578229,0000000400000001,2670816101365,664,818
1762578235,0000004000000001,2670879795850,2027,819
1762578243,0000004000000002,2670957497098,2540,820
1762578248,0000000100000001,2671009793746,4601,821
1762578257,0000008000000008,2671101006146,4310,822
1762578267,0000004000000002,2671201612102,3443,823
1762578286,0000000300000001,2671391436674,2408,824
1762578286,0000008000000008,2671394032702,2255,825
1762578290,0000000400000008,2671426272005,320,826
1762578306,0000008000000008,2671586611012,1056,827
1762578309,0000008000000080,2671616518971,4463,828
1762578322,0000008000000002,2671746586989,1827,829
1762578354,0000000400000004,2672073513216,2926,830
1762578372,0000000100000008,2672245537544,2968,831
1762578383,0000008000000001,2672358512545,1370,832
1762578386,0000000100000004,2672386009728,4914,833
1762578394,0000008000000080,2672468273140,5154,834
1762578398,0000008000000080,2672512377704,2498,835
1762578407,0000000800000004,2672601154213,2354,836
1762578412,0000004000000002,2672651053814,4557,837
1762578414,0000000100000001,2672673287195,3208,838
1762578419,0000000800000008,2672719626858,429,839
1762578466,0000000400000001,2673189804579,3302,840
1762578467,0000000400000080,2673197580829,2828,841
1762578469,0000000800000008,2673215625410,1753,842
1762578471,0000000400000001,2673238618530,375,843
1762578471,000000c000000080,2673244341722,5216,844
1762578472,0000000400000004,2673248899337,4946,845
1762578476,0000000100000008,2673288089294,2579,846
1762578482,0000000100000008,2673350180067,4051,847
1762578499,0000000400000001,2673519526737,4254,848
1762578535,0000000800000004,2673880907327,3281,849
1762578541,0000000100000001,2673937067993,5099,850
1762578546,0000008000000001,2673986894097,2101,851
1762578554,0000000100000001,2674065411222,2566,852
1762578556,0000004000000082,2674088103099,1204,853
1762578563,0000000800000080,2674158858485,2145,854
1762578569,0000000100000081,2674215829071,3917,855
1762578576,0000000400000008,2674287389269,4804,856
1762578578,0000008000000001,2674309788165,3454,857
1762578617,0000000400000080,2674696103883,989,858
1762578620,0000008000000001,2674728115106,4268,859
1762578622,0000008000000080,2674752594242,2779,860
1762578625,0000000100000001,2674775078862,1433,861
1762578636,0000000400000080,2674893394403,4711,862
1762578642,0000000400000040,2674948138137,1410,863
1762578659,0000004000000080,2675115130452,1756,864
1762578674,0000008000000080,2675267325001,2980,865
1762578694,000000400000000c,2675473572716,966,866
1762578706,0000000100000003,2675591601821,4264,867
1762578712,0000004000000002,2675645350947,1020,868
1762578725,0000004000000080,2675775127269,3606,869
1762578727,0000004000000080,2675804513076,1838,870
1762578734,0000000800000008,2675870761771,3039,871
1762578739,0000000100000002,2675915376615,365,872
1762578779,0000004000000004,2676321357375,1912,873
1762578784,0000000800000080,2676368878019,4252,874
1762578817,0000000100000008,2676701350445,5021,875
1762578819,0000008000000001,2676724673739,3620,876
1762578823,0000004000000004,2676760230741,1478,877
1762578825,0000004000000008,2676779578166,319,878
1762578846,0000000100000080,2676985762816,3493,879
1762578850,0000000800000080,2677025488625,1101,880
1762578869,0000000400000001,2677220076473,4982,881
1762578876,0000008000000001,2677290588070,739,882
1762578881,0000000100000080,2677341178370,2883,883
1762578887,0000000400000001,2677399471009,4586,884
1762578889,0000008000000080,2677415176870,3634,885
1762578899,0000000800000008,2677522089135,2390,886
1762578905,0000000400000004,2677577374805,4272,887
1762578905,0000000900000001,2677582717516,3948,888
1762578908,0000000400000001,2677606859008,2484,889
1762578911,0000000100000003,2677643477222,291,890
1762578920,0000000200000001,2677725234411,566,891
1762578927,0000000800000003,2677797786277,1391,892
1762578934,0000008000000080,2677870986003,2183,893
1762578938,0000008000000080,2677906294217,5250,894
1762578955,0000000400000001,2678079811700,5201,895
1762578970,0000000400000002,2678227027800,1541,896
1762578979,0000000800000004,2678317747935,1275,897
1762578984,0000004000000008,2678372759457,3158,898
1762578997,0000000800000001,2678499286795,747,899
1762579003,0000004000000080,2678556399691,2498,900
1762579019,0000000800000002,2678719671583,3064,901
1762579023,0000008000000001,2678762369214,505,902
1762579038,0000000800000002,2678912108809,1885,903
1762579050,0000000400000001,2679025142636,281,904
1762579053,0000000100000002,2679061792694,3261,905
1762579075,0000008000000002,2679284337905,272,906
1762579083,0000008000000080,2679363020686,729,907
1762579084,0000000800000080,2679370019304,311,908
1762579109,0000004000000008,2679614667204,1168,909
1762579113,0000000100000001,2679658406705,3739,910
1762579117,0000000800000001,2679702698124,1067,911
1762579136,0000008000000080,2679891600189,5286,912
1762579136,0000000400000080,2679892422058,5237,913
1762579158,0000000800000080,2680111633424,2436,914
1762579162,0000000100000005,2680153658328,5105,915
1762579163,0000000100000001,2680160028947,4728,916
1762579172,0000000800000004,2680248311997,4614,917
1762579185,0000004000000008,2680376438942,2094,918
1762579191,0000000400000001,2680435816087,3718,919
1762579197,0000000100000001,2680499616486,5071,920
1762579207,0000008000000002,2680595013402,4535,921
1762579207,0000000400000001,2680595088695,4530,922
1762579209,0000008000000004,2680620226754,3003,923
1762579216,0000008000000004,2680686757321,4210,924
1762579222,0000000100000008,2680746631429,602,925
1762579228,0000000400000008,2680807489722,2133,926
1762579262,0000008000000080,2681151863063,2193,927
1762579263,0000000400000008,2681158213391,1813,928
1762579292,0000000800000008,2681453169080,4848,929
1762579301,0000000100000001,2681538943839,4881,930
1762579307,0000000400000080,2681600616020,1164,931
1762579314,0000000800000004,2681668255956,2291,932
1762579347,0000000100000001,2681998968508,3170,933
1762579352,0000000800000008,2682047432441,265,934
1762579361,0000000400000004,2682144332331,4824,935
1762579362,000000c000000080,2682146407454,4700,936
1762579371,0000008000000080,2682243949382,4028,937
1762579388,0000000800000001,2682407817720,4558,938
1762579393,0000008000000080,2682455337924,1693,939
1762579401,0000000800000001,2682537001257,1976,940
1762579417,000000c000000080,2682704062944,2309,941
1762579429,0000000100000004,2682820680571,495,942
1762579437,0000000800000001,2682902673743,753,943
1762579447,0000000100000008,2683002940296,5107,944
1762579456,0000008000000002,2683090497639,5036,945
1762579464,0000008000000080,2683166051144,495,946
1762579470,0000008000000080,2683228292033,1944,947
1762579472,0000000100000002,2683252834571,468,948
1762579480,0000000100000003,2683333915851,782,949
1762579481,0000008000000080,2683338068731,535,950
1762579482,0000004000000080,2683350487404,4980,951
1762579487,0000000400000004,2683404302119,1743,952
1762579494,0000008000000002,2683465031407,3279,953
1762579504,0000000100000001,2683568837543,2229,954
1762579509,0000008000000080,2683624546319,4081,955
1762579513,0000004000000004,2683661764484,1837,956
1762579531,0000000800000004,2683835211204,1791,957
1762579549,0000000100000001,2684014585215,1386,958
1762579555,0000000100000001,2684084510812,2371,959
1762579578,0000008000000080,2684312957713,4224,960
1762579588,0000008000000001,2684407778962,3709,961
1762579604,0000000800000002,2684565494779,4613,962
1762579604,0000008000000008,2684574101858,4095,963
1762579631,0000008000000002,2684839184929,3727,964
1762579646,0000004000000004,2684988574349,5123,965
1762579662,0000008000000004,2685144978756,909,966
1762579662,0000000100000001,2685146271305,831,967
1762579672,000000c000000080,2685252898471,4811,968
1762579687,0000000400000080,2685400290690,1131,969
1762579694,0000008000000080,2685468992571,2194,970
1762579717,0000000400000080,2685699192558,3935,971
1762579726,0000008000000008,2685790128508,3656,972
1762579737,0000000100000001,2685899253377,2280,973
1762579780,0000000800000001,2686330928615,2282,974
1762579784,0000008000000080,2686373263117,4936,975
1762579795,0000000400000080,2686483239510,3511,976
1762579796,000000c000000080,2686489249146,3144,977
1762579798,0000000400000001,2686509611817,1927,978
1762579803,0000000800000001,2686556448924,4310,979
1762579807,0000004000000008,2686597081938,1858,980
1762579810,0000000400000008,2686633154542,4884,981
1762579813,0000000100000006,2686662475022,3112,982
1762579823,0000008000000001,2686755598521,2700,983
1762579824,0000004000000001,2686773731322,1619,984
1762579849,0000004000000002,2687021123803,2316,985
1762579853,0000008000000080,2687059353692,5211,986
1762579865,0000000800000080,2687177301537,3309,987
1762579865,0000000100000004,2687183546187,2929,988
1762579889,0000000200000004,2687416183424,4531,989
1762579899,0000004000000004,2687520684081,3430,990
1762579901,0000000100000001,2687541275982,2191,991
1762579910,0000000100000082,2687631785694,1943,992
1762579910,0000000300000001,2687632523245,1899,993
1762579917,0000000800000001,2687702013371,2904,994
1762579921,0000008000000080,2687744380470,367,995
1762579930,0000004000000080,2687834369443,5333,996
1762579933,0000000400000001,2687854521906,4133,997
1762579941,0000004000000004,2687938732626,4262,998
1762579972,0000008000000002,2688245101536,1404,999
1762579973,0000000100000001,2688257484959,663,1000
1762579990,0000000800000080,2688430251430,658,1001
1762579994,0000000400000080,2688473507294,3244,1002
1762580001,0000000100000002,2688536329497,4670,1003
1762580014,0000008000000001,2688666128846,2050,1004
1762580016,0000000800000008,2688692132401,488,1005
1762580018,0000000100000009,2688712423791,4466,1006
1762580020,0000000100000002,2688731247233,3323,1007
1762580023,0000004000000002,2688762307656,1456,1008
1762580054,0000004000000004,2689068195352,3838,1009
1762580058,0000000100000004,2689107333465,1477,1010
1762580069,0000000100000003,2689222441471,4943,1011
1762580070,0000000400000004,2689225549236,4760,1012
1762580071,0000000100000001,2689240155162,3881,1013
1762580072,0000000400000002,2689250219522,3267,1014
1762580081,0000000100000080,2689340874790,3005,1015
1762580081,0000000100000004,2689341917885,2941,1016
1762580082,0000008000000008,2689353313784,2261,1017
1762580089,0000000100000001,2689416666847,3647,1018
1762580099,0000000100000008,2689519688105,2635,1019
1762580100,0000000100000001,2689531576654,1929,1020
1762580117,0000004000000002,2689699285986,2226,1021
1762580117,0000008000000002,2689704010498,1945,1022
1762580125,0000004000000001,2689774556137,2885,1023
1762580139,0000004000000008,2689914714969,4855,1024
1762580139,0000000400000001,2689917284494,4700,1025
1762580152,0000008000000080,2690045834248,2156,1026
1762580175,0000000100000005,2690281501881,3562,1027
1762580185,0000000800000080,2690376690881,3023,1028
1762580200,0000000800000080,2690532467546,4053,1029
1762580207,0000008000000080,2690603199075,4986,1030
1762580220,0000000400000001,2690725503934,2815,1031
1762580223,0000000100000002,2690760215522,735,1032
1762580238,0000000400000001,2690909294993,2154,1033
1762580242,0000004000000008,2690947787061,5033,1034
1762580257,0000000400000008,2691100950710,1011,1035
1762580274,0000008000000001,2691270319546,1210,1036
1762580292,0000008000000004,2691445996899,1030,1037
1762580293,0000000400000008,2691464026170,5141,1038
1762580308,0000004000000002,2691613245423,1357,1039
1762580309,0000008000000001,2691623083203,768,1040
1762580336,0000000400000008,2691884450799,630,1041
1762580345,0000008000000080,2691982512257,5115,1042
1762580362,0000000400000080,2692148624334,322,1043
1762580385,0000000400000008,2692378384501,2079,1044
1762580388,0000000100000003,2692409805097,195,1045
1762580400,0000000100000001,2692533963816,3103,1046
1762580403,0000000800000002,2692559633345,1563,1047
1762580411,0000008000000008,2692643499654,1714,1048
1762580430,0000000100000001,2692829789161,892,1049
1762580437,0000000400000001,2692896001886,2105,1050
1762580440,0000000100000001,2692927243568,230,1051
1762580457,0000000100000008,2693096120704,459,1052
1762580460,0000000800000004,2693124402518,3954,1053
1762580463,0000000400000080,2693164175743,1556,1054
1762580477,0000004400000001,2693297206517,3948,1055
1762580478,0000000100000001,2693311034911,3105,1056
1762580489,0000000800000004,2693415789593,2004,1057
1762580494,0000004000000004,2693470537516,3908,1058
1762580495,0000008000000002,2693477450282,3485,1059
1762580530,0000000100000001,2693828937127,3113,1060
1762580536,0000008000000008,2693894060556,4404,1061
1762580548,0000000100000008,2694007687123,2746,1062
1762580550,0000008000000001,2694026795236,1605,1063
1762580551,0000000100000002,2694042686181,650,1064
1762580561,0000000100000001,2694142965597,5005,1065
1762580567,0000000100000008,2694201968373,1453,1066
1762580573,0000000800000080,2694256916484,3342,1067
1762580573,0000000100000004,2694259312456,3194,1068
1762580583,0000004000000001,2694358760927,2407,1069
1762580586,0000008000000080,2694389492630,566,1070
1762580602,0000000100000002,2694548510834,1382,1071
1762580603,0000008000000080,2694562089599,571,1072
1762580604,0000004000000080,2694565993401,338,1073
1762580606,0000004000000001,2694591987697,3969,1074
1762580630,0000000800000080,2694827380216,196,1075
1762580634,0000008000000080,2694869486417,2845,1076
1762580663,0000008000000001,2695159997533,957,1077
1762580673,0000000400000004,2695261853502,5216,1078
1762580684,0000008000000004,2695371175889,3842,1079
1762580692,0000008000000008,2695445658058,4558,1080
1762580709,0000008000000080,2695620699352,4418,1081
1762580709,0000000100000001,2695622223526,4326,1082
1762580709,0000000100000001,2695622978890,4280,1083
1762580778,0000000300000001,2696306923515,4688,1084
1762580784,0000000800000001,2696365553502,1151,1085
1762580787,0000000800000080,2696400142325,4276,1086
1762580795,0000000800000008,2696475188117,4950,1087
1762580795,0000000100000001,2696480617465,4628,1088
1762580799,0000000800000002,2696522437370,2104,1089
1762580812,0000000100000003,2696644745684,5133,1090
1762580831,0000008000000080,2696836894338,3971,1091
1762580842,0000004000000008,2696948375908,2441,1092
1762580860,0000000800000001,2697130694299,1875,1093
1762580862,0000008000000004,2697145718050,967,1094
1762580863,0000008000000080,2697162888373,5129,1095
1762580865,0000008000000080,2697181240050,4033,1096
1762580868,0000000100000001,2697206101355,2523,1097
1762580890,0000000800000004,2697428827042,4720,1098
1762580927,000000c000000080,2697797250410,3325,1099
1762580932,0000000400000080,2697846015419,398,1100
1762580934,0000000100000001,2697866545493,4362,1101
1762580953,0000000200000008,2698056986505,3282,1102
1762581000,0000000800000004,2698524816814,1110,1103
1762581012,0000004000000001,2698651440628,3890,1104
1762581029,0000004000000002,2698814392806,4478,1105
1762581052,0000000100000008,2699052965024,511,1106
1762581064,0000008000000080,2699166167953,4091,1107
1762581065,0000000100000002,2699177328471,3413,1108
1762581080,0000000800000001,2699326325970,4842,1109
1762581106,0000008000000080,2699586459141,4776,1110
1762581106,0000000800000001,2699590902160,4513,1111
1762581115,0000008000000080,2699679870157,4356,1112
1762581116,0000004000000002,2699688624396,3825,1113
1762581123,0000000400000004,2699760539557,4694,1114
1762581127,0000000400000080,2699802558010,2160,1115
1762581146,0000004000000004,2699985185823,1562,1116
1762581195,0000004000000080,2700479345813,2993,1117
1762581195,0000000800000008,2700479629737,2975,1118
1762581196,0000000200000002,2700487989602,2474,1119
1762581198,0000000800000080,2700512942072,976,1120
1762581201,0000000100000003,2700535468196,4822,1121
1762581210,0000008000000080,2700629647459,4356,1122
1762581221,0000000800000008,2700738113846,3008,1123
1762581230,0000000100000002,2700830061065,2671,1124
1762581250,0000000800000001,2701028048330,1153,1125
1762581264,0000004000000001,2701168311084,3101,1126
1762581274,0000000100000001,2701269209734,2229,1127
1762581275,0000008000000004,2701277163944,1755,1128
1762581281,0000008000000080,2701340662223,3122,1129
1762581290,0000004000000004,2701433050954,2755,1130
1762581293,0000008000000080,2701461437519,1053,1131
1762581328,0000008000000002,2701805907935,1108,1132
1762581334,0000000100000003,2701866868426,2630,1133
1762581356,0000008000000001,2702093950592,4567,1134
1762581366,0000008000000001,2702191926294,3866,1135
1762581367,0000000100000001,2702199164034,3422,1136
1762581371,0000004000000002,2702240429031,939,1137
1762581375,0000004000000080,2702274743870,4078,1138
1762581378,0000000800000002,2702311015115,1891,1139
1762581391,0000008000000080,2702440516655,4497,1140
1762581395,0000000800000001,2702483403333,1909,1141
1762581406,0000000400000002,2702586270291,911,1142
1762581414,0000000400000080,2702670512776,1037,1143
1762581424,000000c000000080,2702769223604,300,1144
1762581440,0000000100000001,2702930191492,999,1145
1762581458,0000000100000001,2703109590162,600,1146
1762581518,0000004000000004,2703710098533,832,1147
1762581528,0000000100000001,2703805041563,319,1148
1762581529,0000000400000004,2703820178828,4605,1149
1762581546,0000008000000080,2703990118704,4767,1150
1762581550,0000000800000080,2704027400881,2513,1151
1762581598,0000000100000001,2704507919046,4784,1152
