1762408813,0000000100000080,976704784961,3939,339
1762408814,0000008000000080,976712338040,3475,340
1762408832,0000000100000001,976894915252,2864,341
1762408841,0000004000000002,976984118530,2691,342
1762408848,0000004000000004,977052025616,3824,343
1762408859,0000004000000008,977156572398,2705,344
1762408882,0000000400000001,977390195896,4262,345
1762408908,0000008000000008,977648218517,4323,346
1762408910,0000008000000080,977668870337,3062,347
1762408941,0000000800000002,977980431693,5100,348
1762408974,0000000100000001,978307272162,1017,349
1762408983,0000000800000004,978400680795,597,350
1762408997,0000008000000001,978541107332,2526,351
1762408998,0000008000000008,978549530639,2027,352
1762409001,0000000100000001,978583278900,5193,353
1762409006,0000008000000080,978631923936,2261,354
1762409012,0000004000000001,978687445596,4136,355
1762409031,0000000400000080,978884448448,2646,356
1762409039,0000008000000080,978961791787,3198,357
1762409050,0000008000000002,979072524053,1733,358
1762409054,0000000800000002,979106786689,4872,359
1762409063,0000004000000002,979199366403,4503,360
1762409074,0000000400000008,979312465177,2869,361
1762409088,0000008000000002,979453420666,4797,362
1762409092,0000004000000008,979495202030,2271,363
1762409096,000000c000000080,979526718872,384,364
1762409104,0000000800000004,979605545563,832,365
1762409114,0000004000000080,979705582298,5204,366
1762409157,0000008000000080,980136868538,5229,367
1762409164,0000000800000008,980212320757,691,368
1762409166,0000000400000008,980230882347,4776,369
1762409178,0000000400000001,980350425982,2756,370
1762409192,0000000800000001,980491319595,4694,371
1762409201,0000008000000002,980577458502,4705,372
1762409208,0000000800000002,980654725325,5240,373
1762409241,0000000100000080,980981879774,1142,374
1762409257,0000000100000001,981139563312,2043,375
1762409258,0000000100000080,981154746616,1130,376
1762409273,0000008800000004,981300584885,2732,377
1762409279,0000000400000001,981360545791,4349,378
1762409291,0000008000000004,981483663038,2118,379
1762409298,0000000400000080,981549673723,3346,380
1762409338,0000000400000008,981946226508,272,381
1762409347,0000008000000080,982037972514,5136,382
1762409358,0000000100000080,982153511063,3380,383
1762409361,0000000800000080,982181584320,1691,384
1762409363,0000000800000004,982197270621,747,385
1762409363,0000000100000001,982203602193,372,386
1762409374,0000008000000002,982305615999,4631,387
1762409386,0000000100000001,982431369856,2241,388
1762409398,0000000400000002,982548228504,416,389
1762409424,0000000100000001,982807942463,374,390
1762409437,0000000800000001,982944059953,2559,391
1762409439,0000000100000001,982958859791,1680,392
1762409441,0000000100000004,982975660418,671,393
1762409478,0000008000000080,983352861522,3962,394
1762409509,0000008000000001,983660109393,1047,395
1762409510,000000400000000c,983667096285,630,396
1762409514,0000008000000080,983711511506,3149,397
1762409515,0000000100000001,983723349294,2430,398
1762409527,0000000800000002,983841272325,540,399
1762409530,0000002000000010,983875146542,3704,400
1762409532,0000008000000002,983889184882,2836,401
1762409548,0000000800000080,984050555005,3535,402
1762409571,000000c000000080,984284641132,5033,403
1762409581,0000008000000080,984381824070,4394,404
1762409594,0000000100000004,984507370939,2019,405
1762409598,0000008000000008,984547034066,4836,406
1762409602,0000008000000080,984587430850,2391,407
1762409617,0000008000000080,984743194855,3419,408
1762409620,0000008000000002,984771281278,1728,409
1762409621,0000000100000004,984776950765,1386,410
1762409625,0000000400000004,984817777213,4139,411
1762409625,0000000800000080,984819417179,4039,412
1762409625,0000008000000004,984820458296,3977,413
1762409631,0000000100000004,984875340106,663,414
1762409631,0000000800000004,984877641277,526,415
1762409631,0000000100000002,984884629545,5295,416
1762409641,0000000400000008,984976988856,4939,417
1762409652,0000000100000001,985095052098,3020,418
1762409654,0000008000000001,985111633520,2027,419
1762409671,0000008000000004,985281720833,2181,420
1762409674,0000008000000080,985310461135,460,421
1762409677,0000000100000008,985337974123,4008,422
1762409685,0000000800000002,985416777715,4463,423
1762409695,0000000100000001,985515714770,3700,424
1762409696,0000008000000080,985531727057,2712,425
1762409698,0000000800000080,985548270817,1733,426
1762409709,0000000100000002,985655934911,454,427
1762409721,0000008000000080,985781806135,3267,428
1762409723,0000008000000004,985799819416,2178,429
1762409723,0000000400000002,985802338505,2030,430
1762409726,0000008000000080,985825999701,610,431
1762409726,0000000400000008,985828314491,472,432
1762409733,0000004000000001,985896381296,1568,433
1762409740,0000000100000001,985965485493,2594,434
1762409740,0000000400000008,985974949624,2033,435
1762409744,0000004000000002,986011735420,5020,436
1762409747,0000000400000008,986042813595,3147,437
1762409756,0000000800000001,986132884931,2913,438
1762409770,0000000100000004,986269851382,5076,439
1762409790,0000000100000004,986472508271,3269,440
1762409857,0000004000000004,987137302960,4838,441
1762409865,0000000400000004,987222278602,4919,442
1762409871,0000008000000001,987283708102,1216,443
1762409878,0000008000000080,987345413693,2686,444
1762409882,0000008000000080,987392256253,5078,445
1762409884,0000000400000080,987413574705,3805,446
1762409895,0000000400000001,987517334124,2732,447
1762409896,0000000100000080,987526451782,2193,448
1762409899,0000008000000008,987560961344,5313,449
1762409900,0000000400000008,987571525461,4690,450
1762409909,0000008000000001,987664599113,4290,451
1762409911,0000000100000001,987678458089,3444,452
1762409914,0000000300000002,987710204989,1532,453
1762409922,0000000100000008,987787880560,2051,454
1762409929,0000008000000080,987862987929,2713,455
1762409930,0000000400000001,987871735488,2197,456
1762409931,0000000800000001,987876282115,1928,457
1762409947,0000000100000001,988039298703,2501,458
1762409947,0000008000000008,988043058305,2276,459
1762409949,0000000400000001,988062286876,1126,460
1762409987,0000004000000001,988439552559,4418,461
1762410002,0000004400000020,988592158966,421,462
1762410003,0000008000000080,988595884148,198,463
1762410005,0000000100000001,988615467369,4224,464
1762410010,0000000800000002,988673202375,738,465
1762410017,0000008000000004,988739337615,1951,466
1762410024,0000000200000004,988812713813,2717,467
1762410029,0000004000000080,988859127630,5135,468
1762410030,0000000400000080,988872128230,4366,469
1762410032,0000004000000002,988893022590,3092,470
1762410053,0000000400000001,989104351430,771,471
1762410058,0000008000000002,989150918161,3161,472
1762410068,0000000100000001,989246185466,2616,473
1762410072,0000000200000001,989292441256,5040,474
1762410077,0000008000000001,989343179838,1984,475
1762410081,0000008000000080,989379944022,4973,476
1762410090,0000000400000007,989468404297,4848,477
1762410090,0000000800000080,989470031842,4752,478
1762410093,0000000100000003,989504538640,2653,479
1762410094,0000004000000001,989511963702,2214,480
1762410098,0000000800000004,989553150957,4942,481
1762410102,0000000400000002,989592302986,2569,482
1762410110,0000000100000008,989666501801,3315,483
1762410126,0000000400000008,989827865297,4008,484
1762410129,0000000400000004,989860001286,2059,485
1762410132,0000000100000001,989890193896,249,486
1762410139,0000000400000008,989964743512,953,487
1762410162,0000000100000002,990189126830,3032,488
1762410178,0000000100000008,990351489446,3667,489
1762410193,0000000100000002,990504252418,4865,490
1762410208,0000000400000008,990649497236,1314,491
1762410209,0000000400000080,990659398020,719,492
1762410212,0000000800000008,990693555567,3870,493
1762410219,0000000400000008,990757201445,5223,494
1762410239,0000004000000080,990961370744,3330,495
1762410247,0000000400000008,991044371018,3535,496
1762410256,0000000100000002,991131979998,3457,497
1762410273,0000000800000002,991300235555,3730,498
1762410286,0000008000000080,991425308102,1391,499
1762410315,0000008000000080,991717037347,4630,500
1762410320,0000000100000003,991770874403,1380,501
1762410342,0000000800000004,991985637395,4057,502
1762410347,0000000100000007,992037237275,938,503
1762410348,0000000400000002,992048930923,241,504
1762410352,0000000100000004,992087805308,3087,505
1762410359,000000c000000080,992160668203,3914,506
1762410370,0000000800000002,992269840729,2520,507
1762410379,0000000200000001,992363083559,2110,508
1762410412,0000000100000002,992689510060,3253,509
1762410413,0000008000000080,992703954927,2378,510
1762410443,0000000100000001,993002861417,2171,511
1762410447,0000000400000080,993042765772,2765,512
1762410468,0000000800000004,993247138799,873,513
1762410486,0000008000000080,993429538756,295,514
1762410517,0000000100000001,993736870254,2566,515
1762410517,0000000100000001,993741517712,2291,516
1762410530,0000000100000001,993867062397,5136,517
1762410530,0000000800000008,993870196568,4951,518
1762410533,0000008000000004,993903358349,2941,519
1762410534,0000000100000001,993907477763,2691,520
1762410540,000000c000000080,993974690331,3866,521
1762410552,0000008000000008,994092302861,1971,522
1762410567,0000004000000080,994241964618,3359,523
1762410568,0000000400000008,994247566199,3016,524
1762410578,0000004000000080,994347160293,2218,525
1762410589,0000000400000008,994458899318,697,526
1762410589,0000008000000080,994461404196,549,527
1762410589,0000008000000080,994462651755,474,528
1762410598,0000008000000080,994546325030,634,529
1762410616,0000008000000004,994732299661,5029,530
1762410621,0000008000000080,994776721673,2347,531
1762410626,0000004000000002,994826176464,4585,532
1762410652,0000000400000080,995093446512,4092,533
1762410654,0000000800000004,995109466739,3111,534
1762410659,0000004000000002,995162980568,5092,535
1762410670,0000000100000080,995269774276,3870,536
1762410689,0000004000000008,995458921066,2855,537
1762410689,0000008000000004,995463483380,2583,538
1762410739,0000000100000001,995963225074,3705,539
1762410746,0000000800000004,996027245026,5043,540
1762410748,0000004000000008,996049467017,3711,541
1762410754,0000004000000002,996112448466,5110,542
1762410777,0000000100000002,996335159194,2095,543
1762410791,0000004000000080,996484119805,3533,544
1762410794,0000004000000002,996512502746,1819,545
1762410799,0000008000000080,996561143556,4101,546
1762410801,0000000400000080,996583923072,2703,547
1762410805,0000000100000001,996623574170,338,548
1762410814,0000008000000080,996713271641,5323,549
1762410829,0000008000000002,996864491708,1421,550
1762410831,0000004000000001,996880666570,452,551
1762410832,0000008000000080,996890152104,5073,552
1762410836,0000000800000008,996932671991,2504,553
1762410845,0000008000000080,997015843630,2692,554
1762410851,0000004000000002,997075645191,4317,555
1762410857,0000000800000002,997135972283,675,556
1762410873,0000000100000080,997301178574,1120,557
1762410878,0000004000000008,997354309797,3118,558
1762410883,0000000400000002,997397458266,528,559
1762410883,0000000800000002,997397732039,511,560
1762410892,0000000100000002,997487762354,291,561
1762410895,0000000100000008,997520172372,3535,562
1762410939,0000008000000080,997956077578,3279,563
1762410953,0000004000000004,998102543186,4863,564
1762410998,0000000400000080,998545650084,4186,565
1762411001,0000000100000002,998575080543,2393,566
1762411006,0000000400000002,998625907291,4550,567
1762411009,0000000800000004,998661114671,2411,568
1762411014,0000004000000002,998707925148,4801,569
1762411016,0000000400000004,998725665786,3739,570
1762411017,0000000800000008,998737149303,3034,571
1762411018,000000c000000080,998751059716,2197,572
1762411021,0000000100000001,998776862147,653,573
1762411026,0000000400000008,998831835285,2528,574
1762411041,0000008000000008,998982421693,3880,575
1762411044,0000008000000002,999013561028,1993,576
1762411070,0000008000000080,999268038126,2261,577
1762411072,0000000100000080,999287498689,1095,578
1762411077,0000000100000001,999339838545,3140,579
1762411083,0000004000000002,999396762417,4919,580
1762411089,0000000100000008,999461126494,1039,581
1762411103,0000000400000080,999595583795,3341,582
1762411104,0000008000000004,999614902494,2174,583
1762411107,0000008000000002,999635179344,957,584
1762411108,0000004000000080,999650904595,5206,585
1762411114,0000000800000001,999709320753,1693,586
1762411160,0000000100000001,1000173793814,4921,587
1762411189,0000008000000080,1000460645356,3241,588
1762411202,0000004000000080,1000592565428,503,589
1762411233,0000000400000008,1000895029754,3079,590
1762411245,0000000800000008,1001022802632,591,591
1762411245,0000000800000002,1001022835676,590,592
1762411246,0000000100000003,1001029656189,182,593
1762411247,0000000400000004,1001042099670,4634,594
1762411248,0000004000000002,1001050772014,4115,595
1762411248,0000008000000080,1001051581020,4066,596
1762411273,0000008000000004,1001297943414,4820,597
1762411283,0000004100000004,1001400947660,3822,598
1762411289,0000008000000080,1001463032253,5270,599
1762411308,0000008000000080,1001646033492,4661,600
1762411323,0000000800000004,1001800261147,569,601
1762411372,0000000800000080,1002292646354,2108,602
1762411387,0000000800000080,1002440015744,3640,603
1762411391,0000004000000001,1002481529939,1135,604
1762411406,0000008000000002,1002627630683,2722,605
1762411414,0000000100000008,1002709649723,2990,606
1762411416,0000000400000080,1002733703285,1549,607
1762411418,0000008000000080,1002747181696,739,608
1762411424,0000004000000080,1002809461465,2182,609
1762411426,0000008000000004,1002828568532,1034,610
1762411427,0000008000000080,1002841507402,263,611
1762411446,0000004000000004,1003027694754,4650,612
1762411452,0000008000000001,1003086946278,1075,613
1762411466,0000000800000080,1003229958518,2850,614
1762411470,0000008000000080,1003274188838,205,615
1762411476,0000000400000004,1003325087443,2324,616
1762411478,0000000800000008,1003348657529,914,617
1762411479,0000004000000080,1003364343344,5165,618
1762411482,0000000100000002,1003389568765,3654,619
1762411483,0000000200000008,1003403696089,2784,620
1762411492,0000008000000080,1003488326884,2889,621
1762411500,0000000100000001,1003573925726,2936,622
1762411501,0000000100000001,1003579108080,2622,623
1762411501,0000000800000008,1003582881237,2399,624
1762411513,0000000100000002,1003702468840,410,625
1762411522,0000008000000080,1003788621315,421,626
1762411531,0000000100000001,1003881969584,5190,627
1762411543,0000004000000002,1003995309703,3571,628
1762411543,0000004000000002,1003997146156,3458,629
1762411553,0000004800000008,1004096703293,2647,630
1762411553,0000008000000008,1004101770136,2347,631
1762411554,0000000400000002,1004108692653,1938,632
1762411580,0000004000000080,1004371306031,1724,633
1762411583,0000008000000080,1004404582093,4919,634
1762411620,0000008000000002,1004767057483,3897,635
1762411645,0000000400000002,1005024825343,3973,636
1762411647,0000004000000008,1005041027483,2980,637
1762411653,0000000400000001,1005095128217,4929,638
1762411654,0000000100000001,1005110195848,4031,639
1762411688,0000004000000004,1005450921615,4312,640
1762411695,0000000400000008,1005522494957,5186,641
1762411695,0000008000000080,1005522535181,5184,642
1762411699,0000000800000008,1005560748209,2874,643
1762411702,0000000400000008,1005593742202,901,644
1762411711,0000000800000088,1005678620042,987,645
1762411725,0000008000000008,1005824746749,2575,646
1762411733,0000000100000004,1005898158815,3367,647
1762411734,0000008000000001,1005912991317,2464,648
1762411770,0000000800000004,1006269425128,1805,649
1762411777,0000000400000008,1006344248361,2489,650
1762411799,0000000800000002,1006557916014,5227,651
1762411807,0000000400000080,1006636563905,500,652
1762411809,0000000400000001,1006660460212,4268,653
1762411818,0000000800000080,1006751659530,3973,654
1762411826,0000000400000002,1006830336014,4437,655
1762411829,0000000400000002,1006864131495,2383,656
1762411836,0000000100000001,1006929989150,3627,657
1762411841,0000004000000080,1006979256024,660,658
1762411850,0000008000000080,1007074671053,5304,659
1762411852,0000004000000004,1007090613509,4361,660
1762411861,0000000400000008,1007177729749,4315,661
1762411864,0000000400000001,1007205101527,2641,662
1762411877,0000000800000001,1007340167910,4922,663
1762411882,0000000400000008,1007393922211,1684,664
1762411890,0000000800000001,1007470031677,2293,665
1762411923,0000000800000080,1007796922472,3413,666
1762411953,0000000100000004,1008100578649,726,667
1762411954,0000008000000080,1008108624667,248,668
1762411954,0000008000000080,1008110606351,5316,669
1762411958,0000008000000080,1008152819673,2764,670
1762411965,0000000100000008,1008216131467,4177,671
1762411968,0000000800000004,1008252463041,1976,672
1762411981,0000008000000080,1008375580312,4964,673
1762411985,000000480000008a,1008423649146,2066,674
1762411998,0000000400000002,1008554003636,4627,675
1762412026,0000008000000008,1008829659234,3621,676
1762412038,0000004000000004,1008945593683,1834,677
1762412041,0000004000000080,1008977961282,5082,678
1762412048,0000000100000002,1009046131753,979,679
1762412054,0000004000000080,1009105644331,2582,680
1762412058,0000008000000080,1009147466440,5271,681
1762412063,0000000400000008,1009201206050,2037,682
1762412076,0000008000000004,1009326282849,4908,683
1762412077,0000008000000080,1009344503727,3817,684
1762412079,0000004000000080,1009361955926,2745,685
1762412082,0000000800000008,1009389716420,1086,686
1762412089,0000000400000004,1009456977366,2230,687
1762412093,0000000100000001,1009497840959,4975,688
1762412097,0000000800000080,1009540026974,2426,689
1762412112,0000000100000001,1009693483695,3597,690
1762412118,0000000100000001,1009745535901,464,691
1762412131,0000000500000001,1009880581566,2709,692
1762412139,0000004000000002,1009964088735,2884,693
1762412145,0000008000000080,1010017043719,4908,694
1762412169,0000000400000001,1010262898759,506,695
1762412170,0000004000000004,1010270374982,5246,696
1762412174,0000000400000008,1010306319515,3080,697
1762412175,0000000800000001,1010316165855,2481,698
1762412175,0000000100000008,1010317152205,2423,699
1762412186,0000000400000002,1010433220476,647,700
1762412206,0000004000000002,1010626141599,4632,701
1762412218,0000000800000004,1010749582596,2382,702
1762412225,0000000100000002,1010823033448,3163,703
1762412227,0000000100000001,1010842275582,2005,704
1762412232,0000008000000080,1010886720230,4539,705
1762412237,0000000100000001,1010944550285,1048,706
1762412250,0000008000000002,1011064788616,4219,707
1762412254,0000000100000008,1011112104437,1357,708
1762412254,0000000100000001,1011114441101,1215,709
1762412305,0000000400000002,1011617543935,2113,710
1762412319,0000008000000080,1011762997856,3764,711
1762412354,0000008000000002,1012109365553,3705,712
1762412358,0000000400000004,1012154559415,976,713
1762412369,0000008000000008,1012259831533,5035,714
1762412381,0000000100000001,1012381386968,2903,715
1762412387,0000004000000080,1012441105543,4526,716
1762412413,0000008000000080,1012697715268,4670,717
1762412415,0000000800000080,1012722719029,3154,718
1762412436,0000008000000001,1012929883420,1081,719
1762412460,0000000200000002,1013166526970,2421,720
1762412465,0000000100000080,1013216434814,4632,721
1762412479,000000010000000c,1013360602629,1142,722
1762412484,0000008000000080,1013407459679,3523,723
1762412502,0000000800000001,1013591646563,2812,724
1762412515,0000000100000001,1013723764076,5265,725
1762412521,0000000100000001,1013784054216,1639,726
1762412529,0000000100000001,1013863022948,2080,727
1762412565,0000000800000005,1014223839193,1152,728
1762412581,0000008000000001,1014382386230,2003,729
1762412600,0000000400000080,1014569057850,1162,730
1762412612,0000000400000080,1014689642594,4311,731
1762412619,0000004000000004,1014759213492,5305,732
1762412624,0000000800000004,1014813021125,2068,733
1762412631,0000000800000001,1014882990232,3050,734
1762412655,0000000200000002,1015119879444,4400,735
1762412655,0000000100000008,1015123339961,4192,736
1762412668,0000004000000002,1015245260307,2036,737
1762412669,000000c000000080,1015256978759,1333,738
1762412690,0000000100000001,1015472756146,3947,739
1762412698,0000000800000001,1015552187112,4366,740
1762412718,0000008000000080,1015751752919,2719,741
1762412722,0000008000000080,1015787444226,590,742
1762412726,000000c000000080,1015827216273,3391,743
1762412758,0000000b00000004,1016146399592,4967,744
1762412758,0000008000000080,1016147822624,4885,745
1762412777,0000004000000080,1016335159561,4010,746
1762412808,0000000800000008,1016653841867,412,747
1762412851,0000000400000004,1017082690432,585,748
1762412857,0000008000000004,1017140212670,2308,749
1762412873,0000004000000080,1017303777048,2852,750
1762412875,0000004000000008,1017322252970,1753,751
1762412882,0000008000000080,1017385251877,3155,752
1762412896,0000008000000002,1017533419988,4643,753
1762412905,0000008000000080,1017618122343,4739,754
1762412907,0000008000000080,1017640714970,3373,755
1762412922,0000000400000004,1017789939083,4790,756
1762412932,0000000100000002,1017885913422,4217,757
1762412933,0000000100000002,1017898368739,3456,758
1762412952,0000000800000004,1018085240522,2589,759
1762412953,0000004000000002,1018098864218,1781,760
1762412954,0000000100000002,1018106353899,1332,761
1762412973,0000004000000008,1018303332213,5065,762
1762412990,0000008000000080,1018473367031,5223,763
1762412994,0000000400000004,1018505631781,3282,764
1762412999,0000000100000001,1018564348819,4948,765
1762413003,0000004000000004,1018604179337,2538,766
1762413016,0000000800000008,1018728165612,288,767
1762413023,0000000100000003,1018795735504,1415,768
1762413034,0000000800000004,1018913875693,4702,769
1762413036,0000004000000080,1018934315746,3466,770
1762413038,0000008000000008,1018947707606,2645,771
1762413048,0000000400000002,1019047130682,1872,772
1762413063,0000008000000080,1019204151919,2801,773
1762413067,0000004000000008,1019236175764,887,774
1762413068,0000000100000002,1019246929865,246,775
1762413071,0000000400000002,1019275264142,3739,776
1762413072,0000000100000080,1019293836417,2599,777
1762413098,0000000400000001,1019550014713,2772,778
1762413102,0000004000000004,1019594345232,5312,779
1762413104,0000008000000008,1019606704307,4581,780
1762413111,0000000100000001,1019674830961,474,781
1762413134,0000008000000002,1019910102029,1900,782
1762413143,0000004100000080,1020000157489,1677,783
1762413144,0000000400000080,1020010700895,1042,784
1762413159,0000000800000002,1020160400208,2417,785
1762413160,0000000400000080,1020172994923,1669,786
1762413175,0000000400000004,1020318146803,3325,787
1762413179,0000000800000080,1020354831214,1115,788
1762413180,0000004000000080,1020367839751,340,789
1762413194,0000000400000001,1020505168868,2454,790
1762413210,0000000100000001,1020671828458,2812,791
1762413218,0000000100000004,1020750864239,3264,792
1762413224,0000000400000004,1020805864125,5150,793
1762413249,0000008000000080,1021058982031,316,794
1762413301,0000000400000004,1021583491985,5118,795
1762413328,0000000100000001,1021847894769,4802,796
1762413331,0000000800000002,1021880570556,2814,797
1762413344,0000000400000008,1022005187668,530,798
1762413353,0000000100000001,1022103733943,4988,799
1762413370,0000000400000008,1022269584160,208,800
1762413371,0000000800000001,1022281771710,4673,801
1762413371,0000008000000008,1022284077287,4537,802
1762413374,0000008000000080,1022313640440,2733,803
1762413380,0000000100000004,1022369067432,4617,804
1762413381,0000000800000005,1022378825648,4033,805
1762413388,0000000800000001,1022446889932,5120,806
1762413393,0000008000000080,1022497620838,2065,807
1762413397,0000008000000004,1022538817847,4791,808
1762413406,0000000100000001,1022625338097,4781,809
1762413422,0000000400000001,1022788716578,5330,810
1762413432,0000004000000001,1022885963266,4686,811
1762413444,0000008000000008,1023009003037,2461,812
1762413454,0000000800000080,1023112793752,1420,813
1762413459,0000008000000008,1023162197424,3649,814
1762413461,0000000400000004,1023181531354,2470,815
1762413473,0000000400000080,1023298054372,664,816
1762413473,0000000100000002,1023300416642,525,817
1762413474,0000000100000004,1023305266280,235,818
1762413475,0000004000000001,1023316219677,4773,819
1762413479,0000000800000004,1023363336314,1929,820
1762413504,0000000100000001,1023605401367,2944,821
1762413510,0000000400000002,1023672861107,4101,822
1762413518,0000000400000008,1023752573730,4499,823
1762413520,0000008000000001,1023764679241,3767,824
1762413562,0000000800000002,1024185153435,4448,825
1762413564,0000000100000001,1024211699067,2826,826
1762413584,0000000100000080,1024407112812,1470,827
1762413585,0000000100000001,1024415304684,976,828
1762413596,0000004000000001,1024527602044,4622,829
1762413599,0000008000000002,1024557404882,2803,830
1762413633,0000000200000001,1024903854024,2737,831
1762413639,0000000400000080,1024959305837,4623,832
1762413647,0000000800000080,1025043596746,4743,833
1762413655,0000000200000003,1025120823284,5281,834
1762413659,0000000400000004,1025163851828,2680,835
1762413665,0000004000000002,1025215943289,4763,836
1762413665,0000000100000001,1025216060109,4757,837
1762413668,0000000400000002,1025249282956,2735,838
1762413679,0000000100000080,1025358330949,1383,839
1762413685,0000000100000004,1025423534933,2642,840
1762413694,0000004000000008,1025506454209,2850,841
1762413695,0000004000000001,1025515271505,2325,842
1762413711,000000c000000080,1025682827329,2626,843
1762413712,0000000800000008,1025688560562,2287,844
1762413725,0000000100000002,1025820444268,4758,845
1762413734,0000000100000004,1025905720367,4820,846
1762413740,0000000800000080,1025970655593,906,847
1762413745,0000000100000008,1026018268112,3236,848
1762413782,0000000100000001,1026387756793,1787,849
1762413784,0000000100000004,1026406373107,668,850
1762413793,0000000800000002,1026500393794,210,851
1762413798,0000000100000004,1026548585091,2489,852
1762413823,0000008000000080,1026800075781,2946,853
1762413825,0000008000000001,1026818982243,1817,854
1762413828,0000000400000008,1026851522590,5055,855
1762413833,0000000100000002,1026900436616,2107,856
1762413849,0000000100000003,1027060415508,2864,857
1762413850,0000004000000004,1027070069905,2287,858
1762413889,0000000800000080,1027460130456,4808,859
1762413914,0000000400000001,1027712083024,5224,860
1762413921,0000008000000001,1027780133663,1130,861
1762413931,000000c000000080,1027882306846,184,862
1762413951,0000008000000080,1028082086565,3753,863
1762413982,0000000800000008,1028390112101,796,864
1762414013,0000000100000001,1028702999547,2737,865
1762414043,0000008000000080,1028999231461,516,866
1762414076,0000004000000002,1029326605851,1595,867
1762414084,0000000800000008,1029409494967,1804,868
1762414111,0000000800000001,1029674498376,1443,869
1762414111,0000000400000080,1029674964232,1417,870
1762414116,0000000100000003,1029728309063,3403,871
1762414117,0000000400000001,1029740660369,2644,872
1762414150,0000004000000002,1030072088536,3501,873
1762414167,0000008000000008,1030235772490,4051,874
1762414181,0000000800000008,1030378869986,626,875
1762414191,0000004000000008,1030479060117,4988,876
1762414195,0000004000000001,1030517258481,2674,877
1762414195,0000004000000004,1030522090375,2388,878
1762414207,0000000800000001,1030642420679,358,879
1762414211,0000000800000002,1030674558059,3619,880
1762414250,0000000800000080,1031067471214,754,881
1762414264,0000008000000080,1031207050372,2732,882
1762414280,0000000400000008,1031364485285,3670,883
1762414280,0000000800000080,1031372937410,3152,884
1762414297,0000008000000001,1031538783685,3571,885
1762414298,0000000100000002,1031547086310,3062,886
1762414312,0000000300000001,1031688543815,4948,887
1762414327,0000000100000004,1031843692847,806,888
1762414332,0000000100000001,1031889287304,3256,889
1762414336,0000004000000001,1031930374091,786,890
1762414339,0000000100000001,1031963233572,4016,891
1762414342,000000de00000081,1031985692812,2639,892
1762414345,0000004000000080,1032019249872,636,893
1762414347,0000000800000001,1032042496147,4443,894
1762414356,0000000100000080,1032130813215,4325,895
1762414356,0000000100000001,1032132470803,4225,896
1762414369,0000008000000001,1032263594081,1518,897
1762414370,0000000800000001,1032272649534,971,898
1762414380,0000000400000008,1032368774148,388,899
1762414382,0000000800000001,1032390180769,4305,900
1762414383,0000008000000080,1032398696626,3787,901
1762414396,0000004000000080,1032528269949,1176,902
1762414400,0000000400000080,1032571962354,3752,903
1762414405,0000000800000080,1032616315274,1073,904
1762414414,0000008000000002,1032709144215,686,905
1762414421,0000008000000001,1032774606996,1941,906
1762414428,0000004000000080,1032846485995,2799,907
1762414442,0000008000000080,1032984237978,4917,908
1762414446,0000008000000004,1033031376764,2073,909
1762414477,0000000100000001,1033335178904,4589,910
1762414491,0000004000000001,1033477429571,1212,911
1762414496,0000000c00000080,1033530550656,3212,912
1762414515,0000000800000002,1033714951861,2499,913
1762414515,0000000100000001,1033715496829,2467,914
1762414528,0000000100000001,1033850306527,4763,915
1762414536,0000000100000002,1033929619008,5177,916
1762414542,0000008000000002,1033984630880,1869,917
1762414558,0000000100000005,1034153165551,2114,918
1762414565,0000008000000080,1034219805648,3303,919
1762414571,0000000200000002,1034281007579,4821,920
1762414606,0000008000000008,1034630612305,4573,921
1762414618,000000c000000080,1034750493006,2533,922
1762414620,0000000400000080,1034772818116,1199,923
1762414638,0000008100000008,1034952751384,766,924
1762414639,0000000100000001,1034958682685,412,925
1762414640,0000000400000004,1034969353877,4963,926
1762414659,0000000800000080,1035155639497,4155,927
1762414663,0000000400000004,1035199923134,1477,928
1762414674,0000000100000001,1035313781432,5020,929
1762414683,0000004000000002,1035397055590,5202,930
1762414684,0000000400000004,1035407508099,4584,931
1762414706,0000000100000002,1035630720199,1533,932
1762414717,0000004000000080,1035740499384,5316,933
1762414735,0000000100000001,1035914484496,5238,934
1762414748,0000004000000008,1036046897928,2459,935
1762414755,0000000800000008,1036123060314,3076,936
1762414774,0000000800000002,1036306364251,2433,937
1762414776,0000000800000002,1036326129107,1252,938
1762414788,0000000800000001,1036449042518,4261,939
1762414799,0000000400000008,1036562465119,2606,940
1762414807,0000000400000004,1036635916037,3395,941
1762414811,0000000800000008,1036676860270,930,942
1762414823,0000000200000004,1036795275990,4211,943
1762414833,0000000400000080,1036895472058,3364,944
1762414868,0000000800000008,1037248153132,2914,945
1762414871,0000000100000001,1037281049834,943,946
1762414889,0000000800000004,1037462168888,440,947
1762414907,0000000400000001,1037639969488,5321,948
1762414908,0000004000000008,1037648415787,4821,949
1762414918,0000004000000002,1037746613323,4116,950
1762414918,0000004000000004,1037750476533,3881,951
1762414921,0000004000000004,1037779109889,2143,952
1762414925,0000008000000080,1037820604874,4851,953
1762414930,0000004000000002,1037874022759,1632,954
1762414985,0000008000000002,1038419224113,5192,955
1762414990,0000008000000080,1038470712875,2092,956
1762414990,0000000100000001,1038470872572,2084,957
1762414999,0000004800000009,1038563922848,1684,958
1762415005,0000000400000004,1038622429757,3357,959
1762415007,0000000900000001,1038643769601,2071,960
1762415011,0000000100000002,1038677456893,5239,961
1762415019,0000000400000001,1038754405222,615,962
1762415028,0000000400000004,1038851493404,5160,963
1762415038,0000004000000008,1038953227027,4248,964
1762415050,0000000800000004,1039070831427,2347,965
1762415057,0000000100000002,1039137517995,3540,966
1762415068,0000000200000001,1039246413934,2175,967
1762415069,0000008000000080,1039261027280,1300,968
1762415075,0000000400000080,1039323565060,2720,969
1762415088,0000000400000004,1039450443282,298,970
1762415105,0000000400000008,1039616245722,708,971
1762415115,0000000800000080,1039714945719,5156,972
1762415116,0000008000000008,1039724543026,4592,973
1762415119,0000000400000002,1039758684075,2517,974
1762415122,0000000400000002,1039790594698,610,975
1762415124,0000008000000080,1039806979986,4821,976
1762415129,0000000400000001,1039858695948,1705,977
1762415135,0000000100000001,1039918666450,3291,978
1762415137,0000004000000008,1039938261026,2110,979
1762415161,0000008000000080,1040182996668,2968,980
1762415201,000000c000000080,1040574859503,182,981
1762415202,0000000200000002,1040586177116,4698,982
1762415205,0000004000000080,1040618844951,2710,983
1762415211,0000000100000004,1040679792392,4265,984
1762415242,0000000800000080,1040993288364,973,985
1762415260,0000000400000001,1041173232167,543,986
1762415266,0000008000000080,1041229192334,2358,987
1762415269,0000000400000004,1041260251820,502,988
1762415278,0000000100000008,1041353723390,5262,989
1762415286,0000000100000008,1041425357791,953,990
1762415293,0000000100000080,1041501112701,1591,991
1762415296,0000004000000008,1041528776279,5120,992
1762415306,0000000100000008,1041625754188,4493,993
1762415308,0000000100000008,1041646599113,3226,994
1762415318,0000004000000004,1041744704008,2509,995
1762415322,0000008000000002,1041792981009,4817,996
1762415330,0000000800000004,1041873256109,5174,997
1762415351,0000000800000080,1042077540080,3275,998
1762415362,0000000400000080,1042191833348,1592,999
1762415372,0000000100000080,1042288574360,966,1000
1762415374,0000000800000008,1042304505097,5202,1001
1762415381,0000000100000001,1042377562817,807,1002
1762415385,0000000100000008,1042416184070,3686,1003
1762415399,0000000100000008,1042557260118,389,1004
1762415413,0000008000000002,1042696382306,2398,1005
1762415432,0000000400000080,1042888034640,1263,1006
1762415433,0000000100000001,1042901808152,440,1007
1762415473,0000004000000004,1043297203327,2607,1008
1762415499,0000008000000002,1043557362500,2541,1009
1762415504,0000004000000008,1043606799011,4781,1010
1762415519,0000000800000080,1043756102375,983,1011
1762415520,0000000800000001,1043766474093,365,1012
1762415524,0000000100000001,1043807514736,3083,1013
1762415553,0000000100000004,1044096917086,1257,1014
1762415554,0000008000000080,1044108747637,550,1015
1762415555,0000000400000004,1044113965209,239,1016
1762415557,0000000100000080,1044137116017,4048,1017
1762415558,0000000300000001,1044153752783,3031,1018
1762415567,0000000100000008,1044240038756,3034,1019
1762415577,0000008000000008,1044340070837,2208,1020
1762415605,0000000400000001,1044617501804,1105,1021
1762415607,0000000400000001,1044640708931,4908,1022
1762415614,0000000800000008,1044706620572,939,1023
1762415635,0000008000000080,1044921058257,3629,1024
1762415643,0000000400000001,1044999386939,4119,1025
1762415654,0000000100000004,1045107556491,2779,1026
1762415656,0000000100000001,1045124653869,1762,1027
1762415668,0000008000000008,1045252609425,4467,1028
1762415671,0000000400000002,1045276817695,2993,1029
1762415674,0000000400000008,1045313058867,817,1030
1762415680,0000000100000004,1045366385980,2798,1031
1762415692,0000000800000004,1045487345756,721,1032
1762415707,0000000400000001,1045643577301,1709,1033
1762415715,0000004000000080,1045714270860,2639,1034
1762415718,0000000200000008,1045744961579,805,1035
1762415738,0000000400000001,1045947129796,4240,1036
1762415738,0000000100000008,1045952211187,3932,1037
1762415747,0000008000000002,1046040104031,3838,1038
1762415754,0000000400000001,1046107930452,4944,1039
1762415754,0000000400000001,1046110922986,4768,1040
1762415768,0000008000000008,1046249719844,1604,1041
1762415772,0000000800000080,1046292722096,4226,1042
1762415785,0000004000000001,1046418045532,1867,1043
1762415794,0000000800000002,1046505297637,1812,1044
1762415830,0000000100000001,1046871140241,583,1045
1762415849,0000004000000008,1047057461768,4957,1046
1762415852,0000008000000001,1047086635166,3198,1047
1762415853,0000004000000001,1047100245093,2374,1048
1762415866,0000000400000080,1047227812979,5095,1049
1762415899,0000000100000003,1047556510556,902,1050
1762415902,0000004000000001,1047589720747,4113,1051
1762415905,0000000100000001,1047621125155,2205,1052
1762415906,0000004000000008,1047631086525,1611,1053
1762415908,0000000100000001,1047646819986,667,1054
1762415915,0000004000000001,1047714491904,1787,1055
1762415918,0000000800000004,1047753074454,4671,1056
1762415919,0000008000000080,1047754758525,4572,1057
1762415921,0000000400000008,1047782649791,2874,1058
1762415933,0000000100000006,1047900404465,991,1059
1762415943,0000000100000004,1047996984620,381,1060
1762415948,0000008000000008,1048053437607,2170,1061
1762415965,0000000800000080,1048217650769,2671,1062
1762415967,0000000100000080,1048242219456,1204,1063
1762415973,0000000400000004,1048301281989,2837,1064
1762415985,0000000100000002,1048423273407,704,1065
1762415989,0000008000000001,1048458114286,3811,1066
1762415995,0000004000000008,1048518842449,162,1067
1762416000,0000008000000002,1048566138835,2488,1068
1762416017,0000004000000080,1048736512239,2623,1069
1762416021,0000000100000001,1048780871412,5161,1070
1762416032,0000000100000001,1048891072723,3734,1071
1762416034,0000000100000008,1048911503836,2487,1072
1762416041,0000004000000008,1048974270515,3926,1073
1762416085,0000000100000004,1049414774506,3387,1074
1762416097,0000000400000080,1049538134022,1157,1075
1762416115,0000000100000001,1049718762557,682,1076
1762416120,0000008000000004,1049770158155,2770,1077
1762416136,0000000400000004,1049930743182,3514,1078
1762416159,0000000100000004,1050154563437,439,1079
1762416164,0000008000000002,1050208762508,2362,1080
1762416171,0000004000000001,1050282941103,3097,1081
1762416174,0000000100000080,1050311142240,1403,1082
1762416214,0000000400000002,1050710520103,3350,1083
1762416248,0000000100000002,1051049376366,3750,1084
1762416249,0000000400000080,1051058274898,3203,1085
1762416249,0000004000000080,1051063197920,2901,1086
1762416250,0000004000000080,1051069531085,2518,1087
1762416266,0000000100000004,1051228536062,3352,1088
1762416269,0000008000000008,1051261809845,1349,1089
1762416281,0000004000000080,1051374297505,4975,1090
1762416299,0000008000000004,1051554760313,4514,1091
1762416311,0000008000000080,1051679299936,2200,1092
1762416312,0000004000000001,1051692997953,1381,1093
1762416321,0000004000000080,1051775172600,1630,1094
1762416336,0000000100000004,1051924821097,3014,1095
1762416338,0000004000000080,1051951544785,1410,1096
1762416340,0000008000000080,1051969445383,338,1097
1762416341,0000000400000008,1051979853290,4903,1098
1762416355,0000004000000008,1052113795645,2036,1099
1762416359,0000004000000004,1052155638688,4723,1100
1762416366,0000000100000003,1052225774459,498,1101
1762416431,0000000800000004,1052875480667,2958,1102
1762416441,0000000200000003,1052978699896,1948,1103
1762416446,0000008000000001,1053026065177,4307,1104
1762416450,0000000800000001,1053070138805,1642,1105
1762416455,0000000800000008,1053120371140,3825,1106
1762416459,0000000800000080,1053159647422,1452,1107
1762416473,0000000800000080,1053298383496,3497,1108
1762416477,0000000400000001,1053334474237,1323,1109
1762416526,0000008000000080,1053832484474,2518,1110
1762416530,0000000100000006,1053865958900,519,1111
1762416542,0000000100000002,1053990077819,3438,1112
1762416543,0000000100000008,1054001655185,2728,1113
1762416554,0000008000000004,1054105813892,1668,1114
1762416560,0000000100000004,1054170965484,2937,1115
1762416575,0000000400000001,1054316407269,4594,1116
1762416577,0000000400000080,1054334700755,3484,1117
1762416577,0000000100000001,1054342536470,3006,1118
1762416582,0000000800000001,1054393097618,5161,1119
1762416588,0000008000000080,1054450952595,1682,1120
1762416600,0000000100000001,1054564268106,5252,1121
1762416603,0000000800000002,1054601774575,2993,1122
1762416605,0000008000000080,1054613826892,2266,1123
1762416612,0000008000000080,1054685921644,3127,1124
1762416612,0000000400000008,1054687747700,3016,1125
1762416641,0000004000000002,1054982410175,875,1126
1762416645,0000000100000080,1055019695292,3838,1127
1762416652,0000000100000004,1055085969333,5034,1128
1762416655,000000800000000c,1055114420165,3324,1129
1762416660,0000000100000002,1055171701529,5072,1130
1762416663,0000000100000002,1055194347528,3716,1131
1762416663,0000000100000001,1055201224288,3295,1132
1762416668,0000008000000002,1055244611746,686,1133
1762416681,0000004000000080,1055377653211,3065,1134
1762416691,0000000400000001,1055474134564,2451,1135
1762416695,0000004000000004,1055515287745,5177,1136
1762416701,0000004000000004,1055575870751,1533,1137
1762416716,0000000200000002,1055732361545,2498,1138
1762416718,0000000400000002,1055745815180,1698,1139
1762416739,0000000100000001,1055957916528,4533,1140
1762416743,0000000100000001,1056000034084,1986,1141
1762416763,000000c000000080,1056199910285,355,1142
1762416787,0000008000000001,1056437922448,1615,1143
1762416793,0000000800000008,1056501009721,3009,1144
1762416797,0000008000000080,1056541908693,557,1145
1762416803,0000000400000004,1056597177631,2415,1146
1762416810,0000000100000007,1056672867770,3060,1147
1762416812,0000008000000002,1056693551547,1820,1148
1762416822,0000000100000001,1056785787360,1465,1149
1762416842,0000008000000001,1056988987853,4830,1150
1762416871,0000000100000001,1057274581621,3224,1151
1762416872,0000000800000004,1057291715687,2190,1152
1762416899,0000000400000002,1057562811200,1468,1153
1762416906,0000000800000008,1057630664023,2569,1154
1762416912,0000004000000001,1057689608928,4243,1155
1762416913,0000008000000080,1057700216378,3597,1156
1762416915,0000008000000080,1057715603041,2652,1157
1762416916,0000008000000080,1057729895775,1805,1158
1762416919,0000000100000001,1057759884705,5194,1159
1762416920,0000000100000002,1057766341713,4813,1160
1762416923,0000000100000003,1057796460536,2991,1161
1762416960,0000000100000002,1058164206521,1648,1162
1762416980,0000000400000001,1058364613311,5174,1163
1762416996,0000000200000001,1058529125660,477,1164
1762416998,0000008000000080,1058547327537,4583,1165
1762417010,0000000400000001,1058670292258,2361,1166
1762417010,0000000100000001,1058671829384,2270,1167
1762417071,0000004000000004,1059278599129,2130,1168
1762417075,0000000100000008,1059318872653,4907,1169
1762417078,0000004000000080,1059351070378,2964,1170
1762417090,0000000800000080,1059467560987,1153,1171
1762417111,0000000400000080,1059679256529,4013,1172
1762417112,000000c000000080,1059690653673,3316,1173
1762417117,0000000100000003,1059737289604,513,1174
1762417117,0000000100000003,1059737441460,505,1175
1762417119,0000004000000004,1059755290708,4631,1176
1762417126,0000000800000004,1059832118428,5191,1177
1762417131,0000008000000008,1059878653301,2387,1178
1762417138,0000000800000002,1059947044570,3477,1179
1762417157,0000000200000004,1060142336702,2112,1180
1762417158,0000004000000001,1060149921549,1658,1181
1762417159,0000000100000001,1060160622170,1013,1182
1762417165,0000000400000080,1060214152930,2983,1183
1762417175,0000000800000001,1060321183281,1744,1184
1762417178,000000c800000080,1060345179968,306,1185
1762417214,0000008000000001,1060711469227,4248,1186
1762417214,0000000400000080,1060711531685,4246,1187
1762417220,0000000800000080,1060766984316,896,1188
1762417258,0000004000000080,1061152351209,3692,1189
1762417262,0000004000000001,1061185772282,1674,1190
1762417277,0000000100000001,1061340361406,2750,1191
1762417286,0000000100000001,1061429223562,2600,1192
1762417303,0000000100000001,1061594290426,3067,1193
1762417306,0000008000000080,1061625663030,1180,1194
1762417339,0000008100000002,1061958676083,1925,1195
1762417339,0000000800000008,1061960296504,1829,1196
1762417342,0000000100000001,1061991488847,5145,1197
1762417344,0000008000000008,1062010848712,3993,1198
1762417364,0000008000000080,1062210960000,2326,1199
1762417372,0000008000000080,1062288427638,2858,1200
1762417410,0000000100000008,1062670665267,649,1201
1762417430,0000004000000002,1062869958689,4256,1202
1762417436,0000000100000001,1062930279770,616,1203
1762417462,0000000400000080,1063193247910,381,1204
1762417467,0000000100000001,1063243239669,2552,1205
1762417477,0000000400000001,1063339576063,1961,1206
1762417482,0000004000000002,1063387773108,4271,1207
1762417494,0000000200000080,1063510495050,2066,1208
1762417507,0000000800000002,1063641464339,4589,1209
1762417531,0000008000000080,1063882842841,450,1210
1762417541,0000008000000080,1063982758365,4829,1211
1762417555,0000000100000001,1064113883271,2125,1212
1762417560,0000000100000080,1064169340144,3999,1213
1762417563,0000004000000004,1064197520493,2286,1214
1762417584,0000000800000008,1064413162315,4906,1215
1762417592,0000000100000002,1064485710371,540,1216
1762417605,0000008000000080,1064620203834,2827,1217
1762417608,0000000100000004,1064650687378,1000,1218
1762417614,0000000800000008,1064705542231,2889,1219
1762417615,0000004000000001,1064721663081,1927,1220
1762417627,0000004000000001,1064842269927,5059,1221
1762417629,0000000100000004,1064860305020,3987,1222
1762417632,0000000800000004,1064891374276,2104,1223
1762417645,0000008000000080,1065019416893,4797,1224
1762417646,0000008000000003,1065029180872,4217,1225
1762417667,0000004000000004,1065233730846,2281,1226
1762417667,0000004000000008,1065237943672,2032,1227
1762417712,0000000100000080,1065687730185,944,1228
1762417717,0000000100000003,1065734980731,3298,1229
1762417718,0000008000000080,1065746347310,2602,1230
1762417732,0000000100000002,1065891630079,4277,1231
1762417733,0000000400000080,1065902019598,3645,1232
1762417749,0000000400000001,1066062681537,4374,1233
1762417759,0000000800000008,1066154326855,4055,1234
1762417764,0000000100000001,1066210212949,682,1235
1762417770,0000008000000080,1066264684239,2586,1236
1762417773,0000000400000001,1066299162889,526,1237
1762417778,0000000100000001,1066348101982,2762,1238
1762417782,000000c000000080,1066391577862,164,1239
1762417783,0000000100000002,1066401419330,4768,1240
1762417784,0000000100000001,1066405856903,4505,1241
1762417800,0000000800000002,1066567131536,5179,1242
1762417800,0000008000000080,1066572619554,4855,1243
1762417804,0000000400000004,1066606969692,2774,1244
1762417807,0000000100000002,1066642347650,657,1245
1762417812,0000000100000080,1066683441554,3379,1246
1762417817,0000000100000001,1066735824607,231,1247
1762417819,0000004000000080,1066759910787,3983,1248
1762417825,0000000100000008,1066813894599,1451,1249
1762417849,0000004000000008,1067057855926,1629,1250
1762417873,0000000800000008,1067295728855,2896,1251
1762417877,0000000400000080,1067338931531,309,1252
1762417892,0000008000000002,1067486776313,1799,1253
1762417893,0000000800000008,1067496442592,1215,1254
1762417899,0000000800000002,1067559797529,2588,1255
1762417905,0000000100000001,1067621735502,4081,1256
1762417909,0000008000000080,1067662392192,1622,1257
1762417913,0000008000000008,1067696537756,4771,1258
1762417913,0000000400000001,1067699032380,4622,1259
1762417970,0000008000000080,1068266926919,1614,1260
1762417976,0000000800000002,1068333152921,2816,1261
1762418012,0000000800000001,1068687820916,2260,1262
1762418015,0000000100000001,1068719900272,340,1263
1762418027,0000008000000001,1068840484406,3474,1264
1762418029,0000000400000080,1068861368700,2209,1265
1762418068,0000004000000008,1069249393613,4848,1266
1762418076,0000008000000080,1069323624210,381,1267
1762418088,0000000800000004,1069447516279,3312,1268
1762418102,0000000100000004,1069587365960,5285,1269
1762418115,0000000100000002,1069721727743,2392,1270
1762418135,0000008000000002,1069916606588,1062,1271
1762418137,0000000400000008,1069940634394,4819,1272
1762418160,0000008000000001,1070170167795,1392,1273
1762418180,0000008000000080,1070363904323,5317,1274
1762418184,0000000100000004,1070412929459,2365,1275
1762418197,0000000100000004,1070537246464,5278,1276
1762418230,0000000400000080,1070868393530,942,1277
1762418232,0000000300000001,1070889736603,4858,1278
1762418239,0000000100000080,1070954698751,944,1279
1762418253,0000008000000004,1071099245755,2625,1280
1762418254,0000008000000008,1071105011531,2287,1281
1762418264,0000000400000002,1071212523386,1016,1282
1762418267,0000000100000001,1071239030196,4628,1283
1762418286,0000000100000080,1071423745820,3906,1284
1762418292,0000004000000080,1071492913603,4930,1285
1762418296,000000c000000080,1071530291533,2665,1286
1762418303,000000c000000080,1071601728217,3580,1287
1762418325,0000000100000001,1071818213310,939,1288
1762418336,0000004000000080,1071924404931,4942,1289
1762418340,0000004000000004,1071967222667,2359,1290
1762418362,0000000100000001,1072184196850,4898,1291
1762418367,0000000400000001,1072236968808,1720,1292
1762418382,0000000400000008,1072385953474,3145,1293
1762418385,0000008000000008,1072417753106,1232,1294
1762418400,0000008000000001,1072572500846,2305,1295
1762418406,0000008000000008,1072624180023,4409,1296
1762418425,0000000800000002,1072819238723,3047,1297
1762418457,0000008000000008,1073133741939,4912,1298
1762418458,0000000800000008,1073149065683,3998,1299
1762418459,0000004800000080,1073159020719,3389,1300
1762418459,0000000800000080,1073162790076,3160,1301
1762418462,0000000100000001,1073183574891,1910,1302
1762418482,0000000100000004,1073386382983,5290,1303
1762418490,0000000800000004,1073472130713,5326,1304
1762418491,0000004000000001,1073474803659,5168,1305
1762418495,0000008000000080,1073519703779,2458,1306
1762418509,0000000800000001,1073655133855,4716,1307
1762418517,0000000100000001,1073735497223,5068,1308
1762418526,0000008000000008,1073829829346,4598,1309
1762418535,0000008000000001,1073917045102,4546,1310
1762418544,0000000800000004,1074003506995,4540,1311
1762418545,0000004000000002,1074017959418,3666,1312
1762418546,0000000800000080,1074024620588,3256,1313
1762418546,0000000800000002,1074027883819,3059,1314
1762418558,0000004000000085,1074146319769,1129,1315
1762418558,0000000100000009,1074149325959,949,1316
1762418565,0000000400000009,1074214097222,2242,1317
1762418573,0000004000000080,1074300334048,2248,1318
1762418579,0000004000000008,1074359671355,3891,1319
1762418581,0000000400000004,1074373437192,3047,1320
1762418587,0000008000000002,1074435118632,4545,1321
1762418587,0000000800000001,1074440472676,4226,1322
1762418604,0000000400000008,1074608331127,4514,1323
1762418612,0000000100000001,1074686743509,4982,1324
1762418625,000000c000000080,1074819142635,2204,1325
1762418665,0000000800000002,1075215248700,4366,1326
1762418671,000000c000000080,1075279561763,486,1327
1762418689,0000000800000008,1075454245010,367,1328
1762418698,0000000100000001,1075549141528,5044,1329
1762418700,0000000800000080,1075570330241,3777,1330
1762418703,0000000400000002,1075601591165,1887,1331
1762418704,0000000100000008,1075612528621,1228,1332
1762418718,0000000400000001,1075752626303,3188,1333
1762418722,0000000100000003,1075789529770,968,1334
1762418747,0000008000000008,1076037797744,1617,1335
1762418770,0000008000000001,1076264437925,3570,1336
1762418770,0000008400000080,1076264494224,3568,1337
1762418803,0000004000000003,1076596669939,4369,1338
1762418822,000000c000000080,1076791367065,3028,1339
1762418826,0000000100000001,1076830201569,698,1340
1762418836,0000000100000004,1076928831966,5151,1341
1762418840,0000000100000001,1076963216245,3080,1342
1762418851,0000008000000080,1077073131966,1663,1343
1762418879,0000000100000008,1077359154558,5232,1344
1762418882,000000c000000080,1077391457187,3291,1345
1762418883,0000008000000080,1077394667638,3097,1346
1762418913,0000000100000004,1077699562705,344,1347
1762418914,0000000200000001,1077708340353,5008,1348
1762418917,0000008000000080,1077742152694,2967,1349
1762418918,0000000100000004,1077744675475,2810,1350
1762418927,0000004000000080,1077839150567,2326,1351
1762418933,0000008000000004,1077900332096,3855,1352
1762418937,0000004000000002,1077934777723,1772,1353
1762418940,0000008000000080,1077964285787,5190,1354
1762418952,0000004000000080,1078085303317,3103,1355
1762418957,0000008000000004,1078133347158,220,1356
1762418967,0000004000000001,1078240892506,4147,1357
1762419003,0000000100000080,1078600699528,3265,1358
1762419004,0000000100000008,1078603504699,3095,1359
1762419006,0000000800000004,1078632945374,1326,1360
1762419016,0000008000000001,1078726511053,891,1361
1762419018,000000800000000c,1078749810443,4694,1362
1762419031,0000000400000001,1078878951224,2106,1363
1762419034,0000000100000008,1078904599688,569,1364
1762419036,0000000800000001,1078924585468,4570,1365
1762419044,0000008000000080,1079008130741,4735,1366
1762419099,0000000400000008,1079558589464,2767,1367
1762419102,0000000100000008,1079591207321,816,1368
1762419112,0000008000000080,1079687826341,203,1369
1762419116,0000008000000008,1079727304933,3016,1370
1762419122,0000000400000007,1079784685081,4767,1371
1762419123,0000000800000080,1079797532515,3998,1372
1762419136,0000000400000080,1079925754669,1467,1373
1762419142,0000000100000002,1079991293938,2708,1374
1762419149,0000000100000080,1080054781797,4107,1375
1762419151,0000008000000080,1080080376229,2543,1376
1762419195,0000000100000001,1080516274548,2296,1377
1762419195,0000008000000080,1080517752933,2209,1378
1762419195,0000000100000001,1080520735308,2032,1379
1762419207,0000000100000001,1080640558449,5212,1380
1762419215,0000000100000004,1080720889011,387,1381
1762419215,0000000100000001,1080722869656,268,1382
1762419233,0000000400000004,1080902970079,5011,1383
1762419250,0000000800000008,1081071740843,5244,1384
1762419284,0000000200000008,1081407519219,631,1385
1762419292,0000008000000004,1081490168149,852,1386
1762419294,0000000800000002,1081506005373,5093,1387
1762419302,0000000100000001,1081592182982,5096,1388
1762419344,0000000800000001,1082003808113,1116,1389
1762419354,0000004000000002,1082110695565,5077,1390
1762419374,0000008000000080,1082311450615,3389,1391
1762419375,0000000100000002,1082315172604,3161,1392
1762419381,0000000100000004,1082373055847,4879,1393
1762419381,0000000100000002,1082381554189,4378,1394
1762419388,0000000800000008,1082450510854,221,1395
1762419401,0000000100000001,1082577790786,2944,1396
1762419409,0000000400000080,1082654020944,3561,1397
1762419415,0000000400000080,1082722923683,4616,1398
1762419423,0000000400000002,1082798750400,5237,1399
1762419423,0000000800000002,1082801535136,5072,1400
1762419431,0000004000000008,1082876686617,553,1401
1762419445,0000000100000001,1083022452012,2165,1402
1762419449,0000000800000002,1083054672406,236,1403
1762419454,0000000100000001,1083108315944,2193,1404
1762419456,0000000800000004,1083128671577,973,1405
1762419474,0000000100000004,1083303381206,852,1406
1762419507,0000004000000001,1083636909967,1564,1407
1762419524,0000008000000002,1083807105525,1716,1408
1762419535,0000008000000008,1083917008573,302,1409
1762419545,0000000400000001,1084014137279,4846,1410
1762419545,0000008000000080,1084021637249,4403,1411
1762419575,0000004000000001,1084320405222,1999,1412
1762419588,0000000100000002,1084449975935,4604,1413
1762419591,0000000400000008,1084478884164,2841,1414
1762419604,0000000100000008,1084607642337,308,1415
1762419605,0000008000000008,1084617582465,4903,1416
1762419606,0000008000000002,1084625915041,4411,1417
1762419614,0000000300000001,1084705232153,4826,1418
1762419639,0000000400000002,1084960501752,5047,1419
1762419645,0000008000000080,1085014559458,1798,1420
1762419652,0000004000000004,1085092140363,2318,1421
1762419658,0000004000000001,1085150541611,4017,1422
1762419659,0000004000000080,1085162375712,3293,1423
1762419660,0000000800000080,1085166266180,3055,1424
1762419668,0000000100000001,1085246029439,3458,1425
1762419673,0000000400000002,1085296518958,421,1426
1762419673,0000000800000001,1085301007512,162,1427
1762419673,0000000100000002,1085302850256,5228,1428
1762419688,0000008000000002,1085444424369,1908,1429
1762419696,0000000100000080,1085532847296,1784,1430
1762419700,0000000400000008,1085571387718,4669,1431
1762419719,0000000100000001,1085757795307,3844,1432
1762419721,0000000400000080,1085777381658,2643,1433
1762419730,0000000100000006,1085865173298,2557,1434
1762419739,0000000800000001,1085956995535,2233,1435
1762419745,0000004000000008,1086014890459,3961,1436
1762419755,0000008000000008,1086118353500,2913,1437
1762419774,0000000800000080,1086304072913,2132,1438
1762419783,0000000400000004,1086398081105,1676,1439
1762419791,0000004000000002,1086482716649,1777,1440
1762419819,0000008000000002,1086757984809,801,1441
1762419820,0000000400000008,1086765419821,357,1442
1762419824,000000c000000001,1086808758933,2935,1443
1762419850,0000000400000002,1087065731880,3061,1444
1762419855,0000000100000001,1087112910059,231,1445
1762419858,0000000100000004,1087152460223,3038,1446
1762419859,0000000400000008,1087161105347,2512,1447
1762419863,0000000100000001,1087195167067,476,1448
1762419878,0000000800000004,1087344330383,1888,1449
1762419886,0000008000000080,1087429863956,1936,1450
1762419889,0000000100000002,1087453073636,541,1451
1762419893,0000000100000008,1087496377010,3126,1452
1762419921,0000000100000080,1087781816646,1541,1453
1762419921,0000000400000008,1087781913463,1534,1454
1762419953,0000004000000080,1088094511622,3510,1455
1762419954,0000000400000004,1088104956986,2870,1456
1762419958,0000000100000001,1088150726582,5315,1457
1762419976,0000000800000002,1088325727048,5178,1458
1762419979,0000004000000080,1088360196240,3103,1459
1762419984,0000000400000002,1088409228036,162,1460
1762420031,0000004000000080,1088874505356,3332,1461
1762420031,0000000400000004,1088877178350,3169,1462
1762420048,0000000100000080,1089046816120,3357,1463
1762420049,0000000100000004,1089054565687,2882,1464
1762420060,0000008000000080,1089168110814,1250,1465
1762420061,0000000400000002,1089182776171,374,1466
1762420068,0000008000000002,1089250778532,1473,1467
1762420087,0000000800000004,1089438499026,570,1468
1762420095,0000000100000080,1089522598682,705,1469
1762420101,0000000100000001,1089578394905,2532,1470
1762420105,0000008000000080,1089615313882,325,1471
1762420119,0000008000000080,1089756471350,2213,1472
1762420121,0000000100000004,1089772938626,1225,1473
1762420121,0000000100000008,1089773889602,1167,1474
1762420122,0000000100000001,1089787089362,379,1475
1762420140,0000000100000001,1089964222109,5298,1476
1762420143,0000000100000008,1089999345102,3188,1477
1762420153,0000000800000004,1090098107505,2433,1478
1762420154,0000000400000008,1090106919633,1912,1479
1762420159,0000000100000001,1090153645624,4308,1480
1762420159,0000008000000008,1090160604030,3887,1481
1762420161,0000008000000080,1090179461342,2733,1482
1762420173,0000000400000004,1090297608113,827,1483
1762420175,0000000400000002,1090314408295,5013,1484
1762420226,0000000100000004,1090832718404,5000,1485
1762420262,0000004000000004,1091183122205,4703,1486
1762420297,0000008000000004,1091541468777,3926,1487
1762420300,0000004000000008,1091564026313,2547,1488
1762420307,0000008000000008,1091641989015,3059,1489
1762420318,0000000800000002,1091744173249,2106,1490
1762420318,0000008000000080,1091749559646,1786,1491
1762420327,0000000400000002,1091836257904,1765,1492
1762420340,0000008000000008,1091969039485,4178,1493
1762420346,0000000400000008,1092027340257,658,1494
1762420351,0000008000000080,1092081746011,2569,1495
1762420352,0000008000000008,1092092039550,1958,1496
1762420377,0000000c00000002,1092336373068,2837,1497
1762420395,0000008000000080,1092515491496,2447,1498
1762420395,0000008000000080,1092518655778,2260,1499
1762420396,0000004000000001,1092527816869,1715,1500
1762420412,0000000300000001,1092688134196,2451,1501
1762420421,0000000800000002,1092780417747,2099,1502
1762420426,0000008000000004,1092824939297,4628,1503
1762420429,0000000100000002,1092853244817,2910,1504
1762420429,0000000400000002,1092854585880,2826,1505
1762420454,0000008000000080,1093110376301,3026,1506
1762420459,0000000100000008,1093156136267,281,1507
1762420478,0000008000000001,1093347785424,4343,1508
1762420480,0000000800000080,1093370787961,2941,1509
1762420500,0000000100000001,1093571715761,1246,1510
1762420504,0000000100000008,1093606069437,4388,1511
1762420514,0000000400000008,1093709024300,3378,1512
1762420532,000000c000000080,1093891310857,2789,1513
1762420585,0000008000000004,1094413181446,2559,1514
1762420590,0000004000000002,1094471774852,4252,1515
1762420599,0000004000000001,1094559634558,4161,1516
1762420605,0000000800000002,1094621214172,447,1517
1762420613,0000000800000004,1094693076481,1314,1518
1762420626,0000004000000008,1094825730181,3731,1519
1762420629,0000004000000008,1094862083031,1534,1520
1762420635,0000000100000001,1094920161478,3236,1521
1762420645,0000000100000004,1095019835096,2426,1522
1762420645,0000000800000004,1095020424453,2390,1523
1762420646,0000000500000001,1095027441112,1976,1524
1762420649,0000008000000004,1095061659241,5113,1525
1762420655,0000008000000004,1095115328923,1884,1526
1762420656,0000004000000004,1095123478767,1394,1527
1762420659,0000000400000002,1095155814585,4653,1528
1762420659,0000000100000001,1095162604344,4247,1529
1762420662,0000008000000007,1095185732873,2835,1530
1762420665,0000000400000080,1095222172081,652,1531
1762420674,0000000800000080,1095306596391,766,1532
1762420678,0000000100000008,1095352627177,3190,1533
1762420689,0000004000000008,1095455795350,2169,1534
1762420692,0000008000000002,1095485928625,369,1535
1762420712,0000004000000004,1095686157242,3915,1536
1762420739,0000000800000080,1095959222421,3056,1537
1762420744,0000000400000004,1096004644227,331,1538
1762420748,0000008000000080,1096050465210,2755,1539
1762420753,0000008000000080,1096094301179,5319,1540
1762420757,0000000100000004,1096140179923,2551,1541
1762420771,0000008000000008,1096275999360,4786,1542
1762420784,0000004000000004,1096409645242,1933,1543
1762420793,0000008000000004,1096498832176,1764,1544
1762420806,0000008000000008,1096630770393,4228,1545
1762420827,0000000100000004,1096842279295,1880,1546
1762420836,0000004000000008,1096929349677,1837,1547
1762420858,0000004000000001,1097148940159,4221,1548
1762420860,0000000400000080,1097167706571,3076,1549
1762420867,0000000400000080,1097237870480,4065,1550
1762420867,0000000100000080,1097238300073,4039,1551
1762420870,0000004000000004,1097262944935,2532,1552
1762420874,0000008000000080,1097310926566,4857,1553
1762420875,0000000100000001,1097321512514,4229,1554
1762420894,0000004000000080,1097504554288,3598,1555
1762420898,0000000400000080,1097548706319,934,1556
1762420916,0000000800000080,1097730501079,391,1557
1762420920,0000000100000080,1097768613600,3289,1558
1762420926,0000000400000001,1097831373293,4717,1559
1762420929,0000000400000001,1097857862218,3113,1560
1762420932,0000000400000080,1097883742041,1557,1561
1762420936,0000008000000002,1097932194943,3847,1562
1762420939,0000008000000008,1097960711984,2118,1563
1762420942,0000008000000008,1097983641695,743,1564
1762420962,0000008000000008,1098185429815,4200,1565
1762420967,0000008000000004,1098234266022,1247,1566
1762420969,0000000400000001,1098252754403,5328,1567
1762420981,0000000100000008,1098373762037,3245,1568
1762420981,0000000100000008,1098376421528,3082,1569
1762420987,0000008000000001,1098436217812,4691,1570
1762420998,0000008000000080,1098544347416,3373,1571
1762421020,0000000800000002,1098770910182,5320,1572
1762421024,0000000400000080,1098808963544,3032,1573
1762421025,0000008000000080,1098816277247,2583,1574
1762421055,0000000c00000006,1099119667666,5121,1575
1762421056,0000000100000008,1099124166815,4856,1576
1762421066,0000000200000008,1099232406213,3539,1577
1762421072,0000008000000008,1099291622643,5163,1578
1762421093,0000000100000001,1099498434262,3111,1579
1762421103,0000008000000080,1099597064918,2366,1580
1762421109,0000000100000002,1099658212425,3900,1581
1762421116,0000004000000002,1099731495157,4685,1582
1762421118,0000004000000001,1099744033282,3932,1583
1762421120,0000008000000080,1099765681060,2606,1584
1762421131,0000000800000080,1099875773870,1187,1585
1762421141,0000004000000080,1099981187710,5234,1586
1762421142,0000000400000001,1099984384916,5045,1587
1762421143,0000000100000001,1099996019191,4357,1588
1762421146,0000008000000080,1100023377184,2685,1589
1762421147,0000000100000004,1100039712598,1717,1590
1762421161,0000000100000008,1100181183895,3600,1591
1762421168,0000004000000080,1100245620844,4914,1592
1762421181,0000000800000008,1100377774235,2151,1593
1762421184,0000000100000004,1100409850753,230,1594
1762421190,0000004000000001,1100468471490,1893,1595
1762421193,0000000200000002,1100498155480,5300,1596
1762421203,0000004000000001,1100594253549,4724,1597
1762421211,0000000800000002,1100673006927,5171,1598
1762421229,0000000400000002,1100853455044,4715,1599
1762421231,0000000400000001,1100882343274,2964,1600
1762421241,0000000400000004,1100974603757,2601,1601
1762421242,0000000800000001,1100984260106,2029,1602
1762421245,0000000100000001,1101013272618,290,1603
1762421250,0000008000000080,1101067727829,2198,1604
1762421262,0000000800000004,1101189618194,5257,1605
1762421265,0000000800000080,1101217134431,3610,1606
1762421272,0000004000000004,1101289087016,4483,1607
1762421277,0000008800000008,1101340209112,1394,1608
1762421280,0000008000000002,1101367505201,4949,1609
1762421296,0000000100000001,1101526361298,587,1610
1762421302,0000000100000001,1101586097704,2180,1611
1762421303,0000000800000001,1101596081543,1585,1612
1762421307,0000008000000001,1101638770513,4224,1613
1762421331,0000000800000001,1101882112574,5153,1614
1762421340,0000000100000008,1101963195471,281,1615
1762421348,0000000100000001,1102045501015,522,1616
1762421356,0000004000000080,1102127186893,799,1617
1762421365,0000000200000002,1102217086218,588,1618
1762421382,0000004000000080,1102388893128,639,1619
1762421392,000000c000000080,1102484729867,5260,1620
1762421395,0000000100000004,1102519284175,3182,1621
1762421405,0000000400000002,1102618080133,2428,1622
1762421417,0000000100000080,1102741763385,192,1623
1762421428,0000008000000002,1102843853172,4448,1624
1762421438,0000000100000008,1102949348523,3282,1625
1762421443,0000000100000008,1102997584057,384,1626
1762421475,0000000400000001,1103312876074,2185,1627
1762421478,0000008000000004,1103351087559,5087,1628
1762421487,0000000400000004,1103432942818,165,1629
1762421500,0000008000000080,1103570524485,2269,1630
1762421509,0000008000000002,1103662388104,1941,1631
1762421514,0000004000000004,1103707067489,4461,1632
1762421548,0000000300000001,1104043018500,5017,1633
1762421551,0000000800000004,1104080177743,2770,1634
1762421556,0000000100000001,1104130678043,4938,1635
1762421560,0000000800000001,1104171241161,2488,1636
1762421566,0000008000000001,1104224257890,4512,1637
1762421582,0000008000000008,1104384853276,5225,1638
1762421584,0000008000000080,1104403394634,4127,1639
1762421597,0000008000000080,1104537442014,1242,1640
1762421615,0000000800000080,1104719481754,682,1641
1762421620,0000000100000080,1104763380248,3233,1642
1762421629,0000000800000080,1104856281346,2831,1643
1762421638,000000c000000080,1104942535665,2836,1644
1762421638,0000000900000001,1104950904416,2335,1645
1762421641,0000004000000080,1104977674618,731,1646
1762421647,0000008000000002,1105041298947,2094,1647
1762421671,0000008000000080,1105273124816,3742,1648
1762421678,0000000400000002,1105344224713,4661,1649
1762421685,0000000100000001,1105421370173,5203,1650
1762421692,0000000800000001,1105482559388,1523,1651
1762421700,0000000400000080,1105562731372,1895,1652
1762421707,0000000100000001,1105639769451,2446,1653
1762421728,0000000100000004,1105843217337,606,1654
1762421751,0000008000000001,1106077745598,2075,1655
1762421760,0000008000000080,1106165942063,1965,1656
1762421761,0000000800000004,1106178201640,1229,1657
1762421787,0000000100000080,1106438246443,1166,1658
1762421790,0000008000000008,1106470348607,4445,1659
1762421795,0000000100000001,1106512503919,1895,1660
1762421799,0000000100000001,1106556217156,4472,1661
1762421816,0000008000000008,1106722467926,4852,1662
1762421829,0000008000000080,1106853004663,2184,1663
1762421832,0000000400000002,1106886033734,206,1664
1762421836,0000008000000080,1106927064230,2922,1665
1762421840,0000000100000006,1106964697625,664,1666
1762421850,0000000800000001,1107064328334,5060,1667
1762421850,0000008000000002,1107068022339,4843,1668
1762421854,0000000100000002,1107111101639,2239,1669
1762421864,0000008000000080,1107210771322,1442,1670
1762421880,0000000100000001,1107366610648,2449,1671
1762421900,0000008000000002,1107568073201,726,1672
1762421905,0000008000000080,1107612842550,3225,1673
1762421907,0000008000000080,1107638643271,1675,1674
1762421922,0000008000000002,1107784500143,3289,1675
1762421924,0000000800000001,1107809837181,1765,1676
1762421939,0000000400000080,1107954731142,3439,1677
1762421939,0000000400000002,1107961608508,3020,1678
1762421940,0000000100000004,1107965216873,2797,1679
1762421943,0000002000000004,1107998099369,828,1680
1762421950,0000000100000001,1108062499273,2144,1681
1762421954,0000004000000008,1108109427096,4531,1682
1762421978,0000000800000004,1108348854662,506,1683
1762421987,0000008000000080,1108437153993,390,1684
1762421989,0000004100000006,1108456073131,4455,1685
1762421997,0000000800000004,1108541218889,4520,1686
1762422007,0000000800000080,1108637717113,3915,1687
1762422029,0000004000000002,1108855318805,1200,1688
1762422050,0000000400000004,1109067140118,4055,1689
1762422052,0000008000000080,1109086928879,2845,1690
1762422090,0000000100000004,1109463784414,956,1691
1762422113,0000000100000002,1109697819599,2452,1692
1762422120,0000000800000080,1109769461094,3347,1693
1762422127,0000008000000004,1109836856908,4497,1694
1762422135,0000008000000002,1109919648741,4707,1695
1762422139,0000008000000004,1109953217830,2667,1696
1762422151,0000000100000001,1110079024748,308,1697
1762422152,0000004000000001,1110091388759,4762,1698
1762422162,0000000200000001,1110189650568,4052,1699
1762422165,0000004400000002,1110222248168,2075,1700
1762422181,000000800000000a,1110375494621,3248,1701
1762422186,0000004000000002,1110429256524,5205,1702
1762422216,0000000200000001,1110728137352,2802,1703
1762422217,0000000400000001,1110735315289,2372,1704
1762422221,0000000100000008,1110776098268,5118,1705
1762422222,0000000800000001,1110787172096,4464,1706
1762422226,0000000800000004,1110830596685,1841,1707
1762422232,0000008000000001,1110889433687,3500,1708
1762422257,0000000100000002,1111132423583,4472,1709
1762422257,0000008000000008,1111140856016,3964,1710
1762422276,0000004000000001,1111330002249,2959,1711
1762422277,000000c000000080,1111332653887,2796,1712
1762422284,0000008000000001,1111406901449,3536,1713
1762422301,0000000400000001,1111573244528,3925,1714
1762422302,0000008000000080,1111590687340,2856,1715
1762422325,0000004000000002,1111818481712,4751,1716
1762422327,0000000100000008,1111842186154,3317,1717
1762422330,0000000800000008,1111869140198,1695,1718
1762422336,0000000400000080,1111923596515,3620,1719
1762422341,0000000800000008,1111979072882,281,1720
1762422365,0000000800000002,1112214326903,1706,1721
1762422379,0000000800000008,1112358216899,3441,1722
1762422415,0000000400000004,1112720600541,2408,1723
1762422426,0000008000000080,1112831040827,964,1724
1762422428,0000008000000001,1112851125621,4955,1725
1762422429,0000008000000001,1112856052081,4664,1726
1762422449,0000000100000008,1113053878350,3141,1727
1762422449,0000000100000001,1113060782332,2718,1728
1762422471,0000004000000004,1113280324157,5103,1729
1762422485,0000008000000080,1113414984319,2193,1730
1762422496,000000010000000a,1113524494789,804,1731
1762422499,0000000100000004,1113552831168,4306,1732
1762422506,0000008000000002,1113622421754,5299,1733
1762422520,0000000100000001,1113765444280,1891,1734
1762422535,0000000400000080,1113921866675,2863,1735
1762422541,0000000800000002,1113975726500,4829,1736
1762422542,0000008000000080,1113987532999,4126,1737
1762422544,0000008000000080,1114003805548,3135,1738
1762422549,0000000100000001,1114053090709,174,1739
1762422552,0000008000000080,1114082960602,3573,1740
1762422556,0000000400000004,1114131627881,640,1741
1762422565,0000000800000004,1114220415469,495,1742
1762422565,0000000100000004,1114221778705,414,1743
1762422588,0000000400000004,1114442624138,2695,1744
1762422601,0000008000000080,1114581195685,4767,1745
1762422602,0000000400000008,1114590076229,4239,1746
1762422621,0000008000000004,1114774960577,3496,1747
1762422642,0000000800000004,1114983628402,1321,1748
1762422647,0000008000000080,1115035612153,3396,1749
1762422691,0000000100000001,1115476610159,2828,1750
1762422700,0000000400000001,1115566545326,2608,1751
1762422708,0000000400000080,1115649123903,2839,1752
1762422710,0000000200000002,1115662334688,2050,1753
1762422722,0000008000000002,1115786503115,4973,1754
1762422747,0000000100000003,1116034938277,419,1755
1762422758,0000000100000001,1116152189507,3758,1756
1762422785,0000004000000080,1116418560350,3309,1757
1762422795,0000000900000001,1116521105035,2325,1758
1762422797,0000000400000080,1116541893731,1081,1759
1762422808,0000000c00000001,1116647030653,5146,1760
1762422822,0000000100000004,1116784140900,2089,1761
1762422828,0000000100000008,1116846281925,3553,1762
1762422834,0000000100000001,1116905342759,5188,1763
1762422842,0000004000000008,1116985843197,349,1764
1762422847,0000008000000008,1117037103779,2448,1765
1762422866,0000000400000080,1117227867297,1370,1766
1762422878,0000008000000080,1117349578745,4448,1767
1762422880,0000000100000008,1117362173674,3686,1768
1762422909,0000000400000001,1117658452932,1438,1769
1762422916,0000000100000008,1117731802398,2214,1770
1762422919,0000008000000001,1117754289204,866,1771
1762422922,0000000800000080,1117782856777,4355,1772
1762422925,0000004000000080,1117813549804,2488,1773
1762422925,0000000800000001,1117818140624,2214,1774
1762422930,0000004000000002,1117866594612,4505,1775
1762422947,0000000100000001,1118036628426,4667,1776
1762422959,000000c000000080,1118156657578,2619,1777
1762422967,0000000100000001,1118238879691,2874,1778
1762422973,0000000100000004,1118292896516,4830,1779
1762422974,0000000100000001,1118303786593,4183,1780
1762422974,000000080000000a,1118311753511,3698,1781
1762422975,0000000100000001,1118320649154,3154,1782
1762422980,0000008000000080,1118367027037,369,1783
1762423007,0000000800000008,1118638422218,4820,1784
1762423011,0000004000000008,1118676854910,2496,1785
1762423033,0000000100000002,1118893200459,5072,1786
1762423037,0000008000000008,1118934309916,2586,1787
1762423042,0000000100000001,1118988791982,4528,1788
1762423049,0000000800000080,1119056054460,472,1789
1762423060,0000000100000002,1119167857034,4145,1790
1762423066,0000000100000002,1119230389630,373,1791
1762423090,0000008000000004,1119469386476,1575,1792
1762423114,0000000400000001,1119705636164,2941,1793
1762423129,0000008000000008,1119853038402,4479,1794
1762423141,0000000400000004,1119973888339,2384,1795
1762423144,0000000400000080,1120006804154,414,1796
1762423155,0000008000000080,1120112753673,4438,1797
1762423166,0000000100000080,1120231243120,2484,1798
1762423167,0000004000000001,1120234098731,2314,1799
1762423175,0000000200000004,1120313671486,2717,1800
1762423192,0000008000000080,1120486503962,2708,1801
1762423197,0000004000000008,1120538722788,4777,1802
1762423219,0000000400000002,1120752326915,2304,1803
1762423230,0000004000000004,1120867150768,598,1804
1762423234,0000000200000004,1120906593409,3421,1805
1762423254,0000004000000001,1121105097505,1866,1806
1762423295,0000008000000004,1121512146055,3351,1807
1762423299,0000004000000001,1121559076571,529,1808
1762423315,0000000100000008,1121718676261,1314,1809
1762423321,0000000100000004,1121780299585,2792,1810
1762423328,0000000400000080,1121850546150,3778,1811
1762423332,0000004000000004,1121890436863,1370,1812
1762423333,0000000100000001,1121899467686,825,1813
1762423337,0000000100000002,1121938644110,3671,1814
1762423356,0000008000000008,1122126776181,2723,1815
1762423369,0000000100000008,1122259579136,5133,1816
1762423374,0000004000000080,1122305975635,2336,1817
1762423382,0000000400000002,1122383021288,2895,1818
1762423383,0000008000000001,1122401124213,1813,1819
1762423384,0000008000000001,1122403070305,1696,1820
1762423395,0000000800000004,1122521840216,4941,1821
1762423401,0000000c00000008,1122572179305,1910,1822
1762423416,0000000400000080,1122729044994,2855,1823
1762423417,0000000100000001,1122736376702,2414,1824
1762423423,0000000400000004,1122794505961,4134,1825
1762423427,0000000100000008,1122838885417,1449,1826
1762423439,0000000800000004,1122960204639,4550,1827
1762423448,0000000800000001,1123045856367,4591,1828
1762423452,0000004000000001,1123082995465,2339,1829
1762423460,000000c000000080,1123163202766,2703,1830
1762423481,0000000100000001,1123377869606,196,1831
1762423501,0000004000000080,1123579771985,3633,1832
1762423503,0000000100000080,1123592736896,2841,1833
1762423505,0000000800000004,1123614019801,1567,1834
1762423505,0000008000000080,1123619302613,1248,1835
1762423528,0000008000000001,1123842295420,3420,1836
1762423532,0000000400000008,1123884588627,873,1837
1762423534,0000000800000001,1123905696121,4804,1838
1762423537,0000008000000001,1123932809221,3165,1839
1762423537,0000000400000002,1123941090963,2656,1840
1762423547,0000000100000001,1124036082764,2144,1841
1762423551,000000c500000002,1124072438845,5155,1842
1762423557,0000008000000080,1124141545461,996,1843
1762423571,0000004000000080,1124275483888,3331,1844
1762423622,0000008000000080,1124791131638,3478,1845
1762423649,0000000800000001,1125060321757,2858,1846
1762423651,0000000800000001,1125079347084,1719,1847
1762423654,0000008000000080,1125104293718,222,1848
1762423677,0000008000000001,1125335672075,1881,1849
1762423688,0000008000000080,1125450461439,176,1850
1762423708,0000004000000008,1125642822915,4194,1851
1762423723,0000000100000002,1125796802443,5304,1852
1762423724,0000008000000080,1125809868134,4531,1853
1762423727,0000000200000004,1125834567554,3031,1854
1762423733,0000000800000004,1125897574937,4450,1855
1762423755,0000008000000002,1126113920280,1813,1856
1762423769,0000000800000004,1126257186561,3588,1857
1762423805,0000000100000001,1126618365374,2621,1858
1762423813,0000000100000001,1126699604195,2935,1859
1762423818,0000004000000080,1126750666325,5062,1860
1762423821,0000000100000004,1126778759808,3372,1861
1762423821,0000008000000002,1126778764600,3373,1862
1762423822,0000000300000001,1126789690841,2703,1863
1762423823,0000008000000002,1126795360779,2366,1864
1762423827,0000004000000008,1126838200112,4990,1865
1762423840,0000008000000080,1126964628580,2568,1866
1762423841,0000008000000080,1126973348957,2051,1867
1762423842,0000004000000008,1126989777120,1064,1868
1762423846,0000000800000080,1127023964353,4216,1869
1762423848,0000004000000080,1127049552040,2651,1870
1762423862,0000000100000001,1127182758488,5040,1871
1762423885,000000c000000080,1127417830956,1285,1872
1762423892,0000000800000002,1127484102294,2485,1873
1762423895,0000000800000080,1127519235096,384,1874
1762423900,0000008000000002,1127565114477,2806,1875
1762423905,0000008000000004,1127621084719,4650,1876
1762423909,0000000100000008,1127657562744,2439,1877
1762423917,0000000100000001,1127737869564,2802,1878
1762423918,0000000400000004,1127748821262,2147,1879
1762423928,0000004000000008,1127850507629,1228,1880
1762423947,000000c000000080,1128040213496,208,1881
1762423950,0000004000000080,1128063838414,3989,1882
1762423951,0000000100000008,1128081627079,2901,1883
1762423964,0000000100000008,1128210233297,368,1884
1762423976,0000000100000008,1128328912075,3621,1885
1762423988,0000008000000080,1128441970043,2007,1886
1762424018,0000004000000001,1128750378174,4245,1887
1762424034,0000000800000004,1128903686176,207,1888
1762424069,0000008000000080,1129260049953,4743,1889
1762424080,0000000400000004,1129364784864,3636,1890
1762424091,0000004000000080,1129473885539,2254,1891
1762424097,0000000400000080,1129537043375,3663,1892
1762424105,0000000100000080,1129613589130,4258,1893
1762424131,0000000800000080,1129880928357,3754,1894
1762424137,0000000c00000002,1129933916883,559,1895
1762424152,0000000400000002,1130089715573,1572,1896
1762424157,0000004000000008,1130134210566,4103,1897
1762424167,0000000400000080,1130232996460,3343,1898
1762424168,0000000200000002,1130243551682,2695,1899
1762424172,0000008000000080,1130287771952,5240,1900
1762424206,0000004000000008,1130630914315,186,1901
1762424220,0000004000000004,1130765636069,2457,1902
1762424243,0000008000000080,1130998752689,4038,1903
1762424248,0000004000000080,1131049001672,1001,1904
1762424260,0000008000000008,1131167022618,4303,1905
1762424294,0000000800000008,1131508335714,4545,1906
1762424300,0000008000000002,1131562971473,1247,1907
1762424311,0000000800000004,1131675792306,4852,1908
1762424319,0000000800000004,1131755465164,5248,1909
1762424352,0000000100000001,1132081914559,1193,1910
1762424352,0000000100000003,1132088945598,772,1911
1762424359,0000000100000001,1132155207384,1978,1912
1762424373,0000000400000002,1132301796399,3555,1913
1762424374,0000004000000002,1132306814684,3247,1914
1762424377,0000004000000004,1132339617537,1273,1915
1762424383,0000008000000080,1132400391352,2805,1916
1762424404,0000000100000001,1132611404358,511,1917
1762424415,0000000800000004,1132717149225,4546,1918
1762424417,0000000100000001,1132738587131,3246,1919
1762424432,0000004000000001,1132891061221,4473,1920
1762424443,0000008000000080,1132996780172,3296,1921
1762424466,0000000200000004,1133222587728,5291,1922
1762424466,0000000100000001,1133226591253,5055,1923
1762424469,0000000400000008,1133258892932,3108,1924
1762424473,0000004000000080,1133293164299,1047,1925
1762424488,0000000100000004,1133448536344,2086,1926
1762424491,0000000400000008,1133478089021,316,1927
1762424492,0000000100000001,1133482852326,5218,1928
1762424496,0000000800000001,1133524759844,2687,1929
1762424498,0000000800000080,1133547043926,1358,1930
1762424500,0000000100000001,1133570341406,5150,1931
1762424511,0000000100000008,1133681719353,3652,1932
1762424529,0000008000000002,1133855206425,3603,1933
1762424539,0000008000000080,1133958556581,2565,1934
1762424544,0000008000000080,1134002891805,5100,1935
1762424555,0000008000000001,1134119827130,3260,1936
1762424565,0000008000000001,1134217794069,2545,1937
1762424573,0000000100000001,1134298093302,2922,1938
1762424575,0000000100000001,1134313330105,2008,1939
1762424586,0000000100000003,1134427742119,325,1940
1762424590,0000000400000001,1134470320875,2948,1941
1762424608,000000c000000080,1134643978091,2889,1942
1762424611,0000008000000004,1134672161936,1199,1943
1762424615,0000000800000080,1134717798801,3656,1944
1762424617,0000000100000001,1134737592403,2450,1945
1762424654,0000004000000001,1135110093998,825,1946
1762424663,0000000200000008,1135201179668,543,1947
1762424668,0000000100000001,1135242643484,3240,1948
1762424673,0000004000000002,1135295128088,5275,1949
1762424674,0000004000000001,1135308804142,4467,1950
1762424708,0000000100000002,1135649818191,4724,1951
1762424712,0000008000000001,1135689134391,2346,1952
1762424724,0000004000000080,1135806348530,497,1953
1762424738,0000000400000080,1135945721688,2490,1954
1762424751,0000000100000002,1136080162604,4806,1955
1762424765,0000008000000080,1136217466091,1734,1956
1762424770,0000000200000010,1136264308219,4124,1957
1762424775,0000000100000008,1136316649282,959,1958
1762424787,0000000400000080,1136441653912,3840,1959
1762424794,0000008000000080,1136502570894,170,1960
1762424794,0000000100000001,1136506161977,5143,1961
1762424801,0000000800000080,1136578035843,820,1962
1762424803,0000004000000008,1136594480677,5025,1963
1762424805,0000008000000080,1136615540411,3766,1964
1762424807,0000000800000002,1136634362768,2614,1965
1762424808,0000008000000004,1136644536154,2013,1966
1762424813,0000000400000080,1136694867929,4194,1967
1762424822,0000000100000002,1136791068799,3593,1968
1762424833,000000c000000080,1136895061145,2516,1969
1762424839,0000000400000080,1136960772600,3776,1970
1762424849,000000c000000080,1137054940206,3297,1971
1762424850,0000000100000001,1137068341011,2481,1972
1762424851,0000000100000080,1137077972306,1910,1973
1762424868,0000000800000001,1137249325100,1990,1974
1762424877,0000008000000004,1137332432146,2181,1975
1762424897,0000000400000002,1137537839002,221,1976
1762424897,0000008000000080,1137539769726,5293,1977
1762424901,000000c000000080,1137577043386,3050,1978
1762424903,0000000100000004,1137596064545,1909,1979
1762424903,0000008000000002,1137598916801,1737,1980
1762424923,0000000100000003,1137791968466,515,1981
1762424923,0000008000000080,1137796640017,235,1982
1762424940,0000000100000008,1137963010606,614,1983
1762424941,0000000400000001,1137973970779,5144,1984
1762424959,0000008000000008,1138160660695,4317,1985
1762424963,0000000800000004,1138196405028,2149,1986
1762424979,0000000100000002,1138357149207,2865,1987
1762425003,0000000800000001,1138593030943,4278,1988
1762425004,0000000400000002,1138608933201,3308,1989
1762425017,0000000400000004,1138734787044,930,1990
1762425033,0000000800000080,1138898548197,1469,1991
1762425050,0000004000000001,1139067694770,1681,1992
1762425075,0000000100000002,1139316520004,2289,1993
1762425081,0000000800000080,1139380331252,3659,1994
1762425082,0000000c00000080,1139391348540,2984,1995
1762425099,0000000100000001,1139557234552,3399,1996
1762425136,0000000100000001,1139930763132,1703,1997
1762425140,0000000800000001,1139969132718,4599,1998
1762425160,0000000800000080,1140168439514,2987,1999
1762425169,0000000400000004,1140251795564,3166,2000
1762425171,0000000100000001,1140275196349,1761,2001
1762425172,0000004000000080,1140288912930,933,2002
1762425174,000000c000000080,1140302535875,5306,2003
1762425181,0000000400000080,1140379977178,653,2004
1762425186,0000000100000002,1140429547213,2857,2005
1762425204,0000000200000004,1140604786865,2699,2006
1762425210,0000000400000004,1140666360094,4214,2007
1762425214,0000008000000004,1140706637379,1777,2008
1762425217,0000000400000008,1140733178092,184,2009
1762425221,000000c000000080,1140780176330,2537,2010
1762425222,0000000100000004,1140788358701,2053,2011
1762425223,0000008000000008,1140794972749,1656,2012
1762425286,0000000800000001,1141429078324,5065,2013
1762425294,0000000800000080,1141511025966,5326,2014
1762425299,0000008000000080,1141559999145,2375,2015
1762425304,0000008000000080,1141607921661,4703,2016
1762425309,0000000800000002,1141656252479,1789,2017
1762425312,0000004000000080,1141684349693,5287,2018
1762425319,0000000100000001,1141759704470,758,2019
1762425326,0000000400000001,1141823093559,2136,2020
1762425338,0000000800000004,1141948964438,4955,2021
1762425358,0000000400000004,1142144451211,3590,2022
1762425382,0000000100000001,1142384024232,4761,2023
1762425394,0000000100000001,1142509836530,2373,2024
1762425403,0000008000000004,1142598072065,2261,2025
1762425413,0000000100000080,1142697243781,1494,2026
1762425439,0000008000000008,1142955951140,1513,2027
1762425447,0000000500000001,1143041486330,1562,2028
1762425470,0000000100000008,1143266020990,3645,2029
1762425473,0000000800000001,1143297417512,1750,2030
1762425473,0000000100000001,1143300289133,1576,2031
1762425480,0000008000000080,1143367172272,2737,2032
1762425483,0000004000000080,1143397931488,895,2033
1762425493,0000000100000001,1143492605460,398,2034
1762425494,0000000400000002,1143506661775,4750,2035
1762425496,0000000300000001,1143526751674,3540,2036
1762425511,0000008000000004,1143676560852,4914,2037
1762425512,0000000800000001,1143690806023,4068,2038
1762425527,0000000100000001,1143833906666,643,2039
1762425536,0000000800000080,1143922371469,516,2040
1762425559,0000008000000004,1144156422869,2014,2041
1762425564,0000000100000002,1144203967226,4363,2042
1762425565,0000000400000080,1144212104349,3872,2043
1762425579,0000000400000004,1144355505345,431,2044
1762425588,0000008000000008,1144448101649,5243,2045
1762425591,0000000400000080,1144474355511,3674,2046
1762425594,0000000400000001,1144506919992,1708,2047
1762425596,0000008000000080,1144530801373,276,0
1762425601,0000000800000008,1144575454534,2770,1
1762425606,0000000800000004,1144623809558,5065,2
1762425613,0000008000000002,1144697887308,610,3
1762425615,0000000800000002,1144719696104,4503,4
1762425623,0000000200000002,1144800282403,4841,5
1762425636,0000000100000001,1144921598964,2722,6
1762425667,0000000800000080,1145235742107,4622,7
1762425689,0000004000000001,1145454325908,1852,8
1762425691,0000004000000008,1145476812305,501,9
1762425692,0000000400000004,1145488164317,5011,10
1762425699,0000008000000001,1145554625815,1010,11
1762425709,0000008000000004,1145661373819,4980,12
1762425717,0000000400000002,1145741158166,183,13
1762425718,0000000400000004,1145745068556,5136,14
1762425725,0000000400000002,1145820374006,609,15
1762425752,0000000400000080,1146083370575,372,16
1762425760,0000000800000080,1146162668174,792,17
1762425762,0000004000000008,1146183460386,4743,18
1762425765,0000004000000080,1146213070019,2951,19
1762425781,0000000100000002,1146372758972,3745,20
1762425784,0000008000000001,1146408640926,1577,21
1762425792,0000004000000002,1146490457087,1851,22
1762425800,0000008000000080,1146571364178,2174,23
1762425801,0000008000000002,1146579011925,1717,24
1762425808,0000000100000001,1146649065021,2687,25
1762425813,0000008000000004,1146700111964,4826,26
1762425818,0000004000000008,1146743588877,2202,27
1762425832,0000000100000004,1146887459348,3944,28
1762425844,0000000800000001,1147003957281,2122,29
1762425857,0000000100000001,1147132613071,4781,30
1762425859,0000000200000004,1147155909290,3372,31
1762425866,0000004000000001,1147230158387,4112,32
1762425872,0000000100000002,1147284630460,823,33
1762425876,0000008000000008,1147327838468,3421,34
1762425877,0000004000000008,1147338508263,2767,35
1762425901,0000000100000008,1147573116888,4259,36
1762425929,0000000800000008,1147854420064,2901,37
1762425942,0000000100000001,1147984780400,260,38
1762425963,0000000100000080,1148191826313,3387,39
1762425964,0000004000000004,1148208485328,2369,40
1762425976,0000000400000001,1148328906791,336,41
1762425994,0000008000000080,1148504598443,162,42
1762426007,0000000100000002,1148633012003,2808,43
1762426007,0000004000000080,1148634312542,2729,44
1762426018,0000000400000001,1148741511007,1482,45
1762426020,0000000400000004,1148769383037,5001,46
1762426021,0000000800000001,1148773839893,4741,47
1762426035,0000004000000004,1148917642375,1275,48
1762426036,0000000100000001,1148928523220,623,49
1762426063,0000002000000080,1149198481024,5155,50
1762426076,0000008000000080,1149325306164,2712,51
1762426086,0000000400000080,1149427476947,1770,52
1762426099,0000004000000008,1149556308855,4422,53
1762426110,0000008000000004,1149668601873,2840,54
1762426117,0000000100000001,1149733513344,4150,55
1762426118,0000004000000001,1149741598947,3657,56
1762426119,0000000100000001,1149755630920,2798,57
1762426120,0000004000000008,1149768576655,2026,58
1762426123,0000004000000080,1149799923772,5334,59
1762426136,000000c000000080,1149926508687,2910,60
1762426163,0000000800000004,1150191797377,2528,61
1762426175,0000004000000008,1150318646015,5294,62
1762426206,0000008000000080,1150626641854,2343,63
1762426233,0000000800000002,1150896619037,1691,64
1762426237,0000000800000002,1150936662559,4488,65
1762426266,0000008000000080,1151227497636,2553,66
1762426285,0000000100000080,1151417564718,1518,67
1762426288,0000000400000002,1151450500587,4738,68
1762426294,0000000100000002,1151505347089,1432,69
1762426307,0000004000000002,1151637626259,3873,70
1762426340,0000000400000080,1151961334218,5165,71
1762426353,0000000100000004,1152099402731,2052,72
1762426366,0000008000000080,1152224408933,4926,73
1762426395,0000004000000004,1152516010275,2959,74
1762426422,0000000100000001,1152783822572,2426,75
1762426425,0000008000000080,1152816607172,464,76
1762426426,0000000400000004,1152830504499,4826,77
1762426433,0000004000000080,1152900679151,600,78
1762426459,0000008000000080,1153160346080,562,79
1762426474,0000008000000080,1153309728666,1961,80
1762426478,0000000800000002,1153349770391,4753,81
1762426482,0000000400000002,1153387818293,2450,82
1762426521,0000000400000001,1153773665187,5215,83
1762426527,0000000100000001,1153832366010,1686,84
1762426532,0000000400000002,1153888624768,3500,85
1762426533,0000008000000080,1153896703434,3006,86
1762426558,0000008000000001,1154141554943,3874,87
1762426560,0000008000000080,1154161495347,2651,88
1762426564,0000000100000001,1154208701937,5018,89
1762426582,0000008000000001,1154382291471,4966,90
1762426590,0000004000000004,1154465403054,5156,91
1762426591,0000000100000003,1154473342190,4688,92
1762426602,0000008000000080,1154587651799,2993,93
1762426640,0000004000000008,1154967817967,902,94
1762426645,0000000800000008,1155018454313,3049,95
1762426648,0000000100000080,1155043886638,1522,96
1762426650,0000000100000004,1155064496027,286,97
1762426658,0000008000000080,1155146166684,564,98
1762426698,0000000100000003,1155549904179,2242,99
1762426714,0000008000000080,1155708302156,3103,100
1762426720,0000000800000080,1155765150120,4884,101
1762426722,0000008000000002,1155784526798,3724,102
1762426727,0000000800000001,1155831363960,1793,103
1762426728,0000004000000004,1155846900529,5155,104
1762426756,0000000400000002,1156122885413,4151,105
1762426762,0000000100000002,1156182013744,582,106
1762426769,0000000200000040,1156253077380,1499,107
1762426779,0000000400000080,1156354232201,609,108
1762426796,0000008000000004,1156523444599,816,109
1762426810,0000000800000008,1156667692788,2517,110
1762426819,0000000100000002,1156760064448,2161,111
1762426828,0000004000000008,1156846869707,2133,112
1762426833,0000000100000001,1156893900235,4514,113
1762426833,0000004000000001,1156899939003,4152,114
1762426852,0000008000000080,1157091084354,3025,115
1762426857,0000004000000004,1157139670868,5297,116
1762426861,0000000100000002,1157171952833,3359,117
1762426869,0000004000000002,1157252854945,3692,118
1762426870,0000004000000001,1157262115460,3126,119
1762426871,0000000800000008,1157271781832,2536,120
1762426876,0000008000000002,1157328306970,4352,121
1762426877,0000008000000080,1157338390882,3742,122
1762426889,0000000200000002,1157453865862,1980,123
1762426897,0000000800000004,1157531351666,2504,124
1762426920,0000000400000080,1157767238337,3918,125
1762426949,0000004000000001,1158051933827,2356,126
1762426956,0000000800000004,1158126331215,3078,127
1762426961,0000000800000080,1158172767414,290,128
1762426967,0000004000000004,1158239310122,1479,129
1762426968,0000000100000000,1158247716457,971,130
1762426974,0000008000000080,1158309353011,2451,131
1762426987,0000000400000001,1158436434607,5200,132
1762427005,0000000100000001,1158617005966,4736,133
1762427009,0000000800000004,1158653907624,2499,134
1762427025,0000000400000001,1158819804157,2911,135
1762427036,0000004000000002,1158923516832,1872,136
1762427048,0000000100000001,1159041337434,5170,137
1762427060,0000000400000004,1159167270034,2782,138
1762427067,0000008000000080,1159233200987,4031,139
1762427079,0000004000000008,1159354403837,1922,140
1762427086,0000000400000004,1159425758732,2816,141
1762427094,0000000400000080,1159505080209,3245,142
1762427096,0000008000000002,1159522108118,2216,143
1762427096,0000000800000002,1159522647739,2184,144
1762427117,0000004000000004,1159737369421,4857,145
1762427118,0000008000000002,1159749526664,4135,146
1762427134,0000000100000002,1159905199768,5144,147
1762427139,0000000400000002,1159956150172,2079,148
1762427139,0000000800000002,1159958411611,1945,149
1762427140,0000000800000080,1159967794928,1380,150
1762427147,0000008000000080,1160039736628,2241,151
1762427148,0000004000000001,1160048361256,1728,152
1762427156,0000000100000001,1160125081362,2301,153
1762427169,0000008000000080,1160254300370,4924,154
1762427173,0000000400000001,1160293102240,2578,155
1762427176,0000004000000080,1160323512444,758,156
1762427178,0000000400000001,1160342024456,4843,157
1762427185,0000004000000080,1160420839707,5289,158
1762427214,0000008000000080,1160707770733,3620,159
1762427216,0000008000000080,1160726900613,2454,160
1762427217,0000004000000001,1160738527709,1765,161
1762427220,0000000400000004,1160767853619,5185,162
1762427221,0000008000000001,1160775355070,4750,163
1762427274,0000000400000080,1161305785253,4010,164
1762427276,0000000800000008,1161331046750,2469,165
1762427287,0000000100000002,1161435231172,1405,166
1762427294,0000008000000080,1161506947664,2279,167
1762427295,0000004000000002,1161511232671,2024,168
1762427325,0000004000000080,1161813352268,4638,169
1762427328,0000004000000080,1161841986882,2901,170
1762427340,0000008000000004,1161965576383,666,171
1762427348,0000008000000008,1162049713893,799,172
1762427348,0000000800000002,1162050368406,758,173
1762427351,0000000800000001,1162076899359,4370,174
1762427352,0000008000000080,1162085318547,3861,175
1762427372,0000008000000001,1162290107089,1919,176
1762427379,0000000400000004,1162354130417,3262,177
1762427381,0000000100000001,1162378231147,1813,178
1762427402,0000000800000008,1162587002844,4841,179
1762427408,0000004000000001,1162646792057,1237,180
1762427433,0000008000000001,1162896505445,1800,181
1762427436,0000000800000004,1162922313018,250,182
1762427436,0000004000000001,1162929241347,5024,183
1762427441,0000000800000001,1162978467639,2060,184
1762427446,0000000200000001,1163029128375,4223,185
1762427446,0000004000000008,1163030658187,4130,186
1762427459,0000000800000001,1163154608349,1856,187
1762427459,0000000100000004,1163159922737,1535,188
1762427484,0000000200000001,1163407762295,2203,189
1762427504,0000008000000080,1163606225279,658,190
1762427509,0000000800000008,1163659729839,2622,191
1762427511,0000004000000001,1163672666813,1856,192
1762427516,0000004000000080,1163726082383,3845,193
1762427518,0000008000000080,1163743111050,2804,194
1762427519,0000000400000008,1163751648726,2292,195
1762427524,0000000400000001,1163807121164,4168,196
1762427530,0000000100000001,1163868622561,458,197
1762427532,0000004000000008,1163882960237,4793,198
1762427539,0000008000000008,1163959789568,169,199
1762427541,0000000100000001,1163976208434,4383,200
1762427553,0000008000000080,1164100093932,2111,201
1762427555,0000000100000080,1164116943789,1097,202
1762427558,0000008000000001,1164146883493,4504,203
1762427573,0000000100000008,1164299428786,512,204
1762427575,0000004000000002,1164319056447,4535,205
1762427579,0000008000000008,1164355183299,2344,206
1762427597,000000c000000080,1164531062291,2154,207
1762427602,0000000400000080,1164590830396,3766,208
1762427610,0000000800000001,1164666864997,4390,209
1762427612,000000c000000080,1164688668184,3061,210
1762427613,0000000800000008,1164693141623,2787,211
1762427617,0000000100000008,1164736165237,211,212
1762427625,0000000100000001,1164819116593,415,213
1762427637,0000008100000080,1164932504620,3991,214
1762427642,0000000800000080,1164984528776,848,215
1762427651,0000004000000080,1165073006619,721,216
1762427673,0000000400000001,1165297771427,2774,217
1762427690,0000000400000008,1165464548644,3135,218
1762427713,0000000100000001,1165699454177,4599,219
1762427720,0000004000000080,1165770183869,338,220
1762427727,0000000400000080,1165831951233,1813,221
1762427736,0000000400000080,1165928966900,1168,222
1762427740,0000000100000080,1165961007336,4448,223
1762427755,0000000100000001,1166119977750,5258,224
1762427776,0000008000000008,1166329567634,3039,225
1762427786,0000000800000008,1166426341457,2407,226
1762427788,0000000800000080,1166445830871,1239,227
1762427802,0000008000000080,1166581397575,3480,228
1762427811,0000008000000080,1166679636286,2750,229
1762427813,0000000100000001,1166697445033,1689,230
1762427816,0000008000000080,1166729730470,4943,231
1762427843,0000008000000002,1166992992465,4694,232
1762427846,0000000100000002,1167027959027,2571,233
1762427854,0000008000000080,1167110826294,2784,234
1762427861,0000008000000008,1167177898699,3962,235
1762427915,0000000800000080,1167712014518,2981,236
1762427930,0000000800000002,1167864934540,4187,237
1762427971,0000000100000004,1168275459949,257,238
1762427971,0000004000000002,1168280489316,5146,239
1762427972,0000008000000004,1168281564706,5081,240
1762427976,0000000100000001,1168324213439,2506,241
1762427977,0000000100000001,1168333972434,1928,242
1762427988,0000000800000008,1168445715554,404,243
1762427999,0000000100000001,1168551775801,4421,244
1762428001,0000008000000080,1168580170405,2691,245
1762428008,0000004000000001,1168650305611,3683,246
1762428071,0000008000000080,1169277435167,2302,247
1762428075,0000004000000004,1169312026811,231,248
1762428079,0000000400000001,1169356991841,2707,249
1762428093,0000008000000008,1169491354419,5024,250
1762428098,0000000800000080,1169542314918,1955,251
1762428119,0000000400000001,1169759939176,4458,252
1762428122,0000004000000080,1169783600322,3020,253
1762428122,0000000400000080,1169785045935,2933,254
1762428127,0000000100000008,1169840262394,4815,255
1762428143,0000000100000004,1170000787209,350,256
1762428154,0000008000000002,1170109248760,4225,257
1762428173,0000000200000002,1170296240009,3352,258
1762428182,0000000100000001,1170383881692,3272,259
1762428194,0000000100000002,1170508132253,990,260
1762428204,0000000300000001,1170610454560,5222,261
1762428231,0000004000000004,1170876099479,4831,262
1762428240,0000000100000001,1170969173431,4433,263
1762428257,0000004000000002,1171138541868,4630,264
1762428262,0000000800000080,1171181669927,2024,265
1762428265,0000000100000001,1171217568789,5063,266
1762428272,000000c000000080,1171285602732,967,267
1762428287,0000000800000001,1171439591965,2091,268
1762428292,0000008000000002,1171487249849,4433,269
1762428304,0000000400000002,1171605257521,2506,270
1762428304,0000000100000001,1171609548313,2252,271
1762428308,0000000100000003,1171645516776,5285,272
1762428308,0000000800000004,1171645599353,5281,273
1762428317,0000000800000004,1171732447508,5251,274
1762428354,0000004000000004,1172106027835,3562,275
1762428369,0000004100000002,1172252996878,5103,276
1762428369,0000000400000002,1172256740965,4883,277
1762428378,0000000400000001,1172341036041,5003,278
1762428399,0000000800000008,1172555243247,2494,279
1762428402,0000000100000001,1172589481429,447,280
1762428405,0000000100000080,1172617835142,3944,281
1762428422,0000000100000080,1172788178626,4086,282
1762428429,0000000400000001,1172853116063,172,283
1762428438,0000008000000080,1172946376508,4947,284
1762428447,0000000100000004,1173035170110,4804,285
1762428458,0000000400000001,1173144264787,3431,286
1762428482,0000000100000001,1173381924186,4722,287
1762428492,0000000400000080,1173482596774,3863,288
1762428500,0000000800000004,1173565450211,4076,289
1762428505,0000000200000008,1173619076043,835,290
1762428511,0000000800000040,1173678679575,2437,291
1762428513,0000000400000001,1173691147564,1696,292
1762428524,0000004000000002,1173807694451,5072,293
1762428537,0000000300000003,1173933179637,2708,294
1762428542,0000008000000008,1173981256409,5021,295
1762428564,0000000400000002,1174200964830,2188,296
1762428564,0000000800000001,1174209934923,1653,297
1762428577,0000000100000001,1174334956970,4531,298
1762428579,0000000100000080,1174359489724,3042,299
1762428579,0000008000000080,1174360501133,2981,300
1762428580,0000000400000008,1174364480898,2735,301
1762428581,0000000400000001,1174371274325,2330,302
1762428588,0000004000000080,1174449314982,2829,303
1762428610,0000008000000004,1174667965755,5262,304
1762428613,0000008000000080,1174696131882,3574,305
1762428616,0000004000000008,1174721318786,2052,306
1762428632,0000000100000005,1174881790362,2782,307
1762428640,0000000800000080,1174968826647,2739,308
1762428686,0000008000000002,1175424988176,1277,309
1762428690,0000004000000002,1175468808327,3846,310
1762428693,0000004000000004,1175497204968,2123,311
1762428693,0000008000000001,1175498151216,2067,312
1762428710,0000008000000080,1175663479364,2503,313
1762428710,0000000800000008,1175669391378,2154,314
1762428712,0000004000000004,1175684708523,1236,315
1762428714,0000008000000080,1175704418878,5241,316
1762428747,0000000100000001,1176036922270,824,317
1762428766,0000000800000001,1176227713246,4933,318
1762428775,0000008000000080,1176312068740,5050,319
1762428776,0000000400000001,1176328924975,4047,320
1762428778,0000008000000080,1176344532976,3095,321
1762428780,0000008000000080,1176364516181,1894,322
1762428783,0000000400000008,1176391448503,278,323
1762428795,0000000800000008,1176519402653,2962,324
1762428796,0000000100000002,1176529483779,2354,325
1762428798,0000000100000080,1176543185008,1536,326
1762428804,0000004000000001,1176609732790,2716,327
1762428834,0000000800000004,1176907091908,422,328
1762428855,0000004000000002,1177114264187,3544,329
1762428856,0000008000000008,1177127873227,2712,330
1762428863,0000000100000080,1177196176150,3815,331
1762428866,0000000100000001,1177228056422,1889,332
1762428888,0000000100000001,1177442357601,4589,333
1762428888,0000008000000008,1177443012121,4550,334
1762428900,0000000800000004,1177566004371,2330,335
1762428900,0000008000000080,1177570311485,2073,336
1762428934,0000000100000003,1177908847776,2478,337
1762428946,0000008000000080,1178028470312,488,338
1762428951,0000000800000004,1178071906059,3063,339
1762428958,0000000100000080,1178150118578,3560,340
1762428959,0000000100000001,1178157402139,3115,341
1762428968,0000004000000080,1178249256783,2778,342
1762428971,0000000100000001,1178271217209,1465,343
1762428972,0000000100000080,1178288928917,402,344
1762428973,0000000100000001,1178298742128,5005,345
1762428974,0000004000000002,1178305626570,4599,346
1762428999,0000000100000001,1178557348758,5030,347
1762429018,0000000400000080,1178743844869,4210,348
1762429046,0000000100000008,1179030238717,2542,349
1762429051,0000000100000008,1179077995989,4877,350
1762429057,0000008000000080,1179137800790,1275,351
1762429060,0000008000000004,1179170311512,4525,352
1762429076,0000000400000002,1179327889693,233,353
1762429091,0000000400000002,1179475552500,1734,354
1762429101,0000004000000004,1179574321272,985,355
1762429155,0000000100000001,1180116796249,4721,356
1762429175,0000000100000001,1180313511795,3266,357
1762429176,0000004000000080,1180329621826,2292,358
1762429181,0000000800000008,1180378389654,4568,359
1762429182,0000000400000001,1180389609106,3893,360
1762429186,0000000400000004,1180421362505,1972,361
1762429195,0000000400000002,1180516347723,1453,362
1762429196,0000004000000001,1180523429648,1025,363
1762429198,0000000800000001,1180543459333,5016,364
1762429206,0000004000000080,1180625820805,5252,365
1762429207,0000000100000001,1180633617370,4791,366
1762429230,0000008000000008,1180863685738,1334,367
1762429230,0000000400000080,1180864740661,1271,368
1762429237,0000000800000002,1180939111846,1991,369
1762429238,0000004000000001,1180948353158,1437,370
1762429240,0000000100000001,1180962763008,571,371
1762429240,0000008000000004,1180970139470,5316,372
1762429244,0000004000000080,1181004315758,3263,373
1762429254,0000000800000002,1181110255899,2083,374
1762429256,0000004000000008,1181128569822,982,375
1762429271,0000004000000008,1181277107853,2428,376
1762429279,0000004000000008,1181359849810,2643,377
1762429285,0000000400000002,1181411850045,4725,378
1762429315,0000000400000002,1181717927183,1889,379
1762429318,0000000800000008,1181749083140,5206,380
1762429325,0000008000000080,1181819383709,977,381
1762429346,0000008000000080,1182025553226,4171,382
1762429348,0000000200000002,1182047453245,2835,383
1762429350,0000000800000008,1182062286570,1950,384
1762429350,0000004000000006,1182069698673,1504,385
1762429357,0000004000000080,1182131513088,2974,386
1762429362,0000008000000004,1182182399446,5111,387
1762429367,0000000800000002,1182237892180,1775,388
1762429379,0000008000000080,1182358188108,4927,389
1762429401,0000008000000080,1182573539030,2352,390
1762429404,0000000100000003,1182606273569,393,391
1762429410,0000000100000002,1182663102995,2162,392
1762429419,0000000400000080,1182754873303,1841,393
1762429444,0000000800000001,1183007975473,2192,394
1762429482,0000008000000080,1183390472326,2120,395
1762429483,0000000100000001,1183395038299,4887,396
1762429492,0000004000000008,1183489010932,4435,397
1762429500,0000000300000003,1183565210406,5034,398
1762429519,0000008000000001,1183756871624,3903,399
1762429530,0000000400000008,1183868219244,2381,400
1762429556,0000000100000004,1184126934370,2399,401
1762429576,0000000800000002,1184321006528,1119,402
1762429586,0000000800000080,1184421894262,249,403
1762429617,0000000100000001,1184736024632,2123,404
1762429635,0000000500000001,1184913881841,1814,405
1762429653,0000000800000080,1185097594064,1148,406
1762429669,0000008000000002,1185255666986,2028,407
1762429672,0000004000000080,1185280601367,531,408
1762429675,0000000800000080,1185319615721,3380,409
1762429684,0000004000000001,1185405638855,3398,410
1762429712,0000000800000002,1185688807254,1945,411
1762429716,0000008000000080,1185727074354,4841,412
1762429726,0000000100000080,1185820637947,4414,413
1762429728,0000008000000080,1185850482031,2597,414
1762429732,0000000100000002,1185888184668,341,415
1762429738,0000008000000080,1185948384634,1912,416
1762429742,0000000100000004,1185989365937,4649,417
1762429752,0000000100000001,1186080624803,4356,418
1762429754,000000c000000080,1186103288325,2977,419
1762429755,0000004000000080,1186111343042,2489,420
1762429755,0000000500000001,1186118123591,2086,421
1762429759,0000008000000080,1186151955574,5245,422
1762429761,0000000800000080,1186180429474,3540,423
1762429771,0000008000000080,1186276206795,2963,424
1762429785,0000000100000008,1186417307256,4871,425
1762429791,0000000100000002,1186475098481,1391,426
1762429805,0000000400000080,1186612790685,3500,427
1762429806,0000008000000008,1186622141512,2930,428
1762429807,0000008000000004,1186633273984,2259,429
1762429819,0000000400000008,1186760330032,5011,430
1762429838,0000004000000002,1186942128017,4473,431
1762429846,0000000100000001,1187023130012,4788,432
1762429856,0000000500000001,1187123739849,3935,433
1762429863,0000000100000001,1187191785141,5027,434
1762429872,0000000100000002,1187286929344,4508,435
1762429878,0000000100000006,1187344839988,1011,436
1762429897,0000000400000080,1187534568073,5179,437
1762429899,0000000100000001,1187555035084,3961,438
1762429902,0000000400000008,1187583858626,2211,439
1762429922,0000000100000001,1187790194681,194,440
1762429950,0000008000000080,1188064921783,4454,441
1762429957,0000000200000001,1188130648456,491,442
1762429962,0000000400000004,1188181680672,2601,443
1762429975,000000c000000001,1188315565460,4949,444
1762429995,0000000100000004,1188513348495,3439,445
1762429995,0000004000000080,1188520428407,3007,446
1762429996,0000000800000080,1188522336653,2891,447
1762429997,0000000400000002,1188532418422,2284,448
1762430002,0000004000000001,1188590265523,4015,449
1762430041,0000000800000008,1188974642202,1659,450
1762430043,0000000100000004,1188996330878,357,451
1762430065,0000000100000002,1189210837684,3027,452
1762430088,0000004000000002,1189444231420,4581,453
1762430098,0000008000000008,1189546460216,3623,454
1762430113,000000010000000c,1189694209146,5115,455
1762430126,0000000800000001,1189822534629,2581,456
1762430140,0000000400000080,1189964559466,4447,457
1762430148,0000008000000004,1190045166885,4787,458
1762430156,0000008000000008,1190129038201,4931,459
1762430160,0000000100000004,1190161554804,2971,460
1762430179,0000000400000001,1190355327654,1708,461
1762430182,0000008000000080,1190385121068,5108,462
1762430193,0000000400000004,1190497409189,3553,463
1762430208,0000000c00000004,1190650367872,4742,464
1762430221,0000000400000004,1190773747111,2497,465
1762430232,0000000400000008,1190890286661,691,466
1762430239,0000000800000008,1190958201368,1793,467
1762430253,0000000800000001,1191091714885,4167,468
1762430258,0000008000000080,1191141184679,1177,469
1762430271,0000000100000001,1191271593512,3730,470
1762430273,0000008000000080,1191291686645,2503,471
1762430289,0000008000000080,1191455058120,3071,472
1762430320,0000000100000001,1191767755574,5040,473
1762430320,0000008000000004,1191767946697,5028,474
1762430341,0000008000000008,1191973438500,3052,475
1762430346,0000008000000008,1192020776539,211,476
1762430349,0000000400000002,1192051848382,3536,477
1762430356,0000004000000002,1192125196021,4327,478
1762430363,0000000400000002,1192198671773,5087,479
1762430364,0000000100000001,1192208779280,4492,480
1762430389,0000008000000080,1192450780890,314,481
1762430422,0000000100000008,1192787407305,835,482
1762430436,000000c000000080,1192926104032,2877,483
1762430441,0000004000000080,1192972136987,5303,484
1762430441,0000000100000002,1192972868136,5261,485
1762430442,0000000100000002,1192989879011,4251,486
1762430445,0000000100000004,1193013601743,2805,487
1762430450,0000000100000001,1193061044788,5150,488
1762430467,0000000100000001,1193237233912,4943,489
1762430496,0000000800000002,1193529023942,2968,490
1762430498,0000000100000004,1193545836245,1959,491
1762430510,0000000100000001,1193667161003,5050,492
1762430514,0000008000000004,1193709901162,2470,493
1762430546,0000004000000001,1194028033251,4130,494
1762430576,0000008000000002,1194324899173,1841,495
1762430577,0000000400000004,1194337560953,1077,496
1762430589,0000004000000008,1194450629248,4674,497
1762430618,0000000400000002,1194747535890,2380,498
1762430631,0000004000000080,1194873099929,5219,499
1762430631,0000000100000001,1194876614791,5012,500
1762430645,0000008000000080,1195014788110,1893,501
1762430657,0000008000000002,1195138735968,4828,502
1762430666,0000000100000002,1195228108146,4652,503
1762430671,0000000400000002,1195274939198,1827,504
1762430677,0000008000000080,1195335844638,3357,505
1762430681,0000000100000080,1195378577591,785,506
1762430708,0000000400000002,1195645871508,291,507
1762430712,0000000800000004,1195688707494,2901,508
1762430714,0000000800000008,1195707528755,1774,509
1762430743,0000000800000080,1195991373909,284,510
1762430744,0000008000000080,1196004253945,4707,511
1762430753,0000000800000004,1196100156470,4137,512
1762430755,0000000100000001,1196112259587,3399,513
1762430756,0000000400000080,1196122297658,2784,514
1762430757,0000000800000004,1196131910562,2211,515
1762430762,0000000400000002,1196180893448,4474,516
1762430822,0000000800000001,1196786286029,4414,517
1762430828,0000000100000080,1196846324401,790,518
1762430834,0000000400000004,1196900727562,2703,519
1762430835,0000004000000002,1196917800869,1686,520
1762430836,0000000100000001,1196922729135,1389,521
1762430846,0000008000000080,1197029235882,179,522
1762430851,0000008000000008,1197070704133,2870,523
1762430854,0000000100000001,1197103610205,895,524
1762430858,0000000800000002,1197141679528,3809,525
1762430864,0000008000000080,1197207210916,5053,526
1762430886,0000000800000008,1197427902094,2160,527
1762430907,0000000100000001,1197640233060,4975,528
1762430929,0000008000000008,1197855341811,2413,529
1762430931,0000000800000008,1197878244247,1042,530
1762430934,0000000400000008,1197900625116,4895,531
1762430938,0000000400000002,1197946034828,2156,532
1762430962,0000000400000001,1198188593444,3149,533
1762430963,0000004000000004,1198199250763,2501,534
1762430964,0000008000000008,1198209186297,1910,535
1762430981,0000008000000002,1198375367146,2299,536
1762430990,0000008000000008,1198462078021,2276,537
1762430993,0000000100000001,1198494839933,314,538
1762431003,0000000200000002,1198597389610,4541,539
1762431014,0000004000000001,1198701284937,3478,540
1762431034,0000008000000080,1198904490995,1639,541
1762431045,0000000100000004,1199013727546,264,542
1762431080,0000000100000002,1199368004681,4922,543
1762431101,000000c000000080,1199577405661,2701,544
1762431104,0000000400000004,1199607939992,872,545
1762431126,0000000800000080,1199826945300,3282,546
1762431129,0000000100000080,1199857601789,1438,547
1762431141,0000008000000080,1199973257385,4871,548
1762431144,0000000400000004,1200002341376,3116,549
1762431148,0000000100000001,1200049561696,282,550
1762431150,0000008000000001,1200064792618,4567,551
1762431159,0000004000000008,1200155107929,4329,552
1762431191,0000000400000080,1200479963819,360,553
1762431196,0000000100000003,1200521403166,3055,554
1762431210,0000000800000004,1200666663922,4715,555
1762431215,0000000800000004,1200714601738,1824,556
1762431215,0000004000000009,1200714940586,1805,557
1762431226,0000000800000001,1200828773717,162,558
1762431228,0000004000000088,1200841961837,4562,559
1762431231,0000000400000002,1200870794415,2811,560
1762431232,0000000400000002,1200885940916,1907,561
1762431250,0000000400000080,1201069024604,1280,562
1762431253,0000000100000003,1201091670654,5111,563
1762431268,0000008000000008,1201248873945,848,564
1762431284,0000008000000008,1201400805971,2094,565
1762431290,0000000100000008,1201467535288,3278,566
1762431296,0000000100000001,1201527308395,4880,567
1762431301,0000008000000001,1201570952736,2247,568
1762431319,0000008000000004,1201754979222,1570,569
1762431324,000000c000000080,1201809096234,3512,570
1762431327,0000008000000002,1201837387240,1807,571
1762431339,0000000100000008,1201960082067,4818,572
1762431395,0000000400000001,1202510704989,2849,573
1762431405,0000004000000002,1202611640294,1975,574
1762431433,0000000100000001,1202896112211,449,575
1762431437,0000000800000001,1202937781981,3132,576
1762431439,0000004000000008,1202959242762,1843,577
1762431453,0000000100000001,1203090602530,4340,578
1762431455,0000008000000080,1203118170821,2660,579
1762431456,0000008000000008,1203120901072,2498,580
1762431461,0000000100000001,1203176725114,4354,581
1762431462,0000008000000001,1203184786766,3867,582
1762431472,0000001000000001,1203284692828,3039,583
1762431481,0000008200000080,1203375340276,2775,584
1762431482,0000004000000008,1203388537564,1988,585
1762431493,0000000100000008,1203490384962,1054,586
1762431511,0000004000000080,1203679634507,5251,587
1762431519,0000000800000004,1203755165601,710,588
1762431531,0000008000000001,1203874491064,3932,589
1762431555,0000000400000001,1204118169795,4847,590
1762431557,0000004000000001,1204139815320,3547,591
1762431559,0000008000000004,1204157452493,2473,592
1762431562,0000000400000002,1204189832118,535,593
1762431563,0000008000000080,1204193998690,60,594
1762431566,0000000400000080,1204221434938,3835,595
1762431568,0000004000000001,1204240716697,2656,596
1762431571,0000008000000080,1204280054659,302,597
1762431585,0000000100000001,1204417256234,2427,598
1762431589,0000000800000001,1204456359141,5274,599
1762431598,000000c000000080,1204541396926,165,600
1762431598,0000000100000008,1204542898607,5261,601
1762431623,0000000100000003,1204799068339,245,602
1762431631,0000000100000002,1204873448582,959,603
1762431635,0000008000000084,1204912247469,3831,604
1762431659,0000008000000008,1205157598849,4653,605
1762431694,0000000100000001,1205502835537,4660,606
1762431698,0000008000000004,1205543857630,2182,607
1762431728,0000000100000001,1205847713294,4691,608
1762431735,0000000400000080,1205914073924,692,609
1762431765,0000000100000080,1206212271079,3534,610
1762431784,0000000100000001,1206408607060,2104,611
1762431788,0000000100000001,1206449054327,4871,612
1762431801,0000000100000008,1206570534807,2746,613
1762431806,0000000200000001,1206624694822,4698,614
1762431831,0000000800000002,1206874383079,5250,615
1762431855,0000004000000001,1207118393499,959,616
1762431882,0000000100000001,1207384757499,523,617
1762431883,0000008000000080,1207397719719,4937,618
1762431896,0000008000000080,1207521604268,2668,619
1762431896,0000000100000008,1207528978782,2228,620
1762431908,0000000800000080,1207641565185,655,621
1762431912,0000000100000004,1207684959695,3237,622
1762431914,0000004000000002,1207706192247,1960,623
1762431923,0000008000000004,1207792449139,1965,624
1762431923,0000000100000001,1207794432625,1847,625
1762431929,0000000200000002,1207858705225,3173,626
1762431931,0000000400000004,1207877038448,2069,627
1762431952,0000008000000008,1208081411631,169,628
1762431955,0000000400000004,1208113985707,3402,629
1762431964,0000000100000002,1208200086062,3417,630
1762431971,0000008000000080,1208279823251,3822,631
1762431974,0000000800000002,1208309841917,2004,632
1762432012,0000000400000004,1208681130255,450,633
1762432022,0000000400000002,1208781195556,4821,634
1762432027,0000008000000080,1208835962153,1522,635
1762432031,0000004000000002,1208877554030,4226,636
1762432031,0000008000000001,1208879496116,4109,637
1762432038,0000008000000080,1208940640311,421,638
1762432042,0000008000000080,1208984630130,2963,639
1762432060,0000004000000004,1209169469125,2231,640
1762432068,000000c000000080,1209245616787,2844,641
1762432077,0000000100000001,1209335430752,2630,642
1762432085,0000000800000001,1209415905077,2989,643
1762432091,0000000800000001,1209478815205,4414,644
1762432123,0000008000000080,1209795790999,915,645
1762432129,0000008000000080,1209858545826,2330,646
1762432129,0000004000000080,1209859035556,2300,647
1762432132,0000008000000008,1209887047361,622,648
1762432137,0000000800000002,1209936846002,2814,649
1762432138,0000004000000008,1209942456470,2473,650
1762432141,0000000800000080,1209975011329,526,651
1762432141,0000000100000004,1209975432503,501,652
1762432143,0000008000000004,1209999450332,4261,653
1762432144,0000000400000001,1210008771682,3695,654
1762432179,0000000100000003,1210359704213,3354,655
1762432187,0000008000000080,1210439681340,3745,656
1762432188,0000004800000004,1210444451126,3453,657
1762432198,0000000100000001,1210546479899,2498,658
1762432215,0000000100000001,1210715704735,2707,659
1762432227,0000004000000004,1210831418658,947,660
1762432230,0000004000000004,1210862450924,4286,661
1762432232,0000000100000001,1210884337034,2954,662
1762432236,0000000100000003,1210927205553,383,663
1762432247,0000000100000002,1211031784212,4487,664
1762432253,0000000400000080,1211097915154,501,665
1762432270,0000008000000080,1211263533688,921,666
1762432283,0000000400000001,1211396139654,3337,667
1762432283,0000000400000004,1211397221382,3269,668
1762432285,0000000800000002,1211413002642,2314,669
1762432295,0000000400000080,1211514360506,1418,670
1762432296,000000010000000c,1211529727096,495,671
1762432301,0000000800000080,1211571281946,3185,672
1762432302,0000000800000008,1211583094388,2466,673
1762432302,0000000800000008,1211586063717,2291,674
1762432334,0000000100000001,1211906127453,3830,675
1762432361,0000004000000001,1212177122044,6197,676
1762432362,0000000800000002,1212185742606,2572,677
1762432393,0000000400000004,1212493687801,4840,678
1762432394,0000008000000008,1212507465354,4016,679
1762432397,0000000400000001,1212534091847,2397,680
1762432424,0000008000000004,1212800620827,1952,681
1762432428,0000008000000080,1212846121760,4420,682
1762432465,0000000100000008,1213213586497,3078,683
1762432470,0000000100000001,1213265322632,5161,684
1762432484,0000000800000001,1213403196355,2060,685
1762432500,0000000800000002,1213564211046,2756,686
1762432504,0000000100000001,1213601761595,509,687
1762432547,0000008000000002,1214031519417,625,688
1762432562,0000000400000080,1214187112891,1653,689
1762432591,0000000100000001,1214470384303,198,690
1762432603,0000000400000004,1214594894654,3089,691
1762432605,0000008000000080,1214615756530,1838,692
1762432626,0000000400000001,1214823775457,4909,693
1762432636,0000000200000001,1214922326720,4183,694
1762432644,0000000400000001,1215002447053,4556,695
1762432672,0000000100000001,1215285161434,3118,696
1762432682,0000008000000080,1215388219014,2113,697
1762432694,0000000100000001,1215508748493,5252,698
1762432722,0000008000000080,1215782833051,4359,699
1762432729,0000008000000080,1215858344293,5001,700
1762432745,0000000100000080,1216017431772,624,701
1762432747,0000004800000002,1216037904973,4595,702
1762432778,0000000400000001,1216341512010,1905,703
1762432786,0000004000000004,1216426120000,2007,704
1762432789,0000000400000008,1216455339150,254,705
1762432792,0000000100000080,1216489347125,3401,706
1762432805,0000008000000080,1216612526350,1182,707
1762432813,0000004000000002,1216699691790,1133,708
1762432815,0000008000000080,1216716838098,5294,709
1762432829,0000000c00000002,1216853989329,2236,710
1762432834,0000004000000008,1216899776511,4687,711
1762432834,0000000800000008,1216906672965,4277,712
1762432845,0000004000000080,1217019179400,2683,713
1762432851,0000008000000004,1217077284241,4403,714
1762432854,0000000100000008,1217107735977,2550,715
1762432876,0000008000000004,1217327120582,4946,716
1762432884,0000000400000008,1217402831503,392,717
1762432886,0000000800000001,1217423240930,4367,718
1762432889,0000000200000001,1217456514352,2347,719
1762432898,0000000800000002,1217540415871,2492,720
1762432898,0000008000000080,1217544509957,2250,721
1762432918,0000000100000008,1217742788573,718,722
1762432919,0000008000000080,1217758160838,4985,723
1762432922,0000000100000001,1217783606414,3457,724
1762432924,0000004000000080,1217801651984,2363,725
1762432924,0000000800000002,1217803966587,2225,726
1762432943,0000000100000080,1217989934249,1430,727
1762432954,0000000400000001,1218104839153,4909,728
1762432963,0000000800000001,1218191778818,4873,729
1762432966,0000004000000080,1218227563606,2711,730
1762432966,0000008000000080,1218229327852,2603,731
1762432983,0000000400000080,1218392215742,3199,732
1762433001,0000000400000003,1218569987610,2890,733
1762433010,0000008000000080,1218667208489,2237,734
1762433020,0000000800000002,1218764494924,1584,735
1762433026,0000000200000008,1218822975354,3259,736
1762433027,0000000800000080,1218830972725,2770,737
1762433049,0000000400000002,1219053107595,4999,738
1762433061,0000000100000001,1219179065195,2606,739
1762433069,0000000100000080,1219250205503,3534,740
1762433079,0000000800000001,1219359030108,2173,741
1762433081,0000008000000080,1219376465749,1125,742
1762433083,0000000400000008,1219389960275,319,743
1762433087,0000000100000001,1219433054549,2913,744
1762433103,0000000100000080,1219593904137,3636,745
1762433114,0000000100000001,1219704321071,2176,746
1762433116,0000004000000008,1219721469382,1148,747
1762433135,0000000400000080,1219912374243,5244,748
1762433159,0000000800000008,1220152883733,1166,749
1762433161,0000004000000004,1220177876113,4861,750
1762433186,0000000800000004,1220426939221,268,751
1762433187,0000004000000080,1220436633692,4879,752
1762433196,0000000800000004,1220529639319,4487,753
1762433204,0000000800000002,1220602348800,5292,754
1762433208,000000800000000c,1220644726574,2739,755
1762433208,0000000400000002,1220648246124,2524,756
1762433227,0000000400000002,1220837133855,1560,757
1762433238,0000000100000008,1220940770117,521,758
1762433244,0000000800000008,1220999922771,2145,759
1762433254,0000008000000004,1221105152172,1018,760
1762433281,0000000100000001,1221379513316,5286,761
1762433286,0000004000000004,1221422161639,2716,762
1762433309,0000004000000001,1221658115343,4126,763
1762433332,0000008000000080,1221888443427,647,764
1762433336,0000000100000001,1221920874714,3900,765
1762433338,0000008000000008,1221942884487,2555,766
1762433361,0000004000000002,1222174921184,4201,767
1762433364,0000008000000080,1222207456655,2227,768
1762433365,0000000800000001,1222216086545,1715,769
1762433370,0000004000000002,1222259821520,4288,770
1762433371,0000008000000001,1222274497526,3395,771
1762433380,0000000800000002,1222369591576,2861,772
1762433382,0000000100000002,1222381638464,2139,773
1762433382,0000008000000001,1222382835619,2068,774
1762433383,0000008000000008,1222396276104,1261,775
1762433407,0000000100000001,1222630114695,2771,776
1762433426,0000008000000002,1222827387121,1299,777
1762433428,0000004000000080,1222844964743,244,778
1762433437,0000008000000080,1222935029887,5208,779
1762433531,0000000400000004,1223877453510,463,780
1762433537,0000008000000080,1223934503399,2216,781
1762433554,0000008000000080,1224100972499,2585,782
1762433561,0000000100000080,1224179479981,3064,783
1762433563,0000008000000080,1224197895375,1960,784
1762433572,0000004000000001,1224283246707,2018,785
1762433572,0000000800000004,1224287612977,1759,786
1762433579,0000000200000004,1224351187683,3125,787
1762433588,0000008000000080,1224447175947,2529,788
1762433607,0000008000000001,1224630892074,1884,789
1762433614,0000000100000001,1224700078419,2910,790
1762433626,0000008000000080,1224826772594,491,791
1762433678,0000000800000004,1225340782556,731,792
1762433682,0000000400000002,1225389547773,2988,793
1762433683,0000000100000001,1225394825582,2665,794
1762433689,0000000800000002,1225452161857,4431,795
1762433693,0000000400000001,1225493652825,1926,796
1762433695,0000000800000004,1225516479314,552,797
1762433702,0000008000000008,1225585958013,1566,798
1762433704,0000004000000080,1225601952183,604,799
1762433705,0000004000000008,1225614625260,5034,800
1762433718,0000000100000003,1225748903032,2147,801
1762433744,0000008800000020,1226005373469,2299,802
1762433747,0000004000000008,1226038947130,288,803
1762433780,0000000c00000001,1226360968273,1691,804
1762433790,0000000100000001,1226460727680,881,805
1762433791,0000000800000008,1226472070947,205,806
1762433792,0000008000000080,1226484979246,4627,807
1762433802,0000000400000002,1226585015595,3804,808
1762433804,0000000400000008,1226608826966,2356,809
1762433808,0000000200000004,1226645234058,175,810
1762433809,0000004000000080,1226653308321,4884,811
1762433812,0000008000000008,1226687439087,2821,812
1762433814,0000000100000080,1226704548030,1799,813
1762433841,0000000100000080,1226978765915,883,814
1762433863,0000000400000004,1227197559274,3306,815
1762433864,0000000100000001,1227206236595,2777,816
1762433882,0000004000000008,1227383688396,2488,817
1762433896,0000000800000008,1227523744386,4471,818
1762433907,0000000400000008,1227637303218,2816,819
1762433919,0000000100000001,1227750380674,1213,820
1762433920,0000000400000001,1227763646341,419,821
1762433925,0000000100000004,1227812430989,2665,822
1762433926,0000008000000004,1227825833441,1870,823
1762433932,0000000100000001,1227889424722,3239,824
1762433956,0000000400000001,1228124756477,4671,825
1762433959,0000000100000001,1228156528725,2744,826
1762433976,0000000400000080,1228319785718,3321,827
1762433996,0000000400000001,1228525753541,1318,828
1762434005,0000008000000004,1228616225932,1067,829
1762434011,0000000800000080,1228674072536,2778,830
1762434016,0000000100000001,1228726200116,4847,831
1762434033,0000000100000001,1228890327942,167,832
1762434055,0000000200000004,1229111535732,2431,833
1762434059,0000000100000004,1229153207295,5125,834
1762434074,0000008000000008,1229305260828,1171,835
1762434079,0000004000000008,1229355208813,3363,836
1762434087,0000008000000080,1229432271333,3932,837
1762434097,000000c000000080,1229534526510,2960,838
1762434098,0000000100000008,1229541212635,2551,839
1762434105,0000000100000008,1229609592334,3649,840
1762434109,0000000100000001,1229649947840,1213,841
1762434115,0000004000000008,1229714409074,2521,842
1762434137,0000000800000001,1229937134619,4722,843
1762434172,0000000400000004,1230287926447,4400,844
1762434175,0000000100000001,1230310459958,3030,845
1762434189,000000c000000080,1230449869098,5035,846
1762434204,0000008000000001,1230604650975,916,847
1762434219,0000000800000001,1230751574124,2459,848
1762434225,0000000100000080,1230810335100,4141,849
1762434231,0000004000000002,1230877266572,5291,850
1762434234,0000000400000080,1230905137663,3625,851
1762434244,0000008000000080,1231006287248,2721,852
1762434250,0000000c00000001,1231063665215,4481,853
1762434251,0000004000000008,1231076954452,3678,854
1762434253,0000000400000004,1231090749042,2836,855
1762434257,0000000400000002,1231132726898,320,856
1762434296,0000004000000004,1231526139588,2611,857
1762434297,0000004000000004,1231536156331,2016,858
1762434300,0000000100000001,1231566704466,183,859
1762434318,0000000100000001,1231742236557,5201,860
1762434333,0000000100000001,1231890423466,1484,861
1762434340,0000008000000008,1231965191022,2175,862
1762434348,0000000800000080,1232047587952,2411,863
1762434349,0000008000000008,1232054847566,1979,864
1762434353,0000000100000001,1232090926858,5006,865
1762434396,0000000800000004,1232522494809,5013,866
1762434398,0000000400000008,1232545229914,3652,867
1762434411,0000008000000002,1232672075096,1208,868
1762434426,0000000400000004,1232828739385,2168,869
1762434429,0000008000000084,1232852977464,715,870
1762434437,0000000100000080,1232934430908,1006,871
1762434440,0000008000000080,1232964052996,4432,872
1762434440,0000000400000080,1232968431105,4170,873
1762434441,0000000800000002,1232977592734,3612,874
1762434448,0000008000000008,1233043551745,4836,875
1762434454,0000000100000004,1233107802202,966,876
1762434480,0000000100000006,1233367824796,906,877
1762434493,0000008000000080,1233497147567,3521,878
1762434498,0000008000000080,1233541753033,832,879
1762434506,0000008000000080,1233620874476,1268,880
1762434514,0000000400000080,1233700963882,1646,881
1762434524,0000000100000004,1233805759948,535,882
1762434525,0000000100000008,1233811759308,177,883
1762434551,0000000100000001,1234072744307,5247,884
1762434556,0000000800000001,1234128942082,1870,885
1762434557,0000000200000002,1234131988043,1688,886
1762434560,0000000100000004,1234169151648,4654,887
1762434561,0000000200000001,1234171430129,4518,888
1762434573,0000004000000080,1234293105916,2375,889
1762434578,0000004000000002,1234344900487,4472,890
1762434580,0000000100000008,1234369257186,2992,891
1762434587,000000010000000c,1234431755498,4441,892
1762434587,0000008000000080,1234432901213,4372,893
1762434600,0000000800000002,1234562609106,1753,894
1762434601,0000004000000001,1234572881838,1132,895
1762434625,0000000800000004,1234810204500,2431,896
1762434628,0000000400000001,1234841195187,577,897
1762434629,0000004000000080,1234850572511,5204,898
1762434629,0000008000000002,1234852254199,5105,899
1762434635,0000000100000080,1234910793105,1584,900
1762434647,0000000800000001,1235033688070,4589,901
1762434652,0000008000000080,1235079821828,1804,902
1762434667,0000000400000002,1235238513868,2637,903
1762434670,0000000100000008,1235265733039,1006,904
1762434676,0000000400000001,1235320598835,2898,905
1762434681,0000000100000080,1235378999336,4591,906
1762434684,0000000200000001,1235401634495,3220,907
1762434692,0000004800000080,1235486905951,3286,908
1762434694,0000000100000004,1235502498740,2341,909
1762434697,0000000200000002,1235537119790,268,910
1762434707,0000000100000002,1235632487014,4919,911
1762434710,0000000100000001,1235668922081,5431,912
1762434711,0000004000000080,1235677389063,2211,913
1762434716,0000000800000002,1235722557962,4699,914
1762434727,0000000200000002,1235831784366,3315,915
1762434731,0000000100000004,1235877935905,542,916
1762434733,0000004000000080,1235894012033,4773,917
1762434737,0000004000000080,1235937326779,2155,918
1762434741,0000008000000008,1235975600231,5053,919
1762434757,0000000100000002,1236139126683,411,920
1762434759,0000000100000002,1236150432664,4924,921
1762434772,0000000100000002,1236284475786,2051,922
1762434773,0000000400000002,1236293869385,1489,923
1762434774,0000000800000080,1236303801569,890,924
1762434792,0000000400000008,1236487563670,227,925
1762434802,0000008000000080,1236588509871,4551,926
1762434817,0000000400000001,1236731534489,1129,927
1762434820,0000004000000001,1236767076925,4199,928
1762434832,0000000400000001,1236888353867,2083,929
1762434838,0000000100000001,1236949101114,3631,930
1762434843,0000000400000008,1236991620195,1064,931
1762434871,0000004000000004,1237273779759,4874,932
1762434885,0000000400000006,1237411569826,1776,933
1762434923,0000004000000002,1237791220698,4909,934
1762434931,0000004000000004,1237878164350,4875,935
1762434934,0000004000000001,1237900172224,3553,936
1762434935,0000000100000003,1237909926574,2956,937
1762434961,0000004000000080,1238178448136,2383,938
1762434966,0000000800000001,1238226743907,4686,939
1762434975,0000004000000002,1238315670926,4534,940
1762434983,0000000100000001,1238396134930,4880,941
1762434984,0000000100000008,1238400865530,4602,942
1762435016,0000000100000001,1238727907106,504,943
1762435022,0000000400000004,1238784742957,2273,944
1762435031,0000000100000002,1238873435433,2132,945
1762435046,0000004000000080,1239026162750,3338,946
1762435061,0000004000000080,1239171038130,5009,947
1762435066,0000004000000002,1239221670740,1962,948
1762435073,0000008000000080,1239290975579,2985,949
1762435078,0000000800000008,1239342648160,5073,950
1762435082,0000000400000001,1239380327468,2802,951
1762435089,0000004000000080,1239451589729,3722,952
1762435089,0000000100000080,1239458418003,3305,953
1762435100,0000000400000008,1239562788432,2216,954
1762435105,0000000400000004,1239616108768,4219,955
1762435115,0000008000000080,1239718649547,3231,956
1762435135,0000008000000080,1239918729777,1585,957
1762435137,0000004000000001,1239932511827,754,958
1762435140,0000000400000001,1239965214711,3992,959
1762435154,000000c000000080,1240108695536,547,960
1762435157,0000004000000004,1240132959899,4291,961
1762435160,0000000400000002,1240165079647,2341,962
1762435168,0000008000000080,1240248292933,2526,963
1762435190,0000008000000080,1240461615804,5282,964
1762435191,0000000400000002,1240471420443,4703,965
1762435200,0000008000000080,1240562127092,4445,966
1762435202,0000000800000080,1240583925854,3119,967
1762435203,0000004000000008,1240595792894,2399,968
1762435205,0000008000000080,1240615922582,1195,969
1762435222,0000008000000080,1240782143919,1586,970
1762435224,0000000100000002,1240804556362,240,971
1762435237,0000000200000080,1240930364888,3054,972
1762435251,0000000100000001,1241078435190,4548,973
1762435255,0000000100000001,1241111447081,2542,974
1762435276,0000004000000080,1241321024710,335,975
1762435278,0000008000000080,1241343499441,4186,976
1762435291,0000000100000001,1241469872803,1768,977
1762435293,0000008000000080,1241490436294,531,978
1762435298,0000000100000008,1241540097757,2730,979
1762435304,0000008000000008,1241603218161,4146,980
1762435304,0000000800000008,1241605752640,3993,981
1762435331,0000000800000080,1241873372203,3468,982
1762435342,0000000100000002,1241982558231,2088,983
1762435350,0000004000000080,1242059593576,2641,984
1762435372,0000000800000001,1242288899598,4451,985
1762435374,0000004000000004,1242308565698,3255,986
1762435376,0000000400000001,1242320705305,2514,987
1762435377,0000004000000002,1242338264938,1470,988
1762435392,0000000100000001,1242482451972,3182,989
1762435404,000000cd0000008f,1242599718419,1323,990
1762435451,0000000800000004,1243074815233,3919,991
1762435458,0000000400000008,1243146596945,4790,992
1762435507,0000008000000008,1243634457402,1408,993
1762435511,0000004000000001,1243677367543,4030,994
1762435514,0000008000000001,1243706010547,2292,995
1762435520,0000000100000001,1243760725731,4211,996
1762435525,0000000100000008,1243812384701,1090,997
1762435542,0000000800000001,1243986836607,983,998
1762435552,0000000100000005,1244088325721,5264,999
1762435553,0000000400000002,1244088605015,5249,1000
1762435556,0000000200000002,1244120903948,3310,1001
1762435566,0000008000000008,1244220743330,2489,1002
1762435569,0000008000000080,1244249883897,744,1003
1762435575,0000008000000001,1244313365849,2119,1004
1762435577,0000008000000080,1244337880956,645,1005
1762435584,0000000100000080,1244407949742,1624,1006
1762435597,0000008000000080,1244530712239,4635,1007
1762435597,0000000100000002,1244533810337,4452,1008
1762435609,0000000100000002,1244656490964,2250,1009
1762435616,0000000100000001,1244726944135,3208,1010
1762435633,0000004000000003,1244893085707,3611,1011
1762435635,0000000100000001,1244914118192,2333,1012
1762435647,0000008000000080,1245034245932,310,1013
1762435668,0000000100000002,1245247752504,3043,1014
1762435674,0000000800000008,1245303208901,4905,1015
1762435678,0000008000000008,1245342878873,2507,1016
1762435679,0000000100000001,1245355432248,1763,1017
1762435696,0000000100000080,1245522197178,2114,1018
1762435738,0000000400000001,1245946799186,2537,1019
1762435783,0000004000000002,1246389356473,1895,1020
1762435791,0000000800000080,1246469156100,2284,1021
1762435808,0000000400000080,1246639910005,2398,1022
1762435820,0000000100000001,1246767295469,5127,1023
1762435824,0000008000000002,1246809047482,2608,1024
1762435826,0000000100000001,1246823069023,1776,1025
1762435831,0000000100000080,1246875007542,3853,1026
1762435844,0000000100000001,1247001761297,1414,1027
1762435847,0000008000000080,1247031138863,4844,1028
1762435847,0000004000000004,1247038623385,4401,1029
1762435856,0000008000000080,1247124894960,4405,1030
1762435856,0000008000000002,1247125398156,4376,1031
1762435858,0000008000000080,1247149038056,2939,1032
1762435864,0000000100000001,1247206472603,4687,1033
1762435871,0000000800000008,1247278501493,352,1034
1762435876,0000004000000008,1247328161039,2546,1035
1762435899,0000008000000004,1247555349950,4481,1036
1762435905,0000008000000080,1247618705238,663,1037
1762435919,0000008000000080,1247753684155,2923,1038
1762435938,0000000100000001,1247948519187,1596,1039
1762435958,0000000800000002,1248145845893,5305,1040
1762435984,0000000800000008,1248400478672,381,1041
1762435997,0000004000000004,1248531201888,2897,1042
1762435999,0000000100000081,1248553191471,1580,1043
1762436006,0000000300000001,1248627605168,2290,1044
1762436016,0000004000000004,1248720844294,1882,1045
1762436023,0000008000000080,1248795340617,2584,1046
1762436031,0000008000000001,1248871476341,3208,1047
1762436040,0000000100000001,1248965589953,2734,1048
1762436041,0000000400000002,1248969150743,2518,1049
1762436050,0000000800000002,1249063057398,2070,1050
1762436058,0000000800000002,1249141247570,2554,1051
1762436068,0000004000000004,1249243672830,1595,1052
1762436068,0000004000000006,1249244980221,1516,1053
1762436068,0000000800000080,1249248627435,1297,1054
1762436091,0000002000000002,1249475714864,3219,1055
1762436092,0000000200000001,1249485136808,2642,1056
1762436101,0000000800000004,1249570996123,2672,1057
1762436106,0000008000000008,1249622014011,4811,1058
1762436110,0000004000000002,1249662606123,2359,1059
1762436123,0000000800000001,1249797243123,4662,1060
1762436140,0000004000000008,1249962960789,5072,1061
1762436143,0000000100000004,1249997183673,3012,1062
1762436143,0000004000000004,1249998511892,2931,1063
1762436145,0000000100000003,1250013781832,2014,1064
1762436171,0000000400000001,1250270966778,2123,1065
1762436207,0000004000000004,1250637908494,828,1066
1762436210,0000000100000001,1250665028004,4404,1067
1762436217,0000008000000080,1250734156136,236,1068
1762436239,0000008000000080,1250957604253,2368,1069
1762436240,0000000100000080,1250966893783,1817,1070
1762436243,0000000800000002,1250997404944,5175,1071
1762436266,0000008000000002,1251220038293,2166,1072
1762436268,0000008000000008,1251241765632,861,1073
1762436278,0000000400000001,1251345341477,5020,1074
1762436280,0000000100000001,1251359609593,4175,1075
1762436282,0000000100000003,1251383651678,2707,1076
1762436313,0000000400000001,1251695011677,4768,1077
1762436325,0000004000000080,1251817217312,2594,1078
1762436326,0000000100000001,1251819613278,2451,1079
1762436330,0000008000000008,1251868436608,4724,1080
1762436334,0000008000000080,1251902560010,2656,1081
1762436386,0000000800000008,1252428293427,2199,1082
1762436394,0000008000000080,1252503518714,2868,1083
1762436407,0000000100000004,1252635341832,5327,1084
1762436410,0000000100000080,1252660088594,3851,1085
1762436411,0000008000000080,1252673622755,3023,1086
1762436412,0000008000000080,1252679016903,2695,1087
1762436430,0000008000000008,1252867671258,1743,1088
1762436447,0000008000000080,1253037483106,1917,1089
1762436471,0000008000000001,1253271419492,3427,1090
1762436501,0000000100000080,1253576545746,654,1091
1762436525,0000008000000080,1253809309203,2227,1092
1762436529,0000000400000002,1253855330034,4667,1093
1762436529,0000000100000001,1253856114766,4619,1094
1762436554,0000000100000001,1254107611761,5064,1095
1762436560,0000000800000001,1254163732512,1689,1096
1762436573,0000000400000008,1254297206641,4059,1097
1762436591,0000008000000002,1254469333164,4092,1098
1762436612,0000000100000008,1254686921489,1380,1099
1762436618,0000000400000002,1254742600839,3224,1100
1762436625,0000004000000002,1254817463445,3925,1101
1762436647,0000008000000008,1255036775526,1108,1102
1762436650,0000004000000001,1255068012239,4437,1103
1762436652,0000008000000080,1255082857081,3536,1104
1762436665,0000000400000008,1255215672831,736,1105
1762436667,0000000100000001,1255232233400,4937,1106
1762436671,0000000100000002,1255271967884,2534,1107
1762436685,0000000200000001,1255409155953,4681,1108
1762436691,0000000100000001,1255472852853,847,1109
1762436697,0000008000000008,1255530861089,2545,1110
1762436699,0000004000000004,1255548885430,1468,1111
1762436699,0000000100000008,1255558362877,897,1112
1762436706,0000000800000080,1255624382368,2118,1113
1762436751,0000004000000001,1256071591768,1187,1114
1762436768,000000c00000000a,1256241896605,1333,1115
1762436772,0000000100000002,1256288207170,3748,1116
1762436776,0000008000000004,1256319935587,1833,1117
1762436800,0000004000000080,1256562196975,2836,1118
1762436805,0000004000000002,1256616913487,4749,1119
1762436811,0000000400000002,1256676575583,1152,1120
1762436844,0000000400000002,1257005041993,2167,1121
1762436846,0000000100000002,1257028630480,753,1122
1762436848,0000008000000080,1257045709825,4922,1123
1762436851,0000000400000004,1257078620486,2935,1124
1762436854,0000008000000002,1257101580764,1558,1125
1762436855,0000000400000004,1257110826621,1001,1126
1762436855,0000000100000002,1257114223509,799,1127
1762436875,0000008000000004,1257314828058,4324,1128
1762436916,0000000400000008,1257723356533,516,1129
1762436923,0000008000000002,1257793357229,1498,1130
1762436945,000000c000000080,1258017988574,3572,1131
1762436982,0000008000000080,1258380536688,2523,1132
1762436993,0000000400000002,1258498755960,617,1133
1762437008,0000000100000003,1258638963563,2560,1134
1762437030,0000000800000004,1258867656200,4405,1135
1762437039,0000000100000002,1258949343057,4683,1136
1762437049,0000004000000008,1259058066526,3329,1137
1762437056,0000000200000004,1259119965602,4804,1138
1762437063,0000000400000004,1259195637328,250,1139
1762437064,0000004000000004,1259201554230,5085,1140
1762437071,0000000800000008,1259271566470,872,1141
1762437076,0000008000000008,1259322882051,2977,1142
1762437107,0000000800000001,1259632905702,5105,1143
1762437126,0000008000000001,1259825504741,3920,1144
1762437127,0000000100000001,1259836167396,3268,1145
1762437130,0000000800000080,1259858926665,1898,1146
1762437153,0000000100000080,1260089866552,3595,1147
1762437162,0000008000000080,1260178987938,3424,1148
1762437165,0000004000000001,1260215228294,1240,1149
1762437171,0000008000000080,1260276512513,2740,1150
1762437177,0000000100000001,1260330415666,4708,1151
1762437183,000000c800000080,1260394830335,825,1152
1762437185,0000008000000080,1260412883990,4935,1153
1762437202,0000000400000004,1260587334133,4832,1154
1762437216,0000008000000080,1260722280225,1904,1155
1762437242,0000004000000001,1260987857182,1510,1156
1762437245,0000008000000080,1261015788859,5024,1157
1762437245,0000000400000008,1261017080936,4948,1158
1762437255,0000004000000001,1261113753906,4337,1159
1762437262,0000000100000001,1261184558085,5256,1160
1762437272,0000000400000002,1261282543910,4568,1161
1762437273,0000008000000080,1261293594642,3907,1162
1762437273,0000004000000080,1261294817350,3830,1163
1762437291,0000000800000080,1261469530721,3706,1164
1762437336,0000008000000080,1261923018875,2384,1165
1762437338,0000000800000080,1261943683598,1144,1166
1762437339,0000004000000001,1261949645908,787,1167
1762437361,0000000800000004,1262177071570,2680,1168
1762437364,0000000100000004,1262206521784,915,1169
1762437369,0000004000000080,1262256176848,3122,1170
1762437402,0000000100000004,1262587387110,3987,1171
1762437413,0000000800000004,1262698071044,2503,1172
1762437424,0000000800000080,1262805853292,1222,1173
1762437478,0000000800000008,1263348391424,4946,1174
1762437494,0000000800000008,1263503340399,816,1175
1762437521,0000008000000080,1263769400229,398,1176
1762437521,0000000400000004,1263770186393,350,1177
1762437534,0000008000000080,1263904344797,2655,1178
1762437550,0000000400000080,1264064941015,3394,1179
1762437560,0000008000000004,1264166356606,2476,1180
1762437572,0000000400000002,1264284700171,563,1181
1762437575,0000008000000008,1264315184938,3931,1182
1762437582,0000008000000080,1264381305233,5136,1183
1762437586,0000000400000004,1264425433727,2475,1184
1762437592,0000004000000008,1264482353067,4265,1185
1762437596,0000000100000001,1264523030948,1806,1186
1762437607,000000040000000a,1264632864281,397,1187
1762437636,0000004000000080,1264921191011,3836,1188
1762437660,0000008000000080,1265161468905,4955,1189
1762437736,0000000400000008,1265920383013,852,1190
1762437736,0000000800000080,1265920893538,821,1191
1762437746,0000000800000001,1266028099378,4766,1192
1762437759,0000000800000008,1266158154437,2128,1193
1762437812,0000000800000002,1266683671399,1684,1194
1762437816,0000004000000001,1266719810183,4710,1195
1762437863,0000000100000004,1267196295722,2008,1196
1762437864,0000004000000001,1267198893540,1853,1197
1762437867,0000000800000001,1267237774851,4717,1198
1762437880,000000c000000080,1267359043818,2598,1199
1762437915,0000000400000002,1267712719926,2104,1200
1762437918,0000000100000001,1267741015949,410,1201
1762437922,0000004000000080,1267784442030,2985,1202
1762437925,0000004000000001,1267810469228,1424,1203
1762437941,0000008000000008,1267969871351,2217,1204
1762437941,0000000500000002,1267973275843,2014,1205
1762437944,0000004000000002,1268005989835,5241,1206
1762437947,0000000100000001,1268035657463,3461,1207
1762437953,0000004000000008,1268096238781,5010,1208
1762437967,0000004000000008,1268229399470,2187,1209
1762437980,0000008000000080,1268366487391,4346,1210
1762437988,0000000400000080,1268448287456,4615,1211
1762437995,0000000400000002,1268514339024,635,1212
1762438004,000000800000000c,1268600247602,660,1213
1762438020,0000004000000001,1268758881204,1505,1214
1762438042,0000008000000080,1268979790169,3807,1215
1762438044,0000004000000001,1269000129175,2565,1216
1762438080,0000000400000080,1269365792858,1356,1217
1762438082,0000000400000001,1269381936627,387,1218
1762438100,0000000400000004,1269564008680,5014,1219
1762438108,0000000100000001,1269639642929,465,1220
1762438113,0000000800000002,1269689959226,2619,1221
1762438123,0000008000000002,1269793862132,1575,1222
1762438163,0000000800000080,1270196664664,3315,1223
1762438164,0000004000000080,1270204620546,2828,1224
1762438179,0000000200000080,1270354066259,4245,1225
1762438180,0000000100000080,1270364860487,3589,1226
1762438192,0000008000000080,1270483619964,1636,1227
1762438194,0000008000000080,1270506279640,274,1228
1762438210,0000004000000001,1270660370923,1390,1229
1762438237,0000000100000004,1270931718376,650,1230
1762438247,0000000100000001,1271035716680,4786,1231
1762438265,0000000100000001,1271211180727,4623,1232
1762438346,0000004000000080,1272026652337,2299,1233
1762438376,0000008000000008,1272320051633,241,1234
1762438380,0000008000000080,1272362183407,2892,1235
1762438384,0000008000000008,1272406144720,257,1236
1762438391,0000000800000080,1272470733628,1562,1237
1762438398,0000004000000001,1272542066552,2456,1238
1762438402,0000008000000080,1272584912138,5082,1239
1762438403,0000008000000004,1272593514944,4574,1240
1762438411,0000004800000080,1272668627118,5236,1241
1762438416,0000000100000003,1272721522363,2054,1242
1762438424,0000008000000080,1272799968896,2522,1243
1762438426,0000000100000080,1272822118150,1198,1244
1762438435,0000008000000004,1272910601122,1070,1245
1762438444,0000004000000080,1273007035738,467,1246
1762438456,0000000100000080,1273124351531,3804,1247
1762438468,0000000400000002,1273245978868,1674,1248
1762438475,0000000100000001,1273318334571,2504,1249
1762438478,0000000400000080,1273346326400,830,1250
1762438482,0000000400000004,1273382059350,3885,1251
1762438491,0000000400000008,1273476649622,3381,1252
1762438506,0000008000000080,1273621197335,5071,1253
1762438517,0000000c00000080,1273734404615,3459,1254
1762438520,0000000800000004,1273768058705,1433,1255
1762438545,0000004000000080,1274011114043,2386,1256
1762438579,0000000100000001,1274351773129,2665,1257
1762438583,000000c000000080,1274393317452,181,1258
1762438583,0000000800000001,1274394759443,5280,1259
1762438597,0000004000000004,1274536524075,1950,1260
1762438605,0000000100000003,1274611316737,2635,1261
1762438616,0000004000000008,1274726340667,918,1262
1762438619,0000000400000001,1274755433861,4376,1263
1762438638,0000008900000080,1274945549778,3315,1264
1762438642,0000008000000080,1274978738583,1319,1265
1762438684,0000008000000080,1275402519237,1798,1266
1762438687,0000000100000008,1275435784876,4991,1267
1762438698,0000008000000080,1275547641644,3458,1268
1762438704,0000000400000008,1275604131719,5247,1269
1762438708,0000000200000002,1275646722811,2678,1270
1762438724,0000004000000001,1275800636042,3827,1271
1762438732,0000000400000080,1275883413217,4044,1272
1762438767,0000000100000001,1276229591332,3995,1273
1762438789,0000000100000004,1276456586454,717,1274
1762438804,0000008000000080,1276600206772,2457,1275
1762438822,0000008000000008,1276784324199,1779,1276
1762438831,0000000800000004,1276871183956,1748,1277
1762438841,0000000100000008,1276978117519,511,1278
1762438856,0000000800000001,1277126545982,1969,1279
1762438869,0000008000000080,1277254294800,4678,1280
1762438871,000000010000000c,1277273756280,3504,1281
1762438871,0000000400000080,1277275751663,3382,1282
1762438879,0000000800000002,1277352476273,3969,1283
1762438898,0000000800000080,1277541631339,2964,1284
1762438929,0000008000000080,1277854736447,4911,1285
1762438936,0000000100000002,1277927604058,529,1286
1762438943,0000000200000001,1277989849898,1976,1287
1762438956,0000008000000004,1278120794368,4497,1288
1762438957,0000008000000004,1278131115578,3875,1289
1762438969,0000008000000080,1278249496446,1939,1290
1762438971,0000004000000001,1278268790808,777,1291
1762438976,0000000400000004,1278320542442,2854,1292
1762438977,000000c000000080,1278331203456,2216,1293
1762438984,0000000800000080,1278405727124,2923,1294
1762438985,0000004000000002,1278410168010,2651,1295
1762438986,0000000100000001,1278422302795,1932,1296
1762438986,0000000100000001,1278422664253,1910,1297
1762438999,000000c000000006,1278550106096,4641,1298
1762439009,0000008000000004,1278652726769,3659,1299
1762439010,0000000100000008,1278663537614,2999,1300
1762439024,0000004000000004,1278806907454,4771,1301
1762439055,000000c100000083,1279110532033,2081,1302
1762439067,0000000400000001,1279232452427,5135,1303
1762439068,0000008000000001,1279241669904,4592,1304
1762439071,0000008000000088,1279274686980,2585,1305
1762439073,0000008000000080,1279290759000,1629,1306
1762439089,0000000200000004,1279452099421,2307,1307
1762439096,000000800000000c,1279524488343,3150,1308
1762439104,0000000100000001,1279604433450,3541,1309
1762439117,0000008000000004,1279731514823,1085,1310
1762439118,0000008000000080,1279742232405,444,1311
1762439131,0000000100000001,1279869441014,3175,1312
1762439159,0000008000000080,1280149787128,1896,1313
1762439159,0000004000000004,1280156914646,1466,1314
1762439170,0000004000000002,1280260574537,429,1315
1762439172,0000000800000002,1280287925905,3983,1316
1762439173,0000000800000080,1280298177110,3358,1317
1762439182,0000000400000001,1280381443077,3546,1318
1762439198,0000008000000080,1280545244576,4089,1319
1762439213,0000004000000001,1280695669458,227,1320
1762439214,0000000800000080,1280698774678,5226,1321
1762439243,0000008000000080,1280996863765,2874,1322
1762439244,0000004800000008,1281006038450,2321,1323
1762439266,0000008000000008,1281225317470,4725,1324
1762439267,0000000100000001,1281236193160,4075,1325
1762439267,0000004000000004,1281237330249,4007,1326
1762439268,0000000400000004,1281244533277,3568,1327
1762439275,0000000800000008,1281310271638,4806,1328
1762439301,0000000800000002,1281570274768,4749,1329
1762439301,0000008000000008,1281574203839,4517,1330
1762439309,0000004000000002,1281653414577,4939,1331
1762439311,0000000800000002,1281670276705,3932,1332
1762439316,0000004000000004,1281720484122,900,1333
1762439329,0000000100000001,1281856487165,3107,1334
1762439354,0000008000000001,1282100464293,4026,1335
1762439356,0000000100000001,1282127907688,2358,1336
1762439357,0000008000000004,1282136596169,1843,1337
1762439364,0000000800000080,1282203685155,2994,1338
1762439389,0000000400000080,1282451789703,3663,1339
1762439411,0000000200000008,1282673982439,679,1340
1762439413,0000004000000008,1282692128659,4786,1341
1762439418,0000000100000004,1282740426512,1877,1342
1762439422,000000c000000008,1282780688003,4655,1343
1762439429,0000008000000080,1282852376037,338,1344
1762439434,0000000800000001,1282899531780,2684,1345
1762439438,0000000400000001,1282938334829,362,1346
1762439454,0000004000000002,1283106665312,622,1347
1762439472,0000000400000004,1283278584096,668,1348
1762439477,0000000100000002,1283335493144,2430,1349
1762439488,0000000100000008,1283439732535,1362,1350
1762439516,0000004000000008,1283724272085,5020,1351
1762439520,0000008000000080,1283764749457,2575,1352
1762439557,0000000100000001,1284130674977,1349,1353
1762439569,0000000100000001,1284249901061,4576,1354
1762439569,0000000400000080,1284251244908,4495,1355
1762439580,0000000400000008,1284362580055,2977,1356
1762439603,0000004000000002,1284592730988,4724,1357
1762439607,0000000100000001,1284629582227,2494,1358
1762439628,0000004000000080,1284843142239,5234,1359
1762439633,0000000400000001,1284896912944,4004,1360
1762439650,0000004000000080,1285064601132,2298,1361
1762439719,0000000100000002,1285749069986,2670,1362
1762439719,0000000400000080,1285752363338,2474,1363
1762439719,0000008000000001,1285755330462,2299,1364
1762439732,0000004000000002,1285882467595,5046,1365
1762439733,0000004000000004,1285893555537,4388,1366
1762439737,0000008000000080,1285930217975,2169,1367
1762439750,0000000500000002,1286066818124,4354,1368
1762439751,0000008000000008,1286070276432,4146,1369
1762439751,0000008000000004,1286075642123,3821,1370
1762439753,0000000100000008,1286089640216,2965,1371
1762439754,0000000100000004,1286104470599,2076,1372
1762439763,0000000100000001,1286189062775,2180,1373
1762439775,0000000200000001,1286308222760,212,1374
1762439776,0000000100000002,1286323391716,4501,1375
1762439782,0000000100000080,1286378619911,1166,1376
1762439788,0000000400000001,1286448098163,2180,1377
1762439791,0000000100000008,1286470921583,810,1378
1762439796,0000000800000002,1286525099900,2737,1379
1762439796,0000000800000008,1286526562886,2647,1380
1762439804,0000004000000002,1286600329272,3416,1381
1762439810,000000c000000080,1286662051715,4897,1382
1762439817,0000004000000080,1286730581290,772,1383
1762439822,0000000100000004,1286780682963,2949,1384
1762439828,0000008000000080,1286845287194,4272,1385
1762439887,000000c000000080,1287432326314,5303,1386
1762439900,0000000800000002,1287563395406,2604,1387
1762439901,0000004000000004,1287575391461,1895,1388
1762439904,0000000400000080,1287599922415,420,1389
1762439920,0000008000000002,1287758795276,1247,1390
1762439953,0000000400000005,1288093612930,1885,1391
1762439982,0000000400000002,1288386044070,5069,1392
1762440001,0000000800000002,1288570344257,4381,1393
1762440003,0000008000000080,1288591466903,3097,1394
1762440004,000000c000000080,1288600047388,2574,1395
1762440004,0000000400000001,1288603996163,2340,1396
1762440008,0000000400000004,1288641251913,5294,1397
1762440033,0000000100000080,1288897148563,297,1398
1762440044,0000000400000002,1288999415469,4539,1399
1762440046,0000000100000004,1289027185616,2854,1400
1762440047,0000000400000008,1289035104237,2375,1401
1762440073,0000000200000002,1289289288468,2664,1402
1762440107,0000000300000001,1289632854271,2775,1403
1762440142,0000000100000001,1289979250611,2712,1404
1762440142,0000000800000002,1289984740399,2384,1405
1762440147,0000008000000004,1290033121610,4682,1406
1762440153,0000000100000009,1290091709266,1148,1407
1762440160,0000008000000080,1290166690712,1836,1408
1762440164,0000008000000080,1290207199936,4600,1409
1762440173,0000008000000080,1290295320289,4493,1410
1762440174,0000008000000080,1290299244923,4259,1411
1762440206,0000004000000004,1290618247163,643,1412
1762440227,0000004000000080,1290835498550,3151,1413
1762440229,0000000100000004,1290850219153,2264,1414
1762440242,0000008000000080,1290980026095,4850,1415
1762440271,0000008000000080,1291273221123,2785,1416
1762440272,0000008000000080,1291283682350,2160,1417
1762440276,0000000800000002,1291321344478,5091,1418
1762440290,0000004000000001,1291459235605,1990,1419
1762440301,0000008000000004,1291573769548,298,1420
1762440310,0000000800000002,1291663184236,5301,1421
1762440310,0000000400000002,1291664792125,5205,1422
1762440332,0000008000000080,1291880566851,2606,1423
1762440374,0000000800000008,1292306309134,2972,1424
1762440378,0000004000000080,1292341009344,886,1425
1762440392,000000400000000a,1292480383270,2887,1426
1762440434,0000000400000001,1292907918539,3142,1427
1762440441,0000000800000001,1292971414277,4528,1428
1762440463,0000000100000001,1293189540427,1784,1429
1762440464,0000008000000080,1293205053147,850,1430
1762440466,0000000800000002,1293227685731,4691,1431
1762440490,0000000800000080,1293459491182,1125,1432
1762440513,0000000800000002,1293692516155,2684,1433
1762440513,0000004000000080,1293695312805,2516,1434
1762440514,0000004000000004,1293704366552,1979,1435
1762440519,0000008000000008,1293747990755,4558,1436
1762440521,0000008000000080,1293769256539,3269,1437
1762440544,0000000800000004,1294007308869,4542,1438
1762440550,0000000400000008,1294067503560,909,1439
1762440555,0000004000000080,1294112314817,3411,1440
1762440571,0000000100000001,1294277456533,3873,1441
1762440574,0000000100000001,1294301516669,2409,1442
1762440599,0000004000000080,1294551813070,2937,1443
1762440611,0000004000000002,1294670343751,1004,1444
1762440613,0000000100000004,1294695691681,4683,1445
1762440616,0000000400000001,1294720995835,3150,1446
1762440617,0000008000000004,1294733773119,2376,1447
1762440620,0000004000000080,1294760812246,757,1448
1762440624,0000000a00000001,1294804765173,3307,1449
1762440627,0000000200000080,1294832717350,1627,1450
1762440643,0000000800000002,1294995579435,2212,1451
1762440643,0000004000000001,1294996315777,2169,1452
1762440656,0000008000000080,1295122350529,4979,1453
1762440667,0000008000000004,1295234575875,3423,1454
1762440670,0000000100000008,1295265732074,1548,1455
1762440676,0000000100000080,1295324644104,3196,1456
1762440687,0000008000000080,1295437540807,1601,1457
1762440701,0000008000000001,1295576577765,3631,1458
1762440720,0000000400000008,1295767271543,2532,1459
1762440721,0000004000000008,1295770748809,2327,1460
1762440721,0000008000000004,1295774348246,2113,1461
1762440745,0000000400000001,1296012453580,3375,1462
1762440750,0000000100000004,1296059898574,522,1463
1762440755,0000000400000001,1296115974434,2335,1464
1762440770,0000000800000008,1296263620532,3857,1465
1762440778,0000004000000001,1296345381236,4136,1466
1762440808,0000008000000080,1296639670646,1999,1467
1762440821,0000008000000080,1296770587859,4525,1468
1762440839,0000000400000008,1296957272898,3681,1469
1762440843,0000004000000008,1296992251225,1570,1470
1762440847,0000000100000001,1297032966807,4325,1471
1762440848,0000000100000008,1297047609834,3435,1472
1762440853,0000004100000080,1297097696188,424,1473
1762440857,0000000800000080,1297136135753,3302,1474
1762440873,0000008000000001,1297288377505,4541,1475
1762440874,0000000100000008,1297304220772,3585,1476
1762440878,0000000100000002,1297344000198,1183,1477
1762440880,0000004000000008,1297361661617,5314,1478
1762440880,0000004000000080,1297363203877,5222,1479
1762440914,0000000800000008,1297699186328,598,1480
1762440918,0000000800000004,1297743412598,3127,1481
1762440923,0000004000000080,1297797003190,5099,1482
1762440946,0000004000000001,1298022949214,1894,1483
1762440952,0000000100000008,1298078466597,3758,1484
1762440952,0000000800000004,1298079209652,3713,1485
1762440954,0000000400000001,1298097941161,2569,1486
1762440965,0000008000000080,1298217774428,565,1487
1762440976,0000000800000004,1298322019280,4688,1488
1762440984,0000008000000080,1298401242277,5107,1489
1762440985,0000008000000001,1298415888905,4240,1490
1762440987,0000000100000008,1298433302959,3179,1491
1762440993,0000008000000080,1298488588362,5049,1492
1762441023,0000004000000080,1298797350869,2055,1493
1762441037,0000004000000008,1298934968986,4178,1494
1762441042,0000000400000001,1298986390438,1072,1495
1762441043,0000000100000008,1298992237614,722,1496
1762441048,0000000100000001,1299043873566,2805,1497
1762441065,0000004000000080,1299215110935,2893,1498
1762441072,0000000400000080,1299281274655,4124,1499
1762441080,0000000200000001,1299359606649,4602,1500
1762441088,0000004000000008,1299441555375,4860,1501
1762441112,0000000400000004,1299684497350,633,1502
1762441139,0000000400000001,1299957363740,4994,1503
1762441140,0000004000000001,1299957712638,4974,1504
1762441166,0000008000000008,1300218808539,4852,1505
1762441204,0000008000000080,1300604359625,2424,1506
1762441214,0000000100000002,1300699587316,1896,1507
1762441266,0000004000000008,1301221808245,1647,1508
1762441268,0000000100000004,1301238749088,629,1509
1762441268,0000000100000001,1301238816533,625,1510
1762441270,0000008000000002,1301265139410,4247,1511
1762441273,0000008000000004,1301297473941,2284,1512
1762441280,0000008000000080,1301359591279,3754,1513
1762441290,0000008000000080,1301467620047,2436,1514
1762441312,0000008000000010,1301678701139,5323,1515
1762441312,0000000400000008,1301686469765,4862,1516
1762441325,0000008000000080,1301812700525,2451,1517
1762441343,0000000100000001,1301987945133,2301,1518
1762441350,0000004000000002,1302065550113,2824,1519
1762441355,0000004000000080,1302114322064,5090,1520
1762441390,0000000100000001,1302465522017,4747,1521
1762441398,0000000100000004,1302546606712,5057,1522
1762441399,0000000400000002,1302556703402,4461,1523
1762441420,0000000800000004,1302765137266,2294,1524
1762441431,0000000300000001,1302876887954,771,1525
1762441442,0000000100000003,1302978251310,5062,1526
1762441446,0000000100000002,1303024902026,2251,1527
1762441455,0000000800000002,1303111913897,2210,1528
1762441462,0000000100000009,1303179498887,3343,1529
1762441473,0000008000000002,1303288299253,1991,1530
1762441479,0000000100000001,1303353182385,3283,1531
1762441486,0000004000000002,1303420894303,4416,1532
1762441489,0000000800000008,1303451723655,2540,1533
1762441491,0000000400000002,1303468322243,1553,1534
1762441492,0000000100000002,1303478978497,910,1535
1762441497,0000000100000001,1303531894874,2917,1536
1762441497,0000000400000001,1303537111900,2596,1537
1762441505,000000c000000080,1303608727116,3497,1538
1762441555,0000004000000008,1304107763243,4647,1539
1762441564,0000008000000008,1304199291149,4338,1540
1762441587,0000000400000001,1304430030976,834,1541
1762441601,0000000800000008,1304576871243,2384,1542
1762441606,0000000700000001,1304618669167,5067,1543
1762441606,0000008000000080,1304619689355,5008,1544
1762441615,0000000400000008,1304708426136,4864,1545
1762441616,0000000400000008,1304720507903,4149,1546
1762441633,0000004000000001,1304888300090,4442,1547
1762441633,0000004000000002,1304894849888,4049,1548
1762441637,0000008000000002,1304934675300,1642,1549
1762441645,0000000100000001,1305007699974,2435,1550
1762441713,000000c000000080,1305688447431,3043,1551
1762441714,0000000700000001,1305702273176,2209,1552
1762441715,0000008000000004,1305708739692,1824,1553
1762441737,0000000800000001,1305936886123,3689,1554
1762441740,0000000100000001,1305965227259,3953,1555
1762441753,0000004000000008,1306093220301,4674,1556
1762441771,0000000100000001,1306274161133,4181,1557
1762441781,0000000200000004,1306377628591,3138,1558
1762441787,0000000800000002,1306429535502,5207,1559
1762441787,0000004000000002,1306437398480,4743,1560
1762441793,0000008000000004,1306490758855,1528,1561
1762441803,0000008000000080,1306593557323,539,1562
1762441818,0000008000000001,1306741005962,2055,1563
1762441830,0000000100000008,1306858504971,186,1564
1762441832,0000004000000008,1306884821356,3801,1565
1762441852,0000000100000002,1307078807391,2503,1566
1762441866,0000008000000080,1307221287188,4341,1567
1762441875,0000000100000001,1307310596498,4162,1568
1762441894,0000000800000008,1307498623575,3228,1569
1762441904,0000000400000002,1307599031975,2375,1570
1762441924,0000004000000080,1307805692028,341,1571
1762441925,0000000800000004,1307811989613,5151,1572
1762441925,0000008000000080,1307813675495,5051,1573
1762441945,0000004000000001,1308012075906,3510,1574
1762441954,0000000100000003,1308101781357,3296,1575
1762441960,0000008000000080,1308160481156,4967,1576
1762441968,0000008000000080,1308239185351,235,1577
1762441969,0000000100000004,1308257292408,4348,1578
1762441979,0000004000000002,1308352866169,3789,1579
1762441980,0000000100000004,1308360114842,3345,1580
1762441991,0000004000000002,1308476463002,1539,1581
1762442024,0000000100000001,1308806888943,2431,1582
1762442032,0000008000000080,1308883171979,3041,1583
1762442062,0000000100000002,1309181587318,676,1584
1762442067,0000000100000001,1309235629782,2608,1585
1762442079,0000000100000001,1309350584384,895,1586
1762442083,0000000100000008,1309391179458,3655,1587
1762442095,0000000100000004,1309513986499,1456,1588
1762442111,0000008000000080,1309668178388,2559,1589
1762442130,0000000100000001,1309866414355,1029,1590
1762442138,0000000400000001,1309944579356,1524,1591
1762442150,0000000400000002,1310065151502,4666,1592
1762442151,0000000400000080,1310071531768,4286,1593
1762442153,0000000100000080,1310091121763,3093,1594
1762442154,0000000100000001,1310104275414,2300,1595
1762442160,0000000800000001,1310163366485,3954,1596
1762442164,000000010000000e,1310200376783,1719,1597
1762442167,0000004000000008,1310235795823,4786,1598
1762442172,0000008000000080,1310279346414,2157,1599
1762442181,0000000800000001,1310370220856,1889,1600
1762442187,0000008000000080,1310435284075,3167,1601
1762442198,0000000100000001,1310540557003,2028,1602
1762442224,0000008000000002,1310804704498,1723,1603
1762442226,0000008000000080,1310825889160,452,1604
1762442261,000000c000000080,1311170536214,495,1605
1762442267,0000000400000008,1311228866619,2174,1606
1762442269,0000000100000008,1311251718458,802,1607
1762442271,0000000100000004,1311267755273,5032,1608
1762442274,0000004000000080,1311297720983,3229,1609
1762442276,0000000300000001,1311322978669,1712,1610
1762442281,0000000400000004,1311369147672,4137,1611
1762442285,0000004000000004,1311417240241,1233,1612
1762442293,0000008000000008,1311497280384,1613,1613
1762442305,0000008000000080,1311612927069,5044,1614
1762442305,0000008000000080,1311613074670,5036,1615
1762442308,0000008000000080,1311641487292,3326,1616
1762442314,0000000100000008,1311699981367,5001,1617
1762442321,0000000800000080,1311773169947,600,1618
1762442328,0000008000000002,1311838478709,1863,1619
1762442361,0000000400000001,1312174177939,2437,1620
1762442366,0000000800000002,1312221404538,4804,1621
1762442369,0000004000000001,1312252352343,2932,1622
1762442370,0000000800000002,1312267055253,2051,1623
1762442379,0000000100000002,1312355088015,1949,1624
1762442395,0000000100000004,1312515498059,2680,1625
1762442397,0000004000000002,1312533029580,1637,1626
1762442401,0000004000000008,1312573595786,4400,1627
1762442440,0000000800000004,1312964812621,1632,1628
1762442481,0000000800000008,1313372929678,3048,1629
1762442484,0000004000000008,1313402648070,1263,1630
1762442488,0000000100000080,1313442055563,4098,1631
1762442490,0000000100000008,1313466168262,2626,1632
1762442505,0000000400000002,1313608762820,4457,1633
1762442511,0000000400000002,1313670331555,743,1634
1762442511,0000000100000002,1313675700759,424,1635
1762442526,0000000100000008,1313820341481,2104,1636
1762442529,0000000400000001,1313854359836,5252,1637
1762442539,0000000800000001,1313955996976,4347,1638
1762442577,0000008000000080,1314327487943,2756,1639
1762442580,0000004100000001,1314358628703,890,1640
1762442580,0000000100000001,1314365396927,487,1641
1762442581,0000000800000008,1314368212109,319,1642
1762442590,0000000100000001,1314465972133,4825,1643
1762442606,0000000100000002,1314620379012,728,1644
1762442635,0000004000000004,1314908697579,4171,1645
1762442658,0000000400000002,1315140119300,629,1646
1762442682,0000000100000001,1315381990663,1658,1647
1762442727,0000000100000002,1315834153643,431,1648
1762442736,000000c000000080,1315921058216,400,1649
1762442738,0000004000000080,1315946939931,4043,1650
1762442767,0000008000000004,1316229980624,2578,1651
1762442776,0000008000000004,1316323848782,2132,1652
1762442791,0000000100000002,1316469472069,3772,1653
1762442796,0000000800000008,1316518926026,787,1654
1762442797,000000c000000080,1316528794958,198,1655
1762442808,0000008000000080,1316644343298,3638,1656
1762442808,0000008000000002,1316646960317,3478,1657
1762442823,0000000400000008,1316794938284,4962,1658
1762442823,0000000400000001,1316796113949,4893,1659
1762442833,0000004000000002,1316892271219,4312,1660
1762442857,0000000100000001,1317128656734,471,1661
1762442866,0000000500000001,1317218457476,263,1662
1762442871,0000000100000001,1317275261179,2036,1663
1762442875,0000008000000080,1317316056969,4782,1664
1762442884,0000004000000080,1317400525922,4892,1665
1762442893,0000000800000001,1317496677048,4311,1666
1762442904,0000000100000004,1317598916096,3344,1667
1762442927,0000004000000004,1317837003019,4613,1668
1762442929,0000000800000002,1317848409388,3927,1669
1762442936,0000004000000001,1317921391580,4728,1670
1762442936,0000004000000080,1317927155002,4386,1671
1762442940,0000008000000080,1317962627058,2235,1672
1762442965,0000000800000004,1318212285191,2797,1673
1762442973,0000004000000080,1318296482033,2929,1674
1762442981,0000000400000008,1318367465831,3867,1675
1762442992,0000000400000002,1318482560868,2124,1676
1762442997,0000008000000002,1318534273056,4223,1677
1762443014,0000000900000002,1318704842474,4351,1678
1762443018,0000004000000080,1318737442328,2371,1679
1762443022,0000000100000002,1318779890763,5018,1680
1762443045,0000008000000080,1319009164267,1614,1681
1762443061,0000000100000080,1319175600132,1989,1682
1762443063,0000008000000080,1319192656231,962,1683
1762443082,0000008000000080,1319387020507,4857,1684
1762443086,0000000400000004,1319423723435,2637,1685
1762443107,0000000100000004,1319632221517,495,1686
1762443107,000000c000000080,1319632285789,491,1687
1762443112,0000000800000001,1319684933617,2505,1688
1762443115,0000000800000080,1319709725516,1021,1689
1762443115,0000000400000080,1319711247056,930,1690
1762443130,0000000800000001,1319861712432,2265,1691
1762443139,0000008000000080,1319955834768,1801,1692
1762443140,0000000100000001,1319964150151,1301,1693
1762443163,0000004000000001,1320187546372,3448,1694
1762443202,0000000400000008,1320584669056,335,1695
1762443222,0000004400000001,1320779466889,4207,1696
1762443235,0000000800000001,1320910394063,1514,1697
1762443258,0000008000000008,1321142234234,3147,1698
1762443272,0000000100000002,1321283391824,5047,1699
1762443281,0000008000000080,1321372827046,4863,1700
1762443282,0000004000000002,1321378709667,4516,1701
1762443286,0000000800000002,1321421238661,1947,1702
1762443289,0000000400000001,1321453061887,5225,1703
1762443303,0000000100000001,1321590040668,2179,1704
1762443351,0000004000000001,1322073905735,4252,1705
1762443358,0000000400000008,1322144191930,5203,1706
1762443381,0000004000000001,1322371261295,1932,1707
1762443385,0000008000000002,1322409722721,4818,1708
1762443389,0000000100000001,1322448632013,2466,1709
1762443396,0000000100000001,1322525284597,3054,1710
1762443401,0000000100000001,1322569613430,393,1711
1762443404,0000000100000002,1322606246783,3382,1712
1762443411,0000008000000008,1322676071136,4385,1713
1762443419,0000000100000001,1322755224482,4812,1714
1762443420,0000008000000002,1322760686035,4489,1715
1762443447,0000008000000080,1323030886504,3815,1716
1762443511,0000000100000003,1323667236058,1884,1717
1762443511,0000000800000004,1323667452579,1871,1718
1762443528,0000004000000004,1323844733078,1595,1719
1762443550,0000008000000002,1324061251702,4164,1720
1762443557,0000000100000001,1324127991544,5328,1721
1762443557,0000000400000001,1324134487446,4943,1722
1762443570,0000004000000004,1324264235859,2323,1723
1762443571,0000008000000080,1324273286708,1785,1724
1762443576,0000008000000008,1324323793452,3952,1725
1762443603,0000000100000002,1324595356013,3187,1726
1762443628,0000004000000008,1324842978601,3884,1727
1762443630,0000008000000004,1324865031617,2537,1728
1762443631,0000008000000004,1324873039308,2062,1729
1762443639,0000004000000080,1324948793067,2694,1730
1762443643,0000004000000080,1324987439449,381,1731
1762443664,0000000800000008,1325203667287,2947,1732
1762443674,0000008000000002,1325303262952,2152,1733
1762443681,0000000100000002,1325376131880,2963,1734
1762443683,0000004000000080,1325394817674,1842,1735
1762443686,0000000100000003,1325420204026,319,1736
1762443700,0000008000000080,1325561383754,2206,1737
1762443703,0000000100000080,1325594765664,206,1738
1762443715,0000008000000080,1325710898399,3610,1739
1762443718,0000000100000004,1325745444080,1527,1740
1762443744,0000008000000080,1325998372716,1891,1741
1762443749,0000000100000001,1326050508638,3961,1742
1762443764,0000000100000001,1326201091948,5278,1743
1762443772,0000000400000004,1326280107831,529,1744
1762443777,0000008000000004,1326329540551,2740,1745
1762443805,0000004000000080,1326609076868,1514,1746
1762443812,0000004000000080,1326685689683,2097,1747
1762443828,0000000400000080,1326839759820,3219,1748
1762443832,0000000800000080,1326879109273,850,1749
1762443843,0000008000000080,1326997016798,4160,1750
1762443848,0000008000000008,1327037602929,1707,1751
1762443871,0000000100000004,1327269903288,3315,1752
1762443871,0000000400000008,1327275897150,2950,1753
1762443873,0000004000000004,1327288950040,2165,1754
1762443880,0000000400000004,1327362066746,2960,1755
1762443881,0000000100000001,1327367280372,2642,1756
1762443898,0000000400000004,1327539568755,2665,1757
1762443903,0000000800000002,1327596120391,4477,1758
1762443922,0000000200000008,1327785272866,3479,1759
1762443928,0000000400000001,1327847066370,4955,1760
1762443931,0000004000000004,1327875685513,3224,1761
1762443945,0000000400000080,1328009480019,379,1762
1762443946,0000008000000080,1328021593776,4846,1763
1762443956,0000000800000001,1328117143181,4298,1764
1762443964,0000000400000008,1328204701966,4226,1765
1762443976,0000000400000001,1328324175650,2218,1766
1762443990,0000004000000001,1328464864780,4158,1767
1762443996,0000000400000002,1328526611490,435,1768
1762444003,0000008000000001,1328597024651,1392,1769
1762444019,0000008000000080,1328753817036,2342,1770
1762444043,0000000400000080,1328992795548,3559,1771
1762444049,0000000400000002,1329055554677,4975,1772
1762444056,0000000400000008,1329124373161,832,1773
1762444063,0000008000000080,1329193828940,1848,1774
1762444064,0000008000000002,1329206441146,1087,1775
1762444069,0000000100000080,1329251213876,3596,1776
1762444080,0000000100000001,1329359415147,2270,1777
1762444080,0000000400000001,1329362132984,2110,1778
1762444089,0000008000000008,1329454661526,1741,1779
1762444096,0000004000000080,1329518711671,3079,1780
1762444096,000000c000000080,1329519087692,3055,1781
1762444097,0000008000000080,1329532912673,2223,1782
1762444098,0000000400000002,1329538845781,1870,1783
1762444099,0000008000000008,1329550140255,1189,1784
1762444106,0000004000000008,1329620020653,2179,1785
1762444108,0000008000000001,1329640403904,953,1786
1762444109,0000000100000001,1329649590916,405,1787
1762444136,0000008000000080,1329923498690,4709,1788
1762444141,0000000800000008,1329973179955,1713,1789
1762444150,0000004800000008,1330062746705,1520,1790
1762444158,0000008000000080,1330145642445,1727,1791
1762444181,0000000100000001,1330370108392,3815,1792
1762444192,0000000800000001,1330481838500,2274,1793
1762444196,0000004000000008,1330518662349,5254,1794
1762444206,0000000100000001,1330624210611,4114,1795
1762444217,0000000100000009,1330734062769,2679,1796
1762444231,0000008000000008,1330874864367,4616,1797
1762444245,0000008000000080,1331014911318,1376,1798
1762444264,0000008000000080,1331199001794,691,1799
1762444269,0000000400000004,1331252183503,2675,1800
1762444269,0000000100000003,1331252853127,2634,1801
1762444271,0000004000000001,1331275658605,1272,1802
1762444293,0000008000000080,1331488774282,4046,1803
1762444303,0000000400000002,1331596418928,2748,1804
1762444309,0000000400000001,1331652444541,4586,1805
1762444313,0000008000000080,1331689134537,2363,1806
1762444321,0000004000000008,1331768693164,2770,1807
1762444321,0000000800000001,1331774333572,2431,1808
1762444323,0000000400000080,1331796055752,1130,1809
1762444324,0000000400000080,1331804463628,628,1810
1762444327,0000004000000001,1331834410614,4031,1811
1762444329,0000000100000001,1331856943878,2654,1812
1762444333,0000000100000004,1331891490210,588,1813
1762444342,0000000100000003,1331979803980,469,1814
1762444343,0000000400000001,1331988076798,5161,1815
1762444350,0000000800000080,1332064251754,583,1816
1762444351,0000000300000008,1332069653840,259,1817
1762444364,0000000800000004,1332202307511,2655,1818
1762444367,0000000100000080,1332231164015,925,1819
1762444392,0000008000000008,1332485765387,1192,1820
1762444404,0000000100000004,1332606864056,4310,1821
1762444406,0000000100000003,1332626718987,3101,1822
1762444410,0000004000000004,1332665586631,766,1823
1762444417,0000000800000004,1332730831693,2033,1824
1762444418,0000000800000004,1332745075122,1176,1825
1762444459,0000000400000002,1333151785505,2672,1826
1762444461,0000008000000080,1333168404751,1683,1827
1762444465,0000004000000001,1333207506688,4534,1828
1762444470,0000004000000004,1333259458073,1400,1829
1762444485,0000008000000080,1333413172577,2531,1830
1762444501,0000000100000003,1333572874870,3321,1831
1762444515,0000000100000001,1333712342837,5317,1832
1762444534,0000008000000080,1333905432827,4104,1833
1762444546,0000000100000004,1334024922319,2097,1834
1762444555,0000008000000080,1334107980075,2291,1835
1762444587,0000008000000080,1334431354168,3626,1836
1762444598,0000004000000080,1334539382691,2311,1837
1762444609,0000000400000004,1334647165385,1024,1838
1762444609,0000000100000080,1334648144596,966,1839
1762444615,0000000400000001,1334713300775,2238,1840
1762444623,0000000400000004,1334787169743,2988,1841
1762444627,0000000100000008,1334835081753,5300,1842
1762444641,0000008000000002,1334974952813,2081,1843
1762444643,0000008000000080,1334996623317,779,1844
1762444651,0000000100000008,1335075816747,1209,1845
1762444653,0000000100000008,1335087997174,481,1846
1762444667,0000000800000004,1335233751918,2095,1847
1762444668,0000000200000001,1335238533235,1810,1848
1762444671,0000000100000002,1335270489833,5081,1849
1762444672,0000008000000080,1335280109764,4514,1850
1762444691,0000000100000001,1335472959701,3290,1851
1762444692,0000000400000080,1335481743633,2755,1852
1762444701,0000000400000002,1335571269181,2560,1853
1762444709,0000000400000008,1335656812120,2608,1854
1762444730,0000008000000080,1335861660584,686,1855
1762444737,0000000800000001,1335933447166,1560,1856
1762444751,0000000800000080,1336068353690,3842,1857
1762444752,0000000100000001,1336085613245,2788,1858
1762444760,0000004000000080,1336166424643,3125,1859
1762444768,0000000800000001,1336238447152,4000,1860
1762444776,0000004000000001,1336326037609,3923,1861
1762444789,0000008000000002,1336451374380,1567,1862
1762444796,0000000800000002,1336524681438,2346,1863
1762444824,0000004000000080,1336800767977,1327,1864
1762444827,0000000400000002,1336831417145,4684,1865
1762444828,0000004000000004,1336841551070,4078,1866
1762444842,0000000200000002,1336977543097,1078,1867
1762444843,0000000800000008,1336996184496,5150,1868
1762444846,0000000100000004,1337017059580,3907,1869
1762444849,0000004000000008,1337056460594,1526,1870
1762444852,0000000100000001,1337080032534,5299,1871
1762444857,0000000800000001,1337129154788,2342,1872
1762444861,0000004000000004,1337174762385,4804,1873
1762444881,0000000400000008,1337376774917,3031,1874
1762444887,0000000400000001,1337427383897,5181,1875
1762444892,0000000100000001,1337484823835,1729,1876
1762444896,0000008000000008,1337521058540,4749,1877
1762444899,0000000100000001,1337552100618,2870,1878
1762444912,0000008000000080,1337682087750,254,1879
1762444918,0000004000000004,1337739987212,1961,1880
1762444923,0000008000000001,1337793834078,3926,1881
1762444937,0000000400000002,1337936469588,533,1882
1762444961,0000008000000080,1338174425369,1798,1883
1762444962,0000008000000080,1338185124796,1152,1884
1762444969,0000008000000004,1338248811338,2509,1885
1762444975,0000000100000001,1338310996099,3980,1886
1762444988,0000000400000080,1338440860068,1353,1887
1762444993,0000000800000080,1338490398457,3572,1888
1762445004,0000008000000008,1338601997910,2045,1889
1762445004,0000000800000001,1338605507558,1836,1890
1762445010,0000000c00000080,1338659567934,3785,1891
1762445013,0000000100000001,1338688022892,2063,1892
1762445020,0000000800000008,1338765287286,2602,1893
1762445038,0000000100000001,1338938287919,2584,1894
1762445090,0000000100000001,1339465800353,2024,1895
1762445091,0000004000000002,1339476627864,1373,1896
1762445095,0000008000000080,1339507296269,4729,1897
1762445100,0000008000000001,1339559006197,1613,1898
1762445138,0000000800000008,1339937475746,4821,1899
1762445138,0000000100000002,1339946164626,4305,1900
1762445163,0000000800000002,1340196762824,4804,1901
1762445184,0000000100000001,1340401650028,2858,1902
1762445196,0000000100000080,1340522223244,804,1903
1762445201,0000000800000080,1340570038892,3118,1904
1762445214,0000000800000004,1340699288018,543,1905
1762445225,0000004000000008,1340810071556,4276,1906
1762445238,0000008000000001,1340943164395,1453,1907
1762445240,0000000400000002,1340963331936,244,1908
1762445258,0000000100000001,1341141074263,5127,1909
1762445267,0000000800000002,1341235457460,4653,1910
1762445268,0000008000000008,1341241968332,4266,1911
1762445281,0000008000000004,1341368700445,1824,1912
1762445291,0000000800000080,1341468428333,1018,1913
1762445296,0000000400000001,1341523686019,2884,1914
1762445299,0000000100000080,1341548392155,1404,1915
1762445337,0000000100000080,1341934837796,4138,1916
1762445344,0000004000000004,1342004452841,5132,1917
1762445349,0000000100000001,1342051766273,2281,1918
1762445356,000000080000000d,1342120301503,3359,1919
1762445358,0000000100000001,1342140605402,2133,1920
1762445364,0000000100000001,1342198769715,3841,1921
1762445401,0000008000000080,1342574950067,1979,1922
1762445404,0000008000000080,1342606140740,5293,1923
1762445413,0000000100000003,1342696016725,5082,1924
1762445414,0000000100000080,1342705367604,4530,1925
1762445431,0000000800000004,1342870738032,4963,1926
1762445432,0000004000000002,1342881894993,4302,1927
1762445445,0000000800000008,1343014048710,1536,1928
1762445458,0000008000000001,1343146585654,3960,1929
1762445461,0000000100000001,1343175102882,2231,1930
1762445470,0000000400000001,1343258100369,2430,1931
1762445488,0000000800000004,1343444716358,1598,1932
1762445494,0000004800000001,1343505032740,3162,1933
1762445504,0000000800000004,1343600965705,2578,1934
1762445508,0000000300000001,1343640003200,243,1935
1762445551,0000000800000001,1344074542910,5260,1936
1762445564,0000000800000002,1344197565129,3052,1937
1762445564,0000000100000002,1344205316079,2580,1938
1762445565,0000008000000080,1344216027615,1946,1939
1762445568,0000000800000004,1344244334971,246,1940
1762445575,0000004000000002,1344314525881,1213,1941
1762445594,0000008100000080,1344499318168,490,1942
1762445608,0000008000000008,1344642669795,2246,1943
1762445613,0000000400000008,1344692200633,4476,1944
1762445618,0000008000000001,1344737141293,1763,1945
1762445624,0000000100000003,1344805537809,2836,1946
1762445635,0000008000000002,1344914517498,1481,1947
1762445648,0000000100000080,1345041808796,4223,1948
1762445657,0000004000000001,1345128755743,4186,1949
1762445682,0000000100000008,1345385634478,4316,1950
1762445684,0000000400000001,1345398494973,3535,1951
1762445686,0000000400000001,1345422909708,2061,1952
1762445693,0000000800000001,1345496551169,2821,1953
1762445704,0000004000000001,1345605473112,1468,1954
1762445726,0000004000000008,1345819025498,4215,1955
1762445736,0000000100000001,1345918958228,3388,1956
1762445745,0000000800000001,1346008288621,3206,1957
1762445745,0000000800000004,1346016454487,2707,1958
1762445750,0000008000000080,1346063944913,5054,1959
1762445755,0000000800000008,1346109284928,2319,1960
1762445763,0000000100000001,1346187567938,2803,1961
1762445768,0000000800000004,1346236888781,5037,1962
1762445772,0000000100000001,1346285158819,2131,1963
1762445795,0000000100000008,1346507809354,4334,1964
1762445803,0000000100000001,1346595337341,4263,1965
1762445807,0000008000000008,1346634622826,1889,1966
1762445810,0000000100000001,1346658854345,434,1967
1762445853,0000008000000080,1347091813839,358,1968
1762445854,0000000200000008,1347100166834,5046,1969
1762445866,0000000100000002,1347225151642,2713,1970
1762445877,0000008000000002,1347327612675,1753,1971
1762445893,0000004000000002,1347494131857,2121,1972
1762445895,0000000800000001,1347506712107,1368,1973
1762445896,0000000800000002,1347518793938,642,1974
1762445902,0000000400000002,1347579057762,2205,1975
1762445906,0000000400000001,1347619117407,4994,1976
1762445915,0000000800000080,1347708711205,4802,1977
1762445931,0000000800000080,1347869510411,322,1978
1762445952,0000000100000001,1348084068992,2990,1979
1762445953,0000004000000080,1348089829930,2633,1980
1762445961,0000000400000001,1348170831952,2965,1981
1762445967,0000000400000004,1348233834717,4385,1982
1762445974,0000000800000004,1348301162752,326,1983
1762445992,0000008000000080,1348482063636,5024,1984
1762445993,0000004000000001,1348491209883,4483,1985
1762446007,0000008000000004,1348629119822,1372,1986
1762446038,0000000100000001,1348939059205,3506,1987
1762446056,0000000400000080,1349126326419,2616,1988
1762446062,0000008000000004,1349177050431,4774,1989
1762446062,0000000100000080,1349182937305,4425,1990
1762446072,0000000400000002,1349280633369,3739,1991
1762446075,0000008000000080,1349310959252,1908,1992
1762446077,0000000100000004,1349335308831,445,1993
1762446086,0000000400000004,1349425940367,188,1994
1762446096,0000000800000008,1349517335255,5074,1995
1762446098,0000008000000080,1349539678486,3738,1996
1762446100,0000000100000001,1349564259984,2247,1997
1762446104,0000008000000008,1349602768479,5127,1998
1762446112,0000000100000008,1349686120941,5306,1999
1762446117,0000000800000008,1349735314120,2345,2000
1762446118,0000000800000004,1349739689691,2085,2001
1762446134,0000000100000008,1349898787574,2900,2002
1762446173,0000000800000080,1350289049685,207,2003
1762446179,0000000400000001,1350352836875,1561,2004
1762446181,0000008000000080,1350371870782,420,2005
1762446186,0000008000000080,1350423023734,2523,2006
1762446209,0000004000000001,1350651869846,4361,2007
1762446213,0000008000000002,1350693228336,1862,2008
1762446221,0000000400000001,1350771715893,2327,2009
1762446235,0000004000000080,1350915190758,4102,2010
1762446236,0000000100000001,1350924513707,3534,2011
1762446275,0000000400000080,1351311465565,1027,2012
1762446275,0000000100000001,1351315963353,758,2013
1762446276,0000000100000004,1351326252435,5330,2014
1762446277,0000000400000002,1351329877030,5113,2015
1762446309,0000008000000080,1351651325000,1361,2016
1762446321,0000008000000002,1351767930241,4740,2017
1762446333,0000000800000008,1351893392104,2369,2018
1762446337,0000000200000004,1351930628651,5331,2019
1762446347,0000008000000004,1352027354287,4716,2020
1762446371,0000000100000001,1352270421506,479,2021
1762446384,0000000400000008,1352402787960,2898,2022
1762446384,0000004000000080,1352406313203,2680,2023
1762446390,0000008400000001,1352461426015,4579,2024
1762446397,0000000100000004,1352533584278,232,2025
1762446410,0000004000000004,1352666312579,2621,2026
1762446426,0000004800000004,1352822855207,3609,2027
1762446428,0000000400000001,1352846321167,2189,2028
1762446458,0000000800000002,1353139415466,5332,2029
1762446458,0000004000000004,1353146101674,4937,2030
1762446467,0000000800000008,1353236352229,4706,2031
1762446477,0000000900000008,1353332338638,4132,2032
1762446477,0000008000000004,1353334110382,4024,2033
1762446504,0000000800000008,1353605596157,3263,2034
1762446521,0000000100000001,1353773694527,3544,2035
1762446529,0000000100000004,1353848438259,4250,2036
1762446552,0000000800000080,1354081933094,582,2037
1762446564,0000004000000001,1354197254359,4042,2038
1762446574,0000008000000080,1354297760722,3177,2039
1762446594,0000004000000004,1354497739625,1537,2040
1762446598,0000000800000004,1354540576927,4166,2041
1762446599,0000004000000080,1354554444562,3320,2042
1762446602,0000000100000008,1354578860532,1852,2043
1762446607,0000008000000008,1354634544871,3703,2044
1762446618,0000000100000003,1354738332481,2638,2045
1762446627,0000008000000080,1354828913898,2384,2046
1762446634,0000000800000080,1354903916422,3071,2047
1762446638,0000000100000001,1354942237862,768,0
1762446643,0000000100000001,1354990036747,3085,1
1762446670,0000000800000001,1355264986414,2126,2
1762446684,0000000100000002,1355401535791,4315,3
1762446690,0000008000000080,1355461197345,715,4
1762446695,0000008000000080,1355513169456,2775,5
1762446724,0000008000000001,1355802532118,955,6
1762446727,0000000800000008,1355827605382,4649,7
1762446730,0000008000000008,1355861743565,2578,8
1762446731,0000008000000080,1355870246483,2074,9
1762446735,0000000c00000001,1355911763371,4778,10
1762446746,0000000400000080,1356017258619,3627,11
1762446754,0000000400000080,1356099854824,3855,12
1762446780,0000008000000004,1356360229186,3774,13
1762446785,0000000400000002,1356409367646,810,14
1762446793,0000000800000080,1356494695669,869,15
1762446812,0000000100000001,1356677184460,287,16
1762446812,0000000900000001,1356677277792,281,17
1762446815,0000000100000004,1356713772440,3274,18
1762446820,0000000400000001,1356758937664,560,19
1762446827,0000000100000001,1356827209384,1646,20
1762446835,0000000800000002,1356914947018,1561,21
1762446852,0000008000000080,1357086204557,1648,22
1762446889,0000000800000002,1357455179885,231,23
1762446909,0000000800000020,1357653063929,3917,24
1762446921,0000004000000080,1357772508080,1916,25
1762446937,000000c000000080,1357934030203,2579,26
1762446972,0000000400000004,1358283351633,2345,27
1762446987,0000000100000004,1358435864886,3568,28
1762446992,0000008000000008,1358483479321,700,29
1762447020,0000008000000080,1358759490897,4875,30
1762447024,0000008000000080,1358802352057,2289,31
1762447032,0000000400000080,1358876486410,3024,32
1762447034,0000000800000080,1358904370266,1351,33
1762447047,0000000100000008,1359031989016,4073,34
1762447070,0000000400000080,1359261749279,630,35
1762447076,0000000800000001,1359323075554,2131,36
1762447093,0000008000000008,1359494369684,2213,37
1762447094,0000000400000001,1359499545942,1907,38
1762447096,0000000100000008,1359525867769,325,39
1762447110,0000004000000008,1359663261959,2437,40
1762447115,0000000100000001,1359706363766,5047,41
1762447116,0000000800000008,1359721764249,4131,42
1762447118,0000000200000001,1359744370049,2753,43
1762447121,0000000400000001,1359769351321,1256,44
1762447162,0000000100000001,1360177628296,2658,45
1762447170,0000000100000001,1360258775232,2977,46
1762447176,0000004000000001,1360316943212,4683,47
1762447194,0000004000000004,1360498726484,4139,48
1762447196,0000008000000080,1360519109642,2897,49
1762447196,000000c000000080,1360523869945,2606,50
1762447205,0000000200000002,1360610493111,2589,51
1762447239,0000000100000004,1360951835371,2837,52
1762447242,0000000100000002,1360976601554,1352,53
1762447242,0000000400000080,1360982730985,981,54
1762447243,0000004000000080,1360988042393,664,55
1762447250,0000000400000080,1361058456258,1622,56
1762447260,0000008000000080,1361164435493,443,57
1762447267,0000000100000001,1361231622523,1593,58
1762447274,0000000800000004,1361296803405,2862,59
1762447285,0000000800000008,1361412592642,1092,60
1762447285,0000000200000001,1361413185976,1057,61
1762447308,0000008000000080,1361639740114,3007,62
1762447313,0000000800000002,1361686826041,183,63
1762447371,0000004000000008,1362271187317,1387,64
1762447389,0000000100000008,1362455772553,671,65
1762447392,0000008000000001,1362478038192,4535,66
1762447393,0000000100000080,1362493944450,3572,67
1762447395,0000000100000001,1362510226444,2579,68
1762447414,0000008000000004,1362704855812,1268,69
1762447456,0000000400000004,1363116479974,2469,70
1762447459,0000004000000080,1363152832999,293,71
1762447463,000000c000000080,1363186494075,3462,72
1762447464,0000008000000080,1363202117014,2511,73
1762447466,0000000100000002,1363224476524,1172,74
1762447484,0000000100000080,1363396679443,1201,75
1762447494,0000000c00000080,1363496949952,369,76
1762447503,0000000100000004,1363587691408,5292,77
1762447511,0000008000000002,1363675998086,5175,78
1762447520,0000004000000004,1363762269340,5179,79
1762447530,0000000100000001,1363859988402,4508,80
1762447533,0000008000000008,1363894078017,2439,81
1762447557,0000004000000008,1364136143596,3471,82
1762447578,0000004000000002,1364337811999,1724,83
1762447581,000000840000008c,1364370865159,4932,84
1762447583,0000000100000008,1364392415960,3640,85
1762447591,0000008000000001,1364466572889,4379,86
1762447612,0000008000000080,1364683221712,1722,87
1762447629,0000008000000088,1364847695439,2213,88
1762447633,0000008400000084,1364895095761,4569,89
1762447636,0000000800000080,1364923856955,2822,90
1762447649,0000000800000002,1365054782320,162,91
1762447662,0000000400000080,1365181912547,2883,92
1762447666,0000000100000001,1365222560689,445,93
1762447669,0000000400000080,1365252337843,3854,94
1762447670,0000000400000004,1365263607772,3167,95
1762447681,0000000800000004,1365367179983,2128,96
1762447702,0000000400000004,1365581270151,4838,97
1762447720,0000000100000001,1365757890167,4606,98
1762447735,0000000400000001,1365914709395,360,99
1762447738,0000000400000001,1365937421764,4197,100
1762447759,0000000400000010,1366150895229,1733,101
1762447762,0000000800000001,1366179566594,5199,102
1762447763,0000004000000004,1366190891105,4530,103
1762447770,0000000100000004,1366259538374,395,104
1762447775,0000000100000001,1366309465263,2572,105
1762447775,0000000100000001,1366312977553,2364,106
1762447787,0000000800000008,1366433370889,325,107
1762447801,0000000100000001,1366567275570,2645,108
1762447803,0000000800000008,1366592476166,1137,109
1762447810,0000004000000004,1366665556649,1937,110
1762447841,0000000800000009,1366974639398,4132,111
1762447845,0000008000000080,1367010245800,1977,112
1762447845,0000008000000004,1367014967611,1694,113
1762447866,0000000800000008,1367222916017,4772,114
1762447870,0000000100000001,1367256205369,2756,115
1762447871,0000008000000080,1367266303049,2153,116
1762447889,0000004000000002,1367446945890,1679,117
1762447900,0000000100000002,1367562244783,5128,118
1762447904,0000000400000008,1367605017924,2548,119
1762447917,0000008000000080,1367730116475,230,120
1762447931,0000004000000002,1367873987357,1960,121
1762447960,0000008000000008,1368162066372,217,122
1762447996,0000004000000008,1368521783929,4553,123
1762448016,0000000100000001,1368718943815,3069,124
1762448016,0000000800000004,1368725624097,2659,125
1762448027,0000000400000001,1368828869574,1653,126
1762448030,0000000400000001,1368856745857,5168,127
1762448055,0000000100000004,1369109923072,331,128
1762448064,0000000100000001,1369202691951,5133,129
1762448068,0000000800000002,1369237403913,3045,130
1762448073,0000000800000004,1369289872431,5084,131
1762448077,0000000200000080,1369336078494,2301,132
1762448083,0000000e00000001,1369394067348,4023,133
1762448087,0000000800000004,1369430303207,1833,134
1762448097,0000008000000002,1369526467938,1239,135
1762448097,0000000400000001,1369531427632,942,136
1762448118,0000004000000001,1369745606147,3646,137
1762448139,0000008000000080,1369950064996,1729,138
1762448143,0000004000000004,1369992282379,4395,139
1762448170,0000008000000001,1370257444478,4027,140
1762448172,0000008000000080,1370283037326,2468,141
1762448211,0000004000000001,1370674445263,4903,142
1762448212,0000000800000008,1370681396308,4492,143
1762448241,0000000100000008,1370974262053,2438,144
1762448246,0000000100000001,1371016644665,5091,145
1762448261,0000004000000003,1371171975505,940,146
1762448290,0000004000000001,1371460612313,4366,147
1762448294,0000000100000001,1371505509595,1655,148
1762448308,0000004000000080,1371637646248,4105,149
1762448308,0000000800000080,1371639245249,4007,150
1762448321,0000000400000080,1371773072200,1138,151
1762448332,0000008000000080,1371880909105,5042,152
1762448356,0000000100000001,1372120933897,989,153
1762448359,0000004000000001,1372154870982,4156,154
1762448380,0000000100000004,1372358375855,2285,155
1762448384,0000000100000008,1372400197731,4970,156
1762448416,0000008000000080,1372718279052,1416,157
1762448452,0000000400000002,1373083052144,253,158
1762448470,000000c000000080,1373258893357,5251,159
1762448481,0000000100000004,1373375790752,3417,160
1762448526,0000008000000080,1373822693528,2493,161
1762448531,0000000100000001,1373867272598,5015,162
1762448540,0000008000000004,1373959700193,4656,163
1762448541,0000000400000080,1373975057355,3731,164
1762448573,0000000100000001,1374289040233,422,165
1762448577,0000008000000080,1374330109353,3140,166
1762448588,0000008000000002,1374445769499,1380,167
1762448590,0000000400000008,1374465770024,179,168
1762448591,0000000400000004,1374475912074,4766,169
1762448603,0000008000000008,1374586783061,3284,170
1762448603,0000000400000080,1374586977148,3273,171
1762448608,0000000800000001,1374638586574,172,172
1762448652,0000000300000001,1375079298857,4825,173
1762448673,0000004000000080,1375294494883,2259,174
1762448690,0000004000000002,1375465920355,2333,175
1762448699,0000000100000001,1375549681517,2487,176
1762448708,0000008000000008,1375642233953,2119,177
1762448720,0000000100000001,1375765937239,5067,178
1762448740,0000008000000002,1375962267801,3653,179
1762448762,0000008000000080,1376178419221,1029,180
1762448787,0000000100000002,1376433179485,1287,181
1762448802,0000008000000080,1376582591440,2679,182
1762448811,0000000100000001,1376673615369,2398,183
1762448846,0000008000000080,1377025033186,2042,184
1762448864,0000000100000002,1377200425876,1882,185
1762448880,0000008000000080,1377363134446,2472,186
1762448880,0000008000000080,1377365628084,2326,187
1762448882,0000008000000002,1377379223115,1513,188
1762448892,0000004000000002,1377483460589,440,189
1762448895,0000004000000080,1377515442601,3715,190
1762448896,0000008000000001,1377522638133,3273,191
1762448903,0000008000000002,1377588910808,4491,192
1762448903,0000004000000002,1377589614841,4450,193
1762448910,0000000100000004,1377663189449,5203,194
1762448917,0000008000000080,1377729605569,1210,195
1762448928,0000004000000080,1377836710129,5155,196
1762448928,0000008000000080,1377842747057,4799,197
1762448947,0000000100000001,1378035341079,3602,198
1762448948,0000000800000002,1378044887100,3019,199
1762448953,0000008000000080,1378094620036,5221,200
1762448972,0000004000000004,1378285615216,4135,201
1762448976,0000004000000004,1378321303279,1976,202
1762448979,0000004000000008,1378347780663,387,203
1762448990,0000008000000001,1378459555570,4060,204
1762448996,0000000400000002,1378522429150,269,205
1762449001,0000000800000001,1378569591337,2612,206
1762449028,0000000800000004,1378837518234,2085,207
1762449040,0000000800000001,1378960450086,5079,208
1762449059,0000008000000080,1379152506989,3925,209
1762449069,0000004000000008,1379249228289,3291,210
1762449070,0000000100000004,1379263248202,2438,211
1762449070,0000000800000004,1379264076199,2391,212
1762449076,0000000800000001,1379316256209,4464,213
1762449080,0000000400000080,1379362950100,1644,214
1762449091,0000000100000003,1379470481284,372,215
1762449092,0000008000000001,1379483440487,4788,216
1762449103,0000000100000004,1379590628279,3535,217
1762449105,0000004000000040,1379614787218,2075,218
1762449157,0000000100000001,1380132473436,2096,219
1762449158,0000008000000080,1380136087278,1881,220
1762449164,000000c000000080,1380205505804,2896,221
1762449165,0000004000000002,1380209995785,2620,222
1762449166,0000008000000008,1380223444447,1820,223
1762449166,0000004000000002,1380223524430,1815,224
1762449174,0000000100000003,1380296509153,2609,225
1762449189,0000000800000001,1380449484771,3815,226
1762449191,0000000100000002,1380470199577,2550,227
1762449196,0000000100000001,1380524781275,4481,228
1762449211,0000000800000008,1380674136656,681,229
1762449227,0000000800000001,1380832048611,1568,230
1762449239,0000000800000002,1380950894702,4813,231
1762449249,0000000400000002,1381048620885,4134,232
1762449250,0000000400000002,1381065295986,3117,233
1762449252,0000008000000080,1381076400627,2443,234
1762449258,0000004000000008,1381138402024,3925,235
1762449271,0000008000000080,1381272693422,1031,236
1762449279,0000000100000080,1381346761481,1770,237
1762449295,0000000800000004,1381511191986,2261,238
1762449296,0000004000000002,1381525713962,1394,239
1762449303,0000000100000001,1381591106416,2644,240
1762449308,0000008000000001,1381640753561,4864,241
1762449313,0000008000000002,1381690296330,1880,242
1762449316,0000000100000001,1381716382597,315,243
1762449333,0000008000000080,1381887482406,410,244
1762449352,0000000100000001,1382081066405,4354,245
1762449366,0000000100000080,1382223019646,996,246
1762449394,0000000800000004,1382500931027,5056,247
1762449412,0000004000000008,1382680859962,4629,248
1762449413,0000004000000004,1382685893084,4331,249
1762449433,0000000100000002,1382886723856,2616,250
1762449436,0000000400000008,1382925470653,297,251
1762449441,0000000400000008,1382965817303,3059,252
1762449480,0000000100000004,1383362049204,5194,253
1762449483,0000000400000001,1383393495657,3305,254
1762449485,0000004000000080,1383406579212,2508,255
1762449496,0000000100000004,1383519687684,906,256
1762449506,0000000100000008,1383619966233,5261,257
1762449507,0000008000000001,1383627317626,4824,258
1762449523,0000000400000001,1383790579632,197,259
1762449528,0000008000000080,1383837901698,2532,260
1762449554,0000008000000008,1384097778871,2481,261
1762449557,0000000100000008,1384129128770,606,262
1762449561,0000004000000008,1384172178076,3208,263
1762449573,0000000100000080,1384290704867,1273,264
1762449592,0000000400000008,1384479218564,324,265
1762449605,0000000100000001,1384612625779,2675,266
1762449612,0000000100000003,1384683123341,3642,267
1762449628,0000000800000001,1384838646676,4677,268
1762449629,0000000800000001,1384851999803,3876,269
1762449629,0000004000000008,1384853937234,3758,270
1762449630,0000004000000080,1384860033585,3385,271
1762449656,0000000100000001,1385125644024,2983,272
1762449662,0000008000000080,1385183486597,4707,273
1762449664,0000004000000080,1385201624640,3616,274
1762449686,0000000400000008,1385423010420,682,275
1762449688,0000000100000008,1385445021146,4561,276
1762449697,0000000800000004,1385528706762,4718,277
1762449705,0000008000000080,1385614960332,4723,278
1762449719,0000000900000001,1385752936498,1610,279
1762449730,0000000800000008,1385858084169,482,280
1762449731,0000008000000002,1385875117501,4657,281
1762449760,0000000100000004,1386163600254,2873,282
1762449775,0000000800000080,1386308366505,4566,283
1762449778,0000000200000002,1386339614345,2668,284
1762449780,0000008000000004,1386358464542,1543,285
1762449804,0000000400000002,1386599337848,2626,286
1762449837,0000000800000080,1386926943087,3712,287
1762449844,0000000100000004,1386997929885,4635,288
1762449874,0000000100000080,1387303761159,1814,289
1762449881,0000000400000001,1387368187443,3128,290
1762449889,0000000400000004,1387447923022,3532,291
1762449899,0000000100000004,1387551430181,2487,292
1762449938,000000c000000080,1387943957791,4857,293
1762449944,0000004000000004,1387995775464,1737,294
1762449947,0000000400000080,1388028412996,4968,295
1762449947,0000000400000008,1388029962171,4877,296
1762449951,0000008000000080,1388065926157,2702,297
1762449970,0000000100000001,1388264477482,1152,298
1762449972,0000000100000002,1388283380473,5209,299
1762449972,0000000400000004,1388285084534,5108,300
1762450028,0000008000000080,1388840350387,2865,301
1762450029,0000000100000080,1388853218511,2094,302
1762450034,0000000100000001,1388896627419,4687,303
1762450038,0000000100000001,1388936007562,2304,304
1762450067,0000000800000002,1389230091217,206,305
1762450069,0000000100000001,1389251180504,4139,306
1762450082,0000000100000008,1389379313686,1613,307
1762450082,0000000100000080,1389382098495,1447,308
1762450082,0000000100000008,1389384409137,1308,309
1762450102,0000000100000001,1389580462736,5095,310
1762450108,000000c000000004,1389641214351,1442,311
1762450127,0000000800000004,1389828830329,545,312
1762450133,0000000100000001,1389889074213,2110,313
1762450144,0000008000000080,1390004765323,350,314
1762450163,0000004000000004,1390193423196,4590,315
1762450172,0000004000000001,1390278824284,4646,316
1762450181,0000008000000004,1390373838624,4128,317
1762450193,0000000100000001,1390491321766,2238,318
1762450200,0000000100000001,1390562855541,3131,319
1762450214,0000000100000080,1390702291367,5134,320
1762450217,0000008000000080,1390729616257,3493,321
1762450221,0000008000000004,1390770346851,1038,322
1762450226,0000000400000004,1390822995647,3063,323
1762450232,0000000800000002,1390881721684,4734,324
1762450244,0000004000000080,1390999785866,2814,325
1762450252,0000000100000001,1391081226622,3115,326
1762450252,000000c000000080,1391081875917,3074,327
1762450294,0000008000000002,1391496976628,4085,328
1762450301,0000000100000001,1391567533162,5026,329
1762450303,0000004000000001,1391589406780,3716,330
1762450306,0000008000000080,1391623843539,1638,331
1762450310,0000000800000004,1391660010492,4663,332
1762450313,0000008000000002,1391688884712,2915,333
1762450343,000000c000000080,1391988929954,455,334
1762450347,0000008400000080,1392032208538,3038,335
1762450349,0000004000000080,1392050713637,1931,336
1762450365,0000000800000008,1392210167572,2717,337
1762450365,0000000400000004,1392215507814,2398,338
1762450373,0000000800000002,1392290249312,3098,339
1762450389,0000004000000080,1392450407559,3865,340
1762450399,0000000800000080,1392546795394,3250,341
1762450407,0000000100000081,1392626382709,3665,342
1762450407,0000008000000080,1392630861891,3391,343
1762450408,0000000800000002,1392644882911,2536,344
1762450426,0000008000000004,1392822679965,2232,345
1762450428,0000000100000001,1392845502249,863,346
1762450431,000000c000000080,1392865815652,4840,347
1762450438,0000000100000001,1392945188044,5255,348
1762450445,0000000100000003,1393011543353,1263,349
1762450447,0000000800000008,1393033508424,5135,350
1762450453,0000000400000001,1393092105052,1611,351
1762450464,0000000800000080,1393198403624,415,352
1762450465,0000000800000001,1393210120869,4902,353
1762450471,0000000400000080,1393270592288,1263,354
1762450492,0000000800000002,1393478571527,4346,355
1762450495,0000004000000080,1393508334393,2535,356
1762450503,0000000400000002,1393588879816,2889,357
1762450507,0000000400000002,1393626771614,615,358
1762450543,0000000400000002,1393992646130,4584,359
1762450545,0000000800000080,1394015462185,3201,360
1762450549,0000000400000001,1394051036265,1061,361
1762450561,0000000100000001,1394172426832,4159,362
1762450573,000000c000000080,1394286294536,2482,363
1762450576,000000c000000080,1394320433009,441,364
1762450578,0000008000000001,1394338899505,4531,365
1762450585,0000000100000001,1394410159997,239,366
1762450591,0000000100000001,1394468504935,1919,367
1762450625,0000000800000002,1394813220106,1958,368
1762450669,0000004000000008,1395247240558,1819,369
1762450674,0000008000000008,1395303921761,3611,370
1762450680,0000004000000008,1395364255078,5167,371
1762450699,0000000100000002,1395547057041,4571,372
1762450724,0000008000000008,1395800890482,4876,373
1762450726,0000000400000080,1395818917250,3798,374
1762450733,0000008000000004,1395890165817,4705,375
1762450742,0000000800000008,1395977810778,4628,376
1762450746,0000000100000008,1396023509300,1869,377
1762450747,0000000800000002,1396027269672,1643,378
1762450763,0000004000000004,1396186346333,2453,379
1762450763,0000004000000004,1396194051872,1998,380
1762450775,0000004000000008,1396312861783,5237,381
1762450778,0000004000000080,1396336397332,3832,382
1762450818,0000000100000004,1396740867698,272,383
1762450835,0000008000000080,1396907334271,645,384
1762450843,0000000400000080,1396992377971,723,385
1762450844,0000000400000004,1397002942025,5277,386
1762450850,0000008000000008,1397062852496,1676,387
1762450870,0000004000000002,1397262365146,5253,388
1762450875,0000008000000080,1397312553924,2232,389
1762450882,0000000400000002,1397382055509,3249,390
1762450883,0000008000000080,1397394907375,2469,391
1762450889,0000000400000004,1397447629374,4510,392
1762450891,0000000800000080,1397465743581,3412,393
1762450900,0000008000000080,1397565070139,2619,394
1762450904,0000008000000080,1397595862104,777,395
1762450905,0000004000000002,1397610116385,5111,396
1762450915,0000008000000008,1397707311496,4472,397
1762450930,0000000400000002,1397861879831,359,398
1762450931,0000000800000004,1397865490204,5331,399
1762450940,0000000300000003,1397957477226,4995,400
1762450952,000000c000000080,1398077638937,2955,401
1762450986,0000008000000080,1398420271018,3122,402
1762450998,0000008000000002,1398535767649,1371,403
1762451004,0000000800000002,1398602184100,2561,404
1762451008,0000008000000080,1398643355704,5284,405
1762451014,0000008000000002,1398704113969,1632,406
1762451016,0000004000000080,1398717681836,816,407
1762451018,0000008000000008,1398744486160,4410,408
1762451019,0000008000000002,1398746462841,4290,409
1762451023,0000000100000080,1398794916366,1365,410
1762451042,0000000100000001,1398981999856,501,411
1762451057,0000004000000001,1399130776118,1937,412
1762451062,0000004000000001,1399177594302,4325,413
1762451072,0000000400000001,1399277559949,3498,414
1762451081,0000008000000080,1399369265985,3172,415
1762451086,0000000800000002,1399419420334,162,416
1762451092,0000000200000080,1399475750478,1960,417
1762451092,0000000800000002,1399476255287,1929,418
1762451108,0000000400000001,1399639962115,2462,419
1762451125,0000000400000001,1399813806132,2394,420
1762451129,0000000100000006,1399846699162,425,421
1762451130,0000000400000004,1399862969790,4645,422
1762451142,0000008000000080,1399982576136,2624,423
1762451182,0000000100000001,1400377964997,4825,424
1762451190,0000000800000008,1400457444896,5232,425
1762451209,0000000100000004,1400646520718,4261,426
1762451229,0000004000000002,1400855053856,2089,427
1762451231,0000004000000080,1400872771173,1025,428
1762451231,0000008000000008,1400874885482,899,429
1762451238,0000008000000004,1400940164981,2162,430
1762451274,0000000100000080,1401298542846,1385,431
1762451284,0000000100000003,1401399618517,501,432
1762451295,0000008000000002,1401507041762,4434,433
1762451295,0000000800000008,1401510734547,4214,434
1762451297,0000000100000003,1401531199303,2968,435
1762451303,0000008000000080,1401586508050,4840,436
1762451307,0000000800000001,1401626218350,2441,437
1762451311,000000c000000080,1401672002813,4891,438
1762451318,0000000800000080,1401736200647,1024,439
1762451318,0000000800000080,1401742987793,620,440
1762451321,0000008000000001,1401770570668,4164,441
1762451325,0000004000000008,1401814905443,1486,442
1762451332,0000000400000008,1401878865712,2827,443
1762451333,0000000100000001,1401894309004,1904,444
1762451345,0000004000000002,1402013482709,5121,445
1762451347,0000008000000002,1402033481706,3930,446
1762451350,0000004000000080,1402058799948,2390,447
1762451350,0000000800000004,1402061134561,2252,448
1762451353,0000000100000002,1402088737350,597,449
1762451365,0000004000000001,1402211843049,3583,450
1762451366,0000000100000003,1402217623585,3229,451
1762451367,0000008000000080,1402229348103,2514,452
1762451403,0000008000000002,1402594532654,1334,453
1762451423,0000000400000002,1402793727718,4935,454
1762451424,0000008000000080,1402800856016,4515,455
1762451437,0000000400000001,1402930300292,1911,456
1762451445,0000000800000002,1403007716197,2441,457
1762451456,0000000400000008,1403115941278,1129,458
1762451468,0000000100000080,1403243558133,3854,459
1762451473,000000c000000080,1403287049259,1225,460
1762451483,0000000400000080,1403387520918,381,461
1762451484,0000000800000002,1403399694434,4843,462
1762451493,0000000400000080,1403493617361,4394,463
1762451504,0000008000000080,1403603194304,2982,464
1762451509,0000000800000002,1403646212907,401,465
1762451521,0000004000000004,1403768626569,3425,466
1762451527,0000000100000001,1403830355000,4905,467
1762451549,0000008000000008,1404048341706,2175,468
1762451553,0000000800000008,1404090831528,4821,469
1762451564,0000004000000080,1404201051326,3382,470
1762451565,0000000400000080,1404210957575,2777,471
1762451565,0000000400000008,1404215179697,2520,472
1762451573,0000000100000004,1404293577781,3004,473
1762451592,0000008000000080,1404476655799,2377,474
1762451595,0000008000000080,1404511383756,297,475
1762451596,0000004000000001,1404518951331,5032,476
1762451613,0000000800000001,1404694624589,4856,477
1762451617,0000000100000001,1404725899939,2968,478
1762451618,0000008000000008,1404742896928,1948,479
1762451626,0000004000000080,1404818567666,2582,480
1762451628,0000004000000002,1404842487130,1149,481
1762451629,0000000400000008,1404845491768,969,482
1762451631,0000004000000004,1404871350322,4619,483
1762451642,0000000800000002,1404980526961,3235,484
1762451661,0000004000000002,1405175198706,1914,485
1762451665,0000000400000001,1405213130216,4829,486
1762451679,0000000400000080,1405352204026,1653,487
1762451691,0000004000000080,1405467654047,5094,488
1762451692,0000000400000004,1405478172509,4474,489
1762451712,0000000400000008,1405680366781,2681,490
1762451717,0000000400000008,1405733235649,4710,491
1762451759,0000000800000008,1406147264401,576,492
1762451761,0000008000000004,1406173791178,4184,493
1762451768,0000008000000080,1406237802823,324,494
1762451777,0000000100000001,1406334378807,4901,495
1762451783,0000008000000001,1406392384265,1410,496
1762451787,0000000100000001,1406434007585,4111,497
1762451789,0000000800000008,1406450615355,3098,498
1762451791,0000000400000001,1406470670488,1895,499
1762451805,000000010000000a,1406613335797,3707,500
1762451808,0000008000000002,1406643504660,1886,501
1762451809,0000004000000004,1406649988432,1495,502
1762451812,0000008000000080,1406683636927,4673,503
1762451812,0000000800000008,1406684705272,4610,504
1762451818,0000000100000001,1406741920660,1157,505
1762451819,0000000400000002,1406752655288,516,506
1762451844,0000000100000080,1406997004268,1396,507
1762451846,0000008000000080,1407023043824,5025,508
1762451868,0000000400000008,1407236302317,2574,509
1762451869,0000000800000001,1407250961749,1700,510
1762451881,0000000400000004,1407369875230,4939,511
1762451882,0000000800000002,1407375318013,4618,512
1762451894,0000008000000002,1407502147222,2170,513
1762451907,0000004000000002,1407629906797,4879,514
1762451932,0000000800000004,1407882009977,5290,515
1762451952,0000000100000001,1408077222966,3949,516
1762451959,0000000800000002,1408154473988,4495,517
1762451965,0000000100000008,1408212083346,1018,518
1762451969,0000008000000080,1408251954308,3823,519
1762451986,0000008000000001,1408421896430,3991,520
1762451990,0000004000000004,1408456779722,1883,521
1762451990,0000004000000002,1408459218576,1734,522
1762451991,0000000800000001,1408474790961,799,523
1762452007,0000000800000001,1408633264784,1652,524
1762452011,0000008000000080,1408666840266,4832,525
1762452014,0000000800000008,1408698346989,2929,526
1762452017,0000000400000008,1408732088547,903,527
1762452027,0000000800000004,1408827870933,338,528
1762452034,0000008000000002,1408896900559,1376,529
1762452041,0000000100000002,1408967621831,2311,530
1762452049,0000008000000004,1409050474661,2516,531
1762452058,0000000100000001,1409136481857,2536,532
1762452077,0000000400000080,1409334161783,1040,533
1762452090,0000008000000004,1409460517344,3839,534
1762452136,0000000800000001,1409918431317,2250,535
1762452143,0000000400000002,1409994392031,2874,536
1762452157,0000000100000001,1410133518497,4900,537
1762452169,0000000400000080,1410253650106,2861,538
1762452181,0000008000000080,1410374585862,785,539
1762452197,0000000100000006,1410529145979,1874,540
1762452201,0000000100000001,1410567952204,4741,541
1762452202,0000000400000001,1410579831881,4031,542
1762452206,0000000800000001,1410619119031,1656,543
1762452214,0000000800000002,1410701619131,1886,544
1762452217,0000000400000001,1410732734965,5206,545
1762452245,0000000100000001,1411011139548,4057,546
1762452245,0000000100000002,1411012591410,3968,547
1762452247,0000000100000001,1411031886665,2789,548
1762452252,0000000100000001,1411077676024,5233,549
1762452256,0000000400000002,1411117195548,2854,550
1762452256,0000000800000002,1411119588778,2707,551
1762452257,0000004000000080,1411126022376,2323,552
1762452271,000000010000000d,1411271957752,3947,553
1762452282,0000000100000001,1411377535286,2774,554
1762452282,0000004000000008,1411378124530,2737,555
1762452283,0000000400000001,1411395086190,1723,556
1762452288,0000004000000002,1411443788290,3999,557
1762452291,0000008000000080,1411471433268,2319,558
1762452296,0000000800000002,1411516208741,4830,559
1762452309,0000008000000004,1411654568520,1698,560
1762452329,0000000400000008,1411845725953,588,561
1762452329,0000004000000008,1411846164126,562,562
1762452331,0000000400000080,1411868419440,4426,563
1762452331,0000004000000002,1411873721340,4108,564
1762452375,0000000100000008,1412311248523,3755,565
1762452390,0000000400000001,1412461377402,5102,566
1762452400,0000008000000080,1412555794761,4625,567
1762452406,0000000100000003,1412622203911,625,568
1762452408,0000000100000040,1412636640488,4950,569
1762452412,0000000100000001,1412679117756,2386,570
1762452417,0000004000000004,1412729859729,4545,571
1762452429,0000000800000004,1412850316177,2474,572
1762452442,0000000400000004,1412984073583,4828,573
1762452458,0000000800000080,1413141395035,557,574
1762452473,0000004000000001,1413290138585,1994,575
1762452499,0000000400000004,1413545727915,2198,576
1762452520,0000000100000008,1413764681212,4622,577
1762452524,0000000100000001,1413798082227,2594,578
1762452530,0000008000000008,1413855145218,4376,579
1762452553,0000008000000080,1414094445347,360,580
1762452556,0000008000000001,1414119713838,4043,581
1762452562,0000000100000001,1414183543945,196,582
1762452565,0000000400000002,1414208104565,3919,583
1762452565,0000000400000004,1414212579653,3645,584
1762452572,0000004000000001,1414284917516,4491,585
1762452574,0000000100000008,1414303993828,3335,586
1762452592,0000000100000080,1414477772759,3268,587
1762452606,0000000800000002,1414622177559,4972,588
1762452619,0000000100000001,1414751460889,2381,589
1762452630,0000008000000008,1414856635697,1254,590
1762452641,0000000800000001,1414966651164,5024,591
1762452651,0000008000000001,1415065152254,4304,592
1762452657,0000000100000003,1415125282615,677,593
1762452662,0000000400000001,1415177347295,2730,594
1762452663,000000c000000080,1415187431384,2128,595
1762452692,0000000100000002,1415479098802,172,596
1762452698,0000004000000080,1415535661003,1959,597
1762452698,0000000c00000004,1415542747553,1533,598
1762452705,0000000100000008,1415605560299,2944,599
1762452710,0000000100000001,1415658599184,4953,600
1762452719,0000004000000002,1415747423117,4807,601
1762452719,0000000800000001,1415753437545,4452,602
1762452726,0000008000000080,1415818005164,559,603
1762452741,0000000800000004,1415966799285,1992,604
1762452758,0000004000000004,1416135535999,2226,605
1762452761,0000004000000002,1416170584760,5314,606
1762452766,0000000100000001,1416220796277,2290,607
1762452768,0000008000000004,1416236095848,1377,608
1762452779,0000000400000001,1416352811256,4751,609
1762452782,0000000100000001,1416381262205,3027,610
1762452788,0000000800000004,1416442943442,4525,611
1762452796,0000008000000004,1416523192028,4885,612
1762452797,0000000100000008,1416532447436,4336,613
1762452805,0000004000000080,1416605720817,5109,614
1762452806,0000000400000080,1416623378606,4061,615
1762452827,0000000100000001,1416830378781,1984,616
1762452829,0000000400000080,1416845866609,1052,617
1762452833,0000000400000080,1416888486854,3691,618
1762452844,0000008000000008,1416998025972,2281,619
1762452859,0000008000000080,1417153370040,3332,620
1762452860,0000000800000008,1417158416901,3025,621
1762452864,0000000400000080,1417195757686,782,622
1762452875,0000008000000008,1417308550128,4396,623
1762452881,0000000100000001,1417374636147,412,624
1762452900,0000004000000008,1417560602299,4809,625
1762452907,0000008000000080,1417630211704,620,626
1762452937,0000004000000080,1417934165995,3106,627
1762452938,0000008800000004,1417944069572,2502,628
1762452952,0000000100000004,1418083508022,4523,629
1762452961,0000008000000080,1418171136630,4446,630
1762452964,0000004000000080,1418197758964,2828,631
1762452980,0000000400000002,1418358390242,3564,632
1762452981,0000000100000004,1418366848673,3048,633
1762452982,0000000800000002,1418383693894,2036,634
1762452985,0000000100000080,1418406711402,654,635
1762452986,0000001000000080,1418422104541,4923,636
1762452992,0000000100000002,1418482894163,1263,637
1762452997,0000000400000008,1418534364893,3362,638
1762452999,0000004000000004,1418551879669,2303,639
1762453004,0000008000000080,1418595848121,4861,640
1762453006,0000000100000008,1418624924964,3106,641
1762453009,0000000400000080,1418653740943,1375,642
1762453013,0000008000000004,1418686321828,4618,643
1762453014,0000004000000080,1418703509523,3579,644
1762453021,0000008000000080,1418767059703,1876,645
1762453032,0000004000000080,1418878768367,3422,646
1762453034,0000000100000004,1418904868263,1851,647
1762453038,0000000800000002,1418935977542,5170,648
1762453042,0000000400000001,1418976487335,2727,649
1762453042,0000004000000008,1418984774204,2232,650
1762453071,0000000800000080,1419265413824,935,651
1762453077,0000000800000008,1419327663393,2379,652
1762453093,0000000800000001,1419490098888,2999,653
1762453100,0000008000000001,1419558464552,4096,654
1762453118,0000000100000002,1419744732091,3268,655
1762453120,0000000100000001,1419759387710,2379,656
1762453132,0000000800000002,1419883122287,5327,657
1762453143,0000000100000080,1419990618721,4069,658
1762453164,0000008000000008,1420198403931,1946,659
1762453166,0000000800000080,1420217892672,774,660
1762453171,0000008000000080,1420268416533,2925,661
1762453171,0000000100000004,1420272167389,2694,662
1762453188,0000000100000004,1420435661697,3256,663
1762453188,0000000800000002,1420437449550,3148,664
1762453195,0000000100000004,1420514329026,3726,665
1762453203,0000008000000002,1420592487676,4222,666
1762453213,0000000100000008,1420692248446,3406,667
1762453246,0000008000000080,1421018401781,4570,668
1762453255,0000000200000004,1421108064249,4371,669
1762453267,0000000800000002,1421230473430,2186,670
1762453280,0000000c00000001,1421355295310,5069,671
1762453280,0000000400000004,1421360835990,4743,672
1762453305,0000004000000080,1421610572447,5292,673
1762453308,0000000800000080,1421643289646,3329,674
1762453320,0000008000000080,1421757682258,1639,675
1762453323,0000000800000002,1421792016073,4774,676
1762453345,0000008000000080,1422007200450,2207,677
1762453356,0000000100000002,1422120562844,590,678
1762453378,0000004000000080,1422339946682,2968,679
1762453378,0000000100000004,1422341495457,2874,680
1762453393,0000000100000001,1422485753862,4597,681
1762453398,0000000800000008,1422535978624,1566,682
1762453416,0000000800000080,1422722591570,731,683
1762453431,0000004000000080,1422871796294,2140,684
1762453448,0000000400000008,1423042773630,2241,685
1762453462,0000000400000002,1423176080498,4623,686
1762453462,0000008000000004,1423179141426,4441,687
1762453488,0000008000000080,1423442471516,4183,688
1762453502,0000000200000080,1423582220436,957,689
1762453514,0000008000000004,1423695646064,4534,690
1762453524,0000000800000080,1423801982526,3321,691
1762453530,0000000400000001,1423862943922,4851,692
1762453537,0000000400000008,1423928170648,923,693
1762453553,0000000800000001,1424089341955,1615,694
1762453557,0000008000000080,1424126035098,4613,695
1762453562,0000000100000008,1424177473064,1509,696
1762453569,0000000200000004,1424245962110,2573,697
1762453573,0000000400000004,1424285963437,181,698
1762453604,0000004000000004,1424597531438,2207,699
1762453604,0000000800000002,1424599552585,2086,700
1762453608,0000000800000080,1424636002875,5089,701
1762453629,0000000400000002,1424849698260,2613,702
1762453636,0000008000000080,1424915561897,3865,703
1762453638,0000000100000002,1424935370925,2655,704
1762453646,0000000400000080,1425015301381,3046,705
1762453650,0000008000000080,1425064354526,5290,706
1762453654,0000000100000001,1425098901355,3213,707
1762453697,0000000100000008,1425531983162,3131,708
1762453699,0000008000000080,1425545452651,2317,709
1762453701,0000000100000008,1425569104928,899,710
1762453702,0000000400000001,1425582092805,5309,711
1762453724,0000000100000003,1425796425649,2802,712
1762453739,0000000800000006,1425952152160,3836,713
1762453782,0000008000000004,1426379358315,4110,714
1762453798,0000000800000004,1426543790590,4603,715
1762453815,0000000200000008,1426709739004,5001,716
1762453849,0000000100000001,1427047788463,251,717
1762453855,0000000100000001,1427110457004,1671,718
1762453858,0000008000000080,1427135428995,173,719
1762453858,0000008000000080,1427141052031,5025,720
1762453872,0000008000000080,1427280005259,1862,721
1762453884,0000004000000080,1427394998460,5326,722
1762453897,0000000100000001,1427532109736,2273,723
1762453898,0000008000000004,1427535452882,2074,724
1762453904,0000000100000001,1427600131864,3380,725
1762453922,000000c000000080,1427781320090,2863,726
1762453932,0000000800000004,1427879883051,2130,727
1762453940,0000000800000008,1427954783785,2809,728
1762453943,0000000200000001,1427990050650,700,729
1762453953,0000008000000080,1428091628202,4978,730
1762453955,0000008000000080,1428106493865,4094,731
1762453962,0000004000000004,1428183592193,4647,732
1762453974,000000c000000080,1428301148076,2754,733
1762453979,0000000100000001,1428349519972,5046,734
1762454003,0000008800000002,1428585055182,1264,735
1762454027,0000000400000002,1428825128162,2399,736
1762454034,0000008000000080,1428903611871,2873,737
1762454034,0000000800000002,1428904523818,2818,738
1762454039,0000008000000080,1428946734722,288,739
1762454040,0000008000000080,1428960289359,4670,740
1762454043,0000000100000001,1428985898611,3120,741
1762454054,0000000100000004,1429099197600,1500,742
1762454057,0000000800000004,1429128754651,4913,743
1762454066,0000000400000001,1429221430785,4545,744
1762454066,0000004000000008,1429221803304,4524,745
1762454076,0000000400000008,1429319913878,3815,746
1762454078,0000000100000001,1429338273561,2691,747
1762454080,0000000100000002,1429361957667,1276,748
1762454091,0000000100000001,1429474284863,4910,749
1762454093,0000000800000001,1429488130872,4084,750
1762454100,000000c000000080,1429563324794,4750,751
1762454101,0000000800000002,1429572298210,4217,752
1762454106,0000000800000008,1429616335628,1556,753
1762454113,0000004000000004,1429692815433,2146,754
1762454126,0000000800000002,1429817694110,5025,755
1762454133,0000000400000002,1429889674001,696,756
1762454135,0000000800000001,1429909108749,4726,757
1762454149,0000000400000080,1430052249339,1304,758
1762454159,0000000400000008,1430153496844,411,759
1762454160,0000000100000001,1430157850099,162,760
1762454171,0000004000000008,1430266592229,4002,761
1762454184,0000000200000004,1430401487542,1068,762
1762454200,0000008000000008,1430560136420,1917,763
1762454229,000000c000000080,1430845494363,336,764
1762454229,0000008000000080,1430854573076,4981,765
1762454233,0000004000000002,1430886146833,3076,766
1762454243,0000004000000008,1430991761315,1923,767
1762454251,0000000100000001,1431068035171,2517,768
1762454269,0000008000000004,1431252064612,1846,769
1762454279,0000004000000002,1431351732018,1040,770
1762454304,0000008000000080,1431595336233,1971,771
1762454331,0000000100000080,1431871873057,916,772
1762454333,0000000100000001,1431889799967,5033,773
1762454342,0000000800000008,1431983359415,4609,774
1762454346,0000008000000001,1432019798968,2400,775
1762454372,0000000100000001,1432280024483,2329,776
1762454391,0000000100000003,1432472106272,1166,777
1762454392,0000000400000002,1432483885165,463,778
1762454397,0000000100000001,1432529343970,2916,779
1762454405,0000000800000004,1432613757402,3032,780
1762454412,0000000100000001,1432676500576,4465,781
1762454415,0000000400000003,1432712876175,2262,782
1762454417,0000008000000008,1432733533903,1023,783
1762454427,0000000100000002,1432830998258,359,784
1762454441,0000000400000004,1432967759772,2507,785
1762454443,0000008000000080,1432989105027,1230,786
1762454463,0000000100000001,1433186034456,4971,787
1762454466,0000000200000004,1433222105655,2791,788
1762454468,0000004000000008,1433239566534,1748,789
1762454483,0000000100000003,1433391784910,2976,790
1762454485,0000000800000004,1433408076459,1999,791
1762454488,0000004000000080,1433440675092,5230,792
1762454488,0000000800000004,1433442334511,5132,793
1762454508,0000000800000002,1433640918768,3579,794
1762454523,0000004000000008,1433788331960,5094,795
1762454539,0000000800000004,1433945028708,862,796
1762454560,0000008000000080,1434155029186,3821,797
1762454570,0000000800000002,1434260018185,2682,798
1762454600,0000000100000008,1434558484642,322,799
1762454602,0000000100000080,1434578479098,4322,800
1762454604,0000000100000001,1434602626483,2853,801
1762454614,0000000800000004,1434695400567,2462,802
1762454614,0000008000000080,1434695644738,2447,803
1762454618,0000000400000004,1434735256774,5257,804
1762454618,0000000100000002,1434739570950,5007,805
1762454618,0000004000000004,1434743464421,4778,806
1762454621,0000008000000080,1434764647882,3502,807
1762454622,0000000100000001,1434776793390,2761,808
1762454628,0000000100000080,1434843689964,3948,809
1762454635,0000004000000004,1434907061783,5316,810
1762454641,0000004000000008,1434967856625,1662,811
1762454647,0000008000000080,1435026788834,3312,812
1762454662,0000000400000002,1435182808170,4325,813
1762454665,0000000100000001,1435213338147,2469,814
1762454670,0000004000000004,1435260149173,4858,815
1762454688,0000004000000001,1435439934985,4439,816
1762454707,0000008000000080,1435634180709,3131,817
1762454722,0000004000000080,1435780553854,4722,818
1762454734,0000000100000008,1435896811486,2911,819
1762454736,000000040000000e,1435922845135,1349,820
1762454751,0000000400000002,1436071057920,2815,821
1762454757,0000000100000004,1436127841437,4608,822
1762454768,0000000400000004,1436239890884,3049,823
1762454773,0000000400000001,1436292192814,5100,824
1762454776,0000000100000004,1436316951052,3617,825
1762454778,0000008100000081,1436340072867,2215,826
1762454793,0000008000000080,1436485710026,3856,827
1762454813,0000000800000004,1436687033379,2123,828
1762454816,0000004000000080,1436715920389,391,829
1762454822,0000008000000008,1436782277162,1590,830
1762454832,0000000100000006,1436881786147,798,831
1762454837,0000000100000004,1436925037429,3392,832
1762454870,0000008000000002,1437256490779,4239,833
1762454877,0000000100000080,1437326393222,5214,834
1762454884,0000000400000004,1437395386281,1064,835
1762454897,0000004000000080,1437529600120,3382,836
1762454902,0000000400000008,1437574843005,661,837
1762454917,000000c800000002,1437724987750,2015,838
1762454917,0000008000000001,1437728747199,1790,839
1762454919,0000000100000004,1437751294362,436,840
1762454929,0000004000000080,1437851064975,4822,841
1762454942,0000000100000002,1437975044902,5091,842
1762454943,0000004000000008,1437993104089,1468,843
1762454947,0000008000000080,1438026597958,4655,844
1762454952,0000004000000001,1438080790680,1389,845
1762454955,0000000200000002,1438112986111,4653,846
1762454966,0000000800000008,1438217764318,3541,847
1762454969,0000000100000080,1438248731916,1674,848
1762454983,0000004800000001,1438387801654,3703,849
1762454987,0000008000000080,1438429499952,1185,850
1762454989,0000000400000004,1438453861058,4918,851
1762455010,0000000100000001,1438664365099,2629,852
1762455014,0000000400000004,1438700995896,441,853
1762455040,0000008000000004,1438961154447,373,854
1762455047,0000004000000001,1439034229951,1164,855
1762455054,0000004000000008,1439094757112,2712,856
1762455077,0000004000000002,1439330761896,4118,857
1762455077,0000008000000001,1439332103188,4037,858
1762455081,0000004000000001,1439368659150,1828,859
1762455093,0000000100000001,1439485443643,5186,860
1762455100,0000000100000001,1439559951200,709,861
1762455111,0000000400000004,1439669986353,4486,862
1762455127,0000004000000008,1439830177668,5225,863
1762455158,0000000100000001,1440142881825,1998,864
1762455173,0000008000000001,1440287077313,3721,865
1762455183,0000000100000002,1440384642268,3033,866
1762455198,0000008000000008,1440540817099,4041,867
1762455199,0000008000000004,1440550568742,3447,868
1762455202,0000004000000004,1440576725462,1872,869
1762455218,0000004000000002,1440741847653,2319,870
1762455236,0000000800000004,1440918701337,2072,871
1762455239,0000000100000001,1440952821338,5214,872
1762455252,0000000300000008,1441081867428,2638,873
1762455266,0000008000000080,1441219358762,4771,874
1762455276,0000004800000001,1441324256017,3655,875
1762455285,0000008000000080,1441405939102,3940,876
1762455287,0000008000000080,1441433387614,2272,877
1762455314,0000000400000002,1441696249403,2046,878
1762455318,0000000800000008,1441740133575,4611,879
1762455322,0000000400000008,1441779820069,2210,880
1762455330,0000004000000008,1441861474866,2488,881
1762455365,0000008000000008,1442210066108,2298,882
1762455383,0000000400000008,1442390601594,1832,883
1762455404,0000004000000080,1442595014846,5116,884
1762455406,0000000100000004,1442623558428,3400,885
1762455410,0000000100000001,1442661197641,1133,886
1762455432,0000008000000008,1442875467624,3838,887
1762455433,0000000400000080,1442887058461,3129,888
1762455446,0000000800000004,1443015052203,628,889
1762455484,0000000200000004,1443404246511,3182,890
1762455496,0000000100000001,1443516220427,1641,891
1762455496,0000000100000001,1443521506004,1325,892
1762455497,0000000100000008,1443525326529,1091,893
1762455504,0000000800000001,1443600602790,1760,894
1762455505,0000000400000080,1443611266166,1115,895
1762455517,0000000800000008,1443728241244,4480,896
1762455520,0000000100000001,1443756358607,2771,897
1762455525,0000004400000002,1443806558738,4955,898
1762455534,0000000400000002,1443895479795,4802,899
1762455554,0000000400000004,1444099720615,2894,900
1762455560,0000008000000002,1444161135534,4410,901
1762455571,0000000100000001,1444270928555,2984,902
1762455580,0000000100000001,1444355778946,3075,903
1762455582,0000000100000001,1444381971619,1501,904
1762455594,0000008000000002,1444503700262,4577,905
1762455598,0000004000000002,1444541716002,2275,906
1762455604,0000000100000008,1444594611446,4305,907
1762455605,0000000400000080,1444612245748,3231,908
1762455624,0000000800000001,1444798042944,2437,909
1762455632,0000004000000080,1444882011243,2576,910
1762455634,0000000800000001,1444903856588,1272,911
1762455637,0000004000000080,1444931365016,4815,912
1762455641,0000000100000002,1444968131017,2590,913
1762455641,0000000100000001,1444970208298,2466,914
1762455650,0000000800000001,1445054883589,2564,915
1762455655,0000004000000004,1445110254993,4449,916
1762455657,0000004000000002,1445129352707,3290,917
1762455658,0000008000000080,1445137067822,2820,918
1762455659,0000004000000008,1445154219658,1795,919
1762455662,0000008000000080,1445176417977,462,920
1762455673,0000008000000001,1445288849606,4094,921
1762455673,0000000800000004,1445290255022,4011,922
1762455684,0000008000000080,1445397678955,2722,923
1762455709,0000004000000002,1445653656406,2909,924
1762455731,0000000400000080,1445868315587,393,925
1762455740,0000004000000080,1445961525220,5168,926
1762455741,0000008000000080,1445970984442,4610,927
1762455742,0000008000000008,1445974310709,4412,928
1762455744,0000000400000002,1445999064195,2908,929
1762455765,0000000100000004,1446213897058,379,930
1762455788,0000000200000004,1446437736526,2485,931
1762455799,0000000100000009,1446548509860,1021,932
1762455813,0000000400000080,1446692324127,2754,933
1762455817,0000000400000008,1446731770639,391,934
1762455819,0000004000000004,1446745359279,4770,935
1762455831,0000008000000008,1446871843177,2345,936
1762455833,0000008000000001,1446890166578,1247,937
1762455850,0000000100000001,1447057169543,3179,938
1762455871,0000008000000008,1447273427687,4168,939
1762455892,0000000400000002,1447476945403,2302,940
1762455900,0000000900000001,1447559104880,2550,941
1762455922,0000008000000080,1447774501658,5183,942
1762455924,0000000100000080,1447801419007,3571,943
1762455934,0000004000000080,1447897604260,2969,944
1762455934,0000000400000008,1447898436428,2918,945
1762455943,0000000800000004,1447985720971,2862,946
1762455944,0000000100000001,1448000140001,1999,947
1762455957,0000008000000080,1448131821074,4475,948
1762455964,0000000100000001,1448202806437,200,949
1762455983,0000008000000080,1448388049336,4643,950
1762455995,0000000100000001,1448512980528,2308,951
1762456017,0000004000000080,1448726831648,5030,952
1762456045,0000000800000080,1449013810255,3350,953
1762456047,0000000100000001,1449026229728,2593,954
1762456051,0000000800000080,1449064466018,306,955
1762456055,0000008000000080,1449110540983,2717,956
1762456060,0000008000000080,1449157175646,5112,957
1762456066,0000008000000004,1449220032078,1332,958
1762456079,0000008000000080,1449348836578,3983,959
1762456082,0000000400000001,1449375796551,2345,960
1762456085,0000000100000004,1449406820520,487,961
1762456108,0000004000000008,1449634622181,2357,962
1762456130,0000000100000001,1449856941281,4581,963
1762456133,0000000800000004,1449884237878,2925,964
1762456141,0000008000000002,1449971832704,2850,965
1762456146,0000008000000080,1450019462622,2169,966
1762456156,0000008000000001,1450115059521,4635,967
1762456181,0000004000000002,1450371670156,4776,968
1762456183,0000000100000001,1450385645588,3940,969
1762456185,0000000100000001,1450411990531,2341,970
1762456201,0000000100000002,1450572236402,3092,971
1762456213,0000000800000001,1450691514141,1110,972
1762456214,0000000400000080,1450698979673,665,973
1762456215,0000008000000004,1450710562348,5160,974
1762456223,0000004000000008,1450791513133,296,975
1762456236,0000000100000008,1450915908418,3196,976
1762456238,0000000400000002,1450942341659,1606,977
1762456250,0000000100000004,1451056653960,5117,978
1762456259,0000000100000001,1451153407312,4502,979
1762456262,0000000800000001,1451178657075,2969,980
1762456288,0000008000000080,1451442688249,2664,981
1762456289,0000000800000001,1451446212244,2452,982
1762456289,0000008000000008,1451448006062,2346,983
1762456294,0000008000000008,1451495886471,4673,984
1762456296,0000000400000005,1451517901237,3342,985
1762456308,0000008000000080,1451641300157,1111,986
1762456325,0000000400000001,1451809196711,1401,987
1762456328,0000000100000004,1451837332295,4905,988
1762456336,0000000800000004,1451920295249,5105,989
1762456351,0000008000000080,1452068151081,1406,990
1762456355,0000004800000080,1452104173562,4443,991
1762456365,0000000400000001,1452207907840,3388,992
1762456377,0000004000000004,1452332716144,1071,993
1762456389,0000000400000001,1452448643606,4497,994
1762456396,0000000100000001,1452517165308,368,995
1762456400,0000000800000008,1452563914176,2738,996
1762456402,0000008000000002,1452580741661,1737,997
1762456404,0000008000000001,1452598059372,693,998
1762456414,0000000400000008,1452701426595,4866,999
1762456424,0000000400000008,1452801773385,4032,1000
1762456436,0000000800000008,1452919139102,2151,1001
1762456465,0000000100000004,1453212676009,5270,1002
1762456471,0000000800000002,1453265023781,2120,1003
1762456483,0000004000000008,1453389213660,5042,1004
1762456487,0000000400000002,1453425054008,2881,1005
1762456487,0000004000000004,1453430783698,2532,1006
1762456495,0000004000000080,1453510969609,2906,1007
1762456499,0000000400000008,1453545121967,855,1008
1762456509,0000000100000003,1453652932873,4765,1009
1762456523,0000008000000080,1453785976514,1951,1010
1762456525,0000000100000003,1453813686800,286,1011
1762456538,0000000100000004,1453938243037,3176,1012
1762456541,0000000100000008,1453973405938,1060,1013
1762456551,0000000100000005,1454070937836,393,1014
1762456565,0000000500000002,1454211509068,2317,1015
1762456567,0000008000000080,1454225952706,1453,1016
1762456575,0000000800000080,1454309844194,1600,1017
1762456580,0000000100000008,1454358155326,3898,1018
1762456587,0000004000000002,1454430752462,4721,1019
1762456590,0000000100000002,1454459511118,2981,1020
1762456598,0000000100000001,1454539499358,3369,1021
1762456609,0000000100000080,1454653392891,1711,1022
1762456628,0000000400000004,1454839086814,926,1023
1762456629,0000000100000002,1454851415509,191,1024
1762456630,0000004000000002,1454854699670,5181,1025
1762456631,0000000100000001,1454871710350,4171,1026
1762456637,0000000400000080,1454932464368,507,1027
1762456641,0000000100000008,1454970304834,3425,1028
1762456660,0000000100000001,1455154092353,2747,1029
1762456662,0000004000000001,1455182042297,1071,1030
1762456683,0000008000000080,1455386865455,4346,1031
1762456712,000000c000000080,1455675967392,2516,1032
1762456729,0000008000000002,1455850524177,2407,1033
1762456735,0000004000000080,1455904296100,4383,1034
1762456753,0000000800000004,1456088237232,3702,1035
1762456753,0000000100000004,1456093115623,3403,1036
1762456763,0000000100000004,1456192229526,2623,1037
1762456774,0000008000000004,1456300063088,1340,1038
1762456805,0000000400000080,1456607327338,3640,1039
1762456824,0000008000000080,1456797559070,2568,1040
1762456847,0000008000000080,1457030098920,4183,1041
1762456859,0000000100000001,1457144812948,2456,1042
1762456893,0000008000000004,1457486548900,2675,1043
1762456910,0000008000000002,1457657816051,2763,1044
1762456916,0000000100000004,1457718436611,4329,1045
1762456916,0000000800000001,1457721010534,4175,1046
1762456931,0000008000000080,1457865992117,636,1047
1762456936,0000000400000008,1457914086777,2931,1048
1762456948,0000000100000001,1458036718191,753,1049
1762456957,0000008000000080,1458133665318,5303,1050
1762456964,0000000100000004,1458195791136,1570,1051
1762456970,0000000100000008,1458259801671,2910,1052
1762456978,0000000800000004,1458337564223,3434,1053
1762456986,0000000100000080,1458414306541,4018,1054
1762456994,0000000800000080,1458502320783,3918,1055
1762456998,0000004000000001,1458535702750,1901,1056
1762457002,0000008000000080,1458581732103,4336,1057
1762457002,0000000400000008,1458582348592,4299,1058
1762457013,0000000100000004,1458691971318,2882,1059
1762457014,0000000100000001,1458702691321,2238,1060
1762457022,0000000400000001,1458776109780,3016,1061
1762457042,0000000400000001,1458976460885,1356,1062
1762457043,0000000100000002,1458988872432,611,1063
1762457045,0000000100000001,1459008793463,4614,1064
1762457048,0000004000000004,1459037032405,2902,1065
1762457051,0000000800000004,1459072896630,750,1066
1762457069,0000004000000080,1459249850173,495,1067
1762457072,0000008000000080,1459276835320,4074,1068
1762457082,0000008000000080,1459377608984,3194,1069
1762457116,0000000800000080,1459721967969,3255,1070
1762457124,0000004000000080,1459802392222,3618,1071
1762457156,0000000400000001,1460122984519,5101,1072
1762457168,0000000200000002,1460238120678,3372,1073
1762457188,0000008000000008,1460438707764,1692,1074
1762457222,0000000100000002,1460778861616,2007,1075
1762457222,0000008000000004,1460783055318,1756,1076
1762457230,0000004000000002,1460862076838,2190,1077
1762457235,0000000400000004,1460905015430,4810,1078
1762457258,0000000100000008,1461142132750,929,1079
1762457262,0000004000000004,1461179579588,3883,1080
1762457262,0000000400000008,1461181099064,3788,1081
1762457267,0000000800000004,1461233183446,649,1082
1762457287,0000000100000001,1461431199035,4329,1083
1762457290,0000008000000080,1461460924706,2518,1084
1762457307,0000008000000080,1461629601962,2762,1085
1762457316,0000000400000001,1461723007411,2340,1086
1762457327,0000000100000080,1461829188117,1149,1087
1762457333,0000000800000004,1461885150214,2977,1088
1762457338,0000000800000008,1461938609103,4959,1089
1762457344,0000004000000008,1461997721772,1402,1090
1762457355,0000000400000008,1462106128478,5266,1091
1762457400,0000000100000080,1462559052202,4004,1092
1762457404,0000008500000008,1462595062668,1828,1093
1762457410,0000000800000008,1462662293469,2974,1094
1762457414,0000008000000080,1462700889509,657,1095
1762457434,0000008000000080,1462894042125,4626,1096
1762457454,0000000800000002,1463095307724,2896,1097
1762457474,0000000100000001,1463301570508,878,1098
1762457476,0000000100000001,1463317894478,5090,1099
1762457483,0000000400000080,1463386707233,950,1100
1762457488,0000000400000004,1463439074259,2992,1101
1762457498,0000004000000004,1463535863192,2361,1102
1762457498,0000008000000004,1463539225795,2162,1103
1762457509,0000000400000001,1463653676798,478,1104
1762457519,0000008000000080,1463753396908,4867,1105
1762457526,0000000400000001,1463814077659,1211,1106
1762457529,0000004000000008,1463844264556,4600,1107
1762457556,0000000100000001,1464120218818,3578,1108
1762457580,0000000100000001,1464356939011,4918,1109
1762457585,0000000400000080,1464410352992,1701,1110
1762457598,0000000400000004,1464535404986,4577,1111
1762457616,0000000100000001,1464719223748,3908,1112
1762457621,0000000800000002,1464768870349,910,1113
1762457625,0000004000000001,1464806593823,3845,1114
1762457647,0000000400000004,1465033557414,573,1115
1762457653,0000000100000001,1465088105681,2475,1116
1762457656,0000004000000080,1465121339946,488,1117
1762457659,0000008000000080,1465153215082,3769,1118
1762457670,0000000800000004,1465261605943,2428,1119
1762457671,0000008000000001,1465267766993,2056,1120
1762457682,0000000800000008,1465377412706,664,1121
1762457682,0000004000000080,1465383634346,292,1122
1762457687,0000008000000002,1465433307181,2485,1123
1762457696,0000000100000001,1465521215757,2394,1124
1762457708,0000000400000008,1465637267552,615,1125
1762457719,0000004000000004,1465751711784,4127,1126
1762457721,0000000100000080,1465765564932,3283,1127
1762457725,0000000800000080,1465809843179,623,1128
1762457744,0000000800000004,1465997859922,4895,1129
1762457748,0000000800000080,1466035920280,2592,1130
1762457768,0000008000000002,1466238297958,816,1131
1762457769,0000000100000001,1466243878034,484,1132
1762457791,0000008000000080,1466469544099,2479,1133
1762457797,0000000100000001,1466530492223,4026,1134
1762457813,0000000800000004,1466686421047,5024,1135
1762457813,0000008000000002,1466687625952,4953,1136
1762457839,000000c000000080,1466945809107,5004,1137
1762457846,0000004000000080,1467020411890,517,1138
1762457848,0000000400000008,1467034736387,4850,1139
1762457870,0000000800000001,1467258231171,1790,1140
1762457871,0000000400000002,1467269986978,1081,1141
1762457879,0000000800000008,1467344704319,1782,1142
1762457890,0000000100000004,1467463244151,5039,1143
1762457893,0000000400000080,1467484144032,3792,1144
1762457904,0000000800000001,1467597030215,2182,1145
1762457913,0000000100000001,1467687314770,1948,1146
1762457913,0000008000000084,1467689510385,1816,1147
1762457916,0000000400000080,1467720415392,5149,1148
1762457918,0000000400000001,1467741138974,3917,1149
1762457932,0000000100000004,1467883720972,525,1150
1762457948,0000000100000001,1468035650273,1771,1151
1762457960,0000004000000001,1468160465042,4658,1152
1762457970,0000000800000001,1468256985874,4049,1153
1762457977,0000000100000080,1468333117184,4661,1154
1762457985,0000000100000004,1468412616409,5063,1155
1762457986,0000004000000001,1468421697409,4527,1156
1762457988,0000000100000001,1468443594120,3199,1157
1762457990,0000000800000002,1468458547714,2295,1158
1762457992,0000000100000080,1468479311227,1049,1159
1762457992,0000008000000002,1468479900594,1015,1160
1762458025,0000000100000002,1468811340501,1856,1161
1762458042,0000000100000004,1468977449877,2246,1162
1762458046,0000000100000008,1469014922088,5188,1163
1762458053,0000000200000004,1469092588119,521,1164
1762458054,0000000400000004,1469101173816,5193,1165
1762458059,0000004000000080,1469148838689,2323,1166
1762458081,0000004000000002,1469366632438,4814,1167
1762458092,0000000400000008,1469483476678,2970,1168
1762458118,0000000400000001,1469743517509,2908,1169
1762458134,0000008000000002,1469901805087,3790,1170
1762458136,0000008000000080,1469920955092,2618,1171
1762458140,0000000800000001,1469955098516,577,1172
1762458143,0000008000000001,1469984191382,4029,1173
1762458196,0000008000000002,1470516164131,3178,1174
1762458197,0000000100000003,1470530347174,2322,1175
1762458198,0000000800000004,1470539033643,1806,1176
1762458205,0000000800000002,1470612519860,2569,1177
1762458224,0000008000000080,1470801002559,1629,1178
1762458227,0000000100000001,1470829543970,5104,1179
1762458227,0000008000000004,1470832062871,4956,1180
1762458237,0000008000000004,1470931973449,4150,1181
1762458249,0000000100000003,1471048834162,2297,1182
1762458266,0000008000000008,1471222453871,2241,1183
1762458273,0000000800000001,1471286689599,3581,1184
1762458297,0000008000000080,1471523892416,4893,1185
1762458310,0000004000000008,1471654543565,2219,1186
1762458315,0000000100000001,1471707997733,4214,1187
1762458316,0000000100000008,1471721373313,3399,1188
1762458330,000000c000000080,1471858059100,373,1189
1762458340,0000000100000004,1471962593149,4480,1190
1762458366,0000008000000080,1472222971258,4399,1191
1762458371,0000000100000001,1472267461204,1713,1192
1762458371,0000000100000001,1472267788172,1694,1193
1762458391,0000008000000008,1472472679698,4951,1194
1762458396,0000008000000080,1472519408301,2134,1195
1762458408,0000000800000002,1472637626698,225,1196
1762458414,0000004000000001,1472697031706,1842,1197
1762458420,0000000100000001,1472760974819,3187,1198
1762458423,0000000400000001,1472789245504,1481,1199
1762458423,0000000400000080,1472790959426,1386,1200
1762458440,0000000400000001,1472956839837,1796,1201
1762458450,0000000400000004,1473062206042,652,1202
1762458468,0000000400000080,1473236751025,542,1203
1762458474,0000008000000080,1473298236690,2032,1204
1762458475,0000000800000004,1473311951961,1206,1205
1762458476,0000000100000004,1473323274451,530,1206
1762458478,0000004000000001,1473336396146,4934,1207
1762458488,0000000800000001,1473442195636,3771,1208
1762458495,0000004000000004,1473509564669,4905,1209
1762458512,0000008000000080,1473678273766,5141,1210
1762458515,0000000400000008,1473708883022,3302,1211
1762458518,0000000800000001,1473737559936,1576,1212
1762458522,0000000c00000080,1473774074482,4583,1213
1762458525,0000000400000004,1473805915337,2647,1214
1762458527,0000008000000080,1473823844157,1580,1215
1762458528,0000008000000080,1473836355014,825,1216
1762458538,0000000400000008,1473942130325,4855,1217
1762458549,0000000100000080,1474049345358,3602,1218
1762458579,0000008000000004,1474348096098,1205,1219
1762458582,0000004000000080,1474373817188,4857,1220
1762458586,0000008000000004,1474418380552,2168,1221
1762458586,0000000800000001,1474422453581,1928,1222
1762458633,0000000400000002,1474891395178,4886,1223
1762458642,0000004000000002,1474980700201,4705,1224
1762458650,0000004000000004,1475058292677,5228,1225
1762458672,0000000400000004,1475276850921,2462,1226
1762458676,0000000400000002,1475313640137,263,1227
1762458693,0000000400000008,1475492696909,5068,1228
1762458694,0000000100000001,1475500778043,4592,1229
1762458694,0000008000000080,1475502400184,4496,1230
1762458715,0000008000000004,1475705815943,2628,1231
1762458718,0000004000000080,1475742037017,462,1232
1762458727,000000c000000080,1475830862598,314,1233
1762458736,0000000800000004,1475913675670,524,1234
1762458737,0000000800000001,1475928082886,4854,1235
1762458751,0000004000000001,1476068558794,1592,1236
1762458757,0000000100000002,1476125442886,3365,1237
1762458758,0000000400000008,1476143506761,2273,1238
1762458759,0000000800000004,1476148618382,1971,1239
1762458761,0000000100000008,1476170810021,638,1240
1762458787,0000000100000008,1476428034141,744,1241
1762458791,0000008000000002,1476470355598,3394,1242
1762458792,0000000400000004,1476473624518,3196,1243
1762458797,0000008000000080,1476531366237,4919,1244
1762458834,0000008000000001,1476896032160,3764,1245
1762458834,0000000100000003,1476901352308,3439,1246
1762458837,0000004000000080,1476929343553,1754,1247
1762458848,0000004800000002,1477033691326,671,1248
1762458870,0000000100000001,1477262908590,2454,1249
1762458871,0000008000000001,1477272956195,1860,1250
1762458875,0000000400000001,1477312809744,4663,1251
1762458877,0000008000000004,1477326473276,3843,1252
1762458882,0000000500000001,1477383026116,434,1253
1762458883,0000000100000002,1477386494932,226,1254
1762458898,0000000400000001,1477536541611,1585,1255
1762458904,0000008000000080,1477595750306,3216,1256
1762458910,0000000400000008,1477659797674,4567,1257
1762458950,0000000400000080,1478062982464,1077,1258
1762458959,0000008000000080,1478149248026,1083,1259
1762458964,0000000100000001,1478196865770,3418,1260
1762458968,0000000800000080,1478241267777,744,1261
1762458973,0000004000000080,1478291554890,2908,1262
1762458983,0000000100000003,1478393385422,1980,1263
1762458986,0000000400000008,1478418573200,468,1264
1762458986,0000000400000004,1478421398243,298,1265
1762458996,0000008000000080,1478520319623,4739,1266
1762459035,0000004000000002,1478910551872,2033,1267
1762459051,0000000100000001,1479068948679,2891,1268
1762459053,0000000100000004,1479084859626,1937,1269
1762459073,0000000400000001,1479283677437,368,1270
1762459081,0000008000000080,1479371119274,302,1271
1762459098,0000008600000008,1479536644266,730,1272
1762459114,0000000400000001,1479694259359,1637,1273
1762459126,0000008000000004,1479820428185,4446,1274
1762459145,0000000100000004,1480008266347,3528,1275
1762459146,0000000200000002,1480021797444,2700,1276
1762459160,0000008000000080,1480154526295,5112,1277
1762459164,0000000100000002,1480195704439,2626,1278
1762459165,0000004000000004,1480211183678,1705,1279
1762459167,0000000800000002,1480228082849,690,1280
1762459168,0000008000000080,1480238521435,5251,1281
1762459181,0000000100000002,1480367663971,2671,1282
1762459185,0000000100000004,1480408451921,230,1283
1762459186,0000000800000002,1480414080790,5081,1284
1762459191,0000000100000001,1480469694950,1737,1285
1762459196,0000008000000080,1480521386712,3830,1286
1762459200,0000000100000001,1480554093273,1853,1287
1762459212,0000008000000001,1480673891528,5035,1288
1762459217,0000008000000004,1480723633906,2041,1289
1762459226,0000008000000002,1480815056893,1738,1290
1762459233,0000000400000002,1480886249773,2641,1291
1762459246,0000000100000001,1481015358826,5266,1292
1762459255,0000008000000080,1481110343735,4756,1293
1762459259,0000000400000001,1481148460896,2449,1294
1762459262,0000000800000080,1481174210785,906,1295
1762459263,0000000800000001,1481187257204,5314,1296
1762459279,0000000100000001,1481346920586,905,1297
1762459282,0000004000000001,1481378659541,4203,1298
1762459283,0000000800000004,1481383683984,3900,1299
1762459289,0000000100000008,1481444909890,210,1300
1762459320,0000008000000008,1481761713674,1925,1301
1762459333,0000008000000001,1481887213108,4769,1302
1762459347,0000000400000080,1482030933251,1311,1303
1762459390,0000000400000004,1482460225566,1458,1304
1762459392,0000000100000001,1482476542699,480,1305
1762459397,0000008000000080,1482529097450,2499,1306
1762459408,0000008000000001,1482638025315,1148,1307
1762459415,0000000800000002,1482708433869,2107,1308
1762459435,0000004000000008,1482909320277,416,1309
1762459446,0000000100000002,1483013818651,4525,1310
1762459448,0000000400000008,1483042311152,2794,1311
1762459449,0000008000000080,1483044374501,2666,1312
1762459469,0000000100000006,1483250979730,638,1313
1762459470,0000000400000008,1483256908897,283,1314
1762459496,0000000100000003,1483515849295,288,1315
1762459504,0000000100000001,1483599834745,430,1316
1762459506,0000000100000004,1483619533198,4446,1317
1762459510,0000004000000002,1483661583864,1907,1318
1762459535,0000000100000002,1483908625931,2617,1319
1762459547,0000000800000004,1484028301158,624,1320
1762459547,0000000800000080,1484029690982,540,1321
1762459583,0000000400000004,1484390799649,4791,1322
1762459590,0000008000000080,1484456378111,840,1323
1762459601,0000000100000008,1484564192904,4749,1324
1762459604,0000000200000001,1484600733115,2535,1325
1762459609,0000000400000002,1484647190257,4947,1326
1762459613,0000000400000004,1484684327662,2702,1327
1762459621,0000004000000080,1484763384521,3149,1328
1762459635,0000000400000004,1484910011471,4725,1329
1762459637,0000008000000001,1484925827201,3774,1330
1762459639,0000004000000004,1484944014761,2661,1331
1762459655,0000008000000001,1485107963835,3195,1332
1762459661,0000000400000004,1485167346307,4823,1333
1762459677,0000000100000001,1485326986408,414,1334
1762459678,0000000100000080,1485341597721,4731,1335
1762459698,0000004000000004,1485541408315,3090,1336
1762459713,000000c000000080,1485688901042,4616,1337
1762459715,0000004000000080,1485710849845,3288,1338
1762459716,0000000100000001,1485715744695,2989,1339
1762459718,0000004000000080,1485739999447,1535,1340
1762459733,0000004000000080,1485890996787,2836,1341
1762459797,0000000800000080,1486527279589,920,1342
1762459797,0000000100000002,1486533288478,563,1343
1762459809,0000004000000008,1486648165166,4049,1344
1762459813,0000008000000080,1486685218178,1810,1345
1762459818,0000008000000080,1486742602882,3556,1346
1762459828,0000000200000001,1486837249158,3049,1347
1762459854,0000008000000080,1487093788029,3199,1348
1762459856,0000000100000001,1487114533614,1953,1349
1762459859,0000000400000008,1487151540970,4924,1350
1762459861,0000008000000001,1487168180060,3932,1351
1762459862,0000000200000008,1487175772397,3468,1352
1762459863,0000008000000010,1487191300209,2522,1353
1762459865,0000000400000001,1487208891310,1472,1354
1762459868,0000008000000080,1487239282602,4842,1355
1762459889,0000008000000080,1487445604227,2808,1356
1762459910,0000000100000002,1487657588128,454,1357
1762459913,0000000100000002,1487690386496,3678,1358
1762459938,0000008000000080,1487938740144,4325,1359
1762459941,0000000800000008,1487973080562,2242,1360
1762459946,0000004000000008,1488021757307,4524,1361
1762459965,0000000400000080,1488209666902,3603,1362
1762459976,0000000400000002,1488321534992,2060,1363
1762459976,0000000800000002,1488322127704,2027,1364
1762459997,0000004000000002,1488529301530,5145,1365
1762459999,0000008000000001,1488548417029,4007,1366
1762460004,0000008000000001,1488602515840,744,1367
1762460015,0000004000000004,1488706493296,4872,1368
1762460016,0000000300000001,1488713621627,4457,1369
1762460022,0000000100000008,1488775605774,719,1370
1762460024,0000008000000001,1488795457665,4724,1371
1762460033,0000004000000081,1488888770183,4310,1372
1762460037,0000000400000001,1488926489776,4057,1373
1762460042,0000000100000080,1488978418296,4111,1374
1762460049,0000000100000002,1489043749085,173,1375
1762460063,0000000100000002,1489185936641,2004,1376
1762460084,0000008000000080,1489395322290,4992,1377
1762460086,0000000100000001,1489415879145,3763,1378
1762460088,0000000400000001,1489436993245,2475,1379
1762460095,0000004000000008,1489504627524,3615,1380
1762460096,0000000100000002,1489514174768,3031,1381
1762460118,0000008000000080,1489738588382,5116,1382
1762460127,0000000100000001,1489825921334,5057,1383
1762460140,0000000d00000003,1489958283181,2284,1384
1762460144,0000000800000008,1489994178509,5321,1385
1762460162,0000000400000001,1490176557671,4747,1386
1762460164,0000004000000001,1490202117614,3202,1387
1762460192,0000000100000001,1490479783348,2080,1388
1762460194,000000c000000080,1490501187119,797,1389
1762460198,0000004000000080,1490542935579,3482,1390
1762460206,0000004000000004,1490614118054,4402,1391
1762460214,0000000100000001,1490696912984,4611,1392
1762460219,0000008000000080,1490752523873,1257,1393
1762460227,0000008000000004,1490831277403,1717,1394
1762460270,0000000400000004,1491261562126,1801,1395
1762460273,0000000400000004,1491283528120,482,1396
1762460274,0000008000000083,1491302995210,4513,1397
1762460286,0000000400000008,1491421237892,2573,1398
1762460295,0000000100000001,1491503668246,2815,1399
1762460302,0000000800000080,1491579485105,3455,1400
1762460329,0000008800000004,1491846408172,2973,1401
1762460336,0000008000000008,1491913689330,4135,1402
1762460355,0000008000000080,1492111372836,2612,1403
1762460369,0000000800000008,1492244602297,4993,1404
1762460371,0000008000000004,1492270242372,3454,1405
1762460376,0000000800000008,1492321678071,362,1406
1762460381,0000000400000080,1492368051879,2755,1407
1762460381,0000008000000080,1492369743428,2651,1408
1762460381,0000000200000002,1492371422319,2550,1409
1762460390,0000000100000004,1492453940544,2784,1410
1762460392,0000000100000080,1492473261936,1628,1411
1762460395,0000000300000001,1492505249785,4899,1412
1762460406,0000008000000004,1492623130481,2996,1413
1762460414,0000000800000008,1492697576825,3723,1414
1762460437,0000008000000080,1492926687744,325,1415
1762460442,0000000400000001,1492975229132,2585,1416
1762460450,0000000800000008,1493057601881,2830,1417
1762460479,0000000400000004,1493343171186,1237,1418
1762460480,0000008000000080,1493360658261,189,1419
1762460492,0000000100000001,1493482346970,3253,1420
1762460497,0000000800000001,1493523479385,780,1421
1762460497,0000008000000080,1493531401595,307,1422
1762460516,0000004400000002,1493716638879,4748,1423
1762460525,0000008000000004,1493810277232,4314,1424
1762460527,0000000300000001,1493827802221,3248,1425
1762460529,0000004000000001,1493846541739,2118,1426
1762460531,0000000100000001,1493871945534,1190,1427
1762460542,0000000800000001,1493976987605,4670,1428
1762460547,0000008000000080,1494025921219,1721,1429
1762460549,0000000100000001,1494052140016,5332,1430
1762460558,0000000100000001,1494140751669,5197,1431
1762460568,0000000800000008,1494237859970,4561,1432
1762460591,0000008000000080,1494469148715,1024,1433
1762460596,0000004000000002,1494518390315,3258,1434
1762460599,0000008000000080,1494543785676,1731,1435
1762460607,0000008000000004,1494628976837,1800,1436
1762460623,0000004000000008,1494789212236,2539,1437
1762460623,0000000400000001,1494792663224,2336,1438
1762460626,0000000100000001,1494814653939,1016,1439
1762460643,0000000100000002,1494987072884,1033,1440
1762460655,0000008000000004,1495105799906,4293,1441
1762460659,0000000100000001,1495144608041,1946,1442
1762460671,000000c000000080,1495264727067,5106,1443
1762460695,000000c000000080,1495506720444,938,1444
1762460715,0000000100000001,1495705083256,4597,1445
1762460717,0000004000000001,1495727382574,3246,1446
1762460719,0000008000000008,1495752973036,1708,1447
1762460727,0000000100000003,1495824671429,2578,1448
1762460749,0000000800000001,1496047391503,4779,1449
1762460750,0000000800000001,1496055079955,4323,1450
1762460766,0000000100000008,1496219105207,4835,1451
1762460779,0000000100000001,1496348877507,2214,1452
1762460782,0000008000000001,1496381023638,289,1453
1762460783,0000000400000004,1496391092568,4876,1454
1762460786,0000000400000001,1496417742011,3270,1455
1762460798,0000008000000001,1496537924992,1234,1456
1762460846,0000000100000004,1497017395646,3560,1457
1762460846,0000000400000001,1497022325519,3259,1458
1762460856,0000000100000004,1497113827469,2945,1459
1762460857,0000000800000080,1497128655769,2055,1460
1762460863,0000000100000004,1497188688684,3647,1461
1762460883,0000000100000001,1497384284056,2258,1462
1762460891,0000008000000080,1497467932975,2416,1463
1762460895,0000004000000080,1497503721292,276,1464
1762460900,0000000800000001,1497555146714,2365,1465
1762460903,0000008000000080,1497585357596,558,1466
1762460925,0000000800000004,1497806633624,2820,1467
1762460935,0000000400000001,1497912631255,1644,1468
1762460936,0000000100000001,1497915907724,1447,1469
1762460938,0000000100000001,1497934251109,348,1470
1762460938,0000008000000008,1497939582795,5214,1471
1762460942,0000000100000001,1497973980110,3145,1472
1762460943,0000000800000008,1497989321341,2219,1473
1762460948,0000004000000080,1498036313157,4600,1474
1762460953,0000008000000002,1498084400408,1701,1475
1762460956,0000008000000004,1498122312332,4620,1476
1762460985,0000000400000008,1498406815125,3077,1477
1762460991,0000000400000004,1498472147764,4356,1478
1762461031,0000000100000004,1498872524540,1033,1479
1762461038,0000000400000004,1498933618794,2544,1480
1762461043,0000008000000008,1498987415170,4521,1481
1762461071,0000000400000004,1499268266854,3198,1482
1762461072,0000000800000001,1499279701017,2502,1483
1762461078,0000000800000008,1499334380845,4427,1484
1762461080,0000000100000001,1499359574378,2896,1485
1762461081,0000000400000004,1499367281609,2428,1486
1762461081,0000000800000008,1499368136818,2378,1487
1762461082,0000004000000080,1499373766171,2045,1488
1762461086,0000008000000008,1499413570069,4849,1489
1762461099,0000008000000008,1499544766793,2145,1490
1762461102,0000000400000002,1499575058830,329,1491
1762461104,0000008000000080,1499596201495,4259,1492
1762461107,0000000200000002,1499627577802,2355,1493
1762461114,0000000100000001,1499697112498,3373,1494
1762461119,0000004000000080,1499745850315,443,1495
1762461128,0000000100000004,1499837503245,5311,1496
1762461128,0000000100000002,1499842129991,5037,1497
1762461130,0000004000000008,1499853716282,4351,1498
1762461135,0000008000000002,1499905841176,1203,1499
1762461176,0000008000000002,1500322648298,2098,1500
1762461195,0000004000000008,1500504424311,1556,1501
1762461207,0000000100000001,1500624449613,4729,1502
1762461215,0000008000000080,1500703404980,5165,1503
1762461220,0000008000000002,1500761946533,1646,1504
1762461238,0000004000000080,1500934089422,1672,1505
1762461283,0000008000000080,1501389013970,286,1506
1762461287,0000000100000080,1501431562868,2912,1507
1762461297,0000008000000004,1501528565994,2270,1508
1762461298,0000008000000001,1501540871263,1536,1509
1762461306,0000008000000001,1501620457573,1941,1510
1762461314,0000008000000080,1501700755082,2299,1511
1762461322,0000000800000002,1501775556226,2995,1512
1762461330,0000000400000001,1501853538006,3506,1513
1762461331,0000004000000080,1501871480134,2414,1514
1762461338,0000000400000080,1501936901037,3688,1515
1762461361,0000008000000080,1502168082232,167,1516
1762461374,0000000100000001,1502299697874,2617,1517
1762461384,0000000100000001,1502399631785,1815,1518
1762461403,0000000100000001,1502588343119,852,1519
1762461406,0000008000000001,1502621635089,4054,1520
1762461407,0000000500000001,1502623411368,3947,1521
1762461411,0000004000000001,1502665190717,1424,1522
1762461435,0000000400000002,1502911395699,2191,1523
1762461454,0000004000000008,1503100260740,1220,1524
1762461462,0000008000000001,1503180866346,1567,1525
1762461474,0000008000000008,1503301679504,4695,1526
1762461474,0000008800000002,1503302542566,4644,1527
1762461479,0000004000000004,1503345603255,2042,1528
1762461491,0000000400000080,1503468502120,5039,1529
1762461521,0000000200000001,1503769338034,2516,1530
1762461555,0000000100000001,1504111099848,2735,1531
1762461568,0000004000000080,1504234036352,544,1532
1762461575,0000000100000008,1504311054320,1100,1533
1762461595,0000000300000001,1504511212893,4652,1534
1762461610,0000000100000002,1504653680762,1267,1535
1762461617,0000000400000004,1504723462620,2259,1536
1762461619,0000000100000001,1504750541115,637,1537
1762461621,0000000100000080,1504769987754,4668,1538
1762461624,0000008000000004,1504796839829,3040,1539
1762461653,0000000100000001,1505091043730,926,1540
1762461659,0000004000000080,1505149076668,2621,1541
1762461664,0000000100000001,1505195595611,5027,1542
1762461665,0000008000000080,1505208210581,4280,1543
1762461667,0000004000000080,1505227446342,3108,1544
1762461668,0000000800000008,1505238578518,2432,1545
1762461678,0000000100000001,1505336863875,1723,1546
1762461691,0000008000000080,1505470246155,4098,1547
1762461694,0000000800000002,1505500029971,2290,1548
1762461697,0000000100000008,1505523665161,873,1549
1762461698,0000004000000002,1505538995074,5143,1550
1762461704,0000008000000080,1505598131708,1589,1551
1762461713,0000000800000002,1505687817503,1387,1552
1762461719,0000000100000004,1505750034045,2833,1553
1762461737,0000000400000001,1505929858949,2402,1554
1762461743,0000000800000001,1505989542182,4025,1555
1762461749,0000000100000003,1506051771495,272,1556
1762461763,0000000800000004,1506191189873,2266,1557
1762461765,0000004000000002,1506209401919,1173,1558
1762461799,0000000c00000001,1506543069043,1880,1559
1762461814,0000008000000080,1506695981055,3065,1560
1762461815,0000000100000006,1506704250836,2561,1561
1762461866,0000000800000002,1507222054245,2578,1562
1762461892,0000004000000080,1507479426640,2678,1563
1762461899,0000000100000004,1507544938680,3950,1564
1762461900,0000000400000008,1507561219749,2955,1565
1762461902,0000004000000008,1507579353924,1870,1566
1762461904,0000008000000001,1507596880269,815,1567
1762461905,0000008000000080,1507609077697,5273,1568
1762461927,0000000800000001,1507826326298,2585,1569
1762461936,0000008000000008,1507916676667,2346,1570
1762461940,0000000400000002,1507959188699,4992,1571
1762461945,0000008000000080,1508004839067,2240,1572
1762461971,0000008000000080,1508265061247,2169,1573
1762461992,0000000800000001,1508476867676,5014,1574
1762461995,0000008000000080,1508504217627,3369,1575
1762461998,0000004000000002,1508537661785,1357,1576
1762462007,0000004000000008,1508625179228,1285,1577
1762462008,0000000100000008,1508641284449,321,1578
1762462014,0000000100000001,1508700034141,1976,1579
1762462019,0000008000000001,1508751466627,4088,1580
1762462020,0000000100000001,1508757237706,3739,1581
1762462028,0000004000000002,1508839128735,4009,1582
1762462034,0000000100000004,1508897772207,473,1583
1762462043,0000000400000004,1508992410934,5164,1584
1762462046,0000000100000004,1509016218449,3740,1585
1762462047,0000000800000080,1509029110996,2953,1586
1762462047,0000000400000004,1509030785051,2852,1587
1762462051,0000008000000080,1509072306153,362,1588
1762462053,0000004000000004,1509089925096,4503,1589
1762462068,0000000200000004,1509241767373,557,1590
1762462075,0000008000000008,1509306496400,1853,1591
1762462084,0000004000000080,1509400940621,1367,1592
1762462109,0000008000000080,1509652502550,1815,1593
1762462113,0000000100000004,1509687373950,4914,1594
1762462114,0000000100000001,1509700918250,4109,1595
1762462139,0000000400000001,1509950078874,4699,1596
1762462146,0000000100000004,1510013767747,858,1597
1762462168,0000000800000008,1510239985950,2830,1598
1762462169,0000008000000080,1510248300776,2327,1599
1762462184,0000000100000003,1510399985209,3603,1600
1762462198,0000000100000001,1510539906631,377,1601
1762462216,0000008000000004,1510722703491,4961,1602
1762462226,0000004000000008,1510822511829,4161,1603
1762462227,0000004000000002,1510827714331,3847,1604
1762462242,0000000100000003,1510982627801,4908,1605
1762462246,0000008000000080,1511013715329,3032,1606
1762462256,0000000800000002,1511118661972,1918,1607
1762462301,0000000100000001,1511564178895,1083,1608
1762462318,0000000100000001,1511740530045,864,1609
1762462333,0000000800000001,1511883087190,2670,1610
1762462333,0000000100000001,1511883125204,2668,1611
1762462342,0000000400000004,1511975908455,2284,1612
1762462347,0000000800000008,1512028116406,4355,1613
1762462357,0000000400000002,1512130848457,3357,1614
1762462359,0000000400000008,1512148599113,2283,1615
1762462373,0000004000000004,1512285038155,4480,1616
1762462406,0000000800000004,1512613496493,296,1617
1762462411,0000000100000001,1512664577603,2407,1618
1762462419,0000000800000004,1512750150935,2453,1619
1762462424,0000000100000001,1512798447625,4755,1620
1762462431,0000000400000080,1512862991846,865,1621
1762462431,0000000400000080,1512872416539,303,1622
1762462442,0000008000000080,1512978989788,4286,1623
1762462455,0000008000000001,1513109054810,1647,1624
1762462458,0000000400000002,1513141289758,4902,1625
1762462469,0000008000000080,1513251295227,3482,1626
1762462496,0000000100000001,1513521732465,2786,1627
1762462499,0000008000000002,1513550870853,1037,1628
1762462502,0000001000000002,1513575043259,4785,1629
1762462537,0000000800000008,1513929125793,4267,1630
1762462539,0000000400000008,1513951103513,2928,1631
1762462544,0000008000000080,1513997428871,162,1632
1762462547,0000008000000080,1514030785151,3334,1633
1762462562,0000008000000080,1514177133412,4920,1634
1762462566,0000004000000002,1514221314800,2256,1635
1762462579,0000000400000004,1514349409260,4945,1636
1762462587,0000008000000080,1514431953500,5170,1637
1762462591,0000008000000080,1514464428062,3216,1638
1762462604,0000000800000008,1514602083865,5322,1639
1762462605,0000008000000080,1514603908966,5213,1640
1762462629,0000008000000003,1514846102215,1031,1641
1762462634,0000000800000080,1514899760184,2997,1642
1762462648,0000008000000080,1515033905828,5316,1643
1762462675,0000008000000001,1515304105590,4655,1644
1762462675,0000008000000008,1515306869252,4491,1645
1762462676,0000004000000001,1515315127510,3996,1646
1762462691,0000000400000008,1515469211535,5102,1647
1762462693,0000000800000001,1515483465209,4258,1648
1762462694,0000008000000080,1515494271493,3601,1649
1762462694,0000008000000080,1515497595478,3397,1650
1762462696,0000000800000001,1515515410604,2318,1651
1762462704,0000000400000004,1515597803350,2551,1652
1762462719,0000004000000002,1515743733524,4183,1653
1762462725,0000008000000080,1515811626095,5278,1654
1762462757,0000000100000004,1516130416288,1686,1655
1762462765,0000008000000080,1516209421201,2125,1656
1762462769,0000008000000080,1516242725011,5316,1657
1762462794,0000008000000080,1516499624136,255,1658
1762462804,0000000800000080,1516601338907,4532,1659
1762462821,0000008000000080,1516770124786,4762,1660
1762462839,0000000800000002,1516947840286,4466,1661
1762462842,0000008000000080,1516978754485,2585,1662
1762462846,0000000800000008,1517018076370,232,1663
1762462855,0000008000000080,1517106665295,5286,1664
1762462856,0000008000000080,1517113132788,4902,1665
1762462861,0000008000000004,1517163751652,1856,1666
1762462863,0000000100000002,1517187626605,421,1667
1762462868,0000000100000001,1517233363100,2855,1668
1762462870,0000000800000008,1517260825127,1208,1669
1762462872,0000008000000080,1517278763347,5321,1670
1762462895,0000000100000003,1517505862857,2048,1671
1762462899,0000008000000080,1517548737695,4672,1672
1762462908,0000000100000001,1517635398579,4653,1673
1762462909,0000000100000001,1517645344984,4059,1674
1762462919,0000008000000002,1517750276304,2924,1675
1762462920,0000000800000004,1517753749655,2712,1676
1762462923,0000008000000080,1517787054041,717,1677
1762462925,0000000800000002,1517806865121,4726,1678
1762462928,0000008000000080,1517833017852,3144,1679
1762462929,0000008000000001,1517852450966,1976,1680
1762462935,0000008000000080,1517909288386,3760,1681
1762462953,0000008000000004,1518082797982,3709,1682
1762462962,0000000100000008,1518181964431,2927,1683
1762462980,0000000400000001,1518355035972,2903,1684
1762463006,0000000100000001,1518619148976,2592,1685
1762463019,0000004000000008,1518748864140,5186,1686
1762463072,0000004000000080,1519278127669,4523,1687
1762463080,0000000800000080,1519352802648,5213,1688
1762463094,0000000100000004,1519494394254,1893,1689
1762463096,0000008000000080,1519514541535,681,1690
1762463097,0000000800000080,1519528784522,5018,1691
1762463098,0000000800000001,1519540727363,4311,1692
1762463104,0000004000000002,1519595879439,980,1693
1762463122,0000008000000080,1519774426926,630,1694
1762463136,0000008000000080,1519912689951,2692,1695
1762463139,0000008000000080,1519947217934,624,1696
1762463148,0000008000000080,1520037477862,389,1697
1762463152,0000000100000008,1520077933582,3145,1698
1762463161,0000000100000001,1520165180294,3089,1699
1762463162,0000000400000004,1520177100139,2369,1700
1762463185,0000000500000001,1520408418146,4054,1701
1762463191,0000004000000008,1520467982197,462,1702
1762463198,0000000400000080,1520540778317,1273,1703
1762463224,0000004000000004,1520799432898,1297,1704
1762463234,0000000100000001,1520900401369,420,1705
1762463257,0000000100000080,1521122654670,2621,1706
1762463266,0000000800000001,1521214489311,2294,1707
1762463266,0000000100000080,1521221577430,1875,1708
1762463289,0000008000000080,1521448919372,3788,1709
1762463291,0000000100000001,1521471904551,2390,1710
1762463301,0000004000000002,1521568626488,1772,1711
1762463322,0000000800000001,1521775927060,4889,1712
1762463322,0000004000000001,1521776023926,4882,1713
1762463326,0000004000000080,1521818049157,2343,1714
1762463335,0000008000000008,1521911764856,1908,1715
1762463342,0000004000000080,1521975487184,3266,1716
1762463347,0000000400000002,1522031939318,5064,1717
1762463360,0000000800000008,1522152870782,2980,1718
1762463361,0000000100000004,1522164771071,2265,1719
1762463382,0000000100000001,1522378778152,4978,1720
1762463385,0000008000000080,1522411905757,2980,1721
1762463394,0000004000000008,1522501694512,2771,1722
1762463395,0000000400000008,1522507296917,2432,1723
1762463400,0000000100000001,1522554096183,4824,1724
1762463412,0000000400000001,1522673051114,2854,1725
1762463429,0000000100000001,1522848463097,2685,1726
1762463456,0000000800000001,1523118929431,2005,1727
1762463470,0000000800000001,1523256466123,4133,1728
1762463471,0000000100000005,1523265598356,3575,1729
1762463476,0000008000000080,1523318686307,382,1730
1762463477,0000000400000080,1523322806276,5320,1731
1762463486,0000000800000001,1523415043573,4971,1732
1762463486,0000008000000008,1523420160907,4669,1733
1762463505,0000000100000004,1523605447090,3914,1734
1762463510,0000000100000002,1523653520275,1010,1735
1762463525,0000000100000001,1523805221141,2269,1736
1762463525,0000004000000004,1523806334553,2203,1737
1762463528,0000000100000008,1523837664612,325,1738
1762463529,0000000100000001,1523842601659,5215,1739
1762463530,0000000100000008,1523858091588,4299,1740
1762463530,0000008200000001,1523858956041,4248,1741
1762463530,0000000100000080,1523859375940,4222,1742
1762463546,0000008000000080,1524018309807,5036,1743
1762463551,0000004000000004,1524069021306,1987,1744
1762463551,0000000800000002,1524071313072,1851,1745
1762463559,0000000100000003,1524144405375,2637,1746
1762463567,0000008c00000004,1524226014891,2927,1747
1762463578,0000000800000008,1524334092155,1624,1748
1762463593,0000000100000001,1524484904893,2935,1749
1762463605,0000000800000001,1524611824036,501,1750
1762463608,0000000800000001,1524636871310,4197,1751
1762463624,0000000800000001,1524797961087,4886,1752
1762463634,0000000900000081,1524895565631,4217,1753
1762463639,0000000100000001,1524947278523,1092,1754
1762463659,0000004000000001,1525145899727,4736,1755
1762463694,0000008000000001,1525498655857,4296,1756
1762463703,0000004000000004,1525582913749,4421,1757
1762463722,0000008000000080,1525775756552,3198,1758
1762463728,0000008000000008,1525841602277,4442,1759
1762463729,0000004000000001,1525845012025,4237,1760
1762463729,0000008000000080,1525845184983,4228,1761
1762463751,0000004000000001,1526063284650,1485,1762
1762463762,0000008000000080,1526174799947,5161,1763
1762463795,0000004000000001,1526505564620,848,1764
1762463803,0000000100000002,1526584062270,1322,1765
1762463815,0000008000000004,1526711880703,4030,1766
1762463838,0000000400000004,1526935515369,953,1767
1762463847,0000000100000004,1527026959546,649,1768
1762463852,0000000400000008,1527079737952,2659,1769
1762463873,0000000200000008,1527283187830,816,1770
1762463873,0000000100000001,1527289749123,425,1771
1762463880,0000004000000008,1527362049184,1266,1772
1762463883,0000000800000001,1527391309565,4707,1773
1762463886,0000004000000002,1527416500558,3183,1774
1762463905,0000000800000001,1527608815010,2004,1775
1762463913,0000008000000001,1527690144228,2300,1776
1762463914,0000000400000080,1527693487071,2103,1777
1762463933,0000000400000008,1527889551722,700,1778
1762463958,0000000800000001,1528137919977,1340,1779
1762463977,0000000400000080,1528322727391,612,1780
1762463977,0000000800000080,1528329416507,212,1781
1762463980,0000000800000001,1528358688674,3648,1782
1762463991,0000008000000001,1528463132957,2544,1783
1762463995,0000004000000008,1528509787299,4942,1784
1762464003,0000000100000001,1528588176301,229,1785
1762464004,0000008000000080,1528593282256,5110,1786
1762464018,0000000800000002,1528734629738,1805,1787
1762464028,0000000400000080,1528834998899,957,1788
1762464028,0000004000000080,1528841178635,590,1789
1762464078,0000000800000002,1529341213548,1674,1790
1762464079,0000000800000001,1529347289061,1307,1791
1762464098,0000000400000080,1529542201110,5160,1792
1762464106,000000040000000c,1529613986452,844,1793
1762464106,0000008000000080,1529615095271,780,1794
1762464107,0000008000000080,1529631336975,4997,1795
1762464114,0000000800000001,1529693007410,1285,1796
1762464121,0000008000000001,1529767863344,1977,1797
1762464141,0000008000000080,1529966646463,410,1798
1762464167,0000000100000002,1530224853598,459,1799
1762464177,0000008000000080,1530328459748,4620,1800
1762464182,0000008000000004,1530373717012,1890,1801
1762464202,0000000400000008,1530577767924,5194,1802
1762464221,0000000100000001,1530763339979,4433,1803
1762464223,0000000400000004,1530787434118,2967,1804
1762464272,0000000400000004,1531278995894,4576,1805
1762464276,0000000800000008,1531319279547,2141,1806
1762464288,0000000100000008,1531432393805,529,1807
1762464299,0000000400000002,1531544794342,4170,1808
1762464299,0000000800000001,1531551841449,3737,1809
1762464301,0000000100000001,1531563734080,3016,1810
1762464306,0000000400000080,1531620993878,4776,1811
1762464311,000000400000000c,1531665298743,2103,1812
1762464327,0000004000000002,1531830933606,2519,1813
1762464328,0000000100000001,1531834101854,2333,1814
1762464346,0000000100000008,1532017591181,1689,1815
1762464355,0000008000000001,1532108363699,1423,1816
1762464358,0000000100000002,1532136077370,4951,1817
1762464370,0000000100000007,1532255228712,2970,1818
1762464370,0000000400000008,1532257061937,2860,1819
1762464371,0000000800000001,1532271875649,1974,1820
1762464374,0000000100000004,1532301114139,219,1821
1762464380,0000008000000080,1532355562655,2132,1822
1762464395,0000000400000080,1532509818556,3241,1823
1762464422,0000000100000002,1532778873270,2632,1824
1762464426,0000008000000080,1532817071417,347,1825
1762464432,0000008000000001,1532875481694,2022,1826
1762464433,0000008000000002,1532882753639,1585,1827
1762464442,0000008000000008,1532977211026,1094,1828
1762464442,0000000100000088,1532979325933,967,1829
1762464446,0000000100000080,1533021447500,3635,1830
1762464466,0000000400000001,1533215918529,2313,1831
1762464472,0000000400000040,1533275140060,3960,1832
1762464478,0000000400000080,1533332260782,517,1833
1762464487,0000000100000001,1533427397715,5176,1834
1762464496,0000000800000002,1533517667363,4945,1835
1762464506,0000008000000080,1533619785064,4005,1836
1762464517,0000004000000001,1533723538977,2942,1837
1762464519,0000008000000001,1533744310183,1699,1838
1762464552,0000000400000008,1534075719246,2528,1839
1762464553,0000008000000002,1534085135118,1971,1840
1762464560,0000000400000080,1534154690350,2977,1841
1762464577,0000000100000008,1534322173924,3293,1842
1762464584,0000000100000002,1534400725237,3772,1843
1762464597,0000008000000002,1534530063546,1175,1844
1762464617,0000008400000080,1534723767004,5106,1845
1762464627,0000008000000080,1534822799338,4354,1846
1762464633,0000004000000008,1534883877697,669,1847
1762464633,0000000100000001,1534886253257,529,1848
1762464662,0000004c00000008,1535178399534,3735,1849
1762464672,0000000400000002,1535281799457,2694,1850
1762464678,0000008000000080,1535334947628,4705,1851
1762464682,0000008000000008,1535373998140,2343,1852
1762464686,0000000400000001,1535415040337,5074,1853
1762464686,0000000400000004,1535418456283,4873,1854
1762464700,0000008000000002,1535553707603,1928,1855
1762464734,0000000800000002,1535895171374,2158,1856
1762464738,0000008000000002,1535935961958,4904,1857
1762464764,0000008000000001,1536194338079,4944,1858
1762464827,0000000800000004,1536830294616,3042,1859
1762464898,0000008000000004,1537539211022,1951,1860
1762464898,0000004000000080,1537541455937,1818,1861
1762464907,0000008000000080,1537627167249,1855,1862
1762464914,0000008000000080,1537701749280,2553,1863
1762464917,0000000100000002,1537729243354,906,1864
1762464918,0000000100000003,1537740209512,251,1865
1762464928,0000004000000080,1537835350997,4917,1866
1762464931,0000000100000080,1537869430578,2858,1867
1762464933,000000c000000080,1537883596078,2010,1868
1762464951,0000000400000001,1538067217091,1353,1869
1762464960,0000008400000001,1538154762320,1280,1870
1762464970,0000000100000008,1538256026168,387,1871
1762464981,0000008000000004,1538370626788,3887,1872
1762465003,0000000100000001,1538582551311,1518,1873
1762465027,0000000100000001,1538827824285,2338,1874
1762465028,0000004000000008,1538836485971,1825,1875
1762465030,0000004000000004,1538856790184,604,1876
1762465033,0000008000000008,1538887774463,3943,1877
1762465048,0000000800000080,1539033139718,384,1878
1762465061,0000000400000004,1539165489493,2802,1879
1762465097,0000000800000001,1539522038109,2133,1880
1762465117,0000000800000080,1539731031676,5144,1881
1762465145,0000008000000004,1540006553364,4166,1882
1762465146,0000000100000080,1540015460605,3624,1883
1762465150,0000008000000080,1540061959671,821,1884
1762465155,0000000800000002,1540110883940,3069,1885
1762465171,0000000800000080,1540271755122,3792,1886
1762465181,0000008000000008,1540363311842,3472,1887
1762465223,0000000400000080,1540783629106,4167,1888
1762465229,0000000100000001,1540848256481,270,1889
1762465238,0000000200000001,1540935524736,215,1890
1762465244,0000004000000008,1540995327187,1809,1891
1762465264,0000000100000003,1541194797879,201,1892
1762465268,0000000800000080,1541235139612,2960,1893
1762465268,0000004800000002,1541239234357,2709,1894
1762465269,0000000100000001,1541251897333,1956,1895
1762465270,0000000100000001,1541254074652,1827,1896
1762465270,0000000800000008,1541260613350,1433,1897
1762465292,0000000400000004,1541476908662,4014,1898
1762465302,0000000400000001,1541573568136,3383,1899
1762465303,0000004000000008,1541582134555,2863,1900
1762465316,0000000800000002,1541713944267,5322,1901
1762465317,0000008000000004,1541726362258,4588,1902
1762465322,0000000800000004,1541775362503,1632,1903
1762465338,0000000100000001,1541932784626,2540,1904
1762465350,000000c000000080,1542054071203,450,1905
1762465350,0000000800000001,1542056971297,276,1906
1762465377,0000000800000001,1542325216907,4916,1907
1762465382,0000000100000001,1542378181282,1727,1908
1762465384,0000000400000080,1542392047028,891,1909
1762465386,0000004000000080,1542416605907,4618,1910
1762465390,0000000100000001,1542454822658,2304,1911
1762465410,0000000100000080,1542660037276,357,1912
1762465415,000000c000000080,1542708604524,2617,1913
1762465428,0000000100000001,1542841069505,5046,1914
1762465433,0000000200000002,1542882728157,2530,1915
1762465439,0000004000000080,1542948742950,3770,1916
1762465446,0000008000000080,1543014411690,5007,1917
1762465449,0000000100000080,1543045732684,3120,1918
1762465484,0000000100000001,1543393826074,2954,1919
1762465486,0000004000000001,1543412394934,1843,1920
1762465489,0000008000000008,1543443577952,5157,1921
1762465494,0000000800000004,1543494649379,2085,1922
1762465507,0000008000000080,1543624879565,4650,1923
1762465512,0000000100000080,1543674109524,1680,1924
1762465515,0000000800000001,1543707074053,4894,1925
1762465535,0000004000000080,1543905680298,3333,1926
1762465537,0000008000000080,1543924478452,2197,1927
1762465538,0000000100000004,1543937206380,1437,1928
1762465544,0000000100000008,1543994550546,3178,1929
1762465545,0000000400000001,1544010625353,2210,1930
1762465554,0000000100000004,1544092207950,2491,1931
1762465557,0000000400000004,1544122376103,686,1932
1762465561,000000c000000080,1544162638754,3461,1933
1762465576,0000000100000001,1544315426827,4661,1934
1762465590,0000000100000001,1544455063111,1449,1935
1762465592,0000000800000008,1544481615235,5045,1936
1762465600,0000000100000001,1544552481880,781,1937
1762465601,0000000800000001,1544569198159,4971,1938
1762465607,0000004000000001,1544628556087,1400,1939
1762465607,0000008000000001,1544631564137,1216,1940
1762465622,0000000400000001,1544781329219,2588,1941
1762465633,0000000400000002,1544884314852,1596,1942
1762465643,0000008000000001,1544983508464,823,1943
1762465652,0000008000000001,1545075722876,472,1944
1762465655,0000000100000008,1545109658394,3629,1945
1762465661,0000000400000006,1545171020099,5123,1946
1762465673,0000004000000002,1545286191442,3392,1947
1762465678,0000000100000004,1545336095380,392,1948
1762465683,000000c000000080,1545388168307,2442,1949
1762465684,0000000400000002,1545393669068,2117,1950
1762465689,0000008000000001,1545446577031,4143,1951
1762465697,0000000800000004,1545524599015,4639,1952
1762465701,0000000100000008,1545565756895,2152,1953
1762465717,0000000200000002,1545721994495,3143,1954
1762465721,0000000400000080,1545762242248,727,1955
1762465727,0000004000000004,1545824097275,2193,1956
1762465736,0000000100000080,1545919145043,1673,1957
1762465739,0000000100000001,1545951509305,4924,1958
1762465754,0000000400000004,1546098253996,1287,1959
1762465754,0000000100000004,1546100445403,1153,1960
1762465756,0000000800000004,1546119333459,5210,1961
1762465769,0000000800000008,1546241928996,3028,1962
1762465774,0000008000000080,1546296376250,4952,1963
1762465778,0000008000000080,1546337516088,2469,1964
1762465782,0000000800000002,1546376538377,5321,1965
1762465790,0000000400000001,1546452551788,750,1966
1762465792,0000000400000004,1546476236520,4529,1967
1762465800,0000008000000080,1546557306175,4840,1968
1762465808,0000000800000004,1546635539833,5320,1969
1762465821,0000008000000080,1546762910306,2853,1970
1762465822,0000008000000080,1546775225034,2113,1971
1762465825,0000000100000008,1546803496219,419,1972
1762465832,0000004000000080,1546878666468,1085,1973
1762465838,0000000100000002,1546941564269,2489,1974
1762465839,0000000100000003,1546951440565,1904,1975
1762465868,0000000100000004,1547239997868,5318,1976
1762465872,0000000400000080,1547278476034,3003,1977
1762465877,0000000400000002,1547322946863,335,1978
1762465877,0000008000000004,1547328876089,5167,1979
1762465905,0000008000000001,1547607213197,4019,1980
1762465906,0000004000000080,1547620868700,3184,1981
1762465908,0000004000000004,1547633111758,2442,1982
1762465917,0000000100000001,1547722483393,2262,1983
1762465932,0000000100000004,1547878330828,3280,1984
1762465940,000000c000000008,1547957168888,3740,1985
1762465941,0000000100000002,1547971745860,2850,1986
1762465951,0000004000000080,1548064118841,2485,1987
1762465959,0000000800000004,1548151042300,2450,1988
1762465962,0000004000000001,1548181292822,640,1989
1762465974,0000000100000001,1548293204864,4305,1990
1762465983,0000008000000080,1548391483728,3581,1991
1762465987,0000008000000004,1548426306534,1482,1992
1762465991,0000004000000004,1548470338028,4037,1993
1762465994,0000008000000080,1548495105322,2527,1994
1762465997,0000000100000004,1548531314683,362,1995
1762466005,0000000200000004,1548611484065,730,1996
1762466007,0000008000000080,1548630376300,4794,1997
1762466015,0000000100000001,1548702403312,457,1998
1762466015,0000000400000008,1548711660813,5090,1999
1762466017,0000000c00000001,1548723620334,4383,2000
1762466017,0000008000000008,1548727513771,4150,2001
1762466043,0000000100000001,1548991786706,3833,2002
1762466054,0000008000000004,1549095360068,2780,2003
1762466054,0000008000000004,1549101480663,2411,2004
1762466063,0000000200000001,1549182227546,2747,2005
1762466068,0000008000000004,1549234265955,4823,2006
1762466083,0000008000000080,1549389153774,696,2007
1762466088,0000008000000008,1549441332285,2744,2008
1762466092,0000000800000004,1549476517658,636,2009
1762466102,0000004400000002,1549576191592,5026,2010
1762466109,0000008000000002,1549648914643,653,2011
1762466113,0000000100000002,1549686150433,3611,2012
1762466123,0000004000000008,1549791558783,2450,2013
1762466129,0000000100000002,1549850110577,4142,2014
1762466135,0000000800000008,1549907949999,652,2015
1762466150,0000004000000001,1550060711610,1850,2016
1762466153,0000000800000008,1550087933371,216,2017
1762466166,000000c000000080,1550214445253,2985,2018
1762466194,0000008000000001,1550495231904,1681,2019
1762466199,0000000100000001,1550544642645,3912,2020
1762466202,0000004000000004,1550572628507,2216,2021
1762466239,0000000100000001,1550944266150,640,2022
1762466243,0000008000000001,1550990896601,3025,2023
1762466244,000000c000000080,1550996951878,2656,2024
1762466244,0000004000000002,1550999883539,2479,2025
1762466252,0000008000000080,1551075588919,3124,2026
1762466252,0000008000000080,1551081316332,2776,2027
1762466266,0000004000000004,1551221344268,4752,2028
1762466278,0000008000000001,1551335957968,3044,2029
1762466291,0000004000000080,1551467364669,339,2030
1762466293,0000004000000004,1551486538356,4389,2031
1762466299,0000004000000080,1551550840761,511,2032
1762466300,0000000100000008,1551553893113,327,2033
1762466310,0000000400000001,1551651966326,4817,2034
1762466316,0000000400000004,1551715059303,1016,2035
1762466327,0000000100000002,1551825509060,4767,2036
1762466333,0000000800000080,1551885107295,1173,2037
1762466335,0000004000000080,1551906198189,5100,2038
1762466335,0000008000000080,1551907710579,5012,2039
1762466374,0000000100000002,1552295378810,2459,2040
1762466382,0000008000000004,1552380545014,2528,2041
1762466385,0000000100000080,1552405257173,1048,2042
1762466393,000000c000000080,1552490828913,1095,2043
1762466404,0000000100000001,1552601131410,4853,2044
1762466408,0000008000000008,1552641543242,2411,2045
1762466427,0000000800000008,1552827123011,1644,2046
1762466440,0000000800000008,1552953233752,4456,2047
1762466440,0000008000000002,1552953408302,4445,0
1762466445,0000000800000001,1553004545852,1360,1
1762466458,0000004000000004,1553132239173,4077,2
1762466466,0000000100000080,1553219669959,4010,3
1762466509,0000000400000001,1553644429503,4429,4
1762466520,0000000800000008,1553756741037,2852,5
1762466556,0000004000000080,1554120930190,1726,6
1762466568,0000004000000080,1554234774284,5261,7
1762466580,0000000100000004,1554357135454,3094,8
1762466599,0000000500000004,1554545142910,2173,9
1762466623,0000000400000002,1554786005527,3268,10
1762466626,0000000400000001,1554815413038,1500,11
1762466634,0000004000000008,1554894065805,1962,12
1762466638,0000000100000001,1554935873127,4650,13
1762466641,0000004000000080,1554971344620,2499,14
1762466645,0000000100000008,1555008348376,284,15
1762466661,0000004000000001,1555161837073,1438,16
1762466676,0000000400000004,1555312605018,2749,17
1762466682,0000000100000001,1555377388356,4063,18
1762466683,0000000100000001,1555388366585,3393,19
1762466695,0000008000000080,1555505649482,1532,20
1762466707,0000000400000005,1555628704924,4527,21
1762466714,0000004000000002,1555692026759,709,22
1762466729,0000008000000080,1555844893376,1900,23
1762466751,0000000100000001,1556066454987,4163,24
1762466772,0000004000000002,1556273172319,2104,25
1762466793,0000008000000080,1556485944677,4893,26
1762466798,0000008000000088,1556532538752,2084,27
1762466801,0000000400000001,1556569219367,5072,28
1762466826,0000000800000080,1556818082038,493,29
1762466831,0000000400000002,1556870196925,2542,30
1762466836,0000000100000004,1556912984023,5169,31
1762466836,0000000500000008,1556916811974,4942,32
1762466868,0000000400000008,1557235588633,1346,33
1762466869,0000000800000080,1557247091883,655,34
1762466871,0000004000000004,1557271589736,4386,35
1762466876,0000000100000001,1557320384992,1439,36
1762466888,0000008000000002,1557436567190,4842,37
1762466897,0000000400000001,1557527395946,4577,38
1762466901,000000c000000002,1557571042015,1943,39
1762466913,0000004000000001,1557688952783,5235,40
1762466934,0000000100000008,1557896797064,3120,41
1762466937,0000000800000001,1557930607308,1086,42
1762466970,0000000800000001,1558253058352,2461,43
1762466979,0000000800000004,1558345184637,2117,44
1762466983,0000000800000002,1558390062602,4623,45
1762466987,0000008000000001,1558431122025,2142,46
1762467007,0000000800000080,1558622606843,1011,47
1762467015,0000000100000008,1558703936030,1315,48
1762467027,0000004000000004,1558825537484,4400,49
1762467038,0000000100000003,1558940645480,2650,50
1762467039,0000008000000080,1558942614294,2531,51
1762467051,0000000800000001,1559069106924,5314,52
1762467052,0000000800000080,1559072344514,5120,53
1762467070,0000000400000002,1559253832124,4602,54
1762467076,0000000400000008,1559318592175,700,55
1762467090,0000000400000004,1559456915637,2760,56
1762467094,0000000100000004,1559499188547,226,57
1762467095,0000000800000004,1559511098307,4708,58
1762467116,0000004000000002,1559714818918,2828,59
1762467137,0000000400000001,1559931389549,197,60
1762467142,0000008000000008,1559972024257,2937,61
1762467142,000000c000000080,1559979525365,2484,62
1762467150,0000000800000004,1560057282627,3006,63
1762467160,0000000100000001,1560156610199,2223,64
1762467181,0000000800000004,1560365066327,5267,65
1762467188,0000000400000080,1560439544080,790,66
1762467196,0000000800000002,1560513743644,1520,67
1762467202,0000000400000008,1560572953811,3151,68
1762467211,0000000400000001,1560668381273,2597,69
1762467218,0000000800000080,1560731647010,4005,70
1762467225,0000000800000001,1560806213635,4709,71
1762467235,0000008000000004,1560905030119,3963,72
1762467260,0000004000000001,1561156665124,4407,73
1762467260,0000000100000002,1561161288984,4132,74
1762467289,0000000800000002,1561449480821,2357,75
1762467289,0000008000000080,1561449995557,2327,76
1762467292,0000000100000080,1561474484679,859,77
1762467302,0000000400000002,1561576442142,5113,78
1762467309,0000000100000080,1561645877906,937,79
1762467319,0000008000000080,1561744772722,187,80
1762467329,0000004000000008,1561844746289,4567,81
1762467330,0000000800000004,1561853386863,4049,82
1762467330,0000008000000001,1561857973288,3770,83
1762467336,0000000400000002,1561915639439,296,84
1762467345,0000000800000008,1562003222645,222,85
1762467380,0000004000000080,1562353372386,5123,86
1762467385,0000000100000001,1562405915669,1965,87
1762467393,0000000100000001,1562483497638,2483,88
1762467406,0000000400000002,1562618089228,4787,89
1762467416,0000000100000001,1562719857826,3866,90
1762467421,0000000100000001,1562769770341,852,91
1762467432,0000004000000004,1562881005720,4558,92
1762467435,0000000400000080,1562904654653,3125,93
1762467449,0000000100000001,1563045497253,5042,94
1762467481,0000000100000002,1563366049262,1342,95
1762467482,0000008000000008,1563371577145,1006,96
1762467488,0000008000000001,1563434706966,2398,97
1762467489,000000c000000080,1563442201611,1953,98
1762467505,0000000400000001,1563608468971,2335,99
1762467510,0000000400000080,1563656843888,4633,100
1762467518,0000008000000002,1563739418434,4855,101
1762467519,0000008000000004,1563745162473,4516,102
1762467523,0000000100000001,1563789669353,1829,103
1762467556,0000000400000008,1564117969317,2851,104
1762467564,0000000400000080,1564200811261,3063,105
1762467574,0000000200000002,1564299281237,2331,106
1762467593,0000008000000004,1564485940432,1498,107
1762467595,0000000800000080,1564506913129,238,108
1762467612,0000000800000080,1564673048710,630,109
1762467612,0000008000000080,1564673292629,616,110
1762467613,0000000400000080,1564684995975,5103,111
1762467627,0000008000000001,1564821651481,2076,112
1762467642,0000000400000008,1564978775915,3011,113
1762467644,0000000100000008,1564991956368,2217,114
1762467687,0000008000000001,1565427257122,2004,115
1762467687,0000000100000002,1565428916399,1905,116
1762467695,0000008000000080,1565503256055,2618,117
1762467696,0000008000000004,1565516296295,1845,118
1762467703,0000000800000008,1565587724458,2735,119
1762467725,0000000800000002,1565804723780,5266,120
1762467727,0000000800000008,1565827812789,3890,121
1762467739,0000008000000080,1565948110696,1837,122
1762467744,0000008000000001,1565997505191,4072,123
1762467756,0000004000000002,1566114782704,2194,124
1762467763,0000000100000001,1566184867686,3175,125
1762467765,0000004000000004,1566202140011,2134,126
1762467785,0000000100000008,1566405049628,324,127
1762467791,0000008000000008,1566465962536,1851,128
1762467807,0000008000000008,1566629089978,2418,129
1762467816,0000008000000080,1566719148583,2198,130
1762467842,0000004000000004,1566978900968,2155,131
1762467857,0000000400000004,1567130617222,3422,132
1762467907,0000008000000080,1567624907057,4853,133
1762467927,0000000400000008,1567828850606,2964,134
1762467932,0000000800000008,1567874414123,231,135
1762467947,0000004000000004,1568024136960,1610,136
1762467949,0000000400000004,1568047862696,187,137
1762467954,0000000400000004,1568097063335,2409,138
1762467959,0000008000000001,1568147252915,4600,139
1762467969,0000000100000001,1568241937307,4100,140
1762467980,0000000400000001,1568355189299,2464,141
1762467997,0000000100000001,1568527246317,2500,142
1762467997,0000000800000008,1568527367917,2493,143
1762468001,0000000800000080,1568564147017,292,144
1762468002,0000000800000004,1568580036871,4539,145
1762468024,0000000200000004,1568793332308,2083,146
1762468036,0000000100000001,1568911774877,162,147
1762468037,0000008000000002,1568928890244,4330,148
1762468051,0000008000000004,1569066254037,1248,149
1762468068,0000004000000004,1569234637164,1509,150
1762468088,0000000a00000001,1569439595177,4767,151
1762468096,0000000400000008,1569515542775,196,152
1762468112,0000004000000080,1569677014480,866,153
1762468139,0000004000000009,1569945599343,296,154
1762468156,0000000400000008,1570120334221,173,155
1762468159,0000000400000002,1570143910960,3955,156
1762468160,0000000100000008,1570153953947,3341,157
1762468165,000000c000000080,1570208853539,5230,158
1762468177,0000000800000080,1570328632635,3220,159
1762468194,0000008000000001,1570495521386,3574,160
1762468213,0000000400000004,1570688171606,2364,161
1762468227,0000004000000001,1570822724159,4670,162
1762468235,0000000800000002,1570905606458,4875,163
1762468238,0000008000000080,1570941277707,2718,164
1762468243,0000000400000002,1570985882293,5234,165
1762468246,0000000100000008,1571018165543,3295,166
1762468248,0000000800000008,1571036142861,2208,167
1762468249,0000008000000080,1571048923846,1444,168
1762468262,0000004000000004,1571173033284,4376,169
1762468268,0000000800000004,1571240723615,297,170
1762468275,0000000100000080,1571305651910,1583,171
1762468282,0000000800000004,1571379593620,2323,172
1762468282,0000004000000004,1571380862284,2247,173
1762468288,0000004000000008,1571437723474,4036,174
1762468311,0000000100000080,1571668151613,554,175
1762468322,0000000800000004,1571775003168,4523,176
1762468324,0000000800000001,1571792246940,3478,177
1762468326,0000008000000080,1571818008399,1926,178
1762468332,0000008000000004,1571878571726,3480,179
1762468333,0000008000000080,1571888727525,2860,180
1762468335,0000000400000080,1571911110142,1520,181
1762468351,0000004000000080,1572068073805,2456,182
1762468359,0000008000000001,1572142816214,3160,183
1762468365,0000000100000001,1572210800245,4278,184
1762468387,0000000400000001,1572426889496,1657,185
1762468417,0000004000000002,1572726027261,4448,186
1762468419,0000000100000001,1572748912102,3058,187
1762468440,0000000100000004,1572956373222,967,188
1762468441,0000000400000080,1572964030261,511,189
1762468442,0000000800000008,1572976355839,4962,190
1762468445,0000000200000001,1573007759871,3069,191
1762468458,0000008000000080,1573140895361,260,192
1762468465,0000000100000001,1573208853644,1363,193
1762468474,0000004000000001,1573298992800,1132,194
1762468478,0000000100000002,1573340758754,3825,195
1762468480,0000000800000008,1573352294607,3120,196
1762468502,0000000800000008,1573571619669,320,197
1762468511,0000000100000001,1573662135495,5258,198
1762468543,0000000100000001,1573981794289,1613,199
1762468570,0000000400000008,1574259325372,502,200
1762468576,0000000100000001,1574315409997,2314,201
1762468577,0000000400000005,1574323671875,1823,202
1762468582,0000008000000001,1574371302391,4163,203
1762468588,0000000100000002,1574441172362,5141,204
1762468611,0000008000000080,1574662688330,2202,205
1762468623,0000000100000003,1574782537562,192,206
1762468641,0000000800000008,1574966855729,4691,207
1762468645,0000004000000008,1575004539158,2410,208
1762468680,0000000800000004,1575352180506,2275,209
1762468717,0000000100000080,1575723358144,729,210
1762468737,0000008000000002,1575930780890,3844,211
1762468740,0000000400000004,1575954055577,2426,212
1762468745,0000004000000080,1576003627548,4653,213
1762468747,0000008000000080,1576024443048,3395,214
1762468754,0000000100000001,1576095151952,4344,215
1762468755,0000004800000006,1576104494200,3780,216
1762468764,0000000800000080,1576198496207,3311,217
1762468765,0000000200000008,1576201706351,3115,218
1762468765,0000000800000004,1576206767771,2808,219
1762468766,0000004000000080,1576217122811,2186,220
1762468770,0000000100000004,1576251265999,5327,221
1762468774,0000008000000004,1576294305757,2735,222
1762468777,0000008000000080,1576324965768,895,223
1762468784,0000008000000002,1576396893800,1764,224
1762468795,0000000100000008,1576501434256,671,225
1762468822,0000008000000080,1576773105146,5103,226
1762468822,0000000400000001,1576777023595,4871,227
1762468841,0000000100000002,1576962237730,4125,228
1762468843,0000000400000008,1576989151950,2487,229
1762468876,0000000100000001,1577317160335,3544,230
1762468878,0000008000000080,1577333974652,2520,231
1762468889,0000000100000008,1577449677760,762,232
1762468889,0000000400000080,1577450999050,683,233
1762468896,0000004000000004,1577511350392,2241,234
1762468900,0000004000000004,1577559207035,4570,235
1762468910,0000008000000080,1577655714758,3961,236
1762468925,0000000800000004,1577803092412,281,237
1762468954,0000000100000001,1578100620812,3154,238
1762468973,0000000400000004,1578290249794,2133,239
1762468974,0000004000000001,1578296169070,1781,240
1762468977,0000000800000008,1578328277408,5044,241
1762468988,0000008000000008,1578431298090,4052,242
1762469008,0000000800000004,1578633535634,2257,243
1762469021,0000000800000008,1578763278586,4849,244
1762469021,0000000800000001,1578769297810,4495,245
1762469023,0000000100000001,1578786339612,3462,246
1762469027,0000000400000008,1578828492948,921,247
1762469037,0000000400000002,1578927254109,181,248
1762469042,0000004000000001,1578973013897,2608,249
1762469054,0000000100000002,1579094263529,520,250
1762469057,0000008000000008,1579125027977,3871,251
1762469058,0000000800000080,1579136111521,3192,252
1762469062,0000004000000080,1579177097825,728,253
1762469067,0000000800000008,1579224093408,3092,254
1762469068,0000000100000001,1579240473496,2108,255
1762469093,0000008000000080,1579483514567,3069,256
1762469094,0000008000000004,1579491415252,2588,257
1762469100,0000000100000001,1579551277148,4202,258
1762469118,0000000100000080,1579736686097,3426,259
1762469133,0000004000000004,1579886580654,4800,260
1762469141,0000000400000002,1579968574451,5057,261
1762469142,0000004000000080,1579978053454,4497,262
1762469148,0000000100000080,1580033706628,1137,263
1762469158,0000000800000001,1580138833295,5200,264
1762469182,0000000100000001,1580376245266,1309,265
1762469188,0000000800000080,1580431197687,3196,266
1762469199,0000000800000001,1580548433488,1341,267
1762469200,0000000100000001,1580551157457,1173,268
1762469201,0000004000000080,1580567140169,217,269
1762469212,0000000100000001,1580673869241,4195,270
1762469218,0000000100000008,1580731179340,735,271
1762469237,0000000100000001,1580923877903,4732,272
1762469261,0000000100000001,1581166307338,531,273
1762469261,0000000800000004,1581166456748,523,274
1762469287,0000004000000004,1581428129724,364,275
1762469288,0000000800000080,1581432372794,5296,276
1762469296,0000008000000008,1581511409214,548,277
1762469302,0000008000000080,1581574878515,1921,278
1762469303,0000000100000001,1581590785661,963,279
1762469317,0000004000000001,1581730782012,2926,280
1762469320,0000008000000002,1581751837676,1665,281
1762469330,0000000100000008,1581857469430,508,282
1762469348,0000004000000008,1582040296898,5087,283
1762469354,0000004800000001,1582093546904,1880,284
1762469357,0000008000000080,1582128675074,4967,285
1762469365,0000000200000001,1582207469095,229,286
1762469379,0000000100000008,1582349024110,2097,287
1762469383,0000000800000008,1582384676650,5146,288
1762469383,0000000800000004,1582389218108,4879,289
1762469392,0000000100000001,1582476971365,4795,290
1762469397,0000008000000002,1582523098964,2014,291
1762469402,0000000200000002,1582572831580,4229,292
1762469448,0000008000000008,1583034983572,2380,293
1762469453,0000000100000001,1583081401974,4794,294
1762469456,0000008000000080,1583116061590,2695,295
1762469456,0000004000000004,1583120868288,2408,296
1762469461,0000000100000001,1583168072126,4775,297
1762469462,0000004000000004,1583173637822,4444,298
1762469464,0000000100000002,1583199672435,2863,299
1762469503,0000000400000004,1583586840390,358,300
1762469506,0000000100000004,1583620723301,3515,301
1762469508,0000000100000001,1583632232451,2811,302
1762469510,0000004000000004,1583656189847,1377,303
1762469536,0000000400000002,1583911405889,1607,304
1762469537,0000008000000080,1583929339120,529,305
1762469542,0000000100000001,1583971247286,3200,306
1762469565,0000004000000008,1584203637669,4806,307
1762469572,0000004000000008,1584279622598,235,308
1762469582,0000000800000002,1584375101722,4879,309
1762469624,0000000800000001,1584794341262,435,310
1762469630,0000000800000001,1584855195055,1966,311
1762469668,0000008000000080,1585232552481,5233,312
1762469675,0000000400000008,1585302864235,1005,313
1762469686,0000000800000001,1585411875309,4842,314
1762469712,0000004000000002,1585675903753,4545,315
1762469713,0000000100000001,1585681040421,4239,316
1762469715,0000000100000002,1585702218337,2949,317
1762469734,0000000800000002,1585898466685,1537,318
1762469750,0000008000000080,1586059313182,2245,319
1762469753,0000004000000080,1586088046897,522,320
1762469784,0000000800000001,1586399472352,2552,321
1762469786,0000004000000002,1586416145197,1559,322
1762469786,0000004000000008,1586420563324,1292,323
1762469787,0000000100000004,1586427344210,885,324
1762469789,0000000100000001,1586447330044,4881,325
1762469798,0000004000000002,1586539062174,4564,326
1762469803,0000004000000001,1586587820086,1620,327
1762469811,0000008000000002,1586669780563,1885,328
1762469813,0000000100000001,1586681238737,1192,329
1762469832,0000008000000008,1586873190896,5226,330
1762469849,0000000200000004,1587043384273,189,331
1762469851,0000004000000080,1587070378159,3764,332
1762469852,0000008000000002,1587076163392,3409,333
1762469858,0000000400000002,1587133030993,5179,334
1762469862,0000000400000008,1587171173158,2880,335
1762469877,0000000100000008,1587329446224,3762,336
1762469893,0000000400000002,1587487598369,4635,337
1762469896,0000000100000002,1587513791928,3048,338
1762469896,0000000800000080,1587514882076,2982,339
1762469899,0000000100000080,1587542164281,1346,340
1762469901,0000008000000004,1587567262288,5030,341
1762469910,0000008000000080,1587652519446,5095,342
1762469912,0000000100000001,1587676673245,3649,343
1762469914,0000004000000080,1587692563998,2680,344
1762469914,000000c000000080,1587694434968,2567,345
1762469931,0000000200000002,1587868351327,2490,346
1762469947,0000004000000008,1588026991658,3345,347
1762469956,0000000100000001,1588111293079,3471,348
1762469971,0000004000000004,1588265629032,4581,349
1762469985,0000000800000002,1588407367335,1237,350
1762469986,0000004000000080,1588416955656,663,351
1762470004,0000000400000001,1588598510392,5319,352
1762470012,0000000100000001,1588675839672,672,353
1762470022,000000010000000c,1588773996558,5152,354
1762470037,0000004000000004,1588921350489,1485,355
1762470065,0000000400000004,1589206368779,5113,356
1762470082,0000000100000008,1589373585392,253,357
1762470084,0000004000000080,1589396715927,4064,358
1762470088,0000000800000001,1589438211263,1557,359
1762470094,0000004000000001,1589491339798,3560,360
1762470098,0000000400000002,1589538932281,692,361
1762470099,0000000800000008,1589540893910,576,362
1762470105,0000004000000002,1589604348422,1951,363
1762470108,0000000800000080,1589631937003,295,364
1762470143,0000008000000080,1589988463961,4818,365
1762470144,0000008000000080,1589991178935,4658,366
1762470161,0000000400000001,1590168107254,4406,367
1762470168,0000000100000001,1590240002097,5263,368
1762470177,0000000900000001,1590329239977,5090,369
1762470182,0000008000000080,1590374360964,2370,370
1762470255,0000000300000002,1591103491505,5259,371
1762470266,0000000800000080,1591218835889,3521,372
1762470280,0000004000000008,1591356554090,429,373
1762470305,0000008000000008,1591601086289,1299,374
1762470309,0000008000000008,1591642551169,4010,375
1762470321,0000000100000003,1591763931193,1891,376
1762470321,0000000100000004,1591770113535,1520,377
1762470327,0000000100000007,1591830336009,3087,378
1762470338,0000004000000001,1591937125050,1861,379
1762470340,0000000400000008,1591959959575,488,380
1762470341,0000000400000002,1591962816323,317,381
1762470349,0000000100000004,1592042959227,688,382
1762470357,0000008c00000002,1592121502888,1154,383
1762470371,0000008000000080,1592267329127,2765,384
1762470398,0000008000000004,1592532573463,2393,385
1762470406,0000000800000008,1592611004899,2871,386
1762470428,0000000200000002,1592833332155,5082,387
1762470431,0000000100000001,1592864034659,3233,388
1762470437,0000008000000080,1592924229907,4812,389
1762470437,0000008000000080,1592925585378,4734,390
1762470438,0000000100000080,1592933692336,4250,391
1762470440,0000004000000004,1592960590030,2613,392
1762470445,0000008000000080,1593006649757,5045,393
1762470448,0000000100000001,1593040251350,3019,394
1762470459,0000000800000008,1593149111880,1670,395
1762470471,0000000400000004,1593269699136,4808,396
1762470475,0000008000000080,1593306633841,2571,397
1762470492,0000000100000001,1593473745575,2911,398
1762470515,0000000800000080,1593707562679,4443,399
1762470529,0000008000000008,1593844011654,1419,400
1762470538,0000008000000080,1593938669341,916,401
1762470539,0000000400000080,1593945111857,533,402
1762470549,0000008000000080,1594043310078,5013,403
1762470560,0000008000000001,1594154079624,3548,404
1762470562,0000000800000004,1594176708444,2177,405
1762470565,0000004000000004,1594201099033,715,406
1762470569,0000000100000008,1594246012954,3204,407
1762470575,0000000100000080,1594309644597,4581,408
1762470590,0000000100000003,1594452175512,1190,409
1762470614,0000000100000001,1594691633877,2364,410
1762470614,0000000300000001,1594696101880,2099,411
1762470619,0000000800000004,1594750367498,4041,412
1762470622,0000000400000002,1594779052462,2301,413
1762470640,0000000100000001,1594955442162,2082,414
1762470642,0000000800000008,1594975739870,861,415
1762470655,0000000800000004,1595104793886,3489,416
1762470661,000000010000000c,1595164983554,5059,417
1762470676,0000000100000080,1595315299264,1210,418
1762470681,0000000100000008,1595361951120,3603,419
1762470691,0000008000000080,1595465459520,2559,420
1762470704,0000008000000080,1595594353978,5197,421
1762470714,0000000100000001,1595695897831,4298,422
1762470718,0000000100000002,1595731316323,2153,423
1762470725,0000000100000008,1595808024241,2728,424
1762470729,0000000300000001,1595849660933,234,425
1762470730,0000008000000004,1595857465945,4956,426
1762470735,0000008000000080,1595904558225,2120,427
1762470738,0000008000000080,1595933369529,392,428
1762470740,0000004000000002,1595954885702,4300,429
1762470752,0000004000000008,1596072530138,2399,430
1762470755,0000000100000001,1596108899346,221,431
1762470767,0000000100000001,1596227295424,3488,432
1762470784,0000008000000008,1596399390533,3524,433
1762470805,0000004000000002,1596609838189,1248,434
1762470808,0000008000000004,1596636430463,4847,435
1762470825,0000000800000001,1596804882545,5096,436
1762470827,0000004000000008,1596828438221,3687,437
1762470829,0000000800000004,1596846848213,2564,438
1762470832,0000000100000001,1596877291597,741,439
1762470836,0000000400000080,1596911568967,3883,440
1762470850,0000000400000008,1597060416378,5305,441
1762470863,0000004000000080,1597190498739,2669,442
1762470867,0000000400000080,1597229749914,317,443
1762470870,0000000100000002,1597254798796,4014,444
1762470893,0000000400000002,1597485069481,540,445
1762470899,0000000400000002,1597544517485,2153,446
1762470916,0000008000000080,1597711703749,2480,447
1762470919,0000008000000001,1597742084570,660,448
1762470931,000000010000000b,1597869940673,3357,449
1762470958,0000004000000080,1598131150406,3223,450
1762470959,0000008000000080,1598149232117,2136,451
1762470971,0000000800000004,1598265121597,363,452
1762470982,0000000100000001,1598374139564,4201,453
1762470990,0000000400000002,1598453553790,4616,454
1762470993,0000000100000004,1598481786298,2903,455
1762471000,0000000100000002,1598552143459,3879,456
1762471017,0000008000000001,1598720736721,4128,457
1762471017,0000000100000001,1598728094293,3681,458
1762471017,0000008000000080,1598729399936,3601,459
1762471027,0000000400000002,1598825083608,3030,460
1762471028,0000000400000001,1598839485459,2165,461
1762471030,0000000800000080,1598858471530,1023,462
1762471037,0000000100000005,1598926749940,2110,463
1762471047,0000008000000080,1599024069585,1452,464
1762471054,0000000100000002,1599096011679,2313,465
1762471067,0000008000000001,1599226289563,4874,466
1762471083,000000c000000080,1599387346076,378,467
1762471085,0000004000000002,1599410060405,4214,468
1762471107,0000000100000001,1599628128268,1473,469
1762471111,0000008000000080,1599668218179,4266,470
1762471114,0000008000000008,1599698813958,2408,471
1762471120,0000002000000001,1599758154606,4051,472
1762471127,0000000100000004,1599827351100,5071,473
1762471129,0000000100000080,1599846893450,3905,474
1762471131,0000000100000008,1599867206832,2665,475
1762471136,0000000100000001,1599919537416,4724,476
1762471139,0000000800000008,1599948590800,2966,477
1762471148,0000000100000004,1600039898019,2665,478
1762471154,0000000800000001,1600092360414,4717,479
1762471165,0000004000000002,1600210483756,2793,480
1762471179,0000000400000001,1600349079899,4852,481
1762471193,0000004000000002,1600482711842,2004,482
1762471197,0000000800000001,1600526456835,4576,483
1762471198,0000008000000004,1600538221329,3869,484
1762471239,0000000100000001,1600949483041,5089,485
1762471266,0000000800000008,1601211004845,4942,486
1762471267,0000000100000001,1601229237359,3853,487
1762471287,0000000400000001,1601427094095,2324,488
1762471308,0000000400000001,1601639736490,5118,489
1762471317,0000000400000001,1601729072917,4942,490
1762471327,0000000100000001,1601820555987,4640,491
1762471347,0000000800000080,1602029595983,2437,492
1762471352,0000004000000008,1602071688426,5104,493
1762471353,0000008000000001,1602084252357,4361,494
1762471385,0000000100000002,1602401509310,845,495
1762471393,0000000100000080,1602487435192,871,496
1762471410,0000000400000001,1602651805835,1374,497
1762471448,0000000800000001,1603032794191,4434,498
1762471457,0000000800000004,1603127834882,3911,499
1762471468,0000008000000004,1603233932119,2707,500
1762471470,0000000400000001,1603258031000,1262,501
1762471470,0000008000000002,1603259877639,1149,502
1762471471,0000000100000004,1603262497791,992,503
1762471477,0000004000000008,1603324713679,2438,504
1762471487,0000004000000004,1603427962177,1430,505
1762471490,0000000800000004,1603457544615,4847,506
1762471503,0000000100000001,1603585538053,2333,507
1762471511,0000000800000008,1603669139652,2495,508
1762471533,0000000400000004,1603889606310,4826,509
1762471543,0000004000000008,1603987403296,4145,510
1762471547,0000000400000001,1604029025351,1629,511
1762471548,0000000400000001,1604034189319,1319,512
1762471553,0000000800000080,1604084690884,3478,513
1762471572,0000008000000080,1604278702071,2189,514
1762471580,0000000800000001,1604354161860,2843,515
1762471586,0000004000000008,1604417899756,4219,516
1762471593,0000008000000080,1604481386018,391,517
1762471594,0000008000000080,1604500109839,4465,518
1762471602,0000008000000080,1604580008968,4847,519
1762471621,0000000400000004,1604760553494,4380,520
1762471625,0000008000000080,1604809581394,1423,521
1762471636,0000008000000080,1604919138290,5216,522
1762471650,0000004000000001,1605059414457,1975,523
1762471652,0000004000000002,1605075799859,986,524
1762471653,0000000100000004,1605085373841,415,525
1762471657,0000000100000001,1605128124250,3031,526
1762471678,0000000100000004,1605331954162,1159,527
1762471679,0000004000000080,1605343163274,490,528
1762471700,0000008000000001,1605550464984,3604,529
1762471701,0000000400000004,1605569645534,2438,530
1762471758,0000000800000001,1606133380342,4894,531
1762471764,0000004000000004,1606198672027,962,532
1762471782,0000000200000002,1606374768142,759,533
1762471785,0000000400000002,1606402008122,4325,534
1762471810,0000000200000002,1606659684130,4407,535
1762471816,0000000100000003,1606717778721,900,536
1762471821,0000000100000001,1606762566892,3403,537
1762471821,0000008000000080,1606762584003,3401,538
1762471865,0000000100000001,1607208529341,2536,539
1762471871,0000000400000008,1607262843561,4481,540
1762471904,0000004000000004,1607598862410,5033,541
1762471913,0000004000000001,1607689532615,4779,542
1762471914,0000008000000004,1607695688755,4414,543
1762471925,0000000400000002,1607810031194,2714,544
1762471932,0000008000000080,1607877488181,3866,545
1762471934,0000000100000001,1607896523261,2703,546
1762471949,0000004000000008,1608048787713,3949,547
1762471953,0000004000000002,1608085501853,1731,548
1762471956,0000000400000001,1608115850487,5097,549
1762471956,0000004000000080,1608119815565,4864,550
1762471957,0000000400000002,1608126377564,4476,551
1762471972,0000000100000004,1608270675564,977,552
1762471974,0000000800000008,1608294395289,4751,553
1762471979,0000000800000001,1608345058466,1699,554
1762471990,0000004000000001,1608457981337,5290,555
1762471999,0000000800000008,1608548602876,5035,556
1762472004,0000008000000008,1608590925091,2482,557
1762472027,0000004000000001,1608821254968,4228,558
1762472033,0000000400000004,1608885127967,377,559
1762472043,0000008000000080,1608989661351,4484,560
1762472054,0000000100000008,1609093816123,3405,561
1762472054,0000000100000080,1609093918260,3398,562
1762472056,0000008000000080,1609115864472,2075,563
1762472086,0000008000000080,1609414427564,4895,564
1762472087,0000000100000080,1609427787181,4099,565
1762472088,0000008000000080,1609434511410,3690,566
1762472093,0000000100000005,1609488881078,415,567
1762472110,0000000400000080,1609651019815,1045,568
1762472127,0000004000000004,1609820588205,1234,569
1762472129,0000008000000080,1609845537609,4930,570
1762472137,0000008000000080,1609927081177,5214,571
1762472164,0000000100000001,1610198346823,4491,572
1762472167,0000000800000001,1610224468644,2904,573
1762472183,0000000100000002,1610387840610,3473,574
1762472187,0000000100000001,1610428604054,1016,575
1762472199,0000008000000080,1610542658935,4554,576
1762472203,0000000400000001,1610588265963,1803,577
1762472206,0000000100000003,1610615616602,162,578
1762472214,000000c000000080,1610700142271,269,579
1762472221,0000000800000002,1610761393826,1776,580
1762472242,0000008000000080,1610975849419,4467,581
1762472256,0000008000000002,1611117791697,1110,582
1762472262,000000c000000080,1611173687331,2939,583
1762472272,0000008000000004,1611274162490,2092,584
1762472280,0000008000000004,1611355475692,2389,585
1762472309,000000c000000080,1611640494524,831,586
1762472318,0000008000000080,1611739177536,5280,587
1762472327,0000000400000004,1611822676222,264,588
1762472328,0000000100000001,1611839347517,4463,589
1762472340,0000000100000003,1611955281909,2665,590
1762472353,0000008000000080,1612087230940,5121,591
1762472371,0000000100000001,1612267270077,4689,592
1762472373,0000004000000004,1612281482614,3835,593
1762472423,0000008000000080,1612783897945,4774,594
1762472434,0000008000000080,1612893256099,3383,595
1762472435,0000000400000008,1612904683846,2688,596
1762472445,0000008000000004,1613001688852,2053,597
1762472456,0000000800000004,1613118520482,224,598
1762472464,0000000200000008,1613195420186,787,599
1762472486,0000000200000008,1613412299997,3324,600
1762472491,0000000800000080,1613460836195,406,601
1762472498,0000000400000080,1613537548856,981,602
1762472499,0000000100000002,1613541369126,753,603
1762472500,0000008000000080,1613557295231,4990,604
1762472523,0000008000000001,1613783593317,1766,605
1762472525,0000000400000008,1613804553206,507,606
1762472538,0000004000000080,1613937724666,2875,607
1762472546,0000008000000080,1614011206438,3661,608
1762472547,0000000800000004,1614021393412,3037,609
1762472548,0000008000000080,1614034791048,2232,610
1762472566,0000008000000003,1614213172077,1895,611
1762472575,0000000100000080,1614308347419,1362,612
1762472612,0000008000000080,1614673360804,183,613
1762472649,0000000100000008,1615045485803,3773,614
1762472658,0000008000000080,1615137981115,3397,615
1762472664,0000000100000008,1615191289076,192,616
1762472687,0000004000000004,1615420416384,1988,617
1762472693,0000008000000080,1615489985180,2992,618
1762472694,0000000400000001,1615496810448,2579,619
1762472716,0000008000000080,1615717522027,4894,620
1762472726,0000004000000004,1615818392373,4028,621
1762472734,0000004000000002,1615896436398,4525,622
1762472746,0000004000000002,1616017494728,2421,623
1762472767,0000000100000001,1616226030530,274,624
1762472768,0000000200000008,1616233404195,5022,625
1762472771,0000000100000002,1616266709090,3014,626
1762472780,0000000100000001,1616356544657,2802,627
1762472781,0000004000000001,1616366388494,2213,628
1762472785,0000004000000001,1616405964204,5029,629
1762472794,0000008000000002,1616493275441,4974,630
1762472797,0000000800000080,1616524908550,3064,631
1762472798,0000000400000008,1616535927979,2399,632
1762472804,0000008000000002,1616596531269,3964,633
1762472814,0000004000000080,1616695429042,3197,634
1762472829,0000008000000008,1616844189320,4646,635
1762472836,0000008000000080,1616914581983,406,636
1762472855,0000004000000010,1617103193630,4648,637
1762472857,0000004000000001,1617122726619,3468,638
1762472861,0000008000000080,1617166277687,843,639
1762472863,0000000200000080,1617183219921,5020,640
1762472896,0000000400000008,1617512851023,772,641
1762472903,0000008000000004,1617587648118,1468,642
1762472919,0000000100000008,1617740251944,2668,643
1762472921,0000000800000004,1617764635054,1200,644
1762472924,0000000800000001,1617791410754,4796,645
1762472941,0000000800000001,1617964028940,4800,646
1762472949,0000004000000008,1618046729654,5016,647
1762472966,0000000100000003,1618211259826,315,648
1762473001,0000000100000001,1618568910173,4773,649
1762473008,0000000100000080,1618632475703,942,650
1762473023,0000000100000001,1618781945047,2335,651
1762473035,0000000100000008,1618908039437,5141,652
1762473043,0000008000000004,1618982584269,659,653
1762473048,0000000100000008,1619032592242,2838,654
1762473049,0000000400000002,1619048385683,1897,655
1762473051,0000000800000002,1619068014717,714,656
1762473054,0000000800000001,1619097927693,4119,657
1762473064,0000000100000008,1619198171273,3270,658
1762473067,0000000400000008,1619222726065,1796,659
1762473070,0000000800000002,1619258585949,4837,660
1762473071,0000000400000004,1619261846739,4643,661
1762473075,0000000800000080,1619306836014,1931,662
1762473075,0000000100000001,1619309318281,1781,663
1762473080,0000000400000007,1619350769619,4490,664
1762473080,0000008000000080,1619351979704,4418,665
1762473092,000000c000000080,1619477063721,2076,666
1762473095,0000000100000004,1619507303201,260,667
1762473113,0000008000000008,1619688118257,4965,668
1762473130,0000008000000080,1619858530239,5098,669
1762473135,0000000400000001,1619902452198,2450,670
1762473146,0000000800000004,1620017388025,738,671
1762473156,0000000800000001,1620110759888,319,672
1762473156,0000000800000002,1620117058021,5128,673
1762473164,0000008000000002,1620198307977,245,674
1762473165,0000000800000002,1620207670003,4878,675
1762473170,0000008000000080,1620258792360,1800,676
1762473177,0000000800000004,1620328837414,2772,677
1762473177,0000000400000002,1620329222191,2749,678
1762473199,0000000100000008,1620543890438,232,679
1762473203,0000004000000080,1620585003307,2946,680
1762473205,0000008000000004,1620608767095,1522,681
1762473213,0000000800000002,1620687327707,1990,682
1762473217,0000000400000001,1620729176254,4673,683
1762473219,0000000800000080,1620748717932,3494,684
1762473221,0000004000000004,1620768613826,2289,685
1762473235,0000008000000080,1620900551407,4751,686
1762473237,0000004000000080,1620924930170,3278,687
1762473259,0000000200000080,1621140226298,715,688
1762473264,0000004000000080,1621190705336,2868,689
1762473277,0000000100000003,1621327601401,5027,690
1762473283,0000008000000002,1621389891820,1278,691
1762473289,0000000400000008,1621443330050,3256,692
1762473292,0000004800000002,1621474094031,1408,693
1762473302,0000000100000002,1621575960537,477,694
1762473305,0000000100000080,1621601831289,4122,695
1762473306,0000000400000001,1621619482355,3045,696
1762473307,0000000100000080,1621624787369,2725,697
1762473308,0000004000000080,1621630198328,2398,698
1762473310,0000000400000080,1621650543849,1178,699
1762473314,0000000400000080,1621692674550,3849,700
1762473344,0000000400000008,1621994242610,1281,701
1762473355,0000008000000080,1622109906042,4719,702
1762473360,0000008000000080,1622151890772,2184,703
1762473367,0000000100000006,1622223282075,3083,704
1762473379,0000004000000008,1622341225076,1182,705
1762473388,0000000100000002,1622430952116,980,706
1762473406,0000000100000008,1622612672977,440,707
1762473407,0000000100000001,1622629014468,4658,708
1762473448,0000000800000004,1623033831471,1071,709
1762473473,0000000800000002,1623283685989,1626,710
1762473476,0000000800000008,1623319571336,4669,711
1762473503,0000000400000080,1623587602471,4130,712
1762473507,0000000800000001,1623628602816,1652,713
1762473509,0000000800000004,1623645162383,657,714
1762473522,0000000400000080,1623771371026,3455,715
1762473524,0000000800000004,1623794618152,2054,716
1762473563,0000004000000004,1624184814679,4561,717
1762473566,0000000400000001,1624211044136,2971,718
1762473593,0000000100000001,1624482465737,2225,719
1762473601,0000000400000003,1624566782271,2346,720
1762473602,0000008000000080,1624570539232,2123,721
1762473602,0000004000000004,1624578589577,1641,722
1762473610,0000000400000004,1624654010138,2293,723
1762473618,0000004000000008,1624734947530,2614,724
1762473619,0000004000000080,1624747126127,1891,725
1762473620,0000004000000080,1624753594677,1501,726
1762473629,0000000100000001,1624849699459,911,727
1762473644,0000008000000080,1624997716814,2390,728
1762473648,0000000100000001,1625036164814,5275,729
1762473650,0000000400000004,1625057563512,4001,730
1762473658,0000000100000001,1625130455364,4805,731
1762473664,0000000400000008,1625192164150,1085,732
1762473698,0000000800000001,1625530208610,1529,733
1762473700,0000008000000081,1625552628284,183,734
1762473700,0000000100000004,1625552665474,182,735
1762473709,0000004000000002,1625649369346,4755,736
1762473713,0000004000000080,1625686470173,2509,737
1762473717,0000000100000004,1625725582746,168,738
1762473730,0000008000000081,1625851636407,2965,739
1762473736,0000000400000001,1625916380529,4281,740
1762473738,0000000100000004,1625935928166,3091,741
1762473746,0000000100000004,1626014814584,3545,742
1762473748,0000000400000002,1626034845407,2332,743
1762473754,0000000400000004,1626094779123,3936,744
1762473777,000000c000000080,1626329331860,207,745
1762473803,0000000100000001,1626589247216,162,746
1762473824,0000008000000002,1626799856012,3060,747
1762473843,0000000400000001,1626985196636,2298,748
1762473854,0000000800000008,1627098844767,661,749
1762473856,0000000800000080,1627112548046,5029,750
1762473863,0000000100000004,1627185671879,631,751
1762473871,0000000100000001,1627264373111,1087,752
1762473890,0000000800000080,1627452745882,162,753
1762473913,0000004000000080,1627683380017,1857,754
1762473942,0000000400000002,1627973172714,5196,755
1762473949,0000000400000008,1628048550189,664,756
1762473950,0000000400000004,1628055899168,226,757
1762473955,0000000100000001,1628108269487,2261,758
1762473957,0000000100000001,1628119943909,1563,759
1762473959,0000000100000002,1628144610903,5270,760
1762473961,0000008000000080,1628161225627,4286,761
1762473965,0000008000000004,1628203405694,1738,762
1762473972,000000c000000080,1628275097807,2612,763
1762473986,0000000100000002,1628411147480,4826,764
1762474001,0000004000000080,1628566668349,660,765
1762474003,0000000600000001,1628580699627,5010,766
1762474008,0000000100000001,1628636250297,1668,767
1762474020,0000000100000008,1628751837951,5103,768
1762474029,0000008000000002,1628848980963,4464,769
1762474059,0000000100000001,1629140383441,2499,770
1762474071,0000000400000002,1629266720336,5291,771
1762474082,0000004000000001,1629376030167,3924,772
1762474102,0000000100000001,1629577176019,2198,773
1762474103,0000008000000002,1629580707292,1989,774
1762474115,0000000c00000008,1629703318289,5001,775
1762474120,0000000400000002,1629750521305,2159,776
1762474122,0000000200000008,1629771716470,885,777
1762474126,0000004000000080,1629813495482,3573,778
1762474131,0000000400000004,1629866905626,358,779
1762474132,0000000100000004,1629879655999,4788,780
1762474135,0000000100000001,1629908422448,3047,781
1762474149,0000000800000004,1630048363545,5021,782
1762474153,0000000400000088,1630082258980,2978,783
1762474154,0000000800000001,1630091637472,2412,784
1762474181,0000000100000001,1630362447145,1710,785
1762474189,0000000800000001,1630440003735,2233,786
1762474192,0000004000000080,1630478136874,5136,787
1762474196,0000008000000080,1630512845583,3046,788
1762474200,0000000100000001,1630559017297,276,789
1762474203,0000000400000080,1630586112259,3846,790
1762474218,0000000800000008,1630735169656,5255,791
1762474221,0000008000000080,1630765294077,3449,792
1762474244,0000000100000008,1630991756559,215,793
1762474252,0000000800000080,1631078355746,200,794
1762474259,0000008000000001,1631149807234,1089,795
1762474290,0000004000000080,1631451856041,3705,796
1762474304,0000008000000008,1631592443078,438,797
1762474304,0000000100000001,1631594004995,344,798
1762474329,0000004000000080,1631843407690,918,799
1762474333,0000008000000084,1631887545434,3462,800
1762474340,0000000400000001,1631958190513,4414,801
1762474348,0000004000000008,1632033740330,5053,802
1762474348,0000000400000080,1632038659681,4763,803
1762474352,0000000800000080,1632071275588,2789,804
1762474365,0000000400000001,1632206316992,5058,805
1762474367,0000000500000004,1632224977608,3947,806
1762474368,0000008000000001,1632230742157,3596,807
1762474369,0000000100000080,1632248803498,2497,808
1762474393,0000000400000008,1632488386094,3679,809
1762474397,0000000100000001,1632519827194,1784,810
1762474405,0000000100000001,1632600285541,2135,811
1762474411,0000000100000008,1632661635030,3646,812
1762474425,0000000400000008,1632800360261,491,813
1762474438,0000008000000080,1632934302469,2815,814
1762474442,0000008000000080,1632971091368,607,815
1762474483,0000000100000001,1633386932739,1561,816
1762474493,0000000100000004,1633488074935,672,817
1762474496,0000000100000001,1633517725960,4092,818
1762474534,0000000800000001,1633893675793,2237,819
1762474537,0000000800000008,1633922112971,534,820
1762474560,0000008000000008,1634158604239,1889,821
1762474577,0000008000000080,1634329491002,1996,822
1762474581,0000000100000001,1634366062107,4991,823
1762474590,0000000100000002,1634454225429,4884,824
1762474615,0000000400000008,1634705411252,162,825
1762474616,0000000800000001,1634719468866,4517,826
1762474626,0000008000000080,1634817903701,3789,827
1762474633,0000000400000002,1634881123095,5168,828
1762474638,0000008000000080,1634932849270,2057,829
1762474644,0000000100000001,1634992947645,3643,830
1762474659,0000000800000008,1635143876175,4948,831
1762474675,0000008000000080,1635302909943,576,832
1762474675,0000000400000008,1635309424016,186,833
1762474683,0000008000000080,1635381521195,1036,834
1762474685,0000000100000003,1635400370650,5097,835
1762474695,0000004000000001,1635504894998,4016,836
1762474698,0000008000000002,1635537030134,2070,837
1762474700,0000004000000001,1635554830430,999,838
1762474706,0000004000000080,1635612851975,2698,839
1762474737,0000008000000080,1635921122882,4939,840
1762474789,0000000800000008,1636441036700,4829,841
1762474792,0000008000000080,1636476000766,2716,842
1762474809,0000000100000001,1636648031524,2756,843
1762474815,0000000800000008,1636700220416,4820,844
1762474818,0000008000000080,1636731369880,2937,845
1762474826,0000000800000008,1636818000853,2921,846
1762474834,0000000400000003,1636895236434,3476,847
1762474846,0000008000000008,1637010589634,1729,848
1762474862,0000000400000002,1637171426492,2433,849
1762474865,0000000400000004,1637205860554,372,850
1762474867,0000004000000002,1637222617471,4565,851
1762474870,0000000200000001,1637254148987,2651,852
1762474879,0000008000000002,1637349554384,2112,853
1762474882,0000000100000002,1637374892275,591,854
1762474887,0000008000000080,1637424367763,2802,855
1762474893,0000008000000001,1637488842831,4134,856
1762474897,0000000100000001,1637521066389,2181,857
1762474904,0000000800000001,1637591999722,3108,858
1762474904,0000000800000002,1637598502713,2713,859
1762474914,0000008000000080,1637697508959,1960,860
1762474922,0000000100000001,1637779313393,2228,861
1762474929,0000000400000080,1637840023800,3782,862
1762474953,0000004000000008,1638086482884,4538,863
1762474958,0000008000000080,1638132424034,1767,864
1762474962,0000000100000003,1638173158016,4520,865
1762474972,0000000100000005,1638271330980,3806,866
1762474975,0000000200000003,1638308241204,1578,867
1762474989,0000000100000001,1638441681073,3948,868
1762474990,0000000400000004,1638450600947,3404,869
1762475006,0000004000000002,1638611236224,4138,870
1762475009,0000008000000008,1638646790311,1989,871
1762475013,0000000400000004,1638682839127,5014,872
1762475046,0000000800000008,1639016156179,547,873
1762475083,0000000400000002,1639382542086,4485,874
1762475087,0000000400000002,1639422332233,2080,875
1762475111,0000000800000080,1639663509041,3153,876
1762475119,0000000800000080,1639744925883,3454,877
1762475125,0000000800000008,1639803214976,5137,878
1762475133,0000000100000008,1639884533552,250,879
1762475134,0000008000000008,1639891752553,5008,880
1762475135,0000004100000001,1639902919536,4347,881
1762475137,0000000100000080,1639924109062,3058,882
1762475137,0000008000000080,1639926071155,2939,883
1762475142,0000008000000008,1639972420134,162,884
1762475142,0000004000000008,1639974276455,5234,885
1762475145,000000800000000c,1640008903484,3151,886
1762475151,0000000100000001,1640064515577,5003,887
1762475168,0000000100000001,1640237075743,5010,888
1762475185,0000000400000001,1640403555528,192,889
1762475198,0000004000000008,1640529878714,2974,890
1762475200,0000000100000002,1640559246222,1210,891
1762475204,0000008000000002,1640597498386,4116,892
1762475208,0000000100000080,1640636026655,1790,893
1762475210,0000004000000080,1640649743868,959,894
1762475213,0000004000000002,1640684831472,4056,895
1762475214,0000000100000001,1640693693989,3514,896
1762475215,0000000800000004,1640701328057,3050,897
1762475227,0000004800000080,1640829174471,558,898
1762475228,0000008000000080,1640835586677,173,899
1762475257,0000000800000001,1641127110654,3411,900
1762475262,0000000800000008,1641170813184,780,901
1762475263,0000000200000004,1641181954881,5302,902
1762475267,0000000400000004,1641228645535,2488,903
1762475268,0000000400000008,1641231631141,2311,904
1762475294,0000000400000001,1641490216277,2339,905
1762475301,0000000400000004,1641560438223,3312,906
1762475307,0000000100000002,1641622150932,4799,907
1762475314,0000008000000080,1641696094889,349,908
1762475316,0000008000000080,1641710729309,4667,909
1762475345,0000000100000002,1641999659056,2857,910
1762475350,0000004000000004,1642057119580,4608,911
1762475365,0000004000000002,1642202453892,1048,912
1762475376,0000000100000001,1642309859200,4978,913
1762475409,0000000100000080,1642642213783,568,914
1762475416,0000008000000002,1642714691722,1401,915
1762475432,0000000400000004,1642869744975,2455,916
1762475446,0000004000000001,1643018005152,3941,917
1762475465,0000000400000004,1643200553485,3337,918
1762475474,0000000100000001,1643291623161,3049,919
1762475486,0000000400000080,1643410036734,1122,920
1762475503,0000000100000005,1643589443627,720,921
1762475518,0000000400000080,1643737648668,2190,922
1762475525,0000004000000002,1643805216664,3321,923
1762475527,0000000400000002,1643820896584,2374,924
1762475542,0000000800000001,1643973254329,3608,925
1762475549,0000004000000001,1644047420108,4346,926
1762475560,0000008000000008,1644159463542,2783,927
1762475565,0000008000000080,1644202054135,230,928
1762475566,0000000300000001,1644211013160,4885,929
1762475591,0000008000000002,1644467984248,5005,930
1762475595,0000008000000080,1644500504068,3044,931
1762475600,0000008000000080,1644551310372,5184,932
1762475626,0000000800000001,1644811484074,5116,933
1762475644,0000004000000080,1644995038373,4473,934
1762475661,000000c000000080,1645161219436,4858,935
1762475661,0000000100000001,1645167896670,4457,936
1762475697,0000000100000001,1645522464783,3910,937
1762475703,0000008000000080,1645581065482,379,938
1762475705,0000000100000001,1645605854434,4088,939
1762475722,0000004000000001,1645778271298,4105,940
1762475727,0000000100000008,1645827280833,1143,941
1762475729,0000000100000001,1645842356320,244,942
1762475756,0000000100000001,1646110525626,4886,943
1762475763,0000004800000008,1646181428509,620,944
1762475764,0000008000000080,1646194744687,5012,945
1762475766,0000008000000001,1646213961003,3866,946
1762475767,0000000400000008,1646220654603,3455,947
1762475769,0000008000000008,1646248587909,1772,948
1762475771,0000000100000002,1646262215286,950,949
1762475793,0000000200000001,1646483652865,3212,950
1762475798,0000000100000002,1646538196954,5126,951
1762475811,0000008000000080,1646662714889,2825,952
1762475832,0000008000000080,1646879152716,202,953
1762475856,0000000100000001,1647110743780,1851,954
1762475863,0000000100000001,1647185962664,2512,955
1762475866,0000000200000004,1647213763113,845,956
1762475869,0000004000000001,1647247138630,4042,957
1762475870,0000000100000001,1647255535090,3531,958
1762475875,0000000100000008,1647303342789,653,959
1762475899,0000000100000008,1647548234677,1504,960
1762475904,0000000400000080,1647596246335,3816,961
1762475931,0000000500000001,1647867646925,3060,962
1762475935,0000000400000004,1647906933317,701,963
1762475959,0000008000000002,1648144134039,2013,964
1762475966,0000000100000001,1648218444481,2731,965
1762475967,0000000800000002,1648218592470,2722,966
1762475984,0000000100000002,1648390803626,2750,967
1762475998,0000004000000001,1648530813952,4730,968
1762476019,0000004000000008,1648744227355,2270,969
1762476027,0000004000000004,1648824980984,2603,970
1762476036,0000000800000004,1648916365831,2301,971
1762476054,0000000100000008,1649092724849,2084,972
1762476056,0000000400000080,1649116004450,685,973
1762476070,0000008000000080,1649255247860,2691,974
1762476072,0000004000000002,1649271086574,1746,975
1762476087,0000000800000004,1649427201793,2735,976
1762476098,0000008000000002,1649536018459,1390,977
1762476128,0000004000000001,1649837233079,4056,978
1762476135,0000000400000001,1649904634092,5182,979
1762476137,0000000800000001,1649924008641,4030,980
1762476139,0000000800000080,1649945437229,2724,981
1762476140,0000000100000001,1649955624824,2116,982
1762476154,0000004000000002,1650095378339,4110,983
1762476155,0000000400000080,1650102907294,3652,984
1762476159,0000008000000004,1650141524490,1323,985
1762476182,0000004000000080,1650375866076,2803,986
1762476182,0000008000000080,1650376246453,2780,987
1762476184,0000000800000004,1650398675593,1437,988
1762476192,0000008000000004,1650478804801,1810,989
1762476216,0000000800000001,1650710670265,3446,990
1762476217,0000008000000080,1650725505317,2544,991
1762476228,0000000100000080,1650832047890,1337,992
1762476234,0000000300000001,1650898392427,2531,993
1762476238,0000000200000004,1650933176217,449,994
1762476245,0000004000000002,1651007327152,1177,995
1762476248,0000008000000080,1651039047237,4477,996
1762476261,0000004000000002,1651164951392,2085,997
1762476275,0000008000000001,1651302373206,4219,998
1762476276,0000000400000080,1651319312281,3187,999
1762476277,0000000100000008,1651327508918,2689,1000
1762476290,0000000800000008,1651455881730,170,1001
1762476291,0000000500000001,1651462891725,4942,1002
1762476293,0000004400000002,1651481460685,3832,1003
1762476322,0000000100000001,1651774932831,1752,1004
1762476325,0000000100000001,1651800290444,227,1005
1762476328,000000400000000e,1651837296626,3191,1006
1762476341,0000004000000002,1651966901575,592,1007
1762476343,0000000400000004,1651987672806,4545,1008
1762476351,0000000100000004,1652064885149,5084,1009
1762476363,0000000400000008,1652186042770,2986,1010
1762476367,0000000100000080,1652225670982,607,1011
1762476383,0000004000000002,1652381677339,1610,1012
1762476389,0000000100000080,1652444077968,3047,1013
1762476389,0000008000000002,1652444899411,2995,1014
1762476390,0000004000000008,1652450460180,2659,1015
1762476394,0000008000000080,1652496091807,5114,1016
1762476395,0000000400000001,1652503515284,4677,1017
1762476395,0000008000000080,1652508873728,4357,1018
1762476408,0000000100000001,1652632505391,2103,1019
1762476418,0000000100000001,1652733356984,1228,1020
1762476419,0000000800000004,1652743799389,604,1021
1762476429,0000004000000008,1652840934132,5144,1022
1762476440,0000000100000080,1652955414721,3457,1023
1762476454,0000004000000080,1653095515924,224,1024
1762476468,0000008000000080,1653230048526,2508,1025
1762476485,0000008800000004,1653406251244,2300,1026
1762476490,0000008000000080,1653450808373,4823,1027
1762476494,0000000800000008,1653493912366,2222,1028
1762476500,0000008000000002,1653555330769,3732,1029
1762476511,0000004000000008,1653662259717,2479,1030
1762476519,0000000100000001,1653748327894,2496,1031
1762476536,0000000100000002,1653916910322,2744,1032
1762476540,0000004000000080,1653959162234,212,1033
1762476548,0000000100000001,1654037005241,719,1034
1762476553,0000000800000004,1654085381907,2998,1035
1762476557,0000000800000002,1654128758232,397,1036
1762476562,0000000800000001,1654178046354,2616,1037
1762476565,0000008000000080,1654202958583,1121,1038
1762476581,0000008000000080,1654364641989,1789,1039
1762476585,0000008000000080,1654405753112,4517,1040
1762476604,0000000800000008,1654591283439,3743,1041
1762476616,0000008000000006,1654713185752,1596,1042
1762476616,0000000300000001,1654713218245,1595,1043
1762476626,0000000100000001,1654812948269,787,1044
1762476628,0000000800000004,1654832768681,4795,1045
1762476633,0000008000000001,1654880855344,1899,1046
1762476649,0000008000000080,1655040179308,2695,1047
1762476674,0000008000000080,1655291251074,3178,1048
1762476674,0000000400000001,1655296572828,2854,1049
1762476680,0000004000000008,1655352811255,4679,1050
1762476692,0000000100000002,1655479174326,2260,1051
1762476700,0000004000000001,1655551551312,3101,1052
1762476701,0000008000000080,1655567120727,2165,1053
1762476724,0000004000000001,1655798426516,3844,1054
1762476736,0000000400000004,1655914831481,2027,1055
1762476740,0000008000000080,1655950038657,5102,1056
1762476757,0000008000000080,1656124640599,4989,1057
1762476757,0000004000000080,1656129044831,4729,1058
1762476810,0000000400000080,1656657905077,4083,1059
1762476822,0000008000000008,1656777893962,2050,1060
1762476834,0000000400000002,1656894717934,219,1061
1762476858,0000004000000002,1657137780645,1173,1062
1762476864,0000004000000004,1657189424937,3263,1063
1762476878,0000008000000080,1657334690220,4916,1064
1762476888,0000000400000002,1657431412304,4301,1065
1762476902,0000000100000001,1657576266468,768,1066
1762476915,0000000100000002,1657699525440,3751,1067
1762476927,0000008000000001,1657825152124,1380,1068
1762476936,0000004000000004,1657914934960,1170,1069
1762476938,0000008000000001,1657938472708,4952,1070
1762476942,0000000800000080,1657969776021,3063,1071
1762476959,0000004000000008,1658146690546,2809,1072
1762476985,0000008000000008,1658400916452,3098,1073
1762476998,0000000100000080,1658539089230,5175,1074
1762477000,0000000800000080,1658555287582,4215,1075
1762477008,0000004000000008,1658632475611,4761,1076
1762477012,0000004000000080,1658672048184,2368,1077
1762477044,0000004000000004,1658991412431,3948,1078
1762477049,0000000800000080,1659044219975,762,1079
1762477066,0000000800000002,1659216439451,790,1080
1762477067,0000000100000002,1659222058985,454,1081
1762477070,0000008000000004,1659254039462,3730,1082
1762477073,0000004000000080,1659284969461,1864,1083
1762477074,0000000800000001,1659294258024,1303,1084
1762477116,0000000400000008,1659718989195,1726,1085
1762477121,0000000800000001,1659765022428,4160,1086
1762477125,0000004000000080,1659806190030,1674,1087
1762477128,0000008000000080,1659832611845,5273,1088
1762477134,0000008000000004,1659894769543,1537,1089
1762477150,0000004000000001,1660057183823,2154,1090
1762477159,0000008000000080,1660144215035,2113,1091
1762477167,0000008000000080,1660219302578,2784,1092
1762477215,0000000800000080,1660706674119,4646,1093
1762477241,0000000800000001,1660960164646,4973,1094
1762477242,0000000100000004,1660974871388,4096,1095
1762477247,0000004000000001,1661019320640,1411,1096
1762477249,0000000400000001,1661042631964,5200,1097
1762477253,0000000100000004,1661084495827,2678,1098
1762477255,0000008000000002,1661101411751,1670,1099
1762477257,0000000200000001,1661125327505,231,1100
1762477272,0000000800000004,1661278128807,1426,1101
1762477298,0000008000000001,1661529345876,1898,1102
1762477298,0000008000000080,1661538693962,1335,1103
1762477302,0000008000000080,1661574013508,4411,1104
1762477319,0000000100000004,1661747639682,4356,1105
1762477345,0000008000000080,1662000270627,4737,1106
1762477358,000000c000000004,1662133298461,1924,1107
1762477360,0000000400000080,1662156443535,530,1108
1762477366,0000000800000080,1662212254208,2361,1109
1762477376,0000000100000080,1662313414850,1474,1110
1762477388,0000008000000008,1662431287108,4777,1111
1762477431,0000008000000008,1662867087640,4535,1112
1762477444,0000000100000008,1662995192035,2015,1113
1762477483,0000004000000001,1663383710194,4622,1114
1762477495,0000000800000008,1663501664653,2706,1115
1762477498,000000c000000080,1663529696365,1023,1116
1762477547,0000000800000008,1664026578744,2295,1117
1762477613,0000004000000001,1664682056922,4431,1118
1762477623,0000000100000001,1664783581233,3511,1119
1762477624,0000000400000008,1664790344102,3098,1120
1762477625,0000008000000080,1664799234745,2559,1121
1762477629,0000000400000002,1664846079221,4945,1122
1762477637,0000000800000008,1664926518626,5294,1123
1762477648,0000000400000002,1665033708228,4054,1124
1762477656,0000004000000008,1665116119242,4291,1125
1762477671,0000000100000001,1665260749102,773,1126
1762477695,0000000800000080,1665502205249,1834,1127
1762477709,0000008000000001,1665642648915,3778,1128
1762477717,0000008000000080,1665726752362,3915,1129
1762477727,0000008000000080,1665819362152,3532,1130
1762477733,0000000100000001,1665882930736,4902,1131
1762477742,0000000400000008,1665974496159,4593,1132
1762477748,0000008000000001,1666032982840,1063,1133
1762477750,0000008000000080,1666057468373,4793,1134
1762477758,0000000800000080,1666136381276,5231,1135
1762477801,0000000400000002,1666563251480,334,1136
1762477835,0000008800000080,1666904054675,607,1137
1762477840,0000008000000080,1666950348328,3012,1138
1762477851,0000008000000001,1667062736388,1450,1139
1762477855,0000004000000002,1667100004281,4413,1140
1762477857,0000000100000003,1667123367100,2992,1141
1762477866,0000000400000008,1667209920498,2980,1142
1762477873,0000008000000002,1667279896790,3978,1143
1762477877,0000000100000001,1667323803649,1327,1144
1762477918,0000000800000008,1667733586090,2640,1145
1762477924,0000004800000080,1667790245418,4443,1146
1762477928,0000000100000002,1667832608180,1886,1147
1762477928,0000008000000080,1667837384721,1596,1148
1762477929,0000000800000004,1667846803402,1028,1149
1762477937,0000008000000004,1667923914769,1585,1150
1762477938,0000000400000080,1667932675853,1056,1151
1762477957,0000000100000008,1668126010952,5011,1152
1762477961,0000000100000001,1668165309007,2640,1153
1762477975,0000004000000002,1668305417157,4614,1154
1762477982,0000008000000080,1668378478873,214,1155
1762477983,000000c000000080,1668384157151,5064,1156
1762477998,0000000100000004,1668533697836,1260,1157
1762477999,0000000400000001,1668546760131,478,1158
1762478000,0000000200000004,1668556799832,5065,1159
1762478001,0000008000000080,1668562825052,4710,1160
1762478017,0000000400000002,1668722430040,300,1161
1762478031,0000004000000008,1668860526720,2371,1162
1762478040,0000004000000002,1668953731021,1966,1163
1762478050,0000000800000080,1669056463669,976,1164
1762478053,0000000100000001,1669081230705,4690,1165
1762478057,0000000400000001,1669124533259,2076,1166
1762478064,0000008000000080,1669198334082,2827,1167
1762478081,0000000800000004,1669368750278,2964,1168
1762478091,0000004000000002,1669463068975,2481,1169
1762478117,0000000400000002,1669726483600,2222,1170
1762478130,0000000100000001,1669852407289,5040,1171
1762478132,0000008000000004,1669871724356,3888,1172
1762478149,0000008000000004,1670046969036,3730,1173
1762478165,0000000100000004,1670206866992,4502,1174
1762478168,0000008000000080,1670237524222,2640,1175
1762478172,0000000800000008,1670277491935,246,1176
1762478173,0000000100000008,1670282753451,5119,1177
1762478183,0000000400000001,1670379519999,4504,1178
1762478203,0000008000000080,1670580668629,2775,1179
1762478228,0000000400000002,1670838331227,2858,1180
1762478231,0000008000000004,1670860048415,1558,1181
1762478251,0000000100000001,1671067180719,4688,1182
1762478263,0000000800000008,1671188299995,2579,1183
1762478295,0000004000000080,1671505651718,4285,1184
1762478329,0000008000000002,1671846592616,4549,1185
1762478356,0000008000000001,1672118765157,3757,1186
1762478364,0000000100000004,1672194925573,4372,1187
1762478376,0000008000000080,1672313882104,2393,1188
1762478381,0000008000000008,1672364190494,4576,1189
1762478389,0000000200000001,1672447043812,4783,1190
1762478402,0000000200000002,1672573329245,2369,1191
1762478430,0000000100000001,1672854837835,1020,1192
1762478433,0000000100000080,1672879604686,4733,1193
1762478437,0000000100000008,1672924478913,2028,1194
1762478444,0000008000000080,1672993485891,3065,1195
1762478444,0000000800000004,1672995457387,2948,1196
1762478462,0000000400000008,1673171991639,2714,1197
1762478464,0000000100000001,1673197813011,1163,1198
1762478476,0000008000000080,1673316209599,4444,1199
1762478495,0000008000000004,1673501503935,3679,1200
1762478495,0000000100000001,1673508555093,3248,1201
1762478499,0000000100000001,1673546154922,986,1202
1762478502,0000000400000001,1673574281906,4500,1203
1762478509,0000000100000006,1673644518470,268,1204
1762478524,0000000800000080,1673791123270,1837,1205
1762478541,0000000400000004,1673961714861,1963,1206
1762478548,0000008000000080,1674037958265,2560,1207
1762478570,0000000100000002,1674254926961,5097,1208
1762478574,0000000100000002,1674296272959,2603,1209
1762478587,0000000200000002,1674427903657,5079,1210
1762478613,0000004000000080,1674680497675,276,1211
1762478622,0000000100000002,1674771586429,5179,1212
1762478626,0000000400000001,1674814767643,2578,1213
1762478644,0000000100000002,1674998467370,1924,1214
1762478650,0000000800000008,1675056182533,3650,1215
1762478669,0000004000000008,1675239743478,2986,1216
1762478682,0000008000000008,1675375280460,5222,1217
1762478688,0000000100000001,1675438504126,1422,1218
1762478710,0000000100000001,1675654054476,4048,1219
1762478765,0000000400000004,1676203935424,2122,1220
1762478774,0000000800000008,1676294715163,1859,1221
1762478776,0000000800000008,1676311191819,863,1222
1762478776,0000008000000080,1676311324698,856,1223
1762478813,0000004000000008,1676679688550,4676,1224
1762478819,0000000100000002,1676745186810,726,1225
1762478836,0000004000000080,1676915834705,849,1226
1762478838,0000004000000002,1676936991024,4777,1227
1762478852,0000000800000001,1677069761119,1981,1228
1762478858,0000004800000080,1677134144334,3299,1229
1762478882,0000000400000008,1677376566913,4311,1230
1762478893,0000000800000002,1677486916271,2849,1231
1762478916,0000000400000008,1677713562916,4808,1232
1762478928,0000000800000001,1677835663179,2646,1233
1762478933,0000008000000080,1677887300726,4746,1234
1762478934,0000008000000080,1677895680759,4248,1235
1762478936,0000000800000004,1677915494004,3039,1236
1762478955,0000000100000008,1678100855873,2277,1237
1762478964,0000008800000040,1678195943326,1759,1238
1762478972,0000008000000008,1678270382607,2464,1239
1762478989,0000000300000001,1678441219754,2575,1240
1762478993,0000000100000001,1678479939998,257,1241
1762478994,0000008000000080,1678492729615,4686,1242
1762478999,0000004000000080,1678539848893,1846,1243
1762479007,0000000100000001,1678620289613,2196,1244
1762479027,0000000100000004,1678822217857,441,1245
1762479029,0000004000000008,1678845807706,4225,1246
1762479031,0000000100000004,1678861889079,3246,1247
1762479037,0000000100000001,1678919885351,4955,1248
1762479052,0000008000000080,1679070079543,1109,1249
1762479085,0000000100000001,1679404546637,1771,1250
1762479088,0000008000000080,1679434440569,5161,1251
1762479097,0000004000000008,1679518888564,5274,1252
1762479097,0000000100000002,1679527923644,4740,1253
1762479136,0000000200000002,1679914038645,2279,1254
1762479140,0000008000000080,1679953896282,5079,1255
1762479154,0000000100000001,1680090962154,2029,1256
1762479167,0000008000000080,1680221439770,4576,1257
1762479182,0000004000000080,1680378545085,314,1258
1762479189,0000008000000004,1680446672882,1406,1259
1762479201,0000000400000004,1680566315844,4606,1260
1762479230,0000008000000080,1680848940714,3176,1261
1762479235,0000000400000008,1680902093810,5172,1262
1762479240,0000004000000008,1680951518851,2199,1263
1762479260,0000008000000080,1681153267684,455,1264
1762479266,0000000100000001,1681216174755,1866,1265
1762479302,0000000100000001,1681569391191,1392,1266
1762479319,0000000400000080,1681743369686,1314,1267
1762479320,0000000100000008,1681753101036,728,1268
1762479329,0000000100000001,1681839233417,740,1269
1762479338,0000000400000004,1681934314833,219,1270
1762479343,0000000400000008,1681981046560,2591,1271
1762479369,0000000100000004,1682242578798,2442,1272
1762479383,0000000100000001,1682381720077,4475,1273
1762479387,0000004000000009,1682422048811,2041,1274
1762479388,0000000800000006,1682436444183,1171,1275
1762479400,0000004000000001,1682557735033,4278,1276
1762479422,0000000400000002,1682770685139,1846,1277
1762479435,0000004000000001,1682905968225,4104,1278
1762479448,0000008000000080,1683032714485,1664,1279
1762479453,0000004000000001,1683079767254,4037,1280
1762479482,0000008000000001,1683374389115,1888,1281
1762479503,0000000800000008,1683583072439,4917,1282
1762479513,0000000800000002,1683686626340,3889,1283
1762479514,0000000100000003,1683692392395,3535,1284
1762479536,0000000800000004,1683914654033,552,1285
1762479546,0000000400000004,1684012122705,5074,1286
1762479551,0000004000000008,1684064634764,1918,1287
1762479564,0000008000000080,1684190245617,4754,1288
1762479577,0000000400000080,1684323818712,1909,1289
1762479585,0000004000000008,1684401739890,2407,1290
1762479594,0000008000000080,1684497888628,1826,1291
1762479603,0000000100000001,1684579388497,2114,1292
1762479614,0000000100000004,1684694729397,373,1293
1762479623,0000000100000002,1684785461164,5297,1294
1762479640,0000000100000008,1684949106872,650,1295
1762479655,0000004000000080,1685101052430,1900,1296
1762479662,000000020000000c,1685169894755,2945,1297
1762479667,0000000100000002,1685226364612,4754,1298
1762479679,0000000800000005,1685344430517,2832,1299
1762479701,0000008000000080,1685564383156,5188,1300
1762479703,0000008000000001,1685581090485,4196,1301
1762479706,0000008000000001,1685609017763,2497,1302
1762479709,0000000100000001,1685640312753,624,1303
1762479724,0000000800000002,1685797236925,1571,1304
1762479731,0000008000000080,1685859957272,2987,1305
1762479753,0000008000000080,1686087238871,4906,1306
1762479768,0000004000000004,1686231648795,1409,1307
1762479784,0000000400000004,1686388929705,2331,1308
1762479787,0000000400000001,1686420099202,463,1309
1762479787,0000008000000080,1686426678774,5255,1310
1762479796,0000008000000080,1686511026207,187,1311
1762479812,0000000100000008,1686670676025,967,1312
1762479815,0000004000000080,1686701744725,4304,1313
1762479832,0000004000000001,1686870006672,4570,1314
1762479854,0000008000000002,1687090973130,1657,1315
1762479864,0000004000000080,1687193707932,669,1316
1762479866,0000008000000080,1687218384840,4390,1317
1762479868,0000000100000001,1687238304374,3178,1318
1762479885,0000000800000008,1687400352675,3829,1319
1762479885,0000000400000001,1687402934524,3672,1320
1762479886,0000004000000004,1687408915885,3305,1321
1762479889,0000000100000001,1687444056754,1189,1322
1762479905,0000000800000004,1687604263992,1945,1323
1762479940,0000004000000002,1687954231195,1669,1324
1762479942,0000000800000080,1687969360994,756,1325
1762479947,0000000100000002,1688020859984,2846,1326
1762479955,0000004000000008,1688103151234,3092,1327
1762479966,0000008000000080,1688211133301,1798,1328
1762479984,0000000800000080,1688393223643,1225,1329
1762479985,0000000100000009,1688403601921,606,1330
1762479986,0000000800000004,1688415599099,5076,1331
1762479987,0000000800000001,1688421445819,4732,1332
1762479992,0000004000000008,1688472223413,1672,1333
1762479999,0000004000000080,1688543535687,2568,1334
1762480007,0000000100000004,1688627044992,2739,1335
1762480012,0000000100000001,1688674889217,5061,1336
1762480038,0000000100000008,1688933868754,5057,1337
1762480039,0000000400000002,1688946166790,4336,1338
1762480054,0000000400000004,1689089331917,905,1339
1762480060,0000008000000080,1689151558347,2353,1340
1762480064,0000000100000080,1689197355685,4802,1341
1762480078,0000000800000004,1689330329069,1993,1342
1762480111,000000c000000080,1689660566724,2896,1343
1762480142,0000000400000002,1689975809786,4721,1344
1762480146,0000008000000080,1690014546884,2378,1345
1762480154,0000000400000008,1690090831150,2984,1346
1762480163,0000000800000004,1690181583455,2719,1347
1762480168,0000008000000002,1690233847737,4780,1348
1762480175,0000000100000080,1690300106164,787,1349
1762480187,0000000800000080,1690420952642,3916,1350
1762480211,0000000100000001,1690659168106,5156,1351
1762480214,0000004000000080,1690695869661,2945,1352
1762480215,0000000100000008,1690701136131,2626,1353
1762480225,0000000800000001,1690805334123,1561,1354
1762480227,0000000400000004,1690822048926,557,1355
1762480235,0000000100000002,1690903059928,873,1356
1762480239,0000004000000002,1690946718009,3445,1357
1762480243,0000000100000001,1690986529084,1046,1358
1762480245,0000008000000080,1691003608667,5212,1359
1762480274,0000000800000001,1691292660341,3410,1360
1762480302,0000008000000080,1691570538609,2272,1361
1762480325,0000000100000001,1691798651502,4146,1362
1762480336,0000000200000001,1691916531836,2235,1363
1762480354,000000400000000c,1692096632742,1794,1364
1762480362,0000000800000001,1692169312245,2607,1365
1762480362,0000000800000002,1692173380101,2364,1366
1762480369,0000000100000003,1692247249606,3115,1367
1762480374,0000000400000001,1692297505516,5287,1368
1762480387,0000000400000004,1692422428270,2964,1369
1762480390,0000000800000002,1692448538094,1399,1370
1762480391,0000008000000080,1692464929115,415,1371
1762480405,0000000100000009,1692599773201,2683,1372
1762480419,0000004000000008,1692741118020,4584,1373
1762480419,0000008000000080,1692743745858,4427,1374
1762480427,0000000800000008,1692821659359,4926,1375
1762480431,0000004000000008,1692862642224,2451,1376
1762480458,0000000800000004,1693128561214,2045,1377
1762480463,0000000800000001,1693187898098,3674,1378
1762480478,0000000800000080,1693330510056,286,1379
1762480486,0000000100000004,1693409510486,725,1380
1762480489,0000000100000080,1693444527826,3821,1381
1762480519,0000000100000080,1693744224656,1367,1382
1762480523,0000000800000080,1693786514714,4026,1383
1762480527,0000000400000001,1693826245115,1628,1384
1762480584,0000000100000002,1694388949536,4146,1385
1762480591,0000000800000004,1694462723850,4894,1386
1762480591,0000000100000003,1694465384201,4737,1387
1762480615,0000004000000001,1694704160028,754,1388
1762480619,0000000100000080,1694739477479,3834,1389
1762480642,0000008000000080,1694969737635,364,1390
1762480654,0000008000000080,1695095649873,3173,1391
1762480690,0000000100000003,1695457410970,2188,1392
1762480696,0000008000000080,1695511147710,4162,1393
1762480713,0000000800000004,1695682066995,4270,1394
1762480714,0000000800000080,1695692693036,3624,1395
1762480720,0000000800000001,1695749916860,179,1396
1762480731,0000000400000080,1695865308769,3628,1397
1762480742,0000000800000001,1695974002276,2274,1398
1762480747,0000000800000002,1696022665612,4555,1399
1762480777,0000008000000008,1696320689318,2197,1400
1762480778,0000008000000002,1696328525083,1730,1401
1762480788,0000004000000004,1696433475455,610,1402
1762480789,0000004000000080,1696440009951,219,1403
1762480793,0000008000000080,1696485751167,2651,1404
1762480796,0000004000000008,1696515186967,885,1405
1762480807,0000000100000001,1696625897543,4624,1406
1762480808,0000000800000004,1696633782376,4152,1407
1762480819,0000008000000080,1696742023773,2817,1408
1762480835,0000000100000008,1696903383491,3509,1409
1762480842,0000000100000001,1696968571089,4783,1410
1762480842,0000000400000001,1696968596449,4781,1411
1762480844,0000000100000008,1696995053985,3182,1412
1762480872,0000008000000080,1697274994068,1930,1413
1762480879,0000000800000001,1697346123268,2835,1414
1762480881,0000008000000080,1697366493901,1618,1415
1762480888,0000000400000008,1697428922417,3050,1416
1762480906,0000000800000002,1697617351389,2107,1417
1762480908,0000004000000004,1697631911344,1230,1418
1762480911,0000000400000002,1697658498210,4832,1419
1762480913,0000000100000002,1697679498929,3568,1420
1762480914,0000000400000080,1697691791709,2818,1421
1762480917,0000008000000008,1697725544041,792,1422
1762480923,0000000400000004,1697780194827,2694,1423
1762480924,0000004000000008,1697793165188,1923,1424
1762480929,0000000100000008,1697844942365,4010,1425
1762480929,0000000400000004,1697845096395,4000,1426
1762480932,0000000800000001,1697869007651,2545,1427
1762480935,0000004000000080,1697905589048,354,1428
1762480936,0000008000000080,1697911647244,5179,1429
1762480937,0000004000000008,1697921432227,4600,1430
1762480965,0000008000000080,1698202531580,3263,1431
1762480972,0000008000000081,1698272623027,4253,1432
1762480984,0000004000000008,1698397257351,1941,1433
1762481001,0000008000000080,1698558346067,2630,1434
1762481014,0000004000000004,1698690603138,5068,1435
1762481030,0000000100000002,1698855828245,326,1436
1762481069,0000004000000080,1699243551117,2964,1437
1762481074,0000000800000008,1699296232113,4996,1438
1762481112,0000004000000080,1699669086856,3342,1439
1762481118,0000000400000002,1699729957613,4878,1440
1762481138,0000000800000004,1699930675124,3186,1441
1762481140,0000000400000001,1699952713296,1865,1442
1762481142,0000008000000080,1699974399423,559,1443
1762481170,0000004000000008,1700250658750,4721,1444
1762481184,0000000600000001,1700392055137,1404,1445
1762481194,0000004000000001,1700493959135,469,1446
1762481194,0000000400000008,1700495324444,388,1447
1762481229,0000004000000080,1700846625038,5221,1448
1762481256,0000008000000080,1701111948843,4848,1449
1762481266,0000000400000080,1701213999448,3911,1450
1762481290,0000008000000080,1701448786154,161,1451
1762481293,0000000800000080,1701483902745,3244,1452
1762481301,0000004000000002,1701562825837,3698,1453
1762481306,0000000100000001,1701609510173,881,1454
1762481310,0000000800000004,1701655877338,3287,1455
1762481334,0000000100000004,1701892499852,4645,1456
1762481346,0000000100000001,1702009912033,2761,1457
1762481346,0000000100000001,1702012290002,2617,1458
1762481374,0000000800000080,1702291876187,1387,1459
1762481401,0000008000000001,1702558782564,911,1460
1762481402,0000008000000080,1702573011494,5249,1461
1762481405,0000000400000002,1702607535895,3172,1462
1762481407,0000008000000002,1702627204663,1992,1463
1762481425,0000008000000004,1702798901211,2052,1464
1762481427,0000000400000008,1702820901158,728,1465
1762481428,0000000100000002,1702831016683,5309,1466
1762481435,0000004000000002,1702900617524,1123,1467
1762481442,0000000400000080,1702974956294,1851,1468
1762481448,0000004000000004,1703031207336,3663,1469
1762481460,0000004000000001,1703154028070,1465,1470
1762481463,0000008000000080,1703182587100,4943,1471
1762481465,0000000400000001,1703198612440,3986,1472
1762481471,0000000800000004,1703264561425,5200,1473
1762481475,0000000100000008,1703307141566,2635,1474
1762481478,0000000400000002,1703333671633,1043,1475
1762481521,0000000400000004,1703758508416,1460,1476
1762481523,0000000100000080,1703779794769,183,1477
1762481544,0000000800000008,1703989151364,3164,1478
1762481558,000000c000000080,1704136072745,4724,1479
1762481586,0000004000000080,1704410290583,3812,1480
1762481594,000000010000000c,1704489467296,4246,1481
1762481601,0000000100000002,1704564334875,4928,1482
1762481602,0000004000000004,1704570660009,4554,1483
1762481608,0000000100000001,1704636634991,577,1484
1762481610,0000000800000001,1704649098160,5021,1485
1762481613,0000000100000001,1704678924884,3224,1486
1762481629,0000008000000001,1704844431753,3663,1487
1762481640,0000000800000001,1704952405342,2351,1488
1762481645,0000004000000002,1705001647588,4598,1489
1762481647,0000004000000008,1705023125035,3296,1490
1762481654,0000000400000002,1705091897925,4365,1491
1762481692,0000000400000008,1705469330230,2418,1492
1762481701,0000000800000002,1705560847275,2115,1493
1762481709,0000008000000008,1705647021962,2123,1494
1762481730,0000008000000080,1705850648440,265,1495
1762481759,0000000200000080,1706138503485,3730,1496
1762481766,0000004000000001,1706209048953,4681,1497
1762481768,0000000100000001,1706233509493,3200,1498
1762481788,0000000400000004,1706437671119,1308,1499
1762481797,0000004800000004,1706524701151,1266,1500
1762481800,0000000800000001,1706549900010,4947,1501
1762481806,0000000100000002,1706608311902,1432,1502
1762481812,0000008000000008,1706673468739,2701,1503
1762481812,0000000100000001,1706674679841,2627,1504
1762481814,0000000800000002,1706697559238,1254,1505
1762481825,0000008000000080,1706800281860,274,1506
1762481825,0000004000000008,1706807066506,5057,1507
1762481838,0000000100000007,1706935196646,2536,1508
1762481851,0000008000000080,1707064156498,5171,1509
1762481870,0000000800000008,1707251064285,4329,1510
1762481873,0000000100000001,1707279373933,2610,1511
1762481876,0000000100000001,1707310506841,743,1512
1762481882,0000004000000082,1707368565849,2439,1513
1762481884,0000008000000004,1707395647163,814,1514
1762481899,0000000400000002,1707543089009,2330,1515
1762481902,0000000100000001,1707569218789,762,1516
1762481907,0000000800000080,1707618847846,2965,1517
1762481910,0000000100000004,1707653315696,895,1518
1762481911,0000004000000001,1707667783217,5218,1519
1762481938,0000000800000001,1707934684526,4753,1520
1762481982,0000000100000001,1708372892533,4367,1521
1762481996,0000000100000001,1708517753449,835,1522
1762481999,0000000400000001,1708542429687,4556,1523
1762482024,0000000100000004,1708791076041,5169,1524
1762482038,0000000400000004,1708935262573,1694,1525
1762482041,0000000400000080,1708967916707,4923,1526
1762482059,0000000100000001,1709140484381,4931,1527
1762482064,0000000900000004,1709197564042,1495,1528
1762482067,0000000100000004,1709218903874,215,1529
1762482070,0000000100000001,1709252179252,3405,1530
1762482085,0000008000000080,1709398493291,4993,1531
1762482086,0000000800000080,1709408027962,4427,1532
1762482101,000000c000000080,1709563790175,244,1533
1762482116,000000c000000008,1709709591494,1861,1534
1762482119,0000008000000080,1709744305154,4965,1535
1762482128,0000004000000004,1709833597681,4791,1536
1762482139,0000000100000008,1709943696165,3357,1537
1762482160,0000000100000004,1710155837335,981,1538
1762482163,0000000800000001,1710185484177,4406,1539
1762482172,0000000400000004,1710270267662,4499,1540
1762482187,0000004000000001,1710420229326,662,1541
1762482187,0000000100000002,1710420957784,619,1542
1762482189,0000000100000001,1710438471808,4765,1543
1762482191,000000c000000080,1710464652069,3179,1544
1762482192,0000008000000080,1710475629087,2516,1545
1762482195,0000000800000001,1710504995939,756,1546
1762482200,0000000400000004,1710550808221,3191,1547
1762482211,0000000400000002,1710659341912,1864,1548
1762482231,0000008000000080,1710865454959,5044,1549
1762482234,0000004000000004,1710896934668,3146,1550
1762482253,0000000100000002,1711085123567,2215,1551
1762482269,0000004000000080,1711241997323,3164,1552
1762482272,0000000400000001,1711273761655,1256,1553
1762482274,0000008000000080,1711294235739,5217,1554
1762482279,0000000800000002,1711342085036,2336,1555
1762482282,0000004000000001,1711370604030,626,1556
1762482284,0000008000000080,1711388500640,4750,1557
1762482287,0000000400000002,1711426159835,2471,1558
1762482294,0000008000000001,1711494565196,3560,1559
1762482331,0000000800000002,1711865335868,2031,1560
1762482344,0000004000000004,1711993845378,4694,1561
1762482377,0000000100000004,1712325145200,341,1562
1762482378,0000008000000008,1712337775488,4778,1563
1762482414,0000008000000008,1712696953277,3953,1564
1762482432,0000004000000002,1712868905831,3996,1565
1762482442,0000000100000003,1712973789690,2865,1566
1762482458,0000008000000001,1713135558999,3531,1567
1762482477,0000000100000002,1713321219115,2743,1568
1762482481,0000000800000001,1713366077519,5240,1569
1762482549,0000000100000001,1714044834856,771,1570
1762482554,0000004000000004,1714088312289,3349,1571
1762482555,0000004000000002,1714105349900,2319,1572
1762482564,0000008000000008,1714190485190,2392,1573
1762482584,0000008000000080,1714389154535,833,1574
1762482586,0000008000000080,1714407938254,4902,1575
1762482588,0000000100000002,1714434402536,3306,1576
1762482591,0000004000000080,1714465611219,1428,1577
1762482619,0000000100000002,1714746174283,5323,1578
1762482628,0000000100000001,1714832873616,5302,1579
1762482630,0000000100000001,1714856359971,3903,1580
1762482648,0000000800000004,1715032566903,3687,1581
1762482651,0000004000000001,1715061068583,1970,1582
1762482654,0000000400000008,1715088617768,312,1583
1762482655,0000004000000004,1715099027161,4882,1584
1762482662,0000000100000002,1715172243324,476,1585
1762482680,0000004000000080,1715347831174,302,1586
1762482680,0000000800000008,1715351845809,5249,1587
1762482685,0000004000000080,1715401538509,2259,1588
1762482699,0000000800000004,1715541811258,4222,1589
1762482737,0000000100000001,1715923865505,2007,1590
1762482754,0000000800000002,1716090970931,2337,1591
1762482770,0000000400000008,1716257780254,2688,1592
1762482774,0000004000000002,1716291898434,643,1593
1762482778,0000008000000080,1716330387376,3524,1594
1762482780,0000000100000080,1716353395541,2136,1595
1762482835,0000008000000080,1716902601757,265,1596
1762482849,0000008000000080,1717039331967,2421,1597
1762482859,0000000800000004,1717143321153,1366,1598
1762482875,0000000400000008,1717305186355,2018,1599
1762482883,0000008000000008,1717387660960,2246,1600
1762482918,0000000c00000001,1717736108736,2064,1601
1762482926,0000008000000002,1717813547545,2592,1602
1762482927,0000004000000004,1717823839272,1981,1603
1762482928,0000004000000004,1717829275499,1656,1604
1762482933,0000008000000080,1717883179963,3609,1605
1762482934,0000000400000001,1717897297438,2749,1606
1762482948,000000c000000002,1718035861656,4813,1607
1762482959,0000000400000004,1718140046985,3742,1608
1762482965,0000000400000002,1718201944917,5203,1609
1762482973,0000000800000008,1718283847053,282,1610
1762482973,0000000800000002,1718285988996,162,1611
1762482987,0000000100000001,1718425230681,2160,1612
1762482995,0000000800000080,1718507398283,2407,1613
1762483014,0000000400000008,1718690426997,1794,1614
1762483022,0000004000000004,1718771137832,2128,1615
1762483025,0000000100000001,1718797752834,530,1616
1762483025,0000000100000004,1718798592877,479,1617
1762483059,0000000100000004,1719143214128,525,1618
1762483061,0000004000000001,1719166643697,4317,1619
1762483062,0000008000000080,1719168196180,4224,1620
1762483067,0000000800000008,1719227622019,640,1621
1762483093,0000000100000004,1719484320255,778,1622
1762483099,0000008000000080,1719543918617,2384,1623
1762483107,0000004000000001,1719618003248,3123,1624
1762483107,0000000800000080,1719618104867,3116,1625
1762483109,0000000800000001,1719638181133,1914,1626
1762483110,0000008000000080,1719653587821,982,1627
1762483124,0000008000000080,1719790021970,3162,1628
1762483126,0000000100000001,1719815724007,1622,1629
1762483128,0000008000000080,1719835698920,421,1630
1762483137,0000000100000001,1719924137763,295,1631
1762483138,0000000100000001,1719929811674,5143,1632
1762483144,0000000100000001,1719995677621,1180,1633
1762483149,0000000100000080,1720039057406,3774,1634
1762483150,0000000100000001,1720055391765,2778,1635
1762483154,0000008000000008,1720094511203,434,1636
1762483164,0000000100000080,1720190357266,5053,1637
1762483188,0000000400000080,1720429720174,1040,1638
1762483208,0000000800000001,1720629296920,4628,1639
1762483208,0000000800000002,1720631095776,4520,1640
1762483217,0000000100000002,1720720321783,4349,1641
1762483217,0000000800000002,1720721318104,4289,1642
1762483224,0000000400000004,1720790265110,5321,1643
1762483238,0000008000000080,1720937045192,1693,1644
1762483245,0000000100000001,1721002547345,2938,1645
1762483245,0000008000000080,1721003337859,2891,1646
1762483268,0000000100000001,1721228199992,4952,1647
1762483296,0000008000000004,1721508171840,3697,1648
1762483302,0000008000000008,1721576283559,4794,1649
1762483308,0000004000000001,1721631416909,1471,1650
1762483320,0000004000000008,1721756416919,4350,1651
1762483322,0000000400000008,1721772191031,3391,1652
1762483328,0000004000000008,1721836237419,4738,1653
1762483334,0000000100000004,1721896856879,1082,1654
1762483338,0000004000000001,1721928649123,4377,1655
1762483340,0000000100000080,1721952162844,2946,1656
1762483363,0000000100000001,1722180159227,4824,1657
1762483379,0000004000000002,1722338498341,491,1658
1762483389,0000008000000004,1722446876439,4367,1659
1762483401,0000000100000001,1722561188642,2668,1660
1762483421,0000000100000080,1722759460867,1132,1661
1762483435,0000000400000004,1722901160677,2993,1662
1762483450,0000000400000008,1723047818394,4574,1663
1762483461,0000000100000001,1723166651890,2605,1664
1762483463,0000000100000001,1723182353349,1670,1665
1762483465,0000008000000080,1723207460596,162,1666
1762483474,0000000400000004,1723296552191,5181,1667
1762483476,0000000800000008,1723310767005,4340,1668
1762483479,0000004000000001,1723346815452,2160,1669
1762483488,0000008000000080,1723429300142,2388,1670
1762483491,0000008000000080,1723465262789,234,1671
1762483495,0000000100000080,1723504362808,3067,1672
1762483516,0000000100000008,1723715529887,755,1673
1762483518,0000000800000008,1723727642958,5220,1674
1762483526,0000000400000004,1723816977456,5042,1675
1762483534,0000008000000008,1723891222427,577,1676
1762483535,0000000400000004,1723905974552,4886,1677
1762483542,0000000400000080,1723972394355,885,1678
1762483544,0000000300000001,1723987902831,5146,1679
1762483547,0000000800000001,1724026712718,2807,1680
1762483560,0000008000000080,1724156986485,174,1681
1762483578,0000000800000004,1724331649215,5242,1682
1762483583,0000000400000001,1724383829945,2107,1683
1762483590,0000008000000080,1724454625171,3038,1684
1762483591,0000000100000001,1724462806915,2543,1685
1762483601,0000000100000004,1724563143516,1713,1686
1762483610,0000000800000004,1724649015340,1742,1687
1762483621,0000000400000008,1724767554584,4996,1688
1762483622,0000004000000004,1724775540742,4524,1689
1762483624,0000000100000001,1724796858791,3229,1690
1762483629,0000004000000080,1724838876623,704,1691
1762483663,0000000100000004,1725177735659,2187,1692
1762483693,0000000400000080,1725478819528,3767,1693
1762483694,0000000100000001,1725495188454,2769,1694
1762483712,0000000400000008,1725677360639,2202,1695
1762483726,0000000800000002,1725813587574,4408,1696
1762483739,0000008000000002,1725945232460,1676,1697
1762483741,0000000100000001,1725964106661,540,1698
1762483768,0000004000000080,1726233813508,5089,1699
1762483769,0000008000000004,1726242229363,4585,1700
1762483771,0000008000000080,1726264337368,3251,1701
1762483815,0000000100000080,1726702446691,2863,1702
1762483817,0000008000000001,1726723411696,1610,1703
1762483828,0000000100000004,1726832152265,262,1704
1762483841,0000008000000080,1726967363095,2508,1705
1762483868,0000000100000001,1727232324654,2156,1706
1762483878,0000008000000004,1727329539303,1505,1707
1762483883,0000004000000001,1727381149918,3597,1708
1762483888,0000000100000008,1727431910883,542,1709
1762483889,0000000800000004,1727439182054,5293,1710
1762483898,0000004000000002,1727530061399,5023,1711
1762483902,0000000800000008,1727569200516,2663,1712
1762483919,000000080000000c,1727747329830,2338,1713
1762483924,0000008000000080,1727792355237,4832,1714
1762483931,0000000400000080,1727867085235,335,1715
1762483933,0000008000000002,1727881590940,4661,1716
1762483940,0000004000000001,1727955291862,222,1717
1762483949,0000008000000080,1728044593193,5233,1718
1762483973,0000008000000001,1728279765614,1477,1719
1762483986,0000008000000001,1728412763513,3873,1720
1762483996,0000000100000008,1728509270614,3250,1721
1762483997,0000000800000080,1728518194407,2710,1722
1762483999,0000000100000001,1728543019881,1220,1723
1762484007,0000008000000004,1728619838019,1800,1724
1762484019,0000004000000008,1728737875446,5083,1725
1762484037,0000000400000008,1728921508560,4436,1726
1762484049,0000008000000080,1729038312154,2584,1727
1762484049,0000000400000004,1729041043157,2422,1728
1762484058,0000000100000001,1729136194235,1902,1729
1762484065,0000000100000004,1729200404323,3228,1730
1762484073,0000000100000006,1729286119656,3266,1731
1762484074,0000000400000008,1729291889382,2915,1732
1762484074,0000000400000001,1729292996166,2849,1733
1762484075,0000000800000002,1729305903205,2078,1734
1762484086,0000000800000008,1729414296343,750,1735
1762484092,0000000400000002,1729473967824,2350,1736
1762484098,0000000400000002,1729532918774,4014,1737
1762484103,0000000400000080,1729580858882,1117,1738
1762484117,0000008000000080,1729717716423,3273,1739
1762484128,0000004000000002,1729831190771,1646,1740
1762484145,0000008000000002,1729998181799,1988,1741
1762484175,0000008000000001,1730304448012,4348,1742
1762484184,0000000100000080,1730392092380,4271,1743
1762484189,000000c000000080,1730437989003,1499,1744
1762484198,0000008000000001,1730528581714,1240,1745
1762484213,0000000400000004,1730683073098,2333,1746
1762484236,0000000300000001,1730915354807,3955,1747
1762484238,0000000500000001,1730927666002,3203,1748
1762484243,0000004000000001,1730986744988,4850,1749
1762484273,0000000400000004,1731279163007,2832,1750
1762484273,0000000400000004,1731283508220,2569,1751
1762484273,0000008000000080,1731286087222,2416,1752
1762484295,0000000400000001,1731500274130,5117,1753
1762484300,0000008100000001,1731551978152,2009,1754
1762484306,0000000400000001,1731612529228,3563,1755
1762484312,0000000800000008,1731669275946,162,1756
1762484318,0000000100000004,1731736785359,1278,1757
1762484326,0000000800000004,1731815072721,1767,1758
1762484328,0000000400000002,1731828327024,964,1759
1762484329,0000000400000004,1731839711935,284,1760
1762484352,0000000800000002,1732070513906,1981,1761
1762484385,0000000100000008,1732405613133,2592,1762
1762484387,0000008000000001,1732426914058,1316,1763
1762484394,0000000800000080,1732491933525,2592,1764
1762484404,0000008000000080,1732591898057,1784,1765
1762484409,0000000100000080,1732642815414,3920,1766
1762484414,0000000400000080,1732693641696,852,1767
1762484428,0000000800000008,1732832502682,2883,1768
1762484430,0000000400000001,1732851832155,1728,1769
1762484447,0000000400000004,1733020491458,1970,1770
1762484462,0000000100000001,1733175716359,3013,1771
1762484482,0000000800000080,1733375652243,1380,1772
1762484484,0000000100000001,1733397116353,5279,1773
1762484489,0000000100000001,1733445017978,2395,1774
1762484500,0000000100000003,1733556029965,914,1775
1762484511,0000000100000008,1733663494073,4845,1776
1762484512,0000000100000006,1733672124750,4332,1777
1762484529,0000004000000008,1733842494958,4469,1778
1762484536,0000000100000004,1733910444133,376,1779
1762484550,000000c000000080,1734052171687,2232,1780
1762484560,0000000100000004,1734155829517,1190,1781
1762484569,0000000800000080,1734238506479,1414,1782
1762484584,0000008000000080,1734389255337,2727,1783
1762484587,0000000100000002,1734423034200,702,1784
1762484604,0000000100000001,1734595812775,696,1785
1762484610,0000000100000001,1734656137785,2257,1786
1762484625,0000004400000002,1734802140148,3874,1787
1762484627,0000000400000001,1734826466554,2397,1788
1762484630,0000004000000001,1734847594992,1129,1789
1762484637,0000004000000002,1734920692011,1932,1790
1762484640,0000000100000080,1734950044784,167,1791
1762484649,0000000100000001,1735044131669,4894,1792
1762484652,0000004000000080,1735073907730,3097,1793
1762484656,0000000100000001,1735109901311,932,1794
1762484676,0000000100000001,1735309688286,4508,1795
1762484676,0000000100000002,1735311397170,4406,1796
1762484677,0000004000000080,1735327210408,3446,1797
1762484684,0000000400000002,1735390544245,4833,1798
1762484689,0000008000000002,1735442898368,1681,1799
1762484697,0000008000000004,1735520207916,2219,1800
1762484704,0000000400000080,1735592722286,3050,1801
1762484710,0000004000000008,1735653483383,4603,1802
1762484715,0000000400000001,1735702455067,1650,1803
1762484722,0000000100000001,1735768766510,2848,1804
1762484722,0000000100000004,1735775689023,2431,1805
1762484725,0000008000000001,1735803093153,786,1806
1762484743,0000000100000001,1735985809914,189,1807
1762484756,0000000100000001,1736115371609,2771,1808
1762484761,0000000100000002,1736160297185,5266,1809
1762484762,0000000100000001,1736173959274,4459,1810
1762484766,0000000400000002,1736207431591,2430,1811
1762484766,0000000400000004,1736215311571,1964,1812
1762484804,0000000800000004,1736587843056,330,1813
1762484807,0000008000000080,1736618895754,3659,1814
1762484816,0000000100000001,1736709797057,3379,1815
1762484817,0000004000000004,1736719184105,2808,1816
1762484818,0000000100000002,1736734278575,1909,1817
1762484829,0000000100000008,1736840414476,716,1818
1762484830,0000000400000004,1736847642689,284,1819
1762484846,0000000100000001,1737007511890,1049,1820
1762484860,0000000200000001,1737153523107,2649,1821
1762484868,0000008200000008,1737235255544,2928,1822
1762484877,0000000100000001,1737319211932,3073,1823
1762484882,0000000100000001,1737369010431,5271,1824
1762484885,0000004000000001,1737405555726,3073,1825
1762484895,0000004000000080,1737506284501,2211,1826
1762484908,0000000800000002,1737629661451,5176,1827
1762484912,0000000400000002,1737676107277,2378,1828
1762484914,0000000100000001,1737695031007,1244,1829
1762484920,0000000800000080,1737753512890,2917,1830
1762484934,0000000300000001,1737893463307,4895,1831
1762484936,0000000400000080,1737912396907,3759,1832
1762484945,0000004000000008,1738001001136,3621,1833
1762484945,0000000400000080,1738003028614,3497,1834
1762484955,0000008000000001,1738099027103,2907,1835
1762484966,0000000800000002,1738211658212,1333,1836
1762484985,0000000400000002,1738397295980,555,1837
1762484993,0000008000000080,1738481435151,687,1838
1762485009,0000008000000004,1738638460545,1629,1839
1762485019,0000000400000004,1738744059451,472,1840
1762485023,0000008000000008,1738777794529,3641,1841
1762485032,0000000100000004,1738869763739,3295,1842
1762485033,0000000100000001,1738884386375,2411,1843
1762485039,0000000800000008,1738941596221,4180,1844
1762485043,0000000800000008,1738980607736,1826,1845
1762485061,0000000400000002,1739158717095,1496,1846
1762485063,0000000400000002,1739185233720,5094,1847
1762485092,0000000100000008,1739474532022,3273,1848
1762485112,0000004000000001,1739676810097,1495,1849
1762485114,0000000800000008,1739695367543,381,1850
1762485122,0000000800000080,1739776749292,676,1851
1762485138,0000000400000008,1739934375718,1584,1852
1762485146,0000004000000004,1740014456331,1961,1853
1762485153,0000000400000004,1740082123548,3073,1854
1762485154,0000004000000008,1740089336844,2642,1855
1762485156,0000000800000004,1740109420543,1440,1856
1762485174,0000004000000001,1740293054227,780,1857
1762485192,0000000400000004,1740474181146,278,1858
1762485192,0000000100000001,1740475584257,193,1859
1762485206,0000000400000002,1740612510862,2337,1860
1762485211,0000000800000002,1740660702221,4643,1861
1762485237,0000000800000004,1740924473669,4361,1862
1762485241,0000008000000080,1740957320671,2369,1863
1762485247,0000000100000001,1741025466023,3471,1864
1762485274,0000008000000080,1741292721538,2971,1865
1762485279,0000000800000001,1741342102611,5195,1866
1762485281,0000000800000008,1741365820505,3779,1867
1762485284,0000004000000001,1741389801137,2325,1868
1762485290,0000000100000008,1741452833845,3738,1869
1762485291,0000004000000004,1741465654498,2954,1870
1762485296,0000000800000008,1741512551776,5329,1871
1762485300,0000000200000004,1741552276029,2938,1872
1762485301,0000000100000002,1741557986972,2592,1873
1762485309,0000008000000080,1741643481150,2644,1874
1762485348,0000000800000008,1742029792698,192,1875
1762485349,0000000400000004,1742040988535,4715,1876
1762485371,0000008000000001,1742260331379,1905,1877
1762485379,0000004000000080,1742340948323,2243,1878
1762485414,0000000400000008,1742693083544,1843,1879
1762485417,0000000100000001,1742725368776,5090,1880
1762485425,0000000400000008,1742802657858,445,1881
1762485448,0000008000000008,1743035960820,1991,1882
1762485467,0000004000000001,1743218134155,1419,1883
1762485471,0000004000000002,1743259816347,4116,1884
1762485480,0000000800000008,1743350383471,3861,1885
1762485499,0000008000000004,1743540071641,2823,1886
1762485499,0000008000000080,1743542318816,2688,1887
1762485507,0000000100000080,1743623244685,3015,1888
1762485508,0000004000000080,1743630780075,2559,1889
1762485525,0000000100000008,1743803289336,2570,1890
1762485541,0000000400000002,1743964468430,3268,1891
1762485578,0000000400000001,1744336598389,1663,1892
1762485583,0000000d00000001,1744381427845,4168,1893
1762485589,0000000400000004,1744441142091,566,1894
1762485633,0000008000000080,1744885584952,4994,1895
1762485640,0000000100000002,1744956188007,745,1896
1762485683,0000008000000080,1745378855182,1290,1897
1762485703,0000008000000002,1745581690188,4679,1898
1762485706,0000000800000080,1745609810976,2974,1899
1762485707,0000008000000001,1745626042786,2004,1900
1762485720,0000004000000008,1745748980317,4996,1901
1762485735,0000000800000001,1745906965936,686,1902
1762485751,0000008000000080,1746064705948,1586,1903
1762485765,0000008000000080,1746205526146,3505,1904
1762485767,0000008000000080,1746224130877,2378,1905
1762485787,0000000800000080,1746422603773,830,1906
1762485799,0000008000000080,1746543767980,3940,1907
1762485800,0000000800000080,1746549877156,3568,1908
1762485800,0000000100000001,1746556122225,3185,1909
1762485831,0000000100000008,1746863943989,256,1910
1762485844,0000000c00000080,1746987961495,3178,1911
1762485849,0000008000000080,1747044577561,4970,1912
1762485863,0000004000000002,1747185170182,1709,1913
1762485867,0000004000000004,1747225794953,4465,1914
1762485904,0000000100000008,1747594240012,3057,1915
1762485913,0000000800000080,1747679281669,3143,1916
1762485921,000000c000000080,1747765213365,3168,1917
1762485922,0000000100000001,1747769429407,2911,1918
1762485937,0000000400000008,1747923549052,4044,1919
1762485939,000000c000000080,1747941436501,2953,1920
1762485970,0000008000000004,1748255063210,4871,1921
1762485981,0000000100000001,1748361485000,3665,1922
1762485998,0000000100000080,1748534183299,3666,1923
1762486000,0000000800000002,1748549391229,2737,1924
1762486021,0000000100000002,1748764940681,169,1925
1762486021,0000000400000008,1748765460088,5325,1926
1762486024,000000ce0000008d,1748793354115,3657,1927
1762486050,0000000400000004,1749054267130,3541,1928
1762486057,0000008000000080,1749123596917,4571,1929
1762486062,0000000400000080,1749174701709,1486,1930
1762486063,0000000400000002,1749180211945,1152,1931
1762486069,0000000100000080,1749240973731,2686,1932
1762486087,0000000800000001,1749426481974,1927,1933
1762486105,0000004000000008,1749605475106,1544,1934
1762486130,0000000100000008,1749848755555,2484,1935
1762486137,0000000400000004,1749922281246,3260,1936
1762486137,0000000100000080,1749925306715,3075,1937
1762486160,0000000800000008,1750153988738,4909,1938
1762486180,0000000100000001,1750355531805,3166,1939
1762486186,0000000100000001,1750412216239,4956,1940
1762486198,0000000400000004,1750535017431,2756,1941
1762486215,0000008000000080,1750699809068,3234,1942
1762486216,0000000400000001,1750709678024,2635,1943
1762486224,0000000900000003,1750793373678,2794,1944
1762486245,0000008000000080,1751005226268,448,1945
1762486255,0000000400000004,1751097283274,5292,1946
1762486259,0000000100000002,1751137023286,2899,1947
1762486289,0000000800000002,1751444323565,5193,1948
1762486298,0000000400000080,1751529008263,5291,1949
1762486305,0000000400000004,1751601789785,915,1950
1762486325,0000004000000004,1751800214747,4571,1951
1762486348,0000000100000008,1752028549936,1213,1952
1762486351,0000008000000008,1752065471035,4199,1953
1762486361,0000000100000001,1752157737177,3840,1954
1762486361,0000004000000080,1752165716161,3351,1955
1762486362,0000008000000080,1752169438186,3125,1956
1762486362,0000000800000008,1752170993027,3030,1957
1762486367,0000000400000001,1752219562197,5304,1958
1762486383,0000000100000008,1752385957236,493,1959
1762486390,0000008000000080,1752447050302,2012,1960
1762486392,0000008000000080,1752473420415,426,1961
1762486398,000000c000000080,1752534287743,1959,1962
1762486450,0000004000000008,1753049289677,2138,1963
1762486452,0000000100000004,1753075638134,557,1964
1762486461,0000000800000080,1753162164694,547,1965
1762486464,0000008000000002,1753192369929,3930,1966
1762486471,0000000400000001,1753266280246,4677,1967
1762486477,0000000100000004,1753326831850,1024,1968
1762486487,0000000100000002,1753424416415,354,1969
1762486492,0000000100000001,1753467709911,2934,1970
1762486498,0000004000000004,1753536758743,3991,1971
1762486505,0000000100000004,1753601583937,5271,1972
1762486515,000000c000000080,1753699651284,4578,1973
1762486541,0000000100000001,1753962359011,4358,1974
1762486551,0000008000000080,1754065030772,3367,1975
1762486570,0000004000000080,1754248754937,2696,1976
1762486570,0000008000000002,1754255243532,2309,1977
1762486571,0000000100000080,1754257551694,2173,1978
1762486573,0000000100000008,1754277817223,950,1979
1762486589,0000000100000080,1754443987844,1345,1980
1762486618,0000000100000001,1754732386248,4779,1981
1762486643,0000008000000080,1754985108716,5151,1982
1762486651,0000000100000001,1755066309603,270,1983
1762486660,0000000100000001,1755154869795,5324,1984
1762486668,0000004800000002,1755233071652,626,1985
1762486683,0000000800000004,1755382480146,2025,1986
1762486709,0000008000000001,1755638186657,2222,1987
1762486711,0000000100000002,1755665070884,609,1988
1762486718,0000008000000080,1755728779106,1971,1989
1762486767,0000004000000080,1756222826684,3415,1990
1762486768,0000000400000001,1756235907646,2619,1991
1762486785,0000008000000080,1756400000706,3141,1992
1762486793,0000008000000080,1756485368286,3200,1993
1762486807,0000000800000004,1756619118861,354,1994
1762486813,0000000800000002,1756681112859,1819,1995
1762486820,0000004000000004,1756752648858,2699,1996
1762486823,0000004000000002,1756782258763,923,1997
1762486830,0000008000000080,1756850017421,2045,1998
1762486840,0000004000000008,1756956179000,849,1999
1762486842,0000008000000080,1756973618459,4996,2000
1762486857,0000004000000002,1757125235882,1067,2001
1762486859,0000000100000008,1757143800382,5144,2002
1762486894,0000000800000080,1757492441482,4953,2003
1762486903,0000000800000001,1757579319041,4920,2004
1762486908,0000000400000002,1757628602396,1956,2005
1762486911,0000000400000004,1757660248486,5240,2006
1762486924,0000000800000001,1757796401205,2243,2007
1762486938,0000000800000008,1757933583655,4393,2008
1762486955,0000004000000080,1758101339193,4687,2009
1762486972,0000004000000002,1758275602921,4592,2010
1762486979,0000004000000080,1758338429073,804,2011
1762486986,0000008000000001,1758414440261,1427,2012
1762487003,0000008000000002,1758577903867,1984,2013
1762487014,0000004000000002,1758693147518,246,2014
1762487019,0000000400000004,1758737697590,2750,2015
1762487034,0000008000000080,1758896585980,3592,2016
1762487057,0000000800000002,1759125769324,192,2017
1762487070,0000000400000008,1759249529447,3131,2018
1762487083,0000000100000008,1759377234851,645,2019
1762487101,0000000400000001,1759563769804,5003,2020
1762487117,0000000100000008,1759717017520,977,2021
1762487125,0000000400000080,1759802108345,1053,2022
1762487126,0000000100000001,1759816253699,207,2023
1762487127,0000000100000002,1759816518512,192,2024
1762487132,0000000400000001,1759874659096,1888,2025
1762487139,0000004000000080,1759937708852,3285,2026
1762487141,0000004000000080,1759957395708,2101,2027
1762487150,0000004000000004,1760049871732,1736,2028
1762487163,0000004000000004,1760177168847,4472,2029
1762487173,0000000400000080,1760284000168,3228,2030
1762487178,0000000400000002,1760334128056,220,2031
1762487186,0000000100000001,1760409645858,864,2032
1762487197,0000000400000001,1760523341652,4423,2033
1762487197,0000004000000008,1760523827384,4395,2034
1762487199,0000000100000002,1760545053885,3105,2035
1762487202,0000008000000080,1760567886307,1740,2036
1762487204,0000000400000008,1760596294929,5216,2037
1762487217,0000000200000002,1760720741591,2924,2038
1762487242,0000000800000080,1760970018868,3519,2039
1762487247,0000000100000001,1761019157358,562,2040
1762487262,0000008000000080,1761167282147,2038,2041
1762487267,0000004000000009,1761224813950,3779,2042
1762487313,0000004000000002,1761685733372,2015,2043
1762487335,0000000400000002,1761901345265,4634,2044
1762487347,0000000800000004,1762018291874,2778,2045
1762487378,0000008000000080,1762328562754,4899,2046
1762487378,0000000100000003,1762332824177,4648,2047
1762487381,0000000100000006,1762365168051,2688,0
1762487398,0000000800000002,1762531857437,3051,1
1762487418,0000000800000001,1762729900220,1530,2
1762487434,0000000100000001,1762887571104,2427,3
1762487439,0000000100000002,1762938386602,4580,4
1762487444,0000008000000080,1762991935261,1348,5
1762487445,0000000400000004,1763001461340,775,6
1762487467,0000008000000080,1763218210852,3318,7
1762487468,0000008000000080,1763231087456,2538,8
1762487471,0000000100000001,1763257690288,942,9
1762487477,0000000900000001,1763322105410,2260,10
1762487491,0000000800000008,1763458740889,4443,11
1762487510,0000000800000080,1763648848957,3385,12
1762487513,0000004000000004,1763679868060,1519,13
1762487514,0000000100000008,1763694842622,619,14
1762487531,0000008000000080,1763856773232,1263,15
1762487542,0000000400000001,1763974742519,4565,16
1762487546,0000000800000008,1764015698453,2093,17
1762487562,0000008000000080,1764169441149,3230,18
1762487563,0000008000000002,1764185527368,2261,19
1762487564,0000000400000002,1764192860607,1828,20
1762487564,0000004000000001,1764193400897,1794,21
1762487566,0000008000000080,1764213031130,612,22
1762487573,0000008000000002,1764278664074,1860,23
1762487576,0000000100000004,1764308660610,5242,24
1762487600,0000000100000001,1764554151978,864,25
1762487610,0000008000000080,1764648635900,379,26
1762487622,0000008000000080,1764768352702,3567,27
1762487632,0000000100000005,1764872424285,2489,28
1762487634,0000008000000080,1764888891950,1506,29
1762487644,0000000100000001,1764990870737,567,30
1762487645,0000000400000004,1765000253088,5193,31
1762487653,0000008000000080,1765084847026,5296,32
1762487658,0000004000000008,1765130729765,2532,33
1762487658,0000000800000001,1765132924884,2402,34
1762487662,0000000100000001,1765171484164,5277,35
1762487668,0000008000000008,1765233737760,1538,36
1762487675,0000000100000001,1765302679831,2578,37
1762487707,0000000800000008,1765621778829,4176,38
1762487744,0000000400000001,1765991606699,2688,39
1762487748,0000000800000008,1766033606976,170,40
1762487749,0000004000000004,1766039208582,5024,41
1762487756,0000000800000004,1766109498456,793,42
1762487809,0000000800000080,1766643325550,5041,43
1762487823,0000004000000008,1766776829973,2201,44
1762487828,0000008000000002,1766832063395,4085,45
1762487832,0000000100000001,1766871167293,1728,46
1762487836,0000000100000001,1766912954550,4413,47
1762487839,0000000100000001,1766940784709,2722,48
1762487840,0000000800000001,1766948152895,2282,49
1762487847,0000008000000080,1767020978559,3096,50
1762487854,0000008000000080,1767096102451,3782,51
1762487855,0000004000000001,1767105704839,3194,52
1762487882,0000000100000001,1767376330814,2493,53
1762487887,0000000400000001,1767419658767,5086,54
1762487935,0000008000000002,1767905757421,1819,55
1762487936,0000000100000080,1767910767810,1515,56
1762487943,0000000400000001,1767978125356,2650,57
1762487950,0000000800000080,1768049491354,3561,58
1762487963,0000000100000001,1768184924156,605,59
1762487969,0000004000000080,1768239991127,2479,60
1762487972,0000000800000080,1768269375426,717,61
1762487975,0000008000000004,1768302587597,3923,62
1762487987,0000000400000001,1768423605728,1832,63
1762487991,0000008000000080,1768458483395,4928,64
1762488003,0000000500000001,1768585951788,2445,65
1762488018,0000000400000080,1768736262963,3803,66
1762488033,0000000100000002,1768878580192,431,67
1762488033,0000000400000004,1768883172309,162,68
1762488056,0000004000000080,1769116476483,1704,69
1762488067,0000000100000002,1769218849323,737,70
1762488087,0000000100000080,1769421957157,4111,71
1762488090,0000004000000004,1769447601911,2550,72
1762488109,0000000100000008,1769644911261,1073,73
1762488110,0000000800000008,1769653653637,552,74
1762488110,0000008000000080,1769655633887,434,75
1762488113,0000000400000002,1769685228323,3853,76
1762488114,0000004000000080,1769691587163,3464,77
1762488120,0000000400000001,1769747208891,5306,78
1762488128,0000000100000080,1769827706895,469,79
1762488146,0000008000000004,1770015237710,4775,80
1762488193,0000000100000001,1770482993844,2594,81
1762488200,0000000800000080,1770553124082,3581,82
1762488215,0000000400000004,1770705472999,4805,83
1762488235,0000000400000002,1770904751324,3197,84
1762488237,0000000800000001,1770918312749,2379,85
1762488245,0000000200000002,1770998972119,2719,86
1762488263,0000008000000008,1771179106368,2275,87
1762488271,0000000100000004,1771261446658,2512,88
1762488287,0000000800000080,1771418319367,3472,89
1762488292,0000000500000008,1771475291182,5234,90
1762488295,0000000800000080,1771500785787,3710,91
1762488301,0000000100000001,1771558819216,216,92
1762488305,0000004000000008,1771601126653,2855,93
1762488306,0000000100000001,1771611098243,2258,94
1762488308,0000004000000003,1771630799642,1073,95
1762488311,0000000100000001,1771665971335,4166,96
1762488319,0000000100000001,1771737214396,5062,97
1762488369,0000008000000080,1772245469292,462,98
1762488408,0000000400000080,1772630275695,3279,99
1762488408,0000000400000080,1772635962645,2934,100
1762488409,0000004000000004,1772644487245,2421,101
1762488426,0000000400000002,1772812786874,2683,102
1762488440,0000004000000008,1772952951007,4655,103
1762488443,0000008000000080,1772980833093,2964,104
1762488444,0000008000000008,1772987789366,2544,105
1762488446,0000004000000001,1773009909566,1219,106
1762488457,0000000800000004,1773118538853,5072,107
1762488465,0000000100000002,1773200085563,172,108
1762488474,0000008000000080,1773293553401,4936,109
1762488483,0000008000000008,1773378142975,5038,110
1762488485,0000000100000004,1773403562726,3512,111
1762488500,0000004000000008,1773551108039,5022,112
1762488508,0000004000000004,1773631164990,210,113
1762488508,0000008000000080,1773632937713,5291,114
1762488509,0000008000000080,1773639125047,4925,115
1762488512,0000000100000001,1773675929326,2700,116
1762488513,0000000800000004,1773685801260,2113,117
1762488545,0000004000000001,1773998151798,4111,118
1762488550,0000004000000080,1774055933055,626,119
1762488551,0000000800000080,1774065976394,5212,120
1762488561,0000004000000008,1774157687763,4895,121
1762488562,0000008000000080,1774168988061,4223,122
1762488586,000000c000000080,1774411653014,5193,123
1762488588,0000000100000002,1774431533213,4010,124
1762488603,0000000200000001,1774585288657,5137,125
1762488610,0000008000000040,1774647226115,1414,126
1762488617,0000004000000004,1774725607602,1895,127
1762488625,0000000100000001,1774796864890,2793,128
1762488638,0000000800000002,1774933194610,4987,129
1762488640,0000004000000002,1774950662783,3946,130
1762488655,0000008000000080,1775096572344,355,131
1762488663,0000008000000080,1775180654503,493,132
1762488672,0000000400000006,1775271541788,219,133
1762488677,0000000800000001,1775322614447,2333,134
1762488678,0000000100000001,1775326816896,2085,135
1762488714,0000004000000008,1775688663816,1091,136
1762488741,0000000400000004,1775966315525,5164,137
1762488742,0000000400000008,1775969181444,4995,138
1762488749,0000000800000008,1776038530499,821,139
1762488750,0000008000000080,1776053028855,5143,140
1762488753,0000000100000001,1776083228121,3327,141
1762488772,0000008000000080,1776270915170,2419,142
1762488776,0000000100000001,1776313823727,5039,143
1762488788,0000000800000080,1776427152753,3416,144
1762488815,000000c000000080,1776696462887,2791,145
1762488826,0000008000000008,1776810716744,1115,146
1762488840,0000008000000008,1776956038424,2759,147
1762488845,0000008000000080,1777001002133,5251,148
1762488864,0000000300000001,1777187436102,4437,149
1762488873,0000000800000001,1777282955659,3883,150
1762488902,0000008000000004,1777572814393,2022,151
1762488904,0000004000000080,1777590750342,938,152
1762488906,0000008000000080,1777613195507,4790,153
1762488909,0000000400000002,1777644140879,2917,154
1762488935,0000000800000004,1777899089494,3166,155
1762488936,0000008000000080,1777909090065,2560,156
1762488942,0000000800000080,1777972733587,3943,157
1762488969,0000004000000080,1778243083328,3249,158
1762488975,0000000100000001,1778297067946,5196,159
1762488984,0000000100000008,1778392993885,4629,160
1762488985,0000000800000001,1778404379589,3947,161
1762488989,0000008000000080,1778445416629,1470,162
1762489008,0000000100000008,1778632238503,619,163
1762489013,0000000100000008,1778685694098,2589,164
1762489014,0000000200000008,1778688730782,2408,165
1762489028,0000000400000004,1778828049472,4432,166
1762489034,0000000800000002,1778891538093,604,167
1762489035,0000000100000001,1778902374525,5142,168
1762489048,0000000100000001,1779035254756,2340,169
1762489058,0000004000000001,1779130760494,1798,170
1762489071,0000004000000080,1779264775244,4130,171
1762489082,0000000100000001,1779370160046,2969,172
1762489088,0000000400000001,1779431807286,4470,173
1762489092,0000000100000002,1779470840576,2112,174
1762489095,0000004000000080,1779500366186,338,175
1762489096,0000000800000004,1779509538150,4979,176
1762489099,0000000400000080,1779536877615,3333,177
1762489109,0000008000000004,1779637311892,2479,178
1762489126,0000000800000004,1779806337348,2699,179
1762489130,0000008000000004,1779853477384,5064,180
1762489131,0000000100000001,1779863541378,4469,181
1762489138,0000000100000002,1779927987654,585,182
1762489149,0000000100000080,1780041648867,4143,183
1762489155,0000000400000002,1780097430084,776,184
1762489181,0000000400000002,1780363488712,358,185
1762489193,0000004000000001,1780481976090,3619,186
1762489208,0000000100000003,1780636011569,4743,187
1762489220,0000000100000001,1780749648978,3091,188
1762489252,0000000400000001,1781075139530,4301,189
1762489255,0000008000000080,1781097774769,2924,190
1762489260,0000000800000002,1781153321848,4788,191
1762489276,0000004000000008,1781307802473,683,192
1762489277,0000000400000004,1781322951143,4968,193
1762489281,0000000800000080,1781362225123,2596,194
1762489284,0000000100000001,1781389636000,952,195
1762489287,0000000800000002,1781417078180,4507,196
1762489291,0000004000000001,1781465967243,1559,197
1762489297,0000000100000005,1781518116706,3619,198
1762489313,0000004000000004,1781676811912,4464,199
1762489324,0000000400000008,1781791597740,2739,200
1762489333,0000000800000001,1781881186967,2543,201
1762489341,0000000100000001,1781962166230,2866,202
1762489341,0000000400000004,1781964422847,2729,203
1762489347,0000000400000002,1782024112915,4351,204
1762489353,0000000800000080,1782081610105,878,205
1762489355,0000000100000001,1782096638944,5168,206
1762489357,0000000100000080,1782120595726,3737,207
1762489364,0000004000000008,1782196022691,4398,208
1762489369,0000000400000008,1782245959932,1382,209
1762489387,0000004000000080,1782420801689,1251,210
1762489391,0000000100000080,1782464208049,3845,211
1762489394,0000004000000001,1782486905594,2464,212
1762489396,0000008000000080,1782506588938,1285,213
1762489403,0000008000000080,1782583021576,1886,214
1762489404,0000000800000080,1782591751334,1357,215
1762489436,0000000800000001,1782915736343,2636,216
1762489445,0000000800000008,1783005231897,2447,217
1762489463,0000000400000004,1783178477963,2415,218
1762489487,0000008000000008,1783424076955,3226,219
1762489495,000000080000000a,1783502541418,3709,220
1762489510,0000000800000004,1783650444682,5191,221
1762489540,0000000400000001,1783956035511,2386,222
1762489577,0000000800000001,1784320732354,1228,223
1762489595,0000000400000080,1784499931093,837,224
1762489617,0000000100000001,1784719970742,3181,225
1762489630,0000000800000008,1784853269817,362,226
1762489636,0000008000000008,1784909780242,2154,227
1762489650,0000000800000002,1785050254978,4102,228
1762489652,0000000100000001,1785071941986,2781,229
1762489666,0000000100000001,1785210503681,4845,230
1762489669,0000008000000080,1785245421281,2731,231
1762489684,0000000400000080,1785395471791,4111,232
1762489685,0000008000000080,1785400020926,3836,233
1762489695,0000000400000080,1785496230446,3231,234
1762489715,0000008000000001,1785696461348,1579,235
1762489735,0000000800000001,1785901843226,4808,236
1762489747,0000004000000004,1786023040888,2701,237
1762489765,0000004000000004,1786201819212,2338,238
1762489768,0000000400000008,1786232674807,486,239
1762489804,0000004000000080,1786591908581,4848,240
1762489804,0000008000000080,1786592588928,4808,241
1762489804,0000008000000002,1786593600859,4750,242
1762489807,0000000800000080,1786620415881,3126,243
1762489817,0000000100000001,1786722228248,2198,244
1762489826,0000000400000002,1786808418738,2207,245
1762489827,0000000800000001,1786816241381,1743,246
1762489840,0000008000000080,1786948242582,4197,247
1762489850,0000004800000004,1787053974039,3014,248
1762489869,0000008000000008,1787243873881,1988,249
1762489901,0000008000000002,1787556647672,3955,250
1762489922,0000000800000001,1787767195916,1671,251
1762489925,0000008000000004,1787805804418,4548,252
1762489937,0000000400000008,1787924641202,2578,253
1762489946,0000000800000001,1788009449118,2670,254
1762489951,0000008000000080,1788060356573,4813,255
1762489958,0000000100000001,1788127435509,772,256
1762489986,0000000100000001,1788408637331,4643,257
1762489987,0000000100000080,1788424574990,3679,258
1762489998,0000000300000001,1788532376110,2378,259
1762490016,0000000400000001,1788712786061,1922,260
1762490024,0000000400000004,1788795827740,2117,261
1762490029,0000000100000001,1788836423957,4872,262
1762490029,0000004000000004,1788844277061,4408,263
1762490041,0000000400000008,1788957087326,2800,264
1762490050,0000004000000008,1789054027357,2166,265
1762490053,0000008000000080,1789080881573,553,266
1762490062,0000000400000008,1789173764134,162,267
1762490090,0000008000000004,1789453723140,4105,268
1762490097,0000000800000001,1789519161120,162,269
1762490107,0000000800000080,1789616607885,4691,270
1762490112,0000008000000080,1789671541828,1379,271
1762490126,0000008000000080,1789811255230,3362,272
1762490131,0000000100000004,1789859444354,467,273
1762490140,0000008000000001,1789954756063,5117,274
1762490145,0000000100000002,1789998098761,2505,275
1762490154,0000004000000080,1790090484635,2146,276
1762490165,0000000400000001,1790204563923,481,277
1762490175,0000000100000001,1790296879765,5311,278
1762490176,0000000800000001,1790310927756,4478,279
1762490191,0000000100000004,1790462871464,524,280
1762490196,0000000800000001,1790515581497,2539,281
1762490212,0000000100000001,1790673998275,3405,282
1762490238,0000008000000002,1790931098443,3524,283
1762490257,0000000100000001,1791117714503,2675,284
1762490260,0000000400000004,1791149525126,767,285
1762490271,0000000800000001,1791259992040,4521,286
1762490276,0000004000000004,1791313075786,1318,287
1762490280,0000008000000001,1791349158652,4352,288
1762490287,0000000400000008,1791416333075,303,289
1762490288,0000000100000001,1791431262159,4606,290
1762490290,0000000100000001,1791449097531,3528,291
1762490298,0000000800000002,1791527614115,4005,292
1762490300,0000000200000001,1791550000952,2641,293
1762490300,0000004000000001,1791554593722,2368,294
1762490303,0000000100000005,1791579298546,883,295
1762490349,0000000800000004,1792040044977,4343,296
1762490351,0000000800000001,1792063134692,2939,297
1762490352,0000000100000004,1792069568563,2550,298
1762490399,0000004000000080,1792543952855,5182,299
1762490427,0000008000000008,1792821065855,4107,300
1762490434,0000000800000002,1792890282589,5126,301
1762490437,0000000400000004,1792916436369,3558,302
1762490443,0000000400000002,1792983108590,4744,303
1762490468,0000008000000080,1793235629319,5127,304
1762490477,0000000400000002,1793322460873,5099,305
1762490483,0000000400000080,1793380113740,1634,306
1762490499,0000004000000080,1793539882931,2403,307
1762490503,0000000100000001,1793583916188,4954,308
1762490511,0000004000000008,1793660681400,339,309
1762490515,0000000100000007,1793696647653,3365,310
1762490573,0000000400000008,1794282360198,810,311
1762490591,0000008000000001,1794462764785,4036,312
1762490595,0000004000000002,1794501076763,1726,313
1762490596,0000000100000003,1794510941188,1127,314
1762490598,0000000800000002,1794525988132,226,315
1762490621,0000008000000001,1794757471640,1884,316
1762490627,0000008000000080,1794823980428,3068,317
1762490628,0000008000000080,1794833278297,2507,318
1762490636,0000004000000080,1794909918626,3093,319
1762490637,0000000800000008,1794920741674,2440,320
1762490669,0000000100000008,1795242580227,3870,321
1762490672,0000000400000008,1795272782510,2046,322
1762490707,0000000800000002,1795618734983,2013,323
1762490724,0000000100000001,1795795508067,1770,324
1762490726,0000000100000002,1795810126257,883,325
1762490729,0000008000000080,1795837747271,4429,326
1762490731,0000000100000004,1795861024235,3012,327
1762490742,0000008000000004,1795971552845,1566,328
1762490791,0000000800000008,1796463950426,3103,329
1762490791,0000008000000080,1796465577292,3003,330
1762490793,0000000100000001,1796478622038,2221,331
1762490796,0000000800000002,1796513050292,162,332
1762490802,0000000400000001,1796566675239,2121,333
1762490810,0000000400000002,1796650658808,2260,334
1762490819,0000000800000001,1796744661064,1807,335
1762490836,0000004000000001,1796914277832,1989,336
1762490850,0000000800000001,1797054276537,3963,337
1762490865,0000004000000080,1797196040846,620,338
1762490894,0000000100000008,1797487259470,3886,339
1762490910,0000004000000004,1797649217321,4531,340
1762490930,0000000100000008,1797855340006,2506,341
1762490936,0000008000000008,1797913948857,4190,342
1762490944,0000000800000002,1797991845827,4695,343
1762490956,0000004000000008,1798110584141,2732,344
1762490956,0000008000000080,1798114480118,2498,345
1762490989,0000000100000004,1798441717026,3600,346
1762490990,0000000800000008,1798452746858,2926,347
1762491000,0000008000000080,1798549181091,2321,348
1762491021,0000000800000001,1798765366088,4906,349
1762491022,0000000400000010,1798767944480,4754,350
1762491039,0000000800000008,1798937666213,4928,351
1762491058,0000000800000080,1799125971531,3996,352
1762491066,0000000400000002,1799205962049,4379,353
1762491113,0000000400000002,1799683087207,1640,354
1762491118,0000004000000001,1799730713175,3974,355
1762491128,0000000400000080,1799830658131,3145,356
1762491142,0000000100000001,1799973245857,4960,357
1762491146,0000000800000002,1800009990835,2741,358
1762491154,0000008000000080,1800089665626,3146,359
1762491160,0000008000000080,1800149853902,4729,360
1762491173,0000000800000004,1800284552718,1818,361
1762491177,0000004000000008,1800321014427,4820,362
1762491177,0000000800000008,1800321018328,4820,363
1762491181,000000c000000080,1800363962723,2228,364
1762491193,0000008000000080,1800475905022,691,365
1762491209,0000000100000080,1800637588185,1353,366
1762491209,0000000100000008,1800640907228,1151,367
1762491232,0000000100000004,1800874512066,2675,368
1762491241,0000008000000080,1800957165595,2898,369
1762491269,0000000400000080,1801236430871,1690,370
1762491277,0000000100000001,1801319231671,1904,371
1762491313,0000000100000002,1801676980168,1153,372
1762491341,0000008000000080,1801960129862,4902,373
1762491356,0000004000000080,1802113654936,856,374
1762491404,0000000400000080,1802588420206,3464,375
1762491416,0000008000000001,1802706120379,1579,376
1762491424,0000004000000002,1802793408490,1519,377
1762491454,0000000100000001,1803091444862,4377,378
1762491460,0000000800000080,1803152980002,666,379
1762491496,0000000800000008,1803510467250,5128,380
1762491506,0000004000000002,1803609629513,4369,381
1762491507,0000008000000080,1803617097508,3919,382
1762491510,0000000c00000004,1803652077985,1809,383
1762491530,0000000400000002,1803851238435,216,384
1762491534,0000000100000008,1803887206978,3240,385
1762491541,0000000800000001,1803956478240,4281,386
1762491544,0000008000000002,1803994968787,1957,387
1762491547,0000008000000080,1804016771132,644,388
1762491548,0000000100000001,1804029902526,5047,389
1762491569,0000000100000002,1804238814203,2862,390
1762491574,0000000800000008,1804285868913,5228,391
1762491574,0000000400000080,1804286461710,5192,392
1762491574,0000004000000004,1804294877900,4696,393
1762491576,0000008000000004,1804306595984,3995,394
1762491583,000000c000000080,1804375800353,5017,395
1762491583,0000000800000004,1804382713611,4608,396
1762491601,0000008000000002,1804563170866,4142,397
1762491607,0000000400000080,1804620965527,657,398
1762491636,0000008000000080,1804913615482,3835,399
1762491657,0000008000000002,1805117500670,1955,400
1762491659,0000000800000080,1805137141654,768,401
1762491659,0000000100000001,1805141441863,512,402
1762491660,0000008000000008,1805154594683,4915,403
1762491665,0000000800000008,1805199546097,2208,404
1762491693,0000000100000002,1805484254037,664,405
1762491695,0000000100000001,1805497338914,5071,406
1762491707,0000000800000002,1805622124854,2753,407
1762491712,0000008000000008,1805675179783,4767,408
1762491728,0000000100000008,1805826801251,834,409
1762491728,0000000400000004,1805832704606,482,410
1762491738,0000008000000008,1805926074968,5241,411
1762491741,0000000100000007,1805961317688,3128,412
1762491756,0000000100000001,1806107563860,4728,413
1762491765,0000000800000002,1806204301762,4106,414
1762491785,0000000800000008,1806399449255,2738,415
1762491790,0000008000000001,1806454966086,4607,416
1762491802,0000000400000004,1806569359623,2906,417
1762491829,0000000100000008,1806835832113,2458,418
1762491829,0000000400000008,1806843622019,1999,419
1762491851,0000000100000001,1807061643479,4474,420
1762491856,0000000100000004,1807114565182,1278,421
1762491884,0000000100000002,1807392804559,5314,422
1762491890,0000000800000002,1807454867244,1586,423
1762491894,0000000800000001,1807486106550,4901,424
1762491904,0000000100000004,1807594149014,3598,425
1762491918,0000000800000001,1807729425174,650,426
1762491925,0000004000000080,1807804001637,1358,427
1762491930,0000000100000080,1807848303906,3896,428
1762491943,0000000800000080,1807978916359,1222,429
1762491971,0000008000000080,1808258902735,5155,430
1762491975,0000004000000004,1808305505406,2350,431
1762492006,0000008000000080,1808611111431,4752,432
1762492006,000000c000000080,1808615020930,4520,433
1762492007,0000008000000080,1808624940422,3924,434
1762492011,0000008000000002,1808664961860,1508,435
1762492016,0000000400000080,1808709646615,4022,436
1762492022,0000000400000008,1808766971830,565,437
1762492022,0000000100000001,1808769724851,401,438
1762492040,0000000800000002,1808946692974,5330,439
1762492040,0000000100000001,1808949745871,5150,440
1762492052,0000000100000001,1809066842083,3299,441
1762492061,0000000800000080,1809160609380,2849,442
1762492083,0000000300000002,1809383612327,5023,443
1762492092,000000c000000080,1809471998194,4901,444
1762492101,0000008000000080,1809562287826,4670,445
1762492121,0000000400000004,1809758670047,3234,446
1762492127,0000000800000004,1809823391164,4546,447
1762492131,0000008000000080,1809859074986,2385,448
1762492169,0000000800000004,1810242643838,5283,449
1762492181,0000000800000008,1810365495201,3087,450
1762492199,0000000800000080,1810544490100,5409,451
1762492201,0000008000000080,1810556833051,1971,452
1762492201,0000000100000001,1810563914424,1544,453
1762492208,0000000800000002,1810626894095,2941,454
1762492210,0000000800000008,1810649648139,1581,455
1762492212,0000008000000008,1810669295217,401,456
1762492212,0000004000000004,1810671089741,293,457
1762492219,0000000100000002,1810738449857,1432,458
1762492252,0000000400000001,1811072618396,2106,459
1762492260,0000008000000080,1811149483397,2669,460
1762492266,0000000800000002,1811212512401,4089,461
1762492271,0000000100000001,1811256392319,1438,462
1762492281,0000004000000080,1811362985410,224,463
1762492286,0000000100000008,1811408720260,2656,464
1762492287,0000004000000004,1811425387472,1665,465
1762492306,000000400000000a,1811613320721,743,466
1762492327,0000000100000080,1811818604863,3987,467
1762492329,0000008000000001,1811835728448,2941,468
1762492333,0000000400000008,1811883748348,5250,469
1762492334,0000000400000008,1811889901803,4885,470
1762492337,000000c000000008,1811924998344,2764,471
1762492338,0000000100000001,1811928165915,2573,472
1762492339,0000000100000001,1811943443648,1665,473
1762492350,000000c000000080,1812047384124,604,474
1762492363,0000008000000001,1812181963488,2888,475
1762492364,0000008000000080,1812191861264,2295,476
1762492367,0000008000000001,1812217967290,729,477
1762492383,0000000400000080,1812380950203,1312,478
1762492400,0000004000000002,1812547269173,1700,479
1762492417,0000008000000004,1812720683293,1656,480
1762492420,0000000400000002,1812753663534,4866,481
1762492441,0000000400000004,1812960514539,2803,482
1762492448,0000004000000001,1813028298630,3932,483
1762492461,0000004000000001,1813158505319,1284,484
1762492476,0000000800000008,1813311910808,2439,485
1762492503,0000004000000001,1813579663125,1924,486
1762492506,0000004000000080,1813608812345,169,487
1762492508,0000000800000006,1813627308406,4258,488
1762492512,0000000800000004,1813673762462,1455,489
1762492530,0000000100000003,1813850640967,1199,490
1762492540,0000008000000080,1813951276964,344,491
1762492545,000000c000000080,1814003471174,2392,492
1762492548,0000000c00000080,1814032653832,642,493
1762492574,0000000800000080,1814288218141,847,494
1762492578,0000004100000001,1814331710659,3427,495
1762492588,0000004000000080,1814428998288,2761,496
1762492589,0000000100000002,1814438613024,2188,497
1762492610,0000000100000001,1814651163026,4987,498
1762492620,0000008000000080,1814746354002,4464,499
1762492633,0000008000000008,1814879355763,1651,500
1762492649,0000000100000080,1815041532689,2275,501
1762492650,0000000800000001,1815048840513,1843,502
1762492651,0000008000000001,1815055545310,1437,503
1762492657,0000008000000080,1815116940497,2931,504
1762492662,0000000100000001,1815171546443,4851,505
1762492673,0000008000000080,1815280545851,3486,506
1762492702,0000000800000004,1815565652058,1918,507
1762492706,0000000100000008,1815606413475,4663,508
1762492709,0000000100000001,1815644536024,2359,509
1762492720,0000000800000080,1815753753131,985,510
1762492740,0000000100000002,1815948681883,4848,511
1762492745,0000008000000001,1816004056426,1514,512
1762492754,0000000800000004,1816087547344,1689,513
1762492769,0000000400000001,1816238109646,3009,514
1762492777,0000008000000080,1816323948442,3040,515
1762492783,0000000400000001,1816379506915,4900,516
1762492795,0000008000000080,1816503646034,2617,517
1762492800,0000000800000004,1816554253696,4779,518
1762492805,0000000100000084,1816598108881,2135,519
1762492805,0000008000000080,1816600644172,1985,520
1762492813,0000004000000001,1816683653504,2181,521
1762492817,0000000400000004,1816721354177,5108,522
1762492834,0000000b00000002,1816886194640,390,523
1762492856,0000000400000004,1817108642689,2580,524
1762492859,0000000100000080,1817140387532,678,525
1762492865,0000008000000080,1817203805946,2059,526
1762492867,0000000100000001,1817222126311,952,527
1762492884,0000004000000080,1817390402113,1218,528
1762492889,0000008000000001,1817439468334,3464,529
1762492921,0000008000000080,1817756911521,5141,530
1762492937,0000004000000008,1817924295447,272,531
1762492938,0000000400000004,1817932625831,4962,532
1762492961,0000000100000001,1818158770988,1750,533
1762492968,000000c000000080,1818235029424,2348,534
1762492998,0000000100000008,1818533762346,5155,535
1762493005,0000000800000008,1818595735016,1429,536
1762493005,0000000800000008,1818602849014,999,537
1762493017,0000000800000008,1818718533005,4440,538
1762493017,0000008000000080,1818718553956,4438,539
1762493027,0000000800000080,1818820917829,3468,540
1762493029,0000000100000080,1818842570980,2163,541
1762493033,0000008000000080,1818875750434,170,542
1762493053,0000000800000004,1819079953828,3467,543
1762493066,0000000100000001,1819206935711,1018,544
1762493067,0000000100000001,1819220783555,191,545
1762493081,0000000800000001,1819362931227,2027,546
1762493089,0000000100000008,1819443167386,2388,547
1762493092,0000000100000001,1819465976539,1016,548
1762493096,0000000100000001,1819509465325,3603,549
1762493097,0000008000000080,1819523003867,2777,550
1762493119,0000008000000080,1819739098007,176,551
1762493129,0000000100000001,1819843274642,4304,552
1762493130,0000000100000080,1819847340837,4060,553
1762493136,0000000100000001,1819912895482,5295,554
1762493139,0000000100000001,1819944136287,3420,555
1762493148,0000008000000001,1820031120582,3382,556
1762493152,0000000400000080,1820066628379,1244,557
1762493154,000000400000000c,1820092399588,4892,558
1762493167,0000000100000004,1820215484087,2672,559
1762493206,000000010000000c,1820606586533,5121,560
1762493213,0000000400000004,1820681029648,645,561
1762493223,0000000100000002,1820778724598,5154,562
1762493231,0000008000000080,1820863456372,5248,563
1762493233,0000008000000001,1820881617533,4171,564
1762493241,0000000800000008,1820963528728,4436,565
1762493252,0000000100000001,1821070400485,3188,566
1762493284,0000000400000004,1821390034165,4745,567
1762493297,0000008000000008,1821519319396,2156,568
1762493300,0000000400000002,1821551849700,203,569
1762493310,0000000100000002,1821650248810,4676,570
1762493313,0000000800000002,1821677334182,3034,571
1762493313,0000008000000080,1821681261703,2796,572
1762493330,0000000100000001,1821854633444,2755,573
1762493336,0000004000000008,1821914095742,4388,574
1762493360,0000008000000080,1822152159648,448,575
1762493374,0000008000000080,1822290565229,2502,576
1762493404,0000000100000001,1822591112648,5201,577
1762493428,0000008000000001,1822829107791,1274,578
1762493454,0000000100000001,1823089145558,1213,579
1762493464,0000000800000080,1823188064482,460,580
1762493466,0000000100000001,1823207308596,4504,581
1762493466,0000004000000008,1823209910467,4349,582
1762493468,0000000100000001,1823226118687,3363,583
1762493471,0000008000000008,1823257587800,1470,584
1762493481,0000000100000001,1823363434188,301,585
1762493487,0000000100000001,1823415578210,2351,586
1762493505,0000000800000002,1823596468207,1866,587
1762493511,0000000100000004,1823660440420,3205,588
1762493514,0000000800000001,1823691759506,1322,589
1762493528,0000008000000080,1823832231770,3258,590
1762493545,0000000100000008,1824001592357,3461,591
1762493550,0000000800000004,1824054783081,264,592
1762493552,0000000100000001,1824072061796,4425,593
1762493568,000000c000000080,1824232055112,5174,594
1762493577,0000008000000080,1824321640061,4985,595
1762493584,0000000400000003,1824392372029,729,596
1762493588,0000000400000080,1824432648215,3503,597
1762493595,0000004000000004,1824501718532,4548,598
1762493600,0000000100000080,1824545472293,1912,599
1762493604,0000004000000008,1824587932368,4557,600
1762493608,0000000800000080,1824632152888,1891,601
1762493621,0000000800000008,1824762791598,4428,602
1762493623,0000000100000004,1824781086944,3315,603
1762493631,0000000100000001,1824863458912,3559,604
1762493663,0000008800000001,1825184991542,4990,605
1762493666,0000000c00000080,1825209725219,3503,606
1762493671,0000004000000004,1825263708086,257,607
1762493689,0000000100000008,1825436841805,231,608
1762493690,0000008000000080,1825449454541,4669,609
1762493697,0000000200000010,1825516908748,606,610
1762493698,0000000400000001,1825534009784,4776,611
1762493713,0000004000000001,1825677815064,1313,612
1762493733,0000000100000002,1825877695828,4875,613
1762493738,0000000400000002,1825926176375,1959,614
1762493742,0000008000000008,1825975145616,4215,615
1762493748,0000000400000008,1826027311964,1063,616
1762493768,0000008000000080,1826225290075,4745,617
1762493771,0000000100000001,1826261665108,2542,618
1762493784,0000000100000001,1826390242370,5200,619
1762493811,0000000100000004,1826655726918,4820,620
1762493815,0000000800000001,1826703539471,1942,621
1762493819,0000008000000008,1826736267976,5162,622
1762493824,0000000100000002,1826787920648,2060,623
1762493825,0000008000000002,1826796009075,1572,624
1762493841,0000008000000002,1826958110608,2207,625
1762493858,0000004100000004,1827129662360,2273,626
1762493859,0000008000000080,1827140981846,1597,627
1762493872,0000008000000004,1827268964402,4295,628
1762493885,0000008000000080,1827396563356,1807,629
1762493911,0000000800000002,1827663371603,1334,630
1762493933,0000008000000080,1827876326368,4117,631
1762493964,0000000400000002,1828194122834,572,632
1762493969,0000000100000001,1828241793243,2892,633
1762493975,0000000400000002,1828295180001,4882,634
1762493975,0000000400000002,1828299239074,4643,635
1762493983,0000000800000080,1828375547042,5236,636
1762493983,0000000200000004,1828377172796,5139,637
1762493996,0000008000000080,1828511234388,2268,638
1762494058,0000008000000080,1829126268085,1635,639
1762494060,0000000800000004,1829153058121,5210,640
1762494061,0000008000000080,1829160145015,4792,641
1762494074,0000004000000080,1829289280757,2212,642
1762494082,0000000200000001,1829371525410,2454,643
1762494087,0000000800000002,1829415658113,5000,644
1762494135,0000008000000001,1829902252452,1701,645
1762494163,0000000400000008,1830177285036,735,646
1762494181,0000000100000008,1830360785861,5276,647
1762494182,0000000100000004,1830368243032,4834,648
1762494199,0000000400000001,1830537581875,5031,649
1762494203,0000000800000004,1830583654740,2256,650
1762494228,0000000400000004,1830832792380,2849,651
1762494232,0000008000000080,1830873182112,427,652
1762494233,0000008000000080,1830876336530,239,653
1762494233,0000000400000004,1830877716534,162,654
1762494253,0000000400000001,1831080060165,3567,655
1762494256,0000004000000001,1831105863522,2013,656
1762494259,0000000100000003,1831135665429,221,657
1762494261,0000008000000080,1831158305050,4061,658
1762494266,0000000400000080,1831211798879,830,659
1762494295,0000008000000001,1831501879847,4170,660
1762494299,0000004000000004,1831537655229,2008,661
1762494302,0000000400000008,1831574073682,5009,662
1762494316,0000000400000002,1831709872541,2036,663
1762494327,0000000100000001,1831820456106,577,664
1762494337,0000004000000004,1831916636720,5176,665
1762494345,000000c000000080,1831999351502,206,666
1762494358,0000000100000001,1832129418963,2760,667
1762494363,0000008000000080,1832180939393,4866,668
1762494380,0000004000000080,1832351680882,4980,669
1762494383,0000008000000080,1832383937475,3032,670
1762494399,0000000400000080,1832541611938,3950,671
1762494408,0000000800000008,1832628770266,3901,672
1762494422,0000000800000008,1832773723048,369,673
1762494426,0000000800000004,1832809802112,3391,674
1762494435,0000000400000004,1832902540155,3000,675
1762494437,0000000400000004,1832918548647,2043,676
1762494453,0000000100000001,1833075069254,3010,677
1762494467,0000000400000004,1833215834340,4937,678
1762494470,0000008000000002,1833247138554,3046,679
1762494475,0000008000000080,1833297250319,5228,680
1762494483,0000000800000001,1833382960649,5266,681
1762494483,0000008000000080,1833383756796,5218,682
1762494494,0000004000000002,1833494732374,3749,683
1762494507,0000000100000080,1833622695701,1234,684
1762494514,0000000400000001,1833690789445,2330,685
1762494516,0000008000000001,1833710201108,1163,686
1762494525,0000004000000004,1833798297859,1058,687
1762494529,0000008000000080,1833835984228,3997,688
1762494529,0000000800000080,1833839861003,3762,689
1762494547,0000000100000004,1834023847288,3069,690
1762494553,0000008000000080,1834080748423,4849,691
1762494570,0000000400000001,1834247388013,5207,692
1762494575,0000000500000001,1834295571326,2308,693
1762494600,0000000400000002,1834551505603,2490,694
1762494620,0000008000000001,1834750264946,927,695
1762494624,0000000100000080,1834791175132,3668,696
1762494625,0000000200000008,1834795667422,3392,697
1762494633,0000000400000008,1834881698037,3411,698
1762494634,0000000400000001,1834887733901,3042,699
1762494638,0000000100000008,1834930851379,457,700
1762494642,0000000400000001,1834967656520,3435,701
1762494655,0000000400000001,1835104221240,415,702
1762494656,0000000800000002,1835113796215,5031,703
1762494658,0000000400000001,1835127041504,4244,704
1762494693,0000008100000080,1835484569771,3506,705
1762494733,0000008000000080,1835878678327,573,706
1762494754,0000000400000002,1836088610488,3528,707
1762494756,0000004000000004,1836110021762,2233,708
1762494759,0000004000000001,1836137982901,557,709
1762494761,0000000100000080,1836161907880,4320,710
1762494770,000000c000000002,1836253763654,3988,711
1762494790,0000000200000002,1836451917141,2440,712
1762494804,0000000800000008,1836589961102,4538,713
1762494819,0000004000000080,1836739663145,717,714
1762494833,0000000800000008,1836878807270,2730,715
1762494837,0000000400000080,1836920399856,236,716
1762494843,0000008000000080,1836980079228,1843,717
1762494869,0000008000000004,1837238244133,1895,718
1762494896,0000000100000008,1837509920239,1127,719
1762494903,0000000800000004,1837577835971,2236,720
1762494905,0000000400000008,1837596087676,1137,721
1762494910,0000004000000080,1837650855994,3034,722
1762494930,0000000100000080,1837850915019,1393,723
1762494963,0000000400000001,1838182302315,2232,724
1762494973,0000008000000004,1838275714850,1814,725
1762494980,0000004000000008,1838354316614,2273,726
1762495005,0000000100000001,1838599594723,3097,727
1762495009,0000004000000001,1838643741299,449,728
1762495028,0000000800000002,1838832914238,4656,729
1762495031,0000004000000080,1838863286992,2814,730
1762495035,0000000400000004,1838897785839,745,731
1762495039,0000008000000080,1838935219842,3695,732
1762495045,0000004000000008,1838998156507,5095,733
1762495088,0000000400000080,1839432295885,4954,734
1762495096,0000000800000080,1839505674228,538,735
1762495119,0000000800000001,1839739872425,2033,736
1762495121,0000004000000008,1839763100087,634,737
1762495128,0000008000000080,1839834750792,1519,738
1762495141,0000008000000004,1839961534880,4290,739
1762495156,0000000800000008,1840108993855,604,740
1762495161,0000000400000004,1840161137530,2653,741
1762495174,0000008000000001,1840293311589,5095,742
1762495175,0000008000000080,1840303574857,4489,743
1762495182,0000000800000001,1840374223519,232,744
1762495192,0000000400000080,1840466074499,5090,745
