1762668014,0000008000000002,3568651114769,3635,1713
1762668038,0000000100000001,3568889221896,4895,1714
1762668048,0000000100000001,3568991011812,3968,1715
1762668055,0000000800000001,3569061860902,4898,1716
1762668059,0000000100000008,3569095098411,2886,1717
1762668059,0000000500000001,3569098646771,2673,1718
1762668061,0000000100000004,3569123133301,1205,1719
1762668077,0000000100000001,3569281936245,2042,1720
1762668092,0000000100000001,3569425648006,3789,1721
1762668104,0000000400000080,3569551789974,1390,1722
1762668116,0000008000000002,3569670079548,4669,1723
1762668121,0000004000000001,3569721889830,1547,1724
1762668124,0000008000000080,3569752817207,4884,1725
1762668125,0000004000000080,3569760451299,4430,1726
1762668146,0000000100000001,3569969652834,2223,1727
1762668164,0000000400000001,3570152505103,1613,1728
1762668181,0000004000000004,3570315922376,2168,1729
1762668185,0000000800000002,3570359348855,4759,1730
1762668186,0000004000000004,3570363534339,4509,1731
1762668187,0000000400000080,3570378630127,3595,1732
1762668190,0000000400000002,3570404900047,2013,1733
1762668200,0000000100000008,3570510330451,864,1734
1762668204,0000008000000008,3570549803904,3686,1735
1762668205,0000000800000080,3570562041604,2941,1736
1762668215,0000000400000001,3570654416285,2578,1737
1762668240,0000008000000080,3570908106656,2898,1738
1762668242,0000000300000001,3570924914199,1897,1739
1762668256,0000000100000080,3571072551496,3400,1740
1762668260,0000008000000001,3571108274825,1251,1741
1762668271,0000000800000004,3571217538722,5069,1742
1762668281,0000008000000008,3571316250039,4333,1743
1762668298,0000000200000004,3571490483005,4240,1744
1762668302,0000000100000001,3571526992412,2036,1745
1762668303,0000000800000002,3571539286128,1292,1746
1762668307,0000008000000002,3571581494527,3957,1747
1762668313,0000008000000080,3571642687715,276,1748
1762668323,0000004000000002,3571740849966,4759,1749
1762668330,000000c000000080,3571812554493,444,1750
1762668365,0000000400000002,3572160686770,278,1751
1762668372,0000008000000004,3572223607815,1682,1752
1762668379,0000004000000008,3572301718615,2176,1753
1762668380,0000000400000008,3572312207968,3092,1754
1762668394,0000004000000001,3572448256931,3754,1755
1762668395,0000000100000002,3572462572973,2881,1756
1762668411,0000004000000004,3572617174101,3983,1757
1762668417,0000008000000080,3572680060706,200,1758
1762668418,0000000800000002,3572687765599,4928,1759
1762668424,0000004000000002,3572749720264,1195,1760
1762668425,0000000100000001,3572760034038,581,1761
1762668460,0000000800000080,3573104870161,612,1762
1762668466,0000000400000002,3573170722248,1843,1763
1762668468,0000000800000080,3573190276750,670,1764
1762668474,0000004000000004,3573244553723,2586,1765
1762668479,0000000800000001,3573296296520,4684,1766
1762668479,0000008000000002,3573300184165,4452,1767
1762668486,0000008000000080,3573370971131,191,1768
1762668488,0000000100000002,3573385717611,4499,1769
1762668494,0000004000000080,3573443352227,1021,1770
1762668512,0000000c0000000a,3573632374110,5233,1771
1762668517,0000008000000080,3573679999603,2366,1772
1762668524,0000000400000008,3573744751619,3673,1773
1762668538,0000000800000001,3573890153976,5309,1774
1762668541,0000004000000001,3573915568969,3786,1775
1762668544,0000000800000004,3573944409166,2047,1776
1762668552,0000008000000080,3574025727171,2345,1777
1762668577,0000004000000008,3574276359723,2846,1778
1762668583,0000008000000004,3574333374858,4627,1779
1762668584,0000000100000001,3574344406288,3960,1780
1762668600,0000004000000004,3574512668379,4229,1781
1762668603,0000000800000080,3574537784855,2702,1782
1762668612,0000000400000002,3574629576030,2377,1783
1762668614,0000000800000001,3574645588524,1417,1784
1762668620,0000004000000004,3574708304343,2832,1785
1762668621,0000000800000004,3574722097509,2012,1786
1762668625,0000004000000080,3574755569199,5190,1787
1762668630,0000000100000008,3574806040589,2154,1788
1762668642,0000000400000004,3574925878221,5334,1789
1762668642,0000000800000002,3574926914503,5271,1790
1762668648,0000008000000002,3574988247157,1582,1791
1762668653,0000000400000004,3575040764952,3620,1792
1762668681,0000000400000004,3575314150883,2746,1793
1762668693,0000000200000001,3575440683980,341,1794
1762668701,0000004000000080,3575514675514,1076,1795
1762668711,0000000400000004,3575613180419,353,1796
1762668713,0000000100000001,3575633683775,4318,1797
1762668721,0000000400000001,3575716415268,4534,1798
1762668737,0000004000000004,3575874149449,238,1799
1762668746,0000000200000002,3575967056559,5031,1800
1762668748,0000008000000080,3575986140471,3888,1801
1762668780,0000008000000080,3576308005449,5302,1802
1762668781,0000000400000004,3576317613889,4725,1803
1762668791,0000000400000008,3576416700999,3958,1804
1762668810,0000000400000002,3576604140563,3058,1805
1762668827,0000000400000008,3576780587576,2830,1806
1762668840,0000008000000080,3576912637507,5281,1807
1762668846,0000008000000008,3576963972881,2193,1808
1762668865,0000004000000008,3577155293563,1071,1809
1762668879,0000000100000008,3577295514192,3020,1810
1762668889,0000008000000080,3577394136445,2285,1811
1762668897,0000000800000008,3577476500477,2520,1812
1762668897,0000000100000002,3577477312195,2472,1813
1762668900,0000008000000002,3577510669699,477,1814
1762668904,0000008700000002,3577548697822,3377,1815
1762668906,0000004800000008,3577563201901,2500,1816
1762668920,0000000800000002,3577703440473,4466,1817
1762668923,0000000100000001,3577741724143,2155,1818
1762668934,0000000800000080,3577844477768,1165,1819
1762668934,0000000400000080,3577852367284,696,1820
1762668937,0000008000000008,3577881707824,4130,1821
1762668948,0000008000000008,3577987649378,2936,1822
1762668949,0000000400000004,3577996282679,2418,1823
1762668952,0000001000000010,3578025809018,650,1824
1762668996,0000000400000008,3578466619007,5292,1825
1762669000,0000000100000001,3578503089195,3095,1826
1762669000,0000000100000004,3578509891317,2683,1827
1762669004,0000000100000001,3578545613714,548,1828
1762669004,0000008000000080,3578552166268,162,1829
1762669023,0000000800000002,3578735276109,4721,1830
1762669023,0000008000000004,3578741055601,4377,1831
1762669036,0000008000000080,3578869205767,1855,1832
1762669038,0000000100000004,3578886741474,800,1833
1762669053,0000008000000080,3579039257129,2012,1834
1762669054,0000004000000002,3579047224534,1532,1835
1762669054,0000000800000002,3579048148636,1476,1836
1762669075,0000000800000004,3579253200994,4731,1837
1762669079,0000004000000002,3579300965519,1852,1838
1762669092,0000008000000080,3579423850353,4851,1839
1762669095,0000000100000002,3579461312469,2585,1840
1762669097,0000008000000080,3579481997160,1346,1841
1762669102,0000004000000002,3579530480951,3629,1842
1762669106,0000008000000002,3579571017119,1185,1843
1762669123,0000000100000080,3579737945866,1533,1844
1762669124,000000040000000c,3579747125594,980,1845
1762669131,0000004000000002,3579815666929,2052,1846
1762669131,0000004000000002,3579820555101,1760,1847
1762669138,0000000400000004,3579889362187,2804,1848
1762669146,0000000100000006,3579967966934,3275,1849
1762669169,0000008800000008,3580201121905,4841,1850
1762669173,0000004000000004,3580242675501,2332,1851
1762669226,0000008000000004,3580768708572,1857,1852
1762669228,0000008000000002,3580788848657,647,1853
1762669228,0000000400000080,3580792958302,402,1854
1762669242,0000000100000004,3580923586669,2919,1855
1762669278,0000008000000002,3581288579375,1748,1856
1762669306,0000004000000001,3581565117492,697,1857
1762669312,0000004000000080,3581623434114,2375,1858
1762669316,0000000800000002,3581668205669,4885,1859
1762669324,0000000400000004,3581745262240,252,1860
1762669329,0000004000000008,3581802223222,2013,1861
1762669333,0000000100000003,3581838410849,5032,1862
1762669339,0000008000000004,3581895259489,1612,1863
1762669345,0000000100000001,3581955026389,3204,1864
1762669372,0000004000000008,3582231593161,2152,1865
1762669394,0000004000000002,3582445685315,4863,1866
1762669399,0000008000000080,3582494565254,1919,1867
1762669446,0000000800000080,3582966598148,4693,1868
1762669448,0000008000000080,3582989560783,3301,1869
1762669449,0000000400000008,3582997593097,2813,1870
1762669453,0000000100000080,3583039459236,308,1871
1762669453,0000008000000080,3583040937532,220,1872
1762669455,000000c800000002,3583060556967,4236,1873
1762669468,0000000400000001,3583191053298,1572,1874
1762669475,0000000100000001,3583255251366,2896,1875
1762669492,0000000100000001,3583426991941,2954,1876
1762669493,0000000400000001,3583439141893,2228,1877
1762669499,0000004000000008,3583494258192,4117,1878
1762669500,0000008000000080,3583503819921,3534,1879
1762669516,0000000400000001,3583665312665,4215,1880
1762669531,0000000800000080,3583818776252,174,1881
1762669542,0000000400000001,3583925424959,4149,1882
1762669553,0000000100000002,3584034160847,2785,1883
1762669562,0000000400000004,3584125446646,2490,1884
1762669573,0000000800000008,3584233825300,1168,1885
1762669579,0000008000000080,3584294449439,2711,1886
1762669599,0000000100000008,3584502514221,593,1887
1762669602,0000004000000002,3584532209405,4005,1888
1762669616,0000000800000004,3584666079808,1137,1889
1762669633,0000004000000004,3584837615010,1206,1890
1762669636,0000004000000008,3584866494649,4672,1891
1762669646,0000008000000008,3584966841349,3828,1892
1762669651,0000000800000080,3585022858503,458,1893
1762669659,0000008000000008,3585093299599,1408,1894
1762669670,0000004000000001,3585208019301,4902,1895
1762669692,0000000800000002,3585426851692,2119,1896
1762669692,0000000800000004,3585429755683,1947,1897
1762669695,0000000100000002,3585453393038,529,1898
1762669723,0000000100000001,3585741889793,3953,1899
1762669732,0000000100000004,3585830908582,3789,1900
1762669742,0000000100000004,3585926674767,3213,1901
1762669744,0000008000000008,3585947823421,1947,1902
1762669751,0000000800000080,3586020886212,2737,1903
1762669753,0000000200000004,3586038841365,1666,1904
1762669755,0000000800000080,3586059291862,440,1905
1762669762,0000000400000080,3586130880345,1319,1906
1762669771,0000004000000001,3586222501134,1002,1907
1762669772,0000000100000004,3586225218622,842,1908
1762669774,0000000500000001,3586246321100,4772,1909
1762669788,0000004000000004,3586385531162,1586,1910
1762669803,0000000100000002,3586535972001,2916,1911
1762669808,0000000400000008,3586587280143,5033,1912
1762669821,0000004000000080,3586717257551,2402,1913
1762669852,0000004000000080,3587030057580,4374,1914
1762669862,0000000800000004,3587130566863,3515,1915
1762669863,0000000100000004,3587142845469,2766,1916
1762669865,0000000100000001,3587154787065,2057,1917
1762669871,0000000800000008,3587216904267,3516,1918
1762669872,0000008000000080,3587229502188,2749,1919
1762669873,0000008000000080,3587237929434,2248,1920
1762669886,0000000800000080,3587369475340,4730,1921
1762669887,0000000800000001,3587376498376,4310,1922
1762669918,0000008000000002,3587691676452,924,1923
1762669920,0000000100000001,3587702996960,249,1924
1762669921,0000008000000080,3587720495690,4393,1925
1762669938,0000000400000001,3587891476067,4496,1926
1762669938,0000008000000008,3587891690314,4483,1927
1762669939,0000004000000001,3587895085017,4279,1928
1762669941,0000008000000080,3587916501707,2974,1929
1762669958,0000000800000004,3588088667827,3006,1930
1762669961,0000000100000080,3588116638011,1328,1931
1762669980,0000000100000001,3588304428266,427,1932
1762669998,0000008000000008,3588484635161,5163,1933
1762670002,0000008400000087,3588526140064,2659,1934
1762670003,0000000800000001,3588541207323,1762,1935
1762670009,0000004100000002,3588599215532,3464,1936
1762670014,0000008000000080,3588645096928,707,1937
1762670021,0000000100000002,3588721416571,1306,1938
1762670026,0000008000000008,3588764213892,3934,1939
1762670026,0000000100000001,3588765267492,3869,1940
1762670034,0000004000000004,3588844471322,4302,1941
1762670034,0000000100000080,3588852361250,3825,1942
1762670046,0000000100000004,3588965430944,2210,1943
1762670047,0000008000000080,3588974937122,1641,1944
1762670062,000000c000000080,3589129955772,2694,1945
1762670070,0000000400000004,3589212701298,2912,1946
1762670084,0000000100000003,3589344392684,197,1947
1762670105,0000000400000002,3589560781277,2749,1948
1762670112,0000000100000080,3589626966321,3974,1949
1762670123,0000000400000008,3589741900345,2247,1950
1762670148,0000000400000004,3589986004551,3141,1951
1762670154,0000004000000004,3590048274865,4603,1952
1762670160,0000008000000001,3590108443024,975,1953
1762670163,0000008000000080,3590141639267,4181,1954
1762670164,0000008000000080,3590151549673,3578,1955
1762670181,0000004000000004,3590314905687,4146,1956
1762670202,0000004000000002,3590527908921,1713,1957
1762670207,0000004000000004,3590580408978,3753,1958
1762670217,0000000400000004,3590673781289,3322,1959
1762670217,0000000100000008,3590677125330,3118,1960
1762670234,0000000400000004,3590847702559,3248,1961
1762670236,0000000800000002,3590866387177,2127,1962
1762670239,0000008000000080,3590898832455,181,1963
1762670244,0000000800000080,3590950320421,2270,1964
1762670252,0000000200000004,3591026663203,2865,1965
1762670253,0000000100000008,3591032772841,2499,1966
1762670254,0000004000000001,3591051389572,1385,1967
1762670255,0000008000000080,3591060653137,830,1968
1762670257,0000008000000080,3591073908316,5226,1969
1762670257,0000000c00000001,3591081735085,4762,1970
1762670259,0000000100000080,3591102232657,3523,1971
1762670280,0000004000000001,3591306683075,1612,1972
1762670281,0000008000000080,3591314085652,1163,1973
1762670292,0000004000000002,3591429709928,4607,1974
1762670296,0000004000000004,3591465020550,2469,1975
1762670300,0000004000000004,3591504259753,5307,1976
1762670310,0000008000000008,3591605267863,4435,1977
1762670343,0000008000000080,3591938704335,5144,1978
1762670350,0000004000000002,3592011089913,785,1979
1762670360,0000000100000002,3592103343582,439,1980
1762670379,0000004000000001,3592294334795,4537,1981
1762670384,0000004000000008,3592346449937,1390,1982
1762670391,0000000100000001,3592413733350,2532,1983
1762670392,0000000800000004,3592427094568,1736,1984
1762670411,0000000800000080,3592618403647,617,1985
1762670422,0000000100000002,3592729556594,4325,1986
1762670438,0000000100000001,3592891023504,4993,1987
1762670462,0000008000000008,3593123188196,1413,1988
1762670476,0000008000000080,3593269957701,2965,1989
1762670523,0000000800000080,3593742513591,520,1990
1762670524,0000000400000080,3593743005336,490,1991
1762670539,0000008000000001,3593895720371,1687,1992
1762670546,0000000100000002,3593967580529,2553,1993
1762670549,0000008000000080,3593998731823,687,1994
1762670585,0000000100000001,3594357543979,5071,1995
1762670600,0000000100000008,3594503085141,1509,1996
1762670608,0000000100000005,3594584363851,1815,1997
1762670612,0000000400000002,3594628876209,4339,1998
1762670616,0000000800000002,3594672436567,1710,1999
1762670617,0000004000000002,3594679603925,1276,2000
1762670627,0000000800000001,3594775752723,692,2001
1762670642,0000000800000001,3594928412612,1895,2002
1762670653,0000000100000001,3595034939313,682,2003
1762670664,0000000800000001,3595150595283,4117,2004
1762670666,0000000800000004,3595163646017,3322,2005
1762670690,0000000100000001,3595403376274,4493,2006
1762670697,0000008000000008,3595482229888,4939,2007
1762670701,0000008000000080,3595519384931,2693,2008
1762670705,0000000200000008,3595560742240,219,2009
1762670708,0000000400000080,3595585729231,3910,2010
1762670709,0000000100000004,3595595331145,3325,2011
1762670713,0000000400000080,3595634054026,996,2012
1762670726,0000008000000001,3595769627019,3226,2013
1762670729,0000008000000008,3595798300071,1504,2014
1762670730,0000008000000002,3595806639456,1002,2015
1762670749,0000004000000004,3595994204343,5302,2016
1762670751,0000008000000002,3596022518798,3602,2017
1762670755,0000008000000001,3596055004903,1646,2018
1762670755,0000008000000002,3596060857331,1291,2019
1762670764,0000008000000004,3596143213664,1532,2020
1762670768,0000004000000004,3596186086472,4156,2021
1762670781,0000000400000001,3596319226082,1330,2022
1762670791,0000000100000008,3596413857438,835,2023
1762670794,0000008000000080,3596445604858,4126,2024
1762670798,0000004000000001,3596483951518,1813,2025
1762670799,0000000100000080,3596498140087,957,2026
1762670808,0000000100000001,3596591629438,533,2027
1762670839,0000000400000002,3596900783624,2699,2028
1762670843,0000008100000081,3596935014577,652,2029
1762670849,0000004000000080,3597001239745,1860,2030
1762670865,0000000200000001,3597154134560,3042,2031
1762670865,0000000800000080,3597154644105,3012,2032
1762670874,0000000100000001,3597242823756,2901,2033
1762670880,0000000400000002,3597305766883,4324,2034
1762670884,0000000800000001,3597343385995,2052,2035
1762670892,0000008000000080,3597426122801,2266,2036
1762670892,0000008000000001,3597430464147,2008,2037
1762670904,0000000100000001,3597551435454,5119,2038
1762670905,0000008000000008,3597556107227,4843,2039
1762670921,0000008000000004,3597712732995,614,2040
1762670926,0000000100000001,3597762932854,2778,2041
1762670960,0000000800000002,3598102665203,3118,2042
1762670972,0000000100000008,3598230190783,650,2043
1762670987,0000000800000001,3598381005833,1962,2044
1762671004,0000000800000080,3598542987178,2598,2045
1762671004,0000000400000001,3598550292991,2166,2046
1762671005,0000004000000004,3598560391705,1558,2047
1762671015,0000000100000001,3598660976964,705,0
1762671048,0000008000000008,3598983920225,2051,1
1762671050,0000004000000004,3599002673739,923,2
1762671055,0000000800000080,3599056409428,2877,3
1762671057,000000c000000008,3599075298435,1751,4
1762671074,0000008000000080,3599245087363,1924,5
1762671092,0000008000000002,3599429460193,1218,6
1762671094,0000000400000008,3599448932250,5243,7
1762671108,0000000800000001,3599592277794,1816,8
1762671110,0000008000000001,3599611009631,690,9
1762671122,000000c000000080,3599731814732,3814,10
1762671128,0000000400000002,3599791491123,224,11
1762671144,0000000100000001,3599945583968,1334,12
1762671151,0000000100000001,3600015310845,2334,13
1762671172,0000000100000001,3600224656149,5324,14
1762671194,0000000800000008,3600444391471,2489,15
1762671201,0000000400000080,3600514096817,3496,16
1762671231,0000002000000080,3600815766060,930,17
1762671232,0000008000000080,3600831939447,5152,18
1762671249,0000000100000001,3601002377957,5280,19
1762671254,0000000400000008,3601050699117,2376,20
1762671255,0000008000000001,3601058732354,1899,21
1762671260,0000000800000004,3601103257429,4422,22
1762671263,000000c000000080,3601135602351,2461,23
1762671266,0000000100000001,3601165714172,658,24
1762671266,0000000100000001,3601171527675,311,25
1762671282,0000000100000001,3601325089344,1455,26
1762671282,0000008400000080,3601331342873,1077,27
1762671300,0000000100000001,3601505913765,966,28
1762671306,0000004000000004,3601564839041,2609,29
1762671328,0000000100000001,3601782757027,5089,30
1762671328,0000000100000008,3601786761205,4853,31
1762671341,0000000400000008,3601915293343,2308,32
1762671348,0000000100000001,3601991423757,2917,33
1762671356,0000000100000001,3602065930401,3640,34
1762671363,0000000800000004,3602137027118,4564,35
1762671374,0000000100000001,3602251173349,2874,36
1762671411,0000000400000001,3602612715798,1912,37
1762671412,0000000100000001,3602632484420,721,38
1762671426,0000000100000008,3602764475916,3163,39
1762671440,0000008000000004,3602903156047,5213,40
1762671444,0000000100000008,3602943593303,2773,41
1762671449,0000000300000001,3603001987503,4472,42
1762671470,0000000100000002,3603211078802,2270,43
1762671474,0000000100000001,3603242575445,383,44
1762671483,000000c000000080,3603334710978,5223,45
1762671492,0000004000000004,3603431460366,4606,46
1762671496,0000000100000004,3603464962348,2575,47
1762671529,0000008000000080,3603793744085,3582,48
1762671543,0000000800000080,3603939147443,5221,49
1762671579,0000008000000002,3604301526653,4207,50
1762671582,0000000800000008,3604331035916,2419,51
1762671583,0000000100000010,3604341518675,1794,52
1762671587,0000000400000008,3604378581844,4763,53
1762671603,0000000800000080,3604533836278,615,54
1762671607,0000000800000080,3604578632439,3106,55
1762671610,0000008000000001,3604611557042,1128,56
1762671631,0000000400000080,3604821162840,4111,57
1762671659,0000000800000008,3605096067583,3144,58
1762671675,0000000400000002,3605254438962,4018,59
1762671679,0000004000000004,3605293727600,1647,60
1762671696,0000004000000080,3605464919178,1737,61
1762671704,0000004000000080,3605550655082,1775,62
1762671734,0000000800000001,3605852307520,4411,63
1762671741,0000000100000001,3605915312710,616,64
1762671743,0000000400000004,3605935454529,4604,65
1762671750,0000000100000001,3606010493543,5273,66
1762671750,0000000800000001,3606011942854,5187,67
1762671765,0000000100000001,3606155471725,1750,68
1762671789,0000000800000080,3606398909557,2678,69
1762671793,0000000400000080,3606440115453,213,70
1762671797,0000000400000004,3606482123631,2867,71
1762671798,0000004000000080,3606488036242,2512,72
1762671807,0000000100000001,3606579372555,2217,73
1762671809,0000000800000080,3606601081652,911,74
1762671811,0000000100000002,3606618510278,5059,75
1762671812,0000008000000004,3606622508934,4822,76
1762671819,0000000100000002,3606696530363,371,77
1762671874,0000000400000008,3607250165119,3418,78
1762671876,0000000400000002,3607269443166,2256,79
1762671884,0000004000000008,3607343212766,3008,80
1762671890,0000000800000004,3607411388653,4117,81
1762671893,0000000100000001,3607439547352,2409,82
1762671895,0000008000000002,3607460216604,1168,83
1762671902,0000008000000080,3607525928329,2408,84
1762671906,0000000100000001,3607568751601,5032,85
1762671910,0000004000000004,3607610205198,2531,86
1762671916,0000000100000001,3607664216356,4491,87
1762671923,0000004000000080,3607736698674,5314,88
1762671931,0000000800000004,3607815894006,555,89
1762671957,0000000100000002,3608080610893,216,90
1762671958,0000000100000003,3608083817862,5211,91
1762671960,0000008000000008,3608108206396,3748,92
1762671961,0000000100000001,3608118350598,3128,93
1762671970,0000008000000080,3608211105176,2739,94
1762671992,0000004000000004,3608430553977,5128,95
1762672015,0000004000000002,3608655514883,1985,96
1762672019,0000000100000008,3608697870678,4638,97
1762672027,0000000200000080,3608780122355,4879,98
1762672032,0000000800000008,3608826084688,2110,99
1762672033,0000000100000080,3608833017541,1695,100
1762672034,0000000200000008,3608848864563,743,101
1762672035,0000000800000004,3608857287799,239,102
1762672044,0000000800000001,3608946938059,5228,103
1762672045,0000000800000002,3608961390456,4370,104
1762672054,0000000800000001,3609048368757,4330,105
1762672056,0000000200000008,3609071674792,2912,106
1762672079,0000008000000080,3609299343203,4813,107
1762672080,0000000400000001,3609304490160,4505,108
1762672084,0000004000000002,3609348844347,1829,109
1762672089,0000008000000006,3609393178705,4366,110
1762672104,0000000100000001,3609549257692,167,111
1762672113,0000008000000080,3609633125106,316,112
1762672131,0000000100000001,3609816213907,4883,113
1762672147,0000000800000008,3609978629169,307,114
1762672161,0000000100000002,3610114121669,2532,115
1762672182,0000000800000001,3610324187921,296,116
1762672182,0000000100000001,3610332137461,5009,117
1762672191,0000008000000080,3610412510900,178,118
1762672196,0000000400000008,3610472193578,1777,119
1762672197,0000000800000002,3610472755185,1742,120
1762672231,0000000400000001,3610817502635,1780,121
1762672248,0000000100000004,3610988025349,1910,122
1762672273,0000000100000001,3611236894070,2514,123
1762672282,0000000800000008,3611322787533,2540,124
1762672303,0000000100000002,3611540236025,5051,125
1762672322,0000008000000080,3611723489433,4423,126
1762672335,0000000100000001,3611855084021,1693,127
1762672346,0000000500000003,3611970655872,5127,128
1762672351,0000000400000002,3612014281421,2497,129
1762672351,0000008000000002,3612014836381,2464,130
1762672351,0000000100000002,3612015172933,2444,131
1762672364,0000000100000003,3612149948411,4736,132
1762672375,0000000800000002,3612256049180,3543,133
1762672397,0000000100000003,3612480138112,454,134
1762672407,0000004000000001,3612581697158,4736,135
1762672418,0000008000000008,3612690429629,3379,136
1762672433,0000000800000004,3612839844542,4787,137
1762672447,0000008000000080,3612973609726,1929,138
1762672449,0000000100000002,3612994747087,661,139
1762672455,0000000800000004,3613059867152,1935,140
1762672459,0000000100000001,3613095511036,4985,141
1762672466,0000000100000001,3613165058627,800,142
1762672491,0000000100000001,3613413916148,1409,143
1762672504,0000000400000001,3613545408990,3895,144
1762672524,0000000800000004,3613745521224,2239,145
1762672530,0000008000000002,3613802612650,4006,146
1762672544,0000000100000001,3613949541801,360,147
1762672549,0000004000000008,3613997522723,2655,148
1762672551,0000000400000002,3614014216224,1659,149
1762672554,000000c000000004,3614048749935,4781,150
1762672566,0000000400000002,3614169144299,2719,151
1762672632,0000000800000080,3614823713013,4908,152
1762672639,0000004000000080,3614900774672,273,153
1762672657,0000000100000001,3615072215933,348,154
1762672657,000000c000000080,3615080479052,5041,155
1762672672,0000000400000001,3615231479641,1147,156
1762672673,0000000800000002,3615231629706,1138,157
1762672677,0000000400000080,3615277848426,3557,158
1762672677,0000000100000001,3615278597824,3510,159
1762672680,0000000100000002,3615307168982,1793,160
1762672690,0000000800000080,3615404031238,1156,161
1762672698,0000004000000008,3615489413687,1213,162
1762672698,0000000100000008,3615489793137,1190,163
1762672710,0000004000000002,3615610352901,4338,164
1762672711,0000008000000080,3615615697035,4015,165
1762672719,0000000800000004,3615694198495,4488,166
1762672722,0000000100000001,3615723304956,2720,167
1762672724,0000000400000080,3615746767903,1314,168
1762672732,0000000400000010,3615826348433,1724,169
1762672747,0000004000000080,3615978363116,2960,170
1762672748,0000008000000080,3615984256515,2606,171
1762672777,0000000100000002,3616278023189,528,172
1762672783,0000004000000080,3616335526817,2256,173
1762672792,0000004000000004,3616425040406,2067,174
1762672800,0000008000000008,3616504562921,2471,175
1762672816,0000000100000001,3616666730281,3106,176
1762672823,0000000400000002,3616734015668,4265,177
1762672823,0000008000000004,3616736403374,4122,178
1762672828,0000008000000080,3616783520362,1276,179
1762672838,0000000800000004,3616885541779,341,180
1762672840,0000008000000001,3616908417222,4162,181
1762672852,0000008000000080,3617031392255,1951,182
1762672900,0000000800000008,3617505053339,4630,183
1762672901,0000008000000001,3617521908790,3610,184
1762672921,0000000800000004,3617713443502,2468,185
1762672924,0000008000000001,3617743541409,664,186
1762672930,0000008000000080,3617806361513,2078,187
1762672934,0000008000000080,3617850159297,4644,188
1762672939,0000000400000002,3617892539341,2080,189
1762672939,0000008000000008,3617894025054,1999,190
1762672956,0000000800000001,3618062321699,2260,191
1762672966,0000000400000080,3618169844026,987,192
1762672968,0000008000000080,3618183366038,181,193
1762673001,0000008000000080,3618518975105,763,194
1762673038,0000000800000002,3618884578273,4746,195
1762673052,0000004000000002,3619024765910,1501,196
1762673058,0000000100000003,3619091800156,2655,197
1762673071,0000000400000080,3619213719793,526,198
1762673071,0000000100000003,3619219020859,208,199
1762673072,0000000400000001,3619222294088,5200,200
1762673075,0000000400000080,3619255454501,3201,201
1762673087,0000000200000002,3619380594853,872,202
1762673090,0000000400000008,3619402593831,4748,203
1762673100,0000004000000002,3619510331452,3454,204
1762673106,0000000400000008,3619567784824,5192,205
1762673112,0000000400000001,3619630445407,1422,206
1762673127,0000000100000008,3619779582952,2832,207
1762673127,0000000200000002,3619781422801,2722,208
1762673133,0000000100000001,3619834149030,4759,209
1762673139,0000004000000080,3619898486531,882,210
1762673157,0000000800000080,3620074229367,700,211
1762673159,0000000200000001,3620097528742,4500,212
1762673179,0000000800000008,3620298388781,2788,213
1762673193,0000000100000004,3620439925146,4676,214
1762673196,0000000100000007,3620471666757,2752,215
1762673211,0000000400000004,3620618721129,4312,216
1762673222,0000004000000080,3620729940270,2797,217
1762673223,0000000100000004,3620738716072,2274,218
1762673258,0000000300000001,3621083304335,2321,219
1762673278,0000000100000080,3621286597539,488,220
1762673287,0000008000000080,3621373593404,450,221
1762673288,0000000100000001,3621390289050,4642,222
1762673293,0000008000000080,3621432859564,2072,223
1762673299,0000008000000080,3621493452158,3625,224
1762673301,0000000200000004,3621518075286,2139,225
1762673302,0000000800000004,3621527202872,1591,226
1762673305,0000000400000008,3621555099552,5107,227
1762673306,0000008000000004,3621563649804,4601,228
1762673318,0000000800000002,3621688116377,2297,229
1762673318,0000004000000008,3621688384903,2281,230
1762673320,0000008000000080,3621703156987,1394,231
1762673332,0000000400000001,3621827075354,4338,232
1762673336,0000000400000002,3621871781618,1641,233
1762673358,0000000100000001,3622092015440,3981,234
1762673377,0000000400000001,3622277968306,3171,235
1762673382,0000000100000002,3622327956375,174,236
1762673391,0000008000000001,3622415175310,5308,237
1762673391,0000004000000080,3622418316352,5122,238
1762673392,0000000800000008,3622429409351,4463,239
1762673398,0000008000000080,3622489914936,815,240
1762673405,0000000800000080,3622558889234,1860,241
1762673418,0000004000000002,3622686300681,4590,242
1762673419,0000008000000008,3622692970123,4190,243
1762673424,0000004000000004,3622747483566,901,244
1762673440,0000004000000002,3622908279159,1617,245
1762673450,0000008000000080,3623010643962,655,246
1762673455,0000000400000080,3623056323540,3094,247
1762673460,0000000100000004,3623105116212,169,248
1762673468,0000000800000004,3623190226815,244,249
1762673485,0000000100000001,3623355328511,697,250
1762673488,0000008000000004,3623391377919,3724,251
1762673495,0000000800000080,3623454090039,5142,252
1762673496,0000008000000001,3623470995913,4133,253
1762673497,0000000800000001,3623471667895,4092,254
1762673510,0000004000000001,3623606471454,1167,255
1762673573,0000004000000008,3624234031673,4973,256
1762673577,0000000800000010,3624275724095,2456,257
1762673578,0000008000000080,3624283684138,1984,258
1762673583,0000004000000004,3624335771138,4051,259
1762673607,0000004000000080,3624574789082,5247,260
1762673612,0000000100000080,3624625359980,2204,261
1762673613,0000000100000003,3624632298521,1789,262
1762673634,0000000100000001,3624850400365,4260,263
1762673636,0000000800000008,3624863276975,3477,264
1762673640,0000008000000001,3624903728221,1040,265
1762673641,0000004000000080,3624913461313,462,266
1762673648,0000004000000008,3624983984385,1408,267
1762673656,0000000800000001,3625064482945,1762,268
1762673658,0000000400000080,3625089868080,239,269
1762673672,0000000800000002,3625222818449,2616,270
1762673675,0000004000000001,3625258277176,496,271
1762673693,0000000800000008,3625436917105,5326,272
1762673719,0000008000000004,3625699334303,5123,273
1762673748,0000008000000080,3625986754381,3415,274
1762673755,0000000100000001,3626056942698,4396,275
1762673759,0000004000000001,3626096596443,2002,276
1762673766,0000000100000008,3626169812217,2783,277
1762673771,0000004000000004,3626220695432,4929,278
1762673773,0000000800000008,3626232690335,4212,279
1762673802,0000000400000008,3626525210505,2187,280
1762673802,0000000200000001,3626528330956,2001,281
1762673810,0000000100000002,3626602776635,2707,282
1762673811,0000004000000001,3626620327578,1661,283
1762673817,0000008000000080,3626675273265,3550,284
1762673819,0000000100000004,3626697065284,2237,285
1762673837,0000000100000001,3626872400056,2079,286
1762673853,0000004000000008,3627033142246,2791,287
1762673859,0000000800000001,3627094662257,4300,288
1762673873,0000008000000004,3627234950203,1044,289
1762673875,0000000100000002,3627256666649,4937,290
1762673913,0000000100000004,3627637891171,2768,291
1762673922,0000008000000080,3627725555374,2689,292
1762673955,0000000100000001,3628053191516,3769,293
1762673958,0000004000000001,3628087757790,1686,294
1762673965,0000000800000004,3628159410005,2561,295
1762673979,0000000100000002,3628295214005,4794,296
1762673980,0000000800000001,3628303231901,4314,297
1762673990,0000004000000002,3628411222663,2996,298
1762673996,0000000500000001,3628470244893,4654,299
1762674017,0000000800000004,3628673301981,2812,300
1762674023,0000000400000004,3628735044575,4308,301
1762674032,0000004000000002,3628831344374,3705,302
1762674036,0000008000000080,3628869969881,1375,303
1762674046,0000000100000004,3628969690172,576,304
1762674048,0000004000000080,3628982127491,5019,305
1762674059,0000004000000080,3629093863116,3492,306
1762674060,0000000100000004,3629103861860,2882,307
1762674084,0000000100000008,3629348538258,3758,308
1762674089,0000000100000080,3629396201003,885,309
1762674105,0000000400000002,3629554872407,1729,310
1762674134,0000008000000080,3629848922113,4821,311
1762674143,0000004000000008,3629940207969,4527,312
1762674183,0000008000000008,3630333588679,1631,313
1762674186,0000008000000008,3630367960616,4764,314
1762674195,0000000800000080,3630460704159,4382,315
1762674202,0000000100000003,3630531452634,5307,316
1762674206,0000000100000004,3630570403496,2960,317
1762674218,0000000800000008,3630690294377,948,318
1762674223,000000c000000080,3630733907302,3520,319
1762674230,0000000800000080,3630810372912,4121,320
1762674257,0000000100000001,3631075566711,3748,321
1762674257,0000008000000008,3631078840689,3548,322
1762674260,0000004000000002,3631108821691,1744,323
1762674266,0000008000000080,3631167894889,3382,324
1762674267,0000000800000008,3631176728005,2844,325
1762674288,0000000100000004,3631388721616,491,326
1762674300,0000008000000001,3631505106179,3879,327
1762674336,0000000100000008,3631867670177,2832,328
1762674355,0000004000000008,3632058332723,1760,329
1762674368,0000008000000080,3632189808906,4245,330
1762674370,0000000800000080,3632204655563,3343,331
1762674390,0000008000000004,3632411739272,1272,332
1762674393,0000000800000008,3632436448325,4985,333
1762674410,0000008000000080,3632604087282,5286,334
1762674415,0000000800000002,3632652147576,2390,335
1762674433,0000004000000001,3632841497889,1391,336
1762674438,0000000100000004,3632889757360,3688,337
1762674448,0000008000000080,3632986912945,3029,338
1762674460,0000008000000008,3633105414631,1097,339
1762674461,0000008000000080,3633121089341,163,340
1762674469,0000000100000008,3633198093937,720,341
1762674486,0000000800000080,3633371414643,683,342
1762674517,0000000100000080,3633678062245,3003,343
1762674522,0000000100000003,3633725561337,162,344
1762674526,0000000100000002,3633762994459,3088,345
1762674540,0000000100000080,3633910151338,4638,346
1762674555,0000004000000080,3634055853442,1057,347
1762674578,0000008000000080,3634289177720,2596,348
1762674593,0000004000000002,3634435744056,4186,349
1762674604,0000000100000008,3634545372929,2768,350
1762674605,0000004000000080,3634552580158,2338,351
1762674613,0000000800000002,3634632913585,2695,352
1762674626,0000004000000004,3634766876089,5034,353
1762674630,0000000100000004,3634804969384,2733,354
1762674652,0000000400000080,3635023005080,5208,355
1762674667,0000000100000080,3635181697845,857,356
1762674681,0000000100000001,3635320544841,2884,357
1762674684,0000008000000008,3635344349465,1458,358
1762674703,0000000100000001,3635536903566,269,359
1762674751,0000004000000008,3636018025526,2480,360
1762674754,0000008000000001,3636048268412,671,361
1762674754,0000000400000080,3636048874880,635,362
1762674765,0000000400000001,3636158838080,4412,363
1762674790,0000000100000001,3636406613244,5081,364
1762674799,0000008000000008,3636495385321,4940,365
1762674808,0000000200000004,3636587150116,4616,366
1762674819,0000000100000001,3636692677032,3455,367
1762674850,0000004000000080,3637006589811,162,368
1762674854,0000004000000080,3637050878854,2675,369
1762674859,0000008000000004,3637095639175,5184,370
1762674863,0000008000000080,3637140829064,2460,371
1762674867,0000000400000008,3637173472608,507,372
1762674873,0000008000000008,3637232496189,2146,373
1762674881,0000000100000001,3637319532456,2104,374
1762674887,0000000100000002,3637372476578,4122,375
1762674894,0000000400000001,3637447551350,4797,376
1762674894,0000000400000004,3637451217274,4580,377
1762674900,0000008000000004,3637504883433,1341,378
1762674900,0000008000000080,3637505389724,1310,379
1762674902,0000004000000002,3637524338018,178,380
1762674906,0000000800000008,3637563776373,2987,381
1762674922,0000000400000080,3637731540836,3287,382
1762674929,0000000400000002,3637795947975,4618,383
1762674936,0000000100000002,3637871133921,5280,384
1762674948,0000008000000080,3637986760703,3520,385
1762674950,0000000400000008,3638001713329,2613,386
1762674952,0000004000000008,3638026955181,1099,387
1762674961,000000040000000c,3638119656398,720,388
1762674964,0000000100000001,3638149688309,4115,389
1762674967,0000000800000002,3638180755396,2235,390
1762674997,0000008000000080,3638478101689,5127,391
1762675008,0000000400000002,3638582949406,4020,392
1762675018,0000004000000080,3638685261258,3047,393
1762675022,0000000400000004,3638722427600,817,394
1762675043,0000000100000080,3638934629272,3636,395
1762675049,0000000100000001,3638994982630,5198,396
1762675064,0000000800000004,3639150332805,1044,397
1762675067,0000000800000001,3639176347768,4683,398
1762675075,0000000100000001,3639252048291,5316,399
1762675081,0000000100000001,3639312394155,1686,400
1762675085,0000004000000004,3639357671727,4163,401
1762675091,0000008000000080,3639416884318,599,402
1762675123,0000004000000002,3639739014271,1993,403
1762675125,0000000100000002,3639760702236,690,404
1762675128,0000004000000001,3639791178686,4056,405
1762675140,0000000100000008,3639902265373,2553,406
1762675156,0000000100000004,3640061940135,3340,407
1762675158,0000000400000001,3640089830995,1666,408
1762675163,0000000800000080,3640136392909,4066,409
1762675170,0000000100000008,3640203893325,5190,410
1762675179,0000004000000004,3640296458324,4823,411
1762675223,0000004000000080,3640734138066,4468,412
1762675227,0000008000000080,3640775574448,1966,413
1762675243,0000000800000008,3640931654406,2958,414
1762675248,0000000400000004,3640988060130,4773,415
1762675270,0000004000000008,3641206658462,2006,416
1762675273,0000008000000002,3641233259437,409,417
1762675291,0000000800000002,3641414308463,5095,418
1762675294,0000000800000002,3641441935920,3433,419
1762675313,0000000800000001,3641634685954,2225,420
1762675335,0000000100000004,3641859262611,4308,421
1762675350,0000000800000080,3642006624679,631,422
1762675356,0000004000000002,3642069077221,2065,423
1762675365,0000000100000001,3642153256737,2192,424
1762675369,0000000200000008,3642196180372,4813,425
1762675407,0000000800000008,3642579981984,2490,426
1762675408,0000008000000002,3642591393143,1811,427
1762675419,0000008000000080,3642701332717,395,428
1762675429,0000008000000002,3642795836816,5094,429
1762675429,0000000100000002,3642796538093,5052,430
1762675438,0000000100000002,3642886316544,4849,431
1762675442,0000000400000002,3642924798238,2522,432
1762675452,0000008000000080,3643024782825,1709,433
1762675463,0000000400000002,3643141508053,5076,434
1762675467,0000004000000080,3643175962663,2996,435
1762675482,0000000100000001,3643326406729,4350,436
1762675490,0000004000000080,3643403647312,4891,437
1762675496,0000008000000001,3643463467771,1287,438
1762675503,0000000100000002,3643534077885,2235,439
1762675521,0000000400000080,3643718186157,1548,440
1762675535,0000008000000002,3643853727219,3789,441
1762675543,0000004000000008,3643935481879,4067,442
1762675549,0000000100000008,3643998944749,248,443
1762675552,0000004000000008,3644031001609,3509,444
1762675555,0000000400000008,3644053397622,2159,445
1762675559,0000000400000004,3644095118119,4850,446
1762675569,0000000100000001,3644198707928,3813,447
1762675572,0000004000000001,3644228273642,2030,448
1762675574,0000000200000008,3644245133670,1013,449
1762675582,0000008000000080,3644321655712,1605,450
1762675587,0000000100000001,3644377598368,3434,451
1762675590,0000008000000008,3644405648981,1747,452
1762675598,0000004000000002,3644485036676,2164,453
1762675611,0000000800000003,3644613281093,4843,454
1762675613,0000008000000002,3644633918431,3598,455
1762675615,0000000100000004,3644654445964,2357,456
1762675623,0000000400000004,3644738165110,2513,457
1762675633,0000008000000008,3644837037818,1767,458
1762675636,0000000800000004,3644865436391,5251,459
1762675637,0000008000000002,3644875294856,4666,460
1762675658,0000008000000080,3645085641234,2389,461
1762675680,0000000800000008,3645307698347,4625,462
1762675681,0000008000000001,3645315640515,4148,463
1762675684,0000000800000004,3645346832532,2261,464
1762675697,0000000100000008,3645471942416,5125,465
1762675707,000000080000000c,3645575085916,4123,466
1762675710,0000000100000001,3645609082987,2069,467
1762675730,0000008000000080,3645804732156,691,468
1762675736,0000008000000004,3645864495983,2284,469
1762675756,0000000100000001,3646066309371,539,470
1762675759,0000008000000004,3646099396082,3743,471
1762675772,0000000100000008,3646224483168,1406,472
1762675790,0000000800000080,3646406322597,858,473
1762675790,0000008000000002,3646407926708,762,474
1762675809,0000000c00000080,3646600977684,4737,475
1762675821,0000000800000080,3646714986667,3060,476
1762675827,0000008000000001,3646781316128,4278,477
1762675845,0000000400000080,3646957295344,4080,478
1762675863,0000000100000001,3647131789122,3969,479
1762675866,0000000800000080,3647165724067,1923,480
1762675873,0000008000000004,3647236310911,2863,481
1762675888,0000008000000080,3647385187571,4312,482
1762675921,0000008000000080,3647717487924,5088,483
1762675925,0000008000000080,3647759324513,2565,484
1762675965,0000000400000002,3648157434660,4601,485
1762675968,0000000100000001,3648191070907,2562,486
1762675973,0000000800000008,3648238013249,4943,487
1762675975,0000000500000001,3648256919558,3807,488
1762675981,0000000100000002,3648318395260,5296,489
1762675984,0000008000000080,3648350017765,3396,490
1762675994,000000c000000080,3648443901919,2935,491
1762676002,0000008000000080,3648527789191,3086,492
1762676006,0000008000000080,3648563179696,961,493
1762676043,0000008000000002,3648931916857,4757,494
1762676049,0000000100000040,3648992563443,1100,495
1762676050,0000000400000080,3649001635692,561,496
1762676058,0000000100000001,3649086539929,647,497
1762676068,0000004000000004,3649188593363,4895,498
1762676078,0000000400000080,3649282336497,4456,499
1762676091,0000008000000004,3649419295381,1400,500
1762676093,0000000400000008,3649440641703,5312,501
1762676119,0000000100000001,3649695053290,401,502
1762676140,0000008000000001,3649905971690,3287,503
1762676147,0000000400000008,3649971896234,4526,504
1762676148,0000000400000008,3649989338690,3469,505
1762676150,0000000c00000004,3650009916417,2229,506
1762676150,0000000800000002,3650010228592,2210,507
1762676151,0000004000000080,3650019136017,1677,508
1762676157,0000008000000080,3650079299235,3248,509
1762676164,0000000100000080,3650149013538,4260,510
1762676164,0000000400000001,3650149802483,4212,511
1762676175,0000000100000080,3650259349676,2801,512
1762676176,0000000100000004,3650262334813,2621,513
1762676186,0000008000000008,3650364140785,1700,514
1762676202,0000000800000008,3650531171900,2039,515
1762676206,0000008000000008,3650566717176,5095,516
1762676206,0000000400000001,3650567201366,5067,517
1762676218,0000004000000004,3650683735676,3247,518
1762676222,0000000800000001,3650723406797,863,519
1762676224,0000000100000002,3650747208352,4633,520
1762676235,0000000800000008,3650856376554,3249,521
1762676236,0000000400000002,3650861842402,2916,522
1762676249,0000000400000002,3651000991415,4944,523
1762676258,0000008000000080,3651086249532,5008,524
1762676272,0000000800000008,3651223735253,1930,525
1762676276,0000008000000008,3651265089894,4645,526
1762676278,0000000100000003,3651290420263,3107,527
1762676279,0000000100000080,3651294283830,2871,528
1762676286,0000000800000008,3651366611554,3728,529
1762676290,0000004000000080,3651409266809,1154,530
1762676296,0000000800000008,3651465160943,2981,531
1762676296,0000000100000001,3651469291430,2732,532
1762676305,0000000100000002,3651554102237,2825,533
1762676318,0000000400000002,3651686308965,5268,534
1762676332,0000000100000008,3651831063778,1755,535
1762676336,0000000800000001,3651864103740,4963,536
1762676336,0000000400000002,3651869119830,4666,537
1762676340,0000000200000001,3651908575249,2282,538
1762676348,0000000800000001,3651984469840,2907,539
1762676348,0000008000000080,3651991159748,2504,540
1762676349,0000000800000001,3651998720722,2056,541
1762676390,0000000800000001,3652404569500,3616,542
1762676401,0000000400000002,3652513843070,2231,543
1762676401,0000000400000008,3652518681252,1943,544
1762676409,0000000400000004,3652599214736,2289,545
1762676428,0000008000000080,3652781589734,1709,546
1762676445,0000008000000004,3652953779819,1739,547
1762676456,0000000400000004,3653068384620,5232,548
1762676460,0000000100000004,3653105308274,3005,549
1762676474,0000000100000001,3653245740290,4955,550
1762676483,0000004000000008,3653332714203,4918,551
1762676483,0000000800000004,3653337096397,4659,552
1762676496,0000008000000004,3653470402198,1828,553
1762676505,0000000800000001,3653557887418,1757,554
1762676509,0000000800000001,3653593078521,4840,555
1762676510,0000000800000001,3653604830058,4134,556
1762676522,0000008000000080,3653723055756,2207,557
1762676533,0000000100000004,3653837261190,538,558
1762676538,0000004000000004,3653891000278,2488,559
1762676551,0000000100000001,3654012140502,406,560
1762676560,0000000100000001,3654107786414,5037,561
1762676568,000000c000000080,3654190950056,5227,562
1762676571,0000000100000080,3654215241279,3771,563
1762676584,000000c400000080,3654349685197,872,564
1762676587,0000000400000003,3654372667866,4691,565
1762676588,0000000100000001,3654385866713,3896,566
1762676607,0000000100000004,3654571271140,3119,567
1762676617,0000000800000004,3654672201316,2245,568
1762676623,0000000100000002,3654734979968,3669,569
1762676631,0000000400000002,3654811545163,4262,570
1762676653,0000000800000001,3655039679232,916,571
1762676669,0000000400000004,3655194342281,2002,572
1762676678,0000008000000004,3655288686824,1520,573
1762676700,0000004000000004,3655504331793,4140,574
1762676701,0000000800000080,3655518135360,3297,575
1762676706,0000000100000004,3655569673530,206,576
1762676709,0000000100000001,3655597291550,3737,577
1762676734,0000000100000008,3655844610166,4447,578
1762676737,0000004000000008,3655877670994,2442,579
1762676744,0000008000000080,3655949903362,3293,580
1762676788,0000004000000080,3656389947672,2788,581
1762676791,0000000800000001,3656416011032,1225,582
1762676801,0000000400000004,3656513650975,553,583
1762676812,0000004000000002,3656623462317,4340,584
1762676824,0000008000000080,3656748234436,2019,585
1762676825,0000004000000004,3656751255342,1838,586
1762676830,0000000100000080,3656801697410,4003,587
1762676843,0000000400000001,3656935968434,1111,588
1762676853,0000000800000001,3657036235395,282,589
1762676858,0000000100000001,3657086770645,2424,590
1762676862,0000000800000008,3657126337810,5244,591
1762676865,0000000400000001,3657153520524,3612,592
1762676867,0000000400000002,3657171589611,2516,593
1762676874,0000000400000080,3657247882718,3122,594
1762676879,0000000100000002,3657298253186,5289,595
1762676889,0000008000000080,3657400292543,4356,596
1762676893,0000000800000008,3657436009617,2195,597
1762676932,0000008000000001,3657826975875,4657,598
1762676934,0000008000000002,3657844324942,3609,599
1762676945,0000008000000008,3657956151972,2073,600
1762676955,0000004000000001,3658058588641,1103,601
1762676971,0000000100000001,3658220574501,1750,602
1762676979,0000000100000080,3658298074281,2278,603
1762676986,0000008000000080,3658364870426,3457,604
1762676991,000000c000000080,3658417876950,275,605
1762677000,0000000100000001,3658504817881,238,606
1762677005,0000000100000002,3658558974402,2166,607
1762677008,0000000400000080,3658586744943,502,608
1762677013,0000000100000001,3658637651447,2621,609
1762677024,0000008000000001,3658747573543,1208,610
1762677025,0000000400000004,3658753927639,829,611
1762677032,0000008000000004,3658822902174,1875,612
1762677061,0000000100000002,3659116002312,5019,613
1762677066,0000000800000008,3659163018328,2188,614
1762677073,0000000100000004,3659235498905,3017,615
1762677087,0000008000000080,3659372362301,5178,616
1762677096,0000000200000002,3659463195385,4912,617
1762677109,0000000800000004,3659592705580,2309,618
1762677115,0000000400000002,3659659168722,3509,619
1762677138,0000008000000080,3659882472420,467,620
1762677147,0000008000000008,3659972938065,221,621
1762677153,0000004000000004,3660032763514,1810,622
1762677183,0000004000000004,3660337505615,4263,623
1762677185,0000000100000001,3660358117456,3008,624
1762677185,000000c000000080,3660360880681,2840,625
1762677186,0000000800000080,3660365844889,2542,626
1762677191,0000000400000008,3660416285054,4715,627
1762677195,0000000800000001,3660456836280,2267,628
1762677196,0000000400000008,3660464269985,1824,629
1762677200,0000000400000001,3660503117262,4688,630
1762677203,0000000400000080,3660534754275,2769,631
1762677206,0000004000000008,3660568573415,744,632
1762677207,0000000100000004,3660575027343,360,633
1762677220,0000000400000008,3660706989023,2796,634
1762677223,0000008000000080,3660740889097,766,635
1762677230,0000000100000002,3660808864937,1871,636
1762677234,0000004000000080,3660843281201,4995,637
1762677258,0000004000000008,3661085753652,796,638
1762677265,0000008000000004,3661157296550,1686,639
1762677268,0000004000000008,3661186421451,5128,640
1762677270,0000004000000004,3661202201431,4186,641
1762677278,0000000800000001,3661281518715,4609,642
1762677280,0000004000000001,3661302446731,3340,643
1762677292,0000000200000008,3661427346591,1021,644
1762677299,0000000800000002,3661493719268,2222,645
1762677302,0000000400000001,3661521082450,582,646
1762677307,0000000100000008,3661575625759,2485,647
1762677308,0000000800000008,3661586976857,1809,648
1762677315,0000008000000080,3661658013383,2721,649
1762677321,0000008000000080,3661716612650,4408,650
1762677323,000000c000000080,3661732069966,3469,651
1762677329,0000004000000008,3661796262244,4805,652
1762677332,0000000100000080,3661822754472,3203,653
1762677341,0000000400000004,3661917879252,2671,654
1762677342,0000000800000002,3661922641876,2386,655
1762677346,0000008000000080,3661965565190,5006,656
1762677348,0000008000000080,3661984099072,3896,657
1762677354,0000000400000004,3662051016982,5057,658
1762677368,0000000800000008,3662186999499,2071,659
1762677372,0000000100000001,3662229589079,4711,660
1762677392,0000008000000080,3662429433918,3064,661
1762677394,0000000400000002,3662446959111,2016,662
1762677402,0000008000000080,3662527638573,2352,663
1762677405,0000008100000002,3662560108132,409,664
1762677407,0000000400000001,3662573500473,4797,665
1762677421,0000000100000002,3662716349723,1391,666
1762677427,0000000400000001,3662779978150,2751,667
1762677463,0000000800000004,3663140970753,1820,668
1762677476,0000000400000004,3663263293514,4854,669
1762677476,0000008000000008,3663266655303,4655,670
1762677496,0000000100000008,3663465362457,3075,671
1762677497,0000000100000004,3663479552613,2226,672
1762677503,0000000800000002,3663540356653,3769,673
1762677518,0000000200000001,3663687604105,5294,674
1762677528,0000000400000001,3663787814920,4470,675
1762677537,0000000800000004,3663872993019,4539,676
1762677543,0000000c0000000c,3663937303190,664,677
1762677544,0000008000000080,3663948730331,5168,678
1762677547,0000008000000080,3663972946013,3716,679
1762677547,0000004000000002,3663981009915,3224,680
1762677558,0000000400000008,3664090424523,1839,681
1762677574,0000008000000080,3664241306420,3146,682
1762677574,0000000100000001,3664244970412,2922,683
1762677578,0000000100000004,3664284285980,569,684
1762677583,0000008000000080,3664332979126,2822,685
1762677598,0000004000000002,3664485686253,4039,686
1762677637,0000000400000002,3664873131564,1500,687
1762677679,0000000400000002,3665295886363,2041,688
1762677687,0000000100000003,3665377365315,2329,689
1762677695,0000008000000080,3665454710713,2866,690
1762677715,0000000100000001,3665656265542,1135,691
1762677723,0000000800000002,3665734009734,1656,692
1762677725,0000004000000002,3665751183243,625,693
1762677735,0000000200000001,3665852294005,4930,694
1762677745,0000000400000004,3665951536133,4159,695
1762677752,0000000100000002,3666026551872,4838,696
1762677757,0000000100000001,3666071149912,2149,697
1762677760,0000008000000008,3666105568461,5272,698
1762677767,0000008000000004,3666171293139,1318,699
1762677770,0000000100000001,3666203242446,4600,700
1762677771,0000008000000008,3666211121774,4126,701
1762677773,0000000800000001,3666233124971,2788,702
1762677796,0000008000000080,3666466821528,4327,703
1762677799,0000004000000002,3666498889068,2384,704
1762677802,0000000400000080,3666528595798,606,705
1762677825,0000008000000080,3666751924588,2742,706
1762677828,0000000800000008,3666786015220,702,707
1762677837,000000c000000001,3666875115055,538,708
1762677838,0000000400000004,3666888862462,4904,709
1762677873,0000004000000080,3667232797733,4990,710
1762677883,0000008000000080,3667336748089,3935,711
1762677904,0000000100000080,3667546712007,1686,712
1762677909,0000000800000002,3667598806040,3752,713
1762677916,0000000800000004,3667667967270,4785,714
1762677919,0000000100000002,3667700920876,2789,715
1762677932,0000000100000002,3667823604367,615,716
1762677949,0000008000000080,3667996386714,610,717
1762677960,0000008000000004,3668106549302,4376,718
1762677969,0000004000000001,3668195869234,4196,719
1762677973,0000000800000002,3668232104714,2008,720
1762677984,0000000100000008,3668347624891,258,721
1762677991,0000000400000004,3668419600746,1115,722
1762678016,0000000400000002,3668661954005,2119,723
1762678022,0000000800000080,3668726727792,3417,724
1762678045,0000000800000004,3668953170381,191,725
1762678050,0000008000000080,3669009610787,1984,726
1762678063,0000008000000080,3669135062676,4829,727
1762678076,0000000800000001,3669269116183,1956,728
1762678119,0000000400000008,3669698350377,2103,729
1762678131,0000004000000082,3669814434329,321,730
1762678134,0000008000000080,3669844665022,3694,731
1762678149,0000000800000002,3669997493801,4888,732
1762678166,0000000100000001,3670163830637,5266,733
1762678178,0000000100000004,3670290321665,2845,734
1762678179,0000000100000001,3670297734405,2402,735
1762678180,0000008000000080,3670302803510,2100,736
1762678199,0000000800000080,3670492779339,1059,737
1762678210,0000000400000004,3670604511873,4735,738
1762678225,0000000100000003,3670757321560,731,739
1762678249,0000000100000008,3670994039277,2071,740
1762678268,0000000400000008,3671188709312,750,741
1762678270,0000004000000080,3671204234241,5012,742
1762678297,0000000400000008,3671471027771,4551,743
1762678297,0000008000000008,3671477352697,4171,744
1762678301,0000008000000004,3671518664743,1677,745
1762678342,0000000400000004,3671928793700,2969,746
1762678351,0000008000000080,3672013056990,3095,747
1762678354,0000008000000001,3672044144684,1228,748
1762678356,0000000100000002,3672063158545,5280,749
1762678356,0000000800000001,3672069684190,4892,750
1762678381,0000000400000004,3672317007123,403,751
1762678389,0000000100000001,3672395751574,856,752
1762678395,0000000400000002,3672458324651,2283,753
1762678411,0000000400000008,3672618798033,3015,754
1762678416,0000000200000008,3672667507435,5282,755
1762678420,0000000400000008,3672705156408,3013,756
1762678433,0000004000000008,3672837087384,283,757
1762678443,0000000100000004,3672934051915,4838,758
1762678445,0000000400000008,3672957249244,3436,759
1762678455,0000000100000001,3673054059949,2799,760
1762678456,0000000100000001,3673062283187,2309,761
1762678459,0000000100000004,3673094350711,388,762
1762678473,0000008000000004,3673239654382,2025,763
1762678482,0000000400000004,3673323321798,2190,764
1762678495,0000000800000008,3673460602595,4331,765
1762678497,0000004000000002,3673479503860,3180,766
1762678504,0000000400000002,3673547147430,4318,767
1762678508,0000000800000002,3673586275859,1956,768
1762678512,0000000400000080,3673625080998,4820,769
1762678512,0000000100000004,3673626718973,4723,770
1762678551,0000004000000004,3674013287248,2237,771
1762678552,0000000400000080,3674027843161,1361,772
1762678552,0000008000000004,3674029899086,1237,773
1762678572,000000c000000080,3674221273370,5307,774
1762678575,0000008000000080,3674258059870,3090,775
1762678587,0000004000000002,3674372317386,1415,776
1762678594,0000000100000001,3674443229824,2342,777
1762678595,0000008000000002,3674451074642,1875,778
1762678605,0000000400000008,3674551928475,1999,779
1762678609,0000000100000001,3674592571874,3754,780
1762678610,0000004000000001,3674605969163,2936,781
1762678611,0000000800000004,3674618232226,2204,782
1762678612,0000008000000080,3674629469027,1529,783
1762678614,0000008000000080,3674650090354,296,784
1762678640,0000000400000004,3674906190850,470,785
1762678645,0000004000000080,3674955712485,2674,786
1762678657,0000000100000001,3675072752232,835,787
1762678680,0000004000000080,3675301262987,2662,788
1762678681,0000000400000002,3675310812591,2095,789
1762678688,0000004000000002,3675387569175,2665,790
1762678717,0000000100000002,3675680085980,660,791
1762678719,0000008000000080,3675700113474,4654,792
1762678724,0000000100000001,3675744084497,2003,793
1762678740,0000000100000080,3675903548060,2789,794
1762678744,0000008000000080,3675950189942,5185,795
1762678757,0000000800000080,3676072882527,2993,796
1762678778,0000008000000080,3676286998663,512,797
1762678787,000000c000000080,3676372049001,588,798
1762678787,0000000400000008,3676376455867,325,799
1762678789,0000000800000002,3676397633214,4249,800
1762678790,0000000100000080,3676410439760,3470,801
1762678804,0000000100000080,3676543658016,653,802
1762678811,0000004000000008,3676611140983,1789,803
1762678822,0000008000000080,3676724680303,162,804
1762678827,0000004000000080,3676773994337,2371,805
1762678832,0000000100000001,3676821827577,4700,806
1762678840,0000000800000080,3676902044887,5062,807
1762678852,0000000800000080,3677025419372,2826,808
1762678866,000000c000000080,3677167722683,4668,809
1762678866,0000000100000001,3677168730271,4609,810
1762678878,0000000100000001,3677286249809,2718,811
1762678884,0000008000000004,3677349622851,4115,812
1762678935,0000000800000004,3677855460510,4848,813
1762678937,0000000800000080,3677877751758,3502,814
1762678955,0000000100000004,3678054834345,3233,815
1762678956,0000000100000001,3678064109254,2671,816
1762678962,0000000100000002,3678124417416,4254,817
1762679007,0000000800000008,3678572052752,3286,818
1762679009,0000008000000008,3678596660053,1808,819
1762679018,0000000100000004,3678690424385,1360,820
1762679020,0000000100000008,3678706625858,392,821
1762679033,0000000100000002,3678836387611,2962,822
1762679036,0000000400000080,3678870108710,939,823
1762679038,000000c000000080,3678887206884,5104,824
1762679044,0000008000000004,3678948909200,1391,825
1762679051,0000000800000008,3679019065388,2363,826
1762679062,0000000100000008,3679121651817,1388,827
1762679064,0000000100000003,3679143498323,5268,828
1762679065,0000008000000001,3679160169479,4275,829
1762679084,0000008000000008,3679345532985,3505,830
1762679108,0000000800000001,3679586631704,4591,831
1762679111,0000000100000002,3679613480224,2961,832
1762679116,0000008000000080,3679666103156,4999,833
1762679119,0000008000000002,3679696196562,3183,834
1762679133,0000000400000001,3679838211700,5033,835
1762679133,0000008000000002,3679840606609,4891,836
1762679137,0000000100000001,3679875652974,2771,837
1762679171,0000000800000001,3680213735944,3214,838
1762679177,0000008000000002,3680277091020,4608,839
1762679180,0000000800000001,3680305692423,2872,840
1762679185,0000000800000002,3680352634233,5249,841
1762679208,0000000800000080,3680586197837,1588,842
1762679217,0000008000000080,3680679400189,1173,843
1762679223,0000000100000001,3680738536207,2805,844
1762679226,0000008000000006,3680762063974,1395,845
1762679239,0000000800000002,3680890700444,4054,846
1762679242,0000000800000008,3680921309529,2204,847
1762679250,0000000400000008,3681006209361,2290,848
1762679271,0000008000000080,3681212039056,305,849
1762679274,0000004000000080,3681250091701,3200,850
1762679279,0000000400000002,3681297179939,377,851
1762679286,0000004000000080,3681369841792,1192,852
1762679311,0000000100000002,3681614589310,2053,853
1762679317,0000000400000080,3681674499279,3647,854
1762679345,0000000800000001,3681958318027,2151,855
1762679350,0000000400000001,3682009165697,4297,856
1762679369,0000000800000002,3682191120505,3735,857
1762679379,0000000100000008,3682291714162,2865,858
1762679379,0000000400000004,3682294150541,2718,859
1762679384,0000000400000002,3682348507571,4658,860
1762679390,0000008000000002,3682403035428,1368,861
1762679392,0000000800000002,3682424431875,5277,862
1762679427,0000004000000002,3682772902905,5091,863
1762679429,000000400000000c,3682799603360,3486,864
1762679439,0000008000000004,3682900461945,2605,865
1762679447,0000008000000080,3682973965394,3383,866
1762679457,0000000100000004,3683070967038,2736,867
1762679460,0000008000000080,3683104118212,752,868
1762679461,0000004000000004,3683120058521,4987,869
1762679479,0000000400000001,3683290902621,5094,870
1762679484,0000000200000004,3683345362764,1820,871
1762679486,0000000100000004,3683360589900,902,872
1762679488,0000004000000002,3683384837276,4646,873
1762679492,0000000800000001,3683429538968,1949,874
1762679501,0000000800000008,3683512572750,2147,875
1762679503,0000000100000004,3683530912019,1043,876
1762679515,0000000100000002,3683656317150,3896,877
1762679516,0000000200000002,3683670201296,3049,878
1762679519,000000c000000008,3683690853889,1813,879
1762679532,0000004000000002,3683827618112,3979,880
1762679533,0000008000000001,3683833450788,3625,881
1762679540,0000004000000008,3683906024528,4461,882
1762679548,0000008000000008,3683987916272,4725,883
1762679552,0000000100000001,3684028315429,2284,884
1762679591,0000008000000008,3684418609026,4785,885
1762679596,0000000100000001,3684466347301,1909,886
1762679597,0000008800000006,3684477838587,1214,887
1762679599,0000008000000001,3684495887305,5323,888
1762679599,0000000700000080,3684498261717,5181,889
1762679603,000000c000000080,3684538099404,2779,890
1762679609,0000008000000080,3684592038772,4742,891
1762679618,0000004000000008,3684684652733,4367,892
1762679618,0000008000000004,3684688424983,4139,893
1762679647,0000000400000001,3684972494025,2616,894
1762679656,0000008000000080,3685060924954,2493,895
1762679657,0000000400000008,3685073954079,1717,896
1762679661,0000008000000080,3685114740804,4465,897
1762679663,0000000100000001,3685139222552,2976,898
1762679687,0000000100000080,3685377252239,4256,899
1762679696,0000004000000001,3685464019884,4230,900
1762679711,0000000100000001,3685612204754,505,901
1762679716,0000000400000002,3685668551738,2301,902
1762679722,0000000100000080,3685725842257,4060,903
1762679723,0000000100000001,3685736899603,3387,904
1762679729,0000008000000080,3685792829834,5216,905
1762679729,0000008000000080,3685797501138,4939,906
1762679732,0000000800000080,3685821813113,3474,907
1762679738,0000000800000002,3685889635135,4596,908
1762679746,0000004000000004,3685968027028,5067,909
1762679747,0000000100000001,3685979206049,4402,910
1762679750,0000004000000080,3686004010130,2894,911
1762679759,0000000800000008,3686098891286,2384,912
1762679772,0000008000000080,3686225246468,5175,913
1762679812,0000004000000001,3686629850711,1613,914
1762679827,0000000400000004,3686780025149,2958,915
1762679841,0000000400000004,3686918159598,5045,916
1762679844,0000000100000008,3686946462870,3341,917
1762679847,0000004000000008,3686975734645,1581,918
1762679850,0000000400000008,3687009353582,4759,919
1762679859,0000000400000001,3687097494633,4653,920
1762679863,0000000100000001,3687132130964,2555,921
1762679870,0000008000000004,3687208338862,3166,922
1762679875,0000008000000004,3687257613645,213,923
1762679896,0000008000000080,3687461554207,3522,924
1762679897,0000008000000001,3687470999793,2946,925
1762679898,0000004000000004,3687486669034,2010,926
1762679900,0000000100000001,3687510346190,590,927
1762679915,0000008000000008,3687652884300,2395,928
1762679916,0000000400000008,3687660898656,1918,929
1762679926,0000008000000001,3687767978587,673,930
1762679943,0000004000000002,3687938316108,812,931
1762679952,0000004000000080,3688026975593,674,932
1762679954,0000000800000008,3688043978789,4849,933
1762679956,0000008000000002,3688061948985,3767,934
1762679967,0000004000000080,3688171536009,2359,935
1762679967,0000000100000001,3688175611970,2118,936
1762679981,000000c000000080,3688316327002,4049,937
1762679984,0000008000000008,3688347399492,2171,938
1762679996,0000000100000002,3688463387807,396,939
1762680000,0000008000000080,3688508621048,2855,940
1762680004,0000000200000040,3688549681154,398,941
1762680007,0000000c00000002,3688573975070,4134,942
1762680009,0000004000000001,3688591522651,3064,943
1762680019,0000000100000001,3688690525757,2305,944
1762680023,0000000100000001,3688740386303,4512,945
1762680033,0000000100000080,3688840048243,3706,946
1762680044,0000008000000004,3688946903320,2462,947
1762680046,0000008000000080,3688969238796,1121,948
1762680048,0000000100000001,3688982992427,302,949
1762680049,0000004000000080,3688992446626,4925,950
1762680049,0000000800000008,3688993295803,4875,951
1762680053,0000008000000080,3689031118140,2588,952
1762680060,0000000800000002,3689105046271,3341,953
1762680076,0000004000000008,3689261075695,4353,954
1762680079,0000008000000080,3689291212691,2524,955
1762680098,000000c000000080,3689489642346,981,956
1762680103,0000004000000080,3689536329671,3368,957
1762680105,0000000400000001,3689552355075,2400,958
1762680106,0000000800000001,3689568388723,1439,959
1762680122,0000000100000003,3689726619965,2307,960
1762680130,0000000400000080,3689801303430,3005,961
1762680148,0000008000000080,3689982991143,2463,962
1762680166,0000000800000001,3690166720423,1806,963
1762680167,0000000400000080,3690172389520,1462,964
1762680176,0000000100000001,3690263925526,1149,965
1762680191,0000000100000001,3690416051428,2384,966
1762680199,0000000800000080,3690490830084,3079,967
1762680212,0000000400000008,3690628426294,5194,968
1762680226,0000000800000008,3690768360506,1972,969
1762680227,0000004000000008,3690770374848,1852,970
1762680248,0000000800000008,3690982176714,4698,971
1762680263,0000004000000008,3691132670684,834,972
1762680273,0000000100000004,3691236909099,4953,973
1762680275,0000008000000080,3691256600490,3770,974
1762680279,0000008000000002,3691292844049,1586,975
1762680279,0000008000000008,3691293211642,1562,976
1762680279,0000008000000080,3691293462197,1547,977
1762680287,0000000800000002,3691371246628,2062,978
1762680302,0000000400000008,3691529855061,2903,979
1762680312,0000000100000008,3691629871082,2086,980
1762680321,0000000800000001,3691719236159,1908,981
1762680325,0000000100000002,3691751502288,5158,982
1762680329,0000000400000080,3691797550394,2384,983
1762680359,0000008000000008,3692099620572,4995,984
1762680363,0000000100000001,3692135314531,2838,985
1762680369,0000008000000080,3692192206250,4626,986
1762680371,000000c000000080,3692213774019,3319,987
1762680371,0000004000000080,3692215572162,3209,988
1762680374,0000000800000080,3692248585622,1224,989
1762680381,0000000400000008,3692317674719,2262,990
1762680388,0000000100000008,3692382423352,3565,991
1762680389,0000004000000001,3692391043974,3038,992
1762680390,0000000100000001,3692400635799,2462,993
1762680390,0000008000000008,3692403124843,2314,994
1762680395,0000000300000001,3692453393067,4497,995
1762680403,0000008000000080,3692531823101,4965,996
1762680423,0000008000000002,3692734938772,3129,997
1762680428,0000000400000001,3692786313845,5236,998
1762680445,0000004000000004,3692956371652,208,999
1762680445,0000000400000001,3692956427718,205,1000
1762680453,0000000100000001,3693033417046,763,1001
1762680458,0000000100000002,3693089905749,2549,1002
1762680462,0000000800000004,3693121147129,681,1003
1762680463,0000000400000004,3693134157561,5088,1004
1762680476,0000000400000008,3693267886542,2237,1005
1762680480,0000000800000004,3693308523893,4989,1006
1762680485,0000000400000002,3693355971432,2133,1007
1762680499,0000000800000004,3693498812025,3936,1008
1762680506,0000000100000003,3693565681054,5101,1009
1762680523,0000008000000008,3693731090720,350,1010
1762680527,0000008000000080,3693778408569,2684,1011
1762680528,0000000400000004,3693784996217,2293,1012
1762680529,0000000100000080,3693799343567,1432,1013
1762680531,0000008000000001,3693815001623,496,1014
1762680538,0000008000000008,3693883450678,1566,1015
1762680558,0000000400000008,3694083063048,5140,1016
1762680567,0000008000000080,3694172238798,4973,1017
1762680576,0000000100000001,3694268785012,4365,1018
1762680579,000000c000000080,3694298989166,2535,1019
1762680589,0000008100000003,3694393473338,2051,1020
1762680596,0000008000000080,3694466185050,2862,1021
1762680598,0000000800000001,3694490153357,1428,1022
1762680611,0000000200000004,3694616026608,4254,1023
1762680619,0000004000000008,3694693937832,4758,1024
1762680670,0000000800000002,3695202764545,5306,1025
1762680672,0000004000000001,3695227857035,3804,1026
1762680684,0000000200000001,3695348268582,1749,1027
1762680687,0000000400000004,3695377391531,5191,1028
1762680692,0000004000000001,3695429367109,2065,1029
1762680713,0000000100000001,3695635679304,5234,1030
1762680714,0000000200000002,3695642358444,4839,1031
1762680717,0000000100000001,3695673907112,2929,1032
1762680730,0000000800000004,3695801551117,458,1033
1762680737,0000004000000001,3695878897741,992,1034
1762680738,0000000100000001,3695885890503,577,1035
1762680752,0000008000000080,3696023066308,2701,1036
1762680765,0000000100000001,3696154866420,5168,1037
1762680766,0000000100000002,3696163211277,4674,1038
1762680778,0000000100000001,3696289944163,2234,1039
1762680796,0000008000000080,3696469719793,1812,1040
1762680797,0000008000000004,3696476996704,1371,1041
1762680800,0000008000000008,3696507294082,4749,1042
1762680831,0000000100000004,3696818067575,1630,1043
1762680842,0000000400000080,3696926316767,319,1044
1762680852,0000000400000001,3697025686910,4730,1045
1762680855,0000000100000002,3697056146790,2884,1046
1762680856,0000008000000008,3697063763891,2427,1047
1762680864,0000008000000080,3697148184938,2542,1048
1762680864,0000000100000004,3697149390004,2471,1049
1762680865,0000000100000008,3697152419242,2291,1050
1762680870,0000000800000004,3697203513308,4424,1051
1762680873,0000000100000080,3697232769482,2647,1052
1762680876,0000000100000004,3697269705707,438,1053
1762680886,000000c000000080,3697363850890,5156,1054
1762680889,0000000400000080,3697392265779,3447,1055
1762680893,0000008000000008,3697439977787,583,1056
1762680909,0000008000000001,3697597466774,1491,1057
1762680915,0000000100000002,3697655644304,3183,1058
1762680916,0000000100000001,3697669081721,2374,1059
1762680954,0000000400000001,3698049752266,260,1060
1762680992,0000008000000008,3698425495301,3626,1061
1762680996,0000000100000001,3698463715515,1320,1062
1762681005,0000004000000001,3698557606070,869,1063
1762681008,0000008000000002,3698584613918,4448,1064
1762681008,0000000100000001,3698585167227,4413,1065
1762681021,0000008000000002,3698718938322,1552,1066
1762681026,0000000100000080,3698764446113,4017,1067
1762681038,0000000800000008,3698887682795,1790,1068
1762681043,0000008000000001,3698937464135,3996,1069
1762681045,0000000100000080,3698951675571,3129,1070
1762681053,0000000400000080,3699031834520,3507,1071
1762681060,0000004000000001,3699101091097,4542,1072
1762681066,0000000800000002,3699169852383,403,1073
1762681071,0000000400000004,3699218430467,2663,1074
1762681074,0000000400000001,3699246281096,992,1075
1762681080,0000008000000080,3699310084604,2346,1076
1762681090,0000000400000008,3699405790913,1788,1077
1762681095,0000008000000001,3699459871576,3731,1078
1762681098,0000008000000080,3699487035533,2093,1079
1762681113,0000008000000040,3699639490621,3308,1080
1762681114,0000004000000008,3699644834312,2982,1081
1762681120,0000008000000004,3699708099584,4386,1082
1762681132,0000008000000080,3699829779913,2250,1083
1762681137,0000000100000001,3699877665329,4573,1084
1762681145,0000008000000080,3699958644861,4894,1085
1762681154,0000000400000004,3700047651899,4735,1086
1762681161,0000008000000080,3700119568895,406,1087
1762681167,0000000100000001,3700176793110,2151,1088
1762681170,0000008000000080,3700200220398,745,1089
1762681182,0000008000000080,3700325338465,3608,1090
1762681190,000000400000000c,3700407895405,3839,1091
1762681192,0000004000000080,3700423781386,2870,1092
1762681207,0000000100000080,3700576161811,4105,1093
1762681208,0000000200000002,3700588109639,3380,1094
1762681232,0000008000000001,3700823097012,4831,1095
1762681296,000000c000000080,3701465974836,2505,1096
1762681297,0000000100000080,3701471307774,2190,1097
1762681327,0000004000000008,3701775862792,4654,1098
1762681333,0000000800000008,3701835663137,1048,1099
1762681333,0000008000000080,3701838226668,895,1100
1762681343,0000008000000080,3701933454248,367,1101
1762681346,0000008000000080,3701962484188,3813,1102
1762681366,0000008000000004,3702168040963,1832,1103
1762681369,0000000400000004,3702190461219,487,1104
1762681370,0000000400000002,3702205553054,4774,1105
1762681374,0000004000000080,3702244071067,2445,1106
1762681375,0000000200000001,3702253704596,1873,1107
1762681379,0000000800000004,3702296935798,4475,1108
1762681407,0000000100000003,3702575964382,3260,1109
1762681409,0000000100000001,3702590392817,2390,1110
1762681412,0000000100000004,3702620588457,582,1111
1762681416,0000000900000001,3702660165499,3391,1112
1762681435,0000000100000001,3702853024557,2176,1113
1762681437,000000c000000080,3702877250786,722,1114
1762681443,0000008000000080,3702935428943,2410,1115
1762681445,0000008000000002,3702959053180,992,1116
1762681446,0000004000000080,3702968731429,416,1117
1762681448,0000000800000001,3702986077359,4570,1118
1762681454,0000004000000001,3703045661536,976,1119
1762681457,0000008000000008,3703073502798,4506,1120
1762681460,0000000100000001,3703107237741,2462,1121
1762681471,0000000800000002,3703211837148,1361,1122
1762681498,0000000400000080,3703481721106,719,1123
1762681498,0000004800000080,3703483901590,590,1124
1762681499,0000000100000004,3703493837819,5181,1125
1762681503,0000000400000080,3703533201908,2805,1126
1762681511,0000000800000008,3703616692311,2979,1127
1762681514,0000008800000002,3703641361274,1500,1128
1762681517,0000000100000008,3703677006038,4559,1129
1762681524,0000008000000002,3703740604350,728,1130
1762681527,0000000100000001,3703779728880,3569,1131
1762681535,0000000800000001,3703855510903,4209,1132
1762681538,0000000100000008,3703884265370,2466,1133
1762681539,0000008000000008,3703891544019,2034,1134
1762681552,0000008000000004,3704020371773,4679,1135
1762681565,0000000400000002,3704150244439,2053,1136
1762681565,0000000800000001,3704151514612,1979,1137
1762681597,0000000400000001,3704475124142,3284,1138
1762681615,0000000800000008,3704653795138,2919,1139
1762681618,0000008000000004,3704682542681,1194,1140
1762681632,0000008000000010,3704821689113,3212,1141
1762681648,0000000100000008,3704985953287,3726,1142
1762681650,0000000400000002,3705009029447,2329,1143
1762681658,000000c000000080,3705084187879,2999,1144
1762681660,0000000400000001,3705102415850,1910,1145
1762681663,0000000100000003,3705137901134,4973,1146
1762681676,0000008000000080,3705266290016,2434,1147
1762681684,0000000100000081,3705347363827,2748,1148
1762681700,0000000c00000001,3705507085782,3539,1149
1762681715,0000008000000080,3705655260491,5012,1150
1762681732,0000004000000004,3705823085165,5302,1151
1762681739,0000000100000001,3705897084512,853,1152
1762681740,0000008000000080,3705901463242,593,1153
1762681740,0000008000000080,3705905481994,353,1154
1762681755,0000004000000002,3706051398805,1958,1155
1762681762,0000000100000001,3706121000613,2957,1156
1762681763,0000000100000001,3706136175947,2052,1157
1762681764,0000008000000008,3706141867662,1710,1158
1762681768,0000000400000001,3706189133563,4068,1159
1762681772,0000000800000001,3706222958864,2025,1160
1762681786,0000000400000008,3706364695843,3893,1161
1762681788,0000008000000080,3706382541266,2807,1162
1762681802,0000000800000004,3706523707309,4716,1163
1762681803,0000008000000080,3706539297699,3777,1164
1762681804,0000004000000008,3706539493817,3767,1165
1762681806,0000000800000008,3706565311378,2204,1166
1762681810,0000000100000001,3706603406760,5111,1167
1762681819,0000000400000002,3706695336875,4778,1168
1762681827,0000008000000080,3706772403874,5329,1169
1762681839,0000000100000003,3706899618352,2866,1170
1762681849,0000000800000001,3706990654777,2584,1171
1762681852,0000000800000080,3707029437187,264,1172
1762681868,0000008000000008,3707186923555,1170,1173
1762681870,0000000400000008,3707201509003,300,1174
1762681874,0000000100000001,3707241066944,3104,1175
1762681895,0000000400000008,3707454512284,660,1176
1762681901,0000000400000008,3707512141934,2379,1177
1762681905,0000000400000001,3707557725222,4841,1178
1762681913,0000000100000080,3707634274291,236,1179
1762681917,0000000800000004,3707672763078,3106,1180
1762681918,0000000100000003,3707682773590,2503,1181
1762681946,0000008000000002,3707964815079,1121,1182
1762681960,000000c000000080,3708104872157,3082,1183
1762681962,0000008000000008,3708128407633,1671,1184
1762681966,0000000100000001,3708160673984,4927,1185
1762681966,0000000400000080,3708169398584,4408,1186
1762681976,0000008000000080,3708261123189,4083,1187
1762681981,0000000800000001,3708310929606,1077,1188
1762681987,0000000400000002,3708370024939,2711,1189
1762682020,0000000100000080,3708701831749,3536,1190
1762682022,0000000800000001,3708728696301,1919,1191
1762682027,0000008000000080,3708773850574,4406,1192
1762682051,0000000100000004,3709011489274,495,1193
1762682051,0000000100000080,3709019003613,2270,1194
1762682056,0000008000000080,3709065497839,2428,1195
1762682065,0000000800000002,3709159795783,1957,1196
1762682081,0000000100000003,3709314455256,3033,1197
1762682090,0000000800000080,3709405390189,2756,1198
1762682091,0000004000000001,3709413082630,2298,1199
1762682095,0000000400000002,3709451164336,5204,1200
1762682096,0000000100000001,3709468391497,4177,1201
1762682104,0000000400000001,3709543300401,4860,1202
1762682110,0000000400000002,3709601162135,1372,1203
1762682117,0000000400000002,3709670013606,2422,1204
1762682157,0000008000000001,3710074766913,4056,1205
1762682162,0000004000000008,3710123706857,1104,1206
1762682180,0000000800000002,3710303656868,672,1207
1762682182,0000000800000002,3710328623312,4371,1208
1762682190,0000000400000001,3710404629050,4984,1209
1762682197,0000008000000080,3710473505725,840,1210
1762682201,0000000400000080,3710512679963,3682,1211
1762682203,0000004000000004,3710530484938,2598,1212
1762682216,000000c000000080,3710663069168,5019,1213
1762682224,0000000100000001,3710749206659,5032,1214
1762682229,0000008000000080,3710792118587,2443,1215
1762682243,0000000100000080,3710938194747,4058,1216
1762682251,0000000100000008,3711014901281,4637,1217
1762682296,0000008000000001,3711467035629,3401,1218
1762682316,0000000400000080,3711667241564,1747,1219
1762682322,0000004000000004,3711722045240,3646,1220
1762682341,0000000400000001,3711915974705,2362,1221
1762682367,0000004000000008,3712175389167,2339,1222
1762682368,0000004000000004,3712185406149,1741,1223
1762682381,0000008000000008,3712310711684,4599,1224
1762682381,000000090000000b,3712318884913,4106,1225
1762682402,0000000800000002,3712521841571,2275,1226
1762682415,0000004000000001,3712656136410,4595,1227
1762682421,0000008000000004,3712710668185,1304,1228
1762682431,0000000100000080,3712809926248,535,1229
1762682433,0000000100000001,3712834167677,4274,1230
1762682459,0000008000000080,3713099686689,3882,1231
1762682462,0000008000000080,3713125460921,2321,1232
1762682472,0000000800000004,3713220086023,1828,1233
1762682486,0000008000000001,3713364848079,3508,1234
1762682509,0000000100000002,3713591013227,296,1235
1762682510,0000000800000001,3713607254665,4515,1236
1762682521,0000008000000004,3713718955345,2974,1237
1762682528,0000008000000008,3713781986165,4392,1238
1762682540,0000000100000002,3713903607686,2259,1239
1762682548,0000008000000080,3713984334411,2591,1240
1762682556,0000000100000008,3714061144248,3169,1241
1762682557,0000004000000080,3714075663658,2296,1242
1762682561,0000000500000001,3714112563285,5273,1243
1762682569,0000000800000001,3714199124491,5260,1244
1762682578,0000000400000004,3714284664064,5306,1245
1762682578,0000000100000008,3714286957073,5171,1246
1762682580,0000004000000002,3714309362155,3828,1247
1762682583,0000000400000002,3714332025574,2454,1248
1762682592,0000000400000008,3714422827433,2190,1249
1762682595,0000000100000001,3714455163262,253,1250
1762682606,0000000800000002,3714561309552,4258,1251
1762682609,0000000100000001,3714599646895,1943,1252
1762682616,0000000400000080,3714664973663,3204,1253
1762682648,0000000400000002,3714980921947,4978,1254
1762682658,0000008000000002,3715089204204,3661,1255
1762682687,0000000400000002,3715373966854,2110,1256
1762682725,0000000100000001,3715758335687,4961,1257
1762682760,0000008000000080,3716101861864,5070,1258
1762682774,0000000100000001,3716241561249,1861,1259
1762682791,0000000c00000004,3716416740906,1710,1260
1762682794,0000000100000001,3716445319658,5183,1261
1762682797,0000000400000080,3716477204721,3264,1262
1762682798,0000008000000080,3716487768363,2623,1263
1762682820,0000000100000001,3716709415578,4883,1264
1762682824,0000000400000004,3716741840761,2922,1265
1762682834,0000000200000001,3716840257027,2200,1266
1762682837,0000000400000001,3716872329468,279,1267
1762682839,0000004000000004,3716896787344,4003,1268
1762682840,0000000100000001,3716907555381,3347,1269
1762682842,0000000100000008,3716921164112,2523,1270
1762682854,0000000400000080,3717043681572,359,1271
1762682878,0000000100000002,3717288863975,1183,1272
1762682886,0000008000000080,3717360284056,2084,1273
1762682890,0000008000000080,3717401145498,4825,1274
1762682911,0000008000000004,3717610861935,2585,1275
1762682920,0000008000000080,3717706205390,2051,1276
1762682928,0000000100000080,3717788469784,2293,1277
1762682950,0000000300000001,3718007149127,4732,1278
1762682952,0000000100000008,3718029580480,3374,1279
1762682958,0000000400000008,3718086572868,5140,1280
1762682962,0000000800000002,3718127725739,2657,1281
1762682963,0000000400000004,3718136772531,2121,1282
1762682967,0000000400000002,3718171442919,5227,1283
1762682972,0000000400000004,3718224679331,2027,1284
1762682975,0000000100000001,3718255443900,182,1285
1762682997,0000000100000008,3718470659319,2804,1286
1762683005,0000000400000008,3718552604441,3071,1287
1762683019,0000008000000080,3718697779071,4738,1288
1762683022,0000000400000080,3718726704964,2986,1289
1762683035,0000000100000001,3718857031905,351,1290
1762683054,0000008000000080,3719049080982,4384,1291
1762683083,0000000400000080,3719339096380,2504,1292
1762683096,0000000200000003,3719467437367,5178,1293
1762683105,0000000400000002,3719551592998,5309,1294
1762683109,0000000400000080,3719591651778,2893,1295
1762683115,0000000800000004,3719654578860,4319,1296
1762683123,0000004400000002,3719737608113,4517,1297
1762683139,0000000100000002,3719897768335,5261,1298
1762683144,0000004000000008,3719948402071,2214,1299
1762683155,0000000800000004,3720054425288,1030,1300
1762683159,0000008000000008,3720092572510,3939,1301
1762683160,0000000100000004,3720099814637,3497,1302
1762683208,0000000100000002,3720582808610,416,1303
1762683217,0000000100000004,3720675663594,5213,1304
1762683221,0000004000000080,3720712526644,2989,1305
1762683233,0000000100000080,3720838411742,621,1306
1762683240,0000000800000001,3720907758345,1641,1307
1762683244,0000008000000004,3720944125002,4655,1308
1762683244,0000008000000080,3720946541601,4510,1309
1762683257,0000004000000004,3721076478811,1880,1310
1762683276,0000000400000004,3721269388584,664,1311
1762683287,0000004000000001,3721377101787,4579,1312
1762683330,0000004000000080,3721805588922,4771,1313
1762683332,0000004000000080,3721826395311,3515,1314
1762683333,0000000100000008,3721836908494,2874,1315
1762683339,0000008000000080,3721894521527,1044,1316
1762683345,0000004000000002,3721954133826,1021,1317
1762683349,0000000800000001,3721990510223,4036,1318
1762683368,0000004000000080,3722184527069,2737,1319
1762683383,0000004000000004,3722331957836,4275,1320
1762683395,0000000400000001,3722453368922,2154,1321
1762683425,0000000100000001,3722750478383,5059,1322
1762683476,0000008000000008,3723259998560,384,1323
1762683481,0000000800000006,3723316343785,2181,1324
1762683485,0000008000000080,3723354253059,5097,1325
1762683501,0000000100000001,3723519049374,382,1326
1762683506,0000000600000001,3723565250994,2784,1327
1762683507,0000004000000004,3723579122723,1960,1328
1762683518,0000008000000008,3723688780400,559,1329
1762683524,0000000800000004,3723740384842,2637,1330
1762683537,0000000100000004,3723870822207,5184,1331
1762683555,0000000800000002,3724051786141,4696,1332
1762683556,0000008000000001,3724067146464,3770,1333
1762683574,0000004000000004,3724242442299,3611,1334
1762683584,0000000100000001,3724346533967,2533,1335
1762683589,0000000400000001,3724394125354,4876,1336
1762683593,0000000400000002,3724433539054,2494,1337
1762683594,0000000100000001,3724439586396,2136,1338
1762683596,0000008000000002,3724465007061,611,1339
1762683618,0000000100000001,3724689288432,2690,1340
1762683619,0000000800000001,3724692438101,2502,1341
1762683619,0000000100000003,3724695180751,2340,1342
1762683641,0000004000000004,3724918872642,4478,1343
1762683676,0000000800000001,3725259608043,4754,1344
1762683683,0000000800000080,3725336606020,5307,1345
1762683684,0000008000000001,3725345097395,4805,1346
1762683686,0000000100000002,3725364812840,3617,1347
1762683688,0000000400000080,3725383977582,2455,1348
1762683697,0000000100000001,3725475164132,2169,1349
1762683703,0000000100000001,3725536961231,3650,1350
1762683717,0000000400000002,3725676521294,450,1351
1762683726,0000000800000080,3725769471301,5241,1352
1762683728,0000008000000080,3725779840420,4626,1353
1762683728,0000004000000008,3725779905426,4622,1354
1762683731,0000000800000080,3725819245162,2246,1355
1762683738,0000000800000001,3725884628816,3510,1356
1762683748,0000008000000080,3725981191228,2885,1357
1762683758,0000008000000080,3726086944788,1727,1358
1762683765,0000000100000001,3726152676070,2960,1359
1762683772,0000000400000080,3726226248443,3739,1360
1762683775,0000004000000001,3726259240767,1749,1361
1762683780,0000004000000004,3726301491167,4410,1362
1762683789,0000008000000002,3726395102518,3972,1363
1762683833,0000008000000080,3726838739111,3244,1364
1762683834,0000000100000004,3726849261586,2607,1365
1762683853,0000000400000002,3727030944195,2073,1366
1762683874,0000004000000008,3727241696726,4980,1367
1762683883,0000000100000001,3727331800763,4759,1368
1762683890,0000000100000008,3727400432305,626,1369
1762683898,0000008000000080,3727480515498,997,1370
1762683914,0000004000000001,3727640311644,1776,1371
1762683945,0000000100000080,3727952868880,3754,1372
1762683945,0000000100000002,3727957842210,3450,1373
1762683950,0000000400000080,3728000313471,895,1374
1762683953,0000004000000001,3728038229282,3813,1375
1762683955,0000008000000080,3728053657543,2872,1376
1762683957,0000004000000001,3728078559058,1380,1377
1762683973,0000004000000008,3728232443554,2507,1378
1762683975,0000000800000080,3728254957326,1155,1379
1762683984,0000008000000080,3728344514856,964,1380
1762683989,0000008000000080,3728393144261,3231,1381
1762683994,0000008000000080,3728444733116,5322,1382
1762683998,0000000100000003,3728486488312,2805,1383
1762684004,0000000400000002,3728548153233,4306,1384
1762684007,0000008000000080,3728572273425,2838,1385
1762684012,0000000100000001,3728626457531,4786,1386
1762684013,0000004000000008,3728639121777,4026,1387
1762684014,0000008000000080,3728640197688,3962,1388
1762684030,0000000400000001,3728800600925,4701,1389
1762684034,0000008000000004,3728845792471,1976,1390
1762684034,0000000400000004,3728848543982,1810,1391
1762684048,0000000800000080,3728986217758,3922,1392
1762684055,0000004000000008,3729058859259,4749,1393
1762684072,0000008000000080,3729219792617,258,1394
1762684072,0000004000000002,3729227824092,4965,1395
1762684073,0000000200000001,3729231144836,4771,1396
1762684084,0000000100000080,3729343924496,3170,1397
1762684091,0000004800000080,3729416105760,8066,1398
1762684115,0000000800000080,3729654883754,5243,1399
1762684120,0000000100000080,3729703047319,2343,1400
1762684120,0000000800000008,3729705065762,2223,1401
1762684122,0000000100000080,3729722651003,1164,1402
1762684122,0000004000000002,3729729204422,774,1403
1762684142,0000008000000080,3729927080017,4462,1404
1762684146,0000000800000002,3729965074286,2165,1405
1762684147,0000008000000004,3729973087388,1685,1406
1762684162,0000000100000004,3730121384795,3147,1407
1762684167,0000000100000008,3730174299493,5162,1408
1762684183,0000000800000008,3730333281274,795,1409
1762684196,0000000800000080,3730468255283,3056,1410
1762684216,0000000800000008,3730660919092,1861,1411
1762684220,0000000100000001,3730705593023,4375,1412
1762684233,0000004000000001,3730835379670,1753,1413
1762684235,0000000100000008,3730857365923,435,1414
1762684242,0000000100000001,3730920209082,1845,1415
1762684259,0000000800000080,3731098601160,1500,1416
1762684262,0000000100000001,3731125987127,5049,1417
1762684284,0000000400000001,3731345264193,2243,1418
1762684285,0000008800000002,3731352580944,1806,1419
1762684285,0000000100000080,3731354638269,1682,1420
1762684287,0000000100000084,3731371327683,679,1421
1762684289,0000000400000002,3731391722280,4653,1422
1762684297,0000000400000002,3731478048689,4652,1423
1762684299,0000004000000001,3731497368169,3484,1424
1762684303,0000008000000001,3731532331075,1378,1425
1762684320,0000008000000080,3731701621185,1583,1426
1762684322,0000000800000004,3731724226530,230,1427
1762684332,0000004000000001,3731826759179,4454,1428
1762684377,0000000400000080,3732272282330,3617,1429
1762684388,0000008800000080,3732383900991,2094,1430
1762684388,0000004000000004,3732388615601,1810,1431
1762684394,0000000400000002,3732441428901,3832,1432
1762684413,0000000500000008,3732630105211,2857,1433
1762684440,0000008000000080,3732903644450,1993,1434
1762684447,0000000100000003,3732977106214,2759,1435
1762684456,0000000400000004,3733066373004,2584,1436
1762684467,0000004000000004,3733177506248,1099,1437
1762684470,0000000100000004,3733201445100,4859,1438
1762684476,0000004000000080,3733263379526,1127,1439
1762684480,0000008000000001,3733302993693,3946,1440
1762684484,0000008000000001,3733343390145,1509,1441
1762684487,0000004400000002,3733377106324,4683,1442
1762684488,0000000100000001,3733383537758,4299,1443
1762684503,0000000100000001,3733530379559,653,1444
1762684506,0000008000000004,3733560387982,4045,1445
1762684510,0000008000000080,3733601784985,1548,1446
1762684512,0000000100000002,3733625425205,5319,1447
1762684517,0000000800000008,3733674182388,2381,1448
1762684523,0000008000000002,3733734956568,3930,1449
1762684525,0000000100000001,3733750034445,3013,1450
1762684525,0000000400000080,3733757348992,2570,1451
1762684534,0000004000000080,3733846354513,2412,1452
1762684538,0000004000000004,3733883277642,202,1453
1762684548,0000000100000001,3733980084795,4767,1454
1762684553,0000000100000001,3734029369053,1797,1455
1762684559,0000004000000001,3734097924050,2859,1456
1762684565,0000000400000004,3734150521097,4901,1457
1762684578,0000008000000080,3734280734631,2256,1458
1762684582,0000000400000001,3734327457379,4649,1459
1762684583,0000008000000008,3734337002972,4074,1460
1762684584,0000008000000004,3734346613025,3489,1461
1762684587,0000008000000008,3734373612910,1866,1462
1762684587,0000008000000002,3734378468316,1571,1463
1762684589,0000000800000004,3734394968860,585,1464
1762684593,0000000100000001,3734436006071,3303,1465
1762684595,0000000100000008,3734451355741,2377,1466
1762684596,0000008000000002,3734467813839,1390,1467
1762684608,0000000100000001,3734582858462,4864,1468
1762684609,0000008000000008,3734589999120,4439,1469
1762684617,0000000100000001,3734677876926,4347,1470
1762684623,0000000800000080,3734732662264,1040,1471
1762684624,0000000400000008,3734739706683,621,1472
1762684635,0000000100000082,3734852411224,4235,1473
1762684637,0000004000000080,3734869893455,3170,1474
1762684638,0000004000000001,3734887943586,2087,1475
1762684656,0000000900000001,3735065370766,1805,1476
1762684688,0000000100000001,3735385942399,3293,1477
1762684703,0000000100000001,3735538686244,4505,1478
1762684706,0000000100000001,3735566319186,2826,1479
1762684706,000000c000000080,3735568823982,2676,1480
1762684726,0000000800000080,3735760769030,1523,1481
1762684728,0000000800000002,3735788652241,5042,1482
1762684741,0000000400000008,3735911938717,2809,1483
1762684747,0000000400000001,3735969841982,4538,1484
1762684751,0000000100000001,3736010423517,2087,1485
1762684759,0000000400000001,3736096516964,2103,1486
1762684760,0000000400000004,3736102967780,1715,1487
1762684768,0000000400000008,3736185549585,1942,1488
1762684769,0000000400000004,3736190788808,1627,1489
1762684779,0000000100000003,3736299003837,316,1490
1762684811,0000008000000008,3736618549714,1866,1491
1762684815,0000000800000004,3736654567456,4896,1492
1762684830,0000008000000004,3736803978633,1089,1493
1762684836,0000008000000080,3736863459347,2705,1494
1762684838,0000000100000008,3736881766898,1613,1495
1762684845,0000000100000004,3736949363541,2732,1496
1762684882,0000000400000080,3737326738044,816,1497
1762684909,0000000800000080,3737598138192,5264,1498
1762684911,0000000500000002,3737611819692,4452,1499
1762684911,0000004000000008,3737615166293,4250,1500
1762684915,0000004000000002,3737657925805,1668,1501
1762684917,0000000100000008,3737674307278,686,1502
1762684919,0000000800000004,3737694893699,4646,1503
1762684922,0000000800000008,3737720152303,3115,1504
1762684924,0000004000000002,3737740460329,1899,1505
1762684932,0000008000000002,3737822289118,2169,1506
1762684954,0000004000000001,3738045092948,4358,1507
1762684967,0000008000000080,3738169999003,2029,1508
1762684989,0000004000000008,3738393651336,4165,1509
1762684992,0000000800000008,3738427082427,2144,1510
1762685011,0000000400000002,3738617939403,1050,1511
1762685013,0000000400000008,3738631039834,270,1512
1762685057,0000000100000003,3739073219017,4834,1513
1762685060,0000000100000001,3739103096804,3026,1514
1762685073,000000c000000080,3739235297544,279,1515
1762685103,0000000400000001,3739537167424,2882,1516
1762685120,0000000100000001,3739705877413,3125,1517
1762685130,0000000800000008,3739805860580,2307,1518
1762685141,0000000100000002,3739917973332,762,1519
1762685165,0000008000000080,3740157422012,1938,1520
1762685186,0000000100000001,3740366579297,4940,1521
1762685196,0000004000000008,3740460612435,4483,1522
1762685234,0000000100000003,3740847598188,1972,1523
1762685246,0000000100000004,3740967353475,5155,1524
1762685282,0000000400000002,3741322135450,4597,1525
1762685350,0000000800000008,3742000572407,5329,1526
1762685352,0000008000000002,3742027745964,3701,1527
1762685362,0000000100000006,3742122423228,3190,1528
1762685369,0000008000000001,3742193271258,4134,1529
1762685386,0000000400000002,3742362044707,4370,1530
1762685389,0000000400000002,3742392256094,2537,1531
1762685393,0000000100000001,3742435399174,5143,1532
1762685438,0000004000000004,3742881028268,4315,1533
1762685445,000000c000000080,3742950493268,5320,1534
1762685452,0000008000000080,3743025025174,839,1535
1762685467,0000000100000008,3743169666498,2519,1536
1762685467,0000008000000080,3743170705097,2456,1537
1762685472,0000000400000002,3743224548385,4428,1538
1762685482,0000008000000080,3743320367003,3854,1539
1762685482,0000008000000080,3743328322442,3368,1540
1762685488,0000008000000080,3743379991482,268,1541
1762685491,0000004000000008,3743416396962,3263,1542
1762685500,0000000100000007,3743508033062,2940,1543
1762685501,0000004000000080,3743513438378,2615,1544
1762685512,0000004000000001,3743623857788,1171,1545
1762685528,0000000400000001,3743780299427,2150,1546
1762685531,0000000800000080,3743812077949,245,1547
1762685538,0000000100000001,3743888751032,821,1548
1762685545,0000004000000002,3743958543969,1818,1549
1762685546,0000000100000001,3743958861104,1798,1550
1762685566,000000c000000080,3744160869959,5227,1551
1762685573,0000004000000001,3744235504774,739,1552
1762685574,0000000800000080,3744249072016,5115,1553
1762685584,0000004000000008,3744346059555,4484,1554
1762685603,0000000400000080,3744534211482,3547,1555
1762685615,0000000800000004,3744650074977,1770,1556
1762685628,0000000100000001,3744781029778,4288,1557
1762685648,0000000800000001,3744987520957,2243,1558
1762685656,0000000400000004,3745060544303,3041,1559
1762685656,0000000400000004,3745064374045,2809,1560
1762685662,0000008000000008,3745128199619,4181,1561
1762685666,0000000100000001,3745159673065,2275,1562
1762685671,0000004000000002,3745215334170,4133,1563
1762685706,0000008000000001,3745567743025,3706,1564
1762685710,0000008000000004,3745600979894,1702,1565
1762685716,0000000400000004,3745666711263,2934,1566
1762685725,0000000100000080,3745749390668,3157,1567
1762685734,0000000100000003,3745844519187,2626,1568
1762685739,0000004000000001,3745894152954,4847,1569
1762685748,0000000400000001,3745987020282,4457,1570
1762685764,0000008000000080,3746146623454,5236,1571
1762685767,0000000100000080,3746170609557,3798,1572
1762685773,0000000400000002,3746232069170,5289,1573
1762685781,0000004000000004,3746315677970,267,1574
1762685790,0000004400000004,3746402644916,229,1575
1762685809,0000000300000002,3746589856627,4553,1576
1762685812,0000000100000001,3746624876584,2431,1577
1762685820,0000000100000008,3746708379110,2600,1578
1762685822,0000000400000004,3746720126669,1903,1579
1762685825,0000000400000008,3746750700954,5256,1580
1762685825,0000000800000004,3746754372709,5037,1581
1762685840,0000004000000001,3746906528581,1075,1582
1762685841,0000008000000080,3746914416742,606,1583
1762685842,0000004000000080,3746923742384,5233,1584
1762685850,0000008000000008,3747007398699,208,1585
1762685863,0000004000000001,3747130892568,3158,1586
1762685866,0000000400000080,3747161303780,1329,1587
1762685870,0000004000000001,3747203211723,4012,1588
1762685885,0000000800000001,3747355421955,5236,1589
1762685892,0000008000000002,3747424888375,1057,1590
1762685910,0000000100000001,3747606993198,496,1591
1762685915,0000004000000004,3747656918116,2675,1592
1762685926,0000000100000080,3747768416822,1166,1593
1762685927,0000000800000080,3747772720459,910,1594
1762685939,0000004000000001,3747897926265,3772,1595
1762685954,0000000100000001,3748046380800,5223,1596
1762685964,0000004000000004,3748139758579,4809,1597
1762685992,0000000100000004,3748421160399,3457,1598
1762685998,0000000100000001,3748488184583,4625,1599
1762686002,0000000800000002,3748520957344,2639,1600
1762686004,0000004000000001,3748547316099,1058,1601
1762686036,0000000100000002,3748867214367,2585,1602
1762686044,0000008000000080,3748940094620,3402,1603
1762686049,0000000100000080,3748994143235,162,1604
1762686074,0000000400000008,3749248539424,435,1605
1762686076,0000004000000001,3749266805943,4534,1606
1762686101,0000000800000008,3749513406794,5272,1607
1762686118,0000004000000008,3749687228704,5205,1608
1762686128,0000004000000002,3749779494876,4854,1609
1762686130,000000c000000080,3749806108687,3245,1610
1762686133,0000000800000008,3749833969377,1571,1611
1762686148,0000008000000080,3749979693102,3189,1612
1762686151,0000008000000002,3750016472899,979,1613
1762686157,0000000800000008,3750072295503,2811,1614
1762686158,0000000800000001,3750082190056,2220,1615
1762686168,0000008000000001,3750181783427,1423,1616
1762686170,0000000200000008,3750207231590,5088,1617
1762686172,0000000400000001,3750226712677,3924,1618
1762686174,0000000100000008,3750247473140,2660,1619
1762686174,0000000100000001,3750247483722,2660,1620
1762686176,0000008000000001,3750262766451,1748,1621
1762686196,0000004000000004,3750467229827,5032,1622
1762686200,0000008800000004,3750508465300,2543,1623
1762686212,0000000800000002,3750619019159,1090,1624
1762686216,0000004000000080,3750666684565,3420,1625
1762686265,0000008000000080,3751149559978,348,1626
1762686364,000000c000000080,3752141938405,2966,1627
1762686368,0000008000000080,3752188345270,188,1628
1762686371,0000008000000001,3752213254892,3883,1629
1762686384,0000004000000001,3752340973520,1387,1630
1762686393,0000004000000004,3752435148310,916,1631
1762686400,0000004000000004,3752505895504,1857,1632
1762686417,0000004000000002,3752671959399,2252,1633
1762686420,0000000400000080,3752699352417,610,1634
1762686425,0000000100000001,3752756242303,2374,1635
1762686440,0000000100000008,3752902002741,4006,1636
1762686449,0000008000000002,3752991238216,3830,1637
1762686454,0000000800000004,3753047244027,459,1638
1762686455,0000000200000008,3753049987841,296,1639
1762686489,0000000100000004,3753397312689,179,1640
1762686495,0000008000000080,3753456110797,1830,1641
1762686515,0000000400000002,3753650340407,538,1642
1762686521,0000004000000080,3753712477850,1990,1643
1762686527,0000000100000080,3753774782310,3436,1644
1762686568,0000008000000008,3754184902101,4741,1645
1762686589,0000000800000080,3754396556367,2386,1646
1762686589,0000000800000001,3754398701102,2259,1647
1762686614,0000000100000003,3754648733402,2795,1648
1762686668,0000000400000004,3755184297278,1751,1649
1762686676,0000000100000002,3755263350998,2188,1650
1762686676,0000004100000004,3755267766652,1924,1651
1762686689,0000000100000004,3755391731958,4858,1652
1762686689,0000008000000001,3755393748016,4739,1653
1762686691,0000008000000001,3755415411459,3430,1654
1762686695,0000000100000002,3755457867994,876,1655
1762686715,0000000100000008,3755654041711,4664,1656
1762686747,0000000400000080,3755975266223,915,1657
1762686785,0000004000000004,3756356472141,3960,1658
1762686796,0000004000000004,3756464055789,2668,1659
1762686808,0000008000000080,3756583141482,710,1660
1762686814,0000004000000008,3756645879024,2127,1661
1762686829,0000000100000080,3756794810434,3558,1662
1762686830,0000000100000002,3756802657920,3078,1663
1762686832,0000000100000004,3756820314160,2022,1664
1762686832,0000004000000004,3756821457120,1954,1665
1762686837,0000008000000080,3756877069774,3808,1666
1762686854,0000000400000080,3757042230389,4263,1667
1762686867,0000000400000004,3757174800040,1472,1668
1762686878,0000000100000008,3757288087395,5049,1669
1762686889,0000000100000004,3757394168936,3866,1670
1762686892,0000000100000001,3757424740257,2020,1671
1762686893,0000008000000080,3757432086700,1579,1672
1762686898,0000000100000004,3757486958213,3472,1673
1762686906,0000000100000001,3757562833755,4108,1674
1762686913,0000008000000080,3757637179242,4829,1675
1762686916,0000008000000080,3757662135447,3320,1676
1762686923,0000000400000002,3757736761617,4035,1677
1762686935,0000004000000080,3757857674386,1948,1678
1762686946,0000004000000080,3757965806206,639,1679
1762686953,0000000100000001,3758033241106,1775,1680
1762686960,0000000400000008,3758105083412,2638,1681
1762686970,0000000100000001,3758202106740,2004,1682
1762686974,0000004000000080,3758244180833,4675,1683
1762686976,0000008000000004,3758260682697,3678,1684
1762687010,0000008000000008,3758606161718,3672,1685
1762687010,0000004000000008,3758606225144,3668,1686
1762687055,0000000400000001,3759057943825,2455,1687
1762687056,0000008000000080,3759066157329,1967,1688
1762687064,000000010000000f,3759144872124,2421,1689
1762687081,0000000100000001,3759318143188,2386,1690
1762687083,0000004000000002,3759335818286,1325,1691
1762687103,0000004000000002,3759533848735,4999,1692
1762687115,0000000100000001,3759657600572,2739,1693
1762687117,0000008000000080,3759668797646,2072,1694
1762687128,0000004000000008,3759788328309,5271,1695
1762687142,0000000100000001,3759924676552,2260,1696
1762687143,0000000800000080,3759932735042,1779,1697
1762687206,0000008000000080,3760565223276,5282,1698
1762687211,0000000800000004,3760618342439,2086,1699
1762687216,0000004000000002,3760667452698,4338,1700
1762687223,0000000100000001,3760732338111,429,1701
1762687230,0000008000000004,3760807468122,1096,1702
1762687236,0000000800000008,3760865888427,2770,1703
1762687257,0000000100000001,3761074615301,614,1704
1762687260,000000c000000008,3761105663282,3943,1705
1762687273,0000004000000080,3761229829555,1661,1706
1762687294,0000004000000004,3761444294944,4351,1707
1762687307,0000008000000002,3761573979494,1736,1708
1762687362,0000000100000003,3762128649822,4734,1709
1762687369,0000000800000080,3762189639634,1056,1710
1762687379,0000008000000080,3762291450462,5319,1711
1762687384,0000000400000004,3762340585979,2361,1712
1762687385,0000004000000002,3762355144900,1489,1713
1762687385,0000008000000088,3762357562445,1342,1714
1762687390,0000008000000080,3762400711887,3949,1715
1762687450,0000000100000001,3762999418574,4295,1716
1762687450,0000008000000008,3763003365714,4056,1717
1762687451,0000004000000001,3763010503124,3623,1718
1762687467,0000008000000001,3763175583922,4084,1719
1762687469,0000000400000004,3763198598366,2684,1720
1762687474,0000004800000008,3763246363419,5016,1721
1762687478,0000008000000004,3763287555495,2527,1722
1762687481,0000008000000001,3763313133930,995,1723
1762687503,000000c000000080,3763537497187,3076,1724
1762687510,0000000100000001,3763601747214,4420,1725
1762687522,0000008000000080,3763728291111,1993,1726
1762687526,0000000100000002,3763763544212,5066,1727
1762687533,0000004000000004,3763830294009,1048,1728
1762687556,0000000800000001,3764064508149,2536,1729
1762687560,0000004000000004,3764102714347,250,1730
1762687565,0000000100000001,3764158549399,2080,1731
1762687595,0000000100000004,3764457310524,4888,1732
1762687600,0000000400000002,3764500254570,2298,1733
1762687602,0000004000000004,3764520747888,1066,1734
1762687616,0000000800000002,3764666964002,2653,1735
1762687624,0000000400000008,3764742570765,3305,1736
1762687629,0000004000000080,3764788979769,519,1737
1762687660,0000004000000004,3765105213192,2265,1738
1762687664,0000008000000080,3765140590851,5332,1739
1762687682,0000000100000004,3765324253618,4680,1740
1762687682,0000004000000004,3765325937144,4580,1741
1762687694,0000000100000004,3765446677763,2497,1742
1762687700,0000008000000004,3765500525483,4466,1743
1762687712,0000000800000008,3765627093723,2039,1744
1762687724,0000000200000001,3765744868772,162,1745
1762687734,0000000100000001,3765838672802,4897,1746
1762687734,0000000100000001,3765846528922,4429,1747
1762687743,0000000100000001,3765931682208,4500,1748
1762687746,0000000400000004,3765960132583,2771,1749
1762687748,0000000800000001,3765980438512,1558,1750
1762687769,0000004000000080,3766191518581,4452,1751
1762687782,0000008000000008,3766327212410,1472,1752
1762687810,0000008800000008,3766602186888,519,1753
1762687840,0000000400000080,3766903849803,3140,1754
1762687858,0000008000000080,3767088168587,2438,1755
1762687864,0000000100000001,3767139754493,4545,1756
1762687865,0000000800000080,3767149088086,3981,1757
1762687866,0000000100000002,3767167389467,2865,1758
1762687883,0000000800000008,3767329560320,3507,1759
1762687913,0000000100000008,3767630080354,1011,1760
1762687945,0000008000000080,3767957380418,2097,1761
1762687946,0000008000000082,3767959271531,1984,1762
1762687961,0000000200000001,3768116718758,2893,1763
1762687964,0000004000000001,3768146041667,1134,1764
1762687965,0000000100000002,3768151723634,795,1765
1762687973,0000004000000001,3768229868627,1285,1766
1762687974,0000000100000003,3768247666433,222,1767
1762687979,0000000400000080,3768290056551,2853,1768
1762687980,0000000100000001,3768299287869,2302,1769
1762687980,0000000100000001,3768307341292,1822,1770
1762687990,0000004000000004,3768402780850,1271,1771
1762688052,0000008000000080,3769023313254,310,1772
1762688072,0000008000000001,3769225805942,3710,1773
1762688080,0000008000000080,3769299206321,4492,1774
1762688109,0000008000000080,3769592101650,2441,1775
1762688130,0000000100000001,3769805327548,5200,1776
1762688146,0000004000000080,3769963939089,854,1777
1762688153,0000004000000080,3770037558153,1620,1778
1762688154,0000000800000080,3770047093219,1044,1779
1762688160,0000000100000001,3770103357030,2847,1780
1762688162,0000000800000008,3770119922458,1861,1781
1762688166,0000000400000080,3770166093710,4285,1782
1762688184,0000004000000004,3770347979479,3721,1783
1762688192,0000008000000001,3770424676153,4305,1784
1762688200,0000008000000001,3770500688534,4928,1785
1762688204,0000000100000002,3770541181613,2482,1786
1762688207,0000000100000001,3770570413016,731,1787
1762688214,0000004000000008,3770643351135,1536,1788
1762688235,0000000100000001,3770854968074,4397,1789
1762688247,0000000400000080,3770969259730,2700,1790
1762688259,0000000100000002,3771096375657,260,1791
1762688272,0000004000000008,3771218446081,3297,1792
1762688274,0000004000000001,3771245792421,1655,1793
1762688288,0000004000000002,3771383086125,3790,1794
1762688301,0000008000000080,3771516663680,940,1795
1762688321,0000000100000080,3771711199727,4827,1796
1762688337,0000000400000001,3771877981443,5176,1797
1762688343,0000000100000003,3771937637284,1589,1798
1762688365,0000004000000080,3772158288304,3904,1799
1762688374,0000008000000001,3772247828819,3708,1800
1762688381,0000004000000001,3772311090589,5094,1801
1762688382,0000008000000080,3772325944663,4209,1802
1762688383,0000000100000080,3772332937863,3784,1803
1762688402,000000c000000080,3772525632609,2569,1804
1762688414,0000008000000002,3772641082061,825,1805
1762688423,0000000100000001,3772738345747,174,1806
1762688424,0000000400000002,3772746835100,4858,1807
1762688436,0000000800000002,3772867282157,2792,1808
1762688442,0000008000000008,3772926035238,4469,1809
1762688445,0000000100000002,3772951832803,2901,1810
1762688448,0000000800000080,3772984088718,966,1811
1762688453,0000000400000080,3773038098283,2904,1812
1762688462,0000008000000080,3773127434871,2725,1813
1762688463,0000000100000008,3773132376220,2430,1814
1762688471,0000000100000001,3773215767757,2605,1815
1762688473,0000000800000004,3773232487737,1607,1816
1762688481,0000000400000008,3773311842728,2028,1817
1762688496,0000000800000080,3773462135379,3373,1818
1762688507,0000004000000080,3773575562879,1746,1819
1762688510,0000000400000002,3773604192982,5216,1820
1762688519,0000000100000004,3773690147218,5240,1821
1762688526,0000008000000001,3773763933253,802,1822
1762688544,0000000400000008,3773939650103,623,1823
1762688564,0000008000000008,3774143199953,3965,1824
1762688598,0000008000000080,3774480181561,4471,1825
1762688615,0000000400000002,3774653430645,4437,1826
1762688620,0000008000000001,3774707953470,1146,1827
1762688655,0000000100000004,3775055283601,1028,1828
1762688656,0000008000000080,3775059572398,773,1829
1762688667,0000000100000001,3775168742458,4601,1830
1762688692,0000008000000080,3775421769946,4957,1831
1762688700,0000000100000004,3775501098385,188,1832
1762688706,0000000400000002,3775564148727,1584,1833
1762688708,0000000200000008,3775587100863,208,1834
1762688710,0000000100000001,3775599555922,4656,1835
1762688739,0000008000000080,3775895455537,2425,1836
1762688740,0000008000000080,3775899637686,2177,1837
1762688746,0000000100000001,3775965558794,3406,1838
1762688765,0000000400000004,3776150286829,2676,1839
1762688780,0000000100000001,3776306765945,3660,1840
1762688797,0000000100000001,3776476492069,3842,1841
1762688804,0000008000000080,3776539643647,5230,1842
1762688820,0000000100000002,3776702792030,614,1843
1762688822,0000008000000002,3776721984003,4658,1844
1762688827,0000000100000080,3776772689129,1599,1845
1762688852,0000000100000001,3777021105731,2236,1846
1762688871,0000000100000080,3777217789796,796,1847
1762688874,0000008000000008,3777244601904,4385,1848
1762688877,0000008000000080,3777269926811,2844,1849
1762688881,0000000400000080,3777312246175,311,1850
1762688886,0000008800000004,3777365995286,2265,1851
1762688887,0000008000000004,3777376411127,1641,1852
1762688893,0000000100000080,3777428561364,3703,1853
1762688904,0000000800000008,3777541968926,2070,1854
1762688913,0000000400000002,3777631806711,1861,1855
1762688925,0000000100000002,3777751246229,5062,1856
1762688940,0000008000000001,3777907802603,839,1857
1762688953,0000008000000001,3778028678005,3962,1858
1762688954,0000000200000001,3778044608615,2990,1859
1762688981,0000008000000008,3778312289365,2471,1860
1762689006,0000004000000008,3778565847389,2798,1861
1762689033,0000000100000004,3778828341965,2590,1862
1762689074,0000008000000004,3779241340587,3728,1863
1762689077,0000000800000004,3779273610014,1782,1864
1762689085,0000000100000080,3779353678253,2158,1865
1762689091,0000008000000080,3779414661398,3689,1866
1762689102,0000008000000004,3779519682551,2555,1867
1762689111,0000000100000001,3779617632240,1865,1868
1762689115,0000004000000008,3779656186510,4744,1869
1762689119,0000008000000080,3779693765208,2471,1870
1762689120,0000000100000001,3779703232980,1909,1871
1762689125,0000000400000004,3779752660489,4137,1872
1762689125,0000008000000002,3779754211939,4043,1873
1762689137,0000000400000002,3779870437235,2236,1874
1762689138,0000008000000004,3779882550408,1509,1875
1762689149,0000000100000001,3779993816250,5203,1876
1762689159,0000000800000004,3780089060578,4677,1877
1762689239,0000008000000080,3780892350875,3088,1878
1762689245,0000000400000001,3780952378858,4683,1879
1762689248,0000000800000080,3780986121962,2638,1880
1762689249,0000008000000080,3780995790432,2064,1881
1762689250,0000000100000003,3781007618677,1350,1882
1762689256,0000008000000080,3781067038995,2966,1883
1762689260,0000000100000080,3781102785787,822,1884
1762689271,0000000400000001,3781209452004,4799,1885
1762689271,0000004100000001,3781216981783,4349,1886
1762689273,0000000800000080,3781237478444,3102,1887
1762689288,0000000800000001,3781384607522,4652,1888
1762689298,0000004000000004,3781487059756,3680,1889
1762689302,0000000800000004,3781522609523,1537,1890
1762689316,0000000100000004,3781666195938,3285,1891
1762689324,0000000800000080,3781741126944,3982,1892
1762689335,0000000400000002,3781848665366,2691,1893
1762689336,0000008000000002,3781867530973,1563,1894
1762689341,0000008000000008,3781914591107,3935,1895
1762689360,0000008000000080,3782098287960,3263,1896
1762689392,0000008000000008,3782418708962,4773,1897
1762689396,0000008000000001,3782467305528,1844,1898
1762689401,0000004000000004,3782513082682,4293,1899
1762689437,0000008000000080,3782868300813,3695,1900
1762689448,0000000400000001,3782978992454,2224,1901
1762689457,0000004000000004,3783072527009,1795,1902
1762689460,0000000200000008,3783102447327,5187,1903
1762689461,0000000800000080,3783115605782,4406,1904
1762689473,0000000400000080,3783235503667,2374,1905
1762689483,0000008000000004,3783330155488,1880,1906
1762689506,0000008000000080,3783566137312,3263,1907
1762689510,0000000800000080,3783601381531,1142,1908
1762689511,0000008000000008,3783617069344,207,1909
1762689523,0000000800000001,3783734138771,3549,1910
1762689529,0000000100000001,3783797920066,4908,1911
1762689530,0000000800000008,3783806196156,4415,1912
1762689537,0000008000000080,3783869087617,626,1913
1762689547,0000008000000080,3783968152035,5054,1914
1762689559,0000004000000004,3784094730475,2623,1915
1762689567,0000000800000008,3784174621168,3013,1916
1762689567,0000000400000008,3784174727361,3007,1917
1762689577,0000000400000002,3784275958452,2117,1918
1762689583,0000004000000080,3784334253075,3811,1919
1762689584,0000000800000001,3784339778537,3472,1920
1762689597,0000000100000008,3784476552866,444,1921
1762689615,0000000800000002,3784655664767,5244,1922
1762689633,0000000400000001,3784832684873,4988,1923
1762689638,0000000100000001,3784880293185,2120,1924
1762689645,0000000100000001,3784956047327,2751,1925
1762689659,0000000100000001,3785092819928,4922,1926
1762689678,0000000300000001,3785281285597,3977,1927
1762689684,0000000400000002,3785340699483,402,1928
1762689703,0000008000000008,3785529202035,4646,1929
1762689706,0000008000000008,3785560322100,2757,1930
1762689711,0000000400000002,3785608554376,5058,1931
1762689711,0000000400000001,3785617238223,4545,1932
1762689719,0000004000000004,3785694242220,5098,1933
1762689720,0000000100000002,3785699305017,4800,1934
1762689721,0000000400000080,3785713726629,3934,1935
1762689749,0000000800000080,3785990099526,2875,1936
1762689758,0000000100000001,3786085766555,2319,1937
1762689781,0000004000000004,3786310876295,4372,1938
1762689792,0000000800000002,3786425548479,2651,1939
1762689805,0000000100000008,3786548745948,448,1940
1762689817,0000000100000002,3786674401169,3268,1941
1762689825,000000800000000a,3786750561264,3889,1942
1762689861,0000000800000080,3787109872570,3040,1943
1762689870,0000008000000008,3787206100495,2446,1944
1762689879,0000000200000008,3787294493246,2323,1945
1762689880,0000004000000080,3787304689355,1714,1946
1762689907,0000004000000004,3787572052060,1210,1947
1762689911,0000004000000002,3787614544439,3857,1948
1762689916,0000008000000002,3787659343402,1153,1949
1762689917,0000000800000008,3787674036135,278,1950
1762689927,0000008000000080,3787773965456,4657,1951
1762689936,0000000400000001,3787859573069,4700,1952
1762689943,000000c000000080,3787932572355,307,1953
1762689975,0000000200000001,3788255800228,1634,1954
1762689978,0000008000000080,3788286404291,4990,1955
1762689999,0000000400000001,3788495200256,2807,1956
1762690002,0000004800000001,3788522456065,1172,1957
1762690013,0000000100000001,3788629157145,5145,1958
1762690039,0000000400000002,3788895302093,4724,1959
1762690044,0000000100000001,3788943296504,1830,1960
1762690047,0000008000000080,3788975415884,5091,1961
1762690054,0000004000000008,3789038472414,1296,1962
1762690060,0000000100000008,3789099184777,2832,1963
1762690064,0000000100000001,3789141657153,291,1964
1762690065,0000000400000001,3789150484599,4952,1965
1762690081,0000008000000080,3789316881950,5325,1966
1762690100,0000000400000002,3789498606963,4788,1967
1762690103,0000004000000001,3789535240809,2571,1968
1762690109,0000000800000080,3789589984001,4489,1969
1762690114,0000000100000008,3789643712311,1245,1970
1762690122,0000004000000010,3789723565605,1638,1971
1762690137,0000000400000008,3789874312372,2952,1972
1762690137,0000000100000001,3789875671638,2870,1973
1762690151,000000c000000080,3790011130537,5116,1974
1762690167,0000000800000080,3790172978427,578,1975
1762690170,0000008000000080,3790204505537,3877,1976
1762690173,0000004000000008,3790234934002,2041,1977
1762690178,0000008000000001,3790282389451,4390,1978
1762690181,0000000100000001,3790314486902,2444,1979
1762690184,0000004000000001,3790339724774,931,1980
1762690188,0000004000000002,3790378415980,3803,1981
1762690190,0000000100000002,3790401506446,2404,1982
1762690199,0000004000000080,3790494654186,2000,1983
1762690215,0000000100000001,3790648858021,3106,1984
1762690223,0000000100000004,3790730469477,3396,1985
1762690250,0000008000000080,3791006365927,2378,1986
1762690250,0000000800000008,3791006908244,2346,1987
1762690266,0000000100000001,3791161123140,3460,1988
1762690273,0000000100000001,3791234247724,4264,1989
1762690298,0000008000000002,3791481677242,4955,1990
1762690312,0000004000000008,3791624332118,1564,1991
1762690314,0000000400000004,3791647697113,167,1992
1762690315,0000000100000001,3791657267247,4784,1993
1762690336,0000000100000001,3791862389720,2819,1994
1762690340,0000000400000001,3791902049597,446,1995
1762690342,0000008000000002,3791923574088,4350,1996
1762690347,0000008000000001,3791971987312,1427,1997
1762690420,0000000800000001,3792705780711,4041,1998
1762690424,0000000800000002,3792747242553,1538,1999
1762690427,0000000100000001,3792770453190,162,2000
1762690429,0000004000000002,3792793443517,3960,2001
1762690432,0000000800000001,3792825981787,1996,2002
1762690444,0000000400000002,3792939202834,386,2003
1762690444,0000008000000080,3792947285154,5088,2004
1762690457,0000000400000008,3793069172621,2943,2005
1762690469,0000000100000001,3793190184064,864,2006
1762690470,0000000400000004,3793204659841,5186,2007
1762690502,0000008000000001,3793524101444,1552,2008
1762690504,0000000100000004,3793544341619,341,2009
1762690507,0000004000000002,3793573478590,3782,2010
1762690517,0000000100000080,3793670670728,3118,2011
1762690536,0000000800000001,3793859284005,2165,2012
1762690541,0000000400000080,3793908116797,4431,2013
1762690549,0000004000000001,3793995136570,4391,2014
1762690553,0000000100000001,3794032061004,2160,2015
1762690573,0000000100000008,3794231045128,583,2016
1762690573,0000000800000008,3794236224762,273,2017
1762690582,0000000100000008,3794324774874,5326,2018
1762690583,0000000800000002,3794328515508,5103,2019
1762690595,0000000800000002,3794457691689,2519,2020
1762690609,0000008000000080,3794592849022,4789,2021
1762690616,0000008000000080,3794666654488,350,2022
1762690627,0000008000000002,3794773235157,4330,2023
1762690634,0000000400000001,3794841175254,240,2024
1762690648,0000004000000004,3794983506801,2060,2025
1762690651,0000000100000004,3795013383137,269,2026
1762690661,0000000100000008,3795109558548,4871,2027
1762690674,0000004000000002,3795243139109,2024,2028
1762690683,0000000800000001,3795335920771,1637,2029
1762690717,0000000100000001,3795674562094,2042,2030
1762690719,0000000100000003,3795696367996,733,2031
1762690722,0000008000000008,3795724908483,4216,2032
1762690722,0000004000000002,3795727237714,4076,2033
1762690737,0000000100000008,3795873708215,455,2034
1762690744,0000000100000001,3795941252483,1581,2035
1762690781,0000000400000001,3796314898190,5075,2036
1762690791,0000008000000004,3796412105366,4431,2037
1762690791,0000008000000008,3796417758304,4088,2038
1762690800,0000004000000001,3796502207523,4203,2039
1762690824,0000000400000001,3796743045085,5288,2040
1762690828,0000008000000080,3796781895878,2945,2041
1762690844,0000000100000001,3796946478914,3440,2042
1762690894,000000010000000c,3797438904422,4984,2043
1762690906,0000008000000080,3797565324149,2564,2044
1762690920,0000004000000004,3797700317420,4844,2045
1762690937,0000000100000001,3797872307518,4885,2046
1762690938,0000008000000080,3797886329518,4044,2047
1762690940,0000000400000080,3797900870926,3158,0
1762690945,0000000100000002,3797952521597,5248,1
1762690967,0000000100000001,3798168224866,2654,2
1762690978,0000004000000001,3798285247917,816,3
1762690997,0000000800000008,3798476529208,4896,4
1762691000,0000004000000002,3798502686226,3317,5
1762691013,0000004000000040,3798635544932,524,6
1762691019,0000004000000004,3798696828716,2027,7
1762691022,000000c000000008,3798717928853,761,8
1762691022,0000008000000001,3798720041260,634,9
1762691022,0000008000000080,3798720757807,592,10
1762691049,0000004000000008,3798996610052,4776,11
1762691052,0000000100000008,3799023230432,3164,12
1762691053,0000000100000001,3799031460364,2665,13
1762691061,0000000100000002,3799110543170,3104,14
1762691067,0000000100000001,3799176392354,4353,15
1762691086,0000008000000080,3799365770959,3339,16
1762691089,0000004000000008,3799388023333,2000,17
1762691108,0000000100000001,3799584697178,562,18
1762691114,0000000100000080,3799643193070,2231,19
1762691118,0000000400000002,3799686383668,4833,20
1762691123,0000004000000008,3799734004679,1965,21
1762691123,0000000400000003,3799735840953,1855,22
1762691126,0000000800000080,3799761456689,319,23
1762691129,0000000800000080,3799795818248,3440,24
1762691141,0000008000000080,3799917324837,1322,25
1762691146,0000000800000080,3799965719145,3611,26
1762691149,0000008000000080,3799989287652,2188,27
1762691207,0000000400000004,3800574290989,3355,28
1762691223,0000000100000080,3800728165361,4497,29
1762691228,0000008000000008,3800778153031,1480,30
1762691243,0000008000000080,3800936481040,2341,31
1762691246,0000000100000008,3800967252693,498,32
1762691247,0000000100000080,3800968172395,444,33
1762691250,0000008000000008,3801004411145,3452,34
1762691260,0000000400000008,3801101155956,2818,35
1762691274,0000000800000008,3801239368592,4904,36
1762691274,0000000400000001,3801247469532,4422,37
1762691282,0000004800000080,3801326513190,4857,38
1762691304,0000000100000008,3801540526458,2362,39
1762691305,0000008000000080,3801556339483,1414,40
1762691314,0000008000000080,3801640981287,1516,41
1762691317,0000008000000080,3801671358540,4888,42
1762691338,0000000100000001,3801883820752,2485,43
1762691364,0000004000000080,3802139694126,2674,44
1762691366,0000000400000002,3802162682962,1296,45
1762691389,0000000100000008,3802389022743,3262,46
1762691391,0000000100000001,3802411496484,1914,47
1762691399,0000000400000008,3802491722047,2279,48
1762691404,0000008000000080,3802540879988,4528,49
1762691411,0000000800000008,3802617288817,5116,50
1762691421,0000004000000002,3802707887339,4865,51
1762691427,0000000100000001,3802776858534,712,52
1762691433,0000000100000001,3802835467657,2375,53
1762691441,000000c000000080,3802915810780,2732,54
1762691446,0000004000000008,3802957798658,220,55
1762691459,0000000800000008,3803093627618,2427,56
1762691459,0000004000000004,3803094589903,2370,57
1762691460,0000008000000080,3803105845825,1698,58
1762691468,0000000400000004,3803186479636,2041,59
1762691472,0000000100000010,3803225691093,4881,60
1762691483,0000008000000004,3803331918010,3683,61
1762691490,0000000800000008,3803398328995,4883,62
1762691496,0000000200000080,3803461360367,1085,63
1762691505,0000008000000080,3803551183321,877,64
1762691507,0000000400000001,3803570578697,4909,65
1762691508,0000004000000008,3803583700942,4123,66
1762691510,0000000800000004,3803603004831,2947,67
1762691511,0000000800000001,3803614743664,2246,68
1762691516,0000000400000001,3803664808539,4439,69
1762691537,0000000800000001,3803869661548,2491,70
1762691544,0000004000000002,3803942754121,3290,71
1762691551,0000000100000080,3804011984107,4331,72
1762691563,0000000400000008,3804129965844,2413,73
1762691587,0000000800000002,3804368964339,3628,74
1762691629,0000000800000080,3804793005562,4094,75
1762691632,0000000400000001,3804819409056,2492,76
1762691656,0000000100000001,3805065817931,3254,77
1762691678,0000008000000080,3805282165569,633,78
1762691685,0000004000000004,3805353409094,1538,79
1762691699,0000004000000001,3805488388528,3812,80
1762691716,0000000400000080,3805662836340,3704,81
1762691718,0000004000000004,3805682678991,2500,82
1762691728,0000008000000001,3805786983671,1425,83
1762691745,0000008000000080,3805949294721,2052,84
1762691753,0000004000000008,3806031224400,2313,85
1762691762,0000000100000004,3806119237834,2214,86
1762691766,0000000800000002,3806158718762,5037,87
1762691782,0000000400000080,3806318286902,632,88
1762691787,0000008000000008,3806372409249,2561,89
1762691799,0000008000000080,3806494993650,393,90
1762691830,0000000100000004,3806798446202,2903,91
1762691832,0000000800000002,3806818396941,1711,92
1762691834,0000000800000002,3806846250445,5226,93
1762691847,0000000400000080,3806973650596,2751,94
1762691851,0000000400000002,3807009150284,626,95
1762691862,0000000800000004,3807117749221,4488,96
1762691868,0000008000000001,3807187228880,305,97
1762691872,0000000800000080,3807222219979,3386,98
1762691874,0000000100000002,3807240005638,2314,99
1762691879,0000000400000008,3807293770532,4287,100
1762691890,0000000400000080,3807400647170,3035,101
1762691894,0000000100000004,3807443698432,458,102
1762691895,0000008000000080,3807455741536,4926,103
1762691897,0000008000000001,3807467893900,4200,104
1762691897,000000480000000c,3807476442137,3680,105
1762691902,0000000100000008,3807526420399,673,106
1762691905,0000000800000001,3807554637460,4176,107
1762691926,0000000100000008,3807762997471,2022,108
1762691931,0000000400000001,3807808594921,4482,109
1762691941,0000000400000008,3807916280751,3184,110
1762691948,0000000100000002,3807984368245,4295,111
1762692008,0000000800000002,3808583830525,4592,112
1762692029,0000000100000001,3808788557288,2648,113
1762692034,0000008000000004,3808839803307,4774,114
1762692060,0000008000000008,3809097683080,4843,115
1762692082,0000008000000080,3809321815369,1743,116
1762692093,0000000100000080,3809434508117,163,117
1762692126,0000000100000001,3809761715177,1248,118
1762692126,0000000100000080,3809762072083,1227,119
1762692131,0000008000000080,3809815233312,3222,120
1762692146,0000008000000008,3809962335859,4770,121
1762692149,0000000100000008,3809987876849,3224,122
1762692150,0000004000000080,3809997793299,2623,123
1762692155,0000000100000080,3810052463285,4545,124
1762692157,0000008000000002,3810068814640,3555,125
1762692162,0000004000000080,3810121997417,359,126
1762692191,0000000100000080,3810410457593,3782,127
1762692192,0000000800000004,3810425041172,2893,128
1762692206,0000004000000004,3810567358143,4734,129
1762692207,0000008000000080,3810575328744,4257,130
1762692215,0000004000000080,3810648868291,5019,131
1762692243,0000008000000002,3810929329878,3732,132
1762692251,0000004000000004,3811008907171,4144,133
1762692257,0000000100000004,3811073622571,248,134
1762692261,0000000400000080,3811108197980,3355,135
1762692277,0000000400000080,3811274835776,3725,136
1762692277,0000004000000008,3811275169322,3705,137
1762692281,0000000800000004,3811308730681,1682,138
1762692303,0000008000000004,3811532753123,3793,139
1762692305,0000000400000001,3811556946218,2328,140
1762692310,0000008000000008,3811605297231,4626,141
1762692312,0000000100000008,3811619541809,3766,142
1762692331,0000000100000001,3811812131586,2557,143
1762692336,0000008000000080,3811860837816,4833,144
1762692342,0000008000000080,3811926293079,890,145
1762692368,0000008000000080,3812180262814,1192,146
1762692368,0000000100000002,3812185923644,854,147
1762692369,0000000100000080,3812188779475,685,148
1762692369,0000000100000008,3812195820192,264,149
1762692378,0000000400000001,3812286841983,5171,150
1762692383,0000008000000080,3812329548438,2595,151
1762692408,0000000100000003,3812581127924,3045,152
1762692414,0000008000000082,3812647437254,4264,153
1762692418,0000000100000001,3812678856661,2361,154
1762692486,0000004000000008,3813357723336,3075,155
1762692502,0000000400000080,3813525601112,3369,156
1762692503,0000000400000004,3813536966389,2678,157
1762692506,0000000800000001,3813562019827,1176,158
1762692510,0000000100000001,3813597520955,4247,159
1762692525,0000000400000008,3813751812794,162,160
1762692532,0000000100000004,3813826955404,825,161
1762692544,0000008000000080,3813945558354,4084,162
1762692556,0000000400000004,3814058091321,2495,163
1762692581,0000008000000080,3814314527307,2650,164
1762692596,0000000400000008,3814459223149,4350,165
1762692604,0000008000000001,3814541235603,4611,166
1762692606,0000000100000004,3814559977045,3475,167
1762692616,0000008000000080,3814658052530,2761,168
1762692619,000000c000000080,3814692180464,718,169
1762692659,0000000800000008,3815094721770,2465,170
1762692676,0000000800000001,3815259930241,2913,171
1762692684,0000008000000080,3815337583507,3444,172
1762692685,0000000100000008,3815356180514,2320,173
1762692693,0000008000000004,3815436617748,2672,174
1762692694,0000000800000080,3815443156245,2284,175
1762692695,0000000800000002,3815447768058,2009,176
1762692716,0000000200000080,3815665123583,4525,177
1762692745,0000008000000080,3815953522924,2740,178
1762692758,0000008000000080,3816079343670,381,179
1762692764,0000000800000001,3816137535111,2068,180
1762692772,0000008000000080,3816218296635,2399,181
1762692776,0000008000000080,3816261651479,4992,182
1762692781,0000000100000002,3816315532931,1749,183
1762692785,0000000100000001,3816350125112,4866,184
1762692812,0000008000000001,3816627289423,3777,185
1762692818,0000000100000004,3816680918695,549,186
1762692820,0000008000000002,3816700365808,4578,187
1762692828,0000000400000004,3816778025978,5092,188
1762692839,0000000100000080,3816897022793,3122,189
1762692853,0000000800000004,3817029668959,348,190
1762692857,0000000300000001,3817074048170,2858,191
1762692871,0000000100000008,3817212092861,4953,192
1762692873,0000000100000001,3817234920025,3579,193
1762692876,0000000800000001,3817260749893,2024,194
1762692884,0000000100000004,3817345571135,2115,195
1762692899,0000000800000001,3817491727799,3716,196
1762692902,0000000800000002,3817523368829,1809,197
1762692908,0000000100000080,3817584541984,3319,198
1762692925,0000000100000002,3817750927686,3706,199
1762692933,0000008000000080,3817828126868,4259,200
1762692944,000000c000000080,3817941433485,2621,201
1762692950,0000000800000001,3817998890462,4375,202
1762692966,0000008000000080,3818162272832,4929,203
1762692967,0000000400000008,3818173803121,4240,204
1762692971,0000008000000008,3818209334143,2095,205
1762692971,0000004000000001,3818212602027,1900,206
1762692972,0000000100000008,3818224822470,1160,207
1762692979,0000000100000003,3818292532324,2281,208
1762692989,0000000400000040,3818397297427,1173,209
1762693005,0000008000000080,3818551902911,2261,210
1762693013,0000008000000008,3818636748781,2349,211
1762693044,0000000100000001,3818945437933,4569,212
1762693048,0000004000000004,3818982376003,2336,213
1762693063,0000000100000001,3819129170822,3904,214
1762693076,0000000400000004,3819266370860,839,215
1762693083,0000004000000080,3819332855119,2032,216
1762693083,0000000400000004,3819333612762,1988,217
1762693091,0000000400000001,3819414181013,2329,218
1762693096,0000000800000001,3819463145904,4590,219
1762693099,0000008000000001,3819487681048,3100,220
1762693105,0000008000000080,3819555994585,4200,221
1762693117,0000000800000080,3819671845225,2410,222
1762693137,0000000100000080,3819867970194,1005,223
1762693137,0000004000000004,3819871689817,783,224
1762693137,0000000100000001,3819876636764,490,225
1762693146,0000000800000080,3819959791507,679,226
1762693165,0000000100000001,3820149061064,4878,227
1762693165,0000000800000004,3820154427832,4559,228
1762693182,0000000400000002,3820319851029,4991,229
1762693209,0000008000000004,3820588470034,4419,230
1762693221,000000c000000080,3820707290177,2451,231
1762693231,0000004000000001,3820810831096,1420,232
1762693254,0000000800000004,3821038080716,3332,233
1762693268,0000004000000080,3821180218314,5171,234
1762693276,0000000800000004,3821263552566,165,235
1762693278,0000000800000004,3821286786807,3961,236
1762693295,0000000100000004,3821455294502,4215,237
1762693302,0000000200000004,3821519148241,371,238
1762693303,0000004400000004,3821531348789,4830,239
1762693314,0000000100000009,3821645471963,3150,240
1762693325,0000000800000002,3821751457011,1973,241
1762693332,0000004000000080,3821827047910,2613,242
1762693354,0000008000000080,3822042104163,5263,243
1762693373,0000000400000080,3822228819483,4430,244
1762693379,0000000100000080,3822292008234,623,245
1762693380,0000000800000008,3822297943061,269,246
1762693392,0000000400000004,3822417238746,3475,247
1762693395,0000008800000080,3822452796174,1333,248
1762693419,0000008000000008,3822689554084,2668,249
1762693431,0000000800000080,3822811409438,544,250
1762693433,000000c000000080,3822831712772,4521,251
1762693436,0000000800000002,3822860485619,2772,252
1762693445,0000000400000001,3822948923417,2648,253
1762693484,0000000100000001,3823345275126,4788,254
1762693522,0000000100000001,3823718164298,3122,255
1762693527,0000000100000001,3823771600913,5107,256
1762693530,0000000100000004,3823805427434,3066,257
1762693534,0000000400000001,3823841650173,893,258
1762693543,0000000100000002,3823936549081,383,259
1762693544,0000000800000004,3823937106788,350,260
1762693549,0000004000000080,3823989054254,2409,261
1762693552,0000000800000080,3824022896667,384,262
1762693560,0000000800000001,3824100121279,926,263
1762693576,0000008000000004,3824260690666,1655,264
1762693587,0000000100000080,3824371381311,198,265
1762693598,0000000800000004,3824482521526,3899,266
1762693613,0000008000000080,3824630982513,163,267
1762693623,0000000800000008,3824730657537,4557,268
1762693625,0000000100000004,3824752622454,3223,269
1762693641,0000000100000004,3824909699816,4176,270
1762693647,0000000800000008,3824974550560,270,271
1762693661,0000000400000004,3825109638162,2519,272
1762693664,0000000800000080,3825141292660,626,273
1762693674,0000000100000001,3825246636348,4680,274
1762693675,0000008000000004,3825256030910,4117,275
1762693688,0000000100000003,3825379929604,1851,276
1762693717,0000000100000002,3825667974113,5297,277
1762693723,0000008000000002,3825727969374,1690,278
1762693728,0000008000000001,3825780217075,3745,279
1762693728,0000000100000001,3825781918031,3641,280
1762693738,0000000800000001,3825887042192,2503,281
1762693742,0000000200000008,3825919320502,571,282
1762693745,0000008000000008,3825955904967,3561,283
1762693749,0000000400000001,3825990685680,1466,284
1762693768,0000000400000080,3826177350194,630,285
1762693780,0000004000000001,3826299526846,3668,286
1762693782,0000008000000004,3826324385982,2169,287
1762693813,0000008000000080,3826628152982,4680,288
1762693816,0000000400000008,3826660219573,2736,289
1762693824,0000000800000002,3826738813844,3206,290
1762693825,0000000400000004,3826747956670,2651,291
1762693841,0000000400000008,3826916326613,2913,292
1762693849,0000000100000008,3826987807245,3819,293
1762693881,0000000200000008,3827316128008,4845,294
1762693888,0000000200000008,3827384072206,754,295
1762693908,0000008000000008,3827582368228,4414,296
1762693908,0000000100000001,3827585268557,4240,297
1762693911,0000008000000080,3827616043326,2376,298
1762693920,0000000100000007,3827705321751,2203,299
1762693925,0000004000000004,3827752064866,4594,300
1762693934,0000000100000008,3827840006624,4498,301
1762693957,0000004000000004,3828070120774,1033,302
1762693967,0000000100000001,3828168526850,315,303
1762693980,0000008000000002,3828298105062,2895,304
1762693989,0000004000000008,3828393885600,2330,305
1762694012,0000000100000004,3828620182695,4313,306
1762694018,0000000800000008,3828683573160,496,307
1762694027,0000008000000080,3828767138218,661,308
1762694042,0000000800000001,3828922505722,1700,309
1762694053,0000000200000001,3829033607800,217,310
1762694054,0000004000000001,3829037851331,5149,311
1762694061,0000004000000008,3829116302833,435,312
1762694071,0000000200000001,3829211715537,5078,313
1762694085,0000004000000002,3829355588263,1619,314
1762694087,0000008000000080,3829375353352,435,315
1762694115,0000004000000004,3829653922374,4456,316
1762694165,0000000100000008,3830153893223,348,317
1762694166,0000000800000004,3830161384533,5085,318
1762694167,0000000800000080,3830169502669,4604,319
1762694183,0000000800000002,3830336754789,4926,320
1762694207,0000004400000002,3830568930622,1343,321
1762694209,0000000400000008,3830592746373,5107,322
1762694223,0000008000000004,3830733097810,1860,323
1762694226,0000004000000002,3830761888193,5318,324
1762694226,0000000100000001,3830762418749,5286,325
1762694240,0000008000000080,3830900731645,2161,326
1762694240,0000008000000004,3830903374468,2005,327
1762694241,0000008000000008,3830908530166,1694,328
1762694253,0000000400000002,3831030345696,4759,329
1762694290,0000008000000080,3831400859377,3237,330
1762694290,0000000100000080,3831405819593,2934,331
1762694305,0000008000000080,3831552477780,4517,332
1762694314,000000c000000080,3831639739683,4461,333
1762694328,0000004000000080,3831786838839,800,334
1762694330,0000000800000004,3831805165435,4893,335
1762694339,0000000100000004,3831888981883,5041,336
1762694361,0000004000000001,3832111587636,2039,337
1762694362,0000000400000004,3832126666070,1129,338
1762694391,0000008000000004,3832415743777,4526,339
1762694402,0000000100000001,3832524782932,3148,340
1762694416,0000000100000001,3832665404787,5080,341
1762694422,0000000100000008,3832724667990,1515,342
1762694432,0000000800000004,3832822665750,817,343
1762694436,0000000100000002,3832864500430,3494,344
1762694450,0000008000000080,3833004932844,245,345
1762694456,0000008000000080,3833057572490,2265,346
1762694456,0000000200000001,3833066576011,1727,347
1762694479,0000000800000080,3833293777483,3642,348
1762694488,0000000100000001,3833380504597,3618,349
1762694531,0000000800000002,3833812254587,3617,350
1762694533,0000008000000001,3833827374205,2697,351
1762694543,0000008000000004,3833929820310,1736,352
1762694563,0000008000000002,3834127596838,234,353
1762694568,0000008000000001,3834185993441,1910,354
1762694574,0000008000000080,3834245282830,3537,355
1762694585,0000000400000001,3834349525091,2455,356
1762694587,0000008000000008,3834369339651,1264,357
1762694589,0000008000000080,3834391206005,5146,358
1762694617,0000004000000001,3834671088941,3898,359
1762694620,0000008000000040,3834697000755,2329,360
1762694652,000000c000000088,3835019081173,3738,361
1762694666,0000000100000002,3835160984904,397,362
1762694674,0000000100000001,3835242999141,655,363
1762694686,0000000800000080,3835362782081,3840,364
1762694688,0000000100000001,3835385599184,2456,365
1762694701,0000000100000004,3835512165424,5235,366
1762694702,0000000800000004,3835522485960,4624,367
1762694721,0000008000000001,3835713308814,3526,368
1762694727,0000000100000004,3835774344353,5048,369
1762694728,0000008000000008,3835783937348,4473,370
1762694729,0000008000000001,3835795430406,3784,371
1762694733,0000008000000080,3835832903141,1524,372
1762694738,0000000800000080,3835884656362,3608,373
1762694739,0000000800000004,3835895408356,2951,374
1762694744,0000000100000008,3835938410100,378,375
1762694745,0000000400000008,3835954167235,4626,376
1762694757,0000000100000001,3836072986336,2656,377
1762694758,0000000800000080,3836077677804,2377,378
1762694758,0000000400000004,3836084158167,1992,379
1762694771,0000004000000002,3836214394441,4554,380
1762694772,0000000400000080,3836217574509,4363,381
1762694774,0000000800000002,3836240294763,2976,382
1762694793,0000000100000002,3836430050216,1962,383
1762694796,0000008000000002,3836459978634,167,384
1762694804,0000000100000003,3836543454897,339,385
1762694810,0000008000000080,3836597341600,2284,386
1762694822,0000000100000008,3836722618923,5137,387
1762694828,000000040000000c,3836783344920,1483,388
1762694890,0000000400000008,3837404380060,490,389
1762694897,0000004000000008,3837474733268,1444,390
1762694902,0000000100000002,3837522986811,3742,391
1762694903,0000000100000008,3837532014086,3190,392
1762694913,0000000200000008,3837631314455,2409,393
1762694922,0000000800000002,3837717031384,2448,394
1762694930,0000000800000002,3837805612716,2314,395
1762694936,0000000100000001,3837858960096,4312,396
1762694940,0000008000000008,3837898323138,1937,397
1762694960,0000000100000001,3838097349089,357,398
1762694961,0000000800000001,3838106849360,4975,399
1762694968,0000000100000001,3838183662576,358,400
1762694984,0000008000000080,3838343012753,1153,401
1762694987,0000000100000001,3838373999461,4493,402
1762694991,0000000100000001,3838411558783,2223,403
1762695000,0000000400000004,3838504272014,1843,404
1762695001,0000000c00000002,3838511636885,1397,405
1762695021,0000008000000080,3838707550627,5196,406
1762695022,0000004000000002,3838717177875,4625,407
1762695025,0000008000000080,3838747541683,2783,408
1762695026,0000008000000001,3838763695364,1820,409
1762695029,0000004000000004,3838787951675,365,410
1762695048,0000000200000080,3838984645002,4117,411
1762695056,0000008000000008,3839062576560,4624,412
1762695057,0000008000000002,3839074118165,3927,413
1762695084,0000000400000080,3839344151998,3256,414
1762695090,0000000100000008,3839402679304,4936,415
1762695091,0000000100000004,3839407808112,4632,416
1762695091,0000008000000004,3839411569177,4407,417
1762695096,0000008000000002,3839464855489,1190,418
1762695102,0000000800000080,3839523443644,2853,419
1762695110,0000000100000002,3839601867068,3337,420
1762695111,0000008000000080,3839609003952,2902,421
1762695129,0000000100000001,3839790075556,2400,422
1762695138,0000000800000002,3839879834734,2199,423
1762695154,0000000800000002,3840042942057,2766,424
1762695155,0000000400000008,3840055203825,2037,425
1762695158,0000000400000001,3840084117919,303,426
1762695161,0000000100000008,3840113007513,3757,427
1762695161,0000008000000004,3840113270437,3742,428
1762695169,0000000800000001,3840194768589,4036,429
1762695171,0000008000000080,3840214204698,2852,430
1762695178,0000004000000002,3840279990016,4104,431
1762695182,0000004000000002,3840323399588,1484,432
1762695185,0000000100000001,3840355823831,4736,433
1762695194,0000004000000080,3840445186387,4556,434
1762695197,0000000800000004,3840476073660,2682,435
1762695201,0000000100000004,3840515848186,303,436
1762695202,0000000100000001,3840518558731,5325,437
1762695215,0000000800000001,3840655863402,2260,438
1762695238,0000000800000080,3840878968769,4432,439
1762695245,0000000800000080,3840955853677,4994,440
1762695246,0000008000000008,3840955997661,4985,441
1762695249,0000000100000004,3840990076885,2926,442
1762695271,0000000800000080,3841208943708,164,443
1762695276,0000000200000004,3841263651659,2059,444
1762695300,0000000100000001,3841500074701,3418,445
1762695302,0000008000000008,3841525337037,1902,446
1762695303,0000008000000002,3841531188948,1547,447
1762695336,0000000100000004,3841859168478,2586,448
1762695365,0000008000000080,3842150847986,634,449
1762695375,0000000100000001,3842255327207,4738,450
1762695402,0000000800000080,3842522647913,4242,451
1762695428,0000000100000001,3842785131748,4033,452
1762695432,0000008000000008,3842821149546,1862,453
1762695438,0000004000000008,3842881988109,3394,454
1762695444,0000000800000008,3842938309673,5200,455
1762695458,0000000800000001,3843082237972,1737,456
1762695460,0000000100000001,3843105055067,369,457
1762695462,0000008000000080,3843120099179,4660,458
1762695469,0000004000000004,3843190216603,440,459
1762695475,0000008000000004,3843252797558,1866,460
1762695480,0000004000000002,3843302791132,4059,461
1762695484,0000008000000008,3843338895623,1881,462
1762695492,0000000800000002,3843424331064,1935,463
1762695493,0000008000000001,3843431089332,1527,464
1762695504,0000004000000008,3843546427559,4979,465
1762695536,0000000400000004,3843860524021,1665,466
1762695548,0000000400000001,3843984676759,4592,467
1762695573,0000000100000001,3844234317506,5149,468
1762695580,0000008000000002,3844296745103,1392,469
1762695582,0000004000000080,3844325755405,4848,470
1762695586,0000000100000008,3844357889780,2903,471
1762695590,0000000800000080,3844404202027,5318,472
1762695590,0000000100000080,3844405686995,5229,473
1762695592,0000000100000002,3844417475087,4529,474
1762695603,0000008000000080,3844528558928,3024,475
1762695621,0000008000000080,3844708729952,2574,476
1762695622,0000008000000008,3844725494963,1572,477
1762695636,0000008000000004,3844865309651,3553,478
1762695639,0000000800000080,3844887280188,2227,479
1762695652,0000004000000002,3845021662471,4541,480
1762695668,0000000100000004,3845177683870,346,481
1762695678,0000000800000001,3845281080703,4518,482
1762695697,0000000800000080,3845471154856,3464,483
1762695700,0000000400000001,3845505513116,1395,484
1762695714,0000008000000001,3845641928407,3580,485
1762695747,0000000100000001,3845974084555,4383,486
1762695749,0000000400000080,3845988520275,3507,487
1762695751,0000008000000080,3846006793938,2403,488
1762695753,0000008000000008,3846033095677,825,489
1762695756,0000000500000001,3846064936173,4109,490
1762695761,0000008000000004,3846113574942,1173,491
1762695764,000000c000000080,3846142311164,4649,492
1762695774,0000000100000008,3846240520457,3935,493
1762695783,0000000800000080,3846335849715,3387,494
1762695799,0000000100000001,3846490753835,4466,495
1762695825,0000004100000001,3846753071318,4269,496
1762695827,0000000400000008,3846774247225,2978,497
1762695830,0000000800000001,3846804837404,1143,498
1762695835,0000000400000001,3846852406731,3479,499
1762695854,0000000400000008,3847046081203,2214,500
1762695867,000000c000000080,3847171212264,5077,501
1762695877,0000000400000001,3847273780756,4107,502
1762695882,000000c000000004,3847317692057,1457,503
1762695884,0000008000000080,3847342428128,5164,504
1762695887,0000000100000001,3847373348672,3303,505
1762695890,0000000800000080,3847405689655,1357,506
1762695893,0000000800000004,3847432979155,4916,507
1762695907,0000004000000004,3847570754784,1819,508
1762695907,0000004000000001,3847572888554,1690,509
1762695911,0000004000000004,3847612614986,4502,510
1762695934,0000000100000080,3847844890620,909,511
1762695935,0000004000000008,3847855567230,273,512
1762695940,0000000100000001,3847896868999,2970,513
1762695941,0000000100000001,3847909949666,2187,514
1762695946,0000000400000080,3847965025622,4078,515
1762695962,0000004000000002,3848124498191,4870,516
1762695967,0000000100000004,3848169113307,2180,517
1762695974,0000000800000080,3848240501152,3075,518
1762695975,0000004000000004,3848250993700,2443,519
1762695981,0000000100000001,3848308620701,4185,520
1762695988,0000000100000001,3848380353158,5056,521
1762696005,0000000800000001,3848555957566,4885,522
1762696032,0000000400000002,3848818319938,4688,523
1762696032,0000000300000001,3848820446608,4561,524
1762696048,0000000400000001,3848986221162,4971,525
1762696049,0000000800000002,3848990186785,4736,526
1762696052,0000000100000001,3849017110915,3104,527
1762696057,0000000100000001,3849071934124,5008,528
1762696067,0000000800000002,3849170087772,4304,529
1762696067,0000000400000001,3849175201183,3994,530
1762696070,0000000100000002,3849200238783,2476,531
1762696075,0000000800000002,3849255431909,4365,532
1762696087,0000000100000001,3849373495549,2442,533
1762696090,0000000100000080,3849397799223,985,534
1762696116,0000000100000002,3849657253430,959,535
1762696120,0000004000000004,3849703800290,3352,536
1762696121,0000000100000080,3849716127391,2605,537
1762696140,0000008000000080,3849900032846,1939,538
1762696144,0000000100000001,3849946065252,4371,539
1762696158,0000008000000001,3850078373774,1597,540
1762696173,0000000100000003,3850236261456,2482,541
1762696174,0000008000000008,3850238689636,2338,542
1762696186,0000000800000008,3850365243423,5116,543
1762696219,0000008800000081,3850688787161,1234,544
1762696222,0000000400000001,3850722758191,4396,545
1762696231,0000000100000001,3850811879426,4228,546
1762696265,0000004000000004,3851154319345,4406,547
1762696280,0000000100000008,3851297456324,978,548
1762696281,0000000400000001,3851311741650,5312,549
1762696286,0000008000000002,3851360054969,2403,550
1762696290,0000000800000008,3851396984372,193,551
1762696308,0000000800000080,3851579915636,4770,552
1762696316,0000000100000005,3851660362890,5118,553
1762696339,0000008000000080,3851892425854,1547,554
1762696340,0000004000000080,3851898871212,1157,555
1762696342,0000008000000080,3851917336698,5241,556
1762696360,0000008000000001,3852106387580,4268,557
1762696361,0000008000000080,3852109876980,4055,558
1762696368,0000000100000008,3852176765684,5219,559
1762696377,0000008000000001,3852268863539,4877,560
1762696384,0000000800000001,3852338385934,692,561
1762696398,0000008000000001,3852486357291,2176,562
1762696402,0000000100000004,3852519671604,179,563
1762696406,0000000100000003,3852562977237,2753,564
1762696416,0000000800000008,3852663816398,1892,565
1762696426,0000000800000080,3852762849874,1125,566
1762696429,0000000100000001,3852786654229,4893,567
1762696432,0000000100000001,3852825533065,2543,568
1762696438,0000004000000004,3852881598473,4381,569
1762696448,0000000400000001,3852980429473,3623,570
1762696451,0000000100000004,3853010710275,1800,571
1762696474,0000000800000080,3853240381292,3568,572
1762696491,0000008000000002,3853406908910,3943,573
1762696497,0000000400000001,3853473706062,5110,574
1762696503,0000004000000080,3853527639854,1868,575
1762696503,0000000100000008,3853534270376,1467,576
1762696519,0000000800000002,3853687652011,2622,577
1762696521,0000000800000002,3853713785223,1055,578
1762696526,0000000100000004,3853761080425,3406,579
1762696571,0000008000000080,3854207217921,2532,580
1762696631,0000000200000001,3854813182461,2439,581
1762696642,0000000100000008,3854921519623,1120,582
1762696662,0000000100000004,3855121650665,4671,583
1762696674,0000000100000003,3855243528076,2522,584
1762696692,0000004000000008,3855418969162,2357,585
1762696698,0000000400000001,3855477797289,4023,586
1762696698,0000000400000080,3855485256036,3570,587
1762696701,0000004000000008,3855514387788,1818,588
1762696702,0000000100000003,3855516953890,1662,589
1762696712,0000008000000001,3855624148120,414,590
1762696721,0000008000000080,3855712253354,307,591
1762696722,0000008000000080,3855716579856,5235,592
1762696722,0000004000000001,3855726256997,4660,593
1762696743,0000008000000004,3855927500771,2928,594
1762696769,0000000100000001,3856191837682,2608,595
1762696784,0000004000000001,3856344550934,3823,596
1762696786,0000000100000001,3856360304761,2863,597
1762696834,0000000200000008,3856840994636,5117,598
1762696837,0000008000000080,3856874581032,3091,599
1762696840,0000008000000002,3856897813856,1700,600
1762696845,0000000400000080,3856950083622,3755,601
1762696902,0000000100000004,3857523825936,406,602
1762696917,0000008000000004,3857668320743,2096,603
1762696917,0000000100000001,3857672854857,1824,604
1762696924,0000000800000004,3857738757379,3046,605
1762696925,0000004000000008,3857747821039,2500,606
1762696951,0000008000000080,3858011956480,2199,607
1762696974,0000000100000008,3858245781850,3722,608
1762696978,0000004000000004,3858281129946,1590,609
1762696986,0000008800000008,3858364497031,1771,610
1762696997,0000000100000003,3858473740031,397,611
1762697013,0000004000000004,3858634634468,1100,612
1762697014,0000000100000001,3858644394081,520,613
1762697018,0000000800000002,3858681907966,3452,614
1762697024,0000004000000080,3858741216879,5079,615
1762697041,0000000100000001,3858913895831,5079,616
1762697050,0000000100000001,3859001103999,5027,617
1762697057,0000000800000080,3859075530049,554,618
1762697067,0000000100000001,3859170145897,5244,619
1762697075,0000000100000001,3859250244701,433,620
1762697106,0000008000000080,3859559798204,2576,621
1762697115,0000000400000004,3859653887221,2115,622
1762697119,0000000100000001,3859690461207,5109,623
1762697138,0000008000000004,3859881340636,4023,624
1762697139,0000004000000001,3859892282884,3356,625
1762697150,0000000800000008,3859997065283,2245,626
1762697154,0000000400000001,3860036566588,5066,627
1762697159,0000008000000001,3860092003857,1732,628
1762697179,0000000800000001,3860290081893,210,629
1762697185,0000008000000080,3860348740883,1871,630
1762697187,0000000100000004,3860370844418,544,631
1762697193,0000004000000002,3860427284745,2336,632
1762697197,0000000100000001,3860473535938,4756,633
1762697201,0000000100000001,3860513367737,2351,634
1762697222,0000000100000003,3860724839421,5214,635
1762697256,0000000100000004,3861058285700,740,636
1762697258,0000000400000002,3861083700451,4413,637
1762697264,0000008000000004,3861143055943,834,638
1762697271,0000000400000004,3861208518975,2089,639
1762697297,0000008000000002,3861466502232,2151,640
1762697300,0000000400000002,3861503583224,5116,641
1762697313,0000008000000080,3861628088622,2811,642
1762697317,0000000400000008,3861672171456,174,643
1762697330,0000000800000002,3861799450831,2894,644
1762697339,0000000800000080,3861889668721,2658,645
1762697361,0000000800000080,3862115584126,4665,646
1762697378,0000000800000001,3862285481630,4832,647
1762697387,0000000100000001,3862372115343,4814,648
1762697387,0000008000000008,3862373416681,4737,649
1762697408,0000000200000001,3862579210988,2730,650
1762697411,0000008000000002,3862612880886,716,651
1762697435,0000008000000080,3862847822986,2162,652
1762697447,0000000100000004,3862973053755,5018,653
1762697450,0000000400000080,3863001722751,3291,654
1762697465,0000000400000008,3863147107909,4939,655
1762697470,0000008000000080,3863204054147,1509,656
1762697472,000000010000000a,3863224547399,283,657
1762697505,0000000100000002,3863552540498,1320,658
1762697507,0000000800000008,3863570074562,274,659
1762697520,0000008000000080,3863698462034,2925,660
1762697527,0000000400000002,3863770623219,3791,661
1762697532,0000000100000080,3863823487187,611,662
1762697541,0000000100000080,3863906538498,805,663
1762697545,0000000100000002,3863955949987,3019,664
1762697566,0000000100000002,3864159015687,1196,665
1762697573,0000000800000001,3864227997749,2240,666
1762697578,0000004000000008,3864280427151,4291,667
1762697578,0000000400000002,3864285170718,4004,668
1762697584,0000000400000004,3864336420763,915,669
1762697600,0000008000000008,3864497558566,1610,670
1762697609,0000008000000002,3864587834748,1371,671
1762697610,0000008000000080,3864601982134,526,672
1762697626,0000000800000001,3864762467650,1253,673
1762697634,0000000800000002,3864840541425,1753,674
1762697651,0000000100000080,3865015235999,1631,675
1762697655,0000004000000004,3865051805298,4635,676
1762697658,0000000800000008,3865077127854,3098,677
1762697664,0000000100000002,3865144504260,4253,678
1762697666,0000000400000080,3865162746354,3142,679
1762697689,0000008000000002,3865393379150,4859,680
1762697690,0000000100000001,3865397858546,4593,681
1762697709,0000000400000080,3865594618748,3133,682
1762697729,0000008000000008,3865792491268,1621,683
1762697733,0000008000000008,3865828580586,4654,684
1762697757,0000004000000080,3866066188223,744,685
1762697810,0000000800000001,3866599762538,5003,686
1762697836,0000008000000080,3866856450721,5142,687
1762697851,0000000100000001,3867013624051,882,688
1762697868,0000008000000004,3867185886854,906,689
1762697889,0000000100000004,3867387684234,4358,690
1762697891,0000000400000001,3867412205886,2866,691
1762697892,0000000100000004,3867423394107,2200,692
1762697901,0000008000000004,3867506283558,2405,693
1762697920,0000000100000080,3867700549316,1109,694
1762697923,0000000100000001,3867727363851,4699,695
1762697945,0000000800000001,3867952737203,1521,696
1762697958,0000008000000002,3868080185411,4252,697
1762697965,0000000400000004,3868155114449,4935,698
1762697971,0000000100000080,3868208775847,1704,699
1762697971,0000008000000004,3868213823107,1397,700
1762697980,0000008000000080,3868298146542,1520,701
1762697991,0000000800000001,3868415707725,4842,702
1762697996,0000000400000008,3868456115055,2400,703
1762697999,0000000400000001,3868494860520,5268,704
1762698002,0000008000000080,3868516393358,3982,705
1762698008,0000008000000080,3868579982724,162,706
1762698012,0000008000000080,3868616894245,3117,707
1762698018,0000000100000002,3868677521052,4677,708
1762698026,0000000400000002,3868763994674,4669,709
1762698031,0000000100000002,3868812996027,1715,710
1762698036,0000008000000002,3868864858065,3793,711
1762698052,0000000800000008,3869017932135,4972,712
1762698053,0000000100000080,3869032146550,4121,713
1762698077,0000000100000008,3869274427855,5625,714
1762698081,0000000400000080,3869306276725,3201,715
1762698084,0000000400000080,3869342582226,1019,716
1762698086,0000004000000008,3869358623398,5249,717
1762698097,0000000100000001,3869469028856,3807,718
1762698119,0000000400000004,3869691732555,795,719
1762698119,0000004000000001,3869692950002,722,720
1762698120,0000000100000003,3869699053756,359,721
1762698123,0000008000000008,3869732920547,3510,722
1762698142,000000c000000080,3869918995406,2696,723
1762698143,0000000200000001,3869935925687,1687,724
1762698146,0000000800000001,3869963563863,5218,725
1762698162,0000000400000080,3870123881041,769,726
1762698164,0000000800000001,3870140039013,4991,727
1762698172,0000000400000002,3870223236666,5178,728
1762698174,0000008000000008,3870238267444,4284,729
1762698177,0000008000000080,3870273582391,2151,730
1762698179,0000008000000080,3870293504575,950,731
1762698186,0000008000000002,3870357299143,2307,732
1762698204,0000000800000008,3870537829150,1838,733
1762698204,0000004000000001,3870542030593,1584,734
1762698210,0000008000000080,3870605432376,2959,735
1762698218,0000008000000080,3870685770278,3323,736
1762698246,0000000100000002,3870956482896,2614,737
1762698257,0000000100000080,3871068415099,1081,738
1762698265,0000000300000001,3871146621638,1572,739
1762698265,0000000200000002,3871146652026,1571,740
1762698266,0000008000000080,3871163037861,588,741
1762698273,0000000400000004,3871233157204,1561,742
1762698273,0000004000000080,3871234970775,1450,743
1762698293,0000000100000004,3871428950570,178,744
1762698308,0000004000000002,3871582806727,1302,745
1762698324,0000008000000080,3871739724321,2251,746
1762698336,0000000100000001,3871861277422,5326,747
1762698336,0000000400000001,3871863320851,5205,748
1762698376,0000000400000008,3872258189376,2225,749
1762698386,0000008000000080,3872357944306,1420,750
1762698401,0000000800000001,3872514259157,2402,751
1762698414,000000010000000c,3872641610909,5132,752
1762698431,0000008000000080,3872811163351,5322,753
1762698434,0000000800000080,3872840538286,3557,754
1762698445,0000000100000004,3872947117667,2334,755
1762698449,0000004000000080,3872987002418,5133,756
1762698450,0000000400000001,3873005823060,4007,757
1762698456,0000008000000002,3873059002595,802,758
1762698457,0000000100000004,3873070104246,5326,759
1762698477,0000004000000006,3873273400204,3486,760
1762698488,0000004000000001,3873384576094,1994,761
1762698517,0000000100000001,3873675515853,5266,762
1762698521,0000000100000001,3873710160258,3179,763
1762698523,0000000800000008,3873733313681,1791,764
1762698531,0000008000000080,3873814866238,2079,765
1762698532,0000000800000002,3873823762201,1542,766
1762698536,0000000800000080,3873859731924,4582,767
1762698542,0000000800000080,3873924774779,664,768
1762698544,0000000100000001,3873939580936,4968,769
1762698560,0000000100000004,3874101417452,429,770
1762698560,0000008000000008,3874104245763,258,771
1762698560,0000004000000080,3874105069548,210,772
1762698561,0000000100000001,3874108544754,5187,773
1762698569,0000000100000002,3874191306655,216,774
1762698586,0000000400000001,3874364092729,210,775
1762698587,0000000100000008,3874367882730,5169,776
1762698598,0000000100000001,3874483795457,3391,777
1762698598,0000000600000002,3874484250887,3363,778
1762698626,0000000800000002,3874756351333,2570,779
1762698650,0000004000000008,3875002756902,3335,780
1762698662,0000000400000002,3875119560067,1504,781
1762698664,0000004000000080,3875141032466,219,782
1762698678,0000004000000002,3875285489913,1913,783
1762698681,0000000100000004,3875311601247,348,784
1762698699,0000008000000080,3875495263180,4879,785
1762698706,0000004000000001,3875556330823,1199,786
1762698714,0000008000000080,3875637175054,1532,787
1762698718,0000008000000002,3875677480959,4310,788
1762698726,0000000100000004,3875764920973,4244,789
1762698732,0000008000000080,3875820192134,910,790
1762698744,0000004000000004,3875942286626,3960,791
1762698757,0000000800000001,3876074440289,1195,792
1762698800,0000000800000008,3876496792863,1762,793
1762698801,0000000100000001,3876510311742,947,794
1762698817,0000000400000080,3876669019886,1790,795
1762698836,0000000400000002,3876858492035,781,796
1762698848,0000004000000004,3876982509322,3711,797
1762698858,0000008000000080,3877078158453,3142,798
1762698858,0000008000000008,3877080810579,2981,799
1762698864,0000000100000001,3877144627253,4352,800
1762698868,0000000100000002,3877178363606,2310,801
1762698881,0000004000000001,3877308775343,4860,802
1762698885,0000000400000001,3877355559307,2042,803
1762698902,0000000400000004,3877523034405,2350,804
1762698908,0000004000000004,3877585605465,3790,805
1762698925,0000000c00000002,3877754125298,4044,806
1762698928,0000000800000001,3877780659804,2434,807
1762698933,0000008100000004,3877833994867,4435,808
1762698935,0000000800000001,3877854061183,3215,809
1762698936,0000000100000001,3877860270859,2837,810
1762698936,0000008000000080,3877860301507,2836,811
1762698945,0000004000000080,3877951414398,2550,812
1762698951,0000004000000008,3878010055295,4231,813
1762698958,0000000100000001,3878077085946,197,814
1762698965,0000008000000001,3878154890060,706,815
1762698987,0000008000000002,3878375641199,3000,816
1762699002,0000004000000008,3878517386757,4873,817
1762699006,0000008000000080,3878556108803,2532,818
1762699011,0000008000000001,3878615587909,4163,819
1762699030,0000008000000080,3878800214374,3436,820
1762699064,0000008000000001,3879142384915,3632,821
1762699070,0000000200000001,3879199898550,175,822
1762699070,0000000800000080,3879201560210,5263,823
1762699082,000000c000000001,3879324584029,3051,824
1762699091,0000000400000008,3879407299750,3273,825
1762699092,0000000400000008,3879425144896,2200,826
1762699097,0000000400000004,3879467973058,4825,827
1762699115,0000000400000004,3879647534921,4415,828
1762699118,0000000100000001,3879681541081,2356,829
1762699119,0000000100000001,3879686511918,2061,830
1762699127,0000000800000004,3879766955868,2411,831
1762699141,0000000800000002,3879912040444,4085,832
1762699162,0000008000000080,3880116744440,2149,833
1762699164,0000000100000080,3880139730466,771,834
1762699166,0000000400000001,3880164056385,4509,835
1762699178,0000000100000001,3880279250392,2756,836
1762699180,0000000800000080,3880300277011,1497,837
1762699200,0000000100000001,3880501905270,4956,838
1762699205,0000000800000001,3880549333717,2098,839
1762699214,0000004000000008,3880639548875,1867,840
1762699221,0000000100000001,3880708756937,5780,841
1762699223,0000008000000002,3880735713771,1272,842
1762699230,0000000800000080,3880805221116,2285,843
1762699236,0000004000000002,3880859429415,4230,844
1762699279,0000004000000008,3881286020862,4538,845
1762699290,0000000800000008,3881402847993,2687,846
1762699300,0000000100000004,3881496828678,2234,847
1762699300,0000008000000080,3881503687129,1824,848
1762699375,0000000400000080,3882255010915,3373,849
1762699381,0000000800000080,3882310618983,5221,850
1762699407,0000000400000008,3882566729674,210,851
1762699408,0000004000000001,3882582844521,4437,852
1762699413,0000008000000080,3882629223761,1639,853
1762699416,0000000400000001,3882658244666,5087,854
1762699416,0000000800000002,3882660593537,4949,855
1762699419,0000000400000002,3882689027528,3231,856
1762699433,0000000200000001,3882833483376,4937,857
1762699435,0000000100000001,3882848202134,4055,858
1762699469,0000000800000080,3883195610586,3932,859
1762699524,0000000800000004,3883739259892,2381,860
1762699532,0000000100000004,3883822254488,2580,861
1762699543,0000000800000008,3883927797515,1431,862
1762699545,000000c400000080,3883951433313,5205,863
1762699549,0000000800000002,3883995688979,2535,864
1762699571,0000000400000004,3884213743199,5010,865
1762699602,0000000400000008,3884515870494,2410,866
1762699605,0000008000000080,3884552352630,227,867
1762699615,0000004000000001,3884655016636,4442,868
1762699617,0000000100000004,3884669815527,3545,869
1762699619,0000000100000001,3884692072452,2203,870
1762699623,0000008000000080,3884734351533,4859,871
1762699628,0000000400000008,3884776220028,2332,872
1762699644,0000000800000080,3884939011686,2923,873
1762699650,0000000100000080,3884996979951,4647,874
1762699658,0000004000000008,3885078173517,4952,875
1762699688,0000000400000001,3885383493141,2162,876
1762699692,0000000400000001,3885424973010,4865,877
1762699693,0000000100000002,3885430797742,4521,878
1762699698,0000004000000008,3885485619825,1211,879
1762699724,0000000400000001,3885742000159,1371,880
1762699756,000000c000000080,3886061522383,2922,881
1762699757,000000010000000a,3886068254558,2518,882
1762699760,0000000100000002,3886101548293,525,883
1762699763,0000004000000080,3886128362290,4110,884
1762699766,0000000400000001,3886157472754,2347,885
1762699779,0000008000000080,3886289749003,4787,886
1762699782,0000000100000004,3886318825767,3027,887
1762699787,0000000100000002,3886366986819,5328,888
1762699800,0000008000000080,3886502408211,2372,889
1762699802,0000004000000008,3886515962417,1561,890
1762699845,0000000500000080,3886949553301,1448,891
1762699852,0000000100000001,3887022334435,2257,892
1762699854,0000008000000080,3887036038114,1439,893
1762699864,0000004000000080,3887136676384,584,894
1762699892,0000000400000008,3887424540299,4047,895
1762699908,0000000800000004,3887581845105,4968,896
1762699909,0000000800000001,3887588118924,4597,897
1762699914,0000004000000080,3887640852341,1414,898
1762699938,0000000400000001,3887884222526,2354,899
1762699956,0000000100000003,3888058992350,2231,900
1762699975,0000000400000008,3888246493418,1339,901
1762699978,0000008000000008,3888278819244,4599,902
1762700008,0000000800000080,3888576798960,2246,903
1762700047,0000004000000004,3888967170537,4742,904
1762700053,0000000100000001,3889030685010,915,905
1762700054,0000000100000004,3889036299165,582,906
1762700057,0000008000000002,3889070475633,3719,907
1762700059,0000000400000002,3889087726620,2669,908
1762700073,0000000800000004,3889230963981,4457,909
1762700089,0000008000000004,3889388407558,178,910
1762700106,0000008000000080,3889564967746,5133,911
1762700123,0000000100000008,3889729882302,412,912
1762700134,0000000400000080,3889839651516,4200,913
1762700145,0000000400000003,3889945601982,3005,914
1762700147,0000000100000001,3889969796026,1556,915
1762700151,0000008000000008,3890006400812,4558,916
1762700151,0000000400000002,3890010581245,4306,917
1762700168,0000004000000080,3890175851623,4749,918
1762700172,0000008000000080,3890218860473,2155,919
1762700180,0000000800000008,3890304125106,2219,920
1762700186,0000004000000008,3890360579591,4026,921
1762700187,0000000300000001,3890373227034,3255,922
1762700197,0000000100000003,3890470466127,2595,923
1762700208,0000008000000008,3890583447991,999,924
1762700219,0000000800000080,3890686942656,5163,925
1762700227,0000000800000002,3890774661921,5081,926
1762700228,0000008000000004,3890784560987,4493,927
1762700240,0000000400000001,3890897607776,2870,928
1762700244,0000000100000002,3890943221392,5326,929
1762700246,0000004000000001,3890958507244,4418,930
1762700257,0000000400000002,3891072164503,2757,931
1762700315,0000000100000080,3891653337079,4172,932
1762700320,0000008000000080,3891697609276,1499,933
1762700323,0000000100000001,3891727576422,4894,934
1762700336,0000000100000002,3891862736537,1956,935
1762700365,0000004000000080,3892148429254,357,936
1762700374,0000000400000002,3892238149212,162,937
1762700393,0000000400000002,3892426284900,4421,938
1762700394,000000020000000c,3892445110285,3278,939
1762700395,0000000100000002,3892450510709,2948,940
1762700413,0000008000000080,3892627717060,2675,941
1762700439,0000000800000008,3892885635746,2742,942
1762700457,0000000400000002,3893073242494,1853,943
1762700460,0000000800000001,3893095880511,496,944
1762700485,0000000100000003,3893352237681,655,945
1762700494,0000000800000004,3893436042913,806,946
1762700495,0000000100000080,3893450338599,5138,947
1762700499,0000000400000004,3893490085354,2739,948
1762700513,0000004000000008,3893634556894,4454,949
1762700531,0000008000000080,3893813045068,4103,950
1762700534,0000000800000004,3893839738616,2484,951
1762700538,0000000400000004,3893878158263,184,952
1762700544,0000008000000008,3893944701592,1368,953
1762700555,0000000400000080,3894047523659,384,954
1762700565,0000000400000004,3894153602092,4394,955
1762700577,0000004000000002,3894270432106,2546,956
1762700579,0000004000000004,3894287835952,1504,957
1762700588,0000000800000080,3894383532808,942,958
1762700589,0000008000000080,3894394310777,298,959
1762700593,0000008000000002,3894432487435,3187,960
1762700655,0000000100000001,3895052072945,2275,961
1762700673,0000000400000001,3895235072757,1146,962
1762700692,0000000100000003,3895416346163,1140,963
1762700703,0000008000000004,3895529402470,4735,964
1762700719,0000004000000002,3895688927957,333,965
1762700719,0000004000000004,3895690773091,221,966
1762700725,0000008000000008,3895749028783,1906,967
1762700733,0000008000000008,3895832875079,2056,968
1762700734,0000004000000088,3895836915963,1813,969
1762700737,0000008000000008,3895872799373,4851,970
1762700740,0000000100000004,3895900237841,3193,971
1762700754,0000000100000002,3896037368323,5334,972
1762700771,0000008000000080,3896214269232,5083,973
1762700772,0000008000000080,3896216735476,4938,974
1762700790,0000000100000002,3896396733812,4503,975
1762700845,0000004000000080,3896951870048,2261,976
1762700849,0000004000000008,3896993527148,4955,977
1762700856,0000000100000080,3897061374372,871,978
1762700874,0000000400000080,3897240780773,472,979
1762700893,0000000100000001,3897427244852,4836,980
1762700914,0000008000000080,3897639699206,2434,981
1762700926,0000000100000004,3897760509623,372,982
1762700935,0000000100000001,3897847283389,346,983
1762700954,0000000400000001,3898036207838,4565,984
1762700964,000000c000000080,3898143761054,3272,985
1762700976,0000008000000001,3898262339520,1340,986
1762700992,0000000100000001,3898416855096,2431,987
1762701014,0000008000000008,3898641564341,4509,988
1762701017,0000000100000002,3898670670543,2741,989
1762701017,0000000800000002,3898671160593,2710,990
1762701024,0000001000000080,3898738867105,3846,991
1762701027,0000008000000080,3898770733924,1925,992
1762701031,0000008000000080,3898809016144,4821,993
1762701032,0000000400000002,3898822535278,4009,994
1762701054,0000000100000001,3899039881133,1313,995
1762701057,0000000100000003,3899073196817,4514,996
1762701057,0000000100000001,3899073756166,4480,997
1762701061,0000000200000004,3899106573418,2491,998
1762701068,0000000100000008,3899183409360,3064,999
1762701073,0000000400000004,3899229841215,282,1000
1762701073,0000000400000008,3899235062954,5155,1001
1762701075,0000000100000001,3899247922088,4392,1002
1762701078,0000000100000004,3899281246541,4747,1003
1762701081,0000000800000080,3899312266056,516,1004
1762701153,0000008000000002,3900030532127,4058,1005
1762701158,0000000100000008,3900082120972,946,1006
1762701162,0000000100000080,3900122789256,3699,1007
1762701163,0000000100000004,3900126318510,3483,1008
1762701173,0000000300000001,3900230935845,2379,1009
1762701188,0000000100000001,3900384555725,3532,1010
1762701196,0000004000000002,3900460682660,4153,1011
1762701241,0000008000000080,3900914077617,2833,1012
1762701242,0000008000000008,3900920946188,2423,1013
1762701272,0000008000000001,3901218099350,5328,1014
1762701274,0000000800000008,3901238815989,4089,1015
1762701276,0000000100000008,3901264150894,2552,1016
1762701278,0000000100000001,3901278480508,1697,1017
1762701290,0000000100000004,3901400510241,4750,1018
1762701324,000000c000000080,3901738930267,5162,1019
1762701325,0000000400000004,3901747695028,4642,1020
1762701325,0000000800000004,3901753840388,4275,1021
1762701361,0000008000000001,3902111266085,3541,1022
1762701393,0000000400000080,3902428651948,5223,1023
1762701398,0000000800000008,3902481722011,2032,1024
1762701409,0000008000000002,3902588414791,809,1025
1762701411,0000008000000080,3902614327616,4451,1026
1762701437,0000004000000080,3902868220307,4758,1027
1762701453,0000004000000080,3903027912969,345,1028
1762701454,0000000800000004,3903042955241,4636,1029
1762701459,0000000400000004,3903086653565,2000,1030
1762701463,0000000400000001,3903127505713,4743,1031
1762701468,0000000100000004,3903180955519,1520,1032
1762701520,0000000100000001,3903698522615,1551,1033
1762701531,0000008000000080,3903813764383,5008,1034
1762701541,0000000400000001,3903911536266,4329,1035
1762701548,0000000400000080,3903983627070,5176,1036
1762701560,0000000200000080,3904104378525,3102,1037
1762701565,0000000800000080,3904154495243,5284,1038
1762701567,0000008000000080,3904165829108,4612,1039
1762701568,0000008000000002,3904179358866,3796,1040
1762701583,0000000100000001,3904325422531,205,1041
1762701614,0000004000000002,3904638242937,2154,1042
1762701621,0000000200000004,3904711407953,2942,1043
1762701658,0000008000000002,3905077381864,1711,1044
1762701694,0000000100000001,3905445225096,364,1045
1762701702,0000000100000001,3905517866674,1179,1046
1762701703,0000000100000008,3905528930855,521,1047
1762701718,0000000100000003,3905678174941,1928,1048
1762701722,0000008000000008,3905716417044,4827,1049
1762701748,0000008000000004,3905984147653,4306,1050
1762701764,0000008000000080,3906138236978,229,1051
1762701767,0000000100000001,3906170843955,3455,1052
1762701779,0000000800000001,3906292613777,1321,1053
1762701779,0000004000000001,3906294027039,1237,1054
1762701784,0000000400000008,3906342876328,3494,1055
1762701786,0000000400000004,3906361731654,2355,1056
1762701803,0000000800000002,3906534047504,2377,1057
1762701812,0000008000000080,3906615305507,2680,1058
1762701830,0000000100000080,3906805003241,1666,1059
1762701869,0000004000000080,3907192319823,4345,1060
1762701882,0000000800000001,3907317844306,1980,1061
1762701885,0000000400000001,3907349076773,5292,1062
1762701906,0000000400000080,3907562080796,2861,1063
1762701912,0000008000000080,3907618367354,4685,1064
1762701937,0000004000000080,3907868363674,5218,1065
1762701939,0000008000000002,3907885197156,4215,1066
1762701947,0000000100000001,3907968924895,4374,1067
1762701960,0000000800000002,3908095755712,1932,1068
1762701961,0000000100000001,3908111882131,958,1069
1762701978,0000000400000002,3908277891034,1358,1070
1762701984,0000000100000001,3908335981327,3055,1071
1762701989,0000000400000002,3908386509947,5215,1072
1762701999,0000000400000002,3908488345907,4293,1073
1762702007,0000008800000008,3908571956291,4456,1074
1762702012,0000008000000004,3908618348190,1657,1075
1762702022,0000000100000002,3908724679811,459,1076
1762702023,0000000100000002,3908727445155,295,1077
1762702034,0000000800000001,3908838366994,4011,1078
1762702037,0000004000000002,3908873517639,1891,1079
1762702039,0000004000000080,3908894198333,648,1080
1762702040,0000004000000080,3908904592015,5214,1081
1762702059,0000000800000002,3909093993714,4217,1082
1762702093,0000000800000008,3909433634015,4563,1083
1762702101,0000004000000004,3909505321439,249,1084
1762702133,0000004000000008,3909833059563,1300,1085
1762702136,0000008000000008,3909864971599,4585,1086
1762702141,0000008000000001,3909907222583,2034,1087
1762702148,0000000100000006,3909978427318,2938,1088
1762702160,0000000100000080,3910100626197,791,1089
1762702185,000000800000000a,3910345793221,1623,1090
1762702201,0000008000000003,3910509757905,2146,1091
1762702223,0000000100000001,3910727715955,4626,1092
1762702232,0000008000000004,3910817942018,4393,1093
1762702266,0000000100000001,3911158543762,4678,1094
1762702273,0000000800000002,3911231361526,297,1095
1762702336,0000008000000080,3911858014764,4155,1096
1762702349,0000000900000001,3911986927209,1586,1097
1762702360,0000008000000004,3912099005788,5231,1098
1762702363,0000000100000001,3912132493359,3213,1099
1762702381,0000000100000001,3912315017068,2619,1100
1762702404,0000008000000002,3912539988905,4682,1101
1762702409,0000000800000001,3912594317084,1405,1102
1762702418,0000004000000008,3912684391535,1180,1103
1762702432,0000000100000080,3912819687294,3431,1104
1762702462,0000000400000002,3913124330571,691,1105
1762702467,0000000100000008,3913167917817,3257,1106
1762702476,0000000100000001,3913257019179,3088,1107
1762702485,0000000400000002,3913351434493,2600,1108
1762702485,0000000200000002,3913352256640,2545,1109
1762702487,0000008000000001,3913366360840,1711,1110
1762702499,0000000100000001,3913487950962,4789,1111
1762702499,0000000400000001,3913493527683,4458,1112
1762702500,0000004000000080,3913502574763,3911,1113
1762702518,0000008000000008,3913677591812,3769,1114
1762702519,0000000800000080,3913694846650,2718,1115
1762702524,0000000100000001,3913740662671,5164,1116
1762702524,0000000400000004,3913744903874,4914,1117
1762702528,0000000100000003,3913776000224,3032,1118
1762702529,0000008000000080,3913790119532,2188,1119
1762702530,0000000100000001,3913798447324,1689,1120
1762702543,0000000400000001,3913928157961,4283,1121
1762702557,0000000400000080,3914071676084,834,1122
1762702578,0000000200000004,3914279928586,3895,1123
1762702607,0000008000000004,3914565850542,2269,1124
1762702610,0000000100000008,3914604534815,5138,1125
1762702615,0000008000000080,3914646023385,2635,1126
1762702618,0000008000000080,3914679167769,652,1127
1762702619,0000004000000080,3914689484194,5221,1128
1762702623,0000000400000004,3914731175403,2705,1129
1762702647,0000000100000001,3914967068271,4114,1130
1762702664,0000000400000004,3915139598268,4123,1131
1762702672,0000004000000004,3915218065690,4597,1132
1762702688,0000004800000080,3915381452348,5148,1133
1762702692,0000000100000003,3915415852319,3074,1134
1762702694,000000010000000c,3915435850003,1878,1135
1762702701,0000008000000004,3915505834159,2855,1136
1762702707,0000000100000001,3915571085344,4137,1137
1762702722,0000008000000080,3915718638036,453,1138
1762702723,0000008000000008,3915724996050,5258,1139
1762702738,0000000100000080,3915882243303,992,1140
1762702739,0000008000000008,3915893460694,325,1141
1762702752,0000000200000001,3916017800321,3223,1142
1762702753,0000000200000004,3916031001589,2427,1143
1762702758,0000000400000002,3916083204678,4495,1144
1762702764,0000004000000008,3916144627516,792,1145
1762702779,0000008000000080,3916285644349,2689,1146
1762702789,0000004000000001,3916385780528,1868,1147
1762702792,0000008000000080,3916420374249,4983,1148
1762702796,0000000100000004,3916457511816,2737,1149
1762702796,0000000800000001,3916463225058,2398,1150
1762702825,0000000100000001,3916754752562,453,1151
1762702849,0000000400000002,3916993772725,1652,1152
1762702861,0000000100000008,3917106188702,5276,1153
1762702861,0000000400000002,3917109153154,5098,1154
1762702873,0000000400000008,3917226825221,3210,1155
1762702878,0000008000000080,3917274951572,325,1156
1762702890,0000004000000080,3917401709956,3076,1157
1762702909,0000000100000001,3917590724137,2100,1158
1762702910,0000004000000004,3917597645429,1683,1159
1762702924,0000004000000004,3917739086819,3565,1160
1762702927,0000008000000080,3917767757983,1839,1161
1762702933,0000000800000080,3917831452930,3197,1162
1762702945,0000000400000001,3917945679382,1523,1163
1762702960,0000000400000001,3918096224672,2847,1164
1762702961,0000004000000080,3918105137115,2315,1165
1762702963,0000000100000004,3918132663067,667,1166
1762702972,0000000100000004,3918223419744,403,1167
1762702977,0000000400000004,3918270980875,2722,1168
1762703016,0000000100000008,3918655922646,357,1169
1762703038,0000008000000080,3918882388612,2307,1170
1762703041,0000004000000080,3918913865186,422,1171
1762703049,0000008000000002,3918992390138,887,1172
1762703085,0000000800000002,3919350056995,162,1173
1762703087,0000000100000080,3919373502483,3937,1174
1762703094,0000000200000004,3919437897393,5251,1175
1762703100,0000000800000002,3919495876866,1764,1176
1762703134,0000000400000008,3919839614579,1863,1177
1762703140,0000004000000080,3919895864260,3676,1178
1762703142,0000008000000002,3919923273564,2024,1179
1762703165,0000008000000002,3920149427561,4009,1180
1762703171,0000000100000002,3920204963656,663,1181
1762703175,0000000800000008,3920251781928,3032,1182
1762703189,0000000100000001,3920385550894,192,1183
1762703204,0000000400000080,3920542647759,1121,1184
1762703211,0000008000000080,3920613341210,2065,1185
1762703234,0000008000000008,3920837062064,4197,1186
1762703243,0000004000000001,3920929987558,3798,1187
1762703247,0000008000000002,3920966152727,1616,1188
1762703252,0000000400000008,3921020331588,3553,1189
1762703268,0000004000000080,3921184614904,4065,1190
1762703272,0000000800000008,3921217333154,2089,1191
1762703277,0000008000000004,3921268682495,4203,1192
1762703279,0000000100000004,3921291792474,2796,1193
1762703293,0000000100000001,3921428507556,4970,1194
1762703294,0000000400000008,3921444342089,4022,1195
1762703307,0000000400000001,3921568058435,1768,1196
1762703315,0000008000000082,3921648988829,2092,1197
1762703319,0000004000000080,3921691132069,4760,1198
1762703347,0000000100000080,3921970436380,3533,1199
1762703371,0000008000000008,3922205955447,4949,1200
1762703389,0000000800000002,3922385406361,4548,1201
1762703392,0000008000000002,3922421541684,2362,1202
1762703393,0000000100000004,3922430991180,1799,1203
1762703409,0000000100000001,3922586942803,2795,1204
1762703445,0000004000000080,3922949764485,1756,1205
1762703451,0000000400000080,3923011580799,3226,1206
1762703465,0000008000000080,3923152516446,5140,1207
1762703467,0000008000000002,3923171661816,3996,1208
1762703475,0000004000000008,3923250020503,4478,1209
1762703478,0000000400000008,3923279872382,2666,1210
1762703496,0000000400000002,3923457989509,2342,1211
1762703561,0000008000000008,3924110693785,4643,1212
1762703587,0000000100000001,3924374353204,4365,1213
1762703590,0000004000000004,3924402218742,2672,1214
1762703599,0000000800000080,3924485327003,2868,1215
1762703608,0000000100000001,3924575266063,2650,1216
1762703626,0000000800000001,3924762807706,1766,1217
1762703627,0000000800000080,3924765341346,1613,1218
1762703633,0000000100000003,3924831355752,2828,1219
1762703633,0000008000000080,3924833320671,2709,1220
1762703639,0000004000000008,3924887151899,4681,1221
1762703653,0000000100000002,3925028846257,1340,1222
1762703654,0000000100000001,3925044442271,412,1223
1762703657,0000008000000008,3925069371570,4107,1224
1762703684,0000004000000004,3925341309264,3322,1225
1762703690,0000000800000001,3925403896919,4759,1226
1762703702,0000000400000080,3925519841777,2965,1227
1762703717,0000008000000001,3925672241034,4201,1228
1762703729,0000004000000002,3925793184290,2110,1229
1762703745,0000000100000008,3925954292634,2800,1230
1762703747,0000008000000001,3925968098339,1977,1231
1762703762,0000000400000001,3926117299023,3389,1232
1762703762,0000000100000004,3926124426382,2953,1233
1762703770,0000000800000004,3926195143250,3907,1234
1762703771,0000000100000008,3926208920237,3066,1235
1762703786,0000008000000002,3926356444227,4595,1236
1762703786,0000008000000004,3926358646006,4463,1237
1762703786,0000004000000002,3926358698182,4459,1238
1762703788,0000000800000080,3926381275738,3087,1239
1762703801,0000000400000001,3926509789412,560,1240
1762703824,0000000200000002,3926734784244,2596,1241
1762703830,0000000400000001,3926796448480,4095,1242
1762703837,0000004000000004,3926869355593,4900,1243
1762703853,0000000100000002,3927031457465,344,1244
1762703858,0000000100000001,3927075421221,2880,1245
1762703862,0000000400000002,3927123564092,5186,1246
1762703867,0000008000000080,3927170599509,2352,1247
1762703872,0000000800000002,3927224379616,4324,1248
1762703876,0000000100000002,3927256250356,2393,1249
1762703883,0000008000000008,3927325866354,3404,1250
1762703886,0000000800000001,3927359576867,1374,1251
1762703893,0000000100000001,3927432586279,2177,1252
1762703901,0000000800000004,3927510702700,2666,1253
1762703906,0000000800000080,3927562352321,4768,1254
1762703916,0000000400000008,3927663977720,3846,1255
1762703921,0000000100000001,3927711881973,958,1256
1762703963,0000000400000080,3928133524729,1566,1257
1762703975,000000c000000080,3928252849306,4783,1258
1762703976,0000008000000001,3928262421890,4208,1259
1762703988,0000000200000008,3928382031125,2196,1260
1762703991,0000000400000080,3928409893370,527,1261
1762703997,0000000100000001,3928468799955,2171,1262
1762703999,0000008000000004,3928488119423,1010,1263
1762703999,0000000c00000003,3928493667360,679,1264
1762704018,0000000400000001,3928678153386,5163,1265
1762704026,0000000400000008,3928757023821,422,1266
1762704028,0000008000000080,3928775405755,4515,1267
1762704049,0000008000000002,3928989369508,2023,1268
1762704049,0000008000000080,3928992610624,1829,1269
1762704050,0000000800000004,3929001966538,1262,1270
1762704052,0000004000000080,3929015603753,450,1271
1762704052,0000000100000003,3929023523997,5162,1272
1762704054,0000008000000080,3929034835963,4491,1273
1762704054,0000008000000008,3929036858148,4369,1274
1762704060,0000000400000080,3929101781695,459,1275
1762704065,0000000400000002,3929151497119,2651,1276
1762704109,0000000800000008,3929585326125,2524,1277
1762704117,0000000200000001,3929671978766,2505,1278
1762704123,000000c000000080,3929733683829,4001,1279
1762704158,0000008000000008,3930076012253,4185,1280
1762704165,0000000800000080,3930149804582,4937,1281
1762704203,0000000100000001,3930525837302,3083,1282
1762704204,0000000100000080,3930542820483,2067,1283
1762704237,0000000100000001,3930873481606,2945,1284
1762704248,0000000100000001,3930978498520,1829,1285
1762704255,000000c000000080,3931054004638,2473,1286
1762704272,0000008000000080,3931215133306,3171,1287
1762704279,0000004000000001,3931288342795,3972,1288
1762704283,0000008400000001,3931326036775,1700,1289
1762704308,0000008000000080,3931576076302,2237,1290
1762704310,0000004000000008,3931601861838,691,1291
1762704311,0000008000000080,3931610819802,162,1292
1762704317,0000000400000001,3931674041958,1539,1293
1762704344,0000008000000084,3931942357901,981,1294
1762704351,0000000100000002,3932013438624,1901,1295
1762704353,0000000100000002,3932032750329,739,1296
1762704401,0000008000000080,3932509245966,3235,1297
1762704403,0000008000000008,3932531803407,1882,1298
1762704412,0000000800000004,3932621574439,1676,1299
1762704415,0000000800000002,3932645574109,236,1300
1762704424,0000008000000002,3932739339177,4982,1301
1762704429,0000004000000080,3932787931740,2056,1302
1762704433,0000000100000008,3932829748795,4742,1303
1762704440,0000000100000002,3932901541783,421,1304
1762704444,0000008000000080,3932944423260,3025,1305
1762704455,0000000400000001,3933050216182,1861,1306
1762704467,0000000800000004,3933171550712,4952,1307
1762704471,0000000100000008,3933205790739,2882,1308
1762704476,0000008000000080,3933258593942,4911,1309
1762704493,0000000800000002,3933427321668,5145,1310
1762704500,0000008000000002,3933494689076,1091,1311
1762704510,0000000800000001,3933603465513,4940,1312
1762704511,0000004000000004,3933604841947,4860,1313
1762704527,0000000100000001,3933771395930,5224,1314
1762704543,0000000800000002,3933934071528,636,1315
1762704546,0000000200000001,3933958334094,4376,1316
1762704546,0000008000000080,3933963429054,4068,1317
1762704553,0000008000000080,3934030187110,5238,1318
1762704561,0000000400000002,3934107347629,601,1319
1762704563,0000000100000008,3934127164141,4607,1320
1762704570,0000004000000004,3934196654981,424,1321
1762704588,0000004000000008,3934382386048,4833,1322
1762704593,000000010000000c,3934426057603,2199,1323
1762704594,0000000100000002,3934438369106,1458,1324
1762704594,0000000100000080,3934440632627,1321,1325
1762704608,0000004000000004,3934578604486,3411,1326
1762704610,0000008800000004,3934596046967,2359,1327
1762704613,0000000400000001,3934633087443,5328,1328
1762704623,0000000100000004,3934726986724,4880,1329
1762704637,0000000100000001,3934874337092,1201,1330
1762704657,0000000100000001,3935066308055,5237,1331
1762704670,0000000100000003,3935201055153,2323,1332
1762704675,0000000100000001,3935247918117,4709,1333
1762704678,0000008000000080,3935284422413,2499,1334
1762704714,0000008000000080,3935640179182,1884,1335
1762704730,0000000100000001,3935803491038,2440,1336
1762704736,0000000800000001,3935860840594,4197,1337
1762704737,0000008000000008,3935865248627,3930,1338
1762704740,0000004000000001,3935898131040,1947,1339
1762704765,0000000200000001,3936150709638,2330,1340
1762704771,0000000100000004,3936207492833,4121,1341
1762704796,0000000800000008,3936460564857,4481,1342
1762704798,0000004000000080,3936476682392,3502,1343
1762704807,0000000100000002,3936571673946,2974,1344
1762704808,0000008000000080,3936581399968,2391,1345
1762704813,0000000400000001,3936626494176,4882,1346
1762704817,0000008000000002,3936672011700,2139,1347
1762704825,0000000800000080,3936744831893,2946,1348
1762704834,0000008000000080,3936842585405,2264,1349
1762704843,0000004000000001,3936931669063,2101,1350
1762704845,0000000400000080,3936952149906,869,1351
1762704847,0000000100000001,3936965123412,5283,1352
1762704857,0000008000000080,3937066799942,4371,1353
1762704858,0000000400000001,3937079695440,3589,1354
1762704883,0000000100000001,3937325739090,4376,1355
1762704894,000000c000000080,3937441429445,2593,1356
1762704895,0000008000000001,3937448249873,2189,1357
1762704905,0000000400000080,3937552941954,1085,1358
1762704906,0000000100000008,3937558020197,782,1359
1762704924,0000004000000001,3937737596921,373,1360
1762704933,0000000800000004,3937832244551,5062,1361
1762704934,0000000100000004,3937835045882,4897,1362
1762704956,0000004000000001,3938055650510,2012,1363
1762704957,0000000800000002,3938070859781,1094,1364
1762704975,0000004000000004,3938252247989,577,1365
1762704979,0000000400000080,3938289224415,3544,1366
1762704992,0000008000000080,3938423100259,685,1367
1762705005,0000000100000004,3938548345062,3539,1368
1762705014,0000000100000002,3938641770584,3104,1369
1762705029,0000000c00000002,3938788691343,4670,1370
1762705033,0000008000000080,3938831883893,2062,1371
1762705052,0000008000000001,3939022634895,974,1372
1762705058,0000008000000080,3939080764716,2665,1373
1762705065,0000004000000001,3939150274042,3689,1374
1762705068,0000008000000001,3939177325275,2058,1375
1762705084,0000000100000002,3939342089657,2528,1376
1762705095,0000000800000002,3939450539381,1202,1377
1762705104,0000000800000080,3939543106460,831,1378
1762705136,0000000800000004,3939863612610,2324,1379
1762705169,0000000800000080,3940185764763,3728,1380
1762705173,0000004000000001,3940230971343,1002,1381
1762705183,0000000100000004,3940331999842,5312,1382
1762705184,0000008000000080,3940343434004,4635,1383
1762705188,0000008000000080,3940383266793,2228,1384
1762705206,0000000400000001,3940555936877,2229,1385
1762705206,0000004000000001,3940557377862,2144,1386
1762705214,0000000400000001,3940639763355,2379,1387
1762705216,0000008000000001,3940663172866,973,1388
1762705216,0000004000000008,3940663507805,954,1389
1762705219,0000000400000004,3940693671736,4344,1390
1762705231,0000008000000080,3940808825345,2594,1391
1762705244,0000004800000080,3940935160312,202,1392
1762705253,0000000800000001,3941030554408,4850,1393
1762705273,0000000100000002,3941228708015,3311,1394
1762705300,0000008000000080,3941495479485,2840,1395
1762705302,0000008000000001,3941523851650,1139,1396
1762705304,0000000100000001,3941541630281,5266,1397
1762705304,0000008000000080,3941544206971,5111,1398
1762705319,0000004000000002,3941693188024,1340,1399
1762705322,0000000100000002,3941722595482,4775,1400
1762705323,0000004000000001,3941725094767,4626,1401
1762705332,0000008000000004,3941820620350,4073,1402
1762705335,0000004000000008,3941852776186,2129,1403
1762705357,0000008000000080,3942066684222,4850,1404
1762705357,000000c000000080,3942067741734,4788,1405
1762705360,000000c000000080,3942099921965,2837,1406
1762705368,0000008000000080,3942181616676,3120,1407
1762705372,0000004000000080,3942219138881,869,1408
1762705385,0000000100000002,3942349053403,3441,1409
1762705408,0000000800000002,3942582424039,4987,1410
1762705412,0000000400000008,3942617091411,2893,1411
1762705418,0000000400000002,3942681447363,4231,1412
1762705424,0000004000000080,3942735259234,983,1413
1762705463,0000000100000001,3943131278822,3127,1414
1762705486,0000000200000004,3943362877823,4788,1415
1762705504,0000000400000002,3943537104459,4697,1416
1762705522,0000008000000004,3943714519412,4415,1417
1762705557,0000008000000080,3944073741320,3575,1418
1762705558,0000004000000001,3944077482307,3346,1419
1762705559,0000000400000008,3944086691544,2787,1420
1762705561,0000004000000004,3944113179404,1197,1421
1762705567,0000008000000080,3944174276420,2712,1422
1762705573,0000008000000008,3944230154903,4561,1423
1762705584,0000000800000080,3944337270885,3301,1424
1762705615,0000008000000080,3944653695685,5045,1425
1762705628,0000000400000002,3944781275425,2556,1426
1762705632,000000c000000080,3944820051085,236,1427
1762705632,0000004800000001,3944823867591,5195,1428
1762705646,0000000100000009,3944954597139,2518,1429
1762705652,0000000800000002,3945019710579,3807,1430
1762705659,0000008000000080,3945091231011,4702,1431
1762705659,0000000100000008,3945091534454,4683,1432
1762705674,0000000100000080,3945237261323,1101,1433
1762705688,0000004000000002,3945379049800,2954,1434
1762705698,0000000100000001,3945482331897,1944,1435
1762705701,0000008000000080,3945511646178,186,1436
1762705733,0000008000000008,3945828678187,1886,1437
1762705754,0000004000000008,3946035392045,5034,1438
1762705754,0000000400000080,3946036096383,4992,1439
1762705762,0000000100000004,3946115069700,244,1440
1762705767,0000000400000004,3946164910333,2429,1441
1762705767,0000004000000001,3946166769241,2319,1442
1762705773,0000008000000010,3946233290082,3517,1443
1762705805,0000000400000004,3946547404996,207,1444
1762705817,0000000400000002,3946667342086,3373,1445
1762705821,000000c000000001,3946710057430,806,1446
1762705823,0000008000000080,3946728338059,4905,1447
1762705849,0000000400000001,3946993212546,4556,1448
1762705862,0000004000000002,3947119951650,2118,1449
1762705867,0000000800000080,3947172549380,4157,1450
1762705868,0000000100000008,3947174596582,4031,1451
1762705874,0000008000000080,3947234804920,408,1452
1762705879,0000008000000080,3947286085283,2505,1453
1762705887,0000000800000001,3947371700636,2548,1454
1762705889,0000004000000001,3947390859939,1401,1455
1762705894,0000000400000002,3947439849185,3654,1456
1762705894,0000004000000004,3947442279082,3506,1457
1762705896,0000000a00000002,3947454293960,2774,1458
1762705905,0000004000000002,3947546942454,2398,1459
1762705906,0000000400000001,3947555833566,1869,1460
1762705910,0000000400000001,3947597201196,4582,1461
1762705912,0000008000000080,3947616213954,3430,1462
1762705930,0000004000000080,3947796292062,2978,1463
1762705958,0000008000000002,3948082448747,1352,1464
1762705961,0000008000000080,3948112320212,4757,1465
1762705965,0000000400000080,3948147827047,2607,1466
1762705972,0000008000000004,3948217472064,3622,1467
1762705973,0000000800000004,3948225747460,3115,1468
1762705992,0000000800000002,3948415574674,2089,1469
1762705996,0000000100000001,3948455843362,4866,1470
1762705996,0000000100000004,3948457428631,4771,1471
1762706001,0000008000000002,3948505608090,1870,1472
1762706001,0000008000000080,3948510356168,1582,1473
1762706004,0000000400000008,3948537996891,5113,1474
1762706004,0000008000000080,3948539659227,5014,1475
1762706005,0000000800000001,3948547399814,4556,1476
1762706026,0000008000000001,3948762505155,1998,1477
1762706035,0000008000000080,3948850013456,1928,1478
1762706037,0000000100000004,3948872241688,593,1479
1762706045,0000000800000080,3948948390334,1200,1480
1762706082,0000000400000001,3949314486534,5151,1481
1762706100,0000000400000004,3949496975090,4569,1482
1762706120,0000004000000080,3949702933511,2551,1483
1762706121,0000008000000080,3949707764336,2265,1484
1762706134,0000000800000004,3949841607347,4615,1485
1762706143,0000000100000002,3949928042285,4609,1486
1762706168,0000008000000080,3950177864269,5153,1487
1762706222,0000008000000004,3950718093973,3825,1488
1762706246,0000008000000008,3950959036297,4911,1489
1762706258,0000000500000001,3951081046411,2755,1490
1762706265,0000004000000080,3951148087899,3930,1491
1762706268,0000004000000008,3951174904549,2308,1492
1762706269,0000000400000080,3951191732156,1296,1493
1762706271,0000000100000008,3951206330545,425,1494
1762706285,0000008100000002,3951351685580,2065,1495
1762706288,0000000800000001,3951383663648,5333,1496
1762706289,0000000400000002,3951388526813,5044,1497
1762706305,0000000100000001,3951554037217,286,1498
1762706316,0000000800000001,3951663053214,4118,1499
1762706319,0000000100000001,3951693493963,2276,1500
1762706336,0000000800000084,3951855615749,2907,1501
1762706337,0000008000000004,3951872630999,1892,1502
1762706343,0000000800000004,3951929980205,3638,1503
1762706344,0000000800000008,3951942756800,2859,1504
1762706351,0000000100000001,3952013912216,3786,1505
1762706362,0000000100000003,3952119998897,2585,1506
1762706362,0000000400000008,3952121971800,2467,1507
1762706363,0000000400000002,3952126531969,2198,1508
1762706372,0000000800000002,3952217850625,1901,1509
1762706372,0000000400000003,3952223979148,1530,1510
1762706374,0000000100000008,3952239966681,573,1511
1762706389,0000008000000002,3952392067276,1809,1512
1762706400,0000004000000001,3952494554620,838,1513
1762706411,0000000200000002,3952610449850,4262,1514
1762706440,0000000100000001,3952900167753,2402,1515
1762706441,0000008000000001,3952907801065,1950,1516
1762706475,0000004000000080,3953249342675,2176,1517
1762706482,0000000400000001,3953322898996,2941,1518
1762706508,000000c000000008,3953582822769,2887,1519
1762706508,0000000100000002,3953583076546,2872,1520
1762706519,0000000100000002,3953691102417,1573,1521
1762706522,0000000100000001,3953720836148,4982,1522
1762706536,0000000400000001,3953859033507,1862,1523
1762706545,0000000800000080,3953953547295,1367,1524
1762706546,0000000100000080,3953958203632,1087,1525
1762706546,0000004000000002,3953959875366,987,1526
1762706558,0000000100000008,3954081712406,4055,1527
1762706564,0000000100000008,3954139654887,567,1528
1762706573,0000000100000001,3954233717343,5290,1529
1762706580,0000004000000001,3954295682288,1563,1530
1762706584,0000004000000001,3954341177586,4029,1531
1762706593,0000000400000008,3954429696364,3897,1532
1762706606,0000000400000002,3954563210867,1051,1533
1762706607,0000008000000080,3954563706084,1021,1534
1762706619,0000000100000080,3954690256425,3805,1535
1762706657,0000004000000001,3955073696143,1508,1536
1762706664,0000000800000008,3955143486224,2498,1537
1762706675,0000000100000080,3955248782974,1362,1538
1762706678,0000000100000001,3955276720713,4882,1539
1762706688,0000008000000001,3955382913552,3688,1540
1762706695,0000000400000004,3955444262410,5187,1541
1762706699,0000000100000001,3955487619416,2573,1542
1762706706,0000000100000001,3955554567709,3752,1543
1762706716,0000000400000008,3955655437407,2864,1544
1762706721,0000004000000008,3955711354686,4710,1545
1762706721,0000000100000001,3955713642279,4573,1546
1762706731,0000008000000001,3955810194161,3958,1547
1762706736,0000000400000002,3955857173682,1123,1548
1762706739,0000000800000001,3955884427849,4687,1549
1762706752,0000000100000001,3956020423072,1693,1550
1762706769,0000004000000004,3956191728533,1776,1551
1762706784,0000008400000080,3956338672813,3322,1552
1762706796,0000000100000001,3956456078011,1454,1553
1762706804,0000000400000008,3956540472614,1573,1554
1762706807,0000008000000080,3956566045424,5228,1555
1762706807,000000c000000080,3956572592684,4839,1556
1762706822,0000008000000004,3956719698545,1177,1557
1762706825,0000004000000080,3956746671888,4758,1558
1762706840,0000008000000002,3956894348406,1061,1559
1762706849,0000000100000080,3956987640435,648,1560
1762706851,0000000100000003,3957010907480,4448,1561
1762706864,0000008000000008,3957135574704,2131,1562
1762706876,0000000400000004,3957259245260,5081,1563
1762706878,0000008000000008,3957274669749,4161,1564
1762706882,0000000100000001,3957318675503,1505,1565
1762706897,0000004000000080,3957468978118,2845,1566
1762706903,0000000100000001,3957526290391,4608,1567
1762706903,0000000800000001,3957532426091,4239,1568
1762706914,0000000800000080,3957634579771,3277,1569
1762706932,0000008000000001,3957814928097,2809,1570
1762706933,0000000400000002,3957826749858,2107,1571
1762706937,0000004000000008,3957867885443,4831,1572
1762706939,0000000100000080,3957885358226,3780,1573
1762706961,0000000100000002,3958107126833,824,1574
1762706973,0000000c00000080,3958233751394,3597,1575
1762706983,0000000100000080,3958330656028,2951,1576
1762706984,0000008000000080,3958334094714,2743,1577
1762706994,0000004000000008,3958434971975,1879,1578
1762707001,0000004400000001,3958512594069,2397,1579
1762707015,0000008000000080,3958649062897,4590,1580
1762707039,0000000100000002,3958891894063,367,1581
1762707042,0000000400000080,3958916245011,4098,1582
1762707048,0000008000000080,3958979691244,279,1583
1762707054,0000000400000002,3959040681368,1800,1584
1762707071,0000000100000001,3959211814288,1894,1585
1762707074,0000000100000004,3959239957289,206,1586
1762707078,0000008000000008,3959277651223,3121,1587
1762707079,0000000100000001,3959285138485,2667,1588
1762707080,0000008000000080,3959294458860,2114,1589
1762707092,0000000400000001,3959414917874,5256,1590
1762707101,0000000400000001,3959505140592,5025,1591
1762707114,0000000100000001,3959636381592,2318,1592
1762707122,0000008000000004,3959719499913,2509,1593
1762707135,0000000100000001,3959847288307,5218,1594
1762707147,0000004000000001,3959969236804,3070,1595
1762707155,0000000400000002,3960046922451,3599,1596
1762707157,0000000400000080,3960071431037,2122,1597
1762707179,0000008000000080,3960293340311,4364,1598
1762707188,0000008000000008,3960382369735,4203,1599
1762707192,0000008000000080,3960418880230,1997,1600
1762707201,0000008000000002,3960509849187,1720,1601
1762707210,0000000800000008,3960602999223,1307,1602
1762707224,0000008000000004,3960736500518,3670,1603
1762707228,0000000400000080,3960782224667,916,1604
1762707252,0000000400000080,3961013976875,2551,1605
1762707260,0000004000000004,3961103137862,2384,1606
1762707261,0000008000000008,3961113493301,1766,1607
1762707266,0000004000000004,3961157022880,4350,1608
1762707270,0000000400000001,3961195843042,2005,1609
1762707271,0000000100000080,3961211255252,1076,1610
1762707273,0000000100000002,3961233622578,4931,1611
1762707274,0000008000000080,3961237726522,4681,1612
1762707280,0000000400000080,3961303231933,741,1613
1762707281,0000000100000001,3961305106145,631,1614
1762707299,0000000400000008,3961490124193,5079,1615
1762707305,0000004000000001,3961544616530,1801,1616
1762707334,0000008000000080,3961842484921,4667,1617
1762707337,0000000800000002,3961869728556,3013,1618
1762707340,0000000400000008,3961903723852,973,1619
1762707342,0000008000000001,3961914203035,350,1620
1762707353,0000008000000001,3962024007383,4135,1621
1762707369,0000000800000001,3962193028634,4356,1622
1762707378,0000008000000008,3962274811581,4630,1623
1762707380,0000008000000001,3962299099002,3157,1624
1762707382,0000000400000002,3962323740908,1680,1625
1762707386,0000000200000002,3962355453480,4967,1626
1762707403,0000000800000002,3962530601984,4822,1627
1762707425,0000004000000008,3962744344026,2343,1628
1762707428,0000004000000080,3962782774412,5229,1629
1762707460,0000000100000080,3963099588751,1755,1630
1762707473,0000000100000002,3963227514685,4455,1631
1762707484,0000000400000004,3963335665439,3130,1632
1762707491,0000008000000002,3963407150669,4035,1633
1762707502,0000000400000004,3963514664246,2747,1634
1762707528,0000000400000004,3963779177092,2419,1635
1762707567,0000000400000001,3964166398169,5102,1636
1762707570,0000008000000001,3964195024451,3379,1637
1762707570,0000000100000002,3964197857886,3206,1638
1762707573,0000004000000080,3964225884782,1523,1639
1762707578,0000000100000004,3964277745518,3600,1640
1762707588,0000000100000001,3964380087207,2627,1641
1762707593,0000008000000080,3964424634469,5150,1642
1762707605,0000004000000008,3964551648711,2694,1643
1762707611,0000000400000008,3964605908581,4640,1644
1762707612,0000008000000001,3964623527445,3575,1645
1762707613,0000000100000001,3964630160603,3169,1646
1762707614,0000008000000002,3964638965427,2635,1647
1762707614,0000000200000002,3964641446200,2489,1648
1762707614,0000000100000080,3964642715193,2413,1649
1762707619,000000c000000080,3964684490029,5100,1650
1762707619,0000008000000004,3964685203165,5058,1651
1762707636,0000000400000002,3964858097522,5045,1652
1762707643,0000000800000008,3964925802154,971,1653
1762707648,0000000400000080,3964981392996,2813,1654
1762707653,0000008000000080,3965024735372,220,1655
1762707659,0000004000000008,3965090984471,1421,1656
1762707660,0000004000000001,3965100765342,836,1657
1762707663,0000000400000004,3965129177076,4329,1658
1762707669,0000000800000004,3965192686799,503,1659
1762707670,0000008000000080,3965194266164,410,1660
1762707672,0000008000000080,3965216629349,4262,1661
1762707676,0000000400000004,3965260657006,1604,1662
1762707679,0000008000000080,3965284301735,189,1663
1762707681,0000000400000002,3965304092286,4195,1664
1762707688,0000000400000001,3965378569674,4903,1665
1762707698,0000008000000001,3965481820621,3890,1666
1762707721,0000000100000008,3965711392305,465,1667
1762707737,0000008000000008,3965868448613,1399,1668
1762707738,0000000800000080,3965876114565,939,1669
1762707752,0000000400000002,3966016681417,2865,1670
1762707758,0000000800000084,3966081095681,4200,1671
1762707762,0000000100000004,3966117601505,1995,1672
1762707769,0000000800000008,3966188372129,2924,1673
1762707772,0000000800000002,3966222128988,901,1674
1762707774,0000008000000080,3966241698311,4921,1675
1762707777,0000000400000001,3966268318397,3314,1676
1762707781,0000000400000002,3966311124122,744,1677
1762707798,0000008000000080,3966481031563,909,1678
1762707804,0000000400000002,3966539909236,2555,1679
1762707808,0000008000000001,3966579484285,187,1680
1762707809,0000000800000080,3966590935041,4693,1681
1762707826,0000004000000080,3966756637347,5106,1682
1762707840,0000008000000008,3966900658043,1635,1683
1762707845,0000008000000008,3966952713001,3703,1684
1762707851,0000000100000001,3967012710823,5282,1685
1762707855,0000008000000001,3967051763496,2927,1686
1762707860,0000000100000004,3967096274331,263,1687
1762707867,0000004d00000005,3967165748466,1269,1688
1762707870,0000000800000001,3967195374199,4691,1689
1762707872,0000004000000080,3967214677404,3524,1690
1762707878,0000000100000001,3967275407769,5064,1691
1762707921,0000000400000080,3967709221181,4940,1692
1762707952,0000000800000004,3968018960433,1889,1693
1762707972,0000000100000080,3968217969362,310,1694
1762707973,0000008000000080,3968227806628,4910,1695
1762707974,0000000800000004,3968239796872,4193,1696
1762707983,0000000100000001,3968324898599,4269,1697
1762707988,0000008000000080,3968378259576,1048,1698
1762707996,0000000100000002,3968454261881,1671,1699
1762708006,0000000100000080,3968559244111,555,1700
1762708013,0000008000000008,3968631708831,1383,1701
1762708019,0000004000000080,3968686763556,3265,1702
1762708021,0000004000000002,3968706307355,2091,1703
1762708028,0000000300000001,3968780780670,2798,1704
1762708035,0000000800000002,3968846911814,4028,1705
1762708040,0000000400000008,3968903490326,621,1706
1762708046,0000000400000001,3968959814021,2419,1707
1762708055,0000000100000001,3969053473452,1985,1708
1762708070,0000008000000080,3969201060016,3494,1709
1762708072,0000000400000001,3969216924040,2532,1710
1762708072,0000000100000001,3969219212282,2396,1711
1762708079,0000004000000080,3969288220968,3444,1712
1762708088,000000c000000080,3969376527177,3324,1713
1762708095,0000004000000004,3969449268365,4152,1714
1762708109,0000008000000004,3969584668629,1191,1715
1762708134,0000000800000080,3969839537188,1442,1716
1762708136,0000000500000003,3969855560041,486,1717
1762708151,0000004000000080,3970009662166,1599,1718
1762708155,0000004000000008,3970046297334,4597,1719
1762708163,0000000800000001,3970130228070,4740,1720
1762708170,0000000800000001,3970199871747,549,1721
1762708172,0000000800000002,3970218422259,4630,1722
1762708179,0000004000000080,3970289933532,326,1723
1762708193,0000000400000080,3970428724839,2355,1724
1762708203,0000000100000001,3970525666821,1723,1725
1762708203,0000004000000002,3970529959593,1462,1726
1762708226,0000000800000008,3970759560409,3231,1727
1762708228,0000000400000080,3970783133013,1818,1728
1762708231,0000000400000004,3970810037988,205,1729
1762708236,0000000200000001,3970855862429,2627,1730
1762708239,0000000800000080,3970883988413,941,1731
1762708242,0000008000000080,3970921312039,3898,1732
1762708245,0000000800000002,3970953430356,1961,1733
1762708264,0000000800000001,3971137174977,1292,1734
1762708274,0000008000000004,3971233657024,687,1735
1762708287,0000000400000080,3971368815040,2936,1736
1762708291,0000000400000008,3971411347605,389,1737
1762708298,0000000200000002,3971474556798,1776,1738
1762708311,0000008800000004,3971613416000,3816,1739
1762708315,0000008000000004,3971644274157,1955,1740
1762708327,0000000100000003,3971767604102,4926,1741
1762708339,0000000800000080,3971884368376,3088,1742
1762708356,0000000400000080,3972059982938,2909,1743
1762708371,0000008000000080,3972209952548,4293,1744
1762708381,0000004000000008,3972304514669,3795,1745
1762708382,0000000800000001,3972322798914,2681,1746
1762708391,0000000800000080,3972404662246,2952,1747
1762708391,0000000100000008,3972405406285,2908,1748
1762708391,0000000100000001,3972408745858,2706,1749
1762708409,0000004000000001,3972588822688,2266,1750
1762708414,0000008000000080,3972641140134,4325,1751
1762708427,0000000100000001,3972770514200,1728,1752
1762708465,0000000100000001,3973149828714,4884,1753
1762708473,0000008000000080,3973233384769,5049,1754
1762708486,0000008000000080,3973361956613,2500,1755
1762708487,0000000100000080,3973371330362,1945,1756
1762708491,0000000100000001,3973406776111,5007,1757
1762708526,0000000800000004,3973754388996,4874,1758
1762708529,000000c000000080,3973784349088,3062,1759
1762708540,0000008000000002,3973893636815,1689,1760
1762708546,0000000100000005,3973955216808,3172,1761
1762708549,0000004000000080,3973988260433,1187,1762
1762708574,0000008800000002,3974237511889,1780,1763
1762708583,0000004000000004,3974327675616,1548,1764
1762708596,0000008000000008,3974455560483,4253,1765
1762708601,0000004000000080,3974510988671,909,1766
1762708605,0000000100000002,3974543579556,4152,1767
1762708611,0000000100000001,3974612334377,5200,1768
1762708615,0000004000000080,3974651761577,2821,1769
1762708622,0000004000000002,3974719996509,3925,1770
1762708655,0000008800000004,3975052142827,4721,1771
1762708660,0000000100000001,3975095271538,2119,1772
1762708665,0000008000000080,3975152854569,3856,1773
1762708669,0000000800000002,3975185992810,1857,1774
1762708674,0000008000000002,3975240586895,3772,1775
1762708684,0000000400000008,3975342553370,2819,1776
1762708685,0000008000000080,3975349360348,2412,1777
1762708687,0000004000000008,3975366868187,1362,1778
1762708692,0000008000000002,3975413662128,3749,1779
1762708698,000000040000000a,3975473608336,5329,1780
1762708749,0000000100000002,3975987595423,388,1781
1762708760,000000c000000080,3976094047208,4376,1782
1762708771,0000000100000001,3976210776484,2532,1783
1762708777,0000008000000080,3976263610113,4563,1784
1762708793,0000008000000080,3976427651586,5075,1785
1762708805,0000008000000080,3976551723601,2796,1786
1762708824,0000008000000080,3976735421602,2142,1787
1762708832,0000000100000001,3976823056777,2066,1788
1762708836,0000008000000080,3976861062291,4976,1789
1762708837,0000000800000002,3976872715225,4282,1790
1762708839,0000000400000008,3976886636412,3435,1791
1762708841,0000000400000008,3976904722061,2343,1792
1762708856,0000008000000001,3977059748836,3408,1793
1762708900,0000000100000001,3977498784101,2960,1794
1762708908,000000c000000080,3977582464872,3122,1795
1762708914,0000008000000001,3977639248525,4911,1796
1762708927,0000008000000008,3977769393200,2270,1797
1762708928,0000004000000004,3977774902860,1942,1798
1762708932,0000000800000080,3977817800448,4563,1799
1762708936,0000000400000002,3977853728143,2387,1800
1762708937,0000000400000080,3977867055366,1591,1801
1762708940,0000000100000001,3977899153933,4859,1802
1762708943,0000004000000001,3977930381081,2970,1803
1762708973,0000008000000002,3978229380744,576,1804
1762708977,0000008000000002,3978269193078,3369,1805
1762708999,0000008000000010,3978490761877,435,1806
1762709003,0000008000000080,3978528994113,3322,1807
1762709022,0000000400000001,3978722168857,2091,1808
1762709036,0000004000000008,3978860064008,4194,1809
1762709050,0000008000000080,3978997131990,1131,1810
1762709057,0000004000000002,3979063700523,2319,1811
1762709061,0000000100000001,3979105367059,5013,1812
1762709069,0000004400000001,3979187300356,5275,1813
1762709079,0000000100000001,3979292227779,4166,1814
1762709112,0000008000000080,3979622954796,5040,1815
1762709121,0000004000000008,3979713309306,4805,1816
1762709138,0000000400000008,3979881752195,5054,1817
1762709150,0000000100000001,3980002620529,2969,1818
1762709153,0000004000000004,3980026269124,1553,1819
1762709157,0000004000000004,3980065642389,4388,1820
1762709160,0000000400000004,3980101095102,2244,1821
1762709186,0000000400000002,3980356694068,2447,1822
1762709195,0000000400000080,3980444981186,2332,1823
1762709196,0000000800000001,3980462388169,1287,1824
1762709203,0000008000000080,3980528440323,2503,1825
1762709209,0000000100000040,3980583757545,4386,1826
1762709214,0000000100000080,3980639114457,1044,1827
1762709222,0000008800000004,3980717532588,1521,1828
1762709226,0000004000000001,3980761190211,4098,1829
1762709243,0000000100000001,3980927837857,4462,1830
1762709252,0000000100000080,3981023075892,3926,1831
1762709269,0000000400000009,3981191102539,4208,1832
1762709274,0000000100000001,3981243332200,1057,1833
1762709277,000000800000000c,3981268679662,4733,1834
1762709290,0000000400000002,3981401622300,1925,1835
1762709317,0000004000000001,3981669389850,1396,1836
1762709327,0000008000000001,3981768805149,615,1837
1762709335,0000008000000001,3981846905950,1105,1838
1762709339,0000000100000001,3981891945476,3595,1839
1762709358,0000000400000004,3982079829842,2670,1840
1762709378,0000004000000002,3982280774998,977,1841
1762709393,0000000800000008,3982431357647,2305,1842
1762709402,0000000100000002,3982516083884,2400,1843
1762709419,0000000400000001,3982688899128,2392,1844
1762709429,0000008000000080,3982789725547,1525,1845
1762709441,0000004800000080,3982903921200,5045,1846
1762709457,0000000800000001,3983069250233,300,1847
1762709480,0000000100000001,3983299753081,2010,1848
1762709486,0000008000000001,3983355529300,3854,1849
1762709492,0000000800000001,3983420064246,5161,1850
1762709529,0000004000000002,3983789641706,3710,1851
1762709536,0000000100000001,3983854040256,5026,1852
1762709537,0000008000000004,3983872958337,3893,1853
1762709541,0000008000000080,3983907788010,1792,1854
1762709549,0000000100000080,3983990807992,1992,1855
1762709550,0000008000000080,3983996886101,1625,1856
1762709551,0000004000000080,3984012382523,696,1857
1762709555,0000008000000001,3984049366923,3666,1858
1762709566,0000000800000001,3984157837639,2328,1859
1762709570,0000008000000080,3984194589540,5313,1860
1762709608,0000000100000008,3984573806627,3277,1861
1762709608,000000c000000080,3984577996231,3021,1862
1762709611,0000000100000002,3984608188702,1209,1863
1762709613,0000000400000080,3984627927605,5216,1864
1762709619,000000040000000c,3984691274062,1405,1865
1762709622,0000000800000002,3984714501647,5202,1866
1762709630,0000000100000003,3984798769134,5326,1867
1762709631,0000000800000080,3984809108808,4714,1868
1762709635,0000000400000002,3984845345020,2519,1869
1762709640,0000004000000008,3984896375540,4658,1870
1762709656,0000008000000080,3985056718457,205,1871
1762709663,0000008000000004,3985130713095,942,1872
1762709667,0000004000000080,3985172194497,3644,1873
1762709680,0000000100000080,3985302607561,988,1874
1762709681,0000008000000001,3985304904954,852,1875
1762709713,0000008000000080,3985631339868,1991,1876
1762709743,0000008000000080,3985927874210,4932,1877
1762709778,0000000800000008,3986277317841,4690,1878
1762709785,0000000400000080,3986343586989,701,1879
1762709792,0000000100000002,3986423063877,1109,1880
1762709793,0000008000000002,3986423483307,1083,1881
1762709799,0000000100000008,3986486750864,2469,1882
1762709804,0000000100000004,3986533917073,4836,1883
1762709817,0000008000000004,3986665776210,2094,1884
1762709818,0000008000000002,3986677514255,1383,1885
1762709821,0000000100000001,3986709503259,4664,1886
1762709828,0000008100000002,3986777191595,589,1887
1762709832,0000004000000080,3986822302314,3059,1888
1762709842,0000000100000001,3986917641065,2517,1889
1762709843,0000000800000004,3986926219506,2009,1890
1762709868,0000000100000001,3987178419703,2414,1891
1762709871,0000000100000002,3987207528435,671,1892
1762709873,0000004000000080,3987226445183,4732,1893
1762709875,0000000100000004,3987250512103,3273,1894
1762709883,0000000100000080,3987332727994,3526,1895
1762709885,0000000100000001,3987350817705,2431,1896
1762709889,0000000400000004,3987388190992,194,1897
1762709905,0000000400000004,3987550808942,795,1898
1762709916,0000000800000008,3987657189596,4788,1899
1762709942,0000000100000003,3987913586650,4944,1900
1762709956,0000000800000080,3988055570272,1594,1901
1762709960,0000008000000006,3988095696747,4384,1902
1762709964,0000000800000008,3988134417121,2046,1903
1762709981,0000008000000080,3988313134527,1682,1904
1762709982,0000000100000001,3988315625304,1532,1905
1762709996,0000000400000001,3988453602947,3623,1906
1762710000,0000000100000080,3988499499300,861,1907
1762710013,000000c000000080,3988633137961,3204,1908
1762710023,0000000c0000000c,3988725186378,2858,1909
1762710031,0000000100000004,3988805965264,3196,1910
1762710059,0000004000000004,3989087875630,1826,1911
1762710064,0000000400000001,3989138125802,4002,1912
1762710065,0000008000000080,3989144648805,3606,1913
1762710065,0000000100000001,3989151326878,3196,1914
1762710069,0000000100000080,3989184738692,1188,1915
1762710079,0000000100000001,3989291395575,5163,1916
1762710082,0000000800000008,3989316838533,3635,1917
1762710084,0000004000000080,3989334778375,2546,1918
1762710088,0000000800000008,3989377947575,5150,1919
1762710095,0000000800000008,3989446905542,1001,1920
1762710102,0000000800000004,3989513905040,2164,1921
1762710109,0000004000000004,3989591956670,2657,1922
1762710113,0000000800000004,3989632692829,221,1923
1762710120,0000004000000001,3989702783781,1190,1924
1762710128,0000000400000001,3989776579689,1948,1925
1762710140,0000008000000008,3989901051624,4853,1926
1762710140,0000004000000001,3989902780317,4751,1927
1762710157,0000000100000001,3990067624837,5213,1928
1762710164,0000000800000008,3990137916329,985,1929
1762710201,0000004000000080,3990511000510,4522,1930
1762710204,0000000800000004,3990537861252,2890,1931
1762710223,0000004000000002,3990725576324,1995,1932
1762710251,0000000100000001,3991007304761,631,1933
1762710252,0000000400000001,3991014693866,191,1934
1762710256,0000008000000080,3991058980256,2705,1935
1762710268,0000008000000080,3991178860634,700,1936
1762710269,0000000800000080,3991190277605,5203,1937
1762710284,0000000c00000001,3991334700252,1710,1938
1762710288,0000008000000008,3991378245156,4295,1939
1762710304,0000000100000001,3991535105270,5236,1940
1762710316,0000000400000008,3991657282948,3075,1941
1762710335,0000000400000002,3991847539021,2024,1942
1762710336,0000004400000001,3991854255109,1620,1943
1762710338,0000000100000001,3991879537725,5292,1944
1762710345,0000000400000010,3991943526754,1442,1945
1762710346,0000004000000001,3991959577578,483,1946
1762710356,0000000800000004,3992055201702,5114,1947
1762710358,0000000100000080,3992082005386,3503,1948
1762710358,0000004000000002,3992082484840,3474,1949
1762710364,0000000100000001,3992142437822,5062,1950
1762710368,0000000400000001,3992180887086,2740,1951
1762710370,0000004000000008,3992199172060,1647,1952
1762710375,0000004000000001,3992250591818,3754,1953
1762710411,0000008000000080,3992612846899,2724,1954
1762710415,0000000400000080,3992652119388,377,1955
1762710420,0000000100000004,3992694699337,2996,1956
1762710451,0000000100000004,3993003939429,5177,1957
1762710451,0000008000000002,3993008078472,4932,1958
1762710452,0000000400000008,3993016155976,4452,1959
1762710496,0000000800000001,3993454844642,4030,1960
1762710502,0000000100000001,3993520009521,5295,1961
1762710513,0000004000000001,3993628348618,3980,1962
1762710518,0000000800000088,3993675112860,1158,1963
1762710533,0000008000000080,3993828085159,2343,1964
1762710541,0000000800000008,3993912548803,2453,1965
1762710542,0000000100000001,3993913478427,2399,1966
1762710544,0000000100000080,3993933610985,1190,1967
1762710545,0000008800000080,3993952029294,5279,1968
1762710567,0000000800000008,3994166422784,2761,1969
1762710570,0000004000000080,3994200444067,726,1970
1762710602,0000008000000080,3994522017288,2154,1971
1762710612,0000000800000080,3994622608682,1296,1972
1762710613,0000008000000008,3994623002172,1272,1973
1762710618,0000000800000080,3994677483284,3186,1974
1762710624,0000008000000008,3994736876985,4818,1975
1762710625,0000008000000080,3994750104055,4024,1976
1762710630,0000004000000002,3994802806584,846,1977
1762710635,0000008000000002,3994849157046,3248,1978
1762710645,0000008000000080,3994945716114,2630,1979
1762710649,0000004800000008,3994986418579,196,1980
1762710688,0000008000000080,3995381985406,2359,1981
1762710716,0000008000000080,3995655131239,1514,1982
1762710740,0000000100000008,3995893792422,2732,1983
1762710748,0000008000000080,3995980493407,2710,1984
1762710749,0000000100000001,3995986972828,2325,1985
1762710750,0000000400000001,3995993971609,1909,1986
1762710759,0000000100000080,3996091153797,1253,1987
1762710770,0000008000000008,3996198490727,5187,1988
1762710796,0000008000000080,3996458607529,5121,1989
1762710801,0000000800000008,3996503149694,2437,1990
1762710801,0000004800000080,3996507938350,2153,1991
1762710804,0000008000000004,3996534178124,581,1992
1762710833,0000000100000001,3996829773779,3572,1993
1762710854,0000008000000080,3997042103398,1183,1994
1762710862,0000008000000002,3997113088345,2108,1995
1762710869,0000000800000080,3997185536669,2938,1996
1762710869,0000000800000002,3997186801887,2861,1997
1762710869,0000000400000004,3997190467147,2641,1998
1762710870,0000000800000001,3997198667871,2154,1999
1762710880,0000000100000001,3997298192838,1361,2000
1762710883,0000000100000001,3997329598587,4675,2001
1762710886,0000004000000001,3997362125439,2702,2002
1762710904,0000004000000080,3997534508028,2720,2003
1762710916,0000004000000004,3997655467775,649,2004
1762710919,0000004000000001,3997686680503,3970,2005
1762710923,0000004000000004,3997724124042,1711,2006
1762710931,0000008000000001,3997805123573,2033,2007
1762710946,0000000100000004,3997960547799,3065,2008
1762710953,0000008000000008,3998025813102,4347,2009
1762710957,0000008000000080,3998070529749,1648,2010
1762710957,0000000400000004,3998070583093,1645,2011
1762710963,0000008000000080,3998132092865,3134,2012
1762710982,0000008000000008,3998320945345,2166,2013
1762710991,0000000100000001,3998406325600,2223,2014
1762710993,0000004000000001,3998429669027,821,2015
1762710996,0000000800000080,3998459644346,4220,2016
1762710997,0000000800000002,3998464668524,3916,2017
1762711028,0000000800000088,3998779140495,578,2018
1762711059,0000000400000008,3999083468967,3037,2019
1762711059,0000000400000008,3999092970094,2466,2020
1762711062,0000008000000008,3999120606368,810,2021
1762711064,0000000100000080,3999137822601,4970,2022
1762711065,0000000400000001,3999146346141,4464,2023
1762711074,0000008000000008,3999233341318,4424,2024
1762711075,0000008000000008,3999250725970,3368,2025
1762711079,0000000100000001,3999292586325,853,2026
1762711084,0000008000000001,3999338735208,3266,2027
1762711107,0000000800000002,3999572148581,4817,2028
1762711111,000000c000000080,3999606762261,2720,2029
1762711112,0000000800000002,3999617991438,2053,2030
1762711115,0000000400000080,3999643284824,536,2031
1762711123,0000000100000008,3999729888747,521,2032
1762711131,0000000100000001,3999804688994,1207,2033
1762711138,0000008000000080,3999877232407,2042,2034
1762711146,0000000800000004,3999953560323,2636,2035
1762711165,0000000100000001,4000143970922,1576,2036
1762711167,0000000100000001,4000168148605,5314,2037
1762711180,0000000400000002,4000302937603,2398,2038
1762711182,0000000400000001,4000313109997,1791,2039
1762711184,0000000100000002,4000339905091,184,2040
1762711188,0000004000000001,4000377256990,3121,2041
1762711223,0000000800000008,4000726356548,2894,2042
1762711230,0000000800000001,4000793924648,4037,2043
1762711233,0000008000000001,4000831829223,1752,2044
1762711256,0000000800000080,4001055159512,3904,2045
1762711266,0000000400000001,4001157770927,2912,2046
1762711281,0000004400000001,4001306090924,4394,2047
1762711292,0000000100000001,4001422683459,2559,0
1762711319,0000008000000002,4001690888063,4024,1
1762711361,0000000800000002,4002107112689,2938,2
1762711368,0000000600000080,4002175979949,4004,3
1762711373,0000000800000004,4002230096728,744,4
1762711378,0000008000000001,4002279044269,2985,5
1762711383,000000c000000080,4002331907555,5007,6
1762711406,0000008000000002,4002556623416,1877,7
1762711410,0000000100000004,4002595816732,4719,8
1762711414,0000000400000004,4002639813248,2064,9
1762711421,0000000100000001,4002706006820,3274,10
1762711426,0000000400000001,4002754158583,388,11
1762711427,0000000100000001,4002770987768,4571,12
1762711431,0000004000000004,4002806312227,2431,13
1762711432,0000000100000008,4002815141607,1909,14
1762711433,0000008000000004,4002826969079,1192,15
1762711455,0000008000000004,4003043727732,3742,16
1762711462,0000000100000008,4003115521071,4621,17
1762711465,0000000100000001,4003143604108,2917,18
1762711467,0000008000000004,4003168669571,1415,19
1762711469,0000008000000008,4003189529088,168,20
1762711471,0000008800000004,4003205163712,4423,21
1762711481,0000000400000004,4003302962350,3731,22
1762711488,0000000800000080,4003382698237,4132,23
1762711500,0000000400000001,4003501469472,2171,24
1762711505,0000004000000001,4003547549094,4605,25
1762711510,0000000200000001,4003593230548,1848,26
1762711517,0000000100000008,4003664692573,2733,27
1762711534,0000004000000008,4003840789854,2529,28
1762711556,0000004000000002,4004057173198,5102,29
1762711600,0000000800000002,4004496538596,4650,30
1762711605,0000000100000001,4004549583261,1452,31
1762711623,0000000100000002,4004728967789,1047,32
1762711649,0000000100000001,4004986598572,1130,33
1762711657,0000008100000080,4005063567843,1696,34
1762711684,0000000100000004,4005341823017,545,35
1762711702,0000000400000020,3455760190623,455,36
1762711705,0000008000000004,4005551550371,3508,37
1762711721,0000000400000004,4005703230614,4775,38
1762711749,0000000100000008,4005986685194,3298,39
1762711749,0000000100000004,4005991897968,2980,40
1762711750,0000008000000080,4005993621763,2876,41
1762711753,0000000800000080,4006023133483,1106,42
1762711756,0000008000000008,4006061356008,4009,43
1762711765,0000008000000080,4006149090579,3926,44
1762711768,0000000100000001,4006178127240,2171,45
1762711768,0000000800000080,4006181113554,1994,46
1762711777,0000004000000001,4006271352607,1759,47
1762711784,0000000800000008,4006339760946,2829,48
1762711790,0000008000000080,4006394771248,4729,49
1762711790,0000004000000001,4006400721505,4373,50
1762711791,0000000800000004,4006406156091,4045,51
1762711793,0000008000000001,4006427780676,2729,52
1762711802,0000008000000080,4006514930664,2680,53
1762711824,0000004000000002,4006736048233,4971,54
1762711842,0000000100000001,4006920845983,4248,55
1762711862,000000c000000080,4007121618504,2543,56
1762711865,0000004000000001,4007148047159,959,57
1762711868,0000004000000002,4007180113331,4235,58
1762711875,0000000400000008,4007244047621,386,59
1762711884,0000000400000080,4007340975928,4941,60
1762711905,0000000100000001,4007548115217,2857,61
1762711922,0000008000000080,4007716621696,3112,62
1762711928,0000004000000008,4007781556061,4413,63
1762711936,0000000800000008,4007858242389,4987,64
1762711944,0000004000000004,4007939065355,5316,65
1762711946,0000004000000002,4007956919894,4252,66
1762711972,0000000100000080,4008217906281,4133,67
1762711977,0000008000000001,4008270362390,968,68
1762711983,0000000100000001,4008329047738,2627,69
1762711988,0000000800000004,4008375522549,5033,70
1762711990,0000008000000002,4008395316984,3847,71
1762711992,0000000800000001,4008422350514,2214,72
1762711999,0000000100000002,4008484594250,3669,73
1762712001,0000000100000001,4008502842899,2561,74
1762712012,0000000400000002,4008615031541,1011,75
1762712012,0000000800000004,4008618965267,778,76
1762712019,0000000100000001,4008687443082,1852,77
1762712047,0000000100000001,4008972453929,295,78
1762712052,000000c000000080,4009017429025,2769,79
1762712053,0000000800000001,4009031155498,1952,80
1762712075,0000004000000006,4009245313943,4658,81
1762712079,0000004000000080,4009283687488,2338,82
1762712079,0000004000000004,4009291884764,1849,83
1762712092,0000000800000002,4009420701376,4497,84
1762712096,0000008000000080,4009457210964,2289,85
1762712097,0000008000000080,4009465044161,1821,86
1762712097,0000008000000080,4009470937157,1464,87
1762712100,0000004000000004,4009498905796,4979,88
1762712104,0000000400000001,4009536209866,2726,89
1762712105,0000004000000002,4009547710666,2042,90
1762712114,0000000400000002,4009638455100,1778,91
1762712122,0000000100000001,4009716186653,2292,92
1762712122,0000000800000001,4009719449354,2098,93
1762712122,0000000800000001,4009719480843,2096,94
1762712133,0000000800000080,4009828766905,719,95
1762712144,0000000800000008,4009939516913,4452,96
1762712154,0000004000000004,4010037570069,3742,97
1762712159,0000000400000080,4010090679952,548,98
1762712164,0000000800000002,4010137771447,2898,99
1762712167,0000000800000001,4010163911734,1329,100
1762712174,0000008000000002,4010232912346,2371,101
1762712176,0000000400000001,4010253170950,1156,102
1762712176,0000008000000004,4010260719542,705,103
1762712182,0000000800000004,4010312792749,2756,104
1762712186,0000000400000080,4010357813781,5251,105
1762712193,0000000200000008,4010431335992,828,106
1762712195,0000000400000001,4010446001169,5139,107
1762712207,0000000100000003,4010568003507,2988,108
1762712261,0000008000000080,4011105027817,1854,109
1762712263,0000000100000001,4011122836712,783,110
1762712277,0000000800000008,4011272420185,2171,111
1762712294,0000000100000001,4011441323477,2395,112
1762712299,0000000400000080,4011485635434,4932,113
1762712321,0000008000000004,4011704344303,2158,114
1762712329,0000000100000004,4011792226866,2066,115
1762712335,0000008000000080,4011849397453,3827,116
1762712346,0000000400000001,4011961362619,2277,117
1762712359,0000004000000002,4012089522506,4962,118
1762712368,0000000100000001,4012177268313,4878,119
1762712377,0000000100000001,4012266559514,4704,120
1762712387,0000008000000004,4012369005958,3733,121
1762712400,0000004000000001,4012493346916,1442,122
1762712401,0000004000000004,4012503809598,815,123
1762712408,0000008000000080,4012578429669,1518,124
1762712416,0000008000000002,4012654675789,2125,125
1762712433,0000000800000001,4012828042288,2085,126
1762712437,0000004000000080,4012865404897,5032,127
1762712450,0000000100000003,4012998922020,2192,128
1762712450,0000000100000001,4012999966765,2130,129
1762712453,0000004000000001,4013025532289,597,130
1762712454,0000000100000001,4013038580544,5004,131
1762712455,0000008000000080,4013044100245,4678,132
1762712459,0000000800000008,4013088617555,1994,133
1762712462,0000008000000080,4013113915377,476,134
1762712476,0000000100000004,4013259681688,2089,135
1762712476,0000004000000004,4013262390562,1929,136
1762712489,0000000100000001,4013387681642,4786,137
1762712497,0000000100000001,4013465234649,5306,138
1762712514,0000000100000001,4013632999804,415,139
1762712515,0000008000000008,4013649632574,4611,140
1762712521,0000004000000008,4013703062458,1387,141
1762712524,0000008000000080,4013736482576,4580,142
1762712526,0000000100000002,4013758463039,3247,143
1762712534,0000001000000002,4013836822328,3735,144
1762712549,0000004000000001,4013990511509,4878,145
1762712551,0000008000000002,4014003630337,4092,146
1762712570,0000000100000003,4014201877161,2539,147
1762712610,0000000100000001,4014597044769,4752,148
1762712638,0000008000000004,4014872721807,3749,149
1762712645,0000000800000001,4014951372011,4208,150
1762712648,0000008000000080,4014977228332,2643,151
1762712649,0000008000000080,4014982770748,2314,152
1762712664,0000000400000008,4015140976942,3185,153
1762712705,0000000100000001,4015542678883,4998,154
1762712707,0000004000000001,4015566975350,3534,155
1762712712,0000000400000080,4015614111915,700,156
1762712730,0000004000000003,4015794950204,215,157
1762712732,0000008000000008,4015817475660,4054,158
1762712757,0000000800000001,4016064636001,4767,159
1762712765,0000000400000004,4016150054375,4821,160
1762712769,0000000800000008,4016189428850,2442,161
1762712771,0000000200000080,4016211069640,1143,162
1762712774,0000000100000002,4016239834810,4617,163
1762712782,0000000400000001,4016313650797,176,164
1762712786,0000000800000080,4016361021352,2507,165
1762712795,0000000100000002,4016448920414,2414,166
1762712800,0000000200000008,4016494548146,4874,167
1762712800,0000000400000080,4016501177276,4479,168
1762712801,0000008000000002,4016507249157,4114,169
1762712828,0000008000000008,4016779617496,3300,170
1762712835,0000000400000001,4016845377986,4550,171
1762712836,0000000100000001,4016852675290,4110,172
1762712836,0000000400000004,4016861635370,3566,173
1762712843,0000000400000008,4016929300483,4693,174
1762712850,0000008000000004,4016996113402,671,175
1762712851,0000004800000080,4017005468755,5297,176
1762712856,0000008000000080,4017057151476,2187,177
1762712861,0000000400000001,4017105295160,4496,178
1762712880,0000000100000080,4017295722909,3421,179
1762712884,0000008000000008,4017336325797,976,180
1762712890,0000000100000002,4017394117080,2687,181
1762712894,0000000100000001,4017439072691,5184,182
1762712917,0000004000000001,4017667686898,1821,183
1762712938,0000000800000001,4017874719415,4952,184
1762712941,0000000800000080,4017903625791,3205,185
1762712951,0000000100000080,4018010587002,1971,186
1762712952,0000008000000002,4018017771759,1537,187
1762712959,0000008000000080,4018084919797,2684,188
1762712976,0000000100000002,4018262097312,2417,189
1762712992,0000000800000080,4018417067631,3489,190
1762713011,0000000100000004,4018602826752,2694,191
1762713015,0000004000000080,4018650462658,5031,192
1762713017,0000004000000080,4018667860225,3992,193
1762713027,000000c000000080,4018769599671,3051,194
1762713028,0000000400000008,4018775018546,2723,195
1762713029,0000000800000001,4018784576784,2154,196
1762713038,0000000100000002,4018879508453,1640,197
1762713049,0000000100000001,4018990477843,165,198
1762713077,0000000100000080,4019271698138,4026,199
1762713083,0000000100000002,4019324750380,828,200
1762713086,0000004000000001,4019361053976,3842,201
1762713089,0000004000000002,4019385622068,2355,202
1762713137,000000c000000080,4019870795395,4346,203
1762713154,0000008000000006,4020037388781,4711,204
1762713156,0000000400000002,4020059683586,3363,205
1762713202,0000004000000008,4020513747650,2019,206
1762713221,0000004000000080,4020704704754,919,207
1762713224,0000004000000080,4020735925632,4245,208
1762713227,0000000400000080,4020769072384,2241,209
1762713240,0000000100000001,4020898051651,4875,210
1762713248,0000000100000001,4020981145455,5068,211
1762713266,0000004000000080,4021155157584,4989,212
1762713284,0000008000000002,4021332688196,4703,213
1762713295,0000000100000004,4021446040086,3065,214
1762713307,0000004100000080,4021569682696,827,215
1762713314,0000000800000002,4021637984171,1914,216
1762713325,0000008000000004,4021744683538,691,217
1762713327,0000008000000080,4021768236790,4474,218
1762713342,0000000800000002,4021914823988,841,219
1762713366,0000004000000008,4022156336848,1896,220
1762713369,0000004000000080,4022190685554,5024,221
1762713382,0000000100000001,4022312864078,2858,222
1762713397,0000008000000080,4022471234576,3732,223
1762713400,0000000100000002,4022494064820,2351,224
1762713411,0000000400000080,4022602718589,1011,225
1762713441,0000000800000001,4022909885804,3309,226
1762713442,0000000800000002,4022915782018,2950,227
1762713443,0000000100000002,4022925353552,2375,228
1762713447,0000000100000008,4022967634402,5032,229
1762713448,0000000100000001,4022979000516,4356,230
1762713474,0000008000000008,4023232544767,4684,231
1762713479,0000008000000080,4023283859775,1590,232
1762713484,0000004000000008,4023338153204,3521,233
1762713489,0000008000000008,4023388439873,498,234
1762713497,0000000400000008,4023468599561,866,235
1762713506,0000000100000080,4023560868606,517,236
1762713516,0000000400000004,4023657829212,5065,237
1762713521,0000008000000004,4023704185541,2272,238
1762713545,0000000100000008,4023949611472,3089,239
1762713558,0000004000000080,4024079847658,459,240
1762713562,0000000100000080,4024116184214,3463,241
1762713563,0000000800000004,4024125082586,2921,242
1762713569,0000004000000008,4024191579304,4130,243
1762713572,0000000400000001,4024221787397,2300,244
1762713579,0000004000000001,4024283457422,3793,245
1762713581,0000008000000080,4024304999534,2486,246
1762713584,0000000100000080,4024341102883,326,247
1762713585,0000008000000080,4024350777322,4936,248
1762713586,0000000800000008,4024355327549,4667,249
1762713602,0000000400000002,4024515427921,229,250
1762713617,0000000100000004,4024665934197,1555,251
1762713618,0000000800000004,4024681980772,596,252
1762713629,0000000800000004,4024783310227,4887,253
1762713629,0000000100000002,4024788338021,4590,254
1762713632,0000000100000002,4024812882051,3099,255
1762713634,0000008000000080,4024838468836,1564,256
1762713638,0000000400000001,4024879753421,4285,257
1762713650,0000008000000080,4024999201341,2281,258
1762713663,0000000100000080,4025123395778,5201,259
1762713684,0000000100000004,4025335914358,2797,260
1762713685,0000000100000002,4025344737146,2272,261
1762713707,0000000100000001,4025564712051,4632,262
1762713714,0000008000000080,4025639138033,162,263
1762713715,0000004000000008,4025651818473,4588,264
1762713721,0000008000000080,4025708365373,1174,265
1762713732,0000000400000001,4025818495821,4943,266
1762713737,0000000100000001,4025870770173,1796,267
1762713742,0000008000000002,4025917293040,4199,268
1762713748,0000000400000004,4025978616531,507,269
1762713748,0000008000000080,4025981830669,315,270
1762713789,0000000200000002,4026391696071,1623,271
1762713790,0000004000000008,4026394919514,1428,272
1762713794,0000008000000002,4026436755953,4115,273
1762713803,0000008000000001,4026531531461,3602,274
1762713819,0000000100000004,4026684785394,4776,275
1762713824,0000000100000080,4026739906633,1451,276
1762713831,0000000100000004,4026807878893,2551,277
1762713831,0000008000000080,4026810028510,2423,278
1762713832,0000008000000004,4026817749364,1965,279
1762713836,0000008000000080,4026856876880,4811,280
1762713844,0000000100000001,4026939407680,5033,281
1762713860,0000008000000080,4027102084184,448,282
1762713863,0000000800000002,4027125027705,4265,283
1762713867,0000000100000008,4027170586429,1514,284
1762713874,0000008000000080,4027236863264,2714,285
1762713879,0000000800000008,4027289978630,4728,286
1762713914,0000000800000002,4027636977874,4632,287
1762713938,0000000800000008,4027877812640,531,288
1762713940,0000000100000001,4027900099703,4385,289
1762713945,0000008000000080,4027947466144,1526,290
1762713953,0000004000000002,4028031331442,1677,291
1762713957,0000004000000001,4028067338634,4712,292
1762713971,0000000400000080,4028209920336,1320,293
1762713983,0000008000000080,4028330726752,4452,294
1762713990,0000000100000004,4028399407182,317,295
1762714000,0000000100000004,4028498930490,4720,296
1762714004,000000c000000080,4028537168669,2408,297
1762714022,0000000800000002,4028716356418,2021,298
1762714051,0000008000000080,4029006208879,173,299
1762714056,0000000800000002,4029055574320,2387,300
1762714060,0000000e00000089,4029095564825,5181,301
1762714064,0000000800000004,4029140094261,2495,302
1762714066,0000000100000004,4029160061546,1297,303
1762714068,0000000700000001,4029180408605,5269,304
1762714069,0000000400000001,4029187833073,4830,305
1762714074,0000000100000001,4029232342168,2144,306
1762714129,0000004000000080,4029790645395,4923,307
1762714156,0000000800000080,4030056012786,4547,308
1762714163,0000008000000080,4030131379579,5198,309
1762714172,0000000400000008,4030213868737,243,310
1762714179,0000000400000080,4030288744149,926,311
1762714210,0000008000000004,4030601592655,2875,312
1762714218,0000008000000080,4030681189064,3286,313
1762714222,0000004000000080,4030713634532,1334,314
1762714224,0000000100000002,4030736996220,5125,315
1762714259,0000008000000080,4031089727013,4691,316
1762714266,0000004000000002,4031157381273,617,317
1762714296,0000004000000001,4031452530245,3638,318
1762714298,0000000200000001,4031480122514,1976,319
1762714299,0000000800000002,4031491803272,1271,320
1762714303,0000008000000080,4031530229045,4164,321
1762714308,0000008000000002,4031573580150,1547,322
1762714313,0000000100000004,4031630917766,3290,323
1762714330,0000000400000002,4031792950607,3940,324
1762714334,000000480000000c,4031834805650,1414,325
1762714340,0000000100000080,4031898193940,2787,326
1762714366,0000004000000001,4032152610510,3067,327
1762714366,0000000400000008,4032159057937,2677,328
1762714368,0000008000000002,4032179659783,1444,329
1762714375,0000000800000002,4032243174234,2812,330
1762714382,0000008000000008,4032317447297,3549,331
1762714402,0000000100000001,4032515252025,2036,332
1762714415,0000008000000002,4032651161198,4256,333
1762714443,0000004000000080,4032931433217,2963,334
1762714444,0000000400000008,4032935040309,2745,335
1762714456,0000000400000004,4033059448633,468,336
1762714457,0000008000000080,4033071651202,4927,337
1762714458,0000008000000080,4033078048173,4548,338
1762714485,0000000800000004,4033350883871,3712,339
1762714505,0000000800000005,4033545536696,2381,340
1762714522,0000000100000001,4033719198155,2324,341
1762714523,0000000800000004,4033730271055,1662,342
1762714527,0000008000000002,4033770812322,4426,343
1762714541,0000008000000008,4033904579942,1563,344
1762714553,0000004000000002,4034031314467,4339,345
1762714561,0000000500000001,4034111124389,4729,346
1762714590,0000000400000080,4034398129654,3033,347
1762714599,0000000100000001,4034491775374,2591,348
1762714600,0000000400000001,4034501353521,2024,349
1762714603,0000000400000080,4034523920675,669,350
1762714611,0000000100000001,4034611006542,625,351
1762714630,0000000100000008,4034795123738,5128,352
1762714630,0000000100000001,4034802011389,4721,353
1762714634,0000000400000001,4034835673981,2680,354
1762714646,0000000100000002,4034957308073,571,355
1762714648,0000004000000080,4034977298494,4566,356
1762714655,0000000100000008,4035046278756,414,357
1762714670,0000000400000004,4035194794214,1862,358
1762714675,0000000800000080,4035251680451,3637,359
1762714677,0000000800000080,4035264177861,2874,360
1762714687,0000000100000001,4035369031799,1770,361
1762714690,0000000100000001,4035400684211,5060,362
1762714707,0000000100000008,4035569528942,5288,363
1762714711,0000000400000008,4035611777765,2741,364
1762714729,0000008000000002,4035787503776,2557,365
1762714738,0000008000000004,4035880819579,2145,366
1762714740,0000008000000001,4035896766104,1185,367
1762714745,0000000800000080,4035951863307,3060,368
1762714758,0000000100000003,4036079980345,559,369
1762714773,0000000400000008,4036226278021,2139,370
1762714774,0000008000000004,4036239191098,1362,371
1762714775,0000008000000011,4036248922894,781,372
1762714780,0000000100000005,4036293886945,3265,373
1762714793,0000000400000080,4036429052134,336,374
1762714797,0000000100000008,4036469253671,3101,375
1762714797,0000004000000080,4036470724867,3012,376
1762714799,0000000400000001,4036483612732,2241,377
1762714803,0000000400000008,4036522203063,5115,378
1762714805,0000004000000080,4036547829394,3577,379
1762714814,0000000100000001,4036639894193,3226,380
1762714819,0000000100000004,4036685764474,476,381
1762714823,0000004000000002,4036723350791,3403,382
1762714825,0000008000000002,4036745866313,2050,383
1762714830,0000008000000002,4036793113962,4410,384
1762714853,0000000400000080,4037027088111,717,385
1762714853,0000000900000080,4037029625777,566,386
1762714854,0000000800000004,4037036632576,5333,387
1762714864,0000004000000004,4037137566480,4465,388
1762714867,0000000100000001,4037165459412,2770,389
1762714879,0000008000000080,4037290166236,476,390
1762714888,0000008000000080,4037374903000,572,391
1762714890,0000008000000004,4037394804629,4573,392
1762714898,000000c000000080,4037478083801,4755,393
1762714939,0000004000000080,4037886872054,934,394
1762714943,0000008000000001,4037926506432,3747,395
1762714949,0000000100000080,4037986356313,162,396
1762714953,0000000400000008,4038029282078,2747,397
1762714961,0000000400000080,4038103447066,3488,398
1762714972,0000008000000080,4038216752402,1867,399
1762714980,0000008000000080,4038292993577,2467,400
1762714988,0000000100000004,4038378359067,2526,401
1762714990,0000000100000001,4038394397574,1567,402
1762715009,0000000100000008,4038584871660,503,403
1762715020,0000000400000001,4038693347384,4370,404
1762715022,0000000100000001,4038721609574,2652,405
1762715027,0000000800000008,4038764144487,5293,406
1762715027,0000000800000002,4038767254154,5108,407
1762715030,0000000100000002,4038795860966,3386,408
1762715039,0000004000000080,4038889458327,2945,409
1762715041,0000004000000008,4038908719816,1792,410
1762715061,0000008000000001,4039102050958,555,411
1762715062,0000000800000002,4039119766401,4687,412
1762715098,0000000400000001,4039477948159,3916,413
1762715105,0000000800000002,4039548107668,4888,414
1762715110,0000000400000004,4039599611808,1785,415
1762715119,0000004000000004,4039691595283,1443,416
1762715139,0000000800000004,4039885572674,170,417
1762715175,0000008000000008,4040250873865,4169,418
1762715180,0000000200000004,4040299983582,1204,419
1762715188,0000008000000080,4040378875065,1653,420
1762715192,0000008000000004,4040418005778,4503,421
1762715194,0000000400000003,4040440765393,3119,422
1762715200,0000000100000001,4040500199202,4750,423
1762715213,0000008000000080,4040626223520,2352,424
1762715225,0000008000000080,4040747062760,288,425
1762715235,0000000800000004,4040847652873,4626,426
1762715251,0000000100000001,4041003514077,441,427
1762715256,0000004000000004,4041052356208,2684,428
1762715258,0000008000000002,4041080714764,985,429
1762715267,0000000100000001,4041165025749,1107,430
1762715269,000000c000000080,4041182535053,5247,431
1762715275,0000000400000002,4041245528467,1459,432
1762715285,0000004000000008,4041351403811,292,433
1762715303,0000000800000008,4041530847905,5073,434
1762715309,0000008000000080,4041584052029,1873,435
1762715316,0000008000000080,4041659956680,2494,436
1762715320,0000000100000004,4041698574930,183,437
1762715330,0000004000000080,4041795650799,4732,438
1762715352,0000008000000008,4042020258801,1602,439
1762715382,0000008000000001,4042317316541,4519,440
1762715405,0000008100000004,4042542638449,1340,441
1762715416,0000000400000008,4042652553069,5119,442
1762715418,0000000100000080,4042672172440,3946,443
1762715421,0000000100000001,4042706384746,1881,444
1762715433,0000000800000008,4042826522205,5045,445
1762715437,0000000100000001,4042867369488,2578,446
1762715442,0000008000000080,4042913123284,5028,447
1762715451,0000000800000001,4043009485415,4434,448
1762715460,0000008000000001,4043099781995,4194,449
1762715463,0000000400000080,4043125419930,2635,450
1762715466,0000008000000080,4043159151141,619,451
1762715471,0000000100000008,4043203746746,3122,452
1762715476,0000004000000001,4043257833240,5067,453
1762715485,0000008000000080,4043347254005,4886,454
1762715489,0000000100000001,4043390254988,2291,455
1762715504,0000000400000080,4043536672010,3882,456
1762715506,0000008000000004,4043560544204,2433,457
1762715508,0000008000000002,4043573722754,1645,458
1762715527,0000000800000080,4043771206663,162,459
1762715533,0000004000000004,4043824435129,2146,460
1762715535,0000000800000002,4043843614989,991,461
1762715548,0000000100000080,4043973418859,3575,462
1762715555,0000000100000001,4044047369817,4327,463
1762715558,0000000800000002,4044075089269,2642,464
1762715581,0000004000000008,4044305350856,4391,465
1762715586,0000000100000080,4044354585366,1418,466
1762715586,0000004000000001,4044357250222,1255,467
1762715598,0000000100000001,4044477738383,4409,468
1762715624,0000008000000004,4044735031300,4514,469
1762715634,0000000100000004,4044840540761,3349,470
1762715636,0000000800000001,4044857556095,2324,471
1762715646,0000008000000080,4044956582978,1563,472
1762715655,0000000100000008,4045049481921,1168,473
1762715667,000000c000000080,4045164652679,4639,474
1762715668,0000000100000001,4045173640566,4097,475
1762715673,0000000400000004,4045227832044,830,476
1762715684,0000000800000001,4045333516767,4864,477
1762715694,0000000100000001,4045436433201,3869,478
1762715716,0000000100000080,4045656158236,1032,479
1762715720,0000000400000080,4045693819354,3969,480
1762715745,0000004000000002,4045948673315,4222,481
1762715751,0000004000000002,4046008565754,614,482
1762715753,0000004000000008,4046023582625,4906,483
1762715764,0000000400000001,4046141198159,3013,484
1762715768,0000000100000080,4046176039828,924,485
1762715795,0000000400000008,4046448592022,5304,486
1762715810,0000008000000001,4046597965491,1511,487
1762715827,0000008000000080,4046764838877,1865,488
1762715834,0000000400000008,4046839996130,2528,489
1762715857,0000004000000002,4047065728424,4548,490
1762715859,000000c000000080,4047086997729,3256,491
1762715863,0000000400000080,4047125438664,947,492
1762715867,0000008000000002,4047168964140,3524,493
1762715875,0000004800000009,4047242487795,4302,494
1762715878,0000008000000001,4047277724729,2173,495
1762715892,0000004000000080,4047413468694,4406,496
1762715912,0000004000000080,4047617733246,2491,497
1762715930,0000000100000002,4047800047486,1919,498
1762715934,0000000800000001,4047839894418,4721,499
1762715944,0000008000000001,4047939655684,3914,500
1762715967,000000c000000080,4048169921591,450,501
1762715977,0000008000000080,4048264961169,5116,502
1762715987,0000000400000001,4048369542769,4026,503
1762716001,0000008000000002,4048502549628,1209,504
1762716001,0000000100000080,4048508738278,839,505
1762716010,0000000800000080,4048598073919,662,506
1762716051,0000000400000080,4049010665327,1810,507
1762716053,0000000100000001,4049024866101,954,508
1762716053,0000000800000080,4049026767377,842,509
1762716055,0000000100000001,4049042500137,5089,510
1762716060,000000c000000002,4049097379497,1787,511
1762716072,0000000800000004,4049219619998,4827,512
1762716081,000000c000000001,4049308703119,4665,513
1762716083,0000000100000004,4049324455963,3715,514
1762716088,0000000800000080,4049374872403,679,515
1762716095,0000000100000002,4049449141711,1400,516
1762716108,0000000800000008,4049574831889,4238,517
1762716122,0000008000000080,4049714725149,1006,518
1762716141,0000004000000001,4049903481073,5235,519
1762716158,0000000100000001,4050079769666,5021,520
1762716165,0000000100000080,4050149924250,801,521
1762716178,0000000100000001,4050281082749,3295,522
1762716197,0000000400000004,4050462284957,2779,523
1762716198,0000008000000080,4050472039260,2196,524
1762716198,0000000400000001,4050479841772,1729,525
1762716211,0000000100000003,4050604316254,4637,526
1762716220,0000004000000008,4050699929530,4079,527
1762716224,0000000800000008,4050738142899,1773,528
1762716244,0000000100000004,4050939164035,5262,529
1762716248,0000000400000008,4050976764342,2994,530
1762716250,0000000400000002,4050996827030,1795,531
1762716264,0000008000000008,4051132343172,4038,532
1762716284,0000000800000004,4051333094692,2338,533
1762716295,0000008000000001,4051448563494,595,534
1762716297,0000008000000080,4051463399460,4896,535
1762716306,0000004000000002,4051560991059,4225,536
1762716309,0000000100000001,4051582048880,2940,537
1762716315,0000008000000002,4051643652012,4446,538
1762716336,0000000100000001,4051855876369,2058,539
1762716348,0000000100000001,4051972825134,448,540
1762716353,0000000100000004,4052022314117,2428,541
1762716374,0000000800000008,4052233653703,5302,542
1762716404,0000008000000080,4052537660136,2589,543
1762716409,0000000400000008,4052589021089,4709,544
1762716411,0000000100000001,4052605176179,3734,545
1762716411,0000000800000001,4052610048629,3436,546
1762716421,0000008000000080,4052708894699,2676,547
1762716434,0000008000000080,4052835621725,261,548
1762716459,0000000400000080,4053086917527,724,549
1762716467,0000000400000080,4053167532901,1063,550
1762716488,0000004000000008,4053376827097,4065,551
1762716510,0000008000000080,4053591985726,1501,552
1762716513,0000004000000004,4053629610125,4442,553
1762716522,0000000100000006,4053714343694,4539,554
1762716522,0000000100000001,4053718856826,4268,555
1762716523,0000008000000008,4053726128485,3827,556
1762716529,0000000400000008,4053786059866,222,557
1762716546,0000004000000080,4053959004722,207,558
1762716551,0000000100000001,4054010252956,2307,559
1762716552,000000010000000c,4054012226218,2191,560
1762716552,0000000100000001,4054013999875,2086,561
1762716555,0000004000000002,4054044574878,253,562
1762716562,0000000100000080,4054112438659,1357,563
1762716577,0000000100000001,4054271523483,2176,564
1762716597,0000008000000080,4054465114388,919,565
1762716604,0000000100000001,4054538044453,1728,566
1762716606,0000008000000080,4054558239176,517,567
1762716606,0000000800000002,4054561472150,325,568
1762716612,0000008000000080,4054620716533,1948,569
1762716621,0000000800000001,4054709616584,1794,570
1762716634,0000004000000001,4054836559369,4554,571
1762716643,0000000800000006,4054928311382,4228,572
1762716645,0000000100000001,4054945957280,3154,573
1762716650,0000000100000004,4054993591013,300,574
1762716656,0000008000000080,4055053381742,1891,575
1762716673,0000000400000002,4055225517812,1925,576
1762716675,000000c000000080,4055243629263,835,577
1762716690,0000000100000001,4055400047909,1814,578
1762716697,0000000500000002,4055468054678,2908,579
1762716705,0000000400000004,4055550222768,3162,580
1762716706,0000000800000004,4055555576532,2837,581
1762716721,0000008000000080,4055706862443,4139,582
1762716737,0000000100000004,4055867046168,4888,583
1762716770,0000000100000002,4056194677814,761,584
1762716773,0000008000000001,4056222607745,4282,585
1762716788,0000000400000002,4056379528908,5219,586
1762716789,0000004000000080,4056388090305,4712,587
1762716793,0000000100000001,4056422929492,2603,588
1762716805,000000c000000080,4056546000936,407,589
1762716839,0000000100000004,4056889228424,535,590
1762716842,0000000100000001,4056914686678,4201,591
1762716849,0000000800000080,4056985628083,5118,592
1762716853,0000004000000008,4057028200023,2551,593
1762716862,0000008000000004,4057112370964,2680,594
1762716862,0000000100000003,4057117644559,2366,595
1762716869,0000000400000080,4057184999660,3514,596
1762716870,0000000400000004,4057199984818,2605,597
1762716871,0000004000000004,4057201956215,2488,598
1762716874,0000000800000001,4057233467357,602,599
1762716878,0000008000000080,4057281129531,2917,600
1762716900,0000000100000002,4057495636427,415,601
1762716911,0000000400000001,4057602982324,4349,602
1762716926,0000000400000004,4057757081375,269,603
1762716937,0000000100000080,4057870492298,3835,604
1762716940,0000008000000080,4057897250887,2218,605
1762716941,0000004000000080,4057903148723,1866,606
1762716952,0000004000000080,4058021074354,5159,607
1762716956,0000004000000080,4058058449813,2903,608
1762716988,0000000400000004,4058375529979,4621,609
1762716993,0000008000000002,4058424490802,1667,610
1762717009,0000000100000001,4058582277089,2557,611
1762717012,0000004000000001,4058614954675,602,612
1762717018,0000000100000001,4058677791120,2012,613
1762717019,0000000800000080,4058687297928,1438,614
1762717036,0000000100000004,4058859531932,1466,615
1762717039,0000000800000001,4058886653215,5031,616
1762717050,0000000100000001,4058992512742,3863,617
1762717056,0000000100000001,4059053142021,216,618
1762717064,0000004000000002,4059131883707,669,619
1762717078,0000000200000004,4059278574499,2229,620
1762717087,0000008000000080,4059369399034,1961,621
1762717089,0000004800000080,4059387037041,900,622
1762717100,0000000100000007,4059493008717,4918,623
1762717108,0000008000000080,4059571910859,173,624
1762717123,0000004000000004,4059729604002,1067,625
1762717147,0000000100000003,4059965057712,2480,626
1762717155,0000008000000080,4060046753760,2759,627
1762717165,0000000100000001,4060147031142,1929,628
1762717172,0000004000000001,4060213518129,3118,629
1762717187,0000008000000002,4060366549666,4317,630
1762717191,0000000800000002,4060402328758,2152,631
1762717215,0000000800000002,4060647421273,2985,632
1762717230,0000004000000002,4060798165021,4321,633
1762717243,0000000800000002,4060921663461,2076,634
1762717247,0000004000000001,4060962736153,4807,635
1762717254,0000000100000080,4061033633722,539,636
1762717285,0000004000000080,4061348738823,2352,637
1762717303,0000008000000080,4061527702010,1979,638
1762717321,0000008000000004,4061704442236,1734,639
1762717332,0000000100000080,4061820134949,5161,640
1762717341,0000000100000008,4061909409499,4989,641
1762717353,0000000800000080,4062022908147,3351,642
1762717362,000000010000000a,4062121407371,2614,643
1762717364,0000004000000080,4062135722691,1762,644
1762717379,0000000100000001,4062284984340,3166,645
1762717380,0000004000000004,4062298893652,2329,646
1762717382,0000000800000080,4062316115998,1295,647
1762717400,0000004000000002,4062496142645,857,648
1762717420,0000000800000004,4062692640690,4626,649
1762717428,0000000100000003,4062772397676,5016,650
1762717447,0000000100000008,4062966971113,3702,651
1762717458,0000000800000004,4063074502474,2417,652
1762717467,0000008000000008,4063163513149,2261,653
1762717467,0000000100000004,4063166038660,2110,654
1762717469,0000000100000080,4063187776447,805,655
1762717471,0000008000000080,4063205719334,4921,656
1762717478,0000000100000001,4063272590720,895,657
1762717517,0000000800000080,4063670271741,2934,658
1762717528,0000004000000080,4063781247731,1460,659
1762717540,0000000800000002,4063892118358,5178,660
1762717545,0000004000000001,4063946333272,1919,661
1762717556,0000000200000008,4064052098313,752,662
1762717570,0000000400000008,4064194845092,2544,663
1762717598,0000000400000080,4064480485095,949,664
1762717609,0000000400000002,4064589062884,4812,665
1762717637,0000000100000008,4064865742665,3750,666
1762717638,0000004000000080,4064877775484,3015,667
1762717647,0000008000000080,4064970344240,2640,668
1762717657,0000000200000001,4065064031109,2203,669
1762717675,0000000800000002,4065241527860,1917,670
1762717683,0000004000000080,4065321391491,2301,671
1762717688,0000000800000008,4065372529290,4433,672
1762717697,0000008000000004,4065464822928,4073,673
1762717706,0000008000000006,4065553162342,3953,674
1762717710,0000008000000080,4065594110332,1480,675
1762717720,0000004000000001,4065695171147,601,676
1762717720,0000000800000080,4065700312749,293,677
1762717725,0000000100000004,4065745339403,2765,678
1762717750,0000008000000080,4065998890429,3097,679
1762717769,0000000400000080,4066183064025,2407,680
1762717773,0000000800000008,4066221582650,5287,681
1762717778,0000000800000080,4066278735900,1852,682
1762717780,0000008000000002,4066293046026,988,683
1762717795,0000000200000001,4066444566141,2261,684
1762717808,0000008000000080,4066571584798,5013,685
1762717859,0000000100000001,4067088171870,5099,686
1762717860,0000000400000001,4067100020504,4396,687
1762717875,0000000400000080,4067250812739,515,688
1762717887,0000008000000001,4067365322608,4016,689
1762717889,0000000400000001,4067384713108,2835,690
1762717894,0000004000000080,4067438733044,4793,691
1762717911,0000004000000008,4067610731622,4834,692
1762717923,0000004000000080,4067730582169,2804,693
1762717930,0000000100000080,4067799830537,3848,694
1762717932,0000000800000001,4067812673829,3064,695
1762717940,0000000400000004,4067894268524,3353,696
1762717953,0000004000000080,4068029067337,445,697
1762717960,0000000800000002,4068095953539,1610,698
1762717972,0000000100000001,4068215902179,4790,699
1762717981,0000004000000004,4068303854062,4695,700
1762717993,0000000400000004,4068424525821,2613,701
1762718023,0000000400000008,4068726669579,5221,702
1762718032,0000000400000001,4068813466865,5194,703
1762718051,0000000100000001,4069001369971,4288,704
1762718062,0000008000000008,4069115416497,2604,705
1762718070,0000000800000080,4069194970029,3016,706
1762718080,0000008000000008,4069299421817,1933,707
1762718081,0000008000000002,4069301770667,1790,708
1762718084,0000000100000001,4069337844157,4820,709
1762718105,0000004000000008,4069545250111,2718,710
1762718110,0000000100000002,4069592167115,5097,711
1762718115,0000004000000004,4069651268107,1540,712
1762718127,0000000100000001,4069769836431,4804,713
1762718132,000000cd00000081,4069818135051,1894,714
1762718136,0000000200000001,4069860838328,4526,715
1762718149,0000000100000001,4069983671393,2319,716
1762718149,0000000100000001,4069986437944,2155,717
1762718166,0000000400000004,4070153083270,2513,718
1762718177,0000000100000008,4070270851836,633,719
1762718188,0000000100000001,4070380643973,4421,720
1762718203,0000000400000080,4070521799183,1112,721
1762718204,0000000100000001,4070536914521,212,722
1762718213,0000000400000002,4070627827159,5125,723
1762718214,0000000800000008,4070637278834,4566,724
1762718223,0000000500000001,4070722347145,4642,725
1762718253,0000000100000003,4071022236017,2174,726
1762718283,0000008000000080,4071330190442,4436,727
1762718292,0000000100000004,4071417333664,4388,728
1762718302,0000004000000080,4071515360306,3680,729
1762718305,0000000400000008,4071543084067,2008,730
1762718305,0000000400000008,4071547186561,1762,731
1762718310,0000000400000001,4071601241231,3708,732
1762718317,0000000100000001,4071665037951,5061,733
1762718329,0000000100000004,4071788727463,2805,734
1762718333,0000000100000002,4071829251443,382,735
1762718340,0000000100000080,4071893611224,1699,736
1762718353,0000000100000002,4072025589415,4155,737
1762718353,0000008000000080,4072025793729,4143,738
1762718365,0000000100000001,4072142602184,2299,739
1762718366,0000004800000002,4072155139196,1547,740
1762718376,0000000100000003,4072258445680,533,741
1762718379,0000008000000080,4072283213182,4241,742
1762718385,0000000400000008,4072345371906,498,743
1762718404,0000000100000001,4072537784495,4508,744
1762718432,0000000800000080,4072811618509,3612,745
1762718457,0000000100000002,4073065499208,3926,746
1762718470,0000008000000004,4073196652139,1221,747
1762718471,0000008000000080,4073207858051,555,748
1762718481,0000000400000002,4073302058608,5270,749
1762718489,0000000800000004,4073383420698,383,750
1762718511,0000008000000080,4073607146293,2495,751
1762718527,0000008000000001,4073761705997,3594,752
1762718537,0000000300000001,4073862682583,2703,753
1762718538,0000004000000008,4073878050264,1787,754
1762718545,0000000400000004,4073942404399,3097,755
1762718581,0000008000000088,4074305670867,2033,756
1762718595,0000000400000008,4074448966579,3806,757
1762718603,0000008000000080,4074523194673,4539,758
1762718608,0000004000000002,4074576174053,1340,759
1762718623,0000000800000080,4074724765199,2785,760
1762718631,0000000100000080,4074805758490,3110,761
1762718633,0000000100000001,4074821729713,2153,762
1762718639,0000000100000008,4074886886793,3429,763
1762718653,0000000400000008,4075023699193,397,764
1762718654,0000008000000004,4075038210223,4720,765
1762718718,0000000800000008,4075677341347,2617,766
1762718732,0000000100000001,4075817466137,4591,767
1762718736,0000000400000004,4075859512074,2055,768
1762718754,0000008000000080,4076039914156,1589,769
1762718777,0000000800000004,4076268953480,3394,770
1762718780,0000000800000001,4076294331205,1869,771
1762718788,0000000100000001,4076371247272,2429,772
1762718788,0000000400000001,4076373540582,2293,773
1762718807,0000000800000020,3526811287771,1039,774
1762718808,0000000400000004,4076573587422,654,775
1762718812,0000004000000088,4076611219096,3583,776
1762718814,0000000100000001,4076633525678,2237,777
1762718827,0000000100000001,4076764414991,4759,778
1762718833,0000000100000001,4076826490043,1017,779
1762718835,0000004000000080,4076846423188,5016,780
1762718851,0000000800000080,4077010685820,334,781
1762718866,0000000100000001,4077154009061,2092,782
1762718879,0000008000000080,4077286077831,4546,783
1762718888,0000000800000004,4077374162346,4441,784
1762718897,0000000400000002,4077466974273,4050,785
1762718900,0000004000000002,4077494139578,2404,786
1762718904,0000000100000004,4077537621160,4989,787
1762718905,0000000400000002,4077546575793,4458,788
1762718929,0000004000000008,4077786181272,429,789
1762718959,0000000100000004,4078081292021,3447,790
1762718961,0000000400000002,4078106387381,1940,791
1762718965,0000000800000004,4078147979418,4638,792
1762718977,0000000400000080,4078263050834,2894,793
1762718980,0000004000000002,4078296147238,910,794
1762718982,0000000100000001,4078315080721,4969,795
1762718995,0000000100000008,4078442657741,2480,796
1762719005,0000004000000008,4078543155963,1633,797
1762719010,0000008000000001,4078596769970,3606,798
1762719012,0000000800000002,4078620186193,2192,799
1762719016,0000004000000008,4078654776428,5306,800
1762719019,0000000800000002,4078688642077,3268,801
1762719049,0000008000000004,4078984423071,1057,802
1762719059,0000000100000001,4079090903986,5044,803
1762719068,0000008000000080,4079173143397,5287,804
1762719073,0000000800000008,4079223222291,2274,805
1762719076,0000008100000001,4079251272343,593,806
1762719080,0000000200000008,4079297528516,2994,807
1762719084,0000000800000008,4079335781740,702,808
1762719094,0000008000000008,4079432005715,5298,809
1762719102,0000000800000008,4079520053238,5198,810
1762719105,0000008000000004,4079543303745,3803,811
1762719112,0000000100000002,4079611848306,4874,812
1762719126,0000000800000001,4079756216480,1376,813
1762719149,0000008000000004,4079985163255,3184,814
1762719176,0000004000000080,4080256481703,2443,815
1762719177,0000000800000004,4080266081478,1872,816
1762719181,0000004000000080,4080310564212,4400,817
1762719182,0000004000000004,4080311985278,4313,818
1762719185,0000000200000001,4080350990870,1958,819
1762719189,0000008000000001,4080389711311,4828,820
1762719200,0000000400000001,4080494988247,3686,821
1762719211,0000008000000080,4080609298592,2001,822
1762719212,0000008000000008,4080620417345,1330,823
1762719217,0000000100000001,4080662579759,3997,824
1762719217,0000008000000080,4080663745377,3926,825
1762719218,0000008000000080,4080680959749,2876,826
1762719228,0000008000000080,4080775267972,2400,827
1762719230,0000000400000008,4080794407477,1250,828
1762719241,0000000400000004,4080903253888,5095,829
1762719253,0000000400000008,4081022237286,3126,830
1762719267,0000004000000008,4081162117310,5106,831
1762719270,0000000100000008,4081196751965,3016,832
1762719274,0000000100000008,4081231484128,931,833
1762719287,0000000100000003,4081368946242,3045,834
1762719292,0000008000000080,4081416543532,193,835
1762719295,0000008000000002,4081442610953,3819,836
1762719298,0000008000000008,4081473869940,1934,837
1762719324,0000004000000002,4081740009748,1504,838
1762719327,0000008000000080,4081765323317,5179,839
1762719332,0000000800000001,4081812245518,2350,840
1762719333,0000008000000080,4081824025693,1646,841
1762719334,0000008000000001,4081833023756,1101,842
1762719349,0000004000000080,4081984064181,2403,843
1762719349,0000000800000008,4081984465646,2377,844
1762719353,0000000400000001,4082030736594,4800,845
1762719384,0000000100000001,4082331218501,2298,846
1762719391,0000004000000080,4082403186322,3159,847
1762719399,0000000800000080,4082488648791,3213,848
1762719404,0000000100000003,4082539090556,189,849
1762719404,0000000800000001,4082540053179,5317,850
1762719406,0000008000000080,4082555032759,4428,851
1762719410,0000000800000008,4082593423969,2108,852
1762719415,0000000400000002,4082645471038,4180,853
1762719434,0000008000000001,4082832468348,3308,854
1762719443,0000000400000001,4082925285520,2914,855
1762719458,0000004000000001,4083072169889,4482,856
1762719512,0000000800000001,4083620390246,2651,857
1762719513,0000000800000002,4083627273670,2242,858
1762719519,0000004000000004,4083687461748,3823,859
1762719525,0000000100000003,4083744891454,370,860
1762719528,0000000400000001,4083779417436,3482,861
1762719532,0000008000000004,4083811651554,1540,862
1762719555,0000000100000004,4084042311793,3246,863
1762719561,0000008000000080,4084106748925,4575,864
1762719577,0000000800000008,4084269976609,5136,865
1762719591,0000004000000008,4084409173511,1957,866
1762719599,0000000100000001,4084490496312,2255,867
1762719604,0000000100000008,4084538807482,4555,868
1762719612,0000000100000001,4084616516617,5066,869
1762719623,0000000100000080,4084727994760,3557,870
1762719625,0000008000000080,4084750491381,2199,871
1762719634,0000000100000001,4084834108714,2360,872
1762719654,0000008000000080,4085040167026,363,873
1762719668,0000000400000080,4085177345148,2487,874
1762719669,0000008000000002,4085185894627,1980,875
1762719675,0000008000000002,4085241330466,3844,876
1762719681,0000000100000001,4085306445161,5114,877
1762719687,0000008000000004,4085361905943,1780,878
1762719689,0000000100000003,4085385965185,338,879
1762719741,0000000400000080,4085907118801,162,880
1762719767,0000000200000004,4086170183255,5097,881
1762719773,0000000800000002,4086228979097,1559,882
1762719794,0000008000000080,4086431144983,4983,883
1762719797,0000000100000002,4086463530087,3027,884
1762719816,0000000100000001,4086659861081,1610,885
1762719829,0000004000000002,4086789791024,4190,886
1762719837,0000000100000002,4086862606908,4998,887
1762719840,0000004000000080,4086898900912,2804,888
1762719843,0000000400000001,4086924968495,1242,889
1762719885,0000004000000080,4087343121664,2059,890
1762719888,0000000100000004,4087372201660,317,891
1762719907,0000004000000004,4087562464674,4458,892
1762719908,0000004000000004,4087575393198,3675,893
1762719914,0000004000000080,4087639494090,5011,894
1762719922,0000000800000008,4087720128323,165,895
1762719926,0000008000000008,4087758521422,3036,896
1762719942,0000004800000002,4087912609450,4170,897
1762719945,0000000100000001,4087945985174,2152,898
1762719946,0000000400000080,4087960562062,1273,899
1762719962,0000008000000008,4088117631738,2214,900
1762719967,0000008000000004,4088164946155,4573,901
1762719967,0000008000000080,4088168831944,4340,902
1762719989,0000008000000001,4088388715394,1490,903
1762720015,0000000100000001,4088643452172,1751,904
1762720035,0000000800000004,4088850277198,4895,905
1762720052,0000000400000008,4089019334141,5108,906
1762720056,0000008000000080,4089055569856,2922,907
1762720057,0000000400000004,4089066753889,2253,908
1762720066,0000000800000001,4089159809315,1853,909
1762720075,0000000100000003,4089243104033,2036,910
1762720083,0000000100000001,4089322072640,2474,911
1762720084,0000008000000080,4089340473590,1371,912
1762720099,0000008000000080,4089488065885,2874,913
1762720102,0000008000000008,4089516177954,1188,914
1762720106,0000000100000001,4089556366819,3974,915
1762720112,0000000400000008,4089616145042,377,916
1762720127,0000000400000004,4089761871722,1994,917
1762720151,0000000800000080,4090006350257,2861,918
1762720183,0000000800000001,4090330769325,4137,919
1762720190,0000000800000002,4090395448265,244,920
1762720191,0000000400000002,4090408257538,4669,921
1762720204,0000008000000080,4090535487944,2202,922
1762720204,0000008000000080,4090539318467,1974,923
1762720205,0000004000000001,4090542303714,1794,924
1762720205,0000008000000002,4090547752203,1463,925
1762720212,0000000100000001,4090613508137,2695,926
1762720214,0000008000000004,4090631795419,1602,927
1762720232,0000000100000080,4090819636035,695,928
1762720268,0000000800000080,4091176451146,5197,929
1762720272,0000004000000004,4091219080762,2626,930
1762720274,0000000200000008,4091236529537,1583,931
1762720275,0000000800000080,4091244803858,1083,932
1762720280,0000000100000008,4091291988717,3441,933
1762720289,0000000100000001,4091388010227,2851,934
1762720292,0000000100000001,4091416349712,1152,935
1762720294,0000000300000001,4091432804884,172,936
1762720301,0000000100000006,4091510404813,695,937
1762720339,0000008000000080,4091886951166,4017,938
1762720342,0000004000000002,4091917170047,2190,939
1762720371,0000000400000001,4092210236254,162,940
1762720376,0000000400000001,4092254882725,2644,941
1762720382,0000004000000001,4092316301193,4160,942
1762720393,0000008000000080,4092428015943,2618,943
1762720398,0000000800000001,4092471683437,5192,944
1762720401,0000000800000008,4092505745194,3140,945
1762720402,0000004000000004,4092511611152,2783,946
1762720403,0000000100000008,4092526317941,1907,947
1762720419,0000000100000002,4092689910868,2447,948
1762720433,0000008000000080,4092824880863,4730,949
1762720441,0000000400000004,4092904029794,5154,950
1762720451,0000008000000004,4093004256844,4330,951
1762720460,0000000100000001,4093095106457,4056,952
1762720462,0000000400000004,4093114150178,2895,953
1762720484,0000004000000080,4093337223654,5066,954
1762720486,0000000200000001,4093352791173,4138,955
1762720489,0000008000000080,4093381744650,2383,956
1762720505,0000008000000080,4093546438252,2861,957
1762720513,0000000100000008,4093627204079,3202,958
1762720515,0000008000000080,4093643047789,2249,959
1762720524,0000004000000004,4093738112413,1728,960
1762720531,0000000300000001,4093810649401,2551,961
1762720540,0000000100000001,4093900648218,2333,962
1762720557,0000000800000004,4094067451826,2684,963
1762720559,0000000100000001,4094085434605,1609,964
1762720563,0000004000000004,4094126092394,4361,965
1762720571,0000000100000003,4094208207059,4622,966
1762720578,0000008000000080,4094279037567,358,967
1762720581,0000008000000001,4094301565854,4199,968
1762720581,0000008000000008,4094304341601,4025,969
1762720587,0000000100000008,4094364059755,436,970
1762720618,0000008000000080,4094678833382,2269,971
1762720632,0000004000000008,4094819904328,4183,972
1762720637,0000008000000080,4094861459629,1675,973
1762720648,0000000100000001,4094977325886,5093,974
1762720651,0000000800000001,4095000765990,3685,975
1762720658,0000000400000008,4095072152655,4591,976
1762720665,0000000100000008,4095149454430,5125,977
1762720668,0000008000000001,4095178657950,3369,978
1762720682,0000008000000080,4095312349595,526,979
1762720683,0000000400000004,4095328914750,4726,980
1762720693,0000004000000002,4095426319411,4061,981
1762720702,0000004000000002,4095513281954,4023,982
1762720703,0000000100000001,4095530295781,2985,983
1762720712,0000000800000080,4095612646352,3230,984
1762720713,0000000100000008,4095621868543,2672,985
1762720715,0000008000000080,4095649551309,1011,986
1762720719,0000000800000001,4095689718987,3795,987
1762720722,0000000100000001,4095710789833,2516,988
1762720726,0000000400000008,4095758170453,4872,989
1762720739,0000000400000008,4095888673219,2209,990
1762720748,0000008000000004,4095976459294,2122,991
1762720774,0000004000000002,4096240064575,1850,992
1762720775,0000008000000080,4096240752350,1808,993
1762720778,0000000100000001,4096273667389,5022,994
1762720779,0000000800000004,4096289016669,4105,995
1762720782,0000000200000002,4096316084939,2464,996
1762720784,0000000100000004,4096340171981,1019,997
1762720797,000000c000000004,4096465857096,3854,998
1762720807,0000008000000080,4096560682458,3336,999
1762720822,0000008000000080,4096712720119,4588,1000
1762720823,0000008000000001,4096722819788,3981,1001
1762720827,0000000100000002,4096766540739,1339,1002
1762720830,0000008000000080,4096793499705,4918,1003
1762720831,0000004000000002,4096804676082,4251,1004
1762720843,0000008000000001,4096930610799,1862,1005
1762720847,0000008000000004,4096970017686,4692,1006
1762720855,0000008000000080,4097049669812,5087,1007
1762720861,0000004000000002,4097101435270,1973,1008
1762720861,0000000800000002,4097105469330,1730,1009
1762720872,0000008000000080,4097215845723,291,1010
1762720897,0000000400000080,4097465810351,830,1011
1762720920,0000000300000080,4097691124079,2850,1012
1762720934,0000000800000001,4097834167085,4648,1013
1762720934,0000000100000004,4097835618470,4563,1014
1762720936,0000008000000008,4097855673589,3346,1015
1762720942,0000000400000008,4097911050864,5208,1016
1762720966,0000000800000008,4098156111968,857,1017
1762720977,0000000100000001,4098265485385,4673,1018
1762720984,0000000800000004,4098340193070,178,1019
1762720998,0000004000000080,4098474641335,2465,1020
1762721019,0000008000000008,4098688102771,5212,1021
1762721020,0000000400000008,4098695838153,4755,1022
1762721028,0000000800000080,4098776083064,5115,1023
1762721036,0000000800000088,4098852799905,505,1024
1762721042,0000004000000002,4098918670064,1732,1025
1762721042,0000000800000004,4098919814705,1662,1026
1762721069,0000008000000080,4099182754644,1425,1027
1762721076,0000000400000004,4099256586628,2178,1028
1762721078,0000000100000080,4099273338663,1171,1029
1762721081,0000000800000004,4099306808908,4362,1030
1762721093,0000000800000080,4099423760413,2505,1031
1762721097,0000008000000008,4099464934405,5228,1032
1762721101,0000000400000004,4099506304545,2730,1033
1762721110,0000000100000001,4099596859945,2480,1034
1762721153,0000004000000080,4100029767742,2410,1035
1762721154,0000000800000004,4100037454320,1955,1036
1762721158,0000008000000001,4100077904685,4721,1037
1762721159,0000000400000008,4100084703090,4314,1038
1762721165,0000000200000008,4100145195785,669,1039
1762721176,0000000800000002,4100260235731,4143,1040
1762721183,0000000800000001,4100328627053,5212,1041
1762721226,0000004000000080,4100756360959,264,1042
1762721244,0000008000000080,4100937187446,4967,1043
1762721265,0000000400000001,4101146845226,2731,1044
1762721276,0000008000000008,4101256006426,1364,1045
1762721291,0000008000000080,4101409052436,2542,1046
1762721295,0000008000000080,4101441962726,573,1047
1762721314,0000000100000001,4101632553561,4694,1048
1762721328,0000000100000004,4101775514726,1277,1049
1762721339,0000004000000080,4101880969687,5322,1050
1762721360,0000008000000004,4102094264786,2874,1051
1762721379,0000008000000080,4102286005152,1737,1052
1762721399,0000008000000001,4102490209297,5035,1053
1762721405,0000008200000084,4102549041420,1493,1054
1762721446,0000000100000009,4102956962003,2918,1055
1762721452,0000004000000002,4103016317916,4558,1056
1762721456,0000008000000004,4103060372092,1900,1057
1762721459,0000000100000008,4103088135975,235,1058
1762721495,0000000200000004,4103442725696,4874,1059
1762721511,0000000100000001,4103610198250,5182,1060
1762721521,0000000400000008,4103704746071,4697,1061
1762721547,0000000800000080,4103961815305,4812,1062
1762721551,0000008000000080,4104010321821,1891,1063
1762721554,0000000100000008,4104034056689,468,1064
1762721573,0000008000000080,4104226506687,4477,1065
1762721575,0000000400000004,4104242490967,3506,1066
1762721576,0000000800000002,4104256844397,2634,1067
1762721583,0000000100000001,4104322440224,3896,1068
1762721589,0000000400000080,4104382304629,294,1069
1762721594,0000000100000004,4104439717674,2029,1070
1762721607,0000008000000080,4104568188630,4695,1071
1762721614,0000000400000080,4104635012211,672,1072
1762721616,0000004000000008,4104658581105,4455,1073
1762721620,0000000400000001,4104696522915,2162,1074
1762721623,0000000100000008,4104722421131,609,1075
1762721628,0000000200000001,4104779242250,2378,1076
1762721631,0000000100000080,4104804980173,834,1077
1762721632,0000008000000080,4104810515591,507,1078
1762721640,0000000100000004,4104891590091,817,1079
1762721641,0000000100000004,4104909436194,4941,1080
1762721647,0000000100000001,4104965796243,1546,1081
1762721653,0000000400000080,4105024182991,3224,1082
1762721678,0000000800000080,4105277894726,3551,1083
1762721682,0000004000000002,4105319841797,1024,1084
1762721694,000000080000000c,4105437273428,4359,1085
1762721714,0000008000000080,4105635173637,2825,1086
1762721722,0000000800000002,4105714106114,3276,1087
1762721736,0000000400000080,4105859836811,4905,1088
1762721759,0000008000000080,4106084363145,1782,1089
1762721768,0000008000000008,4106171375970,1742,1090
1762721769,0000008000000080,4106186755992,817,1091
1762721780,0000008000000080,4106293449171,4792,1092
1762721796,000000010000000c,4106458783996,5227,1093
1762721806,0000000100000004,4106550944493,4883,1094
1762721807,0000008000000002,4106561466600,4255,1095
1762721818,0000000800000002,4106671584838,2808,1096
1762721818,0000000400000008,4106674069362,2659,1097
1762721821,0000000100000004,4106704242954,852,1098
1762721824,0000000400000080,4106738282123,4004,1099
1762721831,0000000800000004,4106804858114,5187,1100
1762721848,0000008000000080,4106971245784,377,1101
1762721849,0000004000000080,4106988946893,4510,1102
1762721850,0000000100000004,4106997603668,3986,1103
1762721851,0000000100000001,4107005973730,3478,1104
1762721860,0000000100000001,4107097763669,3144,1105
1762721905,0000000100000001,4107545527325,2182,1106
1762721908,0000004000000080,4107574636124,438,1107
1762721910,0000008000000080,4107596627518,4313,1108
1762721928,0000000800000001,4107780299588,3646,1109
1762721947,0000000100000001,4107969623144,2635,1110
1762721962,0000000400000001,4108118038654,4111,1111
1762721973,0000000800000004,4108228620054,2636,1112
1762721992,0000008000000008,4108419188348,1568,1113
1762722021,0000000400000002,4108709536961,4882,1114
1762722031,0000008000000008,4108808130991,4150,1115
1762722038,0000000800000001,4108880158122,5005,1116
1762722039,0000008000000080,4108882243677,4882,1117
1762722044,0000008000000080,4108931068823,1942,1118
1762722044,0000004000000002,4108935884501,1651,1119
1762722061,0000000800000002,4109107972521,1688,1120
1762722072,0000000100000008,4109219003749,208,1121
1762722088,0000000800000004,4109372487303,1354,1122
1762722090,0000008000000080,4109393289701,5301,1123
1762722111,0000000100000008,4109608717529,2720,1124
1762722120,0000000100000001,4109697768355,2559,1125
1762722124,0000000400000080,4109738361970,5318,1126
1762722127,0000000400000080,4109769108451,3469,1127
1762722131,0000000400000001,4109810215643,995,1128
1762722147,0000008000000004,4109964906773,2077,1129
1762722149,0000000100000008,4109988472794,663,1130
1762722165,0000000100000001,4110144111670,1686,1131
1762722171,0000008000000002,4110205652753,3174,1132
1762722226,000000c000000080,4110751421596,1510,1133
1762722228,0000000800000008,4110773985899,162,1134
1762722238,0000000100000001,4110870932339,4718,1135
1762722238,0000004000000008,4110871678019,4675,1136
1762722247,0000000400000080,4110968399892,4051,1137
1762722256,0000004000000009,4111053139788,4146,1138
1762722263,0000000400000008,4111125938394,4955,1139
1762722276,0000004000000008,4111260158309,2072,1140
1762722284,0000000400000080,4111332039882,2934,1141
1762722286,0000008000000080,4111354823531,1571,1142
1762722287,0000000400000001,4111364849853,968,1143
1762722302,0000004000000001,4111520005402,2024,1144
1762722304,0000000100000080,4111532158808,1290,1145
1762722317,0000008000000002,4111662734811,3829,1146
1762722318,0000000100000001,4111671471784,3296,1147
1762722318,0000000400000080,4111678717059,2856,1148
1762722319,0000004000000080,4111687425584,2337,1149
1762722326,0000008000000080,4111753518109,3560,1150
1762722340,0000000100000002,4111896055733,184,1151
1762722341,0000008000000004,4111902370465,4994,1152
1762722356,0000000100000083,4112059109033,759,1153
1762722396,0000008000000080,4112451825115,3098,1154
1762722409,0000008000000080,4112584547838,320,1155
1762722413,0000000100000004,4112629139284,2818,1156
1762722414,0000000100000001,4112633671785,2545,1157
1762722444,0000000400000002,4112933232002,5307,1158
1762722444,0000000100000001,4112935141209,5193,1159
1762722465,0000000100000080,4113148511404,2738,1160
1762722471,000000c000000080,4113202528086,4699,1161
1762722473,0000000800000008,4113226380444,3254,1162
1762722494,0000000100000002,4113431922873,1278,1163
1762722500,0000000100000004,4113496599258,2576,1164
1762722514,0000000100000001,4113632308065,4814,1165
1762722519,0000004000000080,4113683653462,1719,1166
1762722529,0000000100000008,4113782665095,957,1167
1762722532,0000008000000080,4113817356708,4071,1168
1762722541,0000000800000080,4113906351141,3911,1169
1762722547,0000004000000080,4113966172270,313,1170
1762722555,0000000800000080,4114041636618,960,1171
1762722572,0000004000000008,4114218169388,733,1172
1762722596,0000000800000004,4114451078295,2298,1173
1762722610,0000008000000001,4114592993582,4160,1174
1762722614,0000004000000004,4114631625524,1829,1175
1762722624,0000000400000080,4114735179457,793,1176
1762722630,0000000800000080,4114796396022,2300,1177
1762722631,0000008000000001,4114807864843,1614,1178
1762722633,0000000100000001,4114821827288,777,1179
1762722643,0000008000000008,4114927553096,4809,1180
1762722644,0000008000000008,4114934626012,4386,1181
1762722654,0000000400000080,4115038272415,3335,1182
1762722655,0000000100000003,4115046592391,2828,1183
1762722687,0000000100000008,4115362838895,4597,1184
1762722720,0000000100000001,4115695617226,162,1185
1762722727,0000000100000001,4115769245183,916,1186
1762722734,0000004000000008,4115830372704,2428,1187
1762722739,0000000800000008,4115880510163,4620,1188
1762722768,0000000100000001,4116170341934,2750,1189
1762722780,0000000100000008,4116291839115,648,1190
1762722787,0000008000000001,4116364325438,1476,1191
1762722800,0000000100000002,4116496522240,3919,1192
1762722803,0000008000000008,4116521361384,2414,1193
1762722805,0000000100000004,4116543553294,1082,1194
1762722812,0000000800000002,4116611579551,2185,1195
1762722820,0000000800000001,4116699843774,2071,1196
1762722822,0000004000000004,4116710727584,1414,1197
1762722842,0000000100000001,4116919508786,4448,1198
1762722849,0000000100000001,4116982103776,677,1199
1762722849,0000000400000008,4116986797726,397,1200
1762722855,0000008000000080,4117045337715,2064,1201
1762722868,0000000800000002,4117173966179,4723,1202
1762722873,0000000100000004,4117228983589,1403,1203
1762722881,0000008000000080,4117305807318,1978,1204
1762722891,0000000100000001,4117409773419,916,1205
1762722912,0000000100000001,4117610625518,4426,1206
1762722915,0000000400000001,4117649700361,2066,1207
1762722916,0000000100000001,4117651498424,1960,1208
1762722936,0000000400000080,4117855958580,5241,1209
1762722941,0000008000000080,4117901823949,2475,1210
1762722942,0000000100000080,4117915880790,1636,1211
1762722948,0000000400000001,4117977481530,3119,1212
1762722954,0000004000000080,4118036064014,4801,1213
1762722957,0000008000000080,4118063027950,3170,1214
1762722959,0000000400000080,4118080613905,2114,1215
1762722964,0000000400000001,4118135070571,4041,1216
1762723000,0000008000000080,4118499772650,2863,1217
1762723002,0000000100000001,4118518402618,1749,1218
1762723021,0000004000000001,4118701747189,1106,1219
1762723024,0000000800000080,4118737025579,4190,1220
1762723028,0000000800000001,4118779965476,1596,1221
1762723030,0000004000000008,4118792841478,824,1222
1762723030,0000000400000001,4118797022713,576,1223
1762723032,0000008000000002,4118814309081,4733,1224
1762723049,0000004000000004,4118983319108,4950,1225
1762723051,0000000400000080,4119008323789,3442,1226
1762723059,0000008000000002,4119084154438,4083,1227
1762723066,0000000400000008,4119155163035,5000,1228
1762723075,0000000400000080,4119248712350,4572,1229
1762723080,0000004000000080,4119297190447,1648,1230
1762723083,0000000100000003,4119321373835,200,1231
1762723083,0000000800000001,4119323221070,5275,1232
1762723083,0000000100000002,4119328125525,4983,1233
1762723088,0000000800000008,4119376189103,2089,1234
1762723098,0000000400000008,4119478388338,1134,1235
1762723115,0000000800000002,4119646297252,1421,1236
1762723123,0000008000000008,4119721631824,2085,1237
1762723152,0000000100000001,4120016514140,5122,1238
1762723157,0000000400000002,4120063716179,2281,1239
1762723158,0000000800000001,4120075979394,1544,1240
1762723165,0000000100000002,4120141113498,2813,1241
1762723168,000000c000000080,4120177466001,639,1242
1762723170,0000000400000002,4120190718666,5033,1243
1762723183,0000000400000080,4120326370975,2065,1244
1762723201,0000000100000001,4120504335183,1748,1245
1762723205,0000004000000008,4120548274962,4309,1246
1762723209,0000008000000080,4120589673341,1808,1247
1762723222,0000008000000080,4120710349323,4940,1248
1762723223,0000008800000004,4120728092696,3877,1249
1762723225,0000000100000008,4120745459678,2817,1250
1762723226,0000000200000002,4120755393872,2226,1251
1762723243,0000000100000001,4120920863616,2655,1252
1762723251,0000000800000006,4121008160748,2597,1253
1762723271,0000000100000080,4121206079758,1085,1254
1762723310,0000004000000001,4121593733301,3743,1255
1762723318,0000004000000008,4121672161220,4223,1256
1762723322,0000000400000008,4121711947644,1821,1257
1762723333,0000008000000080,4121821862933,408,1258
1762723356,0000000100000003,4122051310891,2180,1259
1762723360,0000000100000008,4122097229160,4617,1260
1762723385,0000000800000002,4122343342177,203,1261
1762723409,0000000800000080,4122589565030,967,1262
1762723410,0000004000000080,4122598791518,419,1263
1762723412,0000008000000080,4122612495757,4788,1264
1762723424,000000c000000080,4122734048404,2656,1265
1762723431,0000000100000001,4122802614691,3739,1266
1762723442,0000000400000001,4122914415983,2200,1267
1762723444,0000000100000001,4122939409545,701,1268
1762723460,0000008000000080,4123090525740,1997,1269
1762723467,0000008000000008,4123163087270,2817,1270
1762723467,0000000400000001,4123168902218,2470,1271
1762723486,0000008000000080,4123350631562,1933,1272
1762723488,0000004000000008,4123377453581,324,1273
1762723490,0000000100000001,4123390933602,4708,1274
1762723490,0000004000000001,4123399579938,4189,1275
1762723506,0000000400000080,4123553090955,5334,1276
1762723524,0000000800000080,4123731429247,4996,1277
1762723534,0000004000000008,4123834355894,4004,1278
1762723536,0000008000000080,4123850098179,3045,1279
1762723554,0000000400000002,4124037090229,2187,1280
1762723558,0000000100000001,4124072307790,5264,1281
1762723570,0000000800000080,4124191424414,3292,1282
1762723577,0000000800000080,4124261416399,4286,1283
1762723579,0000008000000080,4124282509706,3001,1284
1762723590,0000008000000002,4124393325402,1535,1285
1762723598,0000000c00000004,4124473645572,1899,1286
1762723610,0000000100000001,4124598396559,4788,1287
1762723610,0000000800000004,4124599855210,4703,1288
1762723613,0000000100000001,4124623326167,3280,1289
1762723630,0000000400000004,4124798238110,3145,1290
1762723657,0000008000000080,4125069415828,2413,1291
1762723673,0000000800000001,4125222433347,3606,1292
1762723676,0000008000000080,4125250399202,1920,1293
1762723681,0000000400000008,4125303657691,3916,1294
1762723682,0000000800000080,4125318455791,3013,1295
1762723685,0000000100000004,4125343981115,1482,1296
1762723696,0000000800000008,4125452386676,163,1297
1762723707,0000004000000080,4125566732530,3669,1298
1762723721,0000000100000002,4125709434622,282,1299
1762723731,0000004000000002,4125801329049,5136,1300
1762723731,0000000100000008,4125809002386,4682,1301
1762723743,0000000100000001,4125921852899,3074,1302
1762723752,0000000800000002,4126010560080,2931,1303
1762723770,0000008000000080,4126196265902,2153,1304
1762723774,0000000800000080,4126237069278,4900,1305
1762723775,0000000800000004,4126246902318,4313,1306
1762723788,0000000800000004,4126373465028,1885,1307
1762723796,0000000100000002,4126450494864,2438,1308
1762723803,0000000400000080,4126522214923,3321,1309
1762723803,0000008000000080,4126527237158,3014,1310
1762723834,0000008000000002,4126836637714,5185,1311
1762723838,0000000400000080,4126879684457,2589,1312
1762723857,0000008000000004,4127069400335,1571,1313
1762723880,0000000100000080,4127294583167,3609,1314
1762723891,0000000800000004,4127402351126,2315,1315
1762723899,0000008000000080,4127484264120,2579,1316
1762723908,0000000800000004,4127574916708,2322,1317
1762723908,0000000800000001,4127577637892,2161,1318
1762723915,0000008000000080,4127649351475,3036,1319
1762723932,0000000100000080,4127816918886,3349,1320
1762723941,0000008000000001,4127900633891,3509,1321
1762723948,0000004000000008,4127977132021,4108,1322
1762723949,0000000100000001,4127984139421,3685,1323
1762723951,0000004000000080,4128003441550,2512,1324
1762723956,0000008000000080,4128054049519,4676,1325
1762723963,0000008000000080,4128128764324,179,1326
1762723987,0000000800000008,4128363677639,1624,1327
1762723990,0000000400000004,4128394102988,4991,1328
1762724013,0000000400000001,4128627257142,1349,1329
1762724025,000000c000000004,4128748578482,4451,1330
1762724046,0000000400000002,4128955252658,2391,1331
1762724049,0000008000000001,4128984845403,620,1332
1762724053,0000000400000080,4129029773528,3101,1333
1762724060,0000000800000008,4129092679568,4527,1334
1762724063,0000000200000001,4129125248717,2551,1335
1762724064,0000000800000002,4129134562963,1997,1336
1762724082,0000000100000080,4129316902487,1415,1337
1762724085,0000000400000002,4129343240070,5027,1338
1762724096,000000c000000080,4129458371279,3293,1339
1762724099,0000004000000002,4129486467674,1604,1340
1762724102,0000000100000001,4129519274835,4830,1341
1762724107,0000008000000008,4129566628161,1979,1342
1762724122,0000000400000008,4129713307554,3544,1343
1762724128,0000008000000080,4129774240055,5072,1344
1762724143,0000008000000002,4129921842983,1383,1345
1762724157,0000004000000002,4130065923727,3102,1346
1762724161,0000000100000001,4130106385450,674,1347
1762724162,0000000400000002,4130114788252,173,1348
1762724167,000000400000000c,4130161193971,2562,1349
1762724176,0000008000000008,4130259125871,1872,1350
1762724179,0000008000000008,4130280763580,574,1351
1762724189,0000000800000004,4130384570438,4721,1352
1762724190,0000008000000002,4130394373785,4132,1353
1762724196,0000000100000008,4130454370995,520,1354
1762724222,0000000800000008,4130715721966,381,1355
1762724223,0000000100000001,4130728915329,4783,1356
1762724224,0000004000000080,4130731320002,4639,1357
1762724231,0000000800000080,4130808172277,5200,1358
1762724232,0000000100000002,4130817627340,4641,1359
1762724235,0000000100000080,4130841079827,3219,1360
1762724241,0000000400000080,4130901414718,4793,1361
1762724258,0000000400000002,4131072145039,4908,1362
1762724259,0000000800000002,4131080083220,4438,1363
1762724268,0000004000000008,4131170681435,4180,1364
1762724276,0000008000000080,4131256786442,4194,1365
1762724279,0000004000000080,4131287761785,2319,1366
1762724285,0000000400000004,4131341493214,4294,1367
1762724291,0000000800000080,4131401988921,649,1368
1762724292,0000000100000008,4131413439251,5150,1369
1762724298,0000000400000001,4131473767269,1520,1370
1762724306,0000000400000008,4131552359613,1987,1371
1762724307,0000000200000080,4131568571054,1011,1372
1762724310,0000000800000001,4131599384146,4362,1373
1762724318,0000000100000004,4131674576204,5025,1374
1762724336,0000000100000002,4131855429283,4541,1375
1762724344,0000004000000008,4131933521621,5030,1376
1762724366,0000000100000001,4132151768556,2285,1377
1762724367,0000004000000001,4132161991265,1673,1378
1762724373,0000004000000080,4132226868277,2957,1379
1762724390,0000000100000001,4132397672633,3071,1380
1762724396,0000000800000001,4132453806720,4901,1381
1762724396,0000008000000080,4132457348703,4691,1382
1762724398,0000000100000008,4132473118912,3739,1383
1762724410,0000000100000001,4132595092141,1591,1384
1762724423,000000c800000002,4132725231727,4157,1385
1762724427,0000000200000001,4132768481857,1547,1386
1762724432,0000004000000008,4132817779064,3782,1387
1762724452,0000000100000004,4133016588917,2203,1388
1762724458,0000000400000004,4133072643739,4035,1389
1762724472,0000000400000004,4133214171090,710,1390
1762724476,0000000400000080,4133253216225,3555,1391
1762724487,0000000800000008,4133364545450,2050,1392
1762724498,0000000400000001,4133474274655,646,1393
1762724499,0000000400000008,4133485262954,5175,1394
1762724500,0000000100000002,4133492283433,4760,1395
1762724507,0000000100000006,4133563704273,463,1396
1762724514,0000000400000080,4133638283140,1163,1397
1762724522,0000008000000080,4133718834977,1512,1398
1762724528,0000000100000080,4133776087811,3262,1399
1762724536,0000000100000080,4133853625581,3799,1400
1762724536,0000008000000080,4133854089348,3771,1401
1762724542,0000000400000002,4133916283338,5218,1402
1762724543,0000000200000001,4133920113504,4991,1403
1762724563,0000000800000080,4134123963423,3108,1404
1762724567,0000008000000080,4134168728314,426,1405
1762724571,0000000100000001,4134207718243,3266,1406
1762724575,0000000100000080,4134249349331,767,1407
1762724577,0000000200000002,4134264277409,5062,1408
1762724586,0000004100000082,4134359573387,4531,1409
1762724600,0000000100000080,4134496510022,1477,1410
1762724604,0000008000000008,4134536327119,4287,1411
1762724604,0000000800000004,4134536725566,4263,1412
1762724611,0000000400000001,4134603218517,261,1413
1762724616,0000000100000005,4134654697698,2346,1414
1762724647,0000008000000080,4134967497662,4321,1415
1762724651,0000000100000001,4135000717517,2309,1416
1762724653,0000008000000080,4135027609133,697,1417
1762724657,0000008000000004,4135064628606,3665,1418
1762724664,0000008000000080,4135134225122,4677,1419
1762724671,0000000200000002,4135203111715,530,1420
1762724702,0000000100000002,4135516043211,2471,1421
1762724712,0000008000000002,4135616088511,1653,1422
1762724721,0000000100000080,4135705327257,1477,1423
1762724724,0000000400000004,4135732239765,5054,1424
1762724726,0000008000000001,4135752740060,3826,1425
1762724731,0000000200000008,4135802851715,807,1426
1762724739,0000008000000080,4135883956481,1119,1427
1762724756,0000000200000003,4136053851485,1286,1428
1762724782,0000008000000080,4136315158132,1149,1429
1762724795,0000004000000004,4136440554536,4004,1430
1762724799,0000000400000080,4136481980414,1504,1431
1762724802,0000004000000008,4136517287686,4584,1432
1762724820,0000008000000002,4136692219896,4450,1433
1762724830,0000000100000080,4136789821568,3767,1434
1762724832,0000008000000008,4136814191368,2295,1435
1762724844,0000008000000008,4136932068239,406,1436
1762724848,0000008000000080,4136975975919,2946,1437
1762724857,0000000200000001,4137064648622,2804,1438
1762724871,0000000400000002,4137207523668,4614,1439
1762724884,0000000800000001,4137331029258,2366,1440
1762724893,0000000800000002,4137421822474,2102,1441
1762724918,0000004000000001,4137670415375,2723,1442
1762724932,0000000100000001,4137815767893,4385,1443
1762724933,0000008000000080,4137828565807,3608,1444
1762724936,0000000800000008,4137856059221,1952,1445
1762724940,0000000100000001,4137890310683,5086,1446
1762724957,0000000400000004,4138059950159,5268,1447
1762724982,0000004000000080,4138318399994,5303,1448
1762724991,0000008000000001,4138403121202,213,1449
1762724995,0000000100000004,4138448121957,2685,1450
1762724997,0000000100000008,4138469422024,1411,1451
1762725013,0000000100000004,4138620618609,2698,1452
1762725026,0000000100000001,4138755438082,4987,1453
1762725043,0000000800000002,4138928219817,4981,1454
1762725045,0000004800000004,4138940741373,4234,1455
1762725059,0000000100000001,4139083142285,853,1456
1762725083,0000000800000008,4139325721536,1843,1457
1762725085,0000008000000008,4139347860954,515,1458
1762725103,0000000800000003,4139529004959,5195,1459
1762725113,0000000100000002,4139621897320,4808,1460
1762725116,0000004000000080,4139650190372,3095,1461
1762725119,0000004000000001,4139683598324,1088,1462
1762725123,0000008000000002,4139720709670,4060,1463
1762725125,000000400000000d,4139747642466,2427,1464
1762725158,0000004000000080,4140075023534,3515,1465
1762725164,0000000c00000003,4140133885355,5166,1466
1762725168,0000004000000080,4140176785382,2579,1467
1762725177,0000000100000001,4140262456667,2619,1468
1762725178,0000000100000001,4140275146233,1865,1469
1762725190,0000000200000002,4140394369790,5080,1470
1762725194,0000004000000080,4140429931392,2935,1471
1762725197,0000000100000001,4140462572386,976,1472
1762725217,0000008000000080,4140668891666,4156,1473
1762725245,0000000400000080,4140940822122,3372,1474
1762725259,0000000100000001,4141082388593,5244,1475
1762725268,0000004000000008,4141177440061,4727,1476
1762725271,0000000200000002,4141207602890,2899,1477
1762725283,0000000100000001,4141327487029,890,1478
1762725286,0000000100000001,4141358554729,4222,1479
1762725298,0000008000000004,4141478874563,2169,1480
1762725313,0000000800000004,4141621379060,3993,1481
1762725324,0000008000000002,4141738477269,2134,1482
1762725332,0000000400000008,4141816116147,2651,1483
1762725358,0000000800000001,4142070042682,2961,1484
1762725362,0000000100000001,4142111096003,502,1485
1762725362,0000000100000001,4142115097206,262,1486
1762725368,0000008000000001,4142172321952,2007,1487
1762725382,0000000100000008,4142319131549,3566,1488
1762725384,0000000100000002,4142332603381,2746,1489
1762725412,0000000400000004,4142613353000,1446,1490
1762725435,0000000100000001,4142849287010,2828,1491
1762725447,0000004000000004,4142960260056,1353,1492
1762725453,0000000100000001,4143027348255,2506,1493
1762725461,0000000100000001,4143104524668,3059,1494
1762725470,0000004000000001,4143193520686,2898,1495
1762725478,0000000100000002,4143274382158,3232,1496
1762725510,0000000100000008,4143590286875,5010,1497
1762725510,0000004000000002,4143593824022,4802,1498
1762725519,000000800000000c,4143683660545,4594,1499
1762725522,0000000100000008,4143715894190,2637,1500
1762725525,0000000400000080,4143749243026,644,1501
1762725537,0000008000000008,4143866471620,3983,1502
1762725561,0000008000000004,4144099973725,325,1503
1762725563,0000008000000002,4144125001181,4015,1504
1762725579,0000008000000080,4144282986019,4894,1505
1762725597,0000000400000080,4144465061790,4336,1506
1762725599,0000004000000080,4144486201549,3049,1507
1762725603,0000004000000002,4144525581292,688,1508
1762725627,0000000100000001,4144762797454,1999,1509
1762725657,0000000c00000008,4145062882103,4730,1510
1762725691,0000000200000002,4145405424163,4897,1511
1762725691,0000000400000008,4145406953977,4806,1512
1762725710,0000000100000001,4145589747699,4202,1513
1762725712,0000000100000080,4145609958891,2970,1514
1762725722,0000004000000001,4145715656528,1814,1515
1762725728,0000000100000003,4145776296105,3358,1516
1762725730,0000000400000002,4145798409236,2029,1517
1762725749,0000000400000001,4145980708926,1449,1518
1762725765,0000004000000004,4146143239608,2061,1519
1762725771,0000004000000083,4146203156085,3655,1520
1762725784,0000000100000003,4146338367656,715,1521
1762725799,0000000500000001,4146484882661,2284,1522
1762725806,0000000400000080,4146551354509,3482,1523
1762725812,0000000400000001,4146617921320,4679,1524
1762725817,0000000400000001,4146661969578,2022,1525
1762725819,0000000100000008,4146684836057,650,1526
1762725822,0000004000000080,4146709776088,4350,1527
1762725827,0000008000000080,4146765863349,966,1528
1762725835,0000000100000001,4146844892190,1404,1529
1762725843,0000004000000002,4146926764782,1675,1530
1762725844,0000008000000002,4146929563071,1505,1531
1762725845,0000000100000008,4146940156441,869,1532
1762725846,000000c000000080,4146951330753,203,1533
1762725851,0000000100000002,4147004328999,2202,1534
1762725859,0000000400000002,4147086908885,2424,1535
1762725872,0000000800000001,4147219152586,4866,1536
1762725890,0000000400000004,4147391101655,4911,1537
1762725893,0000000100000001,4147423992744,2922,1538
1762725901,0000004000000001,4147505802672,3197,1539
1762725907,0000000800000008,4147560854148,5085,1540
1762725915,0000008000000080,4147643035784,5331,1541
1762725915,0000004000000080,4147644204557,5263,1542
1762725951,0000000400000008,4148002473122,4497,1543
1762725953,0000000100000080,4148020877450,3380,1544
1762725981,0000000800000004,4148302881726,1999,1545
1762725990,0000004000000004,4148392777276,1785,1546
1762726004,0000000800000004,4148532912702,3747,1547
1762726013,0000000100000001,4148625941669,3340,1548
1762726023,0000000100000001,4148727159433,2439,1549
1762726030,0000008000000004,4148794112025,3615,1550
1762726033,0000000400000002,4148821587835,1961,1551
1762726033,0000008000000004,4148825016603,1754,1552
1762726045,0000004000000008,4148939722143,5240,1553
1762726059,0000000100000001,4149079546663,2024,1554
1762726068,0000004000000004,4149171555955,1684,1555
1762726070,0000000800000004,4149196980638,161,1556
1762726071,0000000100000008,4149199802134,5178,1557
1762726077,0000008000000080,4149259986383,1557,1558
1762726104,0000008000000004,4149537386115,459,1559
1762726107,0000008000000008,4149563827044,4065,1560
1762726120,0000000400000080,4149694207317,1406,1561
1762726123,0000000800000004,4149724381965,4792,1562
1762726124,0000000400000080,4149738293841,3956,1563
1762726156,0000004000000001,4150057852735,315,1564
1762726173,0000000100000008,4150226056101,583,1565
1762726175,0000000100000001,4150243463065,4734,1566
1762726192,0000000100000003,4150411999066,4977,1567
1762726200,0000000800000080,4150490696936,246,1568
1762726205,0000008000000020,4150545286763,2151,1569
1762726209,0000000400000002,4150588838145,4733,1570
1762726210,0000004000000002,4150595812749,4314,1571
1762726224,0000000800000008,4150731150345,1356,1572
1762726228,0000000100000008,4150774897729,3927,1573
1762726237,0000004000000002,4150863492229,3790,1574
1762726250,0000000100000008,4150994257335,1111,1575
1762726252,0000000400000001,4151015954485,5005,1576
1762726266,0000000800000002,4151152039277,2010,1577
1762726296,0000008000000080,4151449834095,4877,1578
1762726299,0000000800000008,4151488986002,2510,1579
1762726341,0000008000000002,4151902784503,3598,1580
1762726345,0000004000000080,4151939793457,1367,1581
1762726359,0000004000000002,4152085797556,2967,1582
1762726360,0000000800000080,4152089534360,2742,1583
1762726369,0000004000000008,4152188647375,1981,1584
1762726374,0000000100000003,4152235469821,4368,1585
1762726378,0000000100000001,4152270351371,2257,1586
1762726392,0000000800000001,4152414332653,3994,1587
1762726405,0000008000000008,4152540286667,1604,1588
1762726411,0000008800000004,4152602692826,3037,1589
1762726412,0000004400000002,4152614214328,2347,1590
1762726413,0000004000000001,4152623201725,1810,1591
1762726428,0000008000000002,4152775711561,3018,1592
1762726443,0000004000000008,4152924248743,4487,1593
1762726452,0000000800000002,4153015468554,4192,1594
1762726454,0000000800000080,4153030874542,3254,1595
1762726470,0000000100000001,4153196420861,3690,1596
1762726475,0000000100000001,4153245827940,716,1597
1762726482,0000004000000001,4153317463830,1599,1598
1762726493,0000004000000081,4153422365205,488,1599
1762726494,0000004000000008,4153432727919,5055,1600
1762726498,0000000800000002,4153472818183,2635,1601
1762726499,0000000100000001,4153483434993,2004,1602
1762726502,0000000100000008,4153514084099,165,1603
1762726506,0000000800000002,4153549616277,3212,1604
1762726512,0000000d00000001,4153610136398,1187,1605
1762726544,0000004000000002,4153931775061,1002,1606
1762726545,0000004000000080,4153946629891,5303,1607
1762726546,000000c000000080,4153951840257,4993,1608
1762726560,0000000900000002,4154097061308,1447,1609
1762726575,0000000400000080,4154242103463,3107,1610
1762726580,0000000100000008,4154296095405,5059,1611
1762726584,0000004000000004,4154335467718,2681,1612
1762726585,0000000400000004,4154340173874,2402,1613
1762726595,0000000100000004,4154440058170,1585,1614
1762726603,0000008000000080,4154524247841,1721,1615
1762726610,0000008000000080,4154589472121,2985,1616
1762726618,0000008000000080,4154677205394,2900,1617
1762726619,0000000100000001,4154687924134,2260,1618
1762726620,0000000800000001,4154695828870,1789,1619
1762726634,0000000400000008,4154836890055,3694,1620
1762726636,0000008000000080,4154850012536,2893,1621
1762726637,0000000800000008,4154863373937,2096,1622
1762726645,0000008000000080,4154947173112,2247,1623
1762726647,0000000100000001,4154959436506,1511,1624
1762726651,0000000400000004,4155008419912,3767,1625
1762726653,0000000800000008,4155028449510,2547,1626
1762726656,0000000400000080,4155052633937,1099,1627
1762726662,0000000100000003,4155110044880,2832,1628
1762726667,0000000400000001,4155167195255,4605,1629
1762726670,0000000100000002,4155193946515,2980,1630
1762726673,0000004000000002,4155226078151,1053,1631
1762726680,0000000400000001,4155295523038,2065,1632
1762726686,0000000100000080,4155357544569,3536,1633
1762726695,0000000400000002,4155446864690,3353,1634
1762726712,0000000100000001,4155612027907,3813,1635
1762726717,0000008000000080,4155659708713,940,1636
1762726721,0000000100000001,4155706598805,3312,1637
1762726724,0000004000000002,4155733258375,1710,1638
1762726741,0000008000000020,3606152512197,1563,1639
1762726745,0000000100000004,4155939255222,4903,1640
1762726749,0000008000000004,4155984990217,2147,1641
1762726762,0000004000000004,4156116918089,4608,1642
1762726765,0000000100000003,4156144702449,2922,1643
1762726769,0000000100000080,4156181138376,740,1644
1762726770,0000000200000004,4156191226029,5322,1645
1762726770,0000000400000002,4156199022041,4860,1646
1762726796,0000008000000080,4156453544936,5126,1647
1762726816,0000004000000080,4156656665245,3293,1648
1762726818,0000000800000004,4156674726307,2208,1649
1762726818,0000008000000080,4156676896467,2078,1650
1762726826,0000000400000004,4156756465047,2481,1651
1762726840,0000008000000080,4156895489873,4521,1652
1762726849,0000000400000002,4156988714319,4105,1653
1762726855,0000008000000002,4157040983081,953,1654
1762726862,0000008000000004,4157110712574,1953,1655
1762726877,0000008000000080,4157259302818,3402,1656
1762726881,0000000100000002,4157304041384,714,1657
1762726922,0000004000000002,4157718206650,1767,1658
1762726943,0000000100000001,4157923811643,4983,1659
1762726953,0000004000000001,4158026545005,4002,1660
1762726956,0000000100000001,4158055244874,2264,1661
1762727002,0000000100000004,4158515474141,559,1662
1762727012,0000008000000080,4158618612705,4744,1663
1762727020,0000000100000004,4158694526735,177,1664
1762727023,0000008000000080,4158723115567,3648,1665
1762727024,0000008000000080,4158738346898,2720,1666
1762727032,0000008000000080,4158816928720,3193,1667
1762727045,0000004800000002,4158942482565,838,1668
1762727053,0000000100000004,4159028661682,848,1669
1762727055,0000000400000002,4159044908970,5064,1670
1762727089,0000000100000003,4159383403602,289,1671
1762727100,0000004000000008,4159490012564,4267,1672
1762727107,0000000100000001,4159565995588,4886,1673
1762727108,0000008000000080,4159575514245,4319,1674
1762727118,0000000100000080,4159672523990,3671,1675
1762727121,0000000400000002,4159701358878,1934,1676
1762727122,0000004000000002,4159718191712,920,1677
1762727126,0000008000000001,4159750526046,4178,1678
1762727127,0000008000000002,4159765718577,3253,1679
1762727127,0000004100000080,4159767891002,3119,1680
1762727128,0000000100000001,4159775717033,2646,1681
1762727138,0000000800000080,4159875629681,1838,1682
1762727168,0000000400000002,4160173642657,4693,1683
1762727181,0000000100000001,4160307473025,1830,1684
1762727191,0000000800000008,4160399701959,1474,1685
1762727195,0000008000000080,4160448325668,3750,1686
1762727205,0000008000000080,4160546021111,3057,1687
1762727218,0000000100000001,4160671221387,727,1688
1762727229,0000000800000001,4160782314554,4440,1689
1762727235,0000004000000080,4160842572294,807,1690
1762727306,0000000300000001,4161554488055,4734,1691
1762727315,0000004000000004,4161645357829,4462,1692
1762727317,0000000100000002,4161663375476,3369,1693
1762727318,0000008000000004,4161673385934,2760,1694
1762727327,0000004000000004,4161764860365,2453,1695
1762727331,0000004000000080,4161799407706,387,1696
1762727332,0000004000000080,4161818810686,4417,1697
1762727345,0000000100000001,4161947983435,1833,1698
1762727366,0000000100000001,4162155319725,4945,1699
1762727371,0000000400000002,4162208880586,1719,1700
1762727389,0000008000000002,4162385076783,1507,1701
1762727392,0000000100000001,4162410481130,5175,1702
1762727402,0000000800000001,4162518936204,3850,1703
1762727403,0000008000000080,4162528402100,3272,1704
1762727419,0000008000000080,4162682976955,4374,1705
1762727422,0000000100000002,4162711803809,2623,1706
1762727429,0000000100000004,4162784153482,3472,1707
1762727439,0000004000000080,4162887864586,2423,1708
1762727450,0000008000000002,4162992088525,1349,1709
1762727458,0000008000000001,4163071414358,1775,1710
1762727458,0000008000000001,4163072708831,1696,1711
1762727458,0000000100000001,4163077636607,1397,1712
1762727476,0000008000000008,4163256087602,1050,1713
1762727487,0000004000000002,4163361479564,5101,1714
1762727490,0000008000000080,4163396441899,2990,1715
1762727537,0000004000000002,4163860162346,1070,1716
1762727537,0000008000000001,4163861141945,1012,1717
1762727543,0000000400000004,4163925489789,2333,1718
1762727579,0000000e00000002,4164279400948,1824,1719
1762727587,0000000400000008,4164360565214,2134,1720
1762727588,0000000800000008,4164376185752,1192,1721
1762727594,0000000800000002,4164438931028,2608,1722
1762727622,0000000100000001,4164710546683,1859,1723
1762727632,0000000100000001,4164810296958,1049,1724
1762727636,0000000100000008,4164856715373,3454,1725
1762727639,0000000100000002,4164879875877,2059,1726
1762727646,0000000400000001,4164953551405,2813,1727
1762727652,0000008000000008,4165013700568,4407,1728
1762727661,0000000800000008,4165100284078,4393,1729
1762727704,0000004000000080,4165531040382,4451,1730
1762727707,0000000400000080,4165559236363,2737,1731
1762727715,0000000100000002,4165642435177,2927,1732
1762727716,0000004000000080,4165649334289,2513,1733
1762727719,0000004000000002,4165686841480,269,1734
1762727751,0000004000000008,4166007150382,1771,1735
1762727752,0000004000000004,4166010623491,1561,1736
1762727752,0000004000000001,4166013827183,1367,1737
1762727763,0000000100000001,4166123825152,5141,1738
1762727769,0000000100000080,4166188333991,1257,1739
1762727784,0000000400000002,4166332725524,2955,1740
1762727793,0000000400000008,4166418965272,2961,1741
1762727794,0000000800000004,4166436343593,1924,1742
1762727797,0000000800000004,4166459457387,538,1743
1762727811,0000000800000008,4166602039392,2339,1744
1762727815,0000004000000080,4166647968742,4782,1745
1762727816,0000004000000008,4166657692598,4198,1746
1762727828,0000000400000002,4166777560093,2171,1747
1762727832,0000000500000001,4166811492105,5325,1748
1762727838,0000004000000005,4166875004404,1504,1749
1762727850,0000008000000008,4166992361582,4839,1750
1762727854,0000008000000008,4167033430690,2359,1751
1762727874,0000000800000008,4167238675755,410,1752
1762727892,0000000800000008,4167411257103,417,1753
1762727904,0000008000000004,4167529328342,3700,1754
1762727907,0000000100000002,4167566268387,1473,1755
1762727914,0000008000000080,4167638857783,2299,1756
1762727919,0000008000000008,4167688046754,4545,1757
1762727922,0000008000000080,4167718852564,2675,1758
1762727933,0000004000000004,4167823128246,1605,1759
1762727951,0000000100000002,4168007632067,895,1760
1762727958,0000000800000001,4168070112293,2325,1761
1762727959,0000008000000004,4168085481354,1403,1762
1762727964,0000000100000080,4168135161359,3613,1763
1762727971,0000000100000002,4168202838354,4741,1764
1762727995,0000000100000004,4168439785726,868,1765
1762727997,0000000800000004,4168465053543,4552,1766
1762728013,0000000400000004,4168624786841,5320,1767
1762728018,000000c000000080,4168669806089,2607,1768
1762728048,0000000800000001,4168976136448,4966,1769
1762728053,0000000100000001,4169019699482,2337,1770
1762728079,0000008000000080,4169283524579,2053,1771
1762728079,0000008000000004,4169288756781,1739,1772
1762728084,0000000400000008,4169333996223,4221,1773
1762728087,0000000800000008,4169366832592,2233,1774
1762728096,0000000800000001,4169455455678,2098,1775
1762728109,0000000200000002,4169584151620,4751,1776
1762728117,0000008000000080,4169665207176,5065,1777
1762728117,0000000800000002,4169666494399,4989,1778
1762728117,0000008000000080,4169667285048,4942,1779
1762728118,0000000100000002,4169674634298,4506,1780
1762728140,0000000400000001,4169889347353,1968,1781
1762728149,0000008000000002,4169988849079,1173,1782
1762728180,0000008000000004,4170290943094,3785,1783
1762728182,0000008000000080,4170310919044,2571,1784
1762728185,0000000100000003,4170342846748,662,1785
1762728186,0000008000000080,4170358193303,4932,1786
1762728187,0000008000000080,4170366133691,4460,1787
1762728194,0000008000000080,4170435977307,255,1788
1762728201,0000004000000080,4170505210444,1276,1789
1762728202,0000008000000080,4170515116610,686,1790
1762728225,0000004000000008,4170743096266,2543,1791
1762728237,0000000400000008,4170865443554,391,1792
1762728242,0000000800000080,4170910375147,2868,1793
1762728269,0000004000000008,4171184180864,1987,1794
1762728290,0000000400000001,4171393400041,4987,1795
1762728294,0000008000000080,4171435650649,2437,1796
1762728317,0000008000000008,4171665620858,4199,1797
1762728319,0000008000000080,4171680841195,3273,1798
1762728344,0000000800000080,4171932299739,3735,1799
1762728356,0000004000000002,4172053135433,1656,1800
1762728360,0000000400000004,4172094601378,4365,1801
1762728381,0000008000000080,4172307689745,1927,1802
1762728382,0000000400000001,4172313510591,1575,1803
1762728422,0000000100000080,4172717990644,3210,1804
1762728437,0000000100000001,4172866410542,4682,1805
1762728443,0000000100000001,4172925003489,1147,1806
1762728446,0000004000000001,4172954299701,4589,1807
1762728449,0000008000000080,4172979371716,3066,1808
1762728450,0000004000000004,4172989349494,2466,1809
1762728450,0000000100000001,4172998327550,1933,1810
1762728457,0000004000000080,4173068640870,2889,1811
1762728473,0000004000000001,4173223725011,3964,1812
1762728493,0000008000000080,4173428611745,2018,1813
1762728501,0000000400000002,4173503196061,2717,1814
1762728517,0000000800000080,4173667079594,3252,1815
1762728519,0000004000000080,4173678982871,2532,1816
1762728546,0000008000000080,4173951345463,1737,1817
1762728548,0000008000000080,4173978370784,5304,1818
1762728581,0000000800000080,4174306630050,1139,1819
1762728609,0000000100000001,4174587161439,5042,1820
1762728613,0000000100000001,4174619995898,3060,1821
1762728617,0000000100000004,4174661967560,546,1822
1762728619,0000000800000002,4174680115964,4653,1823
1762728627,0000000400000080,4174763615577,4821,1824
1762728630,0000000400000080,4174794157736,2971,1825
1762728644,0000000100000002,4174936952687,4783,1826
1762728647,0000000100000004,4174963320094,3188,1827
1762728648,0000008000000080,4174974990053,2482,1828
1762728649,0000008000000001,4174981059029,2123,1829
1762728690,0000000100000001,4175397764862,3019,1830
1762728695,0000000100000008,4175446490829,5287,1831
1762728697,0000004000000008,4175465953155,4126,1832
1762728711,0000004000000004,4175601462165,1158,1833
1762728749,0000008000000080,4175980777069,4324,1834
1762728749,0000000100000004,4175982081854,4244,1835
1762728756,0000008000000004,4176055274163,5026,1836
1762728766,0000000100000001,4176158307289,4029,1837
1762728770,0000008000000080,4176189755109,2129,1838
1762728778,0000008000000080,4176273850182,2262,1839
1762728782,0000000100000003,4176314508062,5015,1840
1762728792,0000008000000080,4176409497451,4503,1841
1762728793,0000000400000080,4176427848554,3389,1842
1762728794,0000000400000004,4176436433935,2865,1843
1762728797,0000000100000001,4176465875464,1100,1844
1762728811,0000000200000002,4176604779229,3129,1845
1762728816,0000000400000080,4176649849873,429,1846
1762728842,0000000400000004,4176912067290,238,1847
1762728864,0000008000000080,4177134989175,2398,1848
1762728870,0000000800000002,4177189063020,4355,1849
1762728884,0000004000000080,4177330119999,1053,1850
1762728890,0000000100000001,4177395930657,2285,1851
1762728892,0000008800000008,4177410971344,1381,1852
1762728894,0000000800000004,4177430161156,235,1853
1762728894,000000c000000080,4177430664455,206,1854
1762728894,0000000400000080,4177434592480,5156,1855
1762728902,0000000200000001,4177516643036,227,1856
1762728927,0000004000000008,4177759659932,1182,1857
1762728928,0000000400000001,4177773566349,354,1858
1762728954,0000008000000080,4178030460763,482,1859
1762728959,0000000100000080,4178081801465,2575,1860
1762728962,0000008000000002,4178109376829,922,1861
1762728964,0000000400000004,4178138374305,4383,1862
1762728971,0000000100000080,4178203549689,458,1863
1762728990,0000000100000001,4178389793512,4836,1864
1762728995,0000008000000080,4178441011759,1751,1865
1762729000,0000008000000001,4178498163192,3508,1866
1762729008,0000004000000004,4178572576034,4232,1867
1762729012,0000000800000001,4178614498639,1702,1868
1762729013,0000004000000002,4178622163147,1238,1869
1762729015,0000000100000008,4178643965178,5124,1870
1762729021,0000008000000008,4178700397993,1729,1871
1762729023,0000000100000001,4178720977963,496,1872
1762729032,0000000400000008,4178813347129,5321,1873
1762729038,0000008000000004,4178876621273,1515,1874
1762729046,0000004000000008,4178957637608,1838,1875
1762729065,0000004000000001,4179146696936,852,1876
1762729067,0000004000000080,4179161169984,5176,1877
1762729114,0000000100000001,4179638454830,2428,1878
1762729119,0000000400000001,4179688578662,4622,1879
1762729123,0000008000000080,4179721627614,2618,1880
1762729132,000000c000000080,4179812506550,2347,1881
1762729141,0000000100000001,4179907509714,1832,1882
1762729161,0000000500000003,4180105870297,293,1883
1762729166,0000000800000004,4180158338194,2322,1884
1762729179,0000000100000002,4180282407871,5249,1885
1762729189,0000000800000008,4180388478409,4072,1886
1762729190,0000000400000002,4180395206939,3661,1887
1762729205,0000008000000002,4180548253223,4845,1888
1762729231,0000000100000002,4180807255956,4846,1889
1762729244,0000000100000001,4180930428254,2618,1890
1762729263,0000000400000080,4181128570103,1092,1891
1762729269,0000008000000080,4181183029026,3005,1892
1762729272,0000000800000080,4181212755308,1221,1893
1762729282,000000c000000080,4181316410738,191,1894
1762729284,0000004000000080,4181331589973,4473,1895
1762729291,0000000400000004,4181405204481,5229,1896
1762729294,0000004000000080,4181430733429,3698,1897
1762729300,0000000100000001,4181495142787,5016,1898
1762729326,0000000100000001,4181757655875,4810,1899
1762729330,0000000100000008,4181794626334,2572,1900
1762729335,0000000100000001,4181846964633,4634,1901
1762729335,0000008000000080,4181847533336,4601,1902
1762729338,0000000800000004,4181874592085,2956,1903
1762729354,0000004000000004,4182029627731,4034,1904
1762729365,0000008000000080,4182139359104,2611,1905
1762729378,0000000100000004,4182275286247,4837,1906
1762729409,0000000100000001,4182578936061,2145,1907
1762729417,0000004000000001,4182668214377,1971,1908
1762729430,0000000100000001,4182797278508,4602,1909
1762729436,0000000100000006,4182854579707,1145,1910
1762729443,0000004000000008,4182923562155,2189,1911
1762729461,0000008000000002,4183102963250,1789,1912
1762729508,0000004000000008,4183575660001,4525,1913
1762729512,0000008000000004,4183614421049,2182,1914
1762729519,0000000100000004,4183685118315,3121,1915
1762729538,0000000400000004,4183873746380,2166,1916
1762729551,0000008000000004,4184001310906,4886,1917
1762729558,0000004000000001,4184068610812,834,1918
1762729560,0000008000000080,4184091355101,4667,1919
1762729568,0000000100000002,4184172055993,5000,1920
1762729571,0000000100000001,4184202661233,3152,1921
1762729596,0000000100000001,4184456995525,3439,1922
1762729615,0000000800000001,4184647424944,2369,1923
1762729623,0000000100000008,4184720726364,3152,1924
1762729623,0000000100000001,4184727386883,2748,1925
1762729626,0000004000000004,4184757976102,916,1926
1762729630,0000000500000001,4184796769184,3783,1927
1762729643,0000008000000002,4184922707158,1392,1928
1762729652,0000000100000080,4185018100421,852,1929
1762729662,0000000800000004,4185117509328,5258,1930
1762729691,0000000800000080,4185401619179,3755,1931
1762729698,0000008000000080,4185472144275,4708,1932
1762729699,0000008000000002,4185483569470,4022,1933
1762729702,0000000100000001,4185518047834,1942,1934
1762729725,0000008000000002,4185740974245,4121,1935
1762729737,0000000800000008,4185859799753,2157,1936
1762729764,0000004000000002,4186136347123,1104,1937
1762729767,0000008000000080,4186164966238,4587,1938
1762729788,0000000100000002,4186374129777,2377,1939
1762729798,0000008000000008,4186477331230,1367,1940
1762729809,0000000800000008,4186583485686,184,1941
1762729835,0000004000000080,4186848186551,5031,1942
1762729844,0000004400000001,4186937685989,4846,1943
1762729847,0000000100000008,4186958721690,3578,1944
1762729856,0000000100000001,4187054041870,3028,1945
1762729867,0000004000000004,4187164594802,1578,1946
1762729881,0000000800000004,4187300370648,3806,1947
1762729884,0000004000000008,4187331593203,1923,1948
1762729886,0000000100000002,4187353958109,581,1949
1762729907,0000000800000006,4187568013544,3278,1950
1762729909,0000000100000001,4187578957278,2614,1951
1762729924,0000000100000004,4187731430318,3845,1952
1762729926,0000008000000080,4187751584571,2619,1953
1762729926,0000008000000008,4187757543247,2265,1954
1762729931,0000000800000001,4187808122631,4430,1955
1762729947,0000008000000080,4187959902636,488,1956
1762729953,0000004000000080,4188018950807,2124,1957
1762729964,0000008000000080,4188129866599,650,1958
1762729974,0000000800000004,4188231455518,4927,1959
1762729981,0000000800000004,4188307944234,329,1960
1762729988,0000008000000001,4188371665559,1684,1961
1762730007,0000008000000004,4188561539869,654,1962
1762730009,0000008000000080,4188586515105,4352,1963
1762730010,0000008000000004,4188595776435,3791,1964
1762730031,0000008000000004,4188800976584,1830,1965
1762730044,0000000400000001,4188930209076,4453,1966
1762730072,0000004000000080,4189213459685,2979,1967
1762730078,0000000800000001,4189276672119,4387,1968
1762730095,0000008000000004,4189439365163,4980,1969
1762730100,0000004000000008,4189495975148,1572,1970
1762730117,0000008000000080,4189658912218,2157,1971
1762730121,0000000100000004,4189707609212,4433,1972
1762730129,0000000400000002,4189786359834,4885,1973
1762730132,0000004000000080,4189814133632,3207,1974
1762730147,0000000800000004,4189966726268,4428,1975
1762730160,0000000400000002,4190096601234,1801,1976
1762730179,0000000400000080,4190284632648,878,1977
1762730203,0000004000000008,4190522906718,2125,1978
1762730203,0000000100000001,4190528140126,1813,1979
1762730221,0000000800000001,4190703059444,1678,1980
1762730221,0000008000000008,4190705094020,1554,1981
1762730266,0000000100000080,4191152498260,616,1982
1762730267,0000000400000008,4191163091993,5168,1983
1762730273,0000000100000080,4191219478052,1777,1984
1762730277,0000000400000001,4191268181048,4049,1985
1762730278,0000000100000001,4191273687898,3713,1986
1762730314,0000004000000008,4191636329487,2662,1987
1762730316,0000008000000008,4191655764774,1500,1988
1762730324,0000000800000001,4191734320729,1971,1989
1762730328,0000000c00000001,4191777998107,4547,1990
1762730339,0000000800000004,4191883326845,3394,1991
1762730344,0000008000000080,4191930342606,571,1992
1762730367,0000004000000001,4192166893844,1919,1993
1762730374,0000000800000004,4192237993201,2828,1994
1762730390,0000000100000001,4192396591198,3688,1995
1762730406,0000008000000004,4192556860594,4440,1996
1762730413,0000000800000080,4192622628638,479,1997
1762730423,0000008000000080,4192723560999,4797,1998
1762730437,0000000100000001,4192862011635,1656,1999
1762730443,0000008000000080,4192927642953,2894,2000
1762730448,0000000100000001,4192970036791,358,2001
1762730459,0000000100000002,4193078487057,4225,2002
1762730462,0000008000000080,4193113960116,2081,2003
1762730465,0000000100000002,4193147440671,5260,2004
1762730468,0000008000000004,4193175103723,3600,2005
1762730469,0000000400000002,4193181221907,3227,2006
1762730471,0000008000000080,4193204856951,1809,2007
1762730473,0000004000000080,4193224150143,650,2008
1762730478,0000000100000002,4193272923305,2900,2009
1762730478,0000000400000002,4193274422013,2809,2010
1762730486,0000008000000001,4193352772441,3295,2011
1762730491,0000000400000002,4193401635365,365,2012
1762730492,0000008000000080,4193417119282,4630,2013
1762730497,0000000800000001,4193459700776,2060,2014
1762730502,000000040000000c,4193510666370,4197,2015
1762730526,0000004000000004,4193750970637,5313,2016
1762730544,0000000800000004,4193935541734,4609,2017
1762730554,0000008000000008,4194032818392,3950,2018
1762730567,0000008000000004,4194160625819,1447,2019
1762730573,0000000400000080,4194223705836,2840,2020
1762730581,0000000100000003,4194302505293,3299,2021
1762730584,0000004000000001,4194332892659,1472,2022
1762730587,0000000400000001,4194361399578,4955,2023
1762730590,0000008000000080,4194388899029,3296,2024
1762730633,0000000100000002,4194827903516,2852,2025
1762730637,0000000100000008,4194867462047,486,2026
1762730638,0000000800000004,4194878153687,5034,2027
1762730641,0000000100000004,4194908261102,3217,2028
1762730644,0000004000000001,4194929443452,1946,2029
1762730646,0000004000000080,4194956753508,308,2030
1762730664,0000004000000080,4195134614655,5187,2031
1762730666,0000008000000002,4195148711257,4348,2032
1762730666,0000000100000001,4195149588844,4295,2033
1762730673,0000004000000004,4195222548356,5091,2034
1762730713,0000000100000001,4195628137648,1467,2035
1762730727,0000000100000001,4195766447654,3539,2036
1762730742,0000000100000001,4195912360702,5147,2037
1762730745,0000000100000001,4195941281622,3407,2038
1762730747,0000008000000080,4195962573445,2126,2039
1762730761,0000008000000080,4196102457578,4108,2040
1762730767,0000008000000080,4196164755457,358,2041
1762730780,0000000100000008,4196295700472,2855,2042
1762730786,000000400000000a,4196356727236,4396,2043
1762730794,0000000100000001,4196433261161,4980,2044
1762730799,0000000400000004,4196487612596,1706,2045
1762730800,0000004000000002,4196492314833,1422,2046
1762730809,0000000800000001,4196581269387,1264,2047
1762730824,0000000400000040,4196735675651,2362,0
1762730833,0000000400000002,4196825967108,2128,1
1762730834,0000000400000001,4196830330297,1867,2
1762730838,0000004000000001,4196870580816,4648,3
1762730845,0000000800000080,4196946296059,5277,4
1762730851,0000008000000080,4197007711321,1583,5
1762730852,0000000800000001,4197008486021,1537,6
1762730855,0000000100000002,4197043274141,4647,7
1762730875,0000004000000002,4197246619656,2786,8
1762730891,0000000400000002,4197407108223,3531,9
1762730893,0000004000000008,4197422657235,2586,10
1762730901,0000004000000004,4197507676392,2665,11
1762730903,0000008000000008,4197522919622,1757,12
1762730907,0000004000000004,4197562566824,4574,13
1762730919,0000008000000080,4197686240951,2317,14
1762730927,0000000100000001,4197766765211,2663,15
1762730931,0000008000000080,4197802926352,500,16
1762730947,0000000100000080,4197958857020,1501,17
1762730957,0000000400000004,4198060491581,587,18
1762731003,0000004000000002,4198524000272,3870,19
1762731010,0000000400000004,4198592609234,4935,20
1762731022,0000000400000002,4198714041045,2812,21
1762731024,0000004000000002,4198735038676,1556,22
1762731025,0000000800000008,4198740648896,1216,23
1762731026,0000000400000080,4198754423856,397,24
1762731028,0000000500000001,4198771058001,4593,25
1762731058,0000000100000001,4199070201652,2170,26
1762731061,0000008000000080,4199103313243,187,27
1762731064,0000008000000004,4199135088438,3464,28
1762731088,0000008000000002,4199373079436,4735,29
1762731114,0000008000000080,4199631838093,4751,30
1762731115,0000004000000004,4199644373299,3998,31
1762731121,0000000100000004,4199700503226,619,32
1762731135,0000000100000001,4199841498683,2513,33
1762731139,0000000100000001,4199880530287,178,34
1762731142,0000000800000008,4199913846728,3362,35
1762731142,0000004000000080,4199917228633,3154,36
1762731143,0000000100000001,4199917827637,3118,37
1762731143,0000008000000080,4199924787311,2695,38
1762731167,0000008000000080,4200168006491,3659,39
1762731177,0000000100000004,4200262681415,3150,40
1762731180,0000004000000001,4200294569488,1233,41
1762731190,0000008000000080,4200393810006,465,42
1762731194,0000000100000004,4200435116628,3165,43
1762731195,0000000100000001,4200439038361,2926,44
1762731202,0000008000000001,4200510439057,3839,45
1762731236,0000000800000008,4200849412733,4227,46
1762731252,0000000100000003,4201009360669,4986,47
1762731257,0000004000000002,4201064596474,1661,48
1762731263,000000020000000c,4201120143187,3516,49
1762731271,0000000400000008,4201204971805,3609,50
1762731273,0000000100000001,4201221215546,2619,51
1762731293,0000000100000080,4201426701702,658,52
1762731299,0000008000000002,4201487601101,2184,53
1762731313,0000000100000001,4201618945177,4679,54
1762731338,0000008000000080,4201870319052,5133,55
1762731354,0000008000000004,4202028203748,830,56
1762731365,0000000100000001,4202142551141,4349,57
1762731373,0000000800000001,4202226848661,4473,58
1762731379,0000008000000080,4202284647266,985,59
1762731395,0000000100000001,4202445424678,1701,60
1762731398,0000000400000080,4202468238657,335,61
1762731398,0000008000000080,4202474315969,5158,62
1762731409,0000004000000001,4202582742358,3835,63
1762731419,0000000400000002,4202687242909,2729,64
1762731420,0000008000000080,4202696029622,2206,65
1762731442,0000000400000004,4202909629114,4945,66
1762731459,0000000400000004,4203078747911,5157,67
1762731468,0000000100000001,4203176433678,4483,68
1762731479,0000000100000002,4203278616651,3523,69
1762731481,0000000400000004,4203304255737,1980,70
1762731491,0000008000000004,4203405692463,1068,71
1762731496,0000000800000008,4203457004058,3174,72
1762731501,0000000100000001,4203498223356,701,73
1762731514,0000000100000003,4203634637103,2874,74
1762731527,0000008000000080,4203763111529,351,75
1762731536,0000000400000080,4203848275275,422,76
1762731544,0000004000000080,4203937260099,265,77
1762731570,0000000400000004,4204195610306,306,78
1762731589,0000000100000001,4204381409066,4712,79
1762731619,0000000400000002,4204681483308,2233,80
1762731622,0000000200000001,4204716579098,5317,81
1762731623,0000008100000080,4204719419309,5148,82
1762731623,0000000100000002,4204726289652,4743,83
1762731650,0000000800000008,4204993293199,4264,84
1762731662,000000c000000080,4205110799951,2376,85
1762731690,0000000400000001,4205397086708,744,86
1762731695,0000000100000001,4205443245456,3154,87
1762731696,0000000100000005,4205450602671,2708,88
1762731710,0000004000000002,4205593488746,4517,89
1762731713,0000000100000080,4205626291478,2528,90
1762731720,0000004000000080,4205695573026,3564,91
1762731731,0000000100000003,4205804171124,2221,92
1762731737,0000000100000001,4205866148996,3693,93
1762731746,0000004000000002,4205950196716,3832,94
1762731763,0000000800000008,4206119582601,4034,95
1762731768,0000000200000002,4206175145897,686,96
1762731772,0000008000000080,4206213674680,3562,97
1762731775,0000008000000080,4206241804158,1869,98
1762731783,0000000800000001,4206326540205,1965,99
1762731802,0000000100000080,4206508490854,1405,100
1762731818,0000004000000002,4206672020455,1958,101
1762731843,0000000400000080,4206918106038,2728,102
1762731906,0000000200000001,4207552623142,924,103
1762731908,0000008000000003,4207570170869,5065,104
1762731917,0000008000000008,4207660288586,4841,105
1762731922,0000000400000002,4207714325839,1585,106
1762731927,0000000400000080,4207766828017,3625,107
1762731943,0000004000000080,4207924808409,4516,108
1762731961,0000000100000001,4208106816197,3952,109
1762731965,0000008000000001,4208140676676,1910,110
1762731995,0000004000000004,4208447324617,4248,111
1762731998,0000008000000008,4208477153452,2438,112
1762731999,0000004000000002,4208484003721,2032,113
1762732004,0000008000000008,4208530533411,4437,114
1762732012,0000000100000003,4208609594313,4869,115
1762732012,000000c000000088,4208613355251,4648,116
1762732015,0000004000000001,4208641018201,2968,117
1762732022,0000008000000080,4208709864881,4035,118
1762732025,0000000800000002,4208742927943,2038,119
1762732031,0000000100000080,4208803078409,3617,120
1762732048,0000004000000004,4208970549331,3935,121
1762732082,0000000100000001,4209317473441,3839,122
1762732090,0000000100000002,4209391725550,4570,123
1762732095,0000008000000008,4209443468358,1448,124
1762732100,0000000c00000080,4209494792390,3557,125
1762732102,0000004000000008,4209515385814,2313,126
1762732110,0000000200000002,4209592095462,2889,127
1762732111,0000000800000001,4209600369924,2394,128
1762732130,0000008000000080,4209797062606,955,129
1762732135,0000000400000008,4209846099529,3195,130
1762732137,0000000100000008,4209863584533,2147,131
1762732144,0000000400000080,4209928391455,3444,132
1762732151,0000004000000081,4209998618498,4423,133
1762732165,0000008000000001,4210141698855,999,134
1762732167,0000008000000002,4210163080691,4912,135
1762732169,0000008000000002,4210181812003,3785,136
1762732192,0000008000000001,4210410374924,425,137
1762732193,0000008000000004,4210418757575,5110,138
1762732196,0000008000000008,4210452594138,3068,139
1762732205,0000004000000080,4210541948904,2885,140
1762732212,0000000100000008,4210614449368,3730,141
1762732219,0000008000000080,4210682812481,4814,142
1762732226,0000008000000008,4210751392083,684,143
1762732245,0000000800000003,4210942125840,4797,144
1762732248,0000000100000003,4210975022670,2803,145
1762732264,0000008000000080,4211128133591,3997,146
1762732274,0000000200000008,4211230706452,3007,147
1762732274,0000000100000001,4211234880369,2754,148
1762732278,0000008000000080,4211271741684,549,149
1762732298,0000004000000004,4211476098564,3839,150
1762732322,0000004000000006,4211713439199,5138,151
1762732328,0000000800000004,4211773789874,1505,152
1762732332,0000008000000080,4211814127490,4284,153
1762732337,0000000400000002,4211858308814,1617,154
1762732344,0000004000000008,4211934044142,2252,155
1762732356,0000008000000080,4212048218313,586,156
1762732362,0000008000000006,4212113129411,1872,157
1762732383,0000008000000008,4212321017299,4950,158
1762732385,0000008000000002,4212340381326,3788,159
1762732401,0000000800000004,4212498141304,4689,160
1762732403,0000000100000002,4212519004800,3425,161
1762732420,0000008000000080,4212693350826,3323,162
1762732420,0000004000000080,4212697165634,3092,163
1762732432,0000008000000080,4212816525018,1109,164
1762732483,0000008000000004,4213321189054,1918,165
1762732496,0000008000000080,4213454902489,4271,166
1762732520,0000000800000080,4213693986918,272,167
1762732545,0000000100000008,4213946408440,667,168
1762732546,0000008000000002,4213957183194,5208,169
1762732551,0000004000000002,4214006522801,2239,170
1762732569,0000000800000002,4214178218827,2298,171
1762732573,0000008000000080,4214221089481,4922,172
1762732591,0000004000000004,4214404377370,4288,173
1762732608,0000008000000002,4214577216958,4279,174
1762732611,0000000800000008,4214606181111,2520,175
1762732613,0000000400000001,4214622529973,1543,176
1762732643,0000000100000001,4214923125924,4241,177
1762732648,0000000800000008,4214975991886,1056,178
1762732652,0000000400000001,4215011891290,4101,179
1762732654,0000000100000001,4215029544222,3023,180
1762732665,0000004000000002,4215139896427,1585,181
1762732668,0000008000000080,4215169593194,4996,182
1762732674,0000000400000080,4215237367286,916,183
1762732677,0000000400000008,4215258918200,4821,184
1762732689,0000000200000004,4215381630144,2618,185
1762732690,0000004000000008,4215394672187,1843,186
1762732702,0000000400000008,4215508733056,182,187
1762732703,0000000400000002,4215520212218,4686,188
1762732712,0000000800000008,4215611397967,4397,189
1762732726,0000004000000002,4215750506132,1210,190
1762732732,0000000100000003,4215807975338,2942,191
1762732738,0000004000000008,4215867837824,4551,192
1762732740,0000000800000004,4215894572999,2927,193
1762732745,0000000800000008,4215941517184,5304,194
1762732757,0000008000000080,4216062196031,3236,195
1762732769,0000004000000001,4216181145533,1274,196
1762732779,0000000100000001,4216286241058,162,197
1762732780,0000000200000001,4216293163472,4930,198
1762732785,0000000800000004,4216344528515,1838,199
1762732791,0000000100000008,4216399073170,3755,200
1762732799,0000008000000080,4216484689416,3800,201
1762732806,0000004000000004,4216549620080,5083,202
1762732807,0000004000000001,4216565560366,4131,203
1762732826,0000000100000004,4216755775823,3063,204
1762732851,0000008000000080,4217000998157,3907,205
1762732862,0000008000000080,4217115086662,2228,206
1762732883,0000000800000080,4217324848358,5195,207
1762732883,0000004000000080,4217326541627,5095,208
1762732886,0000008000000008,4217351532626,3592,209
1762732892,0000000800000002,4217412500553,5117,210
1762732895,0000000100000001,4217446913010,3040,211
1762732900,0000000100000008,4217497433606,5199,212
1762732905,0000008000000080,4217542339428,2492,213
1762732906,0000004000000002,4217552324750,1899,214
1762732912,0000004000000003,4217614955924,3323,215
1762732923,0000000800000001,4217727181449,1768,216
1762732946,0000008000000080,4217950314062,3934,217
1762732952,000000c000000080,4218013211136,162,218
1762732969,000000010000000a,4218178660111,585,219
1762732975,0000000400000008,4218238920576,2147,220
1762732994,0000000800000001,4218429806775,1053,221
1762732996,0000000800000001,4218452568238,4883,222
1762732997,0000000400000001,4218457853909,4570,223
1762733000,0000000100000002,4218492045079,2498,224
1762733009,0000000100000004,4218579500014,2432,225
1762733038,0000000100000001,4218869951831,553,226
1762733042,0000000800000008,4218916333436,2943,227
1762733051,0000008000000080,4219007189739,2671,228
1762733053,0000008000000008,4219021559937,1817,229
1762733065,0000000400000008,4219141331326,5001,230
1762733068,000000c000000080,4219176379048,2883,231
1762733082,0000000100000002,4219314886182,4949,232
1762733100,0000000400000002,4219489742224,4821,233
1762733102,0000008000000080,4219516019324,3225,234
1762733118,0000004000000008,4219675654482,4027,235
1762733123,0000008000000002,4219720490610,1320,236
1762733150,0000000800000080,4219991826404,588,237
1762733164,0000004000000004,4220127815480,2782,238
1762733165,0000000100000002,4220140380661,2034,239
1762733175,0000000400000008,4220245659763,895,240
1762733180,0000000100000008,4220293835768,3188,241
1762733186,0000004000000080,4220356224301,4642,242
1762733186,0000000100000003,4220356715959,4611,243
1762733211,0000000800000008,4220603101891,175,244
1762733237,0000000100000001,4220858348117,403,245
1762733241,0000000400000080,4220902546687,2926,246
1762733275,0000000100000080,4221240217679,3396,247
1762733292,0000000800000002,4221412524198,3418,248
1762733311,0000000400000004,4221603880209,2292,249
1762733318,0000000800000080,4221674114886,3263,250
1762733328,0000008000000080,4221770259523,2667,251
1762733336,0000000800000008,4221854322061,2804,252
1762733345,0000000200000002,4221941734050,2741,253
1762733363,000000040000000e,4222122722092,2247,254
1762733363,0000004000000008,4222123654564,2192,255
1762733364,0000000100000005,4222128892603,1880,256
1762733366,0000004000000001,4222152202104,481,257
1762733371,0000000100000008,4222204533392,2514,258
1762733382,0000000800000080,4222315089451,1064,259
1762733384,0000000400000008,4222327837744,305,260
1762733393,0000000800000080,4222425754933,4802,261
1762733397,0000000800000001,4222458988117,2789,262
1762733399,0000000800000008,4222483705661,1307,263
1762733405,0000008000000080,4222542359598,2969,264
1762733411,0000008000000080,4222599437004,4744,265
1762733412,0000008000000001,4222609253569,4155,266
1762733423,0000008000000080,4222724974687,2375,267
1762733442,0000004000000001,4222915967107,1276,268
1762733449,0000004000000080,4222978027836,2729,269
1762733456,0000004000000008,4223053966766,3362,270
1762733463,0000004000000001,4223125597347,4258,271
1762733466,0000000400000002,4223155586355,2439,272
1762733479,0000004000000008,4223284457967,5081,273
1762733505,0000000400000080,4223539127028,162,274
1762733509,0000000100000001,4223579128287,2930,275
1762733522,0000000c00000001,4223707918005,390,276
1762733530,0000000800000004,4223792825173,476,277
1762733531,0000000400000008,4223803298420,5036,278
1762733531,0000000100000001,4223805993092,4879,279
1762733553,0000000800000008,4224019594470,2407,280
1762733560,0000000100000004,4224097093230,2936,281
1762733561,0000000100000008,4224102185889,2629,282
1762733562,0000000800000008,4224111762432,2061,283
1762733572,0000004000000001,4224213794375,2230,284
1762733575,0000000400000001,4224245198316,4433,285
1762733577,0000000800000001,4224263449683,3322,286
1762733579,0000000800000008,4224279874957,2332,287
1762733579,0000000300000001,4224283698219,2105,288
1762733589,0000000100000008,4224385795663,1157,289
1762733593,0000000100000003,4224419113653,4358,290
1762733596,0000000100000001,4224454831375,2199,291
1762733608,0000000100000004,4224575921101,5304,292
1762733618,0000008000000004,4224675814017,4498,293
1762733625,0000000100000002,4224739609280,654,294
1762733657,0000004000000004,4225057558010,2298,295
1762733668,0000000800000080,4225169385194,769,296
1762733672,0000000100000080,4225217048690,3089,297
1762733673,0000000100000001,4225218638817,2993,298
1762733677,0000000100000001,4225265767094,170,299
1762733724,0000008000000001,4225732712332,3236,300
1762733729,0000004000000004,4225780349406,379,301
1762733729,0000008000000080,4225787247357,5153,302
1762733743,0000008000000080,4225923703242,2137,303
1762733745,0000000100000080,4225941474212,1067,304
1762733760,0000000100000001,4226096517963,2129,305
1762733773,0000008000000008,4226222964676,4918,306
1762733776,0000000100000001,4226256505557,2887,307
1762733812,0000000400000002,4226614119791,2157,308
1762733851,0000000100000001,4227000430811,4894,309
1762733857,0000000800000001,4227060318974,1285,310
1762733860,0000004000000004,4227095374475,4382,311
1762733885,0000008000000080,4227347357812,4803,312
1762733898,0000004000000004,4227472297967,2469,313
1762733900,0000000400000004,4227489449836,1440,314
1762733962,0000000100000002,4228115022568,177,315
1762733990,0000008000000004,4228391228464,4340,316
1762733997,0000004000000004,4228466962152,4973,317
1762733999,0000000100000008,4228481635772,4095,318
1762734061,0000000100000001,4229103874006,3007,319
1762734070,0000000100000001,4229193964147,2780,320
1762734076,0000004000000008,4229247736589,4754,321
1762734085,0000000200000002,4229347396257,3954,322
1762734088,000000c000000080,4229370750574,2533,323
1762734094,0000004000000008,4229427680701,4321,324
1762734097,0000000100000007,4229459155481,2413,325
1762734098,0000008000000004,4229469310326,1808,326
1762734130,0000000800000080,4229787961376,3415,327
1762734145,0000008000000080,4229943040084,4483,328
1762734156,0000004000000080,4230051557718,3134,329
1762734159,0000000400000001,4230083287060,1228,330
1762734179,0000000100000003,4230281510850,4894,331
1762734181,0000000400000004,4230301220929,3708,332
1762734186,0000000100000001,4230353554232,559,333
1762734225,0000000400000080,4230744697875,2989,334
1762734230,0000008000000008,4230794904080,5171,335
1762734232,0000008000000002,4230816205302,3896,336
1762734247,0000000100000001,4230965774584,5280,337
1762734317,0000000100000001,4231666032736,4714,338
1762734318,0000008000000008,4231672881189,4306,339
1762734318,0000008000000002,4231676625714,4079,340
1762734349,000000c000000080,4231983998835,1153,341
1762734361,0000000100000001,4232097519595,4729,342
1762734394,0000000400000008,4232430348002,288,343
1762734397,0000000800000001,4232458884295,3765,344
1762734397,0000008000000001,4232461124092,3629,345
1762734404,0000000100000004,4232527617340,4825,346
1762734411,0000000800000008,4232605191394,162,347
1762734426,0000008000000080,4232751199889,1758,348
1762734427,0000008000000002,4232758602183,1309,349
1762734428,0000004000000001,4232775300245,314,350
1762734438,0000008000000008,4232871813102,4895,351
1762734439,0000000800000008,4232879966980,4409,352
1762734442,0000008000000080,4232913392522,2384,353
1762734448,0000004000000001,4232969794801,4198,354
1762734480,0000008000000080,4233296542616,5310,355
1762734481,0000008000000080,4233303739984,4882,356
1762734482,0000000100000001,4233310050161,4508,357
1762734484,0000000400000008,4233334232029,3037,358
1762734506,0000000800000008,4233552473788,310,359
1762734515,0000000800000002,4233638735519,314,360
1762734515,0000004000000080,4233646816732,5018,361
1762734518,0000000100000080,4233672422819,3477,362
1762734519,0000000100000001,4233677412452,3171,363
1762734525,0000000800000002,4233744229464,4359,364
1762734538,0000008000000004,4233870388426,1956,365
1762734538,0000000100000001,4233872798334,1810,366
1762734538,0000008000000001,4233873380574,1775,367
1762734570,0000000100000002,4234196732734,3094,368
1762734584,0000004000000080,4234329636137,305,369
1762734587,0000004100000080,4234357963712,3795,370
1762734591,0000000400000080,4234401994796,1138,371
1762734602,0000000100000080,4234516207701,4665,372
1762734606,0000000100000002,4234556552196,2228,373
1762734608,0000000100000004,4234569994315,1420,374
1762734619,0000000400000001,4234681272727,5116,375
1762734643,0000000100000080,4234921204150,1069,376
1762734645,0000000100000002,4234937889914,5261,377
1762734645,0000008000000002,4234943685763,4918,378
1762734660,0000004000000001,4235094725526,1019,379
1762734671,0000000400000002,4235201826877,4970,380
1762734680,0000000100000001,4235288196710,4967,381
1762734683,0000000100000001,4235320764199,2998,382
1762734686,0000004000000002,4235354402696,981,383
1762734754,0000000800000004,4236030730617,1851,384
1762734759,0000000100000008,4236077625830,4233,385
1762734797,0000004000000008,4236460439572,1971,386
1762734800,0000000800000008,4236494893765,5092,387
1762734809,0000000100000002,4236583995008,4930,388
1762734811,0000000100000001,4236597279289,4135,389
1762734844,0000000400000002,4236931170903,4824,390
1762734860,0000000800000080,4237087566820,608,391
1762734912,0000000100000008,4237611547445,254,392
1762734922,0000000100000008,4237715019648,4421,393
1762734924,0000000400000080,4237728400963,3609,394
1762734929,0000008000000080,4237779642766,530,395
1762734937,0000008000000004,4237858185460,994,396
1762734939,0000000800000004,4237880491046,4851,397
1762734939,0000004000000080,4237882942274,4706,398
1762734977,0000000100000001,4238259651190,2805,399
1762734977,0000000800000004,4238266661063,2386,400
1762734988,0000008000000080,4238369929949,1371,401
1762734994,0000000100000001,4238428259723,3052,402
1762734995,0000000100000001,4238438059824,2464,403
1762735012,0000004000000080,4238611347722,4855,404
1762735021,0000000400000001,4238701600564,2195,405
1762735030,0000000100000001,4238791154063,2005,406
1762735056,0000004400000008,4239056281785,1638,407
1762735060,0000008000000080,4239093149315,4624,408
1762735060,0000000100000008,4239094490729,4543,409
1762735123,0000000100000080,4239720467426,3232,410
1762735130,0000008000000001,4239791664607,4156,411
1762735133,0000004000000004,4239817271937,2599,412
1762735158,0000000800000001,4240074314477,2718,413
1762735180,0000000800000008,4240287333094,307,414
1762735198,0000004000000004,4240474168723,4653,415
1762735199,0000008000000080,4240477377934,4460,416
1762735201,0000000800000004,4240506085714,2714,417
1762735216,0000000400000001,4240656633193,4064,418
1762735224,0000008000000080,4240727933890,4964,419
1762735246,0000004000000002,4240954535009,1718,420
1762735266,0000000100000001,4241154806699,5252,421
1762735283,0000000400000080,4241322669554,354,422
1762735283,0000000100000001,4241324833108,225,423
1762735286,0000000100000004,4241356517727,3507,424
1762735294,0000008000000084,4241435854734,3935,425
1762735302,0000000400000008,4241507956207,4791,426
1762735302,0000000100000002,4241509004814,4729,427
1762735303,0000008000000080,4241525870045,3711,428
1762735312,0000000100000008,4241612142568,3715,429
1762735329,0000004000000001,4241786833913,3593,430
1762735334,0000008000000002,4241835886966,643,431
1762735343,0000008000000080,4241923718489,554,432
1762735344,0000008000000080,4241929478317,210,433
1762735362,0000000400000001,4242116881407,4522,434
1762735371,0000000800000002,4242206124634,4348,435
1762735376,0000008000000008,4242253417565,1491,436
1762735397,0000000400000008,4242459063204,4712,437
1762735402,0000008000000080,4242509013666,1700,438
1762735408,0000008000000080,4242573726546,2994,439
1762735414,0000000400000002,4242630493356,4786,440
1762735415,0000004000000001,4242641282536,4142,441
1762735422,0000000400000008,4242711374271,5109,442
1762735461,0000008000000080,4243097874179,2627,443
1762735486,0000008000000001,4243353616373,2826,444
1762735544,0000000400000004,4243936324275,4146,445
1762735545,0000008100000001,4243939382559,3962,446
1762735558,0000008000000002,4244076204966,917,447
1762735567,000000080000000c,4244163923362,836,448
1762735568,0000000800000004,4244169903607,481,449
1762735584,0000000100000080,4244336233685,858,450
1762735602,0000004000000008,4244513263112,601,451
1762735614,0000000400000001,4244631430763,3883,452
1762735619,0000000800000001,4244678966323,1015,453
1762735635,0000004000000004,4244845297550,1396,454
1762735662,0000000800000002,4245108607755,1139,455
1762735674,0000004000000001,4245232333644,4095,456
1762735674,0000008000000002,4245235234578,3920,457
1762735677,0000000100000004,4245258882880,2484,458
1762735680,0000008000000080,4245288060818,736,459
1762735685,0000000800000080,4245339507073,2826,460
1762735703,0000000100000001,4245521913475,2247,461
1762735719,0000000800000001,4245682288410,2983,462
1762735719,0000000100000001,4245686494071,2730,463
1762735734,000000c000000080,4245829126985,4554,464
1762735739,0000000900000001,4245877621221,1628,465
1762735753,0000000100000008,4246025149910,3136,466
1762735768,0000008000000080,4246169095611,4876,467
1762735770,0000000100000080,4246195859304,3258,468
1762735779,0000000800000080,4246281877111,3276,469
1762735786,0000004000000004,4246349238082,4431,470
1762735788,0000004800000080,4246370763499,3122,471
1762735820,0000004000000002,4246694118741,4462,472
1762735823,0000000800000080,4246721601229,2790,473
1762735825,0000000400000004,4246743073201,1505,474
1762735828,0000000800000002,4246768383155,5179,475
1762735833,0000000800000008,4246817577428,2217,476
1762735838,0000004000000001,4246868538730,4356,477
1762735840,0000000100000001,4246893771065,2821,478
1762735846,0000000100000002,4246955490939,4321,479
1762735849,0000008000000008,4246980804701,2780,480
1762735849,0000008000000080,4246985003784,2529,481
1762735871,0000000100000001,4247197141325,169,482
1762735871,0000008000000080,4247202755672,5020,483
1762735875,0000004000000080,4247245573768,2437,484
1762735885,0000004000000001,4247339330554,1998,485
1762735885,0000000100000001,4247345634468,1618,486
1762735916,0000000800000080,4247651919094,3977,487
1762735917,0000000800000001,4247659641338,3506,488
1762735927,0000000800000004,4247764904152,2362,489
1762735934,0000008000000004,4247831572376,3552,490
1762735942,0000000400000004,4247909383935,4072,491
1762735957,0000000100000004,4248063306416,5192,492
1762735961,0000000400000008,4248100765015,2931,493
1762735964,0000000100000008,4248136342656,800,494
1762735984,0000008000000008,4248331885425,4627,495
1762735990,0000008000000002,4248389964586,1121,496
1762736000,0000004000000080,4248494096507,5248,497
1762736019,0000000100000001,4248684518505,4191,498
1762736024,0000008000000008,4248734654430,1163,499
1762736025,0000008000000080,4248741387728,763,500
1762736040,0000004000000004,4248890811670,2158,501
1762736045,0000004000000080,4248944080640,4158,502
1762736058,0000004000000004,4249067434415,1924,503
1762736083,0000008000000080,4249320661301,2270,504
1762736098,0000000400000001,4249474782435,3389,505
1762736110,0000000800000008,4249588217596,1761,506
1762736121,0000008000000080,4249703300645,5224,507
1762736127,0000008000000001,4249760756788,1770,508
1762736130,000000c000000080,4249788353057,5302,509
1762736140,0000008000000008,4249893520297,4179,510
1762736147,0000008000000080,4249960227473,164,511
1762736148,0000000100000001,4249975523821,4442,512
1762736160,0000004000000004,4250096654855,2328,513
1762736163,0000000100000001,4250126564585,544,514
1762736176,0000008000000080,4250254468620,3230,515
1762736178,0000004000000004,4250275901566,1944,516
1762736184,0000000200000002,4250335271927,3569,517
1762736188,0000004000000001,4250376688131,1073,518
1762736203,0000000100000008,4250525256963,2520,519
1762736256,0000004000000002,4251054811752,1836,520
1762736261,0000000400000001,4251099336501,4360,521
1762736267,0000004000000004,4251165742206,362,522
1762736279,0000004000000080,4251282283262,3738,523
1762736299,0000000100000001,4251477794847,2356,524
1762736304,0000000400000008,4251528575077,4510,525
1762736315,0000000200000001,4251642560022,2830,526
1762736316,0000008000000080,4251654717601,2105,527
1762736317,0000000100000001,4251657139056,1961,528
1762736339,0000000100000080,4251886012505,3780,529
1762736341,0000000100000004,4251900389963,2902,530
1762736354,0000000100000008,4252031023093,251,531
1762736354,0000000400000001,4252031710486,210,532
1762736356,0000000400000080,4252056643708,3906,533
1762736358,0000000400000080,4252073020690,2906,534
1762736366,0000004000000001,4252155112440,3165,535
1762736381,0000000400000001,4252304137214,4601,536
1762736386,0000000400000004,4252347816197,1966,537
1762736388,0000000100000001,4252370533813,602,538
1762736397,0000000100000001,4252462512795,265,539
1762736410,0000008000000080,4252594393209,2706,540
1762736413,0000008000000001,4252626887394,762,541
1762736452,0000000100000080,4253011079547,3622,542
1762736459,0000000400000008,4253082959385,4498,543
1762736461,0000000800000002,4253106117497,3089,544
1762736511,0000008000000002,4253600807237,4511,545
1762736515,0000000100000001,4253644758517,1858,546
1762736539,0000000800000008,4253885566777,2946,547
1762736558,0000004000000080,4254070559750,2211,548
1762736567,0000000800000004,4254157832138,2156,549
1762736572,0000004000000002,4254208706773,4300,550
1762736574,0000008000000080,4254227614365,3150,551
1762736583,0000000200000002,4254321180718,2711,552
1762736593,0000000400000004,4254425986555,1608,553
1762736597,0000008000000080,4254465079893,4461,554
1762736601,0000008000000008,4254503871164,2118,555
1762736609,0000000400000002,4254585600210,2390,556
1762736622,0000008000000080,4254709799246,5311,557
1762736622,0000000100000008,4254710939390,5243,558
1762736636,0000008000000001,4254856226239,1697,559
1762736665,0000000800000004,4255146494848,5015,560
1762736682,0000008000000080,4255312307758,239,561
1762736706,0000008000000080,4255550786582,1467,562
1762736712,0000000800000008,4255606990059,3279,563
1762736718,0000008000000080,4255673155424,4507,564
1762736721,000000c000000080,4255697463684,3027,565
1762736724,0000008000000008,4255727922503,1199,566
1762736740,0000008000000004,4255891883090,1727,567
1762736742,0000004000000001,4255913969895,403,568
1762736776,0000008000000008,4256250318191,939,569
1762736786,0000000100000001,4256346945795,327,570
1762736790,0000000400000008,4256389978269,2921,571
1762736796,0000000400000001,4256454769922,4234,572
1762736804,0000004000000080,4256533043902,4718,573
1762736825,0000008000000080,4256739415407,2675,574
1762736840,0000000100000001,4256890283704,4003,575
1762736854,0000000400000080,4257029160011,836,576
1762736869,0000008000000008,4257184073261,1906,577
1762736875,0000000400000002,4257236837021,3932,578
1762736876,000000c000000081,4257247396017,3287,579
1762736881,0000000100000001,4257302008285,5199,580
1762736886,0000008000000004,4257356323411,1932,581
1762736890,0000008000000080,4257394348945,4844,582
1762736893,0000000800000080,4257423530129,3078,583
1762736896,0000000800000001,4257451196419,1416,584
1762736899,0000004000000004,4257486297574,4510,585
1762736911,0000008000000080,4257599808009,2857,586
1762736924,0000000100000004,4257731912705,5306,587
1762736937,0000000800000002,4257863597851,2572,588
1762736948,0000004000000001,4257971092603,1306,589
1762736955,0000008000000080,4258045484982,2027,590
1762736961,0000008000000080,4258099074495,4004,591
1762736971,0000000100000001,4258205010925,2809,592
1762736976,0000000100000008,4258251862396,5195,593
1762736979,0000008000000001,4258279024735,3563,594
1762736991,0000000400000080,4258400555393,1442,595
1762737019,0000000400000008,4258677447612,376,596
1762737020,0000008000000080,4258692683018,4656,597
1762737033,0000000500000001,4258824695472,1900,598
1762737037,0000000800000008,4258859543231,5000,599
1762737040,0000000100000001,4258896486589,2768,600
1762737064,0000000400000001,4259126985318,4501,601
1762737066,0000008000000080,4259156077727,2733,602
1762737079,0000008000000080,4259284034916,244,603
1762737080,0000004000000080,4259296024306,4719,604
1762737091,0000000100000001,4259406423350,3261,605
1762737093,000000c000000004,4259425545293,2113,606
1762737095,0000000100000080,4259441295337,1163,607
1762737103,0000004000000008,4259517676007,1766,608
1762737117,0000000100000001,4259659798956,3607,609
1762737119,0000008000000080,4259685243989,2074,610
1762737123,0000008000000080,4259720891820,5123,611
1762737128,0000000800000002,4259767845504,2295,612
1762737144,0000000400000004,4259928763320,2999,613
1762737146,0000000100000002,4259951615620,1632,614
1762737148,0000000100000001,4259973003437,351,615
1762737173,0000008000000001,4260217667107,1207,616
1762737180,0000000400000002,4260287617602,2194,617
1762737193,0000000100000001,4260426431548,4243,618
1762737204,0000000800000004,4260531048234,3130,619
1762737212,0000000100000004,4260613751585,3352,620
1762737213,0000000400000008,4260626648135,2570,621
1762737261,0000004000000080,4261102197687,5135,622
1762737265,0000008000000001,4261140347859,2832,623
1762737274,0000008000000080,4261229154720,2684,624
1762737304,0000000800000001,4261529963751,186,625
1762737304,0000000100000001,4261534896875,5077,626
1762737309,0000008000000080,4261577424735,2512,627
1762737310,0000000400000008,4261592801893,1592,628
1762737312,0000008000000080,4261613971979,325,629
1762737324,0000004000000001,4261727079471,3911,630
1762737342,0000000400000001,4261913743944,3056,631
1762737344,0000000200000001,4261926946281,2265,632
1762737344,0000008000000080,4261927200551,2251,633
1762737348,0000000800000080,4261967368976,5032,634
1762737358,0000000100000080,4262075660578,3715,635
1762737370,0000008000000008,4262186878422,2212,636
1762737373,0000000100000001,4262220586174,193,637
1762737424,0000000200000002,4262734985072,412,638
1762737425,0000000800000002,4262739662089,5319,639
1762737429,0000000100000004,4262780531365,2853,640
1762737454,0000004000000002,4263028463222,3531,641
1762737487,0000000800000002,4263360746972,4326,642
1762737508,0000000800000001,4263573174816,1927,643
1762737511,0000000400000004,4263600526742,287,644
1762737515,0000000100000008,4263641410963,3008,645
1762737523,0000000100000004,4263717881595,3612,646
1762737535,0000008000000001,4263846417672,1069,647
1762737539,000000c000000008,4263884637225,3973,648
1762737542,0000000100000006,4263910409977,2411,649
1762737544,0000000100000001,4263927227187,1403,650
1762737547,0000000100000001,4263959439357,4668,651
1762737550,0000000800000001,4263996452790,2428,652
1762737552,0000004000000002,4264013384613,1414,653
1762737558,0000000400000004,4264076473102,2806,654
1762737571,0000000300000001,4264204596443,307,655
1762737580,0000008000000080,4264292797956,194,656
1762737583,0000000400000080,4264321945753,3634,657
1762737594,0000004000000004,4264431329351,2241,658
1762737594,0000000100000008,4264434814096,2035,659
1762737648,0000004000000004,4264968628050,1085,660
1762737660,0000000400000002,4265094406013,3916,661
1762737671,0000008000000080,4265206275213,2369,662
1762737675,000000c000000080,4265240002240,350,663
1762737675,0000000400000002,4265245770759,5192,664
1762737677,0000004000000008,4265258578877,4431,665
1762737689,0000008000000008,4265376643905,2505,666
1762737694,0000008000000080,4265430827753,4456,667
1762737700,0000000100000001,4265492625206,733,668
1762737714,0000008000000080,4265631199508,2774,669
1762737724,0000008000000004,4265731616252,1937,670
1762737728,0000008000000008,4265776048538,4466,671
1762737732,0000000800000008,4265811623897,2313,672
1762737742,0000004000000008,4265913155039,1400,673
1762737749,0000000400000008,4265982932014,2394,674
1762737754,0000000400000001,4266035377652,4449,675
1762737771,0000000400000001,4266201091020,4863,676
1762737775,0000000100000003,4266241332778,2432,677
1762737779,0000004000000080,4266279441194,162,678
1762737793,0000000100000002,4266425693045,1735,679
1762737826,0000000100000002,4266750704621,2954,680
1762737834,0000000400000080,4266834653719,3100,681
1762737842,0000008000000001,4266907331578,3934,682
1762737848,0000000100000004,4266973021263,5168,683
1762737853,0000008000000080,4267023057954,2157,684
1762737862,0000000800000001,4267111272997,2046,685
1762737869,0000000400000002,4267183117427,2911,686
1762737875,0000008000000080,4267241483328,4610,687
1762737877,0000008000000080,4267263424476,3280,688
1762737878,0000000400000004,4267266667727,3080,689
1762737885,0000000100000001,4267340073934,3872,690
1762737887,000000c000000080,4267357451943,2812,691
1762737890,0000000100000080,4267394068665,620,692
1762737897,0000000800000002,4267457497088,1996,693
1762737906,0000004000000001,4267546582116,1830,694
1762737924,0000008000000002,4267730309942,1163,695
1762737927,0000008000000004,4267765674962,4243,696
1762737929,0000000400000080,4267784966260,3066,697
1762737933,0000000100000080,4267820897651,911,698
1762737940,0000004000000008,4267892906303,1774,699
1762737961,0000000100000002,4268104357031,4643,700
1762737975,0000004000000002,4268239385057,1707,701
1762737979,0000004000000008,4268281665116,4368,702
1762737996,0000000400000008,4268452518855,4478,703
1762738004,0000000100000008,4268531013697,4944,704
1762738017,0000000400000001,4268665458116,2046,705
1762738020,0000008000000080,4268692602253,420,706
1762738020,0000000100000080,4268692660671,415,707
1762738024,0000000400000080,4268728418586,3454,708
1762738027,0000000400000001,4268761492847,1462,709
1762738029,0000004000000080,4268777379756,512,710
1762738042,0000000400000002,4268907459711,3065,711
1762738049,0000008000000004,4268982338127,3767,712
1762738063,0000000300000001,4269119592487,701,713
1762738084,0000000800000002,4269336085079,3254,714
1762738108,0000000100000001,4269571946421,4661,715
1762738110,0000008000000080,4269593095149,3380,716
1762738111,0000000400000008,4269599688377,2975,717
1762738113,0000004000000004,4269624170309,1508,718
1762738131,0000004000000001,4269796988435,1500,719
1762738155,0000008000000080,4270038549778,2544,720
1762738172,0000000100000001,4270211488945,2529,721
1762738198,0000008000000008,4270473568106,2351,722
1762738206,0000004000000008,4270553026161,2761,723
1762738206,0000000500000001,4270555417418,2617,724
1762738213,0000000800000080,4270622642160,3781,725
1762738215,0000000800000080,4270645990477,2366,726
1762738224,0000008000000080,4270726511301,2711,727
1762738224,0000000100000004,4270726651360,2703,728
1762738234,0000004000000008,4270831484305,1600,729
1762738235,0000000400000008,4270839748616,1101,730
1762738236,0000000800000004,4270851352845,410,731
1762738243,0000008000000004,4270924886681,1172,732
1762738246,0000008000000004,4270954224294,4614,733
1762738247,0000008000000080,4270959007879,4327,734
1762738274,0000000100000001,4271234903882,3301,735
1762738276,0000008000000004,4271246860975,2575,736
1762738285,0000004000000004,4271342177817,2043,737
1762738294,0000000800000002,4271429241375,2000,738
1762738296,000000c000000080,4271454533807,484,739
1762738322,0000000100000008,4271710452082,668,740
1762738326,0000000100000001,4271748668327,3563,741
1762738346,0000008000000080,4271956032989,1473,742
1762738358,0000008000000008,4272071604991,4914,743
1762738371,0000004000000080,4272199012786,2436,744
1762738392,0000000100000002,4272411576047,5235,745
1762738404,0000000400000008,4272529289561,3347,746
1762738405,0000000100000003,4272541683321,2595,747
1762738410,0000008000000080,4272586609634,5096,748
1762738439,0000000800000080,4272878719694,3099,749
1762738449,0000000800000004,4272985009028,1906,750
1762738452,0000000100000008,4273015954660,5236,751
1762738457,0000000100000002,4273058414796,2675,752
1762738457,0000000100000001,4273059852429,2589,753
1762738457,0000008000000080,4273062049945,2460,754
1762738461,0000000100000001,4273100513052,162,755
1762738469,0000000100000001,4273182006967,448,756
1762738479,0000000100000001,4273284891446,4651,757
1762738496,0000000100000001,4273450308528,5080,758
1762738502,0000000100000001,4273507038615,1666,759
1762738504,0000000100000002,4273532566484,5324,760
1762738506,0000000400000001,4273547636043,4429,761
1762738517,0000000400000008,4273664676954,2564,762
1762738526,0000000100000001,4273753845902,2397,763
1762738533,0000000100000001,4273823126979,3429,764
1762738536,0000008000000080,4273851302697,1733,765
1762738541,0000000400000001,4273899841307,4016,766
1762738545,0000000800000004,4273937582231,1737,767
1762738550,0000000400000080,4273991324964,3703,768
1762738592,0000000800000004,4274411979673,4369,769
1762738600,0000008000000080,4274491899977,4756,770
1762738601,0000004000000080,4274499046671,4331,771
1762738625,0000008000000080,4274737266376,384,772
1762738652,0000000100000001,4275007714204,4889,773
1762738661,0000000400000008,4275100998462,4478,774
1762738668,0000000100000003,4275175465052,5182,775
1762738714,0000008000000004,4275629592316,3841,776
1762738741,0000000400000004,4275903092459,2959,777
1762738744,0000004000000002,4275931845300,1233,778
1762738747,0000008000000080,4275965516109,4413,779
1762738751,0000008000000001,4276005083595,2023,780
1762738754,0000008000000002,4276032362393,388,781
1762738755,0000000100000001,4276041439169,5031,782
1762738764,0000000400000008,4276134266279,4649,783
1762738772,0000008000000008,4276207453081,244,784
1762738802,0000000400000001,4276514520242,2534,785
1762738819,0000008000000080,4276681423186,2883,786
1762738836,0000000100000004,4276851606597,3034,787
1762738838,0000008000000080,4276871286973,1858,788
1762738838,0000000800000001,4276872337006,1795,789
1762738846,0000004000000080,4276951835865,2204,790
1762738851,0000000100000002,4276998802163,4583,791
1762738851,0000000400000001,4276999967558,4514,792
1762738876,0000008000000080,4277247314156,5206,793
1762738889,0000000100000001,4277385025441,2115,794
1762738895,0000000100000080,4277437819849,4144,795
1762738913,0000000900000001,4277624748841,3276,796
1762738932,0000000400000008,4277807858344,2645,797
1762738936,0000008000000080,4277847533377,272,798
1762738953,0000000400000004,4278018816258,356,799
1762738962,0000000400000004,4278107461576,218,800
1762738980,0000000300000001,4278293282186,4624,801
1762738986,0000004000000008,4278346469566,1414,802
1762738988,0000000400000002,4278373202696,5004,803
1762738996,0000000100000008,4278450577509,353,804
1762739010,0000004000000004,4278588603766,2427,805
1762739012,0000004000000008,4278609784854,1156,806
1762739023,0000000100000001,4278721298207,4844,807
1762739025,0000000100000002,4278739683715,3737,808
1762739028,0000000100000002,4278767611695,2052,809
1762739039,0000000800000008,4278885891353,5323,810
1762739041,0000008000000004,4278899751356,4502,811
1762739044,0000000100000008,4278934914582,2371,812
1762739052,0000000100000002,4279012756804,2880,813
1762739065,0000008000000080,4279138342045,533,814
1762739069,0000000100000002,4279181074136,3146,815
1762739071,0000000200000001,4279202116096,1885,816
1762739074,0000000100000001,4279231345067,5320,817
1762739076,0000000400000080,4279251295760,4128,818
1762739091,0000000400000002,4279402531268,224,819
1762739096,0000008000000080,4279450121718,2541,820
1762739098,0000008000000008,4279466934121,1535,821
1762739109,000000c000000080,4279576589301,5328,822
1762739110,0000004000000001,4279587017818,4710,823
1762739122,0000008000000080,4279713718622,2270,824
1762739171,0000004000000004,4280197831852,4325,825
1762739181,0000000100000080,4280298825202,3435,826
1762739181,0000000800000080,4280300001158,3362,827
1762739193,0000004000000001,4280421433194,1249,828
1762739196,0000004000000002,4280449949442,4740,829
1762739207,0000008000000080,4280556274529,3531,830
1762739214,0000000400000004,4280626689107,4497,831
1762739216,0000000400000080,4280650866847,3027,832
1762739222,0000000800000008,4280706487327,4886,833
1762739226,0000000400000001,4280750980795,2203,834
1762739267,0000000800000080,4281157496572,3726,835
1762739276,0000000800000080,4281251762795,3241,836
1762739287,0000004000000001,4281361336851,1847,837
1762739292,0000000800000002,4281409166359,4173,838
1762739294,0000000200000020,3731673324926,2953,839
1762739297,0000008000000001,4281464470417,838,840
1762739306,0000000200000001,4281553422590,683,841
1762739338,000000c000000080,4281866876421,2593,842
1762739348,0000008000000080,4281974794427,1300,843
1762739387,0000004000000080,4282359822254,4120,844
1762739403,0000004000000004,4282522571659,4717,845
1762739405,0000008000000008,4282537421945,3822,846
1762739410,000000c000000080,4282588743529,731,847
1762739421,0000008000000080,4282704436393,4167,848
1762739432,0000000800000001,4282813256989,2796,849
1762739437,0000000400000002,4282865353938,4872,850
1762739439,0000004000000002,4282877015584,4173,851
1762739439,0000000100000004,4282880594833,3957,852
1762739442,0000000800000008,4282914387931,1917,853
1762739451,000000c000000080,4282997586544,2104,854
1762739453,0000008000000080,4283018424890,851,855
1762739462,0000000100000008,4283111069685,478,856
1762739475,0000004000000080,4283240402850,3075,857
1762739489,0000000400000080,4283385172774,4766,858
1762739490,0000000800000001,4283385946115,4721,859
1762739496,0000000400000080,4283450734265,816,860
1762739507,0000000800000001,4283561026237,4579,861
1762739511,0000004000000008,4283600401915,2198,862
1762739514,0000000300000001,4283633668125,206,863
1762739527,0000000400000002,4283764918826,2684,864
1762739529,0000004000000008,4283776855360,1973,865
1762739534,0000000400000080,4283829879875,3985,866
1762739554,0000000800000080,4284027382836,2479,867
1762739558,0000000800000001,4284073973877,4881,868
1762739560,0000000100000080,4284093044925,3735,869
1762739573,0000000100000080,4284224642925,1006,870
1762739601,0000000400000004,4284502332971,5081,871
1762739601,0000000400000001,4284502627555,5062,872
1762739621,0000000400000001,4284705079855,3269,873
1762739628,0000000800000080,4284767461366,4721,874
1762739636,0000000100000001,4284852691458,4786,875
1762739659,0000000400000008,4285082345369,1351,876
1762739674,0000008000000080,4285233729410,2627,877
1762739718,0000008000000008,4285674851344,2067,878
1762739734,0000000400000008,4285832299219,2979,879
1762739749,0000004000000001,4285977819924,4628,880
1762739755,0000008000000020,3735210033292,902,881
1762739758,0000008000000080,4286074034808,4035,882
1762739766,0000000400000004,4286155624559,4323,883
1762739784,0000000400000001,4286327307027,4383,884
1762739786,0000000400000002,4286351192321,2928,885
1762739787,0000008000000080,4286359596722,2424,886
1762739787,0000000800000002,4286363778631,2176,887
1762739792,0000000100000002,4286406637575,4800,888
1762739809,0000004000000004,4286581152775,4693,889
1762739821,0000000800000080,4286699650090,2742,890
1762739830,0000008000000080,4286793811967,2276,891
1762739847,0000000100000004,4286964209336,2412,892
1762739852,0000000400000001,4287007012264,5038,893
1762739862,0000008000000080,4287114900392,3746,894
1762739866,0000004000000001,4287149966572,1630,895
1762739869,0000000100000001,4287181585977,4927,896
1762739882,0000000400000004,4287312947663,2214,897
1762739884,0000008000000001,4287331963919,1069,898
1762739891,0000000100000001,4287402051852,2049,899
1762739935,0000000100000001,4287843238945,1478,900
1762739942,0000004000000080,4287906277635,2874,901
1762739954,0000000400000008,4288032517351,487,902
1762739955,0000000800000080,4288042023213,5105,903
1762739963,0000000400000004,4288124616072,5330,904
1762739978,0000004000000002,4288272716113,1614,905
1762740005,0000000800000002,4288536875732,1304,906
1762740007,0000008000000080,4288558390456,5206,907
1762740023,0000000100000004,4288720029713,673,908
1762740040,0000004000000004,4288886475741,1050,909
1762740048,0000004000000008,4288966759607,1414,910
1762740061,0000000400000008,4289101190631,3723,911
1762740062,0000008000000008,4289115780052,2833,912
1762740071,0000000100000002,4289196946076,3147,913
1762740074,0000000200000002,4289233881050,929,914
1762740080,000000c000000080,4289290703415,2698,915
1762740080,0000000100000001,4289292056647,2617,916
1762740082,0000000200000004,4289307588330,1690,917
1762740086,0000000400000004,4289351244794,4268,918
1762740098,0000000400000001,4289475679509,1967,919
1762740099,0000000100000001,4289480304454,1689,920
1762740100,0000000400000001,4289487370756,1261,921
1762740107,0000000100000004,4289561121237,2022,922
1762740115,0000000100000001,4289643396049,2263,923
1762740117,0000008000000080,4289659247218,1310,924
1762740119,0000004000000002,4289682999863,5077,925
1762740120,0000000300000001,4289695382893,4343,926
1762740121,0000004000000001,4289697053622,4241,927
1762740129,0000000800000080,4289782969446,4266,928
1762740135,0000008000000004,4289843142616,641,929
1762740138,0000008000000080,4289866327061,4448,930
1762740150,0000004000000004,4289992214138,2058,931
1762740163,0000000100000002,4290119181983,4816,932
1762740171,0000008000000008,4290200848457,5093,933
1762740178,0000000100000001,4290267150130,1100,934
1762740202,0000004000000001,4290512144757,1947,935
1762740216,0000004000000002,4290653458614,3840,936
1762740236,0000008000000080,4290853522193,2184,937
1762740241,0000008000000080,4290901508445,4504,938
1762740253,0000000400000004,4291017042430,2729,939
1762740265,0000008000000080,4291145858439,191,940
1762740280,0000008000000080,4291288647216,1982,941
1762740285,0000004000000008,4291339541233,4124,942
1762740287,0000000100000001,4291365536516,2543,943
1762740289,0000000400000002,4291378189566,1790,944
1762740310,0000008000000088,4291595169437,4330,945
1762740325,0000000100000001,4291736908747,986,946
1762740341,0000000100000001,4291905850050,1210,947
1762740344,0000000100000001,4291933914872,4726,948
1762740348,0000004800000008,4291972603438,2386,949
1762740376,0000000400000080,4292250827196,1234,950
1762740381,0000000400000008,4292299419794,3508,951
1762740382,0000000400000001,4292312944743,2685,952
1762740392,0000008000000080,4292407542700,2195,953
1762740393,0000008000000008,4292424439657,1178,954
1762740408,000000080000000c,4292566076572,3042,955
1762740433,0000000800000080,4292823043660,3168,956
1762740441,0000004000000004,4292899994871,3742,957
1762740447,0000000400000001,4292959344204,173,958
1762740456,0000000100000001,4293055057931,4803,959
1762740458,0000008000000080,4293073836937,3673,960
1762740465,0000004000000080,4293135993631,5123,961
1762740469,0000008000000080,4293181408907,2386,962
1762740478,0000000400000001,4293271663991,2155,963
1762740478,0000008000000080,4293272451836,2107,964
1762740481,0000000800000001,4293304364173,196,965
1762740509,000000c000000008,4293582187859,4261,966
1762740513,0000000800000008,4293616511164,2186,967
1762740513,0000004000000001,4293620104800,1972,968
1762740547,0000000100000004,4293956166463,2524,969
1762740548,0000000100000080,4293974391993,1434,970
1762740568,0000000800000004,4294173753461,5027,971
1762740577,0000000100000002,4294258164172,5141,972
1762740581,0000008000000080,4294305346413,2299,973
1762740589,0000000400000080,4294381171390,2928,974
1762740607,0000000800000002,4294563751144,2337,975
1762740608,0000000300000001,4294566240849,2189,976
1762740612,0000000800000008,4294606648313,4956,977
1762740623,0000000800000080,4294723070572,3140,978
1762740627,0000000100000080,4294763765304,700,979
1762740646,0000000800000080,4294953765156,4856,980
1762740651,0000000400000002,4295005831355,1718,981
1762740704,0000000400000001,4295533311143,1148,982
1762740715,0000004000000080,4295640674629,5081,983
1762740721,0000000100000004,4295697744202,1647,984
1762740749,0000008000000004,4295982270902,5308,985
1762740756,000000800000000c,4296047550746,1378,986
1762740789,0000000100000002,4296382749773,1994,987
1762740797,0000000800000001,4296464842289,2246,988
1762740800,0000000100000004,4296494750696,457,989
1762740805,0000008000000001,4296541458502,2827,990
1762740818,0000000400000004,4296674147589,5240,991
1762740831,0000004000000080,4296801000619,2795,992
1762740836,0000000100000002,4296848071432,5166,993
1762740842,0000000800000008,4296907188438,1610,994
1762740848,000000010000000c,4296970520917,2988,995
1762740859,0000000100000002,4297083566364,1386,996
1762740860,0000004000000001,4297086276775,1223,997
1762740867,0000004000000080,4297157634781,2126,998
1762740875,0000000100000001,4297240148531,2352,999
1762740883,0000000400000080,4297316722728,2937,1000
1762740883,0000000800000001,4297325518629,2410,1001
1762740908,0000000100000001,4297567860527,3421,1002
1762740913,0000000800000080,4297618148562,401,1003
1762740940,0000000100000003,4297891648045,4725,1004
1762740941,0000004000000080,4297897780015,4359,1005
1762740943,0000000800000080,4297922342410,2863,1006
1762740944,0000000100000001,4297928368994,2502,1007
1762740973,0000004000000080,4298218276005,655,1008
1762740986,0000000200000001,4298354430815,2841,1009
1762741005,0000008000000080,4298535857401,2319,1010
1762741009,0000000400000001,4298580252010,4853,1011
1762741018,0000000200000003,4298669132194,4702,1012
1762741027,0000008000000001,4298759238002,4472,1013
1762741033,0000004800000080,4298820235355,800,1014
1762741057,000000c000000080,4299059788198,1971,1015
1762741074,0000004000000080,4299228733807,2194,1016
1762741093,0000008000000002,4299420183333,1066,1017
1762741096,0000008000000001,4299449404535,4514,1018
1762741106,0000000800000001,4299551031131,3587,1019
1762741107,0000000100000002,4299560832039,2988,1020
1762741112,0000000100000001,4299608138217,162,1021
1762741115,0000008000000002,4299639369687,3465,1022
1762741120,0000001000000040,4299686567717,629,1023
1762741129,0000000100000004,4299776292075,428,1024
1762741130,0000008000000080,4299793868114,4570,1025
1762741133,0000000100000004,4299824377184,2714,1026
1762741140,0000008000000080,4299886490940,4191,1027
1762741140,0000000400000008,4299890520655,3947,1028
1762741141,0000000600000003,4299905508810,3031,1029
1762741145,0000008000000001,4299937287780,1123,1030
1762741145,0000000100000080,4299937504771,1110,1031
1762741147,0000000200000001,4299964234093,4705,1032
1762741154,0000008000000002,4300028753812,817,1033
1762741160,0000000100000001,4300091424586,2238,1034
1762741171,0000000100000001,4300199418914,938,1035
1762741177,0000000400000002,4300264105914,2239,1036
1762741179,0000000800000080,4300278540560,1370,1037
1762741196,0000008000000001,4300446780848,1640,1038
1762741198,0000000400000008,4300474496354,5168,1039
1762741199,0000000100000001,4300481494103,4754,1040
1762741201,0000000100000002,4300500462271,3608,1041
1762741201,0000000800000008,4300502887107,3460,1042
1762741203,0000000800000002,4300522509493,2275,1043
1762741205,0000008000000008,4300536597527,1429,1044
1762741212,0000008000000004,4300613794296,1982,1045
1762741233,0000000800000004,4300824693504,4882,1046
1762741237,0000000400000008,4300857940154,2869,1047
1762741240,0000000800000080,4300886017900,1186,1048
1762741257,0000008000000001,4301065206569,798,1049
1762741264,0000000800000002,4301127155902,2261,1050
1762741277,0000000800000002,4301258524803,4758,1051
1762741323,0000000400000080,4301718868697,3022,1052
1762741330,0000004000000008,4301789365103,3989,1053
1762741337,0000004000000080,4301857647465,5070,1054
1762741355,0000000200000002,4302036518355,4705,1055
1762741380,0000000400000002,4302291489441,4944,1056
1762741393,0000000200000001,4302416029821,2635,1057
1762741401,0000008000000080,4302501241423,2703,1058
1762741420,0000000100000004,4302689702127,1762,1059
1762741426,0000000400000080,4302750514037,3297,1060
1762741431,0000004000000008,4302805597853,5179,1061
1762741458,0000000800000004,4303069267276,4904,1062
1762741465,0000000800000002,4303144079351,406,1063
1762741469,0000000800000008,4303181890743,3317,1064
1762741477,0000000800000080,4303259731938,3836,1065
1762741488,0000004000000004,4303372155176,2258,1066
1762741510,0000008000000080,4303593749307,4524,1067
1762741531,0000000400000001,4303801020098,2428,1068
1762741543,0000000100000002,4303916498158,683,1069
1762741557,000000010000000c,4304058884877,2497,1070
1762741558,0000004000000001,4304068416986,1931,1071
1762741561,0000004000000080,4304099395362,5259,1072
1762741567,0000008000000002,4304161059539,1549,1073
1762741587,0000000100000003,4304360176751,5155,1074
1762741596,0000000400000002,4304452433122,4804,1075
1762741612,0000000100000001,4304613353787,320,1076
1762741621,0000000100000080,4304697730550,438,1077
1762741626,0000000400000001,4304748972079,2536,1078
1762741645,0000004000000008,4304936641732,1642,1079
1762741653,0000000800000008,4305018082851,1937,1080
1762741654,0000000800000080,4305035167671,909,1081
1762741660,0000000100000008,4305088209648,2904,1082
1762741668,0000008000000008,4305174385980,2914,1083
1762741687,0000008000000080,4305357230678,2308,1084
1762741707,000000c000000080,4305564403148,244,1085
1762741711,0000000100000001,4305601879645,3173,1086
1762741713,0000000200000002,4305619787355,2099,1087
1762741726,0000000800000002,4305751858635,4551,1088
1762741738,0000004000000002,4305865626661,2885,1089
1762741738,0000000800000002,4305869140444,2674,1090
1762741785,0000000100000082,4306338097987,448,1091
1762741794,0000008000000080,4306426900589,301,1092
1762741796,0000000100000080,4306448136825,4220,1093
1762741797,0000000800000008,4306459576946,3524,1094
1762741859,000000c000000080,4307084987611,2256,1095
1762741863,0000000100000080,4307119826455,169,1096
1762741868,0000008000000080,4307170160666,2326,1097
1762741911,0000004000000080,4307602056748,2314,1098
1762741924,0000008000000080,4307733199363,4823,1099
1762741932,0000000100000003,4307811335870,5312,1100
1762741936,0000000800000080,4307850112947,2971,1101
1762741937,0000000100000001,4307859170512,2428,1102
1762741950,0000004000000080,4307988715962,5030,1103
1762741955,0000004000000004,4308043394049,1741,1104
1762741956,0000004400000008,4308051196629,1268,1105
1762741969,0000004000000001,4308183357999,3713,1106
1762741970,0000004000000001,4308192173248,3174,1107
1762741975,0000008000000080,4308242208815,174,1108
1762742050,0000000100000001,4308988490012,2022,1109
1762742064,0000008000000080,4309130681601,3863,1110
1762742094,0000008000000001,4309429625603,1453,1111
1762742098,0000000100000002,4309468131067,4343,1112
1762742109,0000000200000008,4309580001548,2790,1113
1762742110,0000000100000001,4309587746843,2330,1114
1762742113,0000000100000001,4309621472712,310,1115
1762742143,0000000100000080,4309916632391,3322,1116
1762742146,0000000400000080,4309954451809,1047,1117
1762742147,0000000100000003,4309962154400,590,1118
1762742153,0000000200000004,4310018783745,2368,1119
1762742171,0000000100000002,4310202099469,1733,1120
1762742186,0000004000000001,4310351683986,3118,1121
1762742238,0000000800000080,4310868515971,3193,1122
1762742240,0000008000000002,4310892906045,1730,1123
1762742244,0000000800000001,4310935087176,4397,1124
1762742264,0000000100000005,4311128335053,3145,1125
1762742273,0000008000000080,4311217111506,2998,1126
1762742295,0000000100000001,4311440823586,5127,1127
1762742295,0000004000000001,4311441904591,5064,1128
1762742298,0000004000000004,4311471613669,3274,1129
1762742305,0000008000000002,4311541406020,4281,1130
1762742312,0000000100000001,4311606134764,384,1131
1762742320,0000008000000080,4311686718871,726,1132
1762742330,0000000100000001,4311785693285,5159,1133
1762742343,0000000400000002,4311919536108,2298,1134
1762742345,0000008000000001,4311940519981,1039,1135
1762742348,0000008000000008,4311971421842,4384,1136
1762742360,0000000400000080,4312092301798,2294,1137
1762742361,0000008000000080,4312099353715,1873,1138
1762742369,0000000400000004,4312185178854,1905,1139
1762742374,0000008000000080,4312231526423,4320,1140
1762742384,0000000100000004,4312333768150,3353,1141
1762742392,0000008000000008,4312407895947,4097,1142
1762742394,000000c000000080,4312431420617,2665,1143
1762742395,0000000800000001,4312435875406,2400,1144
1762742397,0000000400000004,4312463620875,738,1145
1762742399,0000004000000080,4312477974053,5069,1146
1762742415,0000008000000080,4312642030478,397,1147
1762742416,0000008000000080,4312650622362,5070,1148
1762742419,0000000500000009,4312684733030,3012,1149
1762742458,0000000400000080,4313072307111,484,1150
1762742472,0000000100000002,4313205563475,2843,1151
1762742474,0000000800000001,4313230751779,1333,1152
1762742477,0000000100000001,4313255961822,5014,1153
1762742487,0000008000000004,4313357461363,4109,1154
1762742492,0000000800000008,4313405868045,1187,1155
1762742505,0000004000000008,4313543107841,3321,1156
1762742523,0000004000000080,4313718170485,3175,1157
1762742528,0000004000000080,4313771739471,5150,1158
1762742536,0000008000000080,4313852807873,281,1159
1762742538,0000004800000001,4313865430962,4716,1160
1762742544,0000008000000002,4313926448404,1036,1161
1762742570,0000000100000003,4314193389327,567,1162
1762742571,0000000400000001,4314198976949,232,1163
1762742577,0000000400000001,4314265371401,1424,1164
1762742586,0000000400000080,4314347823838,1660,1165
1762742590,0000000100000001,4314390295630,4310,1166
1762742591,0000008000000001,4314399344931,3760,1167
1762742594,0000004000000001,4314430326727,1892,1168
1762742597,0000000400000002,4314457785943,245,1169
1762742602,0000000100000080,4314506635291,2489,1170
1762742624,0000004000000008,4314733340060,4450,1171
1762742632,0000000400000001,4314812605845,4871,1172
1762742633,0000000100000001,4314821998255,4311,1173
1762742668,0000000800000002,4315174447407,3882,1174
1762742675,0000000100000001,4315245159465,4822,1175
1762742680,0000000400000002,4315294803357,1829,1176
1762742694,0000008000000002,4315430038781,4091,1177
1762742702,0000000400000002,4315509921341,4481,1178
1762742708,0000000400000008,4315570588461,823,1179
1762742711,0000008000000080,4315601967820,4138,1180
1762742714,0000000800000008,4315628829729,2505,1181
1762742729,0000008000000004,4315775773500,4070,1182
1762742731,0000008000000080,4315796600336,2800,1183
1762742732,0000004000000002,4315815256784,1685,1184
1762742742,0000000400000080,4315912652754,1019,1185
1762742747,0000008000000080,4315956809912,3560,1186
1762742756,0000008000000080,4316047120915,3319,1187
1762742757,0000000800000002,4316062997148,2360,1188
1762742762,0000000800000080,4316107438807,4890,1189
1762742762,0000004000000001,4316112894644,4566,1190
1762742772,0000004000000001,4316209878630,3925,1191
1762742812,0000008000000080,4316609158603,678,1192
1762742815,0000008000000080,4316635881055,4271,1193
1762742821,0000008000000080,4316701493829,320,1194
1762742823,0000008000000001,4316723985788,4164,1195
1762742826,0000000100000004,4316748093111,2696,1196
1762742832,0000000100000001,4316810213040,4171,1197
1762742854,0000008000000080,4317030726804,1282,1198
1762742858,0000000400000080,4317075291965,3805,1199
1762742868,0000004000000080,4317173286074,3092,1200
1762742884,0000008000000002,4317327054600,4246,1201
1762742887,0000000400000004,4317362799157,2085,1202
1762742889,0000000100000001,4317376244466,1273,1203
1762742905,0000000400000008,4317537327626,1976,1204
1762742906,0000000400000080,4317550840425,1159,1205
1762742919,0000000100000080,4317681905306,3671,1206
1762742921,0000008000000080,4317703944682,2336,1207
1762742927,0000004000000004,4317756685985,4372,1208
1762742934,0000000100000001,4317832563287,4994,1209
1762742934,0000000800000001,4317835288094,4833,1210
1762742947,0000004000000008,4317959108019,2565,1211
1762742964,0000008000000080,4318134142722,2427,1212
1762742971,0000000100000002,4318202552027,3511,1213
1762742990,0000000400000008,4318387746629,2749,1214
1762742998,0000000400000001,4318469685351,3019,1215
1762743014,0000004000000080,4318634640088,3490,1216
1762743016,0000000100000001,4318648092367,2671,1217
1762743042,0000008000000080,4318910892151,2446,1218
1762743052,0000004000000002,4319007624946,1828,1219
1762743076,0000000800000001,4319247622150,2966,1220
1762743079,0000004000000002,4319276409128,1238,1221
1762743081,0000008000000008,4319298522408,5105,1222
1762743088,0000000400000080,4319371373538,724,1223
1762743088,0000008000000080,4319371625420,710,1224
1762743094,0000008000000080,4319425872455,2629,1225
1762743094,0000000c00000001,4319425920892,2628,1226
1762743101,0000008000000002,4319498949777,3436,1227
1762743104,0000008000000088,4319535030904,1263,1228
1762743112,0000000400000002,4319614932014,1652,1229
1762743134,0000004000000008,4319832529042,4155,1230
1762743165,0000000100000001,4320144529964,958,1231
1762743172,0000000800000001,4320214775271,1928,1232
1762743175,0000000500000001,4320244647982,5324,1233
1762743177,0000004000000001,4320262401049,4268,1234
1762743210,0000000400000004,4320587227608,305,1235
1762743214,0000008000000080,4320625657239,3177,1236
1762743227,0000004000000001,4320756065713,535,1237
1762743228,000000c000000080,4320773977148,4656,1238
1762743233,0000004000000001,4320818319619,1980,1239
1762743246,0000008000000004,4320953195044,4265,1240
1762743252,0000004000000002,4321012463215,692,1241
1762743260,0000000100000003,4321093506298,1006,1242
1762743272,0000000100000001,4321212397630,4253,1243
1762743302,0000008000000004,4321510715731,1881,1244
1762743306,0000000800000008,4321546616957,4919,1245
1762743309,0000004000000002,4321581457769,2811,1246
1762743310,0000008000000001,4321594679023,2024,1247
1762743316,0000000400000080,4321654213053,3640,1248
1762743370,0000004000000080,4322186271916,2786,1249
1762743376,0000004000000002,4322248522127,4254,1250
1762743378,0000004000000080,4322274698424,2660,1251
1762743400,0000000100000001,4322491488317,5210,1252
1762743405,0000004000000001,4322545178922,1981,1253
1762743406,0000008000000080,4322553929488,1452,1254
1762743408,0000008000000001,4322570421315,468,1255
1762743413,0000000400000004,4322625091563,2363,1256
1762743418,0000000800000008,4322673239280,4674,1257
1762743419,0000008000000080,4322684179757,4015,1258
1762743439,0000000100000001,4322877963386,2730,1259
1762743445,0000008000000002,4322943702651,3986,1260
1762743456,0000000100000008,4323046320827,2992,1261
1762743460,0000000100000003,4323093504891,168,1262
1762743461,0000000400000001,4323102837378,4800,1263
1762743467,000000080000000e,4323161810933,1243,1264
1762743471,0000008000000004,4323198027570,4271,1265
1762743481,0000000100000008,4323301255572,3243,1266
1762743496,0000000400000001,4323450283042,4677,1267
1762743497,0000000500000001,4323458645149,4174,1268
1762743504,0000004000000002,4323534224968,4818,1269
1762743512,0000000100000080,4323613642786,5230,1270
1762743515,0000008000000001,4323642365456,3503,1271
1762743534,0000000100000001,4323834874648,2305,1272
1762743557,0000004000000080,4324063888050,4125,1273
1762743561,0000008000000080,4324103529543,1731,1274
1762743564,0000008000000080,4324130550553,5299,1275
1762743569,0000004000000008,4324184505157,2053,1276
1762743621,000000c000000080,4324704785121,1922,1277
1762743625,0000000400000001,4324740673001,4959,1278
1762743635,0000004000000001,4324843882886,3948,1279
1762743653,0000004000000002,4325019242113,3786,1280
1762743655,0000000800000004,4325037107336,2697,1281
1762743655,0000000100000003,4325038055788,2641,1282
1762743677,0000008000000001,4325258890514,4950,1283
1762743683,0000008000000004,4325316744029,1463,1284
1762743684,0000008000000080,4325334593361,398,1285
1762743694,0000008000000080,4325431512376,4953,1286
1762743717,0000000100000008,4325659834270,1603,1287
1762743719,0000000100000001,4325684308137,5324,1288
1762743724,0000000100000001,4325726281216,2792,1289
1762743752,0000000100000001,4326006518000,1523,1290
1762743759,0000000400000008,4326081331108,2215,1291
1762743766,0000000400000008,4326146562313,3489,1292
1762743768,0000000100000001,4326168074364,2191,1293
1762743776,0000000800000006,4326245375451,2730,1294
1762743783,0000000100000001,4326322694445,3279,1295
1762743787,0000000400000002,4326360000745,1035,1296
1762743818,0000000100000003,4326669421569,3196,1297
1762743819,0000008000000080,4326682063830,2433,1298
1762743838,0000000100000002,4326866615778,1726,1299
1762743852,0000000100000002,4327009953500,3492,1300
1762743854,0000000400000002,4327025122820,2573,1301
1762743867,0000000400000001,4327155292304,5137,1302
1762743869,0000000100000080,4327175784124,3911,1303
1762743874,0000000100000001,4327232260073,512,1304
1762743882,0000004000000001,4327308153897,1133,1305
1762743906,0000008000000008,4327546973116,2347,1306
1762743909,0000008000000002,4327583569794,162,1307
1762743923,0000000100000002,4327724206637,2076,1308
1762743929,0000008000000001,4327781453023,3834,1309
1762743932,0000004000000004,4327807230554,2274,1310
1762743943,0000000100000008,4327923928677,457,1311
1762743945,0000008000000080,4327941106317,4622,1312
1762743948,0000000100000004,4327967061365,3044,1313
1762743979,0000004000000002,4328282906365,4833,1314
1762743988,0000004000000080,4328370562180,4756,1315
1762743997,0000000800000001,4328458982320,4633,1316
1762744009,0000004000000080,4328578341184,2630,1317
1762744009,0000000100000001,4328584803669,2248,1318
1762744026,0000008000000002,4328745239218,2981,1319
1762744046,0000000400000080,4328952593918,900,1320
1762744065,0000000200000004,4329139622557,5232,1321
1762744071,0000008000000002,4329203010373,1417,1322
1762744080,0000000400000001,4329291880740,1263,1323
1762744081,0000000100000002,4329298445436,872,1324
1762744082,0000004000000080,4329308887338,250,1325
1762744093,0000008000000002,4329421532506,3862,1326
1762744129,0000008000000080,4329777473572,3217,1327
1762744132,0000004000000004,4329811316448,1182,1328
1762744149,0000004000000008,4329978174273,1533,1329
1762744157,0000000800000008,4330055776790,2060,1330
1762744178,0000000100000001,4330271149408,4695,1331
1762744180,0000000100000080,4330285422827,3835,1332
1762744184,0000008000000080,4330328009148,1263,1333
1762744185,0000000100000001,4330340119290,543,1334
1762744200,0000008000000001,4330493485652,1700,1335
1762744203,0000000800000004,4330518090652,226,1336
1762744206,0000000100000001,4330545600982,3766,1337
1762744208,0000000400000004,4330565266418,2570,1338
1762744213,0000000100000001,4330621061020,4424,1339
1762744225,0000000800000001,4330738539761,2535,1340
1762744260,0000000300000001,4331088360730,2270,1341
1762744261,0000000400000080,4331102416936,1425,1342
1762744278,0000008000000001,4331273205398,1541,1343
1762744283,0000004000000008,4331319334179,3971,1344
1762744289,0000000400000002,4331382292184,181,1345
1762744303,0000004000000080,4331521946062,2160,1346
1762744315,0000004800000080,4331636480198,471,1347
1762744318,0000000100000001,4331668565118,3735,1348
1762744331,0000004000000080,4331800934436,961,1349
1762744340,0000000400000001,4331894530433,530,1350
1762744348,0000000100000002,4331970407052,1153,1351
1762744430,0000000100000001,4332793843515,3563,1352
1762744435,000000c000000080,4332841742219,683,1353
1762744443,0000004000000080,4332921057454,1100,1354
1762744452,0000004000000080,4333014609670,672,1355
1762744453,0000008000000080,4333018390519,448,1356
