1762322416,0000000100000003,112749805158,2959,1772
1762322420,0000004000000008,112796038311,196,1773
1762322422,0000000100000001,112809335222,4596,1774
1762322451,0000000800000002,113099190699,2719,1775
1762322486,0000000800000004,113448958797,2461,1776
1762322489,0000000100000001,113484046149,362,1777
1762322501,0000000400000080,113605726728,3425,1778
1762322520,0000000100000008,113793259413,2523,1779
1762322525,0000004000000008,113843079359,4736,1780
1762322547,0000004000000001,114064327787,1813,1781
1762322560,0000004000000001,114189273922,4689,1782
1762322567,0000008000000080,114260989773,372,1783
1762322571,0000008000000080,114301734697,3097,1784
1762322576,0000008000000080,114347860732,341,1785
1762322604,0000000400000002,114626293444,4376,1786
1762322605,0000000100000080,114637077608,3722,1787
1762322628,0000000100000002,114866621357,300,1788
1762322645,0000008000000080,115040543273,226,1789
1762322657,0000000800000080,115165660922,3068,1790
1762322663,0000008000000081,115216325994,5225,1791
1762322669,0000000c00000001,115283409520,1195,1792
1762322671,0000000100000003,115297182079,370,1793
1762322672,0000000100000001,115314010767,4555,1794
1762322676,0000008000000004,115347294640,2534,1795
1762322676,0000000100000002,115355197320,2068,1796
1762322690,0000008000000080,115487180791,4527,1797
1762322757,0000008000000080,116157096184,582,1798
1762322758,0000000100000001,116172716601,4837,1799
1762322760,0000000800000008,116189679367,3820,1800
1762322761,0000000800000001,116197180095,3358,1801
1762322781,0000008000000006,116397206418,1720,1802
1762322785,0000000100000001,116438275397,4452,1803
1762322802,0000000800000001,116611802675,4403,1804
1762322805,0000000100000001,116641221090,2611,1805
1762322808,0000000100000001,116666388970,1107,1806
1762322810,0000008000000004,116687697921,5019,1807
1762322810,0000000400000001,116694396639,4624,1808
1762322813,0000000800000080,116722997467,2881,1809
1762322817,0000004000000008,116762397258,529,1810
1762322831,0000000800000008,116903748772,2404,1811
1762322848,0000008000000080,117072451511,2638,1812
1762322849,0000004000000008,117081090459,2131,1813
1762322849,0000000100000001,117085373406,1876,1814
1762322869,0000000400000080,117284806965,269,1815
1762322875,0000000800000002,117337373255,2292,1816
1762322877,0000000800000002,117364925238,644,1817
1762322892,0000000800000008,117509757887,2310,1818
1762322908,0000000200000003,117673487419,2841,1819
1762322912,0000000400000008,117713671186,441,1820
1762322919,0000004000000002,117776338110,1865,1821
1762322921,000000c000000080,117802880165,269,1822
1762322931,0000000400000001,117896379567,5030,1823
1762322964,0000000100000001,118229177089,595,1824
1762322974,0000000800000008,118332633622,4762,1825
1762322978,0000004000000002,118374549653,2232,1826
1762322987,0000000100000001,118457270349,2446,1827
1762322987,0000008000000008,118466063316,1927,1828
1762322992,0000004000000080,118508908051,4550,1829
1762323009,0000008000000008,118681648494,4548,1830
1762323076,0000004000000080,119347942682,819,1831
1762323107,0000000400000002,119662866987,2637,1832
1762323125,0000004000000004,119843481203,2170,1833
1762323137,0000000100000003,119959170119,411,1834
1762323141,000000c000000080,119997604974,3283,1835
1762323151,0000008000000002,120102815937,2154,1836
1762323157,0000008000000008,120159942641,3921,1837
1762323163,0000000100000001,120218883911,372,1838
1762323167,0000004000000080,120260736041,3027,1839
1762323177,0000008000000004,120365384348,1944,1840
1762323194,0000000100000003,120532995993,2245,1841
1762323195,0000000100000001,120539550235,1856,1842
1762323198,0000008000000001,120573374336,5014,1843
1762323203,0000000100000003,120617947131,2327,1844
1762323221,0000008000000008,120805947554,1415,1845
1762323253,0000008000000080,121117274425,3462,1846
1762323276,0000004000000080,121347137879,5213,1847
1762323296,0000008000000080,121549589477,3425,1848
1762323315,0000000400000002,121737019170,2527,1849
1762323324,0000000100000001,121830411801,2114,1850
1762323327,0000000200000002,121865473525,5198,1851
1762323332,0000000400000004,121915359916,2195,1852
1762323347,0000000700000001,122057059180,4074,1853
1762323353,0000000100000003,122117057601,458,1854
1762323357,0000004000000004,122164928548,2756,1855
1762323367,0000000100000001,122263586704,2028,1856
1762323380,0000008000000004,122393012233,4639,1857
1762323384,0000000800000002,122434803917,2117,1858
1762323385,0000008000000080,122437578340,1951,1859
1762323405,0000000100000006,122641899513,5238,1860
1762323429,0000008000000080,122883042253,1123,1861
1762323430,0000000400000008,122891419436,623,1862
1762323430,0000000800000008,122894515762,438,1863
1762323434,0000004000000001,122926620511,3702,1864
1762323439,0000000100000001,122980238960,474,1865
1762323444,0000000100000001,123027555847,2806,1866
1762323445,0000000400000001,123038072784,2184,1867
1762323449,0000000200000002,123076579965,5063,1868
1762323475,0000004000000002,123338071811,4920,1869
1762323482,0000000100000004,123410731091,549,1870
1762323487,0000000400000008,123456960200,2944,1871
1762323500,0000000200000001,123592881219,5170,1872
1762323517,0000000800000002,123758285308,419,1873
1762323520,0000000400000008,123793337601,3502,1874
1762323520,0000000100000008,123794499436,3430,1875
1762323560,0000000400000008,124192842758,249,1876
1762323579,0000008000000008,124379803649,4590,1877
1762323595,0000000800000004,124543194185,5139,1878
1762323613,0000000800000002,124722765659,4733,1879
1762323615,000000c000000080,124739192364,3746,1880
1762323620,0000004000000002,124789963027,688,1881
1762323624,0000000800000004,124832879714,3291,1882
1762323638,0000000100000002,124973722666,5210,1883
1762323651,0000000400000080,125098140547,2908,1884
1762323652,0000000800000002,125112307690,2070,1885
1762323664,0000008000000080,125229412878,225,1886
1762323674,0000000100000001,125334890555,4275,1887
1762323696,0000000400000006,125550880686,1663,1888
1762323702,0000008000000004,125612048878,3162,1889
1762323712,0000008000000004,125707984672,2585,1890
1762323725,0000008000000004,125844741172,4764,1891
1762323728,0000000400000002,125875786464,2876,1892
1762323737,0000004000000008,125957127272,3182,1893
1762323741,0000000400000008,125999352441,655,1894
1762323743,0000008000000004,126020452084,4586,1895
1762323753,0000008000000008,126117035522,3972,1896
1762323760,0000008000000004,126195380710,4453,1897
1762323780,0000004000000004,126389663851,3131,1898
1762323799,0000000800000002,126577811205,2210,1899
1762323818,0000000100000001,126771348456,961,1900
1762323824,0000000800000080,126830712076,2571,1901
1762323829,0000008000000080,126878114777,4928,1902
1762323852,0000008000000008,127112357301,1224,1903
1762323854,0000000200000002,127127084161,341,1904
1762323854,0000000100000002,127133701861,5132,1905
1762323856,0000000800000004,127148742579,4242,1906
1762323869,0000000100000004,127280532016,1499,1907
1762323872,0000008000000001,127314638801,4645,1908
1762323877,0000004000000004,127363001830,1732,1909
1762323888,0000000100000001,127466803776,682,1910
1762323889,0000000400000080,127483961923,4844,1911
1762323892,0000008000000080,127514129449,3009,1912
1762323900,0000000400000008,127593298528,3456,1913
1762323904,0000004000000001,127628535056,1339,1914
1762323912,0000008000000004,127712559608,1481,1915
1762323913,0000000100000080,127719766323,1043,1916
1762323948,0000000100000002,128070110244,748,1917
1762323957,0000000800000004,128163848684,306,1918
1762323960,0000004000000002,128193303960,3728,1919
1762323963,0000004000000002,128223502925,1908,1920
1762323968,0000008000000002,128273232096,4121,1921
1762323988,0000000100000004,128468670482,2728,1922
1762324001,0000000100000002,128596217939,267,1923
1762324019,0000000400000008,128780043028,4793,1924
1762324026,0000000400000008,128847768537,716,1925
1762324026,0000000100000004,128854941051,286,1926
1762324041,0000008000000080,129000070825,1941,1927
1762324042,0000004000000002,129009643229,1366,1928
1762324048,0000000400000004,129067451317,3065,1929
1762324057,0000000400000008,129163307110,2498,1930
1762324061,0000000100000002,129197759372,440,1931
1762324061,0000008000000080,129199664492,325,1932
1762324066,0000008000000080,129246733019,2673,1933
1762324075,0000004000000008,129337809226,2391,1934
1762324089,0000000400000008,129477495782,4396,1935
1762324089,0000000400000080,129484318821,3985,1936
1762324096,0000000800000008,129548983308,5277,1937
1762324099,0000004000000080,129582132352,3279,1938
1762324130,0000000100000008,129888945265,414,1939
1762324144,0000008000000008,130034419668,2048,1940
1762324148,0000008000000008,130073986094,4866,1941
1762324151,0000000400000002,130100062236,3287,1942
1762324172,000000c000000080,130310832458,1002,1943
1762324173,0000000400000001,130320772607,408,1944
1762324184,0000008000000008,130432303120,4096,1945
1762324200,0000004000000004,130586152785,5208,1946
1762324201,0000008000000001,130601148939,4328,1947
1762324202,0000000100000001,130611888997,3675,1948
1762324204,0000000800000002,130627311170,2729,1949
1762324204,0000000100000008,130632330721,2432,1950
1762324229,0000000400000004,130885319680,2790,1951
1762324232,0000008000000080,130914708413,1035,1952
1762324245,0000000100000001,131037122992,4072,1953
1762324251,0000008000000080,131101999776,162,1954
1762324260,0000000800000002,131191643342,5152,1955
1762324277,0000004000000008,131359604148,246,1956
1762324286,0000000100000001,131446280638,227,1957
1762324295,0000008000000080,131542472680,4829,1958
1762324300,0000004000000080,131594465003,1701,1959
1762324305,0000008000000008,131637411131,4322,1960
1762324328,0000000200000002,131871723498,605,1961
1762324328,000000c000000080,131874395435,445,1962
1762324329,0000008000000008,131876060121,345,1963
1762324332,0000000100000001,131913705024,3264,1964
1762324346,0000004000000004,132054205054,5204,1965
1762324347,0000008000000080,132059341383,4900,1966
1762324387,0000000400000008,132457749974,1712,1967
1762324401,0000000100000004,132600524273,3510,1968
1762324422,0000000100000080,132809889324,1304,1969
1762324429,0000000400000002,132880207777,2262,1970
1762324433,0000000400000008,132920157990,5057,1971
1762324449,0000000100000008,133081241360,564,1972
1762324460,0000000400000001,133188187646,4526,1973
1762324464,0000008000000004,133235704328,1661,1974
1762324468,0000000400000001,133268672456,4873,1975
1762324492,0000004000000080,133509973325,744,1976
1762324495,0000000100000001,133544770743,3851,1977
1762324498,0000000100000001,133567433523,2471,1978
1762324502,0000000100000002,133613222032,4920,1979
1762324511,0000008000000008,133698580795,4978,1980
1762324518,0000008000000080,133774820072,397,1981
1762324568,0000008000000001,134266474286,1984,1982
1762324583,0000000100000001,134419490588,3155,1983
1762324588,0000000100000008,134468743530,206,1984
1762324589,0000000400000080,134478832188,4795,1985
1762324596,0000000100000001,134552568260,359,1986
1762324600,0000000400000001,134588179925,3406,1987
1762324601,0000000400000008,134604999094,2389,1988
1762324607,0000004400000002,134664386827,4026,1989
1762324610,0000008000000080,134686941435,2647,1990
1762324619,0000000400000008,134783411667,2051,1991
1762324628,0000004000000008,134867290388,2195,1992
1762324653,0000004000000080,135125027528,2273,1993
1762324668,0000008000000001,135275651418,3608,1994
1762324670,0000000100000008,135288069887,2843,1995
1762324716,0000000400000004,135747128238,1214,1996
1762324724,0000008000000080,135835461421,1092,1997
1762324738,0000008000000080,135967601405,3536,1998
1762324743,0000000800000080,136017984801,506,1999
1762324745,0000008000000080,136036595296,4585,2000
1762324752,0000000100000001,136112270798,5209,2001
1762324776,0000008000000008,136350018621,1308,2002
1762324779,0000000800000001,136382210302,4572,2003
1762324790,0000000800000001,136493283131,3062,2004
1762324797,0000004000000008,136558137246,4381,2005
1762324805,0000008000000080,136643745782,4424,2006
1762324811,0000008000000080,136700745433,983,2007
1762324837,0000000100000001,136961647985,873,2008
1762324842,0000008000000080,137014390021,2879,2009
1762324861,0000000800000008,137195776416,2365,2010
1762324879,0000004000000004,137376196395,1908,2011
1762324881,0000000400000008,137405465040,162,2012
1762324890,0000000100000004,137487783772,392,2013
1762324890,0000000100000002,137493467680,5237,2014
1762324907,0000008000000008,137661724632,316,2015
1762324908,0000000100000001,137668750540,5084,2016
1762324911,0000004000000080,137701587227,3096,2017
1762324930,0000000100000001,137885799358,2409,2018
1762324933,0000000400000008,137921129725,295,2019
1762324942,0000000400000002,138010851545,5279,2020
1762324949,0000004000000080,138076959148,1308,2021
1762324969,0000000400000004,138281406735,4597,2022
1762325018,0000008000000004,138768882607,1237,2023
1762325021,0000008000000080,138797780548,4698,2024
1762325036,0000004000000080,138947118660,904,2025
1762325036,0000000100000004,138948165387,842,2026
1762325039,0000008000000001,138981592229,4034,2027
1762325046,0000000400000001,139049858506,5109,2028
1762325048,0000008000000002,139074403054,3638,2029
1762325052,0000000800000001,139112032100,1372,2030
1762325063,0000004000000080,139224361581,5001,2031
1762325065,0000004000000001,139235743606,4329,2032
1762325080,000000010000000c,139392918140,5247,2033
1762325081,0000000100000004,139401867228,4717,2034
1762325085,0000000800000004,139438685201,2489,2035
1762325093,0000000100000002,139518705951,2863,2036
1762325100,0000008000000080,139594166875,3535,2037
1762325106,0000000100000007,139645975846,420,2038
1762325107,0000004000000082,139658908542,4835,2039
1762325107,0000000800000002,139663779842,4548,2040
1762325117,0000000100000080,139760390891,3931,2041
1762325117,0000004000000002,139765011046,3648,2042
1762325123,0000000100000008,139822396218,196,2043
1762325126,0000000100000008,139848918547,3797,2044
1762325127,0000000100000004,139862120427,2980,2045
1762325134,0000008000000080,139935488270,3783,2046
1762325144,0000008000000080,140033826918,3038,2047
1762325154,0000000100000001,140127654038,2594,0
1762325157,0000000800000006,140163150014,473,1
1762325163,0000000100000003,140219628821,2263,2
1762325178,0000000400000002,140369119724,3667,3
1762325180,0000004000000004,140393250559,2208,4
1762325187,0000008000000080,140459670686,3408,5
1762325189,0000004000000002,140475579650,2443,6
1762325225,0000008000000080,140842584869,1152,7
1762325237,0000000800000001,140956668945,4685,8
1762325244,0000004000000004,141032586275,5302,9
1762325249,0000000400000004,141084303824,2191,10
1762325250,0000008000000004,141086664072,2052,11
1762325258,0000000100000001,141172640143,2074,12
1762325267,0000004000000002,141259148916,2065,13
1762325269,0000008000000004,141280306098,795,14
1762325274,0000000800000002,141326388269,3206,15
1762325279,0000000800000080,141376181326,222,16
1762325286,000000010000000a,141449736365,987,17
1762325292,0000008000000080,141513482503,2341,18
1762325293,0000000100000001,141518648557,2037,19
1762325295,0000000400000004,141539961207,758,20
1762325296,0000000100000004,141553728430,5121,21
1762325305,0000000800000004,141636696009,5321,22
1762325312,0000000800000080,141714098142,671,23
1762325313,0000000100000001,141723354791,5301,24
1762325355,0000000400000004,142141791917,913,25
1762325357,0000004000000008,142165030774,4714,26
1762325363,0000008000000080,142215716227,1661,27
1762325365,0000000800000001,142242382352,5246,28
1762325383,0000008000000080,142421191090,4883,29
1762325397,0000000400000008,142557099266,1901,30
1762325417,000000080000000a,142763867570,5043,31
1762325422,0000000100000080,142807688648,2400,32
1762325442,000000c000000080,143012067018,505,33
1762325446,0000000800000008,143049450050,3447,34
1762325461,0000008000000080,143195879710,5027,35
1762325480,0000000400000080,143392945824,3563,36
1762325480,0000000100000004,143393787218,3511,37
1762325483,0000000800000001,143422775036,1770,38
1762325496,0000008000000008,143554947899,4216,39
1762325511,0000000100000080,143699957145,678,40
1762325516,0000000800000080,143750852761,2793,41
1762325532,0000000400000008,143909947794,3629,42
1762325535,0000000400000002,143937585402,1964,43
1762325551,0000000400000008,144099061518,2626,44
1762325556,0000000100000001,144151722694,4671,45
1762325563,0000008000000080,144217591945,705,46
1762325564,0000000400000008,144229664786,5167,47
1762325572,0000008000000080,144310475769,312,48
1762325619,0000000100000004,144785464930,2884,49
1762325633,0000004000000001,144924382746,4933,50
1762325652,0000004000000008,145107062516,4343,51
1762325654,0000000400000001,145128714188,3013,52
1762325659,0000000100000001,145176927838,5319,53
1762325664,0000008000000080,145233099050,1944,54
1762325669,0000000100000004,145281717211,4226,55
1762325678,0000000400000080,145372805338,3937,56
1762325708,0000008000000001,145666294015,1859,57
1762325715,0000000200000001,145735573802,2868,58
1762325735,0000000100000008,145944567503,702,59
1762325736,0000000100000001,145954737052,5278,60
1762325752,0000000100000001,146113721403,914,61
1762325755,0000008000000001,146135906693,4776,62
1762325767,0000008000000080,146262342950,2353,63
1762325771,0000000200000002,146303926927,5053,64
1762325776,0000000100000002,146350840726,2227,65
1762325784,0000000400000002,146428784027,2722,66
1762325787,0000000100000001,146456055266,1093,67
1762325793,0000000300000001,146516249928,2656,68
1762325795,0000008000000080,146536424655,1458,69
1762325796,0000008000000080,146552029229,519,70
1762325799,0000004000000001,146579284520,4082,71
1762325831,0000000100000001,146904571135,5276,72
1762325838,0000000100000001,146968415774,1442,73
1762325841,0000000500000001,147001248072,4665,74
1762325851,0000000800000004,147102360384,3777,75
1762325853,0000000800000004,147124896926,2407,76
1762325861,0000000400000004,147197934974,3206,77
1762325866,0000000100000002,147246841071,277,78
1762325869,0000000200000008,147282115891,3341,79
1762325870,0000008400000080,147285984093,3099,80
1762325874,0000000800000008,147328744140,543,81
1762325879,0000004000000008,147380178644,2629,82
1762325881,0000008000000080,147397982367,1572,83
1762325891,0000000100000080,147497199931,798,84
1762325896,0000000200000001,147553091735,2615,85
1762325912,0000000100000008,147713341854,3373,86
1762325915,0000000400000001,147741742058,1671,87
1762325918,0000000800000002,147773220355,4970,88
1762325927,0000000400000001,147858838114,5013,89
1762325931,0000008000000080,147898519740,2612,90
1762325985,0000004000000008,148442256927,1081,91
1762326007,0000008000000080,148662436507,3418,92
1762326008,0000000100000008,148668914446,3014,93
1762326020,0000000100000001,148790127858,933,94
1762326030,0000000800000008,148893176378,5120,95
1762326044,0000000400000001,149027986152,2203,96
1762326056,0000000400000004,149148137914,177,97
1762326066,0000008000000002,149246220315,4668,98
1762326069,0000000300000001,149282614799,2464,99
1762326110,0000008000000002,149689436802,3981,100
1762326112,0000000400000001,149709084325,2775,101
1762326115,0000000400000001,149736500912,1138,102
1762326117,0000008000000004,149758093272,5035,103
1762326123,0000008000000080,149820843461,1261,104
1762326134,0000004000000080,149927180019,5248,105
1762326151,0000000100000008,150096589196,258,106
1762326151,0000000800000080,150096813656,244,107
1762326177,0000000400000001,150357226650,163,108
1762326182,0000000800000080,150408988033,2236,109
1762326191,0000004000000080,150499191685,2006,110
1762326191,0000008000000008,150500641054,1921,111
1762326196,0000004000000004,150550111991,4148,112
1762326204,0000008000000001,150627454826,4686,113
1762326206,0000000100000008,150648085226,3439,114
1762326208,0000008000000080,150668410627,2212,115
1762326210,0000000400000008,150694599994,643,116
1762326213,0000008000000080,150720832350,4268,117
1762326220,0000004000000080,150785474646,372,118
1762326223,0000008000000080,150821955907,3365,119
1762326234,0000004000000004,150933439314,1858,120
1762326237,0000008000000080,150961853043,162,121
1762326271,0000000400000004,151302572740,431,122
1762326278,0000008000000008,151365848964,1818,123
1762326285,0000000800000004,151442220872,2406,124
1762326293,0000000800000080,151516224220,3146,125
1762326297,0000008000000080,151560411694,502,126
1762326332,0000000100000004,151906714549,448,127
1762326355,0000000800000001,152144151966,1747,128
1762326368,0000000800000080,152270385132,4547,129
1762326371,0000000400000004,152303182398,2556,130
1762326383,0000004000000080,152422287125,597,131
1762326384,0000008000000002,152429894357,5327,132
1762326396,0000000100000001,152554201527,3034,133
1762326402,0000000800000002,152605661709,5145,134
1762326406,0000000800000001,152652776190,2307,135
1762326410,0000000800000004,152686454072,289,136
1762326413,0000000800000001,152723102847,3272,137
1762326424,0000008000000080,152833346916,1842,138
1762326445,0000000800000001,153040101507,4984,139
1762326449,0000000400000002,153077513753,2721,140
1762326459,0000008000000008,153182292816,1628,141
1762326471,0000000100000004,153298169456,5041,142
1762326487,0000000400000080,153461439552,419,143
1762326488,0000000100000002,153467522148,5240,144
1762326488,0000000100000008,153474508646,4826,145
1762326491,0000008000000080,153501598750,3185,146
1762326492,0000008000000080,153509655261,2695,147
1762326498,000000c000000080,153566141378,4515,148
1762326498,0000004000000004,153569460533,4319,149
1762326548,0000000400000008,154073049983,5169,150
1762326560,0000008000000088,154192070574,3205,151
1762326573,0000004100000008,154317694136,852,152
1762326587,0000000800000004,154459601988,2688,153
1762326614,0000004000000008,154733150207,1831,154
1762326619,0000000400000080,154785009241,3912,155
1762326621,0000008000000080,154799717707,3003,156
1762326621,0000000800000002,154801272917,2908,157
1762326645,0000008000000001,155037503609,4309,158
1762326647,0000000800000008,155059986640,2928,159
1762326652,0000000400000002,155106975969,5307,160
1762326652,0000008000000008,155109821573,5139,161
1762326655,0000000100000008,155141900746,3203,162
1762326660,0000008000000080,155186688100,519,163
1762326664,0000000800000008,155232540385,2936,164
1762326668,0000000200000001,155273695535,479,165
1762326677,0000000100000001,155362551690,330,166
1762326689,0000000800000008,155481058019,3588,167
1762326700,0000008000000080,155590657889,2184,168
1762326703,0000000100000001,155616825037,615,169
1762326704,0000000800000002,155631933481,4900,170
1762326706,0000000800000080,155652460099,3668,171
1762326708,0000000400000002,155674990175,2303,172
1762326712,0000004000000008,155712953275,5216,173
1762326745,0000000100000080,156035526805,1399,174
1762326763,0000000800000080,156222363856,548,175
1762326763,0000000800000080,156224975340,393,176
1762326778,0000008000000080,156366041405,2286,177
1762326800,0000004000000002,156592656803,4254,178
1762326804,0000000800000004,156630458271,1970,179
1762326807,0000008000000008,156656052365,431,180
1762326810,0000000400000080,156686434053,3802,181
1762326828,0000000400000008,156865478533,3412,182
1762326833,0000008000000008,156921721596,5222,183
1762326838,0000000100000010,156971180877,2244,184
1762326841,0000000400000004,157002694766,358,185
1762326864,0000000100000080,157227037881,2433,186
1762326866,0000008000000080,157249093991,1112,187
1762326871,0000000400000008,157302806943,3064,188
1762326872,0000008000000080,157309340128,2671,189
1762326872,0000000600000002,157311546227,2542,190
1762326892,000000c800000080,157505940356,1245,191
1762326898,0000000400000001,157571703281,2474,192
1762326905,0000000100000080,157636951246,3759,193
1762326905,0000000400000080,157637939627,3700,194
1762326908,0000008000000008,157666535548,1975,195
1762326911,0000008100000002,157700851625,5103,196
1762326920,0000008000000008,157787948165,5059,197
1762326935,0000008000000080,157944733062,824,198
1762326942,0000000800000008,158005468833,2356,199
1762326942,0000000100000002,158013213697,1898,200
1762326945,0000008000000008,158042316471,162,201
1762326951,0000000800000002,158102498091,1723,202
1762326992,0000000800000004,158513578774,2946,203
1762327004,0000008000000080,158627308112,1317,204
1762327004,0000008000000080,158631732216,1048,205
1762327018,0000008000000080,158767419441,3272,206
1762327019,0000000800000008,158779667648,2529,207
1762327024,0000000800000001,158828986816,4771,208
1762327025,0000008000000001,158838561784,4202,209
1762327040,0000000400000001,158989574306,303,210
1762327054,0000000100000002,159128522037,2324,211
1762327062,0000008000000080,159208148312,2721,212
1762327066,0000000600000001,159252370563,5266,213
1762327072,0000000800000002,159307306502,1965,214
1762327083,0000000400000008,159418774688,457,215
1762327096,0000004000000080,159550187523,2921,216
1762327133,0000000100000001,159916989024,1652,217
1762327134,0000000400000002,159929098501,921,218
1762327134,0000000100000002,159933926233,633,219
1762327144,0000000100000001,160033655273,5021,220
1762327145,0000000100000001,160038325572,4745,221
1762327155,0000000100000002,160144521382,3547,222
1762327156,0000008000000080,160154051696,2955,223
1762327165,0000000400000002,160244166856,2732,224
1762327179,0000000400000002,160375099237,5253,225
1762327179,0000008000000080,160381299935,4886,226
1762327183,0000000100000002,160417986337,2665,227
1762327191,0000000100000001,160496305996,3150,228
1762327196,0000008000000080,160552727336,4961,229
1762327212,0000000400000008,160708613294,780,230
1762327214,0000004000000008,160727689317,4828,231
1762327216,0000000800000080,160749224922,3531,232
1762327220,0000008000000001,160791342128,995,233
1762327222,0000008000000080,160805094024,173,234
1762327232,0000008000000008,160909288909,4300,235
1762327241,0000004000000002,160996271554,4263,236
1762327241,0000000800000004,160999617980,4060,237
1762327247,0000008000000080,161057876585,547,238
1762327251,0000008000000080,161096712147,3402,239
1762327263,0000004000000001,161221040086,1116,240
1762327272,0000000400000080,161309186016,1009,241
1762327293,0000004000000001,161518979776,3983,242
1762327300,0000000200000004,161593328626,4701,243
1762327302,0000000400000080,161605856844,3950,244
1762327342,000000c000000080,162009152561,460,245
1762327349,0000000100000008,162080843899,1340,246
1762327373,0000004000000080,162324421350,2265,247
1762327384,0000000100000001,162425075524,1411,248
1762327387,0000008000000080,162458104954,4624,249
1762327392,0000000800000002,162513482529,1286,250
1762327403,0000004000000080,162623303763,5067,251
1762327409,0000000800000004,162676554068,1866,252
1762327409,0000008000000080,162680868921,1606,253
1762327413,0000000400000002,162721554311,4363,254
1762327426,0000008000000080,162846027112,2057,255
1762327440,0000008000000008,162987284333,3960,256
1762327441,0000008000000080,163004266466,2911,257
1762327445,0000004000000002,163043097147,595,258
1762327470,0000000100000008,163294356505,1058,259
1762327481,0000000100000001,163400819103,5046,260
1762327489,0000000800000080,163481675064,186,261
1762327495,0000000400000003,163535018118,2164,262
1762327508,0000008000000008,163671204351,4374,263
1762327528,0000008000000080,163866823811,2968,264
1762327529,0000004000000004,163883346629,1990,265
1762327549,0000004000000001,164082907554,378,266
1762327569,0000008000000080,164278478166,4205,267
1762327587,0000000100000080,164461514836,3573,268
1762327611,0000000800000001,164702861472,4642,269
1762327639,0000004000000080,164982164368,3416,270
1762327655,0000004000000080,165137779666,4454,271
1762327655,0000000100000001,165140424807,4296,272
1762327667,0000000100000002,165260922603,2226,273
1762327674,0000000800000080,165329450734,3300,274
1762327688,0000000100000002,165466048763,283,275
1762327689,0000000100000001,165478850878,4710,276
1762327693,0000004000000004,165520957453,2167,277
1762327696,0000004000000080,165546921845,611,278
1762327697,0000000400000004,165559494616,5047,279
1762327698,0000008000000001,165568340326,4524,280
1762327751,0000000100000008,166104464490,3430,281
1762327761,0000008000000004,166202980436,2686,282
1762327783,0000000800000004,166419065656,5280,283
1762327795,0000004000000002,166538438660,3292,284
1762327795,0000000800000008,166540740973,3148,285
1762327830,0000000800000004,166887787438,3043,286
1762327843,0000008000000008,167019227502,349,287
1762327854,0000000100000008,167125325785,4363,288
1762327854,0000008000000080,167130249287,4067,289
1762327856,0000000800000004,167154523978,2581,290
1762327861,0000008000000080,167197726196,5188,291
1762327870,0000008000000008,167286977748,5016,292
1762327875,0000000100000004,167343450512,1620,293
1762327884,0000000100000001,167424997042,1908,294
1762327888,0000000100000002,167465326281,4682,295
1762327888,0000008000000001,167465835722,4652,296
1762327890,0000000100000008,167491844708,3066,297
1762327892,0000008400000008,167514148856,1741,298
1762327895,0000000100000001,167537912924,312,299
1762327896,0000004000000004,167552952486,4607,300
1762327906,0000000100000008,167653692118,3740,301
1762327930,0000000100000004,167892329199,4961,302
1762327931,0000000100000008,167900854906,4458,303
1762327932,0000000100000080,167913359210,3701,304
1762327934,0000000300000001,167934889274,2393,305
1762327955,0000000400000008,168138655525,533,306
1762327959,0000000100000003,168177530964,3385,307
1762327974,0000000100000001,168325534229,4875,308
1762327988,0000008000000020,17325662356,1273,309
1762328009,0000000400000080,168682104571,4211,310
1762328011,0000000400000002,168704754528,2821,311
1762328012,0000000400000004,168709947429,2514,312
1762328034,0000000400000008,168925007261,5169,313
1762328044,0000000100000004,169025278899,4343,314
1762328051,0000000100000002,169103912194,4801,315
1762328055,0000008000000080,169134900663,2915,316
1762328058,0000000400000008,169173249218,628,317
1762328061,0000008000000004,169199557590,4249,318
1762328071,0000008000000008,169301745406,3281,319
1762328074,0000000800000002,169325767762,1841,320
1762328099,0000008000000002,169577623793,2266,321
1762328127,0000000100000002,169864498754,600,322
1762328137,0000008000000008,169958979213,5301,323
1762328139,0000000100000080,169983585658,3830,324
1762328143,0000008000000001,170017481044,1785,325
1762328151,0000008000000081,170098866318,2080,326
1762328155,0000000400000001,170139168557,4855,327
1762328162,0000000800000080,170205099032,886,328
1762328165,0000000800000080,170239902513,3996,329
1762328172,0000008000000008,170310114010,4957,330
1762328187,0000000100000080,170462188064,1002,331
1762328196,0000008000000008,170552748136,752,332
1762328197,0000008000000080,170564726864,5221,333
1762328206,0000000100000001,170650554550,5252,334
1762328211,0000004000000008,170696377050,2481,335
1762328219,0000008000000080,170776584622,2850,336
1762328220,0000004000000002,170793415473,1856,337
1762328223,0000000100000001,170823485966,5237,338
1762328261,0000000800000004,171204271648,3100,339
1762328267,0000000100000003,171261264612,4879,340
1762328286,0000008000000080,171447016518,4102,341
1762328310,0000004000000004,171691187859,4986,342
1762328331,0000000800000002,171897886675,2923,343
1762328332,0000000400000001,171905927602,2447,344
1762328353,0000004000000002,172124463813,4895,345
1762328377,0000000100000004,172363073389,928,346
1762328380,0000008000000008,172388461714,4604,347
1762328399,0000000200000020,172584567902,3179,348
1762328405,0000000800000008,172644758997,4766,349
1762328417,0000000100000002,172760885475,2953,350
1762328422,0000000100000001,172811959682,5089,351
1762328423,0000000900000001,172817158980,4783,352
1762328431,0000000100000001,172896441579,5201,353
1762328434,0000008000000001,172924805938,3498,354
1762328445,0000000100000080,173044644247,1482,355
1762328456,0000000100000008,173147784673,474,356
1762328463,0000008000000080,173215853200,1574,357
1762328466,0000004000000004,173248922394,4781,358
1762328470,0000008000000080,173289820102,2309,359
1762328503,0000000400000002,173623019869,3035,360
1762328515,0000000100000008,173744077267,962,361
1762328518,0000008000000001,173771085600,4541,362
1762328530,0000000400000008,173887236953,2724,363
1762328572,0000000100000008,174308528410,3366,364
1762328580,0000000100000080,174392874329,3488,365
1762328589,0000000100000002,174481907419,3322,366
1762328589,0000004000000001,174483235869,3240,367
1762328594,0000008000000008,174531868304,324,368
1762328595,0000008000000080,174539671256,5044,369
1762328599,0000000100000001,174581442493,2521,370
1762328644,0000008000000008,175029656521,1542,371
1762328654,0000004000000080,175125914907,944,372
1762328658,0000000100000003,175166634727,3695,373
1762328660,0000004000000001,175185183269,2562,374
1762328662,0000008000000008,175205204053,1370,375
1762328666,0000000800000004,175253319227,3674,376
1762328684,0000000400000002,175428197162,3540,377
1762328685,0000008000000080,175435858428,3064,378
1762328699,0000000800000004,175576656587,4997,379
1762328710,0000000100000008,175689406647,3407,380
1762328712,0000000100000080,175710072273,2161,381
1762328716,0000004000000001,175752775040,4794,382
1762328718,000000c000000080,175773989189,3516,383
1762328722,0000008100000080,175810311803,1328,384
1762328727,0000008000000002,175855300100,3824,385
1762328734,0000000100000001,175926509611,4733,386
1762328751,0000000100000004,176098688087,4762,387
1762328756,0000000800000080,176152984116,1493,388
1762328773,0000008000000080,176314784122,2144,389
1762328789,0000000100000002,176483526767,2376,390
1762328806,0000000800000080,176646197922,2973,391
1762328814,0000000400000080,176725992762,3382,392
1762328824,0000000800000001,176832605507,2160,393
1762328825,0000000800000008,176843293567,1522,394
1762328830,0000008000000004,176887340257,4078,395
1762328859,0000000800000002,177181682482,1942,396
1762328860,0000000100000001,177185604550,1708,397
1762328861,0000000100000008,177195499531,1108,398
1762328864,0000004000000008,177229363711,4280,399
1762328865,0000000400000008,177241045720,3568,400
1762328865,0000000100000003,177242184800,3497,401
1762328879,0000004000000008,177383080593,217,402
1762328883,0000000100000080,177415901848,3435,403
1762328898,0000000800000008,177567955366,4684,404
1762328901,0000000100000001,177601496085,2646,405
1762328905,0000008000000080,177636052618,582,406
1762328941,0000000100000001,177998151692,4774,407
1762328944,0000000200000002,178030743451,2792,408
1762328955,0000008800000001,178143151128,1238,409
1762328992,0000000800000001,178514119960,4898,410
1762329004,0000000100000001,178630621041,3070,411
1762329026,0000000400000002,178854426199,5200,412
1762329042,0000000800000080,179011379949,954,413
1762329048,0000008000000080,179072497334,2462,414
1762329077,0000008000000080,179357023824,939,415
1762329084,0000000900000008,179431536807,1652,416
1762329106,0000004000000004,179647336761,4265,417
1762329126,0000000800000004,179846396725,2654,418
1762329138,0000004000000004,179971889789,315,419
1762329143,0000000100000002,180017599775,2741,420
1762329145,0000000800000080,180038763149,1484,421
1762329173,0000000400000002,180322133292,5211,422
1762329183,0000000100000001,180416422123,4742,423
1762329200,0000008000000004,180584949186,4987,424
1762329208,0000000800000008,180666425496,5276,425
1762329233,0000000400000002,180918786571,488,426
1762329236,0000000400000080,180948721853,3888,427
1762329238,0000008000000080,180966031654,2822,428
1762329241,0000000100000001,181000816368,749,429
1762329242,0000008000000008,181010442398,170,430
1762329251,0000000100000080,181103313079,4971,431
1762329252,0000000400000008,181113971512,4341,432
1762329262,0000000100000001,181205687593,4015,433
1762329264,0000000100000001,181228994825,2590,434
1762329290,0000000100000001,181484656421,2790,435
1762329292,0000004000000001,181511144652,1210,436
1762329302,0000004000000004,181609332169,502,437
1762329310,0000000800000002,181691596449,748,438
1762329317,0000008000000008,181763792393,1599,439
1762329345,0000000400000001,182039649542,587,440
1762329345,0000004000000080,182041571884,472,441
1762329359,0000000100000001,182178301609,2621,442
1762329379,0000008000000080,182381635285,792,443
1762329389,0000000400000001,182480919023,5204,444
1762329394,0000000400000002,182528995393,2308,445
1762329408,0000008000000002,182673016519,4050,446
1762329411,0000008000000080,182697394707,2559,447
1762329416,0000008000000001,182751235300,4538,448
1762329417,0000000100000080,182763281513,3811,449
1762329427,0000008000000080,182863857164,2930,450
1762329446,0000000800000001,183047022260,2311,451
1762329451,0000000400000008,183099768397,4350,452
1762329453,0000008d00000006,183114857502,3431,453
1762329467,0000000400000004,183258576219,5173,454
1762329470,0000000100000001,183285828926,3538,455
1762329472,0000008000000080,183307225532,2242,456
1762329487,0000000800000080,183460726210,3402,457
1762329490,0000000800000080,183486435520,1856,458
1762329497,0000000800000008,183555324702,2888,459
1762329514,0000000100000002,183728438715,2864,460
1762329545,0000000400000001,184035543544,5181,461
1762329549,0000000100000001,184078759312,2573,462
1762329558,0000000400000004,184166033615,2515,463
1762329558,0000008000000004,184166479524,2491,464
1762329566,0000000400000002,184247852678,2783,465
1762329566,0000000400000002,184248233959,2760,466
1762329581,0000004000000001,184397823653,4179,467
1762329595,0000000100000004,184538812975,881,468
1762329596,0000000100000001,184552175977,5268,469
1762329605,0000000400000001,184641962987,5062,470
1762329606,0000008000000008,184644648841,4904,471
1762329627,0000000100000008,184858277304,2431,472
1762329632,0000008000000002,184911005900,4472,473
1762329636,0000004000000004,184954460769,1850,474
1762329643,0000008000000080,185015418140,3375,475
1762329647,0000008000000080,185058886184,762,476
1762329656,0000008000000080,185151384175,395,477
1762329661,0000000800000004,185195439236,2917,478
1762329676,0000004000000004,185352912357,3858,479
1762329679,0000000100000001,185376807917,2403,480
1762329682,0000000400000003,185407351516,576,481
1762329690,0000008000000080,185493758185,573,482
1762329691,0000008000000008,185502177632,5257,483
1762329692,0000008000000080,185512362393,4653,484
1762329702,0000000c00000002,185606851055,4169,485
1762329703,0000004000000080,185618607110,3450,486
1762329709,0000000800000002,185675466971,5220,487
1762329724,0000000100000001,185830923237,1065,488
1762329728,0000000400000080,185870992373,3858,489
1762329729,0000000100000008,185881426011,3219,490
1762329748,0000004000000004,186067294290,2419,491
1762329749,0000004000000002,186080212267,1655,492
1762329750,0000000100000080,186089783738,1075,493
1762329753,0000004000000002,186121465021,4377,494
1762329781,0000000300000001,186397869816,3319,495
1762329791,0000000100000001,186503874287,2136,496
1762329798,0000000100000001,186570751414,3307,497
1762329800,0000004000000002,186588581234,2232,498
1762329812,0000008000000008,186705965187,373,499
1762329816,0000000100000001,186744783996,3225,500
1762329838,0000000100000008,186974082954,5018,501
1762329861,0000008000000008,187195950894,2057,502
1762329868,0000000800000004,187274261788,2532,503
1762329886,0000000800000080,187447551351,2495,504
1762329888,0000000100000080,187468722018,1231,505
1762329888,0000008000000080,187469786363,1167,506
1762329909,0000008000000001,187682062544,3994,507
1762329914,0000000800000080,187729189631,1146,508
1762329915,0000008000000080,187736309398,721,509
1762329963,0000000800000008,188216770365,2968,510
1762329963,0000002000000008,188223326990,2575,511
1762329964,0000000800000001,188226715741,2375,512
1762329977,0000008000000080,188357072730,4932,513
1762329977,0000008000000004,188361686283,4661,514
1762329978,0000004000000080,188374129400,3914,515
1762329994,0000000100000001,188527888971,5043,516
1762330001,0000000100000001,188602352292,566,517
1762330003,0000008000000004,188618408857,4798,518
1762330005,0000008000000080,188639219571,3544,519
1762330006,0000000100000008,188650181780,2863,520
1762330010,0000000100000002,188686721100,685,521
1762330012,0000004000000002,188709008204,4546,522
1762330017,0000008000000002,188758643516,1552,523
1762330024,0000008000000006,188830721287,2399,524
1762330035,0000004000000080,188941800030,921,525
1762330038,0000000400000004,188965135018,4718,526
1762330046,0000000800000001,189047014299,4982,527
1762330056,0000004100000002,189146867004,4181,528
1762330058,0000000400000002,189172205689,2631,529
1762330068,0000004000000004,189268184757,2062,530
1762330081,0000000200000002,189398694938,4610,531
1762330098,0000000100000001,189566629156,4891,532
1762330111,0000008000000001,189701378451,1976,533
1762330114,0000000100000001,189727157650,430,534
1762330124,0000004000000008,189825900592,4876,535
1762330124,0000004000000008,189827474761,4784,536
1762330135,0000000800000080,189937526405,3353,537
1762330140,0000008000000080,189991124165,5321,538
1762330153,0000000400000001,190114756643,3069,539
1762330157,0000000100000003,190156393134,577,540
1762330170,0000000800000004,190293012864,2731,541
1762330175,0000000100000001,190334725226,240,542
1762330189,0000008000000080,190476509291,2094,543
1762330195,0000000800000008,190537908646,3601,544
1762330199,0000004100000002,190574919148,1370,545
1762330215,0000004000000004,190741445203,1743,546
1762330219,0000000400000001,190780508692,4595,547
1762330220,0000008000000001,190785870995,4276,548
1762330250,0000000400000080,191089894719,1558,549
1762330259,0000000100000001,191183638752,1110,550
1762330261,0000008000000080,191195379238,409,551
1762330262,0000008000000080,191204740678,5037,552
1762330272,0000000100000001,191306742136,4107,553
1762330282,0000008000000080,191409393663,3106,554
1762330289,000000010000000a,191474535348,4401,555
1762330293,0000000800000001,191514664061,1976,556
1762330299,0000000800000004,191576559546,3448,557
1762330304,0000008000000080,191625314188,516,558
1762330308,0000000100000008,191671325496,2924,559
1762330310,0000008000000004,191689540495,1846,560
1762330321,0000000100000004,191803365970,196,561
1762330323,0000000400000001,191816764034,4589,562
1762330325,0000000800000004,191842246848,3035,563
1762330330,0000008000000080,191887663995,319,564
1762330368,0000004000000004,192269190597,3334,565
1762330369,0000000400000008,192275895976,2916,566
1762330374,000000c800000002,192331895373,4762,567
1762330376,0000000100000008,192349298962,3716,568
1762330388,0000008000000008,192469413066,1681,569
1762330407,0000000400000002,192663907008,372,570
1762330426,0000004000000001,192853187564,4573,571
1762330448,0000004000000008,193069133375,1962,572
1762330454,0000000800000080,193129619814,3521,573
1762330458,0000000400000002,193171621282,991,574
1762330464,0000008000000002,193233737881,2439,575
1762330470,0000000800000080,193293753433,4045,576
1762330472,0000000100000004,193310031119,3043,577
1762330474,0000000800000008,193328460482,1945,578
1762330493,0000008000000004,193518114870,925,579
1762330504,0000000400000002,193633552511,4381,580
1762330511,0000000100000001,193699130732,427,581
1762330516,0000004000000001,193749844398,2558,582
1762330516,0000008000000080,193752293956,2411,583
1762330520,0000000100000001,193791565674,5249,584
1762330555,0000008000000001,194143110224,4885,585
1762330558,0000000100000001,194171872489,3144,586
1762330560,0000008000000004,194191884226,1948,587
1762330587,0000000800000002,194455538396,1672,588
1762330589,0000004000000001,194476240714,429,589
1762330613,0000000800000002,194722030846,1220,590
1762330618,0000004000000008,194768584248,3620,591
1762330619,0000000400000008,194782320507,2774,592
1762330638,0000000400000001,194971304749,1810,593
1762330639,0000000400000002,194983887142,1052,594
1762330651,0000004000000002,195100580635,4433,595
1762330652,0000004000000002,195107051722,4044,596
1762330659,0000008000000004,195179121709,4894,597
1762330663,0000008000000080,195222229267,2292,598
1762330670,0000008000000080,195289107118,3471,599
1762330682,0000000400000008,195411141152,1323,600
1762330707,0000000100000002,195657639287,2075,601
1762330710,0000000400000080,195687078105,310,602
1762330711,0000000800000008,195694451338,5057,603
1762330712,0000000400000080,195706324352,4356,604
1762330749,0000000400000008,196077570667,2771,605
1762330760,0000000400000080,196193838844,987,606
1762330762,0000000100000008,196206319198,240,607
1762330805,0000008000000008,196642080899,5187,608
1762330806,000000c000000080,196645996404,4955,609
1762330823,0000004000000002,196823754243,4656,610
1762330825,0000000400000008,196840314759,3658,611
1762330827,0000000400000001,196861601793,2362,612
1762330829,0000008000000080,196874755203,1582,613
1762330835,0000000100000004,196943240862,2642,614
1762330866,0000000400000002,197249942928,4983,615
1762330879,0000008000000080,197378134336,2454,616
1762330890,0000000100000002,197491258080,856,617
1762330893,0000000100000084,197523390822,4128,618
1762330927,0000000100000004,197860338697,4632,619
1762330947,0000000100000004,198058407653,3087,620
1762330953,0000000100000001,198114468085,4921,621
1762330970,0000000800000004,198292033437,4633,622
1762330974,0000000400000001,198331088154,2270,623
1762331012,0000000200000008,198705712866,520,624
1762331013,0000008000000080,198720427992,4831,625
1762331021,0000008000000002,198804114600,4988,626
1762331026,0000000200000001,198847580785,2363,627
1762331035,0000004000000002,198937086447,2177,628
1762331038,0000000400000008,198965414582,481,629
1762331039,0000000800000001,198980350957,4778,630
1762331040,0000000400000080,198990449461,4179,631
1762331061,0000000400000080,199196041071,2184,632
1762331090,0000000200000002,199487530232,240,633
1762331114,0000000400000080,199730268301,1214,634
1762331146,0000000100000001,200044538931,3079,635
1762331159,0000008000000080,200174386987,474,636
1762331160,0000000800000001,200185504408,4997,637
1762331173,0000000400000001,200323588844,1885,638
1762331184,0000000400000008,200429662864,700,639
1762331188,0000000100000003,200473913267,3226,640
1762331198,0000004000000008,200573084938,2449,641
1762331206,0000000800000002,200652502226,2859,642
1762331242,0000000800000004,201005958412,2382,643
1762331250,0000000100000008,201086630426,2717,644
1762331251,0000000800000002,201094316088,2265,645
1762331251,0000004000000001,201095813646,2176,646
1762331271,0000000400000001,201301339975,208,647
1762331281,0000008000000080,201394324185,5002,648
1762331293,0000000100000001,201517848008,2748,649
1762331297,0000004000000080,201558955987,295,650
1762331299,0000000800000080,201582577251,4077,651
1762331315,0000008000000080,201738932205,5047,652
1762331326,0000000400000008,201848443794,3659,653
1762331328,0000000800000001,201870481537,2321,654
1762331338,0000000100000002,201970251262,1522,655
1762331341,0000000100000006,201998546606,5013,656
1762331348,0000000800000002,202073227060,522,657
1762331350,0000000100000001,202088921651,4775,658
1762331354,0000000400000002,202127946512,2413,659
1762331357,0000008800000080,202161433740,412,660
1762331377,0000000100000001,202359901263,4064,661
1762331380,0000008000000080,202386416377,2446,662
1762331383,0000008000000080,202418063530,555,663
1762331388,0000000100000001,202469193204,2659,664
1762331390,0000000100000001,202485023505,1720,665
1762331397,0000000400000001,202561634392,2299,666
1762331405,0000000100000001,202643169295,2584,667
1762331414,0000004000000004,202725970631,2791,668
1762331430,0000008000000080,202891456711,3239,669
1762331459,0000008000000002,203175855398,1718,670
1762331468,0000008000000001,203268935178,1310,671
1762331468,0000000100000001,203271204310,1173,672
1762331484,0000008000000002,203427299358,2170,673
1762331486,0000000400000080,203444572402,1133,674
1762331489,0000000100000080,203479368669,4248,675
1762331497,0000000100000004,203556786464,4777,676
1762331509,0000008000000001,203674550576,2865,677
1762331512,0000000400000004,203713901968,520,678
1762331517,0000000100000002,203755655030,3193,679
1762331525,0000000400000001,203842029403,3192,680
1762331555,0000008000000080,204138442109,949,681
1762331564,0000000400000080,204233645198,420,682
1762331568,0000000100000008,204267307153,3589,683
1762331576,0000000100000002,204352521824,3659,684
1762331577,0000000400000080,204359129206,3252,685
1762331588,0000008000000004,204468493187,1871,686
1762331591,0000000400000001,204495900130,226,687
1762331611,0000004000000080,204694429593,3873,688
1762331615,0000008000000008,204735376465,1399,689
1762331616,0000000200000080,204749862971,531,690
1762331620,0000000100000002,204785306440,3595,691
1762331624,0000004000000008,204832262258,768,692
1762331625,0000000400000001,204842006707,184,693
1762331641,0000004000000008,204994047203,1422,694
1762331704,0000008000000002,205630932794,4671,695
1762331707,0000004000000008,205660681517,2856,696
1762331717,0000000400000001,205754709512,2403,697
1762331717,0000008000000004,205761772291,1986,698
1762331718,0000004000000008,205765226519,1781,699
1762331720,0000000100000002,205790297639,276,700
1762331729,0000000800000008,205875878335,321,701
1762331747,0000000400000008,206057658390,4965,702
1762331748,0000000100000080,206073510506,4024,703
1762331763,0000008000000080,206214009703,757,704
1762331779,0000000800000001,206376011516,1396,705
1762331781,0000000100000002,206395395215,236,706
1762331798,0000008000000001,206565662195,382,707
1762331810,0000000400000004,206690512128,3253,708
1762331811,0000000200000001,206702367619,2531,709
1762331817,0000004000000004,206760659510,4243,710
1762331824,0000000800000008,206825148632,354,711
1762331824,0000000100000080,206831561743,5159,712
1762331838,0000000100000001,206970542185,1993,713
1762331839,0000008000000004,206977285829,1589,714
1762331845,0000000100000008,207037494500,3154,715
1762331855,0000004000000080,207143654210,1967,716
1762331867,0000000100000001,207261283620,5277,717
1762331876,0000000400000004,207352620293,4980,718
1762331881,0000000400000004,207396321172,2343,719
1762331893,0000008000000080,207519850134,5307,720
1762331893,0000004000000008,207520261350,5281,721
1762331941,0000000400000004,208000463997,2360,722
1762331949,0000000100000003,208079214388,2811,723
1762331950,0000000800000002,208085818135,2419,724
1762331955,0000000800000002,208134537439,4698,725
1762331959,0000008000000080,208174667403,2271,726
1762331959,0000004100000001,208182671895,1798,727
1762331962,0000004000000004,208205229081,443,728
1762331967,0000008000000008,208263243723,2141,729
1762331971,0000008000000004,208295938218,182,730
1762331971,0000000100000008,208298693006,5204,731
1762331971,0000000100000001,208300361613,5104,732
1762331988,0000000100000002,208464378368,436,733
1762331989,0000000400000002,208479491393,4724,734
1762331993,0000004000000004,208523005388,2098,735
1762331995,0000008000000004,208535502571,1348,736
1762331997,0000004000000002,208554768858,193,737
1762332006,0000000100000003,208645738711,5105,738
1762332009,0000000100000001,208677925097,3164,739
1762332010,0000004000000080,208690169852,2423,740
1762332024,0000008000000002,208828684623,4500,741
1762332029,0000000100000008,208880672618,1362,742
1762332034,0000000800000080,208926260343,3823,743
1762332053,0000008000000001,209121645850,2438,744
1762332074,0000000100000001,209329453451,339,745
1762332083,0000008000000001,209418926196,162,746
1762332085,0000000400000080,209434968775,4390,747
1762332104,0000008000000080,209628890287,3091,748
1762332120,0000000100000008,209785038923,4109,749
1762332123,0000008000000004,209816204758,2215,750
1762332136,0000000400000001,209950484006,4542,751
1762332139,0000008000000080,209982780115,2577,752
1762332143,0000000100000002,210020622221,316,753
1762332155,0000000100000003,210137507315,3675,754
1762332158,0000000400000004,210164094918,2068,755
1762332160,0000000400000001,210185116574,809,756
1762332173,0000000800000008,210318849869,3143,757
1762332173,0000000400000008,210322762163,2898,758
1762332186,0000000800000080,210447785554,588,759
1762332198,0000000100000008,210567738847,3768,760
1762332209,0000000800000001,210680747226,2152,761
1762332211,0000000400000001,210702203151,867,762
1762332230,0000008000000008,210886908921,5335,763
1762332232,0000000400000008,210911953306,3839,764
1762332236,0000008000000080,210952423265,1396,765
1762332247,0000000100000003,211060370510,5289,766
1762332248,0000000100000008,211063975407,5075,767
1762332272,0000004000000002,211305857725,912,768
1762332292,0000008000000080,211507673039,4367,769
1762332306,0000000400000008,211653591296,773,770
1762332308,0000000400000008,211665897591,5223,771
1762332329,0000000100000008,211881559345,2627,772
1762332359,0000000800000004,212179067524,330,773
1762332360,0000000100000003,212189312778,4907,774
1762332371,0000000400000008,212303515444,3226,775
1762332394,0000000100000005,212527148789,168,776
1762332402,0000000400000008,212610395294,355,777
1762332412,0000000100000001,212709383190,4790,778
1762332424,0000008000000001,212828523519,2794,779
1762332425,0000000800000004,212837842749,2246,780
1762332426,0000000400000001,212848536032,1607,781
1762332434,0000000100000080,212930521080,1871,782
1762332445,0000008000000002,213041242764,407,783
1762332445,0000000100000001,213041292722,405,784
1762332450,0000000400000004,213090517791,2621,785
1762332457,0000000800000080,213160828268,3603,786
1762332459,0000000100000002,213181234160,2362,787
1762332487,0000000100000001,213454096378,1539,788
1762332488,0000008000000080,213471184727,515,789
1762332493,0000000300000001,213522345163,2614,790
1762332495,0000004000000001,213542705043,1404,791
1762332515,0000000800000004,213733991501,288,792
1762332524,0000008000000004,213832235338,4768,793
1762332535,0000000800000002,213934039976,3843,794
1762332536,0000004000000080,213953530823,2649,795
1762332558,0000000800000001,214167317522,193,796
1762332573,0000008000000004,214315465201,1667,797
1762332577,0000000800000008,214354056397,4548,798
1762332585,0000008000000008,214435232897,4853,799
1762332641,0000000100000003,215001454358,1953,800
1762332657,0000008000000004,215155696924,3054,801
1762332657,0000000800000003,215161839756,2678,802
1762332667,0000000400000004,215257911920,2107,803
1762332670,0000000800000004,215286330753,403,804
1762332671,0000004000000008,215293798130,5145,805
1762332675,0000000400000001,215341241038,2284,806
1762332696,0000000400000002,215553463124,5106,807
1762332699,0000000800000008,215576176892,3748,808
1762332705,0000000800000001,215642811697,4928,809
1762332710,0000008000000004,215691192542,2014,810
1762332710,0000004000000001,215693299921,1890,811
1762332732,0000000100000002,215904390127,4779,812
1762332736,0000000400000002,215951000429,1969,813
1762332738,0000000100000001,215973025708,647,814
1762332756,0000000100000001,216152678127,229,815
1762332774,0000004000000008,216332206660,5009,816
1762332778,0000000400000008,216369938976,2723,817
1762332786,0000000400000004,216453404267,2897,818
1762332793,0000008000000004,216517175157,4285,819
1762332800,0000000400000002,216593453580,4879,820
1762332804,0000000400000008,216625944102,2907,821
1762332812,0000008000000080,216709429675,3086,822
1762332814,0000000100000001,216725235382,2140,823
1762332833,0000000100000080,216916586890,1019,824
1762332897,0000004000000002,217556740360,4079,825
1762332899,0000000100000001,217579043925,2709,826
1762332910,0000000800000080,217692230314,1107,827
1762332916,0000000100000001,217745268137,3106,828
1762332931,0000008000000001,217898139959,4318,829
1762332934,0000000100000001,217925211671,2663,830
1762332941,0000004000000080,218002821277,3198,831
1762332943,0000008000000080,218017362971,2321,832
1762332947,0000008000000008,218062157028,4830,833
1762332954,0000000100000001,218123855797,1113,834
1762332960,0000008000000080,218187658980,2462,835
1762332963,0000000100000003,218217286115,691,836
1762332965,0000008000000002,218234653213,4843,837
1762332968,0000000400000002,218267196080,2865,838
1762332972,0000008000000080,218308784719,383,839
1762332977,0000008000000080,218358039280,2597,840
1762332979,0000008000000080,218376063941,1527,841
1762332984,000000c000000080,218430681762,3436,842
1762332995,0000004000000001,218541598987,1957,843
1762333008,0000000400000002,218667559047,4775,844
1762333016,0000000400000002,218750043575,5001,845
1762333041,0000008000000080,218999205675,405,846
1762333066,0000004000000008,219250473838,869,847
1762333081,0000000800000004,219401993494,2138,848
1762333105,0000000800000080,219638210346,3518,849
1762333123,0000000400000008,219816612324,3166,850
1762333130,0000000800000080,219885928326,4209,851
1762333135,0000008000000001,219940007881,944,852
1762333160,0000000800000001,220187394778,1644,853
1762333163,0000004000000080,220219523676,4908,854
1762333164,0000000100000001,220227643481,4429,855
1762333166,0000000800000004,220252569540,2903,856
1762333168,0000000100000004,220270312461,1850,857
1762333169,0000000400000004,220277651126,1408,858
1762333199,0000008000000001,220576880289,4198,859
1762333237,0000004000000008,220955727784,2169,860
1762333242,0000000100000008,221012000828,3992,861
1762333257,0000000100000008,221155134598,567,862
1762333268,0000004000000001,221266072375,4294,863
1762333321,0000000400000008,221803275668,3124,864
1762333322,0000000400000008,221809530933,2736,865
1762333323,0000008000000001,221819472549,2151,866
1762333348,0000004000000008,222067173924,2820,867
1762333354,0000008000000008,222124774864,4576,868
1762333356,0000008000000080,222152735108,2869,869
1762333358,0000000400000001,222169383582,1884,870
1762333365,0000000400000002,222243132732,2626,871
1762333374,0000000400000002,222330170792,2585,872
1762333396,000000c000000080,222544929690,5260,873
1762333417,0000000400000008,222759268615,2741,874
1762333425,0000000400000004,222839596736,3113,875
1762333429,0000000800000008,222878309115,792,876
1762333433,0000008400000080,222922934115,3300,877
1762333447,0000000800000002,223055731115,509,878
1762333456,0000008000000080,223148345373,5320,879
1762333460,0000008000000004,223189672658,2821,880
1762333466,0000000100000004,223251575628,4322,881
1762333469,0000000100000080,223281090992,2520,882
1762333479,0000004000000008,223377416678,1931,883
1762333480,0000000800000008,223383840550,1546,884
1762333492,0000000100000003,223504786482,4666,885
1762333495,0000000100000006,223533871425,2888,886
1762333495,0000008000000008,223542393429,2387,887
1762333498,0000000400000080,223572717398,573,888
1762333510,0000000400000008,223684326914,4260,889
1762333523,0000000400000001,223816754241,1475,890
1762333524,0000000400000001,223826548406,881,891
1762333530,000000c000000080,223888567060,2341,892
1762333540,0000000600000002,223987779408,1576,893
1762333542,0000000100000002,224009154620,293,894
1762333547,0000008000000080,224053793741,2780,895
1762333550,0000000400000080,224089284532,663,896
1762333570,0000008000000002,224289020793,4243,897
1762333575,0000004000000001,224343359349,962,898
1762333577,000000c000000080,224355663279,226,899
1762333577,0000000400000001,224361384525,5073,900
1762333578,0000000100000004,224367820717,4691,901
1762333588,0000000100000001,224469844246,3748,902
1762333600,0000004000000001,224587060996,1885,903
1762333604,0000000400000002,224630497517,4476,904
1762333612,0000000800000008,224706978509,5059,905
1762333614,0000000400000008,224729605183,3705,906
1762333616,0000008000000080,224749444204,2494,907
1762333641,0000000400000008,224994759210,3329,908
1762333653,0000000400000002,225119565151,1016,909
1762333667,0000000100000001,225258523061,3035,910
1762333723,0000004000000008,225821632327,340,911
1762333737,0000000100000004,225954293965,2727,912
1762333741,0000008000000080,226002063303,5065,913
1762333754,0000004000000004,226131167124,2483,914
1762333755,000000c000000008,226136621134,2163,915
1762333762,0000000800000008,226204735874,3262,916
1762333774,0000008000000080,226324479874,1251,917
1762333781,0000000400000002,226395662609,2161,918
1762333788,0000000100000001,226466122232,3115,919
1762333802,0000004000000002,226613158797,4670,920
1762333810,0000004000000001,226692872146,5063,921
1762333811,0000000100000001,226702475703,4496,922
1762333820,0000000800000001,226788844322,4495,923
1762333844,0000000100000001,227029716013,386,924
1762333847,0000004000000002,227054578473,4094,925
1762333858,0000000100000002,227164102776,2670,926
1762333863,0000000100000008,227220863305,4479,927
1762333872,0000000800000008,227306624879,4513,928
1762333897,0000000100000003,227557886067,4973,929
1762333903,0000000800000080,227620115422,1223,930
1762333913,0000000800000008,227720573593,381,931
1762333933,0000004000000002,227920336278,3955,932
1762333948,0000000400000002,228067133353,310,933
1762333963,0000000100000006,228214358815,1840,934
1762333982,0000000800000001,228413103279,276,935
1762333991,0000008000000080,228498684748,321,936
1762333992,0000000100000007,228504830115,5142,937
1762334038,0000000100000008,228964437658,3468,938
1762334044,0000000800000008,229024221783,5064,939
1762334076,0000008000000001,229344725438,1364,940
1762334078,0000000400000002,229368279775,5142,941
1762334086,0000000400000080,229446848631,420,942
1762334103,0000000100000001,229617404132,547,943
1762334110,0000000100000080,229688444795,1465,944
1762334112,0000000800000008,229711667468,5261,945
1762334124,0000000100000008,229832089974,3210,946
1762334136,0000008000000001,229945564553,1581,947
1762334141,0000000100000008,230002926661,3324,948
1762334145,0000000100000003,230042762946,929,949
1762334148,0000000400000004,230072624107,4340,950
1762334160,0000004000000004,230188835616,2518,951
1762334172,0000000200000004,230310935353,382,952
1762334207,0000000100000001,230661957121,5232,953
1762334218,0000000800000080,230769804595,3951,954
1762334222,0000008000000002,230804887563,1831,955
1762334237,0000008000000080,230962813504,2703,956
1762334243,0000004000000080,231015310509,4759,957
1762334251,0000008000000004,231096857121,5044,958
1762334252,0000008000000080,231105180175,4553,959
1762334254,0000000100000001,231130781299,2993,960
1762334264,0000000100000001,231228233466,2327,961
1762334287,0000000100000008,231462673580,3823,962
1762334292,0000004000000080,231510285657,950,963
1762334294,0000004000000002,231531919237,4847,964
1762334309,0000008000000002,231675515389,1397,965
1762334319,0000008000000080,231776694785,509,966
1762334327,0000008000000080,231859019504,750,967
1762334336,0000000d00000001,231945945308,715,968
1762334336,0000008000000080,231951757917,367,969
1762334349,0000000100000001,232082418916,2878,970
1762334350,0000000800000001,232089405364,2461,971
1762334359,0000000100000004,232181253614,2138,972
1762334372,0000000100000001,232308102744,4901,973
1762334376,0000000100000001,232351190860,2299,974
1762334384,0000008000000080,232428824363,2815,975
1762334387,0000000400000004,232461928512,842,976
1762334399,0000004000000001,232576993522,4319,977
1762334412,0000000800000001,232712252362,1362,978
1762334462,0000008000000080,233212366013,2435,979
1762334471,0000000800000008,233301150523,2292,980
1762334472,0000000800000004,233304790324,2076,981
1762334492,0000004000000080,233509665261,5333,982
1762334495,0000008000000001,233536588640,3724,983
1762334499,0000004000000080,233583006897,925,984
1762334526,0000004000000002,233846607056,652,985
1762334532,0000000c00000008,233907992990,2149,986
1762334536,0000000200000001,233947083055,4997,987
1762334537,0000000800000080,233962195878,4099,988
1762334561,0000000800000080,234197416267,327,989
1762334569,0000008000000004,234275438083,826,990
1762334586,0000004000000080,234452991931,535,991
1762334592,0000000100000001,234512587719,2140,992
1762334600,0000000800000004,234593143931,2479,993
1762334602,000000800000000c,234604053112,1835,994
1762334616,0000000a00000080,234747667599,3587,995
1762334631,0000008000000080,234895887091,5057,996
1762334631,0000004000000008,234897633375,4953,997
1762334643,0000000100000008,235013479669,3171,998
1762334651,0000004000000080,235101799931,3048,999
1762334667,0000008000000004,235257766335,4075,1000
1762334670,0000004000000004,235290270960,2105,1001
1762334673,0000000800000004,235317570445,468,1002
1762334675,0000000100000001,235339472653,4355,1003
1762334681,0000000100000001,235400135505,694,1004
1762334685,0000008000000080,235435822461,3747,1005
1762334688,0000000400000001,235466576129,1890,1006
1762334699,0000000400000008,235575325820,544,1007
1762334699,0000000100000001,235580083161,260,1008
1762334706,0000000400000008,235652007510,1122,1009
1762334717,0000000400000008,235754850747,5322,1010
1762334735,0000000400000004,235933403091,4974,1011
1762334740,0000000800000004,235992963539,1389,1012
1762334760,0000000200000001,236191505010,5031,1013
1762334810,0000000100000008,236684636414,1333,1014
1762334816,0000008000000080,236751011013,2526,1015
1762334820,0000000800000002,236791119681,5315,1016
1762334840,0000008000000008,236987786274,3886,1017
1762334864,0000004000000001,237232746030,4730,1018
1762334872,0000000100000001,237310126660,5260,1019
1762334877,0000008000000080,237355593462,2516,1020
1762334899,0000000800000002,237578542595,4705,1021
1762334900,0000008000000001,237591732336,3915,1022
1762334923,0000000800000002,237821487619,474,1023
1762334931,0000004000000080,237896937841,1126,1024
1762334937,0000000800000008,237954277723,2857,1025
1762334942,0000008000000001,238009693692,4740,1026
1762334943,0000000400000080,238022077518,3999,1027
1762334944,0000000800000080,238029385631,3552,1028
1762334948,0000008000000080,238072105856,977,1029
1762334955,0000000400000001,238134638670,2401,1030
1762334968,0000000400000080,238264523573,4988,1031
1762334977,0000008000000081,238358302740,4550,1032
1762334986,0000004000000008,238445655421,4491,1033
1762334990,0000004000000002,238483205793,2215,1034
1762334990,0000004000000002,238492770286,1645,1035
1762335022,0000000100000080,238810776091,3290,1036
1762335053,0000000800000004,239116533197,483,1037
1762335054,0000000100000001,239133057871,4688,1038
1762335056,0000000100000020,239148239076,3775,1039
1762335057,0000000300000001,239162226249,2914,1040
1762335067,0000000200000001,239258963027,2294,1041
1762335068,0000000400000002,239263854737,2006,1042
1762335068,0000000800000080,239272747755,1471,1043
1762335076,0000000800000004,239345027968,2311,1044
1762335083,0000000400000008,239415018243,3301,1045
1762335086,0000000800000080,239452353968,1054,1046
1762335115,0000008000000008,239737592181,4682,1047
1762335119,0000004000000002,239780965172,2063,1048
1762335127,0000000100000001,239853983133,2850,1049
1762335131,0000008800000003,239900454322,5263,1050
1762335140,0000008000000080,239985047739,181,1051
1762335140,0000000100000001,239992209171,4941,1052
1762335158,000000c000000080,240163266752,5040,1053
1762335159,0000000100000002,240179616121,4068,1054
1762335177,0000008000000004,240356295142,3823,1055
1762335197,0000004000000001,240558430420,2041,1056
1762335222,000000080000000c,240804602768,2801,1057
1762335223,0000008000000080,240821832537,1781,1058
1762335234,0000004000000080,240931799360,363,1059
1762335237,0000000100000002,240955715272,4130,1060
1762335241,0000000800000080,241001999679,1329,1061
1762335243,0000000100000001,241020729773,208,1062
1762335256,0000008000000080,241152626309,2643,1063
1762335262,0000000100000001,241205755895,4666,1064
1762335262,0000000500000001,241210097255,4408,1065
1762335270,0000000100000004,241285542218,5053,1066
1762335289,0000000800000002,241478537281,3838,1067
1762335292,0000004000000008,241505507411,2202,1068
1762335322,0000000100000001,241807198541,4840,1069
1762335332,0000004000000082,241906344993,4078,1070
1762335338,0000000800000008,241966347691,459,1071
1762335344,0000008000000004,242025400039,2095,1072
1762335356,0000004000000080,242149575906,5018,1073
1762335361,0000004000000008,242196586963,2184,1074
1762335407,0000000800000008,242658616987,369,1075
1762335420,0000000800000002,242792539846,2682,1076
1762335425,0000000100000001,242840347010,5020,1077
1762335430,0000004000000008,242890158858,2018,1078
1762335432,0000000400000002,242907070088,1002,1079
1762335437,0000000100000004,242959707455,3021,1080
1762335452,0000008000000080,243107986759,4511,1081
1762335457,0000004000000001,243157055849,1547,1082
1762335464,0000004000000001,243224690590,2658,1083
1762335467,0000000100000008,243254970601,853,1084
1762335470,0000000100000080,243291051424,3885,1085
1762335485,0000000400000004,243435001752,414,1086
1762335485,0000000100000001,243439221948,162,1087
1762335498,0000000800000008,243564730204,2984,1088
1762335511,0000000100000001,243700129370,5238,1089
1762335520,0000000100000001,243785544649,5292,1090
1762335527,0000000100000001,243861503286,726,1091
1762335529,0000000800000008,243877106072,4983,1092
1762335537,0000008000000080,243953511679,388,1093
1762335544,0000000400000080,244026590583,1180,1094
1762335547,0000008000000004,244059565127,4406,1095
1762335567,0000000400000004,244256120471,2945,1096
1762335569,0000008000000080,244276894038,1708,1097
1762335589,0000000400000002,244476620514,5274,1098
1762335602,0000000100000002,244608581025,2519,1099
1762335608,0000008000000080,244667949835,4170,1100
1762335616,0000000100000080,244745666976,4681,1101
1762335616,0000000400000008,244750012085,4424,1102
1762335621,0000000100000004,244802795065,1234,1103
1762335633,0000004000000008,244916433158,4795,1104
1762335633,0000008000000080,244919888385,4591,1105
1762335636,0000000400000001,244946118414,2996,1106
1762335645,0000000800000008,245037421367,2689,1107
1762335647,0000008000000002,245060601344,1309,1108
1762335648,0000008000000080,245068184094,857,1109
1762335650,0000000800000002,245085671144,4999,1110
1762335710,0000008000000008,245687820740,5134,1111
1762335756,0000004000000080,246144625758,3631,1112
1762335759,0000008000000080,246174385826,1836,1113
1762335760,0000008000000080,246186443679,1108,1114
1762335760,0000000100000001,246188607665,979,1115
1762335762,0000000800000004,246205201589,5176,1116
1762335818,0000000100000001,246768435216,2449,1117
1762335828,0000008000000004,246868159229,1655,1118
1762335843,0000004000000001,247020078640,2888,1119
1762335845,0000008000000080,247038870353,1774,1120
1762335856,0000000800000001,247149127117,339,1121
1762335866,0000008000000001,247245732728,4916,1122
1762335888,0000000100000004,247464559023,2133,1123
1762335897,0000000400000008,247559415303,1624,1124
1762335904,0000000100000004,247624839647,2868,1125
1762335906,0000004000000008,247644318257,1713,1126
1762335917,0000000100000002,247758269577,5244,1127
1762335953,0000008000000001,248117041319,4452,1128
1762335954,0000004000000001,248125319242,3953,1129
1762335954,0000000100000002,248129761816,3681,1130
1762335961,0000008000000080,248193862125,5014,1131
1762335986,0000000100000001,248447609090,5330,1132
1762335987,0000004000000002,248457660198,4733,1133
1762336008,0000000400000004,248668930899,2397,1134
1762336017,0000000100000003,248760073939,2114,1135
1762336023,0000000100000008,248818214620,3822,1136
1762336024,0000004000000002,248825094509,3401,1137
1762336025,0000000400000080,248840545641,2461,1138
1762336029,0000008000000080,248874344022,440,1139
1762336033,0000000400000008,248922848158,2698,1140
1762336042,0000004000000080,249005733501,2910,1141
1762336046,0000004000000008,249049405682,298,1142
1762336047,0000004000000080,249059169431,4904,1143
1762336054,0000008000000080,249131788214,537,1144
1762336055,0000000800000008,249141326414,5154,1145
1762336082,0000004000000002,249404986055,4879,1146
1762336082,0000000800000001,249409983727,4585,1147
1762336086,0000000400000001,249449515295,2193,1148
1762336096,0000000800000080,249549759710,1359,1149
1762336121,0000004000000080,249793935560,2248,1150
1762336124,0000008000000080,249831330282,5198,1151
1762336130,0000008000000001,249885917662,1916,1152
1762336141,0000000100000080,250000309589,233,1153
1762336145,0000008400000008,250034528355,3365,1154
1762336157,0000000100000001,250157246392,1174,1155
1762336161,0000000100000008,250199465567,3841,1156
1762336170,0000000100000001,250287756076,3722,1157
1762336188,0000000800000008,250469671565,3156,1158
1762336190,0000000800000002,250483121414,2341,1159
1762336201,0000000100000004,250596163734,745,1160
1762336210,0000004000000001,250692893298,5312,1161
1762336218,0000000100000001,250763139129,1086,1162
1762336219,0000000100000001,250775008155,377,1163
1762336227,0000000100000004,250856161808,687,1164
1762336249,0000008000000080,251080779492,2740,1165
1762336272,0000008000000008,251305814026,4808,1166
1762336280,0000008000000004,251385798617,5184,1167
1762336301,0000000800000080,251592981618,3104,1168
1762336306,0000000100000001,251649205902,4926,1169
1762336310,0000000800000001,251691553331,2365,1170
1762336316,0000008000000002,251743160154,4476,1171
1762336325,0000000100000008,251836287169,4070,1172
1762336335,0000000800000080,251939708740,3021,1173
1762336336,0000008000000008,251950701587,2359,1174
1762336339,0000008000000080,251982743855,444,1175
1762336350,0000008000000004,252084935708,4689,1176
1762336352,0000008000000080,252106722727,3371,1177
1762336372,0000000100000004,252312769508,1362,1178
1762336375,0000008000000008,252337918174,5044,1179
1762336377,000000c000000008,252357553211,3872,1180
1762336387,0000000300000001,252461770449,2771,1181
1762336389,0000004000000004,252479665457,1712,1182
1762336391,0000000400000002,252495082896,786,1183
1762336396,0000000400000004,252546933980,2843,1184
1762336401,0000008000000080,252602586632,4713,1185
1762336406,0000000800000080,252651135940,1786,1186
1762336409,0000008000000002,252679608284,5265,1187
1762336421,0000004400000080,252799005597,3279,1188
1762336424,0000000100000080,252827905348,1539,1189
1762336424,0000000100000001,252831237145,1338,1190
1762336443,000000c000000080,253016433005,590,1191
1762336464,0000004000000080,253225009163,3629,1192
1762336475,0000000100000080,253339156876,1951,1193
1762336484,0000000400000001,253423745460,2055,1194
1762336486,0000004000000080,253448257594,585,1195
1762336520,0000008000000080,253787572399,1897,1196
1762336523,0000008000000002,253817839117,4334,1197
1762336526,0000008800000001,253847470826,2527,1198
1762336546,0000000100000004,254043800906,1115,1199
1762336556,0000000500000001,254146181818,162,1200
1762336562,000000010000000c,254206113641,1741,1201
1762336569,0000000400000004,254280570268,2445,1202
1762336572,000000c000000080,254305601577,1901,1203
1762336573,0000000400000080,254321787408,5171,1204
1762336597,0000000400000080,254553537406,1618,1205
1762336601,0000000400000002,254601466495,3940,1206
1762336616,0000000400000008,254746721995,388,1207
1762336618,0000000400000080,254771962626,4073,1208
1762336624,0000000800000008,254825618093,835,1209
1762336628,0000000400000002,254869742359,3373,1210
1762336634,0000000100000001,254923403679,162,1211
1762336644,0000000400000002,255026441218,4349,1212
1762336665,0000000800000004,255239569230,1903,1213
1762336668,000000c000000080,255265974931,319,1214
1762336687,0000004000000040,255454009243,4595,1215
1762336687,0000008000000008,255455592219,4503,1216
1762336692,0000000100000001,255508491919,1305,1217
1762336694,0000000100000004,255528377920,5305,1218
1762336702,0000000800000002,255606006377,638,1219
1762336702,0000000100000001,255610837352,349,1220
1762336711,0000000100000080,255699627666,203,1221
1762336726,0000008000000002,255851573824,1444,1222
1762336759,0000000100000002,256174361663,2789,1223
1762336764,0000004000000004,256228422113,4755,1224
1762336783,0000004000000080,256416519413,3830,1225
1762336803,0000008000000008,256618650485,2049,1226
1762336819,0000008000000080,256773486612,3120,1227
1762336820,0000000800000002,256784857158,2431,1228
1762336823,0000000200000004,256817658690,471,1229
1762336828,0000000100000001,256863048072,2917,1230
1762336883,0000008000000080,257418830561,663,1231
1762336902,0000004000000008,257608689166,4830,1232
1762336932,0000004000000008,257908684308,2352,1233
1762336966,0000004000000080,258252452772,2447,1234
1762336975,0000000100000002,258337380204,2531,1235
1762336978,0000000200000001,258370193270,571,1236
1762336979,0000004000000004,258376144310,215,1237
1762336984,0000008000000001,258430753484,2117,1238
1762336991,0000000800000002,258501127616,3074,1239
1762337033,0000000100000001,258917670144,4008,1240
1762337039,0000000100000004,258975070843,544,1241
1762337044,0000004000000004,259031175353,2351,1242
1762337052,0000008000000080,259105587955,3071,1243
1762337062,0000000800000002,259209910223,1995,1244
1762337066,0000000800000008,259249461700,4817,1245
1762337070,0000000100000001,259286832569,2551,1246
1762337071,0000008000000080,259300682429,1732,1247
1762337073,0000000800000080,259316287132,793,1248
1762337073,0000000100000008,259317048753,747,1249
1762337087,0000000100000008,259460239436,2509,1250
1762337091,0000008000000080,259492916989,558,1251
1762337122,0000008000000088,259808491640,2338,1252
1762337138,0000004000000008,259966983475,3200,1253
1762337139,0000000500000001,259981889907,2298,1254
1762337142,0000000800000008,260003764428,988,1255
1762337149,0000000400000001,260081900166,1482,1256
1762337152,0000000100000008,260111259340,4915,1257
1762337161,0000000100000001,260197584633,4915,1258
1762337168,0000000100000001,260267607627,701,1259
1762337178,0000000400000004,260364118929,5279,1260
1762337178,0000008000000001,260365341143,5206,1261
1762337180,0000004000000080,260391474414,3641,1262
1762337182,0000000100000002,260405312652,2788,1263
1762337196,0000000900000001,260544070943,4849,1264
1762337204,0000004000000080,260624005961,5229,1265
1762337204,0000000800000004,260627441646,5025,1266
1762337217,0000000100000001,260760755135,2195,1267
1762337222,0000004000000008,260804050691,4795,1268
1762337234,0000008000000080,260930452833,2370,1269
1762337234,0000000800000008,260930990735,2338,1270
1762337238,0000000100000008,260967228329,173,1271
1762337244,0000000100000002,261024704334,1904,1272
1762337244,0000008000000080,261027961471,1709,1273
1762337245,0000008000000004,261038187214,1092,1274
1762337246,0000004000000080,261051764511,281,1275
1762337248,0000000400000008,261067225784,4552,1276
1762337248,0000004000000080,261071969822,4268,1277
1762337266,0000000100000080,261251076152,3879,1278
1762337274,0000000400000002,261326071643,4564,1279
1762337279,0000008000000001,261378186253,1415,1280
1762337300,0000008000000001,261585279039,4553,1281
1762337306,0000000800000001,261651472671,562,1282
1762337307,0000008000000002,261659726280,5256,1283
1762337324,0000004000000080,261830462279,186,1284
1762337337,0000000400000080,261959132494,2813,1285
1762337374,0000000100000004,262329633992,1315,1286
1762337378,0000000800000004,262367450358,4251,1287
1762337394,0000008000000082,262530664390,4812,1288
1762337408,0000008800000001,262669066772,1676,1289
1762337411,0000000800000002,262701780423,4906,1290
1762337413,0000000400000080,262712744902,4257,1291
1762337428,0000004000000080,262870986999,5113,1292
1762337467,0000000200000001,263259522457,2504,1293
1762337472,0000004000000002,263312286405,4547,1294
1762337485,0000000100000001,263433989896,2399,1295
1762337502,0000000800000001,263608207079,2309,1296
1762337506,0000004000000080,263651906401,4886,1297
1762337516,0000008000000002,263746073638,4425,1298
1762337522,0000000100000004,263805339400,849,1299
1762337523,0000008000000080,263822202046,5029,1300
1762337528,0000004000000080,263863255944,2545,1301
1762337547,0000000100000004,264060107437,1102,1302
1762337552,0000000800000080,264107547435,3447,1303
1762337553,0000004000000002,264119479579,2711,1304
1762337557,0000000100000001,264159507179,322,1305
1762337558,0000000100000008,264162998174,5300,1306
1762337561,0000000800000080,264197792379,3207,1307
1762337563,0000000800000002,264217348174,2032,1308
1762337585,0000008000000080,264440738081,4191,1309
1762337591,0000008000000002,264501462261,527,1310
1762337600,0000000400000008,264586329604,615,1311
1762337610,0000000100000001,264689799147,4784,1312
1762337635,0000004000000080,264942401643,5165,1313
1762337641,0000008000000080,264994471556,2031,1314
1762337646,0000000100000008,265043015789,4320,1315
1762337652,0000008000000080,265103627810,660,1316
1762337653,0000008000000080,265121895991,4762,1317
1762337660,0000000800000008,265191259819,584,1318
1762337662,0000000800000080,265207281866,4818,1319
1762337710,0000000800000008,265688291991,1850,1320
1762337727,0000008000000008,265860195271,1896,1321
1762337729,0000000400000001,265881088217,640,1322
1762337741,0000000100000001,265996120333,4121,1323
1762337760,0000000800000008,266192419607,2671,1324
1762337769,0000004000000080,266275709099,2856,1325
1762337769,0000000100000001,266276533234,2806,1326
1762337774,0000000400000008,266330965167,4749,1327
1762337783,0000004000000001,266420117434,4582,1328
1762337786,0000008000000080,266445559736,3035,1329
1762337796,0000000800000040,266543151551,2357,1330
1762337820,0000000100000002,266789063839,3152,1331
1762337822,0000000100000001,266811991918,1778,1332
1762337826,0000008000000008,266846597106,4892,1333
1762337829,0000000100000004,266875590128,3140,1334
1762337849,0000000100000004,267078240292,1341,1335
1762337864,0000004000000008,267229623873,2611,1336
1762337873,0000000800000080,267313824231,2737,1337
1762337877,0000000800000004,267353998890,340,1338
1762337888,0000000400000004,267462854595,4191,1339
1762337899,0000000800000008,267576626079,2516,1340
1762337902,0000000100000004,267604997372,821,1341
1762337908,0000000400000008,267672376649,1960,1342
1762337911,0000008000000080,267694622734,624,1343
1762337914,0000000800000080,267729904944,3701,1344
1762337916,0000000100000004,267751283021,2399,1345
1762337925,0000000100000008,267837723296,2393,1346
1762337925,0000000c00000084,267842111819,2136,1347
1762337933,0000000100000001,267919966596,2635,1348
1762337934,0000008000000080,267925093173,2333,1349
1762337940,0000004000000008,267992219882,3499,1350
1762337942,0000000800000004,268011265447,2343,1351
1762337944,0000000100000001,268023724077,1601,1352
1762337963,0000000100000001,268217194542,355,1353
1762337963,0000004000000008,268217668050,327,1354
1762337967,0000000800000002,268255795483,3221,1355
1762337977,0000008000000008,268359934984,2151,1356
1762337978,0000000800000008,268363523680,1937,1357
1762337981,0000004000000004,268392869940,177,1358
1762337991,0000000400000004,268496127289,4362,1359
1762337997,0000000800000002,268558924743,573,1360
1762338016,0000000800000001,268747041450,4843,1361
1762338016,0000000100000080,268750921391,4614,1362
1762338037,0000000400000008,268956115304,2635,1363
1762338045,0000000100000001,269041309106,2703,1364
1762338076,0000008000000080,269348713115,5005,1365
1762338104,0000004000000004,269623696949,4057,1366
1762338117,0000008000000080,269758617305,1120,1367
1762338120,0000000800000080,269789291269,4482,1368
1762338150,0000000800000001,270084588277,2283,1369
1762338157,0000000100000001,270154356450,3286,1370
1762338158,0000004000000008,270168957225,2399,1371
1762338182,0000000100000008,270409452992,3526,1372
1762338209,0000004000000080,270676288445,3046,1373
1762338215,0000008000000001,270733180147,4832,1374
1762338227,0000004000000080,270858320663,2483,1375
1762338270,0000000100000003,271291514575,2394,1376
1762338272,0000008000000080,271308158566,1400,1377
1762338276,0000008000000080,271350597519,4057,1378
1762338278,0000000100000008,271368406857,2961,1379
1762338279,0000004000000080,271380217857,2256,1380
1762338302,0000008000000001,271603142678,4447,1381
1762338324,0000000400000004,271830614509,1137,1382
1762338325,0000000100000001,271839575096,602,1383
1762338344,0000004000000001,272030526469,4704,1384
1762338372,0000004000000080,272311376283,3384,1385
1762338385,0000000400000004,272439463975,875,1386
1762338409,0000004000000004,272682341598,1844,1387
1762338430,0000008000000002,272889850758,4948,1388
1762338433,0000000800000004,272917324287,3291,1389
1762338444,0000008000000080,273026371856,1926,1390
1762338446,0000000100000003,273049154907,558,1391
1762338447,0000008000000004,273061929834,4984,1392
1762338452,0000000400000080,273108212696,2193,1393
1762338482,0000008000000080,273402857458,5248,1394
1762338501,0000000100000001,273599008249,3847,1395
1762338507,0000008000000008,273657479478,325,1396
1762338511,0000004000000008,273695614309,3217,1397
1762338516,0000004000000002,273747637360,5284,1398
1762338520,0000000100000001,273788544025,2809,1399
1762338541,0000000100000003,273995725767,750,1400
1762338543,0000008000000008,274019925108,4501,1401
1762338549,0000000100000003,274081666244,776,1402
1762338567,0000000800000080,274253887009,804,1403
1762338645,0000008000000080,275038339353,364,1404
1762338648,0000004000000001,275071701109,3553,1405
1762338655,0000000100000001,275136963918,4822,1406
1762338655,0000000100000001,275137257683,4805,1407
1762338671,0000000800000080,275293170132,615,1408
1762338674,0000008000000080,275325327982,3883,1409
1762338675,0000000800000080,275339529016,3009,1410
1762338705,0000000100000001,275634242543,874,1411
1762338710,0000000800000004,275692015742,2580,1412
1762338711,0000000100000002,275692522277,2551,1413
1762338712,0000000200000080,275708767360,1584,1414
1762338715,000000c000000080,275733503712,5288,1415
1762338724,0000000400000001,275831025398,4626,1416
1762338740,0000004000000008,275991160150,184,1417
1762338766,0000000400000001,276243707366,572,1418
1762338789,0000000800000001,276476200006,2164,1419
1762338794,0000008000000080,276526071733,4374,1420
1762338796,0000004000000008,276551407481,2821,1421
1762338817,0000000100000008,276762227767,545,1422
1762338832,0000008000000008,276910183674,2029,1423
1762338853,0000000400000002,277115572482,5256,1424
1762338853,0000000400000004,277118193935,5101,1425
1762338866,0000000800000002,277246080991,2589,1426
1762338882,0000000100000004,277406763747,3323,1427
1762338884,0000000800000008,277426896670,2110,1428
1762338886,0000000100000080,277442963512,1143,1429
1762338893,0000000100000001,277519221233,1753,1430
1762338919,0000000200000080,277774877157,1955,1431
1762338936,0000008000000002,277949953878,1813,1432
1762338946,0000000800000080,278049843740,997,1433
1762338955,0000000400000001,278136223633,996,1434
1762338960,0000000100000002,278190840637,2891,1435
1762338965,0000008000000010,278233424629,346,1436
1762338974,0000000800000001,278324164805,5271,1437
1762338985,0000000400000080,278436772877,3700,1438
1762338996,0000008000000080,278548563653,2159,1439
1762339004,0000004000000001,278624488543,2773,1440
1762339034,0000008000000080,278931080348,5123,1441
1762339052,0000000400000004,279102495916,5198,1442
1762339056,0000008000000004,279143918024,2692,1443
1762339096,0000000400000080,279551908802,4149,1444
1762339108,0000000800000004,279670826116,2171,1445
1762339112,0000000400000002,279704007056,184,1446
1762339112,0000008000000080,279711640563,4918,1447
1762339122,0000008000000001,279806102426,4439,1448
1762339130,0000000800000001,279886971444,4762,1449
1762339193,0000000100000004,280516252828,3258,1450
1762339212,0000000800000004,280703289646,2389,1451
1762339237,0000000100000001,280961971767,2408,1452
1762339253,0000008000000004,281112686524,3749,1453
1762339255,0000000100000001,281137705021,2230,1454
1762339270,0000000100000004,281289805347,3477,1455
1762339276,0000000500000001,281343686108,238,1456
1762339284,0000000100000080,281426504659,449,1457
1762339290,0000000800000080,281488044422,1937,1458
1762339303,0000004000000004,281618305772,4501,1459
1762339306,0000000800000002,281645012583,2868,1460
1762339307,0000004000000008,281660600786,1944,1461
1762339318,0000000800000008,281769694784,581,1462
1762339339,0000004500000001,281972943078,3944,1463
1762339354,0000004000000080,282131918959,4765,1464
1762339364,0000008000000080,282226462710,4278,1465
1762339374,0000004000000001,282328133773,3342,1466
1762339384,0000000800000004,282422370444,2851,1467
1762339384,0000000400000001,282428384722,2494,1468
1762339385,0000008000000080,282433636480,2186,1469
1762339392,0000008000000080,282506723003,2975,1470
1762339402,0000000800000080,282605197602,2252,1471
1762339417,0000008000000080,282757260740,3502,1472
1762339427,0000008000000080,282858172177,2608,1473
1762339431,000000c000000080,282893964704,475,1474
1762339432,0000000800000008,282909120343,4759,1475
1762339444,0000004000000080,283027476631,2811,1476
1762339457,0000008000000008,283160826319,5192,1477
1762339467,0000000100000004,283252643023,4868,1478
1762339479,0000000100000001,283373536837,2769,1479
1762339488,0000000800000001,283464333238,2505,1480
1762339488,0000004000000002,283468389107,2266,1481
1762339517,0000000400000001,283753141709,729,1482
1762339517,0000000400000004,283760556080,286,1483
1762339539,0000000800000008,283976896305,2835,1484
1762339540,0000008000000002,283990090031,2055,1485
1762339555,0000000800000008,284141630517,3327,1486
1762339574,0000008000000002,284329393458,2412,1487
1762339578,0000000400000008,284362438061,438,1488
1762339583,0000000800000004,284413970916,2515,1489
1762339591,0000000800000008,284494476530,2864,1490
1762339613,0000008000000080,284721181461,4829,1491
1762339620,0000004000000080,284789853092,693,1492
1762339637,0000000100000008,284959948237,850,1493
1762339644,0000000800000002,285030682090,1789,1494
1762339648,0000008000000004,285067176700,4794,1495
1762339651,0000000100000003,285096288579,3026,1496
1762339653,0000008100000001,285117827629,1741,1497
1762339655,0000000400000002,285140570635,377,1498
1762339676,000000c000000080,285347968512,3480,1499
1762339681,0000008000000080,285396085810,586,1500
1762339683,0000000800000002,285416277088,4575,1501
1762339685,0000008000000002,285438761904,3208,1502
1762339696,0000000100000004,285547264914,1877,1503
1762339703,0000000100000004,285614522055,3016,1504
1762339704,0000000800000080,285622423869,2539,1505
1762339710,0000008000000001,285686950948,3873,1506
1762339715,0000000100000001,285740976469,615,1507
1762339720,0000000100000001,285787318117,3010,1508
1762339733,0000000400000002,285916798875,429,1509
1762339736,0000000400000080,285949333927,3670,1510
1762339779,0000008000000001,286379236324,3781,1511
1762339796,0000004000000004,286546664579,4103,1512
1762339810,0000000400000080,286685948760,905,1513
1762339813,0000008000000001,286719881279,4065,1514
1762339815,0000008000000080,286741232376,2756,1515
1762339817,0000008000000001,286755118674,1936,1516
1762339824,0000000100000008,286822587457,3065,1517
1762339829,0000000800000008,286876697384,5015,1518
1762339850,0000000400000004,287085334579,2835,1519
1762339851,0000000800000004,287093629278,2343,1520
1762339853,0000008000000080,287114070233,1120,1521
1762339853,0000000400000008,287118721495,843,1522
1762339863,0000000800000001,287212850281,377,1523
1762339870,0000000100000004,287284954409,1228,1524
1762339885,0000008000000080,287432834288,2706,1525
1762339894,0000004000000001,287528702513,2146,1526
1762339908,0000008000000002,287669301897,4092,1527
1762339920,0000000400000001,287782707206,2443,1528
1762339923,0000000100000080,287814763755,526,1529
1762339923,0000004400000080,287819355067,253,1530
1762339934,0000000400000001,287928909421,4058,1531
1762339940,0000000100000008,287989381363,411,1532
1762339950,0000000400000008,288086644976,4948,1533
1762339959,0000000400000002,288177189202,4702,1534
1762339979,0000000400000004,288377971725,2993,1535
1762339987,0000000400000002,288459171633,3312,1536
1762339992,0000000100000002,288504801537,571,1537
1762339993,0000008000000001,288521007085,4794,1538
1762339999,0000008000000002,288574513328,1566,1539
1762340002,0000000100000008,288609503733,4666,1540
1762340011,0000004000000001,288693076585,4830,1541
1762340027,0000000100000004,288859836342,5181,1542
1762340034,0000000100000001,288926395843,1175,1543
1762340037,0000004000000080,288953735909,4733,1544
1762340040,0000000400000001,288989765382,2547,1545
1762340044,0000004000000004,289031373525,5249,1546
1762340055,0000000400000080,289136459333,4138,1547
1762340071,0000008000000001,289301659761,4583,1548
1762340084,0000004000000008,289427587801,2188,1549
1762340086,0000000100000008,289449862028,854,1550
1762340092,0000000800000001,289503409225,2811,1551
1762340092,0000008000000002,289511490431,2332,1552
1762340109,0000008000000080,289674443823,2912,1553
1762340110,0000004000000001,289691519603,1898,1554
1762340118,0000000100000008,289764299233,2698,1555
1762340120,0000000400000002,289783492096,1558,1556
1762340123,0000000100000001,289812700389,4993,1557
1762340131,0000000800000004,289896657957,5141,1558
1762340132,0000004000000001,289905011007,4647,1559
1762340154,0000000800000004,290129256512,1536,1560
1762340174,0000000400000002,290324892615,162,1561
1762340187,0000004000000080,290452924855,2827,1562
1762340190,0000000100000001,290487742205,749,1563
1762340193,0000000100000003,290520156762,4005,1564
1762340194,0000004000000080,290528695439,3482,1565
1762340202,0000008000000080,290605237392,4082,1566
1762340207,0000000100000002,290660952473,717,1567
1762340216,0000000100000004,290747818084,687,1568
1762340235,0000000800000008,290934046537,5067,1569
1762340287,0000008000000004,291461482664,4514,1570
1762340288,0000000100000080,291468717903,4081,1571
1762340305,0000004000000008,291637567660,4312,1572
1762340320,0000008000000080,291785780357,578,1573
1762340325,0000008000000080,291836952511,2676,1574
1762340330,0000004000000001,291885763731,4954,1575
1762340333,0000000200000008,291914456784,3222,1576
1762340346,0000000400000008,292050253183,254,1577
1762340351,0000004000000080,292093594348,2822,1578
1762340381,0000008000000080,292395992176,234,1579
1762340385,0000000400000001,292437263309,2928,1580
1762340394,0000008000000080,292522328808,3007,1581
1762340396,0000000c00000080,292544679950,1672,1582
1762340405,0000008000000080,292638354503,1228,1583
1762340405,0000000100000001,292640521495,1099,1584
1762340420,0000000100000080,292785477976,2754,1585
1762340421,0000000100000001,292792707194,2327,1586
1762340433,0000000100000003,292920640353,5030,1587
1762340438,0000000800000001,292963135414,2460,1588
1762340441,0000000400000008,292999428459,292,1589
1762340443,0000008000000004,293012076730,4730,1590
1762340443,0000008000000002,293012887548,4682,1591
1762340444,0000000200000008,293031308912,3568,1592
1762340445,0000000100000001,293032065449,3523,1593
1762340448,0000004000000002,293062087315,1713,1594
1762340474,0000008000000002,293323904790,1543,1595
1762340486,0000004000000008,293445500940,4627,1596
1762340522,0000000100000080,293804507908,3809,1597
1762340529,0000004000000080,293875085367,4756,1598
1762340545,0000000800000080,294034907435,331,1599
1762340563,0000000800000004,294220651775,4745,1600
1762340572,0000000100000001,294304193213,4909,1601
1762340574,0000000100000001,294324640727,3682,1602
1762340582,0000008000000008,294405971723,3989,1603
1762340620,0000004000000080,294782454760,2103,1604
1762340625,0000000800000004,294838795857,3923,1605
1762340671,0000000100000001,295292429337,2581,1606
1762340679,0000000800000002,295378878409,2574,1607
1762340683,0000000100000004,295412094884,591,1608
1762340687,0000000100000001,295460656206,2848,1609
1762340700,0000000100000002,295591280316,203,1610
1762340706,0000008000000080,295648696906,1939,1611
1762340708,0000008800000004,295666802952,851,1612
1762340710,0000000100000008,295684804904,4964,1613
1762340710,0000000400000001,295691826106,4549,1614
1762340715,0000000100000080,295738339866,1741,1615
1762340722,0000000400000001,295804280500,2958,1616
1762340760,0000000100000002,296182885370,970,1617
1762340779,0000008000000004,296374200619,5044,1618
1762340783,0000000200000002,296414177273,2623,1619
1762340802,0000000800000004,296603820027,1617,1620
1762340802,0000008000000080,296610525045,1213,1621
1762340803,0000000400000008,296619445514,679,1622
1762340808,0000000100000001,296667944340,2943,1623
1762340808,0000008800000008,296668487247,2908,1624
1762340814,0000000800000001,296722748521,4857,1625
1762340817,0000000400000002,296754504778,2930,1626
1762340826,0000000400000080,296843869443,2744,1627
1762340833,0000000100000002,296913003257,3805,1628
1762340833,0000008000000080,296919551816,3403,1629
1762340846,0000000100000080,297045272166,1025,1630
1762340848,0000008000000002,297062447060,5194,1631
1762340856,0000008000000080,297150030709,5122,1632
1762340882,0000008000000008,297408308482,5165,1633
1762340893,0000008000000002,297512234471,4122,1634
1762340919,0000000100000004,297781232145,3512,1635
1762340923,0000000400000002,297812559026,1623,1636
1762340929,0000000100000002,297876070757,2987,1637
1762340934,0000008000000004,297931305890,4874,1638
1762340943,0000004000000080,298017056118,4910,1639
1762340947,0000000100000002,298061624053,2218,1640
1762340951,000000ec00000008,298098338642,5209,1641
1762340952,0000000100000001,298104385121,4852,1642
1762340954,0000008000000080,298125353350,3588,1643
1762340954,0000000400000001,298127688502,3445,1644
1762340956,0000000800000001,298146153277,2326,1645
1762340963,0000000100000001,298221557877,2980,1646
1762340972,0000000100000001,298308086100,2970,1647
1762340984,0000000800000002,298424256241,1183,1648
1762340994,0000000800000008,298529943544,5216,1649
1762341017,0000000100000001,298756901628,1951,1650
1762341024,0000000600000008,298826178037,2968,1651
1762341025,0000000800000004,298836189981,2368,1652
1762341031,0000000100000001,298899273320,3785,1653
1762341038,0000000800000004,298961992746,5197,1654
1762341045,0000000100000001,299041450320,421,1655
1762341051,0000008000000001,299093623393,2463,1656
1762341079,0000000800000080,299375202443,1115,1657
1762341121,0000008000000080,299801328337,1451,1658
1762341132,0000000800000008,299907662949,255,1659
1762341138,0000000800000001,299969106571,1751,1660
1762341140,0000004000000080,299988052680,611,1661
1762341145,0000008000000080,300032083951,3153,1662
1762341149,0000000100000001,300075467582,548,1663
1762341172,0000000100000002,300310859126,1966,1664
1762341182,0000008000000008,300402196681,1667,1665
1762341189,0000000800000002,300476574978,2377,1666
1762341193,0000004000000008,300517975441,5092,1667
1762341193,0000000400000002,300520650242,4934,1668
1762341211,0000000800000001,300693294456,4936,1669
1762341233,0000008000000008,300914256378,2027,1670
1762341245,0000000100000008,301041558981,4766,1671
1762341248,0000000100000004,301068565493,3131,1672
1762341255,0000000400000008,301135281450,4330,1673
1762341268,0000000800000001,301262669611,1847,1674
1762341273,0000000800000080,301317386585,3758,1675
1762341274,0000000100000001,301323307093,3395,1676
1762341275,0000004000000008,301339380121,2416,1677
1762341283,0000008000000080,301418803129,2827,1678
1762341285,0000008000000008,301434049573,1924,1679
1762341296,0000000100000080,301544158792,500,1680
1762341298,0000000100000080,301569696937,4168,1681
1762341305,0000000100000001,301632903959,355,1682
1762341315,0000004000000080,301734531520,4636,1683
1762341322,0000008000000080,301808816573,163,1684
1762341331,0000008000000080,301897254946,5226,1685
1762341338,0000004000000008,301964583345,1173,1686
1762341374,0000004000000002,302327296356,5324,1687
1762341379,0000000100000080,302378192565,2258,1688
1762341394,0000000400000008,302529101942,3581,1689
1762341396,0000004000000002,302548500393,2400,1690
1762341414,0000000100000004,302729570142,1904,1691
1762341424,0000008000000008,302831419325,973,1692
1762341431,0000008000000080,302901087335,1974,1693
1762341432,0000000100000080,302907363365,1597,1694
1762341434,0000000800000004,302923834914,610,1695
1762341443,0000000400000004,303015583791,287,1696
1762341447,0000000100000001,303059283528,2831,1697
1762341451,0000000400000008,303092139019,872,1698
1762341458,0000008000000008,303163740814,1758,1699
1762341467,0000000100000001,303258656032,1240,1700
1762341469,0000000800000008,303273220506,372,1701
1762341473,0000000100000008,303314228116,3088,1702
1762341487,0000000400000004,303452385582,5171,1703
1762341489,0000004000000080,303473469842,3914,1704
1762341494,0000008400000002,303527903994,630,1705
1762341496,0000004000000002,303549937911,4509,1706
1762341507,000000c000000080,303654554838,3400,1707
1762341523,0000008000000001,303816419965,4062,1708
1762341538,0000008000000080,303962524193,458,1709
1762341540,0000004000000004,303984449364,4343,1710
1762341544,0000000100000080,304030265677,1572,1711
1762341557,0000008000000004,304154758864,4484,1712
1762341574,0000008000000002,304324218860,4676,1713
1762341580,0000004000000004,304384838259,1020,1714
1762341580,0000000800000080,304389543913,738,1715
1762341581,0000000500000001,304399095791,168,1716
1762341594,0000008000000080,304530485981,2632,1717
1762341610,0000000800000008,304687655097,3586,1718
1762341620,0000000800000002,304784243740,2954,1719
1762341631,0000008000000001,304896533153,1401,1720
1762341652,0000000100000001,305102605169,4600,1721
1762341654,0000004000000080,305127228555,3105,1722
1762341654,0000004000000001,305127451509,3091,1723
1762341660,0000000400000002,305189091115,4592,1724
1762341697,0000000200000004,305559992730,3039,1725
1762341702,0000000100000002,305602595206,487,1726
1762341719,0000000400000001,305778617937,288,1727
1762341723,000000c000000080,305815586868,3251,1728
1762341750,0000000400000002,306083506376,2702,1729
1762341774,0000004000000001,306323148478,3896,1730
1762341778,0000000400000001,306365471731,1337,1731
1762341788,0000004000000080,306463305478,649,1732
1762341799,0000000100000080,306575598516,4289,1733
1762341837,0000008000000080,306952367970,2384,1734
1762341840,0000008000000080,306988043380,253,1735
1762341850,0000004000000002,307086359032,4729,1736
1762341853,0000000400000002,307112387405,3153,1737
1762341865,0000000100000008,307232977761,1095,1738
1762341866,0000000400000008,307247198172,245,1739
1762341867,0000004000000004,307258687022,4750,1740
1762341867,0000008000000008,307260632864,4637,1741
1762341872,0000008000000004,307301969088,2137,1742
1762341878,0000000400000004,307365525558,3515,1743
1762341882,0000000400000080,307407007032,1015,1744
1762341900,0000000800000004,307590861457,348,1745
1762341904,0000000500000005,307624244573,3534,1746
1762341918,0000000100000001,307765278921,244,1747
1762341922,0000000200000004,307804881966,3045,1748
1762341922,0000000400000002,307810954408,2670,1749
1762341963,0000000400000001,308219394122,4101,1750
1762341968,0000008000000001,308264714340,1360,1751
1762341974,0000000800000004,308331491336,2526,1752
1762341983,0000008000000080,308417947013,2519,1753
1762342000,0000000100000001,308590022725,2556,1754
1762342006,0000008000000004,308651397381,4083,1755
1762342011,0000004000000008,308694310576,1487,1756
1762342013,0000000100000001,308714094807,303,1757
1762342017,0000000800000008,308756750377,2914,1758
1762342029,0000000400000008,308879820737,717,1759
1762342033,0000000400000004,308914699246,3822,1760
1762342040,0000004000000080,308988946792,4553,1761
1762342041,0000008000000080,308995541252,4159,1762
1762342043,0000000800000002,309021380219,2579,1763
1762342060,0000008000000001,309185790750,3083,1764
1762342067,0000000100000002,309254934272,4137,1765
1762342081,0000000100000001,309391767245,1085,1766
1762342112,0000000100000080,309705993480,2951,1767
1762342116,0000008000000080,309743814080,686,1768
1762342147,0000000200000001,310054884888,2733,1769
1762342163,0000008000000080,310219827116,3213,1770
1762342168,0000000100000002,310267136148,374,1771
1762342178,0000000400000001,310365262582,4861,1772
1762342178,0000008400000080,310367151160,4749,1773
1762342200,0000000800000004,310586527195,1932,1774
1762342204,0000000400000002,310626796278,4713,1775
1762342216,000000c000000002,310750340103,2457,1776
1762342236,0000004000000080,310946390602,1061,1777
1762342243,0000004000000004,311016905403,2012,1778
1762342251,0000004000000004,311099344089,2242,1779
1762342255,0000000400000008,311140597901,4965,1780
1762342258,0000000100000001,311164123496,3551,1781
1762342265,0000000100000001,311239084916,4246,1782
1762342275,0000008000000080,311335477477,3632,1783
1762342278,0000008000000008,311367646455,1691,1784
1762342280,0000000400000008,311383288764,750,1785
1762342284,0000000400000080,311426287417,3358,1786
1762342291,0000000400000080,311494144927,4484,1787
1762342309,0000008000000002,311677390392,3845,1788
1762342312,0000000800000008,311704482533,2200,1789
1762342315,0000000100000001,311738330862,174,1790
1762342319,0000000100000002,311775701997,3111,1791
1762342320,0000000100000001,311788596056,2331,1792
1762342330,0000000400000004,311890836965,1381,1793
1762342338,0000000400000001,311971036548,1753,1794
1762342366,0000000100000001,312246616885,758,1795
1762342369,0000008000000002,312275964631,4201,1796
1762342376,0000000100000003,312342618976,182,1797
1762342390,0000000400000080,312489723931,1716,1798
1762342423,0000000800000004,312818054953,2727,1799
1762342430,0000008000000080,312890211505,3601,1800
1762342436,0000000400000004,312951181741,5122,1801
1762342445,0000004000000001,313039069640,5030,1802
1762342448,0000000100000004,313069637728,3187,1803
1762342453,0000000400000001,313120514595,5322,1804
1762342454,0000000200000002,313130755073,4716,1805
1762342458,0000000100000002,313163515401,2722,1806
1762342462,0000008000000080,313208277088,5238,1807
1762342483,0000000400000008,313419707687,2894,1808
1762342489,0000004000000004,313477224718,4652,1809
1762342490,0000000100000008,313482322120,4349,1810
1762342531,0000000800000001,313894283375,334,1811
1762342532,0000000100000001,313905895545,4832,1812
1762342532,0000004000000004,313908631185,4670,1813
1762342537,000000800000000c,313958552923,1658,1814
1762342539,0000000100000001,313975306991,652,1815
1762342540,000000c000000080,313990684982,4924,1816
1762342541,0000000100000001,313994252690,4714,1817
1762342546,0000000100000001,314045433435,1625,1818
1762342566,0000000400000002,314244076916,5258,1819
1762342571,0000008000000004,314295190116,2179,1820
1762342572,0000004000000001,314306318743,1513,1821
1762342573,0000000100000008,314317908927,819,1822
1762342578,0000008000000080,314365643665,3136,1823
1762342625,0000000100000001,314831867757,1064,1824
1762342625,0000004000000088,314837069317,753,1825
1762342639,0000000400000008,314974754944,2842,1826
1762342639,0000000400000005,314978077081,2642,1827
1762342643,0000008000000080,315016090332,376,1828
1762342656,0000000800000004,315146326395,2912,1829
1762342668,0000000400000008,315266442792,895,1830
1762342673,0000000800000002,315317955783,2978,1831
1762342691,0000000400000080,315491875200,2902,1832
1762342695,0000000400000004,315532745751,459,1833
1762342698,0000000400000004,315562786020,3854,1834
1762342712,0000000100000001,315705749217,440,1835
1762342713,0000004000000008,315713288148,5179,1836
1762342717,0000004000000008,315756444133,2569,1837
1762342725,0000000100000001,315832798062,3181,1838
1762342729,0000004000000002,315880379874,325,1839
1762342731,0000000800000002,315896134710,4579,1840
1762342743,0000000100000001,316017205329,2467,1841
1762342749,0000008000000080,316076417322,4124,1842
1762342757,0000000800000008,316153819864,4658,1843
1762342757,0000000100000001,316154694869,4607,1844
1762342768,0000004000000080,316264695871,3171,1845
1762342796,0000004000000001,316543894272,1959,1846
1762342798,0000000800000001,316565190276,680,1847
1762342808,0000000100000001,316666755696,4961,1848
1762342811,0000000100000001,316698289479,3053,1849
1762342819,0000000100000001,316780909877,3283,1850
1762342820,0000004000000002,316783943467,3097,1851
1762342834,0000008000000080,316923470746,5099,1852
1762342842,0000000100000001,317001689527,396,1853
1762342864,0000000100000004,317227485115,2377,1854
1762342865,0000008000000008,317234563334,1965,1855
1762342868,0000000100000001,317266038208,5265,1856
1762342872,0000000400000008,317303637388,2995,1857
1762342872,0000000400000002,317306155751,2839,1858
1762342878,0000008000000002,317370960359,4162,1859
1762342896,000000c000000080,317549414846,3812,1860
1762342899,0000000100000001,317579118800,2013,1861
1762342908,0000004000000008,317667169029,1912,1862
1762342919,0000000100000001,317777290578,486,1863
1762342930,0000000400000004,317883542035,4491,1864
1762342958,0000000800000004,318162486088,3281,1865
1762342965,0000000400000008,318234142706,4180,1866
1762342998,0000004000000002,318563587471,5125,1867
1762343019,0000008000000080,318772684674,2922,1868
1762343034,0000004000000004,318922668548,4314,1869
1762343053,000000c000000080,319117214338,2974,1870
1762343061,0000004000000080,319197136363,3372,1871
1762343063,0000000100000001,319212887642,2413,1872
1762343087,0000000100000080,319452074089,3624,1873
1762343087,0000008000000080,319456500327,3351,1874
1762343090,0000008000000008,319484706949,1655,1875
1762343093,0000000100000001,319520115949,4727,1876
1762343102,0000000800000001,319603014860,4929,1877
1762343106,0000000100000002,319641944937,2571,1878
1762343106,0000000400000001,319645390362,2369,1879
1762343109,0000000100000080,319673900055,663,1880
1762343112,0000000100000001,319709223729,3740,1881
1762343119,0000000800000002,319771665919,5169,1882
1762343133,0000008000000080,319913369570,1838,1883
1762343166,0000008000000082,320244807848,2662,1884
1762343175,0000000100000080,320334940833,2440,1885
1762343196,0000000400000008,320550410771,5072,1886
1762343232,0000000100000001,320907814370,4362,1887
1762343234,0000000400000008,320923064473,3431,1888
1762343242,0000000100000008,321004520165,3733,1889
1762343242,0000000100000005,321006253351,3625,1890
1762343274,0000000800000002,321324129041,5272,1891
1762343285,0000000800000002,321437288936,3667,1892
1762343287,0000004000000080,321459535620,2316,1893
1762343300,0000000100000001,321586401969,5081,1894
1762343300,0000000400000001,321587077563,5042,1895
1762343308,0000000800000004,321667562514,202,1896
1762343308,000000c000000080,321667588986,201,1897
1762343318,0000000100000002,321761837462,4918,1898
1762343335,0000000800000002,321937741578,4729,1899
1762343345,0000004000000002,322032812449,4210,1900
1762343346,0000008000000080,322045219856,3453,1901
1762343352,0000008000000004,322102760392,5183,1902
1762343362,0000008000000002,322207968179,4060,1903
1762343385,0000008000000080,322433581355,864,1904
1762343435,0000000100000080,322938717144,1641,1905
1762343443,0000000800000001,323017277763,2108,1906
1762343446,0000008000000008,323041216930,671,1907
1762343450,0000000400000080,323087035167,3097,1908
1762343451,0000008000000080,323092132295,2788,1909
1762343474,000000c000000001,323324519061,4417,1910
1762343480,0000000400000008,323383960554,830,1911
1762343484,0000008000000080,323427621329,3398,1912
1762343510,0000000400000008,323685947799,3441,1913
1762343522,0000000800000080,323805623862,1432,1914
1762343524,0000000400000001,323822548659,420,1915
1762343533,0000008000000080,323911502708,263,1916
1762343550,0000000400000080,324082227938,381,1917
1762343576,0000008000000080,324346740514,5241,1918
1762343585,0000000400000080,324436762023,5022,1919
1762343586,0000000800000001,324443319416,4635,1920
1762343606,0000000100000002,324642786694,3007,1921
1762343618,0000004000000080,324764550266,886,1922
1762343627,0000004000000080,324854802151,650,1923
1762343630,0000004000000002,324883046003,4159,1924
1762343644,0000000200000002,325029038954,559,1925
1762343659,0000000100000004,325174690217,2179,1926
1762343673,0000008000000001,325312130184,4317,1927
1762343673,0000004000000080,325317098907,4017,1928
1762343683,0000000100000002,325413984723,3372,1929
1762343686,0000004000000004,325446056008,1439,1930
1762343701,0000000100000001,325592435483,3016,1931
1762343706,0000000100000001,325643593293,5142,1932
1762343706,0000000400000004,325648824928,4833,1933
1762343710,0000000400000004,325682450195,2788,1934
1762343715,0000004000000002,325738202282,4653,1935
1762343719,0000000100000002,325779662920,2146,1936
1762343721,0000000800000008,325796934249,1109,1937
1762343737,0000000800000001,325961004883,1629,1938
1762343749,0000000100000008,326076140117,5092,1939
1762343752,0000000100000004,326105674568,3314,1940
1762343759,0000000800000080,326172083325,4526,1941
1762343770,000000c000000080,326285335153,2883,1942
1762343772,0000004000000002,326305119639,1706,1943
1762343802,0000000100000004,326602527647,4601,1944
1762343819,0000004000000004,326772342078,4772,1945
1762343835,0000008000000008,326940227185,5055,1946
1762343851,0000008000000080,327099514517,666,1947
1762343852,0000000500000001,327109931172,5232,1948
1762343860,0000000500000008,327187337886,578,1949
1762343878,0000000800000004,327369970084,5172,1950
1762343895,0000000400000002,327533099978,557,1951
1762343897,0000004000000008,327553943231,4506,1952
1762343900,0000000100000002,327587919549,2442,1953
1762343909,0000000100000002,327680722090,2060,1954
1762343912,0000000800000001,327708328323,405,1955
1762343924,0000000400000002,327829963713,3474,1956
1762343927,0000008000000008,327852828926,2094,1957
1762343931,0000000800000002,327899315608,4506,1958
1762343942,0000008000000080,328005633446,3293,1959
1762343956,0000008000000080,328148339059,5098,1960
1762343967,0000000100000008,328259688966,3597,1961
1762343977,0000008000000080,328352436239,3206,1962
1762343999,0000000800000080,328574259824,255,1963
1762344021,0000000400000001,328794621617,2565,1964
1762344052,0000004000000002,329108600192,4479,1965
1762344055,0000000100000004,329133942094,2931,1966
1762344074,0000000400000008,329323211966,1943,1967
1762344130,0000008000000008,329883963527,4582,1968
1762344133,0000000400000004,329920463179,2366,1969
1762344160,0000000800000002,330181648970,2241,1970
1762344172,0000000400000004,330304693952,5234,1971
1762344174,0000000100000008,330323515086,4114,1972
1762344185,0000000200000002,330440524436,2250,1973
1762344205,0000008000000080,330637493651,796,1974
1762344206,0000000100000001,330647555246,196,1975
1762344225,0000008000000004,330833139743,4619,1976
1762344232,0000004000000080,330909692869,5198,1977
1762344239,0000008000000080,330979949036,972,1978
1762344248,0000000100000001,331065612226,1013,1979
1762344252,0000000800000004,331108849415,3611,1980
1762344256,0000008000000001,331149545622,1156,1981
1762344268,0000008000000080,331263192314,4718,1982
1762344271,0000008000000080,331295388878,2756,1983
1762344293,0000000100000001,331511860049,5331,1984
1762344293,0000000400000004,331514719880,5162,1985
1762344293,000000040000000a,331520216189,4837,1986
1762344297,0000008000000080,331552242761,2891,1987
1762344316,0000004000000001,331743349567,1796,1988
1762344319,0000008000000008,331774530503,5115,1989
1762344337,0000004000000002,331957433451,4513,1990
1762344345,0000008000000008,332038520871,4824,1991
1762344346,0000000100000080,332048552155,4227,1992
1762344347,0000008000000080,332054857367,3843,1993
1762344356,0000008000000008,332141995158,3795,1994
1762344363,0000004000000080,332213915760,4663,1995
1762344365,0000008000000080,332235426516,3360,1996
1762344386,0000000800000080,332441448781,1352,1997
1762344392,0000008000000080,332501084532,2953,1998
1762344399,0000000100000001,332571068397,3957,1999
1762344412,0000008000000080,332702969378,1203,2000
1762344413,0000000100000008,332716775223,378,2001
1762344416,0000008000000004,332741417959,4101,2002
1762344446,0000000100000008,333042554523,1552,2003
1762344450,0000008000000080,333088071772,4022,2004
1762344452,0000000800000008,333108196740,2784,2005
1762344475,0000004000000001,333338459443,4542,2006
1762344478,0000000100000001,333366026060,2859,2007
1762344495,0000008000000006,333538382961,2879,2008
1762344505,0000000400000080,333631279341,2487,2009
1762344511,0000004000000004,333699493006,3593,2010
1762344512,0000000400000001,333707815548,3083,2011
1762344544,0000008000000008,334027841275,4622,2012
1762344551,0000008000000080,334098232951,382,2013
1762344560,0000000800000004,334190654499,5206,2014
1762344563,0000004000000001,334218738957,3521,2015
1762344571,0000008000000080,334300889956,3778,2016
1762344583,0000000100000001,334411269062,2317,2017
1762344592,0000000100000001,334505371878,1857,2018
1762344618,0000008000000004,334770810756,1470,2019
1762344630,0000000800000001,334887391117,4852,2020
1762344647,0000000100000002,335054617947,5176,2021
1762344647,0000008000000080,335056274122,5077,2022
1762344660,0000000800000002,335181431661,2725,2023
1762344660,0000008000000001,335190738983,2178,2024
1762344669,0000008000000008,335274566449,2324,2025
1762344675,0000008000000080,335331598760,4110,2026
1762344723,0000008000000080,335818178123,797,2027
1762344746,0000004000000008,336046828182,2609,2028
1762344763,0000000100000002,336215692030,2840,2029
1762344779,0000000800000080,336380368906,3338,2030
1762344781,0000004000000008,336397197023,2316,2031
1762344789,0000008000000080,336472754638,2963,2032
1762344793,0000004000000002,336514937977,439,2033
1762344802,0000008000000080,336604552266,244,2034
1762344810,0000000100000008,336683814996,665,2035
1762344824,0000000100000001,336827707093,2388,2036
1762344839,0000008000000001,336979495200,3661,2037
1762344850,0000000100000001,337085787539,2443,2038
1762344851,0000000800000080,337095356500,1879,2039
1762344874,0000000100000003,337322035909,3835,2040
1762344880,0000008000000080,337386016741,5171,2041
1762344892,0000000100000008,337509140967,2949,2042
1762344893,0000000400000004,337514121471,2642,2043
1762344893,0000000100000001,337516406149,2509,2044
1762344893,0000008000000080,337519853594,2307,2045
1762344898,0000008000000001,337569219570,4549,2046
1762344905,0000000100000008,337635626689,547,2047
1762344919,0000004000000001,337776106840,2470,0
1762344932,0000008000000002,337906427505,5030,1
1762344952,0000004000000001,338107598151,3315,2
1762344970,0000008000000080,338285508479,2994,3
1762344978,0000000400000002,338361035774,3658,4
1762345000,0000000800000002,338581014986,808,5
1762345010,0000004000000008,338685307226,4926,6
1762345019,0000000800000004,338775704302,4687,7
1762345024,000000c000000080,338829240656,2915,8
1762345052,0000000800000080,339106149438,387,9
1762345052,0000008000000080,339110464260,5316,10
1762345057,0000004000000004,339153792551,2697,11
1762345059,0000002000000008,339172911085,1560,12
1762345060,0000000100000001,339188659790,616,13
1762345091,0000000800000001,339495310995,2935,14
1762345096,0000000400000002,339548797948,4925,15
1762345105,0000004000000004,339640508371,4608,16
1762345108,0000000400000002,339667747025,2950,17
1762345116,0000000100000004,339745608769,3473,18
1762345127,0000008000000080,339850877018,2324,19
1762345130,0000000400000001,339888985254,5232,20
1762345135,0000008000000080,339933520698,2542,21
1762345138,0000000100000003,339962779855,793,22
1762345141,0000008000000004,339992986923,4185,23
1762345142,0000004000000002,340003023598,3572,24
1762345146,0000000400000080,340048417305,838,25
1762345147,0000000100000001,340050795493,694,26
1762345157,0000008000000082,340154316569,4860,27
1762345178,0000008000000080,340364121726,2607,28
1762345186,0000000800000002,340445582286,2903,29
1762345191,0000000800000004,340496493414,5049,30
1762345191,0000008000000080,340497918406,4965,31
1762345195,0000004000000080,340539124320,2465,32
1762345202,0000000100000004,340607157905,3590,33
1762345211,0000008000000080,340699375049,3229,34
1762345237,0000008000000001,340953325785,3541,35
1762345249,0000000800000004,341080131078,1101,36
1762345282,0000008000000080,341405190996,2318,37
1762345311,0000000800000001,341695927870,421,38
1762345321,0000000800000080,341800620528,4520,39
1762345328,0000000100000002,341868773517,412,40
1762345329,0000008000000080,341879065322,4987,41
1762345330,0000000100000001,341883881596,4703,42
1762345333,0000008000000004,341914704994,2825,43
1762345349,0000008000000080,342072746260,3729,44
1762345350,0000000100000008,342081134684,3215,45
1762345352,0000008000000004,342102113452,1952,46
1762345363,0000000800000001,342218950446,5313,47
1762345414,0000000100000002,342728580525,630,48
1762345415,0000000400000008,342735462656,219,49
1762345424,0000000400000002,342824966822,5217,50
1762345432,0000000100000001,342902116207,579,51
1762345440,0000008000000001,342982119908,958,52
1762345458,0000000400000002,343161364629,567,53
1762345459,0000000100000006,343170799844,5191,54
1762345472,0000000400000004,343310239650,1995,55
1762345475,0000000400000002,343339739959,227,56
1762345491,0000000400000001,343493018933,1387,57
1762345497,0000000100000004,343554519414,2870,58
1762345502,0000000800000002,343605072284,5039,59
1762345510,0000000100000001,343682633153,374,60
1762345531,0000000400000008,343897556081,3017,61
1762345546,0000008100000089,344044920297,4561,62
1762345557,0000000100000004,344154865786,3125,63
1762345561,0000000100000008,344197433166,571,64
1762345562,0000000100000001,344208179022,5116,65
1762345565,0000000100000006,344236670095,3403,66
1762345566,0000008000000080,344246277572,2809,67
1762345593,0000008000000004,344515111189,2228,68
1762345608,000000c000000001,344664107588,3666,69
1762345609,0000000100000004,344679864877,2695,70
1762345642,0000000200000002,345009610564,3659,71
1762345644,0000000100000001,345030649006,2378,72
1762345656,0000004000000080,345149273469,449,73
1762345679,0000008000000080,345372555255,2581,74
1762345680,0000004000000004,345387416605,1703,75
1762345682,0000000800000080,345407331957,506,76
1762345691,0000000400000001,345499224126,175,77
1762345708,0000000100000002,345663946889,650,78
1762345714,0000008000000080,345722715490,2300,79
1762345730,0000000100000004,345885786868,2874,80
1762345736,0000008000000080,345942922791,4653,81
1762345736,0000008000000001,345948830424,4303,82
1762345747,0000000400000008,346056386812,3006,83
1762345757,0000000400000002,346150965120,2506,84
1762345762,0000000100000080,346210014056,4173,85
1762345783,0000004000000002,346416592942,2118,86
1762345797,0000000800000004,346560022999,3892,87
1762345799,0000000800000004,346573644446,3055,88
1762345804,0000008000000008,346621259890,202,89
1762345809,0000000400000001,346674091686,2208,90
1762345814,0000000100000001,346723243954,4463,91
1762345821,0000000100000001,346791106212,372,92
1762345827,0000000800000002,346852534897,1867,93
1762345844,0000008000000080,347026544433,1789,94
1762345857,0000000800000080,347153440512,4555,95
1762345890,0000000800000002,347484329048,225,96
1762345904,0000004000000002,347625180886,2132,97
1762345905,0000008000000001,347634092394,1599,98
1762345923,0000004000000004,347818130046,917,99
1762345928,0000000100000080,347861838127,3485,100
1762345928,0000000800000001,347865144643,3283,101
1762345940,0000000400000008,347989111164,1020,102
1762345957,0000004000000080,348157823147,1256,103
1762345960,0000004000000002,348189725287,4545,104
1762345964,0000008000000002,348221746386,2594,105
1762345968,0000008000000002,348265914265,5146,106
1762345979,0000000100000008,348380369189,3457,107
1762345985,0000000400000002,348437719469,5198,108
1762346002,0000000800000001,348602302572,495,109
1762346007,0000000100000002,348654875288,2513,110
1762346020,0000004000000008,348786931660,4970,111
1762346046,0000000400000008,349046278968,1714,112
1762346059,0000000400000004,349175212477,2378,113
1762346092,0000000800000001,349505182673,3314,114
1762346102,0000008000000004,349606082370,2429,115
1762346115,0000000100000001,349739827813,4786,116
1762346126,0000000100000080,349848289913,3453,117
1762346131,0000000800000008,349899883889,350,118
1762346136,0000000400000001,349943586096,2901,119
1762346145,0000000100000080,350038518266,2385,120
1762346172,0000000400000002,350304085068,2000,121
1762346174,0000008000000080,350323517928,834,122
1762346175,0000000100000003,350332935374,272,123
1762346188,0000000100000004,350462364286,2855,124
1762346195,0000008000000080,350538786062,3468,125
1762346201,0000008000000004,350594325492,5317,126
1762346214,0000000400000001,350722453378,2792,127
1762346243,0000000100000001,351012942273,915,128
1762346253,0000000800000008,351118161516,4975,129
1762346260,0000000800000001,351181571837,1156,130
1762346294,0000000400000080,351529298638,1016,131
1762346300,0000008000000080,351588721362,2622,132
1762346305,0000004000000080,351633339477,5147,133
1762346325,0000000100000001,351836048209,3342,134
1762346344,0000000800000002,352022650252,2494,135
1762346346,0000000300000002,352040909191,1404,136
1762346352,0000008000000080,352107697339,2569,137
1762346360,0000000800000001,352186627021,3020,138
1762346368,0000000400000080,352267473168,3360,139
1762346380,0000008000000080,352389326913,1220,140
1762346386,0000004000000080,352441611402,3270,141
1762346386,0000000100000003,352443925323,3129,142
1762346396,0000004000000080,352545169386,2229,143
1762346411,0000000800000004,352694213861,3664,144
1762346413,0000008000000004,352715221120,2387,145
1762346417,0000004000000001,352752679152,5334,146
1762346418,0000008000000080,352760902201,4846,147
1762346442,0000000400000002,353007065316,424,148
1762346443,0000008000000008,353016040937,5076,149
1762346473,0000008000000008,353311675549,2860,150
1762346476,0000000100000008,353344902309,876,151
1762346477,0000000100000003,353350819556,521,152
1762346486,0000008000000080,353444316504,5281,153
1762346487,0000000100000001,353457451296,4505,154
1762346490,0000004000000008,353485692984,2779,155
1762346492,0000004000000004,353501981578,1814,156
1762346494,0000000100000004,353526862189,321,157
1762346495,0000000400000001,353539888797,4735,158
1762346507,0000000400000002,353652733973,3131,159
1762346512,0000000400000008,353701146840,226,160
1762346516,0000000100000003,353744959857,2764,161
1762346520,0000000800000002,353781742985,569,162
1762346530,0000004000000004,353884672630,4770,163
1762346544,0000000100000004,354027925993,1338,164
1762346546,0000000100000008,354045086772,312,165
1762346548,0000008000000080,354063666351,4398,166
1762346589,000000c000000080,354471475562,630,167
1762346589,0000000100000001,354476584755,325,168
1762346600,0000008000000008,354580908562,4447,169
1762346600,0000004000000001,354588772993,3973,170
1762346604,0000000400000080,354625659494,1742,171
1762346607,0000000800000002,354658444381,4966,172
1762346611,0000000100000080,354697107525,2623,173
1762346627,0000000100000004,354860266709,3210,174
1762346646,0000000100000001,355046615907,2380,175
1762346648,0000000100000008,355069386659,1019,176
1762346656,0000008000000001,355144052697,1723,177
1762346657,0000008000000080,355158615570,847,178
1762346674,0000000100000080,355324763500,1237,179
1762346675,0000004000000080,355338918330,392,180
1762346687,0000000100000080,355453694346,3883,181
1762346690,0000004000000080,355480536956,2251,182
1762346690,0000004000000002,355483857357,2055,183
1762346691,0000000100000001,355495014159,1385,184
1762346703,0000000100000003,355611272283,4789,185
1762346721,0000004000000002,355792272797,4296,186
1762346724,0000000100000001,355823402736,2399,187
1762346744,0000000400000001,356025600406,636,188
1762346753,0000000400000008,356118227564,260,189
1762346764,0000008000000008,356225904748,4180,190
1762346769,0000000100000080,356270731147,1467,191
1762346785,0000004000000002,356432042349,2151,192
1762346785,0000004000000008,356436269496,1899,193
1762346785,0000000800000004,356436396293,1891,194
1762346794,0000008000000008,356525302158,1739,195
1762346805,0000000100000004,356632548505,485,196
1762346807,0000004000000001,356658436845,4131,197
1762346808,0000008000000080,356668289525,3528,198
1762346809,0000000400000008,356674700962,3136,199
1762346827,0000000100000002,356856839925,2560,200
1762346831,0000000800000008,356895304088,262,201
1762346867,0000008000000008,357250529110,4866,202
1762346874,0000000400000008,357329594547,5295,203
1762346886,0000000400000080,357444737491,3569,204
1762346888,0000004000000002,357461091514,2569,205
1762346895,0000004000000001,357530521305,3605,206
1762346901,0000008000000008,357599451039,4656,207
1762346903,0000000400000080,357615908073,3663,208
1762346908,0000008000000080,357663999773,763,209
1762346924,0000000800000001,357822447587,1619,210
1762346926,0000004000000008,357841526758,476,211
1762346930,0000000800000004,357889366727,2771,212
1762346933,0000000100000002,357915308342,1225,213
1762346938,0000000100000001,357968213701,3239,214
1762346941,0000004000000001,357996219060,1553,215
1762346947,0000000800000008,358050648223,3477,216
1762346956,0000000400000004,358145553400,2950,217
1762346962,0000000800000001,358202898386,4713,218
1762346967,000000c000000001,358255758949,1523,219
1762346977,0000008000000080,358356381478,667,220
1762346981,0000000100000004,358393706739,3620,221
1762346987,0000000400000002,358458498660,4913,222
1762346990,0000008000000080,358485908992,3262,223
1762346992,0000008000000080,358500832560,2356,224
1762347013,0000000800000008,358711693974,5261,225
1762347029,0000000800000001,358874736500,649,226
1762347034,0000000400000008,358927790149,2636,227
1762347043,0000000100000001,359014470978,2616,228
1762347077,0000000100000003,359356345564,2827,229
1762347079,0000000400000004,359373457863,1813,230
1762347089,000000c000000080,359480220270,586,231
1762347098,0000000100000080,359563256550,782,232
1762347112,0000000400000008,359703787659,2702,233
1762347129,0000000100000001,359871583577,3003,234
1762347132,0000000400000080,359903834477,1071,235
1762347133,0000004000000080,359913274211,506,236
1762347137,0000000100000008,359957210839,3049,237
1762347154,0000004000000080,360128602110,3130,238
1762347155,0000000100000001,360131537754,2945,239
1762347168,000000c000000080,360269520620,5046,240
1762347170,0000000400000002,360282232614,4295,241
1762347177,0000008000000080,360357127571,4971,242
1762347186,0000000800000004,360449118215,4639,243
1762347190,0000000100000001,360489017534,2223,244
1762347198,0000000100000002,360566513997,2745,245
1762347205,0000000800000002,360635163561,3836,246
1762347208,0000008000000080,360664371255,2066,247
1762347217,0000000400000004,360752180407,1979,248
1762347229,0000004000000080,360879191141,4737,249
1762347259,0000008000000080,361177065711,2383,250
1762347265,0000004000000080,361239382927,3847,251
1762347276,0000000100000001,361348581410,2451,252
1762347281,0000000200000001,361395767781,4824,253
1762347281,0000000500000001,361396001054,4812,254
1762347288,0000000100000001,361468495157,446,255
1762347321,0000000100000006,361796059461,1513,256
1762347332,0000000800000004,361908934951,5114,257
1762347341,0000008000000004,361998601545,4917,258
1762347357,0000000100000001,362155322197,679,259
1762347371,0000000400000004,362293529409,2737,260
1762347422,0000000100000002,362802119162,3325,261
1762347426,0000008000000002,362844366071,783,262
1762347439,0000000400000001,362976115326,3244,263
1762347449,0000004000000004,363078071691,2298,264
1762347450,0000000800000004,363080891347,2133,265
1762347453,0000000300000001,363111847697,279,266
1762347462,0000004000000008,363205063493,5057,267
1762347471,0000000800000002,363292453888,4995,268
1762347475,0000004000000080,363335988050,2366,269
1762347513,0000000100000008,363710437990,626,270
1762347523,0000008000000001,363813554045,4818,271
1762347524,0000000400000080,363828820426,3903,272
1762347537,0000000100000001,363951388638,1713,273
1762347540,0000008000000002,363989161508,4645,274
1762347542,0000004000000080,364006934585,3571,275
1762347544,0000000800000080,364020455164,2736,276
1762347550,0000000800000080,364088377149,3872,277
1762347551,0000008000000080,364092100726,3643,278
1762347562,0000004000000080,364208288530,1841,279
1762347591,0000000800000002,364497866376,5198,280
1762347605,0000000800000001,364634446737,2172,281
1762347620,0000000800000080,364785785937,3464,282
1762347621,0000004000000008,364792747669,3035,283
1762347624,0000008000000008,364824953480,1104,284
1762347635,0000008000000004,364933942490,1689,285
1762347645,0000000800000080,365035050430,4063,286
1762347646,0000008000000080,365042946070,3578,287
1762347674,0000000800000008,365323881863,2249,288
1762347675,0000000100000001,365339699497,1301,289
1762347677,0000000100000004,365357052133,265,290
1762347682,0000000100000002,365405537411,2526,291
1762347690,000000c000000080,365485690224,2898,292
1762347695,0000000100000001,365530899231,195,293
1762347713,0000000100000001,365718295744,4513,294
1762347720,0000008000000080,365785649814,450,295
1762347730,0000000400000008,365883151340,4974,296
1762347739,0000004000000080,365977459906,4505,297
1762347746,0000008000000008,366048637905,215,298
1762347773,0000000100000001,366319129180,4724,299
1762347781,0000000800000001,366394258775,201,300
1762347782,0000008000000080,366406607933,4657,301
1762347790,0000000400000004,366487952369,4952,302
1762347791,0000008000000001,366498846932,4308,303
1762347794,0000008000000080,366522588859,2850,304
1762347797,0000000100000006,366551833583,1104,305
1762347803,0000000400000004,366616809331,2383,306
1762347805,0000008000000080,366637004388,1173,307
1762347814,0000000100000004,366726491706,987,308
1762347824,0000008000000002,366824535212,287,309
1762347834,0000000400000001,366926502032,4549,310
1762347846,0000000100000001,367047548292,2439,311
1762347847,0000008000000080,367051398826,2213,312
1762347865,0000000100000080,367235176204,1550,313
1762347867,0000008000000080,367253671111,441,314
1762347867,0000000400000001,367259520753,5279,315
1762347868,0000008000000001,367260002855,5251,316
1762347883,0000000100000001,367418376562,920,317
1762347894,0000008000000008,367526377877,4816,318
1762347900,0000004000000008,367588669650,1063,319
1762347904,0000000100000002,367628019216,3901,320
1762347911,0000000400000008,367699286835,4804,321
1762347930,0000000100000080,367885114471,4020,322
1762347937,0000000400000008,367950959962,5240,323
1762347943,0000004000000002,368018342057,1185,324
1762347945,0000004000000080,368033990838,250,325
1762347946,0000008000000008,368040684016,5040,326
1762347960,0000000800000008,368188042542,1364,327
1762347962,0000000400000008,368205946571,293,328
1762347967,0000000800000080,368254821024,2533,329
1762347969,0000008000000001,368271574131,1534,330
1762347973,0000008000000008,368310495892,4403,331
1762347974,0000008000000080,368323245961,3627,332
1762347976,0000000400000002,368345306369,2288,333
1762347977,0000008100000001,368357855747,1538,334
1762347982,0000000100000008,368403158657,4022,335
1762347986,0000000100000001,368443547697,1577,336
1762347992,0000008000000084,368503645366,3157,337
1762347998,0000000800000001,368567560271,4520,338
1762348006,0000000100000001,368648771087,4823,339
1762348052,0000004000000001,369103720107,3421,340
1762348055,0000000800000002,369130525629,1806,341
1762348055,0000004000000080,369138084494,1349,342
1762348066,0000000400000002,369241468796,331,343
1762348086,0000008000000080,369446370311,3588,344
1762348100,0000000400000002,369589202272,191,345
1762348118,0000000400000002,369769835191,4905,346
1762348133,0000008000000001,369918078381,1176,347
1762348138,0000000800000080,369968853824,3319,348
1762348204,0000004000000002,370628495408,5189,349
1762348208,0000000300000001,370667641035,2818,350
1762348208,0000008000000080,370667691530,2817,351
1762348220,0000000400000008,370785775327,923,352
1762348223,0000004800000004,370810654992,4630,353
1762348232,0000004000000002,370907891695,3977,354
1762348236,0000000100000002,370940843003,1980,355
1762348250,0000008000000080,371085166741,3696,356
1762348256,0000004000000008,371142102446,268,357
1762348260,0000000400000002,371181028965,3111,358
1762348266,0000004400000002,371246961245,4358,359
1762348273,0000000400000004,371319047879,5202,360
1762348281,0000000400000004,371391479200,844,361
1762348285,0000000400000004,371439507190,3146,362
1762348296,0000000100000008,371546795311,1889,363
1762348298,0000000100000008,371569901694,502,364
1762348303,0000000100000004,371610215773,3268,365
1762348335,0000000400000080,371936572501,4428,366
1762348366,0000008000000001,372243405322,1537,367
1762348378,0000000800000004,372362712725,4758,368
1762348388,0000004800000080,372463474822,3894,369
1762348389,0000004000000080,372473445445,3282,370
1762348406,000000c000000080,372643416483,3448,371
1762348406,0000008000000080,372649720799,3060,372
1762348412,0000008000000080,372702333069,5098,373
1762348426,0000000100000080,372847997524,1526,374
1762348428,0000004000000008,372867664742,348,375
1762348434,0000008000000002,372921859755,2272,376
1762348435,0000000100000008,372936814387,1377,377
1762348441,0000008000000080,372992316416,3233,378
1762348448,0000008000000008,373062105175,4244,379
1762348496,0000000400000080,373548716037,929,380
1762348510,0000000800000004,373686929265,2993,381
1762348514,0000000800000004,373722701212,850,382
1762348519,0000008000000080,373774354081,2926,383
1762348527,0000004000000002,373850938283,3529,384
1762348546,0000008000000080,374044180206,2281,385
1762348548,0000000100000003,374069339047,775,386
1762348550,0000008000000008,374084935612,5033,387
1762348558,0000008000000004,374166844334,5295,388
1762348608,0000004000000001,374666898014,1185,389
1762348623,0000008000000008,374810405705,2931,390
1762348627,0000000800000001,374856843342,162,391
1762348629,0000008000000008,374874136578,4317,392
1762348639,0000000400000080,374971983852,3616,393
1762348661,0000000100000001,375199916529,292,394
1762348672,0000004000000001,375304702931,4386,395
1762348675,0000000400000004,375331723078,2730,396
1762348697,0000000100000008,375552308260,5062,397
1762348709,0000000100000004,375679579823,2586,398
1762348739,0000000100000003,375979558087,5321,399
1762348765,0000008000000080,376237557940,202,400
1762348774,0000000800000002,376327615986,5167,401
1762348779,0000008000000008,376373241411,2414,402
1762348781,0000000400000008,376392109460,1286,403
1762348794,0000000100000002,376527191553,3555,404
1762348809,0000004000000080,376671977376,5230,405
1762348809,0000004000000004,376675174786,5040,406
1762348811,0000000100000080,376695271860,3838,407
1762348829,0000000800000080,376872157772,3581,408
1762348843,0000008000000080,377012685655,320,409
1762348844,0000000100000001,377027459028,4632,410
1762348873,0000000400000002,377315448511,2866,411
1762348877,0000000800000080,377357711478,341,412
1762348882,0000000100000002,377407721721,2511,413
1762348883,0000004400000080,377409967382,2379,414
1762348898,0000000100000001,377569696741,3164,415
1762348899,0000000400000002,377575569665,2798,416
1762348912,0000000100000001,377701851553,415,417
1762348946,0000000400000008,378041408121,762,418
1762348948,0000000400000001,378068953577,4314,419
1762348950,0000000400000008,378083096298,3452,420
1762348950,0000004000000004,378083307299,3438,421
1762348956,0000000400000004,378140098841,5215,422
1762348963,0000000800000080,378218646420,491,423
1762348978,0000004000000001,378368195493,1880,424
1762348988,0000000200000080,378467762521,1084,425
1762348991,0000000100000001,378497694730,4492,426
1762348994,0000000400000002,378526992403,2701,427
1762349007,0000000100000001,378654508664,244,428
1762349039,0000000800000001,378972903022,3725,429
1762349039,0000000800000001,378974076870,1792,430
1762349046,0000000800000001,379043172140,2812,431
1762349064,0000000100000002,379225231321,2260,432
1762349065,0000004000000008,379230662175,1938,433
1762349078,0000008000000002,379368837760,4029,434
1762349086,0000008000000080,379442510145,4786,435
1762349088,0000008000000080,379468359773,3222,436
1762349093,0000000100000008,379513201930,529,437
1762349120,0000000800000004,379781695159,5153,438
1762349158,0000008000000080,380162374744,3021,439
1762349160,0000000100000001,380187872202,1491,440
1762349198,0000000400000001,380567275318,4651,441
1762349215,0000004000000008,380736379190,4862,442
1762349255,0000004000000004,381132650643,1795,443
1762349257,0000000800000080,381158416768,249,444
1762349258,0000000100000003,381161995696,5225,445
1762349267,0000008000000004,381251589082,5025,446
1762349275,0000008000000080,381334494453,5235,447
1762349299,000000c000000080,381579465746,887,448
1762349311,0000000100000001,381691251040,4563,449
1762349324,0000008000000004,381820837855,1950,450
1762349338,0000000100000001,381967022507,3549,451
1762349341,0000008000000004,381993740918,1936,452
1762349351,0000000800000004,382096770661,934,453
1762349357,0000000800000004,382152055657,2786,454
1762349377,0000000100000008,382358290521,783,455
1762349401,0000000100000001,382593702279,2199,456
1762349402,0000008000000001,382608904434,1289,457
1762349408,0000008000000080,382664679698,3126,458
1762349418,0000004000000002,382761201387,2507,459
1762349436,0000008000000002,382945443324,1823,460
1762349449,0000008000000002,383078457198,4224,461
1762349460,000000c000000080,383181082838,3229,462
1762349492,0000004000000008,383500810629,4780,463
1762349509,0000004000000002,383670381397,4964,464
1762349517,0000008400000002,383751783562,5256,465
1762349522,0000008000000080,383800745229,2306,466
1762349539,0000000800000004,383971373861,2426,467
1762349541,0000008000000004,383995186206,1004,468
1762349574,0000008000000080,384325610838,1902,469
1762349581,0000004000000080,384394345707,2951,470
1762349584,0000008000000002,384419759646,1433,471
1762349597,0000000100000008,384557468346,3542,472
1762349617,0000004000000001,384757478979,1894,473
1762349645,0000000800000008,385034306988,824,474
1762349680,0000008000000080,385384606903,530,475
1762349683,0000008000000002,385416022614,3843,476
1762349697,0000008000000080,385552929447,791,477
1762349700,0000000800000001,385588252484,3870,478
1762349706,0000008000000080,385647288801,312,479
1762349724,0000000100000001,385826234825,5127,480
1762349725,0000008000000002,385833530102,4696,481
1762349729,0000000100000001,385871382952,2402,482
1762349743,0000008000000002,386019505159,3900,483
1762349750,0000000100000001,386088129046,4959,484
1762349761,0000008000000008,386193357068,3829,485
1762349775,0000000100000001,386336282831,419,486
1762349785,0000004000000004,386429717047,5184,487
1762349785,0000004000000004,386436484763,4784,488
1762349793,0000000800000002,386510201312,345,489
1762349798,0000004000000001,386566344081,2155,490
1762349803,0000008000000001,386614809147,865,491
1762349803,0000004000000008,386617650372,4281,492
1762349805,0000000100000001,386632732336,3361,493
1762349814,0000008000000080,386720650927,3264,494
1762349821,0000008000000001,386794574495,4024,495
1762349846,0000000100000001,387040008666,4836,496
1762349851,0000000100000080,387097537645,1367,497
1762349864,0000000100000080,387228907528,3864,498
1762349871,0000008000000080,387299309381,4822,499
1762349882,0000000100000002,387400294376,3944,500
1762349889,0000000100000002,387477812578,4478,501
1762349897,0000000100000008,387554011026,5075,502
1762349918,0000000800000008,387768380137,2554,503
1762349918,0000004000000001,387769118166,2511,504
1762349931,0000008000000080,387890110952,441,505
1762349936,0000008000000080,387946066978,2259,506
1762349937,0000000100000080,387956820199,1618,507
1762349937,0000000400000080,387957354417,1586,508
1762349957,0000000800000004,388158952868,5045,509
1762349961,0000000400000080,388189630372,3196,510
1762349975,0000004000000002,388338033271,4667,511
1762349979,0000008000000080,388373836266,2493,512
1762349986,0000000100000004,388442699433,3560,513
1762350000,0000008000000080,388583380118,291,514
1762350001,0000008000000080,388593605490,4871,515
1762350001,0000008000000004,388597926404,4617,516
1762350005,0000000200000004,388635013447,2366,517
1762350006,0000000800000004,388645885623,1722,518
1762350009,0000008000000080,388678582640,4952,519
1762350015,0000000400000001,388734922374,1559,520
1762350047,0000004000000004,389057648271,2908,521
1762350049,0000008000000008,389075248180,1862,522
1762350051,0000000500000003,389093091172,790,523
1762350052,0000008000000080,389105465077,5233,524
1762350065,0000000100000001,389234728943,2644,525
1762350077,0000000100000080,389356272127,543,526
1762350078,0000008000000004,389369573575,4938,527
1762350094,0000008000000080,389525494757,749,528
1762350096,0000000100000001,389544320118,4818,529
1762350098,0000000400000080,389562608133,3719,530
1762350108,0000000100000001,389662919321,2854,531
1762350113,0000000800000002,389719131723,4692,532
1762350137,0000000400000004,389958034549,700,533
1762350164,0000008000000080,390226455647,5327,534
1762350176,0000000200000008,390345237130,3379,535
1762350195,0000000800000080,390533113198,2454,536
1762350221,0000000800000080,390793816329,2355,537
1762350222,0000004000000002,390803186490,1800,538
1762350232,000000c000000080,390905332731,850,539
1762350232,0000000100000001,390906225984,796,540
1762350235,0000000100000080,390939060554,4027,541
1762350237,0000000400000004,390956418137,2960,542
1762350243,0000000800000008,391010076099,4940,543
1762350250,0000004000000002,391080855581,680,544
1762350268,0000008000000080,391263802878,5256,545
1762350279,0000000400000008,391378111751,3579,546
1762350285,0000000100000001,391433991071,217,547
1762350286,0000008000000008,391444408144,4788,548
1762350301,0000000100000001,391599086482,671,549
1762350303,0000008000000080,391617607829,4757,550
1762350307,0000000100000004,391652984333,2608,551
1762350319,0000008000000004,391779364627,219,552
1762350322,0000000100000002,391802710744,4017,553
1762350331,0000004000000001,391890129039,3950,554
1762350333,0000008000000008,391918739195,2212,555
1762350334,0000008000000002,391927414308,1695,556
1762350341,0000000800000004,391992331376,2975,557
1762350348,0000000100000008,392066504418,3725,558
1762350348,0000000400000004,392068208797,3620,559
1762350351,0000000800000080,392097476524,1854,560
1762350365,0000000800000080,392234556226,4008,561
1762350389,0000000100000001,392476146879,5048,562
1762350406,0000004000000080,392643966402,162,563
1762350436,0000000200000080,392945405646,2770,564
1762350441,0000000400000004,392991281702,5222,565
1762350446,0000004000000004,393045692218,1947,566
1762350486,0000000100000080,393442887813,4039,567
1762350492,0000000100000008,393502301847,454,568
1762350493,0000000400000002,393513408604,4980,569
1762350499,0000000100000001,393577347765,1129,570
1762350502,0000000800000006,393604004785,4731,571
1762350506,000000c000000080,393647753447,2088,572
1762350510,0000000100000004,393683727203,5122,573
1762350523,0000000100000001,393813122825,2518,574
1762350526,0000000100000080,393841076863,849,575
1762350527,00000040000000c0,393857299617,5070,576
1762350532,0000000800000004,393901395608,2404,577
1762350535,0000000400000008,393930523275,663,578
1762350558,0000000400000002,394164169968,2184,579
1762350578,0000000800000008,394365345570,479,580
1762350586,0000004000000080,394448684728,658,581
1762350599,000000c000000080,394573982673,3511,582
1762350603,0000000100000001,394616443726,954,583
1762350613,0000000100000001,394710526152,491,584
1762350626,0000004000000008,394847234241,2639,585
1762350630,0000000100000001,394883695797,462,586
1762350631,0000000400000001,394895621494,4940,587
1762350652,0000000800000004,395104062999,2769,588
1762350661,0000000800000001,395194477927,2529,589
1762350676,0000000800000001,395342903744,4013,590
1762350677,0000000400000080,395357392975,3125,591
1762350696,0000000100000001,395543095351,2336,592
1762350701,0000004000000002,395597781915,4266,593
1762350712,0000000800000080,395709024493,2737,594
1762350718,0000008000000002,395766568902,4498,595
1762350731,0000000100000080,395897114029,1827,596
1762350733,0000000400000008,395915503182,720,597
1762350737,0000000100000004,395958479051,3329,598
1762350743,0000008000000003,396014187550,5173,599
1762350773,0000000400000004,396315256597,2629,600
1762350789,0000000400000004,396474348237,3464,601
1762350807,0000000800000008,396656319123,2889,602
1762350808,0000004000000080,396669019091,2136,603
1762350819,0000000500000001,396774649075,980,604
1762350829,0000000800000001,396877847899,5160,605
1762350832,000000800000000a,396899618006,3859,606
1762350832,0000000400000008,396904477162,3562,607
1762350856,0000000100000001,397148461980,4476,608
1762350866,0000004000000001,397247826114,3687,609
1762350899,0000008000000002,397572604270,4924,610
1762350900,0000008000000004,397586020551,4126,611
1762350915,0000004000000008,397729884856,652,612
1762350927,0000000400000080,397850385768,3800,613
1762350934,0000000400000080,397929340694,4250,614
1762350947,0000000800000001,398056509884,1780,615
1762350950,0000004000000080,398088203805,5069,616
1762350998,0000000100000001,398559470565,2672,617
1762351005,0000008800000008,398637423905,3191,618
1762351008,0000000100000001,398668335124,1332,619
1762351011,0000004000000002,398693000108,5046,620
1762351011,0000008000000001,398696700385,4829,621
1762351013,0000000100000080,398715386093,3706,622
1762351045,0000008000000080,399029744906,373,623
1762351045,0000008000000008,399033473007,162,624
1762351053,0000000400000004,399119287438,182,625
1762351063,0000008000000008,399213587771,4898,626
1762351064,0000008000000008,399228346669,4019,627
1762351067,0000000100000080,399259304617,2139,628
1762351076,0000008000000001,399347402979,2034,629
1762351084,0000000100000001,399426945845,2437,630
1762351084,0000000100000001,399429076680,2310,631
1762351092,0000000100000004,399502858666,3068,632
1762351104,0000000400000080,399621131392,1152,633
1762351109,0000000800000008,399676052077,3036,634
1762351112,0000000100000008,399706802695,1191,635
1762351117,0000004c00000080,399753378177,3591,636
1762351119,0000000800000001,399770219874,2562,637
1762351150,0000000400000002,400086207663,4356,638
1762351151,0000000800000008,400097610584,3662,639
1762351158,0000000400000001,400165886531,4750,640
1762351167,0000008000000002,400253365395,4684,641
1762351174,0000000100000001,400320519256,635,642
1762351200,0000000100000001,400588600191,5283,643
1762351203,0000004000000001,400610013314,4009,644
1762351219,0000004000000002,400779254912,4218,645
1762351222,0000000100000001,400802314109,2802,646
1762351222,0000000100000004,400802686045,2778,647
1762351223,0000008000000001,400815877006,1998,648
1762351234,0000000100000003,400924805037,642,649
1762351242,0000000100000002,401005075379,1006,650
1762351252,0000008000000080,401102071400,371,651
1762351257,0000004000000004,401156815991,2261,652
1762351257,000000c000000080,401158261545,2177,653
1762351257,0000008000000080,401158747009,2148,654
1762351262,0000004400000002,401200583031,4835,655
1762351276,0000000800000001,401341790246,1527,656
1762351298,0000000100000080,401566976109,3570,657
1762351301,0000000100000008,401591262245,2100,658
1762351311,0000000800000002,401694698754,1075,659
1762351338,0000008000000080,401964574331,426,660
1762351339,0000002000000002,401970843147,5239,661
1762351345,0000000200000008,402035289759,1362,662
1762351346,0000000800000006,402048449019,573,663
1762351348,0000004000000001,402068192909,4590,664
1762351376,0000000100000001,402347433077,3365,665
1762351381,0000000100000004,402392003712,682,666
1762351394,0000008000000080,402524463747,3097,667
1762351396,0000000400000008,402545232415,1852,668
1762351414,0000008000000004,402728622688,1206,669
1762351419,0000000800000002,402774481193,3653,670
1762351423,0000008000000004,402819237201,952,671
1762351428,0000000800000008,402863783442,3470,672
1762351431,0000004000000001,402891348691,1808,673
1762351432,0000000400000008,402903898189,1052,674
1762351448,0000000100000001,403063276740,1854,675
1762351456,0000000800000001,403143847095,2196,676
1762351457,0000004000000080,403149496247,1861,677
1762351458,0000000100000008,403167752114,762,678
1762351462,0000004000000004,403201327543,3949,679
1762351474,0000008000000002,403323563691,1779,680
1762351483,0000008000000080,403415741601,1426,681
1762351511,0000004000000001,403695083559,210,682
1762351521,0000004000000004,403799230287,4344,683
1762351524,0000008000000008,403824244062,2810,684
1762351535,0000008000000008,403938190311,1163,685
1762351541,0000000800000008,403989326384,3282,686
1762351557,0000000800000080,404153518831,3803,687
1762351557,0000000800000008,404154755856,3727,688
1762351558,0000004000000001,404162037516,3281,689
1762351579,0000004000000002,404369661512,1177,690
1762351583,0000008000000080,404417305851,3512,691
1762351587,0000000100000001,404455318675,1218,692
1762351623,0000004000000008,404813530375,450,693
1762351630,0000000800000002,404886117147,1273,694
1762351641,0000000400000001,404989443931,259,695
1762351643,0000000100000080,405013762935,3999,696
1762351646,000000c000000080,405040204405,2386,697
1762351658,0000008000000080,405165690068,5235,698
1762351676,0000000400000002,405342020042,5018,699
1762351692,0000000400000001,405506521886,317,700
1762351717,0000000400000002,405758511250,738,701
1762351720,0000000800000001,405779782987,4663,702
1762351720,0000004000000004,405785074706,4350,703
1762351734,0000000100000008,405919456669,1443,704
1762351760,0000000800000080,406187805978,885,705
1762351761,0000008000000080,406196213547,382,706
1762351775,0000004000000080,406329476834,2735,707
1762351796,0000000100000002,406540213122,464,708
1762351807,0000004000000002,406658207922,3761,709
1762351825,0000000400000080,406835411153,3483,710
1762351826,0000000100000004,406839712543,3220,711
1762351836,0000004000000004,406943953621,2141,712
1762351841,0000008000000080,406996237568,4209,713
1762351847,0000008000000080,407053672791,738,714
1762351848,0000000800000004,407062864445,191,715
1762351852,0000000100000001,407108096048,2644,716
1762351882,0000000800000004,407407478501,236,717
1762351884,0000004000000002,407424877134,4394,718
1762351888,0000004000000002,407459675799,2278,719
1762351902,0000008000000008,407601672794,4146,720
1762351905,0000000100000001,407634188201,2171,721
1762351905,000000c000000080,407635762224,2078,722
1762351911,0000000100000008,407696843198,3608,723
1762351921,0000000400000008,407793589718,2965,724
1762351928,0000000100000080,407866375262,3801,725
1762351940,0000000800000002,407981631663,2050,726
1762351998,0000000400000080,408568121569,3126,727
1762352006,0000000100000001,408643128694,3823,728
1762352006,000000c100000001,408645076662,3704,729
1762352007,0000000800000008,408650305104,3382,730
1762352013,0000008000000080,408718923703,4461,731
1762352017,0000008000000080,408750199436,2552,732
1762352017,0000000800000080,408752586839,2413,733
1762352021,0000008000000080,408796431704,4981,734
1762352025,0000000100000008,408836443096,2559,735
1762352034,0000000800000080,408926176678,2359,736
1762352035,0000000800000080,408933917675,1901,737
1762352042,0000000100000008,408999247583,3164,738
1762352086,0000008000000080,409443722056,2389,739
1762352095,0000000100000001,409529478345,2425,740
1762352109,0000004000000002,409671914196,4270,741
1762352123,0000000400000002,409814328098,882,742
1762352142,0000000100000002,409999728631,5309,743
1762352142,0000000400000002,410003376555,5093,744
1762352156,0000000800000001,410140079214,2060,745
1762352159,0000008000000080,410178726525,4937,746
1762352167,0000000100000008,410250975339,587,747
1762352182,0000008000000080,410400834049,1957,748
1762352193,0000004000000080,410516694836,188,749
1762352198,0000000100000001,410567688332,2303,750
1762352207,0000000100000001,410652875142,2370,751
1762352215,0000000600000002,410734155185,2668,752
1762352231,0000000100000001,410896463709,3308,753
1762352233,0000000100000001,410912189885,2354,754
1762352252,0000004000000002,411104331944,1190,755
1762352262,00000002000000c0,411206838152,225,756
1762352273,0000000100000001,411314164825,4167,757
1762352282,0000008000000080,411407808514,3721,758
1762352304,0000000200000008,411626227103,963,759
1762352305,0000000100000001,411632826884,568,760
1762352306,0000000800000002,411641707326,5225,761
1762352309,0000008000000080,411672616957,3366,762
1762352320,0000004000000080,411784540397,1828,763
1762352322,0000000100000004,411806293354,521,764
1762352355,0000000400000004,412134927276,1525,765
1762352358,0000008000000008,412163265517,5018,766
1762352403,0000000100000004,412614041267,3881,767
1762352411,0000000100000008,412694708526,4227,768
1762352426,0000008000000001,412839889981,672,769
1762352431,0000000400000080,412896094521,2474,770
1762352440,0000000400000008,412982650615,2462,771
1762352456,000000c000000081,413144419582,3125,772
1762352465,0000000400000001,413231426460,3084,773
1762352471,0000000400000002,413297102638,4348,774
1762352475,0000004000000002,413332145668,2219,775
1762352485,0000000900000004,413436007548,1170,776
1762352491,0000000400000002,413496245279,2726,777
1762352503,0000000100000004,413611090959,1027,778
1762352518,0000000800000008,413760502292,2418,779
1762352540,0000008000000080,413981225053,4740,780
1762352549,0000000800000004,414071389049,4516,781
1762352563,0000000100000008,414211153653,1287,782
1762352574,0000004000000080,414328470586,4630,783
1762352577,0000004000000080,414357894630,2835,784
1762352585,0000000100000001,414435040204,3405,785
1762352586,0000000100000001,414443526175,2880,786
1762352590,0000000100000001,414488434498,196,787
1762352591,0000000600000004,414490800637,5242,788
1762352592,0000008000000080,414501244585,4625,789
1762352607,0000000400000001,414654381450,597,790
1762352613,0000004000000002,414717152643,2013,791
1762352631,0000000800000001,414896763627,1597,792
1762352639,0000000c00000001,414969350081,2415,793
1762352671,0000000800000080,415296979331,3497,794
1762352672,0000000800000004,415305954549,2944,795
1762352678,0000004000000004,415362891463,4731,796
1762352703,0000000300000001,415614943693,5145,797
1762352707,0000004000000008,415656805682,2611,798
1762352714,0000000100000002,415727541798,3568,799
1762352717,0000008000000004,415750944175,2151,800
1762352725,0000000800000001,415832500116,2435,801
1762352726,0000000100000001,415841360636,1909,802
1762352734,0000008000000002,415925708154,2030,803
1762352738,0000000800000004,415966424023,4783,804
1762352752,0000000100000080,416103052902,1751,805
1762352768,0000000800000004,416261597024,2588,806
1762352776,0000000400000008,416344585564,2788,807
1762352783,0000000100000001,416416510329,3678,808
1762352811,0000008000000002,416695882607,2437,809
1762352826,0000004000000001,416845663483,3835,810
1762352829,0000008000000004,416877023473,1938,811
1762352841,0000000100000004,416991051493,278,812
1762352859,0000000800000004,417175660599,4760,813
1762352864,0000004000000001,417225596842,1747,814
1762352871,0000000100000001,417298367191,2551,815
1762352876,0000008000000008,417341974762,5136,816
1762352877,0000000400000001,417351727858,4560,817
1762352888,0000000100000004,417467753308,2746,818
1762352890,0000000800000002,417488725589,1500,819
1762352903,0000000400000008,417611057588,4543,820
1762352906,0000008000000004,417639997628,2773,821
1762352911,0000008000000080,417693837903,4754,822
1762352915,0000004000000008,417737739283,2102,823
1762352918,0000000100000001,417762335093,625,824
1762352933,0000004000000001,417917852700,1656,825
1762352953,0000000800000001,418117295531,5241,826
1762352961,0000000400000002,418193801451,640,827
1762352975,0000008000000080,418330200963,2807,828
1762352985,0000004000000002,418437182980,1580,829
1762352988,0000000400000008,418462438123,5255,830
1762353002,0000000800000002,418604581760,1898,831
1762353010,0000008000000080,418681816576,2437,832
1762353011,0000000400000008,418697968582,1475,833
1762353019,0000000400000001,418777115484,1908,834
1762353039,0000000800000080,418970903375,640,835
1762353052,0000000400000008,419108682681,2725,836
1762353062,0000000800000080,419206364272,2055,837
1762353066,0000008000000080,419243547620,5018,838
1762353072,0000004000000002,419302654118,1458,839
1762353079,0000000400000004,419372972376,2414,840
1762353104,0000000400000080,419619585551,3168,841
1762353108,0000000400000008,419660692866,699,842
1762353109,0000004000000001,419673130294,2099,843
1762353121,0000000400000008,419792737568,3140,844
1762353126,0000008000000080,419843402804,5288,845
1762353160,0000008000000080,420184268595,371,846
1762353193,0000008000000002,420515897385,1192,847
1762353209,0000000400000002,420669256773,2348,848
1762353212,0000008000000080,420705081833,207,849
1762353219,000000040000000c,420771099928,1423,850
1762353221,0000000800000001,420792820137,5310,851
1762353243,0000004000000008,421018634377,2113,852
1762353296,0000000400000002,421541256941,1842,853
1762353302,0000000800000080,421602003113,3384,854
1762353304,0000004000000008,421620117604,2284,855
1762353311,0000000400000080,421695377095,2949,856
1762353316,0000000100000008,421740911996,224,857
1762353322,0000004800000004,421802364287,1718,858
1762353328,0000000100000003,421864991648,3140,859
1762353334,000000c000000080,421923951645,4800,860
1762353335,0000004000000002,421933222589,4248,861
1762353358,0000000400000080,422165452686,653,862
1762353359,0000000100000002,422177619979,5116,863
1762353371,0000008000000080,422292084128,3426,864
1762353386,0000000400000004,422441006225,4859,865
1762353387,0000008000000001,422451876415,4213,866
1762353388,0000008000000008,422467005867,3289,867
1762353391,0000004000000001,422492978018,1727,868
1762353393,0000008000000080,422518244617,211,869
1762353405,0000000400000002,422635883659,3523,870
1762353406,0000008000000080,422639469877,3302,871
1762353408,0000008000000001,422666682158,1666,872
1762353412,0000008000000080,422700687663,4821,873
1762353416,0000008000000080,422745770467,2098,874
1762353433,0000000800000002,422912852670,2429,875
1762353457,0000000400000008,423158363279,3252,876
1762353463,0000000200000001,423212333731,5200,877
1762353468,0000000800000001,423260629570,2287,878
1762353488,0000000400000080,423459256283,735,879
1762353496,0000000100000004,423545933813,714,880
1762353520,0000008000000080,423788487987,1707,881
1762353522,0000000400000001,423799115164,1066,882
1762353543,0000008000000008,424012733574,3801,883
1762353563,0000000100000002,424211138682,2245,884
1762353572,0000008000000001,424305814769,1750,885
1762353593,0000000100000004,424509699074,5071,886
1762353614,0000000800000008,424725703692,2451,887
1762353644,0000000400000001,425024261149,5278,888
1762353652,0000000800000004,425108547610,213,889
1762353658,0000000800000004,425160393346,2277,890
1762353667,0000000800000002,425258470458,1577,891
1762353682,0000000100000008,425403866755,3219,892
1762353686,0000008000000001,425441429863,961,893
1762353692,0000000400000002,425503891695,2388,894
1762353723,0000000800000001,425814697178,4490,895
1762353726,0000000100000001,425843692023,2716,896
1762353731,0000000100000002,425895551984,4815,897
1762353733,0000000100000001,425914457111,3677,898
1762353741,0000000100000001,425994089452,4087,899
1762353770,0000000800000001,426282070029,2325,900
1762353775,0000008000000080,426330063219,4650,901
1762353778,0000000100000001,426364756671,2542,902
1762353779,0000000400000002,426370905045,2178,903
1762353799,0000000400000008,426575412519,272,904
1762353800,0000008000000001,426587217651,4760,905
1762353804,0000000800000002,426618892873,2832,906
1762353804,0000008000000002,426624890987,2477,907
1762353810,0000004000000001,426681287469,4303,908
1762353814,0000000800000001,426721106726,1892,909
1762353817,0000004000000002,426757308020,4914,910
1762353819,0000008000000008,426769498128,4191,911
1762353834,0000000100000080,426927851516,5042,912
1762353860,0000000800000001,427179955292,265,913
1762353880,0000008000000080,427386666049,3410,914
1762353897,0000004000000001,427550311762,3965,915
1762353903,0000000400000004,427609271927,409,916
1762353920,000000c000000080,427785880337,176,917
1762353937,0000000800000004,427955378556,366,918
1762353943,0000000100000001,428008925074,2326,919
1762353950,0000008000000080,428080883256,3199,920
1762353984,0000004000000004,428425559176,3242,921
1762353985,000000c000000080,428437865160,2491,922
1762353986,0000000800000008,428447458292,1925,923
1762353987,0000004000000008,428455811308,1422,924
1762353988,0000000100000002,428459036191,1228,925
1762353994,0000000800000002,428525406077,2420,926
1762353996,0000004000000080,428544297450,1293,927
1762353998,0000000100000001,428566607651,5149,928
1762354046,0000008100000008,429044729439,2346,929
1762354047,0000004000000088,429055279836,1720,930
1762354052,0000004000000008,429107284169,3796,931
1762354063,0000000100000001,429209151730,2838,932
1762354065,0000000100000001,429235136134,1287,933
1762354075,0000000100000004,429330719418,733,934
1762354080,0000000400000004,429381968634,2829,935
1762354115,0000000100000004,429733520197,2463,936
1762354123,0000004000000004,429810341640,3040,937
1762354127,0000000100000001,429852648788,504,938
1762354128,0000000400000008,429867953414,4782,939
1762354132,0000008000000080,429900510091,2801,940
1762354181,0000004000000001,430398063111,4064,941
1762354187,0000000100000008,430457109406,501,942
1762354208,0000008000000080,430661916765,3770,943
1762354209,0000000400000008,430676301228,2882,944
1762354211,0000004000000004,430689650503,2089,945
1762354222,0000008000000004,430804418417,386,946
1762354227,0000000100000001,430856306812,2444,947
1762354242,0000000100000001,431003916203,3977,948
1762354250,0000004000000008,431080216171,4581,949
1762354252,0000000500000001,431108175616,2873,950
1762354267,0000000100000008,431252593097,4598,951
1762354271,0000008000000004,431293113460,2145,952
1762354291,000000c000000080,431493416192,491,953
1762354295,0000000800000080,431537849307,3002,954
1762354318,0000000400000004,431758994956,5288,955
1762354332,0000008000000080,431902591101,1845,956
1762354366,0000000400000004,432245365200,2000,957
1762354385,0000000800000080,432430442188,1255,958
1762354389,0000000100000004,432476259509,3703,959
1762354395,0000000100000004,432531684091,364,960
1762354401,0000000100000008,432593506164,1835,961
1762354407,0000008000000080,432654187240,3382,962
1762354417,0000000400000002,432753652386,2577,963
1762354427,0000000100000001,432851270404,1911,964
1762354452,0000000800000001,433099745949,2537,965
1762354460,0000004000000080,433188445175,2397,966
1762354468,000000c000000080,433265034382,2985,967
1762354487,0000004000000002,433451644880,2150,968
1762354498,0000004000000004,433565005898,531,969
1762354499,0000008000000080,433568871833,301,970
1762354514,0000000100000008,433726309937,1213,971
1762354519,0000008000000080,433770251015,3775,972
1762354533,0000000800000008,433916905602,5330,973
1762354543,0000000100000002,434011436105,4845,974
1762354552,0000008000000008,434100535839,4683,975
1762354554,0000000800000002,434125583006,3165,976
1762354559,0000000400000001,434171062418,435,977
1762354561,0000000800000080,434189032752,4558,978
1762354569,0000000800000004,434271513537,4784,979
1762354578,0000008000000008,434359111715,4711,980
1762354588,0000000200000002,434461824516,3724,981
1762354589,0000000800000004,434473536521,3004,982
1762354597,0000000100000001,434552296216,3471,983
1762354602,0000000100000002,434605380812,279,984
1762354606,0000000200000001,434647572722,2920,985
1762354611,0000004000000004,434695448860,5244,986
1762354614,000000c000000080,434724243357,3516,987
1762354618,0000004000000004,434758610331,1445,988
1762354648,0000000800000080,435065688861,3758,989
1762354649,0000008000000080,435075913169,3130,990
1762354653,0000004000000002,435109330397,1123,991
1762354654,0000000100000001,435126440494,5289,992
1762354660,0000008800000004,435184978266,1768,993
1762354664,0000000400000004,435218960306,4922,994
1762354667,0000000100000080,435252514077,2886,995
1762354672,0000000100000001,435300018279,5235,996
1762354675,000000c000000080,435336131668,3057,997
1762354708,0000000800000080,435666279006,3991,998
1762354710,0000008000000080,435688374700,2636,999
1762354727,0000008000000080,435853581140,3096,1000
1762354731,0000008000000080,435893616366,692,1001
1762354743,0000004000000002,436017498838,3634,1002
1762354749,0000000100000001,436072544049,320,1003
1762354750,0000004000000004,436085262434,4754,1004
1762354758,0000000400000004,436165148547,5135,1005
1762354803,0000008000000002,436617518683,3904,1006
1762354808,0000000400000008,436659631000,1359,1007
1762354820,0000004000000004,436787412746,4074,1008
1762354821,0000000400000008,436797674331,3446,1009
1762354830,0000000100000002,436886172105,3314,1010
1762354837,0000000800000004,436952759371,4516,1011
1762354849,0000000100000008,437069103331,2684,1012
1762354878,0000000100000001,437360181726,770,1013
1762354881,0000008000000002,437392408548,4039,1014
1762354882,0000000400000004,437407017233,3143,1015
1762354884,0000004000000002,437420041798,2354,1016
1762354891,0000008000000080,437498175097,2843,1017
1762354917,0000008000000080,437755024357,2979,1018
1762354918,0000000100000003,437762319974,2539,1019
1762354925,0000004000000080,437838312603,3170,1020
1762354930,0000008800000080,437879524379,694,1021
1762354953,000000c000000080,438109212876,2449,1022
1762354953,0000000800000001,438110203932,2390,1023
1762354954,0000000400000008,438126810208,1399,1024
1762354959,0000004000000002,438173229796,3811,1025
1762354961,0000000400000009,438190999016,2718,1026
1762354969,0000008000000080,438272577834,3011,1027
1762354972,0000000800000080,438306444934,982,1028
1762354978,0000004000000002,438363760726,2714,1029
1762354983,0000000100000002,438416943016,4732,1030
1762354995,0000004000000080,438530825899,3060,1031
1762354997,0000000400000001,438552216003,1780,1032
1762355003,0000004000000080,438614730157,3213,1033
1762355037,0000004000000080,438948503497,3923,1034
1762355038,0000000500000001,438966502245,2814,1035
1762355054,0000004000000002,439121528216,3903,1036
1762355100,0000008000000080,439585117960,1974,1037
1762355102,0000000800000008,439599885893,1086,1038
1762355116,0000008000000080,439739883711,3046,1039
1762355117,0000000100000001,439757567954,1988,1040
1762355121,0000000800000001,439788643427,5313,1041
1762355124,0000000800000008,439823052764,3243,1042
1762355125,0000000800000004,439836555704,2422,1043
1762355127,0000008000000001,439849852088,1632,1044
1762355134,0000008000000080,439923806189,2368,1045
1762355148,0000004000000001,440058878424,4652,1046
1762355148,0000004000000001,440062940486,4411,1047
1762355152,0000008000000002,440105518739,1835,1048
1762355168,0000004000000001,440260693419,2876,1049
1762355188,0000000100000008,440467216096,852,1050
1762355191,0000004000000002,440498091271,4204,1051
1762355203,0000000800000001,440609526149,2666,1052
1762355206,000000010000000c,440642586332,692,1053
1762355214,0000000800000080,440723451230,1022,1054
1762355215,0000000100000001,440735315278,311,1055
1762355221,0000000400000001,440789202333,2254,1056
1762355258,0000000800000004,441158553009,816,1057
1762355270,0000008000000001,441279651383,3935,1058
1762355276,0000000800000004,441338835601,364,1059
1762355284,0000000800000003,441422452927,528,1060
1762355286,0000008000000080,441445149423,4371,1061
1762355295,0000004000000008,441536528033,4065,1062
1762355312,0000000100000001,441699747934,4632,1063
1762355351,0000008000000001,442097179374,1489,1064
1762355364,0000008000000080,442221080115,4439,1065
1762355388,0000000400000001,442458845533,512,1066
1762355394,0000000c00000004,442519023108,2082,1067
1762355400,0000000100000004,442579917865,3622,1068
1762355401,0000000100000001,442592874468,2821,1069
1762355415,0000000100000001,442735398725,4661,1070
1762355416,0000004000000080,442738336235,4488,1071
1762355422,0000000100000002,442800504147,734,1072
1762355424,0000004000000001,442826135919,4400,1073
1762355437,0000000100000001,442950121406,2118,1074
1762355437,0000008000000080,442956366214,1747,1075
1762355456,0000000400000004,443139874572,1095,1076
1762355459,0000000800000004,443170733072,4448,1077
1762355459,0000004000000004,443177343789,4050,1078
1762355474,0000000100000005,443321081788,585,1079
1762355475,0000000800000080,443331958600,5125,1080
1762355486,0000000800000008,443447938855,6682,1081
1762355500,0000000100000008,443584849487,302,1082
1762355506,0000000400000008,443644771608,1887,1083
1762355516,0000000400000080,443744400044,2176,1084
1762355518,0000004000000080,443761007771,5284,1085
1762355526,0000008000000080,443847888952,5252,1086
1762355530,0000000200000002,443883904349,3081,1087
1762355538,0000000800000002,443967341308,3259,1088
1762355552,0000000400000001,444102866598,306,1089
1762355558,000000c000000001,444165055651,1755,1090
1762355561,0000008000000008,444195573868,5113,1091
1762355567,0000004000000001,444255517370,1505,1092
1762355582,0000000100000080,444406040104,2826,1093
1762355601,0000004000000080,444590809732,2111,1094
1762355622,0000000100000004,444800115810,5107,1095
1762355647,0000008000000004,445052259006,329,1096
1762355657,0000000800000002,445153830876,4615,1097
1762355684,0000008000000002,445425040431,3883,1098
1762355686,0000000100000002,445439026841,3016,1099
1762355692,0000000400000008,445504256476,4316,1100
1762355692,0000008000000088,445507754878,4105,1101
1762355693,0000000400000080,445514975001,3662,1102
1762355694,0000000500000001,445522504170,3201,1103
1762355694,0000008000000080,445526006907,2982,1104
1762355698,0000000100000002,445565383841,624,1105
1762355706,0000000100000008,445641705382,1224,1106
1762355731,0000000100000002,445898162216,1379,1107
1762355734,0000008000000080,445920944345,5205,1108
1762355734,0000000400000002,445926757163,4862,1109
1762355750,000000400000000c,446085940048,476,1110
1762355753,0000008000000008,446109460062,4268,1111
1762355755,0000008000000002,446128932382,3077,1112
1762355757,0000008000000002,446155317890,1493,1113
1762355765,0000000100000004,446233566528,1979,1114
1762355765,0000000100000080,446237744104,1730,1115
1762355767,0000004000000001,446249785412,1005,1116
1762355768,0000000400000002,446259763166,407,1117
1762355779,0000008000000004,446369975367,4179,1118
1762355785,0000008000000080,446430434816,529,1119
1762355790,0000000100000002,446479464289,2754,1120
1762355794,0000000200000004,446524136115,5278,1121
1762355801,0000000400000004,446589578395,1340,1122
1762355811,0000000100000004,446694374681,235,1123
1762355818,0000000400000001,446763159488,1286,1124
1762355820,0000000100000004,446781692542,177,1125
1762355821,0000000200000002,446796326959,4501,1126
1762355835,0000008000000008,446931905352,1524,1127
1762355847,0000000100000002,447050519949,4786,1128
1762355856,0000000800000002,447140192585,4590,1129
1762355867,0000000100000008,447255749656,2804,1130
1762355869,0000000400000080,447276251596,1588,1131
1762355878,0000000400000080,447367150294,1312,1132
1762355901,0000000800000080,447589427763,3529,1133
1762355908,0000000400000008,447662478636,4340,1134
1762355920,0000004000000008,447778504655,2527,1135
1762355927,0000000400000080,447850190129,3423,1136
1762355963,0000000400000002,448213511376,2333,1137
1762355965,0000008000000004,448229556744,1374,1138
1762355969,0000004000000001,448275476254,3818,1139
1762355993,0000000100000008,448508849930,163,1140
1762356000,0000004000000004,448584206964,818,1141
1762356010,0000000400000001,448685364238,5122,1142
1762356020,0000004000000008,448779364382,4670,1143
1762356026,0000000400000008,448843222048,819,1144
1762356028,0000004000000004,448858276030,5110,1145
1762356035,0000004000000080,448930310784,775,1146
1762356047,0000000400000080,449053113982,3785,1147
1762356069,0000008000000080,449276550492,723,1148
1762356084,0000000200000008,449421179244,2402,1149
1762356097,0000000400000004,449552996059,4876,1150
1762356101,0000000100000001,449588843487,2697,1151
1762356129,0000000400000001,449874289700,1124,1152
1762356132,0000004000000008,449899787104,4794,1153
1762356136,0000000800000004,449945487569,2034,1154
1762356142,0000000100000004,450002031356,3840,1155
1762356153,000000c000000080,450108935950,2580,1156
1762356166,0000004300000001,450238622224,5180,1157
1762356171,0000004000000004,450296633870,1689,1158
1762356173,0000000100000008,450314761637,600,1159
1762356183,0000000400000001,450408732719,5332,1160
1762356210,0000004000000004,450683123607,4425,1161
1762356225,0000004000000080,450831794742,661,1162
1762356227,0000008000000008,450853434321,4566,1163
1762356230,0000008000000001,450886596335,2548,1164
1762356232,0000008000000080,450906461237,1362,1165
1762356241,0000000800000080,450989665741,1551,1166
1762356253,0000008000000002,451115653647,4377,1167
1762356261,0000000400000002,451190978483,5028,1168
1762356275,0000004000000001,451333819700,1626,1169
1762356282,0000008000000080,451406956905,2409,1170
1762356298,0000000100000005,451563588286,3389,1171
1762356301,0000000400000004,451590714261,1755,1172
1762356307,0000004100000003,451655661589,3037,1173
1762356309,0000008000000008,451670414044,2150,1174
1762356311,0000000100000004,451688773004,1049,1175
1762356320,0000008000000080,451782863015,586,1176
1762356337,0000000100000008,451949166715,968,1177
1762356350,0000000100000002,452078860070,3560,1178
1762356362,0000008000000001,452203258102,1264,1179
1762356369,0000008000000080,452271731865,2333,1180
1762356374,0000008000000080,452324566940,4371,1181
1762356377,0000000400000001,452356758882,2411,1182
1762356398,0000000400000002,452563175372,395,1183
1762356399,0000000100000001,452571248385,5101,1184
1762356401,0000008000000080,452593227869,3786,1185
1762356404,0000004000000004,452620064990,2159,1186
1762356408,0000000100000001,452663231097,4768,1187
1762356422,0000000800000001,452802730379,1561,1188
1762356426,0000000100000080,452842695528,4368,1189
1762356436,0000008000000080,452940041687,3699,1190
1762356453,0000000400000002,453114687461,3579,1191
1762356467,0000002000000008,453248408480,724,1192
1762356489,0000008000000080,453475648824,2621,1193
1762356491,0000000100000008,453498022033,1289,1194
1762356515,0000008000000080,453734009400,2660,1195
1762356534,0000000100000001,453924974559,1578,1196
1762356543,0000008000000008,454010301893,1638,1197
1762356545,0000004000000002,454032199033,142,1198
1762356554,0000008000000004,454125154386,5117,1199
1762356555,0000000400000002,454136032309,4476,1200
1762356571,0000004000000002,454290845470,348,1201
1762356575,0000000100000001,454335587960,2833,1202
1762356584,0000008000000080,454422742658,2782,1203
1762356597,0000008000000080,454558021929,5051,1204
1762356602,0000004000000004,454599788301,2523,1205
1762356603,0000004000000001,454613234159,1727,1206
1762356623,0000000800000002,454816933494,5057,1207
1762356625,0000000500000001,454832040928,4162,1208
1762356628,0000008000000080,454866799189,2054,1209
1762356658,0000000100000001,455167032788,4780,1210
1762356662,0000000800000002,455200888224,2720,1211
1762356687,0000000100000001,455452010382,3210,1212
1762356692,0000000100000001,455504709146,5235,1213
1762356699,0000000400000080,455568290718,1409,1214
1762356702,0000000100000081,455598081532,4820,1215
1762356712,0000000100000001,455703917188,3647,1216
1762356724,0000004000000004,455820664117,1810,1217
1762356742,0000000800000080,456004310576,1151,1218
1762356746,0000008000000002,456040848621,4162,1219
1762356747,0000008000000004,456049744604,3620,1220
1762356764,0000000c00000004,456227204324,3326,1221
1762356770,0000000100000080,456280248833,5327,1222
1762356792,0000008000000080,456507271060,2060,1223
1762356797,0000000c00000008,456552433984,4551,1224
1762356803,0000000100000001,456613963692,837,1225
1762356823,0000000100000080,456817893295,4166,1226
1762356829,0000000200000004,456875894804,663,1227
1762356829,0000000400000080,456876195743,645,1228
1762356830,0000000100000001,456880194079,407,1229
1762356839,0000000100000003,456972129920,5260,1230
1762356842,0000000800000008,457001843021,3478,1231
1762356857,0000004000000002,457154042180,4716,1232
1762356865,0000004000000001,457232686057,5170,1233
1762356876,0000000800000080,457341958208,3801,1234
1762356881,0000000100000003,457397391417,459,1235
1762356905,0000000100000001,457631240212,1970,1236
1762356908,0000004000000008,457662156497,5305,1237
1762356910,0000008000000080,457684557938,3971,1238
1762356912,0000000100000080,457698454371,3119,1239
1762356912,0000000400000001,457704685126,2730,1240
1762356913,0000000100000001,457711060776,2355,1241
1762356939,0000000100000001,457971067613,2297,1242
1762356939,0000004000000001,457974708423,2084,1243
1762356977,0000008000000002,458350915133,236,1244
1762356982,0000000100000001,458402612641,2309,1245
1762356991,0000000800000004,458488718798,2323,1246
1762356994,0000004000000001,458522292816,315,1247
1762357004,0000004000000001,458625065265,4529,1248
1762357028,0000008000000001,458858314266,873,1249
1762357040,0000008000000080,458987026061,3524,1250
1762357046,0000008000000080,459046129302,5159,1251
1762357050,0000000100000008,459081298170,3036,1252
1762357058,000000c000000080,459159004122,3567,1253
1762357093,0000000400000008,459513754656,2989,1254
1762357133,0000004000000001,459916548742,4747,1255
1762357139,0000000100000002,459973729970,1298,1256
1762357146,0000000400000002,460043954443,2263,1257
1762357147,0000008000000080,460051959559,1788,1258
1762357153,0000008000000080,460110899628,3438,1259
1762357162,0000000100000003,460200709315,3226,1260
1762357177,0000000800000080,460357537582,4196,1261
1762357206,0000000800000004,460645160373,2452,1262
1762357211,0000008000000080,460693660687,4747,1263
1762357213,0000008000000080,460713650534,3540,1264
1762357267,0000000100000001,461254154047,2182,1265
1762357276,0000008000000001,461347804142,1747,1266
1762357303,0000000400000080,461614945407,1257,1267
1762357336,0000000800000001,461938097053,2584,1268
1762357339,0000000400000008,461969588101,702,1269
1762357340,0000000800000004,461985741602,4930,1270
1762357352,0000000800000008,462099627502,3267,1271
1762357352,0000000800000002,462105659178,2892,1272
1762357361,0000000100000004,462192051050,2889,1273
1762357388,0000000800000001,462457926215,2479,1274
1762357405,0000004000000080,462629472550,2547,1275
1762357416,0000008000000008,462747589407,648,1276
1762357419,0000000100000001,462774846831,4217,1277
1762357461,0000000400000080,463188488254,5288,1278
1762357491,0000000400000004,463488661410,2800,1279
1762357491,0000000100000001,463489407980,2754,1280
1762357492,0000000500000001,463498605933,2211,1281
1762357496,0000000400000001,463547195954,4502,1282
1762357502,0000000100000008,463601340669,1229,1283
1762357508,0000000400000008,463661667276,2782,1284
1762357554,0000000400000080,464120814674,1146,1285
1762357561,0000008000000008,464197237964,1745,1286
1762357565,0000008000000008,464232112833,4846,1287
1762357569,0000004000000002,464268917285,2611,1288
1762357595,0000000800000004,464531865910,2380,1289
1762357610,0000008000000004,464681740240,3772,1290
1762357619,0000008000000080,464769360646,3694,1291
1762357633,0000000400000080,464913995571,184,1292
1762357639,0000008000000080,464973492343,1796,1293
1762357649,0000004000000080,465072085923,1057,1294
1762357666,0000000800000001,465246726360,940,1295
1762357673,000000c000000080,465309417774,2354,1296
1762357693,0000004000000080,465508118967,799,1297
1762357716,0000004000000001,465742978781,2247,1298
1762357764,0000000400000001,466219854965,4740,1299
1762357765,0000000400000080,466237431827,3681,1300
1762357767,000000c000000080,466253132281,2714,1301
1762357783,0000004000000004,466409475910,3720,1302
1762357793,0000000600000080,466513156459,2654,1303
1762357800,0000000400000008,466581477961,3763,1304
1762357815,0000000800000008,466731153350,5140,1305
1762357853,0000000400000004,467110396683,3097,1306
1762357853,0000000100000008,467115988944,2750,1307
1762357859,0000004000000001,467177333506,4284,1308
1762357863,0000000100000004,467207906881,2421,1309
1762357869,0000000100000003,467274108137,3648,1310
1762357872,0000000400000080,467298752213,2155,1311
1762357892,0000000900000001,467502185814,312,1312
1762357893,0000000800000080,467509542973,5063,1313
1762357908,0000000800000080,467657764524,1338,1314
1762357920,0000004000000002,467782192077,4257,1315
1762357923,0000008000000080,467809084690,2612,1316
1762357923,0000000400000004,467812500782,2410,1317
1762357924,0000000100000007,467820136313,1957,1318
1762357940,0000000800000008,467985203690,2408,1319
1762357945,0000000800000001,468034540987,4653,1320
1762357947,0000008000000080,468055043413,3412,1321
1762357953,0000000100000080,468117177871,4873,1322
1762357954,000000c000000080,468121943186,4591,1323
1762357963,0000000800000002,468216745229,4085,1324
1762357985,0000000400000080,468436986984,1209,1325
1762357990,0000000400000008,468480525656,3795,1326
1762358021,0000000400000004,468793926499,519,1327
1762358030,0000004000000080,468882442065,388,1328
1762358034,0000000400000004,468926855628,2894,1329
1762358043,0000004000000008,469014364342,2823,1330
1762358048,0000000400000008,469067295848,4853,1331
1762358065,0000000400000001,469236303905,5071,1332
1762358073,0000000800000008,469314999663,339,1333
1762358087,0000000100000004,469451672899,2492,1334
1762358099,0000000400000002,469572490934,431,1335
1762358121,0000000100000002,469790788013,2864,1336
1762358131,0000008000000008,469895267915,1788,1337
1762358132,0000008000000002,469900695588,1460,1338
1762358132,0000004000000008,469900934741,1446,1339
1762358147,0000000800000001,470056149345,2487,1340
1762358173,0000004000000020,470316700152,2398,1341
1762358187,0000004000000008,470453538788,4575,1342
1762358193,0000000200000008,470511291247,1087,1343
1762358199,0000004000000080,470575723623,2398,1344
1762358200,0000000400000002,470583555494,1935,1345
1762358203,0000004000000002,470614450888,5270,1346
1762358213,0000000100000001,470715806278,4384,1347
1762358233,0000004000000004,470911409307,2983,1348
1762358247,0000000100000008,471047898060,5167,1349
1762358254,000000c000000081,471121552143,737,1350
1762358264,0000008000000004,471220173265,5194,1351
1762358281,0000004000000080,471396859051,4956,1352
1762358288,0000000400000008,471461286576,1076,1353
1762358289,0000000200000008,471471795027,448,1354
1762358295,0000004000000008,471529973402,2136,1355
1762358302,0000000800000080,471599984443,3117,1356
1762358314,0000000100000004,471723348266,894,1357
1762358323,0000000100000001,471808588298,961,1358
1762358329,0000000100000001,471872958300,2275,1359
1762358330,0000000c00000001,471883398522,1656,1360
1762358345,0000008100000081,472034698467,2931,1361
1762358350,0000000800000004,472082936839,5234,1362
1762358372,0000000100000001,472298699660,2629,1363
1762358375,0000000800000001,472329559552,786,1364
1762358383,0000008000000080,472416306735,762,1365
1762358391,0000000100000001,472493290446,1324,1366
1762358396,0000004000000004,472546336144,3329,1367
1762358397,0000000400000008,472556018322,2730,1368
1762358401,0000000800000004,472591809129,595,1369
1762358422,0000000800000080,472803465513,3446,1370
1762358424,0000000400000002,472820880988,2387,1371
1762358426,0000000100000080,472837668741,1385,1372
1762358428,0000000400000002,472862176568,5107,1373
1762358428,0000000800000080,472864834791,4949,1374
1762358461,0000008000000088,473193632701,748,1375
1762358464,0000000100000004,473223765059,4144,1376
1762358480,0000000100000003,473380508917,5092,1377
1762358489,0000008000000002,473474593835,4635,1378
1762358493,0000000500000008,473510219822,2472,1379
1762358506,0000000100000001,473644060700,4825,1380
1762358514,0000000100000002,473719903999,259,1381
1762358527,0000008000000080,473856844907,2397,1382
1762358532,0000008400000001,473903088076,4825,1383
1762358557,0000000100000005,474156539873,5155,1384
1762358582,0000000900000001,474401769538,790,1385
1762358616,0000000100000080,474739279391,1263,1386
1762358635,000000c000000080,474936836203,4966,1387
1762358654,0000000100000008,475124108239,4099,1388
1762358658,0000008000000080,475166145928,1556,1389
1762358663,0000000800000008,475209665818,4146,1390
1762358676,0000000100000080,475344859856,1192,1391
1762358678,0000000100000001,475363893358,5241,1392
1762358697,0000008000000004,475554330141,4190,1393
1762358697,0000000800000008,475554882166,4157,1394
1762358698,0000000100000002,475564512285,3568,1395
1762358713,0000008000000080,475715111171,4896,1396
1762358733,0000000800000002,475916420694,3167,1397
1762358749,0000000100000080,476073168932,4143,1398
1762358750,0000000400000002,476085034784,3417,1399
1762358771,0000000800000008,476291585004,1377,1400
1762358777,0000008000000080,476356810226,2634,1401
1762358781,0000008000000080,476392323707,515,1402
1762358783,0000004000000004,476411380287,4572,1403
1762358787,0000000100000001,476455609084,1898,1404
1762358788,0000008000000080,476458814993,1707,1405
1762358807,0000000400000008,476654090471,352,1406
1762358843,0000008000000008,477015879585,4567,1407
1762358870,0000008000000008,477286897936,3845,1408
1762358885,0000000400000008,477429413224,458,1409
1762358886,0000008000000006,477441585204,4922,1410
1762358888,0000000400000008,477460075110,3814,1411
1762358902,0000000400000008,477598234587,688,1412
1762358906,0000004000000004,477638140972,3485,1413
1762358916,0000000100000001,477741692826,2436,1414
1762358917,0000004000000004,477750309325,1926,1415
1762358920,0000000100000004,477786950382,4921,1416
1762358921,0000004000000001,477796797271,4339,1417
1762358922,0000000400000001,477799071763,4203,1418
1762358934,0000000800000002,477918060004,2220,1419
1762358936,0000004000000080,477943529074,693,1420
1762358973,0000000100000001,478307536355,4774,1421
1762358994,0000000100000001,478518473626,2457,1422
1762358999,0000000100000001,478571458563,4486,1423
1762358999,0000000400000084,478575965351,4217,1424
1762359008,0000000100000008,478667081673,3926,1425
1762359010,0000000400000002,478678063090,3253,1426
1762359017,0000004000000008,478750779354,4087,1427
1762359027,0000000800000002,478855105285,2983,1428
1762359029,0000000100000001,478874744127,1810,1429
1762359038,0000008000000004,478958661345,1955,1430
1762359043,0000008000000080,479012032425,3952,1431
1762359066,0000000100000008,479244904397,324,1432
1762359071,0000000400000008,479296323325,2411,1433
1762359075,0000000400000008,479335098561,5280,1434
1762359090,0000004000000004,479485908673,1403,1435
1762359127,0000000100000008,479853850681,5241,1436
1762359135,0000000100000001,479933122290,474,1437
1762359142,0000008100000088,480001128561,1575,1438
1762359148,0000000100000002,480059970592,3229,1439
1762359166,0000008000000080,480239148412,2826,1440
1762359168,0000008000000001,480259336567,1626,1441
1762359174,0000000100000006,480322440460,3016,1442
1762359180,0000000100000002,480384951421,4471,1443
1762359194,0000008000000080,480526624393,1128,1444
1762359221,0000008000000001,480788962170,930,1445
1762359227,0000000100000004,480856362240,2067,1446
1762359231,0000000400000002,480892707811,5079,1447
1762359232,0000000400000008,480905828405,4303,1448
1762359256,0000000100000004,481143425422,387,1449
1762359274,0000000800000001,481319570526,181,1450
1762359304,0000004000000004,481626957959,2451,1451
1762359308,0000000400000008,481659432633,510,1452
1762359311,0000000800000002,481693929338,3633,1453
1762359314,0000008000000008,481726966077,1640,1454
1762359324,0000008000000080,481825913942,881,1455
1762359325,0000008000000001,481831473955,549,1456
1762359329,0000000800000080,481873809289,3193,1457
1762359342,0000008000000080,482006970726,383,1458
1762359343,0000008000000080,482015646888,5052,1459
1762359347,0000004000000001,482053222613,2774,1460
1762359348,0000008000000080,482060581517,2340,1461
1762359351,0000000100000002,482093193832,388,1462
1762359352,0000000300000001,482107044457,4755,1463
1762359357,0000008000000002,482150161266,2149,1464
1762359368,0000000400000002,482260322761,720,1465
1762359395,0000008000000080,482529858166,5282,1466
1762359434,0000000100000008,482920996136,2517,1467
1762359435,0000000100000080,482936490443,1597,1468
1762359438,0000000800000001,482966806793,4971,1469
1762359455,0000000100000004,483130554199,316,1470
1762359459,0000000800000001,483176816239,2707,1471
1762359472,0000008000000080,483300043764,506,1472
1762359490,0000000100000001,483485946138,4909,1473
1762359503,0000000100000001,483616393200,2246,1474
1762359506,0000008000000080,483646337099,452,1475
1762359512,0000000400000008,483705551510,2079,1476
1762359514,000000c000000080,483723937502,975,1477
1762359523,0000000100000080,483810504800,962,1478
1762359543,0000008000000080,484009918624,4561,1479
1762359570,0000000800000002,484287132039,3459,1480
1762359575,0000000800000080,484327768909,1010,1481
1762359584,0000008000000080,484418609457,739,1482
1762359586,0000008000000002,484439879010,4665,1483
1762359594,0000004000000001,484518976241,5092,1484
1762359598,0000000800000080,484560870144,2557,1485
1762359601,0000004000000001,484587455354,971,1486
1762359617,0000008000000080,484747592242,1727,1487
1762359638,0000008400000080,484957890691,4669,1488
1762359644,0000000800000080,485022832540,750,1489
1762359665,0000000800000004,485236692101,3472,1490
1762359678,0000000500000004,485360188170,1232,1491
1762359679,0000000200000001,485373975488,409,1492
1762359696,0000008000000080,485540274566,788,1493
1762359698,0000000100000001,485561532767,4715,1494
1762359700,0000008000000080,485583625733,3377,1495
1762359706,0000008000000080,485637993602,5298,1496
1762359715,0000000100000001,485728681790,5040,1497
1762359735,0000000400000080,485935330990,2987,1498
1762359751,0000000100000004,486096771217,3680,1499
1762359753,0000000400000002,486111984873,2740,1500
1762359754,0000000100000001,486120114854,2260,1501
1762359758,0000004000000004,486159976809,5067,1502
1762359760,0000000100000004,486186610972,3464,1503
1762359762,0000000800000080,486200591767,2606,1504
1762359789,0000000800000008,486472135483,1867,1505
1762359791,0000000800000008,486487388142,949,1506
1762359797,0000004000000002,486556248296,2000,1507
1762359802,0000000400000001,486602226313,4445,1508
1762359813,0000004400000001,486716970352,2707,1509
1762359815,0000000100000001,486728004678,2056,1510
1762359818,0000000100000008,486762065143,5205,1511
1762359832,0000004000000001,486899145212,2147,1512
1762359859,0000000100000001,487168247854,1546,1513
1762359859,0000000400000004,487174942983,1142,1514
1762359863,0000004000000001,487213462605,4033,1515
1762359871,0000004000000001,487297178719,4193,1516
1762359896,0000000400000004,487542122763,5028,1517
1762359896,0000000800000008,487544232820,4897,1518
1762359903,0000004000000080,487615783437,596,1519
1762359934,0000000100000001,487918860906,3136,1520
1762359936,0000000800000001,487937292332,2028,1521
1762359947,0000000100000008,488047843831,576,1522
1762359957,0000000200000001,488151705164,4725,1523
1762359964,0000000100000002,488224864526,317,1524
1762359966,0000008000000080,488238155970,4718,1525
1762359969,0000000800000004,488270166329,2768,1526
1762359970,0000000400000008,488282687618,2027,1527
1762359973,0000000100000004,488312149824,260,1528
1762359973,0000000100000004,488314874307,5286,1529
1762359989,0000000100000001,488474129366,901,1530
1762360029,0000000800000004,488874314241,2784,1531
1762360031,0000000400000001,488890041171,1852,1532
1762360048,0000000400000001,489059732755,2031,1533
1762360055,0000008000000080,489136913239,2573,1534
1762360071,0000000800000080,489287700938,3914,1535
1762360080,0000000100000005,489381898423,3433,1536
1762360084,0000000400000004,489423555813,924,1537
1762360086,0000000100000001,489437774250,5261,1538
1762360094,0000000400000080,489522565896,167,1539
1762360112,0000000800000004,489699241775,5117,1540
1762360113,0000000400000002,489710349902,4462,1541
1762360129,0000000400000001,489875070132,4931,1542
1762360141,0000000400000080,489990155079,3196,1543
1762360150,0000008000000080,490082961147,2794,1544
1762360151,0000000200000001,490093643730,2163,1545
1762360154,0000000100000004,490124018926,343,1546
1762360159,0000000100000001,490177100528,2332,1547
1762360163,000000800000008c,490215287214,5237,1548
1762360169,0000000100000008,490275871592,1594,1549
1762360178,0000004000000002,490357798117,1858,1550
1762360189,0000000100000008,490475229840,5183,1551
1762360203,0000000800000008,490608553156,2349,1552
1762360216,0000000100000001,490738574077,4929,1553
1762360228,0000000400000008,490858547158,2889,1554
1762360230,0000004000000001,490884355596,1347,1555
1762360233,0000000100000001,490911766174,4899,1556
1762360251,0000004000000001,491090603065,4537,1557
1762360251,0000000800000002,491096636519,4176,1558
1762360269,0000004000000008,491270752747,4088,1559
1762360282,0000004000000008,491398580316,1580,1560
1762360309,0000000100000002,491676488481,447,1561
1762360333,0000000800000080,491916626173,1581,1562
1762360361,0000000800000001,492191897904,605,1563
1762360369,0000000800000004,492274606771,823,1564
1762360374,0000000100000080,492320999270,3225,1565
1762360385,0000000800000004,492427950157,1985,1566
1762360397,0000004800000080,492547750823,5168,1567
1762360406,0000000400000001,492640554591,4788,1568
1762360408,0000000400000080,492661373275,3532,1569
1762360419,0000008000000004,492769431245,2216,1570
1762360431,0000000400000001,492894541493,5086,1571
1762360432,0000008000000002,492898016376,4881,1572
1762360468,0000004000000001,493259821392,3897,1573
1762360475,0000000400000002,493330210434,4852,1574
1762360482,0000008000000080,493402052939,528,1575
1762360495,0000000400000002,493528698590,3293,1576
1762360508,0000004000000008,493663524269,381,1577
1762360510,0000008000000001,493678198587,4699,1578
1762360513,0000000800000002,493713141507,2575,1579
1762360526,0000000400000002,493843985804,5106,1580
1762360532,0000000800000080,493902710965,1571,1581
1762360534,0000000100000004,493921769588,429,1582
1762360540,0000008000000001,493978665013,2192,1583
1762360553,0000004000000002,494109685222,4713,1584
1762360560,0000008000000080,494182739987,312,1585
1762360560,0000004000000008,494187026114,5245,1586
1762360561,0000000400000001,494188649501,5147,1587
1762360562,0000000100000008,494202709828,4317,1588
1762360571,0000000800000001,494288811895,4332,1589
1762360579,0000008000000002,494374309436,4382,1590
1762360587,0000000800000002,494448771253,5084,1591
1762360601,0000000100000001,494594603137,1504,1592
1762360604,0000000400000001,494621828094,5063,1593
1762360618,0000008000000002,494763301680,1745,1594
1762360622,0000000400000080,494805310946,4425,1595
1762360633,0000008000000080,494916515799,2904,1596
1762360636,0000004000000008,494945086686,1195,1597
1762360640,0000004000000004,494985913344,3947,1598
1762360650,0000000100000080,495086049173,3099,1599
1762360654,0000000100000001,495119223659,1109,1600
1762360656,0000000800000008,495139758183,5070,1601
1762360663,0000004000000080,495213103066,657,1602
1762360670,0000008000000002,495279755984,1841,1603
1762360671,0000000100000001,495288234076,1329,1604
1762360683,0000000800000001,495408118180,4521,1605
1762360687,0000000100000001,495451853933,1875,1606
1762360721,0000004000000004,495796079339,3892,1607
1762360730,0000008000000080,495882015733,1969,1608
1762360732,0000000100000002,495904792170,601,1609
1762360741,0000000800000080,495993848689,440,1610
1762360744,0000000800000080,496017414179,4228,1611
1762360758,0000000400000008,496162050540,706,1612
1762360759,0000008000000080,496170437907,207,1613
1762360816,0000000800000001,496739383002,2328,1614
1762360820,0000000100000001,496780294040,5071,1615
1762360827,0000000800000002,496852358794,734,1616
1762360856,0000008000000080,497143029825,4038,1617
1762360861,0000000400000002,497196052296,835,1618
1762360868,0000000800000004,497260403867,2154,1619
1762360871,0000000400000002,497291965538,263,1620
1762360872,0000004000000008,497304602977,4703,1621
1762360872,0000008000000002,497305134317,4671,1622
1762360875,0000004000000008,497332093865,3034,1623
1762360889,0000000200000001,497472910638,4961,1624
1762360890,0000000800000001,497480211395,4530,1625
1762360894,0000000800000008,497518253960,2223,1626
1762360909,0000000400000001,497674040001,3245,1627
1762360945,0000008000000080,498035305573,2284,1628
1762360945,0000000100000001,498036697922,2202,1629
1762360952,0000000100000004,498105960523,3235,1630
1762360966,0000000800000002,498246345692,5179,1631
1762360975,0000000100000008,498332574378,5185,1632
1762360976,0000008000000004,498345488886,4423,1633
1762360984,0000004000000004,498423428053,4920,1634
1762360992,0000008000000080,498498584452,396,1635
1762360998,0000000400000008,498557470733,2042,1636
1762361006,0000000400000002,498639681868,2287,1637
1762361006,0000008000000004,498642022095,2149,1638
1762361022,0000000100000003,498806696658,2621,1639
1762361031,0000008000000080,498892870136,2631,1640
1762361038,0000000100000004,498964966877,3505,1641
1762361041,0000008000000080,498988128954,2105,1642
1762361048,0000000100000001,499064532614,2691,1643
1762361058,0000000400000002,499162607200,1999,1644
1762361078,0000008000000080,499359666268,536,1645
1762361082,0000000400000001,499396970597,3488,1646
1762361095,0000000100000001,499535900635,325,1647
1762361106,0000008000000008,499640556008,4429,1648
1762361109,0000008000000080,499675808258,2288,1649
1762361124,0000008000000080,499825797279,3667,1650
1762361131,0000000100000001,499895885565,4650,1651
1762361161,0000004000000008,500187604455,2656,1652
1762361169,0000000100000001,500268233086,3008,1653
1762361188,0000004000000008,500462902508,1693,1654
1762361221,0000000400000002,500793266315,2583,1655
1762361246,0000000400000004,501043207186,3140,1656
1762361247,0000000800000002,501051959686,2604,1657
1762361256,0000000400000001,501137305784,2661,1658
1762361256,0000000100000003,501140995445,2445,1659
1762361265,0000008000000008,501231575126,2194,1660
1762361281,0000000100000001,501389344967,3095,1661
1762361289,0000000400000080,501468690863,3523,1662
1762361289,0000000100000004,501471668828,3340,1663
1762361291,0000004000000004,501496199978,1862,1664
1762361295,0000000800000001,501528489296,5117,1665
1762361317,0000004000000008,501753429720,1971,1666
1762361317,0000000100000080,501753872584,1943,1667
1762361325,0000008000000002,501831355735,2469,1668
1762361347,0000000800000004,502047435538,5064,1669
1762361352,0000008000000080,502099612006,1923,1670
1762361361,0000000100000001,502188759614,1755,1671
1762361378,0000008000000002,502357717855,1979,1672
1762361390,0000000100000008,502479301962,5056,1673
1762361391,0000000400000080,502493824278,4195,1674
1762361403,0000000800000002,502609759507,2391,1675
1762361412,0000000400000004,502704341548,1904,1676
1762361445,0000000800000080,503033560856,2865,1677
1762361446,0000004000000001,503043405855,2278,1678
1762361484,0000000100000001,503423945771,176,1679
1762361504,0000000100000001,503622604471,3812,1680
1762361535,0000000400000004,503929482713,923,1681
1762361536,0000000100000002,503937706961,431,1682
1762361537,0000008000000004,503948908925,4953,1683
1762361549,0000000400000005,504072630309,2684,1684
1762361550,0000000100000004,504084624199,1976,1685
1762361557,0000000500000001,504152900413,3062,1686
1762361567,0000000800000008,504252202701,2279,1687
1762361568,0000000800000001,504256943718,2001,1688
1762361611,0000000100000001,504688593404,2004,1689
1762361620,0000008000000004,504783950797,1463,1690
1762361622,0000004000000004,504804539878,230,1691
1762361631,0000000400000002,504896193752,5102,1692
1762361642,0000008000000008,505006042383,3694,1693
1762361648,0000004000000002,505063959037,207,1694
1762361649,0000008000000004,505073029320,4857,1695
1762361652,0000000100000004,505100965518,3166,1696
1762361664,0000000100000008,505217662075,1343,1697
1762361685,0000000800000008,505436593712,3766,1698
1762361708,0000004000000080,505658694782,783,1699
1762361719,0000000400000080,505773460579,4284,1700
1762361726,0000000400000002,505838975942,331,1701
1762361727,0000000100000080,505854185364,4618,1702
1762361728,0000000100000001,505858309330,4374,1703
1762361734,0000000100000002,505920639054,611,1704
1762361752,0000000400000001,506099725196,229,1705
1762361771,0000000800000004,506287128153,4546,1706
1762361773,0000000100000002,506306917634,3344,1707
1762361773,0000008000000080,506307945120,3281,1708
1762361773,0000008000000080,506312237697,3016,1709
1762361773,0000000100000001,506314970191,2844,1710
1762361780,0000000400000004,506383603481,3936,1711
1762361784,0000008000000002,506416856517,1922,1712
1762361790,0000000400000080,506480883709,3266,1713
1762361797,0000004000000080,506554019713,4075,1714
1762361799,000000c000000080,506569368404,3134,1715
1762361830,0000004000000001,506883727128,5007,1716
1762361835,0000008000000002,506935876009,1866,1717
1762361836,0000000100000002,506938123063,1732,1718
1762361837,0000000800000080,506956768874,611,1719
1762361841,0000000100000008,506990566463,3780,1720
1762361847,0000000100000003,507054509467,5624,1721
1762361866,0000000400000001,507244177275,4111,1722
1762361887,0000008000000080,507450192156,2089,1723
1762361936,0000008000000004,507944244755,3541,1724
1762361941,0000000400000004,507991400739,700,1725
1762361947,0000000800000001,508054898431,2073,1726
1762361951,0000000100000001,508094545634,4889,1727
1762361971,0000000400000080,508292519321,3364,1728
1762361975,0000008000000004,508327208495,1275,1729
1762361981,0000000800000080,508387245070,2845,1730
1762361987,0000004000000002,508451217155,4219,1731
1762361987,0000008000000008,508454821202,4000,1732
1762361990,0000008000000004,508482158174,2335,1733
1762362001,0000000100000080,508593946762,811,1734
1762362003,0000000100000001,508606901184,5227,1735
1762362049,0000000100000001,509069320676,3381,1736
1762362072,0000008000000080,509303131748,4903,1737
1762362076,0000000800000004,509337579644,2811,1738
1762362086,0000008000000008,509436750165,2051,1739
1762362112,0000004000000008,509699398773,1837,1740
1762362112,0000000800000008,509699904905,1807,1741
1762362118,0000000400000004,509759042646,3446,1742
1762362125,0000000100000001,509834366243,4121,1743
1762362130,0000000800000080,509886038600,997,1744
1762362140,0000000100000001,509978834251,611,1745
1762362143,0000000400000080,510014353384,3674,1746
1762362147,0000004000000001,510049477130,1555,1747
1762362150,0000000100000004,510079634343,4940,1748
1762362161,0000000100000001,510192327456,3351,1749
1762362181,0000000100000001,510387999615,1965,1750
1762362186,0000000100000008,510439196865,4095,1751
1762362190,0000004000000008,510479426246,1662,1752
1762362197,0000000100000001,510551405621,2515,1753
1762362205,0000000100000001,510632741223,2812,1754
1762362212,0000008000000080,510705097017,3676,1755
1762362221,0000004000000008,510794445446,3491,1756
1762362231,0000008000000004,510890880928,2868,1757
1762362231,0000000100000001,510895078303,2615,1758
1762362237,0000008000000004,510956182396,4161,1759
1762362259,0000000200000001,511168095163,1788,1760
1762362276,0000008000000004,511345897172,1479,1761
1762362280,0000000400000001,511378233199,4737,1762
1762362280,0000000800000003,511381433365,4548,1763
1762362282,0000000100000008,511399002790,3482,1764
1762362285,0000004000000080,511436237380,1237,1765
1762362289,0000000100000008,511473161763,4226,1766
1762362295,0000008000000080,511529501148,821,1767
1762362301,0000004000000004,511589046383,2424,1768
1762362304,0000004000000008,511621643857,476,1769
1762362322,0000004000000004,511798247267,243,1770
1762362327,0000004000000004,511850961287,2255,1771
1762362336,0000004000000002,511943544665,1885,1772
1762362352,0000008000000001,512099363939,2889,1773
1762362352,0000004000000008,512105101046,2544,1774
1762362355,0000000400000080,512127887955,1184,1775
1762362357,0000000800000001,512154559847,4783,1776
1762362368,0000000100000080,512257538574,3783,1777
1762362370,0000000500000001,512283754502,2193,1778
1762362408,0000000200000001,512656875580,530,1779
1762362408,0000000100000004,512660849211,293,1780
1762362414,0000004000000002,512717833012,2054,1781
1762362418,0000008000000080,512760094960,4717,1782
1762362424,0000004000000080,512822048865,980,1783
1762362437,0000000100000002,512953586689,3459,1784
1762362440,0000004000000002,512979518678,1895,1785
1762362456,0000000100000008,513139389318,2653,1786
1762362457,0000000100000004,513150473105,1999,1787
1762362459,0000000100000007,513173181428,635,1788
1762362468,0000000400000002,513257235179,772,1789
1762362485,0000000400000001,513428959303,829,1790
1762362507,0000000100000008,513654777235,2816,1791
1762362513,0000008000000080,513711700815,4610,1792
1762362532,0000000100000004,513905988485,3300,1793
1762362535,0000008000000080,513932717423,1691,1794
1762362548,0000000800000001,514063873821,4205,1795
1762362548,0000004000000004,514065140939,4127,1796
1762362550,0000000100000004,514078744307,3296,1797
1762362550,0000000100000001,514083721053,2988,1798
1762362551,0000000800000001,514086763852,2799,1799
1762362552,0000000400000080,514101712173,1913,1800
1762362562,0000000800000008,514204448222,926,1801
1762362599,0000004000000002,514573018977,4736,1802
1762362608,0000000800000002,514657890296,4822,1803
1762362621,0000000400000080,514791871525,1948,1804
1762362656,0000000800000004,515138017378,1903,1805
1762362656,0000008000000080,515146303681,1404,1806
1762362667,0000008000000080,515250777995,317,1807
1762362671,0000000400000002,515287088940,3325,1808
1762362674,0000000400000008,515325634879,1005,1809
1762362677,0000004000000004,515356173953,4377,1810
1762362683,0000000400000001,515412954655,947,1811
1762362685,0000000400000001,515430930002,5062,1812
1762362687,0000000800000002,515454227793,3666,1813
1762362700,0000000100000004,515583117071,1097,1814
1762362728,0000008000000080,515860794753,5172,1815
1762362766,0000000800000001,516245294478,2804,1816
1762362784,0000008000000080,516422778618,2518,1817
1762362789,0000000400000004,516470859092,4838,1818
1762362800,0000000100000004,516579832210,3473,1819
1762362810,0000004000000002,516684371182,2366,1820
1762362818,0000000800000080,516760954095,2954,1821
1762362828,0000008000000001,516865892620,1845,1822
1762362830,0000000400000080,516886447368,609,1823
1762362832,0000000100000001,516898080305,5104,1824
1762362844,0000000100000003,517022694111,2786,1825
1762362847,0000008000000001,517048903780,1221,1826
1762362870,0000000100000002,517281317733,2813,1827
1762362883,0000000800000002,517411966689,165,1828
1762362884,0000004000000004,517417769975,5008,1829
1762362901,0000000100000040,517595412306,4716,1830
1762362906,0000004000000001,517642348814,1883,1831
1762362911,0000004000000001,517689052287,4284,1832
1762362913,0000000100000001,517708208649,3112,1833
1762362923,0000000800000001,517813905457,1951,1834
1762362924,0000000c00000008,517817916307,1712,1835
1762362932,0000004100000008,517904650024,1686,1836
1762362937,0000000400000080,517956367739,3780,1837
1762362949,0000004000000008,518072606488,1971,1838
1762362959,0000000400000001,518169714362,1323,1839
1762362974,0000008000000080,518317035403,2837,1840
1762362993,0000008000000001,518515177077,1318,1841
1762363008,0000008000000080,518656666498,3195,1842
1762363025,0000000100000001,518832379628,3007,1843
1762363027,0000004000000004,518848334831,2052,1844
1762363029,0000000400000080,518870075946,745,1845
1762363043,0000000400000004,519007489551,2855,1846
1762363052,0000000100000008,519096521476,2692,1847
1762363068,0000000800000008,519258265924,3367,1848
1762363077,0000000100000001,519349955214,3037,1849
1762363103,0000000800000002,519612730429,2805,1850
1762363114,0000000900000008,519721246685,1484,1851
1762363143,0000008000000008,520008695463,4972,1852
1762363148,0000008000000002,520066468889,1494,1853
1762363156,0000008000000080,520137715265,2394,1854
1762363164,0000008000000080,520216493465,2845,1855
1762363166,0000000100000080,520236604213,1648,1856
1762363180,0000000400000004,520379071346,3469,1857
1762363199,0000000100000004,520569483408,2384,1858
1762363200,0000000400000002,520579581636,1793,1859
1762363208,0000004000000004,520665576933,1813,1860
1762363216,0000000100000002,520738243794,2622,1861
1762363222,0000004000000001,520798315023,4232,1862
1762363248,0000000900000001,521063599744,3852,1863
1762363250,0000000400000004,521077773003,2981,1864
1762363254,0000004000000080,521120361722,429,1865
1762363259,0000000100000002,521166904574,2808,1866
1762363262,0000008000000080,521200045987,825,1867
1762363262,0000000100000001,521202787078,662,1868
1762363280,0000004000000080,521380865653,343,1869
1762363281,0000004000000004,521393995688,4751,1870
1762363285,0000000100000080,521434594283,2293,1871
1762363292,0000000100000008,521498204801,3676,1872
1762363292,0000008000000080,521504164640,3310,1873
1762363297,0000000100000001,521550408424,529,1874
1762363305,0000000100000080,521627721277,1070,1875
1762363308,0000000100000001,521659074661,4392,1876
1762363311,0000000100000001,521687301640,2665,1877
1762363315,0000008000000008,521731693010,5206,1878
1762363324,0000000400000004,521817988351,5208,1879
1762363349,0000000100000001,522072572337,286,1880
1762363351,0000008000000008,522094129381,4194,1881
1762363353,0000008000000080,522116046102,2847,1882
1762363358,0000000100000001,522164668354,5131,1883
1762363364,0000000100000001,522216647360,2000,1884
1762363375,0000000100000001,522331170584,310,1885
1762363380,0000000100000001,522380779590,2506,1886
1762363410,0000000100000001,522680752889,5248,1887
1762363432,0000000100000008,522901665757,2339,1888
1762363433,0000004000000004,522913360512,1645,1889
1762363435,0000000100000001,522926781104,835,1890
1762363437,0000000800000008,522950616293,4608,1891
1762363437,0000008000000001,522952316996,4508,1892
1762363440,0000000100000001,522977976947,2942,1893
1762363444,0000008000000080,523024315778,168,1894
1762363449,0000008000000082,523072568707,2445,1895
1762363491,0000000400000080,523491781511,3207,1896
1762363496,0000008000000004,523540525896,279,1897
1762363526,0000000400000008,523836634321,3239,1898
1762363530,0000000400000001,523879219899,677,1899
1762363539,0000000400000008,523969067481,469,1900
1762363539,0000000100000001,523971115587,346,1901
1762363544,0000000400000001,524025053977,2285,1902
1762363569,0000008800000002,524270251904,3122,1903
1762363572,000000c000000080,524301549760,1242,1904
1762363575,0000000400000001,524327588835,4876,1905
1762363589,0000008000000080,524475875926,1143,1906
1762363598,0000000100000002,524557563310,1423,1907
1762363600,0000000c00000002,524582866513,5098,1908
1762363605,0000000400000004,524633660609,2038,1909
1762363608,0000000100000001,524657617452,601,1910
1762363613,0000000800000002,524712486820,2483,1911
1762363615,0000000100000008,524734559911,1163,1912
1762363632,0000000800000080,524901073458,1537,1913
1762363632,0000004000000001,524901806090,1493,1914
1762363636,0000000100000080,524940082345,4399,1915
1762363639,0000004000000002,524971838073,2465,1916
1762363653,0000004000000001,525116287817,4187,1917
1762363660,0000008000000001,525180330384,324,1918
1762363708,0000000800000008,525660209273,2604,1919
1762363722,0000000800000004,525801874686,4498,1920
1762363728,0000000100000001,525865418017,662,1921
1762363734,0000000400000008,525922764194,2397,1922
1762363744,0000000400000001,526017013476,1930,1923
1762363746,0000000100000001,526036486133,758,1924
1762363748,0000008000000004,526063743115,4329,1925
1762363758,0000004400000004,526164618975,3442,1926
1762363762,0000000100000001,526197315963,1471,1927
1762363765,0000000100000001,526229311390,4751,1928
1762363769,0000000200000002,526270636400,2249,1929
1762363777,0000008000000080,526354821179,2377,1930
1762363790,0000008000000002,526484246661,4991,1931
1762363800,0000000800000002,526584581632,4161,1932
1762363805,0000000400000080,526627871818,1542,1933
1762363834,0000004000000001,526920913645,4701,1934
1762363839,0000000400000002,526972924447,1562,1935
1762363847,0000004000000002,527048923305,2179,1936
1762363852,0000008000000080,527105016890,4018,1937
1762363862,0000000800000080,527198997811,3550,1938
1762363862,0000000400000004,527199531792,3517,1939
1762363877,0000008000000080,527350328060,4835,1940
1762363903,0000000100000001,527611901590,4687,1941
1762363905,0000000100000002,527627517641,3747,1942
1762363910,0000008000000080,527677581615,726,1943
1762363915,0000000400000002,527727480595,2908,1944
1762363915,0000000100000008,527728691792,2832,1945
1762363916,0000000100000080,527740894486,2108,1946
1762363932,0000008000000080,527905689949,2574,1947
1762363939,0000008000000080,527969549194,3952,1948
1762363940,0000008000000080,527979148005,3363,1949
1762363945,0000000100000001,528034505620,5226,1950
1762363946,0000008000000080,528038110923,5010,1951
1762363954,0000000100000002,528122700485,5116,1952
1762363956,0000000100000002,528140458099,4059,1953
1762363956,0000000800000008,528142101164,3959,1954
1762363958,0000008000000002,528166089320,2494,1955
1762363969,0000004000000001,528275745160,1101,1956
1762363971,0000000800000008,528288753447,324,1957
1762363982,0000008000000001,528401788087,3920,1958
1762363988,000000c000000080,528464338144,162,1959
1762363991,0000000800000004,528495785212,3450,1960
1762364005,0000004000000008,528629281988,612,1961
1762364019,0000000800000002,528771320923,2445,1962
1762364027,0000000100000004,528851107374,2837,1963
1762364054,0000000800000002,529117648632,2389,1964
1762364067,0000004000000004,529247332161,4989,1965
1762364067,0000000200000004,529247531729,4977,1966
1762364085,0000000100000080,529432270156,4263,1967
1762364104,0000004000000008,529622421891,3196,1968
1762364111,0000000100000001,529689058957,4398,1969
1762364127,0000000100000001,529854746045,4811,1970
1762364134,0000004000000002,529917889411,1006,1971
1762364138,0000008000000080,529964526906,3396,1972
1762364148,0000004000000004,530065279085,2516,1973
1762364157,0000000800000005,530148785146,2684,1974
1762364167,0000008000000002,530251538281,1712,1975
1762364185,0000000100000004,530430411160,1338,1976
1762364189,0000004000000008,530471117776,4099,1977
1762364191,0000000100000001,530493233248,2741,1978
1762364208,0000000100000007,530658314557,3211,1979
1762364213,0000008000000080,530715495258,4970,1980
1762364222,0000000100000008,530800025037,5078,1981
1762364226,0000000400000080,530839819042,2668,1982
1762364230,0000000100000001,530885617662,5123,1983
1762364234,0000004000000008,530924278841,2783,1984
1762364248,0000000800000002,531063953913,4790,1985
1762364252,0000004000000002,531097177915,2768,1986
1762364254,0000000800000080,531117910401,1535,1987
1762364275,0000000800000001,531326208392,4600,1988
1762364275,0000000800000001,531330663456,4335,1989
1762364279,0000008000000080,531372499823,1803,1990
1762364285,0000000200000001,531433701477,3316,1991
1762364313,000000c000000008,531711728624,2169,1992
1762364318,0000000800000001,531760868598,4427,1993
1762364347,0000000800000080,532056020450,2233,1994
1762364348,0000000800000008,532057656715,2137,1995
1762364361,0000000100000001,532186469048,4786,1996
1762364364,0000008000000080,532216409752,2972,1997
1762364372,0000004000000080,532299892975,3147,1998
1762364393,0000000800000080,532508470496,991,1999
1762364395,0000000400000004,532535714701,4559,2000
1762364396,0000004000000002,532536810862,4495,2001
1762364407,0000000800000008,532654526483,2580,2002
1762364409,0000008000000080,532666240802,1889,2003
1762364413,0000004000000008,532707501142,4613,2004
1762364431,0000000400000008,532893602391,7610,2005
1762364433,0000000100000002,532913325412,2596,2006
1762364454,0000000800000002,533117597027,707,2007
1762364462,0000000800000080,533199795553,957,2008
1762364466,0000004000000008,533237391478,3901,2009
1762364501,0000008000000080,533588933290,3524,2010
1762364505,000000c000000080,533631166810,977,2011
1762364513,0000008000000008,533712165276,1300,2012
1762364522,0000008000000002,533798324589,1310,2013
1762364530,0000000100000001,533879194800,1641,2014
1762364538,0000008000000008,533956409961,2185,2015
1762364543,0000000400000004,534011888163,4060,2016
1762364556,0000000100000080,534141154009,1465,2017
1762364566,0000000100000080,534244898599,422,2018
1762364608,0000008000000001,534657400003,1575,2019
1762364610,0000008000000004,534679678011,239,2020
1762364622,0000000400000004,534804360688,3118,2021
1762364627,0000000400000004,534850495851,350,2022
1762364628,0000000800000001,534857254677,5135,2023
1762364633,0000000800000002,534914409617,1698,2024
1762364650,0000008000000008,535080860105,2069,2025
1762364652,0000004000000004,535102840512,749,2026
1762364654,0000000800000004,535125972161,4565,2027
1762364655,0000004000000002,535133395362,4120,2028
1762364662,0000000100000003,535198794039,177,2029
1762364666,0000000100000001,535245705903,2532,2030
1762364667,0000004000000004,535247660510,2416,2031
1762364672,0000008000000080,535300498108,4456,2032
1762364680,0000004000000004,535379080408,4913,2033
1762364680,0000004000000002,535385017596,4565,2034
1762364688,0000008000000080,535464239070,4977,2035
1762364693,0000004000000002,535511376061,2141,2036
1762364699,0000000400000080,535574668661,3529,2037
1762364705,0000000800000080,535629775855,221,2038
1762364728,0000004000000002,535857815800,2078,2039
1762364729,0000000100000001,535869278925,1390,2040
1762364736,0000008000000080,535939768432,2336,2041
1762364739,0000000100000003,535967877060,654,2042
1762364743,0000004000000080,536010674185,3274,2043
1762364744,0000000800000002,536017706042,2838,2044
1762364765,0000000100000003,536234170611,221,2045
1762364774,0000000800000080,536317627488,395,2046
1762364797,0000004000000008,536551882721,1881,2047
1762364809,0000000800000004,536669866115,5175,0
1762364832,0000000100000080,536899475247,1748,1
1762364838,0000008000000080,536959664172,3322,2
1762364842,0000000100000004,536998590729,980,3
1762364857,0000000400000004,537149905324,2259,4
1762364868,000000050000008c,537258513065,926,5
1762364869,0000000100000008,537272253395,5294,6
1762364891,0000004000000002,537488045729,2684,7
1762364894,0000000400000001,537516227345,1005,8
1762364895,0000008000000002,537528804458,254,9
1762364899,0000000400000004,537573720197,2726,10
1762364912,0000000100000001,537697022447,520,11
1762364920,0000004000000080,537782573117,567,12
1762364944,0000008000000006,538018254271,1970,13
1762364990,0000008000000002,538478093712,283,14
1762364995,0000000400000002,538533024521,2165,15
1762365004,0000000400000001,538623040433,1947,16
1762365019,0000000100000080,538772405493,3353,17
1762365032,0000000100000004,538905376937,549,18
1762365035,0000000400000002,538929247006,4320,19
1762365036,0000000800000008,538940858736,3614,20
1762365057,0000008000000002,539149649984,1433,21
1762365059,0000000400000080,539168074925,330,22
1762365069,0000008000000002,539275186954,4286,23
1762365076,0000004000000008,539342583725,221,24
1762365084,0000000400000008,539419748771,768,25
1762365091,0000000500000002,539488949418,1800,26
1762365097,0000000100000001,539548362012,3424,27
1762365098,0000000200000002,539557916172,2832,28
1762365099,0000004000000004,539570369105,2094,29
1762365112,0000008000000080,539703880186,4468,30
1762365118,0000000100000080,539758655174,1157,31
1762365124,0000000800000008,539817242469,2815,32
1762365129,0000008000000008,539871951506,4742,33
1762365141,000000010000000b,539987261472,2981,34
1762365190,0000000100000001,540478592962,4609,35
1762365207,0000008000000080,540652089809,4562,36
1762365207,0000000100000004,540653844606,4457,37
1762365210,0000000800000008,540681119210,2787,38
1762365215,0000000800000004,540727721701,5194,39
1762365215,0000008000000080,540732263613,4926,40
1762365223,0000000400000001,540815029871,5136,41
1762365227,0000000400000004,540846931890,3216,42
1762365239,0000000100000001,540966817231,1197,43
1762365241,0000000400000001,540993326452,4806,44
1762365249,0000004000000002,541075958186,5024,45
1762365263,0000008000000001,541210539085,2117,46
1762365271,0000000800000001,541287336766,2678,47
1762365291,0000000100000080,541493190842,699,48
1762365291,0000000800000004,541494408194,626,49
1762365292,0000000800000004,541505843478,5133,50
1762365295,0000000800000008,541534253988,3425,51
1762365326,0000004400000002,541839802542,625,52
1762365334,0000000400000001,541925683684,653,53
1762365343,0000000400000004,542014809962,487,54
1762365348,0000000100000003,542062480645,2797,55
1762365353,0000000100000001,542110954917,5091,56
1762365366,0000008000000002,542241827453,2402,57
1762365368,0000000400000002,542261604659,1220,58
1762365371,0000000800000004,542286025138,4951,59
1762365378,0000004000000080,542356069367,731,60
1762365388,0000000800000002,542458629407,4956,61
1762365389,0000000900000007,542467837854,4413,62
1762365390,0000000800000002,542484864587,3375,63
1762365396,0000008000000080,542539633497,5272,64
1762365409,0000000800000002,542674312457,2356,65
1762365416,0000008000000080,542738237746,3722,66
1762365436,0000000100000002,542936932299,2146,67
1762365448,0000000800000001,543064729671,4857,68
1762365449,0000000100000001,543067534985,4691,69
1762365449,0000000400000002,543068772642,4619,70
1762365454,0000008000000080,543125578752,1188,71
1762365465,0000000400000001,543235773556,4954,72
1762365467,0000008000000002,543247615177,4252,73
1762365477,0000000400000008,543352809028,3101,74
1762365488,0000000800000002,543456622276,2050,75
1762365514,0000000100000001,543724132220,1542,76
1762365524,0000000100000080,543818131381,1081,77
1762365534,0000004000000080,543917371887,310,78
1762365534,0000000800000080,543918837391,224,79
1762365556,0000000800000008,544136048408,2718,80
1762365572,0000000200000003,544301244608,3183,81
1762365574,0000000800000002,544320135016,2046,82
1762365583,0000004000000004,544413909846,1601,83
1762365585,0000004000000080,544435698166,295,84
1762365586,0000000100000004,544436144436,268,85
1762365589,0000000800000002,544474445459,3151,86
1762365592,0000008000000001,544497977509,1738,87
1762365603,0000000800000002,544614040884,5146,88
1762365604,0000004000000002,544619604484,4818,89
1762365612,0000004000000008,544695901167,225,90
1762365616,000000010000000d,544737351167,2910,91
1762365624,0000000100000004,544824945453,2831,92
1762365629,0000000300000001,544873774295,5104,93
1762365643,0000008000000008,545010192276,2086,94
1762365648,0000008000000080,545064343696,4040,95
1762365661,0000000200000001,545186517731,1871,96
1762365672,0000000100000001,545297991581,364,97
1762365675,0000000100000004,545335412416,3304,98
1762365681,0000004800000080,545389273548,5258,99
1762365687,0000000800000002,545449137356,1656,100
1762365704,0000000300000002,545618306219,1867,101
1762365706,0000000100000003,545636367061,780,102
1762365706,0000000400000002,545636477506,773,103
1762365711,0000000100000003,545686784596,2932,104
1762365724,000000c000000080,545818823294,198,105
1762365729,0000004000000001,545874960453,2009,106
1762365759,0000000400000004,546168141617,5152,107
1762365801,0000000800000002,546594362715,292,108
1762365808,0000008000000008,546656548608,1742,109
1762365820,0000000100000001,546782096313,4589,110
1762365829,0000008000000080,546871478996,4409,111
1762365846,0000000100000002,547039873666,4663,112
1762365849,0000000400000080,547067038541,3012,113
1762365862,0000000100000001,547203477477,5199,114
1762365863,0000004000000004,547212461150,4669,115
1762365866,0000000800000080,547238263249,3102,116
1762365899,0000000800000008,547572638813,3777,117
1762365900,0000000400000080,547576749101,3525,118
1762365918,0000000200000004,547756057024,3120,119
1762365919,0000000800000001,547766675210,2473,120
1762365920,0000004000000080,547778438087,1776,121
1762365945,0000000100000002,548028457628,2309,122
1762365947,0000000800000002,548052569016,868,123
1762365951,0000000800000008,548090340875,3800,124
1762365953,0000008000000080,548107835411,2722,125
1762365958,0000004000000001,548162453327,4657,126
1762365980,0000008000000001,548385728765,1604,127
1762365987,0000008000000080,548449372779,2960,128
1762365987,0000000100000001,548449911463,2927,129
1762365989,0000008000000002,548475112475,1419,130
1762365996,0000000100000001,548540130225,2687,131
1762365999,0000000100000001,548574320511,647,132
1762366001,0000000400000001,548590071005,4899,133
1762366005,0000000100000002,548632897666,2309,134
1762366005,0000008000000080,548633072633,2299,135
1762366017,0000000100000002,548754005398,231,136
1762366024,0000004000000080,548820474620,1421,137
1762366034,0000008000000080,548924662316,353,138
1762366048,0000008000000008,549060739521,2539,139
1762366053,0000004000000008,549107567477,4932,140
1762366061,0000000100000001,549186846463,164,141
1762366063,0000008000000004,549212636681,3812,142
1762366078,0000008000000008,549365054090,5023,143
1762366085,0000000100000080,549435475598,785,144
1762366106,0000000100000001,549640612145,4042,145
1762366122,0000004000000004,549805694444,4499,146
1762366123,0000000800000008,549808150346,4352,147
1762366126,0000008000000080,549836560864,2615,148
1762366129,0000000800000003,549873038825,436,149
1762366136,0000000100000004,549943641780,1380,150
1762366137,0000000800000080,549948002359,1118,151
1762366142,0000000800000004,550004788060,2884,152
1762366144,0000008000000004,550018027522,2097,153
1762366144,0000008000000004,550024162822,1732,154
1762366150,0000008000000080,550084809822,3277,155
1762366152,0000000400000002,550095789639,2602,156
1762366155,0000000400000001,550129280452,602,157
1762366177,0000000800000008,550346221862,3131,158
1762366179,0000000800000080,550370085192,1699,159
1762366184,000000800000000a,550424307149,3638,160
1762366185,0000004000000080,550433963155,3044,161
1762366195,0000000800000008,550533758266,2235,162
1762366216,0000004000000008,550736933712,411,163
1762366220,000000c000000080,550783942014,2758,164
1762366224,0000000100000001,550824654985,327,165
1762366226,0000000800000001,550837768058,4738,166
1762366227,000000010000000c,550849740940,4023,167
1762366232,0000000400000002,550903187084,794,168
1762366242,0000000100000001,551004554279,5086,169
1762366277,0000000100000002,551353975248,4848,170
1762366282,0000004000000002,551400827941,2021,171
1762366295,0000000100000001,551528940144,4714,172
1762366299,0000000100000001,551568761628,2301,173
1762366303,0000000800000008,551615116993,4723,174
1762366306,0000000800000080,551636331334,3441,175
1762366307,0000004000000080,551654277725,2350,176
1762366311,0000000400000001,551689225809,260,177
1762366321,0000000100000001,551787633580,4734,178
1762366321,0000000100000001,551792283171,4459,179
1762366372,0000000400000001,552304993623,4776,180
1762366378,0000000100000002,552364967962,1158,181
1762366393,0000000100000002,552514029619,2569,182
1762366394,0000004000000080,552522530723,2067,183
1762366402,0000000100000001,552597934983,2711,184
1762366415,0000000800000008,552735477541,4848,185
1762366422,0000000400000080,552799237287,1006,186
1762366422,0000000100000008,552801051372,897,187
1762366422,0000000400000004,552803783942,733,188
1762366441,0000004000000080,552986962480,5294,189
1762366446,0000000800000001,553041901465,1989,190
1762366449,0000000400000004,553071376670,224,191
1762366450,0000000400000004,553080134871,4891,192
1762366465,0000000100000001,553234889719,769,193
1762366466,0000000400000004,553238090071,579,194
1762366466,0000000800000001,553240861511,414,195
1762366476,0000004000000080,553337371158,4999,196
1762366481,0000000100000001,553390624252,1790,197
1762366486,0000000800000001,553437167497,4198,198
1762366496,0000004000000080,553537708268,3331,199
1762366507,0000008000000080,553652178851,1639,200
1762366513,0000000800000002,553713414453,3147,201
1762366513,0000000400000008,553714176551,3098,202
1762366519,0000008000000008,553770312731,4925,203
1762366522,0000000400000001,553804838777,2829,204
1762366524,0000004000000080,553819398013,1966,205
1762366557,0000000100000001,554155125701,2536,206
1762366560,0000008000000001,554185248327,737,207
1762366588,0000000800000004,554459149005,5038,208
1762366603,0000000400000080,554606728620,1352,209
1762366605,0000000400000004,554629310462,5189,210
1762366606,0000008000000008,554639591516,4582,211
1762366618,0000008800000004,554758155615,2617,212
1762366626,0000004000000001,554844893149,2594,213
1762366649,0000000400000001,555071137458,4592,214
1762366649,0000000400000001,555071646482,4562,215
1762366676,0000008000000001,555337298956,4166,216
1762366725,0000000800000008,555826545279,691,217
1762366732,0000000100000008,555903080704,1280,218
1762366739,0000004000000008,555971416149,2355,219
1762366769,0000000400000001,556270440641,5153,220
1762366771,0000000100000001,556290084673,3984,221
1762366797,0000004000000008,556550675816,3889,222
1762366800,0000000800000004,556577555059,2255,223
1762366814,0000004000000004,556717368515,4253,224
1762366821,0000000100000001,556788463743,5157,225
1762366824,0000008000000004,556824778168,2961,226
1762366835,0000008000000080,556926408037,2049,227
1762366849,0000000400000002,557068292020,3916,228
1762366862,0000000100000001,557202686814,1014,229
1762366869,0000004000000008,557267546664,2299,230
1762366873,0000000200000001,557311073797,4887,231
1762366883,0000000800000004,557408926922,4205,232
1762366899,0000008000000080,557568097268,5006,233
1762366904,0000000100000002,557618754818,1954,234
1762366908,0000008000000008,557659505520,4709,235
1762366916,0000004000000008,557738406429,5148,236
1762366916,0000000400000002,557743032984,4875,237
1762366951,0000000100000001,558094087584,4540,238
1762366952,0000000100000008,558103794941,3955,239
1762366957,0000008000000080,558155368904,840,240
1762366968,0000008000000002,558263834388,4714,241
1762366968,0000008000000080,558264035121,4701,242
1762366976,0000000100000003,558339849390,5325,243
1762367010,000000c000000080,558677548475,595,244
1762367019,0000008000000080,558766427476,444,245
1762367035,0000000100000001,558932632089,830,246
1762367038,0000000100000001,558957143117,4564,247
1762367040,0000000400000001,558978984330,3235,248
1762367040,0000000100000004,558985061259,2859,249
1762367047,0000008000000008,559054084888,3925,250
1762367058,0000000100000001,559163408868,2519,251
1762367075,0000000400000002,559327336630,3051,252
1762367076,0000000200000008,559341393176,2207,253
1762367084,0000000800000080,559422944472,2489,254
1762367087,0000000800000080,559451705652,769,255
1762367102,0000000100000080,559605327721,1917,256
1762367115,0000000100000004,559726372498,5027,257
1762367124,0000000800000004,559817978036,4718,258
1762367140,000000c000000080,559979005298,220,259
1762367159,0000000400000001,560167768691,4457,260
1762367167,0000004000000002,560248950294,4761,261
1762367182,0000000800000008,560398158016,971,262
1762367183,0000008000000080,560413993398,5214,263
1762367212,0000000400000080,560697215862,3767,264
1762367219,0000004000000004,560769782145,4598,265
1762367221,0000000200000003,560794958982,3067,266
1762367235,0000004000000008,560933259185,5143,267
1762367245,0000000400000002,561027053302,4702,268
1762367260,0000000500000001,561184127499,441,269
1762367264,0000000100000080,561223057174,3291,270
1762367267,0000004000000008,561253304605,1470,271
1762367268,0000008000000080,561264914082,772,272
1762367290,0000000800000002,561482579325,3260,273
1762367295,0000000800000002,561535159459,5291,274
1762367309,0000000100000003,561667074254,2540,275
1762367315,0000008000000001,561735141745,3658,276
1762367316,0000000100000080,561737177159,3535,277
1762367345,0000000100000001,562026685349,1695,278
1762367366,0000000100000080,562244888427,4166,279
1762367368,000000c000000080,562259817735,3253,280
1762367390,0000000100000002,562483824315,172,281
1762367395,0000000100000002,562533521719,2362,282
1762367415,0000008000000080,562733259110,743,283
1762367445,0000000100000003,563029335893,3717,284
1762367473,0000008000000004,563315417810,2079,285
1762367485,0000000400000001,563430743531,343,286
1762367485,0000000100000001,563433285045,192,287
1762367489,0000008000000080,563470395946,3145,288
1762367499,0000000400000002,563570923347,2286,289
1762367504,0000008000000002,563617979678,4669,290
1762367507,0000004000000080,563650204944,2704,291
1762367508,0000000100000080,563664529845,1857,292
1762367515,0000000400000080,563727635925,3255,293
1762367515,0000008000000080,563730642538,3071,294
1762367522,0000000400000008,563797426604,4267,295
1762367546,000000c000000080,564043104746,5058,296
1762367599,0000004000000004,564569522571,4565,297
1762367605,0000000400000008,564632334640,773,298
1762367607,0000004000000002,564651128053,4844,299
1762367618,0000000100000010,564763839042,3251,300
1762367621,0000000800000001,564790248199,1663,301
1762367625,0000004000000004,564826226903,4702,302
1762367639,000000c000000080,564971985006,1118,303
1762367646,0000004000000004,565037221372,2378,304
1762367659,0000008000000004,565174238985,4548,305
1762367670,000000c000000080,565281218966,3293,306
1762367671,0000000100000008,565291280042,2673,307
1762367680,0000000400000001,565384651537,2259,308
1762367683,0000000100000001,565414480585,473,309
1762367687,0000000100000002,565452767595,3363,310
1762367692,0000008000000080,565505240165,210,311
1762367697,0000000800000004,565548417767,2787,312
1762367697,0000008000000080,565550360784,2669,313
1762367702,0000004000000002,565603224964,4709,314
1762367711,0000008000000008,565694220951,4434,315
1762367712,0000000800000080,565697915919,4212,316
1762367715,0000008000000004,565726376747,2474,317
1762367720,0000000100000001,565775616133,4726,318
1762367749,0000000100000004,566065781655,2829,319
1762367749,0000008000000080,566066096011,2809,320
1762367768,0000000100000080,566265113043,1240,321
1762367769,0000000100000080,566271089030,881,322
1762367771,0000008000000001,566287976809,5062,323
1762367776,0000004000000001,566337214119,2095,324
1762367779,0000000400000001,566375313070,5004,325
1762367791,0000000100000003,566486926002,3484,326
1762367795,0000000800000008,566534690999,609,327
1762367813,0000000800000004,566711694668,352,328
1762367818,0000004000000008,566757019073,2801,329
1762367825,0000000800000080,566832530693,3471,330
1762367833,0000000100000001,566909273113,4058,331
1762367842,0000000800000080,566999889100,3798,332
1762367868,0000000400000080,567260364093,3710,333
1762367873,0000000400000008,567315040036,415,334
1762367874,0000004000000002,567319015476,179,335
1762367878,0000000100000003,567361592117,2789,336
1762367914,0000004000000004,567718446377,2112,337
1762367930,0000000800000008,567878954169,2833,338
1762367938,0000000100000002,567960705672,3122,339
1762367953,0000000100000002,568110179861,4536,340
1762367977,0000008000000080,568354377845,225,341
1762367984,0000004000000002,568418087830,1581,342
1762367998,0000008000000080,568555856198,3690,343
1762367999,0000000400000008,568567140204,2996,344
1762368001,0000000500000004,568592941559,1449,345
1762368002,0000008000000002,568596414865,1241,346
1762368021,000000c000000080,568794028494,4940,347
1762368024,0000000100000080,568822114557,3246,348
1762368028,0000004000000001,568855891554,1214,349
1762368051,000000c000000080,569086321033,2926,350
1762368054,0000008000000080,569119457451,943,351
1762368086,0000000300000001,569436697353,2621,352
1762368098,0000008000000080,569562785006,250,353
1762368123,0000004000000080,569811160945,886,354
1762368130,0000000100000001,569883726606,1715,355
1762368137,0000008000000080,569946097886,3155,356
1762368184,0000000100000001,570422845954,452,357
1762368247,0000000100000001,571050583267,4254,358
1762368266,0000000100000003,571235770750,3492,359
1762368271,0000000100000004,571291050755,168,360
1762368315,0000008000000008,571727944179,5048,361
1762368318,0000000100000001,571762667009,2947,362
1762368330,0000000800000002,571878347728,1190,363
1762368341,0000000400000001,571992654095,4714,364
1762368353,0000000800000001,572114586925,2550,365
1762368356,0000000400000008,572143039123,852,366
1762368357,0000008000000080,572147513233,584,367
1762368374,0000000200000008,572323868564,365,368
1762368375,0000008000000001,572328871369,5255,369
1762368383,0000000100000008,572410473750,350,370
1762368384,0000000100000001,572419588084,4995,371
1762368421,0000004000000080,572794818810,3196,372
1762368440,0000000100000001,572977435040,2585,373
1762368444,0000008000000002,573020785497,5186,374
1762368446,0000000100000001,573045067483,3733,375
1762368466,0000000400000001,573236123668,2605,376
1762368487,0000008100000001,573449388016,184,377
1762368508,0000000400000002,573664229697,2823,378
1762368515,0000000800000001,573727346228,4250,379
1762368518,0000008000000080,573759176765,2313,380
1762368518,0000000400000002,573760119778,2257,381
1762368522,0000004000000004,573802116639,4936,382
1762368523,0000000800000001,573807226465,4636,383
1762368542,0000000400000080,574001516548,3326,384
1762368554,0000000400000008,574117750486,1527,385
1762368558,0000000800000001,574161991957,4073,386
1762368590,0000000400000080,574477133880,685,387
1762368599,0000000400000008,574565371419,572,388
1762368604,0000000800000002,574616238354,2688,389
1762368610,0000004000000001,574676142908,4310,390
1762368657,0000008000000080,575155008497,1458,391
1762368682,0000000800000001,575395775634,2545,392
1762368690,0000000400000002,575478898733,2735,393
1762368697,0000000200000002,575546826070,3871,394
1762368702,0000000100000001,575598175375,771,395
1762368703,0000000200000004,575608282777,168,396
1762368703,0000000800000008,575613387921,5052,397
1762368704,0000000100000008,575622609868,4509,398
1762368705,0000008000000001,575630176165,4053,399
1762368724,0000000800000008,575825130600,2684,400
1762368725,0000008000000080,575826055069,2630,401
1762368735,0000000100000006,575934279345,1328,402
1762368740,0000000800000008,575981187128,3708,403
1762368744,0000000100000002,576019395722,1401,404
1762368754,0000000100000001,576118911168,611,405
1762368761,0000008000000003,576188817156,1599,406
1762368769,0000000800000001,576273195000,1718,407
1762368780,0000000100000001,576383145934,301,408
1762368788,0000000400000004,576464839459,578,409
1762368809,0000004000000001,576668732005,3906,410
1762368831,0000000100000001,576887720556,1107,411
1762368831,0000000100000001,576890100799,966,412
1762368864,0000008000000004,577224131687,1648,413
1762368868,0000004000000002,577262161491,4567,414
1762368885,0000000800000080,577425200353,5136,415
1762368894,0000008000000008,577515562084,4900,416
1762368895,0000000400000080,577528215240,4146,417
1762368898,0000000800000002,577557449054,2365,418
1762368900,0000004000000004,577582944275,840,419
1762368919,0000000800000001,577767372204,5327,420
1762368923,0000000100000001,577810291078,2730,421
1762368938,0000008000000004,577959704258,4161,422
1762368959,0000000800000008,578169398353,1919,423
1762368964,0000000400000080,578221033362,4022,424
1762368975,0000000800000001,578333579214,2422,425
1762368995,0000008000000004,578532853316,833,426
1762369000,0000000100000008,578576740763,3389,427
1762369002,0000000100000001,578597141220,2156,428
1762369002,0000008000000080,578598846647,2055,429
1762369007,0000000100000001,578645796846,4441,430
1762369013,0000008000000080,578711415225,483,431
1762369015,0000008000000080,578725710429,4822,432
1762369019,0000000800000002,578768429686,2238,433
1762369024,0000000400000080,578825020671,4048,434
1762369029,0000000100000001,578867229928,1495,435
1762369035,000000c000000080,578928855485,2974,436
1762369038,0000004000000002,578960782070,1061,437
1762369045,0000000800000008,579027656770,2225,438
1762369054,0000008000000004,579120899141,1818,439
1762369070,0000008000000080,579283487525,2415,440
1762369075,0000000100000080,579330791772,4781,441
1762369092,0000000100000001,579496014842,5223,442
1762369104,0000000100000040,579620495814,2920,443
1762369107,0000000100000080,579646212854,1381,444
1762369121,0000000800000001,579789980647,3118,445
1762369123,0000008000000001,579810517513,1885,446
1762369129,0000000400000080,579872554771,3350,447
1762369130,0000008000000080,579883234584,2690,448
1762369186,0000000100000002,580437802215,512,449
1762369190,0000000400000080,580483995243,2916,450
1762369201,0000000400000001,580589692202,1762,451
1762369205,0000000800000008,580626358331,4759,452
1762369206,0000000800000008,580638653651,4023,453
1762369211,0000000800000008,580691841736,811,454
1762369226,0000000400000001,580838423669,2373,455
1762369260,0000008000000080,581180164658,2585,456
1762369280,0000000800000080,581376467112,1178,457
1762369299,0000008000000080,581569214521,5169,458
1762369304,0000008000000080,581623036779,1928,459
1762369311,0000000400000001,581694434610,2816,460
1762369337,0000008000000080,581951609312,2931,461
1762369354,0000000100000002,582124319177,2930,462
1762369373,0000004000000008,582307387586,2307,463
1762369419,0000004000000080,582772327198,321,464
1762369433,0000008000000080,582911898769,2301,465
1762369437,0000008000000080,582949777102,5225,466
1762369437,0000000100000001,582953596559,4998,467
1762369448,0000000100000080,583063644302,3574,468
1762369492,0000008000000080,583495914186,3541,469
1762369494,0000008000000001,583519252724,2129,470
1762369510,0000000800000002,583680902247,2782,471
1762369526,0000000800000080,583840067242,3616,472
1762369531,0000000400000008,583892221450,476,473
1762369537,0000000800000004,583951292723,2110,474
1762369541,0000000100000001,583987739882,5117,475
1762369542,0000004000000001,583999886790,4399,476
1762369549,0000008000000008,584068870817,233,477
1762369558,0000000100000002,584161140914,5073,478
1762369589,0000008000000004,584466796163,2261,479
1762369596,0000000100000003,584537745842,3192,480
1762369596,0000008000000080,584542837053,2877,481
1762369608,0000000400000001,584660442115,1006,482
1762369614,0000000100000004,584722261732,2471,483
1762369628,0000000100000001,584860411864,4572,484
1762369629,0000000800000001,584870645560,3956,485
1762369639,0000008000000008,584974293916,2894,486
1762369652,0000004000000001,585098766684,611,487
1762369656,0000000400000008,585143814643,3091,488
1762369658,0000004000000001,585161148130,2050,489
1762369665,0000000800000004,585230753307,3054,490
1762369667,0000008000000004,585248036854,2017,491
1762369690,0000000100000001,585477183057,3826,492
1762369695,0000000800000008,585527503623,790,493
1762369698,0000008000000008,585557513739,4193,494
1762369706,0000000400000004,585640827044,4376,495
1762369722,0000004000000080,585803542582,4964,496
1762369724,0000000100000001,585817360044,4144,497
1762369730,0000000100000004,585877493782,513,498
1762369735,0000000100000003,585929891605,2542,499
1762369751,0000004000000008,586087847668,6888,500
1762369760,0000000400000008,586182796780,2913,501
1762369765,0000000100000002,586233942701,5043,502
1762369768,0000000100000004,586262017277,3353,503
1762369785,0000008000000080,586434287969,3378,504
1762369791,0000008000000080,586485714527,288,505
1762369794,0000000800000080,586522608845,3256,506
1762369796,0000008000000080,586539690039,2226,507
1762369807,000000c000000080,586654760868,505,508
1762369833,0000000400000008,586905834683,981,509
1762369833,0000000400000004,586909698472,748,510
1762369833,0000000800000008,586913474510,524,511
1762369873,0000008000000001,587309825407,2635,512
1762369875,0000000100000004,587333861566,1203,513
1762369880,0000000400000080,587375035808,3934,514
1762369886,0000000100000002,587440003269,5207,515
1762369889,0000000100000004,587469918738,3409,516
1762369891,0000000800000008,587490850504,2145,517
1762369911,0000000100000004,587688458451,649,518
1762369912,0000000800000004,587699115597,5203,519
1762369919,0000004000000080,587772934783,760,520
1762369920,0000000100000002,587778305104,441,521
1762369923,0000004000000080,587805384934,4017,522
1762369933,0000008000000080,587913905116,2652,523
1762369936,0000000100000080,587935488403,1370,524
1762369939,0000004000000008,587971210615,4431,525
1762369939,0000000800000001,587974748361,4219,526
1762369950,0000004000000080,588081879153,2944,527
1762369980,0000004000000002,588383700145,383,528
1762369996,0000000100000080,588544364949,1102,529
1762370008,0000000400000080,588661414252,4464,530
1762370014,0000000100000001,588723020363,743,531
1762370020,0000008000000080,588774829808,2807,532
1762370034,0000000400000001,588917446812,4642,533
1762370068,0000008000000080,589260677209,4768,534
1762370091,0000000800000080,589492192054,1220,535
1762370115,0000000400000001,589732684944,2328,536
1762370140,0000000400000001,589980061872,3034,537
1762370142,0000000800000001,589997400714,1993,538
1762370152,000000c000000080,590101702845,914,539
1762370168,0000000100000001,590257193674,1947,540
1762370171,0000008000000080,590285828424,231,541
1762370193,0000000100000008,590510616327,2280,542
1762370253,000000c000000080,591110015189,2575,543
1762370276,0000008000000008,591336854392,4538,544
1762370290,0000008000000080,591481682892,1006,545
1762370323,0000008000000080,591807459484,2180,546
1762370327,0000008800000008,591849122240,4880,547
1762370347,0000000800000080,592048454691,3270,548
1762370356,0000000400000008,592139528489,2981,549
1762370365,0000004100000008,592234488111,2459,550
1762370371,0000000100000080,592286738689,4533,551
1762370398,0000000800000008,592557314303,3835,552
1762370410,0000000800000004,592678259767,1743,553
1762370430,0000000100000001,592878284364,5293,554
1762370431,0000008000000008,592892095460,4477,555
1762370439,0000000500000001,592967486815,5122,556
1762370447,0000000100000001,593048675271,241,557
1762370451,0000000100000003,593090894744,2881,558
1762370457,0000000100000001,593151523225,4453,559
1762370478,0000008000000008,593364503213,2013,560
1762370483,0000000100000002,593408029742,4603,561
1762370491,0000000400000088,593493577894,4649,562
1762370492,0000004000000002,593498017314,4387,563
1762370503,0000000100000001,593612380271,2671,564
1762370508,0000000100000001,593657474371,5169,565
1762370517,0000004000000004,593749531833,4832,566
1762370534,0000000800000004,593918091711,5074,567
1762370535,0000008000000004,593932107607,4244,568
1762370547,0000000100000003,594047555274,2469,569
1762370551,0000008000000004,594089569254,5145,570
1762370551,0000000100000001,594093901375,4890,571
1762370579,0000004000000004,594366235053,4098,572
1762370607,0000000800000080,594651377441,2503,573
1762370629,0000000800000008,594865690490,5207,574
1762370631,0000000800000080,594894188588,3495,575
1762370633,0000000200000001,594913279051,2333,576
1762370650,0000000800000002,595077696602,2825,577
1762370689,0000000400000002,595471184592,5140,578
1762370702,0000000100000008,595600317938,2555,579
1762370705,0000000100000001,595625913167,1025,580
1762370736,0000000400000002,595940617121,2858,581
1762370737,0000000400000001,595945840259,2545,582
1762370737,0000008000000002,595946632725,2498,583
1762370742,0000008000000008,595997730815,4642,584
1762370757,0000000100000001,596151414703,579,585
1762370776,0000000800000001,596336184549,5047,586
1762370821,0000000400000080,596789975188,3726,587
1762370890,0000000100000080,597477378474,3933,588
1762370895,0000000100000001,597529105878,809,589
1762370903,0000004000000080,597613572652,921,590
1762370904,0000004000000080,597616830625,726,591
1762370904,0000008000000080,597619606490,561,592
1762370907,0000000100000080,597649243499,3982,593
1762370912,0000000100000001,597703327814,716,594
1762370933,000000010000000c,597914490046,3602,595
1762370948,0000000800000080,598063112833,5046,596
1762370956,0000000100000002,598136099501,654,597
1762370976,0000000100000002,598340160212,3973,598
1762370988,0000008000000080,598458044542,2060,599
1762371005,0000008000000080,598626473901,2310,600
1762371005,0000000800000004,598630305837,2085,601
1762371023,0000008000000002,598809002756,1728,602
1762371027,0000008000000002,598852373828,4328,603
1762371029,000000c000000001,598868313567,3355,604
1762371041,000000c000000080,598988816173,1297,605
1762371042,0000000400000008,598997973190,748,606
1762371050,0000000100000080,599083697494,785,607
1762371051,0000000800000001,599088844440,478,608
1762371055,0000000200000008,599131953244,3073,609
1762371107,0000000100000004,599648677048,3156,610
1762371113,0000004000000004,599706391921,4885,611
1762371140,0000000400000002,599982827555,3843,612
1762371142,0000004000000080,599995971560,3037,613
1762371149,000000c000000080,600065841765,4046,614
1762371152,0000000400000008,600095534377,2240,615
1762371154,0000000400000001,600118787881,848,616
1762371156,0000000100000001,600137486191,4923,617
1762371157,0000000800000001,600147028482,4358,618
1762371158,0000008000000080,600161965212,3448,619
1762371159,000000c000000080,600171794121,2841,620
1762371169,0000004000000008,600267869290,2261,621
1762371180,0000008000000080,600382541437,566,622
1762371196,0000000100000080,600540724819,1437,623
1762371212,0000008000000080,600700286871,2221,624
1762371215,0000008000000080,600725150361,730,625
1762371221,0000008000000080,600788119110,2133,626
1762371221,0000000400000008,600792254169,1887,627
1762371221,0000004000000001,600793264839,1828,628
1762371232,0000000100000004,600896286273,824,629
1762371233,0000008000000004,600912597748,5041,630
1762371233,0000000800000001,600912782717,5029,631
1762371243,0000000100000004,601013077429,4202,632
1762371247,0000000100000004,601052522749,1813,633
1762371248,0000000800000080,601061713079,1260,634
1762371249,0000008000000008,601069698878,780,635
1762371252,0000000100000080,601100993774,4106,636
1762371256,0000008000000002,601138275216,1849,637
1762371271,0000000100000001,601288868032,3177,638
1762371285,0000004000000001,601428762680,5154,639
1762371294,0000000100000001,601515452928,5133,640
1762371302,000000c000000080,601595498639,320,641
1762371303,0000000100000001,601610884665,4597,642
1762371314,0000008000000080,601721287415,3135,643
1762371320,0000000400000002,601779078940,4861,644
1762371323,0000000800000008,601810462313,2959,645
1762371327,0000000400000004,601846708958,786,646
1762371355,0000004000000008,602131684208,4434,647
1762371359,0000008000000080,602171030918,2051,648
1762371371,0000000100000001,602284992431,396,649
1762371371,0000000800000008,602288242078,202,650
1762371375,0000000100000004,602329213384,2917,651
1762371380,0000000800000008,602377455974,5217,652
1762371380,0000004000000080,602377890300,5193,653
1762371381,0000004000000080,602387430576,4629,654
1762371384,0000000800000004,602421428980,2559,655
1762371385,0000004000000004,602425197397,2337,656
1762371387,0000000800000002,602446630200,1056,657
1762371390,0000008000000008,602477103222,4433,658
1762371409,0000000100000001,602666127295,3438,659
1762371420,0000000800000080,602783207365,1586,660
1762371428,0000008000000080,602854992994,2452,661
1762371436,0000008000000080,602939847401,2541,662
1762371446,0000004000000004,603037963619,1843,663
1762371448,0000000100000001,603059610156,543,664
1762371479,0000008000000080,603364609476,2963,665
1762371496,0000000800000001,603543997833,2555,666
1762371510,0000008000000008,603679359589,4820,667
1762371512,0000008000000080,603703613624,3355,668
1762371514,0000000100000001,603716758818,2551,669
1762371516,0000008000000001,603736546776,1372,670
1762371518,0000000800000001,603759760267,5171,671
1762371522,0000000600000004,603802612777,2580,672
1762371540,0000008000000002,603981531733,2212,673
1762371550,0000008000000008,604081127037,1420,674
1762371564,0000008000000080,604223240314,3260,675
1762371570,0000008000000080,604284084659,4802,676
1762371572,0000000100000003,604300119359,3840,677
1762371583,000000c000000002,604410848103,2355,678
1762371583,0000000100000001,604413139142,2218,679
1762371590,0000000100000003,604481155143,3328,680
1762371599,0000000100000008,604566846703,3368,681
1762371602,0000004000000004,604598881303,1439,682
1762371622,0000000800000002,604802695790,4769,683
1762371660,0000004000000080,605183588051,2612,684
1762371664,0000000200000004,605219806907,449,685
1762371702,0000000100000003,605602978333,3368,686
1762371705,0000008000000080,605626759835,1928,687
1762371711,0000000400000080,605688225865,3437,688
1762371721,0000000800000001,605793187991,2304,689
1762371726,0000000100000001,605841444741,4615,690
1762371734,0000000400000004,605920743704,5031,691
1762371749,0000004000000008,606064717376,1561,692
1762371761,0000008000000080,606185209255,4712,693
1762371761,0000008000000080,606189341549,4467,694
1762371769,0000000800000004,606267715561,4937,695
1762371775,0000008000000080,606326520489,1395,696
1762371788,0000000400000080,606462354750,3618,697
1762371790,0000000800000001,606481728386,2436,698
1762371791,0000004000000001,606486978746,2127,699
1762371792,0000000100000004,606498714429,1424,700
1762371794,0000000400000080,606517211976,316,701
1762371795,0000000800000001,606533798447,4522,702
1762371805,0000004000000001,606625483696,4203,703
1762371818,0000008000000004,606757461761,1442,704
1762371820,0000004000000001,606784113339,5035,705
1762371829,0000000100000080,606873552963,4853,706
1762371830,0000000300000001,606874799935,4780,707
1762371837,0000000800000008,606944889071,557,708
1762371838,0000000100000001,606954730543,5158,709
1762371842,0000000400000008,606997674210,2563,710
1762371854,0000000100000002,607123479631,206,711
1762371902,0000004000000008,607599519761,2713,712
1762371903,0000004000000004,607610229338,2081,713
1762371927,0000008000000080,607854068549,2993,714
1762371928,0000000100000001,607863996851,2393,715
1762371937,0000000100000002,607949396855,2449,716
1762371947,0000000c00000004,608044923116,1904,717
1762371951,0000004000000008,608090006363,4404,718
1762371956,0000008000000080,608143756474,1153,719
1762371968,0000000800000002,608258924961,4626,720
1762371980,0000000100000001,608376767665,2704,721
1762371983,0000004000000040,608409839080,1461,722
1762371984,0000008000000080,608419857201,5320,723
1762372019,0000000400000002,608768502799,5127,724
1762372046,0000004000000008,609036268985,4613,725
1762372051,0000000100000004,609086034671,1607,726
1762372067,0000004000000004,609250510152,2097,727
1762372074,0000004000000080,609322859301,2934,728
1762372079,0000000400000001,609367523619,260,729
1762372094,0000008000000004,609514892461,1779,730
1762372097,0000000100000001,609546940460,5041,731
1762372149,0000004000000008,610065749599,5004,732
1762372165,0000000800000080,610225205525,604,733
1762372167,0000004000000008,610245044839,4615,734
1762372172,0000008000000008,610296667588,1498,735
1762372180,0000008000000080,610380311012,1660,736
1762372189,0000008000000002,610469293783,1501,737
1762372195,0000000400000004,610533642763,2811,738
1762372204,000000c000000080,610619119300,2865,739
1762372226,0000000100000001,610841719202,5071,740
1762372228,0000008000000080,610859246003,4027,741
1762372239,0000000800000002,610968123253,2645,742
1762372242,0000000800000002,610997244914,908,743
1762372290,0000000400000008,611476349602,3250,744
1762372293,0000000800000008,611512127398,1098,745
1762372300,0000008000000002,611583250260,2012,746
1762372302,0000000800000001,611597061225,1182,747
1762372302,0000000100000080,611597522443,1154,748
1762372309,0000008000000080,611665021627,2282,749
1762372312,0000000400000004,611694945715,492,750
1762372318,0000004000000004,611755662145,2028,751
1762372333,0000000100000001,611911872451,3017,752
1762372333,0000000100000001,611912672490,2966,753
1762372341,0000004000000080,611984960166,3830,754
1762372386,0000000100000003,612442805974,2242,755
1762372394,0000004000000002,612517890121,2917,756
1762372406,0000000100000008,612641727261,671,757
1762372419,0000008000000080,612773818463,3109,758
1762372435,0000000800000004,612929105346,4174,759
1762372444,0000008000000080,613020462285,3870,760
1762372451,0000008000000080,613091993162,4758,761
1762372455,0000000100000080,613131610092,2356,762
1762372460,0000000800000001,613178773250,4733,763
1762372474,0000000400000080,613317839581,1551,764
1762372484,000000c000000080,613420586443,566,765
1762372489,0000000400000002,613473772876,2547,766
1762372491,0000008000000080,613484384129,1919,767
1762372507,0000008000000001,613653309362,2144,768
1762372557,0000000400000008,614144428208,3778,769
1762372570,0000000100000001,614282089664,682,770
1762372606,0000000100000008,614634411578,269,771
1762372613,0000000800000080,614708564388,997,772
1762372618,0000000100000001,614756111842,3332,773
1762372626,0000004000000001,614842936720,3302,774
1762372644,0000000100000001,615015774997,3293,775
1762372645,0000008000000080,615025566966,2689,776
1762372649,0000000400000002,615066526679,245,777
1762372663,000000c000000080,615205542931,2258,778
1762372667,0000000100000001,615246813986,4981,779
1762372672,0000004000000080,615294663642,2095,780
1762372678,0000000800000002,615356198378,3597,781
1762372686,0000008000000080,615438914116,3820,782
1762372697,0000000800000001,615547512878,2461,783
1762372704,0000000100000001,615621432346,3219,784
1762372717,0000000100000004,615748737377,754,785
1762372728,0000004000000001,615863944993,4228,786
1762372732,000000040000000c,615894796376,2348,787
1762372740,0000008000000080,615979917931,2422,788
1762372743,0000008000000080,616004352080,959,789
1762372747,0000000400000008,616048680300,3492,790
1762372762,0000004000000008,616198632537,4862,791
1762372786,0000004000000001,616434615636,1048,792
1762372792,0000000800000080,616501074320,2238,793
1762372821,0000000100000004,616793685998,229,794
1762372824,0000000400000004,616821291208,3767,795
1762372828,0000008000000080,616862107562,1301,796
1762372829,0000008000000080,616866687260,1027,797
1762372838,0000000400000080,616954696776,926,798
1762372840,0000000100000001,616975066278,4901,799
1762372846,0000000400000008,617041593364,894,800
1762372853,0000000400000001,617104923595,2271,801
1762372853,0000000200000001,617108837523,2041,802
1762372870,0000000400000008,617275773342,2379,803
1762372875,0000008000000080,617332161351,4205,804
1762372881,0000008000000080,617385389803,989,805
1762372881,0000008000000080,617393679838,493,806
1762372888,0000004000000080,617458825373,1765,807
1762372889,0000000100000002,617464189062,1442,808
1762372893,0000004000000001,617507757701,4030,809
1762372894,0000000100000002,617522022508,3157,810
1762372900,0000000100000001,617577934367,4992,811
1762372907,0000008000000080,617651249563,581,812
1762372912,0000000800000008,617696206966,3064,813
1762372933,0000000100000080,617904183196,945,814
1762372936,0000004000000080,617940689752,3957,815
1762372951,0000000400000004,618088324612,260,816
1762373000,0000000200000002,618574770131,2155,817
1762373014,0000000100000002,618720239029,3806,818
1762373016,0000008000000001,618736993470,2773,819
1762373021,0000000100000001,618788488274,4891,820
1762373036,0000008000000080,618941801366,855,821
1762373043,0000008000000002,619012615004,1790,822
1762373051,0000000800000080,619094043867,2084,823
1762373069,0000000100000008,619267832311,2018,824
1762373076,0000000200000003,619339216199,2911,825
1762373105,0000004000000001,619626858757,1197,826
1762373128,0000000800000008,619859633862,2764,827
1762373138,0000008000000002,619962594717,1779,828
1762373142,0000000800000002,619994102248,5079,829
1762373144,0000000100000080,620016110765,3764,830
1762373148,0000004000000001,620054512263,1443,831
1762373154,0000000100000001,620119445504,2716,832
1762373159,0000000800000004,620171600069,4796,833
1762373167,0000000400000002,620246814010,269,834
1762373193,0000000100000080,620510645316,5170,835
1762373213,0000000400000080,620711999732,3447,836
1762373216,0000000800000004,620735553389,2026,837
1762373228,0000008000000008,620863121976,4750,838
1762373235,0000004000000001,620925225212,1006,839
1762373268,0000000800000004,621262015289,1523,840
1762373269,0000000800000080,621265838865,1292,841
1762373273,0000000400000080,621304358058,4186,842
1762373283,0000000800000002,621413989427,2755,843
1762373306,0000000100000001,621639373312,4802,844
1762373309,0000000100000004,621671096341,2875,845
1762373309,0000004000000002,621673878301,2703,846
1762373313,0000000100000001,621711167544,478,847
1762373315,0000000800000002,621731543925,4458,848
1762373315,0000000800000001,621733255393,4357,849
1762373327,0000000400000004,621852202116,2371,850
1762373335,0000000300000001,621928802971,2957,851
1762373351,0000008000000080,622092395661,3517,852
1762373378,0000000100000001,622362886344,2809,853
1762373384,0000000800000008,622416989059,4771,854
1762373384,0000000800000004,622422602170,4441,855
1762373396,0000008000000080,622537575591,2689,856
1762373404,0000000100000001,622619652855,2952,857
1762373413,0000000100000001,622708983290,2765,858
1762373413,0000008000000080,622713327889,2508,859
1762373417,000000c40000000a,622744726041,631,860
1762373422,0000008000000080,622796485302,2697,861
1762373422,0000008000000002,622796592424,2689,862
1762373423,0000004000000008,622809155312,1947,863
1762373425,0000008000000080,622829886726,701,864
1762373429,0000000100000002,622870570241,3451,865
1762373440,0000000100000003,622976268461,2278,866
1762373444,0000008000000080,623015835478,5100,867
1762373451,0000000400000001,623088112101,749,868
1762373495,0000000100000008,623530747925,5288,869
1762373509,0000000800000008,623667116542,2271,870
1762373526,0000004000000004,623843117109,2076,871
1762373537,0000000100000002,623950470714,815,872
1762373543,0000000400000001,624012064030,2297,873
1762373551,0000000100000008,624092301572,2657,874
1762373552,0000008000000080,624099908000,2209,875
1762373563,0000008000000004,624205443244,1059,876
1762373564,0000000800000004,624220667090,162,877
1762373569,0000008000000004,624264104280,2710,878
1762373578,0000004000000004,624360951086,2090,879
1762373579,0000008000000002,624370115581,1542,880
1762373583,0000000800000004,624412536720,4200,881
1762373584,0000000100000080,624422974210,3561,882
1762373585,0000000400000002,624429595670,3156,883
1762373599,0000000100000001,624573764331,4880,884
1762373606,0000008000000001,624634146303,1239,885
1762373639,0000000800000001,624971307191,1736,886
1762373643,0000004000000002,625013235670,4422,887
1762373657,0000000400000080,625151543783,1281,888
1762373669,0000000800000008,625264989214,4852,889
1762373688,0000004000000080,625460390970,3483,890
1762373694,0000000100000080,625521380086,5008,891
1762373697,0000004000000080,625553464859,3070,892
1762373698,000000c000000080,625556598327,2874,893
1762373712,0000004000000002,625699826730,4670,894
1762373719,0000000400000080,625764176267,787,895
1762373720,0000004000000002,625778129370,5143,896
1762373723,0000000800000004,625810731084,3179,897
1762373737,0000004000000008,625948761211,5266,898
1762373742,0000008000000001,625999084082,2233,899
1762373744,0000000100000006,626021935600,864,900
1762373752,0000000400000001,626097759589,1496,901
1762373753,0000004000000080,626105294895,1044,902
1762373762,0000000800000002,626196824191,731,903
1762373781,000000c000000004,626389358521,4742,904
1762373794,0000008000000080,626514880644,2367,905
1762373799,0000000400000001,626564598726,4590,906
1762373803,0000000400000001,626607759124,1981,907
1762373835,0000008000000001,626927149943,3550,908
1762373839,0000000100000001,626969869202,976,909
1762373847,0000000800000001,627044797573,1663,910
1762373848,0000004000000001,627058149900,859,911
1762373849,0000000100000004,627064171509,500,912
1762373852,0000004000000080,627100778993,3493,913
1762373855,0000000400000008,627125046081,2027,914
1762373867,0000008000000080,627251198819,4835,915
1762373875,0000008000000080,627328196381,202,916
1762373889,0000004000000004,627466243990,2275,917
1762373895,0000008000000080,627532307119,3505,918
1762373896,0000000100000001,627537676019,3176,919
1762373899,0000000100000080,627573464516,1024,920
1762373905,0000008000000080,627626145805,3045,921
1762373919,0000000100000001,627769844985,4802,922
1762373951,0000004000000004,628086794648,1309,923
1762373953,0000000100000001,628109948295,5113,924
1762373959,0000008000000008,628170079956,1494,925
1762373973,0000000100000004,628310236678,3454,926
1762373977,0000008000000080,628351759548,952,927
1762373989,0000004000000004,628466852723,4433,928
1762373992,0000008000000080,628493875149,2778,929
1762374000,0000004000000008,628582421151,2646,930
1762374017,0000000100000002,628753032787,2771,931
1762374041,0000000100000080,628992308356,3987,932
1762374048,0000008000000001,629060659901,5058,933
1762374048,0000000800000001,629061970128,4981,934
1762374057,0000008000000080,629144181699,5227,935
1762374078,0000000800000004,629361497373,2530,936
1762374082,0000000100000001,629403793773,5191,937
1762374098,0000004000000008,629555613436,1251,938
1762374114,0000000800000002,629714746301,2066,939
1762374153,0000000800000002,630105253173,4561,940
1762374170,0000004000000004,630273900840,4797,941
1762374183,0000000400000002,630405311595,2076,942
1762374186,0000000100000008,630435964639,240,943
1762374189,0000008000000080,630465361318,3668,944
1762374191,0000008000000002,630493810222,1948,945
1762374201,0000000400000080,630586254947,1582,946
1762374205,0000004000000004,630624859849,4468,947
1762374215,0000000400000008,630727221370,3494,948
1762374230,0000000800000004,630874811270,5005,949
1762374232,0000000800000001,630898953512,3554,950
1762374234,0000008000000080,630915311205,2553,951
1762374243,0000008000000008,631011443377,1975,952
1762374259,0000000800000080,631165504731,3093,953
1762374272,0000000100000001,631296141890,435,954
1762374284,0000008000000080,631419594061,3396,955
1762374291,0000000400000004,631486461827,4578,956
1762374292,0000000100000001,631502884145,3583,957
1762374293,0000000100000003,631503128257,3568,958
1762374297,0000000800000080,631548192914,852,959
1762374306,0000000100000001,631642653842,368,960
1762374310,0000000400000001,631674536286,3648,961
1762374316,0000000800000004,631740321234,4882,962
1762374319,0000000400000080,631768941185,3154,963
1762374344,0000000100000001,632014917209,3953,964
1762374355,0000000800000001,632132336520,2069,965
1762374371,0000000800000080,632292012492,2841,966
1762374373,0000000400000080,632310260375,1756,967
1762374379,0000008000000080,632372256024,3220,968
1762374383,0000000400000002,632409675473,969,969
1762374389,0000008000000080,632464527068,2854,970
1762374391,0000000800000080,632487919231,1457,971
1762374403,0000008000000080,632607636544,4656,972
1762374403,0000000800000002,632611660352,4418,973
1762374414,0000000100000008,632717791090,3211,974
1762374425,0000004000000004,632830524230,1624,975
1762374428,0000008000000080,632857062369,5223,976
1762374433,0000000100000001,632906545598,2240,977
1762374433,0000000100000008,632913707616,1814,978
1762374441,000000c400000080,632990435034,2386,979
1762374448,0000000400000080,633056270503,3634,980
1762374464,0000000100000001,633218864958,4249,981
1762374476,0000000200000001,633340432059,2113,982
1762374484,0000000100000008,633416781849,2702,983
1762374506,0000000100000004,633635923405,5117,984
1762374506,000000c000000080,633641737243,4776,985
1762374543,0000000800000008,634009625142,3414,986
1762374572,0000008000000008,634296461693,1741,987
1762374573,0000004000000020,84555682953,835,988
1762374591,0000000100000001,634485258126,771,989
1762374596,0000008000000080,634536073654,2899,990
1762374604,0000008000000080,634617949400,3175,991
1762374613,0000000400000002,634713683460,2599,992
1762374625,0000000100000001,634830541448,777,993
1762374629,0000000100000001,634863885764,3978,994
1762374634,0000000400000001,634914799642,901,995
1762374654,0000000800000001,635114778654,4470,996
1762374680,0000000400000008,635382983095,3915,997
1762374693,0000008000000080,635513433962,1248,998
1762374709,0000000100000001,635664114439,2561,999
1762374709,0000000100000001,635669061941,2270,1000
1762374722,0000000100000080,635802062112,4675,1001
1762374728,0000004000000004,635857631975,1320,1002
1762374730,0000004000000080,635876321756,202,1003
1762374748,0000000400000001,636054191234,5082,1004
1762374764,0000008000000008,636219922856,307,1005
1762374764,0000000100000001,636221436026,219,1006
1762374770,0000008000000080,636276290430,2104,1007
1762374783,000000c000000080,636404469515,4793,1008
1762374816,0000008000000080,636739937128,192,1009
1762374854,0000000400000002,637119842317,3305,1010
1762374868,0000000400000001,637258857984,5328,1011
1762374869,0000008800000001,637267035934,4844,1012
1762374873,0000004000000004,637306083236,2478,1013
1762374874,0000008000000008,637314403057,1986,1014
1762374877,0000000800000001,637345402581,5317,1015
1762374886,0000000800000001,637434271422,5167,1016
1762374903,0000000500000001,637608559764,5073,1017
1762374918,0000000800000080,637756801541,1346,1018
1762374943,0000000200000002,638003769730,2070,1019
1762374950,0000000100000001,638077050102,2845,1020
1762374956,0000000100000080,638136989404,4461,1021
1762374956,0000000800000001,638141702468,4177,1022
1762374959,0000000800000008,638170548300,2418,1023
1762374966,0000000400000008,638235147819,3745,1024
1762374975,0000000400000004,638332150545,3091,1025
1762374985,0000000100000003,638424246290,2732,1026
1762374988,0000000400000004,638456302358,820,1027
1762374995,0000008000000080,638524926518,1885,1028
1762374998,0000000100000004,638556271595,5195,1029
1762375003,0000000100000002,638610007316,1960,1030
1762375016,0000008000000004,638737478402,4692,1031
1762375017,0000008000000008,638753620952,3720,1032
1762375021,0000000100000080,638792805460,1353,1033
1762375030,0000008000000080,638875622791,1566,1034
1762375036,0000008000000080,638942587657,2716,1035
1762375046,0000004000000008,639033765054,2432,1036
1762375057,0000000400000004,639150825268,595,1037
1762375080,0000000100000003,639378076208,2497,1038
1762375081,0000000800000001,639387067118,1963,1039
1762375083,0000000800000004,639411392333,503,1040
1762375087,0000000400000080,639452515177,3221,1041
1762375106,0000000100000002,639635504924,2589,1042
1762375111,0000000800000080,639689745701,4547,1043
1762375118,0000008000000080,639758762835,386,1044
1762375148,0000000400000004,640063146558,2837,1045
1762375157,0000000300000001,640149532296,2832,1046
1762375159,0000000100000008,640171643137,1514,1047
1762375178,0000008000000004,640354925161,877,1048
1762375183,0000008000000080,640407588262,2894,1049
1762375222,0000000400000002,640798032387,198,1050
1762375236,0000008000000080,640936085028,2270,1051
1762375237,0000004000000002,640947233279,1607,1052
1762375243,0000000800000008,641009111693,3075,1053
1762375269,0000008000000008,641271483091,2867,1054
1762375315,0000000800000080,641732403536,1120,1055
1762375318,0000008000000004,641756747630,4858,1056
1762375331,0000000500000080,641889798498,2040,1057
1762375335,0000000800000008,641931248736,4751,1058
1762375339,0000004800000002,641972094783,2279,1059
1762375350,0000008000000002,642077182274,1156,1060
1762375370,0000000800000004,642278542154,4638,1061
1762375382,0000008000000080,642395111139,2795,1062
1762375388,0000000800000002,642453692469,4492,1063
1762375412,0000000100000002,642696665232,255,1064
1762375434,0000000400000001,642920960653,2333,1065
1762375447,0000000100000001,643045665878,5227,1066
1762375457,0000004000000001,643148130133,4272,1067
1762375462,0000008000000002,643195191388,1425,1068
1762375465,0000000100000001,643223728872,4910,1069
1762375484,0000000400000001,643414435948,3830,1070
1762375492,0000004000000002,643497741115,4015,1071
1762375502,0000000100000004,643597817147,3175,1072
1762375505,0000000400000002,643632262136,1104,1073
1762375512,0000008000000080,643698705117,2295,1074
1762375516,0000000500000001,643742363932,4875,1075
1762375538,0000004000000004,643962751897,1998,1076
1762375547,0000008000000080,644050190011,1933,1077
1762375560,0000004000000004,644179514159,4556,1078
1762375584,0000000400000080,644416075013,701,1079
1762375586,0000008000000008,644439142564,4520,1080
1762375594,0000004000000080,644517287267,5003,1081
1762375598,0000000400000002,644560256444,2407,1082
1762375604,0000008000000080,644620533949,3998,1083
1762375619,0000000100000001,644773210565,5187,1084
1762375641,0000000100000002,644986529458,2728,1085
1762375648,000000c000000080,645062797049,3350,1086
1762375675,0000004800000006,645331175350,2773,1087
1762375686,0000000100000004,645438537590,1523,1088
1762375705,0000004000000008,645631265048,322,1089
1762375725,0000000800000002,645832736546,3790,1090
1762375732,0000008000000080,645899467572,4965,1091
1762375737,0000000100000001,645952822037,1751,1092
1762375750,0000004000000002,646075715421,4755,1093
1762375766,0000004000000080,646241069054,5187,1094
1762375767,0000000400000080,646246827598,4848,1095
1762375784,0000004000000004,646419356350,4857,1096
1762375785,0000000200000008,646428929230,4290,1097
1762375796,0000000400000004,646536090107,3017,1098
1762375796,0000000800000008,646539932477,2775,1099
1762375796,0000000100000001,646542651168,2613,1100
1762375802,0000000800000001,646594530744,4711,1101
1762375810,0000000800000008,646677528103,4908,1102
1762375813,0000000400000004,646704905470,3255,1103
1762375814,0000000100000001,646722119984,2214,1104
1762375820,0000008000000080,646776905242,4132,1105
1762375830,0000000400000004,646883384999,2897,1106
1762375849,0000000100000001,647072773075,1901,1107
1762375872,0000000800000001,647296503220,4040,1108
1762375873,0000000100000008,647305346900,3498,1109
1762375877,0000000800000001,647350466690,780,1110
1762375908,0000000100000002,647658225444,3040,1111
1762375908,0000000200000004,647660882696,2873,1112
1762375943,0000008000000080,648003445650,3049,1113
1762375976,0000000100000002,648340076971,3586,1114
1762375992,0000008000000004,648498082617,4477,1115
1762375996,0000008000000080,648534772439,2250,1116
1762376011,0000008000000002,648683670512,3695,1117
1762376012,0000000100000004,648693769036,3077,1118
1762376012,0000000800000080,648702832431,2522,1119
1762376013,0000004000000004,648708324910,2199,1120
1762376027,0000000800000001,648849506249,4114,1121
1762376033,000000c000000080,648909278840,506,1122
1762376039,0000008000000008,648971321704,1963,1123
1762376047,0000004000000080,649053371062,2218,1124
1762376074,0000008000000004,649313482938,2155,1125
1762376080,0000000800000008,649374177897,3710,1126
1762376082,0000004000000002,649401359336,2063,1127
1762376099,0000004000000002,649572268821,2169,1128
1762376128,0000004000000080,649854572862,773,1129
1762376134,0000000400000001,649921105298,1963,1130
1762376153,0000000800000080,650107563326,1137,1131
1762376160,0000004000000004,650181303303,1895,1132
1762376177,0000004000000001,650352189000,2002,1133
1762376182,0000004000000080,650395400867,4610,1134
1762376195,0000000100000080,650530967374,1638,1135
1762376234,0000000800000008,650914237854,4565,1136
1762376236,0000004000000080,650941294850,2916,1137
1762376245,0000000100000001,651030529960,2736,1138
1762376269,0000000100000001,651266660222,4144,1139
1762376278,0000004000000001,651355202008,4010,1140
1762376279,0000000100000001,651370184616,3092,1141
1762376288,0000008000000080,651457432457,3037,1142
1762376290,0000000400000080,651480465803,1656,1143
1762376294,0000000200000004,651519622105,4508,1144
1762376319,0000000100000002,651763823329,198,1145
1762376328,0000004000000002,651860862205,4752,1146
1762376364,0000000400000080,652214986170,4233,1147
1762376368,0000000400000008,652262798718,1341,1148
1762376381,0000004000000004,652387968762,4215,1149
1762376385,0000000800000001,652430108972,1665,1150
1762376405,0000000400000008,652626972378,216,1151
1762376420,0000008000000008,652777615976,1536,1152
1762376422,0000008000000080,652799951558,198,1153
1762376435,0000004000000001,652931748835,2638,1154
1762376443,0000000100000002,653007993085,3260,1155
1762376444,0000000100000001,653013741876,2905,1156
1762376448,0000000400000001,653055841249,387,1157
1762376453,0000000100000004,653107794540,2441,1158
1762376463,0000000400000080,653210993286,1437,1159
1762376467,0000000100000002,653244113721,4651,1160
1762376489,0000000100000001,653472796924,1270,1161
1762376513,0000000800000008,653713045023,2393,1162
1762376526,0000000100000002,653839821802,5164,1163
1762376541,0000000100000008,653990149947,1313,1164
1762376542,0000000100000080,653994071830,1077,1165
1762376542,0000000400000080,654000530586,690,1166
1762376552,0000004000000080,654102412372,4952,1167
1762376553,0000000100000001,654107563879,4650,1168
1762376555,0000000100000001,654126616750,3496,1169
1762376564,0000000800000004,654217007888,3249,1170
1762376569,0000000400000008,654272950655,5080,1171
1762376571,0000004000000001,654287672358,4208,1172
1762376587,0000008000000080,654443828102,5187,1173
1762376590,0000000400000080,654477918871,3135,1174
1762376597,0000000800000004,654552510459,3854,1175
1762376600,0000008000000004,654578823448,2253,1176
1762376620,0000000100000008,654781957669,433,1177
1762376629,0000004000000008,654865937953,573,1178
1762376639,0000000100000080,654971130371,4643,1179
1762376640,0000000800000004,654973916181,4479,1180
1762376649,0000000800000080,655067486920,4043,1181
1762376652,0000000100000003,655095261145,2351,1182
1762376668,0000000800000001,655259615186,2848,1183
1762376677,0000004000000008,655350468239,2575,1184
1762376680,000000c000000080,655378147671,923,1185
1762376683,0000008000000008,655411112386,4150,1186
1762376690,0000000100000008,655473313235,397,1187
1762376708,0000004000000080,655657561698,4898,1188
1762376709,0000004000000004,655665172851,4448,1189
1762376712,000000800000000c,655700354713,2311,1190
1762376717,0000008000000004,655747185754,4705,1191
1762376720,0000000100000001,655773359805,3117,1192
1762376720,0000000100000001,655776325619,2932,1193
1762376724,0000008000000008,655822466623,173,1194
1762376726,0000000100000008,655836426633,4535,1195
1762376726,0000008000000004,655841381076,4238,1196
1762376728,0000000800000004,655860547917,3064,1197
1762376729,0000008000000080,655871727139,2389,1198
1762376732,0000000100000001,655894765617,1010,1199
1762376737,0000000100000004,655947449406,3031,1200
1762376742,0000000800000008,655999109879,5124,1201
1762376754,0000000100000004,656122353146,2892,1202
1762376772,0000000100000001,656298127141,2703,1203
1762376774,0000000800000080,656322948716,1223,1204
1762376801,0000000800000080,656593010075,563,1205
1762376804,0000000100000001,656613387831,4542,1206
1762376837,0000000200000004,656943377880,265,1207
1762376844,0000000100000002,657020460679,818,1208
1762376866,0000008000000080,657238105763,3309,1209
1762376866,0000000100000080,657239603442,3216,1210
1762376878,0000008000000001,657358984180,1228,1211
1762376883,0000000100000080,657403800208,3738,1212
1762376896,0000008000000008,657541667640,630,1213
1762376918,0000000800000002,657756698603,3274,1214
1762376919,0000004000000008,657769166956,2514,1215
1762376928,0000004000000008,657855663942,2505,1216
1762376933,0000008000000080,657904313723,4793,1217
1762376934,0000000800000002,657922593791,3693,1218
1762376954,0000008000000080,658116031704,2427,1219
1762376956,0000000400000001,658138352542,1094,1220
1762376981,0000008000000001,658390936667,1482,1221
1762376991,0000000100000002,658491331176,638,1222
1762376995,0000000800000080,658530648782,3469,1223
1762376996,0000000200000008,658534574611,3229,1224
1762376996,0000000400000004,658537942870,3022,1225
1762377005,0000000100000008,658624050747,3037,1226
1762377005,0000000100000003,658627638414,2811,1227
1762377008,0000004400000001,658659160159,928,1228
1762377018,0000000400000080,658756756270,257,1229
1762377023,0000000400000002,658812652747,2080,1230
1762377031,0000000100000008,658883723217,2997,1231
1762377046,0000008000000002,659039771561,4017,1232
1762377057,0000000800000080,659146718282,2750,1233
1762377060,0000000100000001,659179767985,776,1234
1762377061,0000000400000008,659187441191,319,1235
1762377075,0000000100000001,659324254746,2463,1236
1762377110,0000004000000002,659680145631,1839,1237
1762377129,0000000100000080,659871939330,691,1238
1762377135,0000000100000001,659927996661,2503,1239
1762377135,0000000800000004,659932003444,2266,1240
1762377143,0000000100000001,660010720694,2717,1241
1762377203,0000002000000001,660608785576,3111,1242
1762377233,0000000800000008,660910239326,563,1243
1762377237,0000000100000008,660943910691,3739,1244
1762377256,000000c000000080,661138966173,2375,1245
1762377264,0000000400000001,661217521734,2841,1246
1762377268,0000000100000001,661260292336,284,1247
1762377291,0000000100000002,661490932272,1987,1248
1762377292,0000000100000008,661494080295,1799,1249
1762377297,0000000100000080,661545359153,3920,1250
1762377317,0000008000000008,661751562098,1891,1251
1762377329,0000000200000003,661873034600,4977,1252
1762377331,0000008000000002,661884705132,4286,1253
1762377334,0000004000000008,661922802825,1977,1254
1762377335,0000000400000002,661931094711,1480,1255
1762377343,0000004000000008,662004700551,2241,1256
1762377411,0000000100000001,662683530479,2958,1257
1762377467,0000008800000008,663252553227,5095,1258
1762377475,0000000400000004,663330315141,419,1259
1762377480,0000000100000001,663373312583,3019,1260
1762377481,0000004000000080,663390755729,1971,1261
1762377501,0000000800000002,663589901042,387,1262
1762377504,0000004000000002,663620489353,3747,1263
1762377506,0000000200000001,663633094217,2971,1264
1762377508,000000010000000c,663662088137,1232,1265
1762377509,0000000800000002,663666355088,976,1266
1762377519,0000000800000002,663770955854,5075,1267
1762377523,0000000400000004,663810490742,2680,1268
1762377528,0000000100000001,663858490028,5003,1269
1762377533,0000004000000001,663912303853,1765,1270
1762377534,0000008000000080,663917672670,1441,1271
1762377544,0000000400000080,664016937150,664,1272
1762377545,0000000200000001,664024534073,212,1273
1762377551,0000000100000008,664092500910,1311,1274
1762377554,0000000800000008,664116231344,5081,1275
1762377558,0000000400000001,664161975988,2319,1276
1762377560,0000004000000010,664181670072,1142,1277
1762377568,0000008000000080,664261986617,1505,1278
1762377574,0000000400000008,664321262545,3131,1279
1762377579,0000000400000080,664363712897,582,1280
1762377592,0000000800000004,664502996068,2577,1281
1762377599,0000000100000003,664571374869,3678,1282
1762377602,0000000400000001,664593655427,2323,1283
1762377605,0000004000000002,664624146857,498,1284
1762377654,0000000800000008,665115086840,2124,1285
1762377654,0000004000000001,665121891434,1718,1286
1762377663,0000008000000008,665203650164,1992,1287
1762377681,0000000100000002,665391799532,1063,1288
1762377713,0000008000000080,665710273497,2667,1289
1762377726,0000000100000006,665842913928,5095,1290
1762377731,0000000100000008,665883789354,2619,1291
1762377743,0000008000000080,666012425094,5282,1292
1762377744,000000c000000080,666014426036,5164,1293
1762377752,0000000100000001,666094859538,329,1294
1762377788,0000000100000001,666454443212,4675,1295
1762377791,000000400000000c,666486918198,2695,1296
1762377808,0000000100000001,666660669289,2632,1297
1762377816,0000000800000080,666736088282,3303,1298
1762377834,0000000400000008,666921652753,2519,1299
1762377837,0000000100000080,666950291983,806,1300
1762377851,0000008000000080,667086967986,2966,1301
1762377860,0000000400000002,667175633395,2821,1302
1762377876,0000008000000080,667333190117,3753,1303
1762377892,0000008000000004,667494295230,4456,1304
1762377896,0000000400000008,667534025433,2047,1305
1762377901,0000000400000008,667584971950,4195,1306
1762377902,0000000400000008,667597698895,3418,1307
1762377908,0000000800000008,667655138184,5155,1308
1762377913,0000000100000001,667704685076,2169,1309
1762377929,0000008000000080,667866051531,2841,1310
1762377932,0000000100000001,667898370086,909,1311
1762377936,0000000100000001,667940889717,3552,1312
1762377968,0000000400000080,668253696851,316,1313
1762377977,0000008000000001,668351791428,4807,1314
1762378003,0000000100000001,668610400930,4831,1315
1762378020,0000004000000008,668779630772,5034,1316
1762378020,0000000800000001,668780921740,4959,1317
1762378021,0000004000000002,668782965661,4840,1318
1762378033,0000008000000002,668912617312,2221,1319
1762378039,0000000400000001,668965161441,4276,1320
1762378042,0000008000000004,669000794456,2113,1321
1762378063,000000c000000081,669205775255,179,1322
1762378068,0000000800000002,669255128494,2390,1323
1762378079,0000000100000001,669372657605,526,1324
1762378089,0000008000000004,669470895559,5005,1325
1762378104,0000008000000080,669622836051,1056,1326
1762378106,0000000400000002,669633160599,438,1327
1762378110,0000004000000080,669681141515,2727,1328
1762378111,0000008000000080,669685176386,2490,1329
1762378134,0000000400000080,669922032027,3845,1330
1762378153,0000004000000008,670103618854,3298,1331
1762378153,0000000100000008,670107275114,3075,1332
1762378154,0000000100000002,670113741935,2675,1333
1762378180,0000000400000008,670375608227,2509,1334
1762378186,0000000800000080,670441116031,3782,1335
1762378202,0000004000000080,670596268029,4834,1336
1762378229,0000008000000080,670865913951,4204,1337
1762378229,0000004000000008,670870444282,3929,1338
1762378253,0000000100000003,671105762595,162,1339
1762378266,0000004000000080,671235780407,2702,1340
1762378277,0000000100000008,671350970343,981,1341
1762378283,0000000100000002,671404661719,2937,1342
1762378287,0000000800000008,671442887682,647,1343
1762378288,0000000800000004,671462291949,4682,1344
1762378289,0000008000000080,671468513618,4315,1345
1762378324,0000000100000004,671814897744,4253,1346
1762378327,0000000100000001,671846092946,2352,1347
1762378328,0000000100000004,671854912655,1831,1348
1762378331,0000000100000001,671889701186,4936,1349
1762378334,0000000100000002,671921779951,2997,1350
1762378335,0000000100000001,671929022587,2555,1351
1762378344,0000004000000004,672020454229,2254,1352
1762378352,0000000100000002,672097068948,2832,1353
1762378362,0000004000000008,672201451867,1761,1354
1762378377,0000000100000008,672347026103,3394,1355
1762378383,000000c000000080,672410663058,4767,1356
1762378386,0000000100000001,672442259535,2845,1357
1762378404,0000000400000080,672615696292,2799,1358
1762378412,0000000400000008,672697099638,3107,1359
1762378416,0000000100000007,672738183584,639,1360
1762378447,0000000100000002,673046677142,2845,1361
1762378456,0000000400000004,673141745260,2324,1362
1762378459,0000000800000004,673169002849,692,1363
1762378468,0000000100000002,673256677163,614,1364
1762378493,0000008000000008,673509472019,987,1365
1762378498,0000008000000080,673557531285,3292,1366
1762378508,0000000200000001,673661556107,2220,1367
1762378528,0000008000000080,673853608669,1062,1368
1762378537,0000000200000001,673952129860,334,1369
1762378538,0000008500000009,673953402346,258,1370
1762378541,000000c000000080,673992443806,3097,1371
1762378543,0000004000000004,674005993024,2278,1372
1762378547,0000000100000001,674046399085,5051,1373
1762378548,0000004000000008,674059774044,4257,1374
1762378549,0000000400000080,674066333389,3859,1375
1762378550,0000000100000004,674076643211,3227,1376
1762378557,0000000100000001,674145544941,4294,1377
1762378559,0000000400000001,674170794154,2744,1378
1762378566,0000004000000001,674238209348,3910,1379
1762378604,0000000400000004,674618997403,1767,1380
1762378608,0000004000000080,674655068506,4799,1381
1762378619,0000000400000002,674766682625,3272,1382
1762378632,0000004000000008,674901323348,370,1383
1762378633,0000000400000002,674910984261,4982,1384
1762378635,0000008000000004,674926264465,4074,1385
1762378650,0000000100000004,675076532467,220,1386
1762378650,0000000800000080,675079586019,5224,1387
1762378671,0000000100000001,675286743962,3150,1388
1762378675,0000000100000003,675330095732,546,1389
1762378681,0000004000000001,675384633585,2448,1390
1762378685,0000000100000001,675428840244,4995,1391
1762378688,0000000100000001,675460393734,3091,1392
1762378690,0000000100000002,675478681921,1992,1393
1762378700,0000004000000080,675581690873,991,1394
1762378702,0000000100000002,675594241385,241,1395
1762378703,0000004000000004,675610923299,4442,1396
1762378710,0000000400000080,675674813009,585,1397
1762378734,0000000400000004,675914859691,1726,1398
1762378752,0000000100000008,676097009030,2313,1399
1762378755,0000008000000001,676132364348,4233,1400
1762378771,0000008000000080,676284143121,292,1401
1762378802,0000000400000002,676596137737,2289,1402
1762378802,0000000100000001,676596194788,2285,1403
1762378805,0000004000000080,676629219011,311,1404
1762378814,0000000100000002,676716673042,244,1405
1762378817,0000000400000080,676749018309,3492,1406
1762378842,0000004000000080,676996891869,4173,1407
1762378845,0000000200000001,677025511370,2428,1408
1762378847,0000000100000001,677045160235,1254,1409
1762378858,0000008000000008,677161535087,4655,1410
1762378865,0000008000000080,677230607535,491,1411
1762378888,0000000100000001,677462049151,2143,1412
1762378900,0000008000000080,677573235063,654,1413
1762378901,0000000100000003,677590699640,4805,1414
1762378909,0000000100000004,677668303538,5321,1415
1762378934,0000004000000080,677913972494,933,1416
1762378967,0000008000000080,678247045616,1675,1417
1762378968,0000000400000080,678254261247,1237,1418
1762378973,0000004000000080,678305607701,3347,1419
1762378982,0000000100000001,678398203212,2961,1420
1762379004,0000008000000080,678618743875,5282,1421
1762379010,0000000100000002,678679737234,1615,1422
1762379024,0000004000000080,678816496583,3786,1423
1762379034,0000008000000080,678920607221,2692,1424
1762379039,0000008000000080,678965440543,5205,1425
1762379050,0000000400000004,679078052358,3631,1426
1762379060,0000004000000002,679173895757,3049,1427
1762379081,0000008000000080,679386551223,649,1428
1762379107,0000000400000080,679645974838,626,1429
1762379111,0000000400000001,679689933135,3174,1430
1762379112,0000000800000004,679702532415,2408,1431
1762379113,0000004000000080,679706444652,2178,1432
1762379116,0000000100000001,679734493945,497,1433
1762379118,0000000800000080,679758826492,4241,1434
1762379119,0000000100000001,679771839156,3445,1435
1762379123,0000000100000002,679812594665,990,1436
1762379125,0000000400000004,679831871654,5028,1437
1762379138,0000000800000001,679961875182,2390,1438
1762379145,0000000400000080,680032500538,3346,1439
1762379158,0000000100000004,680157216370,1037,1440
1762379190,0000008000000080,680474324580,2721,1441
1762379194,0000000200000001,680515380889,272,1442
1762379195,0000000100000080,680529919932,4599,1443
1762379208,0000000800000080,680660766047,1908,1444
1762379224,0000000100000003,680814586231,3040,1445
1762379266,0000000800000001,681242541858,3271,1446
1762379269,0000008000000001,681268982729,1680,1447
1762379270,0000000800000080,681278143106,1129,1448
1762379271,0000000400000001,681286766777,612,1449
1762379287,0000000400000001,681447684205,1319,1450
1762379288,0000000400000008,681458381492,677,1451
1762379290,0000000800000001,681478328181,4680,1452
1762379295,0000000100000008,681529168322,1611,1453
1762379301,0000000100000001,681585006972,3450,1454
1762379307,0000008400000001,681644101064,5088,1455
1762379310,0000000400000008,681672768722,3364,1456
1762379310,0000000100000004,681673542141,3316,1457
1762379318,0000000100000001,681752693616,3758,1458
1762379325,0000008000000001,681824441909,4637,1459
1762379342,0000004000000001,681995193030,4751,1460
1762379342,0000000800000004,681999144695,4518,1461
1762379349,0000000100000002,682063978470,606,1462
1762379360,0000008000000080,682177582647,4174,1463
1762379361,0000008000000080,682192101737,3286,1464
1762379366,0000000100000002,682240057106,403,1465
1762379380,0000000100000080,682374852367,2665,1466
1762379383,0000000400000002,682403125271,978,1467
1762379393,0000000800000008,682505797313,5191,1468
1762379406,0000000100000004,682639331091,2346,1469
1762379436,0000000300000001,682938634786,5127,1470
1762379436,0000000400000008,682941804724,4940,1471
1762379443,0000008000000080,683003185758,1239,1472
1762379446,0000000400000001,683040888195,4182,1473
1762379452,0000004000000080,683092799257,1044,1474
1762379459,0000000100000080,683167030311,1772,1475
1762379464,0000008000000001,683218030103,3911,1476
1762379467,0000000400000001,683247404562,2130,1477
1762379475,0000000800000001,683331904774,2238,1478
1762379481,0000000800000001,683388771307,4030,1479
1762379483,0000000100000008,683406829941,2922,1480
1762379485,0000000100000080,683423925563,1900,1481
1762379501,0000000800000008,683585843575,2538,1482
1762379515,0000008400000082,683723375024,4676,1483
1762379548,0000008000000004,684057757691,5324,1484
1762379556,0000000400000004,684138469950,473,1485
1762379560,0000000100000001,684180996956,3106,1486
1762379561,0000000400000004,684189021557,2612,1487
1762379563,0000008000000080,684203584717,1748,1488
1762379599,0000000100000080,684565305331,764,1489
1762379618,0000008000000080,684756800664,4835,1490
1762379628,0000000500000005,684862085884,3696,1491
1762379637,0000000100000001,684950726096,3556,1492
1762379643,0000000100000001,685004209660,338,1493
1762379653,0000004800000080,685103258402,4771,1494
1762379661,0000008000000080,685186726140,4941,1495
1762379663,0000004000000080,685204742906,3864,1496
1762379695,0000004000000004,685524533968,203,1497
1762379695,0000000800000009,685524628897,197,1498
1762379701,000000040000000c,685582756382,1889,1499
1762379713,0000000100000080,685707757075,4767,1500
1762379722,0000000100000001,685798634350,4500,1501
1762379726,0000008000000001,685839816832,2006,1502
1762379741,0000000100000080,685982750710,3809,1503
1762379747,0000000100000004,686052070944,4830,1504
1762379766,0000008000000080,686241124519,3848,1505
1762379773,0000008000000080,686307232801,5058,1506
1762379782,0000000800000001,686396168460,4905,1507
1762379783,0000000400000080,686409371514,4119,1508
1762379787,000000400000008a,686450672586,1621,1509
1762379794,0000000100000004,686521288078,2555,1510
1762379817,0000000400000008,686746997226,4584,1511
1762379867,0000000100000001,687247830355,417,1512
1762379872,0000008000000080,687293975365,2820,1513
1762379879,0000000800000008,687370960731,3398,1514
1762379885,0000008000000080,687425235898,5323,1515
1762379893,0000000100000001,687508492094,320,1516
1762379907,0000000100000001,687648103846,2300,1517
1762379911,0000004000000001,687692043859,4865,1518
1762379913,0000000800000084,687708282903,3892,1519
1762379938,0000004000000002,687957528758,4483,1520
1762379957,0000000100000001,688143186870,3697,1521
1762379959,0000004000000080,688165331961,2349,1522
1762379959,0000000100000002,688172291229,1937,1523
1762379998,0000008000000080,688559252498,4642,1524
1762380008,0000000200000008,688655616172,4042,1525
1762380010,0000000400000080,688673279178,2957,1526
1762380036,0000000100000001,688937954837,2613,1527
1762380038,0000008000000001,688957335586,1460,1528
1762380040,0000008000000080,688974690491,419,1529
1762380041,0000008000000008,688989110047,4752,1530
1762380064,0000008000000004,689213284674,1646,1531
1762380071,0000008000000008,689291586532,2126,1532
1762380084,0000004000000008,689420322011,4783,1533
1762380086,0000004000000001,689436148783,3831,1534
1762380140,0000004000000004,689977201594,2429,1535
1762380144,0000000100000001,690015700289,5316,1536
1762380156,0000000800000008,690138317620,3134,1537
1762380158,0000008000000080,690153421154,2220,1538
1762380183,0000000400000008,690403770554,2734,1539
1762380213,0000004000000004,690705633214,178,1540
1762380220,0000000400000080,690781200351,820,1541
1762380222,0000000400000002,690797942404,5011,1542
1762380233,0000000100000008,690904978394,3773,1543
1762380236,0000008000000001,690933973083,2016,1544
1762380255,0000000100000004,691125999901,855,1545
1762380279,0000004000000004,691369193376,1808,1546
1762380308,0000000100000004,691657510946,5241,1547
1762380327,0000000400000080,691847476643,4218,1548
1762380329,0000000800000002,691864926139,3150,1549
1762380351,0000004000000080,692085716597,264,1550
1762380362,0000000800000080,692192725583,4225,1551
1762380369,0000008000000002,692270843177,4715,1552
1762380377,0000000100000002,692347466462,5281,1553
1762380386,0000008000000008,692438275717,5025,1554
1762380401,0000008000000080,692585356898,1367,1555
1762380408,0000000100000001,692659988295,2069,1556
1762380415,0000004000000080,692728791651,3125,1557
1762380434,0000008000000004,692915129438,2298,1558
1762380437,0000000800000002,692945080372,507,1559
1762380437,0000000400000002,692952153437,5273,1560
1762380438,0000004000000004,692960075747,4805,1561
1762380439,0000008000000001,692964129072,4566,1562
1762380439,0000008000000001,692971847442,4104,1563
1762380449,0000000800000008,693068758335,3457,1564
1762380462,0000000100000080,693198890231,819,1565
1762380466,0000000800000008,693242283745,3405,1566
1762380476,0000000800000008,693335889165,2956,1567
1762380477,0000008000000080,693346352483,2328,1568
1762380486,0000000100000008,693434465513,2223,1569
1762380507,0000000400000001,693650344574,4833,1570
1762380515,0000000100000001,693729439873,5261,1571
1762380537,0000004000000002,693949505916,2403,1572
1762380546,0000008000000008,694039754242,2173,1573
1762380557,0000000100000002,694146644856,942,1574
1762380565,0000000100000004,694229960183,1123,1575
1762380585,0000000100000006,694427782989,4814,1576
1762380603,0000004000000002,694603464893,4637,1577
1762380604,0000000400000001,694615554527,3911,1578
1762380609,0000000200000002,694667689499,762,1579
1762380623,0000000400000004,694810339852,2556,1580
1762380625,0000004000000001,694831873399,1273,1581
1762380631,0000000800000080,694883849025,3343,1582
1762380654,0000000400000008,695115534194,4991,1583
1762380654,0000008000000080,695116466364,4936,1584
1762380661,0000000100000001,695185203217,796,1585
1762380666,0000000400000002,695236155833,2915,1586
1762380691,0000000100000004,695482672984,3686,1587
1762380697,0000004000000002,695548532957,4916,1588
1762380697,0000000400000002,695549748751,4844,1589
1762380704,0000000400000008,695613049870,1028,1590
1762380722,0000008000000080,695793205985,582,1591
1762380735,0000008000000001,695922727578,3176,1592
1762380741,0000008000000080,695991092213,4274,1593
1762380753,0000000200000004,696105096057,2579,1594
1762380796,0000000800000002,696536890017,2577,1595
1762380796,0000000100000001,696542084056,2271,1596
1762380804,0000000400000004,696615633449,3044,1597
1762380828,0000000100000001,696861600591,3844,1598
1762380833,0000000400000080,696908259921,1026,1599
1762380835,0000004000000004,696923302804,5314,1600
1762380836,0000000400000008,696937684227,4466,1601
1762380839,0000008000000080,696965158928,2783,1602
1762380846,0000008000000001,697037486609,3649,1603
1762380850,000000c000000080,697079823178,1094,1604
1762380868,0000000400000004,697261761900,540,1605
1762380879,0000000200000001,697367614581,4571,1606
1762380897,0000004000000002,697542456804,4445,1607
1762380902,0000004000000001,697592912090,1392,1608
1762380917,0000008000000080,697750624131,2288,1609
1762380936,0000000400000080,697933726322,1669,1610
1762380943,000000c000000080,698009877418,2274,1611
1762380946,0000000800000001,698034890194,777,1612
1762380950,0000008000000002,698076612883,3465,1613
1762380954,0000008000000080,698122058303,720,1614
1762380956,0000008000000080,698141683666,4751,1615
1762380962,0000000100000001,698197191054,1401,1616
1762380963,0000000800000080,698207703251,769,1617
1762380967,0000008000000080,698250284373,3405,1618
1762380984,0000000400000080,698416668734,3792,1619
1762381010,0000004000000001,698676259913,3758,1620
1762381012,0000000800000008,698694975208,2608,1621
1762381018,0000000100000001,698756306332,4143,1622
1762381020,0000000100000004,698777909946,2814,1623
1762381033,0000000100000008,698907266460,245,1624
1762381037,0000008000000008,698951784622,2741,1625
1762381053,0000004000000080,699110874289,3581,1626
1762381056,0000004000000002,699134400750,2155,1627
1762381131,0000000200000001,699889478313,3488,1628
1762381134,0000000100000080,699917468812,1799,1629
1762381140,000000c000000080,699974753386,3554,1630
1762381151,0000000100000004,700087965470,1931,1631
1762381167,0000008000000080,700245789213,2812,1632
1762381167,0000000100000008,700248716953,2635,1633
1762381170,0000000800000080,700278785814,842,1634
1762381175,0000000100000004,700331510144,2850,1635
1762381189,0000000100000001,700470589684,4892,1636
1762381196,000000c000000080,700539214138,757,1637
1762381205,0000000400000008,700631879198,381,1638
1762381210,0000008000000080,700676967109,2846,1639
1762381217,0000008000000080,700750288710,3651,1640
1762381218,0000000100000002,700761211800,2978,1641
1762381219,0000004000000001,700770440596,2421,1642
1762381220,0000004000000002,700775909200,2097,1643
1762381222,0000000800000080,700800099767,647,1644
1762381227,0000000800000080,700851270815,2748,1645
1762381235,0000000100000008,700926503913,3434,1646
1762381254,0000000100000001,701113662273,2548,1647
1762381256,0000000100000001,701141016042,914,1648
1762381257,0000000800000080,701142929313,799,1649
1762381280,000000c000000008,701379415695,2151,1650
1762381283,0000004000000008,701406649398,520,1651
1762381292,0000008000000001,701496995717,282,1652
1762381296,0000000100000004,701533167105,3297,1653
1762381297,0000000100000001,701547477721,2425,1654
1762381344,0000008000000080,702022072052,5053,1655
1762381348,0000000400000002,702054622258,3089,1656
1762381357,0000000100000080,702142148923,3016,1657
1762381365,0000008000000008,702224568921,3257,1658
1762381370,0000008000000080,702281513419,5029,1659
1762381377,000000c000000080,702350531596,872,1660
1762381384,0000000400000002,702417576179,2032,1661
1762381387,0000004000000008,702449966625,5279,1662
1762381388,0000004000000004,702461620607,4591,1663
1762381409,0000008000000080,702662738452,2855,1664
1762381424,0000000400000080,702821154114,3737,1665
1762381426,0000004000000004,702838581092,2664,1666
1762381432,0000008000000080,702894065444,4550,1667
1762381436,0000008000000008,702935457350,2042,1668
1762381452,0000004000000008,703100888674,2472,1669
1762381461,0000000400000080,703186626617,2507,1670
1762381461,0000000100000001,703190685610,2268,1671
1762381463,0000008000000002,703208563950,1198,1672
1762381464,0000000400000008,703216916494,697,1673
1762381474,0000008000000080,703321795186,4785,1674
1762381501,0000008000000004,703584067103,4594,1675
1762381510,0000008000000080,703679039852,4077,1676
1762381516,0000000100000008,703736659851,598,1677
1762381519,0000004000000080,703771375464,3710,1678
1762381524,0000000400000080,703813432867,1171,1679
1762381525,0000008000000080,703831031300,5308,1680
1762381533,0000008000000080,703911894904,447,1681
1762381542,0000008000000080,703996204307,567,1682
1762381566,0000008000000002,704236414440,1698,1683
1762381573,0000004000000008,704309993324,2455,1684
1762381574,0000000100000080,704313692355,2236,1685
1762381575,0000008000000080,704325116395,1556,1686
1762381579,0000000100000002,704366506918,4276,1687
1762381589,0000000800000001,704470543886,3196,1688
1762381592,0000000400000080,704498965113,1486,1689
1762381597,0000000800000008,704548965399,3681,1690
1762381600,0000000200000004,704576548203,2011,1691
1762381601,0000000800000001,704588932628,1267,1692
1762381613,0000000400000002,704707048740,4564,1693
1762381620,000000c000000080,704774717050,485,1694
1762381620,0000004000000002,704781193554,5285,1695
1762381630,0000000100000004,704878552513,4634,1696
1762381643,0000000400000001,705002656435,2342,1697
1762381650,0000008000000080,705076794612,3083,1698
1762381653,0000004000000080,705108850927,1156,1699
1762381659,0000000300000001,705163696284,3048,1700
1762381660,0000008000000080,705179761091,2081,1701
1762381677,0000000100000001,705345285916,2506,1702
1762381681,0000000100000002,705388518794,5112,1703
1762381698,0000008000000080,705553357769,392,1704
1762381702,0000000100000001,705600810851,2711,1705
1762381703,0000000100000002,705603512767,2551,1706
1762381703,0000008000000004,705606375605,2384,1707
1762381704,0000008000000004,705617772550,1708,1708
1762381708,0000008000000004,705659125278,4429,1709
1762381710,0000000100000001,705677927812,3283,1710
1762381724,0000000c00000002,705813991804,296,1711
1762381732,0000004000000080,705892369222,771,1712
1762381758,0000000800000008,706161981466,5327,1713
1762381767,0000008000000008,706245195863,327,1714
1762381785,0000000200000001,706423996121,5151,1715
1762381793,0000000400000002,706503960890,344,1716
1762381810,0000000400000004,706676258249,367,1717
1762381813,0000000100000001,706711176213,3460,1718
1762381833,0000000100000001,706910028902,1881,1719
1762381847,0000000800000001,707045936477,4110,1720
1762381855,0000008000000002,707126115245,4481,1721
1762381871,0000000400000008,707285154955,5287,1722
1762381871,0000000100000002,707291007894,4941,1723
1762381877,0000004000000080,707346563161,1595,1724
1762381879,0000004000000080,707365257959,472,1725
1762381882,0000008000000004,707393424582,3982,1726
1762381916,0000000100000001,707735726860,4169,1727
1762381921,0000008000000008,707784077992,1245,1728
1762381925,0000000100000004,707829279560,3729,1729
1762381927,0000000800000080,707847561195,2607,1730
1762381945,0000000100000004,708022701495,2463,1731
1762381946,0000000100000008,708041221166,1358,1732
1762381960,0000000100000001,708178364844,3501,1733
1762381961,0000000100000001,708186264952,3017,1734
1762381981,0000008000000002,708391097051,1087,1735
1762381984,0000000400000008,708416499672,4764,1736
1762381986,0000000800000080,708432344591,3812,1737
1762381991,0000000400000001,708491636144,239,1738
1762382008,0000000100000001,708661598765,402,1739
1762382013,0000000400000002,708711564370,2575,1740
1762382032,0000008000000008,708899843849,1648,1741
1762382036,0000008000000080,708937471599,4592,1742
1762382041,0000000800000001,708985468082,1693,1743
1762382053,0000000200000001,709109236105,4647,1744
1762382061,0000008000000080,709189452914,5008,1745
1762382074,0000000500000001,709320468927,2309,1746
1762382088,0000004000000002,709458551666,4414,1747
1762382096,0000000100000001,709534346813,5036,1748
1762382096,0000008000000080,709534879770,5004,1749
1762382099,0000000100000002,709566559468,3092,1750
1762382099,0000000800000002,709571408128,2789,1751
1762382105,0000004000000009,709627667431,4625,1752
1762382129,0000000400000080,709864584038,749,1753
1762382131,000000800000008c,709883014875,4842,1754
1762382131,0000004000000001,709883197415,4832,1755
1762382134,0000008000000080,709913195134,3015,1756
1762382156,0000008000000080,710138847126,5031,1757
1762382188,0000008000000080,710461183359,1218,1758
1762382194,0000000800000080,710517047342,3050,1759
1762382200,0000000800000002,710574197905,4818,1760
1762382230,0000000100000001,710877782867,2126,1761
1762382243,0000008000000080,711002440232,5022,1762
1762382261,0000000100000001,711187550090,4287,1763
1762382262,0000000100000080,711196956971,3714,1764
1762382279,0000000100000080,711364466727,4032,1765
1762382283,0000000100000004,711409696768,1295,1766
1762382297,0000000100000003,711550092147,3240,1767
1762382298,0000008000000080,711555893874,2879,1768
1762382313,0000000100000001,711705551124,4293,1769
1762382316,0000000100000006,711735472121,2467,1770
1762382320,0000000400000004,711774252043,162,1771
1762382332,0000008000000004,711893052916,3387,1772
1762382337,0000008000000080,711947441575,5307,1773
1762382354,0000000100000001,712115311544,407,1774
1762382358,0000000800000008,712156413891,3122,1775
1762382360,0000000100000001,712176452436,1918,1776
1762382363,0000000800000002,712207850888,5224,1777
1762382374,0000000400000080,712313544619,4074,1778
1762382399,0000008000000080,712564941221,4534,1779
1762382411,0000008000000080,712683188506,2589,1780
1762382436,0000000100000001,712941113650,2654,1781
1762382438,0000000100000001,712952900940,1956,1782
1762382439,0000000400000001,712967919905,1054,1783
1762382470,0000008000000080,713281673216,2950,1784
1762382478,0000000100000001,713355795744,3701,1785
1762382481,0000000100000001,713383603940,2018,1786
1762382511,0000000800000008,713689013843,4440,1787
1762382513,0000000400000002,713710971566,3102,1788
1762382549,0000000400000001,714068941328,2339,1789
1762382549,0000008000000080,714071374325,2194,1790
1762382552,0000000800000080,714093566790,864,1791
1762382565,0000000800000080,714228544883,3131,1792
1762382567,0000004000000008,714246446322,2054,1793
1762382569,0000008000000080,714261859895,1128,1794
1762382576,0000000100000001,714335629158,1885,1795
1762382590,0000000100000008,714476724465,3797,1796
1762382608,0000008000000080,714654703001,3472,1797
1762382608,0000004000000080,714660223108,3134,1798
1762382613,0000004000000008,714703578697,530,1799
1762382647,0000008000000080,715049326802,509,1800
1762382655,0000000100000004,715125275160,1130,1801
1762382656,0000000100000001,715136044896,486,1802
1762382658,0000000800000001,715153979181,4610,1803
1762382665,0000000100000008,715226552104,238,1804
1762382669,0000000400000001,715269133689,2854,1805
1762382682,0000008000000080,715401094989,5314,1806
1762382683,0000008000000004,715404354429,5122,1807
1762382697,000000c000000004,715542127942,2023,1808
1762382697,0000000100000002,715544845127,1861,1809
1762382713,0000008000000080,715704098802,2649,1810
1762382718,0000004000000008,715755340499,4791,1811
1762382730,0000008000000008,715877102040,2637,1812
1762382747,0000008000000080,716042845331,3066,1813
1762382747,0000000800000008,716046585467,5663,1814
1762382756,0000008000000088,716139734123,2427,1815
1762382768,0000000800000004,716259618788,421,1816
1762382808,0000000100000080,716653844212,2659,1817
1762382826,0000008000000002,716831767382,2351,1818
1762382844,0000004000000004,717015369136,1701,1819
1762382847,0000004000000002,717047684992,4957,1820
1762382847,0000004000000008,717049601465,4845,1821
1762382857,0000008000000080,717148934806,4071,1822
1762382872,0000000100000001,717292622184,609,1823
1762382874,0000000100000008,717320219875,4156,1824
1762382894,0000008000000080,717514227832,2846,1825
1762382894,0000000400000001,717521501586,2412,1826
1762382895,0000004000000001,717527239357,2065,1827
1762382906,0000000100000003,717639695521,507,1828
1762382916,0000000800000002,717738434969,4958,1829
1762382921,0000000400000080,717790465794,1822,1830
1762382925,0000000400000002,717827227099,4813,1831
1762382925,0000000800000001,717830343780,4631,1832
1762382929,0000000800000040,717868991031,2287,1833
1762382931,0000000100000002,717890751742,983,1834
1762382938,0000000400000001,717958404196,2105,1835
1762382941,0000004000000008,717986895888,398,1836
1762382943,0000000400000080,718006990817,4396,1837
1762382948,0000000100000080,718054944271,1489,1838
1762382966,0000008100000001,718232928460,1176,1839
1762382966,0000000400000002,718241410675,668,1840
1762382967,0000004000000008,718242537078,601,1841
1762382967,0000004000000004,718244225282,501,1842
1762382991,0000008000000001,718490508834,1263,1843
1762383016,0000000100000003,718734813540,2146,1844
1762383024,0000000100000004,718814490429,2540,1845
1762383044,0000008000000080,719015445719,852,1846
1762383050,0000000400000002,719073198970,2558,1847
1762383064,0000004000000004,719219955100,4147,1848
1762383069,0000004800000008,719266214908,1347,1849
1762383085,0000000800000080,719424318695,2219,1850
1762383090,0000000200000080,719480626774,4048,1851
1762383092,0000000100000003,719500300664,2835,1852
1762383104,0000000400000080,719621673812,742,1853
1762383131,0000000800000008,719882314096,647,1854
1762383162,0000008000000080,720192508892,2746,1855
1762383199,0000002000000080,720569589015,855,1856
1762383214,0000008000000080,720716796338,2379,1857
1762383214,0000008000000008,720720245524,2175,1858
1762383220,0000008000000006,720779797098,3803,1859
1762383231,0000000400000004,720890639894,2313,1860
1762383236,0000000800000004,720934511784,4878,1861
1762383240,0000000400000008,720972931636,2550,1862
1762383253,0000004000000080,721104608767,5033,1863
1762383256,0000008000000080,721134895821,3207,1864
1762383264,0000000100000001,721220579823,3247,1865
1762383274,0000000100000004,721312292074,2916,1866
1762383277,0000000100000001,721350557874,624,1867
1762383279,0000000100000001,721363720906,5028,1868
1762383281,0000000100000001,721388428896,3544,1869
1762383339,0000008000000080,721962927756,162,1870
1762383343,0000008000000004,722011517915,2407,1871
1762383348,0000008000000001,722053998093,5057,1872
1762383357,0000004000000002,722145582782,4748,1873
1762383359,0000000100000008,722162153118,3745,1874
1762383374,0000004000000080,722313581246,5024,1875
1762383399,0000004000000080,722567620164,5321,1876
1762383399,0000000100000001,722571360092,5098,1877
1762383401,0000000800000080,722581645652,4492,1878
1762383413,0000008000000001,722711352372,1869,1879
1762383417,0000000100000001,722746476873,4956,1880
1762383433,000000c000000080,722910059747,310,1881
1762383455,0000004000000008,723126313261,2865,1882
1762383456,0000004000000002,723139233751,2098,1883
1762383462,0000000400000008,723195975730,3893,1884
1762383536,0000000800000001,723932155507,1148,1885
1762383539,0000004000000080,723970596913,4045,1886
1762383557,0000000400000080,724147183876,3807,1887
1762383566,0000000100000008,724239872452,3418,1888
1762383571,0000000400000001,724285042034,698,1889
1762383583,0000008000000002,724404368772,3922,1890
1762383598,0000000800000008,724558374259,5035,1891
1762383608,0000000100000001,724651713687,4624,1892
1762383622,0000000800000080,724797151346,1056,1893
1762383622,0000000100000001,724800027543,883,1894
1762383669,0000000100000004,725262251372,4260,1895
1762383670,0000000100000003,725277425461,3333,1896
1762383671,0000000200000004,725283241026,2968,1897
1762383674,0000000100000008,725312164974,1238,1898
1762383693,0000000100000004,725505022040,5222,1899
1762383693,0000008000000008,725509139949,4978,1900
1762383697,0000000800000001,725543259294,2912,1901
1762383697,0000004000000004,725543907600,2871,1902
1762383714,0000004000000004,725720621080,2628,1903
1762383726,0000000c00000080,725836525997,862,1904
1762383726,0000000100000080,725837230000,819,1905
1762383739,0000000100000001,725967792912,3357,1906
1762383751,0000004000000002,726083722584,1573,1907
1762383765,0000000400000080,726225842445,3417,1908
1762383772,0000000100000080,726295427001,4437,1909
1762383786,0000004000000080,726439924446,923,1910
1762383801,0000000400000004,726590184134,2266,1911
1762383803,0000000100000080,726609690492,1099,1912
1762383807,0000000400000080,726648004085,4002,1913
1762383807,0000000100000002,726651496784,3788,1914
1762383840,0000000100000008,726978609232,4885,1915
1762383865,0000008000000080,727231069182,5272,1916
1762383869,0000000800000004,727270706072,2878,1917
1762383879,0000008000000001,727368004408,2226,1918
1762383882,0000000800000008,727399549790,336,1919
1762383905,0000000800000008,727621752515,2536,1920
1762383907,0000008000000080,727643225343,1248,1921
1762383914,0000000800000001,727713871157,2195,1922
1762383921,0000004000000080,727789670809,2821,1923
1762383930,0000008000000004,727880303962,2565,1924
1762383933,0000000400000001,727901519481,1300,1925
1762383939,0000000100000004,727965356746,2642,1926
1762383944,0000000800000008,728013949634,4930,1927
1762383947,0000008000000008,728041933798,3241,1928
1762383951,0000000100000001,728081624262,854,1929
1762383963,000000c000000080,728211177973,3454,1930
1762383975,0000008000000001,728321609506,1999,1931
1762384003,0000000800000004,728605538710,506,1932
1762384018,0000000800000001,728756672623,1799,1933
1762384028,0000000800000002,728857568087,924,1934
1762384033,0000000100000004,728907711938,3100,1935
1762384034,0000000800000080,728918842903,2424,1936
1762384051,0000008000000080,729087612055,2655,1937
1762384064,0000000400000004,729212628986,348,1938
1762384065,0000000100000001,729225477263,4772,1939
1762384066,0000000400000080,729239809610,3914,1940
1762384089,0000008000000001,729467826218,576,1941
1762384093,0000008000000080,729506064603,3472,1942
1762384132,0000000400000004,729895215905,834,1943
1762384135,0000000100000008,729930872452,3896,1944
1762384136,0000000400000002,729938902632,3403,1945
1762384138,0000008000000080,729952002041,2599,1946
1762384148,0000000800000008,730059370422,1347,1947
1762384159,0000000100000001,730165923290,5324,1948
1762384170,000000c000000080,730277868675,3797,1949
1762384195,0000008000000004,730522835719,4644,1950
1762384199,0000000c00000001,730571390261,1711,1951
1762384201,0000000900000002,730585404639,868,1952
1762384215,0000000400000002,730726806876,2737,1953
1762384224,0000000400000001,730812534598,2773,1954
1762384226,0000008000000080,730832425435,1591,1955
1762384236,0000004000000008,730940818054,270,1956
1762384240,0000008000000008,730980880713,3046,1957
1762384245,0000000100000001,731027756590,235,1958
1762384263,0000004000000008,731205334684,5132,1959
1762384264,0000008000000004,731219012351,4323,1960
1762384266,0000000800000080,731238038812,3160,1961
1762384283,0000008000000080,731407339835,3369,1962
1762384284,0000008000000080,731412688945,3042,1963
1762384302,0000008000000080,731595404997,2433,1964
1762384311,0000000800000002,731689996391,1943,1965
1762384332,0000000400000008,731898116963,5013,1966
1762384341,0000004000000002,731982177470,5147,1967
1762384354,0000000400000001,732114675519,2360,1968
1762384381,0000000200000004,732390496272,1359,1969
1762384388,0000000800000004,732454148183,2709,1970
1762384394,0000004000000002,732511674337,4473,1971
1762384397,0000000100000080,732543152300,2553,1972
1762384405,0000000200000002,732629769424,2536,1973
1762384414,0000000100000003,732713931897,2665,1974
1762384431,0000008000000008,732887807192,2595,1975
1762384437,0000000100000001,732947813438,4209,1976
1762384448,0000000100000002,733059272384,2668,1977
1762384451,0000000100000001,733089028832,892,1978
1762384452,0000008000000080,733099221023,284,1979
1762384463,0000000100000080,733206808693,4211,1980
1762384482,0000000400000004,733400895323,2898,1981
1762384487,0000000800000004,733444198936,310,1982
1762384504,0000000800000002,733621131510,5241,1983
1762384509,0000008000000080,733666551599,2499,1984
1762384543,0000000400000020,734010858995,2563,1985
1762384544,0000008000000001,734016687395,2217,1986
1762384590,0000008000000080,734479558976,357,1987
1762384591,000000c000000080,734483862273,5286,1988
1762384608,0000000800000002,734659050970,5137,1989
1762384650,0000008000000080,735075974342,833,1990
1762384655,0000004000000080,735126157989,3003,1991
1762384666,0000000400000002,735236403335,1570,1992
1762384667,0000008000000002,735249506269,782,1993
1762384669,0000000400000002,735271245234,4680,1994
1762384671,0000008400000080,735287344836,3710,1995
1762384682,0000000400000008,735396942297,2294,1996
1762384684,0000008000000004,735414538631,1242,1997
1762384684,0000000800000080,735414986178,1215,1998
1762384690,0000008000000080,735471673763,2996,1999
1762384698,0000000400000008,735558251287,2980,2000
1762384720,0000000400000001,735775078557,335,2001
1762384721,0000000100000008,735788407768,4734,2002
1762384733,0000000100000001,735908052087,2704,2003
1762384750,0000000800000080,736071595796,3272,2004
1762384750,0000004000000080,736080074227,2746,2005
1762384751,0000004000000004,736088812163,2228,2006
1762384767,0000004000000001,736249112627,2975,2007
1762384793,0000000100000001,736501812337,3364,2008
1762384807,0000000400000001,736649272219,4886,2009
1762384831,0000000100000008,736889782727,801,2010
1762384851,0000000100000001,737085105550,4644,2011
1762384862,0000000100000002,737197272537,3078,2012
1762384871,0000000100000001,737287998697,2803,2013
1762384884,0000000100000001,737415596955,341,2014
1762384890,0000004000000008,737472976738,2074,2015
1762384892,0000008000000080,737497345133,614,2016
1762384902,0000000100000001,737591429782,162,2017
1762384919,0000008000000002,737765524940,5257,2018
1762384931,0000004000000008,737883093443,3382,2019
1762384932,0000000100000001,737891306737,2874,2020
1762384942,0000004000000002,737995466695,1813,2021
1762384942,0000000800000002,737995710052,1798,2022
1762384942,0000000100000001,737999516135,1568,2023
1762384951,0000000400000008,738083747074,1696,2024
1762384951,0000008000000080,738084162369,1671,2025
1762384962,0000000100000001,738198048265,5210,2026
1762384967,0000008000000001,738250263038,2065,2027
1762384968,0000000400000080,738255488971,1753,2028
1762384972,0000004000000004,738294291466,4626,2029
1762384992,0000008000000008,738497977183,2735,2030
1762384993,0000000800000002,738508387021,2119,2031
1762385011,0000008400000080,738683537762,1974,2032
1762385034,0000000100000001,738919510335,3365,2033
1762385034,0000000100000001,738920150480,3327,2034
1762385051,0000000100000004,739090801059,3453,2035
1762385070,0000000100000004,739277184732,2611,2036
1762385072,0000000400000001,739293430691,1647,2037
1762385075,0000008000000080,739326819594,4840,2038
1762385096,0000000400000001,739540560276,2355,2039
1762385103,0000008000000080,739610823012,3332,2040
1762385113,0000000400000001,739704753624,2862,2041
1762385118,0000008000000080,739753990818,5110,2042
1762385153,0000000800000002,740108907864,4548,2043
1762385161,0000000800000001,740191116893,4792,2044
1762385167,0000004000000002,740243730533,1618,2045
1762385179,0000008000000001,740367135630,4597,2046
1762385183,0000008000000080,740402823163,2428,2047
1762385183,0000000100000001,740405692696,2257,0
1762385203,0000000800000001,740610470401,339,1
1762385208,0000008000000008,740654899614,2845,2
1762385209,0000008000000008,740661365133,2457,3
1762385213,0000008000000080,740706572620,4947,4
1762385213,0000000100000001,740708215182,4851,5
1762385249,0000008000000080,741070883640,3815,6
1762385297,0000008000000002,741542466279,1408,7
1762385326,0000004000000080,741840331003,4282,8
1762385328,0000000c00000002,741851735013,3587,9
1762385333,0000000400000008,741903457323,473,10
1762385336,0000000100000080,741938384210,3569,11
1762385337,0000000400000004,741946257307,3087,12
1762385345,000000c000000080,742029610681,3269,13
1762385366,0000000400000080,742239955964,1005,14
1762385381,0000008000000001,742389729953,2372,15
1762385390,0000000400000002,742480175527,2132,16
1762385392,0000004000000080,742496980129,1125,17
1762385398,0000000400000002,742557733119,2650,18
1762385402,0000000800000008,742597835906,259,19
1762385405,0000008000000004,742624141296,3877,20
1762385448,0000004000000008,743055231398,3918,21
1762385461,0000000100000080,743182048504,1471,22
1762385464,0000004000000002,743212482504,4841,23
1762385467,0000000100000001,743247068960,2738,24
1762385475,0000000400000004,743329673776,2972,25
1762385476,0000004000000004,743335440555,2617,26
1762385476,0000000400000002,743337139210,2518,27
1762385498,0000000400000004,743554996706,5010,28
1762385506,000000c000000080,743632265084,728,29
1762385507,0000008000000008,743645815317,4746,30
1762385515,0000000800000001,743721297573,202,31
1762385523,0000008000000080,743809625281,5272,32
1762385549,0000000200000002,744068355276,5290,33
1762385551,0000000400000008,744086522244,4215,34
1762385555,0000000100000080,744128509652,1672,35
1762385562,0000000100000004,744200577753,2519,36
1762385565,0000008000000080,744225613220,1025,37
1762385570,0000000100000002,744276835810,3137,38
1762385593,0000004000000002,744509226333,4751,39
1762385599,0000000100000001,744570877653,1033,40
1762385610,0000000400000001,744673190506,5267,41
1762385618,0000008000000080,744751179339,577,42
1762385624,0000000100000001,744813859373,1997,43
1762385635,0000004000000008,744922261617,673,44
1762385646,0000000100000008,745036062759,4231,45
1762385651,0000008000000080,745086667805,1171,46
1762385663,0000000400000002,745201546378,4661,47
1762385663,0000000400000080,745204169566,4506,48
1762385697,0000004000000008,745543820706,4845,49
1762385699,0000008000000004,745561208921,3801,50
1762385700,0000000100000001,745573041177,3077,51
1762385716,0000008000000080,745731782807,3933,52
1762385720,0000004000000008,745775172098,1308,53
1762385723,0000000400000001,745806263898,4644,54
1762385723,0000004000000002,745808557707,4509,55
1762385744,0000000100000004,746019827308,2167,56
1762385744,0000000800000002,746020120510,2151,57
1762385750,0000004000000001,746075410272,4039,58
1762385790,0000000800000001,746479021825,525,59
1762385792,0000004800000001,746495031981,4762,60
1762385806,0000008000000004,746632395381,1685,61
1762385808,0000004000000080,746652999505,449,62
1762385810,0000000100000001,746674870801,4339,63
1762385813,0000000400000008,746705772331,2455,64
1762385817,0000008000000080,746743995316,172,65
1762385818,0000000800000002,746759100095,4465,66
1762385825,0000000400000002,746827891741,317,67
1762385830,0000000100000003,746872804399,2792,68
1762385842,0000000800000080,747000486890,324,69
1762385843,0000000100000001,747006691804,5140,70
1762385865,0000000800000004,747222330814,2543,71
1762385897,0000008000000080,747544657034,3957,72
1762385913,0000000800000002,747707220779,4567,73
1762385930,0000000400000004,747875143926,4846,74
1762385958,0000004000000001,748155217529,3582,75
1762385959,0000004000000080,748164288597,3025,76
1762385976,0000000800000008,748332982450,3272,77
1762385985,0000004000000080,748429308080,2657,78
1762386003,0000004000000004,748604587230,2505,79
1762386015,0000000400000080,748723075045,583,80
1762386029,0000000300000001,748870380589,2104,81
1762386031,0000000800000080,748890400199,905,82
1762386037,0000008000000080,748950745025,2459,83
1762386038,000000c000000080,748951571249,2409,84
1762386040,0000000100000008,748980964580,653,85
1762386043,0000008000000080,749009886393,4121,86
1762386055,0000008000000080,749130228703,2056,87
1762386070,0000000400000080,749271169266,3982,88
1762386072,0000004000000002,749300074418,2225,89
1762386105,0000000100000004,749626259368,3388,90
1762386118,0000000800000008,749760065767,534,91
1762386120,0000000800000008,749778419017,4633,92
1762386121,0000000400000001,749785364963,4219,93
1762386125,0000000400000001,749825297261,1802,94
1762386138,0000000400000080,749956553508,4310,95
1762386144,0000000200000004,750018447491,574,96
1762386160,0000004000000007,750176008158,1481,97
1762386164,0000004000000001,750216563359,4252,98
1762386166,0000000800000002,750239627288,2836,99
1762386180,0000000800000002,750371432472,5309,100
1762386185,0000002000000040,750427690624,1923,101
1762386189,0000000100000002,750466135660,4814,102
1762386191,0000000400000002,750482366695,3841,103
1762386195,0000000800000080,750527115864,1137,104
1762386208,0000000800000080,750651074853,4084,105
1762386212,0000004000000001,750697797472,1258,106
1762386224,0000008000000080,750817011702,4491,107
1762386253,0000000100000004,751110535170,2393,108
1762386286,0000000800000008,751438052422,3482,109
1762386292,0000000800000080,751493540403,5332,110
1762386292,0000008000000080,751497780045,5081,111
1762386298,0000000800000008,751555279847,1619,112
1762386301,0000000c00000002,751586843461,4920,113
1762386309,000000c000000080,751662983999,339,114
1762386309,0000000100000006,751669553686,5134,115
1762386317,0000000100000001,751746014041,538,116
1762386324,0000008000000008,751815349499,1557,117
1762386328,0000004000000080,751851214338,4607,118
1762386365,0000000800000008,752226988693,2753,119
1762386385,000000c000000009,752426460282,1154,120
1762386412,0000000100000001,752695150127,577,121
1762386421,0000008000000080,752783981136,430,122
1762386423,000000040000000c,752801244449,4594,123
1762386443,0000008000000080,753010536372,2371,124
1762386471,0000000100000001,753281204652,1680,125
1762386472,0000008000000080,753294262395,895,126
1762386492,0000004000000004,753494813030,4429,127
1762386518,0000000100000001,753751111432,4591,128
1762386521,0000000400000002,753782092588,2699,129
1762386537,0000004000000080,753947579215,3146,130
1762386538,0000000400000004,753952856746,2817,131
1762386546,0000000800000002,754036616031,2981,132
1762386546,0000008000000080,754039516156,2797,133
1762386547,0000004000000008,754050294852,2157,134
1762386553,0000008000000006,754108164427,3889,135
1762386573,0000000100000001,754301857390,2598,136
1762386593,0000000100000080,754500974958,1023,137
1762386595,0000004000000002,754526724808,4680,138
1762386599,0000000200000001,754565434038,2332,139
1762386603,0000008000000080,754604130374,5208,140
1762386646,0000004000000008,755032787856,203,141
1762386649,0000008000000080,755063102995,3575,142
1762386656,0000008000000001,755135484705,4424,143
1762386668,0000000400000001,755255486608,2375,144
1762386675,0000000800000004,755323079093,3517,145
1762386685,0000000800000001,755425269367,2546,146
1762386722,0000000100000001,755794147901,1145,147
1762386728,0000000100000004,755853166252,2777,148
1762386742,0000004000000001,755992223059,4822,149
1762386743,0000008000000008,756002157534,4231,150
1762386745,0000000200000004,756027217901,2693,151
1762386763,0000008000000004,756203649171,2472,152
1762386784,0000004000000002,756415181589,162,153
1762386801,0000004000000008,756583154142,435,154
1762386812,0000008000000080,756693757518,4182,155
1762386815,0000000100000008,756729528348,2012,156
1762386819,0000000100000004,756764273649,5120,157
1762386827,0000000100000001,756842211316,435,158
1762386830,0000008000000080,756880487048,3325,159
1762386832,0000000100000001,756893022781,2556,160
1762386854,0000008000000080,757120785866,4464,161
1762386865,0000000400000001,757227484137,3226,162
1762386865,0000000100000080,757227678023,3214,163
1762386867,0000008000000080,757247990938,1989,164
1762386877,0000004000000008,757344705912,1367,165
1762386885,0000000100000008,757422544319,1880,166
1762386887,0000000200000080,757441616085,733,167
1762386889,0000004100000080,757470071818,4233,168
1762386890,0000000800000080,757479487070,3657,169
1762386896,0000000100000002,757540612597,5169,170
1762386900,0000000400000004,757572075006,3274,171
1762386913,0000008000000080,757702882550,602,172
1762386916,0000008000000001,757737248062,3736,173
1762386919,0000008000000080,757764976747,2055,174
1762386966,0000004000000004,758239001265,4719,175
1762386978,0000008000000080,758355445558,2888,176
1762386984,0000000c00000001,758413294481,4625,177
1762386987,0000000800000004,758448352989,2493,178
1762387032,0000008000000001,758895460603,1579,179
1762387036,0000008000000080,758936058598,4347,180
1762387047,0000000100000004,759045626657,2926,181
1762387050,0000004000000001,759071561483,1372,182
1762387056,0000000400000008,759131005236,2987,183
1762387059,0000004000000006,759161730608,1143,184
1762387063,0000004000000002,759205162180,3735,185
1762387073,0000000100000004,759303063438,3027,186
1762387103,0000000800000080,759604804905,465,187
1762387103,0000000100000002,759610002475,162,188
1762387107,0000000100000003,759641479184,3454,189
1762387116,0000000100000001,759736308698,2931,190
1762387156,0000004000000001,760133666310,5013,191
1762387159,0000000100000008,760165102560,3114,192
1762387171,0000000100000008,760288811539,869,193
1762387187,0000004000000001,760449750044,1576,194
1762387207,0000000400000004,760648451964,5207,195
1762387221,0000000400000004,760785122317,2174,196
1762387223,0000000100000002,760808663019,762,197
1762387235,0000000400000004,760921424074,4383,198
1762387242,0000000800000002,760996194796,5069,199
1762387245,0000000100000001,761022487075,3489,200
1762387248,0000000100000080,761060571579,1190,201
1762387256,0000008000000080,761133143410,2018,202
1762387275,0000000800000080,761330519934,539,203
1762387276,0000008000000008,761340065688,5157,204
1762387293,0000000100000002,761504908380,438,205
1762387296,0000000800000080,761532505116,3982,206
1762387297,000000c000000080,761547056822,3090,207
1762387300,0000000100000080,761579628751,1131,208
1762387311,0000008000000080,761685791691,5138,209
1762387335,0000004000000001,761921232082,1361,210
1762387338,0000008000000001,761954681257,4556,211
1762387353,0000004000000004,762104992202,696,212
1762387354,0000000800000001,762113943546,164,213
1762387357,0000000100000004,762143987490,3549,214
1762387363,0000000400000002,762203125185,5181,215
1762387363,0000004000000001,762205984700,5013,216
1762387370,0000000800000008,762276886011,743,217
1762387381,0000000800000080,762384625474,4662,218
1762387386,0000008000000080,762434657550,1641,219
1762387395,0000000400000080,762528485745,1190,220
1762387402,0000000400000002,762592593796,2517,221
1762387415,0000008000000080,762728906183,4728,222
1762387425,0000004000000008,762823524534,4235,223
1762387445,0000004000000002,763029804353,2193,224
1762387450,0000004000000001,763074002940,4744,225
1762387460,0000008000000001,763172770517,4001,226
1762387473,0000000100000004,763305633692,1189,227
1762387477,0000000100000001,763340878589,4280,228
1762387489,0000000400000001,763464321450,2028,229
1762387493,0000000100000004,763510368060,4474,230
1762387509,0000000100000001,763663653952,434,231
1762387511,0000000400000008,763683220488,4461,232
1762387511,0000000800000001,763684694384,4373,233
1762387514,0000008000000008,763719643713,2249,234
1762387517,0000008000000080,763747300129,595,235
1762387529,0000000800000080,763863941716,3977,236
1762387533,0000000100000080,763900631798,1756,237
1762387539,0000000800000080,763964853751,3086,238
1762387542,0000000100000004,763999486797,1002,239
1762387543,0000008000000002,764005797885,625,240
1762387552,0000000400000001,764099927657,163,241
1762387563,0000000100000004,764205732071,4197,242
1762387565,0000008000000002,764224304892,3061,243
1762387579,0000000400000001,764367461024,4848,244
1762387581,0000000100000008,764387400392,3648,245
1762387582,0000000800000008,764391403037,3402,246
1762387582,0000000100000001,764394767550,3196,247
1762387583,0000000100000001,764407034299,2449,248
1762387595,0000000200000001,764520674692,816,249
1762387596,0000008000000002,764535747734,5107,250
1762387604,0000008000000080,764614182779,390,251
1762387605,0000000800000001,764624156799,4985,252
1762387606,0000000100000001,764638359543,4142,253
1762387608,0000008000000080,764651644830,3329,254
1762387609,0000000800000008,764663702000,2590,255
1762387611,0000008000000008,764681665265,1520,256
1762387611,0000000100000001,764684430471,1353,257
1762387630,0000000400000004,764877629196,5315,258
1762387631,0000000200000002,764881640928,5076,259
1762387638,0000000400000004,764955479744,634,260
1762387665,0000008000000004,765221742505,205,261
1762387667,0000008000000080,765247070444,3881,262
1762387689,0000004000000004,765463389682,1243,263
1762387700,0000008000000080,765570837190,5171,264
1762387700,0000008000000080,765577235890,4793,265
1762387703,0000000400000008,765606795457,3001,266
1762387706,0000000100000001,765639693366,1025,267
1762387712,0000000100000002,765695063981,2881,268
1762387729,0000000100000008,765861547496,3264,269
1762387745,0000000400000008,766021790295,4026,270
1762387766,0000008000000080,766240211710,1261,271
1762387787,0000008000000001,766447725105,4377,272
1762387793,0000000800000080,766505129374,908,273
1762387795,0000008000000080,766524515948,4941,274
1762387800,0000000100000002,766577742348,1734,275
1762387806,0000000800000002,766637569036,3331,276
1762387816,0000000400000002,766732772313,2783,277
1762387846,0000000100000004,767035399409,182,278
1762387846,0000002000000080,767036628412,5294,279
1762387863,0000008000000080,767205280379,348,280
1762387870,0000000400000001,767274410515,1379,281
1762387897,0000000400000004,767542002036,864,282
1762387898,0000000800000004,767559140433,5032,283
1762387906,0000004000000004,767635566291,434,284
1762387933,0000008800000002,767904799010,5016,285
1762387957,0000000100000001,768144526344,979,286
1762387962,0000004000000080,768197276390,2995,287
1762387975,0000000400000008,768322419031,667,288
1762387975,000000c000000080,768325603740,478,289
1762387985,0000000800000008,768426679326,4793,290
1762387994,0000000400000004,768514815102,4688,291
1762388011,0000008000000080,768685856020,4784,292
1762388022,0000000100000008,768794033459,3466,293
1762388045,0000000400000001,769020609425,226,294
1762388048,0000004800000080,769052214122,3519,295
1762388076,0000000400000008,769333996757,2140,296
1762388107,0000008000000002,769644621751,4252,297
1762388110,0000000400000001,769670709095,2654,298
1762388138,0000000100000008,769958154650,957,299
1762388139,0000008000000080,769961544002,754,300
1762388144,0000008000000080,770012004545,2903,301
1762388157,0000000100000001,770147939105,5126,302
1762388166,0000000100000003,770236521796,4994,303
1762388167,0000000400000008,770246642386,4396,304
1762388177,0000000100000004,770345306906,3647,305
1762388189,0000008000000002,770462768224,1767,306
1762388203,0000000800000004,770606071273,3541,307
1762388222,0000004000000008,770796087877,2483,308
1762388239,0000008000000080,770962235524,2875,309
1762388242,0000008000000080,770999600436,640,310
1762388249,0000000800000001,771068450026,1691,311
1762388261,0000004000000004,771186963077,4956,312
1762388270,0000004000000008,771276143856,4789,313
1762388271,0000000400000001,771286281693,4186,314
1762388276,0000000100000080,771335098935,1233,315
1762388281,0000004000000080,771386025990,3366,316
1762388281,0000000100000001,771390328107,3104,317
1762388282,0000008000000080,771390706804,3081,318
1762388289,0000008000000001,771460952998,4067,319
1762388299,0000000100000001,771560472052,3259,320
1762388302,0000004000000001,771592964659,1304,321
1762388303,0000000800000080,771610089280,281,322
1762388309,0000000100000001,771661370325,2375,323
1762388317,0000008000000080,771743312702,2635,324
1762388326,0000000800000001,771835567063,2285,325
1762388350,0000004000000080,772072011591,3661,326
1762388352,0000000100000001,772094030365,2321,327
1762388358,0000008000000002,772152951916,3992,328
1762388375,0000008000000080,772328325236,3826,329
1762388383,0000004000000002,772406220442,4341,330
1762388396,0000000800000004,772539457114,1503,331
1762388407,0000004000000080,772650003827,5244,332
1762388430,0000000100000001,772871464738,2303,333
1762388454,0000008000000080,773117732383,3073,334
1762388456,0000000100000008,773133653692,2116,335
1762388458,0000000100000008,773156101000,768,336
1762388482,0000008000000004,773397987005,1800,337
1762388483,0000004000000004,773401713506,1576,338
1762388516,0000008000000080,773734861696,2305,339
1762388530,0000000800000008,773877547563,4133,340
1762388547,0000004000000080,774040704157,4702,341
1762388552,0000004000000002,774099615687,1146,342
1762388562,0000000400000004,774192419688,758,343
1762388569,0000004000000001,774264911409,1591,344
1762388573,0000008000000001,774301387189,4605,345
1762388574,0000004000000004,774312074329,3963,346
1762388576,0000008000000080,774336755281,2455,347
1762388593,0000000400000002,774508118805,2535,348
1762388605,0000000100000001,774625557971,674,349
1762388615,0000008000000080,774725908238,5028,350
1762388628,0000008000000080,774856689723,2345,351
1762388657,0000000400000006,775145620401,557,352
1762388659,0000008000000080,775162083667,4767,353
1762388664,0000000100000001,775215555550,1541,354
1762388700,000000c000000080,775580006929,398,355
1762388705,0000000100000080,775627166012,2737,356
1762388706,0000000800000002,775640343734,1957,357
1762388715,0000000100000001,775728271252,1862,358
1762388719,0000004000000004,775764051343,4912,359
1762388723,0000000100000003,775801433365,2644,360
1762388743,0000000100000001,776007690656,639,361
1762388744,0000000400000008,776019390143,5130,362
1762388769,0000000100000001,776267665443,583,363
1762388771,0000000100000001,776283875353,4810,364
1762388776,0000000800000001,776336672046,1624,365
1762388782,0000000800000008,776394670014,3332,366
1762388791,0000000100000003,776483043463,3207,367
1762388793,0000004000000008,776500410374,2159,368
1762388800,0000008000000080,776570988460,3110,369
1762388820,0000008000000002,776770326572,1508,370
1762388848,0000000100000004,777052533899,5308,371
1762388848,0000000100000001,777056014540,5102,372
1762388864,0000004000000080,777220197802,421,373
1762388865,0000000100000002,777220403418,408,374
1762388866,0000004000000001,777232439406,4882,375
1762388878,0000000100000001,777352489925,2835,376
1762388883,0000008000000080,777400727534,5142,377
1762388883,0000004000000002,777409111016,4647,378
1762388910,0000000400000002,777675365933,4216,379
1762388912,0000008000000080,777700177673,2693,380
1762388918,0000004000000004,777760092426,4315,381
1762388929,0000004000000001,777861126351,3419,382
1762388930,0000004000000008,777871428933,2781,383
1762388937,0000000400000001,777941672168,3774,384
1762388943,0000000100000008,778005219948,5138,385
1762388958,0000000100000001,778153851558,1387,386
1762388963,0000000100000004,778205897899,3456,387
1762388990,0000008000000080,778471087439,3081,388
1762388996,0000008000000008,778536615931,4350,389
1762388999,0000008000000008,778563837750,2683,390
1762389013,0000000400000008,778704224183,4651,391
1762389016,0000000400000004,778732296990,2943,392
1762389033,0000000100000001,778905571845,2907,393
1762389054,0000000100000001,779119548934,436,394
1762389055,0000000800000008,779122850348,239,395
1762389056,0000008000000080,779134767437,4721,396
1762389060,0000000800000008,779179477209,2019,397
1762389063,0000000100000001,779208188289,300,398
1762389069,0000000400000008,779265721844,2024,399
1762389070,0000000400000002,779274695297,1486,400
1762389077,0000000800000004,779347137255,2317,401
1762389082,0000000800000001,779395764362,4607,402
1762389082,0000008000000080,779397370674,4512,403
1762389098,0000000400000002,779556099838,162,404
1762389110,0000000400000080,779671038040,3624,405
1762389115,0000008000000080,779723414385,469,406
1762389117,0000004000000004,779743718801,4454,407
1762389122,0000000100000080,779799803288,1063,408
1762389123,0000008000000080,779801791690,944,409
1762389125,0000004000000080,779828750365,4532,410
1762389134,0000004000000001,779919009095,4299,411
1762389137,0000008000000080,779945614716,2668,412
1762389159,0000000400000008,780166893300,4957,413
1762389159,0000000800000001,780169953758,4777,414
1762389171,0000004500000007,780280631707,3307,415
1762389189,0000000400000080,780461606783,2794,416
1762389197,0000000400000080,780540501017,3255,417
1762389213,0000004000000008,780704704974,3776,418
1762389215,0000000800000008,780720940306,2775,419
1762389220,0000004000000002,780772615395,4883,420
1762389221,0000000100000080,780784522395,4175,421
1762389231,0000000800000080,780883477302,3402,422
1762389242,0000004000000004,780996900949,1771,423
1762389261,0000000400000080,781186776904,736,424
1762389292,0000000400000080,781493278146,3073,425
1762389305,0000004000000008,781627208879,220,426
1762389323,0000000100000008,781801344965,5321,427
1762389345,0000008000000080,782026559497,2158,428
1762389354,0000000400000080,782111872714,2218,429
1762389355,0000008000000008,782124433446,1467,430
1762389366,0000008000000080,782233541036,5293,431
1762389372,0000000100000008,782290682149,1855,432
1762389409,0000000100000001,782667757372,5145,433
1762389421,0000000c00000001,782783411850,3382,434
1762389434,0000000100000080,782919290211,405,435
1762389461,0000000100000002,783187021367,5075,436
1762389467,0000004000000004,783242240233,1750,437
1762389489,0000004000000004,783465837383,3894,438
1762389494,0000004000000001,783515388883,900,439
1762389498,0000008000000001,783551545562,3933,440
1762389510,0000008000000008,783673689909,1766,441
1762389512,0000004000000080,783696034044,426,442
1762389517,0000000400000008,783746345200,2578,443
1762389520,0000004000000008,783775020212,864,444
1762389534,0000000100000001,783916880903,2704,445
1762389543,0000000800000008,784002025439,2778,446
1762389548,0000000100000001,784051122953,5036,447
1762389574,0000008000000008,784315187151,4739,448
1762389577,0000000100000001,784347748080,2757,449
1762389586,0000000800000004,784431117685,2942,450
1762389605,0000008000000080,784621781197,1869,451
1762389612,0000000100000004,784698689339,2427,452
1762389617,0000008000000080,784748483342,4647,453
1762389625,0000004000000001,784821694343,238,454
1762389632,000000c000000001,784896055778,951,455
1762389634,0000000200000001,784911125913,5241,456
1762389634,0000004000000080,784914957646,5013,457
1762389638,0000000100000001,784952303843,2749,458
1762389640,0000004000000002,784975930287,1341,459
1762389657,0000008000000080,785142817762,1691,460
1762389668,0000000100000004,785250213176,429,461
1762389669,0000004000000001,785265310315,4721,462
1762389675,0000000100000007,785324553534,1146,463
1762389676,0000004000000008,785336902039,409,464
1762389681,0000000800000004,785383621051,2774,465
1762389691,0000000100000001,785481778078,2074,466
1762389697,0000000800000080,785541682918,3677,467
1762389698,0000000100000002,785558165186,2662,468
1762389707,0000004000000080,785649037710,2396,469
1762389723,0000008000000001,785809867445,3116,470
1762389733,0000000400000001,785905084307,2573,471
1762389738,0000008000000080,785958022672,4607,472
1762389746,0000000300000001,786030556985,235,473
1762389765,0000004000000002,786227419149,3985,474
1762389771,0000000100000004,786290013104,210,475
1762389776,0000000800000008,786337428314,2535,476
1762389778,0000008000000080,786351537066,1698,477
1762389783,0000004000000080,786407358122,3540,478
1762389803,0000000400000001,786607865893,1861,479
1762389805,0000000200000080,786621548106,1037,480
1762389811,0000008000000080,786682405413,2561,481
1762389821,0000008000000001,786787197274,1460,482
1762389825,0000008000000008,786823915081,4462,483
1762389833,0000000200000002,786903768703,4845,484
1762389841,0000008000000080,786980212567,245,485
1762389841,0000004000000008,786984524406,5176,486
1762389844,0000008000000080,787016515496,3249,487
1762389844,0000000400000001,787017542793,3187,488
1762389861,0000008000000080,787184340499,3548,489
1762389871,0000000800000001,787287056286,2546,490
1762389876,0000000800000001,787332872606,5001,491
1762389892,0000008000000080,787497420511,296,492
1762389897,0000000800000001,787542498833,2758,493
1762389901,0000000200000002,787585201257,210,494
1762389909,0000000800000001,787668816293,373,495
1762389910,0000008000000080,787679830087,4907,496
1762389916,0000000400000004,787730917261,1827,497
1762389923,0000000400000001,787809196517,2306,498
1762389930,0000000100000001,787878428388,3344,499
1762389947,0000000400000004,788048192541,3523,500
1762389951,0000004000000001,788081088943,1538,501
1762389956,0000008000000080,788139687658,3209,502
1762389993,0000008000000080,788506783731,1902,503
1762390014,0000008000000080,788713383590,5061,504
1762390018,0000000800000001,788753943690,2604,505
1762390027,0000000200000002,788841196402,2551,506
1762390032,0000000800000002,788893491718,4623,507
1762390041,0000008000000080,788985331094,4296,508
1762390081,0000000100000001,789384435976,1047,509
1762390084,0000000400000001,789411628299,1048,510
1762390104,0000000900000004,789618683955,2527,511
1762390137,0000004000000080,789949278064,3432,512
1762390142,0000008000000080,789995024460,677,513
1762390164,0000008000000080,790210789792,3280,514
1762390164,0000000400000004,790217082758,2889,515
1762390169,0000008000000004,790261096403,259,516
1762390178,0000000400000002,790356051046,4936,517
1762390195,0000004000000001,790525550871,5124,518
1762390218,0000008000000002,790752024590,1886,519
1762390221,0000000400000008,790788786270,4875,520
1762390221,0000004000000004,790789510485,4833,521
1762390225,0000000800000008,790820060796,2981,522
1762390238,0000000400000002,790954349057,5298,523
1762390243,0000000800000001,791003487067,2336,524
1762390247,0000004000000008,791046155212,4974,525
1762390256,0000008000000080,791136769162,4723,526
1762390276,0000000800000001,791334264858,3221,527
1762390291,0000000100000001,791482373429,4710,528
1762390294,0000000100000002,791510522680,2999,529
1762390294,0000004000000004,791519648148,2449,530
1762390296,0000008000000001,791531231401,1760,531
1762390296,0000008000000002,791532775912,1666,532
1762390320,0000000400000008,791770165811,2962,533
1762390325,0000004000000004,791825056859,4868,534
1762390357,0000004000000004,792144610813,1219,535
1762390399,0000000800000001,792561723557,2096,536
1762390405,0000000800000080,792624733356,3508,537
1762390408,0000000400000008,792650510817,1952,538
1762390439,0000000100000080,792965576415,3787,539
1762390455,0000000100000001,793123174081,4696,540
1762390456,0000000100000009,793138840779,3753,541
1762390458,0000000800000004,793150726942,3022,542
1762390468,0000004000000008,793253434498,2041,543
1762390484,0000000800000004,793411543168,2909,544
1762390490,0000000800000008,793478820892,4082,545
1762390515,0000000100000001,793728901032,4619,546
1762390520,0000000100000001,793771116472,2064,547
1762390523,0000008000000080,793809010943,4985,548
1762390524,0000004000000008,793812681385,4769,549
1762390535,0000000400000008,793925350894,3176,550
1762390542,0000000800000002,793997455622,4048,551
1762390550,0000000100000001,794073258924,4678,552
1762390559,0000000100000001,794163294090,4461,553
1762390588,0000008000000001,794457151946,2342,554
1762390602,0000000400000080,794593843641,4530,555
1762390622,0000000400000004,794790775459,3055,556
1762390627,0000000100000001,794846995530,4877,557
1762390635,0000000800000001,794927804266,5203,558
1762390646,0000000400000002,795035805562,3914,559
1762390658,0000004000000002,795155453493,1896,560
1762390660,0000000100000001,795178258822,529,561
1762390671,0000008000000080,795287603043,4352,562
1762390690,0000008000000001,795473246433,3563,563
1762390690,0000000100000001,795478817183,3221,564
1762390703,000000c000000080,795601037192,1063,565
1762390703,0000000400000080,795601281767,1048,566
1762390703,0000000800000009,795601869290,1013,567
1762390707,0000008000000080,795645301794,3602,568
1762390713,0000000100000002,795708931913,4966,569
1762390715,0000000400000080,795725018514,4009,570
1762390740,0000000400000001,795972401436,4706,571
1762390744,0000004000000005,796016969770,2012,572
1762390748,0000000100000001,796056165298,4858,573
1762390750,0000000800000080,796077923546,3548,574
1762390752,0000000100000080,796095729228,2461,575
1762390756,0000008000000080,796131186161,343,576
1762390764,0000000400000008,796212880751,619,577
1762390776,0000000100000080,796338896688,3428,578
1762390786,0000004000000002,796431447456,3047,579
1762390788,0000000100000080,796454367391,1673,580
1762390794,0000000100000001,796515816206,3170,581
1762390809,0000000800000008,796663167984,4706,582
1762390835,0000008000000080,796927358857,4400,583
1762390836,0000004000000001,796935453437,3911,584
1762390843,0000000500000008,797000587743,5176,585
1762390848,0000000400000004,797051856420,2085,586
1762390854,0000000100000002,797117022923,3366,587
1762390868,0000000800000002,797258139213,5263,588
1762390892,0000008000000008,797492015759,1582,589
1762390908,0000000800000004,797657326364,2024,590
1762390911,000000c000000080,797681566374,571,591
1762390918,0000008000000080,797756684553,1242,592
1762390923,0000004000000080,797808114508,3346,593
1762390954,0000000100000008,798110270987,750,594
1762390958,0000000100000001,798153282409,3360,595
1762390959,0000000100000001,798160804276,2893,596
1762390960,0000000400000008,798171973945,2229,597
1762390962,0000008000000008,798194313564,888,598
1762390965,0000008000000001,798225524936,4221,599
1762390967,0000000800000001,798247575622,2866,600
1762390973,0000000800000001,798301596423,4831,601
1762390975,0000004000000080,798324027252,3478,602
1762390988,0000008000000080,798449803936,1100,603
1762391003,0000008000000008,798607393489,2009,604
1762391006,0000000200000008,798632697074,492,605
1762391017,0000004000000004,798743896683,4204,606
1762391032,0000008000000080,798891289921,517,607
1762391037,0000004000000002,798949736908,2189,608
1762391044,0000000400000008,799016290475,3387,609
1762391045,0000000100000001,799027643700,2685,610
1762391059,0000004000000001,799165980369,4776,611
1762391062,0000000800000008,799194811180,3027,612
1762391067,0000000b00000002,799242002170,201,613
1762391068,0000000100000004,799258571145,4407,614
1762391071,0000000100000004,799281523129,3005,615
1762391078,0000008800000080,799355573076,3760,616
1762391084,0000000100000001,799415586734,5335,617
1762391089,0000000400000001,799465735589,2311,618
1762391106,0000004000000080,799631301794,2732,619
1762391112,0000008000000080,799694115919,4179,620
1762391134,0000000400000080,799915514165,1230,621
1762391141,0000004000000080,799987386205,2099,622
1762391162,0000008800000004,800193048087,5313,623
1762391169,0000008000000001,800260014611,1285,624
1762391169,0000000800000001,800268628664,767,625
1762391176,0000008000000001,800337422401,1823,626
1762391178,0000000200000003,800355455023,738,627
1762391182,0000000100000080,800391329426,3784,628
1762391193,0000008000000001,800505020719,2124,629
1762391201,0000000400000002,800584848707,2512,630
1762391202,0000004000000001,800599700107,1628,631
1762391248,0000000800000002,801057119986,5276,632
1762391253,0000000800000002,801100367109,2660,633
1762391260,0000000100000008,801172606221,3529,634
1762391279,0000004000000001,801369493271,2065,635
1762391282,0000008000000080,801398071346,353,636
1762391304,0000004000000008,801616731152,2762,637
1762391311,0000008000000004,801689662939,3592,638
1762391340,0000000800000001,801974363719,2038,639
1762391345,0000000100000001,802027427554,4057,640
1762391363,0000000800000008,802206854721,3645,641
1762391372,0000004000000080,802296332428,3453,642
1762391382,0000000100000001,802393461100,2784,643
1762391385,0000004000000002,802422564499,1048,644
1762391385,0000004000000004,802424472464,933,645
1762391409,0000008000000080,802664666188,2065,646
1762391414,0000000100000001,802709722282,4566,647
1762391414,0000008000000080,802716706010,4148,648
1762391436,0000000100000001,802938331291,1186,649
1762391452,0000000100000001,803097425178,2004,650
1762391453,0000000800000004,803103912378,1615,651
1762391457,0000008000000008,803140235154,4638,652
1762391469,0000000800000008,803262246636,2469,653
1762391477,0000000400000008,803346591279,2587,654
1762391486,0000004000000004,803434556802,2491,655
1762391494,0000008000000080,803513178935,2959,656
1762391503,0000008800000004,803601140114,2856,657
1762391515,0000008000000080,803722168925,782,658
1762391517,0000000100000002,803745908636,4563,659
1762391528,0000008000000080,803856870549,3064,660
1762391533,0000008000000080,803907254097,5232,661
1762391542,0000000800000080,803989703601,277,662
1762391554,0000000400000001,804113419347,3219,663
1762391576,0000000400000001,804331495508,491,664
1762391619,0000000200000001,804766092301,320,665
1762391624,0000000200000001,804816716931,2455,666
1762391640,0000004000000003,804970124455,3631,667
1762391658,0000000800000001,805154245749,2926,668
1762391659,0000008000000080,805164074500,2337,669
1762391666,000000c000000080,805232077746,3452,670
1762391672,0000008000000008,805298280411,4671,671
1762391678,0000000100000001,805359077838,1001,672
1762391692,0000000400000004,805499018172,2965,673
1762391693,000000c000000080,805507980407,2426,674
1762391713,0000000800000080,805703007657,1088,675
1762391727,0000000800000080,805843290094,3034,676
1762391739,0000000100000001,805959927040,1216,677
1762391758,0000000400000001,806150492458,162,678
1762391759,0000000800000004,806161830535,4666,679
1762391768,0000008000000004,806250557346,4525,680
1762391769,0000000200000001,806266151035,3580,681
1762391793,0000004000000008,806500075130,5086,682
1762391795,0000000100000001,806524284214,3635,683
1762391796,0000000100000001,806532051685,3158,684
1762391798,0000000800000001,806549757945,2091,685
1762391826,0000000400000004,806832349998,678,686
1762391840,0000000100000001,806976764319,2371,687
1762391851,0000008000000080,807086250589,986,688
1762391866,0000000100000001,807230343166,2693,689
1762391881,0000004000000008,807380018890,4107,690
1762391886,0000000400000080,807429760845,1099,691
1762391935,0000008000000008,807924141336,2516,692
1762391941,0000000400000080,807979831737,4384,693
1762391942,0000000100000001,807999301566,3197,694
1762391965,0000000100000008,808220412627,289,695
1762391976,0000000100000001,808330001441,4095,696
1762391979,0000000800000001,808362730806,2107,697
1762391982,0000000400000004,808392314746,337,698
1762392012,0000008000000080,808691070240,3135,699
1762392022,0000000100000004,808797961892,1900,700
1762392023,0000000800000008,808804452137,1510,701
1762392038,0000008000000080,808950215083,3127,702
1762392045,0000008000000080,809020807350,4093,703
1762392045,0000000400000001,809025174926,3827,704
1762392046,0000000500000004,809032315414,3389,705
1762392059,0000000200000002,809159731306,915,706
1762392059,0000000400000002,809161711084,796,707
1762392091,0000008000000080,809483444219,2214,708
1762392099,0000000400000001,809561332236,2714,709
1762392102,0000000100000001,809590715620,958,710
1762392137,0000004000000002,809944232688,474,711
1762392154,0000000400000002,810115941734,532,712
1762392167,0000008000000002,810242450708,3309,713
1762392172,0000000100000004,810299069864,5097,714
1762392173,000000c000000080,810301950948,4928,715
1762392198,0000000100000001,810553732880,172,716
1762392206,0000000200000001,810637879594,302,717
1762392211,0000004000000001,810687254896,2512,718
1762392222,0000000100000080,810798977625,993,719
1762392236,0000000200000004,810934854698,3208,720
1762392238,0000000400000004,810953775778,2067,721
1762392250,0000000100000001,811074472513,5200,722
1762392279,0000000400000006,811367411648,3157,723
1762392328,0000000800000004,811858197563,4809,724
1762392334,0000000400000002,811915215084,1369,725
1762392335,0000000100000002,811919718264,1099,726
1762392337,0000004000000004,811942984548,4901,727
1762392340,0000008000000080,811969798468,3285,728
1762392347,0000008000000008,812045022001,3964,729
1762392349,0000000800000080,812065656709,2695,730
1762392368,0000004000000002,812254353801,1746,731
1762392400,0000008000000008,812574128130,3288,732
1762392406,0000004000000001,812638890225,4597,733
1762392432,0000000400000004,812895672914,4731,734
1762392434,0000008000000080,812915602415,3527,735
1762392436,0000000800000008,812931824218,2536,736
1762392439,0000008800000003,812961038297,788,737
1762392441,0000008000000004,812986288458,4478,738
1762392465,0000008000000080,813227365123,355,739
1762392498,0000000100000004,813551288536,1642,740
1762392508,0000008000000002,813649804101,907,741
1762392518,0000000100000001,813755236786,4960,742
1762392533,0000000800000080,813906468526,1050,743
1762392536,0000000100000001,813930258504,4823,744
1762392538,0000000100000008,813957933941,3147,745
1762392546,0000000800000004,814030415590,3998,746
1762392552,0000000400000002,814094461613,5324,747
1762392572,0000000100000001,814298855999,3422,748
1762392574,0000004000000004,814319231005,2188,749
1762392579,0000008000000080,814368414372,4443,750
1762392585,0000000100000008,814420592731,1289,751
1762392585,0000000800000001,814420985428,1264,752
1762392587,0000000100000001,814448504668,4813,753
1762392598,0000004000000001,814552292364,3766,754
1762392599,0000000100000001,814567777114,2809,755
1762392605,0000008000000080,814619531036,4911,756
1762392610,0000004000000080,814673519512,1656,757
1762392614,0000000100000008,814715634030,4334,758
1762392621,0000000800000008,814787728969,5176,759
1762392647,0000000800000002,815042355141,253,760
1762392648,0000000400000080,815058352893,4492,761
1762392663,0000000800000004,815206466858,762,762
1762392680,0000000100000001,815373953848,1073,763
1762392695,0000000500000088,815528608520,2155,764
1762392698,0000008000000080,815551374087,790,765
1762392726,0000008000000004,815838395265,4316,766
1762392741,0000000400000002,815984901431,683,767
1762392756,0000000400000080,816139250514,1785,768
1762392765,0000000800000001,816221364833,2037,769
1762392773,0000004000000002,816306412317,2114,770
1762392793,0000000400000001,816500277771,844,771
1762392795,0000008000000008,816528558530,4353,772
1762392798,0000000100000001,816552165804,2906,773
1762392808,0000008000000080,816654829710,1934,774
1762392810,0000000400000002,816678450019,517,775
1762392812,0000004000000002,816693543477,4809,776
1762392832,0000000800000080,816889617412,3397,777
1762392841,0000000200000002,816983015905,2960,778
1762392849,0000004000000008,817060023875,3536,779
1762392852,0000004000000001,817093292937,1529,780
1762392870,0000000400000080,817274262270,1030,781
1762392873,0000000800000004,817300412809,4664,782
1762392885,0000000100000008,817423767528,2417,783
1762392901,0000004000000080,817580280248,3403,784
1762392905,0000000100000001,817625186959,699,785
1762392908,0000008000000002,817649537325,4443,786
1762392910,0000000400000001,817677821131,2711,787
1762392910,0000008000000080,817678322923,2683,788
1762392915,0000000100000001,817729249729,4835,789
1762392922,0000008000000080,817790457884,1143,790
1762392923,0000004000000008,817807116196,162,791
1762392926,0000000100000001,817837693417,3503,792
1762392951,0000004000000008,818082247003,4385,793
1762392954,0000008000000008,818112210164,2554,794
1762392957,0000008000000080,818146083250,531,795
1762392971,0000000100000001,818284353317,2588,796
1762392979,0000000100000003,818364359501,2971,797
1762392980,0000000100000002,818375611872,2297,798
1762392981,0000000800000002,818380026088,2036,799
1762392993,0000000800000001,818499926971,5214,800
1762392997,0000000800000002,818542295501,2651,801
1762393019,0000008000000002,818764468067,4889,802
1762393019,0000008000000080,818766587475,4765,803
1762393021,0000000100000003,818786917830,3538,804
1762393033,0000000800000001,818902314238,1784,805
1762393061,0000000400000001,819186863799,255,806
1762393064,0000004000000001,819214796408,3773,807
1762393075,0000008000000002,819325021772,2319,808
1762393086,0000000400000008,819432556121,1051,809
1762393094,0000000100000008,819518811612,1056,810
1762393109,0000000400000008,819663111609,2749,811
1762393117,0000008000000002,819744035033,3088,812
1762393123,0000000400000002,819807690182,4472,813
1762393126,0000000100000002,819837374886,2657,814
1762393130,0000004000000080,819869730098,725,815
1762393136,0000000100000001,819933271624,2093,816
1762393143,0000000400000004,820005483540,2936,817
1762393151,0000008000000008,820084859621,3370,818
1762393172,0000008000000008,820292088926,1287,819
1762393183,0000008000000008,820400283963,5170,820
1762393192,0000000100000001,820494180605,4725,821
1762393196,0000004000000002,820536376649,2170,822
1762393205,0000004000000080,820626468214,1949,823
1762393213,0000000800000008,820700510869,2677,824
1762393213,0000004000000004,820703717554,2487,825
1762393221,0000000100000008,820783242066,2896,826
1762393230,0000004000000080,820874753071,2585,827
1762393237,000000c000000080,820939934857,3882,828
1762393238,0000000100000001,820953061507,3077,829
1762393247,0000008000000088,821042729897,2868,830
1762393270,0000000800000002,821269794929,4811,831
1762393298,0000004000000001,821556646583,3127,832
1762393322,0000000800000001,821798128389,4202,833
1762393334,0000000100000001,821917902010,2171,834
1762393363,0000008000000004,822201745332,683,835
1762393367,0000000800000080,822241282112,3497,836
1762393371,0000000400000008,822288496315,659,837
1762393374,0000008000000002,822313198863,4382,838
1762393374,0000004000000001,822314863245,4282,839
1762393385,0000000400000001,822421777827,3022,840
1762393392,0000008000000008,822494744007,3847,841
1762393393,0000000100000001,822503626605,3300,842
1762393398,0000008000000004,822558048563,5220,843
1762393407,0000000800000008,822642459590,162,844
1762393409,0000000100000001,822666886425,3878,845
1762393443,0000000400000080,823006248558,4245,846
1762393449,0000008000000080,823064318350,735,847
1762393459,0000000800000004,823165974374,5013,848
1762393463,0000000800000002,823203666463,2727,849
1762393479,0000004000000004,823363256462,3535,850
1762393481,0000004000000001,823379855557,2522,851
1762393485,0000004000000002,823421521379,5220,852
1762393498,0000000100000002,823552013707,2551,853
1762393563,0000008000000008,824204457831,4875,854
1762393581,0000004000000088,824380020729,4706,855
1762393594,0000000100000001,824514028309,1828,856
1762393600,0000000800000002,824575358334,3335,857
1762393602,0000008000000080,824590990091,2383,858
1762393611,0000000100000001,824681090613,2162,859
1762393638,000000010000000e,824957311380,1130,860
1762393646,0000008000000004,825035006162,1652,861
1762393651,0000008000000080,825083798538,3925,862
1762393651,0000000100000008,825087034055,3728,863
1762393654,0000008000000001,825114115818,2085,864
1762393678,0000000800000080,825353024191,3301,865
1762393684,0000008000000008,825413847918,4844,866
1762393695,0000000100000004,825527754471,3175,867
1762393700,0000000100000002,825572229556,503,868
1762393722,0000008000000008,825798894556,2441,869
1762393729,0000008000000080,825866806231,3563,870
1762393739,0000004000000004,825968791837,2605,871
1762393752,0000000400000008,826093162371,334,872
1762393753,0000000100000003,826100786019,5067,873
1762393776,0000000400000080,826338814253,1132,874
1762393792,0000008800000004,826490931338,2364,875
1762393808,0000000800000008,826657382035,2732,876
1762393810,0000000800000008,826669465984,2018,877
1762393832,0000000100000004,826892871804,4180,878
1762393861,0000004000000001,827181724448,2361,879
1762393870,0000008000000002,827274817286,1961,880
1762393872,0000000800000080,827291841535,938,881
1762393891,0000000400000002,827482966934,5028,882
1762393898,0000008000000080,827554760890,707,883
1762393900,0000000100000001,827572543895,4838,884
1762393934,0000000800000008,827914842382,5019,885
1762393935,0000000100000080,827928967471,4183,886
1762393939,0000000100000008,827963346329,2094,887
1762393952,000000c000000080,828095082698,4576,888
1762393954,0000000800000080,828118345108,3160,889
1762393982,0000000400000080,828396430045,2014,890
1762394004,0000000400000002,828617125155,4339,891
1762394006,0000008000000080,828636030975,3184,892
1762394020,0000008000000002,828778048187,5035,893
1762394025,0000008000000080,828822971709,2320,894
1762394025,0000000100000001,828827205513,2070,895
1762394026,0000008400000080,828836709818,1501,896
1762394027,0000008000000002,828843291301,1104,897
1762394028,0000000100000001,828852352675,563,898
1762394028,0000008000000008,828855616288,369,899
1762394043,0000000100000008,829006482086,1677,900
1762394052,0000004000000002,829090264940,1831,901
1762394055,0000008000000080,829124017088,4999,902
1762394077,0000004000000001,829343296842,2187,903
1762394090,0000004000000002,829475052910,4666,904
1762394095,0000004c00000080,829523328475,1751,905
1762394104,0000000100000001,829617476378,1280,906
1762394106,0000000100000004,829632389924,388,907
1762394111,0000000400000004,829685298328,2388,908
1762394115,0000000400000080,829726345367,5122,909
1762394128,0000000200000002,829849283832,2908,910
1762394140,0000000c00000080,829976739313,450,911
1762394144,0000000100000001,830013772816,3416,912
1762394151,0000000100000001,830085074974,4334,913
1762394180,0000000400000080,830369823274,2757,914
1762394184,0000000800000004,830415555146,5214,915
1762394227,0000000800000002,830845155151,162,916
1762394245,0000004000000001,831026996532,4800,917
1762394258,0000000400000008,831152216249,2444,918
1762394261,0000000400000004,831186067749,421,919
1762394277,000000c000000080,831342406862,1399,920
1762394283,0000008000000080,831405103828,2808,921
1762394286,0000004000000001,831436681801,921,922
1762394289,0000004000000002,831460828476,4676,923
1762394289,0000004000000004,831465764022,4384,924
1762394294,0000008000000080,831511411501,1622,925
1762394307,0000004000000002,831642559465,4137,926
1762394309,0000008000000080,831663601569,2841,927
1762394312,0000004000000080,831697964500,787,928
1762394315,0000000800000004,831728385597,4168,929
1762394322,0000000400000008,831793708370,227,930
1762394326,0000000100000001,831833834595,2996,931
1762394334,0000008000000080,831916362950,3231,932
1762394337,0000008000000008,831945948024,1452,933
1762394349,000000c000000080,832060997461,4925,934
1762394349,0000008000000004,832065619067,4654,935
1762394350,0000008000000004,832072323728,4254,936
1762394358,0000000800000002,832151695923,4670,937
1762394366,0000000800000001,832233061622,4963,938
1762394366,0000000400000004,832236042321,4786,939
1762394386,0000008000000002,832434807758,3208,940
1762394389,0000000400000080,832462447959,1546,941
1762394390,0000008000000080,832474601253,815,942
1762394392,0000000100000004,832494450778,4824,943
1762394400,0000000400000008,832575203868,5155,944
1762394410,0000008000000080,832671597877,4562,945
1762394431,0000000200000001,832884649788,2115,946
1762394474,0000008000000008,833317728895,2036,947
1762394490,0000008000000080,833471574435,3172,948
1762394495,0000000100000002,833525501198,5124,949
1762394498,0000000400000004,833553236190,3458,950
1762394501,0000000100000080,833583593778,1627,951
1762394507,0000000100000004,833639500060,3463,952
1762394525,0000000100000003,833825640785,2639,953
1762394525,0000004000000002,833827225435,2545,954
1762394528,0000004000000080,833858826747,654,955
1762394551,0000004000000004,834084256370,2661,956
1762394551,0000000800000004,834087488464,2471,957
1762394552,0000008000000080,834093384654,2122,958
1762394554,0000000100000001,834112196357,992,959
1762394554,0000004000000080,834115041779,821,960
1762394569,0000000100000004,834261457137,2395,961
1762394569,000000c000000080,834268913148,1953,962
1762394579,0000000400000008,834368144763,1177,963
1762394597,0000000400000001,834538936085,1294,964
1762394598,0000000100000001,834549051563,686,965
1762394598,0000000400000004,834552371883,490,966
1762394599,0000000400000004,834563258678,5028,967
1762394606,000000c000000080,834631734970,905,968
1762394613,0000000400000001,834703485213,1784,969
1762394637,0000004000000001,834948695662,2604,970
1762394638,0000000400000001,834955265044,2214,971
1762394641,0000000800000001,834981361388,652,972
1762394642,0000008000000080,834990064444,5321,973
1762394665,0000004000000001,835220375042,1853,974
1762394671,0000000100000008,835288350007,2950,975
1762394718,0000000400000080,835757103642,733,976
1762394727,0000000100000001,835848044707,459,977
1762394736,0000008000000008,835937875978,251,978
1762394748,0000000400000001,836053583779,3682,979
1762394749,0000004000000002,836066131730,2908,980
1762394761,000000c000000080,836185785843,915,981
1762394784,0000004000000004,836415548163,2663,982
1762394785,0000008000000008,836425562739,2070,983
1762394788,0000004000000080,836457677706,162,984
1762394806,0000000100000002,836634055975,5117,985
1762394819,0000008000000080,836762008612,2599,986
1762394819,0000000400000001,836768367353,2223,987
1762394821,0000008000000004,836785657407,1187,988
1762394826,0000000400000080,836832106070,3596,989
1762394882,0000000800000008,837394034504,949,990
1762394885,0000000100000001,837420721939,4554,991
1762394888,0000000800000002,837450440026,2738,992
1762394892,0000000100000001,837491320623,297,993
1762394896,0000000100000002,837532551243,2998,994
1762394896,0000008000000080,837537399511,2700,995
1762394906,0000008000000080,837635933362,1979,996
1762394912,0000004000000080,837695005029,3630,997
1762394935,0000004000000080,837924616394,203,998
1762394942,0000000100000008,837998362986,953,999
1762394953,0000000800000002,838104615403,4957,1000
1762394958,0000000100000001,838153283405,2023,1001
1762394965,0000004000000001,838225728470,2846,1002
1762395008,0000000200000001,838653881777,3071,1003
1762395014,0000000400000080,838710001092,4899,1004
1762395028,0000008000000002,838855503752,1333,1005
1762395028,0000008000000001,838858037734,1180,1006
1762395044,0000008000000004,839018319067,1928,1007
1762395058,0000008000000080,839149093166,4466,1008
1762395075,0000008000000080,839323260777,4378,1009
1762395091,0000000100000008,839481298308,5244,1010
1762395098,0000008000000080,839558119576,623,1011
1762395102,0000000800000080,839598374904,3397,1012
1762395151,0000008000000080,840079198455,444,1013
1762395158,0000008000000008,840149724469,1390,1014
1762395169,0000000800000001,840263342092,4951,1015
1762395181,0000008000000080,840383675210,2889,1016
1762395182,0000004000000080,840394660968,2234,1017
1762395191,0000000100000001,840485910160,1943,1018
1762395193,0000002000000008,840504928295,800,1019
1762395197,0000000400000008,840547642116,3430,1020
1762395214,0000008000000002,840711783538,3953,1021
1762395229,0000000400000001,840867243738,4981,1022
1762395239,0000004000000001,840963463080,4399,1023
1762395256,0000008000000080,841130429511,4737,1024
1762395256,0000008000000001,841132444117,4618,1025
1762395256,0000004000000080,841133049377,4583,1026
1762395264,0000000800000008,841209541511,2133,1027
1762395275,0000000800000001,841324327987,3455,1028
1762395279,0000000100000001,841364119463,1056,1029
1762395289,0000004000000080,841462707048,325,1030
1762395307,0000008000000004,841638811483,5309,1031
1762395310,0000000400000001,841670172318,3427,1032
1762395315,0000000200000004,841725782463,5273,1033
1762395320,0000008000000008,841776298575,2228,1034
1762395324,0000000800000004,841818255755,4909,1035
1762395332,0000000100000002,841890609738,553,1036
1762395347,0000004000000080,842039221586,1997,1037
1762395368,0000004000000008,842254257671,4658,1038
1762395376,0000000400000004,842337869657,4819,1039
1762395381,0000000800000001,842379882467,2275,1040
1762395391,0000000100000004,842482836934,1282,1041
1762395398,0000008000000008,842551501678,2340,1042
1762395398,0000008000000080,842553300110,2233,1043
1762395404,0000004000000006,842618461037,3518,1044
1762395413,0000000100000080,842701372972,3730,1045
1762395424,0000008800000004,842816025980,2014,1046
1762395429,0000000400000004,842867443138,4134,1047
1762395439,000000c100000001,842960259491,3739,1048
1762395453,0000000800000008,843105709186,181,1049
1762395457,0000008000000008,843146192638,2921,1050
1762395494,0000008000000008,843509096396,1878,1051
1762395495,0000000100000004,843528653958,702,1052
1762395496,0000008000000080,843532244000,490,1053
1762395498,0000008000000001,843552128427,4499,1054
1762395499,0000000400000004,843565186402,3707,1055
1762395536,0000008000000008,843937441942,2079,1056
1762395545,0000004000000004,844020117966,2295,1057
1762395556,0000000100000003,844130231081,872,1058
1762395563,0000000800000080,844208394883,1363,1059
1762395577,0000000800000001,844341191272,3776,1060
1762395584,0000000100000008,844409992240,4828,1061
1762395597,0000008000000080,844540684044,2149,1062
1762395625,0000000100000001,844823105313,745,1063
1762395626,0000008000000002,844831142055,268,1064
1762395626,0000000800000002,844831501050,245,1065
1762395637,0000004000000008,844939167906,4169,1066
1762395651,0000008000000080,845083439249,668,1067
1762395683,0000008000000001,845402460652,2247,1068
1762395686,0000000400000006,845432630094,441,1069
1762395688,0000000800000002,845455695785,4261,1070
1762395713,0000008000000002,845699447390,5166,1071
1762395714,0000000400000001,845708940246,4606,1072
1762395732,0000000100000008,845893740779,3876,1073
1762395756,0000004000000080,846130888316,5182,1074
1762395763,000000c000000080,846201558513,928,1075
1762395766,0000008000000004,846230035915,4426,1076
1762395780,0000000100000001,846374004442,943,1077
1762395781,0000000100000001,846378732864,662,1078
1762395786,0000000100000001,846429107159,2810,1079
1762395803,0000000100000084,846602944472,2741,1080
1762395806,000000c000000080,846637340602,686,1081
1762395832,0000000100000003,846894523852,797,1082
1762395834,0000008000000080,846914532956,4796,1083
1762395835,0000008000000002,846921597214,4379,1084
1762395838,0000004000000008,846952656529,2487,1085
1762395839,0000000100000004,846968402888,1546,1086
1762395843,0000000800000002,847002582646,4697,1087
1762395849,0000008000000002,847066373956,847,1088
1762395854,0000008000000080,847117139228,2979,1089
1762395861,0000004000000008,847185181938,4105,1090
1762395921,0000000400000080,847780127623,4670,1091
1762395941,0000000200000001,847984129920,2759,1092
1762395942,0000008000000002,847997171624,1988,1093
1762395946,0000000400000004,848034765241,4929,1094
1762395949,0000000400000004,848062748746,3240,1095
1762395949,0000000800000002,848064996908,3102,1096
1762395950,0000000800000004,848071193779,2718,1097
1762395962,0000000800000008,848194642220,504,1098
1762395977,0000000100000001,848342799090,1974,1099
1762395994,0000000800000080,848518125270,3634,1100
1762395996,0000000100000001,848534689280,820,1101
1762396041,0000000800000001,848986987871,4786,1102
1762396060,0000004000000080,849175173261,3857,1103
1762396061,0000000400000080,849180112587,3554,1104
1762396070,0000000800000001,849275500100,2996,1105
1762396083,0000000400000080,849401146199,642,1106
1762396095,0000000200000001,849525189442,3573,1107
1762396112,0000000100000001,849697675011,3584,1108
1762396128,0000004000000001,849855662777,4477,1109
1762396153,0000000400000002,850106105391,4984,1110
1762396156,0000000100000080,850133627827,3326,1111
1762396156,0000000400000080,850136084932,3175,1112
1762396176,0000000800000080,850335847152,1547,1113
1762396190,0000000400000004,850473497895,3664,1114
1762396207,0000000800000080,850642644684,3879,1115
1762396227,0000000100000001,850845613167,2044,1116
1762396248,0000000100000001,851054364341,5073,1117
1762396254,0000008000000080,851112406412,1579,1118
1762396264,0000008000000080,851216938844,489,1119
1762396273,0000000100000008,851300382317,661,1120
1762396279,0000008000000082,851361653506,2164,1121
1762396290,0000008000000080,851472308356,707,1122
1762396295,0000004100000088,851519005177,3087,1123
1762396303,0000000800000080,851601126431,3346,1124
1762396312,0000008000000080,851694096531,2935,1125
1762396313,0000000400000080,851699263375,2624,1126
1762396319,0000000400000080,851765007255,3887,1127
1762396320,0000008000000004,851777390429,3126,1128
1762396338,0000000400000001,851957473044,2672,1129
1762396344,0000000100000001,852012185586,4600,1130
1762396357,0000008000000040,852147982092,1612,1131
1762396366,0000000400000001,852238045369,1389,1132
1762396367,0000000800000080,852248175178,781,1133
1762396372,0000008000000080,852291253264,3386,1134
1762396381,0000008000000080,852383394469,3028,1135
1762396387,0000000400000001,852439103041,4883,1136
1762396405,0000000800000008,852620155233,4389,1137
1762396422,0000000100000004,852795839330,4210,1138
1762396426,0000000100000008,852834392440,1875,1139
1762396440,0000000100000001,852972670507,3958,1140
1762396466,0000000100000080,853232963908,3882,1141
1762396508,0000008000000002,853656605818,4370,1142
1762396514,0000004000000080,853717740212,679,1143
1762396547,0000000800000002,854041726027,1965,1144
1762396562,0000008000000080,854191142241,3368,1145
1762396563,0000000800000008,854201186780,2747,1146
1762396577,0000008000000004,854339273077,4850,1147
1762396596,0000008000000080,854532027631,3644,1148
1762396601,000000c000000080,854579532207,778,1149
1762396638,0000008000000008,854948500607,4567,1150
1762396645,000000c000000080,855028042377,4967,1151
1762396646,0000000800000004,855031786078,4747,1152
1762396657,0000000100000001,855143826840,3191,1153
1762396661,0000000100000001,855184833688,725,1154
1762396664,0000000400000001,855210984747,4362,1155
1762396666,0000000100000001,855231385028,3117,1156
1762396671,0000008000000008,855287598637,4937,1157
1762396692,0000000800000001,855497907610,2656,1158
1762396704,0000000800000004,855617713919,657,1159
1762396709,0000000200000004,855663811265,3583,1160
1762396712,0000000800000080,855692684865,1338,1161
1762396713,0000000200000004,855700284371,882,1162
1762396715,0000000800000001,855719696986,4914,1163
1762396716,0000000c00000002,855730768778,4259,1164
1762396721,0000008000000002,855784980352,980,1165
1762396723,0000000800000001,855803584791,5058,1166
1762396724,0000008000000001,855811894131,4570,1167
1762396744,0000000400000001,856016852990,2604,1168
1762396755,0000004000000004,856123826898,1374,1169
1762396761,0000004000000008,856187741822,2711,1170
1762396786,0000000400000004,856432604833,3583,1171
1762396786,0000000200000004,856437193377,3302,1172
1762396791,0000000400000004,856482713165,564,1173
1762396800,0000004000000004,856576927899,5282,1174
1762396803,0000000100000080,856600390456,3883,1175
1762396817,0000008000000080,856738935255,731,1176
1762396819,0000004000000002,856758876655,4736,1177
1762396842,0000000800000080,856991707745,1106,1178
1762396845,0000000400000080,857028170604,4125,1179
1762396848,0000004000000080,857058319133,2289,1180
1762396857,0000004000000002,857145287223,2251,1181
1762396867,0000000800000002,857243892536,1519,1182
1762396867,0000000100000001,857246117427,1386,1183
1762396869,0000000400000004,857259702724,572,1184
1762396892,0000008000000004,857491709573,2191,1185
1762396895,0000000400000001,857519520490,525,1186
1762396895,0000000800000004,857526495680,5294,1187
1762396896,0000008000000004,857532992666,4911,1188
1762396925,0000000800000080,857822940327,3040,1189
1762396927,0000008000000001,857838786608,2090,1190
1762396930,0000000100000004,857872972767,5230,1191
1762396932,0000008000000001,857896494216,3826,1192
1762396939,0000000100000001,857960887186,5138,1193
1762396941,0000008000000004,857983476219,3788,1194
1762396948,0000000800000001,858052179861,4847,1195
1762396965,0000000800000001,858223747631,4911,1196
1762396993,0000000400000004,858501896246,3767,1197
1762396996,0000000800000002,858532237620,1931,1198
1762397007,0000008000000080,858647125769,220,1199
1762397030,0000000800000002,858874724640,2102,1200
1762397036,0000008000000080,858933447766,3777,1201
1762397047,0000008000000080,859041843080,2432,1202
1762397060,0000004000000004,859177075598,4704,1203
1762397081,0000008000000002,859381958292,2742,1204
1762397085,0000004000000004,859420758048,426,1205
1762397092,0000004000000004,859490664082,1410,1206
1762397105,0000004000000002,859620939229,3978,1207
1762397114,0000000100000001,859716083885,3437,1208
1762397127,0000000400000080,859843235538,977,1209
1762397128,0000000400000008,859855264285,260,1210
1762397141,0000000100000008,859985065315,2822,1211
1762397171,0000008000000080,860281629082,579,1212
1762397175,0000000800000004,860326478018,3069,1213
1762397176,0000000200000080,860328882462,2917,1214
1762397176,0000008000000080,860331827437,2737,1215
1762397176,0000000800000001,860338105477,2366,1216
1762397178,0000000100000001,860352534529,1505,1217
1762397202,0000000800000002,860596886196,2381,1218
1762397233,0000000400000004,860899653510,4957,1219
1762397237,0000008000000088,860942124977,2390,1220
1762397240,0000000100000001,860977600788,269,1221
1762397251,0000004000000002,861084932318,4212,1222
1762397255,0000004000000002,861122544653,1932,1223
1762397262,0000000100000004,861195374991,2733,1224
1762397270,0000004000000008,861276619608,3047,1225
1762397282,0000000800000008,861396440340,1038,1226
1762397296,0000000400000080,861535998495,3026,1227
1762397311,0000004000000001,861685351597,4452,1228
1762397315,0000000800000002,861721104490,2280,1229
1762397319,0000000800000002,861765982643,4789,1230
1762397325,0000004000000001,861820560174,1495,1231
1762397328,0000000100000001,861849861526,4933,1232
1762397336,0000000800000001,861930539697,5268,1233
1762397346,0000000800000002,862032023120,4374,1234
1762397346,0000004000000004,862036757145,4089,1235
1762397349,0000000100000001,862058911469,2727,1236
1762397352,0000000400000002,862096762277,467,1237
1762397379,000000c000000080,862366309452,5028,1238
1762397391,0000004000000004,862486862940,2959,1239
1762397397,0000008000000080,862540746115,4925,1240
1762397402,0000008000000004,862593746351,1732,1241
1762397416,0000008000000001,862730665064,3897,1242
1762397419,0000000800000002,862758297077,2217,1243
1762397430,0000000100000008,862869728813,714,1244
1762397439,0000000400000008,862961301544,403,1245
1762397460,0000000400000004,863171521136,3337,1246
1762397470,0000000100000001,863273733080,2373,1247
1762397480,0000000100000002,863375954378,1424,1248
1762397486,0000008000000080,863437115587,2928,1249
1762397501,0000008000000008,863582358070,4605,1250
1762397505,0000000800000002,863620695110,2279,1251
1762397509,0000000200000001,863668036278,4643,1252
1762397510,0000008000000002,863675750024,4184,1253
1762397517,0000000100000004,863747221845,5064,1254
1762397522,0000004000000004,863792590380,2326,1255
1762397529,0000000100000001,863866557767,3074,1256
1762397531,0000000100000008,863887680027,1806,1257
1762397534,0000000100000088,863911431667,383,1258
1762397540,0000000800000001,863973240135,1854,1259
1762397543,0000008000000080,864004384156,5176,1260
1762397575,0000004000000001,864323557947,1557,1261
1762397578,0000008000000080,864354638939,4888,1262
1762397587,0000000800000008,864444315908,4692,1263
1762397604,0000004000000080,864615295254,4792,1264
1762397609,0000008000000002,864663199589,1901,1265
1762397611,0000008000000002,864679072131,945,1266
1762397617,000000c000000080,864745592567,2137,1267
1762397621,0000000400000004,864785539134,4936,1268
1762397627,0000008000000080,864843652841,1434,1269
1762397632,0000000800000080,864893481183,3640,1270
1762397634,0000000800000001,864910253206,2612,1271
1762397650,0000008000000004,865071892697,3290,1272
1762397660,0000000100000080,865174934728,2276,1273
1762397669,0000000800000001,865260163748,2342,1274
1762397687,0000000400000080,865447471166,1470,1275
1762397706,0000000400000008,865629846766,887,1276
1762397717,0000004000000002,865745397866,4342,1277
1762397730,0000000400000001,865872723856,1860,1278
1762397746,0000008000000080,866032417151,2629,1279
1762397748,0000000100000004,866053496469,1373,1280
1762397754,000000c000000080,866108775047,3242,1281
1762397768,0000000400000004,866252168545,5009,1282
1762397768,0000000100000001,866254842540,4851,1283
1762397773,0000008000000080,866306863352,1715,1284
1762397789,0000000400000008,866462836972,2707,1285
1762397815,0000008000000080,866726963000,2407,1286
1762397832,0000000100000001,866894337041,2723,1287
1762397880,0000000100000001,867377595844,4837,1288
1762397897,0000004000000004,867541098236,193,1289
1762397923,0000000100000004,867799104130,254,1290
1762397935,0000000800000008,867923910001,3126,1291
1762397937,0000000400000002,867939224388,2203,1292
1762397943,0000000800000008,868006374963,3364,1293
1762397947,0000000400000080,868044784752,1050,1294
1762397977,0000000100000080,868339389627,4121,1295
1762397984,0000004000000004,868409347965,5095,1296
1762397992,0000000800000008,868496946898,5020,1297
1762398022,0000008000000080,868788335729,3065,1298
1762398038,0000004000000008,868948847624,3813,1299
1762398045,0000008000000001,869020323529,4707,1300
1762398061,0000008000000080,869182544839,5327,1301
1762398061,0000008000000080,869184302627,5222,1302
1762398068,0000000100000002,869254537248,993,1303
1762398069,0000000800000002,869266645386,273,1304
1762398089,0000000800000080,869459186994,4283,1305
1762398090,0000004000000080,869470880236,3570,1306
1762398092,0000000100000001,869491883655,2294,1307
1762398100,0000000100000001,869570728738,5477,1308
1762398103,0000000800000004,869607626686,535,1309
1762398117,0000008000000080,869741548127,2851,1310
1762398117,0000008000000080,869741573935,2849,1311
1762398117,0000000100000002,869744335873,2684,1312
1762398119,0000000800000080,869761204502,1681,1313
1762398120,000000c000000080,869775706269,809,1314
1762398144,0000000400000001,870013705757,2072,1315
1762398169,0000000100000001,870261429255,2741,1316
1762398179,0000000100000001,870359530133,2046,1317
1762398200,0000004000000004,870575640962,4643,1318
1762398203,0000000400000080,870601840967,3049,1319
1762398205,0000008800000004,870626522941,1568,1320
1762398237,0000000100000004,870945848242,3135,1321
1762398245,0000000400000001,871025109671,3568,1322
1762398253,0000008000000002,871100199486,4257,1323
1762398267,0000008000000080,871245617390,686,1324
1762398274,0000000800000001,871312623081,1850,1325
1762398296,0000000800000001,871535028237,4068,1326
1762398298,0000000400000008,871551850638,3035,1327
1762398299,0000000400000004,871567645075,2087,1328
1762398301,0000000800000008,871586577410,950,1329
1762398303,0000000100000080,871599557491,177,1330
1762398303,0000008000000080,871603190587,5148,1331
1762398303,0000008000000080,871604998803,5041,1332
1762398310,0000000100000001,871676540402,735,1333
1762398329,0000008000000001,871861411405,5197,1334
1762398332,0000000800000001,871889747768,3496,1335
1762398332,0000000100000001,871896141533,3103,1336
1762398343,0000004000000008,872002842056,1881,1337
1762398351,0000008000000008,872084113375,2183,1338
1762398355,0000000800000004,872121818279,5114,1339
1762398361,0000000100000080,872179783041,1626,1340
1762398385,0000000100000001,872425744778,2404,1341
1762398388,0000000400000001,872448771237,1025,1342
1762398398,0000000100000002,872554155865,5078,1343
1762398399,0000000100000001,872565209289,4426,1344
1762398411,0000000400000008,872681374040,2605,1345
1762398415,0000000100000004,872726412620,5104,1346
1762398435,0000000100000001,872920905046,3802,1347
1762398466,0000004000000004,873231905095,666,1348
1762398471,0000000100000001,873282707269,2789,1349
1762398475,0000000100000004,873327166280,5321,1350
1762398484,0000000100000001,873417569686,5081,1351
1762398485,0000000800000008,873424722246,4659,1352
1762398491,0000000800000004,873478895443,1387,1353
1762398496,0000004000000080,873533613225,3293,1354
1762398496,0000000100000008,873534276322,3251,1355
1762398504,0000008000000001,873613331466,3699,1356
1762398511,0000008000000008,873685900016,4533,1357
1762398516,0000008000000080,873729450110,1899,1358
1762398519,0000004000000080,873761946243,5139,1359
1762398519,0000000400000004,873764212866,5005,1360
1762398525,0000000400000002,873820996548,1586,1361
1762398528,0000000100000002,873848205135,5144,1362
1762398536,0000004800000004,873930796675,182,1363
1762398540,0000000400000008,873976205186,2626,1364
1762398543,0000008000000080,874003070469,1020,1365
1762398555,0000008000000001,874127355543,3946,1366
1762398560,0000008000000004,874176080237,1001,1367
1762398571,0000008000000008,874278722279,5217,1368
1762398595,0000008000000002,874519914165,1094,1369
1762398597,0000004000000004,874547935393,4616,1370
1762398604,0000000200000004,874609984655,871,1371
1762398611,0000000100000080,874681881416,1739,1372
1762398621,0000008000000008,874785258257,716,1373
1762398623,0000000200000001,874806214086,4660,1374
1762398631,0000000100000004,874881729664,5300,1375
1762398632,0000000100000001,874888196040,4918,1376
1762398641,0000008000000008,874982232626,4465,1377
1762398662,0000008000000080,875191139250,2263,1378
1762398663,0000008000000002,875207885456,1262,1379
1762398665,0000000800000008,875225760923,193,1380
1762398674,0000000400000004,875312514926,169,1381
1762398696,0000004000000004,875535733561,2310,1382
1762398718,0000000100000001,875757885417,4550,1383
1762398726,0000000800000008,875828278162,307,1384
1762398731,0000008000000004,875885269141,2064,1385
1762398738,0000000400000004,875950813620,3321,1386
1762398739,0000008000000008,875958922154,2817,1387
1762398744,0000008000000002,876011412872,4874,1388
1762398744,0000000800000001,876013410025,4757,1389
1762398750,0000000800000001,876075642098,1002,1390
1762398766,0000000800000004,876236974479,1687,1391
1762398783,0000004000000004,876405842613,1917,1392
1762398794,0000004000000008,876508004064,964,1393
1762398803,0000000800000008,876601684808,526,1394
1762398803,0000000100000001,876607754365,165,1395
1762398813,0000008000000080,876706837114,4599,1396
1762398817,0000000100000003,876738929075,2645,1397
1762398817,0000000400000004,876744761559,2299,1398
1762398851,0000000800000004,877084183353,2651,1399
1762398852,0000000400000008,877088949796,2370,1400
1762398855,0000008000000080,877127072442,5277,1401
1762398876,0000000100000002,877332275504,3323,1402
1762398877,0000000100000001,877347682500,2386,1403
1762398890,0000000100000008,877476348211,5047,1404
1762398898,0000000800000008,877552965822,439,1405
1762398904,0000008000000002,877608138603,2303,1406
1762398912,0000000100000001,877693398058,2367,1407
1762398937,0000000400000002,877945928336,2752,1408
1762398941,0000000800000002,877984375981,458,1409
1762398948,0000004000000001,878052414633,1553,1410
1762398954,000000c000000080,878109281668,3330,1411
1762398954,0000008000000080,878110788946,3238,1412
1762398956,0000008000000001,878129627937,2100,1413
1762398957,0000004000000008,878138201264,1587,1414
1762399004,0000004000000008,878609259321,4432,1415
1762399009,0000000100000004,878661472186,1273,1416
1762399011,0000004000000001,878678306871,268,1417
1762399028,0000000800000040,878855123400,5209,1418
1762399043,0000008000000002,879007105795,1258,1419
1762399046,0000000800000002,879033744632,4858,1420
1762399065,0000000400000004,879226519624,3652,1421
1762399071,0000000100000008,879284466901,164,1422
1762399073,0000008000000008,879304900516,4138,1423
1762399075,0000008000000008,879325243173,2887,1424
1762399075,0000000800000080,879325778586,2853,1425
1762399081,0000004000000008,879383462847,4604,1426
1762399098,0000000400000002,879556370902,4589,1427
1762399106,0000000100000008,879631179514,5271,1428
1762399111,0000000400000001,879679383196,2362,1429
1762399129,0000008000000080,879862792542,1727,1430
1762399130,0000000400000010,879871922407,1176,1431
1762399146,0000000800000002,880030113299,2048,1432
1762399153,0000008000000080,880105371894,2703,1433
1762399164,0000000100000080,880208829437,1688,1434
1762399177,0000000100000080,880342165226,4070,1435
1762399179,0000000100000008,880364189387,2716,1436
1762399210,0000000100000001,880668230573,5216,1437
1762399239,0000000100000003,880961277559,3167,1438
1762399239,0000000400000004,880964229818,2984,1439
1762399243,0000000400000080,881003679651,621,1440
1762399245,0000008000000001,881022782461,4676,1441
1762399249,0000000400000001,881063333745,2219,1442
1762399262,0000004000000008,881196745427,4600,1443
1762399266,0000000800000080,881234771330,2294,1444
1762399266,0000004000000002,881236710043,2179,1445
1762399284,0000000800000001,881409851723,2152,1446
1762399288,0000008000000002,881456193165,4576,1447
1762399305,0000008000000004,881625013790,4804,1448
1762399311,0000008000000001,881687624699,1028,1449
1762399315,000000c000000080,881726248779,3913,1450
1762399328,0000000400000002,881850024748,1648,1451
1762399335,0000004000000004,881927513190,2176,1452
1762399357,0000000100000001,882139749853,5000,1453
1762399361,0000000900000001,882185772207,2222,1454
1762399362,0000008000000080,882192356206,1831,1455
1762399368,0000000800000008,882253988897,3320,1456
1762399370,0000008000000002,882277561933,1899,1457
1762399372,0000000100000001,882294134683,901,1458
1762399397,0000008000000001,882546779283,1287,1459
1762399412,0000008100000080,882687826727,3190,1460
1762399425,0000000800000008,882817889215,563,1461
1762399454,0000000800000080,883108264473,3883,1462
1762399469,0000000400000008,883260146653,5123,1463
1762399474,0000000800000004,883309676545,2138,1464
1762399475,0000008000000004,883322991415,1340,1465
1762399477,0000000100000003,883345006427,5211,1466
1762399495,0000000100000001,883525986199,4722,1467
1762399501,0000008000000004,883581414622,1377,1468
1762399506,0000000100000004,883632502117,3505,1469
1762399522,0000000400000080,883796288396,4050,1470
1762399526,0000000100000001,883831099426,1938,1471
1762399535,0000004000000002,883919908830,1791,1472
1762399535,0000000400000084,883927340400,1344,1473
1762399538,0000008000000008,883953898347,4947,1474
1762399549,0000008000000080,884067098775,3327,1475
1762399566,0000000100000008,884230951462,3871,1476
1762399567,0000008000000080,884239110655,3371,1477
1762399567,0000004000000080,884246729589,2897,1478
1762399619,0000000800000080,884764528097,2913,1479
1762399627,0000000200000084,884843728757,3356,1480
1762399641,000000c000000080,884987001906,5124,1481
1762399654,0000000800000004,885113770432,2679,1482
1762399661,0000000100000008,885181813934,3805,1483
1762399662,0000000400000004,885191531941,3209,1484
1762399672,0000008000000001,885290722437,2427,1485
1762399673,0000000100000004,885306799983,1469,1486
1762399676,0000000100000002,885335490713,4942,1487
1762399701,0000000400000004,885582710839,457,1488
1762399711,0000000400000008,885686745714,4597,1489
1762399746,0000004000000004,886032721742,4561,1490
1762399748,0000000100000002,886056963984,3085,1491
1762399757,000000c000000080,886142428223,3140,1492
1762399780,0000000400000008,886371806077,4931,1493
1762399796,0000000100000001,886532861044,435,1494
1762399805,0000000900000001,886625418924,5252,1495
1762399809,0000000100000080,886662022167,3046,1496
1762399809,0000000100000001,886664149153,2912,1497
1762399811,0000000800000080,886687113644,1539,1498
1762399837,0000008000000001,886942784718,1742,1499
1762399840,0000008000000080,886971963762,5183,1500
1762399844,0000000100000001,887014940075,2585,1501
1762399844,0000000400000001,887017464607,2436,1502
1762399848,0000000800000002,887048685558,569,1503
1762399849,0000000800000002,887066336175,4710,1504
1762399853,0000008000000008,887104943532,2369,1505
1762399862,0000000100000004,887188405804,2540,1506
1762399880,0000008000000004,887376634716,1615,1507
1762399934,0000008000000080,887914942731,401,1508
1762399939,0000008000000080,887960903075,2812,1509
1762399973,0000000800000002,888304888982,2899,1510
1762400027,0000000100000001,888844717709,1601,1511
1762400034,0000008000000080,888915968609,2500,1512
1762400048,0000000100000001,889048051779,4956,1513
1762400051,0000000800000001,889086641306,2620,1514
1762400052,0000000800000001,889091306020,2344,1515
1762400062,0000008000000008,889195461777,1277,1516
1762400065,0000004000000008,889220426992,4975,1517
1762400089,0000000100000001,889457761129,1081,1518
1762400100,0000000100000080,889569749718,4744,1519
1762400134,0000000100000080,889916179793,4682,1520
1762400152,0000000400000002,890094410372,4353,1521
1762400163,000000c000000080,890199855888,3188,1522
1762400173,0000004000000001,890300193494,2338,1523
1762400175,0000008000000004,890326244145,778,1524
1762400178,0000000100000001,890350377391,4535,1525
1762400224,0000000400000002,890808138376,2945,1526
1762400224,0000004000000080,890810734123,2785,1527
1762400229,0000008000000004,890858409736,5126,1528
1762400255,0000004000000008,891120595203,4940,1529
1762400265,0000004000000001,891219876596,4173,1530
1762400277,0000000400000002,891344104660,1879,1531
1762400280,0000000400000001,891376912196,5100,1532
1762400281,0000000800000001,891381532478,4829,1533
1762400287,0000008000000004,891441626213,1205,1534
1762400298,0000004000000004,891557164929,4655,1535
1762400305,0000000100000001,891621401766,778,1536
1762400306,0000000400000008,891637188820,5027,1537
1762400319,0000000100000001,891760113381,2810,1538
1762400331,0000004000000004,891882323455,667,1539
1762400339,0000004000000080,891963467731,978,1540
1762400350,0000000400000001,892067675058,5103,1541
1762400366,0000000300000001,892237198384,5288,1542
1762400369,0000000100000080,892264455003,3658,1543
1762400393,0000000100000080,892501040798,5003,1544
1762400393,0000004000000002,892507346978,4633,1545
1762400405,0000000100000001,892626660811,2625,1546
1762400406,0000004000000008,892632773504,2264,1547
1762400414,0000008000000080,892715406870,2483,1548
1762400425,0000000100000001,892823862921,1161,1549
1762400444,0000008000000004,893012703178,197,1550
1762400452,0000000800000001,893096446300,353,1551
1762400454,0000000100000008,893115678759,4399,1552
1762400458,0000008000000080,893152191656,2184,1553
1762400461,0000000400000008,893182646641,360,1554
1762400465,0000004000000080,893221840509,3193,1555
1762400490,0000000400000080,893472725552,3692,1556
1762400492,0000008000000004,893492608027,2477,1557
1762400508,0000000100000001,893648101487,3528,1558
1762400510,0000000800000004,893677112877,1777,1559
1762400527,0000000100000004,893844458778,2094,1560
1762400531,0000008000000004,893882030102,5033,1561
1762400533,0000000800000080,893902304462,3823,1562
1762400541,0000008000000002,893984412503,4082,1563
1762400551,0000000800000008,894084686360,3228,1564
1762400556,0000004000000002,894131611030,410,1565
1762400557,0000000100000004,894142510613,4949,1566
1762400573,0000008000000002,894306780421,262,1567
1762400585,0000000800000001,894422418331,3698,1568
1762400599,0000000400000004,894565954562,254,1569
1762400612,0000000800000008,894688331818,3275,1570
1762400612,0000008000000080,894692181240,3037,1571
1762400614,0000004000000080,894708729914,2046,1572
1762400618,0000000800000080,894747599760,4909,1573
1762400626,0000000800000002,894834198100,4893,1574
1762400634,0000000400000004,894914301951,5263,1575
1762400653,0000000300000001,895102027153,4376,1576
1762400677,0000000100000004,895339624950,459,1577
1762400680,0000008000000080,895375643938,3487,1578
1762400696,0000008000000002,895535904835,4246,1579
1762400703,0000000100000001,895604208159,5314,1580
1762400707,0000000100000003,895640025420,3160,1581
1762400730,0000000400000002,895869416890,4948,1582
1762400734,0000000800000004,895911246624,2418,1583
1762400750,0000000400000004,896070719277,3223,1584
1762400760,0000008000000008,896169069987,2490,1585
1762400781,0000004000000004,896377688359,344,1586
1762400803,0000000400000002,896600919125,2483,1587
1762400820,0000000400000001,896767605059,2841,1588
1762400832,000000010000000c,896891683121,586,1589
1762400832,0000000100000002,896891942889,571,1590
1762400848,0000000100000080,897049996901,1448,1591
1762400854,0000000400000002,897116644887,2623,1592
1762400867,0000000100000001,897238341038,510,1593
1762400872,0000008000000080,897295009847,2286,1594
1762400876,0000004000000002,897335393888,5059,1595
1762400888,0000000100000004,897453800281,3126,1596
1762400901,0000004000000080,897584519124,463,1597
1762400906,0000000400000008,897631048344,2840,1598
1762400907,0000004000000004,897637420337,2461,1599
1762400915,0000004000000080,897719084671,2739,1600
1762400932,0000000800000002,897897016940,2429,1601
1762400933,0000000400000001,897900537503,2219,1602
1762400937,0000000100000001,897943208083,4859,1603
1762400941,0000000400000002,897983630415,2413,1604
1762400962,0000000800000004,898191588028,305,1605
1762400973,0000008800000002,898298083572,4297,1606
1762400976,0000000100000001,898330028419,2351,1607
1762400978,0000000200000008,898350700560,1114,1608
1762400979,0000008000000080,898363707054,338,1609
1762401006,0000004000000002,898632664013,4929,1610
1762401007,0000000800000004,898643069300,4321,1611
1762401009,0000000400000080,898666430525,2888,1612
1762401011,0000000100000001,898680450352,2053,1613
1762401013,0000008000000080,898703309267,682,1614
1762401027,0000004000000002,898845907654,2483,1615
1762401032,0000004000000008,898889144113,5086,1616
1762401047,0000000800000080,899040975774,1143,1617
1762401047,0000004000000001,899044560826,928,1618
1762401058,0000000800000001,899150368131,4957,1619
1762401075,0000008000000001,899326051315,4782,1620
1762401076,0000008000000008,899335660499,4209,1621
1762401092,0000008000000080,899491992608,5178,1622
1762401115,0000004000000002,899723430179,1644,1623
1762401133,0000004000000080,899905738466,1064,1624
1762401142,0000000800000008,899996182827,819,1625
1762401143,0000000100000001,900000495965,562,1626
1762401144,0000000400000002,900008472078,5274,1627
1762401148,0000000100000003,900056185979,2395,1628
1762401156,0000008000000008,900134240063,2890,1629
1762401161,0000000400000004,900184531730,5073,1630
1762401186,0000000100000008,900429074324,749,1631
1762401190,0000004000000080,900476189171,3106,1632
1762401217,0000008000000008,900745391936,2488,1633
1762401220,0000004000000004,900771483972,926,1634
1762401222,0000008000000002,900788991083,5071,1635
1762401238,0000000100000004,900955107653,274,1636
1762401244,0000000400000008,901008814251,2228,1637
1762401244,0000004000000004,901017293498,1723,1638
1762401257,0000000800000001,901139700950,4757,1639
1762401268,000000080000000a,901255788368,2949,1640
1762401270,0000004000000008,901267547321,2246,1641
1762401270,0000000100000080,901276859950,1691,1642
1762401277,0000000100000004,901342378581,2935,1643
1762401290,0000008000000080,901472845576,294,1644
1762401321,0000008000000080,901785866889,2231,1645
1762401325,0000000100000007,901820008833,188,1646
1762401335,0000000100000001,901922932055,4394,1647
1762401359,0000008000000080,902158934378,572,1648
1762401379,0000000100000080,902359839439,4082,1649
1762401380,0000000100000001,902369785324,3473,1650
1762401381,0000000800000001,902386985859,2424,1651
1762401390,0000000100000001,902474425101,2360,1652
1762401405,0000000400000001,902623737361,3785,1653
1762401428,0000000800000004,902855108067,249,1654
1762401429,0000000800000004,902859120402,5198,1655
1762401444,0000000400000080,903009968335,1316,1656
1762401444,0000000400000008,903013431839,1107,1657
1762401473,0000000100000004,903301533950,4566,1658
1762401478,0000000200000080,903347408998,1794,1659
1762401490,0000008000000001,903472543575,4666,1660
1762401516,0000000400000001,903736410628,4379,1661
1762401520,0000008000000001,903768289843,2438,1662
1762401535,0000008000000002,903922083971,3591,1663
1762401540,0000000100000004,903968122399,812,1664
1762401544,0000000800000080,904015799362,3137,1665
1762401558,0000000100000001,904155848879,5105,1666
1762401582,0000004000000002,904387391531,1562,1667
1762401584,0000000100000001,904415701353,5055,1668
1762401586,0000008000000008,904431146626,4140,1669
1762401592,0000000100000001,904487339796,744,1670
1762401593,0000000100000001,904500239494,5163,1671
1762401600,0000004000000008,904572515075,815,1672
1762401603,0000004000000004,904600058105,4366,1673
1762401615,0000008000000001,904723078223,2142,1674
1762401616,0000000400000008,904730871353,1676,1675
1762401620,0000004000000080,904767776584,4662,1676
1762401627,0000000100000001,904843469681,5291,1677
1762401631,0000000200000008,904884588613,2804,1678
1762401633,0000000100000080,904905970349,1532,1679
1762401662,0000000100000004,905189676041,5242,1680
1762401680,0000000400000002,905372133363,4666,1681
1762401687,0000000400000002,905446088702,211,1682
1762401697,0000000400000008,905545012634,4654,1683
1762401713,0000008000000080,905697297100,677,1684
1762401725,0000000100000001,905819449797,3726,1685
1762401744,0000008000000080,906010571166,2597,1686
1762401746,0000008000000001,906031179824,1367,1687
1762401749,0000004000000004,906059767338,4850,1688
1762401774,0000000400000080,906310232723,169,1689
1762401775,0000008000000080,906319122081,4824,1690
1762401807,0000008000000080,906639503807,1130,1691
1762401813,0000000800000002,906702658545,2518,1692
1762401829,0000000100000008,906861056755,3390,1693
1762401852,0000000200000004,907095785173,4855,1694
1762401869,0000008000000080,907261076103,5294,1695
1762401881,0000000400000008,907384662926,3050,1696
1762401894,0000004000000080,907509809872,720,1697
1762401914,0000004000000002,907708620987,4358,1698
1762401951,0000000100000004,908085479646,2440,1699
1762401958,0000000100000001,908156851802,3353,1700
1762401967,000000c000000080,908246381216,3156,1701
1762401990,0000004000000080,908476901301,4879,1702
1762402001,000000c000000080,908579141314,3931,1703
1762402001,0000000400000080,908583167501,3684,1704
1762402012,0000000800000001,908695822833,2089,1705
1762402021,0000004000000080,908780847269,2167,1706
1762402028,0000004000000001,908856141393,2822,1707
1762402031,0000000100000008,908881893013,1286,1708
1762402034,0000004000000002,908907556410,4943,1709
1762402044,0000008000000002,909012873796,3807,1710
1762402059,0000000400000001,909157487550,296,1711
1762402059,0000000100000001,909163613889,5118,1712
1762402083,0000000100000004,909402083977,1158,1713
1762402120,0000000100000001,909769607249,5026,1714
1762402137,0000000100000008,909945384803,4843,1715
1762402138,0000008000000004,909950606061,4535,1716
1762402147,0000000100000001,910042607354,4197,1717
1762402164,0000000100000001,910208034028,4629,1718
1762402166,000000c000000080,910234484635,3021,1719
1762402191,0000008000000004,910481441947,3764,1720
1762402202,0000008000000080,910588193750,2516,1721
1762402232,0000000400000002,910895474440,4825,1722
1762402241,0000008000000004,910979320567,4972,1723
1762402252,0000008400000001,911091169564,3437,1724
1762402262,0000000100000001,911187378557,2825,1725
1762402278,0000000100000080,911354701557,3161,1726
1762402288,0000000100000008,911454549652,2343,1727
1762402295,0000004000000080,911525314254,3289,1728
1762402315,0000008000000080,911722381936,1822,1729
1762402322,0000008000000001,911788907318,3007,1730
1762402340,0000004000000001,911968476387,2588,1731
1762402348,0000008000000080,912051549947,2782,1732
1762402362,0000000100000001,912190381130,4841,1733
1762402367,0000004000000004,912244110349,1601,1734
1762402369,0000008000000080,912259912957,652,1735
1762402376,0000008000000082,912328034034,1748,1736
1762402385,0000008000000080,912426711850,1004,1737
1762402401,0000000800000001,912579408089,2202,1738
1762402442,0000004000000001,912989895582,3490,1739
1762402442,0000000800000002,912993449346,3273,1740
1762402452,0000004000000008,913092079386,2523,1741
1762402469,0000008000000080,913261084253,2741,1742
1762402472,0000004000000080,913294199839,762,1743
1762402480,0000000800000080,913373834904,1163,1744
1762402488,0000000800000080,913449380290,1815,1745
1762402502,0000000800000080,913588023579,3875,1746
1762402508,0000008000000080,913650637114,5292,1747
1762402529,0000000400000001,913864735397,2785,1748
1762402535,0000000800000004,913924347333,4423,1749
1762402539,0000008000000002,913964401417,1996,1750
1762402549,0000000100000004,914061083483,1377,1751
1762402556,0000000400000001,914136802078,2014,1752
1762402562,0000000400000080,914192030680,3901,1753
1762402569,0000000100000002,914265469590,4675,1754
1762402632,0000008000000080,914892140827,3327,1755
1762402652,0000000100000008,915096942233,1392,1756
1762402670,0000000400000002,915271028788,1309,1757
1762402674,0000000800000008,915312991679,3993,1758
1762402684,0000000800000080,915410721780,3296,1759
1762402691,0000008000000002,915483925962,4100,1760
1762402694,0000000100000001,915513496600,2299,1761
1762402702,0000000800000004,915596938733,2471,1762
1762402729,0000000800000004,915861402798,2149,1763
1762402737,0000000400000002,915939977663,2609,1764
1762402744,0000000400000008,916011364230,3527,1765
1762402758,0000004000000080,916151077975,316,1766
1762402759,0000008000000080,916161185148,4902,1767
1762402763,0000000800000008,916198324484,2649,1768
1762402776,0000008000000002,916331681437,5038,1769
1762402797,0000000100000001,916544679358,2594,1770
1762402804,0000000100000002,916613888658,3644,1771
1762402806,0000004000000002,916629450372,2685,1772
1762402815,0000008000000002,916723074489,2255,1773
1762402818,0000000800000080,916754433146,378,1774
1762402837,0000004000000008,916940075924,4797,1775
1762402840,0000008000000008,916973695578,2752,1776
1762402840,0000000800000080,916975985950,2616,1777
1762402848,0000000100000001,917051937946,3255,1778
1762402849,0000000400000002,917058705252,2833,1779
1762402851,0000008000000080,917077839171,1696,1780
1762402854,0000008000000080,917114273286,4708,1781
1762402858,0000000400000010,917151637239,2440,1782
1762402870,0000000100000008,917272909485,357,1783
1762402876,0000008000000001,917336910736,1694,1784
1762402881,0000000100000004,917386945319,3892,1785
1762402882,000000c000000080,917396144915,3327,1786
1762402893,0000000800000004,917503335969,2069,1787
1762402897,0000000200000008,917538972553,5123,1788
1762402899,0000000200000008,917564861370,3570,1789
1762402910,0000000100000001,917672629167,2269,1790
1762402921,0000000100000080,917779855562,1018,1791
1762402960,0000000100000008,918169087634,3581,1792
1762402978,0000008000000080,918353448644,2860,1793
1762402991,0000000800000080,918484370454,197,1794
1762402992,0000008000000004,918492740194,4888,1795
1762402995,0000008000000080,918521423522,3154,1796
1762402997,0000008000000080,918546149836,1668,1797
1762403006,0000000100000002,918629670165,1838,1798
1762403034,0000000100000002,918909924977,564,1799
1762403037,0000000100000008,918944411680,3692,1800
1762403038,0000000400000008,918955731451,2993,1801
1762403052,0000004000000008,919089375943,162,1802
1762403094,0000000400000008,919512336883,683,1803
1762403104,0000000100000004,919613074099,5014,1804
1762403117,0000004000000008,919743545980,2348,1805
1762403121,0000000800000004,919783056089,5174,1806
1762403126,0000004000000080,919828671780,2422,1807
1762403139,0000004000000001,919959958550,4925,1808
1762403141,0000000100000080,919982997549,3540,1809
1762403143,0000000100000001,920006201130,2134,1810
1762403153,0000004100000008,920101871027,1577,1811
1762403160,0000000400000004,920173304956,2466,1812
1762403167,0000000400000001,920239497343,3695,1813
1762403175,0000000400000080,920320495020,4022,1814
1762403178,0000000400000008,920349897787,2234,1815
1762403179,0000000c00000001,920361206527,1559,1816
1762403185,0000000100000008,920424132236,2957,1817
1762403188,0000004000000004,920455668461,1070,1818
1762403189,0000000800000008,920466452002,426,1819
1762403193,0000000400000002,920497663440,3749,1820
1762403196,0000008000000002,920536760167,1386,1821
1762403203,0000004000000002,920606385413,2384,1822
1762403215,0000000100000001,920719606117,776,1823
1762403244,0000000400000080,921012247378,3962,1824
1762403246,0000000100000001,921031509102,2774,1825
1762403247,0000004000000080,921044369282,2013,1826
1762403254,0000000800000080,921115173543,2942,1827
1762403262,0000004000000080,921194237846,3391,1828
1762403264,0000000100000001,921216637883,2039,1829
1762403269,0000004000000004,921258988425,4699,1830
1762403278,0000008000000004,921350858818,4370,1831
1762403280,000000c000000080,921372117212,3071,1832
1762403295,0000008000000080,921521196972,4510,1833
1762403349,0000000100000004,922065252347,2922,1834
1762403354,0000000100000001,922109001105,306,1835
1762403382,0000004000000001,922392023861,4068,1836
1762403386,0000000400000002,922427674638,1908,1837
1762403387,0000004000000002,922439731829,1181,1838
1762403402,0000008000000004,922591536362,2432,1839
1762403411,0000000800000004,922682875951,2134,1840
1762403416,0000004000000008,922730845703,4462,1841
1762403424,0000008000000008,922815437637,4566,1842
1762403442,0000004000000080,922989059382,4510,1843
1762403443,0000000100000080,923001022562,3788,1844
1762403444,0000008000000080,923015854944,2871,1845
1762403453,0000000800000004,923101555763,2912,1846
1762403471,0000000400000004,923282061302,2445,1847
1762403474,0000000100000001,923315915889,421,1848
1762403485,0000004000000080,923422029742,4436,1849
1762403489,0000004000000004,923458177390,2241,1850
1762403492,0000000400000004,923493738068,5301,1851
1762403493,0000004000000001,923503846404,4703,1852
1762403499,0000008000000080,923558266367,1420,1853
1762403502,0000000100000008,923596814299,4311,1854
1762403505,0000000100000002,923621345409,2804,1855
1762403509,0000000400000008,923663867534,267,1856
1762403514,0000004000000008,923710665422,2629,1857
1762403541,0000000800000004,923984258651,1765,1858
1762403546,0000000400000008,924029292760,4265,1859
1762403550,0000008000000080,924068325810,1902,1860
1762403555,0000008000000080,924125066290,3692,1861
1762403560,0000000800000080,924167787111,1111,1862
1762403566,0000004000000008,924232454675,2408,1863
1762403569,0000000100000008,924262688718,600,1864
1762403574,0000000100000002,924312427673,2785,1865
1762403574,0000008000000080,924315281235,2617,1866
1762403580,0000000400000001,924367886999,4669,1867
1762403594,0000000800000080,924512560908,1146,1868
1762403596,0000000100000003,924526798523,298,1869
1762403621,0000004000000004,924781451982,558,1870
1762403632,0000000100000008,924894014786,4189,1871
1762403635,0000000800000001,924926553163,2210,1872
1762403637,0000008000000080,924940681197,1366,1873
1762403657,0000000100000001,925138359672,5059,1874
1762403661,0000000800000001,925179623230,2564,1875
1762403663,0000008000000080,925198268371,1453,1876
1762403669,0000000400000002,925259091867,2980,1877
1762403670,0000008000000004,925274168482,2077,1878
1762403675,0000008000000080,925320566455,4498,1879
1762403682,0000000400000002,925389433992,345,1880
1762403691,0000004000000002,925486410563,4901,1881
1762403698,0000008000000080,925552416156,924,1882
1762403704,0000000100000001,925607303419,2803,1883
1762403704,0000008000000080,925613284163,2450,1884
1762403705,0000000100000080,925625454685,1725,1885
1762403710,0000000400000080,925671923886,4140,1886
1762403724,0000000800000004,925809930740,1015,1887
1762403737,0000000100000001,925944317743,3322,1888
1762403741,0000004000000080,925980072787,1168,1889
1762403747,0000000400000008,926039037757,2802,1890
1762403750,0000000800000080,926070963958,896,1891
1762403760,0000000400000008,926171681563,5226,1892
1762403823,0000000400000080,926800295668,3782,1893
1762403863,0000000400000001,927202416697,360,1894
1762403864,0000004000000080,927212560709,4945,1895
1762403865,0000000100000001,927218066168,4621,1896
1762403871,0000000400000080,927277048126,1059,1897
1762403873,0000000400000002,927302493141,4735,1898
1762403886,0000000100000001,927436180954,1876,1899
1762403893,0000008000000080,927503211984,3032,1900
1762403928,0000000400000080,927846740660,3148,1901
1762403942,0000000100000001,927991104153,4860,1902
1762403945,0000000800000008,928023674657,2882,1903
1762403945,0000008000000002,928024155649,2851,1904
1762403950,0000008000000080,928067777013,246,1905
1762403950,0000008000000008,928075872958,4952,1906
1762403965,0000000400000004,928216974890,1655,1907
1762403982,0000004000000001,928386981951,1817,1908
1762403995,0000000400000080,928526599396,3817,1909
1762404042,0000008000000004,928993031943,1718,1910
1762404053,0000008000000080,929104604419,206,1911
1762404057,0000000100000001,929137053938,3445,1912
1762404063,0000008000000080,929202951115,4682,1913
1762404071,0000000200000002,929279181809,5280,1914
1762404090,0000008000000001,929476527405,3808,1915
1762404098,0000000100000080,929547940867,4705,1916
1762404101,0000000300000002,929578443315,2847,1917
1762404113,0000000100000001,929702302272,606,1918
1762404128,0000008000000008,929848657816,2182,1919
1762404146,0000000100000008,930031042537,1604,1920
1762404155,0000008000000080,930122581173,1291,1921
1762404158,0000000400000001,930150826300,4795,1922
1762404160,0000000400000080,930173465189,3429,1923
1762404164,0000008000000002,930207785180,1361,1924
1762404187,0000008000000008,930444521070,2688,1925
1762404190,0000004000000004,930474062839,923,1926
1762404193,0000008000000002,930502219737,4439,1927
1762404201,0000000100000001,930581131081,4877,1928
1762404204,0000000400000004,930610299441,3114,1929
1762404204,0000000400000004,930614219489,2868,1930
1762404227,0000001000000080,930845578391,4559,1931
1762404235,0000000400000080,930918978377,5323,1932
1762404236,0000004000000008,930928035803,4789,1933
1762404265,0000000800000002,931217073520,2966,1934
1762404272,0000000100000001,931294863259,3494,1935
1762404281,0000000100000001,931378419304,3666,1936
1762404282,0000008000000080,931389119976,3007,1937
1762404283,0000004000000001,931405594959,2022,1938
1762404297,0000004000000004,931538707455,4419,1939
1762404308,0000008000000080,931650962261,2831,1940
1762404321,0000008000000080,931778487794,372,1941
1762404329,0000000200000008,931863079158,477,1942
1762404339,0000000100000001,931963181856,4847,1943
1762404354,0000000c00000080,932114869045,909,1944
1762404371,0000000100000006,932280435295,1337,1945
1762404381,0000000100000004,932382063520,422,1946
1762404386,0000000400000002,932430635474,2676,1947
1762404399,0000000100000008,932561191974,5224,1948
1762404408,0000000100000001,932653882403,4849,1949
1762404411,0000004000000008,932682365076,3127,1950
1762404425,0000008000000080,932817264584,215,1951
1762404451,0000000100000001,933079506121,5210,1952
1762404461,0000008000000080,933178299215,4474,1953
1762404472,0000000100000001,933287743362,3066,1954
1762404477,0000000800000001,933342830123,4955,1955
1762404490,0000004000000080,933476545007,2099,1956
1762404493,0000000400000004,933501986642,573,1957
1762404495,0000008000000004,933522124838,4566,1958
1762404498,0000000800000002,933553978586,2627,1959
1762404499,0000000100000001,933561333972,2190,1960
1762404502,0000000100000001,933595237032,162,1961
1762404503,0000000800000001,933601779840,4960,1962
1762404516,0000008000000080,933731026798,2369,1963
1762404535,0000000400000004,933923750298,1168,1964
1762404559,0000000400000002,934164300017,2275,1965
1762404583,0000008000000080,934400768886,3648,1966
1762404586,0000004000000002,934431701226,1780,1967
1762404612,0000000400000001,934691025071,1762,1968
1762404620,0000008000000001,934771696904,2099,1969
1762404623,0000008000000080,934805948921,5237,1970
1762404645,0000004000000080,935018828560,2804,1971
1762404649,0000000100000008,935060208327,334,1972
1762404664,0000000800000002,935209320479,1748,1973
1762404670,0000000200000008,935267896878,3421,1974
1762404672,0000000400000002,935288968685,2147,1975
1762404675,0000000800000004,935326414175,5093,1976
1762404697,0000008000000080,935543582110,2408,1977
1762404702,0000008000000080,935594742127,4547,1978
1762404730,0000000400000008,935869383749,3602,1979
1762404733,0000000400000004,935898699187,1830,1980
1762404737,0000000400000008,935941154524,4484,1981
1762404755,0000000100000080,936122016134,3994,1982
1762404756,0000000400000002,936126739312,3705,1983
1762404758,0000000400000004,936149683755,2309,1984
1762404765,0000000400000008,936221042350,3217,1985
1762404767,0000004000000080,936238212578,2179,1986
1762404770,0000000200000002,936270383207,254,1987
1762404775,0000000100000001,936316803024,2637,1988
1762404799,0000000100000001,936566332111,3221,1989
1762404807,0000000400000008,936646224977,3617,1990
1762404813,0000000400000004,936704683046,5286,1991
1762404826,0000000400000002,936833879253,2697,1992
1762404831,0000008000000080,936878369710,5227,1993
1762404864,0000004000000004,937216008820,502,1994
1762404873,0000000800000004,937304665187,364,1995
1762404894,0000000400000004,937511821086,3486,1996
1762404917,0000000400000008,937740146407,5327,1997
1762404925,0000000800000002,937820667565,487,1998
1762404930,0000000100000001,937873756446,2475,1999
1762404945,0000000100000008,938018528742,4180,2000
1762404953,0000008000000001,938098323084,4571,2001
1762404968,0000000100000001,938251024570,568,2002
1762404977,0000004000000080,938344369982,162,2003
1762404980,0000000100000004,938373782278,3577,2004
1762404982,0000000100000001,938390380916,2564,2005
1762404985,0000008100000001,938423808944,563,2006
1762404991,0000000100000008,938477818670,2498,2007
1762404994,0000000100000001,938510768555,520,2008
1762405007,0000008000000008,938645669003,2783,2009
1762405033,0000000800000002,938902495376,2917,2010
1762405050,0000000800000004,939072621741,3079,2011
1762405056,0000000200000001,939135313263,4520,2012
1762405078,0000000100000001,939346663029,2176,2013
1762405078,0000000100000001,939352884198,1806,2014
1762405092,0000000100000001,939488845883,4030,2015
1762405094,0000000800000001,939508214205,2837,2016
1762405097,0000008000000080,939536505501,1147,2017
1762405098,0000000100000002,939549839381,352,2018
1762405112,0000000400000001,939695631025,1963,2019
1762405113,0000000100000001,939704203507,1450,2020
1762405116,000000c000000080,939728900199,5158,2021
1762405141,0000008000000080,939981988244,326,2022
1762405182,0000004000000008,940388187640,1857,2023
1762405188,0000000100000008,940456322251,2942,2024
1762405203,0000008000000002,940604553033,4438,2025
1762405207,0000000100000001,940644016824,2047,2026
1762405208,0000004000000080,940654377812,1426,2027
1762405209,0000000400000002,940664192493,835,2028
1762405210,0000000100000004,940667219926,655,2029
1762405210,0000000200000003,940667343232,647,2030
1762405219,0000000800000080,940756727024,467,2031
1762405225,0000004000000002,940820023352,1850,2032
1762405235,0000008000000002,940923438032,821,2033
1762405260,0000004000000001,941170771563,1525,2034
1762405262,0000000200000002,941195222030,5250,2035
1762405264,0000000100000001,941212904157,4201,2036
1762405275,0000000800000004,941321337865,2844,2037
1762405286,0000000800000001,941427736109,1651,2038
1762405286,0000000800000080,941434475758,1244,2039
1762405319,0000004000000008,941763996103,2194,2040
1762405353,000000c000000080,942099226616,2796,2041
1762405356,0000008800000008,942131821686,849,2042
1762405356,0000000800000004,942135199588,648,2043
1762405363,0000000800000001,942199904184,1947,2044
1762405365,0000000800000004,942222411948,596,2045
1762405413,0000000400000080,942701553738,2925,2046
1762405448,0000008000000080,943049416828,2772,2047
1762405451,0000004800000080,943082497522,795,0
1762405451,0000000400000008,943085317862,628,1
1762405482,0000004000000008,943395323201,2741,2
1762405496,0000000100000080,943535180042,4738,3
1762405505,0000004000000004,943625738565,4490,4
1762405526,0000000100000001,943826337062,2783,5
1762405526,000000400000000c,943831693367,2466,6
1762405541,0000004000000002,943980273180,3938,7
1762405544,0000004000000004,944016175782,1765,8
1762405547,000000c000000080,944044256462,5269,9
1762405564,0000000100000004,944216230147,5312,10
1762405569,0000000100000008,944259931829,2671,11
1762405579,0000004000000004,944364759378,1572,12
1762405584,0000008000000002,944414939904,3759,13
1762405586,0000000800000008,944433167218,2638,14
1762405592,0000000400000002,944487668353,4580,15
1762405608,0000000200000001,944653338177,4993,16
1762405617,0000000100000001,944742021029,4856,17
1762405626,0000004000000008,944834716065,4480,18
1762405644,0000004000000001,945012831650,4155,19
1762405651,0000000100000002,945084432391,5029,20
1762405656,0000000400000001,945133112954,2095,21
1762405658,0000000800000080,945146974611,1263,22
1762405659,0000000100000002,945162421859,340,23
1762405676,0000000100000008,945335385694,324,24
1762405709,0000008000000080,945657191388,1737,25
1762405736,0000000400000004,945928582419,991,26
1762405737,0000000100000001,945937171823,479,27
1762405756,0000008000000080,946135155709,4165,28
1762405768,0000000100000004,946247635166,2567,29
1762405772,0000000100000002,946286937407,219,30
1762405780,0000000100000008,946367378980,569,31
1762405780,0000000800000080,946374665389,5322,32
1762405785,0000000400000080,946421084885,2522,33
1762405789,0000000400000001,946463912536,5151,34
1762405802,0000004000000001,946595418895,2425,35
1762405809,0000000800000004,946664273129,3488,36
1762405819,0000004000000080,946758913451,2977,37
1762405826,0000001000000004,946834225516,3657,38
1762405836,0000000800000001,946930699814,3034,39
1762405836,0000000400000001,946934415539,2802,40
1762405850,0000004000000004,947074451578,4789,41
1762405871,0000008000000080,947283533017,2582,42
1762405899,0000000400000001,947565572113,1205,43
1762405907,0000000100000001,947643315237,1724,44
1762405917,0000000400000080,947741318878,1021,45
1762405927,0000000400000004,947845104120,5169,46
1762405935,0000000800000080,947922350584,524,47
1762405936,0000000800000008,947927013326,246,48
1762405957,000000c000000080,948140712468,2960,49
1762405964,0000000100000001,948215863699,3649,50
1762405972,0000000100000080,948291804930,4282,51
1762405988,0000000100000008,948447474352,5291,52
1762405991,0000004000000002,948476980972,3521,53
1762405992,0000004000000080,948492406124,2577,54
1762405995,0000000100000004,948525401150,605,55
1762405997,0000004000000001,948537237685,5088,56
1762405998,0000004000000004,948548482268,4424,57
1762406005,0000000100000002,948622094452,5176,58
1762406023,0000008000000004,948797587175,5009,59
1762406023,000000400000000a,948802285193,4733,60
1762406023,0000008000000080,948804272655,4615,61
1762406032,0000008000000002,948893035949,4472,62
1762406044,0000004000000080,949012701781,2446,63
1762406057,0000000100000001,949140462093,5158,64
1762406067,0000008000000080,949241209322,4307,65
1762406079,0000008000000004,949358390584,2427,66
1762406090,0000000100000080,949472974908,736,67
1762406105,0000008000000008,949624720738,1995,68
1762406110,0000004000000008,949667103504,4652,69
1762406110,0000008000000080,949668275987,4582,70
1762406122,0000008000000080,949787616942,2577,71
1762406147,0000000100000002,950036584268,3191,72
1762406154,0000000800000008,950112503628,3830,73
1762406158,0000000100000008,950149248816,1608,74
1762406176,0000000800000001,950334643185,843,75
1762406177,0000000100000002,950341485362,436,76
1762406177,0000000500000001,950343706109,302,77
1762406199,0000008000000004,950561185772,2785,78
1762406200,0000000100000004,950569941664,2265,79
1762406201,0000000100000080,950585572401,1330,80
1762406227,0000008000000080,950841620611,1510,81
1762406239,0000000800000080,950959544317,4813,82
1762406257,0000000100000004,951144012472,4111,83
1762406258,0000000800000080,951150193282,3735,84
1762406264,0000000800000008,951206789265,325,85
1762406288,0000008000000001,951447590689,1417,86
1762406295,0000008000000080,951518422687,2344,87
1762406300,0000008000000002,951574041738,4214,88
1762406301,0000000400000080,951581249455,3776,89
1762406310,0000000800000080,951674828987,3331,90
1762406325,0000004000000008,951818975244,5049,91
1762406341,0000000100000004,951984988249,259,92
1762406357,0000000100000080,952143763789,1089,93
1762406365,0000000400000001,952217734805,1836,94
1762406369,0000000800000010,952261070801,4437,95
1762406371,0000000100000001,952282271865,3145,96
1762406372,0000008000000080,952290833057,2621,97
1762406372,0000000800000008,952292404891,2529,98
1762406376,0000000800000002,952327020977,459,99
1762406379,0000008000000080,952360714677,3630,100
1762406380,0000000200000001,952374674006,2768,101
1762406407,0000004000000004,952645962954,2043,102
1762406436,0000008000000008,952929301674,585,103
1762406458,0000000800000001,953146747036,3080,104
1762406460,0000000400000001,953168028677,1804,105
1762406463,0000000400000004,953202641246,4922,106
1762406466,0000008000000002,953234467300,2995,107
1762406487,0000004000000001,953444907962,731,108
1762406494,0000000400000008,953508809726,2077,109
1762406498,0000008000000080,953550222548,4792,110
1762406504,0000008000000004,953613734306,962,111
1762406517,0000000100000001,953737622596,3913,112
1762406517,0000000100000008,953742500250,3614,113
1762406521,0000004000000004,953779760946,1365,114
1762406524,0000008000000080,953809566302,4774,115
1762406545,0000008000000004,954026073036,2126,116
1762406558,0000000800000008,954151056561,5003,117
1762406560,0000008000000080,954166821950,4066,118
1762406563,0000008000000001,954205923608,1699,119
1762406596,0000000100000008,954527186110,3148,120
1762406611,0000008000000002,954678410124,4454,121
1762406625,0000000100000004,954823352664,914,122
1762406634,0000008000000008,954909243039,941,123
1762406637,0000008000000004,954936829812,4491,124
1762406648,0000000800000001,955053386656,2647,125
1762406649,0000000100000001,955058472543,2346,126
1762406672,0000008800000080,955292267459,3885,127
1762406679,0000008000000008,955363758780,4775,128
1762406695,0000008000000080,955516623912,763,129
1762406719,0000008000000002,955759784268,1719,130
1762406724,0000008000000001,955811772154,3797,131
1762406738,0000004000000080,955952545098,515,132
1762406742,0000000800000080,955992477528,3305,133
1762406760,0000000100000001,956175543165,2668,134
1762406761,0000000400000004,956181921177,2289,135
1762406788,0000000400000080,956449146519,1803,136
1762406829,0000000100000001,956865931228,2689,137
1762406832,0000000800000001,956892918910,1076,138
1762406833,0000004000000001,956905542553,324,139
1762406835,0000004000000001,956922260684,4520,140
1762406849,0000000400000002,957060969998,1356,141
1762406865,0000004000000080,957220475538,2146,142
1762406874,0000008000000080,957310400164,1935,143
1762406874,0000000400000080,957315760338,1612,144
1762406899,0000000100000002,957561318957,2415,145
1762406924,0000000400000080,957809527232,3070,146
1762406944,0000000100000001,958007416150,1558,147
1762406959,0000000100000001,958159150097,2803,148
1762406969,0000000800000020,408507288874,1758,149
1762406987,0000000400000080,958445826157,1153,150
1762406989,0000004000000001,958465845906,5146,151
1762406990,0000004000000002,958468742108,4975,152
1762407001,0000000400000080,958584108917,3225,153
1762407015,0000000800000002,958716089662,483,154
1762407017,0000008000000002,958740398150,4228,155
1762407020,0000000800000002,958772223060,2290,156
1762407048,0000000400000080,959051010895,1106,157
1762407057,0000000100000002,959142428709,804,158
1762407062,0000000100000004,959193068105,2941,159
1762407069,0000000100000002,959264993679,3831,160
1762407070,0000000400000004,959268090986,3640,161
1762407076,0000000400000004,959335449977,4783,162
1762407078,0000008000000008,959352226392,3777,163
1762407115,0000008500000007,959725751780,2069,164
1762407122,0000008000000080,959790154318,3394,165
1762407128,0000004000000004,959848249840,5094,166
1762407170,0000000100000002,960275443786,175,167
1762407175,0000000800000008,960320416155,2646,168
1762407193,0000000800000001,960501113603,2173,169
1762407196,0000000400000008,960534657748,165,170
1762407205,0000008000000080,960619963738,226,171
1762407206,0000000100000002,960628115939,4933,172
1762407217,0000000400000080,960742457685,3240,173
1762407218,0000004000000080,960749627868,2796,174
1762407226,0000008000000080,960828538043,3256,175
1762407227,0000000100000004,960840939121,2502,176
1762407228,0000004000000002,960849563668,1990,177
1762407235,0000000100000001,960923214945,2742,178
1762407244,0000008000000004,961007796466,2849,179
1762407251,0000004000000080,961084901949,3421,180
1762407256,0000000800000002,961134458004,440,181
1762407293,0000000800000001,961495938814,4672,182
1762407296,0000000200000001,961532345314,2462,183
1762407308,0000008000000080,961655744604,248,184
1762407309,0000000800000008,961665171680,4876,185
1762407319,0000000400000001,961763365191,4172,186
1762407326,0000000100000003,961828196090,262,187
1762407328,0000000100000001,961855490119,3823,188
1762407330,0000000400000004,961870425596,2901,189
1762407331,0000000400000002,961883216793,2138,190
1762407344,0000000800000004,962014839624,4624,191
1762407365,0000000100000001,962218834690,2715,192
1762407376,0000000400000008,962328162281,1344,193
1762407384,0000000400000004,962410028062,1615,194
1762407385,0000004000000080,962421978254,895,195
1762407415,0000008000000001,962717799369,3890,196
1762407430,0000008000000002,962872855263,4943,197
1762407434,0000008000000002,962907463796,2842,198
1762407448,0000000100000001,963055805748,4336,199
1762407455,0000008000000080,963123966398,226,200
1762407472,0000000800000080,963294841822,334,201
1762407489,0000008000000080,963461132589,716,202
1762407496,0000008000000002,963526837905,1955,203
1762407508,0000008000000080,963648184995,5047,204
1762407509,0000008000000002,963660876002,4298,205
1762407510,0000000100000008,963670631710,3704,206
1762407515,0000008000000080,963724849648,436,207
1762407520,0000000800000002,963774213364,2645,208
1762407539,0000000400000001,963958668038,1948,209
1762407556,0000000400000001,964129121224,2082,210
1762407562,0000000100000080,964190258099,3607,211
1762407572,0000000800000002,964289569848,2807,212
1762407573,0000004000000001,964301666313,2090,213
1762407588,0000000100000002,964454945616,3261,214
1762407606,0000008000000008,964634506006,2833,215
1762407612,0000000400000008,964688983409,4773,216
1762407622,0000008000000002,964786843664,4086,217
1762407623,0000000400000001,964805683933,2930,218
1762407642,0000004000000008,964992613827,2079,219
1762407671,0000000400000008,965284297206,5310,220
1762407674,0000004000000004,965312010717,3652,221
1762407677,0000000100000008,965336562889,2162,222
1762407682,0000000400000008,965393835978,3930,223
1762407687,0000008000000001,965435882422,1386,224
1762407687,0000000400000080,965437326426,1299,225
1762407692,0000000100000002,965489892818,3334,226
1762407696,000000c000000080,965532690794,757,227
1762407702,0000000100000001,965591815536,2386,228
1762407710,0000000800000004,965667788807,3015,229
1762407732,0000000100000001,965894758636,4951,230
1762407744,0000000800000004,966011068728,3144,231
1762407770,0000004900000001,966272497989,2995,232
1762407781,0000008000000080,966376903650,1914,233
1762407782,0000000200000008,966390678931,2167,234
1762407784,0000000400000001,966408921339,5182,235
1762407786,0000000100000008,966428048865,4047,236
1762407790,0000004000000080,966469932521,1511,237
1762407808,0000000100000080,966650460584,1038,238
1762407808,0000000400000004,966652417008,921,239
1762407818,0000008000000008,966746094787,484,240
1762407820,0000000100000008,966775080837,3945,241
1762407858,0000000100000080,967146542773,2355,242
1762407874,0000000100000001,967312474441,2755,243
1762407895,0000000100000002,967521126156,607,244
1762407954,0000004000000080,968115346457,1216,245
1762407982,0000000100000002,968387554569,430,246
1762407989,0000000100000001,968463373059,1057,247
1762407990,0000004000000080,968473018145,483,248
1762408006,0000000200000080,968627599060,1568,249
1762408009,0000004000000002,968659155692,4871,250
1762408013,0000008000000008,968695735723,2650,251
1762408033,0000000800000080,968896373292,981,252
1762408033,000000c000000080,968903550636,554,253
1762408038,000000c000000080,968954832322,2649,254
1762408045,0000000100000001,969021501118,3856,255
1762408045,0000000100000001,969022866445,3772,256
1762408046,0000008000000080,969032655576,3172,257
1762408049,0000000400000002,969058040074,1646,258
1762408052,0000008000000080,969090896456,4870,259
1762408058,0000004000000001,969149638897,1329,260
1762408065,0000000400000001,969218477520,2375,261
1762408076,0000000100000003,969331907096,753,262
1762408078,0000000800000004,969348455830,4956,263
1762408086,0000000400000008,969432888700,5069,264
1762408094,0000004000000001,969507984067,552,265
1762408101,0000008000000002,969580704646,1368,266
1762408126,0000008000000080,969825788001,2202,267
1762408129,0000000800000004,969865016398,5044,268
1762408134,0000000100000001,969907387080,2487,269
1762408166,0000000100000002,970232553366,3719,270
1762408166,0000000400000080,970234192449,3619,271
1762408170,0000000400000080,970274612441,1177,272
1762408181,0000000400000004,970382405985,5086,273
1762408182,0000008000000002,970387755699,4770,274
1762408184,0000008000000080,970406676288,3631,275
1762408203,0000000100000001,970602208230,2243,276
1762408212,0000000100000001,970686547286,2362,277
1762408214,0000004000000001,970708787313,1030,278
1762408221,0000004000000008,970780989811,1882,279
1762408231,0000000100000001,970881014873,1057,280
1762408236,0000000100000001,970926056005,3549,281
1762408263,0000000100000080,971205511190,2308,282
1762408265,0000008000000008,971217654985,1585,283
1762408279,0000000800000002,971365294058,3090,284
1762408286,0000008000000003,971432886846,4235,285
1762408300,0000000100000004,971566608843,1370,286
1762408309,0000000100000001,971664267549,691,287
1762408312,0000008000000008,971686658501,4549,288
1762408333,0000000100000080,971904745637,1805,289
1762408337,0000004000000002,971942162295,4758,290
1762408344,0000000800000008,972015434431,345,291
1762408348,0000000800000008,972052777080,3289,292
1762408353,0000000100000001,972099109875,505,293
1762408354,0000000800000008,972107406068,5198,294
1762408357,0000000800000080,972144473039,2958,295
1762408395,0000000100000002,972521229237,1077,296
1762408399,0000000800000002,972563752889,3725,297
1762408407,0000000100000008,972637839571,4466,298
1762408414,0000000400000002,972710869582,5255,299
1762408426,0000008000000080,972832084038,3154,300
1762408441,0000004000000004,972984406239,4396,301
1762408453,000000c000000080,973096995210,2788,302
1762408457,0000008000000080,973136422402,434,303
1762408473,0000000100000004,973298286144,1080,304
1762408474,0000008000000002,973307690134,519,305
1762408477,0000000800000008,973344042218,3528,306
1762408484,0000000100000001,973412980006,4582,307
1762408494,0000000100000004,973508511024,4033,308
1762408506,0000008000000001,973632859347,1732,309
1762408525,0000000100000001,973823647553,644,310
1762408535,0000000100000004,973924380247,4975,311
1762408545,0000000800000001,974016066097,4661,312
1762408547,0000000800000002,974040646589,3169,313
1762408555,0000004000000080,974123327293,3395,314
1762408560,0000000800000008,974169287329,629,315
1762408562,0000000400000002,974188528741,4675,316
1762408586,0000008000000080,974427264919,691,317
1762408600,0000008000000080,974575569511,2153,318
1762408601,0000008000000004,974575583846,2152,319
1762408625,0000000100000001,974825365442,2701,320
1762408632,0000004000000001,974889775394,4048,321
1762408633,0000000400000002,974904400499,3150,322
1762408636,0000000100000080,974926458613,1826,323
1762408644,0000000400000004,975006085377,2224,324
1762408663,0000008000000080,975198387728,1048,325
1762408687,0000000100000001,975436158000,2322,326
1762408688,0000004000000080,975447702697,1634,327
1762408707,0000000100000001,975638929545,521,328
1762408711,0000000100000004,975681868505,3129,329
1762408717,0000000100000002,975737895561,4958,330
1762408745,0000000100000080,976017486036,3727,331
1762408746,0000008000000080,976028742025,3035,332
1762408772,0000000400000004,976292749598,2727,333
1762408773,0000000400000004,976301663557,2200,334
1762408776,0000000100000004,976332719542,341,335
1762408793,0000000800000080,976499417143,698,336
1762408796,0000000400000008,976534054969,3820,337
1762408798,0000008000000080,976553967972,2598,338
