2.475161366938634,-0.011482355656641019,0.6510384662176691
2.5102675903715412,-0.0038852179083850302,0.6390415601114884
2.470256143793231,-0.006894403210827571,0.621625990245898
2.553749206661838,-0.0044441403445527605,0.6266686766709035
2.2630913532333063,-0.015227110477359584,0.6304132326922107
2.5164816068866416,-0.007446879213509838,0.605473328615148
2.550926795024189,-0.006947515710457042,0.6373271675466884
2.5514072920777813,0.0010358843106719196,0.6270797772063765
2.2656437549612702,8.420880994375324e-05,0.645705688549513
2.4359585672956494,-0.007063036221307772,0.6311731205659866
2.5795613423221786,-0.0016714295072144392,0.6223893389893356
2.461216718298297,0.005294161057110225,0.6154213606217658
2.4154186122187897,-0.005580739535380852,0.641718423200993
2.5868399930070294,0.003950459367876302,0.6117604462968003
2.5789496532998797,-0.011079250136207364,0.6180070861872745
2.4307988719938227,-0.0057273345819321975,0.632599937997023
2.3477735898186585,0.0009124819280093011,0.6386420524343869
2.386507589050981,-0.01176117323036685,0.6274990253798575
2.3891137040460153,0.008892480877199072,0.6381239679750537
2.3870971120066855,-0.0025940479894979163,0.6256225929348673
2.433265427268787,-0.015277937675544084,0.634095594560422
2.559431480511411,-0.020644852289672277,0.6351871904331916
2.5399771701213574,-0.0054375899343213074,0.6080645645320938
2.401623251400827,-0.006038521286866549,0.6349705140992928
2.601254422026382,0.0011626501117438792,0.6395753234853062
2.6025772904900766,-0.015312900563393628,0.6388981549053563
2.318366457780896,-0.001344482249391321,0.6395359445958715
2.3020968522496537,-0.014796108012024911,0.6476622093757306
2.618970261535191,0.0047415933308103675,0.6397230063565674
2.57174719098324,-0.016958096206547868,0.6422777255868979
2.1916431429012766,0.0077504899756637435,0.6488671265313272
2.2212346121365276,0.0065684679559070425,0.6603834616796906
2.369252952127532,0.00045878445367897314,0.6142338770746931
2.418496517811233,0.024989318475838962,0.6476524154006045
2.2039123225350297,0.007666087885940254,0.6485255718685667
2.716256713179808,-0.0008981230704143695,0.6193351902244386
2.2376953628394674,0.0029802118131663224,0.6312007290602268
2.4542150442884614,0.025309478080377756,0.629774223421236
2.3689972838189455,0.0029568468702623196,0.6472608631685651
2.535744155219417,0.01037895210738049,0.6333343231555079
2.1758582084806015,-0.005647118476566293,0.6198463002507061
2.5153290349682838,0.023909748435181566,0.6418059674970987
2.599519366698719,-0.006812657297045055,0.624273605969161
2.460040044419391,-0.005444166199258138,0.6213098337665796
2.2373466704113385,-0.006589869146815364,0.6276446924976896
2.4933863755885564,0.016864686590246647,0.6065171474698704
2.3471865956655336,-0.011573642720743127,0.6297951962310582
2.5910202391572934,-0.0015757006484462543,0.6367349226290959
2.3305873362252414,-0.010977247201228169,0.6333882006216445
2.6543097119879873,-0.002627965041981817,0.6282912609451033
2.513532329465954,0.015619721114634277,0.6128015322944473
2.2439756541670244,0.003616220369137224,0.6474909204056918
2.410378731375591,0.00776640410441054,0.6151471018645732
2.434479780475867,-0.019545732435574337,0.6146300757807397
2.644178719701138,0.0037567130114790626,0.6403893031648585
2.598462575152853,0.016413545023165943,0.6149299125369293
2.3733168880283895,-0.002474712287424019,0.6554746104563138
2.323501208826964,0.0021773431583687053,0.6628696624561374
2.652407933946319,-0.014054099625112393,0.5999857746547964
2.45967038299433,0.006975330610211383,0.6093580980606248
2.1827352666824993,0.0013359741230392075,0.654302607132268
2.3615795680692546,0.0026857368352444233,0.6304502162208602
2.5955575996211073,0.03549264390297613,0.6201451285633306
2.487738436628519,0.0015463922237435312,0.6405354548929602
2.199490378187072,-0.006697039008597416,0.6495740171458753
2.343297482996791,-0.00995418217862043,0.6488432892450103
2.608383346674035,0.010508081475649744,0.6044381712665853
2.570868298428286,-0.005138329494137395,0.6226068854529946
2.6356515148008546,0.0014337014648704294,0.6183320480421803
2.2328472563046224,0.019757736051790653,0.65550301113748
2.377242141922293,-0.010555577205001221,0.6412911405335874
2.3539561750198814,0.012327066369447692,0.6407991993355563
2.447742424488643,0.005638529613722909,0.6338759869432745
2.378932623648253,0.011374353830235107,0.6544483261014253
2.465100200512319,0.015116521018287976,0.6315042399374763
2.5844360943221276,-0.003906875608089999,0.6127479174318363
2.434008953834342,-0.00011297021209411007,0.6340922063295751
2.312144179101382,0.013125950494288663,0.6314206627104278
2.3980869831227016,0.01185655813321751,0.6399569854488486
2.359720799846171,0.003286599319256789,0.6382701011186145
2.316846512470031,-0.004717850881490904,0.6335914255556062
2.5124451934256644,0.0146062798495048,0.631806056514089
2.460933854665524,0.0042856200635568165,0.6268585992973125
2.2160101261892113,-0.013663619144618222,0.6631613532206261
2.4096898312646027,0.001101460403108545,0.6489889772342573
2.488302488479817,-0.014515330021606765,0.6278888378093875
2.6282129711119797,0.013001497992641387,0.6154009376339127
2.2468104419030244,-0.012934088839360314,0.6602828358179089
2.4026121501388147,0.0019042586896313995,0.621904922128411
2.2930357767556213,0.0012781917840589685,0.6506609237331799
2.1150422542623324,-0.01629640765808449,0.6751753495276992
2.2600719700485303,-0.019009659891712216,0.6693922872199667
2.2239064312822414,-0.0035842578691178684,0.6441560119777927
2.2004800355922596,-0.011293990452220681,0.6607890518000502
2.210409510194199,-0.007012138066709195,0.6674129583780674
2.40401299383127,0.017061639145567575,0.6229385155561424
2.470804466430611,-0.02492695199224082,0.6513233548031363
2.387251384587079,0.007520864543352657,0.645850709709973
2.5811778935220286,-0.006660183554136445,0.6342442682545893
2.345144567087716,-0.00029209691460385656,0.645780411094325
2.458449935297397,-0.01851461553784617,0.6392159260756278
2.433158219734004,-0.0129209250919744,0.6250491037307084
2.601636235679217,-0.014453451524626182,0.5933554715084511
2.564104377471054,0.023217448933599005,0.6171785838390924
2.4943282544108287,0.010783934399458683,0.6327910916319066
2.327325191262627,0.0019128130201915283,0.643561850267538
2.596473500392802,-0.010162201773353363,0.5903423117325587
2.767785113767289,-0.0001961462744022313,0.5909725952805186
2.4967536369293937,0.012214345959212114,0.6313556823883774
2.2598392245363152,-0.009238532817105183,0.6393190392166274
2.5339749245736045,-0.007148521105414973,0.6437751069006066
2.7697485963237956,0.006338190756497886,0.6033193552166328
2.561277810226444,-0.0031624889721504346,0.617713369301702
2.4132919983126504,-0.0018203476412486097,0.6233942344958425
2.2194535491648524,0.01608935650707166,0.6402894021347545
2.70255865313021,0.007828369922042944,0.6215853176045326
2.604013969607347,-0.0008542842061236566,0.6029159872315165
2.3801057208054606,0.002527377831451405,0.6407265622185702
2.1931018066130026,0.018610735871482875,0.6506154916922439
2.4534744859835915,-0.020859959321476884,0.6510532229784873
2.35624853515183,0.010011853285676331,0.622206330905633
2.664965380603053,-0.008038829052015695,0.608389619551744
2.5605864411041828,0.0009274482226018232,0.6338824479192224
2.3684223183635154,-0.018011158704793973,0.6412027790991726
2.5196925825069916,0.005077681674622969,0.6324139090591385
2.7151397764433014,-0.01570416985784928,0.6085276472125178
2.5404328171302324,-0.00949707461801208,0.6291951753607294
2.566917583157648,-0.0025867017497647193,0.626726905865905
2.351890440897335,-0.0155027218847954,0.6298285672337487
2.618168067818904,-0.0022117291730001654,0.623153420408775
2.82878014653789,-0.0014187063635913155,0.588106886982888
2.445409423303066,-0.0016003420643859734,0.6204349069204831
2.4299693794194224,-0.01482154385794554,0.6325287707881805
2.4083139391645676,-0.004570097969508247,0.6331426803335052
2.7842472728971575,0.0016144678410656699,0.5899596790848349
2.706038641091504,0.012434114754127368,0.592049099225482
2.0909929604238235,-0.0036962028034372985,0.6819171633417295
2.2374108824186116,-0.0015458300627095856,0.6398391972982045
2.3537813633795124,0.015180039991008698,0.6354174062243444
2.558544682543788,0.008094779205710001,0.6341513096406833
2.252800517304117,-0.003079189084647993,0.6646772589308003
2.4699609653797756,-0.0022428962197951208,0.6198331990312975
2.6860012963206494,-0.00337808895563918,0.609942971790968
2.501074512135352,-0.00978266804705985,0.635690381005083
2.2332366358795093,-0.004645442540896161,0.6680485896750553
2.492988289865508,-0.0019749294255917427,0.6280506838705344
2.667113408449762,-0.014118666610239528,0.5968471396579115
2.4457418362384247,-0.0070611016662915915,0.6212907323451783
2.2941364861806512,-0.005770097848535771,0.6595402486724053
2.347897410651779,-0.01362977834165724,0.6472856249820336
2.15686843265248,0.01274478919452604,0.6650004570270241
2.7379290816760085,-0.00465204036915523,0.608800852322178
2.4208045888841467,-0.005145282210690771,0.625668555799141
2.418795022907295,-0.011908326493927923,0.6677080945015478
2.4097035090114027,0.007882591053742338,0.6590135472822511
2.7484322709685145,-0.0007503406528697187,0.6162152552354915
2.5371204473939017,-0.002935930076308324,0.6284006301392577
2.2502414037375282,-0.013109325984624887,0.6552833559325295
2.6230220644336772,0.007889000765075593,0.6081396682921401
2.7067884207103248,-0.003940589852160947,0.5915706867307328
2.5785274174999944,0.0008367847275516649,0.627678316462284
2.248178315152127,-0.011750083685566404,0.6350838260822401
2.477460426401863,0.010553579653416856,0.630832499033312
2.6184444103506936,-0.005296136273731156,0.6175210563713298
2.493317932546732,-0.015596747164534852,0.6378616095811884
2.255033051107115,-0.006642986067086243,0.6617139475775087
2.5230552977179777,-0.001097380514764268,0.6348769866549115
2.615610714347784,-0.03214994339152222,0.6118597502518366
2.479890420603443,-0.010624027222999821,0.6350271877932823
2.4461107507202304,0.013047959947378507,0.6631653595351954
2.3476729717457046,0.013256678072733896,0.6336309263075087
2.6007761294259044,-0.02670735034323224,0.6007626826928527
2.433020083733405,-0.010249840845360403,0.6375142466168979
2.278634936114854,0.018791914803070853,0.6373060873821933
2.4803083218506345,0.006472850948333386,0.6431721324042571
2.669665232122301,-0.026610869591559005,0.5999557480459908
2.3795737077292505,-0.011784449744582481,0.6393642774306595
2.312938038552377,-0.01500585630837481,0.6483674391061187
2.4595143117565166,-0.0036121574591292394,0.6324678241339237
2.633684726134316,-0.0007847839817485269,0.6159294101993598
2.389971991006005,0.00295437409170507,0.6538671154309882
2.2696281929976045,-0.01498094905056857,0.6515333883125306
2.498396326365044,0.008072574804768529,0.6241957829892595
2.684687529921418,-0.0007875452883332468,0.6103892041772886
2.435450187981572,-0.014541694795256133,0.6144078694738825
2.7012057399971168,0.014483282061334313,0.609681801977159
2.752353126283504,0.0011527211585486974,0.6045856740389889
2.2112660909153004,0.027264724684245234,0.6513493455387447
2.2796123104687243,0.0035848418356143608,0.6592783921134973
2.4548826181889476,-0.021449289638525215,0.6334222060550357
2.3822374931768078,0.0033214039137445805,0.6503753694295019
2.315690923948983,0.02020912362108085,0.6412266303672913
2.6227780932518034,0.0050503307865175096,0.5966698093284634
2.4112850369853445,0.016908606699365558,0.6283555592122289
2.3148324918827035,0.00023880472782766837,0.6481741113763555
2.2816572118649785,0.012466862649965771,0.6502682714534475
2.3727705905373657,-0.00874177049416014,0.6503611422631833
2.526305476060894,0.020567804318818217,0.6275521809731719
2.379752823971312,0.0008463741170192662,0.6354190263640808
2.2133193248178693,0.004280221743069079,0.6524025669735455
2.424895640973874,-0.00859520510468248,0.6533673752624745
2.496804761139325,0.005499275983382734,0.6151725504605488
2.472741911419891,-0.012489087868675641,0.6290629700538449
2.5552364945168904,-0.017648282379662206,0.6213285391883161
2.419043906604474,-0.019499355271094254,0.6320442055736574
2.564398325618564,0.0033705258399150395,0.6506450038277601
2.396339586462613,0.0066661896482587135,0.6392090666870385
2.5321824655708336,-0.005532986491631364,0.6191544604033665
2.472014218213626,0.0036246747870269935,0.6299632282883142
2.502517672388591,0.008529241387231101,0.6436514746051868
2.365119519495322,0.013455158755667052,0.6429280840176476
2.372158275082118,0.004321895833789169,0.6463626415786116
2.2697899450244603,-0.004300618424522451,0.6579753703382387
2.4688435893064726,-0.0014513482661087096,0.6311520221179858
2.5112823831453253,-0.013427668096745782,0.624844076782593
2.2680430457773135,-0.01044197495541832,0.6387413696363528
2.468173776710281,-0.003587796417612976,0.6256073927435187
2.4090451644896267,0.0008447023170989887,0.6296916607019098
2.5711669093111573,0.010491788325434515,0.6290255180786214
2.6890334097584137,0.013682214389681757,0.6046797413673529
2.427663221927187,0.0025669472137610505,0.6398546123176025
2.5566372931123067,0.0059854990345040715,0.6305877011431956
2.5030646192013135,-0.0042744392139097975,0.6282057403979541
2.7263956798931988,0.01749751975605296,0.5922861167790746
2.4108763410340504,-0.0013216912362814526,0.6341644494668824
2.3918414698338784,0.008078478267758316,0.6281275118468571
2.5285937564723637,-0.0018635565149611732,0.6215251245197012
2.268413617690957,-0.01511264658937228,0.6487655798500594
2.3971884809258306,0.007740746047104841,0.632796886502784
2.2687327790663154,0.014375431058733845,0.6480776022074233
2.3545083685907953,-0.0015725824143044687,0.6416322342968647
2.3444163910303972,-0.00630880890429153,0.6506512122853498
2.3203820879421304,-0.008378903471902177,0.6567391110611146
2.343094889633317,0.011674484916373462,0.6478366268966673
2.717826900650691,0.010565818787436232,0.6034969448095455
2.25822753058801,-0.028393713179396984,0.6480089240174556
2.516372761120308,-0.002406466175966626,0.6152338586950518
2.387968469186446,-0.005544695686786394,0.6361387835787595
2.419145346352596,-0.006035219068807329,0.6334801435272598
2.4371316395792513,-0.023416000868643927,0.6590878283514027
2.472692747024854,0.0063537353941924835,0.6359264297359923
2.611059106572505,-0.007284177940758418,0.6152165788091444
2.495416762552176,-0.0027170038801245244,0.6223068520385737
2.3521448998117953,0.010891827523671793,0.6207789434956245
2.537113429589042,-0.00508807301138714,0.628736615284581
2.4806075306495314,-0.0008078658978940556,0.6291650193599462
2.479828514616789,0.007097991580372831,0.6320120790575015
2.779719071248908,-0.007563899612107683,0.6040587797616402
2.5007569634340494,-0.01120749975941382,0.6162357039359986
2.500756787449113,-0.010621938202991288,0.6322053396104281
2.4674908068047947,-0.013277485227247476,0.6455109519529191
2.614116741293295,0.023633160584612956,0.6193611940983708
2.4527033480876437,0.012116281766360038,0.632842691294208
2.4124048794980086,-0.001218424925454098,0.6308972138739766
2.3948388602434343,0.005288081069058537,0.6232725397180133
2.4841849648816456,-0.014877774513014197,0.6036555749713614
2.550075061636167,0.0077867839785839,0.6284813969944136
2.647891127557142,-0.009093531810025368,0.6092827986000147
2.487703883830023,0.011080684392657636,0.6318934084481231
2.462853000126473,-0.013482499028936168,0.6185052028069039
2.4639959108840346,-0.010503031243956462,0.6412451702377324
2.4611077428001558,0.004641114082483133,0.6487346540348309
2.3149936889381277,-0.011384222917400155,0.6382211992934902
2.472294267115839,-0.011716154054567163,0.6189791020120878
2.28699481025456,-0.008182808750954562,0.6486670491450099
2.522456714500244,0.002048499012374805,0.604710341981049
2.5533904613356158,0.015311442815665988,0.6235423160066648
2.4526559814477555,0.006906807503445078,0.6430384372928074
2.426809748050459,-0.009585867184850105,0.6397837524749251
2.3946594873198297,0.005183466020274752,0.609312708810371
2.3896652872056765,0.0020100233758451047,0.6362584832361864
2.4044522587707897,0.017616876521541647,0.622012405630069
2.393905776255913,-0.007990001955253234,0.638659914239055
2.3825356332626773,0.013728586957070688,0.6254970681878221
2.536907984217464,-0.02560885265455659,0.6322905282112504
2.422535620640344,0.005641812994396256,0.6330636539757836
2.569068837728425,0.0014823516368704936,0.6112772020517332
2.551539603685983,0.01391314949382827,0.6330004893865131
2.5860886373720255,-0.021346062743138328,0.6381731243573353
2.3707890130684213,-0.0015954758703271565,0.6318492461446805
2.627205308948507,0.0027637841333427726,0.6104572581104769
2.5146888804441927,-0.0035405741867780005,0.6072460551677754
2.286237246901174,-0.0010069381117441267,0.6276500862373307
2.4080515716780355,-0.011763481598786152,0.6513461178946678
2.5005370467213273,0.010045333495534159,0.6186591403921885
2.311598329310219,0.0021786602775422104,0.6366056724993796
2.3183682895714943,0.00206130335380017,0.6402682845789246
2.5352332980752164,0.018141627917057424,0.6281477502174228
2.4661497904116447,0.0010517803975040874,0.5908408194522273
2.3091936173572414,0.004111503240273873,0.6441094021873133
2.6218490390692435,-0.005146071336096902,0.6029718834382797
2.378820235268405,-0.0070706562698343856,0.6367539904004699
2.520836718291576,0.003453495743361401,0.6355523152079218
2.3258435216105675,0.005734006419958915,0.6451610691082863
2.578835928803788,0.008179270289644602,0.6255150943029805
2.51718644701219,-0.0037340965365204593,0.6296311604730785
2.5532010456604612,0.009215064471906231,0.6240855115245744
2.4401045466925444,0.004489629573199538,0.6420455254498953
2.409832645629496,-0.015455956773870128,0.6472917434226861
2.4120728311207764,0.013805850379581042,0.6343050033670375
2.521957398929828,0.004707295420088187,0.6156564985785702
2.468395977974626,0.011542154250157699,0.6158770202282827
2.391436449713105,0.00512437023829504,0.6268144480686997
2.3003776085498835,0.005863469272000543,0.6295641418232072
2.44686934428921,0.021917510283386177,0.644186144753194
2.5095021361044663,0.023182736170992424,0.6350474792511591
2.7001958962257326,0.008376895460257883,0.6142434012913011
2.3003776085498835,0.005863469272000543,0.6295641418232072
2.483557873094264,0.0013452381463168184,0.6346333402823995
2.5270056698702574,0.01430335898801971,0.627681192308834
2.2746364303653817,-0.013842907258138748,0.6615760285150454
2.361820578394413,0.0026635852366974078,0.6403244612204113
2.2570495618252044,-0.008656607525138416,0.6509519120407885
2.9266890052325896,0.0018737212236352718,0.5921465514912588
2.4458811312927926,-0.004511434451955676,0.6292575391763922
2.318588645250606,0.007747177520404991,0.6552188400195537
2.795406243937693,0.009856359105711476,0.5892231333460733
2.8941285396431002,0.011440342205448317,0.5801350961047023
2.5503283303982,0.014074237052211336,0.6347883337645408
2.3226142419526394,0.021550993790492745,0.6547411867310116
2.6350237091198148,0.0020334947704812034,0.5810345577765903
2.6685560957634644,-0.008255023216168,0.6109575001364528
2.5503283303982,0.014074237052211336,0.6347883337645408
2.255470531548238,0.01737462610178664,0.6512225712054532
2.193199315129157,0.001803885116717474,0.6303191202089256
2.6824586932554673,-0.00464038989959481,0.5995339947227462
2.559685855003495,-0.011587764699929615,0.6166188669047122
2.3102709198687807,0.01777590781160887,0.6495914727940548
2.261147298754586,-0.0016514096529152145,0.6497798268532018
2.2401324954445325,0.004063960666299549,0.6477430322772941
2.664967815773586,0.009009039745342173,0.6091520616875191
2.270844583688042,0.019177449713567496,0.6445890869811935
2.7780059662453067,0.00268768950339604,0.5994170553861028
2.533181681760732,0.0036904702472695394,0.6082159377625733
2.556305308671351,0.010140511020556797,0.6143891085568498
2.2187173360758297,0.008126556540701158,0.6479225799563063
2.495155874397902,-0.007737510699848293,0.6132089373795954
2.3668675843571356,0.0006241712809709199,0.6102461334526695
2.568174439793714,0.0025254590414460765,0.6083632145652872
2.3541698940282005,-0.022254724818875804,0.6589982161977005
2.646343098915572,0.009295247181908772,0.6200339455135491
2.37157922159653,0.009645741413679243,0.6539097565946356
2.521139219558733,0.0009631350231527058,0.6384796772628105
2.538916501773034,0.026986047549960146,0.6075048702704617
2.4978847275069014,-0.007931543713675326,0.6249940625233468
2.529380630954089,-0.004750568118493836,0.6164590126052333
2.5134062502925527,-0.004334961525583658,0.6328996980427039
2.328273410658117,-0.01914927448857706,0.6510151477873284
2.5457247936153395,0.00023124401177399,0.624359919336444
2.4545046853168766,-0.006303542688799624,0.6032366698113607
2.4315747571007944,0.0004621856620865561,0.6260412350597957
2.190991690698305,-0.022052809203204182,0.6620338876160304
2.5738306275683733,0.0013795069511179925,0.6330805715942529
2.4641812235977834,0.005496003785978809,0.627596227025083
2.4598468654545718,-0.004275171170346814,0.6397049494632676
2.150098224700141,-0.014922456495077174,0.6712805711873877
2.310266783223784,0.00013170219160962837,0.6277391106144554
2.3546651595345094,0.003003338407658207,0.6291034678422246
2.33141131862087,-0.0037812118044282528,0.6191002789530791
2.397645941583172,0.019964422093895928,0.6390268029448734
2.5320059233492507,0.004066784804433787,0.643792068106048
2.4333762313424123,-0.010014656454877535,0.6440782367061233
2.4663575800389883,0.010557422289642737,0.6379130453674491
2.379133293436752,-0.006467355710065625,0.6379983012126305
2.4284356206651796,-0.012681432407503523,0.6241491828103579
2.3845021983478314,-0.0032919924760332897,0.6199866992525206
2.3823209063769926,0.00027639981144456094,0.6401333778830398
2.433459218529293,-0.0087597361002838,0.6423982335182615
2.3877283448122504,-0.02868097951109161,0.6182506964003254
2.3590859997613496,-0.004525065955282903,0.6203490653345881
2.4102005550041485,-0.004723317964282048,0.6374376807930201
2.3035405022367628,-0.011794013014330362,0.6310196974857326
2.459139087369906,-0.03183824153976178,0.6380371039667997
2.3590859997613496,-0.004525065955282903,0.6203490653345881
2.51306722246362,0.00010620794950666479,0.6233786169305093
2.3160970610296805,-0.012941180553703857,0.6334982013358337
2.562627372875256,0.011545442447788323,0.6113346498699204
2.5645421217523854,-0.0005311571720776342,0.638329639461282
2.5830523533256056,-0.0025857128758211,0.615594041505226
2.223979702206423,-0.01189007049557178,0.6308929290443068
2.4818495672435,0.01266048542639231,0.6347886453992835
2.549208702534468,-0.006806649837796774,0.6268745677500641
2.644146122617744,-0.018301316422887792,0.6104439123202968
2.24334278386522,-0.01029380309346406,0.652067699469036
2.3919692948429465,-0.013278420622732767,0.6338311694263666
2.4959638600321643,0.0007270518407125337,0.6243029036716977
2.323121777658179,0.0033306555584555753,0.644184986286169
2.2721116014729303,-0.014647461595605815,0.6551133156702136
2.397830548519934,0.0018885156661039293,0.642997745449588
2.6125503574941775,-0.002780387849795618,0.610236800499691
2.31631673392684,-0.01684262695688199,0.6600363234455545
2.3786662313656,-0.013040334697913103,0.6515229757675888
2.6486810497632174,-0.0013553143914744048,0.620144710457029
2.3898737121817035,0.00332910878563375,0.6460670418619526
2.6754869152475953,0.017193684420708788,0.6299552378788902
2.5164398870728824,0.011554667176937983,0.615658647173563
2.6446192256634506,-0.0038574815030154586,0.5950291222627667
2.3551546513572035,-1.4264148099796259e-05,0.6476641577485667
2.6411886879768818,0.015405602991744205,0.611434137368959
2.436275332588075,-0.009663966158958592,0.626409611798926
2.4072615571165517,-0.00249541480446247,0.6407363968273868
2.322954706289704,0.008761473151284171,0.6454884419877919
2.3856690898425836,-0.011139669934937091,0.6285008312488299
2.4821239298197484,-0.009525611745976548,0.6317074969899379
2.5234478480314864,-0.0017830564445584507,0.647833134222573
2.4430829959530005,-0.0131595836821925,0.6349047861330657
2.597705197080377,-0.00425096424436,0.6198943659620144
2.3529023335533465,0.01592112520743405,0.6310242633271427
2.526942513102351,0.0034386995770299134,0.5982747847063843
2.2935273924574924,-0.003906363079117625,0.6545492815789864
2.521058086736214,-0.004779662449043709,0.6164597853214535
2.5534867016463556,0.02522711952159362,0.6328213633784994
2.639556411341236,-0.0056741440257632725,0.617798422980708
2.5269445993095894,0.003518471954975677,0.6212486427948575
2.5406506620473497,-0.0025393480389459544,0.6057187279471444
2.488260749255375,-0.012318202332023631,0.6476817008124531
2.415209726456462,-0.0010536308858830612,0.6220331977630643
2.346331755185505,-0.008585526481815098,0.6157769802735243
2.5860401028415057,0.0021898325356344284,0.6088585143742945
2.307350557903541,0.0012436689153505487,0.6685143631938835
2.2631072448760725,-0.007837277031741197,0.6428813961153328
2.602873414703692,0.017723262527704398,0.6501553567880466
2.2180962967347324,-0.001968974553692826,0.6571950878243968
2.6257368466541404,-0.005187377481647104,0.6236013190122265
2.373209497469929,0.00291010215157117,0.6439610711891143
2.372004152419267,0.016050190298010802,0.6136862846317435
2.4419547891222675,0.0007424742635651072,0.6345739635390077
2.3285871245933922,0.0002254286195306765,0.6462540510399102
2.33750543581777,-0.006113907313509914,0.6227427009895136
2.442894086466803,0.013886107357025335,0.6330426562166039
2.5173337500184685,-0.0034621749154628567,0.621848926315386
2.3927072052806007,-0.00925233434949213,0.6634765923614313
2.386665030546174,-0.01621414832561796,0.6315882680194803
2.573843649556399,-0.01233293910101807,0.6061329299471386
2.3603148847604714,-0.011521841385182086,0.6426982601487813
2.343442157942866,-0.01044135344726449,0.6660636849013369
2.4111176599739146,0.003518785495600696,0.6529903705425025
2.5889755042489613,0.012091525447137874,0.625923492929888
2.574892995409548,-0.002521189286852188,0.6063387535523236
2.520423882364988,0.020699939547120794,0.6070742368021746
2.211967699117497,-0.011625249336278731,0.6619134340563239
2.6043339536963535,0.021735130905086386,0.6208225965420373
2.746140146462843,-0.019947504481556022,0.6134889662884541
2.6245496981035035,-0.03677269957272555,0.626450799701141
2.272402470408744,-0.0022872440895047585,0.6594976194557646
2.516514095591266,0.03130152547997067,0.6190583531953918
2.4267232292632364,0.025097379315313972,0.6335106670254192
2.601835463664822,-0.03406347425377443,0.6230158757281935
2.727000226657446,0.004919135973048716,0.5916332442288521
2.7537057544091557,-0.014371053728539085,0.6061893635953288
2.556965743720475,-0.02542492547818198,0.6203457464075743
2.5439629374266945,0.012432119503582806,0.6082077806711994
2.4378300152155497,-0.0023029452094032177,0.6458412748290171
2.4656462940645962,0.0007628743410441619,0.6144007237885593
2.5472081073070534,0.030800484568517916,0.6127642480231282
2.6586962489482886,0.009572871113435077,0.6252933859979768
2.5430515426863365,0.007031320376043704,0.6209307281587859
2.485777925948206,-0.003610298408528445,0.6424309072936922
2.667787573193024,0.035073899027923794,0.6189973755474543
2.4821671428371683,0.012327513650244759,0.6116023499897707
2.805245372785896,0.014817551481049351,0.5941986234644046
2.4833494459574337,0.007986021573855417,0.6153238341935171
2.6353968137190744,0.034248135219355325,0.618026620302693
2.4881517948040326,0.004347007292539562,0.6378630305811828
2.7804114722348583,0.013259610399385613,0.5947787820628732
2.3583735217932094,0.002251134895060458,0.6391889257844435
2.6630509619233624,0.03494768485841604,0.6298655820737166
2.64384860927881,-0.003054493450541429,0.622618544502772
2.2940348392936447,-0.0018313255632365077,0.6549372582286666
2.595979676108106,0.021787389258388856,0.6215259783965087
2.7694228053716308,0.03957331266357156,0.6230047295741443
2.3591778672147883,-0.000585640801084697,0.6266844234222358
2.7040218937428615,-0.0032433257925137404,0.6289615631779144
2.3805531594191605,0.023586236687355155,0.6265148114965019
2.24596270590833,-0.02832221482665309,0.6551716585729367
2.2735608598036006,-0.014338900055444137,0.6662325139420819
2.4160827819728294,0.009339282680310923,0.6356977387966526
2.441845812962183,0.00349034517770197,0.6385091843816606
2.4698755496744216,0.003224339009472388,0.63199987214549
2.468538069609038,-0.021988047134899436,0.6155739328268713
2.4504505609815834,0.01565312799976204,0.6444238062148926
2.5220566267448246,-0.0011920725341647564,0.6432754408980187
2.446364734621897,0.0006413771934175028,0.6312546296420501
2.455135122008565,-0.0214942205037274,0.6173166811805876
2.4093618506940198,0.01203863180943121,0.6308468774099462
2.485496754930777,-0.012233972721620523,0.6432538953082123
2.4257923673897652,-0.001600216525669218,0.6445451368476298
2.513326546746988,-0.016558158525743716,0.6412436248387143
2.520785358026226,-0.010628595259451368,0.6355234388962225
2.460876492563751,-0.010603867589710214,0.6434322899698538
2.3112317435186056,0.006804838592736395,0.6411339226516266
2.4903110579090333,0.01942808768860438,0.6165884417455115
2.562571561024691,-0.020534454981065542,0.6202508843931596
2.3542624138824237,0.0036556051661502664,0.6361902912101661
2.529275747045098,0.0036202065088128954,0.631809379785085
2.382318085483481,-0.025354717049115516,0.6092346030793657
2.4444374058328195,-0.01798025459923913,0.6288429684042505
2.455643506658333,-0.0044157442509438205,0.6165133839903228
2.3471490933726358,0.001437140331985054,0.6363141133373975
2.232832954976706,0.005997090411745898,0.664068927692292
2.460538646324375,0.001852586290493008,0.6351846541777615
2.455643506658333,-0.0044157442509438205,0.6165133839903228
2.4233460199355394,0.00907609483343208,0.6448081863517273
2.5729447010823097,-0.0044462013483823615,0.6263963071387963
2.4717549881149132,0.002168362286834702,0.6355943394750672
2.61011344633894,-0.0011679127800130473,0.6120872292757334
2.348007679169201,0.007306837337972771,0.6383280148933629
2.4208328092062223,0.011517451508354926,0.6501939062987112
2.4157585087248536,-0.009716186572184649,0.6305041183664523
2.7125088697288233,0.029962969386064575,0.610588700451805
2.505339925443952,0.011580439611443394,0.6324742122826791
2.4398686799540323,0.012672669861139685,0.6507154657708096
2.3414969086462887,0.003174851714790927,0.6411917770111633
2.4171151829524002,0.0031378938783674926,0.6304594814829148
2.502529268247399,0.018405665812254446,0.6085028544562071
2.4110875654106465,0.01077687473682798,0.635570460541204
2.629372573103754,0.0012341689339199213,0.6070871068635165
2.4529196662128996,-0.006400710110541663,0.6342304292248951
2.6229666518603594,-0.02388815665551336,0.6269410856699473
2.278712862111001,-0.011473692004453806,0.6412922562441522
2.576309088593906,-0.00039595586519625137,0.6217926976413541
2.489834897162975,0.0025404989023798397,0.6261440609466116
2.578676666523653,-0.016301616109835493,0.6294492981333338
2.4803711668975263,0.011799642265301724,0.6402067457014372
2.7018594380853367,0.012786954011850149,0.5840029059682135
2.4329612911992022,-0.0011887749027787997,0.631852321166635
2.4386219029311387,-0.009043231618850234,0.6316844401810239
2.4030391176192483,0.011725911261623034,0.6341502177982578
2.7120785472437947,0.008183940074699692,0.5936960645839604
2.4590613953937503,-0.003512898655574359,0.6450658147433185
2.4594066076093917,-0.008336222581790675,0.6343472557557958
2.328039671464667,0.0035242233107257714,0.6296214971362992
2.882457893400029,0.002685397026430225,0.6090417547508578
2.414242864071742,-0.0020052473299705387,0.6315419929864152
2.4703013845238955,-0.001957436651250921,0.6215563932242558
2.4795574772934184,-0.004272477918292106,0.6419621701622751
2.9237861619914374,0.0014255221587664568,0.609581604924988
2.5807397034983106,0.015313390576285002,0.6149671437318522
2.1428782899159664,-0.015004195733477221,0.6610431390877762
2.3452418870031546,-0.007452645784234102,0.6286546906263378
2.7424725663063914,0.004543762169252563,0.6070312541233744
2.50125025688004,0.016667483418491447,0.6211075135689009
2.3835966740226344,0.0039844595861118215,0.6408826793502773
2.399305636198016,-0.003541248399785868,0.6208189606925484
2.2424637969629115,-0.0016360521713822962,0.6414049400027291
2.706054505656026,-0.014883449316411168,0.6119794116118772
2.477179160222051,-0.005411459825540588,0.6271434241578394
2.3757049051400245,-0.01000167822032516,0.6249920233107678
2.580986543310713,0.009422982134055014,0.6012101363636397
2.4314291573623565,0.0029971854923986907,0.612599271810019
2.3259263287311933,-0.0076174363295808956,0.6493918567713872
2.463490952004852,-0.0175015140238457,0.6502437204116905
2.2906692936820137,-0.010758985826011314,0.6494946519620562
2.480500621018588,-0.0058891927740407635,0.6397280113952128
2.5411480330972642,0.0027608543478674363,0.6188308725945241
2.1967146659512355,-0.0148293213510593,0.6507194869570657
2.598547060657851,0.009862207525697775,0.6110454554159519
2.256065354983223,-0.007824545142663286,0.6559856660835949
2.3997940444272046,0.000725394406586588,0.6159206280472971
2.447338664943931,-0.013092581870473907,0.6462965118899148
2.66533996523171,-0.009781313158351956,0.6139800572677062
2.3277653980554245,-0.004115205300879277,0.6447799745720659
2.426604864077831,-0.0009382323003022108,0.6212322108931754
2.48848820122815,-0.004795261397849249,0.624897873724418
2.479140129685668,0.008991081273603152,0.6269453020293974
2.4506543137230015,-0.016961147387495545,0.63402886663056
2.3923337060926424,-0.004684309377160467,0.6305781389967766
2.542227051940449,-0.00038772671549547333,0.6228124031370064
2.569051734241054,-0.008497503661551997,0.6082163259612036
2.3620665388471402,-0.012192851344584366,0.6430888566259638
2.3821752501181592,0.0008875009627691277,0.6324399150974006
2.590194936832753,-0.0016381650366779077,0.6208166558354334
2.299553274378748,0.005400065420774203,0.6488337291796463
2.522803011928051,0.012811773348352151,0.6277296281446749
2.295835086532424,0.000177806769752209,0.6572801322781051
2.399333599954463,-0.004904863867267295,0.6322036016139494
2.5127334422248566,0.002428849548061107,0.6607365393780275
2.257703306964007,-0.00618399841227002,0.6515940848969894
2.1648703528987423,-0.006487831377254061,0.6614482920288471
2.3378118109979504,0.007661938262329304,0.6400251170002267
2.3751937916668067,0.009389356200883991,0.6402917026632816
2.6743740693271065,0.01295627197128768,0.6109725809150534
2.6493017560632954,-0.0002578062165199402,0.5968582422365162
2.3892276542189768,-0.0018778586394609942,0.6399536059981096
2.4979320819035897,0.002774329566154865,0.626846910606289
2.5339596097761943,0.009695486764656591,0.6038368331999531
2.5652585023729433,-0.001174924246959641,0.6206185573408308
2.339827706136647,-0.0009066246054358906,0.6284051921996536
2.4047842922721006,0.005871421047969783,0.6530732787239484
2.541653551282343,-0.0029143347779105877,0.6242796486088376
2.4694930380600377,0.006918242524156515,0.6053081775145827
2.467706583404042,-0.0024997722780426557,0.6433382938729064
2.5181092260275566,-0.0028693989278205656,0.6330344262754878
2.5503165760455753,0.000467559786071714,0.6367042169390077
2.352272780440176,0.0024729848740947524,0.6488933408979556
2.496181855612828,0.011734906324313288,0.6341741552663177
2.395311026533154,0.002405892471025073,0.6344522061091737
2.463693501398184,-0.0006978254280705087,0.6417867107400027
2.4303292284187936,-0.007863170921938112,0.6292959859671348
2.4444877714926156,0.020592293093158798,0.6245518508845779
2.38874815627006,-0.009587885116910666,0.6376951917691338
2.466006877845952,0.011980950002803192,0.6331861502368027
2.410636853625052,-0.01183363819236427,0.6413383796720393
2.457967411289586,0.01947170725595382,0.6250580606252453
2.4621828582607685,0.006895571102860876,0.6223112484500559
2.4390044553785133,0.013618344185925668,0.6324193838021427
2.4056833842488925,-0.006129386240222745,0.6296225066613655
2.59426360982345,-0.009760575886326173,0.6258371172253393
2.418642302998425,0.0058242635933205555,0.6409787763333132
2.460765183242575,0.01723128464692536,0.6115592254813073
2.6078177054333302,0.002653677167150592,0.6205837544961241
2.520816765348526,-0.0074922829531143265,0.6380040876482236
2.4381447916252563,-0.01811288595287497,0.6489145682554641
2.4677551014904586,-0.004342114671104236,0.6462707461183385
2.597727987655401,0.011211508230394296,0.6076199706990308
2.3712496040269917,0.002087615928202613,0.6532508559753024
2.2680701678552104,-0.01424904685449846,0.6420484940045225
2.5032993985665497,-0.010299441221724104,0.634374428668149
2.481450490965814,-0.03027215509040837,0.6331269172203473
2.3983081972525335,0.00035141446457864767,0.6329343474556304
2.6388749016026516,0.015179535032196156,0.5972670569625999
2.401726359018282,-0.006483299917393159,0.6287018154693859
2.6234711922832363,0.009351083140410887,0.5985796713534413
2.2808761194388967,0.0014714858595274993,0.6363737235134356
2.5124371818158755,0.006936426589061018,0.6076266449273131
2.5765060733020153,-0.01781402951381761,0.628804157625816
2.595127084846221,0.01185806640519238,0.5924729774776082
2.508662874617093,0.0008687958659692185,0.6417693032518982
2.51529411680038,0.00774715248279545,0.6044019764797347
2.6018961936233147,0.001044580344506274,0.6212479594572461
2.790120324049484,0.012720539748489301,0.6105660498861043
2.650012210074551,0.020966200080599462,0.5905866507195293
2.696605933359519,0.0017346289865785014,0.6212708363396368
2.3142311803887674,-0.012302975151411433,0.6450336954516092
2.774176273867045,0.012475971020470489,0.6204032895986663
2.061119654744294,-0.013638107195698357,0.6590874818325196
2.26108676530836,-0.01286073933889198,0.6308463480922392
2.277168416248229,-0.013227582469555355,0.6505261895793925
2.8290852155539947,0.009744502737635719,0.5641822138952632
2.688966644501119,-0.005516969365744417,0.6184082332106167
2.677830183520688,0.015971340692519043,0.5942832571108299
2.660603576961059,0.005092220450889862,0.6054715184612876
2.808363598894638,0.014701616193568245,0.5640901419597705
2.40707699735911,0.00834183379527298,0.6527858196485369
2.3528653523724774,-0.0023141739607108747,0.6518916692296565
2.2865179068425263,-0.007777376937815106,0.6499436075940691
2.097831299230008,-0.019590800844482947,0.6544326297751535
2.412935285336594,0.017552579863953754,0.6229956161679295
2.2982508655728924,-0.004543956330129939,0.6632465859640091
2.4543975107693936,-0.010650115646248848,0.6358857758881631
2.0880984470324253,-0.028743552314171916,0.6525243771237171
2.580173828281007,0.013667272867886604,0.629766563202565
2.0492044264924996,0.008099689659783138,0.6789493518258589
2.3341847724980203,0.002611539151780029,0.6416817629426245
2.661728190674104,0.0056095429516545,0.6415256443656882
2.6350771479431563,-0.002127320997822313,0.6021239075226483
2.446160393603759,-0.01398805760570987,0.6492259866071642
2.582079466685607,-0.005561422347067246,0.6330129711505522
2.5841450638757624,-0.011933382846841534,0.6499379074323747
2.504625642219183,0.009730701885274806,0.6346946731310715
2.4268032136644906,-0.005298473674500315,0.6307166538118415
2.439626550696009,-0.003059610092559506,0.6243876257656227
2.545612035074049,-0.012011748102084718,0.6486335570569255
2.4704916842628775,0.00898355509406823,0.6333692094212361
2.375387409682753,-0.0170149266633004,0.6338178295953699
2.460758840237486,0.0003671443110027095,0.6340174074849161
2.436160448968529,-0.0011111191352672911,0.625240960994986
2.4302829068407004,0.0059936352006981775,0.6278743095335924
2.4530250923745416,0.015534396713085652,0.6388781426200656
2.4863226341336087,-0.007606273319025192,0.6227060590198759
2.3975217219907905,0.01406003615428908,0.6488259334800199
2.292061211586048,0.003264436004279947,0.6416493186961704
2.584199367498153,-0.008304862379669098,0.6176519564162123
2.368015180861052,0.0045922614187570154,0.6446810490145299
2.5103303186727075,0.003531601631243886,0.6117129273083967
2.4431327595840178,-0.004869782871954831,0.6468514868452608
2.4996699176992236,0.010707710354249667,0.6315025057865267
2.4857874850466146,0.011576948136266196,0.6227277026583651
2.615882639655087,0.01591891594855599,0.6192170549991795
2.2781885321989566,-4.6233234234360765e-05,0.646143320545765
2.36466324402181,-0.009647825435758373,0.6238321273056441
2.5784485523113596,0.011154973849244465,0.6229722110205009
2.541018003433993,0.011951601098571851,0.6196539080451156
2.3898843519743567,0.0017539393842618267,0.6340490317461217
2.6846773929689065,-0.0024924993350297076,0.6226044052922526
2.465595046119943,0.004058786212215004,0.6275603356607262
2.5374715075818712,-0.0004880596612706345,0.6233493722048828
2.4523201459440847,-0.00016752933225894218,0.6390307587608692
2.6753661603848684,-0.006985276313692612,0.6059382214372478
2.3359753457962125,-0.009300223428400978,0.6541612821561856
2.4777135783767656,-0.0006028120236860612,0.6207121835744178
2.29016424496278,-0.01512183924564714,0.6614291495242862
2.4114307073443078,-0.0064810384705480395,0.6301243961551974
2.3300092668995576,-0.012877813889519363,0.6625437754893855
2.3596754164385354,-0.0028123188425357437,0.6197483807025583
2.4516454825227956,0.017249891344973012,0.6180372618870429
2.4545054820939587,-0.015906913672334877,0.6402673325123516
2.3406263105429437,-0.008738664139402275,0.6502795833339793
2.6144576792163323,0.004511320467685431,0.6360277474518301
2.5423692858385585,0.011798577594264836,0.6368432723686043
2.582139843167677,0.003468739555775535,0.6149264757469732
2.3221026037027515,-0.0055078857647477,0.6424223689900562
2.3749922832947066,-0.0011552972326489552,0.6185624492025484
2.523033422491704,0.005096731784639985,0.6087054164716791
2.4124168150021212,0.015755260805975446,0.6375828781236899
2.337231540313026,-0.004732517985430507,0.6484656327602122
2.500735416475554,-0.006190584437800739,0.6526330378851618
2.900053586559492,-0.00964276018722554,0.6135023160402326
2.5081117551364103,-0.0020653903687712916,0.6068982031738891
2.304123376102061,-0.010485153907428657,0.6402481798748875
2.651835958097274,0.0018928023891904289,0.6236789818742671
2.6027943780230953,-0.013889712386701891,0.612676975492085
2.683155843656782,-0.005116362294210974,0.6042858538279638
2.547639726262696,0.004058208495400617,0.6216857890956953
2.2726067608988085,-0.016173750901609107,0.638627237161667
2.410252291352554,0.0030003305447199313,0.6376916983910889
2.438429695819591,0.0016904819392131731,0.6297498769426351
2.561188022745192,-0.008322590864052515,0.6210540404901587
2.5590972399312384,0.0011332334881124506,0.6104349794024169
2.396482206706431,-0.007966367126642115,0.6341497210102127
2.4380868450100084,-0.0018607564126051912,0.6404661314783173
2.329491455904784,-0.0034356241039903423,0.6633911189628391
2.651901595067822,0.0034814476889735158,0.6138365706705665
2.6886537950572973,0.00023077911760771563,0.6037958003558276
2.4804979294046374,-0.0007823280842746971,0.6185118706120929
2.3426758276962176,0.0021839416263436107,0.6335744336889821
2.381783932127884,-0.013112642256607243,0.6626893450653123
2.6822149739113095,-0.019900010816600755,0.6035374860204373
2.410634789265466,-0.005943230044400449,0.638644211306796
2.428899269818123,0.010808562641115183,0.6565340087889342
2.176939611106366,-0.009184801835834033,0.6453852054410888
2.2824492281375286,0.022298465692525582,0.6587064094321353
2.523218355549101,0.001288372222347789,0.6334461326184091
2.3730019063167487,-0.006730290994548804,0.6224923803122708
2.3512334990725927,-0.013170357221133688,0.667219361843528
2.2838639967566845,0.020576400234380454,0.6559837841634821
2.582764165605836,0.00014156683176191898,0.6259718249445616
2.297758092127791,-0.021609316196126604,0.6674517308716753
2.2520603262878227,-0.012911614359231827,0.6433733096367706
2.316712173401459,0.008773406775546277,0.6342970070956959
2.4533800672723913,0.00777999407843355,0.6184525207329585
2.268097138322865,-0.009230781499773633,0.6412342783590173
2.274865311933015,-0.01034756546838067,0.6489328532090566
2.4583713810579364,0.008584471195695942,0.6452802487833018
2.2847671636952045,-0.0011826900142870578,0.6414679342114137
2.5996508063068613,-0.00727940557338802,0.6093661579751957
2.483237101481766,0.0032966118162205404,0.6102705232899064
2.325938845801896,-0.01548037565441307,0.6561905331610952
2.6183707237281726,0.0010261247176250876,0.6138371674201072
2.7494767133339986,-0.0038714029849569176,0.6000287148724651
2.5111979394315265,-0.00015087895499421577,0.6270543256494442
2.3657734996389967,0.01669337668997084,0.6355363195620816
2.6233531715887013,-0.004582623668192509,0.6135392193513628
2.728216259289562,-0.003611467341269714,0.62984425551404
2.549863755548748,0.021506046140892687,0.6181471043127382
2.480785625870232,-0.00915308365615175,0.6397694731050243
2.3230939461782736,-0.015193630936306102,0.6466551111257925
2.562884316249266,0.0035682690718181753,0.6120372739192297
2.598440008375746,0.013500106396806322,0.6298116455453456
2.394230427553392,-0.011699679292497267,0.628479102304757
2.329974579120691,-0.019459088514272027,0.6506954177825965
2.6876836481417037,0.009865112741621163,0.6071747638543741
2.4501235173526985,0.011177212213851151,0.6295353888422894
2.4662315299244844,-0.017058578859100892,0.6374005609914588
2.3417988153390126,-0.009252085945878452,0.6483258026674293
2.4676701449546106,-0.0012915764396614904,0.6143182355131138
2.4429481725921387,0.0018778747630436854,0.6456287150274097
2.5936302055016602,-0.014996512660211403,0.6025824620570971
2.5292564615978197,-2.1908996397090874e-06,0.6271777198920134
2.3432877753848915,0.0009747134265953861,0.6222773857704801
2.295813140906377,-0.01436029689076812,0.6708266508334169
2.636173679049005,-0.0032204414648071555,0.6275716777894509
2.477903865351092,-0.004031999853242985,0.6202978750561006
2.3502557011596052,-0.0018719534813487204,0.6344697403939137
2.4803294049821667,-0.01012744772876717,0.6226203160665674
2.3333640304601335,0.004157597023609183,0.6440216084455357
2.598050124220124,-0.0010241066458445136,0.619022026770938
2.643938071373004,0.01031313990390137,0.6070475269032404
2.639128041087662,-0.02068541767083132,0.5840487679619792
2.2327204118857784,0.002827732025961094,0.6485375646952871
2.4623671545965715,0.008385508922791773,0.6231786116895355
2.2351236668373726,-0.0028730697623446932,0.6519358185644711
2.6850440119447425,0.0059893438465397075,0.627303981230128
2.2235031480668197,0.00794113114684758,0.6403976916353846
2.394771075501532,0.015058015873185449,0.6541128151246041
2.505623956448701,0.0012616553768105554,0.6337675924342845
2.416233177080677,0.000608422199034564,0.6373927938552133
2.3636384153714864,0.0078784045187561,0.6303628494763753
2.5327824219269965,0.001442996790350426,0.5988041372962013
2.5827048268277735,-0.009582302912158669,0.6066198892842746
2.4404625485778553,-0.00028131300203648735,0.6386063466178579
2.2890236357527276,-0.007896222352336224,0.6536608997398172
2.4282029772827847,0.014680215975280353,0.6484855168383579
2.305258459764651,-0.000711948801625395,0.656819186620719
2.3595666519493097,0.013302288841784193,0.622842731410555
2.2539114761591477,-0.01601334218977657,0.6505233946953586
2.4116070485997088,0.01656626431813235,0.6301183389686572
2.3135961754975964,0.004888496413855137,0.6414503791151556
2.275551278856389,0.006999715953855956,0.6263995084190137
2.6186778151637498,0.01096805185640215,0.6264016682210709
2.631002444129536,0.013823648565527646,0.6290308387300614
2.54128776643316,0.0001747445544511006,0.642385932816255
2.3280137291954683,-0.00429844070746821,0.6423917501926841
2.549259720539964,0.023837999630240025,0.6129925720569258
2.4974418253186905,0.0066738676496280736,0.6291835293776393
2.45169505708783,-0.008002053370008033,0.6375584706051912
2.585294822085009,0.0006537688183889667,0.6272095262899876
2.5040053532545006,-0.016399740123035578,0.6151156199702768
2.475226287689745,0.008841317836508544,0.6284740193832029
2.3840867422976006,0.0011493182927595491,0.658313994156281
2.629092393495603,-0.002668890105414823,0.6367770645869172
2.363953148684769,0.0044944880742339155,0.6503251810968617
2.5023659561673695,-0.008751120380316557,0.6195941991666873
2.314236827943722,0.003422440651292158,0.6350721219837745
2.5377292129173727,0.0024046794730441245,0.6232804320905678
2.38457766602862,-0.018002865513836896,0.6343099192778158
2.5716073951012066,-0.028383002767805365,0.6061513305998846
2.5367550938230186,-0.008805867516648469,0.6374425908422476
2.6320550857158045,-0.0015347548389341714,0.6075060215221826
2.3545122056039727,0.01031956239806564,0.6460705278785109
2.564215537992508,-0.018119372085580565,0.605008211244088
2.4797061537681793,-0.005415380837254791,0.628925074156165
2.5752093357216617,-0.0037111253766246577,0.6189271779672464
2.458835851891715,-0.004032299160323882,0.6295792940991294
2.4772432206070087,-0.0010190876999776055,0.6257197931736485
2.4690980476237674,-0.00552174092497193,0.6167330834825184
2.349521911477603,-0.02396837792133133,0.6446351634578589
2.5241581718201194,-0.008395770304711725,0.6091546443146517
2.5157565446845673,-0.007896056214909297,0.6251627862399113
2.5669953232272182,-0.020185674812191357,0.6332254092636996
2.4011902857926732,-0.031264047674583795,0.6415918194192209
2.5669270501823442,0.01377361991047854,0.6048076908516798
2.6221059389182346,0.00067952409723393,0.642898102784136
2.3267470974894704,-0.010174408018972958,0.6286557739474032
2.499717248896447,-0.008335312364662784,0.6399431641165916
2.2327876874090173,-0.0042933388336534595,0.6637579592499864
2.638559860537453,-0.0010036825725570075,0.627721518766057
2.3869497941934297,0.0037519570730537577,0.6241719774337623
2.415846744833466,-0.007653618349013902,0.621232544597893
2.4664130157921513,-0.02623162277905733,0.6225279226668308
2.4419041369508143,-0.007001884199193675,0.6208620955071557
2.625003922037992,0.012256482019284087,0.63868792753939
2.443267834272749,-0.0045318591664953445,0.6268443265013907
2.5405854699427297,-0.016364829592640406,0.6466773433821486
2.1941152038517346,-0.01538220625855713,0.6810049404701484
2.633884802971474,0.009943812420069476,0.6435764406392567
2.2447286174542636,-0.020409763621996646,0.6550047775705773
2.4390079399816837,-0.005993225298730476,0.6406198027735244
2.2597812105325357,-0.00026997904463432754,0.6332661546234112
2.608195928005481,0.005822038027164966,0.6407335921323167
2.5888248614822937,0.006886482325370258,0.621994251976558
2.4049115732903417,-0.015190366071004657,0.6243618623412787
2.4132762938966503,0.004604264672115388,0.6512926873022494
2.4879679570554862,0.007400395573396112,0.638126312841677
2.698840564474507,0.004591194615189531,0.626582474442603
2.441549300597634,-0.020446167840264096,0.6280993925634719
2.4127486655171047,0.005113550096752739,0.6534900278543351
2.3470300101291537,-0.003684011629842443,0.64568022354543
2.661731339952512,0.013271285015412415,0.6116974583583715
2.4584198523949645,-0.012111714412183838,0.6294368914664369
2.353222329039995,0.005555867318714158,0.6367716685644125
2.2727307497116924,-0.00399400152500462,0.6512869738167112
2.3962328931161885,-0.010722825736370512,0.658099767289291
2.4687502092724394,0.00038747166890251705,0.6314697320936029
2.6026486051473015,0.007061719337264627,0.6206416397727181
2.442248467171118,0.003146486958047978,0.6352669953001379
2.246776929082212,-0.0024333539145999783,0.6490416218600504
2.538778549512093,0.0016488227940458788,0.6211848617123275
2.393481525097933,0.00642007125739763,0.6141767012280648
2.417440973177039,-0.018503747471695142,0.6372024329617664
2.606000664094841,-0.008038385291810446,0.6224994717989994
2.4440213608288364,0.0032899199025668846,0.6306822761124251
2.358874460966142,-0.001485733203700379,0.6537276504469767
2.3473764435038174,-0.0037582638308737426,0.6368901783409529
2.6046974587627285,-6.206312909706746e-05,0.6366779316526344
2.509068897836629,0.0052660045959782575,0.6096965058539872
2.711193469352545,-0.0064762543664547145,0.6176679191470653
2.323459111772215,-0.005163770432667247,0.6341098962303853
2.356817806153634,0.0018563313251320768,0.6335509440634298
2.3625873595980287,-0.011041352391499837,0.6564725305479576
2.709714341067144,-0.006693606916069017,0.6173960095325866
2.416617610019585,-0.0165018940833892,0.632106198672382
2.331201008243065,-0.012771441525361249,0.6202540146785516
2.2746562571895166,-0.005026456790941269,0.6391176557401378
2.5933484993051508,0.0024017357996701794,0.6044244820515778
2.564935258016918,-0.0011093240789701309,0.6178807118692072
2.644417435422792,0.006562610226315213,0.6215501238710173
2.3715526338422332,0.006080116862918983,0.6488753750665268
2.655965067758068,-0.003065417171856044,0.6006931845723499
2.531909147881614,-0.004532595199548739,0.6271006624958076
2.5349658605695162,-0.013279321562068125,0.6085081118235687
2.539601967099052,-0.0006083549674067434,0.6144784338171332
2.2242546977221336,0.008367778562125006,0.6598175749067793
2.5751035802911697,0.008955965321679527,0.620996721760384
2.153767075720159,0.0014415404883383331,0.6616653220431128
2.4601582041735575,0.0014446593015642328,0.5967753090570408
2.2175598794139155,-0.007369014806375418,0.6475861642746022
2.464954311749399,0.01099344243350786,0.6403567246197385
2.1935472285432516,-0.007215363500411742,0.6556688617172014
2.718268016141479,-0.0046469433707336805,0.6340839587121585
2.3327529300534344,-0.013617809652660018,0.6631063975744654
2.442253420303908,-0.00901625585083643,0.6208557548189909
2.6410570435856044,-0.0051551132143343725,0.5967459583589387
2.725734994249902,-0.003158872141758806,0.6221792915995075
2.4059172752244407,-0.0005376906704213091,0.6188380170299611
2.4549769220402085,-0.011356444605796767,0.6280022396767888
2.655886892527432,-0.0027445884027341716,0.6010576338809983
2.4861696726411364,0.01485926409102345,0.6067572621929892
2.4031382284485745,0.00011277291104927478,0.6160482485398728
2.5316130757412916,0.012470662915671449,0.6144914437755726
2.6359497682476345,-0.006236389646522955,0.6166332035928588
2.668678842113548,0.01688981430811154,0.6210037243623889
2.342114558298382,-0.022402233751775302,0.6391793275266151
2.5516096781916757,0.0070522565880544175,0.6073028573430141
2.627644700109559,-0.01414108204483,0.6228549753028267
2.3118687502806705,-0.0011321870466574069,0.6491439250593174
2.332634316823295,-0.015698041590462175,0.6604333144743987
2.3228136168120797,0.002032248342621168,0.653744578498353
2.6559328915810516,-0.01935442439348045,0.5938998701133628
2.284759760270994,-0.005572352004365566,0.6435937808342188
2.3495129435551907,0.006593852330443628,0.6424829703863567
2.2865992766904584,-0.02075120857995305,0.6491608198531155
2.48243043608212,-0.008017914050983954,0.6394293242517162
2.6578615806021197,0.013056530631708974,0.6277995973125503
2.3861167992228633,-0.0005425557536760106,0.6374597756630028
2.3314456146882705,0.013115247346187298,0.6540197255834583
2.5784878659353403,0.01086325706567326,0.6290218473883273
2.5576240285802037,0.005364149877232327,0.620834928603547
2.405760499992362,-0.005008321673792393,0.6429448071907359
2.5210762361442836,-0.0024120161674083818,0.6042033826652919
2.6286313628948474,0.008242899551827554,0.6587621153255383
2.4511173505450747,-0.005606193342850396,0.6356067268692186
2.4984651514720326,0.0036291265820100893,0.6278591740857847
2.495511481028023,-0.010424388644670435,0.64811197633737
2.46856545542198,0.010527603380932504,0.6368459345451595
2.3208089760314508,-0.0065372783914987576,0.6365707219249545
2.40924718084631,-0.010599257485253366,0.6196576919833453
2.4274611293151436,-0.00586334419663781,0.6343901983446787
2.48940041987,-0.020262728868130075,0.6416008736046541
2.3546167628627104,-0.002815352515605607,0.6306448366709771
2.3319906474868404,-0.01879054078362863,0.6590747468101373
2.4120133632693754,-0.007814922618944342,0.6366994088666758
2.315964291174829,-0.005392302379394698,0.6366559668381121
2.5805181237286106,-0.004650587431855646,0.6008651613186429
2.515926531740127,0.015258151570265888,0.638497070150134
2.3469586689368356,-0.008750741686332608,0.648864830244921
2.40769354907638,-0.004169645136512745,0.6366066350295949
2.5886349301120206,-0.0039010887643688985,0.5955561577270587
2.4691315181783784,-0.01968499477505814,0.6049079391723606
2.225773310149052,0.0009546235478437026,0.6473752992197298
2.40769354907638,-0.004169645136512745,0.6366066350295949
2.577076305169244,-0.0035264679698423507,0.6136465611779889
2.674755328811022,0.008459140246172003,0.6273759874706819
2.4549115394952805,-0.004813933142773008,0.6118819251300346
2.442957947653502,-0.0033127608305889567,0.6142286064918621
2.4736489083868225,-0.003954087191587297,0.6334843437745039
2.599470040882764,-0.004800798558552977,0.6225881966359558
2.419947580414979,-0.007145692656808755,0.6456492871603898
2.3585222305549536,-0.0037206571830650237,0.6260500509665381
2.5080974415378035,-0.01220947033217823,0.6266617001433118
2.4365626646557743,0.005368868439596275,0.6401137575705964
2.419598048527734,-0.006313145225407046,0.656342934563666
2.560897538489584,-0.004581917979214145,0.6032090508996071
2.3745429197697687,0.0060309251787520335,0.6524155176179658
2.271215108928205,0.0007619370212492704,0.66272618056932
2.4412133775820104,-0.007607588515361696,0.6476762486579812
2.703752354974006,0.01338678700868945,0.6183185328662097
2.5275440196935697,-0.007810420196857404,0.6123087243602195
2.3002284645527067,-0.014266851676681513,0.6439587710135416
2.4527305619486555,-0.01020162143415937,0.630995205712604
2.5531682740161936,-0.005661214973500472,0.6034569989213826
2.409221814358519,0.010740826955878857,0.6264367685260018
2.4312341650088047,-0.009824675656119997,0.6510999500976005
2.507946614391175,-0.013247655673029435,0.60881709100637
2.895529000667789,0.011382203134551627,0.6002961511435166
2.705603982581165,0.00596217277243416,0.6141048795296942
2.5542540859893395,-0.0026958920993775948,0.6179419222437935
2.462361030411843,-0.004932395625717012,0.6413438371076203
2.7595113697526603,0.012699007403732532,0.5996970559388548
2.600141274683208,0.006527873611414048,0.6071196257075279
2.359639773384477,0.006403652844850116,0.6489444348011817
2.2929568580466273,-0.006997094522649849,0.6497187269902164
2.6644553458269185,0.0029608577580566564,0.6027967312799049
2.4425035113052336,0.002370804181115238,0.629650196832914
2.3828526980707223,-0.002295595976039122,0.6419614675388867
2.325135722923807,-0.0005683272316732157,0.6426577379334308
2.5862844539582825,0.004286208628269783,0.6199399102238523
2.453987232802458,0.006370368090690137,0.6346026497217061
2.6447488295492887,0.003089541465425061,0.6138867959056455
2.5678117317820974,0.01551352518780691,0.6134906790002898
2.280907495808498,-0.004619701047924307,0.6600209885616966
2.3335935309859237,0.00741933562102326,0.6244330085200059
2.4711954599552124,0.014397344102700549,0.6322615397545382
2.6851394222318343,0.018192223844308186,0.6100397288064277
2.3506918881762133,0.00038977883030977267,0.639330279587989
2.512949428168706,0.009119523549220077,0.6323607239807038
2.5541179934538625,-0.009513066361622524,0.6296093361835483
2.6685001680414215,0.0015187752254655074,0.6191419724479987
2.4971473054772413,-0.0002810106557031844,0.6204036040596111
2.4881481417527196,0.014901670373058229,0.6184711592774296
2.4130471742522017,-0.0035694614271635228,0.6267879742117982
2.5321546764332323,0.012076759850945473,0.6121410945106324
2.526568673327323,0.016358354612516557,0.6182516053312411
2.2692780090091533,-0.00940157327849156,0.6512687837253609
2.514447426778347,0.03162366627299007,0.6263707638345927
2.738874585686728,0.0164011321359816,0.6036040438060344
2.5000608921053638,-0.01341870258843425,0.6292987213350838
2.248611317925715,-0.006831957824063428,0.6520770033938729
2.321065880995738,-0.03781979941253466,0.6433430703637525
2.6188003327531435,0.011774917557919373,0.5968367666115673
2.584388801038424,0.00849709452889269,0.6124727684288765
2.4007233651869933,-0.0017686584914322623,0.632573301610427
2.243744252285974,-0.014419217686480357,0.6631705076014615
2.7792158202050468,0.01665991045987658,0.5958618898784542
2.291978737364094,-0.00785612125704449,0.6492530170929096
2.5186275423884394,0.0028301783717159523,0.6341372491331759
2.314549327619965,-0.010179831821797602,0.6536403231710811
2.690633939321193,0.010319219636564236,0.6106155319603888
2.431317664141204,0.01104337068993333,0.6288784274045494
2.640651304887659,0.0051311535346703074,0.6030228366175214
2.425087618843893,-0.023466730779577505,0.6489990317093792
2.3694450251012666,-0.0049276901499251125,0.6365738563023752
2.4353075129377473,0.016448850628318468,0.6377267995459197
2.5969328430720773,0.008346992217844074,0.6074959009986391
2.4163193452307854,-0.009909738496840514,0.6397786336916215
2.3940957369386613,0.002195368371119555,0.6397753108766339
2.6192448832363815,-0.015435208807099032,0.6150054789511896
2.6009252900321886,-0.002587258333648368,0.6221042707295731
2.482424727480395,-0.005634704397663226,0.626612254226106
2.3555212123303257,0.01570247926622037,0.6243840704902998
2.534071448484457,0.002832179084685471,0.5994780142467981
2.582004831939533,-0.00013288104534603384,0.6344483565306468
2.4479656974899253,-0.003184550655329854,0.6350495980057188
2.539232791386892,-0.019425745368379488,0.636757766545066
2.6132113666140775,-0.013861702143927346,0.632977186772035
2.301246658331444,-0.011262452970106862,0.6238931016696367
2.2884592316136656,0.006763752592898964,0.6168298377103594
2.2831963802951334,-0.01402881069096984,0.6377965858020404
2.4259773889053498,-0.00500849354719457,0.6284896914806524
2.639471709579125,0.009598816666414045,0.6351549060692082
2.427150566532873,0.01387367871754619,0.6340995675226221
2.2336546616317112,-0.021041908000285048,0.6425097448610148
2.5740516604067163,-0.0028793431912375045,0.623470258351057
2.370499851323038,0.009856338387694397,0.6294943843476579
2.5875308295654187,-0.009670513880173814,0.6209715980001507
2.2348043231725225,0.01260067467004311,0.6481693552250786
2.543988813959492,-0.0028364846957225076,0.6294109841852814
2.4774897228770802,0.004530237597968334,0.6307392691057971
2.4904835721452154,-0.017951551912581243,0.6263022643263918
2.232759518986517,0.013532574860047886,0.657818906896373
2.3958513348832096,-0.015008348829687268,0.6331596246969501
2.4533294736285374,-4.687093108879381e-05,0.6154921431524398
2.387314335487481,-0.00667912012029559,0.6474745277598375
2.281052161943702,0.002235959517031594,0.6713091625145816
2.529163287773996,0.005877833298155499,0.6222915894205884
2.5443559919158933,-0.008355046565872604,0.6347765373337277
2.5710325179904907,0.0027968210124087456,0.6055745422380867
2.140671259663548,-0.004759584053393162,0.653795570860937
2.3458416230065366,-0.006984743439441443,0.6464527880591184
2.4256250058191755,-0.012669668637074638,0.6207884798198184
2.4926933379253633,-0.012670830608022543,0.6359492413486231
2.2573055064521976,-0.018969940798239326,0.6608642757982947
2.440216831889698,0.003208531160496131,0.6280057979625455
2.566387847208646,8.340119710492644e-05,0.636078215040522
2.4338206251992642,0.0005373461624536002,0.6309497922452848
2.3678232623600173,-0.005542343140709338,0.6357384075162017
2.525274953954483,-0.01500657376586112,0.6243435717180825
2.5732597075944033,-0.01439904779859913,0.6414616152929721
2.647266584917974,0.0016441631261328027,0.6096419523272044
2.4316829001098093,0.002152536593242438,0.6404105153545552
2.4153264346154613,0.001779040050407632,0.6339400433528328
2.4067486930931077,0.004945118229759515,0.6204350442073159
2.522019388536455,-0.0002751190098762013,0.6017254844532494
2.6038169810515956,0.005565141151530062,0.613572714211094
2.437139005432198,0.0007234747826330157,0.6319103078750508
2.533511161266143,0.0025204209759970286,0.6425327387065893
2.55941006125408,0.009820457262361915,0.6343203033412301
2.739948573493144,-0.013103869634471854,0.6052345270139007
2.4515589561902686,0.0066133267756542935,0.6214456712704014
2.3707562612473176,-0.005137982475073688,0.639066418491725
2.451399923032248,-0.014979658540235752,0.6325942590916478
2.306882202572831,0.0004560070372481295,0.642936754167209
2.709771415023182,0.015283184550818563,0.6228840238914551
2.5360227166941174,0.005175340612079582,0.6233468954294423
2.335030821520382,0.0018099704284697538,0.6116137199951944
2.2764447287716427,-0.0015780907650504439,0.6416013316670399
2.704075443749367,0.030673635033366953,0.600395685716781
2.4937473979950333,-0.005754778915000092,0.627042441626608
2.423566641079475,0.004385028531912694,0.6182615053543071
2.4230532296912872,-0.003967540931991254,0.6466160703307341
2.1612571082181447,-0.012293389923416331,0.6625257943397197
2.352412616373622,0.0022040049303768683,0.6397901446512498
2.5965005616955255,-0.006121937467413963,0.621426884188836
2.3763544736863063,-0.0004957699968091145,0.6357192720840862
2.236687849777237,-0.011719802757633513,0.6497504397465045
2.728068950848538,0.006768203739715428,0.6055075018036362
2.617068881877839,-0.01914786757046394,0.6120495119117659
2.196487287135864,0.011476225538362694,0.6699509347841328
2.5508387018766037,0.0007177179998896221,0.6277244393509253
2.366501620788308,-0.015338568926710483,0.6211946523861989
2.6305746309481077,-0.003398595919398284,0.6189453136595222
2.216974412595853,0.00989924081649085,0.652060117915688
2.368062259226227,-0.006071654280690897,0.6285942501177011
2.428076006859538,0.005962147695508069,0.6289532090137577
2.248342067354528,-0.0016388363287831442,0.6317535369593632
2.45742675216877,0.020918596146008328,0.6512674929774441
2.5203082128075507,0.009827937481888593,0.6289628659057747
2.2587663271681895,-0.014180576526038102,0.6391620529610994
2.5514568048360293,0.004413402021377522,0.6313358444456028
2.3016133230751237,-0.0043910342776949385,0.6354997575156922
2.4676648829917305,0.006043888533346253,0.632188146042247
2.38568661641149,-0.011704247332240403,0.6593870004109885
2.4106380126778038,-0.005414837063225431,0.6200435536728609
2.634955236528233,-0.00469232513994422,0.6050240417099946
2.3655144845105127,-0.0016820109642581293,0.6411802259269347
2.2707853943245655,-0.008231966735211094,0.635543929347316
2.390094967773396,0.0059546738562241686,0.6543416711575166
2.335093797440204,0.00542769490901529,0.649467609988957
2.450639105084592,0.001242521376660033,0.6438645313498289
2.6793197721215734,-0.005813930836567227,0.6258286481277227
2.3767258721508524,0.00649113540969859,0.6222055464508612
2.499035922321337,-0.018704800949755906,0.6389583145041396
2.493364809206774,-0.001547458693770265,0.6477317840485378
2.249938985980444,-0.009905691343898848,0.6533096963075805
2.374783561392332,-0.018064387476720345,0.6407764035376365
2.3234388405577877,-0.012441527347397896,0.6280799014687297
2.4828679156191016,-0.0009699601101871291,0.6441500304468127
2.5370607519975303,0.001761121200887894,0.6349843579313105
2.51756848011,-0.004149757755811834,0.6246707648852686
2.3248280158485133,-0.0124811071949964,0.6316214916891557
2.3902820818517894,-0.007520482154929287,0.6471772102547562
2.155004593772197,-0.005564174496318408,0.6586670361841865
2.4657569113916313,0.00692745872071554,0.6247085372566785
2.694681434839924,-0.017831810628883282,0.6288418185703886
2.517333056862551,0.003959761314585197,0.6360399518596951
2.4522810987108192,-8.501174329778038e-05,0.6169628238872574
2.3827269072086885,0.007316297588283893,0.6403336075033171
2.2865763732415534,0.0009712270568242864,0.6405383224012997
2.52485160300816,0.0024002807417531358,0.6105723075304781
2.405781390119024,-0.00386394404929824,0.6471234851636143
2.3936358652515795,0.011568483360091975,0.6403511588623335
2.680772680766912,-0.010899200443757806,0.6203098233685246
2.475579496177612,-0.0016934571417686062,0.6189768702182611
2.6061675255758985,0.001140439231201329,0.6178770776931504
2.4601233923351886,0.012785756954339922,0.6460417781372463
2.51935810904785,-0.012881854226428846,0.6256346148669572
2.733616495366359,-0.0007311088044741343,0.6080347461679622
2.491159287707041,0.006656680100959322,0.6318864946126969
2.3307206045147755,-0.018590987959708816,0.6411103897430187
2.4443794770317986,-0.01030998297404695,0.629358841138732
2.4396079258552077,-0.003423132872228063,0.6185337898204254
2.48075045655642,0.0013239832832641074,0.6294326134267465
2.3565503173803877,-0.01279297802950996,0.6478737978259526
2.277773928299534,-0.004464276636584996,0.6584188055288953
2.3782781953331757,-0.0021503639032303123,0.6555141992399398
2.503689399870684,0.00018919680302764696,0.6287670313438942
2.335941505940101,-0.012199872270219236,0.646201856503037
2.123409640903853,-0.01010733714630807,0.6635189974170965
2.2706867722880695,0.0012223657027643497,0.6417634611320293
2.6174409772152187,-0.0004383665008009796,0.6245033455702358
2.480942220236122,0.009689627044429772,0.637635833476211
2.5309778817163977,-0.007746987745196332,0.6347602409906388
2.5700337986940025,0.0264899372919698,0.6310612968716371
2.425946717305976,-0.008882911825322193,0.6161506790643557
2.5285196248745314,-0.0020665606524439273,0.6232408085875517
2.4354200856007604,-0.017284280674711106,0.6288303879170644
2.314274263495017,0.00852101660864757,0.6355606221192415
2.4817897265717286,-0.0038560362301161,0.6209236121757683
2.2592963310436263,-0.012944591041901932,0.6533987589008066
2.5459882287516797,0.0049793021023401,0.6457193611502435
2.3660514818967195,0.004006053258986286,0.6307904123439281
2.3018031073897856,-0.005611795892689786,0.6351328641315653
2.3569491714624653,0.008305359242989141,0.617846498042372
2.6529647606410225,0.004768384953258931,0.6201520880208765
2.4513827241827224,-0.0003017498748481007,0.6470687284231074
2.4212635901392052,-0.018382176307362386,0.632905881847945
2.252354718199214,0.008782354319087915,0.6170505137417824
2.5563189328753686,-0.009268936686893658,0.6134518027458038
2.3652983796123577,0.0003222949700203426,0.6452568734905839
2.3703808581950723,0.00034829281724735317,0.639171716720814
2.509291083232554,-0.006051711259462245,0.6426510345287337
2.5322238994063433,-0.00786763138855684,0.6237400602169546
2.384512868825417,0.005180505968571447,0.6424117105007027
2.4215495849621496,0.0031011937727767336,0.640354949464811
2.2773775493225235,-0.014731230879851065,0.6403125592281177
2.654571441016218,0.0036936908561704396,0.6086943276292582
2.5600156505946274,0.00716814113652231,0.6119982339148666
2.5199120695011916,-0.00019531259986416138,0.6142777410595404
2.4132808935605476,0.009979654380267045,0.6277545191197753
2.718125602602199,0.0010859949404362634,0.6043189368196099
2.3602741331949786,0.006091046229300456,0.6463792546863258
2.3175577246341925,0.00021388923502607682,0.6366747767482884
2.561316111191774,0.009235286405218535,0.6121666560060841
2.548035804167617,-0.015592112942026226,0.6263568065277714
2.3192824150452767,-0.00402335872838977,0.6680025104344288
2.40103210956715,-0.005801160351547097,0.6489897335644249
2.501020852379392,-0.0001980932775420552,0.6292856174854119
2.211788331353577,-0.02585373336638508,0.6499874151772279
2.294062744278664,0.013644680374908402,0.6333285850743886
2.679466149114173,0.008737683236549332,0.6170819751740707
2.586515264774742,-0.010944421307434116,0.650548657801701
2.3703858659006785,-0.021151759263680292,0.6522223631281238
2.3342752219189653,0.014296579245706154,0.645971123623875
2.7136569843628755,0.011412513248909795,0.6031481252369923
2.5333417468887345,-0.006041604978638704,0.6279792337417888
2.367238302859679,0.0027872673394244707,0.644179665190749
2.358401681621341,0.01326953334617298,0.6459239284448716
2.8517557852629127,1.600353682351674e-05,0.5866205930911846
2.528194258085245,-0.005356237362250882,0.6219688079903297
2.268424475767905,0.003961481712272397,0.6477739971791358
2.3709532804633473,0.00971676922039788,0.6362198491952128
2.1047381072754106,-4.8493023909523814e-05,0.6703386563512765
2.488919405947373,-0.005227567540542433,0.6088686793449488
2.524297085572442,0.013985714185050568,0.6221959458563606
2.424871781838595,0.008949025293629731,0.6448159746014372
2.1619657179351184,0.005360526172583535,0.6677956617013848
2.418346081962008,0.008002026577002663,0.6208933963565443
2.568473279144559,0.004262087518868807,0.6116578463195655
2.4787507353054274,0.005864038736105748,0.6544971010021793
2.233239129413628,0.0024708206596637527,0.6667287458915914
2.5609041636204997,0.002566749503186694,0.6239201613093949
2.3048286357183474,0.00152514032922757,0.6496546333420539
2.3696017986772273,0.0018853173390804834,0.6282122905125073
2.39605553446911,-0.0011422613691520755,0.635309561376534
2.49545540147992,-0.0014991763227290011,0.6121654585855656
2.501093439099536,-0.006737868351476273,0.622676730398849
2.4407997358483144,-0.018322583049129593,0.6464022052108802
2.4461258970694364,0.005357083225588033,0.6198244190456611
2.5222856738585206,0.009945317587821245,0.6342018403365141
2.4874766557535612,0.007674632126561054,0.6153180778285964
2.421498689021734,0.009841342490869653,0.6218928465948703
2.465329560504872,0.008240640935041066,0.6319748955863199
2.4058826709055445,0.00640348741733332,0.6291010190725113
2.5048085543721195,-0.004673218785961275,0.6298827449740266
2.3884568483607387,0.012347487244056543,0.6195019245122323
2.4370506538913244,0.02370027823809373,0.634297012079823
2.3260593669438028,-0.014959720732607318,0.637006691331616
2.327942694432542,-0.0006902971005062764,0.6456475644323042
2.606929305060678,-0.0012076523350692536,0.6332578683741047
2.424487651108093,0.017381935236494783,0.6179776491816513
2.630158990833694,0.0039347527407960214,0.6190900216811677
2.866829793521127,0.009705414093626574,0.5884973212848315
2.4836929285170033,0.0015727590790528545,0.6312234130681059
2.512197146279551,0.0217906785226909,0.6285791322722236
2.278224194052357,0.004582625183870315,0.6451892680719241
2.5913599942309515,0.009854333984825825,0.6218732889095656
2.757992164284943,0.001926703147383746,0.632025064358594
2.519118152271921,0.024544617214269815,0.6296248364604197
2.5232354580149874,-0.004853115622645676,0.6173927671703912
2.3924737314510143,-0.0027689113824880263,0.633502600858215
2.6226970297795607,0.004824173044226221,0.620603124334482
2.535846857998355,-0.020840705185432018,0.6176332251112824
2.2997172985108194,-0.022121016900293666,0.6566601179954442
2.2300703690042885,0.019874871675440886,0.6693145693102512
2.3659614920155922,-0.0054203816319926545,0.6532450671474743
2.5619385780079553,-0.001518964897608166,0.634180325070266
2.3023778938032837,-0.006351121991270192,0.6370733465214421
2.3406643554684745,-0.002856113825001394,0.6347051261079079
2.662557244225054,-0.006171755189037675,0.5919973964094891
2.38255168327451,0.006003566844600128,0.6272558616144485
2.380811829696388,-0.005270519436681109,0.6472794346291497
2.5078485131473465,0.006726884060909599,0.6355370332848373
2.773864164889966,-0.011557088392791348,0.5970509486677646
2.548263831162969,-0.008755513350446664,0.6263627755942105
2.2728674344238566,-0.00017831848849492182,0.6360474882495774
2.3145202880635734,0.015450606189543636,0.6280818842705187
2.8004897912652194,0.0027027652081792475,0.5897664416135886
2.290577603346562,0.008845647245301569,0.6472575717690892
2.5765057694322255,-0.014290572537614121,0.6333446412929691
2.2447372718605307,-0.007113718951715198,0.6633254469736898
2.1678224218478706,-0.0002615490769715123,0.6686129918994695
2.381132420095729,0.004039830318899984,0.6408169767674411
2.6160479575582443,-0.011434638496728766,0.6160174890052891
2.235454899950181,0.0022288652991089286,0.6675517531234995
2.3098658617976873,-0.007029916712842255,0.651547894214225
2.7289980737280106,0.0005540915107340449,0.5999315983222125
2.665644577487244,-0.0015852117136154753,0.6052380442966454
2.2365905391009457,-0.023523628491712634,0.6427234914578923
2.6431973332760923,-0.0033719133988796557,0.6062948806466211
2.3978043140290226,-0.008381465380052466,0.6287329369382002
2.672441114659898,-0.004942007072729959,0.6012619917128866
2.462535175747384,-0.019842887223031402,0.6420213373212464
2.5785473214691015,-0.003324919350294886,0.6101049865964848
2.2660375545170517,-0.004846894314871619,0.6461419337379593
2.764882151797267,-0.01104727612820744,0.5945706520190054
2.3860076191251314,0.003441405142673659,0.6260727100592512
2.7081908604986746,0.00042481354127255067,0.6197140162638449
2.4242561946509484,0.009354575839526147,0.6395276499503088
2.713919707538631,0.011828304782638632,0.6078239375358048
2.3160020187087986,-0.0015252543887591674,0.6688052942486616
2.4421978890848597,0.006595845686580892,0.613933584903631
2.275278116434028,0.006588527999996874,0.6207111426345184
2.71170293661579,0.005983138258620402,0.5982438088375592
2.2092990182420724,0.004404713544841954,0.6583342000159856
2.4909905539490915,0.007702190447071322,0.6454917548196277
2.319267025052154,0.0037708555912840946,0.6425033535319726
2.5995100639973954,0.013420040805485645,0.5857119525126349
2.646671512628961,-0.008432574655041769,0.6158379882808084
2.496822102138863,0.018855065920732494,0.6408818735077952
2.2941519431054087,0.004998765502928659,0.6382815303150959
2.727314305238842,0.011417564616884368,0.6081637673676245
2.3663711240272813,0.01619073774254698,0.6357537731284496
2.5103515584432907,0.004980418784331864,0.6401245793957387
2.35264672977243,0.012020990638269335,0.6356629570167663
2.3554906957183657,-0.005536966860872683,0.6452745288265475
2.3088307604660234,-0.021123862433157115,0.6411117143212264
2.331029792513013,-0.006137170887345,0.6182278842217742
2.2982225765297217,-0.005949358946519379,0.6595140585985882
2.4695451200553804,0.012095463644930415,0.6319618991072739
2.3055513283401448,-0.03401802315704483,0.6406173760877824
2.5129198006248163,-0.003062072674650196,0.6551163724045981
2.3291011209679957,-0.01464336123112786,0.6414012000984031
2.3621543056283643,0.002379014281387759,0.6413877744417088
2.4474924033440058,-0.0235782978512018,0.6256226639261037
2.4116283306521162,-0.0028980449818900578,0.6434027983810605
2.591888698860156,-0.006583464122959404,0.6221691659892099
2.365741667586123,0.010911587071724016,0.64586397761973
2.335246618252498,-0.011170300653928766,0.6391955422080823
2.3717798575700395,-0.0035096614907883517,0.6358649419370349
2.3605378315660905,0.004932085217334903,0.6497866255366709
2.3619157001073834,-0.010606856899633366,0.6424451594931195
2.333067955146601,-0.012886026804253659,0.6520159116322037
2.413897614901849,-0.0040301370652635615,0.6401683284724847
2.6215845407681004,0.011768537679188062,0.6155267739390876
2.2914285508111245,-0.01840601447519652,0.6369382293925199
2.3123734049376234,-0.00033783359373473765,0.6364382899573201
2.465232951553578,0.0034178607724255627,0.6346740682233493
2.5040226169248814,0.008599382120553445,0.6216153166141852
2.4159220570513327,0.016309998311724083,0.651892326420117
2.3049348900432736,0.0018168580744537532,0.6502900908948711
2.5084798455576043,-0.001063755590187565,0.6362182281589229
2.4993555603471713,0.005152487232504832,0.6196429123480203
2.3294214783445284,0.020147995284666154,0.6278417648552793
2.3937665541914166,0.0022550034850361556,0.6520377415836532
2.44672616035847,0.0029004137673787067,0.6282305128508698
2.3601039304787617,-0.0049482600842476465,0.6259160606861204
2.3647845546754245,0.01712748618885307,0.6358621202990936
2.781263005616892,-0.0001318845788012002,0.6158143219723986
2.2774456687932596,0.00027745458494754516,0.6301911589324697
2.5105936704885004,-0.00799132700640226,0.6342042134364999
2.3164594362076705,-0.001316404736039889,0.6584777360060455
2.7781076869775405,0.007341821013052918,0.6117119316848942
2.526697696640691,-0.007718583267368961,0.6136492059636606
2.4658973002929985,-0.0085540639224444,0.6319819390622357
2.5391485637642894,-0.00296739874048213,0.6298396250078401
2.233782944338172,-0.01465018003511842,0.6439209694711819
2.384691034407337,-0.005862875070513418,0.6286804995653966
2.3876638258690916,-0.005340093802458368,0.631339418480604
2.6900160779633615,0.006146295048677697,0.6262425223963084
2.4075001227957205,-0.00537014239753697,0.6478302660765427
2.7335307601657193,-0.004143169061083141,0.6096589907630443
2.3919433263876484,-0.004809362326795741,0.6527321385786455
2.635046370066646,0.001091983089577253,0.6026324175632427
2.361003447926756,-0.009563850293254017,0.6499202482839647
2.29301562655989,0.005929128846801746,0.6480909499361819
2.4821151945773585,-0.0038731677952357213,0.6571578688437989
2.5148411468325467,0.007592590241578989,0.6333385375026638
2.3005987434360007,-0.010489543508846788,0.6544457583413285
2.336083136637901,0.005497192418437491,0.655717464530609
2.511514608364274,0.003876348881760805,0.6044356730709439
2.1904990762475567,-0.011472775398880586,0.676292771157855
2.2826201348930377,-0.0013770488989996998,0.65244838022574
2.6241110788296105,-0.00427165356735415,0.617041712394015
2.332401201263432,-0.0016165191434738269,0.6228301338857295
2.8498661331638315,0.007842984713271273,0.6156695450463149
2.258712164678862,-0.006481009995349396,0.6387198532739792
2.2866711766877104,0.004488466142207104,0.6608260138795924
2.27489636654651,0.0009010772712942927,0.6448419902531545
2.6555058796940636,0.009577538592725476,0.6071869028954741
2.5638065688610165,-0.0023414526141993797,0.6366172140485401
2.5799680780069023,-0.0018917373048259467,0.6112104623954857
2.5258836130604534,-0.000792243521509306,0.6342881969456705
2.627674258828482,0.000652441743388632,0.6125786741474761
2.3441497492763537,-0.0011473335678906516,0.6337814540522088
2.4970589935285963,1.4184682384899006e-05,0.6299242096880735
2.346621256005504,0.009176958425513249,0.6412863822680124
2.516577252311664,0.0019802253652734247,0.6333242791483176
2.4289790538128995,-0.0055804134605732525,0.6404487565412857
2.460105306130723,-0.0027159452945428875,0.6403318183680174
2.7036378667930188,0.0009642549162627301,0.6146028588456218
2.365722759088429,-0.0024266590289125922,0.6391754399240407
2.541470907647224,0.005782896246874891,0.6226740072130456
2.5408019720254464,-0.006843352285454074,0.6267891367403952
2.356808353407188,-0.0019050564799436565,0.6629592112877761
2.4972872507529824,0.006260619317075333,0.6325824404128876
2.4228694019223966,0.0022914577290500393,0.6522174594875669
2.5360841451846774,-0.004874521437256085,0.6133043606165939
2.290097099784988,-0.016289275334304465,0.6317291393809887
2.391292216376835,0.007128692262605929,0.6360702125255148
2.4671817825278355,0.0001640401178815143,0.6166599567005221
2.405060185254502,-0.0044359754918543715,0.6068252080780412
2.5731029432809702,-0.011032291870932465,0.6365493518512297
2.4305768923186695,-0.005898519007711656,0.6262472676097653
2.530627585350531,-0.007226852053022537,0.636078744700957
2.6203419257367897,-0.01186212279019161,0.6409156578689378
2.49209995136251,-0.014951921710577576,0.6201249937549049
2.3307028224806605,-0.012756766463071001,0.6468935484050948
2.5908810207877315,-0.005205246342943948,0.6314480796567208
2.6485490195211128,0.01232913022035187,0.6379510596265322
2.474237820390993,-0.005754621845840191,0.6297451514306907
2.3334744891311914,-0.011185485466327805,0.6557802104588095
2.4989063885487255,0.010018299570845546,0.6294498746339965
2.5705166184135337,0.014285676240621159,0.6175649778129398
2.5842608071909483,0.015059114800317852,0.6171519851809264
2.4279037111911865,0.022278509889786635,0.6113067069423749
2.493127107358344,-0.010099138389063844,0.6286912086067349
2.5461312737727293,0.011577949692914924,0.6217259321543407
2.542214071489334,0.017362293932222883,0.6113835553701924
2.65223100907963,-0.00046515074095654363,0.6197988370359679
2.359277141848557,0.01306773700012931,0.6475596026927932
2.2890523297213767,-0.008741594144730858,0.6379572614039472
2.656002259541902,0.012626882250273308,0.6175102980848727
2.4305083236430156,0.01329939726856888,0.6235962550290943
2.4219037269208883,0.029002185455260898,0.6235606873094275
2.6362150694430135,-0.0026610695326836353,0.6245949573207139
2.3231802985069603,-0.020116473595853668,0.6428934339961495
2.2696969550520083,0.009002969890268275,0.6375772975233789
2.53878930713002,0.01264400649405295,0.630548760860274
2.476641284378963,-0.00483578895379333,0.6332057755981945
2.353721681713082,-0.020364645977288598,0.6266664199402653
2.2898834993147728,0.011805519387008578,0.6507922608899679
2.4423738997152777,0.0025092005170288534,0.6314773406737237
2.5664590149382978,-0.008450020329148877,0.6232268972665224
2.218561290217435,0.00627276908721508,0.6499286700163465
2.2409428030680574,0.010886582958210544,0.6624239612065914
2.514315564834473,0.009684694122529702,0.6394970544842874
2.5320537085500257,0.010694467643030281,0.6270336841804512
2.529910675870778,0.008210158733549688,0.6352211763141207
2.520908214914006,-0.004616127454639463,0.622392014830724
2.4562602687665014,0.016291160713030717,0.6302241524114814
2.180692839257873,-0.011198796605327077,0.6496764551726089
2.4133582308698993,-0.0148545275991403,0.6425278208779426
2.45825036450642,0.006025417026567892,0.6210220084859863
2.4803925230822843,-0.013539852498157812,0.6407669611608996
2.279940634380948,-0.0075456700079186145,0.6498396135453215
2.419619030638572,-0.0005312491126072683,0.6362078466798851
2.4249597428024203,0.0015546093629956736,0.6070847166877105
2.4750715382105266,0.001472898201396955,0.6371970045035031
2.267032329947827,0.0005219864654695261,0.6511634969477261
2.340697264313971,0.004264938664072737,0.6363055201101849
2.4222736112728565,0.009839329616216252,0.5951658008267163
2.4170293441055875,-0.003977889043375704,0.6437034470080426
2.2168833854549295,0.006873893467699954,0.6548803480903325
2.677406367913552,0.01771899757208706,0.6194617196836936
2.5268850020243323,0.005936470432871488,0.6604281103650568
2.4170293441055875,-0.003977889043375704,0.6437034470080426
2.816435822329398,-0.0005664305779837786,0.6076005107737045
2.4880109973116826,0.011016029552048723,0.6184992106515699
2.180831506551977,0.001586942923468282,0.6403015567624701
2.269278274453002,-0.0069752281031747465,0.6506979520602998
2.8600111174277436,-0.008120015869280017,0.6106679051896313
2.5521123048902887,0.015807976850307437,0.6097619915860334
2.302928537900441,0.00011357562776170838,0.6712942750405033
2.3504341932727106,0.0012401842533051877,0.6479017196169709
2.8265826934158746,-0.0018943575173624438,0.6147105447680863
2.384375577864459,-0.015285232760227085,0.6325049378171099
2.4378278104118727,-0.009430493628789005,0.6317147198910672
2.3191482279279914,0.003553229092809307,0.6601371705125769
2.725850540802125,0.002544429688380534,0.6093884619198577
2.5073645003712253,0.0007907266667435131,0.6305126494384471
2.704522664513185,0.008780094994848886,0.6077646252038478
2.4622408037093253,-0.012860642822931423,0.6392453700749425
2.6942401927715998,0.0010957302124923185,0.612924947452303
2.4776531957947827,-0.0035809716289203486,0.627927814923893
2.8144247604399055,0.008174423010101295,0.6045263446757693
2.2241616221298384,0.005834813040714426,0.645273098213063
2.456373179354831,0.006552485769896865,0.6276911701349914
2.4889402759632335,-0.0026274565908550596,0.6260053411233129
2.34456035863553,-0.00667719618278273,0.6559620780943723
2.382368105175055,-0.0037658286144530706,0.6590736884933516
2.583571331609737,-0.004722365052888922,0.6196461704456745
2.25323423332147,-0.010298700302515895,0.6702762450988466
2.3766006603867043,-0.007392823112904567,0.6386657828256088
2.8014873427107756,0.004117303053905452,0.6053413601304044
2.583571331609737,-0.004722365052888922,0.6196461704456745
2.2374688875320965,0.00642441279224748,0.6505525487289849
2.417491512085631,-0.012665370457037861,0.6454799929683644
2.5059749323492406,0.010759584522941124,0.6497320550272943
2.358287147602136,-0.0017127586008092166,0.6551278318562245
2.512600849008463,-0.011910268033830107,0.6392935655801054
2.4594865448940983,-0.004576542855966315,0.6458553156098389
2.386730209650688,0.0009126268914636526,0.6218795482829347
2.600106679768938,0.003390599170429942,0.6309913495646089
2.500221883311389,-0.017128268364233534,0.6341955099002482
2.191108397391671,0.0004240260174501742,0.6600598618804763
2.4602169165275347,-0.0006570370741529885,0.615755095308825
2.3560470548582986,-0.012553963217959208,0.6263532241113312
2.6097578039270264,-0.012298571173531059,0.6266687006259413
2.4202239067033338,0.0065250914943078,0.625774221085361
2.2869070576053847,-0.0018723053589140282,0.643247024645974
2.450375330318786,-0.0126966853560051,0.6472079337549841
2.6736249018120466,-0.011698724526792104,0.6278582428599271
2.401844193526288,0.007678295330457496,0.6234274458420777
2.3167637817846827,-0.0017308707797210054,0.6440344451865835
2.545162181068956,0.01048471243335558,0.6175227298616279
2.216379623678044,0.00662292363374406,0.650686275015983
2.5718457393674803,-0.0053712956494051944,0.6190822512324496
2.4502860679517573,-0.002432433132264933,0.626818798906214
2.534846581017808,-0.007014985909397087,0.6246891268665969
2.322140394380217,-0.020611748075510583,0.6257515523142757
2.6570435597972857,0.0022147364648217316,0.6025109748608604
2.4502860679517573,-0.002432433132264933,0.626818798906214
2.5100100813589563,0.008548075924146525,0.6075473197476244
2.4249677930601607,-0.00543908230762713,0.6456325444137698
2.497840716368127,0.005015928401340464,0.6376585972935319
2.666108037438771,0.005532441319792802,0.6321140771618983
2.6649871621040893,-0.01498011581018277,0.6226005633615426
2.4249677930601607,-0.00543908230762713,0.6456325444137698
2.4479592290761136,-0.013710234870223825,0.6446811269251911
2.560660474069721,0.00663905978686663,0.6002798097715759
2.282362987675185,0.017819632451808953,0.6320589435714452
2.520714770299886,-0.0157314888067428,0.6130135602482782
2.4885140218820463,0.010976315077252385,0.6321223510277109
2.4494624035901893,0.006253678601494395,0.6342278623013234
2.246356187092112,-0.023445951200544046,0.6409658919513543
2.3830591501387772,0.016378220577810465,0.6309316964209348
2.5095606091450153,-0.011965832329328796,0.622717679002053
2.484441824782695,0.014131496723079007,0.6372250353043735
2.262995693819337,0.020359097184051933,0.6435570552774468
2.6701462299539975,-0.017807435421907103,0.6147749010952807
2.571328788839004,0.015948906753096237,0.6116402878101986
2.3772906534216114,0.01685311757558683,0.6349774367595421
2.5637266432874597,-0.012629717638021454,0.6233351546935294
2.4057632598995267,-0.0015443950232902903,0.6313015165777869
2.2113770365898278,-0.02087081716435435,0.6582879438734603
2.78601521196004,-0.00818051268447939,0.6006836821611664
2.501746745762034,-0.012106246640838592,0.6193063706579185
2.33484492097221,-0.0021065570773148856,0.6342414704735246
2.456715924273537,-0.016678637461611023,0.6169354263596322
2.816539633913736,-0.0009940171526297004,0.5946413683088209
2.580836269624154,0.016296589165182063,0.6111744391247854
2.3339332770155257,-0.012765875688499406,0.6375111718352706
2.411802422073873,-0.011993547530154247,0.6148202481374826
2.737712953380769,0.000501331586495013,0.5927346487563392
2.368896900707496,-0.010760212561982785,0.6524801297031926
2.480271241362116,-0.0009838345493793366,0.6345729367128485
2.4927382127469655,-0.006044522851118339,0.6317705270625966
2.5767865613351377,0.0007446884591570946,0.62692725612435
2.3714384270179956,-0.006915455033338125,0.6482740712937924
2.5117461514540573,-0.0006776746346943696,0.6280917668700827
2.316666341674973,-0.013721079154358717,0.6524228106873219
2.469100239363716,0.0009904224237398118,0.6253278998179816
2.577619320078781,0.0011193499603538992,0.623646311988701
2.5193687870904187,0.0010714013423960278,0.6304603609677151
2.4358322523895595,0.013075160236507788,0.6357063666731779
2.52725351596877,-0.014556779672221243,0.6409512182987762
2.5315823964847675,0.008749597432292422,0.6358553579058052
2.474202521236846,-0.002994122849519165,0.623409077806325
2.5311923555772413,0.009806585460813366,0.6333518175829919
2.448714529952328,-0.010540243163469354,0.6147984376531377
2.4882044476800407,0.0025003550348616788,0.6277283399133118
2.5044523572353694,-0.0005903788975765156,0.6223855553890776
2.520697681392557,-0.005467195758984911,0.612947011263969
2.402405176757982,-0.0012956073609440288,0.6319581866474626
2.5787500065100852,0.010185755146484121,0.6114105734838868
2.4897528669639923,0.0038910701266505754,0.6349824028684253
2.5470129198496476,0.017434252247541915,0.6269370060732105
2.545792924826496,-0.009968528856185488,0.6318645779727233
2.551699091237628,-0.004827955349552937,0.6369597728519732
2.526259435454588,0.014492680082675902,0.6384861937722127
2.480715045491837,-0.016831397768049428,0.6273910216162142
2.4796436891766778,0.012839671432856026,0.6232679658812081
2.261154227029729,-0.009012290026397363,0.6460351388781613
2.535980981614961,0.02436755153042669,0.6339543124319871
2.3608263636898106,-0.002446180774634543,0.6466798627069075
2.548729186301784,0.014853502518708206,0.6224196604576894
2.3531408477160594,-0.007974909375748629,0.6551949595572961
2.425279572457751,0.0003004776727228986,0.6203482586829139
2.652401426718223,-0.013030344359339363,0.6013369515741166
2.651223307071318,0.004849917674525361,0.6257523137796541
2.4427149747850962,-0.010740667295880968,0.6351574280698944
2.510618362114476,0.000998993690123795,0.6410490824115769
2.2419855984131734,0.008257683366013513,0.652082479446059
2.420321381542755,-0.0013566701069425147,0.6159203055162045
2.442547492627944,-0.01913924154326696,0.6520883468110847
2.513392856632351,-0.002873428087965202,0.6376900113217561
2.4880359370760607,0.008597549919822978,0.6308481092910438
2.2849304713815495,-0.0033323458991916244,0.6178807714281771
2.260508784349292,-0.004858329335281519,0.6356498671780612
2.5042672412900204,-0.006351282390492319,0.6278070662062741
2.4276808496072264,-0.01667958711772588,0.6384823976904749
2.3130271855933633,-0.014927023496976721,0.6415570117287757
2.580663262543688,-0.0028987275841136917,0.6172819618515826
2.3002518789213213,-0.00013458321346182522,0.6494129260599373
2.2061419139794585,0.00655574110755186,0.6686170519918584
2.1810307564850513,-0.01413363125793321,0.6690684940770174
2.4249608798535682,0.007913008525628484,0.6342677646362693
2.5223079289989725,-0.0216522993513919,0.6136538562479047
2.4868348611369324,-0.0006801424120075339,0.6308645195231823
2.153343599039537,-0.006362032154765052,0.6697007280499475
2.54143602140702,-0.014107097868984786,0.5911726933362266
2.573174267165823,0.004420545464986825,0.6250121733483708
2.5285266575771175,0.0009776840177901924,0.6241703147940215
2.4733791602635664,0.000286849621721208,0.6053222759551432
2.5453360500756252,-0.012841293518563335,0.5960284252551727
2.4210265723557707,0.010079523110018362,0.6147681350145835
2.5532777580569093,0.010486697944655177,0.640654745190342
2.614893285222558,0.01909056883767124,0.6280125736845654
2.709932263400882,0.0015628840416996859,0.6205789850369213
2.4500377298838787,-0.0010122212796921382,0.6308080563611141
2.393693250966635,-0.01869423851085017,0.6475031221430618
2.588323780771321,-0.015600108756211206,0.6036177635526693
2.4018319889824715,-0.014299830475150266,0.6540213047740155
2.432064577694621,-0.017059456885661684,0.6362384388359384
2.410483130641971,-0.03081001965842667,0.6449484383464672
2.1819482019277356,0.012335614308230047,0.6776791733304931
2.692197185475941,0.013611858764248197,0.6219425638864213
2.430583046064286,0.00867552438882302,0.6315941549495081
2.412297221392974,-0.019328368349196712,0.6536168862407465
2.252203373711545,0.013828281364073991,0.6446885401699235
2.776037956435957,0.021153906907734665,0.5892268024234579
2.41889707050638,0.010086594029409701,0.6159260520458099
2.3777488086877567,0.009470154311927992,0.6283595585531092
2.2526719191194773,0.013809966439044086,0.6443244821300208
2.427308265073807,0.007054915860758015,0.6396608691561978
2.548246582758201,0.010277663806135262,0.6365161778454723
2.5358251522389796,-0.004600108807743641,0.614469687455174
2.3488624481747777,0.006260558101073954,0.6592790259663421
2.3670004354913226,0.017019014139121547,0.6382078763133322
2.5114129992489076,0.013141427711427234,0.6069001432462249
2.541470923502983,-0.011398164354706752,0.6388781457954601
2.4396293411281498,-0.013698521273753705,0.635182153557616
2.3179909658264353,0.0051073093641882394,0.6519386952442169
2.54943034209827,-0.0034667440873039634,0.6391098990476316
2.46101058581573,-0.006868646422779179,0.6134695042227066
2.4971818126927072,-0.002732521081262096,0.6277324790877109
2.2953593891137114,-0.011293535648784436,0.6500141219100741
2.2821849457085737,-0.003573931764529137,0.6496123316615279
2.6095817115073703,-0.028924611897364505,0.6245911453803177
2.5072834555931194,-0.007802259326587624,0.6087686571369878
2.373214054819707,-0.007161240179607509,0.6277068990834616
2.5016153323390595,0.00035493090123073223,0.6185929479975074
2.608130455637793,-0.031729216629875934,0.6225853848537765
2.636585392448035,-0.017460500436826898,0.6271436803805968
2.5040504722440495,-0.012190807516883284,0.6381491452876294
2.4564378926695998,-0.011224711641590668,0.6228541079254485
2.419304625428799,0.01491813716974244,0.6206122297079072
2.483882468777392,-0.013954350722754194,0.6037124825102314
2.5631784945181537,0.010528854501240748,0.6275554101102087
2.513742964533707,-0.0013276319593240604,0.632463559048
2.4543577571471507,0.009580834492777024,0.6179359392347837
2.740973304494019,-0.007857688293052778,0.610757424533821
2.41976673453168,-0.017247477451385107,0.6221818009821968
2.438777406696968,0.0053661462351868305,0.6258453645778709
2.6157662321581805,0.006180090624124279,0.6338335746640383
2.263219798676447,-0.01165050226702391,0.6480935368359968
2.5522111410097805,-0.009410088720654075,0.6393748983525928
2.3768393289184564,0.007021240690256114,0.6218687367723754
2.524699692768082,0.017277983170373323,0.6137605761812484
2.5366279809596066,0.0015709774549923505,0.6315650116747991
2.239568044290389,-0.0024603973879901986,0.6299700408345202
2.346418855555666,0.009719791487982077,0.6182667960039926
2.246863051961969,-0.016506940008651716,0.667967113359912
2.356258120216832,-0.0011391875844604105,0.6323125624349832
2.2923715556340865,0.01777400222010339,0.629225364228032
2.300574092220927,0.011241731601708382,0.6109629053088148
2.580129299933509,0.013340034232717013,0.6339420849363977
2.3269154507144005,-0.001102543679553758,0.6310957657117544
2.522144252776879,0.009534843339987109,0.6305346474703785
2.822774915477364,-0.010566554515301085,0.6240609944510974
2.3093679136489698,-0.017945926577825455,0.6498721171589061
2.4878904796065746,0.0068365793009128595,0.6470824853437185
2.4845668695146856,0.0011779187665879043,0.625954438007154
2.578995894515583,0.016592283088394,0.6392478941398967
2.201051879127678,-0.01842540813925564,0.6476985880040377
2.7815391434850585,-0.003939802762068956,0.6001526406316939
2.531663915221851,-0.006574020481206144,0.6193542012865351
2.3453499656898553,0.013885492974882396,0.6343290494640162
2.523253922201826,-0.004097349367716108,0.6436446362356107
2.373780097312872,0.0013674286332279184,0.6350954425403931
2.421517568660425,-0.005990140314555692,0.6172909981589356
2.5359591091912588,-0.010273492800316975,0.6320244352000132
2.6633352242261488,0.004356472218777663,0.6331329289784948
2.3605076176755952,-0.004187898329882422,0.6264308067462182
2.3692513395745776,-0.001028202581527804,0.6413772325521121
2.5236599777794164,0.02721989805734193,0.6137033719104539
2.404547081981696,-0.017007638772146505,0.6158407131667948
2.761559425250927,0.009835963448714624,0.5896784952914579
2.3636684059088178,-0.011304450911575836,0.6439732722521274
2.5909457451251425,0.030070006333587473,0.6193135020533658
2.7036251133506335,-0.008775373399027453,0.609828473338065
2.4224638008708523,-0.01108044059775004,0.632356994887073
2.399244008130497,-0.002871146268889513,0.6432690484228311
2.3767720280569624,0.010364258924246084,0.6360863212573268
2.6045972034856018,0.008187114360625358,0.6049820737365051
2.533345068446686,0.011949730290781613,0.6196594719263507
2.3192555192274225,-0.009940553554327769,0.6289487323469923
2.26542462548083,-0.017114664208001784,0.6401300623226228
2.6210350820917827,-0.00800370108422821,0.6178409354067268
2.515635696241456,-0.010005681261337163,0.6209969568253324
2.34963326606726,-0.009792097000830724,0.6284431876817381
2.5171330816464788,-0.00449730435311424,0.6213463994260779
2.535898174450511,-0.0056468361586774485,0.6085823445382345
2.4867183822865777,-0.0027595739892785076,0.6522635265378959
2.3344216284311945,-0.006003302171889935,0.6261373404475915
2.595507858423533,-0.022401887238230556,0.6153219948080065
2.542282602991347,-0.005674932225290252,0.6158829748983345
2.3773936483889564,0.00033513233987436664,0.6556013937009426
2.4757158274032807,0.005116636509779893,0.6446275558268523
2.2961575914609016,-0.012209973120059558,0.6463743465363846
2.3145049202817654,0.003096091932511147,0.6582394598055337
2.8059862227215424,0.010194535755651435,0.5929819331632734
2.277600302783591,-0.003916229767020107,0.6392479297727003
2.5467150745345113,0.011119191141404139,0.6080324613539402
2.5822277723703047,-0.0029754324705664192,0.630695947581238
2.680948448868597,0.013570603352962785,0.5952595436670146
2.363508049503848,0.0003680701610495607,0.6266053069346013
2.4730900440333445,0.007408696478020005,0.6259467058147551
2.305313898868053,-0.017861211082061512,0.6398666353912026
2.2292613607700007,-0.0035220375145068594,0.6570386666014575
2.451099866490803,-0.009797099691296829,0.6449747478418366
2.420119852407307,0.005503265991047446,0.617325093279005
2.3306346897416366,0.00012922901139300613,0.6428717159234226
2.4371447149818763,-0.010218352583481138,0.6358120878730124
2.561833471010203,-0.002531175239943728,0.6095236006743673
2.347579454142664,-0.0024188100715780703,0.6685164292352062
2.3422505330269443,0.010675884915419598,0.6530264776768429
2.389261514968632,0.0071686568654376615,0.6361184212733733
2.5196227379783096,-0.0027629673966425017,0.6041168827493567
2.3088617080546343,-0.001097096527680641,0.6546829697841916
2.132394430051208,-0.020919321002462077,0.6616205731283146
2.5649754942551173,0.008520683410717877,0.6164777314052646
2.3826054676278425,0.011971051478662176,0.6403550352688023
2.3094604680595503,0.0020390631798357095,0.6473226531191262
2.406167375545019,-0.025109094035096424,0.6488529764862505
2.3840343492547706,-0.0033940274028954054,0.6348239712688002
2.4755095922603387,-0.013384355861975283,0.6275348367408555
2.3891346085299348,-0.009023457001536395,0.6385516535056617
2.3691354002914777,0.00582323871264534,0.6413629308412142
2.3845652732433473,0.0015972919986841916,0.6233277435604708
2.2944300077218176,-0.016708486641512588,0.6557197620730258
2.4730491259812455,-0.003000047693102692,0.6295110066099819
2.4736375649713978,-0.0012728471593890234,0.6354699917887988
2.4051747748929415,-0.0012903655024503191,0.6187260655109181
2.5736186977663875,-0.026629192865032403,0.609368885956353
2.5166477963420832,0.004484502228552234,0.5920716450923612
2.5219978165863686,0.00813620513890978,0.6414342724424639
2.453809184611979,0.010195925995023947,0.6453691823425312
2.453840048645734,-0.020028641161552896,0.6211659589854233
2.5716518537048203,0.0030331762987410027,0.5961530325009095
2.6742978611151034,-0.009368022628126527,0.6075226860670375
2.3974129785707685,0.000648134574395165,0.6439857946115684
2.5836434621936264,-0.002706471455264259,0.630143441475845
2.797153850440302,-0.0024796318027151543,0.602972931002068
2.5271048878628344,-0.004598573066285194,0.6195122861537005
2.6248566445929304,-0.008882635848999731,0.623352154438087
2.352290159042179,-0.011934881086882232,0.629218637407327
2.1709263301512185,-0.0026848109425676725,0.6769905419266196
2.5314967985620527,0.0013203925979443643,0.6237419019190859
2.59642119826956,0.0018766606678861653,0.607566791969326
2.298743586850078,-0.005883431051601384,0.630054786835275
2.111277094287518,-0.0031009502401060374,0.6712477115423051
2.4161299511437364,-0.009572826394613099,0.6407529945799126
2.6338526328198175,0.0003380899761542544,0.6189390090967904
2.4184578556361114,-0.013609019961146496,0.6315738593253968
2.3874908969082433,-0.010534979470796513,0.6545581081226894
2.364930061056825,-0.0035902569393981842,0.6256529622343415
2.3857772974417384,0.0025668310041764286,0.6241759379191437
2.6943153331752114,0.017834095135780714,0.6076635926257137
2.3659142702043257,-0.011804152735671147,0.6471189527439981
2.4042982463596108,-0.010601953160006339,0.6532755030418219
2.4081108547776053,0.019083457509315283,0.6343035160965429
2.4771221170920406,0.010063052830338926,0.6106470576681207
2.3662686340532884,-0.0086194089496745,0.6565227160798107
2.6477416910940903,0.010078428480494006,0.6205273518844557
2.5897509736654243,0.001642806983102263,0.6160093577062087
2.5432929828078685,0.005913768421612398,0.6231395335634246
2.3804016639624663,-0.008157637178564325,0.6628017592506441
2.52478888712017,-0.0008907036796832468,0.6176460806329004
2.447983018803204,0.004250595779452082,0.6295214357264772
2.5201177809364697,0.007845141420393054,0.6166092293163825
2.340875375161873,0.013527250161161852,0.6185538868397531
2.3538035631749588,0.011243163494439434,0.6183540326955463
2.3343800471520404,0.016456792008451293,0.6386722641520659
2.445451309393465,-0.008148391680254052,0.6335316858460198
2.3881453176088705,0.019270773401613095,0.6443556001950776
2.558957071484686,0.015688858397969963,0.6307740090837418
2.2293380402757714,-0.00813753488389013,0.6602718371460425
2.5007375285808355,0.005595663837971276,0.6159541633080777
2.2656155308677173,-0.011587030006440457,0.6520054916644346
2.394225252788528,0.011388759277958016,0.617172531601674
2.259480958678843,-0.009671268482901452,0.6591009845895198
2.6626553105598916,-0.017994022868723647,0.6143848291845211
2.6610276004652778,0.011151234935271592,0.6065374856908785
2.451107335349857,-0.00522025016604255,0.6259266156504353
2.6845604334885675,0.0015375949347393725,0.5999324702436836
2.368984307309588,-0.002089873520611407,0.6241358686909211
2.658300357923303,0.011468847662462034,0.6094257322875847
2.3773866213297548,-0.011026414482711466,0.6471368958910639
2.3338696375430334,-0.0028407011426390127,0.64154582890342
2.381629339069681,-0.008407061807196081,0.6319226057478174
2.448060764920034,-0.006887566891894403,0.6311099759477922
2.2450466021666013,-0.0020454045710935898,0.6477193905816279
2.2918311594480087,0.006937991502934837,0.6516113854087352
2.3968109875630472,-0.0023560551970203125,0.6512052180795693
2.4415178394750052,-0.01040975364790997,0.6429237772166908
2.5564290744348974,-0.0004492406412164307,0.6207083978911397
2.613815295273154,-0.00789304755844511,0.6104541539702523
2.3728901015210244,-0.001532706686516505,0.6490533113990615
2.377993656526477,-0.006877819376814864,0.6381946092164917
2.586446187966408,-0.018511744133974162,0.6093022348767644
2.5069628509978177,-0.001452021417084337,0.6157908271403384
2.3946564733347766,0.0016923897603211557,0.640672528130422
2.498128503326908,0.004043123144588989,0.6231107528173064
2.6157160246330475,-0.0025352870382191472,0.6224723003558312
2.5189300890263695,0.01306331290427476,0.6275600286081389
2.3385592008735014,0.001926744918800516,0.618200410725335
2.3833725731888404,0.0031118083207470892,0.6256016977115803
2.5102035432641085,-0.00553102446098519,0.6259686404626816
2.4592177493762564,0.005306094427796726,0.6233346350707436
2.4769138647347684,0.0031162687748444995,0.6181388092863597
2.437780269445283,-0.0020749848052801223,0.6441979746431028
2.424530192658403,-0.002376856259686866,0.6356558474893675
2.5539109540790745,-0.003938570634964833,0.6231382375850021
2.735833280394553,0.02104103471335339,0.6153298860216568
2.4025111208822767,-0.00824860172505737,0.6598736390431637
2.359481866720961,-0.005281132060156013,0.6505741346786109
2.3542176776918375,-0.04175512403395132,0.6333521945091384
2.7398274425163183,-0.009552038729354617,0.6199317189040378
2.260657510364531,-0.009108617272871378,0.642235437474699
2.5315316827161607,-0.0015696051710409886,0.6243509808908072
2.237677025753725,-0.023575296020664993,0.6458294453612482
2.6157404260054493,0.010300179657480868,0.6066977098490897
2.574351761048136,0.013269651681663497,0.6119817189382856
2.6114574635015573,0.0005781391503349997,0.6281783592135589
2.560311267538187,-0.007145821389201723,0.6289019989985439
2.4443641610259794,-0.011975174059349891,0.6382582694665632
2.639814519785006,0.0061611538730603765,0.6134828818832089
2.526661356784283,-0.0013180642639774032,0.6027925986279534
2.4870379732055983,-0.010774971183929338,0.6462075608463905
2.529113917087653,0.016526455916610727,0.6158943509358417
2.362301546705265,0.004762707778562358,0.6112885243942777
2.2006040916777647,0.001113841014514172,0.6420601070416458
2.4367402512664573,0.0022525519753149315,0.6378682226197531
2.5017976265963404,-0.02089657352091301,0.6211514599080669
2.407036404763463,0.005313201914685761,0.6137501206324762
2.182087007240261,0.0004129779734294292,0.6414850344140668
2.3507347525269218,0.006998785007597208,0.6353968133965423
2.432596601588303,-0.011140705774130844,0.6359093350109688
2.442774352537044,-0.0025058938808402154,0.6118310133002371
2.581067683767462,0.0005664195747951961,0.6032840485580149
2.7194717091386975,-0.008000861703842066,0.624451827789085
2.435538217032064,-0.022694005913700632,0.6397128486974325
2.3860850196968912,8.853091666205515e-06,0.620833470909037
2.6051390938313963,0.01001685076660408,0.6302212315307937
2.5319033163458085,-0.008005593900247687,0.6123059671496232
2.44355686698959,0.01888132259061126,0.6268597202169376
2.4873582374643513,0.002978510073378793,0.641914832334467
2.3512355801595324,-0.012714386881104822,0.6465570177675768
2.505828505400268,-0.008835300498121201,0.6133620090523679
2.415121380943198,-0.005279572985702918,0.6323446787855365
2.52529331157893,-0.017828861316330658,0.6057988858696957
2.3220971023065378,-0.024632865034122986,0.6437411801345886
2.495235778862582,-0.0067564608968435635,0.6134061960608302
2.503939900297933,-0.00048609725675419213,0.6462455401922009
2.574153047206351,-0.0034389826699550152,0.6196065354211034
2.4478451210125676,0.011897542664149885,0.6313414803217697
2.4924407563251743,-0.013082357329747607,0.6335482708093332
2.4724597405273805,-0.0034200778059088055,0.647415709685211
2.4841502464600445,-0.0016909471893786776,0.6304543727392943
2.450806941767899,0.021527110889482337,0.6204620301248929
2.554932991781799,-0.004962213697314644,0.6135674483826985
2.451714303146827,-0.0055283409524118365,0.6193184081954506
2.3181700271283527,0.0017773668435288048,0.6483399760026325
2.3946870362663866,0.027132471066142916,0.6183398774787527
2.607788654171962,-0.009217942481510866,0.6193318438233459
2.451714303146827,-0.0055283409524118365,0.6193184081954506
2.2730346102805363,0.008995488433060084,0.670127607274847
2.5351371123462587,0.03377339432489457,0.6409248388063741
2.272353577920137,0.01960043619872298,0.6537419058190843
2.5536463558856943,0.004188496553683141,0.6219675994957073
2.4600973987211656,-0.008201780326280828,0.61651300643966
2.567149203533584,0.026221664501886455,0.6300417740902643
2.3069859109003796,-0.006747072168536095,0.6490639351954763
2.4938626307605927,0.0012937643833197399,0.6335810972484351
2.286148191294668,0.014324705292636297,0.6545996838958645
2.479205490386657,0.015712503153000323,0.6208012398954963
2.3698115182504136,-0.007073547496585508,0.6543976284420989
2.4527528376811687,-0.003128604509004873,0.6506388898158836
2.7885799513987037,-0.010989304859350568,0.5968985878947923
2.6616659009515113,-0.016814478758847562,0.6055173054170331
2.4422508083243817,-0.012709442829783368,0.6392767759644602
2.4946792358658985,-0.004181284610782043,0.6540060244164381
2.6598081147349126,-0.009427370046120265,0.6035622905460257
2.701590627846769,0.023408331331612464,0.6173063863882369
2.138295276610631,0.005898946666712979,0.6680033338965807
2.4613291559178476,0.00893641703389747,0.6353959594092135
2.61476506025227,-0.023589850352386366,0.6146877178371525
2.477915567029274,-0.02187533683855092,0.6537032615817434
2.8151487199459746,0.006567866282671142,0.6059032286352323
2.487017768182032,-0.008676143356604715,0.6567844938167944
2.3615529851090495,0.002334036391262284,0.6406906959911718
2.1958984409134796,0.011807160374632364,0.655700472210779
2.6856461006879306,0.01903533179034045,0.6068224289176098
2.7520464357834657,0.011099761113374074,0.6271757033161156
2.6869261408157565,0.001640577301059043,0.6026317725078639
2.1861552352209612,0.013924750579365597,0.6597350635681939
2.6239399016131784,0.005418972265953448,0.6154473897634974
2.727497009152815,0.01289688142287182,0.6180805462516819
2.499885268779076,-0.004398274578734096,0.6161290275615187
2.2966648585939455,-0.008590269218038626,0.6602811079367262
2.3624327581957654,-0.0012075456702727028,0.6597969273163669
2.537953051273597,-0.010361001697978933,0.6464598494566816
2.3010815605774537,0.002268303027215479,0.6416639356640897
2.6589399556229796,0.007967825463956801,0.6146030612882423
2.6296594475808055,-0.012728527185994265,0.6207775131685199
2.325838299720142,0.014036530604141229,0.6393213486459218
2.4076102819218472,-0.01358406418580227,0.6468835806006602
2.4403795050803616,-0.011129371613779693,0.6461348949091795
2.56783659634862,0.014372184935700583,0.616902814643891
2.392926826885118,-0.0030956158519725996,0.6488341899236642
2.6341346553831335,0.005795962287810763,0.6067504252604564
2.5804636690919094,0.010596594387106695,0.6250851168206848
2.2441825368516084,-0.008806206586681187,0.640730879309039
2.4985698135021295,0.010366443747086063,0.6166965591611554
2.681925639130082,0.013523725031393319,0.6101583280481618
2.3974660345807495,-0.009663210479129658,0.6441241766252639
2.316395887127432,-0.005693856704626299,0.6495799485010971
2.3144573629742515,-0.012944153223067412,0.6548787546593877
2.4032165289977163,-0.006394090118294615,0.6493401945907598
2.5457971720739407,0.012365126972406326,0.6178802488425881
2.336456697834014,-0.008182348974566933,0.6376289427472019
2.2615036405432267,-0.015493902732598208,0.649159581164416
2.622892304304924,0.01704175066224578,0.6243672568963734
2.3537911353115515,0.011279739435571257,0.6414731571286338
2.436085116317091,-0.020319334151461366,0.6328961061343757
2.3331265202838747,-0.015626263400865703,0.656523619564406
2.601309468477507,0.011625825161720282,0.60294035505821
2.4630431642237984,0.02579438035539039,0.6404443176141956
2.4730257207378057,0.007620945606635621,0.636496203107953
2.2723591848397278,-0.02321184160934253,0.6570766389719196
2.783988773544545,0.02206345510487151,0.6152491361404702
2.368297483780981,0.016834776182530264,0.6303561586373294
2.4707204716003037,0.008572677684837826,0.6229490199341167
2.3813057891368388,-0.011656365335460661,0.6369654094326959
2.3652926086964943,-0.001249775499214012,0.6212038304670866
2.362646727767705,0.009687109477521716,0.6294935207842582
2.4195662566035785,0.013556505570773592,0.631815541243878
2.5437232018225457,0.0034776760744565927,0.6226366186817153
2.336463557591602,0.007334073889995629,0.6470918491734913
2.42089705823507,0.007696176515045394,0.6170280771865964
2.3435859764208296,-0.01796963830892362,0.6486868334992311
2.501608322726181,0.0017614924785509523,0.61690328471731
2.4135863009379834,-0.008970684342560986,0.6321487401498176
2.487797596203837,-0.012836236422377079,0.6220739127209364
2.396799637241988,-0.006004941137416786,0.6444331595854267
2.449679577903353,0.001156948149047432,0.6409043766768616
2.4108362913390544,-0.00014291916204811628,0.6415504234962476
2.44930681823348,-0.010260801886413429,0.6261500250476019
2.4443341296860353,-2.7052938094129786e-05,0.6271616294073117
2.319628411572843,-0.009595989003510441,0.6556982859587491
2.399080366925727,0.006195835579335673,0.6273094426375435
2.417394094149786,-0.004640385582999729,0.6383595812626669
2.2289872576366543,-0.015672645944444064,0.6480389836462124
2.612763531689608,0.00990681283331818,0.6148984844910491
2.485295220702222,-0.007223918957000919,0.6266502504463409
2.5344774886836294,0.005019657506524444,0.626316317074336
2.2958287697902335,0.011059579429943067,0.6439052420749598
2.5250238672331173,-0.008256827027346425,0.6328870816692049
2.4247834507843566,-0.009967682606470962,0.6409443930510069
2.448134963993616,-0.014667694861558278,0.6316443800277843
2.501834670794975,-0.011537879352890856,0.6211551128107705
2.5135246669220734,-0.003745727680104949,0.5969257256074327
2.4450607770285697,-0.008861676646680472,0.628328657121743
2.444681147241213,-0.010603789215571924,0.627944171934997
2.643289335835256,-0.01109652611074563,0.6170580208485325
2.6084921018356497,-0.01614207436780024,0.6065123148541002
2.4638517211406796,-0.004756594746427201,0.6360083319405603
2.497810966401877,-0.008650782508839328,0.6311986877193
2.68371945478316,-0.005650380727254989,0.5909357523952775
2.3631223477649748,-0.001203076242230372,0.64046629035489
2.518680270140877,-0.010928877059231512,0.6399031560107653
2.2915868850235017,-0.005784925912004857,0.6247402461930563
2.226303230307281,0.007465594626210992,0.6368303711725063
2.3072711875445227,0.0033895270387314103,0.6418012145410935
2.369498335220893,-0.009514812289626695,0.6280823809048258
2.35108834546837,0.0016185620373179166,0.6257869281376326
2.5258953679026446,-0.013681905559613794,0.6394708490333679
2.3796204517057404,-0.005182655148359361,0.626003965509941
2.6674679320990444,0.008235073350867372,0.6204903527658294
2.3685386477714516,-0.0060363465328767685,0.6273993563114237
2.3979760517806166,-0.017386511564091434,0.636067162718727
2.3261388229511852,0.0032007264453872697,0.629327046765878
2.505986135300086,0.007816303518829226,0.6104882190415184
2.5329551910090746,-0.005252491096603862,0.6293338726757615
2.5503531060430955,-0.0011416363844127808,0.6323512767584121
2.3515653249783828,0.001929069092579283,0.6359083273110764
2.4730091297174384,0.006610950517078162,0.6108885135099797
2.474551853075382,0.008518918125978603,0.6392366949131154
2.4975380362154014,0.0005125055304742165,0.6354851781013371
2.3259744666528483,0.020440134500807394,0.6445951582735983
2.467846622540723,-0.0050875138089674365,0.6079447239137622
2.3565943693595264,0.005426023565735738,0.6387253168585456
2.4554464093883706,0.003441800347026458,0.6484089671025748
2.361729094343236,0.012756231988103384,0.6316847304596988
2.6390426326394727,-0.016078575602823664,0.6264162430400299
2.56611546743002,-0.005261596345829345,0.6322284727853187
2.2113685061149138,0.004007146186430166,0.6501469195758017
2.48000548530674,-0.019562377797659458,0.6267923280873797
2.31541408599635,-0.0021857352089322823,0.6221050326036833
2.371647775199748,-0.003179951874025644,0.6223269526392348
2.3279407256829234,0.0013849964873098308,0.6495559435692169
2.5559070955737853,-0.003952053552726209,0.6174262660596727
2.279742693069627,-0.00047073160660837665,0.6335190773323611
2.3464802091149215,-0.007166508360704649,0.6356761208111033
2.35591294684509,-0.0011560556500642694,0.6452402129734306
2.75280866127276,-0.007927887086915941,0.6002569730839028
2.359513857038107,-0.0011394219894256263,0.6637039781261966
2.2453574626025943,-0.013051151731065858,0.6616496361591256
2.4544514263761865,0.002697363579656775,0.6373036829467293
2.392406603459131,-0.015255943018158025,0.6341126992244874
2.3269305339921917,-0.0015881186344366416,0.6593221314662226
2.2205734320224724,0.003525952745209837,0.6594017204750937
2.442332472029464,-0.009952155793713668,0.6264854903507102
2.363038273661349,-0.0028275718141024253,0.6477822895891867
2.359304402207249,-0.010676061576024187,0.6501317952263661
2.458798598377598,0.01654095087795815,0.6249638793248916
2.522478806413916,0.0006624771337153668,0.6235337224221005
2.640128564583737,-0.0035501541002314063,0.6252911965254248
2.3961108950968337,0.005710404006558756,0.6337514863410311
2.5367805845274387,0.022184558753992834,0.6247341566815457
2.346568414170734,-0.0015812739082967653,0.6437089770831861
2.327208043434241,-0.002383734319528541,0.6317068199413387
2.3130992879115793,-0.00833514237624633,0.6579049148671733
2.594268220374741,0.0186858809251107,0.629180120448671
2.486076535137025,-0.01527909871293831,0.6322932979610756
2.4908487613329373,0.005223596300342193,0.6535573333009111
2.2724454411070467,-0.004366240322023707,0.6510824197991029
2.6226559510662466,0.009794794220477465,0.6214258739997799
2.5542903343055463,-0.014565762415158057,0.6142502941888942
2.51102177803901,7.111512679180976e-05,0.6186727181478245
2.284186193927887,-0.0076415962392153425,0.6453662499183869
2.359013807436972,0.002461506661058932,0.6348225442048222
2.6122434137079,-0.01751943372810172,0.6199898559238645
2.5028685680631724,-0.00033336938636852054,0.6115947130564308
2.318034492174064,-0.007974964575968357,0.6523947581827843
2.594655202497934,0.0005564121150700707,0.6199430450769046
2.412509159809381,-0.009371478113347154,0.615984631807204
2.3739650358341255,0.0003332488026768221,0.6268558133041795
2.6747182170081856,0.008977537924707235,0.6089982101489542
2.4861989305894507,0.0030158622479801167,0.6397081752787005
2.5747176612117673,0.013500214332304639,0.6412747947504033
2.652716298553953,-0.002975102942590846,0.6228103771477261
2.2903478501033887,-0.0072150870604290596,0.6508647195843646
2.5641485149903622,-0.006965258387148676,0.614688855884831
2.4453743384819613,-0.005253631475565346,0.6397954556743782
2.51321619043419,0.003044561849418592,0.6135820536696941
2.463983355947665,-0.0017923832436630427,0.6251684070309733
2.4479661065602523,0.01631186512550853,0.6249204061937116
2.5132058598691307,-0.0013268081327846293,0.626946332202622
2.6803367267262552,0.00737903227411052,0.6118940101426178
2.3441244505746246,-0.009689609768960494,0.6293230695073776
2.4334241386741122,0.0024565419695563584,0.6283681518731713
2.384269202076615,0.0013738411975137144,0.6333835820739928
2.705424327184686,0.012313994663839534,0.5911675876451404
2.312325670549218,-0.018540535337992825,0.6113275242521183
2.546629973348006,0.012219512021333756,0.6255251990726108
2.487259588203133,-0.010229496656142256,0.6275915510350346
2.6324308330062047,0.010526280304346436,0.6129518025052336
2.4461169845857764,-0.019984051017309934,0.6257342916943227
2.3695642307260347,0.008737205363335221,0.6246737982848111
2.4512403551062425,-0.005898879975372973,0.6322739342169462
2.481033736961809,0.008233431709034233,0.6238024789476936
2.5282097191732196,0.012422014465239384,0.6253558425159201
2.431464025337995,-0.014249063543925411,0.618488203826057
2.271897952325116,-0.0028557236170869693,0.6409299189023091
2.442558087726528,-0.0007078492792735869,0.6176434279607105
2.5854794046737735,-0.016340115899175833,0.6143508299389704
2.432485042712003,-0.0021271435016148033,0.6370736910957696
2.571302581421145,-0.007493486425717011,0.6593804986339847
2.3750366037508464,-0.0060745223852689545,0.6417907853789431
2.3381501298643217,-0.0105837309773813,0.638922578389733
2.381139095521977,-0.01554230730544548,0.6321018920828126
2.2592157334118643,-0.010946994525029341,0.6412972552239625
2.481486645707518,0.0014786828549495645,0.6282569463626214
2.3921467995829406,0.004637398882975985,0.6455083811141917
2.459767343319515,-0.009592578900743609,0.6378728126164476
2.549807286715938,-0.003459219108150169,0.6339975479606637
2.5128025327232923,0.0019523969098986793,0.6248911768117532
2.3816155484349535,-0.002463234950996762,0.6317191722392763
2.3904108806754962,-0.007877241885823505,0.6280013146976653
2.4100798837895425,0.0007672035855141868,0.64086624379636
2.4525182730960466,-0.0007345791407644686,0.6322294971509984
2.49288632610285,0.0006538972979772684,0.6267090747326199
2.4223981335898315,0.001229593568765619,0.6421994626275858
2.3682485389364087,-0.00660837242015333,0.6396082966611045
2.47538880290319,-0.002241379670714805,0.6503544516159864
2.6068618104576973,0.004204063936909863,0.6256636273323953
2.536969119541343,-0.010008717714097948,0.6176310718099152
2.4629998469003827,0.004922223040265461,0.625691415832132
2.294971337373776,-0.004560228225219953,0.6329876045913838
2.606991995144619,0.008840868212419029,0.6103274412296636
2.4436212427578634,0.01463031463371367,0.6327983582848051
2.4523605239834825,0.009356493705091617,0.6293751763305038
2.2666303433136217,-0.004984067059976782,0.6309490519572216
2.3132975971286935,-0.014803262275889573,0.6354286237510754
2.3386205713594386,-0.012557922306109859,0.6387999699771129
2.5413552545247184,-0.013057763099270536,0.6275575981088224
2.5319008086639094,-0.006776788601422723,0.650656725005429
2.6348879396067963,0.00026731975816107756,0.6142283415879102
2.4376612172383707,-0.009779077825727844,0.6426340980274438
2.2977366185293486,0.008755227877967231,0.6525012929132596
2.4437292636251473,-0.00238083039061765,0.6378694779604486
2.2759166555502603,-0.0011557815812393013,0.6495201717370608
2.419348838326617,0.019959406174695493,0.649988133033328
2.3788630163857962,-0.003950852065596422,0.6302484792538547
2.444666810004606,-0.0061656698782999175,0.6453857337735669
2.2375199810951254,-0.002231907859241211,0.6365965787939188
2.290306002611119,0.006420756412594875,0.6440531113797334
2.407951525463897,0.010414192274141643,0.6342149300368916
2.516977658019472,-0.0007289124960732085,0.6363120648582984
2.5299185219233773,-0.007972778718312812,0.6490048508000695
2.5365737145239597,-0.011550044430672646,0.6284240582871787
2.469659666985626,0.0203442836301988,0.6342552925215423
2.6009808370647076,0.0021714696831112157,0.6103087680110195
2.487627070659029,0.00777475716166065,0.5963766634899899
2.4571276860806264,0.008512508741486347,0.6465261337191435
2.4894977009309396,0.013392382266573799,0.6351467976577301
2.4156900535542185,0.009518845364612671,0.6202445673766409
2.5200854231387515,0.013516670518173068,0.6316841854071746
2.3764810911747998,0.005010453980198504,0.6402069536340637
2.605605299467713,-0.011198709876457658,0.6171537927314311
2.5607663614089486,0.003600014257121975,0.6285405312037856
2.4504796203296677,0.007783779333135232,0.6315881241592385
2.3113412795929316,0.009647573126594366,0.6545159223979673
2.269697314004594,-0.0027921542996098836,0.6204385607890801
2.4225328387149068,-0.025338934956701475,0.6237545712199367
2.4542020604252466,0.0028511233710339923,0.6398253544484056
2.3389966022191113,0.012620629127705785,0.6494003352718286
2.437621052267345,0.013412691956772305,0.6376403351804979
2.3230642600437266,-0.014529850634909636,0.6558092587274289
2.446870335905105,-0.008306807156729379,0.6417437335694115
2.301887976331608,0.013395146035797056,0.6483398531057588
2.5569573031580988,-0.012791979702133416,0.6286032814124521
2.5676474904417623,0.004869156850029421,0.6244048944214672
2.305136468797096,-0.014633987567649331,0.6373224097023261
2.414205087712361,0.0028161424609161045,0.6541722969477385
2.6082660606333503,-0.011759169272785641,0.6437563024014104
2.4188120722237776,0.021659177762286985,0.627634125164591
2.3449874148222634,-0.007121416235543965,0.6486941033926718
2.2124420962315035,0.0009472986963827701,0.6565370916717681
2.4049706665537127,-0.015044323049326458,0.6189031880220436
2.435938210983591,0.006388231421087687,0.6506177384535686
2.308710535306094,-0.010847380228894421,0.6464036928676228
2.481986750170531,0.000541047108044479,0.6397877330485251
2.6309923815251532,0.012346444859174799,0.627151653941094
2.238273544182426,-0.004613946389027346,0.6437677936308562
2.279350788943575,-0.009986302479191522,0.6416481347482801
2.4132081914004715,-0.004050855891461369,0.6438405272603027
2.4068020495093756,-0.014396113679607137,0.6603902672941437
2.394273145669766,-0.02398141405710752,0.6536310022864622
2.656188746620402,-0.003760346728449049,0.626667969238893
2.4572925371870338,-0.0020302121800153117,0.6316989040263408
2.1407440624835865,0.019457723323896836,0.6547127814297288
2.2255079739571193,-0.008826389170486726,0.6288072108139456
2.4548915387586825,-0.006110726572923886,0.6388365902256999
2.5919151939335645,0.008566145300466177,0.606347554262136
2.376512571483712,-0.005226927490123545,0.6584921162994081
2.426610189807798,-0.028956807275098084,0.6405768449660045
2.4476860317992237,-0.0001763381446928669,0.6169603378531876
2.414958575072522,-0.005925072939410692,0.6292695388645864
2.6987570296227372,-0.01137098103716605,0.6210885026331074
2.4363408729963094,-0.02052523563565134,0.6306830639312961
2.4444833766648633,-0.010691025041807078,0.6191076695174652
2.4207166339624555,-0.009099340312774151,0.6267565402889742
2.627087204807167,-0.01985688246302808,0.610419093381729
2.5019230257134244,0.019521496406345706,0.6135447517078172
2.4393072084477496,-0.008384929259449558,0.6392550996148723
2.2912641987207545,0.010486166368748329,0.6481714599902445
2.39165409607714,0.017408871966025474,0.6516113482181556
2.6075242331838213,0.01941597728960387,0.6202767984895846
2.483643752217723,-0.004748459005044614,0.6502771175760483
2.3144357660192836,0.0029233690040204596,0.6416045954326216
2.3667795364577597,0.01803345119972377,0.6699386139500925
2.5488653363085776,0.0049213705467492375,0.6137598137397012
2.4133035997873256,-4.8084970964756835e-05,0.6356259851298949
2.38459350523402,0.009091208446599275,0.6346783747385609
2.391474434776358,0.01798952211407223,0.6438497418398151
2.298129845400107,-0.008776649448080098,0.6447288222219384
2.4429404282897327,-0.0222844774765405,0.6106844438150776
2.3639345984382687,0.0243012591514713,0.6317304822104243
2.3594948250495404,-0.02669585930899121,0.6312534899862249
2.6314361150459455,0.01016393423344275,0.6161891796968866
2.457413380030803,-0.0025250110422949668,0.6404895434055871
2.3761305548719824,0.0042801900962077255,0.6350520416255642
2.24609831828555,-0.009855525563214451,0.6432308918758147
2.372722686564265,0.0069449433349155765,0.6367495205909597
2.3676878096586726,-0.01170262026043889,0.6200365261331878
2.3580255217455437,-0.012139260764000959,0.6485053765307628
2.2704646283252203,-0.015683805291935915,0.6476263661787881
2.257928202815074,0.00955007672226893,0.6516297354812879
2.4306723813519637,-0.007062925043055168,0.6278392803640737
2.291541787738551,0.01265626132479536,0.6387046254003809
2.287243485539359,0.011620619869831872,0.6625976573521014
2.507610215239599,-0.015796185696327347,0.6298248406775576
2.2818016807205277,0.002604177694461196,0.64402821533997
2.283145308119415,0.015408731510159868,0.6572236998327825
2.2290346421173597,-0.010744024431359245,0.6516763227366522
2.344782326930086,-0.004584234232876128,0.6096400902706284
2.2396384045342814,0.002314911811281961,0.6685033430739903
2.1994368220040177,0.006505802905037772,0.6664928846740039
2.3426744388347203,-0.0007090863931431546,0.6652070415875396
2.4202001430571882,0.0010088676219217607,0.6265010272374657
2.7489796134363416,0.0014908893507838972,0.6199475623269308
2.2363524628488856,0.0006057914931942854,0.6630047318933788
2.3840019419195877,-0.008572622183349976,0.6444975248791135
2.51906808559782,0.011763080501502321,0.6334749041938663
2.39533564992157,0.0017729426972625806,0.6547886834535463
2.3364725575653407,-0.0034901615933959906,0.6562696483901628
2.528153420035554,-0.006128319028634088,0.6048444974468046
2.2795412467973777,-0.011280995780257319,0.6481671256180652
2.1813802219708687,0.012521776281692265,0.6535106249920679
2.4256688044237484,0.0019256855580223053,0.6255969339039018
2.535249346608799,0.006397783954596337,0.6209130398813655
2.575203676250234,-0.004741660718956098,0.6250577740768009
2.4996576348674133,2.9348845767218634e-05,0.638803133231462
2.452520571156815,-0.006737860866145029,0.6575041380530069
2.3559491221733198,-0.016647234397300537,0.6257543556882253
2.3319752490879715,0.008707213411666803,0.6563145193106776
2.2891708319364055,-0.0035389205501852317,0.6219652231861055
2.4301690059165986,0.00029663194059703635,0.6536186961356945
2.5449922607628097,-0.006502127688038595,0.6261915658139143
2.2736048280829624,-0.001923651071861654,0.6461172145413566
2.2534165418196412,-0.012514565797994148,0.6642860296364629
2.405596933970758,0.01030904129839838,0.6269520686749864
2.5370547576563913,-0.0022355883248526,0.6323392062869966
2.5469061040465357,-0.017637332184667676,0.6281395210726411
2.787291332612499,0.0010154426335196032,0.5930485052361345
2.4248102223075505,0.004036497070492917,0.6329761112179147
2.6260066385516914,0.003540266579547424,0.6143310785987264
2.618991981761541,0.020978455691688325,0.621133963052185
2.4474695880254513,0.009033891737638244,0.619920258871662
2.4751019475553178,0.0234706151202837,0.6304287836282176
2.406676905104836,0.00028754290894994483,0.6361572137125711
2.6429090199333545,-0.0007676280472754815,0.6178004860300935
2.3264909598144325,-0.004530202835037356,0.6450375677122391
2.4229501005453056,0.029605965220616426,0.6210913173884214
2.329204598985285,-0.0014095777054345948,0.6450099150352044
2.1750577277580794,0.001849264091289493,0.6596740091657619
2.5439120826485366,0.002809600608734808,0.6123276044419547
2.4374623300243816,0.02539885783714113,0.6312131000326611
2.5164159078029327,0.0056772037923551455,0.6056140851933013
2.1750577277580794,0.001849264091289493,0.6596740091657619
2.5189065507908004,0.0065241759381176045,0.6290777576387685
2.3655731601103684,0.027164332724866957,0.6181864185173961
2.43943172236286,0.0009502508423138156,0.6439124453431546
2.418671421528722,0.005299534768279601,0.6284000369975744
2.564352011476424,0.020303389955405482,0.6125368649682428
2.3448734895759915,0.028979881550260878,0.6154622266875219
2.5492175163743673,0.006379753190535853,0.6365619432582138
2.418158277522813,-0.006964223405112824,0.6272843273871171
2.2546425916867836,-0.004525104464303986,0.6564199484187485
2.3690960558420846,-0.025597120839434107,0.6161091815849757
2.529609165443872,0.015536349255444781,0.6322075656828913
2.559827047962636,-0.008835065465354175,0.6161913934347008
2.1606357920485393,-0.0010310844919125817,0.6717234927800269
2.5123591916653263,-0.02277999223550964,0.635991454714958
2.7320505464197797,0.006827081213930608,0.6100751739362038
2.6052302874429465,-0.0006323709819602286,0.6070432659722369
2.177652507050416,0.003491175964764448,0.6657075052946965
2.4534741689490485,0.008444981271332752,0.6275839467793052
2.7177403420701114,0.007242437271646196,0.6022559012903876
2.6052302874429465,-0.0006323709819602286,0.6070432659722369
2.687958866073703,0.0007893521463511188,0.6111816259200671
2.507165771899456,0.005499019075399181,0.65506779304171
2.587558678901602,0.007510169507279674,0.6201663886652287
2.510308031334821,0.010987708441285049,0.6248341457643121
2.547812007382781,0.02322088406963574,0.6171521883164178
2.416299774506095,0.004140551173830609,0.6240383606774476
2.4681987770350307,-0.005648823003834513,0.6289629220242071
2.3320864020520844,-0.0011331151701323705,0.636709751825133
2.551943242046814,0.014998557383641531,0.6155641539799441
2.382327372982696,0.009560198982129675,0.6339019174481189
2.7315926345383295,-0.004511861728909716,0.6341150581451452
2.5417706406833234,0.004752237037808138,0.6294419442245688
2.746890546464998,0.00449465194085974,0.6297534918938876
2.389089111439376,0.005995413552218887,0.6375232735161077
2.4935479930109485,-0.005737759253537256,0.6135309638587927
2.353064929487152,-0.016711199266647103,0.633591520186117
2.528085318111529,0.00024333052785063813,0.6207293214506165
2.4390805528589543,-0.00922356810554903,0.6288317031753475
2.4460710760338604,-0.018928051568917637,0.6424278790602902
2.7756901484229424,0.012491619289644484,0.6053175134093488
2.554213897125921,-0.0012111354147736897,0.6227946573618005
2.4656323775392526,0.0002616937656727547,0.6201137181751221
2.224992981767676,-0.006605184793683216,0.6435351953069507
2.795099259321939,0.013482719222676076,0.5909470370287595
2.545694790990948,0.010578094585405928,0.6294427990700373
2.3739071846217947,-0.002149142741600274,0.6424882773738926
2.2011965948503915,-0.0008893331312418429,0.6833508358507636
2.8439984069122195,0.015649442524327206,0.6147294689058367
2.6889411002618684,-0.009505725253544206,0.6005561043260795
2.517472244581152,0.012879454999736861,0.6065687228886517
2.277200383720192,-0.003981963536699773,0.6368805952048513
2.445095505117594,-0.0019753595133067403,0.6077297830094169
2.624779883256708,-0.005581033258910351,0.5963372498587098
2.332737714672435,-0.001398961662616438,0.6631624003895641
2.612778606751652,0.012478955227329891,0.6217111397560638
2.4496310607216167,-1.3907942061575085e-05,0.6316190470161922
2.805251150548601,0.00024972029436542975,0.6075065343401566
2.50545018576148,-0.006637476296943667,0.6008169125176137
2.5010560343479975,0.01295468135031319,0.6077529381781152
2.64398694834079,0.0022874003748802885,0.6253941208952262
2.247168579675123,-0.0020089343188405273,0.669612486663849
2.635532722700821,-0.01477654085975244,0.6211884784457342
2.464904712076612,-0.011703492513951419,0.632282162747476
2.4987532776888415,0.01034330639356229,0.6227146318200226
2.3434791846976557,-0.008229816906012655,0.6460565841649011
2.5534495784952265,0.007974897075677001,0.6149655970772697
2.4181988756028545,-0.020744308642908438,0.6455505426174978
2.5606932419159802,0.011286592944589557,0.6268227471625077
2.331990712795383,-0.01274667567717902,0.6564282621897202
2.4133927184605986,-0.004715576128798693,0.6366800247373958
2.6871402774047297,0.016174184481722254,0.6130855928048438
2.4117094931154384,-0.0037886071632724505,0.6488160266687759
2.3284083144467322,-0.019434880577142932,0.6590256972753503
2.5750646115881928,0.007611453733151086,0.6111426685988856
2.4549233194850295,0.012520973808520353,0.6237664283491283
2.407303094438575,0.003638061995608677,0.6274637024503841
2.3829652475013843,0.00012631140056740264,0.6444687647082167
2.4219848370560073,-0.008484230324111497,0.6374580945798692
2.4216228686376193,0.012880707625974486,0.6219679396002767
2.5263350652101253,-0.007777654554647073,0.6207630689833303
2.3409019967642823,0.0019995234129430717,0.6442979801179671
2.4547889039897925,-0.006940662669798536,0.643595843432459
2.4683057416749365,0.01196990501822559,0.6421147508412137
2.514900493340486,0.0005736336559829525,0.6118249858700183
2.654468036899556,0.004683471330840572,0.6100036234189392
2.456650016451938,-0.0037496506895609016,0.606633403415474
2.3090064406728326,0.0021884645084500054,0.6295800609291331
2.5846948088272916,0.011698910809256668,0.5923931026461767
2.654468036899556,0.004683471330840572,0.6100036234189392
2.355943289721816,-0.006360964622910581,0.6313009445794826
2.5308684841082294,0.0023211159368525802,0.6345291884969639
2.23155788671217,-0.0011128499259240865,0.6478159199115071
2.3860336188075073,0.0003446628553318565,0.6398967416420103
2.465780064915144,-0.01297035685720549,0.6236141109842208
2.4715865488341944,0.005580603608356327,0.6111884139663052
2.3101451948103686,0.01756459984293013,0.6465983884719495
2.648846376583877,-0.0037720712888829055,0.6201734384983095
2.446791968788821,-0.006943433761896767,0.6225996503909605
2.4547975866717673,0.0026396852057199993,0.6503407795116156
2.3271945634549347,0.014581360748630479,0.6459380328927973
2.3603060458744456,0.002734533102516812,0.6549271777501591
2.3435562067476288,0.0034295876806520464,0.6353974580175692
2.5097151555726054,0.013498108803304598,0.6276739227990007
2.3167815844746666,-0.019072469223293975,0.6559117825599435
2.3988696979945963,-0.005836098879144158,0.6390640094826954
2.434732596479311,0.01095856099134962,0.6445650779502918
2.332260921229998,-0.017267328258838033,0.638696547716488
2.425997214980632,0.0034831393104886033,0.64543510741799
2.4834107897703315,0.013533438876105919,0.6294099372446605
2.40588652328854,0.013347689667067009,0.6464330456694874
2.4842090680387137,-0.026334500849223508,0.6220077983670074
2.541595966817235,-0.013567043936727696,0.6094822190993914
2.666869223591126,-0.002426669103948065,0.622172652250521
2.3418507109805966,-0.020786345290909614,0.6614925017364052
2.411091249483369,-0.003163956602611151,0.6321065446260878
2.684211210756283,-0.01590564016493068,0.6459835166673555
2.2825197580746757,0.010505979052546577,0.6510387448797704
2.2831889309543527,0.0185718038255287,0.6297603305608686
2.549068754703959,-0.003596262266094774,0.628762209203964
2.409894641152599,0.003925367223851506,0.6015472528150806
2.6018316477079533,0.0019119329400041352,0.6156465794497803
2.357684810937618,0.00141266461221079,0.6508746395533048
2.6799414752294872,-0.008660117543245915,0.6185514962650029
2.6593763227248126,0.001801689492848313,0.6392312394827513
2.328003500836449,0.006998190459298836,0.6416714185358012
2.3901816945404546,-0.013254248954362335,0.6334053504908739
2.356074732982544,0.0010596093633474801,0.6479256328437406
2.5309225796974073,0.0005633369582964676,0.6292116211410498
2.4354148361364727,0.007762460823141026,0.642295593154988
2.425584928237324,-0.013014027011309937,0.6390590960410495
2.275770000220693,-0.007892474839723551,0.6511239912798623
2.425795885842024,-0.012123257662321363,0.6279053382220756
2.5504895860960928,0.013344210589068872,0.6339708062623801
2.433346909397875,0.012822351071373861,0.6314050521530788
2.586034530478391,-0.018468780611202718,0.6179156077936723
2.5091135761593857,-0.010349226785727694,0.6148161898024004
2.6782078704707803,-0.010468138858081177,0.6069463148337068
2.469118949024237,0.012194076716182556,0.6300921050320198
2.528241007369358,-0.015117837244136734,0.6123880654155699
2.5079561933337637,-0.010879823887768758,0.6140885804926681
2.5980618984434094,-0.017922991667478128,0.613064798402899
2.463393764510266,-0.002389922726085736,0.6455850976711264
2.639351708737126,1.585690614214208e-05,0.6188926610131588
2.4762214904626565,0.005327713217922803,0.6384130939065507
2.5355321991805106,0.012598651865858068,0.6200705262818874
2.5077503126941814,-0.004115127828420828,0.62708068803632
2.447365065601587,-0.0005342507448511391,0.6410914940676111
2.372858210019923,0.0008135739978700762,0.6452645059601375
2.486109364768873,-0.010111540633578997,0.6259073324569217
2.28355219358317,-0.009032966347764404,0.6536195271448642
2.4331816896120495,0.0015192547897018294,0.624773026713213
2.3986328459150843,0.0011577403544473786,0.6437286567366102
2.4998285796184962,-0.004920750696502552,0.6419849765840829
2.416727412381566,-0.016386450866322955,0.6526720037564059
2.4322100800120348,0.006473699800123578,0.6251866216203006
2.42643019874074,-0.001041307751309839,0.6499778826795849
2.4028718142308265,0.006972240869696167,0.6164638895372124
2.30186038558516,0.008247137380820835,0.6209246963604395
2.468107159570364,0.004289477672375419,0.6449531023958538
2.250300572859594,0.011834704914243321,0.6439460794529013
2.2424586790070404,-0.010502184197033415,0.6412917909478789
2.625726928907178,0.009467641278946948,0.641913115825957
2.509571753547785,0.0034274181227229583,0.6478154700182168
2.480243139040599,-0.01719936278131673,0.6405511208125131
2.2755852429953896,-0.021153184984974205,0.6274272313186461
2.601518641295427,0.007089516154665132,0.6389266037792154
2.509571753547785,0.0034274181227229583,0.6478154700182168
2.4599585449884045,-0.0163374804655827,0.6380603844796356
2.409446723102102,0.00908646898690213,0.6164626514798484
2.4320118518354024,0.012825768429663542,0.6208056421657636
2.3710694481030425,0.002450178998443464,0.6319190574953005
2.3830773948596082,0.0014477416761751183,0.6317337071234382
2.460667008166082,0.014771718581982674,0.6272453321869726
2.416822600300406,-0.0034887250553512494,0.6118947666472645
2.476491486550834,0.01890547458380154,0.619997732890481
2.5961564051117194,0.006868037783953618,0.6157002304432838
2.4338713262719653,0.018927137003758032,0.6386521089474724
2.5354084216366966,0.010606076425870414,0.6357711847638983
2.2970788769983295,-0.020757565013059143,0.6363647571046599
2.6667367234220527,-0.0002850321881411322,0.6082787927050732
2.420014209737507,0.009448651105850914,0.6353660105743952
2.6041165310607695,0.005422511910905037,0.5853131159872075
2.4032915885429995,-0.02373959808567272,0.6468617984720594
2.46956450289618,-0.005737758230682788,0.6265382095010459
2.5364688653310306,0.02055006486762223,0.6205213833138281
2.48109312538528,0.008646067032249238,0.6580938154916408
2.392555272165898,-0.018467097687232537,0.6304285380513822
2.569276158143825,-0.02033190816568009,0.6177118737540781
2.5371937863552607,0.022053586619959153,0.6180203831357722
2.3930417795954684,-0.003565223466666989,0.6456234632490161
2.4008328424305034,-0.01624886572739448,0.6362461440028984
2.4906700126627443,0.00545110644428104,0.6282496582370312
2.478024844270695,-0.009154224277517997,0.6467413790089113
2.322392029389679,-0.014041789493534518,0.6340578988762375
2.454575357046247,0.010854279215677387,0.6394045994835686
2.4201327570464084,-0.004105217932011129,0.6178076652107676
2.4569059645700846,0.002185414481951975,0.6341156827347395
2.3832378697244065,-0.011155967088167129,0.6381762221718992
2.402368591019629,0.003826165383311597,0.6373251184663586
2.642271028604313,0.002911941441888777,0.6272903515243851
2.3553136381837287,-0.0010597186162328853,0.6386513060310929
2.4036395637552803,0.005595762145065963,0.6410366487061001
2.431287935712291,-0.005768725619936355,0.6301374444204159
2.671025707259807,0.007600446356979429,0.6192300317075669
2.379625994448102,0.00011987336516128266,0.6412086994039252
2.4645580523977477,-0.0002294664904378685,0.6153009411607387
2.4676682751092236,0.001086943438719734,0.6316305683869378
2.2280934495926203,-0.014202429881414957,0.6525567792433069
2.449590902782591,-0.0009941423741559596,0.6424299678360952
2.5025872130530744,0.00456563025685619,0.6588686164002597
2.4723395300158564,0.005933775005790398,0.6502391488776099
2.59004858774943,0.0024819727702423133,0.6052905295646441
2.481100716414444,0.006189171821262995,0.6316622263742984
2.2343273439089835,-0.0033862261905268642,0.629421871781652
2.461038805277793,0.00834095905717458,0.6104710691058828
2.730107427142094,0.01246130985047178,0.6125216031235979
2.485200621152654,0.006040181765050834,0.6351940732786442
2.4318405046656437,-0.009861910591448364,0.6528802280941055
2.456265918633718,-0.01056409453700291,0.6219886432720437
2.582935955593788,-0.005539028800863655,0.6243687541293258
2.4407907056516307,-0.008432146797867635,0.6429012043599406
2.2180685745885085,0.011344295922784964,0.6640280887197906
2.346311402000673,0.0002198100297403638,0.6468108755356237
2.4062113881923763,0.002708888840459389,0.6271894041580416
2.4024625969887947,-0.0030095886094088087,0.6395513745864998
2.5839620026207424,-0.015220992030114067,0.6018110369110081
2.4144741900142317,0.007051809064999803,0.6498400857890363
2.4222087918616637,-0.0050860167787327715,0.6331653800967626
2.2535496602655436,-0.0033036986490320164,0.6318391556401038
2.417551239593679,-0.00573617435642948,0.6457980052186897
2.6389334414504226,0.004278687238570722,0.6073161883533233
2.4389365684000848,-0.009837441494310095,0.6351988196877802
2.4938341933063923,-0.010381271015434068,0.6312873707815636
2.5058831817846223,0.01355325045733391,0.6341185352527644
2.375482177536179,-0.0017817707079099687,0.629398504609973
2.499800073297277,0.010923328075673089,0.6494921752141797
2.207023694712067,-0.00823028147843341,0.6490713605443569
2.4034137435834118,0.005982345584505833,0.6369518192021862
2.5904793584857266,-0.0018115098362927462,0.624975162621839
2.196283053111547,0.012017315183715516,0.6508211481926315
2.5043795430829854,0.008838805366323976,0.6058636358944085
2.3108430086033667,0.01077388921212119,0.6414484320551425
2.5110274426567094,0.009114025619797683,0.6163072228134373
2.5472510575970766,-0.009254168705731924,0.6308415675463324
2.6871910852617926,0.01319917668038717,0.627838546369281
2.439782974215688,-0.004267255114335011,0.6357513787664143
2.507867829497583,0.008797514096432701,0.6206801931053059
2.5874853163223963,-0.002193747034118232,0.6268074566950416
2.5014193666767444,0.015718661420684343,0.6108273840137367
2.400837815632696,0.00473993233361214,0.6338557008595509
2.4949275605936254,-0.007493224064843318,0.6276079689520048
2.340703597422951,0.012546931533029548,0.6395997286267718
2.8135030642424024,2.4384216232409273e-05,0.6045777672035375
2.6198718626753044,0.0014567639406291022,0.6114328907329777
2.6439946179099882,-0.004238010453928576,0.6145249667112048
2.2598026708740013,0.0077684841469118915,0.6528302439044201
2.3542219176548853,-0.013381909023985283,0.6385197847338764
2.758541306687107,-0.00011861711457106239,0.6117638762876517
2.3279323398479597,-0.0182110320946407,0.6460302171973118
2.3008615535566275,0.016771778828607475,0.6453887944174446
2.3600264638345885,0.0013674473152833766,0.6492588364623085
2.542171113809221,0.0016078831620132128,0.606001885473603
2.344828855498659,-0.03171032367818993,0.6429390669444097
2.3882333051750804,-0.001971484873896756,0.6388281275857329
2.731137080983144,0.0017636686461035556,0.6083985898258044
2.458656683001341,0.0011680756570175976,0.6361622543991582
2.531271290781946,-0.016005512064060756,0.6234560648147203
2.3549529501453494,-0.002069649131602569,0.6441536521919955
2.5757361918774513,-0.005452725189156737,0.6000273048380079
2.4051841459613614,0.006831177173211467,0.6404088216319069
2.7147160089181632,-0.005999018141484402,0.614383584905359
2.632823338182449,-0.012055493830771313,0.6078882998253918
2.747977771364616,-0.010872889148370701,0.6102869735842348
2.289498767327552,0.004179453391954802,0.6260882907180169
2.5270401605598165,0.021670900669783943,0.6228355218997543
2.5817921034063978,-0.003802029308269894,0.6180547712275508
2.7077401678687636,-0.01563990375559099,0.6229609408464197
2.3822641311027795,0.0026431815005643067,0.6435570738329055
2.388138092760862,-0.019536647218079795,0.6297452485478265
2.6152190821787538,0.011397841362616568,0.6122972565979442
2.796380947134159,-0.006902238571556918,0.6153304752556988
2.5938643667030643,-0.015921108668881523,0.6355849847152442
2.297548357743397,-0.012988691889836756,0.6375537498890076
2.483849800570443,0.008447268463185331,0.6136861600992761
2.710408556642314,0.0037694488650670266,0.5796068661368203
2.756371845835409,0.007234173783373654,0.5871048673815226
2.3926376986341005,-0.013543375898430243,0.6443128365232195
2.6382889785737405,0.0036375121500553664,0.6238771394566001
2.5139865909531265,0.006316760486524853,0.6445200683501497
2.7157062153213185,0.006201791116428046,0.6048111456756453
2.3858229095573704,-0.009860729542585656,0.6353999297156445
2.443201746381248,-0.005954134865410188,0.6185502496356796
2.4967931315897047,0.0028572167835856366,0.6221933365205283
2.7061281880550143,0.026208637223552378,0.6019726545882216
2.271901736823866,0.0003255458104745035,0.6389130446439729
2.5211696774002896,-0.0016775763189955661,0.6261556827489617
2.4869171693990895,0.01397066687688664,0.6223332543254572
2.635737960396793,0.015661634289714454,0.612589774190649
2.3470429495799463,-0.005449668752046222,0.6388412191756343
2.4651459686575325,-0.008309981209174255,0.627311021771852
2.502540579735351,-0.019006007304798622,0.6207975504467257
2.600619973949417,0.0005108601021359682,0.6158198969912997
2.3428583180582145,-0.0049979837383404835,0.6381707701732375
2.57576214363673,0.005522694565656572,0.6320672545390814
2.5445439712466227,0.022401048461822226,0.6153111228363534
2.6303651551156064,0.0031208411143959225,0.620924991119403
2.4656610724007852,-6.893893542958551e-05,0.6404066934813688
2.4442320275307643,0.006550306222126379,0.6162662255168443
2.467587998765889,-0.01570009793644478,0.6186621015498196
2.4724814583453743,0.0037419492390031728,0.632869807302757
2.5545702821320977,0.011092701616560507,0.6365252426817621
2.4071786094944865,0.010169834570920244,0.5976024404953681
2.527577882537952,0.00013677059154648674,0.634227882966117
2.5168670537680398,0.01113481055567811,0.6210718466041873
2.22733099983315,-0.025770997277529295,0.6299783456279139
2.59413183424201,0.007242828491008657,0.6534603552878598
2.4859828116320175,0.008687492405729191,0.6309992983144886
2.55756836129205,-0.0028562676725782943,0.6359901849035878
2.2803711110363816,-0.02442506709623804,0.6374515935944179
2.5136549162128383,0.008245732328361122,0.6371876786304864
2.3117058332551577,-0.007441846325476398,0.6634031034100221
2.4128858267346422,-0.014704852812857494,0.6406646538127595
2.307542738438067,0.0009763831348574836,0.6677041283501235
2.5374026907691185,0.001612510819060775,0.6272898230949563
2.1821158224523223,-0.007908828256807832,0.6501654936266253
2.4328485756271583,0.007705035068453769,0.6275405131475902
2.365564532969346,-0.00015677456663598655,0.6623524064908983
2.736349745766475,0.011102762957346357,0.5797493886436815
2.575073619980516,0.009855878944829088,0.6056116967583968
2.570710168027749,0.011902151296869112,0.6303587424156689
2.543125254323704,0.007961903815890459,0.6222601095053795
2.736349745766475,0.011102762957346357,0.5797493886436815
2.6734103372401337,0.006351754678627586,0.6079038717758781
2.552159134865554,0.007634854279900738,0.6215733212490697
2.5563379293200126,0.011533610708967634,0.6150354299626015
2.4490178961749325,-0.003228769743129023,0.6254096205743899
2.3129822304091663,-8.191261161227814e-05,0.6445411401858677
2.11254797396655,-0.008031166559708591,0.6763146637083771
2.5048578018312466,0.011362821762396669,0.6307268387562744
2.367212175804171,6.789102652571266e-05,0.6321093455449539
2.3892334628860614,0.0031659363853284717,0.6585480466436092
2.7225881738122353,0.004825674013515968,0.5999842327801346
2.3519594729447846,0.010593984446198412,0.6380804028291838
2.471139048165436,-0.018277763288142346,0.6284440438682727
2.285640968966689,-0.000883696293141778,0.6409228268444058
2.25040842419412,-0.0034687056922542148,0.6441725978096904
2.523642125993801,0.022694159642877354,0.6362987400088753
2.4258972066821496,0.009309255993678267,0.6289604778466666
2.58451042438316,-0.004295504256982996,0.6103889869378927
2.243933979613849,-0.00136796714282994,0.650535891149949
2.532013230717847,0.019534255584781945,0.6316348263476841
2.4258972066821496,0.009309255993678267,0.6289604778466666
2.8007577190776907,0.002857691661999784,0.6108494806385806
2.714222828697281,0.014904995142166255,0.5970599879008246
2.531717474448524,-0.0192566187696932,0.6228685444714454
2.3103005823227596,0.018888931171132217,0.6338930466367189
2.4675327877367317,-0.004466883107585362,0.615330026078593
2.312514274859537,-0.0051225344027330255,0.631085160260906
2.6464392861703976,0.002950982001393765,0.6175347798684044
2.5562172313205274,-0.03131427739607662,0.6217224440561645
2.4900096498328868,-0.006233382521031228,0.6285233054052825
2.3883350467752993,-0.0007152073331089248,0.6264198036388972
2.3893803554630617,-0.0040590320900948385,0.6449328524198127
2.3429883834358227,-0.028147062983010285,0.6206076165836023
2.2535804605061918,-0.011440430296619564,0.6246459283729497
2.640605587975162,-0.002752039782507376,0.6150420367869875
2.2279864441953334,-0.016665384261831173,0.6592928683503007
2.4763458334408437,-0.006962876964624165,0.6527981748633392
2.372844192658935,-0.009628813724317453,0.6316868996146167
2.473801373807832,-0.015408477189060132,0.6230240889616818
2.4228836422630904,-0.012065147269632925,0.6369827617927062
2.413991835308614,-0.00026408192255988894,0.640610861903962
2.42905939742533,-0.0084186207067376,0.633614491501765
2.6304443418267396,0.014584584900989572,0.6193701864682426
2.57282507215353,0.00572469823467503,0.6068745625771688
2.1770313055053343,0.0141645857856878,0.6648093361193805
2.5337965542109946,-0.009933771065064878,0.6188786318311909
2.411038364388379,-0.006930202213866643,0.6438753789391956
2.3690849604845474,0.005686630461345654,0.6329009418199738
2.264558382010779,0.009489529511779393,0.6681274754707847
2.6329753768174835,-0.009706523227820396,0.615417904666682
2.4250582865560992,0.0002783724291917089,0.6366869237178784
2.351319922079685,0.005700641899549996,0.6275710750170658
2.3256187302002167,0.0015719381362806484,0.6595227121920998
2.6721744510773413,0.02222699902098868,0.6037341301495448
2.4056922004921106,-0.0057629743359708385,0.6501004555972161
2.5111927865776997,0.011964326541345605,0.6378798531402179
2.529406167227733,0.005347266584294186,0.6168085541760749
2.6721744510773413,0.02222699902098868,0.6037341301495448
2.408210267771779,-0.00837930730682368,0.6513555284177849
2.5642256718832797,-0.006015089898862902,0.6367652943157516
2.6457544247892613,0.007359209428406288,0.6130092508745588
2.692096179991863,0.025390515900832078,0.612227976168455
2.583736742458264,-0.0059301401566400624,0.6314800865352229
2.2994522076647246,0.02409444832447205,0.6333798687746387
2.5128229556624864,-0.004647143464962422,0.6253640902145051
2.428226687756348,-0.022221214277341694,0.6455373086785361
2.310469290211304,0.0040106586308419345,0.6354902104892515
2.7047630363861916,-0.0053506893473616035,0.6179987710391478
2.5829775754876763,-0.0015190525635375707,0.6271630756242987
2.3054032856208773,-0.033774642595636895,0.636496875590366
2.4241390482900136,0.002254229032960575,0.6173838478861078
2.474685532861193,-0.005842756026696039,0.5935566701318217
2.419122682580503,0.013032122425612025,0.6327890286197669
2.296685522765352,-0.024171725652283538,0.6603714210982939
2.5392009203248067,-0.005316487083906418,0.6395099704474557
2.477641113789183,-0.014498185165656707,0.6604358426673146
2.2746563411383294,0.00932036617772325,0.628220668424283
2.3047595479666008,-0.01983249896557382,0.6453325828536337
2.3686856032291557,-0.011393326432127981,0.6264344502865867
2.356943508566799,-0.015192172263122306,0.6160277405261791
2.3685183551416733,-0.010380632250469812,0.628247254504651
2.4596243647936222,-0.0191720304121219,0.6568977239702732
2.508410377687615,-0.00784636918039694,0.6382096427096635
2.454440022397446,-0.002265211707252579,0.630495756636118
2.4294331834887597,-0.0077122574131036625,0.6300873416239433
2.4165935019149716,-0.01823019141968718,0.6527418076151006
2.4213802332882937,-0.004946584233947782,0.6597626754455641
2.5161023859641354,0.004744816507618044,0.6261772722730361
2.4582379063656177,0.013337018597959327,0.6464843061733566
2.392851184286991,-0.016913696789301325,0.6482750233099431
2.267587568538542,-0.013981868115641616,0.6538182937016955
2.39329334992611,-0.0007029158819020775,0.6396636053231667
2.467736826408242,-0.003542327619511232,0.6129658434601537
2.432512004402063,-0.00274230473856818,0.6243225029493377
2.3395159333979123,0.0013920287170328116,0.6489167566276856
2.6045166054304776,0.0202035426424767,0.6120698337294691
2.4518740616366266,-0.008778891410752498,0.6296355437686103
2.2391407699749366,-0.0034147342159516203,0.6514451614623723
2.3574871437509026,-0.008279206936149475,0.640350562955931
2.4035276821087317,-0.020013708000779395,0.6403066340881425
2.4069700670824603,0.012431389747831867,0.6383104378532889
2.3901801274031658,0.008513541257499035,0.6488451350293307
2.566149209582637,-0.01786390794383097,0.6250911700130327
2.418513182635561,-0.017501601595850458,0.639930161089634
2.4196835436380053,-0.009437152922727954,0.6353680328439032
2.2454339027180477,0.010542383402214028,0.6490256656458179
2.3797561170504493,0.0010984741125485975,0.6326289024668136
2.3568245911023618,-0.009174863370939645,0.6361874257150598
2.2505933859261607,-0.013225478302622884,0.6543632671721906
2.383873421705847,0.0017455963113668371,0.6568951800015115
2.5313246949498205,0.003413356637182563,0.6302055744770959
2.6385136010710832,-0.005426915792671627,0.6153532518009212
2.2505933859261607,-0.013225478302622884,0.6543632671721906
2.442489997514226,-0.020274103163047563,0.6148863793300956
2.2925405392883005,0.005308466995348926,0.6414318232922951
2.6335688498221224,-0.009877820708256602,0.6260340297073885
2.7444205074741803,0.0024358942878961454,0.6180246267543523
2.5061810296848344,0.005124884114870554,0.6442313166756234
2.4146498849907903,-0.0027290490521878485,0.620652531754408
2.1724640853261885,-0.01033040419528719,0.6444327266531482
2.4652318657046024,-0.006017432706707293,0.6518875495417988
2.3664201086883287,0.0036875469046644405,0.6335690933143664
2.5079397546848283,-0.003558856630370588,0.6377146244063427
2.3267414232609807,-0.005558200992790141,0.6493560801622875
2.190612207712513,0.004190093115796323,0.6568235524582179
2.5420301642388368,-0.004600669047545969,0.6253400367408571
2.161457063662608,-0.011387982156069842,0.6635585740353198
2.319476855107116,-0.009459437809262283,0.6527391845630786
2.507407963651362,-0.005575527461044727,0.6004380685344132
2.5211040505558864,-0.0036208443899803378,0.6229364145305092
2.2835153267741717,-0.02312925375904462,0.6531406275413516
2.613311185717563,0.00018537793135231517,0.5974150716995221
2.5262575440613753,-0.004533418995867899,0.6168420981212451
2.4042824913877694,0.0012992096748589699,0.6353734954773413
2.636639481383869,0.016449465986177136,0.6113870139796824
2.3815751486442394,-0.0023603324070162746,0.6176312927969403
2.2742231929805703,0.014375924393365658,0.6609962333301892
2.422196170778457,-0.012964846175741007,0.6380541934675358
2.4938462799132473,0.006636824573208022,0.6312675449228587
2.434657004598803,-0.01244763157794515,0.6380958433576582
2.2742231929805703,0.014375924393365658,0.6609962333301892
2.588160969060436,0.006670726370881175,0.6131286611303866
2.493033224984202,0.00874030489833455,0.6563992541099604
2.3238284866849215,0.009754404492154034,0.6281190467530431
2.1638345824980307,-0.01734301093107904,0.6660795052678937
2.684319790829789,-0.004404848233265035,0.6175471963345659
2.3577138917810143,0.0063620243420119404,0.6213766388675611
2.472998324316673,-0.006364606484019708,0.6483616555575578
2.3740811813203893,0.011692728397301178,0.6241036880823873
2.866724635411386,0.0001198126871948535,0.6066005711112682
2.4728738545105475,0.003117848836985626,0.6498646338946598
2.2781147512778714,0.004084173891060416,0.6302471112226109
2.5759597571930355,0.015787964324474935,0.6431145473526513
2.5567489061042328,-0.004811068938952889,0.6228211482387364
2.4873737675750514,-0.005821930123952379,0.6545938661133155
2.418316796415336,-0.01510857938903798,0.6375896899041206
2.494549825376001,0.010150593155567433,0.6238578763333756
2.5357724675150597,-0.01588875437496906,0.6318903634386551
2.3224075187682645,0.0038707044973993465,0.6311623929371069
2.2095440404723923,-0.005996574996727011,0.6551572313403273
2.3104257841499662,0.007216438482385845,0.6528188730430798
2.157061817645602,0.0038956213528196226,0.656017564724232
2.660396984271806,0.0069940997836019925,0.6192499427127712
2.24451902323101,-0.004788020025876971,0.6493715784754491
2.3436734310084715,0.005655352707191641,0.6480079919678761
2.6936763313060137,-0.00956094781056982,0.5921317189444456
2.2556266777725784,-0.010584595515257256,0.6569709139832811
2.4719387486236797,-0.016098437074138383,0.6341842399547419
2.331908983640671,0.002958749826058371,0.6459023656586695
2.3755142205084154,-0.0011840869791537312,0.6490861987447252
2.6756602829153513,0.0021640979260397764,0.5995975013640901
2.761306811836491,0.006683779677262747,0.5940807649989076
2.460115102080229,-0.0020151579933855857,0.629321992473924
2.430919264056814,-0.007617399874537467,0.6246300428072937
2.397086555181051,-0.009572468308538307,0.6414473545760309
2.672587601271432,-0.003371260513528096,0.6178133067876086
2.329258310818179,-0.010674289061608944,0.6438554602141394
2.368520006722714,0.004496730841570651,0.6367496095589354
2.4934343828325627,0.0009656850283845664,0.6192866683704344
2.747783470464614,-0.003179016214714503,0.6230221432978419
2.4326805591706187,0.0055903313723069115,0.6306902079971154
2.3540450162636213,0.00631580604461579,0.641414427640205
2.4587639289572136,-0.009194888402906942,0.6449718371970313
2.4597221329054935,0.013833709262748961,0.6365208031214755
2.5385655112478753,0.0012880725629618173,0.6250730971977637
2.481506545188317,0.007484334352851896,0.647387588955374
2.3604237721187054,0.0010430643626664349,0.6320592301493408
2.450240146462701,0.003462710288806292,0.6234240601849778
2.5367461121863384,-0.016789105883520117,0.6155532288217395
2.501846735415079,-0.0005469579858381479,0.6359761065143362
2.671764749783458,0.006614798772812902,0.6224979453372652
2.5037841392716293,-0.0027067204538886447,0.6230332973652064
2.4220445034967106,0.021024411385101693,0.6298834122801305
2.252306450372216,-0.01402650671274941,0.619871811371358
2.569161651337928,0.003841470597758967,0.6225236699728239
2.6341187273297115,0.002504527887388086,0.6262202226386331
2.417520679977007,-0.019337766143571633,0.6458744958183631
2.3489165647980967,-0.0035205874687662675,0.6327122844841236
2.550854462030304,0.009190259768782516,0.6154944098236192
2.336100683144215,-0.0036569216810860006,0.6486905287562869
2.5921452430938654,-0.02351475559326799,0.6183444531066725
2.4053138501899585,0.0007158075370712336,0.6304810946647076
2.550854462030304,0.009190259768782516,0.6154944098236192
2.2061332543860597,0.0008715911186460978,0.6385615986849456
2.4466412473048464,0.010531162377947156,0.6281552438669243
2.4444318968441054,0.004946744541898029,0.6381623666246617
2.346519466145561,-0.0016165933131302435,0.6311825852316623
2.6193074920347263,-0.003979096636475221,0.6377990795590358
2.4466412473048464,0.010531162377947156,0.6281552438669243
2.4471524294209086,0.004054285673137814,0.6201723061352106
2.3203131869726685,-0.0031048086389711127,0.6416037215135338
2.6799879565291573,0.005769676984690886,0.6337549850159224
2.4395072336833543,-0.007209033125116671,0.630853416305775
2.643391321781945,-0.011100417684443364,0.6226579702684444
2.494926849632402,-0.005423528118951415,0.6258752018801208
2.2807135188642347,0.0053911105337804965,0.6285630290685195
2.594306041677091,-0.005869614345665575,0.6345054222365143
2.3397778923864134,-0.000996915009168875,0.6388550448218245
2.5164808475662377,0.009791083199728323,0.6297599468967153
2.321046806642789,0.0016317556322480442,0.6253968759104582
2.1985028666680413,-0.022017035426849407,0.6435742472071607
2.617247209495228,-0.0018867166565506022,0.6157974706461499
2.678591714414569,0.010757901522102431,0.6341868443050737
2.4805556208361343,-0.004751654697055185,0.6134270983316883
2.5103163219340217,-0.017274102140285574,0.6494641878158992
2.422506555153359,-0.0002592555925389206,0.6266692258261237
2.5671591431964997,0.00865638926939405,0.6233694637049886
2.4540512031142994,-0.0038985959879032084,0.6168658548285622
2.407557321491144,-0.02984959502404161,0.6310405509665662
2.435341470292666,-0.005545290598760078,0.6331911620348314
2.5085752665379704,-0.006212760670010198,0.6148274225615511
2.5199123820844713,0.0005388785654660833,0.6056780157203645
2.3887815394466805,-0.0030751865779601317,0.641160491123491
2.399339613932266,-0.01055767562101595,0.6186357779208199
2.5765468480175633,-0.021034738024822586,0.6406426119339457
2.479269919888379,-0.009363858245822643,0.6383906647706654
2.4942753660919963,-0.00020439309839037634,0.6410988396684572
2.470737528983211,-0.015152075453013003,0.6266451292415697
2.334732639790241,-0.024547896222672616,0.6201838555334291
2.509997972716605,-0.014540037260101002,0.6084605503470933
2.4113622075687657,0.0029850326014144724,0.6323305759907887
2.4088679760185876,0.012264703327313553,0.6244245571919651
2.271952747906355,-0.010339930092347904,0.6329400152692258
2.500994308181985,-0.0031604752227629707,0.6415285915560999
2.4620093275114625,-0.009497101194390956,0.6206373580310719
2.6168770733250377,-0.01937468028681666,0.6235536943498742
2.499489615561186,-0.0032574253651200813,0.6284474091702652
2.4646078625186227,-0.0005973882812695397,0.60578400225949
2.6520656817014303,0.017463733065568476,0.614499701958445
2.4346191348902586,0.02421253522054867,0.6174027308265255
2.555638899566162,-0.010906681891297731,0.6152888259030039
2.682574835638508,0.0015002628577498456,0.6174172594928838
2.405522582726332,0.00826846326870223,0.6222214231428872
2.402657368614818,0.029934223753641298,0.6153806118484025
2.524868255726945,-0.012994785907198603,0.6159344534347816
2.5320949035079447,0.0018474573554316809,0.6161224070199103
2.32807080168544,-0.010486364668114811,0.6630407116508575
2.629965297402703,0.033304819714160105,0.6254360108883373
2.4475474710833356,-0.00969080120859056,0.6147102041834321
2.7081697212022506,-0.012883522379546264,0.5929136048339916
2.4143323515307857,-0.011975514450469849,0.6361131451936508
2.364688254403431,0.0071827745931341,0.6286119068727647
2.4485918159433613,-0.0111026727171335,0.623360941906228
2.506513370535585,0.000331174497055553,0.6008274353530353
2.3828627965308065,-0.011604032438650824,0.6303276282006266
2.4647627246942614,0.003465304021059268,0.6421322651607577
2.49635219201814,-0.02513812004959659,0.6300145206919469
2.511062012667797,0.01053758172431074,0.6501495272643422
2.3342032148993734,0.008599301421265304,0.6376197193745875
2.221831232023201,0.0059621168399914826,0.6499652700026891
2.731114833263167,-0.002191485499824619,0.6040481399899981
2.4664205816733276,0.014623165307570574,0.6412812791257579
2.4030459260948906,0.003049280291787859,0.6312840830696873
2.317592893192062,0.00888224051134956,0.6527337435321404
2.341738866409631,-0.002021759818786162,0.6504800517872517
2.447076053324725,0.012980889703898102,0.6384537808278484
2.384826135393351,0.0013256743951015615,0.6262166717714683
2.3549092787728316,0.008889298654751077,0.6482927800442818
2.5137710617222084,0.000108765134468225,0.6160320315250098
2.447076053324725,0.012980889703898102,0.6384537808278484
2.4066447267014297,-0.0038069478202795715,0.6434567405888656
2.356310258567213,0.00838323604725777,0.6606166587850867
2.119216983315767,0.009063125845606868,0.67522358994859
2.347405037003269,0.006151625483257428,0.61776031645656
2.475828646020121,-0.012147381604148855,0.6223397210493412
2.2927432916292507,-0.002766230998245689,0.6379064920709222
2.3733015114180156,-0.006883273835454284,0.634346536134358
2.487666362664063,-0.0239520097832564,0.6254982659063565
2.687489758692822,-0.0007801914405867194,0.6085643604613168
2.4775969009465224,-0.0002570423433505553,0.6389623730679347
2.302418075438036,0.0015802842509444748,0.6339409364132494
2.3853313827362244,0.0020030824873897846,0.6367239672064426
2.5510372101156764,-0.0021659019016153636,0.615308232451075
2.40676875962107,0.004649058454298638,0.6254825293737665
2.4603412091578765,0.005064256327567129,0.6376929992750999
2.486111820893013,0.0012622559236770137,0.6407391113570037
2.260199810535407,-0.011233427008362273,0.6582458727697127
2.5329394667898,0.004441265671929262,0.6008749137371695
2.49265441354308,-0.0010364663564028653,0.6201466738682662
2.606231556317549,-0.007459014691942656,0.6190467329876693
2.5727501794850993,0.006701298278926737,0.6133054001936872
2.7921541424860727,-0.008373094989070129,0.6130474531947625
2.5743595618535946,0.004676577141232707,0.621778498030272
2.5279232692641,0.0003929567283997848,0.6318076641130972
2.511441818268837,-0.004587454647532407,0.6294613252315724
2.535968791879385,0.0023087856630406023,0.6238149048099788
2.393102515838587,-0.0051275131837513754,0.6345637406749555
2.4416564843254767,0.0023859183511938387,0.6423550191168664
2.695394455512967,0.002384894845928187,0.6188834349133032
2.38788047282144,-0.00306753971504925,0.6309455608137382
2.4604528347594914,-0.002993953354077261,0.6306106638622513
2.4435446856936553,0.00970620805535316,0.6365528200355974
2.3360891263758115,-0.0015253000988486587,0.6518478051007681
2.438010785607802,0.0007799019683081276,0.634981706108535
2.214876178516322,-0.00783661315812001,0.6481344074161187
2.4132976597411218,0.014026233837683755,0.629467409736999
2.6271944505967384,-0.004026610099045369,0.6304606924474029
2.382038750152101,-0.012162467485114403,0.5988672101020813
2.3072213570684177,-0.015013360148938393,0.6631212117187381
2.3785992433145524,0.02357839165080633,0.6306697369990097
2.6271944505967384,-0.004026610099045369,0.6304606924474029
2.805952162766638,-0.003411618377230363,0.6310831515567633
2.2590412043346495,0.0021948269094966832,0.6503127652230902
2.4487398116151406,0.013250797039117135,0.6410122774242674
2.463067427813875,0.006050307322316595,0.6478555450967117
2.735270514094157,-0.00510881196935431,0.6214362676928065
2.615124316414252,0.003480688992292258,0.6132824424311437
2.482488769824062,-0.008702697344735277,0.6219554283840163
2.474325101250697,0.023392859270425115,0.652349826331155
2.4849395906921945,-0.007041236666953887,0.6206735509104152
2.521996349579047,-0.022299960641110284,0.6216117405493979
2.465023731935758,-0.013173867554482799,0.6339141405391375
2.3571639854194677,0.01776509352527711,0.634735345181343
2.445103885207065,-0.001254264608786082,0.6268490732394195
2.5900819185561104,-0.02012557853745589,0.6373970495875546
2.3803111273968165,-0.00755577954193587,0.6333576218492941
2.6121284203364663,0.025074918276123848,0.6384794666454352
2.4035289835675404,-0.008177727309563787,0.6474332930221172
2.45399644778246,0.023319975614554345,0.6107882899674029
2.4050647098735314,0.0048520669039568975,0.6328936247941062
2.6015994765866632,0.016484062917457853,0.6367026293918233
2.3579861471860477,0.0006958990041812108,0.6357116448433955
2.467475247534208,-0.006391296705087202,0.6415352384146232
2.3527214879111216,0.0018698327069182064,0.6363801755876952
2.463085047686007,-0.02311338748977021,0.6241176038687812
2.294312059788023,0.008648457299358814,0.6629992349827913
2.230842379212402,0.00034859840611956017,0.6377303438401429
2.570461659805941,-0.008483778164218414,0.62448873172275
2.627136374284222,0.012606817723649133,0.6068225534001769
2.281613202645614,0.015134724781974196,0.6548616337658185
2.291221613747783,-0.00836120808759011,0.6422432244569323
2.3194590077568957,0.005783290196918145,0.6374851182740447
2.6035854538602394,0.017908466309397353,0.6034269046102736
2.4132668797845223,0.010525266548845558,0.6595221470706513
2.7087415291586017,0.010690140554371563,0.5955831499604128
2.521243914626307,-0.008722747095469163,0.6236476279407399
2.4550802733027752,0.008512874079976251,0.6381603955494037
2.3200637972608127,0.010966677920425605,0.6225388281218206
2.674580887742582,0.009899138817122344,0.6053706651010149
2.4794750951771136,-0.0019515509450271917,0.6280873334482404
2.639392540934208,-0.008340292951878103,0.6166248798627717
2.552955389406662,0.00979253303946681,0.6437244720465404
2.4027304061239008,-0.006858947678329619,0.6386424197178433
2.3961947533385266,-0.011559091553923428,0.6343640201198167
2.30084542303102,-0.00325534842822206,0.6484825396525926
2.6003054464240623,-0.002269799965936903,0.60884639004654
2.5455681934730836,-0.005145308368864621,0.6250885805650631
2.556642685602984,-0.01072289157195927,0.641303091653278
2.6416666025151883,0.006045808104368611,0.6076960316853736
2.385932635642096,0.007344650508677386,0.6440535655248981
2.5787945904947693,-0.0020269316215000277,0.6049783459742613
2.445056597735446,-0.0024444730750503574,0.6450682826128658
2.3874940601235313,-0.002279981715209267,0.6430673531642764
2.3565475961687152,-0.00166228732155016,0.6409085033010645
2.603944316024607,-0.006630730970645926,0.6215544107106045
2.2876243880084375,0.0216182058804002,0.6444060334991044
2.5303202429279934,0.0027725014126340763,0.6347860827559828
2.4381126659370755,0.01739395065529381,0.6322706530044933
2.558817987467928,-0.013687972688279704,0.6148405033237216
2.3902793575436156,-0.017674935409038195,0.6503352198568779
2.5623969108866365,0.0032052469691721264,0.6367805290174609
2.3974780143849537,0.015061861004066257,0.6296763306344078
2.469886543367529,-0.02409212315711895,0.6297561190899414
2.3395021198372716,-0.004741647579519226,0.6310864218281569
2.505402799004469,-0.010585480595483254,0.6065768203459129
2.4277558487600372,0.00991664356902433,0.6288882096613229
2.47498488216882,0.0003049859439410163,0.6292348190322606
2.637629375798418,0.006811724484826476,0.6030486883537352
2.40199919488501,-0.0032712721538403766,0.617744131020089
2.47974397568315,-0.007695856987204097,0.6347367463044684
2.517221739106691,0.0024855366032814352,0.6275250047526301
2.5849494077245896,-0.008036195667009416,0.625792401890394
2.5457508794308987,-0.006506305541397639,0.6234396787927157
2.5196028888488042,0.002347691323975054,0.6172537065127243
2.4230917168883788,0.002620732492866651,0.6340052886601151
2.5849494077245896,-0.008036195667009416,0.625792401890394
2.3371523603500393,-0.00844159598809946,0.6429953877854175
2.5048419147852483,-0.00955084365374459,0.6309530320941507
2.606655911783707,0.005684491873216624,0.6180464583002333
2.6136772090547074,0.006067773922407094,0.6029911109117507
2.2849256457299028,-0.00940547262893432,0.6563714732683058
2.5411375777570395,0.009295165803105743,0.6199748338129396
2.5657487536670494,0.005563195640329699,0.6044571501963392
2.6927708657556795,-0.0010122735143305306,0.6326387495720843
2.281420781053868,-0.014616578848551054,0.647410132736726
2.414576593674661,-0.006817379354243203,0.6365521538483238
2.2270688201794013,-0.00951052882608483,0.6545967074127026
2.5664865369967567,0.006757370031551524,0.6197574961016986
2.3653958925087006,-0.0009829601133273247,0.6484402402602334
2.592356677726297,-0.0005531685385051777,0.6009611235257498
2.55394084716977,0.01474881473419476,0.6126717584648982
2.5329121633825795,-0.005578818472488756,0.6178986423599887
2.1670634910366693,0.0016419226142805332,0.6577635551113685
2.6882585889678987,0.00021349837802997484,0.6107415692784892
2.4689470222801466,-0.0140470902530625,0.6499152045910939
2.62863726729436,-0.008129643302758227,0.6041228453449028
2.2752615446678597,-0.01970076366724327,0.6677694431406853
2.351365646719941,0.005702070011078586,0.6241669309748007
2.33319574153214,-0.012242040569157453,0.6690681785779568
2.198953178092998,-0.0075575406883861,0.652925917637557
2.7128244491850975,0.018820922475654367,0.6141698029632808
2.4596352110527206,0.005275070477326338,0.6297300150143587
2.309925322362271,-0.013751174908632091,0.6324939139566117
2.2755497564300806,-0.0004985434869666516,0.6575988505738112
2.6040731061469766,0.0028728413553635868,0.6015326606882642
2.5007132348695387,0.0067376325736980824,0.6103274329085318
2.373044841412942,-0.016099266843225823,0.63798642041022
2.6821776609255576,0.005613381605532153,0.6129258601165269
2.670558203650725,-0.002458646977391288,0.6156690088187735
2.4249198003874133,0.008259186463430046,0.628261947143985
2.5261616094126778,0.010767331547328007,0.6325796672127411
2.755567025762693,0.006964579449799224,0.6028568387664901
2.385211323960617,0.011838531729342794,0.6286024336303557
2.478543482787193,0.0201253591454158,0.6354202280019424
2.373709696826828,0.005245815000790577,0.6278484403740276
2.4458782662052685,0.007928593822178254,0.6329540392460938
2.289788764003243,0.008179925738983407,0.6221146047589066
2.4701932767709116,-0.007491590599323139,0.6023370281188405
2.341535963671377,-0.016508319527455573,0.6505311613644484
2.5226130264289015,0.017699221865224546,0.641342990659734
2.535747846876118,0.011962970110801718,0.6395543840869683
2.295124691003267,0.008796604693398269,0.6245325040454693
2.307944032085537,-0.014262538432383565,0.6393135418924659
2.3677698952793547,-0.023779864941412043,0.639979969116446
2.4824709675792085,0.010524800066752826,0.6357103361004367
2.4496081933580256,0.010770306472268398,0.630975347808021
2.2971932086793783,0.00854172895037375,0.6432309695154382
2.4930147704889287,0.012999962632293194,0.624413614091227
2.45760072364789,0.01870660092465415,0.6430206821179073
2.384662352203572,0.005643621372636742,0.6420181662109765
2.295967531687778,0.009221544204103482,0.6434030020140188
2.5159239641754922,0.017707723095668593,0.6221516795248615
2.6021852365665694,-0.01656106236499144,0.6052698278846271
2.5370533693692296,-0.0015494805206557327,0.6413366620516594
2.362475567151965,-0.015535706111479808,0.6400920273907823
2.5945273675006186,0.0007506415728564253,0.6411374743776361
2.4959396191835004,-0.004436377056691532,0.6289488473103892
2.4771406118798125,0.026841462204068023,0.6194087852470282
2.4122914841745318,-0.006817097713793352,0.6288680576630663
2.5442177803408943,0.002260698936213501,0.6001143342519358
2.4737776299060026,-0.0017463145545424386,0.6185009776254702
2.704177566929534,-0.00120059610511003,0.6131999912980843
2.4710867931040013,-0.0013440851084600691,0.6323933336520398
2.6660931826140026,-0.006329769582938072,0.6243152834095181
2.6853201712395727,0.0024025159934932816,0.621644038442536
2.4468176250558096,0.0029651653692042146,0.61385931856262
2.2762485817584306,-0.0008957810941552236,0.6460457717612655
2.390553012457505,-0.012301630882264325,0.6261327524714312
2.3165659982154434,-0.009986198616289688,0.6689698161514246
2.6925752136325904,-0.0034853007976440864,0.6245500876521348
2.3964384297199777,0.01456262957746568,0.647316913419369
2.3254528091454145,-0.0066537510381863285,0.6422404199703249
2.3165659982154434,-0.009986198616289688,0.6689698161514246
2.6027739247735373,-0.011907546275165881,0.5931961267435131
2.498333004926439,0.0026044671768687966,0.6202428101311435
2.4634013986570227,-0.003326374440466795,0.6449816903046259
2.41355673412968,0.004639660537365087,0.6389940773608197
2.5909804575015536,-0.015678704548077294,0.5893023286723744
2.5975924277176228,0.0004902182689840995,0.6071385354345571
2.343106755663939,0.007378411024698162,0.6413053422688151
2.416433189245141,0.006408968282471061,0.6250538820538497
2.5550851922986566,-0.004405455243994272,0.6296163408607031
2.5368009273404764,-0.007319110122421035,0.5973809755746653
2.567958985746688,-0.020564857111955215,0.6263214525573866
2.553270678634086,-0.0071421063728449585,0.6165063169373323
2.2864203729282186,-0.0025384772427090585,0.6332826742029615
2.4108487113531707,-0.01930538149695371,0.642668629672942
2.537197635098058,-0.01794177348792747,0.6255857197995491
2.686382757873134,-0.012563115486877274,0.5998179069243316
2.322372889900556,-0.0056222781890673534,0.6333354276203607
2.45911948283352,0.00394867450595382,0.6252599019450926
2.504777451685598,-0.01578999219804378,0.6283873454972232
2.707597661001193,-0.012374716673990038,0.6002114276789614
2.6331433810885545,-0.006219329412630481,0.6288438281055702
2.491721221804263,-0.0054854900200946854,0.6297439760061595
2.4784153261523127,-0.005250530849792101,0.6360690010699879
2.6394902746630504,0.005342248165010055,0.6340417644810751
2.4834112404318516,0.013645967811160897,0.629649939841067
2.4356683472524145,0.013403016677096868,0.6419591693337648
2.701890064087965,-0.007543503348066638,0.612128338749151
2.6834339863631413,0.007634632802650643,0.6159050579678578
2.248463339918624,-0.01782663335668233,0.6685387514532807
2.4586333544997863,0.002865099228342105,0.6143028777068913
2.320930946049819,0.007006659491707312,0.6593994087177978
2.4717059725231008,0.020705937877797398,0.6185319188339417
2.218021528532856,-0.013921298665201087,0.6545920451645685
2.4282482981359923,0.0013696834197614027,0.637930381825808
2.253447130329534,0.005088315666445631,0.6608652753331258
2.5396924622929604,-0.010416118422836407,0.6069291510872977
2.229342457721399,-0.010127143294720309,0.6534955273209654
2.4408126437681963,0.006322328465558691,0.631985348072482
2.4512551850976223,-0.010945459406277447,0.6302821395079714
2.5102219528756304,0.014731475040159925,0.6137674463506017
2.346063841527425,-0.0065811733032379305,0.6483833113960739
2.395678640509031,-0.0011723837171884188,0.6346430613830057
2.515117059981432,-0.019370087508476797,0.6211922550219081
2.300461991148203,-0.026239787256221225,0.6501063850910892
2.51903502768483,-0.003908423022164431,0.6185170347574662
2.4187945704373743,0.007240397436142576,0.6314877995430139
2.3372459037993063,0.011147994427183061,0.6571364215324137
2.3884270515800616,-0.015992927655854805,0.6508346789175522
2.2691247638556473,-0.00890331508867459,0.6386354547914672
2.4644813463225623,-0.002670458375732432,0.5958136288812378
2.334766338145084,0.009954913507545182,0.6346923677364589
2.269052607377796,0.00918793216867475,0.6471974619232586
2.6186400800164154,0.01392983279523441,0.6077281655048602
2.2848214047775257,0.007538908623986762,0.6463857641059606
2.6436256225236856,0.003448680411494376,0.6266930527387483
2.3137724037041933,0.010999696509051526,0.6521723419264829
2.4878770408584048,0.008303894144886304,0.6095642539177627
2.3523881737834578,-0.004890581901470625,0.6455144849334918
2.3073869416284465,0.0030410912801985823,0.6273864509283545
2.3217099425994823,-0.007076524002828544,0.6467310211364758
2.6509611551131926,-0.0007383604460007298,0.6383662773868268
2.486898645249609,-0.015498605427754386,0.6325126910584574
2.3805866240572136,-0.007252330235242521,0.6228902344096755
2.452808555377983,-0.020049967667169932,0.6465835483263694
2.196942298376247,0.003886762226880336,0.6351169120778682
2.5162966900147534,-0.004001234525082609,0.6272172704455362
2.467299842301333,0.010950180739942361,0.6167885652963832
2.29319757247697,-0.010273876079639033,0.6356955635543735
2.4917029193337763,0.004729658242179635,0.6206435405442086
2.383954102674523,0.002363484212128286,0.6267928042586103
2.377445311325883,-0.004542787022767003,0.6572856824036165
2.512196608900922,0.0034471489282712486,0.6274270091705282
2.706064197392753,-0.02376612961623814,0.6180901418383373
2.437050773566433,0.009619180874449906,0.6299453230151537
2.405063417181778,0.01012527343550218,0.6301644528975441
2.3075092397967127,-0.016173880519691153,0.6418331172138891
2.3384437898279,0.01109813637835555,0.6536435961703513
2.6430961431388855,0.007056116959549774,0.6039363493589326
2.4897260200920477,0.005324548114238548,0.6191235846512866
2.4391677916790218,-0.010260639921146453,0.6378019898630057
2.3921707074816387,-0.0010243639167921703,0.6339832788192391
2.6815531947853124,0.01928150117680727,0.5999921293784698
2.37103351009138,-0.00028384305583517566,0.610827794684718
2.5187274053893094,0.00955328372030717,0.6050504568279512
2.517781052138708,-0.003518816447829476,0.6284974633941652
2.499962753073286,0.015330952744037285,0.6322375194703634
2.490902558404189,-0.004075909153264057,0.6326465750200271
2.5513541358571827,0.004823236515626661,0.6386753708213021
2.375859868416532,-0.005052192485277773,0.6356765406734904
2.5199834895559614,0.006684554271380261,0.6283930253662371
2.409298902561875,0.004591358710918092,0.6273643374774323
2.4367484714148815,0.0029486889791123794,0.6177361850655502
2.4196216191654125,0.009024664735997057,0.6273675140907398
2.428297360828575,-0.012477534726536677,0.6195915833950724
2.4703105717265097,-0.005449236592641737,0.6338209010616581
2.4269792813402122,0.006343965593402778,0.6220770366717521
2.352049423646859,0.003914020227589354,0.6315225280141572
2.385680729417149,0.007463921257985007,0.6468202989773333
2.3904365698973145,-0.008438925568994948,0.6406010850437097
2.540027758318162,0.0014461193970192188,0.6407084086329285
2.515232693460678,0.005598742805586809,0.6443134513622368
2.329841462811825,-0.0005709061945695648,0.6407377123119564
2.3904365698973145,-0.008438925568994948,0.6406010850437097
2.335661728191366,-0.006103405359515257,0.6270349690933393
2.3603183911739603,-0.00796326919462187,0.6243237409585533
2.281320768240247,0.00044692521384726014,0.6475050397972308
2.524478434227449,0.0022948955532753335,0.6242751059806824
2.5710388642729725,-0.016782695682341586,0.635648893735513
2.501447418294955,-0.008077338691944824,0.6317929060347913
2.554028486328053,-0.0016262316531661103,0.6106017377804319
2.5399357461526275,-0.014118880521788224,0.6139676306230096
2.529624700000964,-0.00966614023412471,0.6274821785806396
2.34867340856287,-0.0035672004949725,0.6344367499750799
2.5870158675191544,-0.009584434881617865,0.6140012440965417
2.368807235993374,-0.009393040228904637,0.6388678764926018
2.4581699469965956,-0.014950894420839411,0.6334138233208225
2.331461516178951,-0.00606777436658823,0.6604495100900551
2.7089561482278315,-0.009608265269256844,0.6155850469704398
2.5376377564791337,0.0029382106915993855,0.6133476447785813
2.532476022113988,0.0015666863015013632,0.6216297218281522
2.7476034594097984,-0.002980074329708371,0.6259027757074258
2.561046195324423,0.009773820451721704,0.6195005514881995
2.4990141313003966,-0.0006118991076813352,0.6279175468991032
2.6162872026086434,-0.003821244400084911,0.636799372791954
2.6966233925194945,-0.0041846049823983655,0.614654087834706
2.5417644020490124,-0.018919848436266706,0.6323423139917527
2.458777377481493,-0.006440004171752056,0.6304725630738788
2.501045245407187,0.02138595222161377,0.6196174608171747
2.719886734443187,-0.006538949904710822,0.6216295014447428
2.5873963873263794,-0.016563206828273058,0.6344268038523665
2.313331559597961,0.002808800800210509,0.6458604502605758
2.433455960866111,0.015503516137161055,0.6118033890719828
2.7037743338600597,-0.012684027586269186,0.6075023455277423
2.5593733339529257,-0.0031552207687453038,0.6291262176345921
2.452731125924974,0.001421098130247378,0.6344596258438213
2.401356803238585,0.026212705802785008,0.62564587706018
2.3978232142882274,0.010046008714970078,0.633954670618197
2.4466651678819105,-0.004016139894573056,0.6259129689284133
2.4097453379566844,0.00021003716846146325,0.6269744064331456
2.5808320171140213,0.015486456557669337,0.6244444960292689
2.5220961590696125,0.014486213448001273,0.6280123720422759
2.5974256063541996,-0.011833005933514551,0.616817274290487
2.3076441253380717,0.0001248259821218234,0.640940995458582
2.482068303180698,0.007948645475903904,0.6059031555008596
2.1572850495922538,-0.011415610089682948,0.660763028876081
2.7073391264365867,-0.013917981250620937,0.6080605053200057
2.3176240014955316,0.009597927982040844,0.6410135066418423
2.752474583739713,0.008897092153699049,0.6107013985985668
2.3113329236720674,0.005267694040425708,0.6618805393335736
2.262951218546467,0.010632435570377297,0.6417001871941009
2.347397226715096,-0.002835737619468537,0.6577855800844383
2.443585622522186,0.0037859741131902602,0.6243578244001372
2.20021573998176,0.010556933158236692,0.65104617093951
2.448393763350379,-0.017634527463711747,0.6313817847344018
2.563786670559594,0.006691555564753093,0.6285234219552532
2.529926850222019,-0.015978969294636824,0.6321636293877889
2.3882189888457663,-0.017253726650020784,0.6171754618460467
2.478402485063691,-0.021475234223898187,0.6305226791182164
2.526176934772774,-0.002073247325537819,0.6181142010358304
2.4252980491546037,0.019561025267532006,0.6249357085364029
2.446716044677556,-0.014512890526874545,0.6299786333733935
2.275837734074991,-0.006426671988432497,0.652982743833519
2.5830385898202417,-0.0163184698193235,0.6120305159554681
2.7289871855589793,-0.0006484057463314041,0.6084693240811772
2.2033485366666614,-0.005497969775506206,0.6512779692823515
2.3002586440298445,0.000172931475358018,0.6413944879779776
2.5061153191059575,-0.0054638956128756355,0.6317164135011782
2.5517548034498434,0.007330197805312411,0.6094899046967938
2.3354694146417256,-0.00010999343463202749,0.6621922876431586
2.6049220132987596,-0.007635460898258506,0.6187554559259316
2.3955325400220353,0.013100838998483688,0.6494007166401794
2.387443596834164,-0.01778909269216955,0.6403285739704466
2.3827747703976296,0.006400946214030201,0.6250606187264157
2.5914670795910912,-0.003604373451727483,0.6178595648356763
2.402915340031326,0.007407330407873669,0.6238760036836153
2.466570151088835,-0.005961997460520951,0.6337644346518418
2.4326565922005923,-0.009053955574100492,0.6498876948217974
2.3912028135530243,0.0006808687534323177,0.6460196478819313
2.228257924028956,-0.0026228041075728736,0.6532174713277626
2.496236579482221,-0.011950495987723686,0.6354291005398776
2.4149295544517932,-0.004034830698472991,0.6561957056289074
2.4978040853254844,-0.0011073562539247739,0.6491613527971901
2.3459841844977163,-0.002850534269229099,0.6567268521194427
2.311330535101388,-0.017174857205918714,0.6388595783592046
2.513466714231339,-0.00037061282820594066,0.6323575655389336
2.5696710867138375,0.010505290449168703,0.5949258815818808
2.10875727264906,0.0051748460531018114,0.647433137470206
2.4018677257908405,-0.014416785509414609,0.6444824858046708
2.2864252380019523,0.012145964238816864,0.6377765859449583
2.433388447320752,0.0024801898663950883,0.6302320076005548
2.1693210496246733,0.002194038257430142,0.649149152099117
2.3073580129065663,-0.003474923083031989,0.6453057578220471
2.57604140605798,0.001796237599537509,0.6343000020099414
2.5952274871362855,0.016128115263426945,0.6372726331420713
2.3681642989683978,0.009359134919853185,0.643444779366671
2.6768960075152863,0.007496626526564576,0.6112987272825094
2.1841873819584476,-0.007648575867230445,0.6514124960593521
2.6624431040839336,0.006801640118211383,0.6456718790820388
2.451649185283135,0.006132311027255977,0.6312984291388725
2.6588847936027915,0.006291799725178127,0.5990014019903686
2.249280716984029,0.00524966365298396,0.6532798543812477
2.5058138920000417,0.0076949339730536526,0.6362921441227889
2.5123322120862,-0.025666981235078934,0.6226828089117848
2.4243732970336684,-0.011889990453656907,0.6551366603005357
2.3916857738690633,-0.011240947005408009,0.6373431614158663
2.6566300167904804,0.0024973674815911284,0.6283992055782904
2.5311442449145147,0.0018647175305506192,0.6258623053129138
2.4890966945189383,0.007018049956716954,0.643652002461565
2.4906848392055068,-0.009069595047263457,0.6288960111797194
2.3071666478882875,-0.005905365306256183,0.6604749660269226
2.561224546871942,0.009742915214971282,0.6093243635997838
2.4496019096940356,-0.0031046168973649646,0.6189915990349354
2.1865488178733252,-0.011907326104040328,0.6645576827615894
2.5478447713127523,0.003974900990630692,0.5919467184625057
2.5210528488637407,0.019659010023371115,0.6170015482409398
2.5022060421445387,-0.002996010350911904,0.6283101664893879
2.3245507199687507,-0.0027366662478853776,0.6558863182051241
2.382035806604429,-0.0019147947800295384,0.6741902184106796
2.3552945684353177,-0.011677139431034211,0.624805233012533
2.415060654253518,0.006727571133974486,0.6275634391120939
2.2542816349058463,-0.004225222188481759,0.6434807967437275
2.492406404855607,-0.005702362835529273,0.6192659548523062
2.3314859713379033,-0.012249403689371219,0.6245956725614625
2.5261577822861527,-0.00491632409771503,0.6396342909299654
2.305290700143442,0.008748844431585079,0.6426852793859062
2.295193336448441,-0.004179991509482894,0.6558573327438963
2.2778979768825534,-0.0039048343997718504,0.6349071818367862
2.340055972999229,0.00631749719276975,0.6295516500163205
2.4020915386759083,0.017806046805883602,0.6472231805248587
2.0890937295308154,-0.01813028326806676,0.6653350480808944
2.352854986160195,0.002567706911453138,0.6377413318637405
2.3636622549304622,0.006309657829923543,0.6298593460600512
2.390312931686976,0.014995700430069592,0.6576910768224723
2.298649873748019,-0.009457040265011596,0.6585008201507708
2.535316817919259,0.0018272427484777864,0.6212011446781717
2.6173648138554197,-0.003063305185105003,0.638379908875941
2.4152292632309718,-0.02306781244727052,0.6441034692356941
2.2757129674816508,-0.00022183598060832033,0.653169209602189
2.364694738928009,-0.004490736770507375,0.6448873157920991
2.6173648138554197,-0.003063305185105003,0.638379908875941
2.441426788470406,0.01650054758885955,0.6437508596133317
2.2172085100199586,-0.003053737452400229,0.6430072734534078
2.364694738928009,-0.004490736770507375,0.6448873157920991
2.410741324140802,-0.007619037353873148,0.6069430375005426
2.7704712659456963,0.011758284436928834,0.5907395823896081
2.389344536643522,-0.013902206684867302,0.6526249453214082
2.350398381293341,-0.03481978774849104,0.6320975826041537
2.462215669238576,-0.009648849957724304,0.6325096360651224
2.6732393140510915,0.007398219522999128,0.5842200095759703
2.3514091867951925,-0.005623580903351355,0.6495724756638229
2.3862822773513224,-0.013314793969525507,0.6517606964754429
2.5993643024184823,0.010662902956746434,0.617411873186969
2.5513475456459025,-0.008992427854357388,0.6276666250507916
2.399869945364974,0.004634201146588746,0.6388331379679781
2.3403317907752657,-0.006087022231220374,0.6445529887091828
2.614937929323313,0.009789791886087196,0.6199231715442749
2.532047445031971,-0.006124916871147024,0.6193728476165996
2.4274172395704117,0.010708997026071199,0.6275368508419086
2.4627733979771995,0.0085825139611162,0.6114971772107419
2.424832774089715,-0.010280246002788873,0.6483955216581943
2.5550329656605477,0.015278334003764327,0.612405281443812
2.4745013471327897,-0.001603272220706442,0.6379036205618863
2.6206173136946465,0.007102238243773318,0.6356001671883543
2.3621870082628136,-0.014671771509005893,0.6287635697268178
2.337227632875374,-0.015750261571444213,0.6106378353077774
2.474313622801858,0.015810301745483146,0.6377488250513607
2.1805947754862003,-0.011296822484353486,0.6435736125989456
2.6233893113277813,-0.006326245502028538,0.6242610285335146
2.4070915958031454,-0.017929060732738256,0.6215499885653092
2.4940273897466176,0.010306565808080093,0.6219121870700922
2.235870590458164,-0.009768583688233967,0.6441152271261309
2.3067168886019838,0.016528389645114494,0.6378359795541894
2.421082387296288,-0.007842641273253737,0.6297921748802296
2.513932945628908,-0.012774713111650682,0.6332793656521595
2.6202236929034175,0.003193068885125161,0.6141105766805394
2.453356632522563,0.004301017914437155,0.6305035749072978
2.364635160508264,0.002673975238974391,0.6342879911650943
2.489302098493913,-0.0056845386924577745,0.6179352373383501
2.418929140033065,-0.003944376085014856,0.638850018947895
2.2582289997313585,-0.015725420176812888,0.6579339659765475
2.5758176487077313,-0.011592725690426908,0.6204532641326974
2.690327883382024,0.011254154743571387,0.6160201427513512
2.399927129661696,0.005857523391572306,0.6525324369525884
2.4431791547264323,0.01605735066803793,0.6522823872040365
2.517315477412744,0.00572266999266402,0.6202563610739351
2.6768091617724994,0.004189682685554086,0.6132469709653554
2.3547444716025545,0.015662837766580617,0.6226962525252595
2.22286109334668,-0.011734464493042607,0.6432059796123871
2.462020978321875,0.002558255155798106,0.618372565222174
2.6541139330256347,0.007460576348021997,0.6247324552478706
2.4769199413577243,-0.0006353157643104179,0.6680335648548289
2.2781805593712816,-0.004887733532950023,0.6391683272577412
2.3483400079489054,0.005437984800191531,0.6466589542514697
2.273161777955854,-0.01494968476797065,0.6339063039081972
2.281201768879718,-0.00249933708598582,0.6435376296035961
2.355659959745088,0.010901361267645626,0.6440612579332612
2.472795966513567,0.004318547006162854,0.6149934243022356
2.307074832542679,-0.018900898604783833,0.6378443710469098
2.4881601457459706,-0.0059632758291947585,0.6387788922811042
2.7133523368119965,-0.00451032382081884,0.6055285042963301
2.4969579292590898,-0.012976364534737828,0.6329064153545819
2.3357734340865477,-0.022526510563586344,0.6260984283986668
2.475568608765443,-0.004629142003394371,0.6088459459487835
2.2215085804909203,0.0046434608077838835,0.6540056106666405
2.4851516688188107,0.001786865797737791,0.6212262000051224
2.4817613013589246,0.024604086233902978,0.6447736920578607
2.4185857033164426,-0.006700280958909621,0.6511997693143418
2.3032882826750454,0.0009243558779679084,0.6607260362817066
2.4734819228559344,0.0021046940351565624,0.6281613929305868
2.4834505765521806,0.022153727651494037,0.645989778825824
2.565557251538833,0.010382113318383457,0.6434978530913296
2.2181878163045066,-0.0007841225358258264,0.6423754249703318
2.532069074512022,0.0007004282616553947,0.6227237366356358
2.387982697699026,-0.011506566332776691,0.622050942580586
2.3643942367017288,0.013928541669393502,0.6419543703132958
2.53985195008428,-0.017988075687769944,0.6399494889926998
2.79903355672531,-0.0016865291457590637,0.589092632062332
2.3351646826321093,0.00912400255299639,0.6404206429316766
2.4511616208945246,0.0009634362563017973,0.6325861775674047
2.4458287338344196,0.008911997875125532,0.6432580119060285
2.3981346970178863,-0.008715429077950088,0.6491225854989155
2.3806908563037346,-0.011310255410024839,0.6436634994390275
2.431976284594517,-0.0028256706552449717,0.6341601945990889
2.2630717787741728,0.0005558846846704935,0.6562328295885124
2.143894182406009,-0.0020720914068834695,0.6620316507076538
2.3944803259015366,-0.014613314380264697,0.6406271925095829
2.481833257109943,-0.0007823974142222578,0.6310750596695487
2.682224091126104,0.007094152872106907,0.6070255473549129
2.341639478009811,0.0010421836313752042,0.6542072986449906
2.509309745683572,0.010555239607939138,0.6244561278612023
2.318942384940542,-0.007656113196395031,0.6357850709153258
2.37293992195468,0.015910661264966208,0.6391692327477144
2.338668410863984,0.0007215587526032685,0.6502075553814687
2.438549436741325,-0.0023414181931351585,0.6195362432318743
2.498152305401228,0.015507596693195236,0.6149636269021023
2.630946087087521,-0.005980917611107639,0.620798083259031
2.4441168086896266,0.00015523013443297096,0.6489998529780846
2.252249866330601,-0.013358758915394509,0.672511736454261
2.3453532158065293,-0.004821311659188421,0.6300723748216511
2.6792931903571695,-0.007821805236289503,0.6250793451090731
2.405412146851168,0.0033825793040991314,0.6333084186440717
2.405073788817859,-0.004569008453823464,0.6322128313919747
2.5133274939719623,-0.0018835065858811006,0.6073412062126081
2.6792931903571695,-0.007821805236289503,0.6250793451090731
2.576856258625307,-0.00861862866594687,0.6177822573341438
2.5670992702270516,0.005098132701018665,0.6134643395817057
2.358698616395884,0.016606097610474713,0.6455221791895149
2.513718565543483,-0.0032126925557485198,0.6033692480215349
2.581151349606356,-0.0009357059289776259,0.6159403563715762
2.4850577656531603,0.004235744080334447,0.6248932774735821
2.3280541291845296,0.006419253769388122,0.6458540653729533
2.613104489270105,0.00625869517157529,0.6335857790098253
2.2498068762607764,0.0038636939918181845,0.655191872556148
2.4063629760008944,-0.009522020973567136,0.637260589940302
2.4541710199573914,0.004140944032086757,0.6295978027569741
2.5143844908404818,0.0060565287122618106,0.6226131806917343
2.2621124159035153,-0.01141249964763058,0.6314067303039443
2.316124253681794,-0.01752852409345107,0.6323090033834325
2.572587205991098,0.01485144269460914,0.6236512626605516
2.6612892370676957,-0.003571936240766904,0.6214800493983638
2.4171792136926533,-0.003087897145707119,0.6433905570401903
2.63120694514823,0.004294723170060077,0.6295546034844004
2.4619065050138422,0.0023362051206594625,0.6221181721848016
2.4427113705306644,0.00068497326786221,0.6448966548010038
2.4856235545305374,0.005705844865600662,0.6206327234693636
2.410779420485456,-0.0022779468481795018,0.6182507492122112
2.459180090283174,-0.0004676796625744384,0.62026663006145
2.3821812748560016,-0.010230650424171595,0.6522817509584253
2.379034532696047,0.013107954707138436,0.647956944657019
2.489847481130084,0.006993462336014611,0.6248574308776662
2.7496919081531725,0.00391358132402897,0.6041970683016379
2.4009224547483603,0.000552006237978464,0.6263349641659546
2.4974788376647377,-0.0030505082996961086,0.6195101196477549
2.416717708950757,-0.00237837237930294,0.6373527396164393
2.403915136100609,0.006277867914074253,0.6172540696421874
2.354286521684077,0.000691640233054569,0.6198180651153558
2.6711132804124587,-0.02026091292353338,0.6126449115394662
2.55107717483714,0.0058006350080024305,0.6237188274379715
2.352974255192545,-0.008449826318792875,0.6664349644505919
2.293188093528187,-0.004934684439007464,0.6575523578559703
2.557417812764878,-0.011922319682138971,0.6112537565527465
2.6603641313593185,0.015161249888786532,0.6010998866474455
2.332304825334206,-0.008854472601728336,0.6635176381435874
2.309802135905881,-0.006651194888313006,0.6255148479768051
2.619154070375962,-0.0140788284329465,0.621601122476826
2.315914600649529,-0.007544707310694454,0.644170155902963
2.4974050527094853,0.0006542974065764096,0.6093231733625885
2.273104980221302,-0.0055813126265975566,0.6254458205726918
2.3873387929949037,-0.011316019380984477,0.618140392569561
2.535793232801734,0.009329967014644502,0.6206135370299771
2.583486021822649,0.0018605968147795693,0.6307791910940271
2.3316964164988385,0.0037548494403913946,0.6447696188422594
2.448181665482516,0.015392509224499307,0.6253622615793005
2.5155492944235176,0.00970633173061608,0.6216888028203771
2.3228206158033453,-0.0019513003012809893,0.6288154853344915
2.4150715736400414,-0.017940806799483733,0.6387161490454271
2.6470141644798026,0.005979649763665051,0.6159869417058285
2.4767367766401756,-0.0021848847984466957,0.6389995327269702
2.546717477168251,-0.011625226494507146,0.6353515069895016
2.5292810229704026,-0.021604947042065392,0.6151152816504297
2.4334289026165825,-0.002814117994437648,0.6169389942200458
2.363996869494079,-0.005357403137208783,0.6363854890016294
2.603507652382443,-0.01436881686001068,0.6396073410778507
2.484029731114805,-0.022862484001512584,0.6275269659914839
2.4337711895611474,0.0035692147193355783,0.6528170104919488
2.4247121115123083,-0.0008437423390093013,0.6484101440231601
2.3699639835746447,-0.007269392354077198,0.6330570766502391
2.484029731114805,-0.022862484001512584,0.6275269659914839
2.482433908179288,-0.0005880324812539417,0.6553280786733743
2.416199571755512,-0.0043426956263628025,0.6529752759936667
2.474652269547,0.005589548233194019,0.6242692125303352
2.5871179643186846,-0.02164774226348598,0.6076641115052825
2.482433908179288,-0.0005880324812539417,0.6553280786733743
2.5174974222080007,-0.0023304543717368453,0.6204994792693955
2.7091745268088125,0.025441726748688387,0.6124168395046427
2.5943862789482037,0.009495881422661556,0.6214576764049865
2.4939444490455305,-0.0001008308992769269,0.6547887253173165
2.242548252655303,0.0002145298306113208,0.6608819183497344
2.5312478200741073,0.030057866243525133,0.6184935065230444
2.395925056457423,-0.003266259663095683,0.6326215107992118
2.3251182186841537,0.0032190795750899337,0.6489116839070502
2.52606467933967,-0.015431173845547264,0.617945117648354
2.3762884856176076,0.012516868378475321,0.6403952204753973
2.558953893306252,-0.005808410327077684,0.6053391967298686
2.415012223905998,-0.014320719932562342,0.6377722764418907
2.534731656312133,-0.01290586670361904,0.6173073691080708
2.378636424747698,-0.020133888588973026,0.6267386666616398
2.619275627170968,-0.005570213184621808,0.6148724208666003
2.472684349099199,-0.011440649291821536,0.6324276920197229
2.4080142264061504,-0.0024454169304033435,0.6052684667326279
2.4548737983756808,-0.013378283683630698,0.6325614965912394
2.595766038019816,-0.006619015034110998,0.6358930535087322
2.3378100893753353,-0.020680688784922463,0.6412657630147914
2.52304514245319,-0.013123368163643345,0.6370380444754831
2.271761445810877,-0.0045999009730872675,0.6574527401489749
2.3410211933888783,-0.008043440110621525,0.6333626037744898
2.3767157548826954,-0.00689238952433846,0.6498244533523272
2.4870633486340594,-0.007375471381888099,0.6166455431931269
2.5660641516931455,0.0022559987711112672,0.60645363618603
2.4160069461915623,0.00012173981861329786,0.6180176530415027
2.2642833923461243,-0.007467780275016933,0.6517465212269121
2.44767834864418,-0.006869130056065487,0.642172297024509
2.4743793525468716,0.006323797761371264,0.6261494926943995
2.4186421521311687,0.00592516203698068,0.6219144444875284
2.557067059665271,0.004766266003309205,0.6113714561951422
2.5111489007483514,0.010846041669103634,0.6408948462080196
2.4673511580129315,-0.0018584324168664512,0.6366217933753751
2.4015188879485563,0.013266638068781367,0.6416813135077539
2.3014900110344234,-0.0048010967649281255,0.6462910085009703
2.488796106054122,-0.019122753081326938,0.6187464174773171
2.3847126345481775,-0.00031596102623621114,0.6216408160453982
2.329332070911531,0.0040377571263288115,0.6328647110116528
2.455686086506843,0.00958966284048346,0.635686927989925
2.4395682802320304,0.012798534372526316,0.6398257942200652
2.484850309057072,0.009495817773091053,0.6273490091762076
2.521020950671773,-0.0016901587230495618,0.620820112712117
2.312537812918007,0.0055005414824735865,0.6274347575727224
2.446356502870876,0.004935425977534491,0.6404368910168339
2.6540749635894256,-0.00023460673774122753,0.6124676944500352
2.376261525326967,-0.003119149276544775,0.6413910393617704
2.495205734365469,0.005720296907707922,0.6434227308045796
2.3630973334879477,0.004198879995898741,0.6336873452167464
2.7309370583728296,-0.0021627275268456536,0.6037467411842473
2.4648472587757033,-0.002628798148532896,0.6442621771148165
2.4865854476523075,-0.001330907899541156,0.6501441143255776
2.438708776142676,0.009331200323689837,0.6416396899131951
2.185959181290372,-0.001924438643406301,0.6699279901288876
2.6020623424489604,-0.008668846242696482,0.612616999000241
2.6160179324165305,-0.003698009048169526,0.626266285315442
2.4962539787888955,-0.0024908729798267526,0.6176328611372364
2.32453320541659,0.008105832019912773,0.669903449077521
2.3134411696006913,0.015059718994987703,0.6444167186151062
2.506901153767761,0.004368350460926429,0.636506178511829
2.4962539787888955,-0.0024908729798267526,0.6176328611372364
2.2046711483338277,-0.021562957293664642,0.6483669331886414
2.37090047195507,0.015116118409741475,0.6453471033066337
2.2246591360902177,0.007346300440760345,0.6523432708801346
2.337728669503694,9.011248969570396e-05,0.6412658687698425
2.3167063768826464,-0.017655803392163882,0.652916809226935
2.384395108065888,0.011701532278750815,0.6371800220138408
2.1423820319527835,0.008512784030825449,0.6597580353484388
2.324399688884991,-0.0012067931013250988,0.6321636855891988
2.296844264246964,-0.024998559454444846,0.6441486070621738
2.54197652600493,0.019788193720428948,0.6242581502900939
2.475094452262524,0.011449646854496676,0.6413733598829012
2.3060001291749854,-0.010913683744717684,0.6310736560760072
2.354632405958607,0.002965614017827134,0.6308801727225545
2.3245216675046323,-0.021404136090731107,0.6481127303715857
2.4173034866933576,0.01346617337956979,0.6340062190714898
2.4753896657786036,-0.004770436290529423,0.6358516374789137
2.5077487129377336,0.0031950820235784327,0.618427473924097
2.420791387170056,-0.0044597517410851495,0.6378670292554375
2.5809472174639163,-0.02510046376179309,0.6152717794992782
2.4006801710612655,-0.02290142804575379,0.6281134414255111
2.336996993086215,-0.007505738161049491,0.6393206588378194
2.5823361268053313,0.006264006402543432,0.6274298183294905
2.509342250838554,-0.009856463579852814,0.6133018114707713
2.508060301836865,-0.01458666721577262,0.6317712608005474
2.3979118591527215,-0.0021072241025152927,0.6259719926717948
2.407639199439987,0.0076408601758088945,0.6097818264050543
2.2906776221941647,0.006987406421013365,0.6439058829177408
2.4599962580984314,-0.01557614973044541,0.6235740719599907
2.69662797370051,-0.01499816627365469,0.6158098909113046
2.4851825371476983,-0.005744772737352299,0.6157517690980697
2.5410375059477213,0.014174399830922502,0.6265539619439519
2.283306808351559,0.009663628143846026,0.6571011048368642
2.362476855587457,0.014351570999588725,0.6555413487944229
2.523621744960456,0.0037190683952419423,0.6112493438664104
2.453600788762319,0.011591813013370977,0.6188081490670024
2.273601790676462,0.010219647550054,0.6580559760503982
2.4554762737625606,-0.02029412662828256,0.6372911492163311
2.6823516485021437,0.014596602759129773,0.6084723110382442
2.5756568628347747,0.0156920085674086,0.6300805756677916
2.268478744253398,-0.009623488948788728,0.6462464891516423
2.2769531947493697,0.007277405955401273,0.6440357835289858
2.6046732777033372,0.012158981322766937,0.5997259387911997
2.555195713043701,-0.005960671491071157,0.6193340135270209
2.2610222991294506,-0.014971605171106184,0.645804345888706
2.505015589082468,-0.010433184460461264,0.6295441725717962
2.4043025606787083,-0.0017338977101013509,0.6548373479459626
2.2754115223927336,0.0003218324531295558,0.6405762277046481
2.282057143691202,-0.00795964909562863,0.6225033153983096
2.48186504303779,-0.004933872864013811,0.6300730068007686
2.4029357757871117,-0.019309250764080854,0.6187123670331016
2.419290871659548,0.007722388734305641,0.6499108198546281
2.346591358255527,-0.007521156678510277,0.6264725906773837
2.5055090744955537,-0.0019094997688866577,0.6314817678181567
2.427659150801435,-0.00628696641337223,0.6430484045300945
2.447712738704738,0.009987474274232744,0.6201458230941391
2.5968695705895217,0.0049342069049223,0.6305219540938528
2.4913849317047796,0.003093692121393765,0.6363340324520664
2.378440611739822,0.011940703655153317,0.6493780611293666
2.413460280469787,0.011585719101707026,0.6588488347177225
2.514415345999008,0.0033022893097891526,0.6304881784319418
2.490465336868467,-0.01508332457719197,0.6163071915234789
2.2093589214206264,0.005686117192856166,0.6553495119002312
2.5842039277991717,-0.0032835709273271174,0.6061922713983481
2.2736429172053136,-0.007352939431972683,0.6326645329197583
2.350249789451749,0.018351206040533974,0.6647422492385743
2.256242889718649,0.011577797805969237,0.6606072618511327
2.643150217961971,0.007037114255055599,0.6227127154619909
2.4274299504138197,0.003026206677683607,0.6155505638125519
2.377407970984614,-0.010271682131184123,0.6083600151152343
2.204985588193823,0.00730866774126282,0.676943006625024
2.300675454670108,-0.001862565868689936,0.6616976571252179
2.385756521484522,0.0018145403105369606,0.6581574675823147
2.482791851137689,-0.013154207052649358,0.6180832156610615
2.609653163072653,-0.009486055269794846,0.6200778638054351
2.206771165537062,0.0038408802567810874,0.6551577934120298
2.469385795733808,0.007943404685371025,0.6121224152956555
2.4426303865562478,0.009009960177927212,0.6217621980217156
2.5657964495820793,-0.0007289134302552736,0.6138263638770497
2.674009780786109,-0.0077052350640700595,0.6035786948708495
2.479444268074794,0.003913854281124118,0.638841450854304
2.5159949870047713,0.0016277241518454222,0.6288014874781629
2.2556764335597235,-0.0008812184440010196,0.6555026400464843
2.281716252594291,0.005335539641487808,0.6307008005292997
2.5125905758225464,0.010633728671242126,0.6148700841699978
2.37971227389891,0.012710369993154114,0.6366060408761027
2.2886837968972222,-0.0010290003214437071,0.6592030780327323
2.5686009981420943,-0.002109614695066986,0.6372791572278333
2.7149641879140183,0.005410456941544517,0.6173422360840469
2.252148378567494,-0.007730024837863114,0.658651284929282
2.325027637280833,-0.001419536530931298,0.6513036129443862
2.5861941594746094,-0.003676075365387943,0.6369270952650355
2.645701555934384,0.009504656769367736,0.6112568273073363
2.536179938487879,0.0035163683820158553,0.6218621878229988
2.340884574220148,-0.015575678619008881,0.6571484260640776
2.465234882994217,0.01946362325220008,0.6104622648990358
2.644509972901724,0.009081122388319818,0.6090335906741334
2.478296787269224,-0.0017181082327213382,0.6352941589087008
2.477390802224427,0.004134910412774362,0.628851888830437
2.5126776825544486,0.025361912863163916,0.6148678170726279
2.562665780453525,0.006793114596085559,0.6165868779623626
2.317828094405242,0.0007936904405290157,0.6353394228404408
2.4425833232681002,-0.000571266935233794,0.6254063627001586
2.4655316523741524,0.008102686866582554,0.6390750723749671
2.641486994824673,-0.012743180903178386,0.6180413836954715
2.4602963578927026,-0.002127828531289122,0.647091265477136
2.4640791754770603,-0.0008610656491356838,0.6343396496157689
2.4200939532813894,0.007144846308138719,0.6338826131606032
2.711634243271372,-0.009101591310844093,0.6042923636098342
2.417607890583327,0.00919261233380575,0.6250862722716963
2.5135320665155025,0.0036490452216442204,0.6273227291058779
2.557966730732222,-0.005477479116242412,0.6273138202530709
2.2377142145824873,0.004761789984333742,0.6817180605651386
2.479740904276621,0.0006114355530122406,0.640053781072996
2.399986445241201,-0.0038850077356300527,0.6364464299367861
2.558134797024904,-0.0034232901579311914,0.6233512013231847
2.177389316962685,-0.007179299436782083,0.6590207144233923
2.186370750072403,0.0007378600279801528,0.6489268879518013
2.4563944528858364,-0.006201926432332749,0.629606425016839
2.3964246456686964,-0.004608077905497776,0.6269616076741409
2.563540767329482,0.009012316242352103,0.6085067234922994
2.2054003819569155,0.006895105507299659,0.658910427498384
2.455678684203381,-0.005925105968092703,0.6136863420576782
2.4894304461604833,0.0072861557771031205,0.6268682083700211
2.419079115150473,0.004225030806255248,0.627918046775676
2.705952001970026,0.0011665435025962623,0.6081632833802058
2.4438059551474103,0.007865199944319334,0.6141355712709653
2.4520430141809775,-0.005801545440315525,0.6338812623181086
2.3231740279465494,-0.010144237773207498,0.6387971698990521
2.435895362090958,-0.009042842433618636,0.6485469690140985
2.5674539121601665,0.007371156353320085,0.6292585380577558
2.6349845839803496,0.008524755299535336,0.61539431885806
2.2687023449121297,-0.009048901306234924,0.6365549053259086
2.613105931764672,9.071952234029901e-05,0.6206455135262363
2.4102020842022847,0.010925727750509928,0.6167915122664971
2.340493898100883,-0.009016134955779354,0.6478715076348177
2.604176454502369,0.010587841299994682,0.5930588876461883
2.632198198387631,-0.0083513112171818,0.61755333602438
2.2271594480159695,-0.017153678092016955,0.6418118898133459
2.3506938399469353,0.007549609612879538,0.6433145390778722
2.5834097756533136,0.013598016923289657,0.5889557591422779
2.4504749958571743,0.007536543415072261,0.6227046537343578
2.3818339139280478,-0.012562122136544618,0.65902691611826
2.4062887360907528,0.005103654709646577,0.6376674995883758
2.727395504473246,0.009289611270993925,0.6151961069601048
2.6708053014164115,0.0015951717035025403,0.6300391476657695
2.387001116415915,-0.0009561832047635388,0.6434304148581663
2.4383196268851983,-0.008861068679990813,0.6333782068210075
2.6608678648062845,0.00512702786616237,0.610157621219897
2.7031681725335046,-0.02222769791115775,0.5900071389397609
2.4917887746892298,0.005134777722516803,0.6208833761458571
2.493212945899444,0.005500297062203563,0.6295904003897532
2.435634454537456,0.011480747956204906,0.6241098434094364
2.6029540423814637,0.0029993303989841458,0.6227884480854778
2.5364436644392088,0.004788802969601935,0.6276152308462764
2.3804222724594486,-0.0004656219878698131,0.6371112830422269
2.4278291293149623,-0.016456543606097496,0.6218537454169707
2.487565334664059,-0.014888882198144548,0.631624449382993
2.3326901622962266,-0.02268208820858386,0.639796728968516
2.274186673127333,-0.004617473605167621,0.646602016016998
2.4354857881650696,0.02229769350725208,0.6234232125428016
2.376565534189716,0.01277901917951807,0.634423499934865
2.328072701785414,0.004262970998565319,0.6546085143097872
2.1951439211930053,-0.005503272115068292,0.6696733040632761
2.438696741472926,0.022881573452697257,0.6295160866906332
2.2598203836821584,-0.005961008280513935,0.6575568679703897
2.277135295925929,0.004875367813885312,0.6506435022264694
2.2707253054059686,-0.02100116410634767,0.6415851433246987
2.4036621860685248,0.013073916607341696,0.6321192836094673
2.246241458176559,0.032036942501334265,0.6577658800968439
2.4998104169259947,-0.008354785812440646,0.6204519843598699
2.291191628082572,0.016355946380110398,0.6532684806846829
2.3099052301653287,0.011681661146129674,0.6335462551596349
2.364464887517053,-0.012750183278727345,0.64236059740931
2.3695518958486854,-0.006917488126551241,0.6471597540183395
2.506242645319961,-0.018074072421033094,0.6435092255586639
2.3218880184619928,-0.015302453855244424,0.6396296742150024
2.349171766004343,-0.0144178590911348,0.6449811493943506
2.3516892022409515,0.021455557838303774,0.6405837940157697
2.255262390422101,-0.012582334288208985,0.6384726704765807
2.482633338271091,0.01401073598672653,0.6154189541701995
2.3002535187175166,-0.006543108527398367,0.6332236413620302
2.3843193752971934,0.03058012733826021,0.650548228512102
2.7019641153479887,-0.013835320405611418,0.6187391875130858
2.462321700880438,0.0020775135059796224,0.6489402864525667
2.370196562163641,-0.015683827512113835,0.6339543828502417
2.3486080774801903,-0.004522021352539429,0.6352226229562778
2.6476025414211026,0.0038057301522325115,0.6060594338691322
2.473556439087205,-0.003497990684674379,0.6312013589551723
2.4115717387761424,-0.0032550900625683,0.6438522752861852
2.6608971951389577,-0.005740343554942795,0.6158152442554327
2.520210976679679,0.008123714948183203,0.6221645094030434
2.4029542874023972,-0.0018824158736798768,0.6462647167957153
2.419782042382516,-0.0017415690352364788,0.6503263640792704
2.606417960403286,-0.010315824657677775,0.6069337173777013
2.5059475961231583,-0.011064523498449885,0.6265490084975959
2.354049003912938,-0.016632041426537736,0.6354272120399229
2.4294199619978385,0.01029921350302443,0.6277818605776101
2.6401988372484477,-0.0028422470170734737,0.6146630765515138
2.583820603136115,-0.008663647017923548,0.641590655971526
2.4471876306553337,0.009614067315509178,0.6252123520548183
2.3993268265493333,-0.007067456481834489,0.6348115285405064
2.634257346973398,-0.016994283118804354,0.5953935806106556
2.3746401569820206,0.002256520984106114,0.6170650291050688
2.450260830242044,0.013615066844365531,0.6273925249803478
2.519263723512344,-0.0006362000011321811,0.6174000511011687
2.3817119076885565,0.021960028964429945,0.6672450558960913
2.560386452985447,-0.007406100786734315,0.6232384766123658
2.5357720554147414,0.0031269020202824294,0.621815345237732
2.4929535433076104,-0.005472067823137916,0.6080349450535332
2.2794966478914223,0.01100395155835221,0.6528153246579208
2.595252514290016,-0.004353815296963104,0.6073450962614224
2.446218962650478,-0.007518661973776819,0.6327773896667819
2.693395538131912,0.008950105390994612,0.628809364898644
2.2406057483152155,0.005709239118516729,0.6485940013826342
2.5229273479203504,-0.0043129084295634446,0.6109280263350919
2.4095726427904958,0.0009231251424388631,0.6323498255922797
2.471110309356635,0.007845345570183682,0.6053473438535877
2.7393520418335124,0.0005230948449252981,0.6110663505882281
2.661535841473256,-0.00987269681328451,0.615713030843355
2.380623364924722,0.003115395361963147,0.6511478909201273
2.3831431183346794,-0.01861476323300537,0.6600430207281867
2.4253388530240603,-0.02382293654726486,0.6158879123123266
2.6141044329017875,-0.009874823770345431,0.6246937930719465
2.341472670386453,0.002656118262307716,0.6323258357166619
2.2377355539251726,-0.025859313174092735,0.6354897031477414
2.525567665780081,0.001058559696143213,0.6289332074181144
2.4844392106024724,0.015062843894678268,0.6310838471747745
2.337853721102258,0.0033346749303313494,0.63262675382058
2.270200335651898,-0.02534108845499694,0.6387623809848686
2.536449695329762,-0.00791546295387513,0.6154611040141987
2.5861029203287895,-0.01000207101157402,0.6149123179988181
2.3865603945029434,-0.007613485858972702,0.6372173332532644
2.583457586316247,0.024490342600846704,0.6120362546309419
2.4756697869104074,-0.00951170670675916,0.6340980924853177
2.5929405329552644,-0.015173156277235034,0.6188283020706424
2.3906176722842067,-0.004163939428598162,0.6140556511515175
2.393804530808069,-0.0024471945207975576,0.6416654872697711
2.602685959201792,-0.008556273463605324,0.6140422947049309
2.3297344010835253,0.012463208874325726,0.6455220982160135
2.411047990032649,-0.005907937457811485,0.6059968054108528
2.411449735203549,-0.0010767137661309434,0.636597219749901
2.3073098105030034,-0.0023099098475660718,0.6410024634041074
2.306953615111194,0.01277088136203508,0.6456611938466249
2.677843695175779,0.01089533252427799,0.6358824300064896
2.3737397404944107,-0.000552605126607153,0.6473724047512698
2.3081205100365936,0.006203720663297219,0.6407968500510147
2.285487133398821,0.00978337358424164,0.6465998199656325
2.5896046456932846,0.011819978707837242,0.6182630413240477
2.2637190888838568,-0.005405768169485903,0.6564046052608808
2.481232254097263,-0.008391378598041399,0.6216834962700054
2.2529562409499704,0.008475599036142922,0.6390188241426316
2.4617708387787305,-0.0145194733642533,0.627094430028218
2.564863795922574,0.0028178674048804364,0.6194215034210573
2.4723950750782797,-0.0036348978633651274,0.631544537535697
2.6825707048641534,-0.00242090296323183,0.6144742256597515
2.5568200509987236,0.007089550187665772,0.6282747492689625
2.240703188983924,0.0058718082251665304,0.6417756259380446
2.5187669477744934,0.012558278894355679,0.6008102299543633
2.318236223888133,0.0038253407091046743,0.6500061071941294
2.34939072354323,0.009598323937629827,0.6294207250467564
2.4784707174571667,-0.005786725748001542,0.6262272205988113
2.2836103275443604,-0.004489744324962075,0.62706885488874
2.5801180631348286,0.005208730052942423,0.6048406760532766
2.394662192395738,-0.012375416238421755,0.6459421365407695
2.3141233982123843,0.005097385453996628,0.6401752144937972
2.2873101681537733,0.010888270439925574,0.64107185521956
2.3569869535001087,-0.015033904391455577,0.6560036704751362
2.49562645709537,0.01560702863916652,0.6276141497989596
2.5481026946320626,0.0031436136374856094,0.6217315886800693
2.3372434486590916,-0.02235346393229798,0.655333117815684
2.255078044748566,-0.011396779043209238,0.6478791791495391
2.4654914984863465,0.002094493230651029,0.6209158285242046
2.5496667013914807,0.007347387912628678,0.6381801295053655
2.2314035584682825,-0.017138193686951242,0.6489278207005801
2.3941834994593485,-0.013339061167634947,0.646448889714345
2.5500459567679585,0.004914433043755162,0.6264814603752801
2.499780087963186,0.0027536803487142603,0.6125245547165695
2.202516427173773,0.01428762960598462,0.6505716917941389
2.4059173567066816,-0.009700928381800145,0.6406400128586894
2.6624591596338636,0.006721461779392257,0.6103248110204558
2.5129766082643874,0.0031971454958863443,0.613252888873264
2.264113763548077,0.004834170769946189,0.6681398645553224
2.4935983601649956,-0.0008973585194305134,0.6289039105292242
2.692455834012774,-0.007215762979635665,0.601805550307826
2.459690731493519,0.010737386682801331,0.6076922030022963
2.4321749274377833,-0.01572140351120055,0.6219609281875997
2.511615051123047,-0.002358966526564421,0.6219819914878468
2.7098121848461356,-0.0049647020706433675,0.6180220717275022
2.318120025949482,-0.0006421396646545396,0.6529315034688749
2.332887644599806,-0.00532783251447988,0.6633803721456121
2.4681432818371083,0.0007900648742218408,0.6167618825041153
2.616639917822581,-0.00930208381262343,0.6123559215645752
2.358072641387368,-0.0028892908505506743,0.6342061331324639
2.2098459729787936,-0.009547608456308643,0.6472435202325539
2.3779897285636715,-0.00058157877939502,0.6302762230097513
2.6475589423311465,-0.008411925217935767,0.6057446339050431
2.5659473314368233,0.0016510391174990868,0.6048449482615674
2.5338483011382293,-0.011401235170748203,0.6438035212949184
2.3694273726136967,-0.0027951183994041617,0.6323327208851446
2.4445530252621106,-0.0010460092836896973,0.6369541634898123
2.4614786850603987,-0.012405524003322066,0.6308404869805836
2.43224014530716,-0.012588830191646583,0.6340515312938948
2.3607339544999575,-0.013671623560991275,0.6387346023995162
2.6512935549222645,0.0034421581400978507,0.633392049171503
2.360931263089184,0.009714966259669389,0.6223278501308109
2.469613083785316,-0.019755005976062945,0.6417162739525535
2.684767527554284,0.009656903854849963,0.6077158466535456
2.4946304782971875,-0.003568867218952665,0.6491484033123388
2.4703075193434456,0.015177764854559683,0.6407004359260539
2.4666570715955305,0.022010043535248602,0.6165685611677525
2.260874037755413,-0.02867691676853501,0.6609408246494296
2.373141925140009,-0.0040768917906059965,0.619744891954429
2.5075441983339792,-0.011950971284357959,0.6223026449338734
2.401714743631167,-0.006018180282046259,0.6244991046792367
2.188062325729605,-0.026437948804715505,0.6460977429967598
2.3821399869663042,-0.013718146472245785,0.6238288700798263
2.41116408058345,-0.004716904650372777,0.6353930663598937
2.5003015239710153,0.006017782614675227,0.6145315651295596
2.2848288377330177,-0.023191965460235053,0.6479667745599732
2.5291158453304194,0.014217989913348772,0.6200665652312226
2.4522131567485177,-0.011834398140890157,0.6219264419711649
2.4367445594452533,-0.014391365871447848,0.6499465774677995
2.2989319778133726,0.005642393526548606,0.6598487959542214
2.556211543834647,0.009642807091139405,0.6216828769692537
2.409367112036856,-0.006088602371568941,0.644985443083413
2.282375203057662,0.01738312681053622,0.6518121749133375
2.272260114241886,0.011879069862859248,0.652307317599582
2.4071900124630283,-0.019596739974987676,0.6358669247019448
2.409367112036856,-0.006088602371568941,0.644985443083413
2.331103960943423,0.005654879818745018,0.6452054403574187
2.3344534391316123,-0.0006410841143100754,0.6513528963529013
2.3803040508393853,-0.018149688554448318,0.6391065227524162
2.752548902151,0.0008542595543918896,0.5949264836874957
2.3206683936527446,0.011122316711234204,0.6487529197097295
2.3153957631820794,-0.0005698913508012105,0.652685812671285
2.5781038153513953,0.029717934491503728,0.6239282725933187
2.839930988952209,0.0019362793770407727,0.5979370605336354
2.386443631553452,0.012787611548141786,0.6349749962249821
2.294036208320302,-0.0024798818196372086,0.6541825852360886
2.3265132126040857,0.003934539766514922,0.6374136320714175
2.7181826265924305,-0.006121060115313215,0.5978998035350107
2.3699469393638757,-0.002853906528561767,0.6099396067218948
2.244291691117444,-0.006205985152789806,0.6435974171563383
2.42852074324572,0.016351136883976825,0.6293604484691471
2.2596071554307504,-0.003553810572778371,0.6539031551033313
2.5092319016613516,0.0009241967094133496,0.6147900072075202
2.2963353472633696,-0.004533592859101043,0.6489971733820475
2.445520990838421,0.01554234185811687,0.6274301353530366
2.432802815909688,0.005429339498573382,0.6421905487435506
2.66661820869536,-0.01161423205663814,0.6048764890503233
2.318540193930379,-0.00631484920286618,0.6538811350389828
2.4267292092481427,0.023125454247161725,0.6423092540953544
2.3414991243542795,-0.0024351007066858443,0.6355921386688287
2.527524360491143,0.013944318621769591,0.6243945684310497
2.5040198981774697,-0.021824076331575126,0.6194045508166495
2.3934160005278113,0.0025696084217674553,0.6253547528768432
2.5358960257086838,0.0022563506860842075,0.616948826886852
2.6539168421016153,-0.005541547109013445,0.6070313585355273
2.465032619097967,-0.022497655555279827,0.6316808881689148
2.529666749719128,0.0016446452708058779,0.6283441909566475
2.446670303211062,-0.003300810888559269,0.6396233906074529
2.4156010805001107,0.002600978131964693,0.619205130828584
2.4252362967346035,-0.005489523768331672,0.634251183810939
2.5243182481924515,0.00871622055905208,0.6374342837399245
2.4508652555882917,-0.0024434394054893005,0.6255696471315823
2.5614078656997075,-0.009996790599825056,0.6398333920729679
2.322196486463018,-0.007051424963425257,0.65196949339954
2.544317619394205,0.009453318759264029,0.6117616428428557
2.243422075239689,0.007171103102193044,0.655445873593467
2.4628267172690492,-0.00806613305913717,0.6218348675329899
2.2133332246492614,0.00507306224046955,0.6592650894440202
2.5647005509344467,0.010870515092344268,0.6052486890427149
2.243422075239689,0.007171103102193044,0.655445873593467
2.4907294746497524,-0.013247928490867311,0.6343926804500071
2.406355587654633,-0.019574473024110306,0.652939781539891
2.3683700348973917,0.0007804211455408883,0.644748285503428
2.615419834489009,0.0031125570779979572,0.6246292662019136
2.3637494852808056,-0.005694643080783379,0.6380073039060783
2.3272793777713985,-0.012773012170900433,0.6514498379477749
2.6203914643092063,-0.002589883232750001,0.6272825627618042
2.575136791926749,0.00879360434133214,0.6049108828116888
2.467568361901712,-0.014865147750531271,0.6446696372820937
2.433641486591335,0.012498233437168382,0.6309325190924268
2.717219565552215,-0.0036154469047755544,0.6264195624987523
2.6190035335781516,-0.0025884200398631485,0.6260945023236467
2.317879529784046,0.0025851734851876085,0.6417349446941676
2.5238112637347268,0.016946794901725237,0.6378772536623641
2.377572750977631,0.007476512818424208,0.6088447713265644
2.569673181787479,-0.015069640819761698,0.6174167249366576
2.3402575361949225,0.003509475336458623,0.6537726124740093
2.54132727228202,0.0151903938333815,0.6226534696888119
2.434171573948278,0.008893246694262391,0.616669269766594
2.17202858728676,0.008838038416566718,0.6457587303566221
2.2802154420308973,0.018726888404804187,0.646404404693686
2.339569634286401,5.07142520707049e-05,0.6439793308949805
2.458084162101101,-0.02364663687066182,0.6424911259782858
2.277821659610017,0.016277174115923554,0.6657991259498491
2.383116512140333,-0.0036026170892404785,0.6480325182760271
2.4641925874715818,0.0008045117842341298,0.6531335678961289
2.4513177587377437,-0.02573830935097976,0.6307262414292224
2.3408823414117186,0.00031813184880546963,0.6305826783781027
2.5520698607688237,-0.005285090833227368,0.6039697357438292
2.483766084201464,0.0017768455792823712,0.6245520016773708
2.5197426419631928,-0.0019671083200798467,0.6160752761990544
2.554515778816566,0.004369416231718715,0.6217220816722374
2.502641824699677,-0.013063785885379708,0.6228279338614814
2.357173502387471,-0.003404606710612823,0.6287598486769642
2.4953211764249517,-0.006391989314541879,0.6343384937370244
2.4232479222808427,-0.0037107566048517615,0.6506781641521219
2.4653724951638782,-0.009486631567808379,0.6256785739571307
2.599991922170506,-0.009918011418042605,0.6239078067114795
2.599881905679539,-0.00871839030710353,0.6241266446934206
2.474055319827295,-0.023176470008507977,0.6098920158258506
2.8234519742976496,0.008022617016579359,0.6037922985407574
2.2643792057876166,0.007160891805619185,0.6507505842633026
2.4550061453916885,0.014280450059712235,0.6413704135840042
2.615981982287046,0.012707095927404266,0.6276818720780672
2.6629173111973343,-0.004547187594099222,0.592670520680226
2.415024969836,0.008664894823701363,0.6559606869412269
2.202874857529218,0.003504688925582311,0.647327498304324
2.2709602200116508,0.014577731608747868,0.6389983586672224
2.6006204452938935,0.014595612852659645,0.6058689586076583
2.235917354021705,0.00622643834455161,0.6392141216531166
2.510152401960392,-0.012823531781423592,0.629992025939807
2.3792230962562706,-0.01999813931844363,0.637190362252502
2.4584613314264088,0.0012084494207400542,0.6372124729348277
2.589301468304622,0.00730748945909121,0.6242534496135117
2.3990645425402795,-0.014293621385850885,0.6227720896962476
2.4102506481745265,0.027706537333311854,0.6397889121639375
2.6152637645412717,-0.0005878284344214002,0.6159608334184208
2.6251951712679498,0.006701901575001612,0.6208419106666537
2.524425495533791,0.014667010319862284,0.6211493250623602
2.4058206409201333,0.026047815516627493,0.6362296805436878
2.451889020214206,-0.006829726940841052,0.6206512552845158
2.4400564775616695,-0.004502990269395379,0.6425789462523417
2.510880018202498,0.0215804275228364,0.6358677922695439
2.4930487411697952,0.0007444365591091628,0.6244112760791766
2.306007399781968,-0.002144731067015737,0.6499521475309433
2.401933831915472,-0.006811335286448061,0.6327526013038588
2.4871783357576267,0.014442595291292326,0.6239916110302487
2.326291330676429,-0.005448703495861906,0.6562811656307426
2.176847218362095,0.015704258482148292,0.6674885041603696
2.370102212734076,0.0008092886837984814,0.6282466862180242
2.4997150139351505,0.01245952603641265,0.625027200725761
2.4217536032116462,-0.005530048503325835,0.6455723201897463
2.1878135108952916,0.01816143596855313,0.6683893617256854
2.368542821517982,-0.004179022536309418,0.6570424972581882
2.405093701780735,-0.010361665783954255,0.6361083585995538
2.5343600895903,0.00032680144345254014,0.647600063387342
2.420315041558303,-0.003867493746162687,0.6350768717785381
2.4329158004898104,0.00349219608055229,0.6344239189437494
2.368515185305241,-0.004517406216071995,0.6480603185248619
2.3655126510289946,-0.018503995739545198,0.6132732198385545
2.360443723033433,0.002406737774424128,0.6449874102135101
2.4125135129501416,-0.004955144041299597,0.6406167600955215
2.3334875124492087,0.005801324897511728,0.6478255317705588
2.4567421859539236,-0.02475160784221231,0.6550866807983714
2.340776748785429,0.003808160747912348,0.6442452694459969
2.559984659322728,0.005044174245514066,0.6236484134564271
2.3419665327582626,-0.0010400631244209535,0.6446597127058683
2.425533548776378,0.0011202268270784632,0.6269800695662877
2.330895560029625,0.005474880943223681,0.6437741380210705
2.4417329986050706,0.004995764952273385,0.6265821742593931
2.298034940161731,-0.0077696236258812945,0.6517147166987831
2.4697566837976215,0.005357082216132625,0.6377869840474878
2.435795512097629,-0.011492188980316786,0.6376244417847022
2.512132290750948,0.0019026129471371167,0.6335742615134556
2.3113722885267616,-0.01207343925974036,0.6541442012969664
2.612405257227934,-0.0054155923316629995,0.6254368535528577
2.553237532720387,-0.0008158676903957662,0.6219350695886214
2.549728537806396,-0.0007249238070714537,0.6320722287202842
2.3949468395048714,-0.006863585637351122,0.6408793703776333
2.3812176247485235,0.00782006067592711,0.6539186599434753
2.4626289473096006,-0.0040796756068326445,0.6130670716575305
2.349902943768118,-0.005511702145996722,0.6327999859595118
2.525379079149313,0.005159265016929204,0.6091085528068045
2.4999597160733513,9.264457829805117e-05,0.6095428460224515
2.438051027613444,0.001773818102310809,0.6496236736081483
2.3416702384031547,0.0002664314571556581,0.6374377174286526
2.3025168431295873,0.00883732217419042,0.6331408732576839
2.280633701640972,-0.0013573780508073785,0.6419178203413294
2.5470842489024905,0.01509074890187212,0.6040399392063758
2.3884414745470366,-0.0011578886436116598,0.6389274122668653
2.4635179476915225,-0.003483922700054931,0.6475270132991103
2.2473809692044977,-0.005884077056496517,0.6641014653593691
2.290051033714593,-0.011987866450214435,0.6602376988347202
2.3463953313903105,-0.010541318718197745,0.6496212824541185
2.425626061407528,-0.009426667977354919,0.6447212714773922
2.204476655324738,-0.0118269638241153,0.6809431128463664
2.4058279736281483,0.02009792026646484,0.623031265842961
2.3195114853367578,-0.01379326748417542,0.644601214915343
2.3387151357942177,-0.016258828101334277,0.6417602988674042
2.1850493648647165,-0.006351610266990937,0.6682948985641476
2.5975212832355252,-0.005912808295518435,0.6292682152619251
2.338183208820196,-0.0027405627914764974,0.6491068482783569
2.503136512883023,0.008136397098712722,0.6228245790791721
2.3063645037295766,-0.008834007676590927,0.65211404548992
2.5407050680438372,0.009074486073693766,0.6344562729826702
2.4998517204209536,-0.0036393948649944274,0.6249611756269098
2.4895715703024597,-0.010694378943336247,0.6242540217305612
2.6823808728170957,-0.0002717769451208163,0.619505637385573
2.608210563651828,0.009322791285723664,0.6347810902236155
2.5367232135171967,-0.01021499909358492,0.6132606055620203
2.5898546133002185,-0.011290924089981447,0.6292517514681137
2.6405151778547835,-0.0006768071390899077,0.6071470279707055
2.492758648964669,0.013995980376891204,0.6238645598211917
2.462935218753942,8.356567024958572e-05,0.6206758160271708
2.5251756446660703,0.012237285235556561,0.6353337397881699
2.4954320161903505,-0.00605779791774852,0.6242591126969165
2.4770058167246387,0.0032426963843454892,0.6323157932535864
2.5041508946706967,0.003462982020469685,0.6161343764785584
2.2236139905078582,-0.022766064493859872,0.6551162802220732
2.5860750660178384,-0.0026324798980226216,0.6254174334689079
2.4717442123312994,0.004541337702439918,0.625003379973888
2.4222063290632696,0.0015253934147667625,0.6327599269793783
2.483148301560552,-0.004522170172279516,0.6385148488037113
2.251534534716692,0.0037393417218092306,0.6481176313102694
2.5698853939039408,-2.5736439411838674e-05,0.6266513153941615
2.5234856998418236,-0.0053506810009793515,0.613831529820183
2.53981062423427,-0.011762239007470088,0.6333148245372399
2.453968942886333,0.003847404130885801,0.6402088024776239
2.301723627101543,0.008384138602134383,0.6470516962871992
2.4687518418320673,0.004583837140657243,0.6253683996897589
2.601788767885013,-0.007553186738419759,0.600979028051782
2.3870676209352184,-0.009602263555430035,0.6594610975914237
2.475666564215281,0.009840218060010342,0.6336501736773125
2.5256670585056393,0.007226840011598901,0.5884701039840545
2.6265201615521065,-0.009329360071680615,0.6232873412950295
2.2976876114386307,4.628947263207728e-05,0.6581433292056093
2.541003054199638,-0.008529423893220311,0.6248340316158635
2.4186609025608337,0.005343693028852625,0.6351316517859829
2.3149400266930042,0.008465427833643346,0.6528346674486659
2.653293101635086,0.005568244492490937,0.6164293931719306
2.4803871990868274,0.01117076067655276,0.6244517944109648
2.300974596140738,0.0062804384348817965,0.639744506720052
2.4002747111066918,0.005116890034621013,0.6439030115619662
2.5747546285293756,0.003380207473891339,0.6251088628851535
2.59855374116398,0.004970435256463901,0.6186213875891546
2.2627541404232,-0.0015271463455102108,0.644999578708172
2.5026763818796467,0.008780587321586708,0.6517320548693749
2.4976954119081523,0.0009824682008863217,0.6323053193215826
2.2104665056349293,-0.002692272986249966,0.6573654888264744
2.264755062767632,-0.0009854329367551262,0.6717321895676176
2.387469955999135,-0.002125788826672359,0.6140217088324047
2.4600319294137325,-0.011599850068683137,0.6299055743283289
2.1759119647109344,-0.014596607597982203,0.6763266851232315
2.3544676138298337,-0.019192149603198816,0.6351986121722296
2.386907341546322,-0.002364568928238109,0.6273474921568015
2.3982811930894425,0.009162537907861479,0.6399730511579732
2.2180959390771267,0.011683828396436446,0.6542988755229777
2.3966428181228547,-0.015911856620218767,0.6554790757869788
2.4119614444431408,0.009264450352723053,0.629629430472588
2.369115990828395,-0.0028002730046716717,0.6505500793089495
2.3112947475756105,-0.022106595534974405,0.633091035978905
2.240644168829367,0.0003593580698009191,0.6549756987798491
2.651693510739215,0.010100720358230397,0.6135238250924784
2.516546233392479,0.004157024960821598,0.6103564673002114
2.4290269450428896,-0.015970578212658237,0.6337180966438513
2.576544042572373,-0.0009175098275413518,0.6066796813787176
2.865494816182793,0.0007954805112997398,0.6169997363923249
2.3953346510776465,-0.001518219062942805,0.6629513175869279
2.30354832106631,-0.0032334860902574203,0.6514284738132854
2.559925601392877,-0.0022036667673566157,0.6116036526435157
2.362841674594808,-0.010914212070661788,0.6724675115441052
2.2795783907146188,-0.004801159500010588,0.6064056857152832
2.3957813833684565,-0.0019324300984044918,0.6575385523854851
2.510151793491894,0.008317813428451615,0.6295651976472968
2.3015231753184326,-0.007025082898989954,0.6686142904040641
2.3460573782342613,-0.012690540296610875,0.6241921214096383
2.1572876971637927,0.0010961355131258177,0.6299513469948383
2.5372268114588103,-0.0082463192610438,0.6315268012787362
2.29885890528669,-0.0033469075664056547,0.6434164997475958
2.473599747168945,-0.00159702517866811,0.6375377571969097
2.251137485728986,-0.011210051242584118,0.6701991770867856
2.3646535342145274,-0.0028423323376201015,0.6400829069960071
2.223588200320099,-0.0010170101151703026,0.6662122663604559
2.4912615324391862,-0.00937981300131141,0.6394942895488144
2.2511729225854182,-0.017394966587527927,0.6703611356869964
2.664790385468732,-0.008554701080714988,0.6048349119522843
2.242583933126578,-0.006438678222173699,0.6613875111470309
2.1517292807173836,-0.007091893307956898,0.657406180991016
2.2350895043778776,-0.01643849049114876,0.6477991789977562
2.6751369570369774,0.0005175220326043561,0.6325042206287361
2.6023228357477115,0.004956314112534166,0.6012459279590302
2.140244348549503,-0.01280263516539204,0.6579713569269602
2.350986789224604,-0.006021882474302354,0.6618229079064123
2.4555336055509374,-0.0027109074105522435,0.6046420370986997
2.575983018640984,-0.007413695268023712,0.6229874868230955
2.150195298130789,-0.026875984025244826,0.6853444354987533
2.5450798989609247,-0.00042976288753360237,0.6134841885619422
2.674753519379652,0.0010536935658758129,0.6326422125184272
2.612324217047975,-0.014610528684406487,0.6108053739577214
2.13735917909406,0.02020911137432102,0.6606205645742483
2.6766795733685425,0.0028607105799502985,0.6127746028119005
2.5331461352661995,0.0011558261888695576,0.6173742911269701
2.693706426148967,0.0015513724941560447,0.6063564081313979
2.3220906855907693,-0.00994058832022926,0.6638218928033834
2.501862209935275,-0.015801218070754297,0.617898725661137
2.5546948407074725,-0.02788364203188154,0.6240222845316988
2.530016188733729,-0.011377233664883635,0.6147141173554015
2.4131039608952816,0.014955997280332811,0.6411176586703831
2.5599628534912005,0.0029363786254752444,0.597206607411922
2.5485112326163115,-0.022712491836802462,0.6283237317999618
2.4004328722529333,0.011062135114905836,0.6507743494704634
2.3595866778160652,-0.0016312546306149756,0.6326511442991967
2.5090986618155844,-0.0021571181970538866,0.619762117313144
2.416495645241901,-0.020438662203183577,0.6233922799904643
2.450420200025472,0.007668641271103116,0.6186589698479916
2.3781040133750913,-0.019069952166553605,0.6319617450275098
2.5392705030476304,-0.015098092981358668,0.6226971002463034
2.4390281721636127,-0.024621194739993912,0.6395150016138454
2.366740331716811,-0.002386812752972922,0.6438458177044386
2.301404155957071,-0.0018978691377273815,0.6566361190123617
2.426753184977375,-0.014771817741306537,0.6364296533154371
2.483200605225701,-0.025341592541259672,0.6186570492842494
2.644521868802485,0.0029354297737802515,0.6035248477658975
2.5407033576488383,0.0014618249882825118,0.6374197132223742
2.734696029548541,0.0026703579141258427,0.5948113031174455
2.504924050468038,-0.02140478746986152,0.6196417179933071
2.269282898192329,-0.001980810955732437,0.6572451657822624
2.3906095899502353,0.0031415789782256454,0.628333323936514
2.3959537098851365,0.02485066785302914,0.6418618718949691
2.372780817505968,-0.021983964601307804,0.6251988639707747
2.608757485127104,-0.00036242767610628057,0.6190030281305111
2.6466580919528253,-0.0009737575088504258,0.6201191710931144
2.3013733822172013,0.007043178142624118,0.6321700130819521
2.2518592670758752,-0.0044311405101604695,0.6452064623134968
2.649570787839784,0.0024948326432265855,0.6200881242887044
2.5620097259305186,-0.010691764183259345,0.612363411264671
2.248185469925308,0.0058952826571534445,0.6311094259330741
2.5712467078716172,0.0021551268832094017,0.6064233271792036
2.4843271568945746,0.0027674395621726244,0.6264238197582139
2.5373431043863324,-0.005913272310897222,0.6348450268909378
2.702982352246605,-0.005548272636474394,0.6091100093114635
2.6275114424652326,-0.0061257660098816835,0.6262855942553637
2.639949045162823,-0.0008913635208478432,0.6102718278841354
2.632856032049477,-0.014338397660682123,0.5984533146332772
2.689984859436269,-0.0042180880475344296,0.595440031287646
2.1329087395527604,-0.010975345705610762,0.6697733938813162
2.5350409112085193,0.014140880696752456,0.6082703259595972
2.638683199797262,0.023632649028915154,0.6316407618189335
2.7298723767410187,-0.004889757245984061,0.6071878132649577
2.1867069471353,-0.02498083854851263,0.6696641233102761
2.5258555310510253,0.003229197902705261,0.6331426732230309
2.509738863751574,0.01483861012209542,0.6046297122032741
2.2270800806556585,2.077379520204481e-05,0.6543529869855538
2.206286445100764,-0.024271055557474108,0.6816932842801544
2.323100134673635,-0.011427719289083926,0.6539377445327247
2.2512426965772665,0.005489013332901971,0.6485567451634047
2.3655066250582846,-0.00018281098035144439,0.6531677679856904
2.1591600078958777,-0.013684676096785031,0.6709087897185674
2.5687570367044894,0.0036726321491993286,0.6229988544087387
2.42121566762682,-0.00878344825765276,0.6157862418727303
2.2820552171741997,0.0021644988128797227,0.6434136117933656
2.352539748690793,0.00566042778453868,0.624522021001166
2.4448471195811052,-0.004300996481849673,0.6472842360083289
2.5591375647715235,-0.0036255457083376186,0.6317002585294283
2.4921759438636903,-0.008668355632153402,0.6311411569536666
2.4818505197655907,0.004262349480466998,0.6289256243978928
2.4375781514470205,-0.0024184317730051585,0.6331729913590654
2.5667745349323634,-0.004444590738705623,0.6123383430810969
2.4735292264864124,0.0025293341811265524,0.647184115490886
2.3711573627789164,0.005005675538428234,0.6401228328401984
2.5163811997133037,7.788874913039479e-05,0.6284801291100296
2.3251687369305802,0.0024512538790515404,0.6415280861391784
2.33328382983481,0.014409888144425231,0.6329699254740596
2.4139191065158006,-0.001826824829724405,0.6355113642898638
2.351393561890355,-0.0034196975487326142,0.6555375672297596
2.3417476525459873,0.007557526494585964,0.6528207646129487
2.338658328618172,-0.01480925665909294,0.6292837405307637
2.472729407473536,-0.004573724257284972,0.641548509868279
2.393868607257266,0.003395753603038454,0.6311490230739543
2.523631178593506,-0.0035592401206334667,0.6216230221789281
2.4392444505752353,-0.004704568936115816,0.6193471245964276
2.181315892453336,0.009158408548974428,0.6483687034291948
2.32532907986712,-0.003681350983102849,0.6244552286009126
2.2421690649664767,-0.0024759854819207394,0.6567910319245998
2.4934762967856337,-0.01896971646424772,0.639357387846584
2.3236354162442336,0.008936835671225829,0.6670625494355242
2.4279828008073268,-0.0034367683071201416,0.6220719173019227
2.3915656535245233,-0.016403481768620498,0.6574688473921294
2.4567315644832566,0.006615697886172889,0.6467746223316724
2.478039009490766,-0.017047147396781925,0.622989084326105
2.4488308307995905,0.004457626182851726,0.6350575738757465
2.4352640696467183,-0.010913026682416449,0.6679205405624142
2.6678526720697473,-0.0005415863124125231,0.598651283497352
2.4037058266079514,-0.016867132918116035,0.6354338462279012
2.2830668182124847,-0.005808829395605564,0.6515104675711327
2.420679949008662,0.010653201448863836,0.6008531499301804
2.7773087509960246,0.003583995263393591,0.6179134450229321
2.385719261014982,-0.011794482481876312,0.6284467534287872
2.8291980966575223,0.0037657905080394904,0.5824603113899477
2.4508433662618376,-0.013739668079642886,0.6310315188830629
2.4305360400856326,0.00714461734762506,0.630048331715643
2.291967529067687,0.004719278035248742,0.6469867064658228
2.7695832952098938,0.0012241042827880744,0.6030139765505836
2.3056066281084933,0.005908931495699266,0.6471355872860135
2.4301605881196826,-0.005589240504846327,0.6394209908286125
2.446735069153799,-0.0010814315856448875,0.6590896050638586
2.710687864703102,0.0007681276718818353,0.608801649767502
2.483483917930477,-0.002243260486232579,0.6052994068530735
2.500681987047451,-0.008055290668472326,0.6438701370429207
2.376244158115034,-0.0037262799170014738,0.6139327836883895
2.564583498078526,0.017197644803879752,0.624082332000003
2.584701733474019,0.008973862900799823,0.6192195194262133
2.5386393879646207,0.006521874913229642,0.6030556875424383
2.491702044903586,-0.013618622165425087,0.6248685178460952
2.593177410622908,0.01925884806022471,0.6239037330989239
2.577399869573676,0.008651426447971344,0.629753026549159
2.6549358399107432,0.009582543063654914,0.6140217330012332
2.369825882911326,-0.022047594598815223,0.6133856124979724
2.3921211156157534,0.0075326694610109435,0.63311168919822
2.414988166067198,0.006921220787089011,0.6177040244011027
2.390331737598567,0.006771400087334012,0.6286502524736772
2.485398198072426,-0.011562885498700659,0.629820257551509
2.396193026808809,0.005258467412664558,0.6379661127246191
2.39124735110155,-0.001121632571637221,0.6393279437499978
2.4343848004801076,0.0011035727688486485,0.6313654588109129
2.4183728752852085,-0.00061038799647406,0.6282133139762162
2.3358603327979504,0.004114912631338896,0.6495376748631099
2.6736587860597,0.00013070129417180887,0.620088969069094
2.5236751205446155,-0.004228545492126257,0.6275593529206409
2.5142226344897525,0.0013963744490075314,0.6170494205999895
2.40632103755077,-0.01207666954294706,0.6365087632696886
2.3998093567087926,-0.010017716202265659,0.6260333385026836
2.3549158088250004,-0.026327960321189448,0.636281667606727
2.5381022695550266,-0.00686717077262422,0.6290672912890558
2.4038554117561386,0.008889975728742616,0.6368755009696893
2.3705590278453474,-0.0024375555953004557,0.6524059102367558
2.397267491027793,-0.02438087288725166,0.6296531226723825
2.199009695115558,-0.011872481577739569,0.6550882533801929
2.340737606709478,0.001390263939873737,0.6246243161111612
2.3901594120158,-0.006939156472409058,0.6312385683206523
2.3382119422672605,-0.021436354350024223,0.6376649227799014
2.3766071542138945,0.014741290534355578,0.6538109410167022
2.4668603646893166,0.005675131279622381,0.6324607096969174
2.469228733281715,0.0015046750092093664,0.619391710474489
2.5221078862639894,-0.0024480157337150033,0.6201486751317999
2.3024727793418216,0.010071458488881468,0.6450659198818948
2.5687709583986846,0.0024681950087448445,0.619865301099093
2.496933597856162,0.005764330407840079,0.6396059570545394
2.6616585931364893,-0.00041006285822020594,0.6072553109043365
2.5357948731779527,-0.004444939962203742,0.6124186982146018
2.3914448316707673,0.0004159235529030969,0.6404397414296676
2.433433257726569,0.0008813811230852231,0.6404112086766927
2.480919997834637,0.0015839646443209787,0.6025896016099561
2.657043126444076,-0.007842653374161346,0.6288265894521416
2.401267434385731,0.003785370957856804,0.633980780046987
2.309799408621941,-0.007272007094635491,0.6541899835730508
2.6084219935028856,0.007392550468879211,0.6386315726127872
2.5904060834600866,-0.005288732462845891,0.593328704670873
2.39596564343165,0.013748875173376973,0.6327007330119673
2.3694115943175196,0.0050687552602644015,0.6343066739646108
2.2585194947578042,0.00874167400803727,0.6294807997943181
2.4828480835100564,-0.0024184503085304954,0.6142825203402655
2.4911184441591923,0.010725048664696368,0.6305842919610429
2.5877305582797305,-0.0038175421424897493,0.6111686592634987
2.386225270486791,0.014939611696869637,0.6389448641439976
2.462647420691804,-0.009838481780806374,0.640267668137551
2.3622059464489964,-0.014312470345998474,0.6464292798556416
2.2945544079995237,0.00417129649571879,0.6393265219354701
2.4059470195919497,0.004041284544446189,0.6518740303341383
2.6097448475727,0.005781923517032883,0.6072884484278295
2.392935966215415,-0.011255368639224717,0.6399777956802672
2.2071674281811386,-0.006335771598867446,0.6518859937572115
2.4524349844448863,-0.02180064688537109,0.6183170353395716
2.3559815496283267,-0.0024800979610621887,0.6295215161472212
2.3813633644501544,-0.007354145256101896,0.6479937261057896
2.8567039736285422,0.010239527750213862,0.5848447276034635
2.4765531650761354,0.020995131477504314,0.6421686932631934
2.4271140491089898,-0.008151621970239331,0.6345728939542311
2.4421992043492704,-0.01038998287326609,0.6310048097031885
2.7530348490937957,0.013725425706067496,0.5855914389719193
2.3613486531401384,0.016518918761245782,0.6280377386225228
2.476295999775834,-0.01437154518259387,0.6287766747073815
2.283718180604807,-0.00189763064881876,0.6507318229441593
2.393868923997981,-0.012609848483299047,0.6250599014138427
2.5150540018669005,0.021709177847044847,0.6284528275496017
2.4835958566726526,0.010017472476847145,0.6265514081488612
2.5164233922300694,-0.002301358862907721,0.6326696570443471
2.503544029100661,-0.011641592996169292,0.6330900339947951
2.5336002793041894,0.021205953738718586,0.6215871091463214
2.3462172306865017,0.008222861294402417,0.6448052449013049
2.482062492991316,0.010089196891408303,0.62848984215345
2.4505807811027447,-0.014308051578031389,0.6228214796715696
2.874929778834372,0.0012718536864659846,0.5951105519481537
2.3891436548941214,-0.0032601200314912315,0.6295174825291145
2.4797439452773333,-0.00259313776440373,0.632775092434274
2.5441295979254885,-0.008724468168137545,0.6411808154016083
2.7638367462402695,-0.0035008803425471413,0.5792518807222765
2.6184976237789295,0.006871626627740879,0.6233308603583575
2.3576543303536175,-0.008260705830141601,0.6421874914247676
2.320631532489662,-0.00127826903207362,0.6275628650662588
2.308636536237824,0.0031314153795507504,0.6629167435421399
2.618547331341614,0.007114498835975924,0.602629359493845
2.352759647235306,-0.00892731037572414,0.6338732058719785
2.4685528518891435,-0.00545815641860492,0.6205821103687043
2.3390800896483057,-0.017448105962506455,0.630694084998634
2.6526125250843573,0.003999094089943256,0.6143371840147699
2.354484226797558,-0.01712426892464669,0.6227385931137016
2.3962073229146146,-0.0012341958431476563,0.6236667475603821
2.4236099519066574,-0.008188963933467353,0.62241030190825
2.467355539105833,0.0044127990312603504,0.6413024884015284
2.361814451863396,-0.02123730567878912,0.6600050964244074
2.4395184719036833,-0.00482169934603105,0.637213466645966
2.590188981441705,-0.008656346896717126,0.6280180016767677
2.6432110459349785,0.0013262540201925965,0.6130555904810436
2.3031003613889136,-0.021620515353068193,0.6572993276155435
2.223683129500232,-0.0017522882577398757,0.6514812503713198
2.319170197767143,0.012833363747321469,0.6549698085176194
2.410160485247815,0.0016849191070733571,0.6384463897257524
2.273010228261891,-0.027329042421952998,0.6379934048642064
2.643585463815584,-0.006013666024465625,0.6077720637242483
2.2920085661573504,0.013534403561890285,0.6433319483528794
2.570074491060578,0.002140956386052384,0.6331521438192557
2.3496251565072104,0.01199053330640698,0.6589926352151434
2.2970650522052405,-0.008753231774214942,0.6522093145826633
2.3598431907328457,-0.01907355000396449,0.6435746867469105
2.510280371648032,0.008919412985699093,0.6411047920481516
2.463090641572815,0.004580713316693519,0.6492836058271345
2.344146819468085,0.012658865644952888,0.6495266579259609
2.490763538015062,0.011422973064803665,0.626886637858613
2.5134996752158565,-0.01427043222277069,0.6440497011603692
2.3344088486166745,0.013264181899459215,0.6274649996740215
2.4290375507554893,0.009812128095644912,0.6455562117783532
2.5119495328970163,-0.002375978714811433,0.6074430664191923
2.454318266062656,0.006112681599678593,0.642883273334768
2.40079565071635,0.02784153131508793,0.655397500194313
2.5021402293667347,0.0018445268516324997,0.6136759877917426
2.454349883665255,0.011625266223321606,0.6372308379891881
2.451757887028967,0.013371436956318927,0.6450002784812842
2.419305322224678,0.012752694130347297,0.622088124849919
2.5501051886241735,0.000979811744832082,0.6358581672305215
2.520838066652118,0.0027455445019506364,0.6302856978160523
2.631037038490536,-0.0008455756119583047,0.6212144048731298
2.28923532776993,-0.011988640634452041,0.6609416960497323
2.347927268348698,-0.0007150084038740623,0.6370380362785392
2.377998114107166,-9.141841594151323e-05,0.6275397404986586
2.5902961973258085,-0.010810141470101176,0.6225390572518427
2.2249440720490457,-0.004632913083098655,0.6673766184113756
2.1833947086758645,-0.013900146896126175,0.6759707686292266
2.4174079886125854,-0.009042639309474465,0.6227290593460869
2.501594940565823,-0.012563486699286752,0.618496658427307
2.8798888656770503,0.004222307395210789,0.5966769177726677
2.2718852111878958,-0.012528845903909014,0.6561767764554209
2.4000253834313234,-0.015082740880686396,0.6366829735667047
2.5866747862744397,-0.0003052782919592545,0.6233256106410839
2.772378810647211,0.005158439459544306,0.5963425109193781
2.477726880216859,-0.0060942187384600555,0.6373318070877684
2.247813713744996,-0.0283904681396292,0.6544491759190151
2.443396223854919,-0.007658353171642096,0.6365727385382408
2.8258267555805063,0.008724288703345406,0.5998197935829439
2.4552506719994183,0.005722766996076212,0.6239320633521845
2.3134899400939455,0.02256633798970209,0.652893511102108
2.5208575811820144,0.007776826831585648,0.6278554668670954
2.589577834090552,0.0033111762812552126,0.5977504274096321
2.447748145241334,0.011041492072792813,0.627854740174736
2.346653585160726,0.006863472226291689,0.645039328488426
2.3485525779855347,0.005636267522567628,0.622495922379847
2.576635793490283,-0.002510356528648172,0.6291172243915649
2.341010430257446,-0.0033173416177547654,0.6440866700340567
2.59519798086615,-0.009875804171106006,0.6358559267332093
2.570472215260938,0.0002557910706730837,0.6374550447804731
2.579715778320416,-0.0017840119486567385,0.6300041104221499
2.4191456115607957,-0.007833996593142212,0.6238482542899594
2.314794679453942,-0.01090918092828086,0.6376576980093979
2.5536333575365378,-0.019998960645521313,0.631482439982496
2.2066360260768967,-0.005769191229664461,0.6617959126179083
2.3509718560157533,-0.010679306449516535,0.6567379181093971
2.7074226119243603,0.0020477678039585445,0.618114065443678
2.339708921971271,0.012903709670604169,0.6340553151044123
2.8612677275271965,0.007355764101722118,0.5971958672719381
2.3759227556811693,0.005240125426791531,0.6356178159985045
2.461427613277569,0.00734879936275501,0.6298276833667704
2.6216509712718072,-0.0014779977311747405,0.62685020926392
2.4146860412360174,-0.006449388408438006,0.6483083813945905
2.463402532070678,-0.007266272383525729,0.6206709103002562
2.5889393365446196,-0.00420104262199672,0.6183371609371016
2.5445369621813327,-0.0007718182346627689,0.6355400922023927
2.4546782919198,0.0011090181663755416,0.6414567835966346
2.4330807768824805,0.008724277958900517,0.6484148274897422
2.298687775806108,-0.0044373879596852905,0.6417845813790322
2.185531978764969,-0.002019216422204817,0.6650888025663722
2.333966480089577,-0.01940793374248928,0.641689114656683
2.4478272424793897,0.00794544688873966,0.6346181027753718
2.6751100130599053,0.008664310888935933,0.6125344344948415
2.4490321447562184,0.0052069089043906835,0.6335469463878954
2.480523512376609,0.022505641440737856,0.6353576597747694
2.356034530504569,0.010892177821025362,0.6455232134415092
2.476198279550612,0.004665055620149294,0.6140102605295646
2.3611799273009715,0.0037389189482639473,0.6230884674792064
2.541094720452025,0.00785920384344374,0.6373321453204666
2.4344249627114216,-0.005663940882882912,0.6374057042092363
2.4983139291613536,-0.0071480351852071244,0.6287930688374568
2.235928199323985,-0.0170863887558923,0.6449815126108254
2.481720198965137,0.0017309733689925277,0.6224063399802635
2.4124880280506114,-0.006409414228143451,0.6471481976475864
2.4062665114777957,-0.0007344645422864282,0.6291617373678349
2.6007019153350326,0.012940213206878104,0.6303033953775443
2.7014379004430222,0.009217904924389675,0.6135948412160114
2.613175768607512,0.006568476720126171,0.6250505270951517
2.4782593146856273,-0.0029693914043105174,0.6317754980226539
2.650342825625756,-0.0012819919786242195,0.5997482235830199
2.60917640176415,0.0032206913573074036,0.5973867143657173
2.442294559673379,-0.0009432645737434964,0.6297656403624278
2.4511421606027626,-0.000254155676958856,0.6282647928225715
2.2643980539242405,0.0017378254179045705,0.6622556217455765
2.2201348134935768,0.004960524795046384,0.6559857459227983
2.468088482717251,-0.0005543217171337655,0.6260289496690405
2.3879146761689096,0.010554401438826133,0.643774503695191
2.323486048942347,0.0017337129602688073,0.6875827379628014
2.2264671293734026,-0.0007574282006104216,0.6362633846081401
2.4139067719454155,0.003930825540024774,0.6433004248029425
2.356920030754205,0.009233492561964152,0.6406754793052389
2.203320054960998,0.003962185861793088,0.6742578295106317
2.345959413931386,-0.00565992300115048,0.6488516190645298
2.3840885740820337,-0.0027968438336498647,0.6325182841789074
2.369812400554766,0.01401337914270151,0.6378371396336686
2.2541257580115794,-0.011293557178534641,0.6482922374032927
2.469410349600866,-0.021534265554110865,0.6137538509718811
2.397000607045046,-0.011240775485048093,0.6429654692391376
2.4149654715912336,-0.008291110235458365,0.6355086581045465
2.4164891415898486,0.008240129145967057,0.6313519663218444
2.481864787646081,-0.01617458579435138,0.6053714103364078
2.4677945856084653,-0.00038341132772101716,0.647730654364661
2.420573190964444,-0.006536945957971607,0.654045303309495
2.4046848895113717,-0.01288943451267932,0.6314997331167096
2.2586562582886516,-0.005290171565944801,0.6623860686304294
2.3129840704161264,0.007883458264752896,0.6544499328623883
2.2429222792783357,-0.02026321061461922,0.669014550859481
2.50874437431731,0.007302617905312836,0.6285664045773404
2.359305804620169,-0.002504049078432713,0.6724083363608242
2.6957335771102926,0.01108159418456589,0.6014985629498897
2.21344265066348,0.02332633757923208,0.6548053164379641
2.2019428900611504,0.016505785703868625,0.6500907050529385
2.3945384640877854,0.00026638406595580477,0.6650802911093813
2.692200931362589,0.010530663732323697,0.6021536454031428
2.4673138953208054,0.014319406783230182,0.6604597680503326
2.2340204863975854,0.015571601883823005,0.652362329709648
2.3678588636904103,0.0028649071894115696,0.6257815042441687
2.8009740195591015,0.009076861034715167,0.5975987199750968
2.514763089919378,0.01610849934255376,0.6696244704217247
2.3706780786456947,0.0009942333152899163,0.6477479050089109
2.3560878214789476,-0.00013771055890487993,0.6267476017583323
2.7787917313475528,0.01947060858771854,0.587378527041041
2.380996710692829,0.02063529226967087,0.6617916140256703
2.3818788737088816,0.002482998033863426,0.6429289818381381
2.3376420976996872,-0.0017521712374424236,0.6388538832844313
2.7092970873813718,0.02385513101941905,0.6038038119410054
2.1840564607000768,-0.008341553081692377,0.660474767332227
2.3576319070006075,0.0013445954233211044,0.652720232607252
2.6761609289928194,0.005477053236345064,0.6160406346151094
2.6160616887989137,0.008907485443596652,0.6156181069458934
2.356749837829619,-0.004266982453064561,0.6394860336353688
2.5767486000613693,-0.0026387103337892626,0.6186385941512172
2.0878296305215676,-0.02010937463847262,0.6717825151782558
2.4244866988199774,0.008321310516073543,0.6359872178067096
2.2531476557882204,-0.00888369721592075,0.6492815805447634
2.3324256421007608,0.011751844994497773,0.6606297080758855
2.0771279766760573,-0.018232165045358073,0.6617062875618919
2.2877345306388475,0.0023352285841438114,0.6563094153774897
2.4365535679983155,-0.009612024704715783,0.639195095509274
2.3950897960350512,-0.005895942511565444,0.6239872089622811
2.2521141226935066,-0.011044137958203137,0.6380372413357346
2.4991701311356427,-0.012666498167100304,0.6419486465638887
2.530006809910123,-0.0048577582311981615,0.6313517910988409
2.7508653176895534,-0.009266295826450666,0.6114774331188035
2.4031004496371664,-0.010119180564723829,0.6376425452675484
2.4676964465808937,-0.005096015924038522,0.6233406743221138
2.471090478052061,-0.0018316306849524011,0.6330417920601789
2.454692612300739,0.017682670800436506,0.6222031526005234
2.7879480471619935,0.011249240131715244,0.5996669584562081
2.4483187378474343,-0.008588353942934557,0.6258713478084058
2.4205165652821146,0.0012007549882264712,0.632641170960404
2.4217389429495713,0.008300809539375509,0.6205549698124939
2.1098516649208277,-0.014174649034504938,0.6681249926061266
2.518099366043174,-0.0026492686638959206,0.6305788602759599
2.2577398436150937,-0.007268928654618145,0.6365356132640552
2.4399076078001185,0.0012956857973338565,0.63728247962295
2.378526371222509,-0.006284846683166867,0.6397191538341264
2.400280511280451,0.005060712880370799,0.6518811447120914
2.3826119990173265,-0.020172931247149917,0.6275616568381354
2.626420350848176,0.018928510751741845,0.6284816774449842
2.471421364095702,0.007722545179869256,0.6424663309090382
2.408616933032895,-0.0013952584309353533,0.6391974741963171
2.4669018136518805,-0.0076131678461695,0.649681545661514
2.464289356998643,0.01923755531826865,0.6238440176657567
2.393065278995414,0.01077492036319816,0.6434129426166961
2.6462813225717134,0.01699946421370413,0.6214722621139237
2.4124641896711307,-0.01028089691800993,0.6147883812095082
2.4858107692551976,0.020904847473756982,0.6213245313711684
2.589642873316605,-0.012267113667597807,0.6223324306053754
2.627576395747933,0.01355599117446804,0.6236023729566464
2.463761172534518,4.145689881340786e-05,0.6331134206590511
2.538476526625505,0.011201226969828948,0.6357441555737879
2.4072113774042783,0.014183724009940502,0.6277712162486669
2.45746235442426,-0.012920113753322582,0.6295994810609646
2.5224705016037596,-0.0032798463666745548,0.6247368464527434
2.525580506360018,-0.006306784611111338,0.6164062115381627
2.5915910616525784,-0.0029657734371448807,0.6260151353949976
2.304904046141234,0.0021642626813187515,0.6469668267134809
2.498161938532756,0.004865569461002028,0.6328411844651718
2.644858765613324,-0.004568095280004458,0.6234985518328544
2.3450348295298404,-0.00721173470157721,0.6210813945330255
2.3317894151481107,-0.006880659618867302,0.6778221770758933
2.3231659161448057,-0.003687856981701154,0.6406533761514449
2.5712328913632367,-0.0015714752474471627,0.611618665882566
2.531535619875092,0.008465436129455384,0.6165434120114516
2.279569204633684,-0.002161152403143518,0.6662017722313366
2.6168082112901803,0.01126755887351627,0.6096685866027262
2.529946877518448,0.00863457355420616,0.6139420467844765
2.3559931528857474,0.009119439089033454,0.6415765224286591
2.679878271115781,0.000234590879724772,0.6076256285950213
2.5084650734836242,-0.015245945429373187,0.6147033840575753
2.4601608945852247,0.0028111351649562355,0.6401448624843687
2.365155245649516,0.0020288729379132064,0.6429141438198411
2.62153658925451,0.009085520247208878,0.6135556147357013
2.5696793725803286,0.0014680315734114657,0.6260890384202344
2.297084997035144,-0.012358306329366409,0.6740107047564639
2.6430631227231194,-0.005912481175891937,0.610161808451906
2.1724181243495324,0.0025630125544933158,0.6628237972889168
2.4295473415458493,0.004879314391527112,0.6318077267675171
2.1960695846989684,-0.008733181528028933,0.6716375178505835
2.363405552750293,0.004346915021203879,0.6441283080035745
2.1704501903374265,-0.001306497432869369,0.6531288517025651
2.3233405253855515,-0.00897720868059837,0.6407048081949934
2.5952141095591603,-0.0033379632436205675,0.6325383825758176
2.3019382938710065,0.003319921429118633,0.651228692215353
2.2418043291340886,-0.006522661880379088,0.6743900076246464
2.4581118613446,0.00021002899193400815,0.631401829042591
2.6058520953140984,-0.0029034102514347016,0.6230736428008808
2.227201701959657,0.008016500427564077,0.6537159319547224
2.211427014711636,-0.018532234272085057,0.6566529117922678
2.3817453699747357,0.004345790634994184,0.630073947985376
2.4971680436009924,0.0027959653139109086,0.6262398535398026
2.3866974887815697,-0.01930727739935545,0.6431590346822396
2.2002129674943633,-0.013347380571661294,0.6572636874220883
2.455749334739608,-0.0009685572618549632,0.6425488951765749
2.4281556338655568,0.003179925924283733,0.623021603937954
2.44310664910002,0.01360228579233369,0.6403276975097616
2.448364769983481,-0.008671412999635919,0.6389564552374505
2.3672330078992205,-0.0008317326493982868,0.6312461418399133
2.5795734725512274,-0.008120092314005456,0.6124879113048949
2.440173160985027,0.013854280115626727,0.6195178058794908
2.2892753681673996,-0.014473366494887063,0.6482609213559459
2.5837935686985563,-0.0020037378094126534,0.6208627284794453
2.5795734725512274,-0.008120092314005456,0.6124879113048949
2.562348889929599,0.008870842198290596,0.6264572258889549
2.3931451427459534,-0.0020792244137899374,0.6395713587597391
2.5785019700395955,0.00417863561607823,0.6121888881477072
2.5087375914750014,0.01014579636948798,0.6171676343244165
2.5032884506282493,-0.024872655766432272,0.6334790710307754
2.36278905517048,-0.0043346004080950795,0.6440232262355331
2.6571482569137026,0.019201842798946878,0.6076335291500616
2.395418188666239,-0.009533827142927276,0.634258733025785
2.463709841777032,-0.012444532146412612,0.6122068843643567
2.5266837655110117,-0.0013983627895328699,0.6218031652019612
2.4261044404701466,-0.015119888722116004,0.6313019307759004
2.3472414550361758,-0.011984105645980181,0.640508851576892
2.6396658752689,-0.008469280815504021,0.6123920047139808
2.4069780162854935,0.005324002225003177,0.6472763362572856
2.339728625622115,-0.016375047680321275,0.6302552313789865
2.40949971705294,-0.008885552786575435,0.6431066131795918
2.4625971199172514,0.0023129932763892302,0.6197224413557268
2.404683181472485,0.02547519658588393,0.6320324010536349
2.821949524824939,-0.025066391207028138,0.6225202617456032
2.3160304747080893,-0.00610835997514525,0.6418502121445981
2.6293672278239684,-0.012453170207136877,0.6178007029476232
2.430384741464159,-0.014506232671178676,0.6288437413190232
2.6447899149305476,-0.024788145449619048,0.612613536688045
2.52384319391816,-0.003899861340826982,0.6170917594361702
2.5991900958489405,0.015919746856141836,0.6199436323700261
2.488216867348008,-0.0068988064454809095,0.626714663078856
2.385751662416768,-0.026715727542093504,0.6127365663178312
2.3282874577551014,0.0028300394010591923,0.6396670667937471
2.4249471648297165,-0.0008162815587726691,0.6303726351459292
2.405776017460002,-0.0041905451788062376,0.6597568266235263
2.389342330178651,-0.022558190087579977,0.6284436045040098
2.5576643720577317,0.009888871444979852,0.6264624959671984
2.638642832190132,-0.0036362787650265904,0.5863286525351407
2.4038678600861423,-0.0017339945224037479,0.6114867179951403
2.530049665367652,-0.011631895136449799,0.6338271432011822
2.3751764212520508,-0.0072737556748767584,0.6351975613664624
2.7151746925315634,-0.011657047698669931,0.6310183914407632
2.4132803431614627,0.00166574272989517,0.6173530241246684
2.3225293676534347,0.0008840394300717591,0.6477998036282502
2.5237888762156966,0.0010031812634969661,0.6428245124527816
2.6634748082760606,-0.012592753634401044,0.6277311082469207
2.4761237345257054,-0.00424335730954839,0.6290795315616455
2.2812079204150946,-0.0064772900119600685,0.645027124808334
2.393362649561765,-0.0013883864442798544,0.6340707697120959
2.409668669824966,-0.009202978413760166,0.6178910091318766
2.5198002698930457,-0.0023519211620790514,0.6246955301962699
2.2567925903752126,-0.00013044042567122993,0.6520666856775201
2.3981495206793397,-0.0017375948517950324,0.6326191961164218
2.4864890423238593,-0.004625686460002054,0.6240918143613828
2.4674373573888952,0.002853497600532995,0.6033455865787758
2.625143842253233,0.005619164783128072,0.6164372131682082
2.475978721461454,0.002409692609643077,0.6220444165186688
2.281784223177745,0.009746852703375275,0.6432462364856417
2.229782814844866,0.002985374348412062,0.6370811086240755
2.3985920311774755,0.0015384633328916486,0.630547739033117
2.6011352090281563,0.020610625941258398,0.6221726615800649
2.3970246657815353,-0.007270291520720784,0.6547025976369191
2.407867225550204,0.0006230670224851576,0.653096824914202
2.457973787441742,0.004187430311599627,0.6300895241958814
2.5873837104674764,-0.01250036282519651,0.6064264407778719
2.289142353655144,0.004324120146428134,0.6305154399427079
2.253780410293466,-0.018951547190025675,0.641575496198198
2.6423364801907328,0.0034222236491903146,0.6089535154930787
2.543037047344042,-0.012183421470303823,0.6083859230203743
2.644432352189403,0.009287633125101058,0.6315024997892518
2.366625780437899,-0.025185212180526717,0.6640831963769497
2.3069538830815755,0.0021855581140370894,0.6574111065083513
2.561419049567431,0.022166552448736443,0.6161274261031559
2.6704682000993816,0.0069633973311118424,0.6301631453368721
2.351935700777107,-0.022001078530087703,0.6557650700762134
2.1758412849523343,-0.014445320777299875,0.6628556791576872
2.2784769945944237,-0.01995525178679536,0.642808043917329
2.603059257344455,0.0007065149761118494,0.6261058518245783
2.654632885385105,0.0070934425767972265,0.6129860413141792
2.5707208815343434,-0.0071631212484406515,0.6217614589228325
2.275409675042964,-0.014529584151186992,0.6481601398669041
2.453842846318885,0.004155081219082701,0.6384709677284529
2.59814377885306,0.014115249522916429,0.6182907355419891
2.516597199721239,0.00893468504624706,0.6294729489115503
2.507933148738203,0.01087709336299314,0.6364929899760111
2.4802484591780156,-0.0036807835651915255,0.6322507643431452
2.6627018738692274,0.01917533829535878,0.6054787707261918
2.460708736404757,-0.011083580842151886,0.6293300097608278
2.3876038978805205,-0.011185632709608928,0.6291420839007535
2.586667074776872,0.007410930381729575,0.6060311778424471
2.536783254549659,0.0021075628477231767,0.6171212071086433
2.5539933772286756,0.005212120577372525,0.6213796620301923
2.2618896998144944,0.007440311201252214,0.6487080526980185
2.282694404289779,0.0003758619854195011,0.6423967036079669
2.833241153197975,0.007672276464605332,0.6028094791866131
2.478205353403292,0.00123635075763473,0.6262077255442725
2.370085514436953,-0.0023949493269650457,0.6493565216771006
2.3021779084865193,0.0016211532909580217,0.6635440897444824
2.2784560674412613,-0.009232082564513355,0.66692202124077
2.4130251462464063,-0.002175325348893642,0.6310494115439248
2.3299571401186125,0.011687915353051581,0.6394724590782391
2.5386155773329837,-0.007014328731773212,0.6214743429180393
2.366544581137261,-0.004069649634480532,0.6373342343572469
2.603220973690228,0.006305400986198473,0.6243587652138672
2.3001471218955993,0.00544414431937712,0.6548467588871051
2.3945018403409017,-0.0013039022963616809,0.6361144780216308
2.528064796629455,-0.002293001755688806,0.5901457622405752
2.384080330961963,0.0015504200464473428,0.6360389437414857
2.5300839626722147,0.005781007676608052,0.6208817507457983
2.502828042074364,-0.013698146830668723,0.6355174400078711
2.440796771854907,-0.006586561570137928,0.6417379837591295
2.329876758474167,-0.00582116605811267,0.629976205457491
2.427016843344775,-0.020775207114305028,0.6365205512403769
2.3691051507733056,-0.007680961765688998,0.6427083791604479
2.3879199916565237,-0.013371864174994252,0.6306575572757098
2.28312685962888,-0.0021584938377747775,0.6520920357288545
2.4829136751852428,-0.010942671092722511,0.6174282385434541
2.44349419465016,-0.01733810603344277,0.6378805939666359
2.4364167491909994,-0.02835360466476078,0.6422983316665722
2.2441256060746313,-0.0022024563589020385,0.6453276226424649
2.584158923665131,0.011383335920129412,0.640097394328554
2.289349779377059,-0.004631523619589739,0.6517174836574173
2.2552385602483005,0.02133518622552044,0.6545678230733889
2.6019101147008574,0.0002880552750490484,0.6115892769821293
2.2443465615977507,0.008326846646743213,0.6447428784598904
2.530130497709545,0.00904516162839597,0.6273496177002633
2.131453094741188,0.012077996450201134,0.6591818368022195
2.2436940527260614,-0.005933678123053898,0.6582660535892518
2.627724345716064,0.0004437033984792116,0.6354424808476066
2.3278432696650726,-0.009706056306684196,0.6443562228354796
2.465600925184193,-0.004806866562488521,0.6050965735518834
2.3938474615721343,-0.012085415603229732,0.6386532031457356
2.448211478095905,0.006948113346967322,0.6209283517952499
2.2775104254581,-0.016654378528862646,0.6543329255045613
2.590902517529448,-0.012169221245010409,0.6379928528174291
2.4797740802965644,-0.004383247595014073,0.6277739414922091
2.564354958859795,-0.010898051976086398,0.6310916102963251
2.418703380044779,0.012779218857033703,0.6443728414944989
2.5257462434583906,-0.01100219818009851,0.595209880299691
2.5144168947880425,0.003297059072977726,0.6321105229165028
2.4004258972423442,-0.002400869702138486,0.6220344103907319
2.2454607363946795,-0.006861353809165749,0.6574131668434542
2.6736708843863926,-0.020607620575271213,0.6025647171713447
2.3689515673391104,-0.002286689756343163,0.6338557860487457
2.3409598346374874,-0.004964947927727392,0.6327952609833659
2.26775582031277,-0.011402515335637409,0.6604693312361378
2.46080171422139,-0.01794454133364276,0.6239121075812217
2.5118063056235473,-0.0023382158779121642,0.6274817646017382
2.1471065115188614,0.002631301008995557,0.6706783649213504
2.287281953236947,-0.014484972104542804,0.6551346300599212
2.4852004340939917,-0.0037829199642498423,0.6357396368294604
2.488120877988087,0.0032971720624570544,0.6327624010107679
2.830344939731828,-0.015120327186547655,0.5828530216348943
2.3144588205835,-0.002378544983652864,0.6492859442003078
2.3138682179285337,-0.013985277149478614,0.6332157703889228
2.456455468737114,-0.013000902904307887,0.6331773806778644
2.807900317868319,-0.00285849743655886,0.5748595321575459
2.3003482426451765,-0.0004804398800271059,0.657741958236419
2.4630617082615354,-0.014794500958344337,0.6492554264596204
2.448328312052274,-0.02319873997606714,0.6358380584612889
2.90327828099446,-0.00850950511350268,0.5957192492791556
2.2763769489798626,0.006374768747384962,0.6440353961791335
2.417154793916334,0.0036957194060107668,0.6127984705342411
2.46922643341611,0.0003042267993627057,0.6242789727818764
2.5085497711705567,-0.016180587637051547,0.609899819151999
2.570623144537239,0.010842476352565189,0.633006718800635
2.6486023866797916,0.003045555643349962,0.6466788172082166
2.4249836994590757,0.0008511824045878136,0.6347458106399989
2.3242841019802554,0.011674428501714296,0.6253465834883236
2.4928997821239394,0.0039632313776307715,0.6294603744133402
2.472889045872271,-0.0032578034589652027,0.6343050486282812
2.540859198482045,0.003908661030523453,0.657604703670359
2.607622129769839,0.010155399793767339,0.6375125355217807
2.528029646509385,0.007953090997177448,0.6358647853363437
2.582298893874008,-0.00969244841327388,0.6125629818530623
2.3686169998397304,0.003290534897086861,0.6275137281483099
2.20163290987966,0.01207689346051688,0.6390939108232305
2.3582302049647215,0.009389996139365087,0.6397082177849885
2.3666829423710456,0.004377647509286486,0.6385952905937291
2.5358265952712973,0.0022571060130485154,0.6392294293664628
2.287172187476479,0.010274763571412882,0.6554732699354184
2.4116417789022147,0.005804435678612663,0.6410945758791692
2.584349175693658,0.005402025931787957,0.6160188844644602
2.5238197808693514,0.0023122110159012887,0.6382847939980738
2.2882770061114495,0.012730650557854162,0.6411636355888718
2.2334863315510827,-0.003358268106485207,0.6484392535758061
2.3591785575889572,-0.005006807030107252,0.6435865186374172
2.5175756730835515,0.002636048891083931,0.6359518522187173
2.278394866037786,0.0033029846567027565,0.6367918098609893
2.1469120975463634,0.0020950926301230854,0.6502848107018606
2.5790980225439424,0.004668065030767332,0.6182160939583445
2.5175756730835515,0.002636048891083931,0.6359518522187173
2.741934848931404,-0.007760567440344923,0.5971591686524024
2.253003763156487,-0.0024799576056222516,0.6499303164028013
2.5259161136861903,0.010198647201255628,0.6203643547259213
2.3763936876919245,0.03314799523270873,0.6274223541431369
2.48680432557288,-0.006776136738202432,0.627706172424646
2.3742068237570835,-0.009070668129246284,0.6499950772833906
2.407885779323666,0.00868880426238361,0.6124535635536748
2.2796609596870288,-0.026875063601171645,0.6591255737925047
2.4066771668485347,-0.016042660998856872,0.626874259865696
2.4430237799194083,0.003301946638990083,0.6426383634392868
2.42462639312283,-0.0007242692678159912,0.6352507425137813
2.2915117654462773,-0.007480526147120248,0.6724429097900979
2.6169303967294293,0.0013949151893186684,0.618682802763292
2.362619099320987,0.006353591741212972,0.641158091640975
2.4872898306834137,0.0018663567801602277,0.6490477415540279
2.685478723622738,0.006746439446929431,0.617403516373667
2.3044211795649043,-0.01003106229434847,0.6497661792565317
2.541557761978327,-0.0008134764036582531,0.6249674567350774
2.3980164345407458,-0.004860434658115365,0.6261617663133782
2.5851582766093837,0.002694839623078371,0.6036049450463519
2.5299825010981243,0.004990217272200503,0.624420798051674
2.2815023122128726,-0.006473337105390886,0.6457570919973197
2.540363268905819,0.0016324892876402597,0.6219595639686653
2.749481010203968,0.003323623692703892,0.6163451803720222
2.5364613345340543,0.0075901988859923275,0.6329509066422482
2.3767755389012537,-0.0037422006814464837,0.6493159364842986
2.4301476873857406,-0.007915208343094005,0.6285509361574736
2.494805252760894,-0.004973761914281116,0.6545195446243629
2.570962789941697,0.011368811102526077,0.6194508803547432
2.6619685312343395,0.0026147415426438503,0.6259135649908649
2.5010256817017797,0.0032853617780612687,0.6225247971728519
2.275007670303366,-0.008771264960564684,0.6337143633255564
2.6056172808959803,0.011365275273364395,0.6099978533700139
2.618314590907534,0.011535449009846044,0.6200419376489521
2.375820915514894,0.008159144612044145,0.6490251012111566
2.419903963870283,0.00027865788987124773,0.6207589647616741
2.320422239381139,-0.011791877533765316,0.6397832328461013
2.562999571590952,0.013673402014219516,0.6088508389434112
2.2153155363427195,-0.009736691057385283,0.6584326692091516
2.5397361984515636,0.007856066630058,0.6171468597167158
2.3025769099923483,-0.01883764550121292,0.65574776555438
2.7138213484373432,0.02028421078399467,0.6074714453148644
2.4787263531441033,-0.012591260170857765,0.6233563084154413
2.3065601310831045,-0.00447159716686496,0.6460718822846977
2.465654885407514,-0.01105731052696557,0.6231538380293146
2.39826891236827,-0.003638778542913279,0.6323541183820148
2.665940009097433,-0.0013273047197066568,0.6120920209301316
2.553262150332534,0.004172422226887296,0.6164461797190577
2.5821356833638394,-0.010219725270062652,0.6226595684844636
2.470449871162612,0.0019457158181610534,0.6355405782098574
2.5268612346199033,-0.0005198408644564445,0.6007793093199884
2.731447803401421,0.00975264878109261,0.6129981499415678
2.430661648279765,0.0016643120969752623,0.6459427442955838
2.5648117633206042,-0.006092383249903355,0.6232685518348206
2.515679621942703,-0.0031297665292779886,0.6179455301178496
2.373197061432632,-0.007828991405129937,0.6228218668669279
2.4197683707048867,0.002038937361477977,0.6369127583413334
2.5762647776932415,-0.006527318484235822,0.6200952654391767
2.6512899396182705,-0.009423858871403956,0.6417082476923603
2.715862824857516,0.01090718664255963,0.6190312031661783
2.5090186652643074,0.011969540905935272,0.6131338838790599
2.581576206952917,-0.0025549630625940623,0.6325955712398729
2.334654671157684,0.003932810311106261,0.6225552725803121
2.518566581066616,-0.009321363649596348,0.6107641097439293
2.5429633006684216,0.019340473475604414,0.6007287410128319
2.3666325570345568,-0.00829395900652119,0.6264947797064219
2.3837485926161173,-0.006971951034627999,0.6354181110966137
2.814240956155457,-0.017245007993731187,0.60101252434533
2.563227394083714,0.011636246321471866,0.6259363717168491
2.536586955049352,-0.00119289541748957,0.635350033814738
2.437045792108495,-0.001063546702980922,0.6419338674163355
2.295337291008066,-0.007480075122456187,0.6716767265080671
2.5650934773900684,0.01090428962732748,0.6273881054164603
2.3230293164487095,-0.013316942539896015,0.6341087416832424
2.437567639419123,0.0029304389361048955,0.6245612774013751
2.5984679022293027,0.02070641878665036,0.5986586343107734
2.252037764981099,-0.007699726625526759,0.6500046412461743
2.2895506742924563,-0.014130140762728116,0.6485682857991262
2.572764839856699,-0.0076533658628736845,0.6173758884299125
2.7057887875258193,0.017014542698541968,0.608437491565582
2.296051755724056,-0.006804687033836521,0.666961440483433
2.290712391262227,-0.02354309516893216,0.6424327206473582
2.5059320879962126,-0.002613460464966799,0.6203193463007608
2.372349238541159,-0.014934537030015127,0.6404287168962388
2.1899483187262017,-0.0006688945872161955,0.652376134645754
2.3317420863376075,-0.012572792092255147,0.6472645613696404
2.5138526058445656,0.0030219904731036973,0.6258833925700384
2.428977544273919,0.011435301419587374,0.6336913299375578
2.367100998691106,0.00411721224446171,0.6464241166039799
2.57156220114519,0.0036252675487280506,0.6108186257701422
2.508359425647237,-0.000500039296848831,0.6484560439374604
2.5939908566070797,-0.003796143780494976,0.6162670806468558
2.3228102363473506,0.0016544937631222112,0.634709668111086
2.51534783851568,-0.001828137922294859,0.6119354954503009
2.267591669120453,0.007590425857578298,0.6280470670104786
2.614964669561009,0.0012738806964598393,0.6125291943800351
2.3550818258828516,0.005809606604146866,0.6346522834396537
2.527804111393698,0.0007786219403973504,0.6263235176292412
2.463711967195071,0.003988925982640001,0.6414442739417445
2.381047996883326,-0.004149976607969785,0.6475157566154436
2.3819996746542644,0.02561933951931783,0.64966728015894
2.3980786595770973,-0.009897536237902349,0.6258700606528396
2.381935766261763,-0.020834854923299506,0.6273094345176362
2.471632622541436,0.0014707027074714052,0.6364430904551329
2.2684795165057627,0.0018849443734658688,0.6452041495549643
2.4690059202831156,0.002136622461000881,0.6453090975156536
2.3854835116905435,0.010313941960927497,0.656070149157289
2.046283678658596,-0.0055718244151254925,0.6618104803635692
2.462611657459583,0.006602681486997497,0.6366006709684499
2.343969453171841,-0.008676341149995492,0.6261525128847298
2.313169050505172,-0.014623901273330242,0.6308173457066077
2.375588310856832,-0.0019137003269003028,0.6369468400167961
2.3045184058318795,-0.0020314026753327497,0.6446618003119897
2.4679492532207608,-0.00971048070479874,0.6208988686341862
2.4040903025681573,0.0027878413559148107,0.6237870806651427
2.5117170817923395,-0.00831767679715556,0.628908540417729
2.412621109368696,-0.0016181236231755936,0.6368898836703353
2.601067216154388,-0.004535150098689655,0.6195940697831647
2.2154469043933354,0.004300035962009341,0.6698375669432635
2.4777099351668705,-0.009532728976639149,0.6345259547991297
2.4811318965237215,-0.002917038123266602,0.6333464183928672
2.2847936913234586,0.003952407774335143,0.6607164729058483
2.3051005691600355,0.0010142672853543644,0.679670323974773
2.505123099498192,-0.023641939630903774,0.6133505815585851
2.4758710126672137,0.006836045789847756,0.6185027519429117
2.6218625188010063,-0.011960085737549253,0.5871661982942259
2.2884918641401235,0.0010381289772800617,0.67547959771262
2.4017519481708156,-0.004458574268713766,0.6163491389964155
2.46373801729191,-0.007496237954041973,0.6313106159831701
2.5213655430922626,-0.017606184600076347,0.6069799569120256
2.131054089434946,0.002260071505483907,0.6536756488240036
2.5226014155116174,0.010125277182523096,0.6439866207539874
2.60081014251628,-0.015962647005958397,0.6378114879557879
2.4094674397943403,-0.0003606185291289421,0.650750928114779
2.3889285590762404,0.00011828356927434669,0.6668549006973729
2.2657580089288687,-6.697199723770808e-05,0.6355142739878445
2.2562358762676893,-0.011841508089778241,0.6406273836278429
2.281000454544246,0.0006468731155373497,0.6539918703208998
2.243298957274313,-0.01123465902762355,0.6326938756892352
2.613212156488661,-0.002972134152881001,0.6322873211870627
2.20435600414559,-0.023585053517298116,0.6556556496051714
2.381323487176458,-0.01962402220904802,0.637039636291838
2.316399288694382,0.0044317817318075825,0.6515164735864294
2.398863927006822,0.022731779966381094,0.6170271947764199
2.3148820629742577,0.003703195884157573,0.6748118827194179
2.55050988497255,-0.02413992764926598,0.6122632676950678
2.3971236670101823,0.0020075815877167447,0.6358189010910891
2.4839552643801377,0.023736072491189253,0.6244176101775732
2.196885063973964,-0.007780712714652527,0.6424373749889561
2.5026807615208426,-0.0005261903189102135,0.6258281954378355
2.563751975285475,0.015404587072912701,0.619587586104182
2.554450878359355,-0.0005421914412635509,0.6219537539631786
2.334470539559905,0.0026688880213809885,0.637285839375436
2.611612477035787,-0.002440568558769174,0.6434494355931341
2.5977616248273403,-0.011473810176038324,0.615577874919377
2.4128573860807148,-0.00031084480117904434,0.6129571567926468
2.3761537730139035,-0.011576958167270224,0.6215666138128828
2.3232565973976813,0.0037205666212485333,0.6225949939378823
2.4402097020227314,0.00398155830450686,0.6360350514900286
2.5711287550187083,0.000979153612134409,0.6133469049928477
2.3605774311809604,-0.003492562713095504,0.6321588925204381
2.408800314056239,-0.013931541279142756,0.6228418851624714
2.347901047852619,-0.002160235035808089,0.6467460905313658
2.434658603364927,0.010204363169903585,0.6375642544721885
2.433445840044844,0.005384514369850768,0.6359296401676149
2.329367096216058,0.005071453498583178,0.6367829594038883
2.5867716144124278,-0.005847161173251347,0.6182193087269948
2.4592100116849624,-0.005309745045685821,0.6273759871908327
2.4666823706576118,0.00333031707939635,0.6233362479559116
2.4363974802981203,-0.00838848656710045,0.6220657673471824
2.5371726616651973,-0.0014381946852597416,0.6346366144168468
2.5579477407889364,-0.006844521218781763,0.6222400654932462
2.4139269893934534,0.008005698751066603,0.6411538398563568
2.298369236663487,-0.002830337567799379,0.6641313137594708
2.5449541214165725,-0.0017382863412791494,0.6392309182307355
2.5579477407889364,-0.006844521218781763,0.6222400654932462
2.3497731658553107,-0.0179614914283861,0.6370088044448006
2.267525637821469,0.006865871855633809,0.6425416588362485
2.4753805969174882,-0.002349304381213946,0.6232071178535108
2.6985531327333745,-0.015167558711038476,0.618272579025939
2.401018415966401,0.01551389211857579,0.6256472059970679
2.459535008275203,0.009900034604959362,0.6329866573450655
2.465682734485396,0.0031428012931646876,0.632861121384154
2.559867684576071,-0.0040633694778640095,0.6204160746105409
2.444012071935782,0.015552691832464216,0.6342291449248676
2.2981271073645844,0.010714578772685224,0.6444543231730836
2.540589816700209,0.010288418054871684,0.6208682953065123
2.399837454091432,0.018383506588025567,0.6367711243438807
2.3406940596485577,0.012004592750949783,0.646567198616858
2.1699253051533405,-0.026216826986016573,0.6785214750176068
2.556872948907411,0.00034835314865300226,0.6272946819756512
2.471195565558474,0.01922533574529095,0.6207162169975969
2.422651888545042,-0.01138759208688711,0.6464640094207037
2.286690508418609,0.0017576678700628179,0.6432446924246107
2.450988356598393,-0.0012766251421196806,0.631412932309804
2.3439064348007435,0.005683465050913883,0.6394471133453037
2.4680963885781915,0.0012264171197318152,0.6317932357011637
2.444953604569184,0.018086224077664692,0.646420356302707
2.3897006505768057,0.014207002180762096,0.6311230177277943
2.357410471547087,0.010748111506956093,0.6543463022277739
2.5635019759094493,0.015714010714267257,0.6315941504731254
2.3974237336231203,-0.002902273828151891,0.6312476594121204
2.5525988894815352,0.0018239251578300308,0.6293647939228115
2.4903585416374368,-0.017442250732213616,0.62287613205306
2.366446234455983,-0.009829025947026837,0.6314017040380026
2.498046848804285,-0.008015194634207967,0.6355935474475912
2.38890587645296,0.005396579411232727,0.6339993710087427
2.499985213376015,-0.01883519155272073,0.610673786156365
2.371082352049213,-0.012835158953071968,0.640850006333336
2.49458435361066,0.001321325370735149,0.6284617194515025
2.3277391564942835,-0.009297510456341085,0.6340079863292292
2.6334044445461804,0.015767565515893534,0.632339863805582
2.444254130882645,-0.016850324279890527,0.6443912995337078
2.527553412229446,0.015262339605408348,0.6182921931513466
2.306449892828693,-0.00030749813542985116,0.640955753849299
2.397356626280046,0.005494413517983299,0.6161104769510908
2.427443223987085,-0.007808091191657818,0.6317787966339936
2.4106028940682367,-0.009229387825883117,0.6395921271932746
2.356898412194297,-0.029177119684244968,0.6531296070375285
2.5810265872786995,0.004566317823422761,0.6443912798507713
2.4826250515930774,0.002863440581107879,0.6277480218481647
2.5178632127987117,-0.00038718576600382804,0.6246665256412686
2.317534001028231,0.023493287132582363,0.6490519252660583
2.589342960224546,-0.0033243038789323442,0.6188319690574724
2.3727400031365655,-0.0038265762910139056,0.6369448184008484
2.3223758559930734,-0.015300337766564143,0.637810907372269
2.3216664064004426,0.019330926474284027,0.6377600381546552
2.4235882476112476,0.0037362184670846066,0.6404817116930809
2.4345776983370904,-0.008451322459665844,0.6395487376572533
2.5768065068250965,0.02345259206373207,0.612435916790704
2.551085774086766,0.002133195660223741,0.6330326376018408
2.269215992557065,-0.002722354725411158,0.643619663293715
2.384603845716501,0.00033913202588431446,0.6365790397959722
2.5321546166875892,0.022200080401315603,0.6113628783883068
2.5142062095036564,0.003749038953477113,0.6200961401300555
2.44091511016604,-0.007029221854173873,0.6507010721309472
2.2324912184064787,-0.014058399230100216,0.6416587279386734
2.7187489410839603,0.013949945318692647,0.6130089229195854
2.442787769200004,0.007322564095615602,0.6152041178440032
2.516273833120249,0.014918709202101477,0.6222477343237387
2.5320352595129574,-0.0030152381717276633,0.6641004535850585
2.502674511272138,0.002763251371427966,0.616520753332441
2.4819455842927485,0.0003750567605864674,0.6316286134540912
2.3746003553457076,0.0019453276535430497,0.6431332813654661
2.3199207525676986,-0.0005696017999599068,0.6226599327615342
2.5656488304619094,0.015390354122742256,0.6329231410019804
2.657152397933271,-0.00174770696760973,0.6309482628676198
2.7553392743349194,-0.0016250122514323007,0.5942127640712661
2.300933246505074,0.005937866768259692,0.6146572482211604
2.326724475715365,0.008005021794244893,0.6342328490296298
2.2764894775191156,0.00996460308914271,0.6312134466020187
2.7831648385866576,-0.003130053791513321,0.5987345612358396
2.4497024386733175,0.00595262450023748,0.6260342153384746
2.426813414808276,-0.0034696824439881535,0.6187356545179681
2.2644727825595132,-0.014493698113096087,0.6296560583044513
2.7033178739298687,-0.006049909644853857,0.595859583078714
2.4056268947704313,0.003567396916791754,0.6274530440318633
2.656317327006072,-0.010428000150486838,0.623265225852433
2.4638201161364255,-0.010845311693417514,0.6472803774764964
2.56982892994631,-0.004921971816749027,0.6233285171373687
2.5067360111047785,0.0060885476044985065,0.6349393515615042
2.500387419120458,0.004384909629827849,0.6176079865837959
2.3342279394072345,-0.016707170981269837,0.6441357077823929
2.5237728749116517,-0.0036081162208807527,0.6380393199010291
2.6246289195343464,0.003146130087378296,0.6317764068314645
2.482323840436286,0.0034147795635346423,0.6426116706427332
2.367288645358372,-0.017215352616982038,0.6354353241181683
2.3699035398970385,0.0032586192049770535,0.6274339099979195
2.4475919240001613,-0.01314179276112215,0.6210993954759693
2.40862031481916,0.012175182035562893,0.6399511389149244
2.6442993399697654,-0.01360124307289512,0.6134028736024008
2.461334607920843,0.003637046661715715,0.6241004007531734
2.466190408879634,-0.00255270530337115,0.642679036135254
2.49297673249331,8.231592943408472e-05,0.6252752355633747
2.404085012800572,0.01592884997172761,0.6388226953998943
2.4628480119980227,-0.002310325058156648,0.6229719940525573
2.421642194861458,0.004538652870469839,0.6339573341919977
2.4306864524374268,0.0049462658091228295,0.6345915126878698
2.487055204020544,0.010775430863325886,0.6313064255664425
2.4796558617674176,-0.018629800867273616,0.6310371770865167
2.499047030392973,-0.007231710051319951,0.638747991722121
2.4174710023077677,-0.008346492599043742,0.6358529464000922
2.396322315042196,-0.015104425113369624,0.6457560793305351
2.594040207472597,0.002736118913163388,0.6109002216229487
2.4062160298264876,-0.005040149963199569,0.6261374788859269
2.3645665368130198,0.004394766032351116,0.6543750374982199
2.3794066822233035,0.005019944670887622,0.6520029104113017
2.40215454441858,-0.0016888864077808652,0.6401493935054997
2.5418582342236906,0.0022408088030689832,0.6170191283664024
2.407236613740928,0.00889717458435535,0.6491668978902849
2.3741872861123547,0.001782609446215444,0.6687565423756454
2.2931419743608883,0.0038210803815716954,0.6511986461785447
2.7281177847538336,0.005926817280514918,0.6240006858528501
2.548023667384518,-0.004131275505867338,0.6172001416425821
2.431071818196188,-0.0008555491725650288,0.6391642143535451
2.4613980305537693,0.005703325885038524,0.6422689388459946
2.6826165182844135,0.004283280828016212,0.6210077942907867
2.4558457363255153,0.014575290669785135,0.6331633227185831
2.3283653259636887,-0.0007334618794530012,0.6432340196556215
2.4650338837283474,0.003912765468938595,0.6387392826052609
2.5293578991022,-0.013984839732159804,0.6273842392450653
2.451053633527052,-0.007994566389078583,0.6465468324214371
2.3885587078080834,0.0012190563264722343,0.635000349454359
2.237664189775472,0.006641365761484552,0.6664856475732317
2.4058673885064423,-0.007567691416743294,0.6312619456561515
2.541505597845729,-0.000659126872452731,0.6342717189663075
2.461116896114155,0.010519185005963827,0.6470480384829895
2.27293731218334,-0.016369993825494422,0.6490925016642091
2.5371823588469735,-0.021017773395426653,0.6435771126385816
2.5323447603494578,-0.00839270930658631,0.6307263859718284
2.481846815943004,-0.010669529718372095,0.6255838446557713
2.6295816309838065,0.0040682082879712755,0.6233084100057382
2.4074799496676604,0.010264398828729204,0.643462402845242
2.4193487110318843,-0.007469964579221333,0.6340774380121155
2.5149641326346908,-0.0017681233337085711,0.6306860633683967
2.3300183246145925,-0.010203321712713764,0.659581998179843
2.4016967632125956,0.010651645297864443,0.6371404360999082
2.501290819394286,0.008129982277946812,0.6300306748917606
2.4440523034978403,0.0004591733080199223,0.6392943758452999
2.367317003680615,-0.009359110099677936,0.6450317625269424
2.3305206936056875,-0.004645498304449047,0.6556474461859939
2.4043144446295375,-0.01024505420484112,0.6320195789345666
2.4359943164459614,0.00590899640867848,0.6147278935169447
2.472828878553203,0.002678474625443128,0.6269852424997224
2.660645961323009,0.0009574191585262071,0.6208775989012029
2.3071787306865525,0.01917156088582095,0.6471010206097495
2.3752743536359606,-0.005164426060453309,0.6170146867076173
2.571575701056247,-0.020635030797215403,0.6383673111894713
2.6606265938511227,-0.00860429288636988,0.6184352895487313
2.3483352981757677,0.020709418940884516,0.6543706113099299
2.3688984462427616,-0.002769602645888769,0.6213203485585386
2.6270396196316157,-0.023967683009854746,0.6368028322450998
2.3885798890088714,-0.006888828630714494,0.6381309950376614
2.3757384580743213,0.0023698860121190712,0.6407735732248112
2.4784446633155013,0.004669482964841487,0.6060211599132747
2.2477069619353065,-0.012884322543903481,0.658708115674885
2.5050308634709038,-0.006791204159238395,0.6212126207265354
2.366897763464996,-0.006195979252724415,0.6325963051848633
2.4725363296582814,0.0034256028560450957,0.6034223346076716
2.750060381863075,0.01962919651507744,0.6023601386547126
2.599193864639609,-0.013723278494864433,0.6198136196066205
2.42846413311587,-0.0015753635527140375,0.63032102935946
2.6649946555623574,-0.004472407947782919,0.6289882628398425
2.6543640974531133,0.012056228978142736,0.5937513217286557
2.434510872623792,4.710694365117618e-05,0.6345097624987593
2.6421869851648623,-0.0014752133054898309,0.6208747284730588
2.313491865367225,0.014854896233854609,0.6285904820887439
2.795404780256993,0.006309256119433115,0.5911443028372914
2.4811185460788296,0.0007856874671030578,0.6516934907836788
2.661735864144636,-0.0010207349769599805,0.6155976005071001
2.3996922365090003,0.015053099370615719,0.6627437717318838
2.6640396835998494,0.005714687665266505,0.5833898941661986
2.474368099146017,-0.0004900549569406554,0.652913117466597
2.493527597581064,-0.015443205207691824,0.6111531534248346
2.321203279478794,-0.0010612553485278564,0.6421177489964741
2.6572381141991936,0.01015737524457716,0.6216486833783369
2.339146503363443,-0.00053079346271101,0.6330251708844188
2.5009274940094532,0.012555026701227545,0.6202668225421921
2.3889684495733627,-0.003214463847160509,0.6494446650170117
2.578239236607918,-0.011917580669279282,0.6271466236702343
2.232003066952942,-0.009371973389503907,0.640051164800856
2.4875162697578994,4.2315920514290895e-06,0.6300531326807131
2.540309504886392,-0.003961286093386862,0.640435231375001
2.319335828619708,-0.007036101388439908,0.6370809760014926
2.6052941829966976,0.014024293508918761,0.6098457675620691
2.4875162697578994,4.2315920514290895e-06,0.6300531326807131
2.459396930711469,-0.006240712357356681,0.6289811183191165
2.5277629153324837,0.009788183897667224,0.613488224571856
2.5686829120297783,-0.012595314181076622,0.6206749532647378
2.329147416878112,0.011374659104930851,0.6354811701127473
2.5572396859467617,0.007981484810472672,0.6219751986226735
2.3087521463960665,-0.009085150077126958,0.6263435979931942
2.366826460022893,0.009802996686132603,0.6483479109886433
2.373906054196355,-0.015779236281795006,0.6362161105503757
2.4668763421997846,-0.00014198855740543692,0.6143076893339483
2.6429616027304887,0.003832190481872111,0.6134814601976892
2.5136848984965945,0.014191979676853927,0.6185186471957214
2.4067140071133504,-0.010082399040282075,0.638661506151961
2.215713358761505,-0.0024610173893162557,0.639292843900062
2.603537596701938,0.003055645178125843,0.6089131391246496
2.356482980111065,-0.01606719580223892,0.642453134845968
2.531447021000194,-0.0032162290367137025,0.6193702173949965
2.7468744035542247,0.007918798827471374,0.6165478137466022
2.763731244349227,0.007517980630324939,0.598669666582424
2.6279131508445435,0.009429964387776213,0.6121920668702081
2.576228662856505,-0.0036735009833002152,0.6350918821260763
2.5668460285689543,-0.006927045924064901,0.5837425403271913
2.75062715932605,0.008052059821672453,0.5985042002022317
2.665624670330552,0.00544642686527852,0.6067163273073839
2.4195183731793755,-0.0027260595333831183,0.6335116456425467
2.6057493934976845,-0.002660262034790639,0.5832050375622101
2.54539492564617,0.010352345552292475,0.6168319897528102
2.609615919207269,0.00025724850596997584,0.6153275901095958
2.4140973263387044,0.0003287247999754772,0.6253119341194897
2.8752761912700313,0.012665404343590758,0.6130614255366348
2.392392692036195,0.011983447902250477,0.6129008866876551
2.2965849382077215,-0.005358435049001242,0.6408559563701202
2.389084397956609,-0.006457771822304448,0.6439835697214474
2.501803226400515,0.00579633218688258,0.6016674462677326
2.58486741620722,-0.00662576590359043,0.6476057424561786
2.3363482465551004,0.006742202718875934,0.6579887604250011
2.428405684227894,-0.0006984178214737291,0.6273162530320827
2.6285339432876764,0.009977057891849217,0.6240624477760077
2.4981212402084245,-0.009935619754476877,0.6324694492338421
2.218129387772895,-0.021334411863673353,0.6525760662887935
2.4818909510547638,0.011298250318410252,0.6328234846518321
2.391954343697687,0.00953830400108302,0.6101107172111828
2.4108913378719623,-0.006131426615777702,0.637026005766061
2.218129387772895,-0.021334411863673353,0.6525760662887935
2.294104921104385,-0.013577721656954589,0.6686202086058433
2.776747074756401,-0.014486264619862688,0.6212321448418459
2.3572921180123565,-0.003320236868374904,0.6440732933437932
2.555654137248236,0.01920849491058907,0.6067971952796145
2.388969030234667,-0.008463213579504414,0.6483525780971789
2.268317365873381,0.011417698192787373,0.6389750282638745
2.209520861732006,0.002485963535344027,0.6626127841727913
2.4622648725821756,0.004029250548754915,0.6498758018825109
2.595392099513782,0.007644900455835213,0.6238011240197896
2.5194513254705293,0.0001620036769325317,0.6146851828901504
2.315863740154918,-0.002426900316978564,0.657784590243729
2.401771303881672,0.006129788463469454,0.6254309415358361
2.240167577932709,-0.02062951773213384,0.6488052924010027
2.248903400041001,-0.0009862315892079643,0.6564158378358201
2.2705101222328237,-0.00011390405229905198,0.6643969888865573
2.509286587664928,0.004877203150904341,0.6368657977859248
2.6522825313041607,0.01818118225805576,0.6233714691063744
2.13138898635478,-0.007288148517573534,0.6678373421870616
2.3287856251394996,-0.012734908888105467,0.6569622361812881
2.5530223833317574,-0.007324397141578398,0.6276054321420197
2.382158048247337,-0.015956822417444894,0.6255778291341603
2.178305558387511,-0.012165361474105962,0.6609832837745491
2.3819079910753924,0.008292074754770562,0.6306869621762632
2.378936740695026,0.004004739015364578,0.6373675583295554
2.540542053106725,-0.007151510261907967,0.6387619774725488
2.7473866417299777,-4.571143821907597e-05,0.6265451477086291
2.55672459347307,0.01745271379599722,0.6310922695614769
2.3366654771271747,-0.008699050257321428,0.6516201473314268
2.4314049639578053,-0.003156337968437839,0.6511506500417807
2.3842920376208414,-0.009134760801196684,0.6187112598719336
2.4755960802167425,-0.016092667226514257,0.6063163289625726
2.3831387867738094,0.009488080632061191,0.652872562125844
2.4634899931272933,0.009060635390603755,0.6473562825692117
2.499362931762625,-0.010322251311748687,0.6356355407580441
2.759354339810005,0.014668725352311007,0.6171800408644152
2.4981662801084137,-0.015200029796276215,0.6376702810527427
2.3135906711027756,0.014116644304882797,0.6443141050191851
2.39788895251358,-0.015242275896554469,0.6293826391071987
2.3873089982053415,-0.012333112449153472,0.6253591410070428
2.550371706700552,-0.008759096030700686,0.6314538466848819
2.5900277301954118,-0.010029868140983389,0.6226990128357016
2.2938538981466428,0.003712839729182793,0.6614645940996912
2.400204709943898,0.01021644229141705,0.6327730910226872
2.4633759340877344,-0.005515667996244034,0.6172552049639365
2.504539384965439,-0.013438620521087241,0.6196476882680556
2.5603407893923222,-0.0010979634744112676,0.6047304801268775
2.400204709943898,0.01021644229141705,0.6327730910226872
2.4687583857750592,0.007858273032721685,0.6166890296337982
2.646326279765901,-0.0013822665116354216,0.6143343045105275
2.68691070605035,-0.009916343158224539,0.6175809417004173
2.4235401500418776,0.0015537637203728583,0.6483796255453645
2.6299508412853374,0.003615125597182578,0.6276686816200212
2.4987578664620607,-0.011680050378292783,0.6215767508478077
2.3223292999350904,-0.01286832521059611,0.6337488493942307
2.4183217024626122,-0.005263751852709664,0.6405698083407705
2.4177643607330017,-0.01211168620846359,0.6522134332933871
2.450107610087023,-0.01497542161822163,0.6257983537668554
2.572851375361541,0.004693250670468663,0.6269872167979121
2.576818899966982,0.007943461332490243,0.6085412553646331
2.31279736158847,0.006722942256425224,0.6409881523200943
2.5565853590731993,0.01638699710423097,0.6251048493172391
2.442007810853515,-0.003966177827595452,0.6292682010647188
2.7070431679214613,0.013256010340415791,0.6022806799050281
2.514427868390664,-0.000382171577828494,0.614164630411151
2.6178109738161757,0.0106225966964415,0.6312200485895915
2.60886699477195,0.03487774476678074,0.6205971904627278
2.8022822361254938,0.013605824661739874,0.5816160608679265
2.5130223781724936,-0.004359997273556848,0.6063231880456029
2.353454672347206,-0.012847634665429819,0.6534285125709184
2.682914844909564,0.015754065079338853,0.6053104279337765
2.747576702673075,-0.006364135882171551,0.5852112824970486
2.2991366580701165,0.003967303867967065,0.6383877091346207
2.293284997565684,-0.013680171972854538,0.6491195363025196
2.624974261099571,0.015469032249656456,0.5882447574288895
2.7430520264838147,-0.0122611627715552,0.5885414499080189
2.385053647388778,0.009786556725933204,0.6524416412005762
2.4732738090165167,0.004876182264523354,0.6260409810370342
2.6167678424455145,-0.015758603661560233,0.6218873983757177
2.7347849264849198,-0.011928526232268588,0.5902131236230034
2.2910941388199086,0.006791472156270739,0.6511321430147998
2.3056108654675165,-0.007633694903878219,0.6427101070524819
2.5142422894372745,-0.013131328289509137,0.6151980752116682
2.20347653422768,0.009256672789927034,0.6543209562071283
2.45298340718683,-0.02390711718872085,0.6333370748321459
2.4091015404515432,-0.020526333928217788,0.651536461933921
2.5658803410423894,-0.004741442027743403,0.620361800738724
2.311904866191001,0.009796671233444965,0.6496348660816862
2.3904116562837157,-0.012305743375257139,0.6308125442573593
2.524143191143039,0.01805880365955037,0.6405049332543581
2.3868159403448215,0.005395447502274164,0.6400116349916585
2.412713522462552,-0.0062552784172671405,0.6189454684500054
2.4202182945053683,0.002758078151344323,0.63402008810471
2.438424479593446,0.013859059265663332,0.6341247684441053
2.3586603512837434,-0.0026535864647427854,0.6297446315900287
2.4351918030878443,0.010830623474120449,0.6292316943589906
2.4280440464577526,0.0010740956401080748,0.6471581201627392
2.36788345813158,-0.017953962395505174,0.6378269684949254
2.3884940146654285,-0.004706467846473661,0.6419277421315002
2.346912172170466,-0.010327575230520303,0.6502867006426484
2.5312966581650853,-0.0046079632281621485,0.6488437473284845
2.465240179107575,-9.552023191305992e-06,0.6346032940347862
2.4522861304519874,0.009636277035435459,0.6289865765335161
2.387091412455664,-0.010691355812584513,0.6374956146330609
2.4607243379717123,0.004664932392272059,0.6337899935951693
2.43738033376189,-0.002405698663519029,0.6432681985351626
2.723783703836602,-0.0034286231184033067,0.6128603459104384
2.7125935829764805,0.00427154413668096,0.61924623796019
2.396946474469085,-0.008359400029686936,0.6426365608550381
2.463135544174734,0.004485281828010335,0.6231475333964809
2.6211617051168563,-0.0045247725217383294,0.6159921104709811
2.747788599162486,0.002403747128255418,0.5787197336554244
2.543758097107024,0.003026944289251432,0.6172062624046789
2.420905840401175,-0.0063674913120406185,0.6339281861013046
2.65999155172125,0.005187489195000561,0.6041537038154811
2.6178603584451965,-0.019651266423649005,0.6267552957733592
2.551726010289193,0.008659689701954187,0.6205578201917245
2.4031993333384576,-0.00025546346777960416,0.6406133349148486
2.303812069184273,-0.0036266870053909273,0.6386330511689334
2.2169424781023106,-0.014003667888627502,0.6216592974487408
2.499911611404876,0.01343363494596006,0.6234810676886765
2.3931270305436434,-0.000581141998972079,0.6346714783368248
2.447820976253667,-0.0014718385492760166,0.6379016727353437
2.4428664701062552,-0.010983099891409775,0.6527318645075013
2.5660571427180487,0.012801978563600214,0.6291352432584166
2.1875425609513512,-0.00760452925252908,0.65519890679279
2.4865192479224585,0.002882912996455378,0.6276813224834572
2.30145598888909,-0.030634346284282632,0.6279931081943748
2.4390090001691433,-0.007568699357368258,0.6410414533769895
2.4173690199735214,-0.0018616458830578164,0.6292481856689014
2.525375261671271,0.0006807208886947524,0.624843403797776
2.403688199843063,-0.00886893020090862,0.6712376010301443
2.4160560546954537,-0.00042382420854436553,0.6309918991223374
2.5417488904527326,-0.0003147745485940767,0.6235146106920578
2.48573211052484,0.0004065657216720808,0.6329927529406716
2.343411272899839,-0.00958119487662712,0.6649608039752387
2.5008178378226575,0.012379589121015,0.6288006291221709
2.3801779074660545,0.0022850204832141063,0.6413841354858878
2.452529589865641,-0.007848499888962523,0.6453343457285085
2.299119464456933,-0.009428036631183856,0.6506699252234787
2.4359348228151045,-0.008355665622449493,0.6200405370833352
2.499845771917439,0.002240408237526026,0.6241989867236815
2.285812649540814,0.003613723216460807,0.6406557291364537
2.40130842608975,0.004630553940544679,0.6488133011335525
2.534453172513165,-0.0058997404894665095,0.6391465277019438
2.4786799691394763,-0.02061479210410755,0.6271716269479128
2.3640159446315354,0.007977153572744422,0.6358374884007337
2.190975555001834,-0.0010091599299586473,0.6545613267340464
2.1546961987801554,-0.009431941569360447,0.6635322429370265
2.459127304468558,0.01226369550257167,0.6319935489927755
2.5236822606370906,-0.005957821209444658,0.6289425401997234
2.348129380980517,-0.02183963825657642,0.6569369649263205
2.2256094565214974,0.0038608081732556254,0.6542146405708514
2.54604513611505,0.0004466728167979994,0.6237451119052139
2.488278247213642,0.004892877967447085,0.6333750488214703
2.33966338039527,-0.019946182502857956,0.6523444911015762
2.251614355481423,-0.005163781253532118,0.6640491320452524
2.4224713008500403,0.006147913197272592,0.6071682071486791
2.483160675849486,-0.007907212632917382,0.6338593441662143
2.2985541480296696,-0.011001145559192516,0.6442565031672884
2.5647797087738193,0.008756451339512417,0.6185311537943105
2.386834364306994,0.00615479501038374,0.6071970251118313
2.364344267925586,0.005568351535186311,0.6409805831745452
2.5791958842928433,0.013920558795486038,0.6115227106817259
2.466728668884916,0.0003380537168267139,0.6361067084282049
2.478369000391005,0.013936399457809001,0.6210837627522278
2.5481829887582608,-0.007242004615999997,0.6192543080679719
2.536666258507848,0.022182795775345765,0.606608194964573
2.402124306622483,0.005409260639314573,0.6457464110488549
2.4707872410693246,-0.007603886131123838,0.6330090183052062
2.4720990008762938,0.008595602779617018,0.6286820709463907
2.5742411078553817,0.011291702078247035,0.6248934035133561
2.351498726471904,-0.009972297784597739,0.6384618713404997
2.490880000945991,-0.004270950049836353,0.627821278581973
2.5815110962038426,0.011180910081386886,0.6335996740132285
2.4966300101058874,0.022144290478541606,0.6259697790334398
2.315255094021536,-0.008934259718501592,0.6367617982094713
2.354575119488719,-0.011822803658135816,0.6473485004981266
2.2214268847197385,-0.01387374789430651,0.6557400933455038
2.409166691666789,-0.015744379475819192,0.6375713982209976
2.4531556196006825,0.014500461890698757,0.6359020185511415
2.2791374574702323,-0.0013248849294933418,0.6232293527332365
2.228886483201862,-0.008168753615038327,0.6616814488110859
2.5171541038292107,0.001011247916266278,0.6220063844720829
2.453845909367813,0.02031027880088976,0.6227608643574624
2.645786322348726,9.655812248254847e-05,0.6415162918985583
2.293575169632426,-0.009674177422016372,0.6533752988228503
2.4910146492602028,-0.0017994564920469358,0.6152462076794277
2.5458694492372036,0.023386622744672847,0.6221977045506972
2.3356922878167636,-0.006289846886254669,0.6388549471495217
2.379300620478172,-0.013718618001840932,0.6287269602127816
2.447907795520559,0.012474218022994865,0.6137475627663119
2.4473771070823394,0.013263764612837958,0.6311374373764126
2.6226057525387434,0.01239214121929666,0.6224428276293765
2.6331123827056255,0.011242201437833055,0.6108622112096762
2.5567596539277138,0.01075946314643672,0.643710331855676
2.290195366018071,0.02227277883199741,0.6516505716630072
2.516760859255755,-0.007197513680356815,0.6163652759954592
2.5348036362685247,-0.006308572543311852,0.6332911184962812
2.4570504797096744,0.008998953135269883,0.6363377278258988
2.728383939795584,-0.02008972490062111,0.6018880558517749
2.383905690883918,-0.0007537843458311766,0.6413101848981255
2.469581280212604,-0.006891616991207439,0.6329372113813851
2.404316627260559,0.01043928513134329,0.6398168265580766
2.6274507628679498,-0.014437581778715458,0.5984526660835955
2.3327853271506567,-0.0003294287673967222,0.6486962256389819
2.5724938176823087,0.01472448437439211,0.6280037543320119
2.542569364752011,0.005970429235204078,0.6395842968001069
2.542264069785174,-0.0030927646727314517,0.6342514250551144
2.287752592199689,-0.023025092272948022,0.6480047267020442
2.5550435510981946,0.012664475326679137,0.6246973085314544
2.432059318418985,0.01997152152570525,0.6153921477897862
2.425656778802905,-0.005737717262461528,0.6321941419069477
2.597686668683294,0.007554586106901073,0.6171413450743967
2.679511833345613,-0.015850282563756757,0.5939849797557156
2.465582876614907,0.0008324874251024461,0.6334046324646565
2.3817917917095706,-0.0033408921250890344,0.6450118746855237
2.5451104615718507,0.007909182516703472,0.6212473745681503
2.720879579552502,-0.0067834248941989195,0.6096608279770248
2.4682721343671172,0.003199073619023718,0.6329743991605158
2.4010658327637664,-0.006137750109755702,0.6344758636408873
2.4860932483318825,0.0030659916770952034,0.6413186954653823
2.7636742425007883,-0.010205702410136075,0.5993413715560144
2.454509701762172,0.002907910680987724,0.6289944538592268
2.5788412390311874,-0.006364381627528504,0.621723219922217
2.347558339586101,-0.002400694155345162,0.6241073753535379
2.2634747962420696,0.0028154590847317973,0.6790448808428556
2.421185179125871,0.0014691049379940146,0.6269238182335323
2.5203438344109768,-0.004213598279398267,0.6088752758377342
2.4479595649399943,-0.010469802855324062,0.6321367029628454
2.2181090812982744,-0.004621022458233481,0.6573014719749063
2.3792846958034377,-0.002332138510627857,0.6342748433242021
2.469401778701952,-0.001235524654808362,0.6303375418269566
2.5271069044944223,0.005270274127096686,0.6457357457053642
2.7327918086513474,0.0031271405572026456,0.5986979789821886
2.4328161193250075,-0.0006379979632300525,0.6403136036912225
2.442430952635407,0.00517019646384842,0.6317596365814508
2.421338633431018,0.00605155369115562,0.6269890884254798
2.74821209658016,0.008276206371440331,0.5917870158586886
2.4230700443360496,-0.008311977239571888,0.6452195070772688
2.4965618569800467,-0.005158363689643952,0.6254377080513606
2.322326061216803,0.009999468398160571,0.634435541376854
2.5414218933506474,-0.007567268775118485,0.6098225675767343
2.3846765545032724,-0.012372114046221183,0.6389534908201562
2.5362421489026468,-0.005715602681332088,0.6316811145783067
2.4446467293927188,0.010451164249246414,0.6310351566542419
2.600923484894008,-0.0015069147458499632,0.6194381830320899
2.539836360225139,-0.0005580653354335663,0.6347481412870581
2.5310241869033963,0.013595312469450338,0.6013567213786076
2.4967098811678294,0.006029318843729037,0.6352665342893573
2.658169299167958,-0.005245189570810549,0.5940486459079313
2.5846888141205566,-0.0014832368797519369,0.636571299883532
2.4518237325272905,0.012678922811642845,0.6404781251922728
2.278952285653645,-0.0015301698365135508,0.663845668598473
2.686036003437906,0.0020601446301729,0.5975987569663801
2.503919393273479,0.0029684565314387346,0.6269799182577747
2.474571221913309,-0.015616198132834214,0.638278263760689
2.2731083160590635,-0.0019242078433066023,0.6626638502095773
2.712612714543042,-0.006215453041922725,0.6058316068876968
2.680663136165474,0.015726876927820266,0.6198469206712741
2.4438707223642235,-0.012573866057049576,0.6485814795437281
2.290466380421054,0.0026473793451475824,0.6501879775151196
2.720243140076914,-0.004643863858681874,0.611864875159996
2.279456995679718,-0.014905861224441264,0.6542639118898002
2.3704190420939435,-0.006513731023721325,0.6375966890953081
2.4004837292200136,0.003093733990110481,0.6355656356050666
2.6475484991458687,0.002762557736518012,0.6018303783167782
2.458948458951311,-0.005856258733324626,0.6301252011964336
2.392995804744341,-0.020071980920307375,0.6272843079028981
2.440822828966588,0.006409032128526171,0.6297942001870046
2.2365578944200655,-0.005279303223027831,0.6589175038856389
2.5634245615955114,-0.01810583245322217,0.6152106287375217
2.518850642660716,-0.020236677803987746,0.6336562672945653
2.7321884101343232,0.004572851850707993,0.6096217091279618
2.3221571271800645,0.0028546808718235006,0.650265250913497
2.525636242251611,-0.001319571574203593,0.623659441357817
2.5230690605182176,-0.003223072310807318,0.6170437732910765
2.739696906632482,0.003826130456545007,0.6099419568120124
2.4152949668345003,-0.008515483938360324,0.6371755129146305
2.4072734945556387,0.0025353639444107845,0.6477665286787387
2.2976398434588337,-0.012426981410881055,0.6392818202311561
2.5816749787231608,-0.004188487118344408,0.6090436348266823
2.4572532774163474,-0.00014474863860836074,0.6182151774985867
2.36544588471719,0.00035585373686419786,0.6433521244510017
2.383054058820053,0.0054949860988537935,0.6454905451249814
2.3676627982904246,0.012498969886914013,0.6477092695817156
2.142743922016279,-0.0011077613642938022,0.6695132543756015
2.2544401951622537,0.009124228070955587,0.6348511648070649
2.5340426574178254,-0.012088896939070448,0.6325686047287713
2.45091445121426,0.006980173243736232,0.6522167364193788
2.3150023153016632,-0.010823853365779401,0.6551797696209233
2.2544401951622537,0.009124228070955587,0.6348511648070649
2.536823486767496,0.005255181570286593,0.6198034321526876
2.3331759369556146,0.011321487410027142,0.6372506304270593
2.4266530923413456,0.005627841260357869,0.632656702794442
2.427195955748325,-0.015747289306065726,0.6377669289355984
2.609087321249339,-0.00956899604328143,0.6344989748373576
2.2778129628587354,0.008887688672566396,0.6421600869435559
2.3780453228622487,0.005433298098072914,0.6205070118637561
2.5035246982314274,-0.012869469349606089,0.639738812206052
2.5067299033621198,-0.012328629164703564,0.6110472809163016
2.4197143820478266,-0.019227315468586692,0.6258476438758397
2.4198370321163716,-0.00794531391813691,0.6542956372068154
2.4545263043808547,-0.012581849327069072,0.639455723668496
2.5363490089381995,0.0210974394516088,0.6259184549803293
2.3900007671844143,-0.017492713993902953,0.6116999418513716
2.467641320151084,-9.994268434643239e-05,0.6316083272403719
2.6153396659729404,-0.006983693235130151,0.6326176009132978
2.6152398174776104,-0.010490077875097592,0.6157316346141182
2.444820908760827,-0.012703481903826308,0.6174345880062346
2.3844725849075004,-0.012159461972910846,0.6300903577042933
2.476938485013967,-0.005970865308235984,0.6102265333689745
2.395317775672907,0.018024223702356457,0.6336834262210317
2.5226502825714423,0.014178004174404402,0.6228739946511805
2.283350211020107,-0.006324676377025051,0.6486110653501274
2.4875523567882687,-0.005935571529982253,0.6431666228671922
2.4886584669254415,0.013058291571206748,0.6653718724979873
2.2884366861961545,0.003462822573529145,0.6580348982570371
2.324085577870186,-0.017523783046474284,0.6571247691662689
2.4314679124134377,-0.00954328341560573,0.624905853599129
2.1548836768808353,-0.005126989478228872,0.6312039133142219
2.140545502032974,-0.0007963039966392138,0.6729898122136103
2.347215312971426,0.003068489695507548,0.640549062267548
2.480415627863318,-0.007420510230152333,0.6318321540811032
2.2325027002553344,-0.00610337892787105,0.6475484783022365
2.1425591728615783,-0.004096769668041622,0.6839157802986239
2.495881865217803,0.03972866918110163,0.6325055963340368
2.468819353282755,-0.0175854606644823,0.6225531504849638
2.3162356101058488,0.007116537275406953,0.6633606349459449
2.1492951961596987,-0.003816480008145051,0.681415171685859
2.488540341050754,-0.016744983590377682,0.6205760118342365
2.4634084314619367,-0.004336956650158097,0.6255844107370238
2.2553912594489107,-0.012707024239455134,0.6389683890530348
2.290085914493214,-0.013297740818893011,0.6651812446441401
2.3108446711776,0.004492217484220573,0.6595775836905666
2.3863536200802002,0.014763477473704212,0.6368771295187154
2.2747065970731564,-0.010158236242885366,0.6374709041424222
2.243347308014861,0.012366094944269213,0.6415154566748298
2.3261032169688325,0.003306843196875464,0.6618931016722215
2.262343559071714,0.007625539336323817,0.6593915944328644
2.513042346452937,-0.00347401448984086,0.650097827941327
2.3857113155886145,0.020535765694665642,0.6568140414303273
2.3091987585954468,-0.0019897474695056427,0.6682379988009005
2.3941638917245838,-0.012099052223990103,0.6436576770969459
2.5690520887481476,-0.007361090254376368,0.5995788213685782
2.4864843106929158,0.00493289252094864,0.6351321982842627
2.4398974610391364,-0.009142084121123606,0.5993167739175755
2.4717587617801082,0.005619236930589633,0.6340789774329635
2.5690520887481476,-0.007361090254376368,0.5995788213685782
2.513781014557235,-0.02127343237929913,0.6235101119630455
2.480765952973006,-0.009183451266098652,0.6059814398796922
2.4227593840561554,-0.01915970426014746,0.6364187465898629
2.4915017962782735,0.013293564018221016,0.6404121326313177
2.473772330907248,-0.018976170314374707,0.6280010428789022
2.497582401635496,-0.008860428701663592,0.6133266380081971
2.4259925047017714,-0.022412075367067352,0.6363109774204124
2.4978992561634707,0.0035772041673500787,0.6188017447906297
2.354909865773822,0.01574181726832058,0.6481319141401009
2.617910494313129,-0.015085173265880547,0.6205174768306642
2.5745665377017755,0.008484717588882917,0.6210756906593804
2.472637970309537,0.008136110020517506,0.6128433634730682
2.3666678758316126,-0.01805258086910655,0.6428590999047848
2.3027996149032828,0.01874501274909024,0.6480674163483545
2.3383356153239165,-0.00645920197460037,0.6424946869827808
2.4369682747967305,-0.009384595572726973,0.628033383382411
2.2688368209765053,0.011071093381900043,0.6586196603597039
2.5003382096752946,0.014727385922258529,0.6166782567575602
2.540543314863024,-0.0007955314696010962,0.6225820058649899
2.503032888782884,-0.0071469010876070715,0.6336689727518434
2.3061546148492518,0.0002416185871922938,0.646487947515505
2.5504399480198354,0.015619378121935368,0.6239476989927305
2.442372726288655,0.01138602792400012,0.6460241678824136
2.456560012845346,0.0017284332478977316,0.6426625592318961
2.3950683797353585,-0.007276395757423337,0.6572319446423461
2.336419017611574,0.009841182295684758,0.6292875825394414
2.4883356366516343,-0.0131442073439898,0.6392307403926162
2.5295318676663103,-0.007068866534505114,0.6375188329320364
2.1326753113412975,0.005267433005406774,0.6495400321020368
2.240398285192285,0.01848934303185179,0.6719671749984841
2.2556470105807844,0.004241132467598385,0.6466557918067694
2.4376338947067553,-0.010401797771524723,0.6360367039105995
2.2249169671058375,0.0020104639850573314,0.6485660334659198
2.5775359068985435,-0.01024124291971873,0.6201968867632198
2.713093032153372,-0.009687771072953266,0.6088465248704817
2.7026756291200607,0.022868625198692483,0.6223437259898155
2.298267584369696,-0.004815266596327916,0.6487348644688292
2.4899323045887023,-0.021010873660674445,0.6151607786779383
2.8244469386286575,-0.001968724226445673,0.6042952450057565
2.38827292965364,0.00823432456786044,0.6196099698318612
2.298856249952813,-0.014430642866651189,0.6508885475683204
2.647102923834864,-0.0201929376783736,0.6230208863393393
2.3391373934157693,-0.00792148608342913,0.642686177221977
2.350476242242486,-0.009408402978632546,0.628926699742108
2.665207654103274,-0.0034507818377393917,0.608350255577407
2.555157660448107,-0.017535333290028987,0.6236576781242447
2.446301178712252,0.013636574461154183,0.6355697402907238
2.4688455356114947,-0.003669646036345675,0.6336918602267624
2.249591525112077,0.009172539087585863,0.6620936961012774
2.6341995376416767,0.01745191809586988,0.5947138509204221
2.4849630553411894,0.006258795294082242,0.6322722595485417
2.4713718028636187,0.009790550183818914,0.6268290055524344
2.5322949874078797,-0.009101668499952087,0.6191620160663917
2.2423754535129166,-0.012065319078556902,0.6428084359681844
2.518420840225378,0.00016114729848060172,0.6191901593867514
2.519636141641777,0.012550920749692107,0.6287080501820083
2.4263409123580892,-0.0030379412324685884,0.6304918191033828
2.3666081000453456,-0.013535013528322981,0.6379966111418688
2.6559808547296355,0.0010319329472836536,0.6353543740079867
2.5059946312334462,-0.008832963232139335,0.6199818408212857
2.596331748605175,0.015334288378945793,0.6177882929414402
2.6086510879120635,0.001047036071608165,0.6106543597745077
2.6999553819298545,0.0006775402560514898,0.6468650343587264
2.471419355891052,-0.008649332037485191,0.6104886038747325
2.524952016537567,0.007821914455852896,0.6146224440602777
2.499594532667609,-0.0025605853342605123,0.6284580793409698
2.3696312982172634,0.009813392145328281,0.6221643334853539
2.471419355891052,-0.008649332037485191,0.6104886038747325
2.5488212853543186,-0.020235576785819998,0.6106250683154362
2.3494225916305416,-0.007090798473836646,0.6466201054096515
2.492543400137687,0.012388009378370146,0.648010844361101
2.519872863994836,-0.0010152611139688794,0.6412647071304417
2.5618971455106783,0.002701861345601575,0.636228042542128
2.402452198013113,-0.022945830580728632,0.65714350619126
2.5764315880132376,0.002570984569031598,0.6153486720661479
2.421301895832421,-0.0035602688809519556,0.6310748512553149
2.3764968626892276,0.008014095081585237,0.6332601909162991
2.1334566439087603,0.009863365678743241,0.6686904967442799
2.6536897627284652,-0.006158524757648998,0.6081072967298369
2.4553719101499194,-0.0007929467451874839,0.6192298147887726
2.491888273780278,-0.0015455511251036835,0.6401817993903514
2.7804899294107637,-0.011500967941470153,0.597929414777402
2.4171755322450483,0.009786255960441137,0.6477063449293029
2.299837630076911,-0.0074389887702690505,0.6329542685411709
2.323048895955967,0.010050852274423372,0.6360616849289216
2.572492990512902,0.011465590007246673,0.6259583613607913
2.333533480551852,-0.009948195588214803,0.6369160439717494
2.5494653184031115,-0.02337267434953305,0.6347279055132491
2.353073194216727,-0.021783470370640545,0.6314491557463864
2.5178001132732803,-0.0020890163575444376,0.6257483800935953
2.19592079436598,0.0023115206870236715,0.6522292538242491
2.3686900663215638,-0.015082153784688357,0.6270827246856101
2.578774216775797,0.014818899727067958,0.6311496200690846
2.720722994570287,-0.005381006284851164,0.59520785752767
2.0689907740487103,0.008896718977325468,0.6742815296263773
2.534454472718247,0.017938579233956586,0.6201805575549455
2.566964318223698,0.017921477345251846,0.635062337528865
2.3993398527974183,-0.005368847247680941,0.6331844013762435
2.5662518183582383,-0.007810297031388247,0.6019599356604399
2.2957077336693312,0.02712098112692707,0.6410022052021541
2.4770285168555684,0.015075128140426886,0.6255406376146093
2.290789560730436,-0.011835801645869504,0.6525132300878969
2.9017178723454595,-0.002982557660642149,0.5839666671383873
2.4517591331085424,-0.02636560663548293,0.6497471026434697
2.290839225384597,-0.006691353719173954,0.654443164936603
2.1671043788192548,0.0033694204681533613,0.6637908787304144
2.5217561821685286,-0.023221063610657566,0.6052324013761302
2.374320170424512,-0.01716748697905035,0.6483034344293965
2.316321105455279,-0.0013393898029068207,0.6521346788976371
2.316430013388654,0.004946727629944636,0.6607908018381696
2.512616684346658,0.022633902535059702,0.6235999747321109
2.30485525436693,-0.011861647392132246,0.6449758182312901
2.4577928739232275,-0.007489086886218077,0.6318316546121916
2.232864607788967,0.026258750927356855,0.6784994677899724
2.365735068414342,-0.01936032804355392,0.6354772774003541
2.4363919229791353,-0.003651124770964742,0.637605938027749
2.501697161749559,-0.006796561312946148,0.6241163062406061
2.3118792766331966,-0.003140607727713185,0.6306468648175837
2.3801351255365955,-0.01336869173705213,0.637692420409081
2.4403512841158848,0.0028878181813722925,0.627206511873408
2.4577728210193612,-0.002657013852707113,0.6357883494230016
2.5280553266164754,0.00015495748047955615,0.6276739683291271
2.4841226933171208,0.0014972425071839712,0.6273841030801253
2.466055020655106,0.0016392697249154597,0.6291551619102279
2.5750306803177447,-0.0007056268448901726,0.6079941788282024
2.3816120238155305,0.004544139407405945,0.6350265452725325
2.6149695365882635,0.002640764404401308,0.6263331851353269
2.2671886891699122,0.0063060927187683635,0.637190904704086
2.5750306803177447,-0.0007056268448901726,0.6079941788282024
2.4750964394281185,-0.0030683332885512726,0.6247562669435393
2.4296625267902123,0.004105656319820072,0.6193940571163224
2.327254392804249,0.008791908932449077,0.6541914761825783
2.5519096851218825,-0.001991752080827247,0.611988729718256
2.354163438007636,-0.016952779769182857,0.6355850208875599
2.4684836694277714,-0.0066611679618282515,0.6450980548252688
2.44173588489444,0.006160136209510503,0.6252211415797316
2.382883335878989,0.002499627958878481,0.6285753078197767
2.501352931342867,0.011473124451208072,0.6489000191084086
2.510097806828951,-0.006641474067490938,0.631511367799274
2.4673353185489435,0.01281590727161186,0.6290209320623349
2.4855267211920937,0.004571361969526899,0.6376605795703074
2.3979112736088046,-0.008065737139791862,0.6156534048045575
2.538944809345908,-0.0057082969737169975,0.6432741679225131
2.6695250777370307,-0.014134399680337806,0.5984965127785797
2.442903383541039,-0.019272882609844055,0.6496724294538277
2.3938268423025484,-0.00804578129554856,0.6660350757853012
2.3744609966102828,0.004971169281243526,0.6424656196238479
2.6040658610254397,-0.009492854377955329,0.60740149996905
2.438444894229427,-0.0016986736852313555,0.6487864493303026
2.8203022616114692,-0.004921662890020162,0.6267962633783067
2.276168129706338,-0.006848620324947818,0.6404719107659043
2.5789194441824272,0.01422402899255304,0.6239116867282464
2.3393974016238204,0.002951804596667884,0.627052859491972
2.711779374315091,-0.008450802873703367,0.6059637701473746
2.286854736212498,-0.0008625701691313825,0.6471428284788985
2.2137362293676235,0.011836451749753785,0.6568359443832861
2.4374217069920974,0.009869939754154178,0.6395075552762024
2.547841215945819,-0.025388801707397324,0.616874859903186
2.261252166012201,0.004958285081601677,0.6461615797073003
2.231739641066754,0.011078729170435508,0.6483207147343877
2.53304026608792,0.007901350140985475,0.6416770474768503
2.5173420876271715,0.023048284234179484,0.6170149482342027
2.5358862326972207,-0.010984976980214167,0.6306685815778224
2.497277895847597,-0.010136794461655274,0.6000502363317842
2.275330714481944,0.005417926342283108,0.637423006382221
2.464080092776228,0.020043212790810783,0.6472114629891105
2.8450800830131335,0.024531034119337214,0.6082211830253167
2.414020038765849,-0.006829088520825755,0.6607259055411828
2.2894996878103653,0.004592797035087637,0.6408731769810182
2.4585376939091894,-0.015725186485445075,0.6295459900156294
2.450365389132058,0.01141249005076772,0.6106005691315791
2.386913428389207,-0.005379006087629756,0.6424937607684591
2.464438261869648,-0.00989670207672999,0.6340630330344011
2.5407201452153014,-0.010187722005422284,0.6334128580800783
2.549167923587228,0.025124896177832978,0.6197431255011417
2.3050148702402997,-0.0009305713007681238,0.6455539835377048
2.3091353900927554,-0.015458379743271022,0.6411352704836711
2.6214744060706714,0.008334858938592093,0.6018500050474656
2.68868821131301,-0.02449483444891931,0.6041955187924992
2.4518831425773153,0.0007426629393023632,0.6556206004737255
2.4520006835953385,0.005471423165834599,0.6387537503424225
2.3441179137745616,-0.01215537967750202,0.6628075936428058
2.516132310366733,-0.007575147491654999,0.6451673707461555
2.467751309468914,-0.0053052468765375504,0.6052815479765039
2.31717820753692,0.01117578705108091,0.6080136960242366
2.1622356429101828,-0.021874653004852362,0.6551878966166325
2.310641314277737,0.005167319774895374,0.6247990962747564
2.479322784988354,-0.0012559908798643882,0.6271938438755411
2.782805719485839,-0.018971766432642312,0.6173396343346548
2.6555064145099583,0.014593862084277598,0.610721351883335
2.467839825858558,-0.004368282008853974,0.604379790129914
2.3144168031847494,0.0013614737435374558,0.62725847668448
2.3489542878535414,-0.007642412955029432,0.6137685210285523
2.329093353519481,-0.0019106846063075,0.645815429465451
2.5791945209442786,-0.0017895117798831794,0.6215519322128742
2.8269561354732295,-0.004953236430509822,0.5949446214930562
2.4234163598570344,-0.00170760927777458,0.6349979614419489
2.3093241549045525,0.006236297172259819,0.6502356765135459
2.6455222339766817,-0.005045754271832736,0.6326679486196557
2.6028721824287837,0.005938819907979065,0.5936696288934933
2.5107911876139406,-0.002349571377071369,0.6158772171168355
2.613337240155327,-0.0030365912995840016,0.6169458837394751
2.296288813812393,-0.007339013722514887,0.6264152550253054
2.4027164456852206,-0.009485193388286683,0.6283625568046519
2.629972978793541,-0.005349639256859273,0.6160459251345632
2.5326526735500603,0.0031189903157065046,0.6340394785261001
2.5197651846069067,0.0036231616481343654,0.653738411462687
2.3473850784035033,-0.0076552004615597635,0.6259353483560818
2.4137813500775525,-0.002258714912538373,0.640317242476123
2.5436800302853158,0.0029977695912917213,0.6495500411047785
2.429383510703015,0.012808623065567515,0.642408060447354
2.351836685990107,-0.007924394343584495,0.6389910135358691
2.300255411191338,-0.020464715319422844,0.6523591829681543
2.3635859047391694,0.0032717323214592753,0.6396024058415817
2.354459191688695,0.005520098204671031,0.6372368981799788
2.6060793343136686,-0.0001621746101594379,0.6057993114949494
2.2973832764282625,0.011564080584817171,0.6451720958474602
2.49681040464608,0.014141614488164977,0.6261137172775848
2.4747152590208152,0.0075739834240493575,0.6460155771886845
2.202490820462458,0.00922248212244825,0.6679777961582629
2.5549198548188934,-0.01219122039939724,0.6158426718665093
2.5026406181169074,0.012911328595683669,0.6328363900496581
2.3999429395533283,-0.005425517414389569,0.6530178444185816
2.1623135530546387,-0.026536691226675346,0.6622229732690723
2.4297785761060857,0.012895057817619238,0.6309548294625025
2.511243108376439,0.013255899133433946,0.6318829934556274
2.3063126300311403,-0.015613441583538501,0.633041745357803
2.423463539021531,0.026831417341858455,0.6460308050098481
2.4510986221560906,0.00552221708073497,0.6299772854791764
2.4660836076649804,-0.004682087450982753,0.6311221866303617
2.3581252518848723,0.008796791917612623,0.6488603227289552
2.371548093723649,0.026554438417074833,0.638875340343119
2.4691412514181423,0.022950120900172344,0.628995407659454
2.474951587224809,-0.011340380503713554,0.6285102011811311
2.413075334930728,0.01266995811880145,0.6453146342664434
2.362490137858137,0.02203775226221505,0.6326362313375692
2.3803856378039403,-0.016762570184894354,0.6565823061503885
2.504648679849995,0.00022514736837941918,0.6211341809639326
2.4454944838219745,0.004284625495652339,0.6361529127783259
2.400478648107084,-0.000640939915158345,0.6248652134719437
2.253835906115523,-0.01020649759234371,0.6469379062232219
2.3683682239325483,-0.0028208556714177657,0.6296535183258468
2.4973062170478095,0.0010327548847737233,0.6180885484129306
2.5081313333708106,0.0007842626741048075,0.6157930464523261
2.387372657790542,0.005843195063355955,0.6386685199152732
2.6177902727256304,8.535028900880093e-05,0.6187023765551305
2.597707394112104,0.019212208337322068,0.6228712979453798
2.682472648427078,-0.003812337796924359,0.6076479632875645
2.5768260316564757,-0.002001394921568256,0.6234561171702645
2.7203779913013038,-0.008090674689827715,0.6078455333802202
2.5222872558924974,0.00673649031299739,0.6137068161442184
2.600828936527881,-0.007572590223566822,0.6095206758047134
2.5493963680599863,0.007712773448040222,0.6201272826709724
2.2394043599635003,0.005180401686010416,0.6593122515338935
2.380602267886342,-0.002268207524636745,0.6298534507228061
2.372287463148426,0.017530214078033124,0.6366119144808526
2.4685192494633887,-0.0055264758422319815,0.6269563254661307
2.4130800315470915,0.006159490228747844,0.6292087785133508
2.719867601520122,-1.2034694025997439e-05,0.6113661370419142
2.483316980950759,0.007654594760381439,0.6350142311596539
2.369967694013461,-0.011133249723852101,0.6158634026339008
2.384464971157052,-0.004008730904833113,0.6310250944535631
2.397396332005453,-0.0067000490437063576,0.6414506459862797
2.351548036182876,0.00802403827655418,0.634139396424474
2.6071219642957244,0.020148739104792313,0.601795475427196
2.386927403186259,0.016202826037807316,0.6290514045628308
2.4976025741335772,-6.258432895900334e-05,0.6172646478652826
2.5036793428501123,0.009510821598587516,0.6101760693293793
2.396693575722344,-0.0198613629179063,0.6203512956399536
2.3574908094269587,-0.003499996082015011,0.6510485160873384
2.5786778812371374,-0.0006736566417715473,0.6314060986927401
2.475084886031842,0.018297536053730745,0.606965554891281
2.4937599459419606,0.01887460347270431,0.6256273149747523
2.410859482481785,0.0012757660000048965,0.6418519606349821
2.464124302329417,-0.003008070527406037,0.6144521174684938
2.6004908985528488,0.0018158514216182198,0.6198763116761976
2.5487739694606026,0.022916032295174027,0.6289354578138416
2.5596351973458495,0.00972242353359598,0.6188547782314728
2.5563695201961596,-0.011762376606075708,0.6414291834478091
2.5007482350912493,0.011197233220155312,0.6359877530007791
2.539933660789971,-0.013975048734388817,0.6428072890257525
2.3512918550404467,-0.01538730334965921,0.6416104662193985
2.460605732272525,-0.01747099802929286,0.6410813682382834
2.4277532460207536,0.007057412091618032,0.6373076812486451
2.2997351894141422,0.012866985557879795,0.6274606622397275
2.429729265140027,-0.011166174704396958,0.6584416692386126
2.5318273270344247,-0.0007199269869677671,0.622979037633221
2.4600910468640316,0.011048517553183146,0.6255916545125302
2.541364648456167,0.01898308208930044,0.6309638152809267
2.2571813003637033,-0.033538733854075575,0.6526497389334425
2.6452296920604152,0.006647717424385746,0.6195924728237815
2.4917738540925973,0.005129679807287735,0.6318601772622052
2.2653520213384146,-0.013280106456322827,0.6576299028499176
2.3251819778548786,-0.04087314886168292,0.6519507757397702
2.318125300292189,0.004144008515292175,0.653354779030488
2.298272203995288,0.017852671573390655,0.6473522487212162
2.214475590049855,-0.02606117600944291,0.667136626922224
2.4051167383538745,0.04042408391136543,0.6329847981043556
2.309748074919431,-0.01464992146825228,0.648143970749573
2.508527174527821,0.004297810976327643,0.6242242812878879
2.216578339814655,-0.023190625393982645,0.6709874739288944
2.3644152202700166,0.00982286591346404,0.6418629275157364
2.7539269935638755,0.011663414913263281,0.6000303043923466
2.582460219161081,0.008940900260283158,0.6177890729978927
2.225463515058359,0.018253996862990007,0.6478529877120603
2.4800658149548758,0.0018350254792820486,0.6415318883641855
2.2351260023361537,-0.006173094489525965,0.6727955911767052
2.3798485723118503,-0.0087621941109437,0.6440471152044797
2.3499150554354147,0.005498925567957169,0.6502582607912851
2.476469657071127,0.0056891807173145015,0.6075448456456561
2.1959213621113842,0.003846151060879377,0.6541828586483719
2.293628025945579,-0.00016668591302093638,0.6590516058466727
2.6330411174120654,0.010347310568433521,0.6128782668900616
2.3602960057566,-0.004787044199800583,0.6202720311730493
2.4747833050846135,-0.0034069390896627194,0.6160973091365181
2.658689157261193,-0.001982376038383249,0.593657160494439
2.603811044574515,0.0058885228955891655,0.615102270560926
2.4964482108627846,-0.008267365282058847,0.6333210480726055
2.2606753899037675,7.652695294901868e-05,0.6420313767602096
2.6949980451942213,0.014504474659483124,0.6277545162648465
2.4884890913916387,0.0016669152012780408,0.6119612200793735
2.419316027481232,0.004728055266874476,0.6427967643052954
2.570594172855358,-0.01667209344513676,0.6281102082919333
2.363852564645725,0.002964982871730859,0.6199490310109628
2.4453487087130608,-0.00739190502635223,0.6429889158636014
2.547775523599937,0.0013774239263735222,0.6290546972636223
2.42713090594872,0.019548057871404234,0.6544021215572792
2.588216262749396,0.0012580402591504392,0.6313648063187671
2.4105837616957007,0.002614929883054007,0.6478386115429942
2.6575357153008814,-0.009905872556789985,0.6160117096108054
2.5528700903926933,0.01352490668231332,0.6496545381114429
2.470077772168171,0.01924504085625367,0.6039814833436996
2.464823033036664,-0.0005941819410755222,0.6522835738649643
2.403053823342972,0.011914307479100605,0.637422002147642
2.4116993164461924,0.00032747298946156356,0.6237114987850664
2.4471111061961404,0.00022876690879103379,0.6573889902934823
2.477267258561013,0.008979107487102178,0.6120278573586829
2.4160625820644297,0.010574837263761294,0.6443940081481176
2.689487086576145,0.006476872794771049,0.6210256926844818
2.4572386359764042,0.004411435503668626,0.6268702751087073
2.3279133875853515,0.0010776308336071239,0.6269158557584266
2.485792804754606,0.02118632069988613,0.6505713470538625
2.3531440498934177,-0.003511202798131441,0.6534325974506728
2.55586886249892,0.0010508577035954758,0.6384223884051601
2.368380697363943,-0.0015553578491609432,0.6169023939630047
2.435410675081372,-0.02613879693375165,0.6497472115062418
2.3736048791653825,-0.011665671472095962,0.6319310352980009
2.4641050745021533,0.00900320871716187,0.6451492048781171
2.428713437000543,0.002768125463477933,0.628547447679821
2.5164367120897215,-0.014826643256495187,0.6422345227062408
2.3810647701746523,0.011885135363526755,0.6337309016056052
2.488860852759557,-0.01283252060213691,0.6378651715877379
2.4504787769423118,-0.004129643056192123,0.643198283431142
2.3896348757437473,-0.0027041380862284914,0.6101067885835793
2.625864320144236,-0.005911198133287998,0.6184399551983273
2.4104258705638983,0.00139630927449641,0.6325751879938107
2.6405443703454514,0.008385365073934725,0.6085605800786099
2.8155087250927395,-0.004196444632877938,0.6158327647576205
2.589847038520318,-0.022306099064404394,0.6248699082161563
2.448319432638811,0.004572108815492415,0.637739679845126
2.6594801449632812,0.01810759504826187,0.6021969480553399
2.5008621862951417,0.008056661162144207,0.6005834969082783
2.593099198944894,-0.021791750026814327,0.6256410880643003
2.51931791210478,0.00471034013336169,0.6070013248871321
2.5702037624999665,-0.017897480457599313,0.6201265589848672
2.434065477611692,-0.004382587839487417,0.6403264214663065
2.4735372314544737,-0.003172750129993185,0.6324718041586501
2.6374837913175533,-0.0019113462338251619,0.6220885429429492
2.3369263802650058,-0.006144578840277415,0.6336319410618241
2.3876813627048588,-0.0004218720271307319,0.6364186003218348
2.506576116658084,0.004012373502768174,0.6494200337468883
2.576968571869518,0.01261725941233216,0.6356184235532648
2.3553846686503714,-0.0006473847177093095,0.6508273169845816
2.3355472469977245,0.012451419100022898,0.6530512784616289
2.387162802114709,-0.000554641444580728,0.6428914953805932
2.3115700633333036,-0.0018879413632093556,0.6382359184476147
2.2695148175989046,-0.00586811439366941,0.6361985065110586
2.3355472469977245,0.012451419100022898,0.6530512784616289
2.4156029077450083,-0.0016675877913852055,0.6328553530350048
2.358999432086479,0.030558170497307025,0.6583974355277503
2.5682378448043144,-0.0037745708985474913,0.6292579623365198
2.3128034190522464,0.006406122205891096,0.6602450164372095
2.5422336070441722,0.0038760429603101887,0.6387321019902962
2.198326738943394,-0.004835392826598284,0.6523087158720116
2.6025773341398075,-0.005308260113943586,0.644249979679812
2.3439599126905066,0.004052584938022186,0.6697257141756573
2.6665248037186062,0.005303060694586081,0.6416014594782986
2.209265507977926,0.003942640032137845,0.6461845007327938
2.4503009964146476,-0.012619485842237044,0.6332508658019698
2.3389879580957045,-0.009858613865464383,0.6481132282970923
2.504850417287994,0.009450350237713456,0.6195176022510581
2.7806851465791187,-0.01886386627822656,0.5929839310532302
2.396152604942884,-0.01876347029455916,0.6382061287955354
2.4375830955167075,0.005003214228796127,0.6287060374420774
2.461192781622927,-0.0017293292019515683,0.6368998963730039
2.8039923481859317,-0.01474530234747884,0.5988156044002217
2.6266627109943945,-0.017815894298324864,0.6296714014628922
2.304723181385204,0.00712149755916025,0.6428793399706072
2.3928184264923096,-0.006572379727710631,0.6462452665085466
2.3193695314995004,0.015846531292399657,0.6408788500705539
2.4738806143003553,0.006263464677260355,0.6354020192002232
2.518523321173162,-0.013368926584123031,0.6402509390427714
2.3293797445204665,0.010666557265611498,0.6412851335848154
2.4952536281390643,0.0014181527985557274,0.6325936551747559
2.5638075114579313,-0.006423502004944348,0.6238766708112953
2.479165681773425,-0.01848932924168678,0.6286251000527069
2.374304998720343,-0.011796622890958952,0.6324298780547495
2.62228381751374,-0.006261925813358493,0.6101452947157525
2.4466894354254127,0.012946388832489664,0.6307890613421117
2.3311869816184334,-0.01702479027149284,0.614927828298696
2.3972357689167527,-0.020067131397393245,0.6421659864464232
2.426053109597115,-0.0013737756089367004,0.6323464597433687
2.391393740775958,-0.0035116312238827607,0.6450890851621419
2.453508416613884,-0.018785482149219712,0.6498309639712215
2.3560541169658844,0.004779378741291307,0.6607646385068628
2.3363438289737153,0.01037063493835566,0.6350219318316396
2.2821508252431606,0.0007467155359139888,0.6357706528335839
2.2821523717516796,0.011814468134139222,0.6336467967935905
2.2875173429707916,-0.0012605584265397152,0.6405005155415523
2.5455211589247817,-0.0012838747885934865,0.6175368519197787
2.444003936768497,-0.0023272296602410147,0.6145225143894766
2.215407350445519,0.0010597935047933493,0.6401098926534351
2.37112615890566,-6.596419870574799e-05,0.6521483371337436
2.3226811492576047,0.008860029753855692,0.6633980312521953
2.4740768035340683,-0.00709476727087921,0.6263160723444052
2.5377450905806427,0.015843367661876995,0.6448449272613183
2.3810203574762383,-0.009797875796186295,0.6287082803101325
2.3889708433555645,0.006839774519181496,0.6252318068341083
2.328578043150597,-0.02136446539352943,0.645306821400751
2.456283141381213,0.015593042730368323,0.6288972315471155
2.5315374696157242,0.008824000718507419,0.6245394365315486
2.6682385888099214,-0.005234279447133394,0.6000567898338914
2.163969125345161,0.013408125485827371,0.6591644256562025
2.6423647804599306,0.007848884168953907,0.614288209733609
2.4565814499310257,0.0005914725983375835,0.6203834780004773
2.8359443840260345,0.006658491874491634,0.6026433540032091
2.327880435006437,0.005361577698073772,0.6478297735153048
2.342945417716021,-0.0057258404852058575,0.653423256889483
2.7374140621503584,-0.013834198533082764,0.6260651496942019
2.7615987827437034,0.0073588588383741715,0.5943033587451377
2.3763548987107432,0.010542553592018722,0.6567417171481131
2.319010618255522,0.0017063954955280902,0.6445241394325051
2.6656783606688363,-0.007187795535588792,0.6279586017335301
2.368204290302677,-0.012656843486479552,0.6510476558828501
2.2982955380114434,0.01207561801901913,0.635153531300064
2.288660812228665,0.0003549770913364725,0.6578694539652291
2.691284534486897,-0.015736900704142798,0.6011037105976249
2.5530106301029756,0.008316420232743704,0.6277209707164262
2.473842744126139,-0.005091091518154123,0.6297651930696206
2.3949661064527583,0.005437255948090192,0.645385629331849
2.6052470263180982,-0.007227508289776363,0.6050134639160758
2.482428021667285,-0.011929755989251056,0.6229792766492023
2.308605066910377,0.008934082952610334,0.6458912262899464
2.348626850638695,-0.012085849439954721,0.6367788329596662
2.5701541019548633,-0.008772231413292753,0.6025917573004392
2.424953110462279,-0.01069747495716733,0.6397774854494235
2.2994100856694737,0.009572514188519454,0.6429968214966671
2.2999949885614135,-0.015882471329244696,0.64050026845833
2.543759969067032,-0.005150747111184906,0.6102637943281615
2.457656441642046,0.015251061791622611,0.6281641202194863
2.4206162145149874,-0.015276070089736304,0.642839668628041
2.4384844117375635,-0.014718859863500855,0.64714817145197
2.4456011987777635,0.016483427236926085,0.6228094936226458
2.485072245478374,0.002459390523718241,0.637668419950168
2.445874079903332,-0.00919008407052857,0.6549734671267521
2.5350179816721607,0.014181225863893365,0.6240086264881108
2.423955864534287,0.015237006425260713,0.6445177406651472
2.4683848577319187,0.004655369129303644,0.6336467843243581
2.5010709957347683,-0.007128840919525814,0.6440062427940386
2.3522004468618167,0.010502499196297421,0.657592246926254
2.373886238862705,-0.018431834336224417,0.6489880244032242
2.4297559488416325,-0.0017096388572981347,0.6343884481629175
2.417331393093256,0.0058622299921353704,0.6415760407932409
2.596390374722239,-0.006849218305786886,0.6312563802705174
2.424575016105138,0.014988436148998252,0.610653894032702
2.438228827751236,-0.0040889479429313536,0.6352810034330348
2.3936645800867353,0.0021220677404700794,0.6286638301706754
2.4994884984480743,0.004032946487621203,0.629685020664988
2.5944164484581775,0.013280576660491095,0.6173299344618308
2.6553923006033915,-0.005962035072722971,0.6163838443512437
2.3538734254814173,-0.0006130325601132469,0.635604960776196
2.276406790829475,-0.002433070070457566,0.6422831714433791
2.5452022440560085,0.008275421037174269,0.6265998660667648
2.785071320055024,-0.011470649391244203,0.6214872696275123
2.629241205586936,2.1197036501829913e-05,0.6304323746164356
2.2816541380912447,-0.018476387294829255,0.6492274168133125
2.3283616082265897,-0.014949982687565422,0.6549367504817656
2.659300676472834,-0.017988082733844113,0.5995275020002941
2.2909432070736737,-0.0013617414015756335,0.6352495315060412
2.4995346616822753,-0.009411131271361173,0.6438145113465124
2.4184436112907477,-0.0032361024509535152,0.626840417929882
2.645428877172111,-0.00909309965363847,0.6319239189667206
2.336447467717688,-0.0019068972079223645,0.6445378216140626
2.3849584380331947,-0.02044087743786127,0.6445781254924029
2.5622449156838423,0.006608795484478458,0.6258259332578198
2.6696818798982855,-0.006186972869925755,0.6331340192106548
2.6499100894697065,-0.024929643733036633,0.6124588558342704
2.3849584380331947,-0.02044087743786127,0.6445781254924029
2.3865451026867177,0.004800941156202221,0.6359738588329042
2.4825342594758424,0.01580685875322918,0.610016950268644
2.5760838165326425,-0.01245946660454389,0.6252567826560896
2.3925010038039467,-0.020035445000518903,0.6423874372177506
2.371566982562201,-0.006770478740440566,0.6481588921694004
2.6396534036660766,-0.0035640318489649214,0.6194721334650352
2.651092131861435,-0.01014770069319293,0.6267746449999776
2.527393010117949,0.019329001631687825,0.5966383638998701
2.4356591324326553,0.004651398985878519,0.6281250337756932
2.3619100370887183,0.0027571419725935797,0.6349008568788393
2.5219832523243424,-0.0045978083599687025,0.6194549318981242
2.523615350165499,0.027134392560131726,0.5921826645972466
2.56384853828565,-0.0005324828890029831,0.6337586476558984
2.6341764128327285,-0.004218144426308967,0.6321393205803217
2.5925570092191137,0.010531332573413543,0.6269466662672973
2.6840346066900778,0.025651424701867986,0.6196815183805522
2.4767623923436717,-0.0008809083262810713,0.6271959760209866
2.3288459537774977,-0.004102477139461769,0.6368085091711542
2.2948803321536158,-0.01244055298535418,0.6382006629562871
2.7423402673980424,0.02639913360755841,0.6209608390955013
2.2351061875604272,-0.01002996337118045,0.6547652052280024
2.2975168092742853,-0.006084164587117691,0.6314263560091612
2.336376088567907,0.005408385368350199,0.6556472845602934
2.304270894657833,0.004977570492257444,0.608500842737305
2.392586664232681,0.008324510808851215,0.6256190637964985
2.392029490420276,0.013131878992472146,0.660342265795668
2.4316118828777666,-0.012183332186983309,0.6214636336652889
2.2252274170165065,-0.008278733708693586,0.636291723248514
2.438904660615618,0.011930866343378144,0.6459182529158832
2.4547271514003954,0.01536702680413371,0.6430893500127388
2.56815602440344,-0.009010538890664943,0.6140903839564886
2.3012806782141983,-0.003262236216794445,0.6247282281634557
2.513452783918707,0.003191783884214594,0.6120814855122996
2.3167701238906053,0.00043299720181333434,0.6355066439022847
2.428629361384857,0.009749453591785251,0.6341589789145314
2.611890867574124,0.007321648823879645,0.6406661807733702
2.657406349478168,0.0025946172323421113,0.6202698679500807
2.654612343398731,-0.009815481360095246,0.5964970585685763
2.5309546071072804,0.0026471160500465274,0.6280723026349445
2.580148922221728,-0.0030674057300204005,0.6264372719007013
2.717634052457225,0.0068061177912828175,0.5842171432436556
2.7675090867687637,-0.012194050316790772,0.6092266269295338
2.5744168018460485,0.007112773470977274,0.616912656682151
2.3506333133316315,0.0004489631033273156,0.6393002852007684
2.458618449325278,-0.00944319683201833,0.64297852159056
2.3382280760606404,0.00631959112033198,0.665020950390998
2.5592216700101322,0.004201618969738252,0.6257804808707239
2.6826274503756378,0.0060008324009401814,0.600291446740879
2.4483966990347192,0.014527034994157972,0.6243784366801881
2.623046574409327,-0.009578168275894194,0.6323008432174589
2.487806104060639,0.007419344281377471,0.6448452582539255
2.4397417222488333,-0.0019088063713215142,0.6324629263242494
2.667180816002622,0.010928200524771281,0.6112492159704492
2.503873120478247,-0.003238702302115648,0.6039040423781599
2.4437801846212106,-0.011023096024484813,0.6441439143281148
2.4468865233943475,-0.005597045958574576,0.6320781491360482
2.4600957675367523,0.013054278489365467,0.6265362940651737
2.4971724387835956,-0.006276957234865543,0.6299286525880866
2.4102212511637924,0.006774659155171614,0.6435184431609124
2.3574897066779017,-0.009581784744721267,0.6215938142694716
2.3716060210023855,-0.016293317104972838,0.6377147086459211
2.5268450305134595,-0.020579875798435454,0.6182271890225309
2.3568116310117015,0.0033849764312041675,0.6291876400149776
2.1584118323649846,-0.003608365316822848,0.6622215381212787
2.47457493111637,-0.011368664942764894,0.6428264497751647
2.502238879696413,-0.003545812690048722,0.6300340311400335
2.4815626071596357,0.017992982353517206,0.6321514998729134
2.280675106674777,0.0022624824605506078,0.664164735182603
2.6273212093997653,0.010884824476673272,0.6010942280924563
2.38592817012174,-0.01238159354081203,0.6206761210402724
2.4434751448592005,0.004827760035958972,0.631300799460694
2.241837379120868,0.004540441015355112,0.6506868218013024
2.5650393236535347,0.007468825135433121,0.6192673404251489
2.3641014229898447,-0.007404416619632537,0.6274896430247543
2.498876231292762,-0.006892842670473742,0.6259325878104167
2.6258011563597066,-0.018811417371564332,0.616170472846883
2.2794090705536445,-0.016924652726947098,0.6553332941878877
2.6181193000335576,0.005715313064499128,0.6198582059428798
2.4954577108439295,-0.0018119392052426964,0.6458968713301273
2.589294128023614,0.02036221776845215,0.6081710814170223
2.561229311901096,-0.012944495942321499,0.6194061229655268
2.3782252007642035,-0.022219816208902676,0.6294426924924985
2.3539599053777236,-0.0004027328477644865,0.6367358134509767
2.6309342442327557,0.010326645559951109,0.6300305746256312
2.3792082720735177,0.013744162704465213,0.640410749273072
2.4041034594871693,-0.009002101265053852,0.6427841330219253
2.5289670578968932,-0.00036105007014008983,0.6322092365595704
2.3102018088552705,-0.015787931502298402,0.6516589707530239
2.2889988037798923,0.006164817286349544,0.6325138551832993
2.3348625377726604,0.013323121921563708,0.6496102235465047
2.488290056147589,-0.006190424663428118,0.6050263383025793
2.3703217618664243,-0.01286307041817114,0.6367002164720714
2.534255147867525,-0.00689324361299648,0.6390806934358388
2.419656220521781,0.013629817595117055,0.6574390726110515
2.409113345578158,-0.0031862148421597514,0.63245433894279
2.440986013076856,0.00864948823709999,0.6357962074915587
2.3806844386519894,0.008374785129575235,0.617709907490593
2.466361874722647,0.016233884659541564,0.6481860987128056
2.3940621324954305,-0.0022493354597350468,0.6379288692295905
2.36428858078695,0.018453729385043527,0.639871151340039
2.4956016162230346,0.003952308120320769,0.6489943556696656
2.4782016168683043,0.018243140572041128,0.6043236218069777
2.5162483602364745,0.0037581954437373444,0.6354206092955728
2.4219875940870823,-0.008138725075962583,0.6414258741652294
2.564646399960383,-0.005759408587192594,0.6104360024803512
2.5924050385761594,0.0184524089240663,0.6229592596286174
2.2985957744573446,0.012350824894693968,0.632562196898011
2.3761930946835146,-0.023506120702001088,0.6333341437042356
2.690568086275631,-0.0043296139570734304,0.6175095956426373
2.72703373325116,0.00781476893643851,0.6119830747994534
2.275952511434429,-0.017242570109881727,0.638359121902449
2.3738190118928526,0.01794186812060028,0.6499032867683354
2.616641137442338,-0.0010991105387221367,0.5995427287453114
2.4100687644041363,-0.015571774703269758,0.6593166636952458
2.498121249560794,6.319737091509126e-05,0.628284702508792
2.451920823486307,-0.0077796137188692605,0.6301131470590831
2.650215443888834,0.00711217879183601,0.6206814370497246
2.194976444976307,-0.01936370803040921,0.64075054281769
2.394779081933225,-0.011981587224762835,0.6434797165328308
2.4426383614581657,-0.009025903823149939,0.6330809690954289
2.5163065384653445,-0.003313480208191777,0.6158950984555097
2.3234285230323244,-0.010363619533189095,0.6461222505434939
2.2840928662833564,0.0034695835545746068,0.6460068318845559
2.5060031777053227,0.0017562997119511259,0.6130230046924524
2.2617888604058245,-0.00464280853416188,0.6637437063367982
2.4280084149777568,4.4811743357353606e-05,0.6374380168418591
2.5676246403316934,-0.010969096074965767,0.6329529044008814
2.283938976337192,0.006577245973131252,0.6393117142716414
2.4167769458544384,-0.014578945856372538,0.633646073275816
2.471250930933787,0.009629234835975442,0.628010501271861
2.480479867610349,-0.004856873510684423,0.6400298191691448
2.3953810716712285,-0.0005144735236717324,0.6452528473359673
2.3778515180428172,0.0042235282920390915,0.6305135528860084
2.3752331542737832,0.010669676049576138,0.6393587652095052
2.432924844445932,-0.004490228493646553,0.6372251672172564
2.413183847534863,-0.0016420902591802733,0.6488761895446259
2.562180701011754,-0.005437689567566073,0.6293812725396187
2.257397081613222,-0.017776766105875197,0.6612968024422461
2.7991972841817434,0.00535199991245916,0.6004346920815139
2.2605898507300792,0.02426854346107077,0.6512399385477462
2.4937706304859306,-0.004805988779820636,0.6376399775628063
2.477003271455823,-0.01602926004582894,0.6245481523787278
2.8200659010217914,0.008202245547593412,0.6047943600390142
2.472883005966422,0.006910254391067516,0.6304427682735692
2.5894771577722837,0.003297439416770187,0.6192275869644394
2.4255794261431385,-0.0010148539481387164,0.6270074936925597
2.6088344552177345,0.007284322574449664,0.6048056135363026
2.427423777856642,0.018121477457078594,0.6258318605713936
2.709758614984345,0.005395150784423874,0.596222048941258
2.5706941655175584,0.0012653961874744546,0.6237234622060285
2.334198544788286,-0.0068046587901229305,0.6505340231371505
2.498807425887957,0.016524864057436917,0.6503646523748369
2.1898033529188736,-0.0003650332115563426,0.6595954571994185
2.5255107406182495,-0.01057741281682878,0.6292315636606268
2.396994982020774,-0.024530894774601686,0.6401927391855674
2.4313422438256067,0.009953453868181805,0.6299462245285244
2.7023863115445472,0.00704503063011841,0.5988196532137999
2.5461881946418248,0.008818600464577608,0.6014682286148434
2.444705430814784,-0.01045959929190432,0.63009529615009
2.5795310747719156,-0.015253034450408043,0.6196306595741236
2.4451845952693185,-0.0034378515499216,0.6344964514643887
2.4017881040939124,2.204488740531474e-05,0.6573987844091559
2.4580638414578426,-0.015593756550398075,0.626672083629161
2.449988546576775,-0.008149618892120403,0.6332805429888997
2.500522046813092,0.008192704845909171,0.6232655244402833
2.336007575731151,-0.007491963463343021,0.6299499039329562
2.449253832687391,0.0036827357636071145,0.6480098317864253
2.3334024794001524,-0.013209785917226435,0.6460914533449261
2.4280443971934877,-0.006256677766854235,0.6372348878734264
2.415954648707611,0.006140339792025218,0.6212983154002624
2.4282818660603604,0.003926812183018269,0.6298617890172448
2.4443774126959226,-0.006502902314572401,0.636341267822648
2.4280443971934877,-0.006256677766854235,0.6372348878734264
2.4151195111111177,0.009546073078903206,0.6271467320237396
2.4028695427651052,0.002158379280181144,0.6504426853564262
2.424739904804781,-0.005289739588377973,0.6351668141263459
2.3272856558470947,0.00018764463193399195,0.6356576881473422
2.4980552125297133,-0.0014283866580255822,0.6345724517317705
2.513409892184491,-0.010207658063088765,0.639887519431789
2.3695439385693184,-0.010774995461421133,0.645692961379862
2.2994516196898083,-0.004365043329676244,0.629826387155175
2.446770827101443,-0.001189969707298788,0.6381899617313368
2.301211747938981,0.0018010708011009235,0.6401973475605128
2.340277155958861,-0.003584532724549394,0.637451839846137
2.293343932009974,0.0010525912469989684,0.6322461602988031
2.4517435803044956,-0.0016067790126228498,0.6331044927477456
2.3343847080249542,0.0024540078905452845,0.6326953492243003
2.5736590100149566,0.0003296250869493367,0.6376778461423933
2.327482605173887,-0.0023113524428843846,0.6304713066081676
2.2520597233869415,-0.006881374851495536,0.6611371799117
2.444236870962096,-0.0013288929491048762,0.622630084605209
2.527185458360563,0.0021059338430222674,0.6162222930389056
2.4125450234846992,-0.009467852884738504,0.6383694384599262
2.2621707195094563,-0.004166020875377985,0.6493663786630988
2.374433666771052,0.006359709169311056,0.6479596395095206
2.5554474532100295,0.006938326271268336,0.6303234707591087
2.332387121530478,-0.017944758367028024,0.6439817313025905
2.3675924820213687,-0.004930994392791099,0.6506143879671555
2.2798875781288093,0.008638255701044928,0.6451949805147285
2.5119567286349005,-0.0023299021390179586,0.6373359413798558
2.471831786609436,0.0005997806429152153,0.6425157649534649
2.4152781966014865,0.009829704471493672,0.6362278531683713
2.2597588034654597,-0.0007485374550650903,0.6651968618855072
2.446450224056393,0.004065473473257475,0.6435438392553477
2.6034146135689165,0.014316944249624486,0.605663974919569
2.5317654527943576,-0.010015056744542727,0.6232106458745997
2.760822461322082,0.0008440768130877352,0.587768214285506
2.3644582343714533,0.004704949300336825,0.636325414516581
2.376175038258558,-0.007929177874349769,0.6324800017979224
2.5723434176792246,0.0007651319523882538,0.6234071959070727
2.260285067495941,0.0004749221098390155,0.6590187045285182
2.6292115602493893,-0.003530541284815669,0.6216967320685423
2.3050614865824803,-0.011499867274499698,0.62906831643662
2.4632342430229484,0.0021459757215622766,0.6441664731481607
2.4457886885546936,0.0006594690208789888,0.627145619909876
2.57597489304096,0.0014948951328588311,0.594345542504372
2.3127019200907304,-0.015638288964271663,0.6246031442732495
2.4113316236749425,0.0017854639795107374,0.6314671749475371
2.385730615167533,-0.011395838932814595,0.639879603367589
2.2798806132684573,-0.008997715205283141,0.6493805620945031
2.6373961640366725,0.010286846858660104,0.6229308752001619
2.426713826537901,-0.008019335390854643,0.6323146987231191
2.568065095068565,0.007262850386413389,0.61597500842814
2.249992824692745,-0.016773036783347628,0.6542744502940387
2.2982991877513164,-0.010174358747359946,0.6569906144822907
2.349501518941591,-0.018898194395919,0.6451035161249558
2.537549152143442,-0.006985663182673241,0.6224572468246277
2.2808911341653038,-0.026103734938258016,0.6524380796533655
2.195836068339685,-0.007707915341134131,0.6756866139029082
2.333709939895299,-0.002944190719219808,0.6466958323271543
2.4125126769936234,-0.00964820163480673,0.6085916609369094
2.2448847027323624,-0.0032001345317214103,0.6581124562809204
2.104815756596825,-0.005570339096451438,0.6659054465994508
2.2688650578437413,-0.009215460460479497,0.6646840265564181
2.418544142610492,-0.007306993067559775,0.6268109349822942
2.7101738294299076,0.013716114003561541,0.6157212458902928
2.4421177825087996,-0.01929249539893596,0.6425116028998695
2.4017343153715083,-0.011714918209835279,0.6525145368331763
2.512227584873906,-0.024467494273708645,0.6418689939211804
2.454892022356352,0.0036137075574467215,0.6306650160581274
2.358650981753887,0.017371554916931098,0.6474730682787092
2.304616677527773,0.008706288375294191,0.6428773351845782
2.30678538703958,0.004459424289002589,0.6493225063594246
2.576202265524209,-0.000368052782966366,0.6337722429788172
2.372792375581574,0.006344036233846939,0.6628530467175516
2.2042149609796655,-0.014372539564389442,0.6549033936408126
2.3440190098423925,-0.01404231602290218,0.6463006962625425
2.515949973995186,-0.0034509549876760026,0.6333137254665371
2.2855231388500705,-0.022650249318528992,0.6306494075866553
2.236655231309384,-0.013618932289684027,0.6655719792357996
2.2929423187890468,-0.009632750066592033,0.6356755078306275
2.267610862215306,-0.016026142487209682,0.6478084681334194
2.4584025200971333,-0.023682709362852883,0.6331777284807335
2.191901000043644,-0.01800127107255789,0.6559485411655314
2.3770622806067307,-0.0013942085563842799,0.6489950804635335
2.3070563457580735,-0.011294131545968478,0.650676548199514
2.5044871681048297,0.011081893311914115,0.6332423226504357
2.2957973897805775,-0.014427208000353131,0.6552639380567484
2.227185903655291,-0.006957657332008704,0.6597382229617936
2.337615021825194,-0.012009926939656967,0.639661556902501
2.4959046103925355,-0.010770462886259269,0.6470579597928273
2.2490422414651285,-0.020301034836966103,0.6454544833859044
2.2981250369192443,-0.0021993618068811838,0.6475566685544631
2.2746222235929663,-0.002679455401077613,0.6506383168272017
2.4019030591474633,-0.007166965468985653,0.6351990962226294
2.612828383214223,0.011151437708587064,0.6231438905125055
2.6038184083428404,0.0064049927841203225,0.6126113910795683
2.4542542746346636,0.014516985415313766,0.6276253661266937
2.56092816599664,0.008963110206993141,0.6153373541906536
2.4544391041579705,-0.010969390700167336,0.641802753940367
2.2185557498938233,-0.009308286719031722,0.6588474453639623
2.513282859336875,0.006711977822761339,0.6163849608705342
2.53999716963718,0.012634313401011399,0.614087678131727
2.4596224610673056,-0.016157245864122594,0.6318076216898241
2.625072890868693,-0.0052807552051128415,0.6065916055403644
2.579688460173031,-0.0024103381658500123,0.6154961687235411
2.5032812580665986,0.008698540076024663,0.6068968048037896
2.167197285809864,-0.003556832300056545,0.6536912346031365
2.2818415921927837,0.004379597968935389,0.6541435455359406
2.380957169932009,-0.002375680468372998,0.6375664065334805
2.5780445034210975,0.008775541634377104,0.6039998110153525
2.2214375431048263,0.00698714124318589,0.6513090114627925
2.5853572685331367,-0.00832192033874768,0.6160621793075387
2.376166833127601,-0.012098599021925782,0.6423894103674413
2.772207720005179,-0.0005918274416103486,0.5895478632690023
2.3752408499551962,-0.0030027341639224936,0.6506502155842443
2.147694155414126,0.0032224859159397656,0.6707458542374392
2.2156899251285425,0.012467632131142548,0.6626932424086154
2.4499721211785923,0.021078233627102705,0.6349537246889028
2.5205235098358036,-0.014622818050520126,0.6394132712274408
2.700742262143554,-0.0010612549164290552,0.6168483454317716
2.277608901696306,-0.009388417725106235,0.6510836375189374
2.447938698611839,0.023534944027948645,0.6370398498527212
2.4022780290250827,0.009775129640594127,0.6514175097175999
2.698966931288358,-0.012953008194988458,0.6268456440431572
2.292399577840072,-0.0073147859994124875,0.6555681042900177
2.367807043132958,-0.0015571268091774115,0.6376791660304986
2.4501934686738744,-0.0013798840099132903,0.6159797292783505
2.7597680787346786,0.019200060801497276,0.6033574654519456
2.231308337593364,-0.008336082138066248,0.6423990117775616
2.241793972917676,-0.01316543541857551,0.6632381447547406
2.2688382822989945,0.0002652021221143386,0.6441181740280325
2.2717530812088946,-0.015852772421979244,0.6635847188699537
2.231308337593364,-0.008336082138066248,0.6423990117775616
2.379348966925565,0.011249358581287616,0.6304805903844481
2.466031370609073,-0.017996273988029277,0.6223944850297138
2.3121745845452457,0.00845981586158473,0.6345411656394487
2.410649289955324,-0.0016276248363975565,0.6446074556512861
2.5836154543989545,0.005410341088260662,0.6270367233138205
2.6585268702920524,0.0045186681038664744,0.6314570896805962
2.5087262909609653,0.0025708073379508978,0.6275533968842841
2.3498474187888485,-0.003338230404079656,0.6375405542647334
2.7265617371565365,0.004426650747268779,0.6234055115837862
2.621809025471458,-0.00238203819953009,0.5972797598892777
2.387876081395769,-0.022110394282143675,0.6407293718924201
2.3488995500501595,0.0013918161875277058,0.6409872449298071
2.5954038749717827,-0.008508615218072002,0.6339127180615919
2.6010095031089073,-0.010951747021318514,0.634923824827232
2.5165649733238853,-0.0011038719318356982,0.6134225645947451
2.3437563122056706,-0.0025715676068767124,0.651547962307245
2.347958829372641,0.006280893347711869,0.6257080639389151
2.3587862436526787,1.1978019903269299e-05,0.6240644783777216
2.6597607144030877,0.0010748385166416963,0.6196269316273562
2.540672189948515,0.0059385754646965605,0.6154556014402569
2.5972739688736244,0.003584920638659339,0.6145214795455101
2.5203937700613266,-0.013665325508138926,0.646308740499066
2.3252326480498806,0.006214611541192738,0.6425189369478745
2.597859057545196,0.003980285103606596,0.6228941134867271
2.454023232498851,0.007271231322803828,0.6368818437575039
2.6410215814327986,-0.0021744877497638093,0.6183615197719459
2.3277110887044072,-0.0018050510548137666,0.6502506440982387
2.32796348825381,0.004946463344162266,0.6410998984567924
2.45014112381388,0.00552297809250013,0.6254442450626614
2.5495559350579655,-0.00040200186640237945,0.6245252983466102
2.2431970846140543,-0.0076117324751794335,0.639521660006274
2.416487710769496,0.005447858386653959,0.6532257450318981
2.6029146612766785,0.008766070255426417,0.6323957513650518
2.603765661675924,-0.006765064788551989,0.6161589074453352
2.342681148449202,-0.007950526599020513,0.6344003023429146
2.325913466514893,-0.010207186670454282,0.6262797843288267
2.713166071211576,-0.003657919410614996,0.6057828040357189
2.7075209694861413,0.003666407273609451,0.6072320945497657
2.3651568089918618,0.00846771366951482,0.6616039291253915
2.56635547095208,-0.01083043112644888,0.6341297978965504
2.6277910107292315,-0.02227006778406282,0.5961234213249441
2.558784690394807,0.023086297444615322,0.6054185611387098
2.414341138566973,0.010458082266733948,0.6623559586261254
2.52110590117997,-0.01607471614198719,0.6254374369088751
2.7161450987278326,0.0004749125986014402,0.6097039335915231
2.3342209830696845,-0.020017872296512085,0.6472548951695924
2.566744260423378,-0.0066519628204724235,0.6281322427963039
2.4593172244834336,-0.01720170574539681,0.6355133338331806
2.7080750749431974,0.008635225839131566,0.5925484176636463
2.4227454372450223,0.02235915010185585,0.6552263846874282
2.3624634618802234,0.014760643279612129,0.6389126162253363
2.4962187621875014,-0.018678713076541564,0.6336207543256206
2.5155694874518932,0.0054079191953810835,0.6429239985528036
2.620463108879243,-0.0025723528283287944,0.6214806324293805
2.3428758186624923,0.013955627704657747,0.650322391611155
2.7318398729900575,-0.005244589131305544,0.5961682091199394
2.421210914434725,0.018324240969635808,0.6468200903818402
2.67236684355452,-0.0011523500989998325,0.6067887549415147
2.299991899516175,0.01665510663529779,0.6452531476830442
2.7086108493931627,0.01688603970996705,0.6076774482798496
2.468577167052617,0.0010192660280767818,0.6319486055149675
2.367504094351858,0.005045815596044445,0.6372890992963405
2.461227633372023,-0.010282916708104883,0.6422322249620863
2.2493899962461383,-0.007161490038323004,0.6547834684095558
2.456813526561561,-0.004366383297154552,0.6323840630021602
2.3911676391778376,-0.010491718198120337,0.6377931989499815
2.6160233789232388,0.0008638878986726439,0.640472363169743
2.4727771975124573,-0.011010809167789404,0.6275608485174501
2.398305432003988,-0.00027923985191868894,0.6420103925419439
2.6026366847348026,0.0016470293500987498,0.6116266471431658
2.4622247044708296,-0.0013769686947255888,0.6325856240196502
2.424776472125569,-7.124847674089274e-05,0.6374052188897726
2.4800809738475293,0.006005474317083426,0.623285350108503
2.3209348292748397,-0.017309408062190945,0.644469553192488
2.4548898151861813,-0.014092117062746823,0.6314255585882331
2.459294646676976,0.003503972482763462,0.6539738092249069
2.499408696112566,-0.0050988950331327665,0.6154165754929745
2.3276556950152276,-0.021061915050704316,0.6656224164766702
2.356705752781786,0.0032691462839005148,0.6434623964570441
2.311876282771007,-0.03081016591068897,0.639737670092111
2.472542954770533,-0.0006744096673498845,0.6047471111376418
2.3276955166766413,-0.018039910801999737,0.6620779447737953
2.368661738320317,-0.006337706463568793,0.6323290285808785
2.31474346854972,-0.014790285471404596,0.6665005823864939
2.6020442744165053,0.0059170113221600484,0.6014814259805668
2.7095181400267467,0.010882962927010853,0.6219057969799822
2.321628021583011,-0.0028772477224932036,0.6564140790084817
2.180649145391297,-0.023511129522671537,0.6561343533163031
2.4234601453713562,-0.0033404314557228254,0.6476509180874616
2.479548671132835,0.010397522792038316,0.6096357580298032
2.502417481017317,-0.0027858559107567515,0.6396642633800025
2.180649145391297,-0.023511129522671537,0.6561343533163031
2.549694942515193,-0.010647398903699923,0.6067243823913867
2.122072022930247,-0.013778391605789642,0.6708038895208274
2.4210008564607324,-0.01461889854046694,0.6373315795530794
2.258138673468072,0.011978971258833182,0.6515829812551027
2.6144761637951,0.0032466497844305664,0.6257851704096477
2.3557437062254567,-0.01012523191802206,0.6472569256135212
2.3841468300707627,-0.005308875884618258,0.6416451193378077
2.225501241554924,0.008368661117472476,0.6559386825215353
2.2428131654304586,-0.011985527912299565,0.6439482138836577
2.463293324742713,0.0007921319467174559,0.6255923968569039
2.674331728227825,-0.003395824488447552,0.606848126675948
2.676538889949401,-0.014866348252303263,0.6009157694277696
2.2495456746623055,-0.018713706349224868,0.6643014561032029
2.45956071065044,-0.013063939550609804,0.6354487285773245
2.509749214075316,0.010178942118657108,0.6502515751053524
2.834132942463293,-0.014032433281594425,0.6124082893181656
2.8174432525481508,0.012493497032863843,0.5936916707952188
2.30746824927724,-0.018321861040404563,0.6441870345570756
2.417787751946922,0.012114346671918463,0.6369823464877102
2.2935253342655972,-1.5708113433099413e-05,0.6169108918396263
2.5625191888856307,0.012144876285539619,0.6150109799663568
2.1857382642909737,-0.020491742699078497,0.6573824390391095
2.4057138648457714,0.019267145021941046,0.6286641759802851
2.4320689786917162,0.000583763593966502,0.6304195741855112
2.47954942680144,-0.010679660312668426,0.6282190415642204
2.2067353849834097,-0.027331920589786174,0.6774996444897484
2.475484109070075,0.00045636353145117603,0.6411325080566076
2.3939374836404363,0.004217935291114472,0.6272594567099656
2.424597925874434,-0.01800163971841906,0.6326222261672142
2.1902676824522014,0.008274707444223317,0.6437741516062979
2.462413996447561,-0.0014357193890144337,0.6275773442514092
2.5051065466589804,-0.0035271406377512804,0.6129136974722683
2.4171233045135314,-0.019111386847153744,0.6355035203218061
2.4747326838770545,-0.0034382055593105143,0.6287831107081562
2.605610195774525,-0.003888019647673824,0.613702175887345
2.5630879418027193,-0.005422652698111374,0.6137676292022815
2.4652403308689594,0.006094155953435543,0.630671476663039
2.619108915552773,0.013480769294093031,0.6200203832332558
2.4966376414947495,0.007363168580759805,0.6297949478465847
2.777793111876849,0.012728961421791585,0.6223151184031875
2.567841417111128,0.01634644568115684,0.6090221446796733
2.590215888157879,0.0001911792585236327,0.608120173055603
2.412166499609856,-0.011197003717140719,0.6344762998011044
2.3889609208463662,-0.0004594708431564509,0.613675686453246
2.6739942700249624,0.013335347960180988,0.6259893162615591
2.576044947997367,0.008341669424857256,0.6211054869383831
2.2716160772175913,-0.02599470536435322,0.6612843676619237
2.4443612737597085,0.01006703541778875,0.6313941035324223
2.461596948202567,0.01719925373693565,0.5969151366916211
2.491698228986825,0.015183132791010134,0.628343007225973
2.199693010071652,-0.0039058851893769564,0.6531381252936466
2.416408590801248,-0.00488064998393023,0.6345199256374799
2.780296055866872,0.001012734237655133,0.6273266101818689
2.5774815048935555,0.028376627432888712,0.644365768147864
2.177524086278323,-0.01956573802976158,0.6654638994534653
2.4334750844904844,-0.012675327944406067,0.6393086020059003
2.46672623608042,0.0004921920493017318,0.5954669373325054
2.4326456351377344,0.01767609089762079,0.6059848402294213
2.304674105916067,-0.001851842378189028,0.6510200189985166
2.5872438911695377,-0.017726605691321895,0.629171341105211
2.4732009058115203,0.0007768809435682034,0.5929692408355959
2.8727657598779244,0.005251019159666637,0.6128224442319461
2.540900716063088,-0.008889930913021038,0.6272602280264115
2.6483375984227417,-0.01649766956529053,0.628370277575779
2.4547815792336225,-0.014243933175646761,0.6402343215158254
2.264993346502159,0.002174219397477639,0.6516646065019789
2.427035362230481,-0.01524597664441174,0.6333438488476129
2.626907010816414,-0.01684804755631797,0.628143338268423
2.4331522733974027,-0.0029520319915850024,0.6242680839168339
2.230187051427032,0.0006788448486596543,0.6494318310144057
2.4894626665881936,-0.004659586699843343,0.6301495330950029
2.5359638291288222,-0.014261149268639972,0.6337837699456368
2.4136214230786464,-0.0009029923458638844,0.637376543376252
2.264208329013785,-0.02247691896449644,0.652986258226967
2.421825310023693,0.003473531682862019,0.6412142131760732
2.445303091390729,0.020113164450895837,0.6183150913779678
2.425356208469716,-0.024830065011075986,0.6308480696147726
2.3648355455756693,-0.018069001967893294,0.6426939733789251
2.4371767260360024,0.006080584572569769,0.639748192785751
2.4888779285834595,0.022726239090055556,0.6438577322737578
2.2817416597464133,-0.028697395258701963,0.615230562000824
2.260932843082459,0.010312636071205361,0.6562791784832318
2.1847259494595233,0.016618620923344762,0.647018255523806
2.54364829733401,0.02554695354485359,0.6523298290846099
2.6255434892414655,-0.006516804251339936,0.6194857292897612
2.3851770125511647,-0.0018677441400849482,0.6438666079144789
2.6134331832761273,-0.0047439893665321975,0.6247144276833081
2.401851431473913,0.004486753606158356,0.6222034914408111
2.5738820322783424,0.020625054067697324,0.6238604066680384
2.2717927063422274,-0.005404463819010719,0.6488696726976835
2.545217546829011,0.022160772967071196,0.6199576139167531
2.490004165608993,-0.006306997478462861,0.6395867078064165
2.60314018209412,-0.0009402836519225577,0.6044220838845938
2.3181168979146225,-0.020339278471366073,0.6586863987091727
2.522301783364083,0.02381417494390825,0.644939019157226
2.5614401698640097,-0.009054586489978034,0.6373661596741635
2.601469429059164,-0.004550033780519547,0.6253922826455416
2.4616363413836098,0.021263403122410818,0.6393294001278313
2.3168027987924176,-0.007302749623340876,0.6310249745939296
2.532827055789761,-0.00872010242654242,0.6112323369351793
2.5959393644515933,-0.004517311582298955,0.6233496929421051
2.3455111120271734,0.01628950121412598,0.6383840965615977
2.3671894613854927,-0.005502660094977463,0.6692092809670973
2.199419545665968,0.006602439887252398,0.6517721022765969
2.521364022221922,-0.026053923088290576,0.6117274640925328
2.5639835371404924,-0.019656813843012877,0.6137759093499205
2.3304299364597867,-0.016270952604038547,0.6530652054027041
2.433576433093172,0.014172275106481669,0.6456369943650311
2.484246527959578,-0.01601982819704517,0.6141452292261229
2.516072224278422,-0.011531742031444026,0.6130353928036936
2.668865555992572,0.009385216550360731,0.6093424470828208
2.4296514690160915,0.015376623921766752,0.6272645930306775
2.5136511904901506,0.022909672273646153,0.6370174048315158
2.4783959965039046,-0.00999734507008121,0.6133243274697654
2.5586095633372414,-0.005948982820039639,0.6237280084625346
2.351735607911823,0.007789807954358574,0.6317389150481851
2.5132865174319914,0.029743346893480682,0.6394302656319375
2.32977830144676,-0.002397651342037621,0.655749750409268
2.388161416489708,0.008441796035567606,0.6471920431007423
2.648696435260418,0.0017332177660038806,0.6261720190186126
2.7230549381594322,0.025671814300534557,0.6476909905684437
2.4973517919713037,-0.004885574032566398,0.6404033823978538
2.3761413515630334,-0.01482005178487733,0.6492000370349088
2.5149592243130443,0.012124378258888013,0.628442880305752
2.3712478062223297,-0.0008911040715056107,0.619523842750383
2.4672721440136978,0.014403799919165516,0.6273914178193861
2.4419989805143634,0.012185191425169162,0.6202589475576595
2.4358849695348033,0.02050921155553942,0.634385591827312
2.407781402069671,-0.010744556788363946,0.6289444255245924
2.4779349397347628,0.006111636552665889,0.6265739698757457
2.4019418494883413,-0.007931437905570382,0.633246539468074
2.4294205128045365,0.017860824462544223,0.6273667448881352
2.6186333386614744,0.005244719588400226,0.618783308059636
2.4289157446808334,-0.006148820444943359,0.6307759310800113
2.4781601952825456,-0.021030502017576058,0.6296506182526451
2.5478593838169084,-0.011628262835191583,0.6381634463099262
2.5640602298986774,-0.006728655046982501,0.6187012759787559
2.410425479470585,-0.011182375601503258,0.6370002040788562
2.4729803388619143,-0.000573528508198029,0.6358662056302449
2.360616631437767,-0.00016050634878417291,0.6252349998270773
2.4702938585999648,-0.004808230977233707,0.6154329279775331
2.405248857384981,-0.01567147019713322,0.6360625502852394
2.371813863505451,-0.002744860733288057,0.6309192357659437
2.643380419749862,-0.011949236352816417,0.6208030726133847
2.8528505367159345,-0.01292694537838357,0.6142192421120191
2.7020985156736295,0.008153319805394466,0.5995739261387167
2.466895722896482,0.01310455541737654,0.6409259694097985
2.5200048865122278,-0.014106137689671394,0.6225569817976436
2.6384207739058305,-6.68292770766854e-06,0.5998729572928009
2.649049535811917,0.009940243787577518,0.611713673368934
2.504630050882098,0.012592834024943489,0.6182641780709583
2.431285799747266,0.0015628694579636893,0.6339985895305477
2.4605738012080063,0.0046065028865329705,0.6047785430166762
2.601276970525476,0.013158057249301969,0.6111722079304079
2.5824360324724323,-0.008663915294597757,0.6240750849257428
2.2782395527921477,-0.009450563493913489,0.6399883472564841
2.4682218874648307,0.005472993776025392,0.6367579140071805
2.5517684164706624,-0.007045825645774384,0.6214105111262407
2.4647621435447373,-0.0029011115012911315,0.622007744686236
2.56856820623731,0.004092420233689387,0.6229088929963651
2.4956148043601685,0.006470287092131821,0.6396495900030508
2.5150669363677225,-0.002070616668006675,0.6225674740819183
2.582384782096399,0.0008341122208856966,0.6188892536602401
2.3560368478054765,0.0057654943212017695,0.6123357833999432
2.5312585525931017,0.0009432372083881813,0.64001085126339
2.409309250075267,-0.01683376774919365,0.6352276067082968
2.387406687148774,-0.010390099450517054,0.6388039284554207
2.584648643073618,-0.0059110692645423235,0.6456049867996869
2.4977576532975676,0.008311327902652321,0.6100106362068141
2.4371035295638763,-0.00017902485296961146,0.6344306751387323
2.5358870803972455,0.013299211741037764,0.6172259440180726
2.2839750573921234,-0.008005533405597731,0.633846712183514
2.343584173959218,0.0010994687202254827,0.6529637533466818
2.446256293102426,-0.018399216167454435,0.6271750281135227
2.4617359947406543,0.007064339435295164,0.6021184006380658
2.164686312744409,-0.014130207352122559,0.63820729049307
2.253540643895625,0.007415343063471802,0.6644222236911285
2.5151810424513528,-0.002276315572605103,0.6298199525768522
2.3334732812159595,-0.013888786458223334,0.6583402080586994
2.5108722296553267,0.010428102751022905,0.6432421827654602
2.1773150842056066,0.003640129661003799,0.6500728611930766
2.4787846661767157,-0.003824422360214186,0.6241915389633448
2.454538889615113,-0.00010087306455486278,0.6557028391396946
2.1780397049165523,-0.0006687104195042259,0.6480465919369872
2.548596603357928,0.008972140870246337,0.6384727697433353
2.480132686888267,0.0010141798431060334,0.6316750778230407
2.5407357737803133,-0.004662573393252378,0.6491510446114068
2.3207015045889032,0.011878083717786758,0.6434223136042218
2.468657793796384,-0.004355374567248882,0.6320307756391332
2.5289441723224626,0.0010015179067672797,0.6170725611272178
2.4197144089357745,0.0008002663902590967,0.6474810719370174
2.4016123589941514,-0.003601487813066795,0.6449792286209058
2.3732876556272453,0.008425634122609216,0.6338960217118983
2.2917871156293703,-0.0024563225995266613,0.6484081784122822
2.2940124331342147,0.004189321442688687,0.6285844556182486
2.3716069928626498,-0.00481565923455074,0.6379005815725265
2.492562796830695,-0.007454019487063368,0.6167605552958627
2.3754186186290873,-0.00255525248349997,0.6487970092032452
2.896349043206523,-0.004581717137030594,0.5936213931905242
2.2700638425964623,-0.010546131138662762,0.6529678093530061
2.4565442595642533,0.004844168000182059,0.6254137587388003
2.5450724227810944,-0.008124567680287242,0.6169872038731241
2.7522318932354977,0.013337799213739565,0.588541877724271
2.6812925044231037,0.004028750382549795,0.6215428950895302
2.4804629530250204,-0.013756831975242356,0.6334441075487525
2.339569378235123,0.010966264283688076,0.6502373337400117
2.732234713596606,0.011028548464972587,0.6138620973820891
2.7417580884308417,-0.001774239429761737,0.6010518547360926
2.334463788539639,-0.00694879850118979,0.637928712802744
2.412506854044685,-0.01823211032914518,0.643779253528583
2.8525891517028588,0.014771726879975411,0.6115390491052888
2.752425502682288,0.028292036543411836,0.5980953210892048
2.3538922555293165,-0.023422827438567717,0.6232235212046559
2.3805121190147953,-0.014339163111837472,0.630595880624696
2.8352868518971066,0.007141701616143248,0.6056752748787668
2.564289431533949,0.007229559576513278,0.613220532277455
2.4409010544145198,0.022028947241603092,0.6343220089728298
2.561796567117033,0.0021679569441304114,0.6164131762296527
2.5006672269221126,-0.008694222780858407,0.6146629088094839
2.435171313245787,-0.008074553003084128,0.6384171880816528
2.472851153422265,0.010623094046355863,0.6345778556818539
2.539949327253464,0.006821491155381221,0.618408015821364
2.5290696372392274,0.014533730650118093,0.6067913836222409
2.651558350116467,-0.016331345159383837,0.6020493454814125
2.3385009366780545,0.003005543710816294,0.6289705010498793
2.179473384544502,0.005889650783610811,0.6660553795398979
2.592763066588228,-0.005794160466038312,0.617407600327315
2.6405742957605822,-0.0066769312881507226,0.6146274622839266
2.5237602643683545,-0.004596665256197285,0.6383206169145902
2.1630403584952083,0.013972509094962726,0.6642274257239303
2.3553038090754224,0.005224289450208142,0.644675123803383
2.3328413378203146,0.011359812069191788,0.6378762191600112
2.4062693461520173,0.012949985462705538,0.6226904252413857
2.1663369362155254,0.010432526466554126,0.6660366559498682
2.3648241495756896,-0.015299735363322853,0.6553755126517073
2.443542214590607,-0.0028424791689367623,0.637653690249775
2.6461567618646193,0.00253970625605926,0.6240856789316115
2.3565856837869354,-0.004481379673850094,0.6495037259193519
2.3032369857621067,-0.005619731608015988,0.6437032051620761
2.51192936303833,0.010150919929562185,0.6277729500569931
2.510687687598513,-0.015531211735844153,0.6084601084884593
2.695627252174348,0.010161358697560852,0.5979566922080953
2.3381548880788903,0.0021234033328740853,0.6442287975296371
2.3793717664000282,0.015870894130771696,0.6173362637704795
2.2952399693533945,0.019889969030383536,0.6326635745074105
2.3440961685054678,0.00970232239811697,0.6616934560556847
2.4859272925680176,-0.013319987791066135,0.6274440405860346
2.468410963046671,0.00597789675454341,0.6385626586328526
2.475010183563152,-0.003182006505830781,0.6484332778929746
2.6855632992824785,-0.012802719276623797,0.6232592109620322
2.7082221592276214,0.015484080774828879,0.6068358497344383
2.4241079898718776,-0.00763233522857476,0.6371006725669719
2.4024244718392387,-0.007675336936927346,0.6307827667954227
2.3947984412202556,0.004106153927862177,0.6210594193642403
2.821942949995166,0.02355022351551339,0.6028819629990235
2.562624261910702,0.015534215125862616,0.6161835959648362
2.410675942377711,-0.0066677520988522865,0.6307778270385879
2.3345476080774965,0.006966544966113597,0.6502439358129798
2.6750421584704913,0.031385711123512516,0.5928467985137951
2.5098874966962055,0.014858979448497456,0.6175338189153876
2.3647647876627165,-0.001603289746110903,0.6594277183753089
2.3068414815789406,-0.0024122049859736094,0.6473104425140194
2.5487559401145434,-0.0060819853054148165,0.6320854411728701
2.321021727483562,-0.002581435682202704,0.6491646189170657
2.6626450664196564,0.0069671251006437895,0.6233702081007853
2.2434967762129667,-0.0066573708709147805,0.6656404109438908
2.177736681083139,0.019784805777539383,0.6554984700895495
2.569331229943887,0.0073480379129136075,0.613982365680987
2.340172834699669,-0.001470768073101425,0.6467806462964495
2.1871058735303732,-0.015468282530273436,0.6597942279094315
2.354761100702121,0.013523037817427364,0.6516194055148892
2.384877982059965,-0.009722245159633935,0.6532287198606155
2.630728614774154,0.010981250708903989,0.6050477805194666
2.3937982209667195,-0.014944872849393054,0.6430854402916544
2.267375685642636,-0.008747979990349819,0.6492812854959564
2.2398908600833463,-0.0004099224516411759,0.650889735705845
2.322597478491026,-0.010354023723207817,0.6543393444961216
2.3777210263368214,0.01955083366202892,0.6273117618440974
2.4729342388770728,-0.006209467578993433,0.6319522579287459
2.4280375856074117,-0.006007117502404347,0.6302794633017782
2.46410652672452,-0.01693224243670155,0.6378165540813036
2.4179143145992428,0.02112474544347198,0.6331359514577276
2.2699886731373993,0.002535930389290675,0.6449512571466598
2.2784880058351473,-0.004418069508985045,0.644086558157745
2.4893817941318614,-0.008065670667669833,0.6181509975684114
2.485886705512443,0.020125141391918344,0.6412013788766558
2.396981760320481,-0.00800846501626662,0.6465736031785658
2.3326737795655426,-0.004514320969348562,0.6541417296321651
2.6364331948578643,-0.014414930267218073,0.5990240374386367
2.225418335003772,-0.018888923906249966,0.6661534422434577
2.499152479862875,0.0013295883834525402,0.6407916479200401
2.6849066185689128,-0.0018915538467507709,0.6167305675235712
2.4117141450703623,0.019592230234199093,0.627833300006453
2.255018341331285,0.010334121776894412,0.6509927901116248
2.42003584484855,-0.01216255310732306,0.6356065172747969
2.3779053330629347,0.02702242059762905,0.6244440010741796
2.698936604889345,-0.01824393460482332,0.6091908691009028
2.355767964717915,0.0058067885559127674,0.6697968337724954
2.523287484703537,-0.00746121218797402,0.6226343789132892
2.378915729917515,0.023051941206724047,0.6318023710071224
2.3794227606862535,-0.0076440262150268,0.6325089913409031
2.2142981066827687,0.002411150958074426,0.6544379251820246
2.4926737796280105,-0.010199353007798173,0.6176923758056854
2.422608671189161,-0.0073814475375326705,0.6378587147399385
2.529279792664999,0.0032990762827189712,0.6306853504585878
2.4820243723243194,-0.0026253454597973125,0.6340594691591058
2.43052498767689,-0.01023280107646074,0.6361181014440788
2.4433475106280156,0.0046543774367606705,0.6353107737767776
2.3551999244193387,-0.01733086561489161,0.635437417014475
2.401399247701063,-0.004422184453841904,0.640909522234422
2.24867233277496,-0.0053584614152621945,0.6429772970026633
2.588599747851777,-0.0027949719958773045,0.6040765610031312
2.5638563005946042,0.015607616794219403,0.62026609648745
2.4281987831852754,-0.011020920900530085,0.631560549999674
2.62790771782478,0.005648300544802032,0.602993240718361
2.5668022262363954,-0.0037369587839879426,0.6297203390698148
2.4077811565160148,0.005708526086554588,0.6347046937798747
2.444676258130235,3.9816408219817134e-05,0.6344510759469615
2.6045469135808745,0.006183082782583282,0.5995323619586153
2.417267425318375,0.001996435249226103,0.6542824361096787
2.4077811565160148,0.005708526086554588,0.6347046937798747
2.4575731608695666,-0.0073919903711050505,0.6515570217638035
2.3111375818269524,-0.013631091422063424,0.6361069338321271
2.42051859273796,-0.005035597116166857,0.6142903567459548
2.3965429453183,0.005015874134149723,0.6323052972448409
2.525460105946088,-0.014739672121584002,0.6226841142052026
2.306266287080164,-0.009882124023973926,0.6360648007379021
2.502025404392307,0.007745733842756897,0.6271529829482358
2.446301041280021,0.009345367712922714,0.6580277896762678
2.5230775766808433,0.010650010181272318,0.6255529400982359
2.577661879766391,0.010382505216493199,0.6104913517533472
2.6111560978753934,0.018597195074936845,0.6075815551083317
2.46007382145884,0.010326765490570988,0.663907793635468
2.389150589337537,0.012682249908661625,0.6387308550243753
2.5667456998724787,0.004051265382380542,0.617143368974056
2.434773548656584,-0.015580598998148343,0.6170388016726981
2.3895207664620917,0.008124257430822901,0.6563240566690455
2.612294694690669,0.0029279810097306846,0.6236927167290235
2.6091567006860776,-0.0017443545164037566,0.616392073682192
2.5782921101524114,0.016654902497888147,0.6259972994033536
2.694293846585858,0.0037026925759073848,0.61079232898228
2.4693577552120938,-0.0008863248094928,0.641991405070404
2.3099891895387206,-0.01407271354952866,0.6412798466819223
2.5640217244349315,0.019600495191075984,0.6160194251306917
2.5918821187253984,-0.0005248037752310086,0.6094016490677386
2.4000420299548235,0.004465616417262286,0.6387235374880715
2.571669971913181,0.021329554225494762,0.6291328285224652
2.7482577735667153,0.011791747210749604,0.5925063339282323
2.4653899777963457,0.0020426163431326305,0.6393398275676534
2.3237318128634104,-0.003635180732202592,0.6602511951483979
2.6268592161517352,0.022785617765635147,0.627137712464104
2.654384940172605,0.00771750001608984,0.6100997559836285
2.346412243597006,-0.007648245199681769,0.6342611783209671
2.4370360426714646,0.017241508914351167,0.6268754152002389
2.5930840706881604,0.019854665950538752,0.6256268755407659
2.640441370779851,0.002499718120604566,0.6071404142483405
2.420713798835738,-0.012587662640924036,0.6540093940483064
2.413161009903213,-0.0060637112569772444,0.6385819987881336
2.481311969785392,0.013519926946616634,0.6138294776705012
2.611258597459557,6.411123387506379e-06,0.6083393217829614
2.299931545711577,0.0022559315114760725,0.6380749414740915
2.4368360619444323,-0.004776027775264646,0.634008892190642
2.6447895079146324,-0.008326069426840998,0.6150346430710039
2.57092492774102,-0.005797733309167219,0.6033942545348621
2.538776272597104,-0.0010039418921277132,0.634727580960294
2.4975033668779383,0.00595866041361548,0.6285287123373692
2.348488117214101,0.0003137812246063465,0.6465687095566649
2.5735258585698397,-0.0011012128032226176,0.604600478624282
2.2233263150216507,-0.02343199839436272,0.6351296809878689
2.186930797138122,0.012149515859192217,0.666383029108313
2.3513652238074734,0.0015199951679207846,0.6436300248698753
2.5278326719146356,0.0015675842591518219,0.6135217737396873
2.3880465397708024,-0.02014441502959463,0.6563208098555149
2.6465692302711745,-0.007555085888798496,0.6176820865424263
2.347599384164426,-0.015047458429361837,0.6373797412685949
2.6478010584126004,-0.005175115862801727,0.6218267693405657
2.381898120034063,-0.011405450669376815,0.6567000555976558
2.589687895821103,0.009465645596541838,0.6474175661786387
2.509347463539892,-0.003761835165920324,0.6448056154569348
2.6665624421687912,-0.005590327790253591,0.612759950259644
2.4054642970365414,0.004186872691985144,0.6440734701272639
2.586553815768761,0.008031653760259827,0.6415886458179002
2.552835831460293,-5.5927207859518546e-05,0.6330146503864786
2.419081978452251,-0.023329159966547053,0.6229952533723834
2.303223951144451,-0.003714465558640301,0.6450868311958048
2.3553120606799083,-7.450840134914927e-05,0.618848055814485
2.377736002758075,0.001991991128631021,0.6390699774675791
2.437039062315655,-0.02790333244121035,0.6440377125006288
2.5548170009811106,0.00987686712293745,0.6388493094329168
2.5480220756381553,0.0012023753657446345,0.6267117703067469
2.6156419859451843,-0.007040853291190308,0.6196966395762344
2.4160751036845367,-0.03280756624861869,0.6343818109971827
2.4142034858927994,0.01556399144706222,0.6407607561781553
2.5434873848422708,0.002465158297582093,0.6080726861150678
2.2544997049799984,0.0046169527153425705,0.6474857191704634
2.384666785181239,-0.0013809211318667192,0.6454685737572886
2.588443717017131,0.002177770497849396,0.6364442748102747
2.6079076222331783,0.009801508930743275,0.6106669447102075
2.396889700165621,-0.0021661280551041884,0.6452832972732429
2.4688785551890655,-0.007251587861157205,0.6204854538061603
2.3147034505196995,0.013360239497760773,0.6280563242107828
2.7788223052383043,0.006900599180294398,0.5973864194312717
2.4827947415885436,-0.0099232126810751,0.6321407612571496
2.57819092536025,-0.011015616409954188,0.6208267304953241
2.4163704324364637,0.0034984772366615235,0.6332580749066409
2.475821297686192,-0.00789552902562396,0.6200440182994665
2.469685074551673,0.0015841214135690063,0.6225001593187899
2.266329057641961,-0.010526315379025153,0.6513898720545307
2.4803299885338057,0.004777685571783152,0.6370196124881891
2.319173531565502,0.005405313509505794,0.6422609020262829
2.448579145239226,-0.0190370024545079,0.6406345651154676
2.2812580112892316,-0.015223417805079187,0.6427819562467277
2.4342273376489207,0.0008727903812149052,0.6232107890579083
2.3590747602152975,0.004467542601124919,0.6329494847149718
2.38041033442703,-0.011882026439067772,0.6290539768053418
2.4404037404931263,-0.02634150752543385,0.6508757807295176
2.457600869464485,-0.025513302995751053,0.6465106362898061
2.54465993349391,0.003803320278250144,0.6206615813521199
2.3855565025904077,-0.022799612234142952,0.6376210037763556
2.393959951774274,-0.025365730893628147,0.6293519607643409
2.2966596060199924,0.00358067661357242,0.6327497982803577
2.384173996525703,0.005351724893233101,0.6309217028389645
2.4159277940086965,-0.018163598763634825,0.6409878116249044
2.2038656439692708,-0.022434051333607208,0.6642805002992916
2.3375376575878533,0.002745871999067395,0.6320251208065863
2.3033436347816805,-0.0067552403557167295,0.6577943368153848
2.3572987470185494,-0.018558180188476214,0.6342822143605099
2.241242539886297,-0.020404494979592513,0.677875146538235
2.3588945954508,-0.002471417342797766,0.6303875535656732
2.3540381427004906,-0.015793535684672122,0.6474258898778333
2.3752755424524032,-0.0030404737364027046,0.6543438084084515
2.136204126951557,-0.013566700549753952,0.6756718327653707
2.4719927284717462,-0.00026673438630075985,0.6363764513828498
2.3145370438363315,-0.007257225927893796,0.6377835426941284
2.383522393684032,-0.014721682046345386,0.6322837971682514
2.458221605819236,0.004188500578218068,0.6336395576262415
2.409038995776425,-0.006504595254903434,0.6258033143129024
2.4742224946895695,-0.01180810784607833,0.6406359415600887
2.5083091882389263,-0.015511885014923621,0.635019144884911
2.4036094844746323,-0.0005017709051473584,0.6278728057725497
2.353774901608916,0.0024639073779679777,0.653932588750873
2.129961063977391,-0.010294240646476327,0.6578717040292933
2.360977715060957,-0.003325695835162845,0.6348101754437822
2.407578953922043,0.0016989845174806284,0.6506782989239294
2.331146489584615,0.015641386237155608,0.6545707629432517
2.190252244181054,-0.0018494977477245822,0.6603190252536592
2.5215602508651425,-0.0015364780092586017,0.6346263083799252
2.474692897009681,-0.006666815205200072,0.6442546644512672
2.306581975035289,0.007932480829419886,0.6569704702664216
2.4724609756748146,-0.016425935824049942,0.6361807809619675
2.5100390167942344,0.006768142444756098,0.6678093181272038
2.4465270981381964,-0.004999616577717969,0.6586705190116245
2.555161822597819,-0.006849680875596453,0.6142950103935104
2.3679149542049474,-0.014507063311847812,0.6342800836351327
2.6419693493885252,-0.010936244462617983,0.6514908364939144
2.258105509816066,0.0041524790041918,0.6303181645831506
2.656592506428171,0.0051476706263056116,0.5944698620791328
2.3824802242847096,-0.01347066511386208,0.6428592800122478
2.4025825937200422,-0.002855627020794893,0.6324125488173159
2.272471288290548,0.00952306298046568,0.6290020995713287
2.79635646446208,0.010823579880733458,0.602376773079754
2.274747390599762,0.0026462805059759287,0.651189994837123
2.459994696040569,0.002019981921013825,0.6188425064097738
2.5045590371149076,-0.018378396828035548,0.6431694836239548
2.7201042025352744,0.0169164541048894,0.625404808431587
2.428876309663466,0.006787830675960116,0.6406649941954765
2.7333499469924796,0.0020333973058592747,0.6108494336519563
2.232652155242633,0.005041529808634149,0.6448317958152351
2.4239391917053736,-0.010014892273848996,0.6460661248307734
2.457628658030574,-0.01098850786412986,0.6356778474535095
2.716429657680071,-0.0044844774646628505,0.6152290741984601
2.2923096715988196,-0.01634708197990342,0.6586708758405602
2.4715469873813993,-0.015029945344934958,0.616846381779626
2.5028480143796044,0.013255605828190964,0.631465518469201
2.3224313085878676,-0.0024088073217298778,0.6382558314375628
2.333959815032575,-0.007553508687050403,0.6355373667707244
2.337307640369145,0.012947491485012064,0.6578293353583382
2.500542872243441,0.013113094049795881,0.6223356695152116
2.6714028840244333,-0.00623172001859551,0.6242184662135419
2.5255684411687427,0.0067634543710444195,0.6216045740562153
2.3965628233035012,0.016944527652862806,0.6496948098664898
2.2602386304379025,-0.007314242142326011,0.6573653706462815
2.4982152718354347,-0.0036395266498121526,0.6215227802672678
2.64497399902325,0.012925637608308671,0.612801360858804
2.3344205013132866,-0.018489530329867332,0.6539957658145494
2.3706967422608,0.004028437407745056,0.6313746166905814
2.383603238176061,0.002560729374545767,0.6230171511328543
2.3985339295761103,-0.0007723379411550546,0.6173772752527983
2.390534301552432,-0.0072962859444667405,0.6500181490606672
2.3785080108061245,-0.009042374286193589,0.632286383871414
2.3992784422355293,-0.009974703502681148,0.6619916162307529
2.43309900778528,0.007594350921715121,0.620575344893625
2.2939567444600275,0.0011564216565485008,0.6418955190156943
2.4474566174229757,-0.00359274620699912,0.6425498026493449
2.3817764724921138,-0.0025018182673903766,0.6251276269916535
2.396367478273337,-0.021964555768678506,0.6384430753987119
2.378733133962403,0.014806303814085542,0.631777863417735
2.2241234438858646,0.0066879087633500145,0.630384192216936
2.4344422084447714,3.244038466077015e-06,0.6338432854040054
2.4539172178537827,0.01105945226534888,0.6292402749356011
2.5250596314714815,0.0028945349000273346,0.6348535276276878
2.3338309172619747,0.005057269238150086,0.6493064335007201
2.5505287966077965,0.011330074368837817,0.6212997415074047
2.4829279296725995,0.010269004706515483,0.6250958321457041
2.4863190324132813,0.0022693662119042113,0.6228134982073946
2.409416623550884,-0.0003536005446349577,0.6472114718550351
2.4865284397770573,-0.022680664400084094,0.6097690142496038
2.1984066503692654,0.009371286917895238,0.668537982345448
2.47788445011447,0.012255384470912345,0.634018709145425
2.3091930629973674,-0.006157592226091246,0.6372999799889955
2.742749008123652,0.022386816752022698,0.6048734063604206
2.474700242763704,-0.01201575253162157,0.6166318717496226
2.4060805241920376,0.005450603184014247,0.6243459237039268
2.4735839161516684,-0.011379624882810635,0.6424391163569596
2.545186429489463,0.007667382476363782,0.6165743424620161
2.271529629398911,-0.012279361328799698,0.661177503028842
2.3955486133018113,0.002308427791163581,0.6313524943377449
2.386412118032715,0.01555859536155002,0.6363989602340907
2.4542213169017426,-0.017597884704825706,0.6263135055433285
2.283268185718125,-0.019655093530225987,0.6471876280892261
2.410697517094337,0.01183378303127891,0.638356151645926
2.4646112070928234,0.0049340209839277005,0.6403815733396488
2.4879796544322996,0.018299271408158457,0.6196884349071833
2.607958467768255,0.01186679571043725,0.6240580192429078
2.553788564589092,0.013245223745682821,0.6316921430472037
2.6605274512172072,-0.001204667184333763,0.6209239941826076
2.6137533266952753,-0.007079087577279708,0.6167106111670826
2.4614521099800193,-0.002830838830829352,0.6367549853721644
2.3249977526998693,0.012094018201883827,0.618762082623909
2.3467186142418033,0.003157752507637168,0.6329777733491124
2.3272472013603296,0.0027899621914533324,0.6491020362416587
2.502745408896655,-0.024277478345411385,0.6075785970720793
2.3815365274298266,0.007270757039256059,0.6393579227669007
2.2384139125040865,0.0040889092862368415,0.6384999401005329
2.400121749218565,0.011699044615937737,0.6508444593744042
2.58908140605043,-0.018557163110759056,0.6134667244692857
2.2351697782274518,-0.015161002988737016,0.6814278810539346
2.476693633580967,0.00417467565038776,0.6484747547734561
2.3880625376375733,0.014861510621615448,0.6696956926543003
2.482108636085027,-0.005502829181861513,0.6396821557828791
2.847298225397684,0.016031256063693045,0.6093363099938015
2.434149783291342,-0.013227456465584542,0.6349815906113632
2.179261414494555,0.008390052721481744,0.6368439466745629
2.460011956026397,-0.013728948931841067,0.6393342949048414
2.2508636009579877,0.003503070803490438,0.6341017299544788
2.5610932706122327,-0.029439316720551112,0.6352655190097933
2.6122793133902773,-0.02355348028732074,0.6305949548994001
2.460011956026397,-0.013728948931841067,0.6393342949048414
2.5434454113009095,-0.010732140102724053,0.6202644605033569
2.611793292627681,0.012573906012131042,0.596343789987386
2.565463338254587,0.024785116008073427,0.6246426737182065
2.3381927284953035,-0.005636433392404383,0.6475226103564046
2.559222600237172,-0.008364167552787016,0.6302207370622525
2.5639540650674784,0.013200169302286957,0.6001709482674837
2.587245075310589,0.014928830895461598,0.6357180201510685
2.2379870607565238,-0.022628937497091828,0.6349209329265711
2.3829986896169184,0.008638053294401926,0.6535108712143688
2.5338474211614344,0.010205599817511901,0.6397102970340368
2.4419049283835297,0.0033730242453171577,0.629808584061267
2.234235481958021,-0.021058060547656243,0.6292952101607272
2.4171503036042017,0.004741714472401348,0.6429601599307668
2.3952513141724863,0.001686852751782597,0.6430117889712971
2.4581061189726565,-0.006498058138854956,0.6348600612582344
2.6493303355469604,-0.011857794981200875,0.6286102847535976
2.369351685922409,0.015957504843674863,0.6362334982859272
2.3651690283633737,-0.0053963559130014715,0.6363644455409341
2.386178291612025,0.0002965687853904164,0.622272712226462
2.5950561486567296,-0.0025379725993728286,0.6064087177872838
2.424642232288895,0.01303740952697785,0.6414435674766438
2.441597042341127,0.005322100490797288,0.6169525114048602
2.4227649235995843,0.006264694994847275,0.6225891395140284
2.6453023573979966,0.019341851251352793,0.621597498328386
2.373777017379158,0.013403482286147517,0.6352760338798343
2.5271575517013893,0.003167875932084563,0.6198667803814444
2.3812822861094145,-0.01435602895130117,0.6478640295479594
2.509428737056606,0.003523351842557254,0.6217547045000876
2.401036015157266,0.005219176194352748,0.6454503315177983
2.589162792834209,-0.001691859264792761,0.6200302909281862
2.249150995430945,-0.013507122619101253,0.6306647338276483
2.5826455998558164,-0.019863402850240464,0.6174506901664251
2.189433226957873,-0.006303895765251255,0.6359611721740243
2.460686206402471,-0.013926767550050734,0.6380573542142361
2.474559421370448,-0.004574506433455028,0.6339522198161133
2.5112709119022467,-0.02079913048837123,0.6171781845615233
2.299614243158124,0.006587544242176113,0.6408057518278174
2.370462889560686,-0.007486163661205136,0.6431464062230015
2.546501430638101,0.00618117953883579,0.6322935051365267
2.410635181246923,-0.009729517246322317,0.6372183442021768
2.3713332559632936,0.011961792612752875,0.6354726460602729
2.4090032787283158,0.004246706949328383,0.6348351185181492
2.409083776919772,-0.008940577960038887,0.6303434550818156
2.3185304919717296,-0.008159530331129927,0.6371959244441533
2.348557892975588,0.0047745430853409765,0.629455740785634
2.2432485280013035,0.01298255403074311,0.6608069545643832
2.5717923998384875,-0.0012675561877204533,0.6199372908847868
2.4052832675175604,-0.009878117004569864,0.641212141564794
2.430892765960997,-0.0031655831301029558,0.6348889640252086
2.2913566037843367,0.008395488574279852,0.6582722145719296
2.5641787610058495,-0.008152202570493428,0.6068098486666506
2.3075997232847922,-0.004764283932617186,0.637443542161579
2.418743685535918,-0.003451579387744319,0.6356563368714866
2.4943375846197298,-0.01536063703840651,0.6281665337757971
2.562640071274065,-0.00908871684198198,0.615251201988805
2.5208792769045534,-0.0016319484832199027,0.6381047902391782
2.409647145647378,-0.006921290049364481,0.6359149422112241
2.4804999644357157,-0.010569053626489966,0.6175709925923414
2.5246204750085193,-0.007040529786944694,0.6254049331313284
2.294924352917225,-0.014233454509800403,0.6426701623674775
2.624670996608358,-0.013535219465844683,0.6111425208421322
2.5830184570645143,0.007535347896868716,0.6197768665607047
2.476389532213516,-0.0011108906317107703,0.6228311257003969
2.366928483021013,-0.001445979278295706,0.6540147439189342
2.545509760699556,0.02772088221649316,0.6215422584069116
2.420613792615086,0.008742477770537826,0.6279940992213415
2.441657452937542,0.0012850023344175288,0.6422550072890697
2.4330498113625127,-0.0016697828466867293,0.6363044883206527
2.5675343117371474,0.02887434205868855,0.6237352498312291
2.638950401983262,-0.000376999187920557,0.6219565652206022
2.2706923955563596,-0.01460910368864976,0.647389542806094
2.5151872543098874,-0.0041591670592076024,0.6406239566382829
2.610537924416281,0.01699459861010988,0.6066976717502114
2.687376354247507,0.00012295239902027078,0.6166683330280075
2.2830203395690285,-0.013606168698588661,0.6483862993973923
2.424562060557953,0.0003536335262570578,0.6452499324639602
2.583433838898279,0.024130708270025725,0.605321912990138
2.5324317011496587,-0.004147163627134853,0.6089231146983678
2.5017271076209973,-0.0009136178278328355,0.6299129881804982
2.5291041337889872,0.002760246064013705,0.6100608244668314
2.530355936071983,0.0036553012564821685,0.6332454208569799
2.458175783786769,0.014332460831785188,0.6408530576024282
2.4573905664156594,-0.003535086938049048,0.6179823328420518
2.5834410916686057,-0.023902837812864508,0.6198582126822897
2.436119882410588,-0.008523596195693317,0.6452770565805677
2.532206387775719,-0.014872693394190284,0.6219392231688036
2.532436718275911,-0.0019518386248171815,0.6112610177294697
2.402978508045903,-0.0012876634021878886,0.6363238403624855
2.5339065808485475,0.007810920012886857,0.6088826831259874
2.536890398875669,0.0057730706025689305,0.6221428284526469
2.5602656157751125,0.013180415187806105,0.624917859673793
2.4501229617930336,-0.008415263287684382,0.6248257291686217
2.390428479005629,-0.009012783941543256,0.6391673284125522
2.6080218128445205,0.0026352943229479564,0.632242584921614
2.3539159807007595,-0.004262058254749901,0.6364877871606273
2.3050893804809656,0.0005834294003463913,0.6167625195871076
2.49023601933018,0.0036021062689868266,0.6277724352187678
2.4896549760938362,0.0015670723025629218,0.6081056630328553
2.6611272303923568,0.0027523265860920354,0.6089000394764913
2.5325769486116068,-0.006042478869345835,0.6240023729375073
2.501614706621408,0.0018160066303105626,0.6372891223649738
2.3442726579057753,0.026998712030131156,0.6613847836512478
2.4948723414698315,-0.009213010771031094,0.6248640307960375
2.4053917042006785,0.013580367364806945,0.6475469704442259
2.339494761935283,0.006315003406378361,0.6173985361727029
2.2547064157664476,0.02452110829482823,0.6390986190298117
2.450733291429154,-0.00038158368561491685,0.6310874113164611
2.6518990407082774,0.010802547416533859,0.6017818806810318
2.574874437713858,-0.00659174344006308,0.635667702497366
2.339945067638332,0.022963030324676836,0.6457952469710605
2.731034850800626,0.004504337237368539,0.591087075223707
2.440641022691641,-0.0062268887733172296,0.6326582908807581
2.3802084687643417,-0.01961786500559093,0.627979163920495
2.293267408518351,0.02266665057071804,0.6460786944121002
2.075573816597608,0.00031952870092344376,0.6702601469332912
2.325684987714896,-0.013826268174759404,0.6581693808940199
2.4915189464699474,-0.02040216710747389,0.6398268698414681
2.358031554421935,0.029556986377484273,0.6537959822438898
2.381120075993841,-0.002719747722412791,0.6322306469295146
2.6680645295357075,0.011803675317761275,0.6202144337249395
2.385857353169566,-0.021310481393961522,0.6470479782754245
2.4504657483217045,0.013027682161772747,0.6212163655341804
2.4207620609575344,0.007763939593307123,0.6262973372795063
2.6132529252628025,0.0029748187164695405,0.6302002800556415
2.5469524711998632,0.013210936130550355,0.6121358852382757
2.500839450283078,-0.0062208646811530155,0.6243408101679416
2.350322206788554,0.0036248462533983172,0.6298612825610395
2.4302168424969928,0.0025247038675844102,0.6314123160822256
2.3791426867678322,-0.003620307972876713,0.6326736891887819
2.470153283637582,-0.008020543992592888,0.6297419610129228
2.586711748068182,0.007362030139154818,0.6303703108887616
2.353425486734718,-0.0012421039066279338,0.640519346715157
2.5160833391430018,0.008953404899268325,0.6274440402765015
2.3993134986549185,0.024382116723429492,0.6333662755023335
2.585663067471846,0.004247557037115657,0.6292168961636221
2.487749054536779,0.01471844103223452,0.623053056606408
2.3068157507273384,0.027619769550879303,0.6405145493854698
2.522748655421165,-0.005330663081024589,0.6294992952792706
2.272959141624009,-0.0017873681399818153,0.6416739962625428
2.4568508049241564,0.013702385933123118,0.6394861867148621
2.2694400331277804,-0.029063438795775554,0.6393658489315605
2.353809656166659,-0.010076685787888007,0.6295939197422122
2.492042272231526,-0.014762046786562566,0.6354639328469137
2.4596784280702937,0.007453487182118135,0.6235686853707711
2.340673110528495,-0.0239366412893387,0.6524938596574787
2.407472992089142,-0.010971990531876585,0.6296164631565104
2.408369693154856,0.01271309294766243,0.6200647698442104
2.384458878377314,-0.016847197158246674,0.6580649020871492
2.1405569735547036,-0.004996089436668516,0.6693896075581527
2.387817123666804,0.004637323530064075,0.6541452753695602
2.5761956363417027,0.002264861007363006,0.6237442607270118
2.392765230418704,-0.014631781797198817,0.6576619707582468
2.0984633818283385,-0.005778856670288546,0.6694805807136661
2.3368524006510945,-0.014744558182357315,0.6405746032104519
2.558989466195364,0.0038974691556610264,0.6067282274415425
2.384007096087078,-0.014079517761314442,0.6516012067212579
2.2882145810676087,-0.0032055675715503273,0.6652032640926617
2.3498187856062773,0.008203048202474195,0.6395880871692708
2.3149059482498937,-0.0031968353679032724,0.635211689193782
2.3824385111781807,-0.006082603992855207,0.628181602660374
2.592619403230628,0.011930328320353123,0.635950051800123
2.578745436201948,-0.007994448618608985,0.6140617158703171
2.4650753768034157,0.0001766226738855181,0.6386036538116541
2.399873567880672,2.7445309101592485e-05,0.6407833957606719
2.340163763438434,-0.000763225698686032,0.6388543426739436
2.381056959618584,0.015622653524706598,0.6315870100954929
2.4364203246442044,-0.013215709612983018,0.6266270556059672
2.500268506945115,-0.002538401916199806,0.636497354396446
2.3707446236083713,-0.010980684087551484,0.6495486634550139
2.4432203462224935,-0.015305506083687082,0.6359112561326499
2.515165673513147,0.010837708160684523,0.6144683214553898
2.5277250988776716,-4.301092157987796e-07,0.6299732277600879
2.52322152949215,-0.00537560329272746,0.6188248605300796
2.335558257765922,-0.002177389465416235,0.6445808681248939
2.4556614728868653,-0.00874728738054431,0.6348568186485597
2.383894580961991,0.007789069982865771,0.6429982661031441
2.580063724230142,-0.006611141441430046,0.6219444152575667
2.544037599721191,0.011656220530231076,0.6118989782947867
2.4518601910996916,-0.007750201029042225,0.6259978480110774
2.3414075837835555,0.01009097284652416,0.6330839678317896
2.7283842345500697,-0.006252814187415634,0.6240622610257904
2.434692362648415,-0.014387690504295003,0.6331736799014138
2.4467957411444377,0.007611642971173005,0.6299375627834692
2.624842832969014,0.0018201875497012576,0.6140462438324457
2.4986865960255464,-0.007990517267749242,0.619611117429066
2.6158337067321393,0.003018077527283003,0.6264883894428879
2.3778516646235186,-0.002072761843743054,0.631429266368689
2.632219492645997,-0.0011836157807170178,0.621276381066093
2.54635412319784,-0.00037625359426907146,0.6354214296978657
2.5273065795088847,-0.005188563961937787,0.6058724574086815
2.395361997898606,0.0015440640576664943,0.6383779710702694
2.5392619275307085,-0.007515129463961268,0.6152404842703773
2.5286288012737668,0.004401422494338059,0.6360452971284651
2.2399471069488643,0.0034722826157025377,0.6450611712774277
2.564940288046127,-0.014779927508891566,0.6234571234340315
2.500499782793741,0.003064395177569068,0.6417378120638727
2.4081468117406146,0.0075163649197547144,0.6423186317548397
2.371456666785661,0.0039638039695335525,0.6568080918615925
2.55162844493724,0.012953403582225409,0.6194697530124551
2.381854683375037,-0.003929395788119461,0.6252652001483338
2.3699955839996956,-0.01619834244849616,0.6368350943292921
2.360616485062553,-0.0031086383441456533,0.6315846330854056
2.571337263091641,0.012312540202882527,0.6217699386648506
2.40069056902526,-0.00012781176588139154,0.651741953324115
2.5139348711067817,0.00846334809182303,0.6364225148568103
2.553447168069399,0.00047730554039149276,0.6331361023263351
2.6169357106474407,-0.00656326207954705,0.6281900634902206
2.280969418865114,0.003555776939152544,0.6382831514361085
2.535984633802518,-0.009018647465438345,0.6300071446770422
2.346044206590967,-0.006364381581389633,0.6605304246818836
2.4405721658036508,0.008284167619660554,0.6290095079509168
2.3861399289120597,-0.0007142930203405395,0.6508453932055855
2.421247760969838,-0.0023025166932693075,0.627039567617325
2.7221620124902683,0.005721339894558142,0.6238173356994546
2.422566610801342,0.00803822388175135,0.6237600111971927
2.4995701040908673,0.010507417396216745,0.6167952908961976
2.475013626201332,0.009293673634170663,0.6382214928601911
2.299102205932146,-0.009271663755485937,0.6591812274577489
2.3731156765947863,-0.0030709110540123596,0.6223777345830832
2.544058856125622,-0.0006778760028622877,0.6197045056654845
2.485041308166814,0.009717928476921767,0.6190459518509762
2.4315482388621303,-0.000736962754972037,0.6284328713240045
2.634886840989047,0.0005594245561322264,0.6335200651306631
2.429196461083393,0.00043691349865859763,0.6396338741443693
2.500407168798088,-0.00047037473453270806,0.6293611622560139
2.3325232060311523,-0.0031788412981463843,0.6486248421254236
2.724128381431562,-0.0042062857999005665,0.6144376905373251
2.3420370910976462,-0.007232859304248773,0.6499258206341384
2.3988762218932487,0.00047977317325975655,0.6345021491551349
2.2681921181931397,-0.0033677892908339224,0.6544915180552558
2.500003378515474,-0.004218815876302573,0.6270626118792992
2.4367994429346265,0.0019450169657482252,0.6260335849366985
2.3440668237091673,-0.005782483860949705,0.6337670820375821
2.384548381558764,0.011659385966585,0.6492246639227953
2.4327112212292095,-0.016542285844147075,0.6344579100956912
2.318552768282993,-0.003996425437454043,0.6373757107253109
2.489539940782688,-0.008152682943407985,0.6396759619079457
2.2990656542154766,-0.01574931312128247,0.6412027442087023
2.552575111105257,0.0027197515656247617,0.6150428882018102
2.566446983646424,0.001964066723827873,0.6193729562966499
2.428709434489576,-0.016637612272490054,0.6343081500537318
2.579207087258767,0.005482305466293802,0.6252200574486106
2.3590895191492023,-0.008227241951072717,0.648420338150282
2.352536850074428,0.005958974725648325,0.6363522662283173
2.3026520351866626,-0.009347390958384327,0.6359557671525642
2.561899817450911,0.022363376701889814,0.607096405641907
2.320879573909977,0.002750896248679968,0.6419454802999013
2.2935428776378806,7.319390117199731e-05,0.6331119087848415
2.4360284199631805,0.008748831565877913,0.6202996438168896
2.446487108105767,-0.009605059232207225,0.6449217768532604
2.6844692537854704,-0.0020731208241517862,0.6067228582793549
2.404627042001353,-0.002130211466536469,0.6543728662191566
2.604304637522667,0.004561183042818717,0.6370925218032439
2.3009436618467753,0.0063231466962585525,0.6382672431002535
2.7301710144597022,-0.00401696224935999,0.632994339152081
2.3300808368467756,0.0024749442971538915,0.632755543821335
2.534023817148971,0.008664171587950742,0.6274391543396508
2.273639121276531,0.009288653447655282,0.6409216208363995
2.666752459193783,-0.0032895406692472484,0.6237738052592472
2.5889485242663732,0.002343388484950415,0.6149369088742916
2.306308601606194,-0.008762253943437548,0.6552656403405335
2.276084780477219,-0.016730574297339817,0.635529023511152
2.4897310707582405,-0.012675150532513335,0.6195206174707855
2.476287692191802,0.005548282418844419,0.6293508643350099
2.241012968256944,-0.017299414038304706,0.6591827760016715
2.4462695355344817,-0.003794479015780894,0.6470774028672244
2.4336592946692206,0.016811822774595475,0.6458769730810926
2.390336859316852,0.00554517956015288,0.6344766749179603
2.3806907167298634,-0.009531982105650094,0.6497342465063678
2.544231285713353,0.009563508986004887,0.608084978183973
2.4236732411020254,-0.0032889157710709327,0.6436285419986536
2.32851953940462,0.0011218538905337638,0.6482144258574848
2.4401475778209294,0.010137193645685993,0.6301662229610916
2.4642504830161824,-0.0008759947361889342,0.6590286709813332
2.253342711596635,-0.004306601966761914,0.6447903506063216
2.4419903918832397,-0.010163002911439234,0.6389684936992024
2.4900618090211566,0.006526368102004687,0.6181893087225385
2.3192822151042485,-0.0025805157560623293,0.634312164407156
2.340913226845521,0.013771546439125482,0.6672759248471717
2.5175829185084306,-0.006485563713622522,0.6158795971784495
2.3933068013873866,-0.012739032884846235,0.6310910218542637
2.3468234880998984,-0.004186218617282966,0.6362031120475095
2.3132140098175773,0.01279284816581705,0.6434064451404142
2.4282615534294956,-0.014264782844867208,0.6038861420331959
2.343222440722609,-0.018211178130504102,0.6346493227721004
2.500106207331118,-0.009203132808046632,0.6254895307486052
2.277160814555414,0.02306476509246891,0.6458191371981729
2.4958466192365014,0.023761584847963535,0.616248933425268
2.345628128298677,-0.026615872583468203,0.641688050008468
2.306901771092824,0.008158692846730098,0.6436832036876343
2.3580751666655018,0.010372327292110128,0.6514599371776422
2.551012817283271,0.00937574422506171,0.6373001340727673
2.5621948774435817,0.0262240109516374,0.6336811696123551
2.268630976442726,0.0070251936582022,0.6325530848763664
2.384920042179675,-0.013538651341539865,0.6399700265533377
2.141411869968006,0.007914719114960889,0.6536893343147425
2.4691372764186523,0.018663149678166846,0.6202904607718501
2.394722442202978,0.008685616390742279,0.6314139358454406
2.352656902129679,0.007912916017946303,0.6246410083059518
2.3304920806903726,-0.00025847843504855916,0.6585195030174057
2.813018207142311,-0.008150312233972556,0.5843641264340644
2.6329600946822103,0.031175781162630978,0.619369323167323
2.5228135974565635,0.020770972125520037,0.6348682444683558
2.1926201301170676,-0.015310338419818104,0.6440017423976899
2.7295834869820284,0.0017214985277436146,0.5931898434124838
2.6639513313350465,-0.019483295385210875,0.6139286867778794
2.3691607333948728,0.012701379866557616,0.634756316325312
2.3831777515534722,0.012034176806408503,0.6045459298477908
2.669143337734314,-0.001198432320256293,0.5996156389549586
2.51317382782552,0.02135106995763203,0.613725101254241
2.6817608639167343,0.01271724456238732,0.6118182801481122
2.4009706668943456,-0.008768458315014938,0.6558835058335155
2.6628658374835448,0.004758922947562638,0.614163129040007
2.4813029614288626,0.00020185539786843343,0.6099583416899749
2.344961952679617,-0.0139303426210724,0.6553964973237475
2.383561314094453,-0.012762207881566567,0.6663689987944036
2.745902570436917,-0.003807311891919296,0.5896600320309567
2.529777834094697,0.0028594951873310848,0.6231616172580172
2.462733799177147,0.0009611216694711544,0.6472377634867263
2.4280882645556,-0.017348542013279955,0.6322449654561467
2.484457541106198,0.001110942110999602,0.6401538033824138
2.3627351326711628,-0.005763179761219206,0.6474009090675122
2.578168218118752,0.007778738013395792,0.6459891686835703
2.496075221451786,-0.019041142117647736,0.6275110673864279
2.4295576349762924,-0.00482664788915943,0.6377277522077841
2.500799017402118,0.005600920576902757,0.6275824018753571
2.2337562786332903,-0.011174494009720704,0.6374192348688733
2.4838378737663116,-0.016282902094430174,0.6384511242744059
2.683260079396172,-0.034285666817664096,0.5968426438029321
2.4443288565392045,-0.0030508401689663955,0.6283940433386576
2.4032763253881533,-0.01967865056769935,0.6482891351175887
2.483243936201381,-0.007370520866121888,0.6260414358602934
2.412690338303412,-0.00787339251835606,0.6338184919405637
2.395341170315061,0.004970137574380029,0.6282625108159579
2.299831724964659,-0.0019013108923626731,0.6447176013305819
2.1992689756592947,0.006849188817772189,0.6537533565471839
2.485017233550172,-0.006914678624587722,0.6464411297134196
2.277673845917298,-0.009885102090253728,0.6386663911242911
2.6659275916674647,0.0004649595664960593,0.6150214424244632
2.355163607739713,-0.017229202429422052,0.656767205344188
2.4114311648856996,-0.004312548688479634,0.6268506832394856
2.5620954243350864,0.01571871090373045,0.6280677874360849
2.4951997505595225,0.0024261587575922228,0.6103538788219722
2.260520080602167,-0.02668932929020884,0.6579348331065716
2.418955734856896,0.0030089476390520176,0.6331681380602582
2.4312203143097677,0.004651490702213712,0.6214751034919077
2.4076074442037854,-0.009448220025806586,0.649990288272581
2.1965465782481917,-0.002152867280629467,0.6509960273476257
2.4188007181457505,0.008418638381876509,0.6285973637505035
2.5016289233874582,0.011052539162672348,0.6380800073827798
2.4114477758154265,-0.02728270770335417,0.6224901806350719
2.261752259360422,0.004696752789365544,0.6718834604568386
2.6564074935856046,-0.016435654712898318,0.6080725237819614
2.4851829014954654,0.0049684389014066355,0.6281883132331872
2.367856258369496,-0.021177332579750408,0.6206579689921374
2.3476661995521577,-0.00831997639869786,0.6510302699863633
2.3846407356862955,-0.01825210524642973,0.6360677079531014
2.360051846506375,0.008914377811466201,0.6441416481352333
2.5715471354989443,0.02343919200983291,0.6401211133568205
2.522169950163089,-0.00909787925933947,0.619222664264175
2.5392781394831982,0.014265088760108124,0.6285681966434173
2.360051846506375,0.008914377811466201,0.6441416481352333
2.5939556545353724,-0.022985191053116694,0.594239367144906
2.5310184083097114,-0.009076646646716702,0.6174922000441708
2.3983355218022497,0.011525014521756693,0.6379790005468614
2.5674082678977164,0.02869830909025972,0.629507714707487
2.6184068151665456,-0.021713791389764037,0.5917946987285535
2.3325722312629704,-0.006061160225064199,0.6253970262089896
2.513454965557517,-0.0032683761849163773,0.6428145365683056
2.464195379463968,0.025017524508152755,0.6226884393010682
2.4898187106739917,0.02764935551749481,0.6440233560298149
2.320922844363776,-0.007117399434168004,0.6556056997452528
2.4475393161658503,-0.0010191124349381298,0.6435810045005419
2.591390280547608,0.007560501939976039,0.6085608799480762
2.422539357836421,0.00797768751526351,0.6191400220512847
2.5328957346650327,0.0034091629426988845,0.6142067986744892
2.4381932675605174,-0.012924175824595041,0.6418921211190456
2.5841259887349124,0.007249769320977428,0.6208913578613052
2.5296228282895648,0.009974038914430272,0.6319116522011902
2.600530186031239,-9.609666595356003e-05,0.6120072866936753
2.3481255020525036,0.006776170289211292,0.6432479696717391
2.6614682695620155,-0.0020583189390050993,0.6039375424597119
2.439704582429115,0.004038624679831626,0.6197253245674352
2.3963550130425153,0.0022187953449219755,0.6393066752639694
2.4513794885750815,0.002877151056790206,0.6209143851907039
2.6547517563597314,-0.0016123928511773133,0.6187203805010778
2.4562897394561003,-0.0027857294483522033,0.6233606287736948
2.2421656560898846,0.015459919866896099,0.661560676306973
2.3213047624598944,-0.005724650556676147,0.6559482059568116
2.4734389483136523,0.0024658933604577715,0.6266896237982432
2.6632391480165793,0.00755864441852383,0.6094510456980899
2.499794597381295,0.0034263814771884338,0.6265002736635216
2.3228270693123676,0.010881639929487319,0.6149396068380842
2.4919689859224636,-0.0037102044517707267,0.6330288429530158
2.4173137284086734,0.012496358526374873,0.6268845598569996
2.546692809827585,0.007426589376069881,0.622043118330936
2.2676714382729566,0.005138043838613493,0.624647616217672
2.455498116704191,-0.012594638133493374,0.6296664316689319
2.4360591353888057,0.0008835340088404475,0.6433504494865342
2.652603593388631,0.010669921338236854,0.6315402780008241
2.5496887308465155,-0.01872358980819766,0.633878508279172
2.618403324113056,0.008614956507446037,0.6118748207474466
2.4566782674210925,1.223382728476885e-05,0.6253145712874296
2.5277843575540078,0.009847280245158352,0.6301758397875129
2.3442241845795904,-6.484737087486536e-05,0.6398071957864387
2.6085778859726436,-0.009162420640048463,0.6137737780678149
2.6216419590851734,-0.0031841349691228427,0.6160130125283346
2.628240207991034,0.007720953888728621,0.6069262221307532
2.3739465689964883,-0.005253136518447388,0.6545883465660675
2.5559064441724755,-0.010180651100049953,0.606170853715119
2.276572145382011,-0.012177858289435628,0.6482054889854207
2.7430518828013315,0.004907734837366506,0.602646160410862
2.596709127041291,0.0006602511586308868,0.6070145914008972
2.414813908823349,-0.00012123351988568842,0.646629688187815
2.3134358742471752,-0.005935387900542821,0.6543445685378116
2.7805793694813814,0.004703342120540022,0.6021473752735174
2.5097032163350383,0.0072475774930360615,0.6367940169861045
2.348007100370629,-0.002076392690977924,0.6336093999078329
2.572504997506766,0.0032660742808308107,0.6329417593277981
2.6822909410148728,0.001818448801843342,0.5914141223644086
2.5559822715531415,-0.00893540448679131,0.6308625309365221
2.3944232727249104,-0.009145284038358126,0.6528077203182218
2.561271833483966,0.009652466427840123,0.6208412930030468
2.3905727113914907,-0.015031187250220679,0.6430053339291237
2.5522266041026485,-0.010342143038908569,0.6292122722147264
2.6680365001256705,-0.003408787238974753,0.6072275298796591
2.559445705516,0.004496172692777689,0.6275667533718606
2.291292124123272,-0.011031741468132683,0.633218324915685
2.4404718918728516,0.0008706873094208589,0.5992319378962937
2.2424691068448714,0.010589842016490048,0.6592227750425559
2.4980106094908785,0.009207210828144463,0.6186726516848384
2.4674401465950897,0.018135051092298626,0.6428145396625851
2.474571124290752,0.0011747955456207215,0.6159479061550711
2.289181870131613,0.009750295638519368,0.6582967662458494
2.319488410367122,0.0030410291185574145,0.6627484703468253
2.684683489930184,-0.015901641647652953,0.6225945790932627
2.4315028322002448,0.012146731369302222,0.646624415704399
2.198985765352011,0.026480766324096017,0.6646514729823336
2.1877021730325636,0.008028654893376341,0.6520936566556323
2.462566162888871,0.002077047346374039,0.6101053560968546
2.398601193339891,0.014307618630507557,0.656459812288578
2.382211802131651,-0.036449386754824786,0.6313971727392846
2.247016881985513,0.006872693707883126,0.6664188708915041
2.462566162888871,0.002077047346374039,0.6101053560968546
2.4330249358226634,0.0096236898751616,0.6243122275705727
2.5288729399247214,-0.02218280757700941,0.6420299896580735
2.2595958350603356,0.00330571956740644,0.6640178276274538
2.474141195160654,0.005405519696358496,0.6277410066009212
2.4898058539650716,0.0041390399611849205,0.6188938290558296
2.5627009396972458,0.0015875324664194057,0.5990879169583749
2.726913399601019,-0.01763987307045789,0.6053575475135514
2.3753737781640534,0.02344028489009209,0.6421086098949217
2.63620189883747,0.0007102089690520508,0.6278489831828001
2.5822134394647906,0.01436003272270181,0.6345083313817138
2.380617772675335,-0.00030297090154673967,0.6441282288318345
2.30616579434134,0.019760641149641378,0.6494085790790316
2.539679562923402,-0.004021271709342855,0.6148900566263517
2.4569957749960563,0.016032709623131636,0.6261487357464776
2.3644587014499305,0.0006715387182816279,0.6447617156884108
2.2784104093376722,-0.004864511693425166,0.6563966585463272
2.578909886757612,0.0020013399242233554,0.6286807262139948
2.475573099057675,0.0005257307500441399,0.6320012460637762
2.318725075030773,-0.00038603729244690577,0.6329001872645984
2.3630350288533917,0.03093531095758406,0.6355798891760144
2.47231284495812,0.02291969845643016,0.63526351178783
2.4021024441444814,0.015947641798522705,0.6335542344181972
2.365135741214335,-0.016900603472018716,0.634500098558201
2.6576842101876363,-0.01149975023696137,0.602683105692362
2.4225491807458925,0.025385284569357403,0.6307808378810954
2.4391162940785365,-0.004738462168117907,0.6453833392495715
2.4479854854987964,0.010953887518971417,0.6353433794565847
2.39125464917612,0.015719940653703413,0.6258766448321887
2.52056684656161,0.024136115204615338,0.6396528431963114
2.428963462779809,0.0025747762798387086,0.6410779730117142
2.420155114064548,0.00954932769919381,0.6384907293064711
2.5946420388680584,0.00016629020976988151,0.6279707116079082
2.4147194966686656,-0.018496504918080747,0.625334964096222
2.378042091940098,-0.012687823561016165,0.6473665680666539
2.4666434579442624,0.009239543387814297,0.6225790972674557
2.619374666419258,0.000220615305127847,0.6245125294161628
2.5840524516001087,-0.000858983981916861,0.6254662210653812
2.4048296002100784,0.001250703691262789,0.6316687664245881
2.5311962763623366,-0.011374042521143046,0.6352725683130132
2.5820551315176443,0.015678667393395518,0.6474695106853386
2.144271057357136,-0.01103207418138541,0.6630081754307666
2.4782275579843414,0.011023846989445918,0.6352393337995256
2.4650392031916826,-0.004011803295697947,0.6270524713788631
2.269258919942477,-0.027603900927573033,0.6430664198283572
2.306893383146524,-0.0005168910312287611,0.6476912164939636
2.4201894830727917,0.010489175693754849,0.6170061490379118
2.5114619685208255,-0.011135130092106538,0.6192535505762886
2.206077548832627,-0.019939295447452432,0.6796783020861309
2.454416711109887,0.018983689040554363,0.6349896056345611
2.5840163635109836,0.01657689086541847,0.6349083299073758
2.428554011624699,-0.005481203567635262,0.6109488181065951
2.14359079174152,-0.01911673271934622,0.648614840575614
2.5218905193296997,0.0037850157412546714,0.6203827238982329
2.7583284886486257,-0.014339519981171334,0.6192559667827886
2.4989184349248563,0.004821479681012875,0.6001922584229282
2.249315652422739,-0.020053604923557344,0.6494903380304825
2.437666254133135,-0.0005233009703369262,0.630801235829732
2.5778165317959556,0.020308160139621778,0.6340029231868921
2.621616268775591,-0.006170856934651026,0.628992178894956
2.492579104953156,-0.009737813140954232,0.6338691614276128
2.403052891780371,-0.008910345693592392,0.6407716828532543
2.4133297414920554,-0.0004826261383861219,0.6213993584651245
2.6110948922306747,0.0051476506141217016,0.6003765502496847
2.378552878125495,0.0043315815611295605,0.6393259757001347
2.4401775441785554,-0.002129555561665608,0.6301485926134431
2.4261030794782896,0.006001002743522665,0.651701475773372
2.6740084347114466,-0.009859029011374698,0.6019958085067467
2.457960639269046,-0.007257173118142557,0.6271560763816076
2.533509123626704,-0.0051224749421894256,0.6278542211306898
2.3906312659872766,0.008026379307573661,0.6507041628312904
2.4598251321249864,0.0017616931306989603,0.62416736404379
2.390917294025319,0.002494505841393657,0.6472855374428635
2.5031030349617773,-0.004494285776615259,0.6159212791153276
2.524434760737202,-0.008097013908069606,0.6442554354823157
2.4543637915479737,0.006471955348156255,0.6243608402356566
2.5321380314370114,0.0055975178415519355,0.6340576979204856
2.5129648075912585,-0.006923705066040453,0.633649348316455
2.587784103240432,-0.0008813624232058004,0.6150183330628727
2.5396156017532583,0.014872003209760676,0.6319014494549411
2.287293077060114,-0.001004695368185038,0.6549714862646018
2.3003311466368244,-0.0016709856713101878,0.6500215972947397
2.6270469491256128,0.0030356574676768666,0.6257815208104293
2.361911150814195,-0.003929128403927562,0.6525566999206894
2.603573848955213,-0.0073947838814449884,0.6112793000112088
2.50834768420369,-0.001042625660650165,0.6369331815789255
2.4129460192411503,-0.00970311219184139,0.6226687031061935
2.459858903677355,-0.007137977226373993,0.6326994955876802
2.480953745178318,0.024311835603483045,0.6250916584625479
2.4433602655776134,0.0006472342141699006,0.629259973729258
2.4856886772282385,-0.005138531654524714,0.6406175772930027
2.4687286038923357,-0.013130078006624801,0.6248331762198455
2.4614225150769182,0.014954044457506921,0.6267705851242714
2.371511128689196,-0.005453930518065198,0.6531617580423016
2.516191971894871,0.0017758879181271059,0.6143509741209098
2.4464499873440704,-0.011021291770724417,0.6465509372869386
2.4049940120669993,0.004728479604638958,0.6422297011614793
2.3524084855995,-0.007919119184805146,0.6518069697754371
2.546498152597787,0.00043361951970943835,0.6089044454977592
2.277974236781674,-0.02073619935460491,0.6481567125132954
2.346599846749235,0.0265327465253693,0.6240868637102694
2.409818234507685,0.011151344363571347,0.6224908974062696
2.4408242433810385,-0.014667498044140359,0.6529201731016085
2.3454213265073327,0.013793132722774049,0.6438458691261597
2.5249398102643643,0.02393429671363534,0.6423344189561708
2.543089543817259,0.006494202663642312,0.6309988813201711
2.244659462034005,-0.0023053475968497494,0.6573932888137434
2.5065552499940953,-0.012331320213826213,0.6208776422305081
2.4700561488918944,0.01872007808100129,0.6235309761588316
2.4215866844143443,0.01256220301262001,0.622760573894092
2.4418004404505798,-0.005515941997310758,0.6380695113293332
2.5658897930325546,-0.0067846748849018645,0.6236910397401378
2.5548623364409404,0.011119010828247289,0.620020171474575
2.3969707355342824,0.01356483830328048,0.6230912053101574
2.398284061329579,0.009076561111973414,0.6120811723382673
2.439701761939523,0.00306967497034516,0.6300037848862974
2.4835555456278975,-0.0002959635232586688,0.6398889630277843
2.328651341873482,-0.01328451594288138,0.6500069372595937
2.2282297753604037,-0.01283437012046651,0.632685231184522
2.485585487068191,-0.0031674102230649925,0.6221265883860243
2.456912469161039,0.001814964018767462,0.6222469276869114
2.3755014474428293,-0.004647328567869646,0.6340538556032844
2.645909076511535,0.006929489975753045,0.6365041815482689
2.3512365769352397,0.01477438743879933,0.6377144448092257
2.7055161409325366,0.004085841186042494,0.6092329240808897
2.60722070860016,0.00614819310918957,0.6046328510415052
2.570981569798314,0.010285108797698506,0.6359047737412822
2.555623340986556,0.00655819567981375,0.613220586581008
2.4481979692868565,-0.004718125897040348,0.6206021056242621
2.4455717051712305,-0.011414855186192119,0.6402832225102493
2.429398731423169,0.0027262324238204183,0.6285770727643399
2.5204134577489783,-0.018273066951574046,0.6267225024657206
2.339390508538825,-0.0009408927861864758,0.6342981836671302
2.438121918218494,-0.01822336509497524,0.6366701017759666
2.3739129839499364,0.009678288323614836,0.6299903120503237
2.5622483881658322,0.0009112557321580006,0.615745986955713
2.4575041166932667,0.0041020004594047865,0.6322362779269363
2.389383020147494,-0.00016619667840078733,0.635453874949124
2.5664821168610037,0.02179698808759989,0.6259705856307026
2.5416426153885827,0.0046220414991513525,0.6386857649687493
2.3748970765213895,0.0014460407177849799,0.6369974285226159
2.472141870626288,-0.011545563641666368,0.6422851884997705
2.471153035737635,0.008244858682198375,0.6301271276575837
2.4810847533174756,0.0028517560592811186,0.6446786161652397
2.2626186677644755,-0.0031486958371997886,0.63882485199257
2.3763138430787922,-0.005610549499282191,0.641368936844951
2.527891412905971,0.006805427832654143,0.6239794112628075
2.5753916253834066,-0.012266840848087268,0.6334916568640429
2.3916845468731176,-0.023052396283738563,0.6569237177073349
2.432349844597099,-0.009925151418174849,0.6480554326613994
2.4812115929773673,0.013283556649666517,0.62341715615118
2.416902183885626,-0.0057834437421009355,0.6339110064953503
2.2825591119916298,-0.017766374291787734,0.6573975847593143
2.4885316940944744,-0.003217449658865279,0.6302933622847419
2.485255172016073,0.0213048750493543,0.6236089720770407
2.4746501618713648,-0.012111637879599346,0.6590180313464823
2.693892465191603,0.011301463834389347,0.6123317402362647
2.5138890848660806,-0.003220810422616127,0.621193818375598
2.5910785933551677,0.023549599376023078,0.6342059097040057
2.317702534057763,-0.006650526608867224,0.6223411189805612
2.545145311475559,0.010390551554645855,0.6087040443467395
2.6552140110059246,0.002919071955272079,0.6204370857945403
2.328037092524979,0.0029456980968407542,0.6320569047926481
2.4049903757063666,-0.003657962969318085,0.6354628520517895
2.5105496884977963,-0.014907032059413128,0.6395673830272518
2.272407871835292,-0.0065270540263902,0.6627241258212172
2.4476218147140556,-0.011099878745668423,0.6268879957278224
2.3535686755233143,-0.004236657728077686,0.6623779306361361
2.2640648828802,-0.0005831649344110179,0.6442616932614748
2.277540289555888,-0.005848362156406939,0.6677854685120382
2.4364036219644176,-0.007312913936136756,0.6320666599044439
2.038300456891847,-0.0053831499329375365,0.6829362100977251
2.495428531957304,0.004884093253888722,0.6371444248585115
2.397778270504662,-0.0015241280154980608,0.6399137589338135
2.3454981537719592,-0.005080518684819735,0.6406811574117751
2.4683094540185144,0.0054140761055769815,0.6266611089587187
2.427488018289422,0.011419554652322361,0.6291767791181836
2.2979359825850856,0.0043873236041482855,0.6513471234206443
2.47022747037331,-0.004380296880472256,0.6434599472161769
2.456630411816126,0.006758139039899191,0.6304571043522433
2.6436926616794234,-0.00582255785604513,0.612591760003849
2.4694778836582567,0.004003070812490961,0.6416028638824042
2.276729694432726,0.0018355847231521505,0.6435519032244824
2.23276014262892,-0.0011671469075582586,0.6517135674511734
2.6031491733319987,-0.009667346543500877,0.6198903931256948
2.6261172569540188,0.003436960811874057,0.6378760322182526
2.4615412035764024,0.016526246775256936,0.6298097519026331
2.511005203073984,-0.0011096837824524641,0.6330712379111353
2.4705088275177247,-0.01228026024310358,0.6114096029133399
2.326147117221081,0.004189558224635848,0.6199116474713146
2.4134742423944475,0.004479664174750875,0.6128294068922853
2.4605906104774995,-0.004194585923542826,0.6252663191303754
2.4705088275177247,-0.01228026024310358,0.6114096029133399
2.3789044933411283,0.00541993932235485,0.6221223090567041
2.5440093235581944,0.010708402280211748,0.6236431881542125
2.7778758545015734,0.00567265069773204,0.593183944599303
2.5863593393065747,0.00805229633997917,0.6307892972763438
2.475157113446602,0.0007973469432573932,0.6249114834118028
2.5209715309970866,0.0087270487913913,0.6362078622665499
2.3113383064796147,-0.0009431902504106748,0.6431844778005251
2.5863593393065747,0.00805229633997917,0.6307892972763438
2.2760072951393133,0.003648631103063238,0.6573534297377335
2.5718689716358236,0.012423603970790342,0.6301609808724978
2.4621209446542447,-0.00022385128215463013,0.6568885391814078
2.500857539662534,0.011013727675932339,0.6102578255672582
2.354109658320112,0.0031683120340113557,0.6583749005221978
2.2948796725068843,-0.002311286722282313,0.6347391412320118
2.448965933869989,-0.0006819202732235574,0.6349809112393959
2.4587524034408417,-0.020216485354488167,0.6378376085941415
2.5274959093984415,-0.001726319194694348,0.6237880234442413
2.358758162790103,-0.002540666172685224,0.6244992375129534
2.696042090458219,0.012671772517671487,0.6151519005991893
2.380409404372673,-0.01581065154475647,0.6317206189589758
2.4693098787988785,-0.0076351469191451304,0.6254213646719393
2.3722819734444642,-0.0010925413170130849,0.6347715739105203
2.7125814035309914,0.0036854559810104437,0.6225542998497968
2.5024280808657613,0.011770727772943523,0.6407798752249747
2.4818454793954823,0.003137071366124289,0.6230671700322903
2.559356239609086,0.01167820394911856,0.6364057828258154
2.469769583711889,0.005902238937861348,0.6470850164356451
2.4150658018329043,0.015295209618690908,0.6267769411448287
2.4363711715316856,-0.010878150590502456,0.6297470157313978
2.6037062561662263,-0.00913845261724866,0.6296828329819122
2.367768930171595,0.004282664456113805,0.6341806882317564
2.27567890264515,-0.018801793686043844,0.6424894906232427
2.274167258142524,0.005504562955864989,0.6501076124801198
2.3541913000849415,-0.013332366520991235,0.6286627589118317
2.347332374242791,0.023189692202187473,0.6409325136538552
2.211775710746901,-0.019550107125754446,0.6372856921449043
2.40320704213382,0.012294078435974187,0.6537443467084905
2.4835632401642855,-0.005833890477350057,0.6464060400771386
2.321426649599325,-0.024305750090511946,0.6426087975735008
2.3362942981368593,-0.014941278044123818,0.670945254542178
2.3747058930402565,-0.01955070826128802,0.6354097447465352
2.3168469082383947,0.005334365629616089,0.6381551817840523
2.335707527371303,0.012232996534047746,0.6525117863827806
2.3362942981368593,-0.014941278044123818,0.670945254542178
2.3503787497897703,-0.009379104960045126,0.637925195814658
2.49106007412228,0.0044497999569710345,0.6479977217371932
2.4382497525974296,-0.01820712642190747,0.6438630325962253
2.2173621294663404,-0.014211405696757717,0.6475004280944722
2.5791336333666672,-0.0009973876832618522,0.6258195034114857
2.2886031026772264,-0.002605790505314509,0.6397215209168904
2.3867176993541523,-0.012809376202381317,0.642442334344966
2.5848037241175037,-0.021040439090218355,0.6280840250562179
2.303643918540974,-0.020962989137667254,0.6392704496847746
2.378799159611254,-0.0183382450057592,0.630302568093797
2.4582415065489593,-0.01425307037548773,0.6417640197840895
2.5037208515043377,0.003479871782698263,0.6256003278009952
2.486334723545623,0.003738107112660538,0.6185155898832678
2.5314005082041193,-0.003065423297066161,0.6322117875253638
2.6292091881566857,0.011164590459640023,0.6148468760374802
2.572264636886832,-0.00042277197038997905,0.634113713540284
2.41146019868162,0.015871971178984978,0.6285163935140892
2.596425459198605,-0.006837379035662838,0.6008033086117212
2.5828758060701973,0.0045309340503600914,0.628216761467712
2.4245335943915873,-0.0012559592465839486,0.6143061950263278
2.4647645438386196,-0.01032587148726205,0.6189262222479451
2.573251064456281,-0.02615903928382668,0.6182583422965122
2.475988921800525,-0.0003983238302933678,0.6237172720244429
2.419828598030111,0.009378259955728163,0.6238809747162124
2.4549887451522925,-0.007351839991098341,0.6414242900539084
2.4921551669497854,-0.015497581775903546,0.6535063669110786
2.479856669500015,0.006881904868959676,0.6249524850385563
2.4002775443670776,0.005435775868038117,0.6469416852320831
2.486101945092321,-0.0034021645196458117,0.6300083444733713
2.4213440621020026,0.018138653137773186,0.6219741054134761
2.7156257970521858,-0.0017462373285026533,0.6197343326161243
2.2228159252027013,0.0016860465869277252,0.6477861775227852
2.5085825459748166,-0.010820271163886064,0.620094216270621
2.56594366069859,0.007836760731890324,0.632418565565476
2.5980683068780084,0.0009113737354800033,0.6154580389496588
2.427213296931716,0.0008283133488120598,0.6494632597987192
2.446824716409292,0.006848404882115577,0.6372958560061267
2.409990776680111,-0.011171035099885929,0.6469345602998133
2.5956485038721273,-0.012837431007293176,0.6121247592991796
2.532448207219634,0.006375665233182559,0.6346544825816507
2.3091902847003056,-0.007405376265942731,0.6460337216096759
2.364914770101506,-0.012117775045956902,0.6232434830315374
2.5421214090264885,-0.013413064776122807,0.6216161332633373
2.4487274596246613,-0.0173822274100488,0.6352489427474125
2.433151099722612,-0.006897741433386617,0.6371995716932003
2.1735075644405994,-0.001862439220696066,0.6574273882247141
2.442030400130096,-0.01943311002277337,0.6267347022060641
2.552824066241484,0.01760730293661039,0.6223500494116285
2.2719126989740253,0.0017099794716590733,0.6423997428362007
2.3413253418422735,-0.005507276573602837,0.6565561748508351
2.249085168328135,0.0017922753785228895,0.6597910997318379
2.694369125782896,0.012741130481426666,0.5976914497333828
2.2752704029562936,0.0002158702695826964,0.6744172878616701
2.698659870716637,0.003735361969416706,0.6174648568183148
2.2715324459829715,0.0010236567882275782,0.6563114627594617
2.7553800024968993,0.01833200798652057,0.5941586903259266
2.280347002128144,-0.007718854428743427,0.6428904818194192
2.5762258759573577,0.0076497868441975925,0.6047463671795239
2.264401745873999,0.005425800001263692,0.656539613932537
2.5029709986899085,0.009540782381998847,0.6304005415517252
2.5837535355624253,-0.0009510816462450222,0.6260059463868272
2.2089392316189946,-0.018865694325653548,0.6491611088945506
2.259873502304964,-0.013360819991135031,0.6412670738573031
2.4389151400325897,0.003174001148853467,0.6328273636802072
2.30228700857086,0.00617699459184573,0.6412707928495321
2.370010569611783,0.002957159748074867,0.6533018486017493
2.457813895655918,0.0103902961094684,0.6123081473988308
2.740412847457034,0.0017534317878777905,0.6009506114453675
2.472739456856994,0.01780854658538411,0.6378255071394595
2.2328945169668457,0.012367473898503345,0.6654735356889488
2.4635635099947937,0.01165661695403819,0.6205620167716274
2.631104112327928,0.0036362448891125165,0.6127147530372166
2.4057702689916636,0.014688990941012836,0.6279320520865139
2.463892087513766,-0.009594692765225066,0.6216547472108286
2.482792876186244,-0.014541939496581113,0.6355099859117208
2.4072339433252785,-0.017189055053858926,0.639320508850904
2.4207591618625095,-0.01470711701613836,0.6230035281194052
2.3212576070238584,-0.013864000429646417,0.6510612435043484
2.1879969197158324,-0.006272486241134523,0.6662130600278185
2.1743133676453485,0.007559065393925701,0.670263918258518
2.348009600539435,-0.002044860708969587,0.642384836712258
2.329996620050554,-0.012735562567399494,0.6474861820685721
2.3615237782806378,-0.005042257431807418,0.6400479456195284
2.1271901438876952,0.0018773168940895424,0.6671963210935978
2.3180912321228737,0.023511945454359973,0.6592065504572437
2.366211032345533,-0.009825383615033267,0.6455673411682472
2.3330074850563496,-0.004378818385538885,0.6350639852842379
2.184589236210862,-0.005844088762170685,0.6763623047297107
2.2670822281899117,-0.024797080419991513,0.6609967458924514
2.4362289588472636,-0.008994636061103511,0.6523523679241457
2.460946805522997,0.0024669907353784826,0.6550872638741262
2.2180562496174803,0.0007166715137341129,0.6604098732407
2.2670822281899117,-0.024797080419991513,0.6609967458924514
2.3110442854160853,-0.012002253183612588,0.6410951454937528
2.5215176379411033,0.005089789984348503,0.5993353407953771
2.3855886196852785,0.004278625967113259,0.6421385302602864
2.3500019899668345,-0.01633681142712118,0.6409628343218458
2.5214964759478433,-0.03469982673461347,0.6271478994937284
2.480615681202736,0.009432053557655085,0.648677965910847
2.372231158487283,0.004213897875314343,0.6435489105784609
2.3483621882195482,-0.005556453021181351,0.6478345460509655
2.4331886836282703,-0.029716050942607097,0.6082746538348951
2.359119839012951,0.009556191768117284,0.654036150085944
2.3849328991802654,0.009511686285819554,0.6332949733780842
2.4233667806962553,-0.0035231652542244696,0.6319530601719398
2.6253592886803685,0.003916157543999654,0.6362411893240406
2.321013837804677,-0.011412601163822478,0.651015498991587
2.5279281960086006,-0.005461595050088031,0.6392221797886377
2.374507870760592,-0.01804965224641175,0.6344888263780798
2.6136263582380588,0.008904647398657595,0.6260283336324644
2.538913160187397,0.0016547357629419501,0.6322826608423221
2.4628233040049237,-0.010577250894019175,0.6310096810822637
2.4812704070479126,0.009314730849928399,0.6268069380740772
2.5394489343779383,0.015201239810066935,0.6315757743841081
2.374610700276163,0.015321405118527531,0.6290801051556473
2.5160788325256047,-0.009700154568341945,0.6283561892094095
2.491004506950292,0.009129921071543423,0.6162573537739269
2.40813120098471,0.005674724103354345,0.5965569550612916
2.8203574925852677,-0.01944745763608302,0.6055865179480796
2.464057105652608,-0.00132445159590322,0.6315189131278804
2.579734387441762,0.006979622289135401,0.6217050264416956
2.71654798346822,0.01834574034261882,0.6007334878607322
2.443698226762606,0.03680650941044039,0.6204666989835045
2.280194375435429,0.0072057031969197105,0.656234882968291
2.545929395814111,0.006430242476641812,0.613782366445451
2.2283537760017,-0.01990117864036489,0.6610490782695345
2.425886573844526,0.016493867238189797,0.6372992647244745
2.3354949698954233,0.002838892469394283,0.6399599503404342
2.5312416071566464,-0.0005008643378605626,0.6068732369824424
2.266075524126853,0.0076442866102484075,0.6495411191211368
2.6058863792286733,-0.015968918689414746,0.6063869097067558
2.3290547489440923,-0.00952033888948911,0.6555134626542612
2.41004295432026,0.0028855238620721924,0.6263345330473984
2.3059656840933824,-0.004959886559186222,0.6571364755443915
2.6582581724412635,0.023070019743708814,0.6238239427535525
2.374336802393239,-0.010250217566836639,0.6299732331106648
2.5299903805023787,-0.006302908971886678,0.6053502773822745
2.3350874613670047,-0.01279622550801851,0.6386861494948177
2.5741588475143833,0.021860050512137574,0.6126290889648182
2.4410729748536766,-0.020173246405414513,0.630083213386776
2.248973051123111,0.0022618651513905963,0.6343029201753572
2.4117662031218168,0.010372775052068572,0.6446291105987644
2.387982954193293,-0.03967810392394289,0.6342000850511218
2.4031413530092185,-0.006738228198132523,0.632128970618605
2.388225277303107,-0.02741024928077196,0.6601983339744874
2.459193337408214,0.0016997355140677683,0.6239633702539287
2.36850982407577,-0.030329273686486635,0.649023422933755
2.2630330809991364,-0.01786052377580205,0.6583420442774015
2.4405076822756766,0.00011885844655146194,0.6191490792844572
2.5196828544358687,0.006381063087544936,0.6313763825434644
2.294205322584866,-0.0030500621161186903,0.6249414282159935
2.2674184483185975,-0.0015016083948906633,0.6518716008569695
2.3231728348237777,0.0003810933123835625,0.634789125246999
2.315609626466024,-0.009536072552521313,0.6234200740198242
2.3358067644427005,0.010385120391713798,0.6210447086539677
2.4949036530660647,-0.0034870692613151455,0.6227738367395227
2.387540391642704,0.0026192359783754338,0.6520157067034836
2.41098569415847,-0.004227863620075656,0.6369499806102303
2.504389797087715,0.006208113796489778,0.6343463418450639
2.4690788527043512,-0.003997081059124108,0.6381285266545216
2.4061602917581366,-0.019883939628799308,0.6249134843529904
2.4011408082683743,-0.005212244569248847,0.6368163991896374
2.46715559201446,-0.013584137473996227,0.6247852869101302
2.475801947724157,-0.00243185248647948,0.6374291233246047
2.4018721014743867,-0.010924942312645847,0.6404866765583173
2.3180652149335206,-0.016788256700306592,0.6506579525890227
2.7136729854797155,-0.008944884155546395,0.615170615307147
2.5760600466159786,0.0012870188633531399,0.6024639928942125
2.7309543049734373,0.008992393008537602,0.6202509526309966
2.5140852117290495,0.004805295605430082,0.5986321636162893
2.1508037376291016,-0.01639789833244687,0.6472405818782451
2.727045634616498,0.012133009629191838,0.6348919016149129
2.575060581164083,-0.005219804154155794,0.6161579935842175
2.582898901533346,0.004811163570548782,0.6232643039923234
2.424299724808537,0.018711156894293257,0.6529487735049034
2.518202029562359,0.018963885255434576,0.6095025330658291
2.707540658816046,-9.795666317491403e-05,0.6092675212080813
2.387072862009432,-0.012886066674002716,0.6339219931938832
2.464858564766935,-0.004198368014274534,0.6331226267611834
2.480646145648342,-0.009218251364192964,0.6406282854158907
2.4727630162946648,-0.005513578057534385,0.6214843538544933
2.424677011055246,-0.006287368434976903,0.6228194706738751
2.6033565925168047,0.005199311269337592,0.626969453331701
2.602748884832352,0.00030462023565758223,0.6328415482907943
2.4610244357009665,0.00642688289009774,0.6265918917237423
2.6765304120516022,0.005713774087103163,0.6275032337643317
2.5320927608646935,0.011941164746645416,0.614236751622512
2.336413137289427,0.026387882055650902,0.6367757453014392
2.4211798970319998,0.012246891695568918,0.6301751550185475
2.5908786271218003,0.021943827797912485,0.5936611641378376
2.288915347656147,-0.0061895020033708725,0.6428849372047255
2.509074420928819,0.017902735905716227,0.6185826119970304
2.5132558760104065,0.010656576300822618,0.6321239295911759
2.2280865617143304,-0.02006136427241323,0.6621420786081841
2.429645434359209,-0.005365340288434828,0.6453400371677227
2.4738242141087357,0.01099317653326759,0.6132637888607568
2.528765641486478,-0.007515180710861102,0.6184053524838717
2.892887490503697,0.009334251023911389,0.578639958589324
2.4209110898416446,-0.007390679267454514,0.6275738499810001
2.5049941422806383,-0.0033065601361883523,0.6297240787273958
2.5309970322224027,-0.013934573995373123,0.6154927396476176
2.1136766447132134,-0.007794462037354677,0.6737147977670989
2.6694781305757553,0.010190211524337744,0.6054162433457373
2.373514520563995,0.002981467476608435,0.6148496984789117
2.3507278672824365,0.008211453979819039,0.6591079799610202
2.6001426655983617,0.0073983938026978,0.6199351318418369
2.469467129413402,0.0019524209895527278,0.6355345248538398
2.4197375993329913,-0.0065001232771380035,0.6106274050737228
2.632682599971106,-0.00434677825576113,0.6163895378376847
2.444431105041606,0.003348296751334523,0.6284074374850057
2.210750474868,0.016163446907553114,0.6479854903803536
2.6290291116780264,-0.02116100565565615,0.6113179111810634
2.4494658516535472,-0.025760161534686743,0.6330842134523857
2.346453697125052,-0.00423812109775068,0.6411001789153742
2.3160020571893427,0.014075802001956239,0.6537391047641795
2.548525673597571,-0.012710319263801617,0.6125152024591118
2.3248460116615113,0.013059007580021875,0.6684455429684356
2.463069059615229,-0.01127818417086468,0.6294456893241276
2.4922730477308632,-0.01927595975047547,0.6394422382486686
2.3896003013350517,-0.019336912424841923,0.6214875114433918
2.3988535550845387,0.008775520940190962,0.6337438636151149
2.4493835920462086,0.015466877025294146,0.633311426258068
2.441562949109611,0.014393452321616929,0.6473873396779244
2.458760002455098,-0.017212459586974704,0.6382689835974131
2.489413118561272,0.0093455530139257,0.6411599827695104
2.293539379295794,0.01275231431263446,0.6483264399790016
2.4291390609970342,-0.01401681349255246,0.6294007726557049
2.485081970237772,0.0027955813789863893,0.6235426621794627
2.373443819984524,-0.00385288996430444,0.6440290633663109
2.6238325959450584,-0.008159700199894537,0.615252424191502
2.4755348578042975,0.01902088082444986,0.6239770824740785
2.2691010105473044,-0.00652470740673583,0.6501086956607895
2.2380926886811765,-0.011819099202880823,0.6330960866079013
2.399909908704488,0.01557620190711484,0.6302493326349339
2.323819268791707,-0.005543199677489508,0.6345938817311788
2.482251474090511,0.015603115189620986,0.6283830677987822
2.235248085262268,-0.009544032496039412,0.640736352842091
2.544236378229488,0.008089151644232961,0.6344576255232627
2.5367941813308965,0.005716884488225604,0.6150955752288906
2.4874037185245244,-0.0009955388279587751,0.6476054009429169
2.5389566320932433,0.01532835016307632,0.6302368024345553
2.30490307584316,-0.023935587441408,0.6466822453965286
2.3344736406913347,-0.00032143395119210716,0.666865994107996
2.542810047501142,-0.0018592490594386835,0.6533241548535547
2.3843451822871424,0.031337870489930086,0.6416383049875377
2.355740977692337,-0.02060484296741083,0.652378697688476
2.709010834103793,-0.00048821355515404896,0.6241818051776474
2.43412744941218,-0.006656737011207392,0.6538812836252533
2.493793948337592,0.003707694447971255,0.6377254991133181
2.575137384683748,-0.010646417938798614,0.6158223950712882
2.3518500170293737,-0.0012119832472667902,0.6533566408671906
2.5095222896127902,-0.004526559358783544,0.6245544821598958
2.530026537853104,-0.0011341829318827212,0.613338983805362
2.6278402261699387,0.006258954517086135,0.6083325164514672
2.4934445770881517,-0.008854307989431431,0.6214116064831993
2.2858746087537027,-0.009480223796368259,0.6552340894899448
2.4948483994958024,-0.009122531991261562,0.6415955800260975
2.6569966745332354,0.00365907547966815,0.6048092089750524
2.633268416061962,0.008854209485751996,0.6108534601902036
2.637768620471003,0.015213181342046855,0.60706616243967
2.3229981512693745,0.00028875835090613755,0.6316437817747088
2.3356865803449054,-0.00360446629262845,0.6472058491593083
2.4455861115890785,0.007073128203334056,0.6311869417693655
2.5298029088084464,0.004810850808299794,0.620026233605959
2.4045648885433057,0.005559630673965366,0.6419296058125785
2.389922908969318,-0.002681812597960409,0.6572273074310939
2.3064799960114497,0.010886578423357163,0.6427731866548859
2.2344894344992783,-0.007795298254307692,0.6495811968760019
2.517861311826843,-0.015435134154735408,0.6189641152674838
2.376089162152215,-0.0026659306796097404,0.6578882638683278
2.3290742741550834,-0.011237151384418276,0.6390215651449779
2.6689647160361587,0.013105599300379911,0.617252004952742
2.2815495330655793,-0.015213550772267936,0.6320806861400873
2.3280285731477623,-0.00019528736109397649,0.6453761615665222
2.5490704957267116,0.02070863016087654,0.6326588968408385
2.6173925583619355,0.009575841290035303,0.610994914265746
2.3278396184750028,0.008593084169194354,0.6467139004711094
2.383555776584463,0.00761584671420934,0.6277784238415075
2.5515983064298235,0.03131573278135735,0.6102038268247356
2.3858901490718747,0.004986122021435779,0.6449341966747718
2.474196647595316,0.000855453767905523,0.6250124434778767
2.324256239876777,-0.0066534260116792865,0.6535610854747959
2.6431868977271105,-0.003246257198741942,0.6111302890343262
2.618114985396322,-0.00916776032815747,0.6190795354358802
2.3598154957652215,0.005653712844200021,0.6309074641253347
2.6055748528393137,0.004349737632662887,0.6212978278040102
2.706766862475382,0.005299705544887123,0.5928081718391951
2.3539149574412783,0.004956288754424554,0.6432736244437859
2.3598154957652215,0.005653712844200021,0.6309074641253347
2.5727742198006114,0.003929097846351093,0.6127252860465137
2.478875204904012,0.01218279061302563,0.6273524418719315
2.466998059795491,0.016791094264478224,0.6418628359238018
2.264442879914878,-0.009559329387926585,0.6429062215886713
2.305531050128469,-0.011286531254969034,0.6569347559381342
2.3701608178527094,0.00944741923525827,0.627549131937361
2.4371217522535122,0.008948720708718438,0.6499931115032129
2.4945473782507652,0.0007916164501358125,0.6222120947720677
2.7356853495452564,0.01303621159006041,0.6033340976169433
2.500568418258891,0.0039035966111591325,0.6317654917593057
2.4615028318569454,0.006678204833773016,0.6352962590658016
2.406908795618774,-0.0072225407754265,0.6391095744109389
2.7180816937107486,0.0041854164618870815,0.6222576742700464
2.3976388128795474,0.00160138285240774,0.6268588848161606
2.3479269411645185,-0.012992428143864254,0.6570617308265346
2.46908409971679,-0.01837066533760523,0.6252654021992149
2.5369582113094533,0.0034323035284320458,0.6026849447494494
2.5389897814387705,0.0012195527715741505,0.6346716448452984
2.516155838109829,0.009182173787774639,0.6340071515524589
2.462105739875342,0.02373974752584651,0.6335120576351368
2.6016739849014097,-0.00030778053169688846,0.6109027069124467
2.2510937571279768,-0.022197766688089926,0.6356268216413734
2.455861737482422,0.021957629672154644,0.5974014570009052
2.513633533219276,0.00812510014592882,0.6211177899333383
2.2754201962664693,-0.002246899753892695,0.6532821676949514
2.447360403813553,0.017040557674270485,0.627154029467807
2.5232164313131693,0.020383044999376265,0.6050191202815294
2.5735822965336497,-0.0024534718420599066,0.5974944123049251
2.625650347444774,0.004083389078807009,0.6121816189277999
2.5197537839965283,-0.008199323525766689,0.6099118558065982
2.5853826531774415,0.007967753804018152,0.6336703938202143
2.249086264705668,0.006299497397009413,0.6423488558686989
2.5891984729302546,-0.013489235747727868,0.6242957691630779
2.576238586779124,0.005289194432499977,0.6111411560158078
2.4896451815736147,0.025047939777551598,0.6278733052625138
2.4216557728929375,0.0004913360817913048,0.6471193972123549
2.4452428740331182,-0.03527373512942411,0.6167316046096385
2.6218902428168285,0.0185930662713516,0.6176069069970084
2.369296562733699,-0.01801208117142994,0.6362409335713592
2.507129539500494,-0.0033284813421989856,0.6354273731766453
2.376423290903101,-0.039983485324662116,0.6368967027619079
2.5932472093791574,0.021399167694739374,0.6343330647698869
2.4263087557499423,0.01951234917469713,0.6345132260947426
2.4967320311518932,0.003970769250770445,0.6319928235142634
2.354556386201769,-0.025596831350395366,0.6331522393921901
2.472287271436159,0.014999225435031516,0.6056989010361759
2.4901344116710673,0.016293734094117163,0.6391205655606306
2.3657458279764847,0.014373895840002149,0.6484202223361335
2.436581112169709,-0.02973176816149592,0.6565756645985019
2.5455498188948056,-0.01119569762191941,0.6155371893084763
2.4206714557371294,0.01846302755936291,0.6138113154845828
2.365945004443748,0.014789415433424491,0.6427128743241693
2.329918624062892,-0.020830835024995498,0.6489412794550163
2.3351298915901886,0.006064162741857393,0.6626169651839129
2.4091309280014657,0.01689404666595684,0.6082891168247303
2.4019039734154486,0.018878805474785265,0.6448850242189648
2.4574974417531945,-0.022627417317816034,0.6403638198749902
2.2844123322418937,0.0039084596963505636,0.6501249517394049
2.5683468143056665,0.012626004910257338,0.6442042282055969
2.306803705175341,-0.017244737476104444,0.6444661942049761
2.530510000386579,-0.019131483425373963,0.642530008164983
2.4658292553454775,0.004223653712350117,0.6255500890241074
2.3403307437474967,0.013536564189276179,0.64611719683318
2.4462242113565806,-0.010797958371652872,0.6415371134236486
2.3465319411250576,0.004052446198242743,0.6362224767281016
2.3089998589695666,-0.01919494513720088,0.6539652178998032
2.452755213847745,-0.01071098140674609,0.6514244393352828
2.5185971587877196,0.00701431658613294,0.607406474750671
2.6537045143203377,-0.0009436275791030457,0.6147823607493292
2.4228364698617235,0.010155048685245971,0.6309007135744077
2.558447386307271,0.013787234711109875,0.5993461849055473
2.47095486060144,0.008893687832437713,0.6092245507472571
2.3654659281998827,-0.012246837908060026,0.6524763315571573
2.565577223531978,-0.023034515575808934,0.6291796666280164
2.6785291422287334,0.011938950543499915,0.6101833870914688
2.360444753519568,0.01699255766628882,0.6166121285011897
2.3356460844523586,-0.012645679029408718,0.6505424523882016
