2.7711679477933675,-1.2495607955325148,0.6339870938135173
2.743442297044866,-1.2439484716189557,0.6243919516915116
2.820087318797587,-1.2446057303963836,0.6020887634631877
3.3035048439539456,-1.2481185913828903,0.5860190211071136
2.63004442622935,-1.253571111627546,0.5882617379629006
2.665021281555383,-1.247125612300856,0.6110831840919535
2.322903948029244,-1.2550495626926261,0.6519627180857996
3.1938339042727595,-1.245627163411901,0.5825556726977341
2.5128514469582766,-1.2497529863095973,0.6517632065215492
2.5209309141804463,-1.2706154230749234,0.6270077755510389
2.811141406842151,-1.207444919297295,0.6114902021091603
2.630265011935723,-1.2097199636192917,0.5984895232313073
2.515225197332937,-1.25888091576183,0.6110469268798239
2.2927337965469516,-1.255787712627218,0.6440610538637812
2.6524529300798596,-1.2812964907065139,0.5993800774168109
2.707686704790675,-1.2178635755848681,0.6255724544256502
2.402220959894151,-1.2396750822140745,0.6691627725541831
2.5043952152914875,-1.2636730088691162,0.6472217127401702
2.340179419262122,-1.2182440041810112,0.6621138272643887
2.6673390031327835,-1.2128479553899323,0.5975294596627478
2.136915514219562,-1.2559984071172388,0.6591835799926471
2.6943424265440807,-1.2489218782989713,0.6176393907827838
2.726801199298475,-1.275125296223684,0.5960133459043819
2.3831316164857195,-1.222890941174521,0.6375701473275914
2.015204293818376,-1.2279405466683981,0.7304300023533339
2.484502384104405,-1.2546128407630823,0.619278446079324
3.0886896479541455,-1.2717591494490326,0.6192819597699302
2.5320103215182934,-1.2634702420245563,0.6435293967336708
2.1874750723018908,-1.2783926024425125,0.6503481971793469
2.791254041235137,-1.25374979636396,0.6112542384419036
2.4266287342937782,-1.2762567073341036,0.5824364080012912
2.842720217797447,-1.2236790189282662,0.6219166757518261
2.278939513070289,-1.253426213518383,0.6588472285685268
2.3939461253492826,-1.26163844773005,0.6369245812219863
2.9029341741213077,-1.2713047222014482,0.6127049006592211
2.668744359626878,-1.199547915543176,0.5866249635049311
2.92358502883032,-1.24181012038318,0.5897227517499511
2.642533104471191,-1.2588649912063543,0.6368808762590168
2.77880625515526,-1.2320940867369832,0.5771482296799011
3.02760990001403,-1.1902459388422164,0.5905679977492014
2.228189705505557,-1.2438955209400617,0.6745540617935022
2.2183532917499944,-1.2797383210412723,0.6468529612013421
2.820655773313942,-1.244766236244356,0.5893595075653132
3.197997332798439,-1.2156654675152347,0.5503691645636161
2.2495553324721347,-1.2340277456620903,0.6445024282425214
2.669498539002696,-1.2602287729803328,0.6382892678193856
1.9883160013881254,-1.252149960042576,0.6976967030258796
2.986932718236076,-1.2379202717639568,0.5953664062218621
2.5644200561754475,-1.2565264287130704,0.6412899045287119
2.5288421664188396,-1.2297080850932844,0.6244422646554422
2.1130273152772676,-1.2496709326011926,0.7040732657622809
2.764340898724006,-1.253501956268648,0.6096390741366922
2.56974499365718,-1.2430220470698186,0.5986052191818029
2.5044833941859204,-1.2332065106841041,0.626197439649963
3.1506188275823406,-1.2471396338661267,0.5899828431392303
2.5606608440303744,-1.244454870242091,0.6075094051821972
2.8105825190725775,-1.2393951897197892,0.5813558113997375
3.015814935944026,-1.2685175368617543,0.6101204425604841
2.6153625144580186,-1.2340611601098,0.6466918693784119
2.7405964588999963,-1.250577615784149,0.6018225855576792
2.280224991995895,-1.248010998877316,0.6459788057191966
2.7203873499686604,-1.2685496276365502,0.5962216766683537
2.462435179258305,-1.2235241766131146,0.6684854341239735
3.03579273278891,-1.2373105742455852,0.6085524494163671
2.4775256455617995,-1.2482017054695211,0.6215724529448574
2.647408506935567,-1.2597162000824758,0.595369743364912
2.4991358444187712,-1.2303564255032042,0.6607959811773011
2.6634881334251057,-1.2650392488796909,0.6141894361354029
2.3362092900588967,-1.2566747189318976,0.6062725805750011
2.7135140152628767,-1.2516829671857668,0.5789949634685946
2.398197388529016,-1.2164656844125796,0.613406054457362
2.6022116924883507,-1.2809691724288206,0.6298437630135388
2.630239488683612,-1.278320541963519,0.638128563110972
2.6889872367926735,-1.2391162054054408,0.6352122481465762
2.963835693465625,-1.2661466106914743,0.5813256932538274
2.2585779623278617,-1.2500526457852996,0.6348954088639477
2.5514067904967317,-1.3051991520759811,0.6197643704325123
2.3641765089866404,-1.2370759329977654,0.6345253932808856
2.3148868794658513,-1.2549734949761961,0.6672108411514255
2.5477061548711992,-1.2515396917136516,0.6407801390464706
2.665747384119885,-1.2468043878224466,0.6067074438075996
2.6374352366282032,-1.2535475053454805,0.6151769953497099
2.2549231871612854,-1.2460006076728831,0.6522289469674755
2.76409638293298,-1.2412590327711273,0.6153125433487793
2.6790712736848596,-1.2505984808132358,0.5861491032264112
2.3013924286222927,-1.255532963417067,0.6376409007269932
2.7040220316435994,-1.2587434083984022,0.640250170236453
2.389595628201658,-1.2338917584832227,0.6239790953139968
2.579666447199224,-1.2694061720248369,0.5607148372609074
2.5297782440431953,-1.2701017862195607,0.626846955782334
2.568481065221919,-1.2567212800908458,0.5987699434139465
2.6011001803143,-1.2457010119334406,0.6310028512346569
2.637640730968493,-1.2693343726123167,0.5676864804958093
3.0435028571955414,-1.2709636416124965,0.5913475017998289
2.655529236418121,-1.2315708984876559,0.6341047804280073
2.6361469764601857,-1.2441674054119891,0.623436974986908
2.605323653799445,-1.247435542522008,0.6638021814868938
2.818866198103192,-1.2501232941236626,0.5767593894995154
2.6805353775739658,-1.2177586834193481,0.6568722494414951
2.739812126113597,-1.2586291747867904,0.6024596934399855
2.6565434219298165,-1.2431618279539143,0.5726203156277614
2.549014456979835,-1.2515255894738582,0.6514878094049861
2.568110604518197,-1.2257142035555604,0.666906115280519
2.7727080015664747,-1.2266606989099753,0.5819409035845817
2.8077625622803377,-1.2361243229756338,0.6247776925372949
2.6905243476123046,-1.2628696848948995,0.6354107578631963
2.3649047139716535,-1.2275766392219951,0.6526866933202938
2.7767764823834926,-1.2367427887119014,0.6224852847240809
2.439980504333807,-1.2459186800901678,0.6112721317932741
2.448468577982427,-1.259121054056655,0.6106789426379217
2.357317426157333,-1.2217294538026626,0.6443149227276533
2.6282184849005126,-1.2487360691980474,0.6091899435616958
2.64662656809373,-1.238498803104154,0.5943157917814719
2.5231443835501595,-1.254754501955084,0.6016462787451762
2.4958340529928096,-1.2182846865405421,0.6422859974808269
2.848752195210867,-1.2295276761905862,0.5870064122497917
2.5965388115380144,-1.258441861263801,0.6162174526392619
2.4857353419320742,-1.248012895700641,0.6298151151960303
2.398397768525408,-1.193600966337117,0.6256000424632542
2.858737245501787,-1.2292599879368016,0.6008000640285672
2.5109743720806144,-1.232796377089677,0.6359191713303947
2.7908752477867433,-1.2269522759048974,0.5919716092263206
2.454625022304308,-1.2372207638196555,0.6470376816118565
2.803357881259648,-1.226991748058612,0.6308950852371698
2.4574139607752348,-1.2212279729594515,0.6349668010160421
2.796840945843788,-1.2268678000723428,0.5902102271806196
2.70267283027319,-1.2734955523213984,0.6170526126798848
2.2616215520821408,-1.2358873005381839,0.6468073369177396
2.6779639970909175,-1.243536796642525,0.662334295983888
2.668961883268039,-1.2391146985119956,0.6272812327832269
3.0107849559390893,-1.2732451027670846,0.5704619503326432
2.896431146963804,-1.257611120383232,0.5789709682513335
2.4987434972279505,-1.2462958896030578,0.6186787866334726
2.666808980436987,-1.251689731523843,0.6329422768752687
2.902448973889375,-1.2506297100703627,0.5897787244257373
2.2832536404869272,-1.2338067439216402,0.6812514189406338
2.4145512874465385,-1.2586276567321932,0.6467642938990532
2.6848562081209213,-1.2520889826525978,0.6337660557299186
2.4845683144502795,-1.2274243039092292,0.6118316608047054
2.339143690837186,-1.2523190071964496,0.63724181868906
2.903205076792157,-1.2581083537465343,0.5940492638955535
2.554336809402722,-1.2428297151608378,0.6206900673868528
3.04579740521753,-1.2462585837318159,0.5823257525534664
2.527301184960799,-1.2683276990489116,0.6279337434211938
3.006422489903384,-1.2525910259357091,0.5756106456911024
2.6467003667395237,-1.2298186814306182,0.5922564642295891
2.7129711383261945,-1.2214449069351996,0.5692576928010563
2.3640303291037115,-1.2675016319759933,0.6604153944432424
2.667810917501554,-1.224768458660403,0.6195490993101422
2.6467003667395237,-1.2298186814306182,0.5922564642295891
2.3707825162207525,-1.2595312041520155,0.6833309840312983
3.0832554442232434,-1.2146395404861032,0.6012295068084014
2.450473786796758,-1.258042682896763,0.6326534134282116
2.8363003695413345,-1.2407514722652315,0.6071043431212505
2.2628816915956684,-1.2448495925976726,0.6968082299705864
2.60497693754164,-1.2584301229584798,0.5692291687095274
2.438440516700357,-1.2561131707446647,0.6430596972506889
2.577913395824712,-1.2528164620075466,0.629936623886543
2.275312045146539,-1.2423914235051183,0.7034817892093813
2.9559106852452413,-1.2832393800570447,0.6231098942300708
2.605127903205333,-1.2922665252866359,0.614864235779202
2.5652543148754168,-1.2457260852133978,0.6093561950358887
2.103032403053309,-1.280135579338718,0.6485891742950052
2.6763806538210786,-1.2767353382881639,0.6302144730516889
2.485111932455133,-1.2943665043006265,0.6400719897872726
3.159766261649365,-1.2254922078627821,0.5600463955053333
2.5838257019175694,-1.2360370011599495,0.6555251567402034
2.6322672531632043,-1.2571669693228786,0.6350358465589637
2.453487779242635,-1.290989818712599,0.6143024278067893
2.553804980477763,-1.2414555327135255,0.619417106131894
2.1821137021497212,-1.26150745259748,0.656864269724532
2.6441104936240993,-1.2456136051411513,0.6124859325772741
2.629944087008237,-1.2337617156074014,0.6451345727000731
2.607401180319885,-1.2401728692736085,0.6247137832220949
2.511050909994611,-1.2428253586134317,0.6416268320004317
2.626544980295311,-1.2323386140194648,0.6522835376622761
2.892565917919516,-1.2521284428432402,0.5768960553141474
2.5452839200740414,-1.2751933932490322,0.6285988062223371
2.9067442912470005,-1.241869271693797,0.6009048710060209
2.731851805168438,-1.2593781803403252,0.6438415971209337
2.852265328541631,-1.2157565154639438,0.6047096585891001
2.8646000693929485,-1.2299843322904005,0.6070626389479226
2.6835250191672624,-1.2336595473932923,0.5822107474631575
2.169691535136638,-1.2436581576631336,0.6168492023315458
2.6611709262450263,-1.2511680261853844,0.597891184046551
2.5181741946671075,-1.237766258562991,0.5831086529026055
2.3170623206730356,-1.2629028198909793,0.6402177037887273
2.7417213200805546,-1.2596396386895605,0.6666036657986021
2.7665535434242665,-1.247631659307604,0.6109666713499804
2.5034692186724867,-1.2394233206327911,0.6188660823240127
2.4477066164845804,-1.2693425689353992,0.681508050522558
2.462177310450048,-1.2452607651195886,0.6008812534484738
2.709776699261033,-1.2643836560383475,0.5889337728840983
2.6600956507532234,-1.268652201195549,0.6365622807488808
3.0790982758421466,-1.2393722438295636,0.5909328507749366
2.67006702617401,-1.2502779561901358,0.5852424668694259
2.639410548852825,-1.231338418505578,0.6391044638224612
2.5409602701446747,-1.2404518989193334,0.6382295419873057
2.5104211629909967,-1.2526605309905559,0.6135518521175104
2.8581770124750574,-1.2632190637602136,0.6238162262803283
2.6866328135907214,-1.2156888175965364,0.5929999426598122
2.7926996927605323,-1.2364205122303293,0.5987377109047826
2.559649513263312,-1.2469399104024625,0.6342747687704701
2.957845727101368,-1.2462712223402728,0.5562815155859412
2.622839805051675,-1.274689111092769,0.5734357698359345
2.6811749773843196,-1.2199981143366705,0.6135256030779221
2.3924509130473512,-1.2416537245356536,0.6460451497574996
2.7710480395731807,-1.2633133855636254,0.6361370328443912
2.5590833976336587,-1.2714462066073302,0.5736921328922151
2.43017108370323,-1.2622081965586598,0.6353513373382302
2.8100124687205357,-1.235202721050181,0.6494162030409961
2.4290778180580097,-1.2404403766844556,0.6101869743456266
2.632133987173984,-1.2794447253617416,0.5765419141497935
2.6328953703610436,-1.24919116186734,0.6230005061955989
2.290625750031311,-1.239417077165147,0.6256522161776163
2.325588253446005,-1.2409632798148924,0.6036186598425765
2.9290738722292,-1.2568571780164524,0.5639906638279367
2.7070924503065226,-1.2936715901051672,0.6077672466240269
2.346724595881274,-1.2273356207791375,0.632603240832068
2.4572012631513873,-1.2341926013108118,0.6268438444774865
2.4198107523829013,-1.2649338040281184,0.6350942318723539
2.28504396938329,-1.2456734475775761,0.6589187784186928
2.3300209521368407,-1.2244720808098795,0.6269372772880478
2.655608241271529,-1.2235789473889178,0.6646293458528106
2.532668129379017,-1.271538686475535,0.6217522983006775
2.588640121702657,-1.243797831686218,0.6267694542552968
2.3357440141483314,-1.253277267234118,0.6902053852369487
2.6365161585329004,-1.277257388652478,0.5759318044726826
2.266318247794352,-1.2412326084405851,0.6669166041677598
2.6180952512256033,-1.2365892159295446,0.6036025192018609
2.1667921493606666,-1.2415128517132663,0.6599699929961599
2.8492398852499226,-1.2961614633927963,0.5931875866331628
2.496899156710149,-1.2417703693690314,0.6586461076375701
2.584524072823642,-1.2367799812604858,0.630789510172278
2.2952499881125195,-1.2593480358762164,0.6658280749643724
2.968521450389949,-1.27139126262995,0.6088340025815003
2.540038969281519,-1.2437354646062118,0.6036703438147227
2.7504776492952225,-1.2186019992470103,0.6072863763492571
2.2913585963608187,-1.248085182434907,0.6533858113908076
2.4836855038822945,-1.2107030330111692,0.6115852667704548
2.6592577807332343,-1.255946530750788,0.5854448831976683
2.875440711372508,-1.2532845486315356,0.5820687911677367
2.4168838994857342,-1.2465023537208535,0.6515937746592899
2.5312357215497756,-1.2255816496915797,0.6405968951573309
2.709972304521218,-1.2619814507942395,0.6011919178698774
3.0299792960163248,-1.2105730543477826,0.5706670951059235
2.585129961460918,-1.2519784441047486,0.6166650477451466
2.2439995480302377,-1.245737507421994,0.6361465429944866
2.7437547621642704,-1.2402950967536017,0.5793887034160186
2.164182498613,-1.2558244438869306,0.6437022164111889
3.093090852980895,-1.2354801071941992,0.5654850950931546
2.6545228730961257,-1.2208328739279894,0.6428469502984209
2.6881625859712877,-1.2475699656206913,0.6069886229988963
2.998897307614859,-1.2679496461161,0.6181063055736183
3.29340657912143,-1.2637279788960605,0.5758753843878215
2.4552775159389815,-1.2496871016403226,0.6376267747453515
2.7990531857227987,-1.2463108196988189,0.6192117426398858
3.124451141552262,-1.272176066056555,0.6183274511015416
2.823159588373517,-1.2248433854293062,0.5925492833487472
2.224617803026881,-1.2608178643371244,0.651381278615392
2.772888301179562,-1.2481689307625463,0.632299346193429
2.1943423475215944,-1.261110159125188,0.6238684279340004
2.9709988922067514,-1.2588729307240236,0.605604058975414
2.268890927427421,-1.247297973480813,0.6449422153514155
2.86238022155488,-1.2639137881759397,0.6203888018053048
2.5980638282033692,-1.2560859751434028,0.6712048930426731
2.892627427236145,-1.2669862386178734,0.586954016492578
2.5224007685865875,-1.2691751221800316,0.647158734742271
2.674757056119589,-1.271251210737886,0.5961288843927289
2.325605986345411,-1.2152369003712191,0.6097141726301164
2.380662766355635,-1.2251842112939981,0.6444761904886777
2.8342854960650943,-1.2318696582066733,0.5927188069979502
2.728612550266758,-1.2523210597008871,0.6141110683757454
2.4587362449242702,-1.2266553406418164,0.6581937718647625
2.4769514647949094,-1.2343217692365467,0.6396782318964022
2.8389408942508654,-1.2498372976370136,0.5926220734784357
2.6220978145723697,-1.2695812534111268,0.6335801001429618
2.463007406917594,-1.236193691023373,0.6023523610053284
2.7362205491897167,-1.218799157249561,0.603743052231235
2.69042208571438,-1.2186945879229052,0.631804156884341
2.318378164997902,-1.2795383686410968,0.6405507940193429
2.6819394878387324,-1.2464580675398411,0.5879260054508196
2.7368746814616007,-1.2405682968544949,0.60866159992561
2.792658195802826,-1.2627636748194757,0.5948903554849336
2.647005363895209,-1.2503579146390935,0.6260129631330487
2.0398452600900083,-1.2567907353049779,0.6313768180670655
2.684993614583491,-1.2405758033856655,0.5813017804662263
2.437561956911954,-1.2144758758823204,0.6503187421476202
2.355416101290177,-1.2820256033590458,0.6239668340142832
2.312476028336148,-1.2405760933172183,0.6604147707197654
3.021759670080572,-1.2443073626065773,0.6025176783306742
2.7769771153875613,-1.264882260827343,0.5846744960311958
2.841531400398708,-1.2419326827185855,0.6230889571646079
2.9480236244136195,-1.249859923693164,0.5825657470704136
2.6890263669926435,-1.2299133947197198,0.601994515238106
2.761719585431551,-1.2582605727905254,0.619080534135928
2.667029017964348,-1.2414126195090736,0.573183067702771
2.5194855832835668,-1.2565881220342898,0.627829005583768
2.737001800186176,-1.2689834780653984,0.6130368324648029
2.387974173832778,-1.2301777148186688,0.6582868458253608
2.3492277367793135,-1.2561020759594395,0.6190040103451341
2.8172050983699073,-1.2499730513139793,0.6155344352135901
3.0070299709074986,-1.2781303725798947,0.6051414990884838
2.8342164672231696,-1.2397499105357788,0.5862405234441841
2.949895942375014,-1.2515750468014812,0.611197857286396
2.796333191934644,-1.2625934178799947,0.6002942649421572
2.614115342540476,-1.2469772013016671,0.6325499944831064
2.598693975009545,-1.2546552808567326,0.6339934627190991
2.4870702655268695,-1.2333659607431369,0.65036320214331
2.4929729950317303,-1.2270683952681978,0.6360845194312104
2.783841556275811,-1.226926447359695,0.5997451039798818
2.5550496944891883,-1.2550335390430654,0.6255294241351147
2.59547812072658,-1.263515374509453,0.6073025962120616
3.0926804765252323,-1.2394627670448672,0.5727888671201488
2.90861961587323,-1.2132648500197896,0.5902387033323768
2.227677473020679,-1.249671580867878,0.6553216329158321
2.402948893258403,-1.2877840259287407,0.6569070771717471
2.5838218072057657,-1.2429368587917944,0.6293385056900151
2.7203845724174816,-1.2348181244807266,0.6029292575861847
2.626309908858611,-1.2147611798463491,0.6161654828807821
2.531795557194987,-1.256197880775426,0.6558716517050792
2.321960438728399,-1.2312630875395256,0.617133412122974
2.9072395104610593,-1.2318554791860548,0.606158686584836
2.6579936981211936,-1.2357549680546407,0.6165705211704168
2.6304347008931557,-1.2728042003377917,0.63390637179371
2.2116479224116206,-1.2249653103737894,0.6116632039119452
2.7985100834098233,-1.2428268186069418,0.5865160039619804
2.7132372969006595,-1.247216142451374,0.6030477903325135
2.2786302473697124,-1.2430106220238515,0.6473639571365948
2.595937017167517,-1.2462825719247506,0.6777888770852694
3.084197483750702,-1.2505239129809154,0.6153670002212309
2.5260674252735944,-1.2429387039425157,0.6233564633135513
2.858880348068749,-1.261324200533325,0.6112878502769202
2.4135526777224885,-1.2456149927373352,0.639637717130278
3.1363809800267584,-1.2535150434890023,0.5669007227151526
2.839549893404828,-1.2686001790623334,0.5946174189344846
2.9490403870897097,-1.2474564061770517,0.5891649369680043
2.66971670485853,-1.255798046243211,0.6055505362264588
2.9054052476677397,-1.239323919199204,0.5969348490098894
2.8255253875366613,-1.2557549653982882,0.6183501605717805
2.6362796932427237,-1.2483176794682957,0.5904289576704771
2.9487869665714532,-1.2547771701595667,0.6043423711792031
2.327149790774681,-1.2414699133860425,0.6344989840916773
2.358344340432939,-1.2539956675013464,0.6510069825833223
2.595019040380646,-1.2427634247127997,0.6512568865431869
2.3764469920517373,-1.2580583255113733,0.6176596208124691
2.4558041541469966,-1.2396663043210772,0.6685517981315275
2.4177045284955363,-1.2501721367674044,0.662381126283754
2.588328160175342,-1.2420030497546888,0.6562782766326559
2.8966977942700423,-1.2551033181000142,0.6259112864357566
2.222006106734491,-1.2792344863233895,0.6091459193584503
2.312426947667032,-1.246904109215986,0.6513756030273854
3.4443400899701064,-1.234970208359989,0.5882151476233379
2.6223262026046648,-1.2378621863013484,0.6149677846224864
2.4986721045760136,-1.2172775499421593,0.6007938017262621
2.665613136280856,-1.2457834627486501,0.6075148294804653
2.551047631270397,-1.2408221268343353,0.6314148554241656
3.0194238293324767,-1.216055323109503,0.5692134246223328
2.9578573080617723,-1.2572021112051726,0.6317234210066255
2.7102432217250176,-1.2526257689745808,0.5768271175338063
2.756450219997189,-1.247396051386012,0.5991902253526374
2.8176774782015315,-1.2374321880721963,0.5854415698331894
2.7486692428368458,-1.2577073578349858,0.5933253947843087
3.016977619201004,-1.220963935253156,0.6181122696828111
2.723341656637249,-1.2500630689952574,0.5851622044145609
2.9500261091953712,-1.2630654590680428,0.5607426935999152
2.8349197012004423,-1.2124362444103804,0.6212749034674446
2.624680604611459,-1.2406256473053783,0.6193712941659767
2.411135150375255,-1.2452160144934221,0.6364511808653665
2.3604031906692104,-1.239175674512737,0.6358126631050668
2.231079915009138,-1.286815348620487,0.6925257787112705
3.0632642753708796,-1.2324918131451108,0.6002897024548854
2.3185613483769245,-1.2352377339209168,0.607787541953393
2.8028906702024647,-1.2507960393782411,0.6128859556027344
2.0894664031895123,-1.2525285744356096,0.6894584833803447
2.3298313117812324,-1.2758926962950383,0.6015548788919801
2.524217233596275,-1.2181854499803768,0.629204777730141
3.019813603685292,-1.2452931771603488,0.598545290668473
2.418205734215107,-1.2889192097617062,0.6379039547303218
2.3142622477939145,-1.2817161749096624,0.6383773131116391
2.281658975674337,-1.246343793277869,0.6680704035273987
2.7084433275626196,-1.2268397152081272,0.5602145151871353
2.9008191132226675,-1.1953181977420946,0.5873669000040519
2.592665984018864,-1.2436084099801588,0.6760095303571162
2.3955377439789998,-1.2556910497291391,0.6704095101646254
3.14434829586407,-1.2518887621348644,0.5982207119892785
3.083265960152962,-1.2047683900889832,0.6083631343847956
2.193594076113804,-1.2451440061457837,0.6553736453698151
2.29290375859621,-1.2465639996312368,0.6639105344442595
2.9841025601209354,-1.242733806906092,0.594559863656625
2.9041458869002352,-1.218373957964311,0.6061034152015263
2.6236073312925763,-1.2525520904886995,0.5936080586915166
2.6410575517197548,-1.255877558600021,0.6139969549896315
2.529589600617222,-1.2600605592021827,0.6205999073561265
2.5397593185021745,-1.2548082251463106,0.6029345502986195
2.7051003781970158,-1.2680596044058767,0.6112522832036341
2.825608840719776,-1.2551071362778683,0.5893141823895793
2.9761717737458016,-1.2433864822534664,0.5929256379534155
2.422276979857566,-1.245073460733548,0.6217543117212454
2.985674807893552,-1.2339996683301797,0.5736213327123935
2.9942371825553713,-1.2415367603921528,0.6228897535563794
2.861731118334565,-1.2562749733988692,0.5581410483097369
2.951563961487623,-1.2200135902943579,0.604272012309227
2.4084686936346804,-1.2493816069161068,0.6065670543973106
2.340334700630007,-1.2475712548764075,0.6349645845639668
2.8610106467648615,-1.2712699784231971,0.6325822736577217
2.738547814825576,-1.265324929375317,0.6350858625167536
2.9838852991002405,-1.241025865496906,0.5873795202256076
2.526102871443975,-1.2403102143691571,0.6430861466034749
2.2540167132535065,-1.2663305160580227,0.6446977900841646
2.66442969151315,-1.256087451744701,0.6025119411593722
2.93603790943362,-1.2505481847404796,0.5991644206049753
2.2825561188127454,-1.2403667286444218,0.634868308409122
2.9609982241790354,-1.2179685175563322,0.5906204911563379
2.7179742378630416,-1.2566934392946076,0.6103648763381104
2.546327917411738,-1.2870440384838122,0.6129001561827634
2.209702167682146,-1.2379417174145486,0.6409353691929974
2.933180019596963,-1.1995327799363327,0.6036653626630182
2.981543523077501,-1.2367608889464818,0.6045167947400106
3.102600796686093,-1.221508441396937,0.5574601839881942
2.7244717368704197,-1.2480344990005243,0.5837280427479877
2.5644033415312535,-1.1928110822246474,0.6223631055040815
3.0461104848932674,-1.2307143393267375,0.5771000328327199
2.2127559724678294,-1.2493404115105886,0.6752828074544027
2.925565403060281,-1.2279508161401786,0.5786447936237953
2.484653153662358,-1.2299510127567193,0.6318534461143412
2.8513520290425425,-1.2289210834623798,0.587076162968287
2.2176374505581786,-1.2565518504778916,0.665993163243508
2.7388323925681193,-1.235551828730817,0.6127122201457738
2.7281730352395286,-1.2279806566119535,0.601306281229371
3.11178388711219,-1.2439077476622147,0.5935084310383918
2.2176374505581786,-1.2565518504778916,0.665993163243508
2.3124633550719906,-1.221548740261534,0.6715119698847457
2.842666384022778,-1.252742439880444,0.5958088173421797
2.8318109029174305,-1.2514182238897562,0.59050945097671
2.48451118236715,-1.2280458853883673,0.5945087384201476
3.251839718587362,-1.2612349494647526,0.5554227473771222
3.0949834506130443,-1.260669481597211,0.5473161485543784
2.661864814311999,-1.2505303021627008,0.6184957589087877
2.6253712788169428,-1.2029237254305203,0.6328358514071535
2.1894879545026513,-1.2371013352750684,0.6577005405540259
2.8593974007587954,-1.2561540575060193,0.5943986818411496
2.64387714849295,-1.2441913852802458,0.61921290245128
2.6729929138920197,-1.1983551061209248,0.5987224559408801
3.0568195519035117,-1.247562670111065,0.5736824263412306
2.8672503788052732,-1.25839329137055,0.5952105942178977
2.5726878370443886,-1.273374997636892,0.59213224813907
2.8798604843143236,-1.2706599062095782,0.6088078975307581
2.4833446489154998,-1.24930173108727,0.6455467169792374
2.833107215981102,-1.274015344116525,0.6055092982812743
2.841045841866684,-1.2523668529060483,0.6180979090644764
2.540572105098567,-1.2615086243537437,0.6254687001967596
2.4411086657717833,-1.250753142581066,0.6576198219736514
2.551875291836812,-1.2466148482454533,0.6229731961173366
2.3758067394308995,-1.217422057591574,0.6403589390687223
2.6566595249143554,-1.2443865593587706,0.6295200600446437
2.6727446959414745,-1.2504646346169415,0.6173654266107598
2.718232173188401,-1.1950482098495403,0.6123144701350279
2.3573274381111258,-1.2490428216263847,0.6611955590880483
3.0313462977614143,-1.2549603563732834,0.5604361319942541
2.6128523374285626,-1.2507716065595873,0.6059909559557111
2.308984466973575,-1.3000541946615574,0.6469628404879578
2.76684485187105,-1.2200175805034357,0.615009477861602
2.81003625816833,-1.2434681292959648,0.5623729041213211
2.677912781162194,-1.2413723832897612,0.6037855301595275
2.3552445387139103,-1.257225143996692,0.6649921242563478
2.4369258487089924,-1.2676433569131889,0.6407066908052227
2.835531866455472,-1.242939642654029,0.5459018974430663
2.664193707870259,-1.2514501134086167,0.6138167716122966
2.4107614858447954,-1.2493696959179683,0.6056616188468049
2.45852617854498,-1.249488967314366,0.6667674114256612
2.921893134413238,-1.2414162037949832,0.6118341486334424
2.7016709899133162,-1.2586731355026677,0.6298202116166797
2.72466643495877,-1.2489099493005478,0.6538018600132877
3.331444295522742,-1.2336173197464326,0.5836405853398888
2.823832114222487,-1.2565970466959606,0.5728216921839336
2.545686446166814,-1.2571453216407462,0.6094229607598187
2.4598701919671697,-1.2652106401866239,0.5955420905371949
2.322537665342046,-1.2580125348709266,0.617870931181714
2.7700969835967975,-1.2525589611366967,0.6002016314505153
2.4019947334042473,-1.2113442302657578,0.657435714817903
3.083632859445669,-1.2338032191083115,0.5781697954365407
2.6097647636432035,-1.2734430383122575,0.5902585453164887
2.7936443395249437,-1.2453205861626497,0.6173353171564445
3.1046433356834275,-1.2630109174733235,0.5789332132744657
3.4548798180167717,-1.248460148355292,0.5514983886096805
2.8491855553822214,-1.256646420844826,0.6128591570030396
2.85022176285217,-1.2361992730929356,0.6138676187672764
2.334972609669125,-1.2481837097865414,0.6144296227649816
2.8548785432065706,-1.2461800111632906,0.5590422811324606
2.74704744184176,-1.2411995999116883,0.5853509620973436
2.2171197602306676,-1.2518134230560016,0.6636425951712881
2.731218458205954,-1.2394011942505965,0.6310636854202906
2.3888852871500723,-1.2602187865911487,0.66549062211862
2.64382460494788,-1.2423011064778142,0.6071838788304077
2.880171696317394,-1.2334999463847176,0.6178889819700584
2.3797809518711808,-1.2368721300687038,0.6292698534519034
2.5052626217718905,-1.232989008770485,0.6223921553217727
3.0576556890726763,-1.2799837183615388,0.6331067911348037
2.789611035630928,-1.2305632925646177,0.5781767240397253
3.3190445264323643,-1.2518359885015793,0.5686913513785127
2.811711042132069,-1.246784019093375,0.6367509530636271
2.5515718864434853,-1.2637769939829002,0.5758813408108935
3.019852573509217,-1.2496407200805486,0.5973047556904534
2.9319084933509463,-1.2242052192221256,0.5725436888442066
2.054716851378218,-1.2055929644838197,0.649817656939895
2.5788476001716716,-1.2766854617421073,0.591246826886159
2.5984332542925284,-1.240838781040511,0.6378866048884351
3.0694041162901184,-1.2543587114509285,0.595082305293687
2.2207384093083973,-1.2287960144759287,0.6712597762974484
1.9301663469865897,-1.2284381467158878,0.6810198049136567
2.4643764778567183,-1.2556393200721885,0.6652106360300595
2.922891723441847,-1.2529370765543903,0.5723463204375483
3.098701121191599,-1.2549214424765125,0.5898585183155973
2.818101679173609,-1.2688760435563176,0.5584907344136459
2.7427427771246955,-1.2306578433256548,0.5778319478711408
2.5081042844889643,-1.239105724652752,0.61777929213518
2.7127410040534072,-1.2456890166190715,0.5762064393149909
2.2392280105908884,-1.2255622313236192,0.6477809754543239
2.1969256865081612,-1.2622117020179182,0.6570108548809408
2.6778879517250544,-1.228973708383317,0.6590927072106268
2.5457031707425757,-1.21153258191183,0.6450150343676636
2.6805991108392617,-1.2510541053443127,0.5797956083907432
2.4854507309564093,-1.233414374779479,0.6394674507333918
2.588458514871491,-1.210351287881565,0.6451090905979837
2.4947417341357854,-1.2650450088816005,0.6179423020084904
2.1716800673482624,-1.2477057726518228,0.6696940436339122
2.933015579115141,-1.249395808699384,0.5829627015458119
2.589188041774868,-1.241072305903762,0.6028527287192064
2.6709591156237322,-1.2222296686655636,0.6334011846511406
2.484049965032557,-1.2345893350377861,0.6599757867298885
2.823018183094244,-1.2583340866298367,0.6003861955536839
2.6672861882355794,-1.2663845925490422,0.6312545269913324
2.131460239972108,-1.2297643055574046,0.662706908230763
2.473993660360965,-1.2264469351537304,0.6522649617685322
2.8182090024384476,-1.2558145531627372,0.5972843374975677
2.9854724118997695,-1.2817169056145694,0.5703451796413549
2.8187740833479307,-1.2473289909242908,0.5962623834484045
2.606125686939362,-1.2230913103355812,0.6030636676548999
3.095551191438943,-1.220340502599854,0.5736816476048824
3.16019024378967,-1.2587404012610701,0.6018502034666118
2.796698308347034,-1.2586963375572586,0.6189444125882602
3.2647229029539493,-1.2282713278116848,0.5877198318407069
3.087868737038392,-1.2252955174272844,0.554652083654525
2.6414924814714915,-1.2338886062339443,0.5588287240798696
2.7397504565064854,-1.26760412623144,0.618760491474492
2.84846716990716,-1.2326610698895994,0.5976169107443441
2.893603419218254,-1.230388575453835,0.5870612404190718
3.105072765197511,-1.2286629340233468,0.6044584175917509
2.6522447259271957,-1.2520041354888993,0.6093096576398029
2.6299251876882495,-1.2417260219238104,0.6094330663094715
2.9232401794219816,-1.209862018272793,0.5800468971679231
2.5667226636369014,-1.2575603389367997,0.6515744480020713
2.5382965616481012,-1.218097716509909,0.6298915119190196
2.5372481982854658,-1.2471687399346598,0.6566933439289455
3.075377398582665,-1.2170150396450536,0.591100847739653
2.9081422584261323,-1.2452332349739716,0.6007391030062155
2.498021007227797,-1.235662198138585,0.6394337107135137
2.5418938043610284,-1.2475810254805717,0.6174876372387355
2.525396537205609,-1.27413279320092,0.6463297599093965
2.700890085101571,-1.243678533485326,0.6010266778908635
2.444195108517584,-1.2498019762890613,0.6600561581052239
2.2402777042518918,-1.2804802270942952,0.6718190142721444
2.6307652161310315,-1.2182621814660897,0.6228607533364222
2.5819486172988104,-1.2410083061716315,0.6381205205073381
3.112347619120027,-1.2466426946684008,0.5964426561368762
2.6681296379286854,-1.2496424107614472,0.6168835934437079
2.60353579186434,-1.2306575610436774,0.6271036654815079
2.451351841692793,-1.2485402711365312,0.627746639170652
2.3501616972848316,-1.2362426826180224,0.628832976235775
2.6266808669338566,-1.254397404327,0.6117306743792108
2.4846381627467413,-1.2350141455804644,0.5983537457358367
3.1806254070041358,-1.1930794227734738,0.5739536672692696
2.71452275541464,-1.2263015401792146,0.5922412747455461
2.794092730752748,-1.2573120860250657,0.6166875459124245
2.3064801830747585,-1.241792211387328,0.6310981301792994
2.2921740459346718,-1.2867392684258263,0.6642075161557678
2.902543950953831,-1.2327857898971593,0.616193584358011
2.78280654764522,-1.2842029805634567,0.6076326160703291
2.4420538947545802,-1.2637621572507693,0.6133634436926939
2.4145388115746824,-1.2186209189117592,0.6440229322063851
2.8357896689217235,-1.2324998351838428,0.6201738858455658
2.4953255230631983,-1.255592317814433,0.609481973073314
2.8868209565026746,-1.275250899521619,0.6044511766298133
2.4101382427035127,-1.203523204043294,0.645229970626604
2.3247456431255817,-1.226867074296997,0.63780662087284
2.4485753796686907,-1.2402979519474375,0.6492479347583019
2.5680941701117503,-1.2804199613306169,0.6197142023071739
2.5871963672322447,-1.2570094614644236,0.6245249441285968
2.7562226476361955,-1.2445408292542657,0.6266026477301203
2.470149036858137,-1.2352851965184481,0.6391212673683987
2.66330580352615,-1.2172619113143412,0.5860748081706137
2.617246213447211,-1.2192332118857645,0.6581188813650399
2.459920971991067,-1.2776275790504201,0.580033596543584
2.482296316654603,-1.2472450181639017,0.6497057939162398
2.3181123642118786,-1.2274864706585547,0.6734848797984271
2.4859091870939785,-1.241186038065867,0.6382301721674224
2.7771922045118904,-1.2964379313098402,0.58531510818168
2.3152284373193543,-1.238391111840394,0.6591189018732062
2.13304619360666,-1.2227066542557101,0.6681929685057155
2.6149584681621962,-1.2825023274657068,0.6115089068435281
2.460605834106643,-1.226595339286873,0.6411868096821597
2.9842574253747083,-1.2443239044850918,0.5716793667681394
2.392798268651899,-1.2541378275195596,0.6641502426068583
2.468038894516402,-1.2597722879809132,0.6405101528708164
2.682185466919404,-1.22809159381277,0.5877643312251494
2.7849148901278373,-1.2500487334778734,0.6264628912681476
2.441642655224323,-1.265259157384551,0.6236423649982373
3.0050782050291613,-1.2441219858261907,0.5935924677710062
3.1633580753587385,-1.2251274532248029,0.6300613889464147
2.8923344275843785,-1.2145855136212527,0.6140676789951423
2.2493657147314856,-1.2423370672134695,0.6842344544762717
2.562614698412719,-1.2609941277239458,0.6104081108103688
3.100454650220868,-1.2309963092516387,0.6235234166425618
2.7370379393233883,-1.2013362938519985,0.6188392488878093
2.366289900264975,-1.2341746827695068,0.632336128198666
2.5022245723967567,-1.2544143326059187,0.6103381288763301
2.562737704686587,-1.231363847970763,0.6060952866769058
2.6125776432340637,-1.215869996547351,0.6248738318720538
2.496091568578279,-1.2320948743987485,0.6577250745197671
2.2241035275177947,-1.2312997310237752,0.6468394109290905
2.8956860592894755,-1.2310567896267044,0.6004624447139364
2.5117461347611774,-1.262945109817262,0.6365955739789126
2.492099562830716,-1.2633865422263426,0.6128109376492807
2.4623039047176434,-1.2318620698422065,0.6422163694645224
2.429507035104374,-1.266060609184235,0.643077611079184
2.9419894807503812,-1.2000065602964654,0.5647730299664747
2.9294571523836153,-1.2755514256699398,0.5917871076723971
2.80133787612841,-1.2534230557862875,0.5993806534473113
2.853381924246331,-1.2251348270558498,0.613644042434334
2.4971263581193606,-1.2441938786756537,0.6356034275037574
2.2792315707448094,-1.2505666593157054,0.6466976192505649
3.1149984636601347,-1.2602146042212723,0.598417076556036
2.561972001112005,-1.225570150123434,0.6073919624994821
2.7702368205310526,-1.243450000097725,0.6258498965718484
2.6495921565656944,-1.2720639220556758,0.6380819379766219
2.707597565726437,-1.2472864658351683,0.618739445030838
3.058143399369821,-1.2472986531167018,0.5941478901343944
2.571292896868289,-1.257839922659938,0.604464246031722
2.532992380710001,-1.2519663975788915,0.6440798168985022
2.705462357314915,-1.2442898055919085,0.6249352470265744
2.735771094548317,-1.2351626794483483,0.5646251158758109
2.710547252170053,-1.27868331311438,0.5925552273718682
2.3446569800563752,-1.2382738573642622,0.6260105791617183
2.6036441353236937,-1.2243825954613599,0.6083583218971201
3.3429992247535707,-1.260041731727737,0.5767926591924174
2.717881100255546,-1.2593288116696806,0.628738340100011
3.0040935304395933,-1.2374215720959176,0.6076856262494564
2.57942903774627,-1.2440338757117553,0.6267551472344323
2.866660755638707,-1.2547083168465951,0.5992203554259232
2.673850913475488,-1.2714633845394347,0.619160460930526
2.9786830275207947,-1.2491270439793987,0.5822946819208499
2.8194251810922153,-1.260787780997196,0.5913451979323986
2.438154760304437,-1.2573959207784178,0.632792244279531
2.458907258318561,-1.2497672120305265,0.6212332473878617
2.4592313945586914,-1.256742433299862,0.6555025002225467
2.6757350042332346,-1.219480384630008,0.6008682962766532
2.485116876034408,-1.2669814036554832,0.5994052312758117
2.769452579040533,-1.2475667462959203,0.6062197209706289
2.4001809358914348,-1.2474968257064027,0.6307084955254291
2.784033457410138,-1.2567690325339211,0.6049133127004006
2.5653774105829847,-1.2978802666244798,0.6617702689415745
2.260580346401807,-1.272893616254516,0.6692478790124847
2.425258220162488,-1.2448530473723576,0.628292392593097
2.75291880284316,-1.230190178862571,0.604340031948346
2.5811514375224456,-1.2952264652599441,0.6576158068398528
2.9661787136218147,-1.220736768236804,0.5846778747969794
2.5700120606134793,-1.2493311993943779,0.616408703389744
2.6758774597537824,-1.2307721674005991,0.643345606821949
2.4208667398590467,-1.2330669827177285,0.6188638480240286
2.5616225312083296,-1.2577431149542246,0.6470619689891323
2.4413811616032266,-1.2721871395153845,0.6495772534159444
2.4982118180303705,-1.2344055739000523,0.6212704199537367
2.91282553733015,-1.22467050794107,0.6095127093631181
2.2753645928335673,-1.2667150253701953,0.6647121216535355
2.4120056964961387,-1.2697424703181355,0.6346171053749741
2.486570505440431,-1.2446139013102049,0.6198442421415331
2.3459638027247087,-1.2758418240460248,0.6533398519499034
2.2742274394233637,-1.2653053543155828,0.6629501656007871
2.43414873308182,-1.2284176733059946,0.6386186685369726
2.5175122074781746,-1.2612327666817449,0.6279598078252661
2.5659104012249236,-1.2202691828851873,0.6344765471117949
2.6827673352303343,-1.2132544771411193,0.6477403971683967
2.417734268300575,-1.2245578488649675,0.6461707106149174
2.376870280781226,-1.239936342238946,0.6581202476998451
2.630427971952467,-1.2829268483945675,0.6121124321311976
2.47602491119234,-1.2127455426716103,0.6167303319597074
2.604489934528444,-1.2589360568787622,0.6213192520843888
2.406215565517455,-1.2450668603663442,0.6639471857680483
2.598243526466256,-1.2636983163207096,0.6056057213423803
2.8925633683272483,-1.200931941764245,0.5950404655583754
2.5444120668709536,-1.2298661286704462,0.6244374121523092
2.812111108892098,-1.2420287399133183,0.5818733923940748
2.4885349534357344,-1.238860909244287,0.6139100315558169
2.8470209782366958,-1.2318874067995529,0.6484877028522783
2.5444120668709536,-1.2298661286704462,0.6244374121523092
2.6391874626334673,-1.2697232210737752,0.6306517021165349
2.4526658861347794,-1.2404696698979765,0.604706478332677
2.718347443012771,-1.2202877350880925,0.6050740322862188
2.7852846389363006,-1.239176466957757,0.6137500710585078
2.683987758150218,-1.2304531773336316,0.591230996229125
2.836759753587092,-1.2226206053738002,0.6275906588935304
2.8904244252842006,-1.2192815496229292,0.6030428646272574
2.8207190283315664,-1.243271064897696,0.566189813660151
2.5495777076865687,-1.262761090954411,0.606577065487985
2.835232281497898,-1.2194028047169065,0.621487232815464
2.636837855190181,-1.2581484384912869,0.6289411854025182
2.5573899778106997,-1.2457990129259386,0.6085093233572991
2.676496531179487,-1.2456439735437952,0.6340714863193605
2.4697549012081783,-1.236636102792952,0.6157596334258097
2.645566426424358,-1.257896805126446,0.6248309187320157
2.691296022359008,-1.2418049932483222,0.6313296114660778
2.5250140987665075,-1.24292806520718,0.6116936499717368
2.6849129536029426,-1.252661607918432,0.6403657425564208
2.7996523416316084,-1.2249616064123399,0.591907825494908
2.816809401418117,-1.250277916788824,0.6288505882174152
2.442936737033567,-1.2497103192357957,0.6643534979537656
2.4651819325362565,-1.2444710446362872,0.6252935264237856
2.7695735643227812,-1.2256486928835733,0.588335293353982
2.5145787417111136,-1.2538725943907756,0.6212438988435884
2.0876504553964335,-1.25200045415474,0.6837667296167137
2.8539069335737213,-1.2384096177806934,0.6164945380932151
2.8927723210576484,-1.2259980954908647,0.6116810468576195
2.738127457891596,-1.2488206183023294,0.6415926455049153
2.194172430295645,-1.2485179912138595,0.6830572145683158
2.653526215852514,-1.241944838353244,0.6410930828643541
3.1181183691276835,-1.2410324832082216,0.5731663792733717
2.4992539675420566,-1.1946124988338171,0.5956633461147255
2.265820665468843,-1.2496121585568185,0.6765387049694997
2.360219053018984,-1.2388678341782267,0.6189435297386282
3.2564071478570074,-1.2474939807801035,0.5500613764533648
2.640572137841751,-1.258403681063183,0.654221619574136
2.478528072972975,-1.2305479617056183,0.6489946558504958
2.39456576051334,-1.2466093670307237,0.640507838444157
3.197665811596516,-1.2407936155637789,0.5531612667875645
2.287689621864753,-1.2582779796727996,0.6200369534421701
2.7566481212797838,-1.2417006368260903,0.5956060142020373
2.366944162487133,-1.2335149707558097,0.6603462975726064
2.152534911302331,-1.2295094548802306,0.6962677802594521
3.2690678218413454,-1.2718209689446223,0.5890463965129746
2.839321190528615,-1.275205175197698,0.6015349133891674
2.4632044572804377,-1.256890609144042,0.6273605148056579
2.1911285889448564,-1.261860364855257,0.6668742227134314
3.0857268399042623,-1.2241588234057854,0.535450550889078
2.8487038626996557,-1.2799479241133054,0.6297947197872559
2.730162246664466,-1.2633799614396761,0.6187585900938211
2.1304989048105134,-1.2531613312584318,0.663516550623537
3.123422935809033,-1.2617171112803045,0.603737123557968
2.622987760253147,-1.275502661897436,0.6083666979661189
2.6584485523921275,-1.2554183036008728,0.6157673724821903
2.147519530212295,-1.2597473682572464,0.6748875142240844
2.2842571444629303,-1.2241841563415274,0.6593625735487363
2.825083855688601,-1.2936896234240154,0.5854886420320462
2.758425804834009,-1.2606251446668055,0.5571855064626526
2.291267789280358,-1.2629488907443813,0.6622063114833182
2.929373540503415,-1.2597420455990727,0.578113791295226
2.7112272595121785,-1.3032119610057942,0.5857293841653408
2.8940314101683033,-1.2409396637685826,0.5898889677715551
2.361201877609888,-1.2508664394697537,0.6442627230750578
2.878054022016543,-1.2629391727176096,0.5740811551284791
2.6852828370872612,-1.3105888161636416,0.5958445069290776
2.697116115242061,-1.232277623374054,0.6115056337421688
2.253078436700201,-1.2670792410417147,0.6646453996508387
2.410205429747303,-1.2260479393882249,0.6235535352787569
2.953279079947218,-1.275817235192595,0.5815233740473195
2.658483928997251,-1.2144531487762642,0.6175418077090155
2.265552361766908,-1.2659465157044922,0.6807349049231263
2.518608667262494,-1.265921896396918,0.6127457078154992
2.3820447750618716,-1.2504205148326355,0.626378862568564
2.797993200143187,-1.2118769705132606,0.5935798142609519
3.1206914636534195,-1.2323239852222831,0.5885479008749049
2.518608667262494,-1.265921896396918,0.6127457078154992
2.5646306654199753,-1.2332759110976779,0.6016654733057939
2.1013687395975746,-1.2734021149351824,0.695507131025418
2.495857143599792,-1.2532570076189893,0.6784880340388248
2.7029630557073263,-1.2320816219296782,0.5949349189836874
2.5528324831812803,-1.2465318297801602,0.5937641135786631
2.1732932199746218,-1.2315935383218566,0.662957215655962
2.2085833621302893,-1.2439129589922189,0.6441143894057184
2.510552335416708,-1.2516894874299274,0.6553086566230879
2.7023988401263357,-1.2216971782007102,0.6369647967735111
2.2844986438733286,-1.2263704250686123,0.6534662705141432
2.3218133339250957,-1.2461647183247357,0.6406300890838278
2.6192023165385745,-1.2487477582852498,0.5980058282191859
2.6871984829716022,-1.2219683939648014,0.5675728006938365
2.4112888067954747,-1.2351523818597887,0.637023004488335
2.66474673569201,-1.2498524937988011,0.6226139619500894
2.176426525068893,-1.259837225566122,0.6913446648052366
2.9542765809442377,-1.2432358103309122,0.6043760883812741
2.6368878059517327,-1.2724736430819348,0.6244670107191551
2.5009313467843746,-1.2476470093224163,0.6437979770761325
2.5092937873989145,-1.2643839178565561,0.6123432941856348
2.5265509551026137,-1.2403589211619768,0.6436915437030735
2.343394245537231,-1.244908818471078,0.6068195988511809
2.5665074432807153,-1.2462915524642435,0.6241475031577994
2.4306863551467424,-1.2214374649392201,0.6815007352968249
2.6733424768854284,-1.220976633907549,0.6017455992690499
2.735193910659799,-1.272088771742736,0.6057155818648884
2.7746548033545504,-1.2552984430403977,0.6188758746353882
2.484895179402579,-1.2270182617183787,0.6446743110014775
2.7329304144434596,-1.2204029166798052,0.6227612631785151
2.3082711103117974,-1.255482689876843,0.664714199568965
2.4945664183130773,-1.2374041662011086,0.5966896479138895
2.190185240800525,-1.2321065798154762,0.6535736119649852
2.724681611313989,-1.2152440564915494,0.6298960357343549
2.3439844085077843,-1.2450426016249636,0.668974098191301
2.577535754987119,-1.2506715138367572,0.612509989020877
2.6852025921610956,-1.2269977882594454,0.6439682802937134
2.1009712972087864,-1.2463868163483192,0.6611121978846034
2.308213682118684,-1.2505057426646438,0.6633671654514175
2.4599882290262634,-1.274194862363489,0.6116638954727803
2.694104517220707,-1.2078958268568365,0.5733893765814448
2.9614949953840273,-1.25883820851285,0.609444664875724
2.653687582461212,-1.2551861080570097,0.5895724818242147
2.4637949556957603,-1.2201603634551759,0.6087617335170494
3.056478749490106,-1.205189418845454,0.6110353511926006
3.0064756825212804,-1.2599918062203115,0.6162133440234184
2.7445808977876247,-1.2568023173632439,0.6199223612756313
2.9824679692280984,-1.2358695528564982,0.5853007419079236
2.763851938249683,-1.2129556232179175,0.5669122364232396
2.478943738795623,-1.2464710853053595,0.658829936523619
2.7388694625688874,-1.2686406500710412,0.5852716164482246
3.084199827315144,-1.2226164096029548,0.578461273719948
2.8754298827022504,-1.2169337392569637,0.5796024221596672
2.180742375024748,-1.2550316029950759,0.6381619733920744
2.8790521203302646,-1.2631935264388041,0.6115356697952468
2.96877175717907,-1.2275997089327755,0.581375806714145
2.9798197093092114,-1.2548755559742266,0.5907856728240013
2.7909140244616366,-1.2634963837251205,0.5749839693247857
2.6771548682198976,-1.2664710586434742,0.6414435388747145
2.533636467041124,-1.236438958979867,0.641353759058945
2.464082990930935,-1.2528580881349027,0.6566859603958656
2.79902047913272,-1.2164863870350817,0.6102374691376962
2.5823979344081147,-1.2633687927150923,0.6430189052964842
2.715456080143078,-1.2480470430593043,0.6234022227908419
2.971414165191733,-1.2184999042137363,0.5866280350127798
2.896616442783954,-1.2226355220742153,0.60715755717141
2.374622915639718,-1.2243904675716804,0.5895579342108703
2.324184340599977,-1.2561973845717127,0.6054133611546761
2.2966852314302506,-1.274977966615352,0.6402810360145127
2.7605158893454127,-1.2299076586821316,0.6274243022290235
2.592220581293185,-1.2121574484266235,0.588206503750134
2.3760170384473063,-1.2702789125614822,0.6248501268937866
2.207931888987615,-1.2708275228297496,0.6038118364678856
2.977751894810941,-1.2447879586645296,0.5910268154166707
2.5088037434341928,-1.2540820531439523,0.6688094406568228
2.3771110363496826,-1.2640106300473983,0.6203294188317379
2.3585308681213504,-1.2542530491748645,0.645807802248722
2.8094615193452195,-1.2308608508849044,0.593689298538143
2.4844764423782646,-1.2705584255430526,0.6417340756205149
2.5393318776535545,-1.2269408907334118,0.6359531510448097
3.0472490909317913,-1.2141067013931435,0.5785980193551685
2.2344522974619427,-1.219119365977528,0.6647781141569937
2.2248633952456367,-1.2712067564957643,0.6482006419087665
2.790922164840605,-1.248916200396992,0.6147063211152742
2.922756696306196,-1.2156999228078367,0.5991330346579058
2.3675698611915315,-1.2431283938281614,0.6512303280078616
3.0016856660041595,-1.242698752578948,0.5748425893095451
2.92720221606777,-1.2653284796583886,0.5682860098900832
3.126681628163407,-1.2558342565970348,0.558472247357018
2.8044086065637974,-1.2587546881258447,0.6081156669564206
2.3576453707865594,-1.2301112142288486,0.6663928968702745
2.7238558283359846,-1.2323296778910848,0.6230705145944937
3.0249628344246604,-1.2504850073104312,0.5920323529458358
2.5522265234111954,-1.2747234163768435,0.5888792842919146
2.7936490554524336,-1.2617305536095527,0.5955808370195449
2.4650260423653614,-1.2644376665522843,0.6260851709261065
2.759746790457897,-1.216851498479292,0.5918468951946931
3.311089601791394,-1.2601837054160305,0.6088306803323523
2.4470690337173093,-1.2248592888593544,0.6215678391825574
2.330757593757148,-1.2354781791994902,0.635447478928454
2.8503343501603826,-1.270033446825688,0.5974737069278652
2.3368935962624877,-1.218344182169227,0.5963804607184023
2.8042240659204785,-1.2278131313597676,0.6168013616894649
2.716263869919435,-1.2628397564133818,0.6071331080972548
2.834504257431642,-1.2590742772795724,0.6221276631322465
2.433143506652407,-1.2453181972082696,0.5959525020134432
2.4561726623986275,-1.2403181411220325,0.6135330265438722
2.3355014465611887,-1.2484033902617184,0.6776822275516418
2.9349917339463922,-1.2645134387260402,0.5699966673023217
2.255588965562487,-1.2416180255382983,0.6247735103903194
2.4203762122453796,-1.2655404290987957,0.6632541381863923
2.2185266696915957,-1.2443121475171588,0.645970655610246
2.993763272265869,-1.2548510690807781,0.5992387629187529
2.8117139071977513,-1.2692603567014695,0.5683703057813498
2.404031316751899,-1.288940487869638,0.6600130651787909
2.656722618111332,-1.2444764579068852,0.6503073536979219
2.6112954551933503,-1.2848942669786045,0.5954924949565988
2.614336002752325,-1.2364613420648605,0.6493311935029794
2.801417713121444,-1.2003813261592793,0.5949148757212256
2.6007422762637833,-1.2448078641747078,0.6107254073201731
2.360339674616442,-1.257990325073285,0.6667366775522574
2.511972441051538,-1.2609075310423068,0.6253047170895273
2.7567750187046824,-1.2336254256036376,0.5885154379800779
3.173711807027922,-1.2367070423756754,0.5796393617917254
2.3345135313044962,-1.2344926211000873,0.6383671412559314
2.5973363334167634,-1.2385610861377843,0.6285444045221161
2.6643674683292917,-1.2654993782586468,0.6199953704671997
3.207715093033914,-1.2333729965579505,0.5562587433167525
3.0739947336139957,-1.2664526331077666,0.5991302255424653
2.5988147419908034,-1.2629917570995028,0.632037099878007
2.386856217074837,-1.22521136561528,0.6555868218004774
2.9503034096065703,-1.2672746302325748,0.6036523119059846
2.426351303897699,-1.2127838423059112,0.6446498961563065
2.7562059094233917,-1.226315843224561,0.5950171749763415
2.3612270779656357,-1.2134692403101972,0.6357650725677562
2.7623677345041378,-1.2506639965880992,0.5905835842235876
2.457306008935689,-1.2279482270908126,0.659134276573435
2.429644014258366,-1.229735010174229,0.6607812852636785
2.5346451621797645,-1.2227438143591587,0.667833363467567
2.678266147617399,-1.25112558407083,0.6231923845186831
2.592159382219598,-1.2502836835923703,0.6009310412355282
3.077718068129004,-1.2624037801601293,0.5838919878515424
2.4100433982429146,-1.2398099480738094,0.6282867140719651
2.655061708711803,-1.273121608134896,0.640400177766432
2.6073422519748104,-1.2262892795129725,0.5579368167408252
2.811555186281804,-1.239578082541572,0.5896924877800378
2.5320295985551025,-1.2586740042974982,0.626853519719925
2.75684281256205,-1.2176635644284364,0.6356197018379751
2.296206470252951,-1.2440452782959803,0.6055921943007093
2.6416082864907615,-1.2256685109097127,0.6278874922502915
2.6710989779071457,-1.2595403480925873,0.6164413634282472
2.5601864461362176,-1.2250405779514266,0.6328780446112227
2.787555098357737,-1.2576786630199528,0.6371327868051071
2.695735165750986,-1.272406985571087,0.6343110027142095
3.040230088015796,-1.271316571339751,0.590241538169268
2.634409041131083,-1.2105257576270547,0.633298365060132
2.618648622056423,-1.2298156863471195,0.5853489936742815
2.478446997543314,-1.259164469837617,0.6316096759238142
2.793503788264446,-1.2044858522532045,0.6194152776198572
2.516077903566706,-1.2330216069498812,0.6299769056577329
2.669710308425115,-1.2313757433851749,0.592325503730454
2.893236910427917,-1.2258392626684314,0.5960459161562464
2.7339055559574046,-1.2960427745853191,0.5856067026482121
2.5859878057880183,-1.2527263981168943,0.6031861641346695
2.3989006499532337,-1.249904621478604,0.6718694141497612
2.8822312169765087,-1.2356996557418338,0.591232479305752
2.4505088199925993,-1.2694167399662895,0.6555907909101185
2.8634684270138457,-1.25246494943681,0.6087691483050739
2.4027879168442965,-1.2395001983136664,0.6369108037410933
2.6128055108434918,-1.2588555344262922,0.6131453793390484
2.5897699209007854,-1.2686562930487442,0.6561596272718486
2.9543568454194835,-1.233979352773333,0.5735077711263955
2.4580719992332822,-1.2243878884627126,0.6428836939732865
2.567602381364297,-1.2214662047726152,0.5887495199484377
2.588916027626449,-1.2345151072565823,0.6236454438129418
2.897094534757792,-1.2330878911882819,0.6189916082017783
2.875135759565761,-1.2464923779529897,0.5888178248867989
2.5027959950655547,-1.2362781061734474,0.6490253365840641
2.351076612718818,-1.2229461500758245,0.6557737822252291
2.4150471426552698,-1.2279909854020459,0.6214331629778131
2.271155177825212,-1.2543986864358703,0.6517074430529153
2.8037154309973933,-1.2592584563681721,0.5923571413075047
3.0633953349360716,-1.2647463874145564,0.5838754125081224
2.4050348886088178,-1.245781675232091,0.6088322211999022
2.232703857355733,-1.2668395978978781,0.6459292364376629
2.6215788091302086,-1.2526781521107575,0.632280355203676
2.4337113327300224,-1.2263171217906492,0.6270759951402896
2.727565706351575,-1.2153687379418097,0.632293892986053
2.2033598886953367,-1.280786603361922,0.6486371641861762
2.685540695795917,-1.240855581043544,0.6273673004728856
2.822575654021413,-1.2363750548414605,0.5970313297252927
2.247138022321192,-1.2574277001074112,0.6477454335409235
2.443672306238994,-1.246208116886013,0.660481631953003
2.371261739958489,-1.2355745056210632,0.6192349626721031
2.6228587464545075,-1.2553382860551778,0.6290727316827239
2.8452655567182177,-1.231795888356888,0.5666552936247699
2.2607855923298086,-1.252527002570033,0.6438055586714391
2.7675896050310502,-1.253515404878184,0.6127401061760311
2.965324360313766,-1.2348717579185413,0.5873591881244552
2.3645405947876297,-1.256022497703646,0.6492096745508537
2.4318732135016754,-1.267859137188221,0.6620765374375269
2.411153501751437,-1.2367136242340857,0.6119498848176057
3.124137506204825,-1.23115035552456,0.5754097488181175
2.6065933178579606,-1.2475486794870647,0.6245099157208458
2.3800751942081733,-1.2677230853725052,0.6406833263355151
2.277602477171209,-1.2542416007767507,0.631835080484159
2.7211304997501666,-1.2618501047234316,0.6195840211384382
2.555164557266446,-1.2479786364967838,0.6332612365767685
2.6545969160204876,-1.250671873616196,0.6407095132513361
2.6180418607167937,-1.2600191096417188,0.5762035123178307
2.602859363907121,-1.246860281720964,0.6074597565799942
2.5070542930541917,-1.2379855996525817,0.6423231652145849
2.7023760955688507,-1.2594477137667675,0.5978503812313937
2.7491597974817554,-1.2445227514466704,0.5845307484989734
2.4440142219633416,-1.248035841813907,0.6230214067703742
2.575524964031735,-1.2327518509763595,0.655801643886842
2.755896784563827,-1.2298635981101842,0.5902705567462301
2.6191635702880727,-1.236292627018672,0.6223319213319832
2.55088245132398,-1.2591458326784388,0.6665163651702907
2.6657397412410293,-1.2539663741513198,0.6079540991974554
2.611948943163456,-1.2288550051888683,0.6048752676066999
2.564768168406711,-1.2293875652909036,0.6265087187835607
2.7362981250974268,-1.252450103254796,0.6410740399572216
3.3043008968283067,-1.2148510605753085,0.6027036822990738
2.498640206871496,-1.2748729154599039,0.6507741184293604
2.4103164476151955,-1.2569887658761953,0.612779237266146
2.5949045776552957,-1.2735919651307361,0.6049150471524097
3.0911648421663123,-1.2105699507177503,0.5771451668741223
2.355718793087417,-1.2134993858360066,0.6125412659945725
2.5436277981337043,-1.243780402276713,0.6741854127312814
2.766186015926701,-1.2481767595946935,0.6060057102064534
2.658408372891205,-1.2232302985203174,0.6259146468743021
2.7839935079586953,-1.2780188798082994,0.6454667989567602
2.8159827819250927,-1.2540381595406835,0.6047138551497917
2.6376578395730492,-1.2380795786234275,0.6258144623765005
2.616713796969202,-1.2249446451791346,0.6257004843104256
2.145475799984034,-1.230122200418279,0.6503228420173259
2.722047033556415,-1.2517608681186827,0.6350196565720986
2.74967982986707,-1.2569197667082281,0.5618190401847077
2.4124289196189843,-1.298409696734683,0.6480023689617344
2.1005866133596265,-1.2199982898933592,0.6656646472999566
2.6429879367975815,-1.2509564607717492,0.5954300114456706
2.8130107546992993,-1.2529203865992093,0.5770259742202242
2.221185730465732,-1.2446795466879055,0.6706690349365905
2.734000952973979,-1.2699951715620688,0.5748930429677238
2.3764775690884914,-1.2429842450419497,0.6329740312122932
3.003772111154026,-1.2493778789001087,0.5924058001174556
2.122750393422403,-1.2510452660804627,0.6880839124786827
2.41105097200578,-1.2171016922952813,0.6559326323617047
2.311491276152852,-1.2335952429395953,0.6000208478990223
2.638708050296524,-1.245906201210996,0.6042090346540503
2.279158621768144,-1.2549162531367821,0.7097589684147306
2.720627141639555,-1.2753696631721423,0.6278962349617504
2.2885899136672556,-1.2243152881839654,0.5967213107041875
2.4486559086205464,-1.2748698942770973,0.6152534781479264
2.050341749311397,-1.2336193814626788,0.6534709612553672
2.550452065712251,-1.2806466543090604,0.6080878477795746
2.5151061301652096,-1.2462091404796438,0.6289035168430233
2.338538662655137,-1.2811966702709767,0.584801505434996
2.092689250122998,-1.233904355015031,0.6463405092836167
2.4897827093270237,-1.2494547125479483,0.6260582150197673
2.4308254595606327,-1.235461767411362,0.6498003135775361
2.605400242309625,-1.2760568907607899,0.5894579758079487
2.3114682648796396,-1.2434114987469804,0.6734727342600455
2.6241559470759666,-1.243225774646901,0.6431815628164594
2.582661527102904,-1.2453769083950108,0.6615314738255829
2.6894792196513047,-1.278624237550192,0.6072702158934153
2.9008069620228567,-1.2386098387755262,0.5761960875025551
2.6736669237374513,-1.2449001835622742,0.6538351174229114
2.4312350407572993,-1.26075769995179,0.6557908947324682
2.6610764656259986,-1.225389931530381,0.5951514570314383
2.9816455515914684,-1.2343668124602338,0.5846056197171333
2.525166830184211,-1.2566619546621907,0.6332035794577042
2.5604062875687625,-1.257471710796986,0.6044502287233632
2.7332628289372614,-1.2414489255280505,0.6244546761532668
2.9449768499662676,-1.2343719888119664,0.5702729503892325
2.9930370177476475,-1.240499286465227,0.5794766752100725
2.2720465758324027,-1.2487553622556125,0.6621316971090455
2.7591112351859644,-1.2562193250832294,0.6099451032676987
2.249975281318347,-1.26413176126205,0.6446440831080424
2.9255242185631594,-1.2364622629792066,0.5693467179303117
2.4954625911807344,-1.2339593489424785,0.6422933831008654
2.457078042343719,-1.2336541582674523,0.6367905300092481
2.4948097481597378,-1.2512114547598192,0.6156819925168595
2.446182752141877,-1.2443576795808062,0.6183660174817002
2.285406760887768,-1.2690666544088591,0.651169705008816
2.6481101279503063,-1.226974471028606,0.6515150938049272
2.6015437730667452,-1.2337110037385628,0.5928335602154042
2.5309100394259105,-1.232966536950783,0.5885969013642313
2.399672202793027,-1.2485896817436024,0.6383814238610573
2.375001636165803,-1.240299357072414,0.6294226133346135
2.8058747375457354,-1.2567808307469437,0.6108782557172694
2.4998461937991814,-1.2298543610903476,0.5858087183729138
2.7651075159057945,-1.2361945816890327,0.6300199408761513
2.7399847107273887,-1.2391659972834246,0.6044792637949082
2.6902219777392546,-1.247624619525653,0.5900628001275957
2.7873383897844057,-1.2349770029156597,0.6492293253015982
2.714476898723947,-1.259339651697819,0.6126115809195153
2.647797898744613,-1.2205791142455549,0.6013714588724437
2.5900712147380958,-1.2058150457751877,0.609400358227903
2.5456817295295777,-1.2358126732718206,0.6547933465945144
2.8448838305094513,-1.2450280754110035,0.6228340613315451
2.736969162577592,-1.2472968879350805,0.6227941416547202
2.5382745466733616,-1.2527292092384112,0.630604708090993
2.4264680664769425,-1.2657763214413333,0.615564012815966
2.8827198432686028,-1.2481495629575239,0.6050924806814293
2.7922032401651133,-1.222746356743914,0.5991795126278858
2.4218450966536738,-1.2572537465118598,0.633402103194169
2.7239003497904366,-1.2587504089391885,0.6246343135642766
2.7132695799069815,-1.2653551000338035,0.6207173142676277
2.6796926148337086,-1.2398056744949397,0.597158157163979
2.7196472679302817,-1.2230384413131987,0.6138872735894296
2.6919869578878903,-1.2550117928077802,0.6301670144179988
2.4657622958988976,-1.2349132079881535,0.6278604688229099
3.069683903886431,-1.2468058567240072,0.5755320293980997
2.3769900052548874,-1.257734421121821,0.6347450040720181
2.8711120742096448,-1.2284629257192252,0.5922591271874329
2.766541003099011,-1.23971726052721,0.5728024599089696
3.5903419719660215,-1.2638771208721975,0.5580222524150892
2.3551363883757097,-1.2517418625982497,0.6477492417037921
2.4955990175067666,-1.260439328022902,0.6366956753498005
2.970341131718259,-1.24470319082417,0.6239893178960585
2.6154388050197883,-1.2563690463627277,0.5931633803470019
2.4873719608746843,-1.2517547882684859,0.6582131330360129
2.42879402284164,-1.255260305324829,0.6402708794260359
2.7182418931029786,-1.253410353877398,0.5672206993567865
2.686365825733795,-1.2539151525069836,0.6333754883849735
2.6638034068181202,-1.249652159870154,0.6402139360660055
2.4933400565876114,-1.2222422639690966,0.6496602229884231
3.126881421473934,-1.2236852425508393,0.6240183095948076
2.509449498915567,-1.2603550921873221,0.6237572948120568
2.552673471072336,-1.2455391784770684,0.6167235269098066
2.475161798354084,-1.2252501448775586,0.6440303192719078
2.7858849992621213,-1.2433413077769888,0.5932875597548037
2.4893883878041656,-1.2423061138934184,0.615262122207995
2.680778357714257,-1.232109253972647,0.6207146848769477
2.81088456227371,-1.222103540358809,0.6569545543468491
2.751064360107096,-1.2421287299187156,0.6288836762786641
2.955266937286883,-1.2346291986078903,0.5920862547727512
2.09396890146976,-1.241811519213518,0.6779224970975687
2.3283333766707917,-1.227980587023441,0.5965708651555669
2.7402827228356066,-1.2354487999346817,0.6298037463193511
2.4566680464906994,-1.2541792009557018,0.6562190745346378
3.246184673575059,-1.225516796957979,0.5787821071135427
3.0147432256572126,-1.2099383596484712,0.5840537848528802
2.6127669309046873,-1.2498342305054895,0.6261462680606736
2.148705203313233,-1.2429810912794161,0.6401431330280272
2.7621209623250844,-1.2631732704944505,0.5907122586743374
2.516153162536661,-1.2737808246994582,0.6288677140289476
2.648928217232748,-1.2249943140084907,0.6284347210376775
2.938370365284648,-1.2536648742953407,0.5850792403662344
3.1635893768420527,-1.2060216362623983,0.5861732125450697
2.502989149790598,-1.2467287182467088,0.6370549538097423
2.791003291220089,-1.2356983590208586,0.6431827665829377
2.413248840662917,-1.234937333297935,0.6466485051940114
2.420468223043322,-1.241991856095823,0.6291411656123438
2.578843753091356,-1.2650186123279028,0.651439738079577
2.460296024636176,-1.2259371778574346,0.6029791726078251
2.241340076478411,-1.233911467062053,0.6231877061915698
2.8208173961426293,-1.2469496160881788,0.6248611496805477
2.4852220525322726,-1.2665067202864622,0.6373257952989582
2.757421303575142,-1.2156084537287564,0.6211963907868574
2.8727011730761647,-1.2492122623399566,0.628165529607755
2.664546298899845,-1.2786439576723811,0.6082150850184643
2.3018412596686972,-1.272667738705027,0.6399366278796859
2.4284762855188022,-1.1997775851050458,0.6003949031911568
2.601162627436529,-1.2666970036482468,0.6061666666646388
2.497725656053599,-1.309222986351156,0.6063836124041593
2.1594878577522967,-1.2358780225038897,0.6833095228638308
2.2941767691949453,-1.2563103111790583,0.6496644637788384
2.6679234078687255,-1.2265797728817933,0.6066049514402896
2.902488833606252,-1.2751212256906646,0.6232767992452377
2.0728437590354383,-1.242826540315723,0.6530130394241694
2.4353834772949328,-1.2331647162495067,0.6587917597681185
2.4640362570222427,-1.2362509819483984,0.6571597669627368
2.5209170835704415,-1.269751438592677,0.620040627970922
2.9594215177563394,-1.2524848580104315,0.5497474922331607
2.6127547329766885,-1.2394055021556376,0.6073388984594027
2.6709257769251615,-1.2390548667961228,0.6547566845712428
2.357068254541105,-1.2606235368373266,0.6355068060930925
2.1591982759871793,-1.2388457976837048,0.6379035838668551
2.4618706323611366,-1.2144065147132608,0.6568356132179554
2.4574060878546438,-1.2680583472390816,0.6092382278915656
2.3090848645965423,-1.2537393204974494,0.6307518909483838
2.2870798388736198,-1.2456656878066283,0.665220721473525
2.7062800880650046,-1.2392000557950726,0.634705244635922
2.8504678003063075,-1.2473960829204989,0.6118656024423557
2.5893822964178708,-1.2503040900564812,0.6259953204017604
2.2079747805089123,-1.2536104131498058,0.6876510513575849
2.790008125670956,-1.2525622148981717,0.6224170344901694
2.698671223528098,-1.2470059055965936,0.5897721405980444
1.9513527252221838,-1.238836037995418,0.6827016563215708
2.21449613031267,-1.255367739292931,0.6910183434629825
2.6285800643535793,-1.248586538752995,0.5924432911717168
2.698671223528098,-1.2470059055965936,0.5897721405980444
2.007814897165919,-1.2572938410300323,0.6672203572263987
2.146466801030857,-1.2548770695097355,0.6601796035266124
3.1064587368209184,-1.2533237677486313,0.5742552100383
2.715005298356941,-1.2748172221146796,0.6143121634090203
2.268684954666056,-1.2862415804447607,0.6583232225327326
2.205184329853472,-1.2335835797845882,0.6258994243860059
2.548409005756846,-1.2353765862372605,0.6245801435114607
2.2196898509481495,-1.2223543318804084,0.6063181177461211
2.2616952453392947,-1.2612946784203851,0.6655421558688861
2.441597833333097,-1.261790079500501,0.6513123308616587
2.6607142170193323,-1.2236911444038083,0.6081825236394884
2.5852141301725573,-1.2541322777613213,0.6411969159509506
2.796933991507356,-1.231896160399531,0.5965440984803313
2.216499332198181,-1.2550190785876667,0.6451904387369723
2.510726079778515,-1.2235911990898625,0.6062416726828054
2.556821218562322,-1.2681018519932798,0.6067753338925468
2.5823294673962147,-1.2665331347537256,0.6326033725077178
2.2750027416649075,-1.259712967320016,0.6381022794009468
2.4017425947032836,-1.2334152070766566,0.6019635140808794
2.5375288072517317,-1.2477105422288501,0.6560974983867187
2.8572210312375925,-1.2314692685124535,0.5984369797371707
2.506809679793316,-1.2360164635773558,0.6527046615033871
2.272177438643462,-1.2396779520072212,0.6302235670397954
2.3741055665505995,-1.2546559386866083,0.6273230447994131
3.079669184147481,-1.2468852650367428,0.5501542263324766
2.5354035094027974,-1.2568884876217137,0.6040149310852291
2.45404189603618,-1.2403709252451618,0.6589943237703073
2.2988526179877096,-1.230487002285006,0.6703234918963127
1.9562436312405107,-1.2474333241418534,0.6912497054199908
2.2854971384555602,-1.252026620490181,0.6860522311727785
2.776049311965142,-1.2407391394477205,0.6165831286433903
2.168461790848081,-1.2402639580882937,0.6376453893886854
1.6994097729103201,-1.2389341856991987,0.7221055381122481
2.3650625115518817,-1.2415875647925554,0.6629296346202473
2.5849029537376014,-1.2674761696972872,0.6362252138756586
2.4404614747231297,-1.270521165607393,0.6535947837552215
1.9629363544969813,-1.2617416775616777,0.7111559390622587
2.5968778408194124,-1.2647881521810869,0.6263233334372202
2.648799255330478,-1.237204851181243,0.6255694629655056
2.527241072708878,-1.2776968354459957,0.6291520520419076
2.1925884717976363,-1.240010360090847,0.6881387327401621
2.662560507970321,-1.224570139666468,0.6480204794382416
2.374355125203263,-1.2392763709696228,0.6380986501361626
2.3172874230703613,-1.2187526363031749,0.6271180851693627
2.226827306531663,-1.2634934369615043,0.6494365050913045
2.53552550869448,-1.207046920085846,0.639514964693058
2.754833060755043,-1.2346674843519418,0.5908489268509928
2.4958105289883767,-1.2354476664850056,0.6578337280997649
2.3218964889511633,-1.2628805968394365,0.6536700959373282
2.519265303701891,-1.2284310237058558,0.616625447857375
2.649585530530145,-1.2487619532692085,0.630707881963201
2.3076921538213844,-1.277230005826519,0.6664512995376292
2.5080683614382955,-1.2222790567600268,0.6371879014259453
2.7341717680220143,-1.2673707303006756,0.5997932055218274
2.492064568734791,-1.2480715456333904,0.6555395565011117
3.1104099673609484,-1.2318751403878856,0.5723471853770604
2.5731898703265337,-1.2022180302672056,0.6341392487798911
2.690343577198424,-1.271083636305174,0.6094746978501405
2.779189967795027,-1.227734055859261,0.5797407956284012
2.588920909046407,-1.2691347623268583,0.6339971195948512
2.5956686956769683,-1.2053225834597894,0.6214946177680228
2.951617798993765,-1.281942467722313,0.6138814661140095
2.7626953791328064,-1.2337319261444675,0.5949909417990402
2.4095186252832836,-1.272995720047197,0.6203382272216981
2.44565404335523,-1.2566033665191352,0.6402906782231285
2.7109514877454846,-1.277319309792375,0.6148276214433217
2.4522787746231893,-1.2333429136370582,0.6447479543430878
2.4355007411278407,-1.2143932266014303,0.651463161164412
2.3326478126837054,-1.2749294886108087,0.6694839309130505
2.577178102513603,-1.2586372095711822,0.5967932705926954
2.640076450135174,-1.23897911216684,0.6328836755446453
2.7080359350994794,-1.2352542593589693,0.5872582728549433
2.2854141704729116,-1.292619569737275,0.6901260164504994
2.6376807072079718,-1.226685307149355,0.5921363283898313
2.7800843277595315,-1.2537649451756565,0.6240736513917656
2.2780953028726145,-1.2528345508003886,0.6407283293802964
2.129509491088675,-1.2815283275408287,0.6463831766822649
3.0096153438574498,-1.215322155645647,0.6062112482632016
2.661372668752835,-1.2438834008610034,0.6231143119843057
2.16724507335238,-1.2391597064099376,0.670668361370693
2.422871385273438,-1.273731059901947,0.6584875910315074
2.726050745767143,-1.2740512000771598,0.5897313982233273
2.5650529788103213,-1.224075318048686,0.6279717845592584
2.2357659884330086,-1.2199591106582863,0.6701216033780081
2.5148519721934863,-1.274406618090711,0.6633928019618532
2.9876346495975916,-1.2277786126391348,0.601184562319693
2.307326186297473,-1.252602407320752,0.6369325453268937
2.8540564330955567,-1.2576187185253331,0.5976041805057547
2.531643767158475,-1.2523724546745736,0.6271459700044242
2.4340887159992164,-1.253043685922852,0.6117298025159624
2.981589910809351,-1.226518688828254,0.5578140292460302
2.748051396582162,-1.2587982021685717,0.5815698882509955
2.6305333032160827,-1.2673190517027368,0.6276256673647026
2.486588153774125,-1.2294876987044001,0.6041864378323606
2.2215911509181367,-1.2676202067098645,0.6403487234230758
2.4057186016267518,-1.2205701258506607,0.6584864832935676
2.5828151194569613,-1.2245882885174493,0.6346887763138397
2.840359871374491,-1.233236015427865,0.6247426305820409
2.7328938969680943,-1.2697807227882347,0.6244596518945786
2.7452166448818858,-1.2718738569316008,0.596052592000355
2.751792344531747,-1.2495195328480553,0.6022790394552533
2.6533357365132617,-1.2329250849803843,0.6181927284594547
2.479273677547363,-1.238577981546008,0.6147212761882875
2.743624029030725,-1.2618937117120592,0.5879569530011697
2.20768195595063,-1.2854170612867528,0.6706674460317953
2.5561330471403374,-1.2621334387227556,0.6261045612304036
2.6406033488250467,-1.2393521364553448,0.6176323481527666
2.927145743230337,-1.2268061213842336,0.5862474959572274
1.9910307398594909,-1.2426459890109096,0.6895221665478073
2.5015915419062607,-1.2413157120395093,0.636356181910093
2.6544786423881215,-1.2302940945025296,0.6187440410958358
2.9861621606726705,-1.2167813469722981,0.5746120354050315
2.294341759380744,-1.2316702119010723,0.6688060519092418
2.489354411135479,-1.2690563924428118,0.6385847751825077
2.626899383208447,-1.257972615691699,0.5946915633916694
2.219937862375125,-1.2716138670908583,0.6481195037855211
2.3459707845409907,-1.2309396801683437,0.6462109862577486
2.4493398558468518,-1.2314244017404263,0.6647987148519824
2.950597589816877,-1.2242029204223914,0.6216976520961214
2.1429069078894027,-1.269673942468186,0.6405886886566934
2.97866432072682,-1.2424069969039762,0.5861633751371484
2.3518410909360217,-1.2455720703558661,0.6297292236185194
2.7261564237270854,-1.2318829822634436,0.5995184839789851
2.230000552089299,-1.2749108836326324,0.6539677476684838
2.4141483938255632,-1.2801961178625563,0.6311020319222599
2.593905180282423,-1.246727054630999,0.6128451324404995
2.8112602042739323,-1.2291631931650713,0.6050516178846104
2.2546305650647844,-1.2688421486886818,0.6426022293726172
2.316760964662186,-1.2873654333299542,0.6321047142306266
2.369573618125666,-1.2412352353848664,0.6297111917603928
2.8022466110406987,-1.2639963981757965,0.5939107345206563
2.4788326378783445,-1.2246773025454158,0.6298985598342366
2.6776954919621336,-1.2023758655761336,0.6232455838328259
2.887308813758508,-1.2263169699337304,0.6346375107674038
3.038249722609216,-1.215124434191266,0.5806281573303277
2.531850426256418,-1.2112366708667641,0.626175283879454
2.6899321961029794,-1.242908765950425,0.6083501715943833
2.570039554201894,-1.2310308255715583,0.6117043233360756
3.2232295530762336,-1.233281681012764,0.5585608510338642
2.536647776915544,-1.2409091036159228,0.6351941980510617
2.4119897615481265,-1.2529794899495321,0.6454329331992718
2.508457471374806,-1.2516382544400109,0.6300469120086803
2.281394090437062,-1.254904295213899,0.6657387882619724
2.6733613827093663,-1.2562959155712818,0.637355564672518
2.771179275629265,-1.2512483178514766,0.6074070470825315
2.7818255958121867,-1.235257479311734,0.6022118993677146
2.359274191578374,-1.2471198939018717,0.6417373304052527
2.7006298438926746,-1.2506683282105129,0.5928296570154193
2.2842070453052434,-1.2272257015975037,0.6362026392015471
2.5180503993396,-1.2381606574976147,0.6486503253650158
2.7480046062699244,-1.2341803145441679,0.6195821474102771
2.7212245238509283,-1.249890517554343,0.5942921192085586
2.748318254616153,-1.226431013040897,0.6401742397980391
2.7471217158384613,-1.2440760688487482,0.6360694125322184
2.163285363154664,-1.235610615854862,0.661850606932832
2.7275331793614934,-1.2756542249413048,0.6144770774827504
2.6844431180144417,-1.2440993072395785,0.6265837547383164
2.7105810550045955,-1.27446218301863,0.5923922611735396
2.7314396360166397,-1.2457090836060638,0.6162415742752196
2.7248031806582005,-1.2499671192515478,0.6084826973208741
2.7045812573333152,-1.2497608948806185,0.6156386376944533
2.619084546969696,-1.277943513060205,0.5820082386660798
2.714433027560492,-1.253843122115641,0.5983807328530318
2.691954296750489,-1.2373770565817253,0.6203046439453764
2.666306661713054,-1.2679132602556826,0.6237214817607188
2.747739756812446,-1.2371968152713104,0.6404591400791179
2.911488384829937,-1.2200392365524007,0.5836016245681956
2.691954296750489,-1.2373770565817253,0.6203046439453764
2.580771019192451,-1.2552567319242636,0.6135092049674
2.616156286166266,-1.247277587213783,0.6623457846554383
2.802220779058571,-1.2312516348664493,0.581918551533063
2.8958773347363875,-1.2331329420706205,0.5858830693219726
2.581222442393464,-1.2596418045336193,0.6193419478944512
3.239389242035446,-1.240596037989425,0.6034521784758933
2.505600577252751,-1.2323765975099321,0.5973848141893588
2.471622074756543,-1.2352371569518403,0.6444129407374249
2.6240860363408847,-1.2463815159259015,0.6246896785970808
2.9498251182987474,-1.232376701019062,0.5760667351657419
2.6745409970212806,-1.2539628468519777,0.6514811230878492
2.5992575554018416,-1.2456130935474008,0.6266131682022386
2.717865986074967,-1.2410908296538907,0.5974062885353202
2.9778110016157653,-1.2311382790599092,0.5684937911077013
2.7349362939644664,-1.2490014662454734,0.5956070830708774
2.5992575554018416,-1.2456130935474008,0.6266131682022386
3.0563275914282437,-1.2456522515428503,0.6039648707734669
2.282293460948218,-1.2676181565158318,0.6586810318862745
2.8356049887549584,-1.2620797758531175,0.5697902898553878
2.458839213587435,-1.2442121003261408,0.6277908849812517
3.1381837010216276,-1.2550978422963688,0.5740105164814302
3.0559524773166236,-1.2248974797025811,0.5789493732587513
2.8326679625567084,-1.2926530027631413,0.6058567919707751
2.4691901960569,-1.229113400170708,0.6385518947375083
2.7951691519490147,-1.2650691055653893,0.5655256975010075
2.564794236314374,-1.2331465011397196,0.6210701398469224
2.576541390225291,-1.2702482314208436,0.6361031427425204
2.557012430972825,-1.2458705212836985,0.6179305141540321
2.553474005847733,-1.2466474835314842,0.6231119766124357
2.72226206426528,-1.2487712120647199,0.6604702640798913
2.458617399299139,-1.258614756227086,0.6271859215485774
2.544445506956362,-1.2336364776719413,0.6344851975751558
2.399705399264863,-1.2503017882715717,0.6467348907780328
2.6497239371105428,-1.23604993274292,0.6556393038902323
2.7171515077812285,-1.2429951038167761,0.6405769815758577
2.586112490215681,-1.239364872319872,0.638001175882042
2.836990667616108,-1.243640803146251,0.6078383815405739
2.431370534934757,-1.226380142088193,0.6196323391103457
2.5073716331790212,-1.2233456621615402,0.6391705026428341
2.580448961634393,-1.2448037460801467,0.6431338852361926
3.2168758442326415,-1.2377584710088623,0.5918687901097031
2.4583953075320335,-1.222118396242619,0.6343759595003223
2.3813553004114207,-1.2119385706723678,0.6070324615721364
2.8964172866201907,-1.244192929829936,0.5761739156679854
2.599874309050686,-1.2283086692657335,0.5888979270211192
2.9502938239993406,-1.2610250650354191,0.5898035777282368
2.642909463081258,-1.2219495612658395,0.6464097126519713
2.9741226936475353,-1.2280933352336587,0.5497039445992901
2.584048593760004,-1.2222676675757331,0.6115236437170757
2.89721112187831,-1.2748062483085891,0.5608880789694262
2.405985492406078,-1.2245992651121287,0.6117481972753649
2.8967584611931665,-1.211635301283334,0.5567555264317181
2.8178090209289612,-1.2662031441673602,0.6050920512976421
2.2105198754866,-1.2223803442095946,0.6425589490554751
2.6502304883516774,-1.2198430151550503,0.6118408690808672
3.236855484909575,-1.2208995454522114,0.5808986540673073
2.8470723851328827,-1.2278136200644552,0.6025167777126593
2.9437240893562477,-1.2441184101245755,0.6123819186558582
2.5280965423760713,-1.2811699641528154,0.6377437201387487
2.5617427547455156,-1.2260616025525854,0.6115407359735413
2.644247904142867,-1.2137088393089814,0.6034989361979465
3.2886967332252444,-1.255488923454104,0.5312723319644133
2.6566940774097536,-1.2380209280849404,0.6098609049057131
2.640068826372967,-1.2408174595757822,0.6432990503483593
3.204334504045937,-1.2483265332786058,0.5795110607115532
2.841683484973167,-1.2647166132940004,0.6199247369905145
2.9527376997465336,-1.2734295909789013,0.5816270111363925
2.7970702909999225,-1.2370862553891417,0.6205671961279717
3.0781575427491394,-1.2578826057881565,0.5823411188217785
2.542956926181606,-1.254750616604648,0.6189544786300011
2.7330037889775762,-1.2502792192633083,0.5804983163853109
2.5507978124332498,-1.254960334050661,0.6594627864165389
3.07014114838624,-1.2193391789726804,0.5547352000528787
2.4813101960397828,-1.250805670108824,0.6473675580447228
2.876050603595205,-1.2438565075015966,0.5931312727369988
2.689650945643516,-1.2403319874211522,0.5976903879388809
3.199647914579946,-1.2218382639836574,0.5856253801490692
2.305907602767868,-1.2557062232482956,0.6490204013097387
2.827698284040696,-1.2439520723441881,0.5875915220040027
2.8442630256464483,-1.2370691635287705,0.6184803420650395
2.864062782388578,-1.2378457631731805,0.5685683903498814
2.3638493206359468,-1.2590392704427218,0.656020839115962
2.485220344704877,-1.266547273119888,0.6158214488230445
2.815222622322329,-1.247662642624023,0.6035679993621578
2.8479340379132614,-1.2597230347435577,0.6263278478568713
2.1554437410315934,-1.2325373270726054,0.6766575643644883
2.382192083540473,-1.2262219465648954,0.6120556939127204
2.4803403163165827,-1.221924163017909,0.6526394747685479
2.4757918950452034,-1.283600576893501,0.6142627193977664
3.3363131169944054,-1.249171341282253,0.577535970174299
2.4258138689533766,-1.2636296391626165,0.6827908151320877
2.346018293103799,-1.2210432324151095,0.6292112431747556
2.329607530213353,-1.2721067286793495,0.6667557790818858
3.0583471258685964,-1.238515157927626,0.5492420709155601
2.2717348659817773,-1.2604407823314638,0.6803455263367514
2.6875422618667346,-1.2229048129568894,0.6540820335661104
2.1801950526862486,-1.2724465530068707,0.6729450152127383
3.042861984735236,-1.2299049925420555,0.5760655928136776
2.295979265395437,-1.26996410913829,0.6716736232203155
2.493550288266892,-1.258856296415109,0.6375534301003949
2.206124202439032,-1.2708879877321544,0.6842498003838734
2.8855085844575283,-1.2606658637185153,0.5821241219994765
2.6291663810641905,-1.2227818507675303,0.6113532695088415
2.5860552902871596,-1.2351254553471118,0.6344557513931154
2.206980611677978,-1.2264908029055637,0.6511246836436749
2.7680762886828543,-1.2578589724788247,0.5680787721044094
2.666691211902059,-1.2271561495179306,0.6316663374643967
2.9703340414855086,-1.2298092941923124,0.577405751818098
2.4870920987720035,-1.2265940061285938,0.6559837839666184
2.106273174149327,-1.2429832928594924,0.6504390524975187
2.604176682525007,-1.2656608779492797,0.6412450595087654
2.853496033642377,-1.247962801805827,0.5790540415300166
2.5633730706216604,-1.2335745945450376,0.5937248652074274
2.3719579817351653,-1.2483735436106194,0.6597984589808602
2.151336913080026,-1.246048939699751,0.6779905294012636
2.325165746649133,-1.240240833872555,0.6304180699074985
2.7356241865539443,-1.244644206037637,0.6377049128506459
2.5515089285598607,-1.244742418405832,0.5966294442613048
2.4911612723401992,-1.267945751142344,0.6354954649815331
2.5085825273648643,-1.252629999821465,0.5948081596482012
2.562419772405185,-1.2486918974824248,0.5838197990106254
2.5470819212819302,-1.24458966421455,0.6057739167602092
2.278344973575123,-1.254803038671573,0.6133053476549287
2.6773626639794523,-1.2647143130376335,0.6287663854292962
2.5685508038891527,-1.2683593842803347,0.6093979579467804
2.2968197022164483,-1.23305399215511,0.6700930822930197
2.7146669807228965,-1.2610632670454363,0.6546206661416787
2.7135716219066617,-1.2416325206263703,0.6366501657408205
2.421461719842101,-1.2387618104345284,0.65041227711148
2.544174768184112,-1.284571323380786,0.6174762289706186
2.5473953038545862,-1.2684639877439057,0.6403327270163331
2.5202117573302596,-1.2165267307269219,0.6301297481788488
2.733321255496098,-1.2376916389386503,0.5902193962897377
2.3555396134598383,-1.2583690985011138,0.6519030031253928
2.3700796154065706,-1.282485737321432,0.6358380523411836
2.974251783242737,-1.2557041602285166,0.585069498304801
2.390231993371362,-1.2457813898873036,0.6120090563755444
2.3722080182989314,-1.2528853359637866,0.663988829401015
2.62933464591048,-1.2386728620231282,0.6216406323848878
2.6996749276696836,-1.2659349383257952,0.5812077204993236
2.56108051192419,-1.2715990156361328,0.5966872519175317
2.269877252613089,-1.2571736857410054,0.6400293347829479
3.0807767245815523,-1.253619618705331,0.5944157119882083
2.961630848269922,-1.2564640612445144,0.57436331531049
2.9017439141555124,-1.2662111110307879,0.6280450421039689
2.9186526221266913,-1.2349073318318133,0.5725417377365485
2.914024111454131,-1.2417041478784274,0.6128863176529455
2.990115778553247,-1.2506855710525686,0.5954857816563038
2.919617433554418,-1.2816940740440719,0.6024310869573628
3.255760141931512,-1.2377580369741334,0.5779657463886729
2.8028622254289814,-1.2201884237726761,0.6177248583600395
2.344493535312361,-1.241998084327972,0.6824866756727965
2.7264463267289245,-1.2575996703591101,0.5820397567729688
2.3663754388206657,-1.2711691778691483,0.6354838005829653
2.485124247072862,-1.2081312128649184,0.6324445726984342
3.2880272780208557,-1.2285687683380757,0.5931196352943973
2.8437166451996285,-1.2412281169531187,0.6026862501502278
2.451360550723665,-1.2570884741185584,0.6328452493249387
3.1010227935069468,-1.2424977537019013,0.569679433635719
3.4317137407569676,-1.2215248240836438,0.5950752800013454
2.559021526261881,-1.257446271327681,0.5813758918038012
2.4357449139189096,-1.2523872871215322,0.6092702771898311
3.2355046400512935,-1.2255187029755175,0.5726452409998876
2.490153724509559,-1.2344677456502322,0.5798729528567651
2.7670264971267464,-1.2547873871858641,0.6005720875844704
2.7549771754666397,-1.2400712908436653,0.637462456207904
2.3514429878780905,-1.2389912572864172,0.6088421202096257
2.627918704431184,-1.2317121107682787,0.612597560667609
2.755812056719955,-1.2632184034880074,0.6173379220377332
2.545948086633721,-1.2466719659611198,0.6208015824700777
2.588193688608673,-1.2530417835764727,0.6214175968943061
3.0266015279297473,-1.2481791152061987,0.573224288893193
2.6159250292806036,-1.2600269126448251,0.6050581057547557
2.8797826794604986,-1.2529549386622392,0.6054806649541656
2.46520929331997,-1.2427272832441394,0.640434266528478
2.9312631411130243,-1.219256513385519,0.5802169065449707
2.876316005135915,-1.2559017184388952,0.6274500314935316
2.4484555309397247,-1.2548119616775728,0.6239606216165048
2.772468415111226,-1.248255628183708,0.6052366834896359
3.0583172965990064,-1.2494077222541655,0.5957724791967648
2.1683609799463763,-1.2540832375545332,0.6453601722988338
2.530270276571986,-1.257065748958413,0.6146653561599164
2.5353557747086697,-1.2416201802860625,0.6255359328593235
2.159925601353217,-1.272684431752679,0.6596255175795864
2.460803022304704,-1.2378336913166612,0.5848147098911747
2.764464846058099,-1.2319139690467442,0.5882220922134237
2.826053807553817,-1.2334839568545946,0.6292563878635892
2.650938673517437,-1.256415298332718,0.6349900858941311
2.481583382390329,-1.2601311468684098,0.5983564257953835
2.4242957413666035,-1.2471917950820304,0.6559747211458458
2.379623825888865,-1.2448613618440507,0.6194511447156602
2.7264289164886124,-1.2456719522234432,0.6073085537437474
2.764181631874261,-1.2470305610465964,0.6075105713654397
2.8251333904325953,-1.2834790247753884,0.5823823292709639
2.455422011009033,-1.2396833821288795,0.6321163485684145
2.80578830068303,-1.2433747811136715,0.6161134748507244
2.5251755781719254,-1.2631590862463582,0.634020092567687
2.428806124512338,-1.2473537573725524,0.6317945422646446
2.4174101917602466,-1.2390479021617649,0.6304735814020442
2.288398936529952,-1.252281831137406,0.6894206968127805
2.7810348995089043,-1.2343987482881822,0.6196248606168903
2.872779154497326,-1.2116077797729592,0.6092661377659148
2.519772230854513,-1.2533821525023836,0.6084188613162919
2.288398936529952,-1.252281831137406,0.6894206968127805
3.4794193819990373,-1.236173923405256,0.5326738354295828
2.8764266117638115,-1.1994043852098564,0.6003431576126915
2.705420112056602,-1.2366437328175703,0.6339848593403862
2.2318518620027845,-1.2443894077257407,0.6522239108386733
3.0852022821382086,-1.2447311904694707,0.5193169740298584
2.817631244482888,-1.279914030289647,0.5660604900915062
2.7998062811527316,-1.2738012465309465,0.6016809566703251
2.744836319540859,-1.2456527240614723,0.6203940469274932
3.1289345984631582,-1.2360121911304118,0.5396313413174754
2.754406171264163,-1.283102097715193,0.5764054024556352
2.828139634829232,-1.2724949150448899,0.5925549986401349
2.6360495407405757,-1.2487870764776432,0.6275422380471154
3.065474752285575,-1.2508463132638796,0.5873113912348142
2.7656126899566313,-1.2431612467924937,0.601466334017531
2.792982249243322,-1.2056711203591308,0.6012480705092585
2.9524294500009938,-1.2537803358962685,0.5672993664736464
2.707169891367675,-1.254007769710746,0.6041775088955845
3.2202907597611636,-1.2554840447129754,0.5656039489375163
2.5777326442291524,-1.2799665923290933,0.6173691136254674
2.821007970138494,-1.2524013821856652,0.5638565821180568
2.3765309279635494,-1.271745185893534,0.6495975486359062
2.2049259830104995,-1.2400283805925802,0.6365279294135339
2.463542965595801,-1.2513533694561005,0.665834005772885
2.693307836998697,-1.2550886697493215,0.6451242147130894
2.470532284062529,-1.2610314694232858,0.630530128181906
2.6625137179886567,-1.2560263071742364,0.6238513890032434
2.4793181219003317,-1.2494955044608642,0.6323528207688913
2.4007344651014098,-1.237298392797496,0.6234696022828508
2.615677854736214,-1.2284493772582963,0.6233709132744825
2.6233508653136615,-1.2441501408664253,0.6111308281118893
2.7142319478550214,-1.2271043297617568,0.6175272503213933
2.554257296104995,-1.2445145919977803,0.6604290550740768
2.6971425309272954,-1.2558336580442742,0.5743461240954112
2.5066592167696937,-1.2560849802249723,0.6517243630581186
2.5093414970862717,-1.2593768777683931,0.6381147655719789
2.4805654045692482,-1.2513662640637764,0.6429603774808932
2.189180061981075,-1.2374464426379697,0.6936800999836534
2.3190705906337845,-1.269552410194034,0.6445490261980853
2.6551714706194316,-1.261050517895538,0.6121196075023632
2.677585864739888,-1.2436450355514344,0.6299440184058263
2.330042312735256,-1.249968576912214,0.6993963041166538
2.6518660743709965,-1.2355688810407928,0.6219110549730104
2.5812482951862057,-1.2327761272664455,0.6512914551732341
2.502650573417981,-1.2792111911087798,0.6041820440466511
2.0036100740563154,-1.2351434830188182,0.6896329148441993
2.5806743695202803,-1.2154697982601634,0.6429552832490599
2.392214345151063,-1.2920691573343202,0.6510985068654173
2.577946443440539,-1.2557302725587902,0.6128061269594984
2.039678617236774,-1.2794631837197794,0.6917988538347476
2.4978371313913383,-1.234480712121059,0.6111211124553713
2.632696183933823,-1.2250181333254264,0.6144455828540673
2.8035015108116754,-1.2550396820128773,0.6171646199107955
3.3170509715651457,-1.2194728847640803,0.5501679333061834
3.1490520991490007,-1.2602021023201542,0.576765561622508
2.7690558241209042,-1.2328630417589517,0.6107004065223071
2.862152977089014,-1.2569492225902799,0.6276183062685438
3.427314970803256,-1.2383913540915101,0.5432297618678147
2.4491630872767405,-1.208585939483159,0.6305653412349024
2.9781483339780013,-1.2591145468038856,0.6043341160035484
2.7602820659988425,-1.2667217100673864,0.5817426107601772
3.3596767629510422,-1.246313326142272,0.5647555287880797
2.6992139432598417,-1.2534399438031247,0.6089793361678155
2.8116546879717363,-1.2277138278317883,0.6169583965616928
2.7447751833690828,-1.28024408423553,0.6262722290203158
2.481186461151009,-1.239956983197343,0.590160225298841
2.5972381452112505,-1.2639680271456384,0.6091964903150313
2.836781926287603,-1.2353588324594749,0.5771592362305613
2.3970584367804566,-1.2866655490599228,0.6274033633140215
2.7535058091349502,-1.2514453152031655,0.604882257952662
2.843953572387644,-1.2624570415204308,0.6318366887939071
3.110514333728247,-1.2607047794563204,0.5986414711841882
2.5721317293706956,-1.2551446981425078,0.6259718173575733
2.8439475466445,-1.2428528185743017,0.6199150269245384
2.3375817350396337,-1.2520847127577144,0.6405350964606183
3.164021229078221,-1.2602822842361143,0.5923568794017562
2.5808891658421294,-1.1983623248283695,0.6319376614532841
2.9443583788266086,-1.2294790509186164,0.6207850193368311
2.138709061504917,-1.248248196161926,0.6808841752686312
2.81535262030796,-1.2448461488068636,0.5873680680407809
2.5040206468393396,-1.2451749995516017,0.6283749674215123
2.193858662344776,-1.2364152267723885,0.6324829293554041
2.8003198869947044,-1.251485658017506,0.5958352426746494
3.008649319508522,-1.2396901360946426,0.5838510413937615
2.6528431937656136,-1.2435196831632422,0.6051516286019374
2.1614635867989715,-1.2321491955561177,0.6264401928706654
2.5206793830850867,-1.259786161924401,0.6362857075864162
3.0039015769421464,-1.2358299764044862,0.5759877789621884
2.428178932007263,-1.2307618878695805,0.6626170495888216
3.072041653292285,-1.240577713092636,0.6009270864797106
2.7495295357374583,-1.2410632527450343,0.6465677927738196
2.161405125551398,-1.2609885414012294,0.6949214177964294
2.5612549297457545,-1.2201373102758217,0.6294112808694327
3.0154448933902276,-1.207993164288263,0.541953581173199
2.743243731790845,-1.2626176898376824,0.6205530843435951
2.5044270537518076,-1.219895023633974,0.6265947746172853
2.966437489663714,-1.256525103456626,0.5767188983341498
2.0649086833014416,-1.285680669986513,0.6559458896583944
2.3917787919009004,-1.2834097324271072,0.6244957789367765
2.997396527373502,-1.2459289473048691,0.589687117105922
2.966437489663714,-1.256525103456626,0.5767188983341498
3.0188724904807946,-1.2202764189256694,0.6142692591621229
2.8809148126222666,-1.2281867692103277,0.589426744294245
2.7837595627739704,-1.252171215167208,0.5941522503385218
2.5273849806729203,-1.2427543149473133,0.6202231702942927
2.7387634424907277,-1.2537940404146033,0.6241363416898654
2.7844470537777983,-1.2449219917666339,0.5529916690502633
2.7581014788858074,-1.26533781686891,0.6117513464353396
2.792592423248606,-1.247754295264862,0.609232635469276
2.970259751780794,-1.2637151457428104,0.5726438314914841
3.061599583202822,-1.246129312918435,0.5808588565970361
2.393880261817374,-1.2267055872069497,0.6557648625587342
2.861574964464105,-1.2838259484065855,0.6066850218106765
3.0207069984542083,-1.273912934554726,0.577039993424898
2.448517695194862,-1.268154676849781,0.6075787265364383
3.0643499678713657,-1.248485240427484,0.6070874823309137
2.984887286522429,-1.250256105041641,0.5785536000926566
3.3429091348293274,-1.2672911342805737,0.5460996499434757
2.325454682657113,-1.2645163260312233,0.6319021005466965
2.2514202073910003,-1.222413283707963,0.6285651415142909
2.4908821686961886,-1.2437530835949393,0.6126254800791852
3.1843972026677068,-1.2723124261767205,0.5126021090619723
2.533743597555411,-1.2860338314544386,0.638881736350559
2.8458672764399995,-1.2438650428905278,0.6247514729073156
2.56598322050923,-1.246746713076189,0.6116596963221791
3.2291499868088036,-1.2731345946080197,0.502634580449439
2.3563808286917096,-1.2660095906307198,0.6285986135483412
2.9590158298428166,-1.2330530882297461,0.6187470907399819
2.7519148168831555,-1.2640592899040344,0.6163194437779171
2.578672459404756,-1.2832452164436088,0.678518250716576
2.7042894262409205,-1.2614823695594932,0.6341217677241081
2.911434640521465,-1.2205253183934004,0.5426241882407021
2.3484202323573045,-1.261098463818699,0.6422215920824191
2.3460196717858564,-1.2572994533947286,0.5980982995596175
2.6000972959259947,-1.2630131861819605,0.6435279445584553
3.0150157119656655,-1.2116695180050787,0.5663008243354041
2.7738171632327377,-1.2305594979876646,0.6119917761503221
2.6267036244308035,-1.2507058049132902,0.5909445775629912
2.5880514107194155,-1.26754612067088,0.5657199587212322
2.2391887805519906,-1.2796173416954348,0.6655224501980925
2.9154511486539647,-1.2584239142834373,0.5936762930842914
2.5438155136070564,-1.238459009500729,0.6114943296079863
2.7352532968380765,-1.277971075862006,0.6322802525261002
2.415715427224454,-1.2261069437039822,0.6397378469909115
2.5336623054705285,-1.2482638359724416,0.6336363692235389
2.540277067670949,-1.2286092608282266,0.5793521174782912
2.7719320400188234,-1.2779747003957045,0.6356436670949268
2.230584403489152,-1.2210764680872392,0.6633285255010071
2.394214244140724,-1.2323163491031552,0.6355488008927127
2.575654424129178,-1.24606782231205,0.6000163758721452
2.620351967249424,-1.2744398750227268,0.6305613384413724
2.451770876346475,-1.2345786852627259,0.6614499781837639
3.0923658990691747,-1.2461466121606597,0.5944763808740411
2.553313620047212,-1.237926224266771,0.6196163204156342
2.5136716220352393,-1.2899805547707486,0.6145288675165046
2.2094698136617703,-1.2162614795980922,0.6683708433710946
2.7076872339207734,-1.2113451721043917,0.6109305967066324
2.940157265006797,-1.240144382725657,0.600048346210045
2.499726602921714,-1.2310073588977717,0.6505007415111879
2.472743420106676,-1.2441738993547642,0.6322396742673783
2.566577738213547,-1.1948575225649973,0.6208685030340348
2.5893338388990252,-1.243161482622642,0.6292321589182762
2.624921698243506,-1.2741119271214905,0.6034317151659341
2.4078301235189032,-1.2500928304141918,0.6622792089443872
2.7833222480219586,-1.188007667322509,0.6092317969360254
2.759768775113908,-1.251741194269144,0.6186132445570868
2.8694003518678075,-1.2685628286647241,0.6153566671804198
2.555406686065973,-1.2390506426242964,0.615019644672272
2.8040243756928427,-1.2187071858989187,0.5910746707392821
2.5991351015713153,-1.228521020745056,0.6144577391125067
2.260004684886665,-1.2301785555304268,0.6861531307464774
2.611926513433098,-1.2420487108342924,0.6196952644448686
2.7379238900428033,-1.2712444327425467,0.6278985371349785
2.553304523283118,-1.2327466380863648,0.6209372884961482
3.3606997529669114,-1.243998397740811,0.537816081543033
2.73008728356219,-1.2321513507848467,0.6147257835746386
2.476312664366463,-1.2506432467770727,0.6451563656162309
2.450407360611226,-1.2318356465001783,0.6130410010891197
3.2643657919258215,-1.2588145812335247,0.5912118247327145
2.8861639266825443,-1.2312635408178925,0.6097724436840415
3.0730588455964583,-1.2329096229785748,0.5632446820286733
2.3558517655327758,-1.2049601144741962,0.6228209947934105
2.2048688175394364,-1.2193696304939254,0.6317518046815994
2.5670108674815975,-1.2490245132533517,0.6292411226829694
2.1265285058787557,-1.2343546187357284,0.6734621398776347
3.0197019790951565,-1.2385339432708833,0.6084527077002988
3.117508902877109,-1.211342829509201,0.6057752288639316
2.7485456869361062,-1.2389787403614618,0.605130871336181
2.935280299978744,-1.2527372005823856,0.6113032456315658
2.4718876461183363,-1.2366430369744408,0.6250533367926142
2.3571026418031016,-1.2749845467618959,0.6770067438737478
2.496368311052133,-1.2295055935463886,0.6187477895528699
2.432373198671379,-1.2335874068987078,0.6686389217657336
2.9843020121034414,-1.2464403325262405,0.6141736432081141
2.5798609668116894,-1.2476177070789094,0.6229745726052432
2.7639389170212327,-1.2689154702488812,0.5745171850795076
2.5247535986303964,-1.281077186183288,0.6150167259395055
2.8573423200467913,-1.238535508613487,0.6300428404102161
3.061215232816543,-1.2445205063188216,0.5780512425420976
3.116408754997005,-1.2529859205293523,0.5864065142758075
2.448415553620643,-1.2813743940994127,0.6481066590485631
2.6236973030272384,-1.2366533414363716,0.6285363416151444
3.1175387789294233,-1.2122282446570811,0.571024855471912
2.7984622503635572,-1.2294964079794846,0.6092006249999401
2.3992240667213123,-1.2752985355922517,0.6323749102822079
2.4741979839313535,-1.2588698428592504,0.6605519890198522
2.3555112276631016,-1.2354131488469713,0.6581231281873575
2.803223989950493,-1.243729857731291,0.5871494453047452
2.5045390296601058,-1.2673189799969853,0.627642994044226
2.496622073739198,-1.2764283917059494,0.6576809094074088
2.691958352185871,-1.2394497221947365,0.5942437204158
2.667171268679162,-1.2621501088359124,0.6049170332261957
2.8277907367480832,-1.2469124708256478,0.5845926238255652
2.424132828443399,-1.207316205938841,0.6378202956687014
2.9461401032584686,-1.2338892509533754,0.6045961307832608
2.86370362300301,-1.273160670797008,0.600975554692992
2.7823875798610254,-1.2057059302123518,0.5996403812265941
3.0625430697518174,-1.2567970186569122,0.5761481209045539
2.74220582382095,-1.2555498758039005,0.590282492352212
2.5215718701191245,-1.2488091229443425,0.5810733688284248
2.8673100415537895,-1.2685096709698716,0.5716407473743071
2.2034827471896383,-1.2583598576865755,0.645096014663149
2.7913783757916426,-1.278627484023955,0.6153765407462668
2.7150218082149125,-1.2659405247334066,0.6506475780412311
2.839936422496668,-1.232387612927044,0.6253310904225915
2.6549213499998916,-1.2405622153649003,0.5845854934002153
2.478422348378712,-1.2318230074418532,0.620535702889592
2.6560348626019747,-1.2581719245917664,0.623338958893195
2.698953425655374,-1.2508156769645147,0.6113672717496386
3.1974727910138636,-1.2631449163421875,0.601157552194898
2.6572800193177617,-1.2428545816901533,0.6331824666318645
2.7412270091585484,-1.2441383661130019,0.5780264256364235
2.3293649098704288,-1.2143621425369735,0.6439648100628778
2.7569408558333754,-1.2564441613436845,0.5541761010063566
2.5806129588896223,-1.2624364468127443,0.6531888774098814
2.4620794373821187,-1.2466236051684754,0.6127285162473662
2.7019363967317305,-1.2439279990714158,0.6371893460966247
2.8426569037998526,-1.260275274640646,0.5532086144880586
2.782404619297374,-1.2423117946049151,0.5909518820312267
2.5361313509856407,-1.252123161910778,0.665520676411125
2.31963204633588,-1.2380651047491211,0.6245689014465972
2.708621814082074,-1.2512443992365019,0.5875329880692605
2.2759769281613105,-1.265873535040317,0.6506887465163734
2.152155436699561,-1.216450265780541,0.6298451304143342
2.3640038630761633,-1.2612389253972178,0.638923905386289
2.5637767377391643,-1.2574245587161914,0.5852073835035565
2.6895571358843773,-1.235552379901227,0.6078449257690468
2.5967582925011676,-1.239609136769212,0.6225415481418275
2.32815747783868,-1.2677755286849661,0.6568274104678511
2.53235843263151,-1.2678700545197845,0.6394167585367231
2.3425707899735904,-1.2537415715027862,0.6443229894577882
3.008232979861216,-1.2299805688890115,0.5947071822368711
2.3831498871852217,-1.2299186861314195,0.6618092561466425
2.487333267972334,-1.2534396047922716,0.6499097947592267
2.403854456104237,-1.2533236185324315,0.6419001322110278
2.8222104132657178,-1.239625111797417,0.5596467466697204
2.355303877243805,-1.2335406409008092,0.6577179361842954
2.6747552228919145,-1.2360341601281528,0.6191561332011811
2.968548052001424,-1.2370617797445482,0.5814712832416521
2.0573690871473977,-1.2486567722078958,0.669486459864365
2.3662516570693293,-1.2393749663816072,0.662336128936557
2.823833928568909,-1.2691312393033083,0.6311027994172045
3.206830061390069,-1.2116648422597645,0.5680967637824462
3.103007039532013,-1.2323935221696203,0.5401872629855465
2.1575111517055126,-1.2403681148582737,0.6416636344070843
2.7033829483760456,-1.25247956177144,0.6408628590207393
2.6831814897202952,-1.2213302708984095,0.6018945039299134
3.0347225416359414,-1.229155079220127,0.5673153398685898
2.27639231687597,-1.2171404492599966,0.6630671723714666
2.489372659057134,-1.244270497350014,0.6451558377792328
2.5586895810566994,-1.2180584094895452,0.5977340389461478
2.887193467539398,-1.2400234166800896,0.6030346369295881
2.2817841297685937,-1.2231425053265634,0.6632043898526676
2.7161840696914754,-1.277737410124011,0.6163789973607174
2.579102120713405,-1.2281911752755337,0.5841721131948691
2.88008417604082,-1.2372475399400464,0.5892289733263302
2.386464830866589,-1.2281640134655483,0.6726303873693636
2.533780068616994,-1.234005151884122,0.6301478970689729
2.917912386760613,-1.2473605741206442,0.6017626451370456
2.2801237737815687,-1.2572361529806317,0.6538070309266641
2.65259009772902,-1.2303858936752015,0.5928710413875363
3.1343677499102047,-1.2447804371720792,0.563744655675745
2.7372854968446254,-1.243376728634916,0.6051689033101922
2.7305311290170597,-1.2349248627044305,0.6310881510758874
2.5222948322990004,-1.226427432376461,0.6548383594381356
2.6310492921380226,-1.2580375950981477,0.636795505843534
2.4596838342641614,-1.249747874879614,0.6400049081677169
2.6682686246933285,-1.2268025130983837,0.5907707921159887
2.5621171436462555,-1.2344685286701365,0.6029843531728388
2.9863878693530195,-1.2265386078086462,0.6020588319619312
2.6905050676492,-1.235022830835834,0.6123490963319413
2.6472263914855763,-1.2271941608863104,0.635214996767228
2.9469734319969803,-1.253406463142079,0.6070581409216215
2.5701830937292396,-1.2176789358324862,0.6030773731209981
2.3303894610174596,-1.2399770649551944,0.6193776428107514
2.495163550348523,-1.2467897533555576,0.6202531110598678
2.765516493371382,-1.2379244509575216,0.6042525076960825
2.7502692680963845,-1.2291712345136927,0.6361628922572072
2.4728317860301563,-1.2368368940077126,0.648667963175199
2.227788924585357,-1.2433403081975865,0.6311931809703929
2.5711972990057927,-1.2639290915056554,0.6477180513568497
2.5067372382067052,-1.254706432845476,0.6222793936168632
2.4216497026757966,-1.2468560805196318,0.6392688310901449
2.7394686540916418,-1.2634010212044373,0.6105790855923486
2.7384705137872034,-1.2147769753646678,0.5853937207543689
2.556991148182249,-1.2538171661894424,0.6351525866681824
2.7614553783601226,-1.2211054868403803,0.6169934925941468
2.574324193279404,-1.2595775847423032,0.6119384346290733
2.462466254557244,-1.2726161818218291,0.6528918769132264
2.8063903051221417,-1.2424311870167903,0.6169903257185859
2.5860784867068274,-1.2188219082012155,0.5879907994562354
2.5359246388889263,-1.2730514486255795,0.5916753195192777
2.8031486615164254,-1.2179657618826474,0.6327368823261409
2.1523820962296396,-1.2276500698772064,0.6627608932263878
2.833690037750163,-1.211256924086622,0.5914511170082771
2.84552850209592,-1.2891516086538068,0.618283353485679
2.358924292530152,-1.2245887475609647,0.6369765192995908
2.0554656845618178,-1.2232658824763627,0.6615156742928437
2.433206627202686,-1.2788941439000474,0.6082151534805084
2.6748081139542506,-1.2539600174305627,0.5812126930746798
2.531264474567301,-1.2564036566744607,0.6400940255010846
3.2149985634167377,-1.2597630026750375,0.537176598161335
2.5833370534832603,-1.2538992637958737,0.6555567066915617
2.518003719810861,-1.2282600613140717,0.593769359566276
2.6145435278431974,-1.2345731319152728,0.6189717648766027
3.288166900892994,-1.2446663317078102,0.5695252232055972
2.6238001284681314,-1.2441223756746729,0.630684859896584
2.493699759035496,-1.2283475883449784,0.5923748915574506
2.4220840419843217,-1.2556304786683226,0.65708155087818
2.552623572989168,-1.2435977421751054,0.6283420441261762
2.4504690840854293,-1.2525564245255816,0.6443018580593923
2.6134554949549633,-1.228618018280815,0.6295050072607293
2.93604778596527,-1.2529363087629148,0.576966180901732
2.6709048251914576,-1.2426293194410147,0.6169110223385171
2.749037185460128,-1.2170218538961237,0.6019407675919396
2.4450334742034534,-1.2784523749518941,0.6363908502545194
2.5135116367465775,-1.262716717120438,0.6123091705629796
2.54841869874138,-1.2722111094950583,0.606846565992379
2.454215614730964,-1.20643050958276,0.5996582983224744
2.5033369035523125,-1.2504094351444075,0.6241682479975379
2.34725983646201,-1.2612242186595695,0.6376751928780663
3.0789179172964434,-1.2292033405049752,0.6098330037662247
2.75129485842856,-1.2092835307280325,0.6376574229671204
2.4236340383643302,-1.2583461111722893,0.6224031039863842
3.176226290130962,-1.2376554564286384,0.5730426125758205
2.5809549213084404,-1.2263830217933616,0.6132447787160706
2.7757874352426546,-1.2082595387713035,0.6527733483378354
2.6733910538809655,-1.2585719890602127,0.6470946577528897
3.03666713915205,-1.2294001193088717,0.5987735972699899
2.479652607846778,-1.2394916821406543,0.6453119888872115
2.7389871604438243,-1.2381227614316912,0.5924444707333094
2.5496523027464844,-1.2414040412527412,0.5893474202928711
3.0442074095886733,-1.248517576835362,0.6001738511161848
2.390088406871093,-1.2555229032281239,0.653895489044086
2.6966095233212513,-1.2497276211625206,0.6261071481457613
2.803338789365986,-1.2491814138320105,0.6141392617718702
2.372898233665127,-1.2343978011164671,0.6197625127175977
2.3755370915081726,-1.2561819539698873,0.6523259334735334
2.7006978648114663,-1.250880047682504,0.6272179502528799
2.9187180494967344,-1.250668154357399,0.617549600282977
2.5080562683278873,-1.225586423485893,0.6263133354749565
2.4460233167193692,-1.2098210520376116,0.6447049819179136
2.895315436556017,-1.214835391845474,0.6192923983050402
2.870226342264611,-1.2555441562013339,0.6134878061424069
2.703169743268755,-1.253832320009825,0.6325851584379584
2.4792737883698583,-1.2108155660156783,0.655563713802531
2.3757947221824622,-1.2722027957123623,0.6211088126477035
2.3923999618570524,-1.2455269633631327,0.6265363241791706
2.484036066909691,-1.2537848785473589,0.6349553049986633
2.6312101186835615,-1.2216373026747496,0.6552322712703078
2.5171506920133253,-1.2169428135875728,0.6614935426461235
3.262626545705542,-1.2364828978151368,0.54495931910658
2.49966368874082,-1.236477208177128,0.6112818895334112
2.27610595557561,-1.2171377566426222,0.6298892542778748
2.189846441805274,-1.284163412007643,0.6572305721176726
2.85557324600142,-1.2549421691466642,0.6023036824957387
2.69843232273327,-1.228211239335615,0.6409793340466828
2.4459648200051314,-1.2180682183905598,0.6411624947496688
2.710678094763217,-1.2194197413601122,0.624963285895199
2.4906859624788615,-1.2583400463808958,0.6540159592701693
2.541060483388341,-1.2290685308039073,0.6193862801476241
2.364296658758597,-1.265711684001066,0.6565507321841766
2.353227497658541,-1.2449515104018718,0.6283874603917372
2.4906859624788615,-1.2583400463808958,0.6540159592701693
2.537451390746678,-1.2590385344789357,0.602182747688376
2.3655928591801594,-1.2612465918373343,0.653967381535871
2.617589082380764,-1.2392661925663748,0.5861629786435537
2.9634326951853933,-1.2265082790194917,0.6039018377770629
2.6577795007578096,-1.2709273850303175,0.596157654246999
2.3328810592366938,-1.2350900288179165,0.6550901526108097
2.598880840422897,-1.2101293310153765,0.6541107351143052
2.682544346946467,-1.246584595206954,0.6076212000415899
2.5528815320694296,-1.2207704501911256,0.6365779628334755
2.390061624103456,-1.215360049113032,0.6244807965116589
2.5967848130754465,-1.2026518487147788,0.6570399270093358
2.5004076482702358,-1.2396348034138882,0.6345741611527588
2.7295938928773253,-1.2824763289938155,0.6060148889396636
2.697242346555682,-1.2532515084633884,0.598147666799046
2.5818606076374278,-1.2761489865360267,0.6158685405339787
2.9495611352442634,-1.2289607499744402,0.5942704973072974
2.672311137712863,-1.2589052997064811,0.6226002450609451
2.85239375822725,-1.2476071776915894,0.5897617941221069
2.2727390181045517,-1.2512326205953426,0.6580203654492965
2.642958686543416,-1.2158591949466453,0.6159771332180756
2.392970796591874,-1.2488320188991213,0.6494171349903651
2.6926763353129677,-1.2419438521740505,0.6096278640224728
2.4354476822305267,-1.2424579188013936,0.6496838933997702
2.166267607782802,-1.274398018461044,0.6428227469623986
2.3138713107151285,-1.2459249397788388,0.6641356398148139
2.443914086672826,-1.2668131244173086,0.6248065370594283
2.72402730928037,-1.2310956094465222,0.6019219369065918
2.846105131543211,-1.223086680081258,0.5598207907864546
2.8240833564384236,-1.2440054629337085,0.5879974631489078
2.55629006582511,-1.2652663159282422,0.6307530948376745
2.5949011758493343,-1.2381739920586476,0.6294818013319816
2.460740739345149,-1.258635408104004,0.6662923205181409
2.6928808114743426,-1.2339348876073377,0.6341028487740927
2.6278747998007215,-1.2606519742114692,0.6257367589312278
2.687101762092088,-1.2190588533661004,0.5956545911367372
2.4601189973458664,-1.2538005635530702,0.6792414516734676
2.6701991938249665,-1.2589118397272658,0.6067147168932214
2.511021308826209,-1.2475838924765688,0.6546886224025902
2.5301717352819755,-1.2186527840431975,0.5778421700278574
2.290248539269211,-1.2293480768776899,0.628203289685292
2.6654464269207137,-1.240526487069602,0.5953643509631711
2.9614292452979063,-1.2477880019399559,0.6005497879401313
2.878880101466623,-1.216436600767384,0.6393793407073226
2.5913742422551485,-1.214579320042919,0.6318674809357936
2.7188367902092376,-1.2249506008622755,0.6136354805924479
2.437587729692078,-1.235473089559414,0.6746652214324581
2.5066775848186222,-1.2421256382152226,0.5846173222291058
2.652557070474002,-1.216456218468699,0.5918591307902539
2.5519397819828145,-1.2553177938870965,0.6159296140982405
2.2443771392297602,-1.272412847055936,0.642890420870154
2.6758589689836354,-1.2343240569311025,0.5969163714043119
2.6278755965563003,-1.2249184304679963,0.629320187535851
2.436444099028692,-1.232833393132895,0.5881287073077862
2.354072902073229,-1.2673972846727555,0.6393106046448461
2.305717435576478,-1.2465115103372915,0.614829284582285
2.5696456933307132,-1.2138966990927806,0.6246175925225003
2.646319386462376,-1.243770211044336,0.5931915364913121
2.8958248350135762,-1.2235309635865967,0.5759996404273159
2.715250819461464,-1.2592941772033246,0.6318449888987828
2.6317396281975194,-1.2187846526267503,0.6110454314586473
2.6324762344822004,-1.2241041984391055,0.620021242358996
2.5039186778874525,-1.2577478503625557,0.6152378254151325
2.592218761200995,-1.2446549878567668,0.601567997778664
2.1828738131887433,-1.2526704840612366,0.6879142302014989
2.7298599509791304,-1.2665139743006133,0.6118787026174816
2.6529599924132405,-1.2643158515961244,0.6371697061178837
2.4736373784357246,-1.238673141749426,0.6142030748245743
2.217595546888775,-1.2590164425154982,0.7183353884564089
2.6537100107195943,-1.2728773087370828,0.6314098004112993
2.698332168893415,-1.2282338501709025,0.6223805069066508
2.811384327321445,-1.2725948870555923,0.5875579604671112
2.781178302275745,-1.2317582591198337,0.6413002332299637
2.51312049452453,-1.2717330579192172,0.6524524912889956
3.5366126886303686,-1.2298546440927367,0.5399001742037507
2.712061379416034,-1.2296262584370212,0.6439963334383865
2.594894207070297,-1.240180565810272,0.6357147523811536
2.51312049452453,-1.2717330579192172,0.6524524912889956
3.8671146470165123,-1.240555769210704,0.533149847150088
3.1640001719212756,-1.2771122455726032,0.5928918518994556
2.3536587129293056,-1.2388092562961797,0.6373453784293345
2.5891821480599746,-1.211460955396632,0.6189920659485538
3.3582518000874497,-1.2410850038462244,0.5230093228093373
2.7557467917486953,-1.2487813799056655,0.5758954326491014
2.8314675239216225,-1.2586872292444076,0.5986047478150116
3.2125693193323577,-1.245882327840107,0.5339073398802591
3.135491821714028,-1.2370014673102843,0.5613993529928601
2.7557467917486953,-1.2487813799056655,0.5758954326491014
2.8396300371097336,-1.2219460844411711,0.5714309197649058
2.883131245646862,-1.2392042125397138,0.5661681965615645
2.8738233151735852,-1.2165071528212996,0.5541751821228936
2.9645558600071045,-1.2610042011221196,0.6138435626345871
2.9468725521413504,-1.2210880456910387,0.5815418634678234
3.388673658552771,-1.225161124625605,0.6013447332616159
2.555755784361742,-1.237732227334434,0.6504877104742783
2.8849732923423552,-1.2238360523133793,0.5774856650357884
3.021484950014326,-1.2342328930566717,0.5837740947732492
2.8518399501307834,-1.2227484744602537,0.554221287304125
2.8604906492179274,-1.2281311855564856,0.5872710117326564
2.86377522459049,-1.2326730576138905,0.608566568371273
2.5313823123068886,-1.2412655882291361,0.619979549813455
3.157713624346847,-1.2031509542407128,0.5940415469325774
2.536475953423099,-1.2566006924057467,0.6133770502833307
2.644213842191079,-1.2366238692926845,0.6059860717848318
2.795853928871123,-1.2385821694499701,0.589074356517421
2.5852318485332684,-1.2536079373016218,0.586369902085157
2.90398930489447,-1.2412594786378275,0.6228683607544019
2.554586931561403,-1.2570813583300828,0.6394677555863724
2.6605748030755305,-1.2387441298699569,0.6267949730506852
3.119844196193674,-1.2546610214568035,0.6264815423779593
2.7104106600177875,-1.252493152140756,0.6000792127539305
2.7714482812750094,-1.2529962454568586,0.6117979415387469
2.60880022063649,-1.255434422164264,0.6037660409517823
2.7905968355166766,-1.2554522611256616,0.5936277826639488
2.867592897552276,-1.2593845946405489,0.6182370191819356
2.4033990447106364,-1.234936479475228,0.6456498411258942
2.6796482419200567,-1.2531339889822715,0.605865020766086
2.614988415417295,-1.2298388124962936,0.6407112619887242
2.467252859124557,-1.2346556413335688,0.6137142190465334
2.833477303218926,-1.2430341110135346,0.5939064365695798
2.5400473925227147,-1.2460172090005892,0.5921998876716815
2.7896343595547015,-1.2242317255024173,0.6075002921123146
2.9158390537003704,-1.2852417975938732,0.5920542892816286
2.85894057858337,-1.2400801288485022,0.6046876337289393
2.7803110958363435,-1.2265911777866891,0.6066232617445331
2.133500567886248,-1.2550784247560558,0.6768748588019254
2.6057516032395958,-1.2140700762602756,0.6007787611190412
2.3990098862659615,-1.258539347153994,0.5836776452767252
2.489485812321167,-1.258010790037606,0.6330111335176484
2.486480964402527,-1.2535844042134023,0.6880676153595282
3.0911526545020727,-1.2368557479925093,0.5908249092581862
2.453359646349217,-1.2546329877827778,0.5997975619929762
2.72451338383582,-1.2545415007038165,0.5910908057642607
2.4007848369279556,-1.2227259055568298,0.6396325207935064
2.765220477458649,-1.2389874675098462,0.5902803629868588
2.581892976427123,-1.2622345554208567,0.6132386730081415
2.719913132085636,-1.260757269758201,0.6624663310696449
2.4684431543548517,-1.2351008150639504,0.6488218383612996
2.59911322089517,-1.2180628904415238,0.6289242950473082
2.467437584076555,-1.2438598102723908,0.641777483101667
2.513356850598263,-1.250181445847715,0.6391140244744579
2.6936970233300066,-1.2653867536749694,0.6052604128541407
2.412588054172248,-1.245640639328469,0.6567406129483733
2.7233961781391343,-1.2419979359961968,0.6046854260806777
2.7708683412432853,-1.250295229037483,0.5931404547980541
2.4061774613581264,-1.2426788236133075,0.6429137733217781
2.549344489421615,-1.2498068328886756,0.6416443298340255
2.5120531129832577,-1.2436017879205103,0.5937448200175854
2.682996121345661,-1.2486702694586465,0.6189994702261324
2.770080985367756,-1.2696044982797188,0.598905200589173
2.907386134636768,-1.203628824005018,0.5785924030495737
2.6060482612721354,-1.2494934357448928,0.6577306501679895
2.6321365774152086,-1.2608014290874252,0.6382205388496998
2.786854002685339,-1.2426314476933877,0.6165271224108072
2.9861780679379453,-1.2275014089162213,0.5862252223857292
2.613800711074225,-1.2265919338297377,0.6242814365056402
2.3697766177620747,-1.2439779729744933,0.630179116221715
2.256626090142973,-1.2543064509725428,0.6613710963855217
3.034904387637032,-1.2465443967308159,0.5747761261335288
2.865065301890072,-1.2275836759010093,0.6297128287642679
2.3597933226183034,-1.2445454856083862,0.6283929446390286
2.817532989471477,-1.235602009360735,0.5880278019951465
2.926380813009193,-1.236879918168161,0.5907663397533822
2.5245906408903656,-1.2018505658114296,0.6231688393890196
2.837789249119475,-1.2777186057322312,0.6198264042767254
2.4597478460240776,-1.2419842783908435,0.6491585536740765
2.7130301832781982,-1.210756169847738,0.6141189524307115
2.5222829451581115,-1.2340487752694316,0.6153459158728286
2.9197165747350606,-1.2058055373800896,0.575050404886131
2.259649514594565,-1.2559564513061992,0.6556830001253966
2.9402187567017077,-1.255343192806429,0.5942784541518406
2.4529670160788446,-1.2301742992037101,0.6266819147928578
2.491164527223839,-1.2827515162160072,0.6094486808055403
2.3906487467400495,-1.2554107994279096,0.6269102166152555
2.746490220117574,-1.235084411058306,0.6108268779719002
2.1221254898265753,-1.2377044740608119,0.6173436744113501
2.4535059278524596,-1.2367817210651517,0.610332847410879
2.725123188275671,-1.2591239392866234,0.6047824041095726
2.5806688102084294,-1.2315476423328218,0.6150434772585244
2.809357146604621,-1.2234923651693363,0.5828912138404492
2.5163910461532226,-1.2622984485249003,0.6504585651409075
2.7935465316878347,-1.2243277342109038,0.6010216616569792
2.623509746442883,-1.247293162193932,0.6218511283155064
2.2433490191933814,-1.2456973823278392,0.6772662808136684
2.529481892378014,-1.2454284619348446,0.6127737742451788
2.616072313643858,-1.219290633615742,0.6100170464785454
2.7987334282023464,-1.2453410638564733,0.6260020659587499
2.157502587169988,-1.253160466278984,0.6594580377943858
2.570935094880971,-1.2475485286692318,0.609296068688232
2.7663791012091905,-1.277112432635051,0.5946086410226462
2.701827976607262,-1.2685390318493264,0.5760839715713829
2.6711848382857526,-1.2346311603714621,0.6279818077977537
2.681647993260938,-1.2317360888916142,0.6172487429620278
2.584613464557485,-1.288628566821975,0.5921994917590191
2.7607550171427775,-1.284141917587372,0.6044827329855492
2.738055553095809,-1.2273715255362636,0.6150567171171692
2.4826978413609013,-1.2533783190301901,0.6365467898297651
2.7771402791702946,-1.288817209000102,0.5983257454288922
2.640327071575413,-1.25151188506724,0.6320277333251499
2.7429957018443467,-1.2546576812550387,0.5621802195047524
2.4747044763632458,-1.251095186048119,0.6136194776348649
2.7730070369575013,-1.2556167328364771,0.6031002704724645
2.9474056905114296,-1.2406556820888572,0.6168515097969595
2.8374751668449782,-1.271775286970631,0.6383844735745788
2.554992605926326,-1.2591376819369036,0.5987009339696634
3.09048072779441,-1.2463714631424463,0.5842219411991794
2.8678774991501763,-1.2396602036897943,0.5936340186369076
2.4485536777918444,-1.2584779520006968,0.5836320149101536
2.9112023965151486,-1.2373302141427522,0.6109443031246021
3.12259831608675,-1.2374169685067915,0.5776603533225647
2.359746259531886,-1.2822902827398004,0.6449780377284726
3.137176805642808,-1.2660295204653291,0.608348826111638
2.2807203668193954,-1.25356345317906,0.6367798343008044
2.9632135883827133,-1.239020282675286,0.5917895477788823
2.2663917478461406,-1.1951976224083753,0.652900715333201
3.130295542056931,-1.25674809015632,0.5369832571301114
2.3563055011696643,-1.2383631724621307,0.624440347140731
2.5614155665035208,-1.2532854954183918,0.6137619560405676
2.1958053638558597,-1.2488252679943452,0.682954034522589
3.187432216349163,-1.2565602859081013,0.5391919279049778
2.5612670416658623,-1.2353794269198601,0.643903831434049
2.2822570971822125,-1.2401955038133063,0.673196485764696
2.8911054334677972,-1.252262556121982,0.6266370028887958
3.1347568693127466,-1.2534215337517265,0.5484926329523432
2.48031846932714,-1.2581687256787442,0.6513697962165393
2.2725858314881577,-1.2427319798465977,0.6583989307150212
2.6483106930985816,-1.2699342589781666,0.5909239527348592
2.3460746769565604,-1.2374250868182821,0.6689736826814339
2.936432177519985,-1.2286137174475662,0.602090992017297
2.215631778649199,-1.2254290842878708,0.6965998501799244
2.748771181858243,-1.2656540885644105,0.6346532739407177
2.0918586279162077,-1.268037152151357,0.6664097477424523
2.6277116578947344,-1.2510783282401383,0.6321095580059763
2.356667954835629,-1.3049387107948434,0.6121803478367078
2.6027325222276794,-1.269365803640414,0.6425888504200497
3.0888805583269288,-1.239133583024393,0.565989011112674
2.700958522712737,-1.2453466631880725,0.588137146170716
2.7052105869083096,-1.3150546849999953,0.6626180711794067
2.664445631013191,-1.289226315016331,0.6159493989507966
2.618937948096304,-1.2490983402888953,0.6533685541218717
2.622282586259444,-1.2634993260228768,0.6259004705438137
2.259636488196115,-1.2460908784708304,0.6365356307835337
2.599513817656227,-1.2710876325807585,0.626294011866735
2.65434474995572,-1.2307127594707397,0.6251939017548944
2.691293540523946,-1.271549065354782,0.6192701224074195
2.739834673447,-1.2579685259412798,0.5722380407025044
2.4025768789120976,-1.2412745616661203,0.6407756826648668
2.301790616557285,-1.2535201382839485,0.6419160895089344
2.172140627152558,-1.2724819325224552,0.6644806311856574
2.4038495648879796,-1.2562015728788685,0.6432638737554996
2.850339933943769,-1.253615257019469,0.5904821972859521
2.497647421636377,-1.2519362260868718,0.6496562191298245
2.6372283124753073,-1.2644833610175545,0.591649748565825
2.4314560278542405,-1.2717231540467813,0.6356326600776833
2.693407186993062,-1.2490594996977267,0.6201275800831298
2.691602224844903,-1.232046324839309,0.6141181925994292
2.816887534660698,-1.2238834441332682,0.5878760588362331
2.6582620733084905,-1.2801642892507163,0.6464998755383168
2.3508457459063057,-1.2376727087595985,0.612577781165359
2.3786548887884007,-1.284440055110127,0.6350989856519315
2.4470066292926416,-1.2826569079874355,0.647934241064881
2.5706574521499923,-1.2440663078873413,0.6275261917058775
2.720958969418945,-1.2321582183069693,0.6212704279358808
2.7037763608234773,-1.2633670684714664,0.6098115654956028
2.506758176322096,-1.2733837480287313,0.639734495495671
2.410072327032556,-1.246192494720173,0.6304062309449435
2.697249234143694,-1.2417056782222922,0.5845910871482329
2.3371709409871575,-1.2452107930592726,0.6543117963371172
2.5979690150930637,-1.2578460785067485,0.6305677700012031
2.754328051385917,-1.2363872642222302,0.6082693556838703
2.5947787128350077,-1.2290931304292085,0.642297765525963
2.380673384677084,-1.245018446095221,0.6596034631784786
2.555166568555125,-1.2037367555235308,0.6206215631966252
2.6100373065683233,-1.2414992307181976,0.6331272178206642
2.7536762910057675,-1.2789830123461785,0.5912770154690251
2.5927359864945876,-1.263552191296273,0.6129360998170759
3.095868448944462,-1.2353072150658035,0.5879891711324272
2.616797366040379,-1.2233976812112943,0.6011713203273921
2.746675462335169,-1.2594612627911939,0.6175542718915146
2.7687943689722596,-1.275142529055725,0.6232999081660471
2.4865496762369204,-1.2389538200250547,0.6190035096356751
2.846235574920547,-1.245639322147268,0.6150849140579125
2.928680956699056,-1.2558441076562215,0.5936997392007888
2.8101078019600494,-1.2525385687575052,0.6428193700374845
2.5005913676286906,-1.189561920615287,0.620173831670916
2.2593410101165445,-1.21642180258043,0.6564895481311659
2.4309370444762286,-1.2548865526835102,0.6455010634928255
2.7949345106819856,-1.261485673966748,0.5993820271863148
2.512733139604568,-1.1927213717911331,0.6222909674527929
2.701960446194773,-1.2888062371488989,0.6218497515424818
2.401479956515567,-1.252745221190855,0.6440417768917478
2.854965973093506,-1.2167605042435827,0.5849194199030728
2.514905827547501,-1.1876209998433214,0.6281036441470549
2.2245268391113227,-1.2932690282726398,0.6467930633254271
2.5563031752762337,-1.235407086583079,0.6647439544318295
2.6074552504223294,-1.2213670311603597,0.6058419051895165
2.1864418978473013,-1.25669601279431,0.6793853512352555
2.415944433914932,-1.2513049401116556,0.6771320769623193
2.9819352330786897,-1.2574351747503134,0.589301549696519
2.5366437334725633,-1.2593519830747757,0.6348982486546201
2.2734567009019315,-1.2375303175605552,0.6616426409062052
2.378060290803646,-1.2355305571035,0.6114656888196808
2.7691863379384465,-1.2025844576210496,0.6105504824399867
2.283574779687937,-1.216630130899438,0.6530263660156294
2.896789622580708,-1.2596584580935735,0.6223817306201204
3.018709620017856,-1.2565071935416254,0.6091644828366024
2.846931219855961,-1.2725876090781951,0.6304755360151122
2.7349155199162833,-1.2316243049945999,0.6237013276154073
2.4407212197821226,-1.254257921570059,0.6099042811576836
2.3480616547248934,-1.2490084272084325,0.6442020283288933
2.23830085352738,-1.2526585630962286,0.6292221891970794
2.255695752521423,-1.2399987941537438,0.6418306608093095
2.660621522566842,-1.254857623604846,0.6489895145705827
2.3480616547248934,-1.2490084272084325,0.6442020283288933
2.440762006858208,-1.2457041547982828,0.6419641307716563
2.7105713656639128,-1.2260768317613548,0.6334745085742088
2.790112005775971,-1.2566218009895678,0.6590760137437488
3.0877477798927955,-1.2321324585231932,0.6026685760446419
2.7655814777413013,-1.2289449548766278,0.5997100237982937
2.908505060055724,-1.2473088980511522,0.5877278164551271
2.0853355087928787,-1.2676257694062676,0.6145358571436648
3.0317783464097063,-1.2485427147724468,0.5675889029003802
2.821052791466826,-1.283617315929863,0.5837246733430191
2.7755221461112143,-1.227029858233295,0.6075869306528697
2.6033391684734615,-1.2461465211521487,0.6376516993287862
2.6025290370594703,-1.2602474744425929,0.5842725319598792
2.939172822463732,-1.2366683357812078,0.6132425338275372
2.612849853752626,-1.2507635313001944,0.6175802517262594
2.585141636425302,-1.2478555927486057,0.6617796211051744
2.618745146770954,-1.2547713486936694,0.6362754870071355
2.516814424410895,-1.2391534047370247,0.6059260454149707
2.795950653728025,-1.228660211103945,0.6016257555859866
2.7259555444256494,-1.2423749168889384,0.566567653101466
2.8141287170029248,-1.276764087677475,0.6375002040988915
2.7733440929590594,-1.2447077618516031,0.6355207637902284
2.779058304541127,-1.235703621382519,0.619395926839712
2.758090199789862,-1.2289122580521061,0.6465680687138688
2.5557297472621503,-1.2784932216227198,0.6291677038350996
2.464087642932527,-1.216613006366268,0.6151783333682069
2.079817665107038,-1.2209261081848797,0.6663547795364144
2.5562861053712824,-1.2569701680076104,0.6407786735380429
2.5573153563018294,-1.2363224598847162,0.6172487610077286
2.848783052658187,-1.226126159102537,0.6136369859471452
2.5555156930672154,-1.2324550268170595,0.6524620474363837
2.475306197460235,-1.2622573360220957,0.6718622844345484
2.6965898313611762,-1.2707778689393536,0.5970546661431348
2.6290157731340926,-1.2319393801805911,0.6045686977877158
2.803305605768567,-1.252946751654075,0.6384582372786741
2.1705484757256865,-1.2478622516952496,0.654486875063329
2.655232537496613,-1.2120911165714445,0.6033358334570428
2.582406013115494,-1.239470681060036,0.5888018015621986
2.6173166247763415,-1.240000939959753,0.6042873296337137
2.378009570006359,-1.266576879611751,0.6599896971981082
2.9045414246732957,-1.217171504514961,0.6099468295400444
2.893843463889636,-1.2427089698474183,0.6145088723602001
2.470561134869149,-1.2462018904330088,0.6428966526196918
2.891169024683437,-1.2261895721041387,0.6075230902366147
2.7937544127173366,-1.2695618059149376,0.559929015430742
2.874813184059819,-1.2125249488403356,0.5841254082220428
2.7391081335352876,-1.2281989843279912,0.6400753627971404
2.7915102842639263,-1.2569212954476394,0.5871275153355874
2.3053541999559415,-1.217607368412072,0.6148086712643926
2.454173978025773,-1.278934085182849,0.6495743414866446
2.7199895432180026,-1.2416204839252316,0.5694734904079474
2.833483371887055,-1.224022073350304,0.617741094352327
2.389069448237159,-1.2080255937467976,0.6459426195299995
2.609468859951544,-1.2147424967314326,0.597461893490818
2.8333579095811596,-1.2577662451426446,0.5802014813326926
2.7904965881816493,-1.2352787522509,0.5826873444858334
2.7328635774309036,-1.2689202426701296,0.6065232830423712
2.615017113738004,-1.2247144094508693,0.5934288134150884
2.753146581644209,-1.2619628253629316,0.5923653307690182
2.2706114000292845,-1.2656256517864362,0.6486678507149243
2.656736015385176,-1.2368025682590316,0.6341716187998802
2.4894902828975485,-1.2238310453392593,0.6028094862808896
3.500000251705836,-1.2355518325934827,0.5536673796631724
2.8972667783098816,-1.2303363439036101,0.5772003822024517
2.848583946673975,-1.2358909220881211,0.6293898445129337
2.6608921427390677,-1.236881606070342,0.6016664966640417
2.157437496370037,-1.254979856185621,0.6834531504292485
2.540768175584548,-1.2835288969033944,0.6403072791928162
2.4660545156619396,-1.228944302859055,0.6543336083498488
2.9216305673283514,-1.2311916857122043,0.5936722759117612
2.25253776113546,-1.2530647273061297,0.6980132851860213
2.6280353511113996,-1.2667701241355371,0.6040433286841648
2.2304043668948585,-1.2755403700182444,0.6458188177558353
2.297233417731262,-1.2392892925583614,0.6588704181486544
3.0636487757124167,-1.2441887266714653,0.6122037116208425
2.6849647940795456,-1.2806847547575113,0.6096164818452533
2.3286171812609386,-1.2865527158525267,0.6531738344310771
2.3185938974321267,-1.236474997220778,0.6731692886449135
2.2198619988858668,-1.2526599915330794,0.6322233493049298
2.618684540314571,-1.2654020476524745,0.5766418728442129
2.660871764253511,-1.2247173502209978,0.6404871569581497
3.363859545134151,-1.268252469373786,0.5744686118208308
2.7335201024265734,-1.2370684859877386,0.6425783864230633
2.4626355834197486,-1.2165201059110013,0.6289863747372764
2.3442829406920276,-1.2149699861264056,0.6406067006872658
2.6080337515506473,-1.2865896903204574,0.5816893326117819
2.6805209258763045,-1.255894307169789,0.5882961285024207
2.547189030514739,-1.2322543698403894,0.6216943255605081
2.611526639768008,-1.2287419358227205,0.6464503534526032
2.4327821171425503,-1.2079314963200654,0.6078421073966656
2.5730042417908456,-1.2378359781133796,0.6086178899116403
2.4185662354761686,-1.239551561433342,0.6235957497481946
2.4768880150776287,-1.2669333820747255,0.6516497726566234
2.899154791111132,-1.2396651592013488,0.6310903017407531
2.391097643858503,-1.2498009141072517,0.6628488786763858
2.3796901387713483,-1.255968583523667,0.5937512707046887
2.5205374486511083,-1.2510153943222078,0.6255372386741119
2.613014054488709,-1.2408835198206851,0.6186804944736444
2.6990740913848645,-1.2333554633673265,0.6263356287552713
2.6068830983186415,-1.247441680569303,0.613159682171104
2.7944097568994035,-1.2506402301202488,0.5828992091120345
2.5489604327270556,-1.2467309316449404,0.6102318729667807
2.2342461269480887,-1.2231019101081408,0.6509557359529464
2.2354112773315458,-1.2658001046240872,0.6325886351402522
2.763584934723325,-1.2826403030523568,0.6104863583781311
2.6358192981220627,-1.2526477359031332,0.6634328968250074
2.214153125828191,-1.2248752521108914,0.6873841730566119
2.549244855016791,-1.260062362691494,0.6600194365972936
2.532715954493927,-1.23943391781845,0.6269543356024453
2.5882587583266776,-1.254396467341396,0.6591403366238856
2.580639815186397,-1.2343477579312265,0.6051014363951897
2.554165856165224,-1.25210960573587,0.5922042219418295
2.3771371764424885,-1.2531635412697428,0.6297373306909766
3.0935906617062976,-1.2492540518855253,0.5390604092557969
2.4057364388096962,-1.253179192814968,0.6700626548923988
2.8509874804736173,-1.2504890291575474,0.5994505270867138
2.521212146483449,-1.2211888268925468,0.6543959206052402
3.1480348194470276,-1.2504941362510191,0.5616845904994849
2.465387083768853,-1.223908551252355,0.6146800157092972
2.7136893489205822,-1.2556122940483208,0.6124496561875113
2.4480686568902392,-1.2449229370715327,0.6384350012527775
2.8750639895113057,-1.2394513503381266,0.5517490210208936
3.0321987393617413,-1.205838608042133,0.594012114384529
2.9763836147192753,-1.2784080780769596,0.5704153324816111
2.7551699645106993,-1.2377331134253409,0.6030286454538099
2.1949359669007564,-1.2453992494182455,0.6564387490346734
2.9187713309786547,-1.2025644364239498,0.566397292059409
2.7083611772922827,-1.2252152239650198,0.6215298317898296
2.5147605933766686,-1.2369143092677397,0.5921249788096445
2.2801917465002326,-1.246155420596903,0.6259093841448153
3.0433956783959553,-1.178759723161635,0.5543603821636245
2.381197141334404,-1.2053064591556402,0.6334021294424514
2.8543363582655394,-1.253449779123398,0.6025108698068901
2.569896824286031,-1.2431440360909418,0.6048636323311186
3.090668940527907,-1.2427621823566017,0.5957240027449545
2.5551990567657663,-1.2186128419140898,0.6179494121380531
2.82078585240733,-1.245180818017813,0.5478857341992356
2.7513885765328134,-1.2380866383136662,0.585278822070739
2.4355501821493855,-1.2539347239456806,0.6458205090504812
2.5340706302994116,-1.2336989750329426,0.6328874459928102
2.6418288963854555,-1.2413554807849911,0.595247308564382
2.478804354418047,-1.2387272860656602,0.6486866148764415
2.840927860188828,-1.2333527594669529,0.6035801458754825
3.192410537480713,-1.2284834833966374,0.5605014254022209
2.8734475665406025,-1.2483676259052643,0.6164170464260429
2.4304706402902583,-1.2549107277278149,0.6667063363047313
2.696299806594842,-1.2319087051174864,0.6060968238304659
2.377857482307439,-1.2517403763772819,0.6394196075481513
2.8263073075107457,-1.2450671923624297,0.607140660627126
2.2277090162930175,-1.2601825521644943,0.6703027373507997
2.4837544881178206,-1.2369087732460435,0.6718581778210324
2.7561321854336573,-1.245615637870102,0.5870628420168599
2.460976697941204,-1.2624075204335394,0.6407486929819131
2.3154118684637526,-1.274068080410401,0.6748194292238225
2.6041023589289694,-1.2315846379263646,0.5812495202593132
2.9768047843482655,-1.2467779049749286,0.6227698529358279
2.4212087413881824,-1.2458296583689024,0.6484059663655819
2.6749283776238135,-1.21693555496781,0.59044621586121
2.7568619567727324,-1.2230106902140423,0.6011951063657859
2.469871919983968,-1.236016872001135,0.5941056659317451
2.535101083836338,-1.2529961507884944,0.6365115349877867
3.097401931304522,-1.2834148012295437,0.5845818978255288
2.4478869911745296,-1.2345420366027506,0.6059281783991295
2.4623838882567095,-1.2104842038500274,0.6740362581465238
2.27590360715382,-1.2678466180196861,0.6407885280332024
2.946678362609944,-1.2725597679456562,0.573932754948921
2.663329874344294,-1.2441614105816512,0.6371086234580278
2.364704139103624,-1.255000544084945,0.6186219982057858
2.389782702934364,-1.2744795514985385,0.6277217565157005
3.110056218693132,-1.2829006658214708,0.5775003150151579
2.884125900605087,-1.2308422547990412,0.6286563602611827
2.4598529719083744,-1.234872500328569,0.6115349860836804
2.805662475193248,-1.2046738028540824,0.5996313468795189
2.985337804204724,-1.225333577437404,0.5754891199563539
2.323093048848742,-1.2730819577373729,0.6188719071944351
2.685616758213115,-1.2525919121412932,0.6315593689137998
2.5592466324164294,-1.2668534160867153,0.6202607310422054
2.645178917334027,-1.2697072281151984,0.6257074033160083
2.340119200487339,-1.2691992919737158,0.687912430682552
2.670169321069871,-1.25563217835422,0.6192616428566069
2.3086952623186296,-1.2803043842965849,0.6247840196037252
2.1571322800929846,-1.228092933710176,0.651192239746751
2.223496890741883,-1.2684336769370086,0.647715234424479
2.913227399677202,-1.2531628137968231,0.59148993529121
2.9007422313250846,-1.2697368304775873,0.6237786118485182
2.6857278060469385,-1.2228336661059438,0.6162180313424269
2.448348316816467,-1.281207469024546,0.6429441269292022
2.7073387194538028,-1.2675614793407257,0.6075355771354088
2.7782716891522936,-1.248690397731513,0.6387341865700427
2.700671566679377,-1.2257371647434516,0.605336273884754
2.5967377690618636,-1.2375412099167438,0.6190345917891656
2.7310399315381932,-1.2600344733166842,0.6097877087629414
2.510192542913816,-1.2567114575065848,0.627705856026746
2.800514689317803,-1.2610255197014324,0.5919776157283222
2.6937382075469634,-1.245538043772694,0.6052947539039852
2.466702506690639,-1.266811787080259,0.6573891527861552
2.790683803554317,-1.2313480228935845,0.5893623921587238
2.641769518981386,-1.2118401438234003,0.6145431007042776
2.6956603418518523,-1.2115389917123311,0.6193321487733935
2.2512380125827685,-1.2533561264462652,0.6475759122400383
2.4710642130421214,-1.262253408650149,0.6243956730973729
2.8519175399720145,-1.2654810633032039,0.6044704323473763
2.712452406542101,-1.263662139551626,0.6038000518965313
2.9509154496564522,-1.2666714037517757,0.5956933389994308
2.6677350746353032,-1.2459345413930105,0.6252569084984217
2.462356932801183,-1.265850855062374,0.6059221213460899
2.8249716656693247,-1.2347194071940073,0.5943975637395518
2.773340091087462,-1.2333849281426217,0.5841292607685402
2.6677350746353032,-1.2459345413930105,0.6252569084984217
2.377235151469436,-1.2496493399467694,0.670081253342286
2.770074986279593,-1.2557499204624443,0.6001907221935522
3.136747800427609,-1.2257046677563295,0.5921996927338771
2.1694414265804123,-1.2813316884180765,0.660835835019453
1.982911462793151,-1.2663559326866909,0.6803977073369134
2.518879076046075,-1.2296217355513959,0.6173612444255236
2.5103227957642846,-1.2462221836978136,0.673567688160059
1.9954260679656366,-1.2729818472952843,0.6585109202648933
2.648932014077538,-1.2428333824477529,0.645583621534782
2.442990129098012,-1.2373047514734734,0.6104612638889994
2.346387117220385,-1.259936274023304,0.6451579944106424
2.1431255827555797,-1.2410833457434782,0.7316814642171589
2.3920339219677067,-1.2451304233989975,0.6299441303694836
2.837332475562547,-1.2411496076404593,0.5953761691135824
2.456019549047054,-1.2549275226286964,0.6776044366533682
1.852510523555008,-1.2191861851688874,0.6825381457778141
2.4293622755359894,-1.2474657740080985,0.6382723473012814
2.3489373193748246,-1.235169152651771,0.6420966789823453
2.9709476267699713,-1.250845020427685,0.6003819572162095
2.38377314401057,-1.2435196786262745,0.6572785565281056
3.1036049361198375,-1.2312277396586704,0.5842552957081055
2.2879002296189435,-1.2607413444031277,0.6545881797432854
2.8355933590142586,-1.2404175427406625,0.5977019834419
2.8466780228878035,-1.2394348267190634,0.6082201568226286
2.400538478419751,-1.2537891032255206,0.67344007012931
2.9617696203638495,-1.2360354799217756,0.5860332411816408
2.731744360006208,-1.2765501833822406,0.5961747373157337
2.9694749966332794,-1.244350328418969,0.5896999268182413
2.4442386918257784,-1.2636509179117779,0.6317408396377514
2.219232492642467,-1.2509282181758703,0.6716106874646409
2.3180816324424476,-1.2283142767542037,0.6963554243883421
2.604836998523965,-1.2572246059295908,0.5954409460224913
2.613183265089282,-1.231625032883113,0.6148839939584051
2.129570484871164,-1.2601333008876776,0.6755301024014567
2.541786277603627,-1.2435153637482699,0.5916287259318754
2.9664057291294053,-1.2561833601264296,0.5810626738680496
2.7085041590661985,-1.2339564522832693,0.6318255482480861
2.5942069191189936,-1.2161798848756629,0.6298833639834548
2.889531880849554,-1.23093648938164,0.6022437078747621
2.382340710665063,-1.25921670047535,0.6611171445400332
2.2712263293458337,-1.2402929846939839,0.6416667404265094
2.300899552553661,-1.1895296381017773,0.6104933385821063
2.4973069594010764,-1.2494871282432636,0.6313913686757745
2.4695543899051247,-1.2389364192277479,0.6384022723976746
2.9567160875672434,-1.2390035661396508,0.5726331312416685
2.5183790714669043,-1.213443482191538,0.6479511902968597
2.6636489112575674,-1.227360944784849,0.6220444382550724
2.407906620262565,-1.2295940996930774,0.6395873224772919
2.441408169332231,-1.2156527471260434,0.6233758126363851
2.3435863274113267,-1.3001979110122088,0.6579585852984325
2.7606646988197796,-1.221365807105115,0.5888183054230305
2.451990029980997,-1.2507863628806892,0.6265965198530286
2.5260214958362024,-1.2760471392288928,0.6463262417891038
2.582803391559682,-1.2291333404869929,0.589692045760655
2.664532332457432,-1.2629139542260734,0.6277130219944548
2.6604099959005465,-1.2581698213826484,0.6230995458472735
2.444194523874842,-1.2557258599175627,0.5720597880790371
2.794651306467817,-1.2464920359294622,0.621106930199685
2.6731251867653136,-1.2606363449073514,0.6240959643938948
2.645590100230338,-1.2600366928561912,0.6523075347830456
2.8694897691235806,-1.2344699099498486,0.5987412925867451
2.5610018624094826,-1.2487140223400564,0.6175152025979396
2.481583219677432,-1.2552486435423984,0.6595777079519203
2.3781644705404164,-1.253678265870677,0.6196864349820055
2.595377656055574,-1.2421121090288443,0.6145679507481322
2.9226673552062805,-1.207392644444412,0.5984366335747827
2.536881553906423,-1.253157091599158,0.6684652665046318
2.800461525747824,-1.2577482959217312,0.6012382669558527
2.9194896202501397,-1.2472963144604006,0.5830611085037637
2.650466838491051,-1.1970846247177536,0.5997825704325694
2.5444636897319306,-1.2443154823453524,0.6267982932428797
2.58153837511345,-1.2594465230209817,0.6571928289246003
3.052302847346634,-1.2668757932618728,0.5739568767535046
2.933768922550141,-1.2476514971014971,0.5846647686314174
2.9151109938212736,-1.243506660530954,0.5899730909191424
2.806292454007899,-1.2494026130614806,0.5704278930532743
2.5690560124670796,-1.2360248706625547,0.6398524623742191
2.65283384234577,-1.218534360522683,0.551866401068681
2.559671346726853,-1.2455744355496816,0.6258395696933303
2.3764877977051015,-1.236258801844269,0.6106226081144411
2.5654062762740306,-1.2359865436667397,0.6243741573463415
2.2546691350098382,-1.2574539671857141,0.6921174391166691
2.6471509952234524,-1.2512732896363419,0.6205273619889038
2.7596290778506525,-1.2284812880582983,0.6241761792845636
2.4076398658472673,-1.241038143537233,0.64695284926284
2.2767296494602394,-1.2632838489842964,0.6511353416542573
2.8946402167963052,-1.24097911662151,0.599986426560965
2.566499586627261,-1.2613827600603937,0.6318639793644116
2.827982432788873,-1.2545027913464981,0.6011699376836882
2.7331658625965387,-1.2231964935253892,0.5990222327298185
2.996821152557592,-1.2413381674416593,0.6215859353822166
2.367095833203883,-1.2580291856789858,0.6406342918263971
2.9480253794886,-1.2154940833362562,0.625555696916578
2.480444008012067,-1.2135168816398663,0.6609618380615564
2.77667456729335,-1.2438378628405105,0.5801180719492466
2.8601082860855476,-1.2310820431195868,0.5823223108501476
2.153320164257598,-1.2464769721041744,0.6427444042333426
2.3578604642942667,-1.245147521722941,0.6440569662860136
2.7159850713830775,-1.2306545160854934,0.5866884884505402
2.468897742944059,-1.2071183242667962,0.5924382852373914
2.9974901046166127,-1.2394478789388137,0.6159916210978441
3.028352705799018,-1.2357282144632853,0.5767141854765744
2.7159850713830775,-1.2306545160854934,0.5866884884505402
2.8324586645506127,-1.225622640729641,0.6177535035676123
2.741954880847962,-1.2363007296377333,0.6105588310779232
2.965831025933693,-1.2102922665733915,0.5825442874545166
2.678553454459551,-1.2249378780823974,0.605861035179855
2.6924711283121456,-1.2240375767222107,0.6208846996336844
2.8055504439710153,-1.2298842414779967,0.6059946119113604
2.514245411571886,-1.2288591602311643,0.6303828557560021
2.827764060187981,-1.2258735642464154,0.6148523594938766
2.7826846184740845,-1.2634727305038187,0.6145364555392181
2.6723020934416493,-1.2505094579440363,0.6312027494159812
2.8913762689251685,-1.260552658357631,0.5938831923317724
2.6191336012121904,-1.2455611447806136,0.6469190247149974
2.6933446289519063,-1.2667894965944557,0.6302499135501222
3.201401660550913,-1.2344939181188235,0.5860795504276328
2.689115057939017,-1.2438454937282457,0.602624982009807
2.4733063116137664,-1.2367148518721294,0.6092094510760828
2.7393110977170316,-1.2715079363574207,0.6119219176470356
2.878769549366802,-1.2338274690190034,0.5744179447508068
2.615511908190024,-1.2724895705306418,0.625629330930135
2.365440236378678,-1.2459891337263038,0.6404736260521935
3.0621662859577645,-1.2429263552289216,0.5655474576365468
2.8602328175216907,-1.2605267209741726,0.6114222461687062
2.6930882570480796,-1.2544144141751832,0.6316368584798041
2.6513255303754075,-1.2597147452231279,0.6541459865660177
2.6244010107895455,-1.2431461813059783,0.6237467306331376
2.865616306594736,-1.2641788863715613,0.6185906070978432
2.423807976398988,-1.2637593540965448,0.6168709415242895
2.6874606329684636,-1.2184048787234767,0.590270694766437
2.993374175547343,-1.226991402096934,0.5941994019675955
2.6523069415813394,-1.247270609683191,0.6040088579033658
2.7483592725309425,-1.2724281673848736,0.577014753267022
2.546209980563818,-1.2391735926574245,0.6490670422103332
2.5281943227365815,-1.2567783343776942,0.6015906900709634
2.1415767489845647,-1.2499174864758027,0.5935363417189249
2.9548489111596563,-1.2671271631410688,0.5744720029548475
2.586075433277154,-1.2134469081878327,0.6190100972921366
2.3241269064616352,-1.2263117359992965,0.5948893787550094
2.7183837889901965,-1.2384937049279547,0.6277865374592521
3.0011116540122984,-1.2158056777378565,0.6080203726135854
2.212210062911016,-1.2835388978191213,0.6751633911049955
2.2946958466169862,-1.2484912393926428,0.5899925312987145
2.490412475964697,-1.2574341906322406,0.641551650697371
2.715278983531971,-1.269633699824416,0.6334246630387768
2.778708313929793,-1.1991971481691046,0.5953536706529019
2.3794163275069447,-1.2472214642583455,0.6649320483891172
2.7191997308303617,-1.241472959322033,0.6153511651139053
2.497762699096939,-1.2569240320819857,0.6470930733072908
2.7406503674986724,-1.2408168175157266,0.6142478722100099
2.4494168559425593,-1.2591067265502238,0.6320199363845458
2.512041055613268,-1.2391441372065126,0.587775588147312
2.4467117319743643,-1.258057742810494,0.6313030839233617
2.741034800529168,-1.2349961321203564,0.5820219403510114
2.717877695439539,-1.2597758855745644,0.646006144286664
2.695141988152967,-1.2391059682136134,0.66099404129792
2.6081303434959455,-1.2329677755111432,0.6159283966896638
2.4035569419780694,-1.2568140977573294,0.6282843174625108
2.6109910604830113,-1.2433612522230637,0.5710464300692467
2.528746951463981,-1.2291239827172031,0.6066982657867476
2.6997921098546045,-1.244373247637434,0.5933634656448741
2.60861547403588,-1.1787942058192502,0.6222099930362435
3.1007195165981982,-1.2447858100337839,0.6159085973968211
2.442457515004005,-1.2456266423286648,0.6608763904219782
2.626388981375272,-1.2363487657974772,0.6383998495591829
3.3257296756039025,-1.2682106335429186,0.5497800525351354
2.8766738444803766,-1.2237774900039942,0.6128912893976912
2.5452601388241463,-1.2142566667912793,0.6279957290787552
2.999301408746076,-1.2477157652532334,0.585349001021205
2.9934378136695097,-1.2313078156495705,0.5931566979985684
2.9472398756506903,-1.220909856073242,0.6196805407533357
2.553062414615851,-1.229786600008826,0.6153366458026717
2.44577510612929,-1.2354273425178117,0.6450449973505697
2.285738929490424,-1.2209306911308098,0.6527347050015183
2.3901826623509717,-1.2412445886018804,0.6254082417121916
2.6958523740992892,-1.2456310530975871,0.6352242514901479
2.5468578465330767,-1.2778879760773796,0.6452279756762416
2.4318548909292472,-1.2883909748336548,0.5983257975690447
2.714215855307649,-1.2349811616337447,0.5974019927893912
2.551052460525869,-1.2611012703793898,0.6236448499999142
2.7864064962781487,-1.211129566848416,0.6246116069662552
2.3288202123957955,-1.2858262892036372,0.6042545620445247
2.288043365296639,-1.2574769551058265,0.6485325473234829
2.695657744370657,-1.2378775742937485,0.5910512426741206
2.5008616265473127,-1.2213621272453814,0.6206881854366716
2.3106634471645515,-1.2712155175611446,0.6079682364386458
2.4087921086337993,-1.251284609605411,0.6601802537234966
2.7628470082507475,-1.2354682105345112,0.5962405020440704
2.146329595017049,-1.24230275574339,0.6836279272361714
2.9326111966104205,-1.253099273217308,0.6505042092401336
2.310725378395867,-1.2564392915872615,0.6718439324880402
2.424666027779643,-1.2372243634076754,0.6049657418130061
2.1937022249975935,-1.2441017124737506,0.6886458301304663
2.5955907239395035,-1.251995947423154,0.6392511742572756
3.2258420156184773,-1.2311653516065526,0.5683288669512505
2.6795957927512504,-1.2107548677746405,0.6025014093710123
2.794100364415853,-1.2378646665330029,0.5847164683260466
2.6662003907229086,-1.2478222328881985,0.651550001385945
2.9279768403629745,-1.2254275067418345,0.5905157873109492
2.649381589793367,-1.23371176546469,0.6281551052692761
2.2985005390777205,-1.2522757547785273,0.6480090873221944
2.6974791465257626,-1.229733405358971,0.5711242892122996
2.9464294281174177,-1.2244537263791035,0.5659486798276595
2.7197100709403634,-1.2386521725027761,0.6008322367316036
2.9193594033047225,-1.2508551323675894,0.5865473922388807
3.143461937948108,-1.2070107963076722,0.5996618221156634
2.270072916956957,-1.2564665797592978,0.6594575341209292
2.269401107481843,-1.2618564192517896,0.6554914570130249
3.2142633287844617,-1.2461787567084364,0.5872877307560892
2.2779197194548275,-1.2844015267038804,0.6520154491830311
2.590502006186437,-1.2244162473845852,0.5983842036071874
3.3844032466367584,-1.217683559811976,0.5664296101904943
2.351254034812352,-1.2512603697707265,0.625565812408252
2.5811800617428577,-1.2576584565356739,0.6309328337034081
2.8543972137905445,-1.221856426896273,0.5955188738843493
2.3713115515619836,-1.238666225154096,0.6491503937042958
2.4027632517555326,-1.2503874075641648,0.6270048097992573
2.49275433965159,-1.2770607726294532,0.6299397553600059
2.200619702210241,-1.2134748500820673,0.6550797353594544
3.531191121448154,-1.2429196857652656,0.569839639779271
2.787403223352322,-1.2608743227764032,0.6225386673955008
3.1720068645863915,-1.2060430598079888,0.537661146312308
2.2083950546820095,-1.2040612622033986,0.6687164335149093
3.3169853671677876,-1.2559286913949101,0.5817224683442389
2.7671862902668147,-1.2475108958094259,0.5840388247533514
3.1853359630254827,-1.207300563298644,0.5434811909914274
2.4400688436503994,-1.217674769088407,0.6826828274137793
2.7704243745138712,-1.2214806499161988,0.6431710328234771
2.705760876767982,-1.250795950649912,0.6316108477214634
3.3317279573811533,-1.2540990151103544,0.5733668202861117
2.531824874090304,-1.2223218170838073,0.6514891491814565
2.9415603477273926,-1.2622201531350763,0.6242918772092476
2.676708026483088,-1.2724715645197278,0.6319507279121476
2.2685361741899968,-1.2319225959614262,0.6868457833961966
2.781486155173003,-1.2670540534021975,0.5807921270154971
2.9638686947144572,-1.252824229157232,0.6064739476749629
2.6255801645908683,-1.2554291995322215,0.6413096192700446
2.896625114310732,-1.2505978467931558,0.5906278645695398
2.761832139382911,-1.247259154324887,0.622629260150977
2.5736700554596728,-1.224241253750886,0.6171799458878428
2.3896848965318354,-1.2616136776273261,0.6583809229146806
2.5274318898491464,-1.261685537802932,0.6311821815759295
2.5753360650724826,-1.2635787171901518,0.627304483190461
2.380390199667524,-1.2600970838680159,0.6196755196616638
2.578961286770075,-1.2577358432678263,0.6371445542864724
2.2906876250755506,-1.2685294630921096,0.6423395873788532
2.577078623100875,-1.2527745178348082,0.6115074011489148
2.714100429700565,-1.249661856202745,0.6129607224449526
2.776654213762175,-1.254225938695459,0.588795989551349
2.229076307734951,-1.2628915061488952,0.687335450489869
2.5504090502303924,-1.2454616981537887,0.640085742152092
2.5732032630305515,-1.284474131005908,0.6334214613831101
2.278202185309945,-1.2120244975294696,0.6400629155239316
2.7195208387846876,-1.2406742780855966,0.6294315025604426
2.7002338840423787,-1.236622533095191,0.5820542618536918
2.425571052395869,-1.2735299656091057,0.6243344854896159
2.3869859805907794,-1.222994798643062,0.6369873460643704
2.487869390785134,-1.233497836699207,0.6474480419418617
2.5837725389507216,-1.2731893647696606,0.6363882056777387
2.9268604281010426,-1.217505022767586,0.58239137781058
2.280292000387782,-1.2610490355571329,0.6734176227126639
2.631545737275771,-1.2660279709171194,0.6011810735161274
2.666176035150685,-1.2406174644452412,0.5918294056356015
3.3726342376175356,-1.259549590925086,0.560876954629652
2.8436337962045948,-1.2507088628777538,0.6005485396778901
2.316934393023596,-1.2542635427447537,0.641280655976837
2.6146999799243424,-1.2404014929997391,0.5878603660685389
3.0626659320107605,-1.2460922238302679,0.5541149805248049
2.9746670713531884,-1.2233807819759368,0.5915052533083898
2.556239330806686,-1.252229690065373,0.6538736880301316
2.495683601069086,-1.2863152767693575,0.6215459560647152
2.7510005520978535,-1.2505116556961886,0.6254829924414202
2.6718059593715884,-1.2782741395202961,0.6080696254104446
2.6653466961990455,-1.2592884472546073,0.6253821164709984
2.9346624428074093,-1.2198053840538357,0.6058350332490794
2.73084302697218,-1.223195352912261,0.59558738330501
2.6559244712002994,-1.2815802496961224,0.6076746487102805
2.9105869829662026,-1.2692297720099095,0.6241650891355541
2.429821098015484,-1.2320353592328583,0.6189600385003594
2.579727199938116,-1.2657777268535069,0.5831977845504941
2.650967493122072,-1.2792934509816638,0.6044052106632053
2.443562505112249,-1.2785340870238617,0.6012774634818212
2.875145173937817,-1.247801968513953,0.6264613028144532
2.3209450339468236,-1.2352411742185299,0.6085912416943089
2.650967493122072,-1.2792934509816638,0.6044052106632053
2.67370941861391,-1.2588443764075208,0.616524458472033
2.875145173937817,-1.247801968513953,0.6264613028144532
2.2976477005321003,-1.2192929295439559,0.629617408977948
2.7229312044582943,-1.2534328403026194,0.6243212134491305
2.958625579525385,-1.2399540352735225,0.5982539245029996
2.72758301205078,-1.2497408161970884,0.6081649509095002
2.729030894218109,-1.2338608066282482,0.6354164318862888
2.767667961072914,-1.2396929583913756,0.6130912403699379
2.624688136861427,-1.2163618376439662,0.6071858958246383
2.7957368817362056,-1.2291406158845815,0.6112354103966421
2.905498092095172,-1.2578772260855655,0.619268908502058
2.661830255826649,-1.2455825505340414,0.6344031105851635
2.808374600136647,-1.2606753936130901,0.5752189170787123
2.784825211680526,-1.2340899760599335,0.6379593445201673
2.8110816329504593,-1.2487344286104762,0.6027970935275606
2.7419699834483335,-1.232258510720659,0.5878866658410623
2.781446535298643,-1.253120036564371,0.5960980385744911
2.5002918251653217,-1.2438608629085632,0.6301791466699566
2.275868764502494,-1.2332292735111017,0.6583945639670415
2.7619448000714,-1.2484833626012812,0.6231926093900682
3.0732521403150526,-1.2585036501811482,0.5765812299844184
2.8706201462849483,-1.2673468023449985,0.5998002925156628
2.980386513380074,-1.2732811519545588,0.5789691160656827
2.5021265260973298,-1.2536506307944075,0.6187479860171019
2.604315291510667,-1.2174544731370722,0.6164396405967421
2.569491135768611,-1.2538498378854892,0.6278928119813151
2.9566645315732076,-1.2348840499880211,0.6008737024192671
2.9108549795653524,-1.2395243509704337,0.5990145144395235
2.528542187467802,-1.2576807779132313,0.6124833282095566
2.690084108950623,-1.2701622040964373,0.6031613831792466
2.6840114299717617,-1.218644781169288,0.5967108770245945
3.1397981915392115,-1.2437703309881503,0.5683550248269422
2.7245067246010466,-1.264816387891787,0.6232123083738189
2.4912441778097714,-1.2564800850605642,0.636380265775616
2.511759701111323,-1.235095881400797,0.6487749246357803
2.6190234545982434,-1.2546106968927038,0.5960394180790376
2.7878819058008073,-1.2512117482828315,0.6202152235250813
2.723707023424533,-1.2512559822147473,0.5796488421077939
3.074070596411065,-1.2435373876065066,0.5735409328308545
2.5684827865334334,-1.2337261001997015,0.601659403088319
2.5747296695352904,-1.2428894304782223,0.6088947012881901
2.396989440664105,-1.2505361198117502,0.6440957762012585
2.943827642671977,-1.2409637246946152,0.6083526993912058
2.3310835450188763,-1.2611163243866628,0.623941634506523
3.0743447041873404,-1.2571820640536369,0.6250468208944128
2.920225278225434,-1.2875208699300646,0.5772037469826838
2.761376873117006,-1.239891825973778,0.5760969305732186
2.4829007385397435,-1.2443264791431279,0.6111370581297466
2.194145999978317,-1.2760345956182144,0.6044882226908778
2.7231069429958223,-1.2279833819219634,0.6114448198097117
2.7039442283191857,-1.2445455833055976,0.5851347190589727
3.122720678377652,-1.248327505770304,0.5663299745635708
2.454154521857285,-1.262241012422532,0.6236748110866325
2.4896260587109187,-1.251955557463415,0.5950827236539921
2.990545299193902,-1.2307555966669077,0.5622491531047837
2.5120754127190774,-1.2231653756545602,0.6298111169644779
2.5029865471438755,-1.2418110007275815,0.6074278493409135
2.491063708349686,-1.2744546961030079,0.6158421987356802
3.235780207911141,-1.2351115497384884,0.5878545290645572
2.469124993422092,-1.2376970732569772,0.6091449484471594
2.432825434063029,-1.2437400096065083,0.62904059161435
2.6556171665004795,-1.2492465390278444,0.6253682063115232
3.3233118063421023,-1.2357987141754174,0.5904965785002217
2.5124020655850123,-1.261926468189205,0.6133082591997976
2.5907225460877106,-1.2473895788844256,0.6071876964997424
2.7731862923709567,-1.2497736644593125,0.6494257663721245
2.2965346886659033,-1.23278498766372,0.629160746919562
2.1985885083479295,-1.2474031068563223,0.6305752710245961
2.9258642514053217,-1.255878529474948,0.6265399071640033
2.4898479952176005,-1.2502802579280174,0.6287472956143294
2.5947074319798276,-1.271616914014718,0.6583425403424175
3.2567108472085327,-1.2725884938078624,0.6052740923895289
2.9914355002978965,-1.2242602431930936,0.6181494897737497
2.517438388939952,-1.249530025981703,0.6376748034624962
2.732992342515647,-1.2579362719441987,0.6224772766165225
2.9328011335857225,-1.2470138403051712,0.5734734144050061
3.001670358014866,-1.2205026593931516,0.6194331026292483
2.384025608970928,-1.220153594738965,0.6582105915096544
2.2716406641043263,-1.2356069928125066,0.6596607387933766
2.9571092501039566,-1.2043770103259959,0.5979588165872896
2.4561933263303817,-1.232772059573402,0.6077221899351108
2.6013504677740116,-1.212166540645971,0.6494886029579762
2.3203870665652575,-1.2128357889868178,0.6664948519524021
2.9600385310498742,-1.2128178717879885,0.5877386800788474
2.5843649053393047,-1.2314443434761024,0.6354620885452722
2.6013504677740116,-1.212166540645971,0.6494886029579762
2.705274613306989,-1.282934213441993,0.5970009188518038
2.8851323442857115,-1.2384003651507847,0.5914834174498109
2.6745562477194427,-1.2172440082470948,0.6202852584704264
2.2839144002333143,-1.2211412098339463,0.6561085486483763
2.3778367791493458,-1.2651458657577908,0.6643305836487916
2.647324246383512,-1.2491041038619637,0.620524971329728
2.4450885457807305,-1.2011575156195362,0.6584472498874342
2.47810964148677,-1.2312305677482271,0.6109155538527491
2.5390403983379493,-1.2538108526044385,0.6533821199237754
2.8404838893585076,-1.2458664235775714,0.5897312759324989
2.4136272464882773,-1.2042881823987672,0.6701915188781468
2.7284196019599336,-1.261652597574109,0.6021725328882606
2.2897426491459214,-1.2412175470414681,0.6367892925140071
2.8578991258357886,-1.2355805562256492,0.5799522556302669
2.9322766045230417,-1.2778177260456909,0.5692781386809903
2.43343387748903,-1.2317750254044302,0.6350194312118888
2.4233021300882833,-1.2614107729327944,0.6651575994289475
2.9584335426934114,-1.1950573012981298,0.6001030254028676
3.1422256349339612,-1.2413838088906677,0.5889313602474453
2.3230057213166972,-1.2389789218723446,0.6406729700042263
2.7942745650465772,-1.2275330644571754,0.6175904697290998
2.8276787375740904,-1.2836260160248123,0.6097466176071185
2.2677220509143527,-1.2308838868999543,0.6393526307433223
2.7460022408650433,-1.2269578382657738,0.6317379492191979
2.538197451144152,-1.272741079579396,0.6255303432378622
2.8989999224242586,-1.2631328394350254,0.5422185946820629
3.175717675006949,-1.2423745651686167,0.552839033176422
2.4133314711043097,-1.2439283576390665,0.6195470045050241
2.823700829284065,-1.2154574210602835,0.5936853435630021
2.851452183276855,-1.249173392845478,0.6398700734913668
3.1957694063453075,-1.2353214454174246,0.5764096227574333
2.777307644171209,-1.239091106734047,0.6570110611543175
2.5658971638738146,-1.2737242070447585,0.6154851808598687
2.3537850286414734,-1.236572428331303,0.6022945029892303
2.4830217154278054,-1.2337867643426863,0.6085142320367452
2.4315632598359036,-1.211051696273932,0.6117592745969487
2.306879484827164,-1.242219647307766,0.6006909926034046
2.389770498330661,-1.240097979314825,0.6136055791687993
2.2823594531912557,-1.2741161671455614,0.6610166578748226
2.9457450349702796,-1.2125224656521234,0.6237163042742528
2.6024736790426317,-1.268882731497684,0.6728970154032684
2.798556716424765,-1.2098519870045805,0.630082460719905
2.1815009114559776,-1.2834932050180707,0.6495526548456533
2.8950258259115857,-1.2131423348513897,0.6046349908289314
2.4271718431576046,-1.2449452890691355,0.6146225995951509
2.3488257289106023,-1.2249454638356625,0.6243021257030185
2.1777948693744937,-1.2802641521241642,0.6567439796808378
2.8510629129606313,-1.2034172492586517,0.578251973636893
2.8938876873368273,-1.2472980732760766,0.6174024069559877
2.3513049196999147,-1.2266163173747309,0.6279203998594511
2.339610029196709,-1.2354485689084913,0.6785604907548873
2.746782854498405,-1.246801288980177,0.6354571223602673
2.7554186911945386,-1.2658489926399685,0.6376310285670723
3.1585756149567676,-1.2434565655549603,0.5746239920385957
2.115983390121749,-1.257693806919808,0.6609113184854936
2.532738583705231,-1.2206861678465653,0.6057541295926723
2.8891697690051332,-1.273105622109161,0.6292686165227581
2.2298395328863347,-1.2445831897230084,0.6629523478485873
2.740465914526549,-1.2507673394143917,0.6156622327257023
3.0060349669554656,-1.2251377953836622,0.612375963106322
2.5440817074467548,-1.2762799074370277,0.6109208420410227
2.246854097930022,-1.2482067149838962,0.6749963064275081
2.7066047689298083,-1.2625634513237776,0.5998552531011107
2.667122812239474,-1.2461593809096458,0.5831708374962679
2.4597643958433113,-1.240819958557859,0.6396102922732845
2.2104966373968193,-1.2627633082612701,0.6654753422662394
2.515392116978367,-1.2389517215041983,0.6445422397927707
2.9237563055343196,-1.2522066374036311,0.5899628787356184
2.6054313755287066,-1.2550249767442607,0.6455001863884462
2.6654601263283713,-1.2470821784777046,0.6173986273458548
2.9656395757660605,-1.2556878410406975,0.5912428752792241
2.8807813345558015,-1.2528617312537156,0.5774471591320322
2.565150838810878,-1.2499206995960928,0.6175484867492484
2.691226476562456,-1.2438598153566685,0.6220828100852269
3.142192789834171,-1.2431728095354035,0.62503761311814
2.7440329160641252,-1.222543355255404,0.641244001896933
1.9914524486792688,-1.2749777136344744,0.7142826377218034
2.691226476562456,-1.2438598153566685,0.6220828100852269
2.495634160500864,-1.2437194553809334,0.5859089078725239
2.362434601067008,-1.2306866738888147,0.6619802955428536
2.0568813908251107,-1.2644910205304498,0.6948562989902153
2.8740002325999345,-1.2361743529754299,0.5824430870809877
2.557844398837269,-1.2072974515650976,0.6075142926826677
2.489581308082398,-1.2242121214093247,0.6507564217730711
1.9703984584967227,-1.2640447631714724,0.6913707591600612
2.4538399686205845,-1.263364360987832,0.628363768946001
2.6256101436138284,-1.2768276227503057,0.5977070623798302
2.7672352032288003,-1.229900562728455,0.6092741257925487
2.0045699443318723,-1.2681304962105315,0.6922859105170233
2.522480013252554,-1.256045198441066,0.6264636419116676
2.7507379947116126,-1.2626070878380156,0.6178608542832468
2.6717831522612108,-1.2284820438500046,0.5835998070082649
3.169865289681913,-1.2350600658781095,0.5889286292762219
2.5320536637913285,-1.2462816557328775,0.619518947832129
2.9211215256191516,-1.2370832019582558,0.6032886692096389
3.4407735638203483,-1.238161318694681,0.5717209699118677
2.8764704510381858,-1.2405983814601929,0.5772583438863842
2.6697826053019993,-1.22874217356609,0.605912342109466
3.101583100436784,-1.2435417998210512,0.5555997823272502
2.943257259505934,-1.250563352414946,0.5643198789892215
2.9558820622581,-1.2712397253750403,0.5894403768851726
2.306432910747127,-1.2529641133358085,0.6767376401446782
2.4064646046852474,-1.245676481880763,0.6664247813646234
2.5195453409979547,-1.2255674948246176,0.608888568274546
2.292049976662179,-1.2289612227891828,0.6687986966623332
2.4726041325879784,-1.222608310339986,0.6174830440422341
2.358727145980053,-1.2451064017682163,0.6531979756418879
2.725025642073944,-1.2697034786981778,0.6209096017237821
2.696000649404294,-1.2687166096350155,0.6228140265674367
2.9796487503255924,-1.252666571343416,0.5949899276221176
2.161383135923604,-1.2457467622182998,0.6556125128742234
2.800065931044684,-1.2547845283681485,0.6280000540829431
2.6446396087961936,-1.2158008238786646,0.6086150252075473
2.552190370997086,-1.2259269094589198,0.6582266646445128
2.393422463216167,-1.2750985334751426,0.6677667320829773
2.4473947759152788,-1.233899462478218,0.6205568205543672
2.3759943719485555,-1.2416498090793602,0.6546643505877968
2.2202180702357546,-1.2214492034709146,0.6638052334248387
2.3617826005895046,-1.2938200922216994,0.6415278015242099
2.4782771410500346,-1.2624495278328907,0.6310658695516773
2.297598540227643,-1.2482032880013867,0.6631379215956229
2.704767384408017,-1.230747765831269,0.6161158689159437
2.8670498726846914,-1.2092647919361335,0.6086293343597888
2.540735075725416,-1.2459677867941894,0.6391658341562051
2.960990054619804,-1.2406144125498195,0.5864883063501092
2.5912491369481625,-1.220275529281533,0.61749516137238
2.667672260364907,-1.260751799436612,0.6021193484942826
2.5467255396495267,-1.2489991586300104,0.619355111418223
2.441507121682438,-1.2602623127119703,0.6307371612554105
2.6440729490606567,-1.2346898202337055,0.6275827484645776
2.652792901623684,-1.2486271136959939,0.6272915343478972
2.622644651399595,-1.2642219786210802,0.6038789352371119
2.6849948810348057,-1.250189225618714,0.595199308568925
2.9057066709472195,-1.2313492254169458,0.6124274976039698
2.4739595320791596,-1.2269984718551643,0.624118170166446
3.0072405570826124,-1.2346297627190608,0.5805358751544849
2.6849948810348057,-1.250189225618714,0.595199308568925
2.5603682454389434,-1.2388408115123049,0.6057549583544463
2.518095686481262,-1.2360564644977,0.6467077474269994
2.2808439609433493,-1.2250298699938238,0.6276143388985609
3.1239669213954797,-1.2644310210358698,0.5927407721208107
3.0129702467207666,-1.2259240209611078,0.6018476575192456
2.7212173033517404,-1.2525666529494799,0.5935826919887855
2.7642885293811474,-1.247221070447524,0.5989814298261043
2.7848690741677182,-1.2365297195015643,0.5913797297703425
2.5158096152147693,-1.2558233940567491,0.6469719262945116
3.004325001942749,-1.271799337658562,0.5928530653447326
2.8238485949121417,-1.24257472791274,0.6150002040541075
2.4942165093338433,-1.2475765207833747,0.6220627195959616
2.6140136855906793,-1.235746695170987,0.6473890102293525
2.382031874993697,-1.2229052612483648,0.6455370796143549
2.4202962749656853,-1.2445991725533758,0.64519371142115
2.8167277651646114,-1.2433344281324898,0.632382254741863
2.6280066961791055,-1.2310504546722951,0.6047655927585732
2.4144905349011156,-1.2372295394059198,0.6479896123036755
2.5228252093320886,-1.2469113017910933,0.6321118581699161
2.5652644865421146,-1.2854235849245637,0.6067212436205701
3.24434254309175,-1.2205343833182656,0.5677300607295442
2.266885456319434,-1.2175108392255132,0.6654749728506639
2.3851801902235312,-1.241925341606472,0.6469046647997038
2.617621030181707,-1.2260702450364172,0.6186268529616568
2.1939516971279933,-1.2648820446174036,0.6746935241244875
2.362207892939796,-1.2152209507153058,0.6262511426678594
2.334750435900491,-1.2697563325370762,0.6542008175520544
2.83276531206817,-1.2624871052104079,0.5990038276466971
2.670397673852822,-1.25844898991927,0.6359836052021355
2.4587205956058877,-1.212703418629354,0.6220350560585737
2.682600002264601,-1.2282854264992769,0.5931981473133174
2.8614536641744315,-1.2649803116836413,0.5850635996648769
2.527097960077939,-1.254140760292366,0.662370680896426
2.621953133008593,-1.2349770428642404,0.6285671385844908
2.415585360150703,-1.2519403144077346,0.6220959976250284
2.412896082088944,-1.230455716871861,0.6492560127172976
2.462724936021919,-1.208137446635657,0.6195590776872503
2.637458172865448,-1.250470876714513,0.6339595083064178
2.4289256163118758,-1.2522941877500084,0.6528172296408794
2.6141286218032453,-1.2502728602517594,0.6150940373456524
2.6130665554012364,-1.2401766417779108,0.6398985324541494
2.683653510196527,-1.2532856168285036,0.6368479840915261
2.35316252722901,-1.2459548848923219,0.6455711240870866
2.473317795752112,-1.229753445368791,0.6400133742795422
2.866571274534535,-1.245886718809359,0.6154026167425576
2.8739858003356757,-1.2368143279277308,0.5993599694373954
2.7915828179195907,-1.2435065527775209,0.6498684039779221
2.684237068818501,-1.2346155661824292,0.6497208644634609
2.5609182754612343,-1.2196818507264158,0.6152208091463426
2.6410475842243613,-1.2384342574255425,0.6125090104878178
2.086067557642092,-1.2639006032843603,0.6462194364091268
2.822070217848494,-1.2463870457271518,0.607445411811467
2.992012696408339,-1.2372849509319348,0.6074031525825974
2.6410475842243613,-1.2384342574255425,0.6125090104878178
2.561012499894654,-1.2134102156796518,0.5770601666060344
2.7648845692790642,-1.236796772563851,0.5647640876485542
2.2649197688807376,-1.2385988969224322,0.6363344043758742
2.7315993858018737,-1.2566231149033642,0.6203373214162821
2.5392951335988156,-1.2350564143675284,0.6202592622897419
2.8175273866812507,-1.234077413436645,0.5747254147119711
2.4509452664581253,-1.2585229810257639,0.6339197695688529
2.1739809933157503,-1.267792436922593,0.6599001242293009
2.4779084280839627,-1.2578529599885917,0.6178696860833912
2.4719714876714693,-1.2677278142140174,0.6646296538694231
2.8782851363876754,-1.2319050844249744,0.5868136097100652
2.571844810888908,-1.2594873243035019,0.6593068468602014
2.965555377152849,-1.2393124692707156,0.6046373643910105
2.6708672653697327,-1.2222918469085762,0.6304579332234338
2.92574207298809,-1.2269580167544099,0.5562915010474432
3.069752320949809,-1.2136484148910331,0.5654593458354128
3.056988060740927,-1.2191558254303503,0.5777804402475172
2.528538756093648,-1.2324907788891168,0.616107952495049
2.795425520503688,-1.2515829734346442,0.5729383754901732
2.9308343655834834,-1.2175150516401192,0.5697355276126846
2.462737642891107,-1.2531308977176272,0.6433975010840288
2.498765347692458,-1.232828544634312,0.6026168968090216
3.017731517763187,-1.2638534576142857,0.6075854245241243
3.0014713823990604,-1.228196659876664,0.6123564233438296
2.746944391967879,-1.24198030417425,0.5912335330628724
2.611687694607286,-1.2348272347772087,0.6150838885266624
2.7814051790481917,-1.2717357872478863,0.6208172371981505
2.8776281538248445,-1.2565014782372648,0.5550218046001384
2.4076307910897086,-1.2381067194451842,0.636556281836885
2.549511985142322,-1.222808343820269,0.6342025029470709
2.299912299407417,-1.213588319412771,0.6386376352557084
2.7694517339095714,-1.2301137161186686,0.6181941684085734
2.659743313259378,-1.2381433110578135,0.6248937494749732
2.4492824064590373,-1.220813653865732,0.6260897616005452
2.2795661797379028,-1.2173556906190337,0.6381945993326302
2.8589064395400547,-1.2819413920239981,0.6289326367587397
2.3611893746488146,-1.2384640875515576,0.6351960025886078
2.838519697887404,-1.233736873616073,0.614016333775006
2.4125147410552397,-1.266459412688514,0.6409458198776923
2.7201591526851923,-1.2272037531033948,0.5666915463120585
2.870079441198384,-1.2379150323146892,0.6179391383946148
2.4872412802112267,-1.2482142584427742,0.6679334874815174
2.46699695514208,-1.2324816252311914,0.6416186983124291
2.8123092066527944,-1.2385808279418347,0.6402256665044767
2.648658219790044,-1.2487837029799367,0.6242389606151951
2.398016738948293,-1.2657937048551444,0.6398985030806683
2.3502090511761,-1.254183744255092,0.6359074319668211
2.2623028502282394,-1.242514180424127,0.6241788794365751
2.3210362689651505,-1.258417261988681,0.6679681525329436
2.5800354799522673,-1.2240440280447173,0.629904583796625
2.3158004947625654,-1.2440530601802215,0.655748613531075
2.7929509230589793,-1.2662263389304198,0.6306533385040913
2.4142329962505054,-1.235677693877141,0.6387770863624971
2.2730046902366676,-1.2653430091475402,0.654009419704249
3.0909683516744795,-1.249650723847122,0.580549642984026
2.26068778752498,-1.2502951859291753,0.61742982713891
2.4142329962505054,-1.235677693877141,0.6387770863624971
2.4433487719861096,-1.2609617854449546,0.6144311019839467
2.56965654182179,-1.2421909726145555,0.6121481068835172
2.9072086803739445,-1.2565588774108036,0.6144193319907091
2.608458344936015,-1.2283844799313108,0.631643145139477
2.5709351177531663,-1.286777839427012,0.656777161519507
2.699387615629855,-1.2400982285357718,0.6252513024816932
2.5595757638499728,-1.2557900114067257,0.6001147898516063
2.5552884297308025,-1.2198011130868174,0.6294009549796713
2.3957166115656623,-1.2707172325747802,0.6243271883426371
2.427600451312672,-1.2224953173983784,0.6284334810416642
2.752542354156204,-1.2595678361591671,0.6204288664085976
2.659676761285442,-1.209520866025482,0.6041945063707879
2.7729708643603375,-1.2277993450694387,0.6311803061644353
2.4544769359710203,-1.2268377313195387,0.6147644272247992
2.593502237775752,-1.2615979703361138,0.6022540943108505
2.6213456198016543,-1.2538268776578625,0.6188628755833563
2.593548087618777,-1.227336768616039,0.6357105566661179
2.587407506942623,-1.2658677751737444,0.6148401275831983
2.47811855209494,-1.2584834942575893,0.5958995716135125
2.7455423365451517,-1.2441017753522496,0.6001868377713541
2.732651910367496,-1.271151708203069,0.6280343701622058
2.515527170647523,-1.222356294768183,0.6261511996034675
2.6324194613396075,-1.2683572100677836,0.6041753191478889
2.8704816308087344,-1.261079394653196,0.611025760010227
3.0566313334972945,-1.2096011864786373,0.5944925322465234
2.406821943415979,-1.2833143585720466,0.636946894284541
2.478826101179264,-1.2415657436846192,0.6527090219288214
2.4952865665841193,-1.2870351999695842,0.6226892797295875
3.0422593901293773,-1.1998073542865375,0.6129586132179965
2.4252220790166166,-1.2181061199739402,0.644743805351487
2.608457815559278,-1.2527849391526777,0.6355459751135448
2.711937390786298,-1.2172885615167321,0.6204103270441566
2.7003262578882055,-1.2583289039426282,0.61232335458092
2.9628018051998235,-1.27696597200245,0.5910326263913156
2.910101980896947,-1.2367225146411556,0.6052512860454858
2.8475466071643174,-1.2229868249329816,0.6002244672643868
2.6999027230071464,-1.2694061623099075,0.5873808968968989
2.849165419495581,-1.2655913802454197,0.5855594527430974
2.442228884339216,-1.2405149344106312,0.6588163823455074
2.765325773022858,-1.2082868664458748,0.6000287812746353
2.7070809143990733,-1.2994267336698726,0.6396847666268805
2.769340606518498,-1.253521429132872,0.5949272041981668
2.475064776236377,-1.2412050320632557,0.6330644438788356
2.689659027993291,-1.2159996612187982,0.6093088031218683
2.3750339980983317,-1.2652698958373347,0.5982545480784598
2.2998036350056252,-1.2355525829277083,0.6487519802079426
2.2997196632312953,-1.2400916814096952,0.6475992437668869
2.4326854280582384,-1.2413868035959987,0.6207369998841488
2.5052406721220835,-1.2604691418071445,0.6259899911193889
2.41943443010186,-1.2486812138773784,0.6411996040704167
2.2018059857000267,-1.2445047907719766,0.689980041321469
2.2202510222881906,-1.2449761700462056,0.6204591491967374
2.7001334644406385,-1.2474757483623258,0.6098386830397252
2.698632888090552,-1.2683353072346906,0.6065748651574916
3.154398134996888,-1.2361270615627238,0.5995433527774561
2.808385771542145,-1.2619596527569157,0.6368019859830711
2.790035677039973,-1.2572359034772358,0.590308409987523
2.6070967041026156,-1.2515077217101989,0.6199000941105963
2.7323665114948708,-1.2490777538274211,0.5781164858827773
2.5708728749088308,-1.2763315135932722,0.5943001055215137
2.654865028284888,-1.2536443495499194,0.6159096699470474
3.101225263651619,-1.2464653244881216,0.5733078315120534
2.9591501140790495,-1.2341237731586783,0.591015690013932
2.921946660153031,-1.26950745992187,0.5827736660526561
2.3672279381350756,-1.243249870484852,0.6351035886298646
2.9138833306681753,-1.2317816288345205,0.5910434542265954
2.838940511999879,-1.228384074141938,0.5919708765404579
2.258607053973391,-1.2403789394243598,0.6992697117236424
2.824472170914061,-1.2550405378081024,0.5873678263925997
2.920674318541664,-1.2161323841794986,0.5954473149347499
3.0854035343849753,-1.2388118937716934,0.6229863799593882
2.277052254712466,-1.2452279490098082,0.6728543743491804
2.2772730961788143,-1.2441928011219439,0.6536792326393535
2.5777853473612122,-1.2383045565421646,0.6344900164633334
3.079921478396938,-1.2330517975334216,0.6050274422533969
3.290288266882271,-1.2591318000683995,0.5506039909040719
2.6140349945809374,-1.2383029134646164,0.6147081021812806
2.8589379617580835,-1.2541374446436435,0.6050461324674112
2.403059295703691,-1.269477597105492,0.6145964289050687
2.8312815169106296,-1.2698499722879208,0.6023703582522418
2.753747971892569,-1.202846877845982,0.5958281493919952
2.4437922908448892,-1.2527521330893436,0.6247171185811047
2.9457381922198773,-1.194983042117012,0.5936676902429202
2.6120004984425,-1.231345012289874,0.6103360232077608
2.646781893690261,-1.198088336942982,0.5949823405248419
2.8024534899120086,-1.2591927162586818,0.5845092183160981
2.9715879563218786,-1.1692434510327228,0.5840183890643349
2.5097541159909538,-1.245001538967999,0.6460601121901798
2.8168568860257013,-1.2045334379239345,0.6053937988929429
2.911989643962878,-1.2433606042495786,0.6229806758666212
2.6473160269979252,-1.1912584464657652,0.602536527036171
2.992734803726886,-1.24280983078137,0.592674242516935
2.87267845207254,-1.1972615553003334,0.5796775646583298
2.74215019592685,-1.2297225676611196,0.5836661216480226
3.024559021202404,-1.2701756299149365,0.5794927580655541
2.3693120527026927,-1.2657999363966774,0.6355208120237376
2.3347155449154737,-1.2947453267558482,0.6333062810439374
2.3341270732916484,-1.2580644600634898,0.6379789486428987
2.4092707519960417,-1.226175434451112,0.6305775060447871
2.3552961685281604,-1.2309000994264228,0.646931092260584
3.216346566336019,-1.2582401290761243,0.5829106690650727
2.7387473847349986,-1.2301248474586048,0.601432419876613
2.827147401583176,-1.2378920001814484,0.6384183674228856
2.696140128318033,-1.2257378024615135,0.5745749928267697
2.92131839109117,-1.2374305851360914,0.5722044471897783
2.7719119888810626,-1.237714886548847,0.6043685310017312
2.7641533961135694,-1.2343377210872366,0.633290901475835
2.280865220528161,-1.2170462108368751,0.6474080531426893
3.2843869325985278,-1.238582514972037,0.5808944407347443
2.697039923390064,-1.2329607325630552,0.5967825074569691
2.4424259298547306,-1.2450451494336574,0.6442793430039716
2.1841299593579717,-1.249139251514336,0.6751287945581413
2.560572366766929,-1.2351579593045594,0.6151896692985612
2.575251486117937,-1.2538630005603986,0.6086316677677133
2.7323739372926426,-1.236427880652782,0.6133088071668774
2.5156246082447935,-1.2201495691947557,0.6438111204678107
2.914402399291831,-1.255787166942972,0.5949278563637361
2.976141183829983,-1.2552893530831253,0.6001148535089845
2.3176894079964865,-1.2503244445589667,0.6449527969897328
2.185801137819131,-1.2419201708380483,0.681021070697594
2.489542601718331,-1.226141169771629,0.6254235612597202
3.0212046210012513,-1.2581833894835373,0.5854525370805751
2.430510402322216,-1.2642569896314368,0.6539192279492094
2.3357900701777954,-1.2415367950074703,0.6758640478137576
2.821950546493046,-1.2578311490245568,0.6189971134674002
3.046700293084477,-1.2608972611494953,0.5817589551380209
2.961900589274359,-1.240904327845849,0.5948994802686237
2.703508408866499,-1.245765341691429,0.60021617103608
2.8359931761518915,-1.2604524595201005,0.6235902761143252
2.8619364404433463,-1.2561072862909428,0.582381656968687
2.5759658598649877,-1.2439115769185558,0.627010585552306
3.1322477443906296,-1.244070628869097,0.570624655002916
3.0734948571978316,-1.2909031130324846,0.6116597498635729
2.593113994278044,-1.2416017943357944,0.6141567979396163
2.9287113303230865,-1.2254568006580548,0.6428046675870157
2.0864752449284762,-1.2448561593454854,0.6669574750185333
2.848797375965401,-1.2582578148319832,0.5559037977375976
2.8618061041425826,-1.2426332687758095,0.6293322787746432
2.824210233480834,-1.221181805265854,0.6405158806057771
3.119124563337868,-1.234617885577038,0.5596058068560121
2.8977285308554257,-1.2316177227129381,0.6131136509081423
2.862171348126489,-1.245898118073011,0.6320336707619386
2.8508783779664264,-1.2365532061289355,0.6364475368214163
3.4613844101893387,-1.2103245122307804,0.5638616371018857
2.4924296885986728,-1.2297735628627333,0.6074969376435431
2.3654109160692016,-1.27249992446566,0.6169639153486196
2.4233246371379935,-1.255580650898774,0.6227342296226163
2.9516512418322574,-1.253733921831715,0.5743224473452345
2.693788975701128,-1.235336405644049,0.6274318821362396
2.53299647225192,-1.2686110439893548,0.6226692397950736
2.7234483596186267,-1.2743997152060393,0.6335019125801049
2.300567547649102,-1.2354583644049382,0.6448711416634786
2.477686889293932,-1.253465803832053,0.6245685129094487
3.0794936382107596,-1.213158166501939,0.5710246968167836
2.495725931369079,-1.23952374511201,0.6089240059605638
2.407489145206372,-1.231717986775473,0.6607228680992078
2.670368849431596,-1.2802697773250482,0.5989059918912173
3.0708949046787977,-1.2196915039719067,0.5825881174941736
2.4490723226728095,-1.2466621460682004,0.6273429177478105
2.4430994810199933,-1.218606745594111,0.6891827089665972
2.9855423545336173,-1.2490257733988452,0.6406759043141397
3.0189972553071134,-1.2472364088629402,0.5708702123321224
2.5759724724023725,-1.2426534036604162,0.5994106382260211
3.008596725715832,-1.2687605481566366,0.6044924967166723
2.600549080512863,-1.267091252266619,0.5952833270541679
2.3169053311799925,-1.2292895681366887,0.6621509502543398
2.384454464534882,-1.246299494164202,0.6626054665185181
2.8122800033233157,-1.2084444562565384,0.5806387163432568
2.4442388339468595,-1.2566980710892042,0.6634502148264166
2.5450533821557983,-1.2702086090674638,0.6382250122738742
2.622079269223664,-1.2749690198343018,0.6068892610940537
2.8122800033233157,-1.2084444562565384,0.5806387163432568
3.0773901451911976,-1.2332190804519083,0.5617238357104611
2.9354393431888424,-1.224986768942397,0.6181495658614503
2.6882975972093495,-1.2283917086251759,0.6054049229988927
2.81914586433421,-1.232444152760297,0.5973149967009566
2.4814582974748003,-1.2449419681948584,0.6026115181464431
2.816451228915762,-1.2430824428191305,0.6082420940257041
2.7638184182377072,-1.2262181474651734,0.612755073253836
2.467463178024991,-1.2277077972895458,0.6473535508574553
2.517788072955394,-1.2327195504505453,0.6207446007456332
2.694425063444527,-1.253525644712169,0.6024325081184785
2.5065371968468857,-1.2327367334263675,0.6003819517224661
2.6647336710432037,-1.2641581078054516,0.6262385473966906
2.1750138910497485,-1.256242667711497,0.6721633264550033
2.4313116443252665,-1.2347930709707404,0.6372624833036455
2.632394058387721,-1.256956848070665,0.587407221667191
2.6861179296374362,-1.2379249957177245,0.5996714773288382
2.7774241709695424,-1.2347122722448385,0.5580847028852011
2.503241611261607,-1.2632420260815684,0.6222123397575074
3.161894506759419,-1.239500036510397,0.5973303863484012
2.8587613809892094,-1.2654684590100087,0.6253394519086564
3.4932114554207847,-1.2472378812154536,0.5990216260721525
2.272629119671374,-1.244969634055083,0.6609782829063696
3.0485691423934305,-1.2408848324007036,0.5941999364159799
2.5277936167242747,-1.25572806593612,0.615522830403263
3.4347631127050753,-1.2384040125055487,0.6028004173854519
2.6958346640598556,-1.2328711145671394,0.6254411288517661
2.5067353683101334,-1.2436245534534667,0.6560796346637326
2.6089235144173375,-1.2721680500254813,0.6425809763505244
3.143203479585815,-1.2315875625604529,0.5697328006951856
2.772042496861714,-1.2244111510315532,0.6320559410454346
2.6876697020201323,-1.2546960006293246,0.6083480881477902
2.4988691208933473,-1.246912380985793,0.624386478918025
2.8351527646869523,-1.2468627363198206,0.590961505467834
2.772042496861714,-1.2244111510315532,0.6320559410454346
2.5285205385262617,-1.241221910828788,0.6274506069076415
2.6909420753985174,-1.2414839950798653,0.6042320451361379
3.0819336838804747,-1.2568065895332063,0.6248140463453316
2.3089866657125637,-1.238208157308526,0.6273753048895448
2.6312388549932573,-1.2621664151218912,0.6087458513273255
2.603727461990072,-1.2321156885355038,0.6156713826321925
2.788788345587595,-1.219736701460851,0.6223490226420897
2.263252961898617,-1.2454109201548047,0.6396867324071019
3.0340562706677967,-1.2550537811699312,0.5833450229346022
2.4459792119498247,-1.2406693223143794,0.6488703763030178
2.637183757854538,-1.2449276225472388,0.5865309024392237
2.397097875778578,-1.2408621593654579,0.6735340276984805
2.6605757204925915,-1.2301215661198492,0.6489829453657566
2.5248382597808594,-1.244385314943504,0.6160767653642739
2.7371077928611434,-1.2475830181949892,0.641339551370694
2.3171971782968224,-1.2544607916244532,0.6131704505698585
2.612235649435504,-1.2135429882133046,0.6320943622223386
2.569290297449764,-1.2725920556235901,0.6432412499637453
2.77803736472603,-1.2459184058588468,0.651280929953438
2.6960583432122696,-1.2489631726904784,0.6341491992577061
2.927120966487678,-1.2166583132743498,0.5754929824556595
2.50575965948791,-1.2811657150442963,0.6213719230603368
2.4302661480854693,-1.2340539535586637,0.6273239089343546
2.690562703294023,-1.2854992608427251,0.6078631072435594
3.2823095622973537,-1.2281721908198655,0.5587085835546315
2.750462129180037,-1.2579641602928668,0.643531918849569
3.028952378062128,-1.2481797287016396,0.5762227876196513
2.6520681259026784,-1.2823456797250237,0.5938082817562627
2.8612077535411085,-1.2313380718456455,0.5875435516416948
2.373627541949864,-1.2673087044962876,0.6226762379146119
2.735085069147441,-1.2321261584105365,0.587743418532071
2.6718629630276536,-1.2651429285012563,0.6035673963932924
2.740787629448828,-1.230972463090858,0.6148593314764715
2.9101940334755874,-1.2538700854779008,0.6281681026996382
2.7033479778593636,-1.2188298260752686,0.570826135763049
2.7880822955363294,-1.2543838200663497,0.6092050484554704
2.8486689119701865,-1.2301334550253775,0.6157312013581887
2.545706894494699,-1.26699475083465,0.6272921235469402
2.775817113527,-1.2325116360864732,0.6287642946047156
2.0172495973774995,-1.2482369710638634,0.6494832296495044
2.423574488368734,-1.242788739963564,0.5665402196059298
2.6117034808980573,-1.2342631183869894,0.6300208330554947
2.759626948136827,-1.232878257304421,0.6088617721522841
2.5942481382348044,-1.2797431106721446,0.6025442277680135
2.661980031698511,-1.2270404990081991,0.6497536008731165
2.3847575550792293,-1.2293934895630612,0.6368265489143732
2.5026816051169107,-1.2262919051010244,0.6265638985420415
2.6877461988823916,-1.2626156870772076,0.6243022679987946
2.7549517911061647,-1.2163606887730065,0.6522401714724277
2.4255496874291786,-1.2188236385127897,0.6336817578752262
3.137495732853155,-1.2321888520984197,0.5857421017752429
2.6112635903110992,-1.255631893279484,0.6479967947302095
3.0964540055499707,-1.2631418284540947,0.5706334616405295
2.9398887503619733,-1.221015321115554,0.6119421836324287
3.1290560949904647,-1.2383952219045051,0.5785037926121241
2.5842135202973355,-1.2454539745402253,0.6283729101322711
2.9490807911214416,-1.260059900752435,0.5749083477406854
2.9667656243807667,-1.2815044270555112,0.5995908408443921
2.3954477898729207,-1.2291151930016546,0.6373319386831032
2.6795802472536927,-1.2519104542163082,0.6385033781408493
2.411774416612997,-1.2380206708721968,0.6419686744046298
2.6807179355035307,-1.260606390909093,0.5845976553999754
3.2515269139056904,-1.2438437088986183,0.5596413404549985
2.715129839173749,-1.2537321219709916,0.6428104360596638
2.463192462405229,-1.2335268446167593,0.6569224393100982
2.314853110233441,-1.2316225778461132,0.6340693583522207
3.2311119648292173,-1.2387805813522335,0.5507811414522165
2.6084241111061264,-1.2376541933320182,0.6297891798495289
2.303105106748167,-1.2282555157074975,0.6393861302808959
2.3820495907317314,-1.2278665594336526,0.6323431931354954
3.064910044225031,-1.2277590581831268,0.583403383285982
2.7318810192642085,-1.2476165696220107,0.6131891639097972
2.538685083049007,-1.2635881817969963,0.6004371028531305
2.6195357210648584,-1.2542949838702004,0.637151451122546
2.5550785844453867,-1.237580385599635,0.6179200715326898
2.791429792159461,-1.24495358527224,0.5690938527915241
2.571034804068784,-1.2357238293940636,0.6289120259000455
2.7115570763813386,-1.2737936797922447,0.6479769060784824
2.6420193891428756,-1.2738977932860966,0.615149422776982
2.7939094124939072,-1.2682948247353953,0.5835094278118735
2.873678803916581,-1.2401101840418833,0.6451513701361532
2.7601622177220144,-1.2647045012190057,0.6427055324910521
2.4365210572035783,-1.285603647670994,0.63233945359411
2.863964606408511,-1.2623542340204037,0.6153422420992911
2.7262756642898074,-1.2539502066805737,0.6150056986504103
2.64999874818089,-1.2641410364141663,0.5805503816570681
2.233803254090033,-1.2525302025897482,0.6532225203317062
2.8521647703169575,-1.2266835328801053,0.619239936423566
2.789522260132179,-1.2600601747241933,0.6021928962294998
2.597940369306869,-1.235309540655855,0.6425330318166214
2.456413095841941,-1.2501166627605442,0.6601016144282672
2.2756085060553106,-1.248520865007992,0.6181162235308868
2.6472610073315526,-1.2687089755614591,0.6028446917941219
2.5926925548883375,-1.257953792331046,0.6295896831039737
2.294329396727194,-1.2489074964500808,0.6617864648004073
3.1792307043304,-1.240459642156532,0.6070823030348488
2.706421577780696,-1.2653377759397737,0.5874418072343255
2.64671617358566,-1.257289566421518,0.6369110440068219
2.3787445257501414,-1.2353975279027882,0.6463494763917504
2.7121624098688435,-1.2452195816193015,0.56782075019147
2.673821155244327,-1.2618078625274551,0.6293947291539896
1.9154543607039873,-1.260671786870307,0.6919732181453574
2.9325851039411384,-1.2536859247793857,0.6040640223370424
2.607016444208139,-1.2591890852804506,0.6429038155125769
2.82242201970775,-1.246597944372431,0.611982829561723
2.120978126053251,-1.2522879071088835,0.684214843357792
2.685709906718781,-1.251529752738242,0.5934260174255155
2.7467289504372174,-1.236241930554995,0.5732660495138894
2.699590799758756,-1.2067606112395006,0.59634534098239
2.0867229168483856,-1.2605272984725278,0.6770030959881732
2.634341299574666,-1.2651912482641032,0.6428189358236615
2.339336172466344,-1.2586828552400124,0.6591803163889525
2.7618007284678274,-1.2708219323796295,0.5868258242317504
2.577157609366145,-1.2356459251347287,0.6377892645702439
2.5488171044927386,-1.225444273915118,0.6632332597810642
2.7649840713614293,-1.24261227980312,0.5910298521447184
2.811486444082578,-1.2746373757729212,0.6115211540502142
2.7135511421461276,-1.2176451438936002,0.6073767842255453
2.5113167817801143,-1.2317494465786307,0.6467768269843956
3.3511259768757,-1.2186594774739512,0.5669935272247014
2.7666895006776917,-1.2380190668466229,0.5910928430788457
2.443367981932437,-1.237791205169287,0.6165678941356572
2.5192846517468057,-1.242203914072661,0.6115892958155585
2.48690335337043,-1.2468799983683032,0.6087744610951872
2.558829735912704,-1.2475173865706022,0.6404005725516074
2.6187215942590494,-1.2399722879946786,0.6232502170796157
3.204244787936137,-1.2510756457226997,0.5891986186919115
2.461298609529947,-1.246981206827019,0.6124301779941766
2.416837154175776,-1.1871510623760106,0.6572919598051497
2.756682456408192,-1.2337337194571412,0.6130567673663314
2.360375638281083,-1.2509682916842235,0.6530876991832067
2.5649849799737283,-1.2533435794226944,0.635140711673008
2.5500721547172995,-1.2087086984612636,0.6620921558495595
2.7163484594107046,-1.2794018353621894,0.6047409736158352
2.3721134737494656,-1.253711961001641,0.6554442995297489
2.4953122911493444,-1.2721526243180272,0.6237583599879002
2.1951312615724703,-1.2414419278460138,0.6342840670356408
2.866628933923027,-1.2318419166693735,0.5993653966433359
2.3004037694939665,-1.2794451595170795,0.6562195884393299
2.6047892616357236,-1.2350998136005154,0.622977138688687
2.3519507293476414,-1.235606780682523,0.6529153626714089
2.876168833280782,-1.276603233603619,0.575413062816707
2.284190413366306,-1.2259553758826565,0.6671230970275139
2.636709942960536,-1.2527651193574023,0.5897002075455561
2.5424418572641256,-1.236775260057957,0.6517553506059784
2.4274945200838665,-1.2484704787697491,0.5863834925965767
2.425587454832397,-1.2187671703711194,0.6652382103869551
2.7305526904213457,-1.2354004123251148,0.6009059301386986
2.9123478862694037,-1.2337945151736793,0.6044819974134131
2.6427126486235704,-1.2495738261201659,0.585429754339097
2.9981819154389404,-1.276077728891509,0.5967377735217335
2.3029944205076407,-1.2282836501535634,0.6536842444932555
3.323323840067572,-1.245716617337921,0.5910905471251133
2.930719636247141,-1.2387875246404245,0.6151609645393826
3.026946741612344,-1.2722343924699318,0.612594095141926
2.4743162196042467,-1.2449406672612326,0.6412495025905761
2.311468035442026,-1.2363655039370307,0.6075945468711823
3.098190592734464,-1.2321544497161254,0.551491986183326
2.6007504239055788,-1.2642875228671075,0.5710594547291855
2.7185974396394146,-1.2187766001030658,0.6584790674456983
2.646366928222362,-1.2436683179076609,0.5812656657448265
3.224250343750159,-1.237287560886205,0.6089283637952916
2.761385829478035,-1.257794885582978,0.5828976412473109
2.5926378161499395,-1.250442421524185,0.6169812796049878
2.8179813831011153,-1.2728358546847172,0.5782449943751674
2.5533869182345463,-1.2368255903884382,0.669199625755913
2.54926265937372,-1.2087921969782487,0.6370879409330623
2.1620591709921366,-1.2540307186390176,0.6537775277203447
2.818940424415169,-1.2531092818548994,0.5778529718268316
2.2406090365507505,-1.2012638492780359,0.6198728624110823
2.6676785256394977,-1.232286892105968,0.6170230920781711
2.564990411597518,-1.2093150161652626,0.6485421521588003
3.1053831884267344,-1.235561161828949,0.5732226374330635
2.2317369142093293,-1.2049260522078118,0.6268333602802418
2.5527798464835363,-1.2312861884883057,0.6415034746831444
2.159196643810531,-1.1945073018394838,0.6450644532156526
2.827323642340089,-1.2353292363101214,0.584794209960077
2.6390682402281382,-1.2091129163321386,0.603508576687765
2.7254026579391124,-1.2570792232748143,0.6254028184329286
2.2224371187083056,-1.211955618942712,0.6481984538075849
2.77871642527256,-1.234723567011262,0.5790075997261634
2.612665708153577,-1.2205653928811953,0.6022089568976399
2.767493639750716,-1.2640795837610448,0.6059461207904725
2.479407407531845,-1.2889707898021159,0.6541725854212761
2.3326219838305775,-1.2373165690419738,0.6507841588398887
2.5898726693249645,-1.2116535122621594,0.6077833736415551
2.926654707940433,-1.257437523906749,0.592905867096417
2.2192985616595746,-1.2654055758933103,0.6432316998958403
2.4757788747807226,-1.2278294617679095,0.6426785432326225
2.438191942910355,-1.1946229396400991,0.6319676518536607
2.2461549459420667,-1.2550702388748416,0.6111100621506795
2.679006158583568,-1.2674535695685543,0.6362869076626952
2.5288143149694915,-1.2228907304930485,0.6481708788009628
3.00518396301153,-1.26544902973987,0.569416486767953
2.3893970849230914,-1.238841702132137,0.6312774583465719
2.4271669356499777,-1.2712785304227616,0.6343599097633161
2.7092713002454576,-1.2709518882139084,0.6354421411386781
3.1879086521024824,-1.240605526447493,0.5578469413380609
3.0011384119306754,-1.2621448910653728,0.5863514819938452
2.3454684080810924,-1.2822325547083444,0.6221012692069094
2.138097037690313,-1.2488706283485678,0.6886643786574439
2.567941423012566,-1.2801843753605582,0.6040152803701795
2.604358348763163,-1.2409337133189413,0.6067642958188441
2.3220589976876713,-1.2970532305167324,0.6379045503185741
2.142635296371674,-1.2363436167339614,0.6770575544266161
2.6001526742133656,-1.263287543649555,0.6146091825015558
2.2432595605329984,-1.2424198051987312,0.6291915322066345
2.933120581529533,-1.2063340143755725,0.5793886832806017
2.520015272568807,-1.2247970313562948,0.6488099094224855
2.3837440755745765,-1.2315482687322548,0.6574775825139716
2.310240608978117,-1.2392573772343185,0.6570826325578295
2.3312316538063604,-1.2694082634253336,0.6288622781317335
2.260426336796779,-1.2491864677899966,0.651111822819579
2.480869382174604,-1.2133093474280685,0.6187839418998476
2.329181706413258,-1.24128717806219,0.6746258324846895
2.335424636135097,-1.270894518287485,0.6436092014052819
2.2423433935028734,-1.245277451620548,0.6761226032192882
2.6391208122978407,-1.2505538788224437,0.6317558497325887
2.657949839463233,-1.2596689811303745,0.6649410178864887
2.1467652300257636,-1.2627663113364307,0.6418454902391013
3.1692933160788876,-1.2460871245040839,0.5662881024898128
2.6391208122978407,-1.2505538788224437,0.6317558497325887
2.7972870201649407,-1.2287766756200589,0.6233015158298775
2.707238270670952,-1.2202474420156422,0.6451618609457976
2.5357599152993138,-1.2628402636649747,0.625557370442633
2.8329662013603207,-1.23142301947201,0.6106822601427787
2.9636018836944653,-1.2217974294426674,0.5821713198443617
2.8737086776768326,-1.2470269109066945,0.5633158964812952
2.3667530652488824,-1.2545908943881203,0.6212605925933828
2.604425530792378,-1.2299173855991903,0.6333440218750338
2.547365664316228,-1.2324491480867035,0.6259296720413247
2.829312941099122,-1.2499653946367932,0.5668678075836935
2.6761437660238077,-1.233043641991863,0.6347391339188787
2.670416951068204,-1.2566804078170632,0.6133992061260497
2.2689675933378215,-1.2606600005379305,0.6473694212847996
2.2557887488320207,-1.2384933187958347,0.6104019991743727
2.665446974590936,-1.2516369796795026,0.6292727748347596
2.897337005566104,-1.2595242423252067,0.5942607318049148
2.3794807402912213,-1.2618770891498543,0.6748268691979836
2.1429262302085474,-1.2276549983435354,0.5887977389868195
2.8488061879195343,-1.2268167706097615,0.6138731165447553
2.5290742419652226,-1.2237174083256674,0.581300684525545
2.4805575664056643,-1.222280788501363,0.666579708401795
2.785390364795475,-1.2667367274014816,0.6343297278228788
2.4195708601579313,-1.236872863573056,0.6267941950472526
2.384305341319209,-1.2187710328543435,0.5638731681989493
2.4289392005243524,-1.25684192643984,0.6251068912443091
2.8725583364385647,-1.2307309043940935,0.593689645607702
2.0358589548729586,-1.259044573100796,0.6812532924830963
3.528995832801269,-1.203788485453826,0.6026049765483524
2.491056667229379,-1.2484770835947525,0.6512669774316971
2.13387958025408,-1.243554059455204,0.6461735097337941
2.9060062715329287,-1.2578204460520432,0.5892065736920314
2.5132194461914423,-1.241000544937632,0.5531295217480728
2.7273806616024316,-1.2472562692572722,0.6548537821688978
2.853299439718243,-1.2591413246252456,0.541417763039402
2.819221900217637,-1.2517317651572253,0.5869047087233509
2.511587411103408,-1.240987793314179,0.565301150125632
2.6717663272032093,-1.2357418184854836,0.5771068905979185
2.2347563856328554,-1.2623439484940056,0.6345045043114901
2.53334570188221,-1.244182211629279,0.6264236830337169
2.692656263659577,-1.26466524400808,0.6351102419266905
2.4996889214949567,-1.2745433251338538,0.6487682823744442
2.6875753308200356,-1.2569673161292128,0.6444757965204435
2.7975872286599395,-1.246731473635343,0.6316496699633712
2.7166187988713815,-1.262200148158072,0.6226887683577852
2.3376661476909133,-1.2111524841723933,0.6357986677721859
2.2416854618225246,-1.2557570589200062,0.6127691815684781
2.3697111530065715,-1.228699935236154,0.6315645289217665
2.4951782984218025,-1.264709240127861,0.6198434246307948
2.3643791174234394,-1.294475596645939,0.6657651827826457
2.645614275661146,-1.2400678466393846,0.6300765537433045
2.503011695019105,-1.2325921210131439,0.6426222484476316
2.7094994640585273,-1.2495340820847638,0.6285380004658093
2.3241712485012567,-1.2862774947205982,0.6460525851152634
2.5441783053471942,-1.2376848977141026,0.6065778049128003
2.464256016539648,-1.2387487657730698,0.6369789016858061
2.860739105116279,-1.2606188483002225,0.6102611924582878
2.7997988711293935,-1.2513343285023526,0.6032183463633809
2.215551253359636,-1.2638445479322067,0.6689376774492074
2.5378242797147332,-1.2525600962292056,0.6213107429162568
2.83522308663975,-1.2797613551996367,0.5924246450441368
2.385845413225677,-1.2721900142698555,0.6257801938847859
2.4078013528913758,-1.2442773225213284,0.6592770909057917
3.0670170701594013,-1.2480285556108432,0.5908758722976483
2.83522308663975,-1.2797613551996367,0.5924246450441368
2.624165256635295,-1.2403166214161867,0.6231144286226628
2.948273504192685,-1.2279647024981413,0.602862623568337
2.982007848090544,-1.248067189502678,0.603161569364572
2.6051854037282833,-1.255270509356079,0.6036316827804582
2.3587518162240326,-1.2432708213309416,0.5996740768090945
2.998009544939494,-1.2511167836319792,0.5672160363505349
3.338676991189474,-1.2544867236180939,0.5468959223936316
2.3377898398671437,-1.2391085950101246,0.5978668513067505
2.740049752711993,-1.216846706320093,0.6213118740383369
2.8042314312330747,-1.3015685588153527,0.6004037995755663
3.242723059736403,-1.2609280842790322,0.5581653754254188
2.149086200337486,-1.2147371682060895,0.5957514349595286
2.562757486126127,-1.2439979709955733,0.6204126301404157
2.7585468924868217,-1.3069464540273208,0.5789299676231757
2.258466428961136,-1.23153455594956,0.6780578780173129
2.808097642173455,-1.2214321431586899,0.6289625534393913
2.5332231016556306,-1.2337178414270225,0.641089120406776
2.730828134036175,-1.302544102057422,0.5843714586810269
3.1185307749572875,-1.256822431497988,0.5679861740796547
2.2968544037359706,-1.250963834886596,0.6374586193722278
2.726035886055813,-1.2500398278850646,0.6209874327355857
3.3389756863605005,-1.2387445673117279,0.5715889548466425
2.3354581925383235,-1.2343935321369426,0.6746862995677348
2.7734877455122873,-1.2311441333971918,0.5853240873098745
2.5000417795866263,-1.2448143709991393,0.6334224436288537
3.420093353295404,-1.2391158499146413,0.5712188971520552
2.240784802012817,-1.2376831227602278,0.66408044165069
2.715366250859754,-1.2502326309579028,0.5992767854908533
2.429332452811182,-1.2106254256841644,0.6455944382327293
2.577695038046492,-1.2259689700663168,0.6059837239693352
2.5160613419864686,-1.2614009243633788,0.6241884466262136
2.634535669247537,-1.2571143365949295,0.6394641287719803
2.502623976564964,-1.219506502661045,0.6594959397545543
2.708740519866737,-1.2137349614138617,0.6267036384514932
2.99077095515871,-1.2340132106373114,0.5836425203786418
2.5092033827077738,-1.2485097281384552,0.624617603230025
2.4025977989872818,-1.2674723413962914,0.636852558490245
2.668183785558367,-1.2226764365299245,0.5967838900198915
2.2520635646261735,-1.2494800705049451,0.672222389155976
2.808998533967816,-1.2381239837720837,0.5933753063181589
2.656433027001702,-1.2805687011742246,0.6048949525565577
2.7074279619734685,-1.2233329275975278,0.615322598772584
2.1987287291606465,-1.2444236800979702,0.6594394934825645
2.5492896536060514,-1.2377362867095527,0.6326281310437761
2.821495163344644,-1.2693958902869678,0.6078919203415635
2.3539408733679936,-1.2131339897042104,0.6446970402281005
2.6575287772264726,-1.2228530020635326,0.6333334636488753
2.2948558867046875,-1.2379138659648954,0.6206174090514942
2.3127386269280894,-1.2543170391383562,0.6372989279131946
2.340575548724753,-1.2113093636564014,0.6429053762998853
2.4674390275868148,-1.2350859652713806,0.6160123416727985
2.3992018780286033,-1.2334743714952383,0.6519153419086309
2.5680470725529423,-1.236364501017934,0.6160558334990671
2.7041027927451133,-1.2426972797549076,0.6212231136362147
2.938261883057275,-1.249885773653638,0.609972557035174
2.7570639959615746,-1.2596513349945642,0.5976068538086058
2.6321521044755363,-1.2704064074160206,0.6410603652350425
2.4940211208702894,-1.237878991807057,0.5942931476093343
2.123658389405608,-1.2485494465461595,0.6183562309340698
2.6745042431380917,-1.2396277855539366,0.6127403104001705
2.595985289183059,-1.2730007365377372,0.6278821727304312
2.7165009288829225,-1.2051191231703766,0.6051579299307499
2.096527496782675,-1.2338111298737533,0.6263251274856123
2.5442410205622963,-1.2285828240831362,0.6149835080121349
2.6774270073149133,-1.2158215962114265,0.5947213700527347
2.7618577815318375,-1.2313086565220306,0.5840350801962143
2.382012077963038,-1.2265431385799004,0.661540410317836
2.5442410205622963,-1.2285828240831362,0.6149835080121349
2.9458247852109722,-1.2267085684393804,0.5967072727093702
2.834067813162402,-1.2476254275856122,0.6192583943143641
2.429784517205814,-1.2266402571073685,0.659834635608787
2.5676525689320266,-1.24810976726845,0.6183321472565535
2.970985221663745,-1.2420197768506522,0.5835882893841073
2.6546114148603146,-1.2494641429953115,0.5972506502990779
2.353745140749488,-1.2429132350702181,0.632940800056536
2.6460576246895617,-1.2677149161844967,0.6195370231782312
2.5667453797235376,-1.2115288829707913,0.6269943508726346
3.195290324056676,-1.2500338244012559,0.5900753294262356
2.5425397371722824,-1.2700581661593062,0.6519422516748417
2.946605795728331,-1.2424464830493762,0.5947414192155762
2.583554109783546,-1.217815370391228,0.6253524770741646
2.590062674129834,-1.2236445400269955,0.6130445086072558
2.7613751199905345,-1.2395926118196474,0.5942735074297504
2.6489755468585825,-1.258800901176428,0.6298544779752752
2.4805208417525244,-1.2529417297302943,0.6191103953477212
2.3048666795865382,-1.2541427208551281,0.6533043583790524
2.9162855733717596,-1.237579659162661,0.5971395241961999
2.55080979613823,-1.2393572693239845,0.592894766139176
2.6159008876546173,-1.2593384770180682,0.6240041124623935
2.7306892757444787,-1.2578268264576735,0.616380749353235
2.30897002807432,-1.2589439078737636,0.6413314659517028
2.761809207431142,-1.278835319189439,0.6332452407028759
2.4666539477594847,-1.2743645756597497,0.6264071495495181
2.496862765054489,-1.2247299438118122,0.6273900056227188
1.963964464627805,-1.2632039993348285,0.6925199053146267
2.2901330172348087,-1.2318315917741278,0.6365657784414717
2.4287006604040338,-1.2463062484913512,0.669733233604426
2.5032076943089225,-1.2728061663528314,0.6198818243365974
2.503085321709984,-1.2489812107822853,0.6556997794164315
2.813537044589507,-1.2405034235843297,0.6289758056900459
2.3957982836133476,-1.2471699781602237,0.6611543374007812
2.6007880291271404,-1.2493592829800906,0.6213830069558713
2.3915931135587565,-1.2539224115252594,0.6032455139857472
2.7029365918223416,-1.2386603562742593,0.6072249457574772
2.5164066888991257,-1.2577351176686475,0.6095258343791417
2.549954363473726,-1.243488845431345,0.6292195994787175
2.3829448464047824,-1.2572220576889845,0.5955302021579351
2.4669076032459794,-1.2535488754179727,0.6623009379856735
2.6291427451852774,-1.2309529092218225,0.6320060336975912
2.6813228996968617,-1.2597229075787215,0.6149095372241237
2.6034465950014156,-1.2675265232647137,0.5847987023665121
2.4669076032459794,-1.2535488754179727,0.6623009379856735
2.5622741193410685,-1.2582835468507116,0.6263815912577346
2.8107838017841313,-1.2589660731075702,0.6431410411702498
2.5720292217205745,-1.2271186337912785,0.6633795172269601
2.4741290731896566,-1.2552327728246373,0.6679608989889113
2.4505652497619543,-1.2554735370330545,0.6413957600198589
2.416223449263096,-1.2311059305814833,0.6280508808392522
2.3440475305555517,-1.2228671596515541,0.6354478502404352
2.280554870396554,-1.2297984969834788,0.6299371947350995
2.387898730968364,-1.2276426348881488,0.6183148975952909
2.2105174591707804,-1.2463885217710107,0.6292357243416332
2.3164809747084503,-1.2242347430327216,0.6384294325263911
2.819733938375078,-1.2436862166282954,0.5736874775838617
2.9671717733827214,-1.2573559963577392,0.6024755002639631
2.5842551869154606,-1.2535198664812335,0.6622134385754116
2.6518892194924004,-1.2394837152609945,0.6448665664535139
2.9248491148464986,-1.2455801034778624,0.5856846183795383
2.183728872734469,-1.2362856106480757,0.646949292110871
2.2258965345637334,-1.254363060682678,0.6444528131803656
2.527321095152049,-1.2737600383688779,0.6387867371160799
2.883036973531864,-1.2549048330561152,0.5937410862688441
2.8086907203613123,-1.2344658161282083,0.6068353592540336
2.25366870093757,-1.268467773770598,0.6387344261565662
2.4704890648378215,-1.2824326550679035,0.658329084642995
2.5450834499104364,-1.2564743486463015,0.6296565739241964
2.468695446480219,-1.248497316206505,0.6002112842595566
2.229388367424647,-1.2688614060490777,0.6417276578664642
2.56935875335352,-1.2690146268410982,0.5834271681264976
2.7677195021340304,-1.2256659637949894,0.5987119738142289
2.8056951779941404,-1.240703744948464,0.6351593783116638
2.4738070992391203,-1.259699384809411,0.6549072112435191
2.5595262059473276,-1.2620615793783927,0.5975359182400785
2.9335088362902106,-1.2116163303959295,0.6027696874989578
2.680585322356991,-1.2370908408153862,0.6127298064456602
2.9558096695180622,-1.2351306913758535,0.6102088288800755
2.4805876984051625,-1.2495826342632248,0.6165703100238369
3.07979174041184,-1.2083082884885266,0.5892304370631876
2.5647865174871685,-1.2499534111406352,0.6081402556799516
2.875059190445483,-1.2306924849813343,0.5846959005465389
2.5964433745244304,-1.254908037276025,0.6305830214714979
2.4875453278526023,-1.2676397380560123,0.625576471711684
2.7367097451517064,-1.2458646816041985,0.6303550084231071
2.949072827475644,-1.256932792951738,0.6305303641606747
3.1410504887226702,-1.2722422859342555,0.6034476162935103
2.9160127991569347,-1.2224472864010172,0.5707032847080008
2.8145961053153377,-1.2365665454235062,0.6238656834160883
2.6870014044572748,-1.2489610390131087,0.6324255901063824
3.0872680734905833,-1.2560661237802313,0.5317114315095375
2.79684220201277,-1.2390043535222042,0.6183380091461727
2.7976097913123654,-1.25249603671534,0.6123051577395066
2.5223200321117427,-1.2558155039292962,0.6210862599829479
3.2525302700272034,-1.2219370737814603,0.5944405315545509
2.5819291773636817,-1.2711783096556857,0.6033768277636784
2.6661108607081156,-1.2521420551891582,0.6130924530447509
3.047955389779179,-1.2467363735021915,0.5871614677908771
2.6346538591740187,-1.2705822292617006,0.5816386460500446
2.558847694983208,-1.2413653982645296,0.6492883175992162
2.5431471933869347,-1.2563743262250795,0.6284114937304208
2.582627095596529,-1.2380475273049714,0.631045172570198
2.5494660447328865,-1.265704294783624,0.6573674618520914
2.666036766166272,-1.258195364859074,0.5887716385316172
2.690074013975977,-1.229255189434956,0.6021525342724874
2.634849784951227,-1.25210698889961,0.6207009360881474
2.3326237434864674,-1.227518312115681,0.6543805329616927
2.687865564615605,-1.2547460572929152,0.607224790738977
2.280687668907091,-1.2428545610081556,0.6570747296619547
2.591627862006758,-1.2633932646905104,0.6397236779806841
2.705618718028696,-1.2364830707805579,0.6292018003243336
2.5658452684119717,-1.237909590747961,0.6345220167153838
2.1595329492232938,-1.217595740289444,0.6461459118841623
2.5635774961504727,-1.2704021546396749,0.6502709509159003
2.5577679564670763,-1.2387191491479426,0.6069144918733166
2.281667819670409,-1.2426491376698596,0.6556403994218067
2.15028059564103,-1.2127505809105088,0.6503774629139665
2.644632304622721,-1.2833867329539936,0.6025706537337948
2.6846621267590987,-1.248405524251406,0.6727236762466864
2.459821964327191,-1.244157405456423,0.6518712446648396
2.1617804008331403,-1.2198423158710867,0.6492119336484405
2.803481540119255,-1.251078045241042,0.5906423135803941
2.3929693629509052,-1.2367060227150626,0.6396890829559185
2.680659998705455,-1.2267682319479714,0.6082078488996429
2.4329220092500194,-1.254614217527944,0.6544528737009473
2.934636100541007,-1.2370908657270658,0.6062097766686214
2.3636985206817402,-1.2387538041881814,0.5994670697229421
2.805848897114125,-1.2028612195073733,0.6086104536949919
2.5907575591389356,-1.2354732974309708,0.6181454446002801
2.341326487036726,-1.2593101168567533,0.60896953678635
2.7455452655974444,-1.2429868494008736,0.599601919212068
2.7582233735183124,-1.2287047418856183,0.6035574751543223
2.5544398786519857,-1.262270368872053,0.6290472764801931
2.8148444381005815,-1.2033785420898513,0.6394689542602665
2.683792716270777,-1.2370326179762983,0.6320034836604838
2.654060673160194,-1.2327346568183146,0.582678789255106
2.920150991699488,-1.2154886518137127,0.5961568184697617
2.810856698616348,-1.1946408349768918,0.6134655062359937
2.931885744559129,-1.232429906825264,0.5787709846814619
2.6152422616008626,-1.2304518741061943,0.6054085573357283
3.007482179886299,-1.2128882593738906,0.5768779672176371
3.0407268009188857,-1.2639772199614443,0.5745413500062075
2.562354306741361,-1.2441558838953712,0.6209768301317673
2.5384862234529515,-1.225658693978588,0.6200090920202758
2.606115846928356,-1.2521105371496621,0.636544941379501
2.360570896560143,-1.2386669579763563,0.643252060687274
2.699342885652469,-1.2421547364305445,0.6039666089382162
2.526439925900022,-1.2315114561732223,0.6470179304630959
2.3170686880720823,-1.2342455601633497,0.6388343017951088
2.407822097080471,-1.2400642855103063,0.6362807899673102
2.8766960340197127,-1.2505812701145589,0.5778881435326947
2.5165110821073835,-1.2250591457249556,0.6329731399339082
2.39853098512973,-1.2434560673848274,0.6361006844422561
2.633982869880181,-1.2594858115569216,0.6093223852070719
2.6966360858287137,-1.226199766513182,0.6303533718460521
2.884232093195704,-1.2551831028621494,0.6005291438908252
2.5984225720038503,-1.2570717183508446,0.6352234460249067
2.845041358775992,-1.238794633820565,0.6054415890224567
2.674854201346768,-1.2424827772895188,0.6009111783150365
2.3927305975249906,-1.2418343262525615,0.6338415358084311
2.644079227301065,-1.2293841742638498,0.6105024628518654
2.458142186746119,-1.2494589924181811,0.6443907866073535
2.8300501283968122,-1.2471939553399567,0.6192363042144796
2.8354651403261713,-1.2292302593270585,0.6141909816824846
2.6020029159528066,-1.2487874504462804,0.6255834176008446
2.2769244961707313,-1.244060945880303,0.6571983386192216
2.4906491183987605,-1.2486077844229153,0.6199493157277964
2.6125421544475693,-1.2464191695931366,0.6001040051690142
2.867528220035519,-1.2509335555391787,0.6050912806447487
2.3281810668322644,-1.2398531995960744,0.651911567966635
2.4906491183987605,-1.2486077844229153,0.6199493157277964
2.3987754829481065,-1.253197991718546,0.6457388126733327
2.769396086678556,-1.235582890148803,0.5970226029701384
2.3004057437119845,-1.2063396480257331,0.6123301626504836
2.767391254253188,-1.2401807547492083,0.61504096825302
2.801401309934195,-1.2593327545013582,0.5758066122500264
2.8519671676439686,-1.1969491978814046,0.6051367702135348
2.7323204269013095,-1.1977787132071014,0.650855709038031
2.6425817710606223,-1.235865394646067,0.6315149665176932
2.7969199938923945,-1.2601563869832548,0.5984127146887845
2.533459130607956,-1.2250236923060338,0.6145249305241398
2.2344354569908145,-1.1961625686267436,0.6447921988325599
2.4617236877363284,-1.234206217611445,0.612502155355162
2.693191895238746,-1.2606592295832857,0.6122972837018102
2.0776118170965496,-1.264344669326621,0.6486581002613974
2.415361585640962,-1.247048888413063,0.6609590590502853
2.457534982892422,-1.2253782681386134,0.5913279756075142
2.756325128019895,-1.2721044823866205,0.5963383741851794
2.1243077151461542,-1.27100015818313,0.6716367080515981
2.2275109441682868,-1.2447591745301851,0.6608589539092717
2.6740850749475316,-1.2522485621978758,0.6633179635679252
2.7646737559498535,-1.2409604318291478,0.6215423385772737
2.1232429859507262,-1.2792579486253912,0.6560030789071516
2.3343923781100404,-1.231911751086701,0.6727373114610039
2.158642483647023,-1.2377897165105138,0.6151976244201957
2.7385728395130062,-1.232374368440088,0.5752600166370292
2.198366903887147,-1.2784230917268566,0.676964306466984
2.5654899790320367,-1.2361788613762765,0.6087486562898694
2.8121301076547365,-1.226144536263302,0.6446477747928512
2.4196295776011363,-1.2264917878513646,0.659619380280463
2.4933226908848636,-1.2620547617166153,0.6218949549277746
2.7415945439195406,-1.2530972242159495,0.6099108763483873
2.3923912307392556,-1.2341107770834379,0.5737412583841016
2.440678836340692,-1.2203766203010427,0.6328256440106256
2.956451117509235,-1.2316651397131775,0.606603050337271
2.8431321202703383,-1.2321670715004291,0.5927532040027566
2.795593879518799,-1.260342121963816,0.604358328113784
2.559309747156922,-1.2112910128796315,0.6443645793059494
2.6678039116017485,-1.235536009947742,0.5957070861710458
2.3151278631712753,-1.2749097418179272,0.657564699081555
2.9244505537055305,-1.221889561990042,0.5838269590326406
2.593341780935549,-1.2721343624317312,0.6553647120662865
2.582102646094164,-1.2186891065796197,0.6329970513044814
2.3834097899017985,-1.2087748666963347,0.6477635215986461
2.7848838199251027,-1.2660187304504251,0.6278559497496717
1.9983897817693312,-1.2193645591014257,0.6837044817698925
2.8453481872521103,-1.267631363699925,0.6118542360456222
2.6054315510818933,-1.2174164281636735,0.6064416382311734
2.2240425148957805,-1.225853276785221,0.6633040943461228
2.5257315899968935,-1.2493457698872876,0.6474408779065356
2.3817784622192524,-1.2440026969664153,0.622653757602197
2.4639874044909438,-1.2568056680661135,0.6490524884114607
2.42582234670274,-1.2229456153899652,0.6862928704928002
2.5326643622840077,-1.2509817016856257,0.6486599011577003
2.5386684481684907,-1.2432005880497188,0.6096791102743543
2.4019227899586744,-1.244980465629369,0.6560781005542303
2.26660105787778,-1.242701319247781,0.618788265081907
2.365347930170031,-1.259247379069617,0.6490580610629438
2.706254391298671,-1.249830920119191,0.6039627979414154
2.338373371295364,-1.2464158007942252,0.6521478119490479
2.690613690712686,-1.2539586302472068,0.6106972861193862
2.3918849783514755,-1.2607007123534857,0.6670418249058336
2.800719294807783,-1.2666900386051485,0.6153420283201186
2.6710011113425582,-1.2655221844539968,0.6167341946137895
2.482040373504608,-1.245998397198534,0.5927769930859249
2.5374886973059767,-1.2767685087985765,0.6443450154091674
2.589152532682155,-1.2212144422282125,0.6213190214542271
2.6691185328179206,-1.2629875439839424,0.6113385419246362
2.7372743271572957,-1.244163807810928,0.611723060914131
2.553989820934436,-1.2197334101507171,0.6548883672737601
2.144196738744434,-1.248730071804303,0.6853481261161097
2.519327653313749,-1.2539982232572158,0.6012353491860141
2.637866654174418,-1.2505136314452538,0.6251874724967443
2.4941470920960374,-1.2292553064144704,0.6339405298791289
2.0655895810230924,-1.2505597510988236,0.6793237719226459
2.8140978898488602,-1.251661919781126,0.6137270721712891
2.6455636152498534,-1.2506973854073364,0.5994683395438627
2.3846105461017264,-1.23374532250621,0.6119511077180015
2.100364672243705,-1.24729181789972,0.6713986672898536
2.5927062035011277,-1.2354069821870937,0.6222722343021251
2.915967498482463,-1.25133064583259,0.6105051985082708
2.9181876486815974,-1.2299973400422273,0.6273656069775196
2.7700281635783255,-1.2444454070119735,0.5733705190755493
2.0673102867886333,-1.260313617648673,0.6329987347310382
2.3332929707647354,-1.2291370689047807,0.6322094198895272
2.6003077273166846,-1.241588039206675,0.5847885294434019
2.986176145627457,-1.2228511880608495,0.623616110433792
2.251439982111359,-1.2581003831681052,0.6473862319967777
2.9303210117799536,-1.2239572830044638,0.5854052055568653
2.488156318198721,-1.2422156145202887,0.6647323201617705
2.640691407182509,-1.2185707614106132,0.5921275745879312
2.4107816352938563,-1.2530337500974174,0.6568515091520122
2.708998222379923,-1.2376105987696122,0.6282418280557913
2.6439088522097705,-1.2445524143831483,0.6083899428692422
2.7054979226269698,-1.1970064750502183,0.5946060565968301
2.1767210640679,-1.2284874261367467,0.6608342205778798
2.7605844093844683,-1.2466587556302693,0.6216874227419014
2.9060393269418343,-1.2290481784492582,0.6000459229543804
2.890455262063826,-1.2597437066004955,0.5965064475931393
2.501299335139578,-1.2272654816246897,0.6516457843381606
2.5232635906899747,-1.2435217474734899,0.6120609285575486
3.1561046991638535,-1.2427315543309994,0.5826289307733268
3.0262618736263414,-1.2299857929095577,0.6061190483465578
2.574932964785102,-1.2663331596813643,0.6084569177925951
2.479986203508824,-1.246653835327879,0.6248040968409374
3.0193028527147057,-1.248058149121926,0.5643359742128743
2.9167101473708392,-1.2830592999651864,0.5599232973453416
2.7749703286415506,-1.2631828051752487,0.6091992294180786
2.816829638870547,-1.2529603472748476,0.6075847698239211
3.1882057840281046,-1.2452912658584445,0.5869819636015555
2.815979957064904,-1.2723654940096882,0.6145807260883844
2.5628344368288998,-1.23171393216828,0.6312487940578937
2.759877067729694,-1.2464697097238733,0.5846535705953506
2.406447949310197,-1.228345109759085,0.6701747625453357
2.827520429524085,-1.2303758534800902,0.5696672900838586
2.4688927846213953,-1.2327026455470722,0.6321221276140595
2.8433022927271527,-1.2467091434229223,0.5842077835481133
2.239859330781031,-1.227141554807427,0.6520221557737532
2.2504292432079587,-1.2585103770844885,0.6539874109371322
2.800137239305985,-1.2345249223621022,0.6063235141233403
2.8700492465872407,-1.2419391351966542,0.5913354020948902
2.3612430934913142,-1.244623989459622,0.6297341660445466
2.4670514402917045,-1.2427242881404013,0.6353738215470677
2.675140344894606,-1.2171183114928281,0.6064238699571192
2.5066836290442494,-1.266974772008623,0.6516784456563499
2.7560293713252664,-1.2393713881445838,0.5984232675696795
2.6440747289820346,-1.2442463439478415,0.5927313474250901
2.746103245571765,-1.2315525830372143,0.6122598448428827
2.467561536375447,-1.2573889376321352,0.6183835026377462
2.546884796162042,-1.2525203632507178,0.6349027408746419
2.2687911669917513,-1.251825727086406,0.6403118175651061
2.7999308757841406,-1.2184863772338759,0.6181471872364879
2.704194286063521,-1.2691176874872916,0.6250831887270607
2.752584541427601,-1.2593048846399022,0.6233738284602385
2.259664936984589,-1.283234214586832,0.6318728617730586
2.471488763020807,-1.2720773518424289,0.619831432277849
2.9056333424507255,-1.2141290064767676,0.6080606371062168
2.7205597473028655,-1.2521544837290053,0.6215987078386757
2.6907485119963943,-1.2735778156421262,0.6395462539751001
2.691626892081537,-1.2231587126684125,0.6306947927114337
2.8969624585856772,-1.2113125492565098,0.6151714643939683
2.5818029470203157,-1.26464407151418,0.598529186554816
2.275957528304112,-1.2457235986839217,0.621918762045257
2.5809206910967424,-1.2675212727833423,0.6091755872021349
2.6754190937166653,-1.19506427741526,0.5803880694063298
2.5068550155962837,-1.265603736488509,0.5944985508282087
2.3886465413486877,-1.2412424870315273,0.6235835150550465
2.612646518359121,-1.2805411449119333,0.6312330512116296
2.493675578238488,-1.293628867941242,0.641558845543944
2.5228307972876363,-1.2657054344695953,0.657742005882422
2.52346008225056,-1.247856766932825,0.6316732616384643
2.708531143631117,-1.2313500387555054,0.5952001021228163
2.860562190003734,-1.2224604562101091,0.5761085215243569
2.228738626153767,-1.2445775706728406,0.6502709494360412
2.9395360374345323,-1.2561297232590285,0.596536792605275
2.2591051131480864,-1.2779610126876801,0.6502544172281517
2.249459896022983,-1.268952791004341,0.6417901022599224
2.6555908568229474,-1.2386007017384648,0.6673306392456813
2.8155567923785267,-1.25940712382105,0.5748738929180243
2.8061294676561825,-1.2620825414596342,0.6064349994796296
3.232493684869888,-1.2446133741372893,0.5823216691407692
2.393601275357335,-1.254008791122642,0.6366236055211322
3.0802369214744405,-1.2254621333684146,0.5691427540346315
2.666959416283802,-1.2308590646166686,0.5730889749174718
3.3483789029807025,-1.2530045699018295,0.5651817363666901
2.5310627834597534,-1.2376091838029628,0.635063107944353
2.5655440508243936,-1.2637092426671703,0.6320383327053005
2.2784082055973167,-1.2588785761469234,0.69042690446974
2.7044808825078386,-1.224889986491589,0.6072058096492462
2.3339173099568207,-1.251295673917831,0.6223320991283959
2.4373790872407195,-1.2537066968820967,0.6415452267329851
2.6090369024480964,-1.2396705913696422,0.635538370328404
3.0000284442024214,-1.2008256862900037,0.5838657546871231
2.6191002382698265,-1.239397893997763,0.6582320857999352
2.46728736751117,-1.2280375413543907,0.6308992318868828
2.7950233435357807,-1.2696234039808216,0.5860205820103339
3.1457345371853904,-1.2493520873282957,0.5634709896308489
2.566048284773592,-1.2292850544943372,0.6681774190807719
2.710813903714151,-1.2269814918501585,0.6177924741399177
2.9650000897310984,-1.2669059452050713,0.5919376601966617
2.9875208224800147,-1.2444095361675989,0.586432211649436
2.919726294277083,-1.2619248606035887,0.6279121665208183
2.8249816612153573,-1.2285613313483859,0.6442654993219633
2.3547095101056397,-1.2536278233639875,0.6309540044759229
2.565022826693815,-1.2258354955401483,0.6110679888736296
2.818738323622872,-1.2528350261017909,0.5636575691135082
2.588888948966153,-1.2217702942138304,0.5661806114365575
2.6154742653938614,-1.2219497359250138,0.6431593368677135
2.9018147053594805,-1.227022447259783,0.5928143078387689
2.5593887471501353,-1.2245272931375288,0.6576305492299565
2.705603895881183,-1.2482039129482858,0.5739240324038096
2.6154742653938614,-1.2219497359250138,0.6431593368677135
3.0128523618149456,-1.21224856193004,0.6027109065443584
2.411111505797885,-1.2446259638008061,0.6591845362649887
2.81789013626007,-1.22392277230131,0.6287166788505287
2.523786035828255,-1.2687945020229057,0.6424002840522643
2.9437224678640095,-1.2531989878556744,0.5983327270459284
2.986712619669231,-1.252008270407827,0.5668330288060712
2.7725111295405895,-1.225035901089632,0.6443525685416285
2.389675228677362,-1.2296329181097017,0.6379146998353036
2.8892025411975433,-1.2565250418398397,0.5785739844293173
2.6835147263711376,-1.2370580721090554,0.6107627909641418
2.5578655758029716,-1.2353227488784122,0.6451668135553282
2.929821258235087,-1.2377193048506012,0.6051365503340953
2.612229239144453,-1.2461692626397987,0.6307877460329467
2.558074526904698,-1.2513149553797664,0.6235475715697659
2.981846355317989,-1.257861709927998,0.5722150788873057
2.5090546182761906,-1.2716842242724502,0.6118171082485873
2.4802705576324517,-1.271540129821345,0.6237088367029273
2.557068530368425,-1.2259421122906748,0.6383511336796631
2.502418805985651,-1.2254904416076227,0.6319147989180626
2.889694357244434,-1.2919434711811875,0.5793113478387907
2.488721359630618,-1.2665075538157349,0.6182810169617313
2.618733235475701,-1.2445681643531108,0.6159084335294077
2.2815398981185444,-1.2454350731668065,0.6534278765958381
2.3587424191593964,-1.2661821320716966,0.6560185076803365
2.5891776106563036,-1.254966596464716,0.6385814989946816
2.8152897682601994,-1.2316407964879283,0.5977731103419289
2.2285777229267154,-1.2407032885522684,0.6489361686587602
2.705004834807947,-1.2317889040473868,0.603178597623765
2.438498453806774,-1.2633253565032205,0.6166285844423319
2.432435647236015,-1.2290623965525942,0.64215594109869
2.632923952263172,-1.260241993299979,0.6271837248827291
2.6752040055397734,-1.2628871763452973,0.6040356061098033
2.362195906025169,-1.2637348175483332,0.6532771403516308
2.2962518924054978,-1.2620096856107792,0.6477125896394363
2.6337788709938112,-1.2484242362500173,0.615629880079659
2.8814193038927827,-1.2593964908917634,0.5812875073315824
2.567355607791797,-1.2250042461966366,0.6317228402463378
2.30450669714563,-1.2325682727868263,0.6749278239218568
2.8650371412566145,-1.236644849029969,0.5791786616144822
3.108552795937049,-1.2633392240475918,0.5911926574701657
2.67671072311833,-1.2316103994065482,0.6060898835109623
2.4758796084433126,-1.2544489150133171,0.6336882402948557
2.563599352622322,-1.244159235707547,0.6326095108168883
2.6505670054793975,-1.290986521950035,0.6361385870729642
2.242807662529796,-1.2660642152706238,0.6540584369245062
2.459328021670217,-1.2497441012016615,0.6296910106730831
2.474834478367512,-1.2473825424571174,0.6372857573397556
2.459981416212477,-1.2733661303692814,0.6067088087030023
2.905412378859171,-1.2344117318219288,0.5835466319342997
2.544702085229685,-1.2518883231046738,0.6350823882867654
2.9823542572136343,-1.2435920677663628,0.6169524006485511
2.852504788141503,-1.2162107880346664,0.5528588946246221
2.6044111041309908,-1.2332452527063633,0.6250502209255671
2.689914092649077,-1.2506295431414225,0.5809516928772714
2.7460699644656215,-1.2580301281403217,0.5979023767747724
3.162064486615396,-1.2249325627334653,0.5805810563616041
2.469324409990773,-1.2218043630880862,0.6395555650666719
2.2505749109015816,-1.257406006867122,0.655062057957099
2.277737325518885,-1.2397850010027769,0.664317403216172
3.1206973498841375,-1.2303298326438674,0.58126603299126
2.8956826530559114,-1.2571581444299371,0.6108059379844868
2.8508646299396734,-1.2321929685169055,0.5954686176644901
2.704864158395552,-1.2594368666848959,0.610463222273904
2.3795078168105572,-1.2603437211918826,0.652863610937887
2.6101677633282914,-1.2365437244601498,0.5935435106691098
2.7762210647410996,-1.2651815204430137,0.6060893405648882
2.762212511381318,-1.2359330644932371,0.6042364394629998
2.5498711250108044,-1.2742913603152004,0.6704926511493421
2.4476677695481266,-1.2553998191991729,0.6161473269927571
2.297516636121427,-1.220702834453792,0.6745656861647699
2.442088532291625,-1.2463574214507052,0.5779517592059656
2.6606354110838097,-1.2720269023044848,0.6658281965955859
2.3786044218405373,-1.2358862673543392,0.6618225671003087
2.1401387124025284,-1.2205721194668533,0.6603067614993295
2.676245373649575,-1.245476814276774,0.5760949268299974
2.5284011397977624,-1.2751391827853453,0.6053738545968455
2.214660215320526,-1.2146050694965866,0.6705415631285188
2.529599829741935,-1.2509608320268328,0.6303513647369146
2.5283384050627156,-1.2464706455668593,0.5924661631190481
2.6662129847549254,-1.2552198795531004,0.6049687329572208
2.431078707413522,-1.2709495249275427,0.6490017877676446
2.370022157579016,-1.2693632876534189,0.6563536221153272
2.4196599346041063,-1.2462232119160526,0.6305997571982503
3.170380117716282,-1.2800956551009468,0.5713797380883626
2.6149006845983562,-1.2239733236273067,0.6179684833878882
2.4957541175234432,-1.225336264119984,0.6251505525209393
3.008716664738524,-1.2399621466983355,0.6194141815540839
3.034305066492059,-1.2835999131331817,0.5736165861368103
2.324238210238836,-1.2487290210319886,0.657628331357406
2.5100961370478667,-1.2252607600663217,0.6190221534580211
2.273573208819754,-1.2419433299239595,0.6132195527638171
2.561972861115857,-1.2250268017560453,0.6304973914533469
2.8467054097284445,-1.2308759525105541,0.5952135943672264
2.596078224268508,-1.257028703502818,0.6416708271369868
2.5115447517799194,-1.2300750644150835,0.6405971716280382
2.6213385805932825,-1.2206075458951007,0.6160991599553357
2.757705372266561,-1.220609704687207,0.5913831051302496
2.7531229918993123,-1.2484681645957512,0.6127815665895495
2.540717517238272,-1.2732445517939392,0.6282130365583106
2.7057989659899344,-1.260547459086466,0.5918597423744977
2.8465472855856677,-1.2171128062221297,0.5913927579148623
2.5119290972806985,-1.2304153368456243,0.6386099872661929
2.684203647821698,-1.2639615091836565,0.5890522615377746
2.6624643983475464,-1.2521204667250343,0.6169327282086887
3.1008049694126347,-1.2147749581354006,0.5982755247829654
2.8455111017046097,-1.227098015120666,0.617968704817335
2.6870926941240163,-1.224569574552907,0.5736680088289752
2.8639102608835207,-1.2304560579076198,0.597661307491929
2.025407434429755,-1.257451241032748,0.6748428821667021
3.092974896617693,-1.2235551798551703,0.6240337774906197
2.9341799204209873,-1.2471135564053606,0.6290583582243469
3.0558860674951913,-1.234691348127858,0.6328851779179708
2.3974254833631625,-1.2585923057708612,0.6362329067706923
2.6428570993709752,-1.236432634335742,0.6024772638509144
2.5191324091604224,-1.2783673243648064,0.6250237180792177
2.6667378305751392,-1.2708548813251015,0.5941001347855287
2.53754341616798,-1.2264187774364013,0.6425317051943061
2.4024065629871107,-1.254785608780383,0.6353782568073345
2.579313671611207,-1.2537566410806256,0.606666422773049
3.0040733340369683,-1.2392961955796848,0.6013377485660428
2.33034874091801,-1.2194912779868188,0.6296444716069107
2.381324744232512,-1.2467554696259637,0.6332615096045102
2.7734366592309647,-1.257256454266059,0.6232464230787083
2.497996671237516,-1.2604679460405461,0.6757463075431608
2.6968208126602504,-1.2973923879754012,0.638608317519678
3.0680000803188126,-1.2544503605691302,0.5710191327105981
2.8448992527686685,-1.2647152474653909,0.6077154056659254
2.497996671237516,-1.2604679460405461,0.6757463075431608
2.1066689425023464,-1.2521717308421045,0.6546107548738335
2.949616877411259,-1.2538822074452378,0.5651560482709707
2.723258910948143,-1.2587187068830954,0.6038163904347292
2.5333564746938273,-1.2761092053376615,0.5836566330662598
2.1857232050216098,-1.2645011781866768,0.6915091588492587
2.921558024352214,-1.2564802932333266,0.6128889390597025
2.7067980220052905,-1.2288708774387649,0.6050301353331826
2.636644971925004,-1.2701010717611574,0.6070745844718604
2.2553223758154974,-1.2420333732899107,0.6633079902622465
2.616861225773615,-1.236735406849477,0.630107063334521
2.6182232567815507,-1.2465576811095296,0.6293202378276335
2.671395602098541,-1.258852751130904,0.5915566489110112
2.418926441278583,-1.2254969726991567,0.6701014808151284
2.5834325375580702,-1.2265410747770238,0.6360933423984229
2.6517282969519163,-1.2301907751474477,0.6162400638454661
2.666575317325077,-1.2121020737547266,0.6305930724066292
2.8404997390609252,-1.2328332675510285,0.5463274481285803
2.8687387190208296,-1.261056061001679,0.595921018640722
2.6458929570234213,-1.2379524559660324,0.6001246969961178
2.4178623648602793,-1.1987794045995046,0.6072441899093552
3.385536123371132,-1.2354569301003693,0.5798493702949739
2.9094376658090186,-1.2461502310432884,0.5970480558837548
3.0814857294918276,-1.2346693637819237,0.5848478637090203
2.503446419506352,-1.2023137805272532,0.6380213642757944
2.9301730227062968,-1.240528620889979,0.5592559815142686
2.3459582174760696,-1.2708509013385845,0.6711271328375298
2.8874882031145273,-1.3068933439986283,0.5869155292383813
2.763737956892167,-1.2290955581512,0.5983385363516253
2.2747141623452376,-1.2580285716533166,0.659517412237887
2.877773298051488,-1.2386096605192907,0.5795989449479941
2.2565063582292657,-1.2532544047213356,0.6630714229196503
2.911041322454067,-1.2058141767695814,0.5948364321895655
2.16036698396559,-1.2283225317953865,0.6874658577346328
2.149049088078552,-1.2202184197058499,0.6605872284835235
2.8414399679880633,-1.2310896602733779,0.5942702787850741
2.8034316144103752,-1.200378423639422,0.5912875998116295
2.161306163307422,-1.2274613753629269,0.6949066520614198
2.3983167096511,-1.235567503234544,0.6530743645338729
2.6137294725055185,-1.2442274070823385,0.6265844018337066
3.2354002300907676,-1.2436024220088941,0.5797382593636116
2.679999497249105,-1.264101335544512,0.6367027306619908
2.2552703082109495,-1.2397197962497255,0.6570668739377731
2.5561407405074776,-1.2507123618432232,0.6339365095147463
2.898268929714167,-1.2472922390592156,0.597982366662672
2.3386445031551437,-1.227093311281471,0.6364574304131642
2.369016747081664,-1.2317349804862525,0.6426327557070962
2.8715634251358715,-1.2577399745533377,0.6142626923816897
2.9939186870437444,-1.237691575805986,0.5690893849531322
2.3788958754215885,-1.2394751310255496,0.6394921133823318
2.5690737860222987,-1.2359676847232355,0.6420421062388649
2.22986505860951,-1.243596082442016,0.6627847943436609
3.0555942018230624,-1.2386229677859586,0.610288400759483
2.3871628600599015,-1.2247493477352132,0.6242745627814205
2.6352115591203518,-1.2437024275552693,0.665016136275689
2.2248400072749175,-1.2443545459169936,0.664309406152437
3.2960013073800196,-1.2341140659571768,0.5611791795212818
2.795567274512981,-1.26706846977999,0.6264822071854447
2.3011019175205627,-1.2261678134798557,0.659443461692329
2.758839130628611,-1.2514638186731897,0.5957646498355785
2.884766118873152,-1.2377311474365296,0.5883446742361249
2.816385956152117,-1.2770150781181033,0.6138954503213594
2.851350149065562,-1.27787221744988,0.5746444181385129
3.0466414595134785,-1.2685722630594263,0.6027281628964353
3.0515217233930803,-1.2444500601859927,0.5830659316652322
2.7175479183067766,-1.264680509471118,0.6145704795750468
2.9035251457358195,-1.2769681082857516,0.5831793280166233
3.083034859242266,-1.265301801506457,0.5985876959980708
3.0035621298310797,-1.2310168192307636,0.5741629094487535
2.738583487360122,-1.2662372518728524,0.6054545058761466
2.3236947081790817,-1.2345406531529088,0.6446114729389939
3.0094358930314393,-1.2641315326041873,0.5910262598547316
2.4531221755642485,-1.232606371133265,0.6520573464052509
2.953624559816624,-1.228939679953562,0.5985787463463628
2.4023441754639583,-1.241085736567402,0.6368106952726352
2.338980136493241,-1.2212518688509302,0.6433129601895959
2.6642329834570364,-1.2352053086711372,0.6213307715037559
2.5924971935643883,-1.2236392313184965,0.6097403845500357
2.3765672064282257,-1.2566582227552798,0.6255133362612532
2.470461386069142,-1.262777848095633,0.6376621734689636
2.4615530048343053,-1.2357730235268585,0.6388684004417134
2.9683002096425555,-1.2140119061627137,0.5976115077794153
2.5669658539006437,-1.2600942665254213,0.651891996888759
2.4713522587016903,-1.2656839351894877,0.6300921555800665
2.8486328566555508,-1.2444684626749671,0.6098595428241553
2.4045933271455966,-1.2716186079693212,0.6111267173923908
2.2533659188015505,-1.2375603658561387,0.6497089468648445
2.593283383597511,-1.2264334220276398,0.6133309313680374
2.920185783314482,-1.246613623460539,0.5687704451750445
2.685449822034155,-1.2304198401910624,0.6462537480529652
2.665647441800738,-1.2621015055824403,0.6194215301749861
2.742160101866767,-1.2415821336553015,0.6208007111043803
2.8491697520637977,-1.2314581183318678,0.5402334499769069
2.7288524253300213,-1.2321098874658873,0.5708910317944025
2.688894335095387,-1.2214940818029307,0.6104528223021419
2.703447706237313,-1.2764574041885897,0.6135889794504574
2.8056815295325084,-1.2254421817956778,0.6065828107766247
2.184571419584939,-1.2653809210325786,0.6393186966548593
2.752502221747263,-1.2407084057315552,0.6139407356791661
2.5762915648486553,-1.2412439164613795,0.6386758901430792
2.870953002713304,-1.2282981167821054,0.6352206333287832
2.3817968430131997,-1.233405956466149,0.6144232870817362
2.818648287601538,-1.2458200966509958,0.6221908305289863
2.41509118442009,-1.242078849772634,0.5985089314873178
2.7319221592144585,-1.2413253945908695,0.5830005266640538
2.841140301213463,-1.2408720738850088,0.6216844306655308
3.0695798620066497,-1.2297583656651223,0.5581525592818626
2.430495242194523,-1.2715886702682253,0.5918034675850157
2.875976384038191,-1.2348737673816632,0.5813912642295465
2.6758365130526727,-1.2301895667662348,0.6098747847274862
2.8524840641688813,-1.2286410816506603,0.5687718134413225
2.7612040396094613,-1.2373665564767182,0.5954967153881274
2.903006813598241,-1.2295614649082978,0.6044370280084888
2.4362614954518182,-1.2162857305962032,0.5825228888709155
2.678130383109909,-1.2418898994428786,0.624275311526207
2.5496640920284306,-1.2398028767881153,0.6431126245481367
2.726342138256864,-1.2322566989041897,0.5726414757888626
2.906949032469157,-1.2488405649752448,0.6012958407344882
2.8281871268967493,-1.2307303179336484,0.6148779594492063
2.4543531159989187,-1.2436469120652518,0.6335455166260969
3.0006679405734253,-1.2291403271548644,0.6154405924351329
2.847552983873026,-1.2537989001620549,0.5927359365756849
2.9930891511094826,-1.2411694672278726,0.5793593472793602
2.3978284497004654,-1.2511405691331627,0.6447408356056938
2.216384671257986,-1.2421908807674464,0.6332461120621354
2.976517550735634,-1.2277856113835115,0.5816883421524093
2.2288908617510286,-1.2473981405953016,0.6559902731298206
2.5037112390313223,-1.2543352023036445,0.6591224801368619
2.3071712285925794,-1.2496759281500072,0.6321886729771263
3.186217981086254,-1.232302081425815,0.5671676482108269
2.2288908617510286,-1.2473981405953016,0.6559902731298206
2.704788823491868,-1.2300460833843354,0.5714590073297079
2.9264648186653144,-1.2191266094291295,0.5960962415129842
2.4400831874715667,-1.2567543683185785,0.6973807300903895
2.7252491419454548,-1.2592698018711996,0.5991969638879168
2.886450211851629,-1.2586282419708883,0.5921857824511032
2.767636641945803,-1.228539497967374,0.6117585703654388
2.6165252049494754,-1.2252139340059016,0.5598941411318935
2.8352370746443487,-1.2710647120683194,0.6113548255465575
3.044513104560924,-1.26416609037159,0.6174290370935367
2.6004720066844396,-1.2289777351598061,0.5986359298458476
2.8943156547470443,-1.228358331893825,0.6157939109478474
2.696327817306262,-1.2541688612383992,0.6388815143085135
2.478419801465638,-1.2496791461270158,0.6058997586030245
2.7949288156369723,-1.2470278269160373,0.6107141942557309
2.632985150085586,-1.2406609143764564,0.5954545991773862
2.621193434367852,-1.2597916646731075,0.6295637454357399
2.466009190902415,-1.2729372556195067,0.656965325066812
2.3630770942686463,-1.248536029907678,0.6393826797082913
2.7191994214252095,-1.224573150942148,0.603468009498237
2.3104663019551768,-1.2382656101359026,0.6103170814884791
2.297385519839178,-1.2607729152297962,0.6515436389632548
2.2771895026102347,-1.2325031511586637,0.6572920956518892
2.3237771917755503,-1.2600291946131217,0.6449110962751065
2.4646988145326105,-1.2471673607667937,0.6322838933971862
2.598660134949095,-1.2482568788130641,0.6340615295317449
2.848033217828981,-1.2354711948433328,0.6259017456601874
2.415212295181279,-1.2395075261142878,0.6244553781622446
2.558286874726609,-1.2324380329086568,0.6166497102278133
2.390956872804313,-1.2430995557797095,0.6467151575490109
2.352540386995339,-1.22679580090092,0.6203614899259081
2.409491996543483,-1.229355515809127,0.6378683864690993
3.0934801071523843,-1.2554086678594438,0.5937285542627283
2.592931652119137,-1.2252653151819108,0.5984004891572968
2.527210037540096,-1.2544583636080424,0.6291824693878822
3.166732957456958,-1.2475959508201668,0.5553003670917281
3.0085677908944923,-1.2526850515957373,0.5450386289073018
2.6543013260543598,-1.2467613638428465,0.6026896210108061
2.382734972246154,-1.241934576687151,0.5922504037734879
2.300351679554377,-1.2381018051958759,0.6433583630051052
2.4807506572476363,-1.2150166830723161,0.674896617954115
2.5503355885983185,-1.250623589303566,0.6331319191973885
2.5719166401202234,-1.2600886271777523,0.6483660780291923
2.282227976607653,-1.2825208919232638,0.6304120472895355
2.915975313841199,-1.2276273180793398,0.5802468420074197
2.5216506782911563,-1.2406418406368696,0.6311790052066981
2.288674837462074,-1.2593810601649154,0.6378476741992427
2.3885927448751283,-1.2656062011917737,0.646899290142967
2.399629114998674,-1.2497457547372457,0.6431752999776122
2.487025542572378,-1.2383123794580586,0.6215941795897832
2.870807895637882,-1.1979501664451153,0.6131424537189
2.848196983617812,-1.2383093369887763,0.6255202104792776
2.780255930532332,-1.2371187518945475,0.6116990501837349
2.4160939424448333,-1.262153314952016,0.6479741844247573
2.332805129480923,-1.2188727079831738,0.6318137525719524
2.7286893314736274,-1.2558152250355186,0.6196955764910288
2.362355807836194,-1.255162959456604,0.6642480845471695
2.2292020763460503,-1.2448391212902705,0.6527326234096156
2.4554037402257194,-1.2511965396342966,0.6622339414376601
2.526626831824929,-1.2725982242133675,0.61514933587931
2.523490805612723,-1.255655731709838,0.6422190076604477
2.520871820068588,-1.2370842713741834,0.6319156772360305
2.641639776687744,-1.3022426346956673,0.5862685583794588
2.9087573907309454,-1.2519051979761762,0.6217243543618693
3.170846645041948,-1.2235181433910631,0.5664622704291573
2.5704818712618436,-1.2380518424929343,0.6420406266212247
2.9833295145238843,-1.2642976350898258,0.6151509571025761
2.3422484750639208,-1.2253655928523488,0.6236440426058646
2.9798771245646427,-1.235279460685207,0.5931836106131789
2.53994530245194,-1.2329154542960912,0.5955478849673868
2.206078728320845,-1.2890723436726146,0.6317952537368462
2.4601829248306104,-1.233691389311624,0.641893148910898
3.0017730158639857,-1.248600852500147,0.5916354518802754
2.4617609734249393,-1.2265028428693914,0.6304266582209389
2.460549928437231,-1.2124712788295176,0.6316218355019217
3.038872235086646,-1.2481519246082116,0.60396837418497
3.035263531612259,-1.2625470174959283,0.5915512583827321
2.53888080011323,-1.2742352207596988,0.6421343176794039
2.2926459368960583,-1.2771808254001822,0.6356288138299809
2.806361993133114,-1.2188733363747593,0.609580662201189
3.0376911110030327,-1.2863395750074254,0.6043627694144712
2.3499434566083455,-1.2484457618229123,0.6401474329000958
2.7837156728169137,-1.275336745065818,0.6197832618545556
3.0919401526285584,-1.2776614269664186,0.5934690061208958
2.6389755352234996,-1.2356662114121186,0.5983020988062622
2.597641872184764,-1.2371740325608653,0.5880417931393047
2.5901525720880616,-1.2658482049739908,0.61594379872805
2.917859331615222,-1.2731831390041384,0.6004570195484257
2.1943729631262694,-1.2674711161612369,0.6392329539832351
2.627581808468886,-1.2317346944620542,0.6090346485867955
2.6494513211246464,-1.2680265038545708,0.6251957488634272
2.8446352142894793,-1.268253761606998,0.6129964558700475
2.1363315591335534,-1.2294797664953416,0.6673790485310522
2.5643782158669532,-1.2466107011000045,0.6215804727352772
2.97578087831403,-1.2208516066567945,0.6004390113837903
2.946739598440442,-1.2724992144406466,0.5887771069553379
2.2651259010963045,-1.2423760225632505,0.6644396667207472
2.6515619114133533,-1.2213233695701553,0.6191177339668192
2.9491308549131725,-1.2666701200045318,0.6142179560072164
2.793567101098121,-1.2263656337229678,0.6223543283469664
2.9995209204602507,-1.2576751962205617,0.5402746613530273
2.710180244483772,-1.225552678450036,0.6080884584267431
2.9818787017003836,-1.2695395466012247,0.5982680780886106
2.6592376111989213,-1.2179950772039427,0.590486256648028
2.122576639154985,-1.229396278626365,0.6494519327465973
2.6966086825504894,-1.2387815542055898,0.607285364471245
2.861739596364903,-1.267063656160999,0.5824114937423476
2.4741327851256574,-1.2344515644050555,0.662375328178285
2.6897827886905668,-1.2593929412764484,0.630172366443303
2.9046026913275838,-1.264026612495771,0.5860412718794045
2.780122761912151,-1.262714457919274,0.6251306683407626
2.787420841272549,-1.245847413752802,0.6385743109656988
2.3470069524819936,-1.2004000575110356,0.6181154442560225
2.8384844471670716,-1.2617104362033158,0.563910511763888
2.6599204994296426,-1.251763705529284,0.6024992076069408
2.693491389706988,-1.2496385740114189,0.6340005399430825
2.4025229446978744,-1.2263964734983142,0.6413763036866517
2.928075591185842,-1.2216026919476304,0.6152210893832036
2.7830591621451672,-1.2472994129780632,0.6319304363027256
2.556498995817091,-1.239269961426911,0.6035576494374252
2.6032815803678653,-1.26501648543556,0.6769200269081416
2.6686389364146166,-1.210537757974563,0.5789118658823909
2.564118990495776,-1.2495040344511197,0.6285284915701274
3.1090946391056904,-1.2224029271332422,0.5635294881471614
2.3913680726641138,-1.261638886134267,0.663136740965781
2.6918990985101385,-1.2854086986398034,0.6200332406226395
2.7458844759317267,-1.255288217959697,0.5929644763394848
2.372767621821542,-1.2548525890062938,0.6505111868958661
2.4011503250482744,-1.2230179273827626,0.6209397897510561
2.7401588810350184,-1.2895585094189155,0.6247771665767518
2.3000627152179964,-1.2424910041125297,0.6561018099421023
2.52859530587577,-1.23021505446837,0.6210191433478468
2.700047903685291,-1.2474552022187173,0.5825467048903974
2.6825965280983772,-1.2737635295666385,0.6196830705431946
2.312806011380548,-1.2568746402538487,0.6614763399038699
2.6806562315730353,-1.2018382116891722,0.6202647003366184
3.093565077509365,-1.2388722599686497,0.5973370481184553
2.5536076020286123,-1.2802581222489906,0.5977483129796802
2.361754586932248,-1.255168652715159,0.6617271318093325
2.4411030429995826,-1.267202721980507,0.6318566188709671
2.847960381725102,-1.2072287359181781,0.6081113076245719
3.0510632039052212,-1.2668767642346148,0.6081511095046795
2.617592153313625,-1.2297146442484839,0.6217606478578862
3.005470354550461,-1.2327308779976904,0.5836464359071531
2.946665466186118,-1.2395600426165128,0.5974423771367106
2.8642443298445714,-1.2547161092898536,0.5914163259762644
2.684038097005255,-1.2438375630335832,0.6217759016737381
2.126636691622174,-1.2633031255062153,0.6810675059616367
2.4637355157536494,-1.2284042140521414,0.6208237293451251
2.3867163352905503,-1.2294189000047142,0.6445028136825186
2.7102796759354755,-1.2523528842660934,0.6020197527371249
2.292561165718633,-1.257236916394424,0.6211231202686301
2.516251514206112,-1.218857918946616,0.6006654277986122
2.571226170090766,-1.2612065540781507,0.5840376620380753
2.5668779495031204,-1.2391778405662284,0.6210164618849003
2.6880159229281797,-1.2594030235307856,0.6488063347188695
2.8763288766558284,-1.276331578636396,0.6189704500505859
2.7902099837308794,-1.229298257192517,0.5937818549293463
2.7297520400064172,-1.2494482478239815,0.614789389224896
3.0491796604135737,-1.2260830706466528,0.5945348765245918
2.384305786748038,-1.2145774986014362,0.659628040849799
2.8774669261034256,-1.2582176769282498,0.5977270773723015
2.573586051765538,-1.2667082888078407,0.618498548456188
2.421282846821279,-1.24649450092189,0.6488903305927828
2.447767024249705,-1.2022010879907112,0.6577532693388759
2.3827634470610315,-1.2508161399305642,0.6024993017889619
2.573586051765538,-1.2667082888078407,0.618498548456188
2.7127085980893098,-1.2592304087029296,0.5992317599579685
2.670930631693837,-1.2983622878768954,0.6203783618176115
2.8714475143014684,-1.256653060536804,0.591597338317023
2.3832840770252783,-1.2493351048052364,0.6327549100688832
2.858601653875518,-1.2632111883084498,0.607416618256765
2.622618459708581,-1.2930349377813286,0.5984251097966982
2.7391345974870447,-1.2475723862492805,0.5688404377242988
2.4603722506744843,-1.2446169971266041,0.6542900715962144
2.4352775232271435,-1.2341207750379894,0.6397286498154626
2.684471964364457,-1.2572149960453043,0.6192568971777743
2.7374006771433623,-1.2240922424168328,0.6326708746826861
2.4113227316201726,-1.2462098793035032,0.653590561837444
2.7765529815151884,-1.23077146599438,0.6041860185706229
2.461066102743587,-1.2424867785816949,0.6232258047639677
2.357512166858513,-1.2116846229124965,0.6440657401971656
2.423822926071217,-1.2455838916178914,0.6535095164144398
2.966567458179227,-1.2575225096016824,0.6025620952956388
2.4228280031427643,-1.2504802823224885,0.6286471913095204
2.6143095926613045,-1.2275995195716471,0.648167478882732
2.3575132222976354,-1.248812894576147,0.6629990931313791
2.906880558718895,-1.2345884147039745,0.5616826423946771
2.642774686299349,-1.2456772225730326,0.6072127939141136
2.615196514738595,-1.234771383402222,0.6562220586752203
2.400213424909134,-1.2343773783533378,0.6203307172094088
2.5623593800557094,-1.2439755756359652,0.6105056656342592
2.5081719005096046,-1.2618970559250267,0.6214603307116408
2.6388779001294034,-1.234996061673473,0.6646701604998762
2.487815355213837,-1.2192008478574357,0.5946301117884694
2.4232441399523696,-1.2421689473409063,0.6205336292070616
2.409085368013905,-1.2728857368852518,0.6594470712541045
2.514035971155422,-1.2279014958032444,0.6481136653121079
2.9674425587840734,-1.243976415288918,0.6297032339841725
2.8686162178986487,-1.2446739852196875,0.6148959065463445
2.199045395886273,-1.251959478660217,0.6252371648172422
2.6831133389709874,-1.2156167925779717,0.6358009672559474
2.566296546724272,-1.2656442414023277,0.5913008837506181
2.640823849253895,-1.2648524569177761,0.596828282608497
2.7808891772441076,-1.2763385224118697,0.6539309048177258
2.7019348368136664,-1.2358761000638319,0.574161679003611
2.6187531609850296,-1.219541271746727,0.5869414977067255
2.7470864291465085,-1.2244791906258528,0.6275959871980038
2.2480036244908743,-1.2716059901390315,0.6371846236150313
2.5874254155099248,-1.2514062911562325,0.599105153369829
2.9649289434614343,-1.2551373428593153,0.5939348904084795
2.508219357194882,-1.252214783159297,0.635454000730612
2.77221386165814,-1.2301713979445512,0.5518217758272635
2.7277182969674065,-1.2489605308734328,0.6000811093910243
2.870734495725035,-1.2515082640540969,0.5824668698551683
2.698771277903557,-1.2437406352968483,0.6057256467410437
1.9887792316372634,-1.2823214687358395,0.6696647911211293
2.40403448306236,-1.2291000666887864,0.6322482270754859
2.870734495725035,-1.2515082640540969,0.5824668698551683
2.330178585765691,-1.2509767238244822,0.648174584767045
2.3274211149117763,-1.302245922632095,0.7129725727774007
2.4789884496317494,-1.2663465265538334,0.6286339541168235
2.477608919084592,-1.2095851688146537,0.621183850842171
2.7042556384393555,-1.1969582965414303,0.6180200482201135
2.20144077865014,-1.3004219910161698,0.7031152989044159
2.8254670467131784,-1.2163307617682566,0.5928199938229783
2.2857073017360854,-1.2730422001550774,0.6180435263532634
2.5810625529073445,-1.2916572128498207,0.6182188932560223
2.25362291782832,-1.2779420357760043,0.6333244495820564
2.8677070600776133,-1.2607536479020183,0.6069290712412314
2.3454756376271035,-1.2707681248381888,0.6168166907899344
2.9904482199997537,-1.2300665808734936,0.5866839152626749
2.7841901016897785,-1.208399223010084,0.6317905749556276
2.7611909804733457,-1.2318315598106813,0.5834263352337594
2.785978100965658,-1.209258075370211,0.6595011515250899
2.563047211357819,-1.2542029282188076,0.6354044994662069
2.5059488815476176,-1.2149588024671678,0.5964305201272945
2.78244691628124,-1.229874870991214,0.5926772700771851
2.674686321202414,-1.226159001756611,0.6379431567242401
2.67943574402467,-1.2278913170762273,0.5931797959198977
3.12143139650123,-1.2004906314877575,0.5729299094126367
2.5736574819436098,-1.252761896731687,0.6198725525255372
2.3265708674495094,-1.2318682637155185,0.5858504429262397
2.7841764453843574,-1.2312738010374074,0.600889758971568
2.985299208407322,-1.196952958687077,0.571876644805489
2.852710348634516,-1.2532025139877545,0.5907579700730026
2.899577215721397,-1.2435770222390612,0.5637901024394392
2.572458918851733,-1.258010855439695,0.655219704052577
2.527336269667635,-1.208472114082723,0.6075687392282613
3.066020394049468,-1.2534821235974603,0.5787503966548797
2.594487122215729,-1.283283294995529,0.5851839677207716
2.5002160915521117,-1.2534116077988393,0.6526146749219337
2.3884954765301165,-1.2342067407799915,0.667055146001777
3.1968673193329518,-1.2480888961535024,0.5604455271777521
2.8482853816516798,-1.232800932328886,0.6295114241016783
2.5750285860468387,-1.2311493497123538,0.6140115188272197
2.8578284636881577,-1.2560538905210852,0.6071045303370889
2.2893990583215076,-1.2273643678261081,0.6554628835002306
2.822692599425113,-1.2500771828726778,0.5644573293319564
2.344893494403107,-1.2547651940046078,0.6433308668962195
2.7958241938970203,-1.2494035138938302,0.5913547686698589
2.2635220921583477,-1.2297286150898075,0.6536912240965647
2.887712488101548,-1.2516516824988708,0.5696228717354473
2.609884181865208,-1.2618201916316083,0.6291937536597659
2.497178319060165,-1.2399496753813983,0.665641969496404
2.2347756971184323,-1.229550293336668,0.6719291287628978
2.3675694072795253,-1.237421060271251,0.6200907115424066
2.5818281872679893,-1.2640140555471617,0.6245018290318044
2.4328906116592144,-1.2329429897054947,0.6516545924799179
2.20923482669655,-1.2334719342887084,0.6514241128037364
2.840852826929825,-1.2357452313682036,0.6078089042873248
2.4897590479082825,-1.2490198104564785,0.64213805250302
2.4495145265125604,-1.208164625258094,0.6502372907594269
2.2965252186572744,-1.2394827077155584,0.6500004217433067
2.6532914708489606,-1.2655050880628962,0.6591872673928554
2.615257274984137,-1.2465506824856285,0.6192745671846234
3.145088207911434,-1.2855736650534502,0.5664895137405094
2.450151037755421,-1.2287942221236,0.6337577046904944
2.6495500654076385,-1.2409485309318429,0.6069567385632212
2.5194579089767912,-1.239597928188897,0.6376122630905744
2.5017289122529247,-1.289757664809732,0.5952384258009197
2.550158687001616,-1.2480307396725192,0.6323245105316818
2.5531258567065627,-1.2445186686489649,0.600796244399486
2.8426310535232857,-1.243094472575937,0.5940746965260346
2.624176126309777,-1.197946121172644,0.6476168435660552
2.672162801818028,-1.2329870395748492,0.6181146971609326
2.6585431814652414,-1.245601473334428,0.6077500949812691
2.591884435160355,-1.2704004066922652,0.6259768101306136
2.6033520357519553,-1.2546263104833442,0.5994760627317114
2.549017808240281,-1.2502954223293279,0.6445071826745414
2.4576448761842506,-1.2432178740682926,0.6283419082786056
2.8291246947544355,-1.2555034454001175,0.594939773899836
2.3689762632747735,-1.233399553955529,0.6295312177369677
2.6157292329101622,-1.255835068283723,0.6532732155791678
2.8025482594997464,-1.2677813386869112,0.6100136878335192
2.589602585627281,-1.2362390280124396,0.5959394913852382
2.4387308047782885,-1.2387738321137547,0.6124218958028864
2.5608281369208465,-1.2416835627456766,0.5961742357265434
2.645480925105864,-1.226974749481209,0.6095528266675593
2.459339982605501,-1.2583807865615997,0.6256642960165728
2.678683733081749,-1.2442871751056512,0.6211360484509427
2.8372957771214944,-1.2679751183456232,0.5880671017836637
3.0196024418890044,-1.241081822062983,0.6236187208718834
2.373602213041143,-1.241036573254149,0.6538394502449082
2.3374238590332133,-1.2732264079590636,0.6386750728767108
3.040916988668414,-1.2808048939792869,0.5913284337147082
2.397932076649496,-1.254693872128,0.6686820852265183
2.344891386557114,-1.2559884121637774,0.6282643672947031
2.6272686501533813,-1.2567672679457573,0.635441755357157
2.2275781020097627,-1.2486916737699911,0.6478617326715198
2.4289333539503946,-1.2491766439395562,0.6720292166641553
2.556910271978389,-1.2327258037664943,0.6029120502601744
2.9031840772146245,-1.2277627704121812,0.5869565550785037
2.8721558524274537,-1.240396110138203,0.641781930951227
2.1809385748413606,-1.2628337030062073,0.6504386030901077
2.8563603813278218,-1.2119136441934037,0.609409103212232
2.694567706215671,-1.234480501884672,0.5945046531855286
2.4502336524823343,-1.247073752746064,0.5827404394252288
2.9644745800652883,-1.2402334178766512,0.5934251372008544
2.81095398626704,-1.2157978120652881,0.6080830045042042
2.987696440052777,-1.261949264858239,0.5948299599780165
2.6965079044899376,-1.2709375257051738,0.6194948004679525
2.466723828635042,-1.238958715000763,0.6536199800641376
2.7154127535144728,-1.21787233293467,0.598558802346904
2.21657679436003,-1.255591896564423,0.6225052608336178
2.986498433525092,-1.2146633795159787,0.5650733666269613
2.8339266842363577,-1.2256250538955393,0.6022521139341338
3.0025627214322235,-1.2577658076039837,0.5856778040981897
2.698102355168662,-1.266055147219919,0.6442292529939483
2.9406591372358077,-1.2257524825624144,0.5979842834568242
2.779270851232093,-1.2570368329096118,0.6089340351848594
2.510332378161076,-1.2138744857178885,0.6254652383118476
2.3482782444486836,-1.237293676337245,0.6224509639843616
2.9929846799179662,-1.2191709749550066,0.5961033380270565
2.4421812141028174,-1.234329129483036,0.6356432422999172
2.586495232557054,-1.2376714727740032,0.6223720362644164
2.538358529257472,-1.2274260341966632,0.6355113451727308
2.9943576586999017,-1.2346713244810401,0.5648084498272697
2.852028957127235,-1.2323811281973969,0.6091548984407317
2.7173663157817622,-1.2428609771055756,0.6091905246985225
2.572846275370913,-1.2242746434725016,0.6202828119690155
3.2100592480938337,-1.2564899929126456,0.5872671956744488
2.8008498461196405,-1.227850233540252,0.6003367777191202
2.7829225677187863,-1.2711494263040106,0.5986724320918919
2.587076307194651,-1.2367253399139857,0.6155982620959045
3.057755061733532,-1.249508483958159,0.602763041720241
2.817349676197981,-1.2902511458200465,0.6524025324079218
2.705332412849351,-1.2245966358232754,0.6130275326450935
2.7964799608174116,-1.2449424925311696,0.6131521002900515
2.9299705293464657,-1.252288243617051,0.5997009660418946
2.209267289750519,-1.2411836916696264,0.608761569439382
3.1530288509798567,-1.2265870081942887,0.6097078639041484
3.3141435765297733,-1.242921042298409,0.535680595869317
2.9398160500506925,-1.2510718586193879,0.6016578505084342
2.1999420320959526,-1.2328155148735365,0.6323963055890749
2.8856348521581165,-1.2502059057673258,0.5466316754475071
2.2819100690715906,-1.2203952364483441,0.6711791451511612
2.4246597516599566,-1.2574033902045487,0.6242735863277733
2.3895641910874614,-1.2561046633566448,0.6468134715555647
2.868079976822478,-1.2471660637498467,0.569931890552028
2.493132064722583,-1.2450133726550612,0.6302350317333001
2.7382018538145454,-1.2509790529916291,0.6441299003865036
2.9096167469220595,-1.2279355088269803,0.5860879051190543
2.680952181974237,-1.2475196335985108,0.6379561231353666
2.844837924760218,-1.222190161771477,0.5945556993972285
2.2136570803514743,-1.2383021475227947,0.6390592031508149
2.9515251174186816,-1.2512865401452682,0.6089767196647338
2.6887211723455793,-1.2642695801584696,0.6012113879935653
2.5996745309189304,-1.2596511218848647,0.6300914196813321
2.649877477532918,-1.2511352865217575,0.5918329658234023
2.508770525453769,-1.2532315687801985,0.6040506039935856
2.3571877637200966,-1.2272840827489258,0.6535935825118026
2.7489762655669345,-1.259614889348707,0.637460488796524
2.248294029820548,-1.2388179968189266,0.63354094372299
2.8623635848112077,-1.2684006289967704,0.6103687718205486
2.709366633690335,-1.2636328555795142,0.6005251940880431
2.7237135473621867,-1.243900801416467,0.5607758557339778
2.474932135547407,-1.2650111258880443,0.6723318796044396
2.8332953969589454,-1.2531058010185279,0.5724141187543144
2.915151660508341,-1.2343972521262017,0.5855302504541773
2.6062526170600546,-1.2584610024109326,0.6604813246541993
2.709817548695798,-1.255773301398688,0.5866889127551167
2.70615730608538,-1.2488669576847693,0.6238360678572041
3.0847756980290884,-1.246354114980338,0.6131981418124426
2.549044367896068,-1.267837505507639,0.6202045959661372
2.6520729003947205,-1.2675489902776782,0.6352028093610441
2.3852361548314245,-1.2377604316761521,0.6523908637544871
3.1134440123490434,-1.2451887970902038,0.6165795008297639
2.2504483249647684,-1.2322435098068183,0.6683651282747888
2.779819896145477,-1.2703241033644115,0.6234973638030038
2.8899219775256784,-1.2328911311891273,0.5769486888718168
3.020906654486294,-1.2570778718572724,0.6101127795471225
2.5311893477324796,-1.2483237839205694,0.6614374252021876
2.9457562688061363,-1.2717953757067733,0.5894528960544895
2.605882441409473,-1.2293658212059075,0.644177242702027
2.386689988472522,-1.2296777564766344,0.6558882245530692
2.958960948044743,-1.223466544041565,0.5988158650939618
3.3979519196268915,-1.2597881220549694,0.589273389448718
2.503324178969999,-1.23245137945427,0.6294641155753982
2.7294511937885044,-1.238055761704147,0.6379848381545967
2.447816762507205,-1.2655861929620116,0.6362840447921836
3.4722578036035996,-1.2425822214378306,0.5690487752986493
2.860562916843864,-1.2670838049701982,0.6311311406759939
2.5779966690978404,-1.2452571980025389,0.5965228987505196
2.8238765935034316,-1.2203157559557438,0.5897193001988458
3.302795430247216,-1.2356757313061935,0.5583915423833676
2.783137853243731,-1.2193162348935138,0.6420498733450897
2.6803205920716606,-1.27330761351443,0.6364080244581094
2.983077764867659,-1.2229410865498236,0.6149233876199766
3.113545523298493,-1.2416004566023604,0.5753681814122565
2.809236169789423,-1.2572083187323002,0.5940660431064325
2.5305504675419788,-1.275624249819692,0.6201764068800754
2.3343210197644932,-1.1969551997330992,0.6090947692133455
2.1853199171521824,-1.2230304769776335,0.6649940087905258
2.9616751103256145,-1.2668311069373326,0.6120880761686568
2.618384390933973,-1.2562300612727542,0.6142063080205185
2.577906583660075,-1.1940050352604394,0.5963162276180146
2.2238649648678575,-1.260808226740213,0.6621923362386393
3.018821114081397,-1.2701175400919362,0.6137911068007779
2.6845841716638814,-1.2723817256968724,0.6304116766187705
2.3908554205401797,-1.2208139010969987,0.6683905985038072
2.4336606964799903,-1.2192254956623745,0.613789023712453
2.7422039202826323,-1.2397073220631143,0.6005103381264701
2.4955174703375005,-1.2608042175776313,0.5991287910799327
2.5114952543387328,-1.2346639219527549,0.632727512490164
2.5406917675779193,-1.2504722645886848,0.6058815387082425
2.737624905990968,-1.2303462388258446,0.6145276061854228
2.2585984199518534,-1.2316851796524428,0.6638429625190128
2.641319391442588,-1.2428234994901317,0.6423468480539116
2.5455572246620144,-1.2355456895180235,0.644251292600377
2.5510084409129967,-1.26283789117067,0.6390437398662225
2.1939612768405232,-1.2281006670935763,0.6806392143624638
2.4235336400829754,-1.2232611137240075,0.5944117797113629
2.4598454311326274,-1.2479205480622197,0.6317639181247952
2.585794876342676,-1.257103905220077,0.639053154738475
2.971895185287142,-1.2437288816236312,0.5809801722328684
2.545026453140876,-1.2064009898641823,0.6346248310693741
2.46216804980224,-1.2543988288158596,0.6160732292580123
3.343627906006272,-1.238729789284234,0.567826761594714
2.565788367204565,-1.2815266362512359,0.6272920670444798
2.771574707768294,-1.2613329299214877,0.5987429499094109
3.06019564313571,-1.2171507678401827,0.5856938281350477
2.3163726956855806,-1.2442053822416477,0.6681090880193116
2.2526133763403577,-1.2816941718893555,0.6111910951333612
2.6207607336564567,-1.2509637869751087,0.6202491582393093
2.348296379619869,-1.2738145642295207,0.662299264352348
2.4385448192777393,-1.2501105954844653,0.6438294237526008
2.521414891605319,-1.231616109031193,0.5865864734882337
2.6421610126881716,-1.2480926695414114,0.6130045588114221
2.6355464809744698,-1.2500445254130381,0.613313602971769
2.457303142692963,-1.2538752644973707,0.638543945805213
2.921185074965241,-1.2199847395037753,0.6352497236778039
2.5324055867467146,-1.2399909641110132,0.6377170025781759
3.0162248996612684,-1.2450097654328058,0.6216710621445969
2.846007406397107,-1.2516236032313517,0.586722810521185
2.515954297045552,-1.1922795762372052,0.5892373261538909
2.837905959807356,-1.254599275938338,0.5939309244034304
2.571965890267866,-1.21987758278951,0.6099331039627567
2.25000681697698,-1.2373140635901818,0.6676737753758527
2.60124834043683,-1.1943546278854695,0.6206537365429416
2.5874201589329466,-1.2389945421194073,0.6523187021766303
2.583035865443102,-1.2256293782661205,0.6128281512599697
2.5606835958689755,-1.2810833477617776,0.6252759574257836
2.921448697473449,-1.200801251762904,0.6072704065359521
2.822251769499424,-1.2527325153438242,0.5838396955608508
2.584110862945516,-1.2354977235016371,0.6230454282086014
2.5494008982193552,-1.2798334539393255,0.623361653081809
2.7465763849536193,-1.2209738499957317,0.6161102565549341
2.64637311887621,-1.242935115913372,0.6367803440761006
3.0148551878017056,-1.2364196014059667,0.5913690475385297
2.534831963984273,-1.268007862413954,0.6139564660577015
2.434254274487065,-1.2060323353885711,0.6392770867006
2.3946998475116086,-1.2681089059264146,0.6249414151457693
3.163252217283603,-1.2402060417076444,0.5823476848442677
2.834986806907763,-1.2099504006207786,0.6101013198276188
2.3675543538246986,-1.1991276896878904,0.6488088991105166
2.5746943112177916,-1.2381254050316852,0.6602939231160562
2.5296747559757553,-1.2356289552339241,0.610548612834766
2.445527979863572,-1.227509872448042,0.6264216362390413
2.4399710185623813,-1.2264263695513105,0.6416593903025792
2.5137096212833994,-1.2331381458365802,0.6095179479575344
2.2781917830352283,-1.2526742522593612,0.628227962117598
2.2207932012497116,-1.2492031855734618,0.6312875011342642
2.820884766876687,-1.2518992613017434,0.5964995520444868
2.7023505385974054,-1.2089713269300213,0.6232119966247865
2.490008742394191,-1.251078821262649,0.635315584244381
2.189263822377404,-1.2490629523678995,0.6262785202151213
2.7986020775059806,-1.2444138086094774,0.5911453717000629
2.4574091402666998,-1.2275491183167941,0.6547921380687312
2.6420311048816405,-1.2394016001094557,0.6200588788534959
2.569743070334155,-1.2640655916982837,0.6336522582236397
2.7092785860981268,-1.2429755213737523,0.5840819763351104
2.445370905599507,-1.2180689073077753,0.6261749221200477
2.4463085971535583,-1.241010052523295,0.6376470707762009
2.3816719289024406,-1.2443563018200867,0.6185711009427283
2.9025920826615796,-1.2448832185011978,0.5796812169314373
2.7963571771955418,-1.2563138044704072,0.5863374462436229
2.6638070499944706,-1.256541733665811,0.5978001328790881
2.6270425402127096,-1.2669728919207615,0.6492032696336346
2.601510571591108,-1.2244085588814348,0.5851159961975222
2.104013740958857,-1.2414909573224013,0.6417771896845073
2.643093082759174,-1.2288109702174361,0.600185495764304
2.4441222662185793,-1.2673636528954508,0.6595306251032169
2.6918652596292767,-1.2379404936880045,0.6211097747791726
2.2505985497338052,-1.2427350368514554,0.6852902017046905
2.6304051950111593,-1.2457873700865396,0.6194108707643854
2.915622914928322,-1.2199057296174933,0.5737900995134066
2.3872665528919743,-1.25462647735314,0.6283036048652592
2.039861556208947,-1.2273954542802608,0.6967943147908097
2.6288487639324294,-1.242722768969448,0.6187725659900051
2.9592580601855216,-1.2078918401183665,0.5499079737673719
3.293731871597341,-1.2273304962942826,0.5697466945209014
2.109798962808156,-1.246322231968619,0.6854465311035751
2.6376523553751188,-1.271144756740399,0.6247472735490222
3.3299491589980015,-1.2386530183208289,0.5914023534425765
3.1924015526445166,-1.2336548701223398,0.5855378110047865
2.3499252640846873,-1.2521117546505702,0.6711022949221421
2.559613551737217,-1.266568145794563,0.6291697645072449
3.345926806515324,-1.2520920531922675,0.5707275719896339
2.4771909468327316,-1.2545761334048362,0.6602632342321842
2.6336022250828686,-1.256457315994343,0.581630351586785
2.6244062813387847,-1.2355661454959979,0.6509477011895042
2.7197879362345447,-1.2888766986115374,0.5712500160832134
3.1088135326961344,-1.253009743277562,0.54055103558373
2.4281498534608845,-1.2454496516730427,0.6232310002281065
2.5961837712485583,-1.2170689063526998,0.6243556046298034
2.533482662559071,-1.2552781933994548,0.6170860947151194
2.0172639096675624,-1.2309016133053778,0.6806387694678849
2.7533126223481674,-1.2603401157159275,0.6394294709227096
3.031214464520698,-1.247004017737912,0.6056261145790912
2.253317142279963,-1.2482698634726097,0.6560123326123988
2.8699569012329404,-1.272732713354896,0.6099799340043529
2.138681883912223,-1.2351944249560953,0.6491903034080032
2.9152071571179192,-1.24663827474799,0.5909394972584779
3.0535660307868215,-1.2771748409734975,0.5926751356228145
2.871767516470982,-1.2781623651438814,0.5626443494236417
2.979008481152715,-1.264660526444692,0.6037736846717182
2.8495814320368384,-1.2751149464425822,0.602586889779922
2.8332317961785685,-1.2701470015651601,0.550767411295259
2.8041604142863563,-1.2392563457934598,0.6257856158906259
2.2408710021168607,-1.26881575644032,0.6152439160700213
2.8961136495227517,-1.2854799992996986,0.5581244204765805
2.7424216127532275,-1.2741030893518233,0.6355905069561698
2.2525583663763813,-1.285354860864102,0.6740418372161795
3.0396065201747686,-1.2685012051908209,0.608567114640414
2.844958008880971,-1.272916692371487,0.5757092461125102
2.41044052523383,-1.2396739787979945,0.6152050064166465
2.2431338871147166,-1.2830119729198723,0.6749494960867097
2.555968419669202,-1.2319238433101547,0.6477125474807474
2.3516883756161975,-1.2125968837789804,0.6286757867625984
2.7763331310463255,-1.2229168628718872,0.6600372947734198
2.1403112965710496,-1.290967411351961,0.6626298937796256
2.6075102160049384,-1.240941095932803,0.6551889998105709
2.4532364386743226,-1.2671987809726115,0.6645103085722183
2.6040983159399143,-1.2279456849403747,0.6465904672543193
3.0157720747521495,-1.2287293112677036,0.5921086814475827
2.7043127284053035,-1.2478040160519583,0.612957903417221
2.289326840680713,-1.2618815634488474,0.6639214562107637
3.0198018145379635,-1.2675759058622882,0.572359485055845
2.295647269997783,-1.261700192606543,0.6441485316321095
2.762486165362364,-1.2533174727902006,0.6372987647266699
2.773773797256258,-1.2342892317955694,0.5808230853151802
2.8252071389482194,-1.2607321582325706,0.5663595720562594
2.4127076738683897,-1.2360317063331807,0.6365633999930013
2.598388419829715,-1.201659084347998,0.5874206870398011
2.5396919579721047,-1.2216649077405626,0.6032305029206342
3.1103699371558378,-1.2863216252048684,0.5878631264781644
2.4495347397515808,-1.2559256044966305,0.6346414044101085
2.0465512302048077,-1.2875208603764696,0.6796270212652218
2.6071188821979487,-1.2207352792640467,0.6184129860125276
3.272208856290771,-1.2892487302837365,0.5552809510095823
2.5032486319545195,-1.2552167554457736,0.6545708044618233
2.930593185245469,-1.2554779934981048,0.595854711977326
2.6803588055672303,-1.2622680385474385,0.6022967723706868
3.199251242383973,-1.278803596971158,0.5834812581907451
2.5536306470784726,-1.2599923124336516,0.6257595526245222
2.108457468352837,-1.210793743506364,0.6642651542925176
2.85950288695421,-1.2177094877127326,0.567240353216507
2.98290795009866,-1.2717442374787444,0.5870380843115451
2.7462257092373106,-1.2642268683844176,0.5982928311581958
2.7013456325094203,-1.2318542409878452,0.6332280843159409
3.311889276196257,-1.227881890045433,0.5629702646986879
2.922552793074562,-1.2322715291270918,0.5860424168182216
2.3751039861368124,-1.2126981668660752,0.6411568579909894
2.5204756891154587,-1.2363076159639677,0.6041329059518009
3.4578409018581326,-1.2201651992645717,0.5443419623255112
2.3064011053788636,-1.2508399987468284,0.64994958772367
2.42876483697009,-1.2278035072668843,0.6425104817445333
2.7203167711545677,-1.2226368100094596,0.6283999118224352
3.0229099230798884,-1.2542364537574915,0.5764626317410404
2.373884584393666,-1.2483625252822996,0.6474604734450166
2.5268636362575596,-1.245326282190557,0.6266765900328677
2.76857120429762,-1.2299094207409473,0.6051379618808573
3.2122715969446527,-1.2451044421946373,0.5737770548947457
2.5302836446190664,-1.2575477596762654,0.6170476831765297
2.6829007325023984,-1.2428315667085914,0.6131854748062695
2.5360403645311496,-1.2366286331064396,0.6137822542716491
3.313415983629773,-1.2474350972863464,0.5870126049275977
2.2801522595345647,-1.2576581067863177,0.6610735342589983
2.6974694893098707,-1.2479032250098536,0.6300396035521815
2.5165052985064373,-1.2487079829549168,0.6236035784144471
3.1554937740833897,-1.2530635044962508,0.5778052418735047
2.938725025776969,-1.2451341507608498,0.6103194121406472
2.416056160702615,-1.258691681791996,0.6212147961715924
2.989001555601502,-1.201565456859062,0.6077177687891084
2.7903587388134388,-1.2663435271805608,0.581738911663413
2.6040466935455377,-1.2314002504840673,0.596280806746933
2.3596795107876605,-1.2445481925660187,0.6104181115040129
2.293173254081415,-1.2647343295695046,0.6743642977901565
2.7075176558136316,-1.2632990022358368,0.567067176474129
2.838053586486593,-1.2400785488711101,0.6237462838401295
2.3761232713339924,-1.2289454347754605,0.6317126362247265
2.264270440234536,-1.2568538337755424,0.6440847194391636
2.957543627507956,-1.263867367870704,0.5656278872650792
2.5494356029359695,-1.2320016961105154,0.6017841049036474
2.514181603223863,-1.2204749902037804,0.6364663729194904
2.8799919616071046,-1.2303809818191658,0.5729721997091664
2.250639204555192,-1.2244640536655622,0.6595168930910171
2.5949091241332742,-1.2350459812181869,0.6065792765902401
2.537293479643131,-1.266408568407608,0.5994796548865308
3.033491079541308,-1.2176933828743268,0.5847243056872524
2.2831023749462234,-1.2481722717697175,0.6691042986640817
2.3534132240484786,-1.2650463952812336,0.6304365846039369
2.42318582837321,-1.2653028998372087,0.5909822337428396
2.5602498971535925,-1.2479993132433955,0.6070243769154872
2.7319394143053315,-1.2130069014592204,0.6039345464421428
2.7322982495058716,-1.2152646400029214,0.5968587266652006
2.8828985639289217,-1.2724566416783678,0.637781847893106
2.3695300807859514,-1.235935511878262,0.6728173001556071
2.846656541841083,-1.246145889466333,0.5807919408824467
2.6404605817938833,-1.2296555613537248,0.6230957573849523
3.090129315533418,-1.2172106364655146,0.5976444036819816
2.688277259488184,-1.228065911114888,0.6171165846002826
2.54255878447079,-1.241594247954973,0.5803534439720037
2.7599884008330786,-1.2475416153604364,0.6002532803226751
3.0196069298502004,-1.2165630494554387,0.602118044826639
2.7245810767328855,-1.2269662949087832,0.6220497008027199
2.9714498603381134,-1.244742020456265,0.604193541232896
2.6809038000629792,-1.220085337422448,0.6195157486052464
2.753510369257332,-1.2664255042010817,0.6096277566221097
2.7245810767328855,-1.2269662949087832,0.6220497008027199
2.5387151002664785,-1.2382204118424887,0.6344875249506127
2.6862639349916337,-1.234024510317515,0.5943695367591724
2.7043702741583906,-1.2481063390246423,0.6321892804983825
2.7503832581305687,-1.2273963034478428,0.6174944634556574
2.4547270487777535,-1.2497238304702274,0.5970998023118046
2.944871184744837,-1.237412890218855,0.6246871518992468
2.6833203480265575,-1.2447150767404438,0.6351754954478533
2.776958811806218,-1.2460687283788885,0.5987911671017235
2.8934031925431727,-1.2090409642897657,0.6303314225989324
2.969352068135148,-1.2275926161441086,0.6129985606498343
2.810935920620453,-1.2502769693402513,0.5904539302295417
2.415416333579951,-1.2346107339921424,0.6489328399033242
2.7444728162976553,-1.2864474819885234,0.6488269053723679
2.4775033463034437,-1.2131275789125393,0.6028681056806132
2.4441276016316973,-1.2409823640175426,0.6485093435407083
2.159442408773247,-1.2735609073030019,0.6783646144916394
2.398062745713547,-1.2669576250557935,0.600530966995689
2.5644982807731154,-1.2350676566149084,0.6654468460837561
2.138225917187491,-1.2442966365319512,0.6696216811688731
3.1957466336428775,-1.2157770968167612,0.5639830925136732
2.6279120183156293,-1.268798888159289,0.6150010149286537
2.8297582495393185,-1.2469411905001657,0.5780322817161739
2.361322660544601,-1.2265050212477087,0.6708883527640147
3.0443257951910314,-1.259950186161068,0.5848342461565856
2.5476679890670795,-1.27389051716493,0.5884571073257618
2.846404548758251,-1.2467708522534393,0.5721906175858376
2.52730922278733,-1.2284473997680518,0.6171576578695152
2.564254733031903,-1.2260288409536195,0.6428172310595663
2.836461062646659,-1.2972409042300297,0.6167483154703017
3.0652821921306295,-1.226191929793703,0.5981434290362162
2.7120046226300616,-1.2274491638294465,0.6257256376411751
2.952689378569534,-1.2376261324860791,0.5986589117646042
2.542373958514381,-1.2827997979405887,0.5979355984909458
2.5457292560064655,-1.2631380801870526,0.6519858303313664
2.531277039966001,-1.2601003415839815,0.5714459979582062
2.656949600760931,-1.2443931334721996,0.5960645700812397
2.6096816786758494,-1.241661110165412,0.6432501960617776
2.2637888611134303,-1.2659225346145784,0.6355036441823053
3.1804066673857267,-1.2336461361339675,0.613165417871901
2.565952367348982,-1.2279469889890113,0.6361017259163969
2.6383291537804556,-1.2426009353059124,0.6405628824304181
2.488714463869863,-1.2454534226769238,0.6160878707492278
3.1804066673857267,-1.2336461361339675,0.613165417871901
2.752007132375645,-1.2282165683765947,0.6290087631268024
2.523771455002218,-1.240462715151691,0.629763629941936
3.02653445268493,-1.239860185801012,0.5960888102546035
2.8250951768539636,-1.241091593183254,0.6093098660765687
2.2975502418690645,-1.2550611490947596,0.6682085028873682
2.5357465534538273,-1.2390284831930019,0.6788976064479189
2.4671425072040276,-1.2419052573711984,0.648703369719997
2.5297543131584592,-1.2454889120751969,0.6092401208860746
3.0271758446646566,-1.2118110293656033,0.5757184546102645
2.5668386804276637,-1.2332008909774612,0.6750368354101465
2.7086871855096284,-1.2399238523171252,0.5846101419998865
2.5850008917540332,-1.2493124279834547,0.6378661669394903
2.799135665611523,-1.264432672565472,0.6059756660066369
2.6985063407161385,-1.2524981577093923,0.6143399101696579
2.4419755048183904,-1.2442770442017341,0.6143157339347806
2.607920928574248,-1.2584398076606984,0.6131691329099537
2.409115498885336,-1.269309422958691,0.6194568270231946
2.5011677939896106,-1.2642862850640766,0.6190203471637251
2.527836610730906,-1.2564673038075502,0.6293348629164828
2.492601519257272,-1.2371399201132556,0.635479711865168
2.470644887980254,-1.2219985095571064,0.6202006143794361
2.675896430993805,-1.2709857256711592,0.6451661412028555
2.8784891206788212,-1.2482237414925514,0.5978798820159021
2.801699183111992,-1.2473172041910554,0.6024982410325374
2.9717191487748016,-1.235215487601579,0.5713176403575725
2.623681607495698,-1.2681184999480937,0.6474887491789696
2.4964007222987115,-1.2497358834361303,0.6306941497884426
3.079023971230735,-1.2351590842287707,0.6000976702951742
2.662239205800959,-1.2154352266664334,0.5966464693766584
2.5300782173700695,-1.2378066661828921,0.6485686629840559
2.535159413787802,-1.2423296859766526,0.6257771911426343
2.2932126503250565,-1.2593310386927488,0.679308901541998
3.144887713186249,-1.2520677367242192,0.5796338451606148
3.055004281718207,-1.2509352099732594,0.6151439506508625
3.0388424025567593,-1.255046703654326,0.5831283704210917
2.2749988833460595,-1.2561682239887944,0.6725097821845152
2.132926948689125,-1.2651524293145389,0.6839694304151087
2.879085891593989,-1.2366286457837425,0.58411360579525
3.06519709384215,-1.2565311427413408,0.6105996176675736
2.314839439384046,-1.2498952067318156,0.65501068110933
2.6590785989593377,-1.2251887023770835,0.6028478101261353
2.804838175518155,-1.2516447853578951,0.5897300627016586
2.720172387342447,-1.2641109433236692,0.5714702059625211
2.0488239148515075,-1.2613369160365873,0.6388866335805184
2.2668956848888753,-1.265285008409482,0.6452962329762663
2.426067688706339,-1.2558580178351484,0.6502612156981468
3.2423989946422056,-1.2665808407201564,0.6044382467858638
2.841768690418687,-1.2368587137779312,0.6576050208087896
2.387964068711538,-1.2714279284910441,0.622794880289117
2.7872999163297467,-1.2664996761325928,0.5974746753862887
2.9530422714258213,-1.2607407553641603,0.5796788456039695
2.658168664031286,-1.2111499145548907,0.5865237359094546
2.3681170937400067,-1.2703166460782858,0.6322695537136052
2.7755694748298674,-1.2107169103039566,0.6205837855784578
2.5640603264089123,-1.2224159810847448,0.6191713068479211
2.7973293406976816,-1.2431187356501192,0.6291217954581262
2.5156255542832775,-1.254423776957421,0.6275637726404365
2.82606432724945,-1.2240292796801353,0.5722691002447556
2.5640603264089123,-1.2224159810847448,0.6191713068479211
2.671166647275336,-1.2501789626458684,0.6194299490426985
2.7154818200148756,-1.2610277842507964,0.5865955426856363
2.9000070218902363,-1.2380695807880504,0.6044837494552044
2.9648017903864985,-1.232605501399115,0.5951975284175985
2.5276517220771626,-1.2543070070171967,0.6337560069575863
2.8398985624095365,-1.2491446286490393,0.6091890468504739
2.8186711084427047,-1.247376232382048,0.6198968945579789
3.045343999896512,-1.2384482329812545,0.6052531255592442
2.395760592669925,-1.2354974711882787,0.6314418357021196
2.580464306160809,-1.2584129746565536,0.6318639674365372
2.7193005796925513,-1.2361919526526945,0.5973786902659967
2.70991497423072,-1.235351687313912,0.5816906865594642
2.5560263725127697,-1.2758905939659204,0.5922424337249086
2.717677352886604,-1.2603228920987675,0.6136964920607287
2.7614206857685333,-1.2442854559244623,0.6073980020245268
3.0993488478870566,-1.2064972329218921,0.6008081611303935
2.39467425184838,-1.2151920411359558,0.643071061832158
2.900494372418435,-1.2589208434820238,0.5952068333764584
3.0109782142867307,-1.2630415768471388,0.6020269958061252
3.0641202540368306,-1.221442993107746,0.5968095432751424
2.298340471054515,-1.2208902235666796,0.6071541696161342
2.9817580015297995,-1.2226648630613473,0.5774235189772555
2.934043506011575,-1.260016110798751,0.578923743559325
3.0292158915265843,-1.2430376819413538,0.6003682817051752
2.3972373021273525,-1.2708751408556858,0.6409014819503337
3.0168330821944336,-1.2310348581011001,0.5513899404982215
2.7238591271322914,-1.290807802914926,0.60546051561332
2.8699221050915242,-1.2399445420171866,0.5708565335487288
2.820548203296419,-1.2404814863391638,0.586559639936527
2.9152874003355937,-1.228822944210994,0.6213556176220473
3.074658955271795,-1.25763611597297,0.5770550826170184
2.6445322273507914,-1.2441819724959182,0.5942324704518084
2.2858553869740903,-1.257565361778229,0.670760263243131
2.3571163405148843,-1.225703912361111,0.624676323324585
2.4913155871395656,-1.2577248732885564,0.6453289755215323
2.6348543406982814,-1.2493579867067293,0.6084770276776531
2.2583980587807706,-1.2156288868193417,0.6298843743916465
2.5262283294354013,-1.2213601128593121,0.6282998035513939
2.6747166898393155,-1.2657697149907228,0.5955729203858406
2.387710988525965,-1.2437403237478162,0.6616300155623062
2.3633778912026426,-1.2313384624671497,0.6893014202095697
2.4931499775975583,-1.2202247830841102,0.6115094178587934
2.477285903703474,-1.2426132252165734,0.6542841671740295
2.310870100431698,-1.2644398437821365,0.6449954050900091
2.5934053699911255,-1.2339110045355326,0.6075915756726114
2.5133491191005306,-1.2237478005865075,0.6019907276489569
2.4985456159315045,-1.261699686392979,0.615907987637006
2.7887139577070648,-1.243100538817285,0.610140970460717
2.682813552414429,-1.2411151584142515,0.6494216201712921
2.3478565224449706,-1.2397615951120815,0.5928347541800515
2.9344077043455306,-1.2351957535479372,0.5936018485476934
2.6888964648150093,-1.241506364888303,0.6354917772381811
2.7421812842489577,-1.224916356603977,0.6548687504032231
2.59413435671319,-1.2525370357374626,0.6506038728887825
3.018852411402458,-1.225188529807461,0.6064497417670834
2.6115981506308565,-1.253332519642909,0.6317788842165325
2.5715086941027705,-1.2372507441194747,0.6287840214185166
2.3410677871758754,-1.2345722705829447,0.6663338145032268
2.744920855926591,-1.2637202662242049,0.6001128865783595
2.767189271169448,-1.2600347210631904,0.596147379593071
2.558409488816244,-1.2652461034581735,0.6446607034017431
2.281148336304286,-1.2420241333846451,0.6573826384113688
3.0750965389982747,-1.255088261479076,0.5787156505449914
2.610094045323523,-1.2729153671690654,0.5728077521364392
2.5046737283251392,-1.2391214698186572,0.6101436038370871
2.5199439923115183,-1.2335368018726511,0.6563690307507521
2.667337160095378,-1.2690571253362464,0.6009605854806912
2.9552582858947605,-1.2711693914295588,0.6028221603477745
2.958924503559867,-1.2615518899779696,0.6013808934512258
2.5454722642569667,-1.2667925960210813,0.6159749169869052
2.401889570012956,-1.253795169423216,0.6405614110464758
2.3339019949579223,-1.2578800421105398,0.6513535321375886
2.9122033521438664,-1.2562466504900018,0.600174323922944
2.3836720061847343,-1.2677937264224906,0.6555631417508594
2.3569230020728043,-1.2313891081458976,0.66301866067592
2.40204262609738,-1.251103806695543,0.6409982711877856
2.4734115235703653,-1.2434297373806489,0.609644745893304
2.507489267340187,-1.2666870248170983,0.6194813988352301
2.3318213925832225,-1.2358904878969759,0.67302056257363
2.6166299528638435,-1.2633808226046628,0.6440560681113882
2.516494825022077,-1.2310465733332743,0.6316801178331939
2.384826070034846,-1.232422838487754,0.6402256770724385
2.6348494624696657,-1.2479575191021322,0.6732456245359667
2.620901421972177,-1.2718779699550913,0.6200939588880412
2.4500724420720816,-1.2546506253387608,0.6395228814184369
2.5668284437268714,-1.2480826603173518,0.5910762908032114
2.786486556249444,-1.2296994406764803,0.6058912484740553
3.1599803014395795,-1.2430965225789177,0.5646700776359781
2.4058547564074324,-1.2560785878853304,0.6300054705581343
2.5351796113201264,-1.2200523225286954,0.6505308278351193
2.809900570749028,-1.2609840806045576,0.5607994570216901
2.0968489955189265,-1.2672601344001275,0.6447096911113928
2.7445778565177976,-1.2286724965849578,0.6102430233807631
2.8115055360169743,-1.2214231764886347,0.6441497271730183
2.828090058911565,-1.2384477339096231,0.6086586683233294
2.2271919126056092,-1.26922565079329,0.6402052566134013
2.839043984778942,-1.2488930579379278,0.5939241476715326
2.4969155688611844,-1.258984136908127,0.5852606384692272
2.859260981736605,-1.2411794140887342,0.6216287046716416
2.3410671533115157,-1.2859641101339945,0.6366527171828343
2.7023381927086896,-1.249087909073227,0.6132930017645194
2.636572901274534,-1.2548557269359102,0.6703454153056525
2.54500498255593,-1.2565188015197184,0.6549793810132082
2.899493515190636,-1.2202904630082012,0.5896661962930966
2.597245204373299,-1.2343116973253465,0.588776209099973
2.068072730853456,-1.251791431837423,0.6738826800825719
2.984692136307611,-1.2398970541366976,0.6029169145506261
2.7820073332216793,-1.2132261579192913,0.5852202680100153
3.1123214595994573,-1.2664728702142578,0.5737273365888343
2.7151763296335276,-1.2320435164513979,0.6143166171684741
2.4400455467312736,-1.2673776724471917,0.6416104095030593
2.510649969712421,-1.2672766761959042,0.6655886255517607
3.073601171171517,-1.2858108313204903,0.5530523175148405
3.0307834701313827,-1.2013602854343506,0.5877259702095406
2.4176127605766253,-1.2723194809679839,0.6301219734844089
2.3477996005998842,-1.2962586269027458,0.6125133312351236
3.2533774081466262,-1.276020543760237,0.5560869217652139
3.101296229823282,-1.1536059615547678,0.5354202336735076
2.7431742228270437,-1.2179531973540185,0.6126086124364449
2.7229069582138012,-1.281505913724965,0.6323818142034355
1.9950142174409025,-1.2252554319260902,0.6866956278078509
3.0924350987860127,-1.222852029450319,0.6096797518525775
2.883330846498884,-1.214243606460236,0.6225325123323286
2.4792900708781653,-1.2675407617769587,0.6214938671646668
2.2883000011955286,-1.251266244763203,0.6584989847201319
2.9836459023162987,-1.2117550353957474,0.6014687108591132
2.8209165014980413,-1.2649158490955092,0.5449903092683238
2.3899595419295556,-1.2610367068688169,0.6268964480574216
2.8979290963737827,-1.2288245188892686,0.5808949370767216
2.445857468546899,-1.2560570044168056,0.6439000442181881
2.825680776326194,-1.2824694380567563,0.5537649076499267
2.716046877485763,-1.279594344140162,0.6167405535513356
2.8764571383457382,-1.236556930722107,0.5871821667816106
2.0142924965051487,-1.2611453468861544,0.6914649142709584
3.1263022426741065,-1.2050242120555443,0.6051265253660943
2.898685475018744,-1.2486413177759799,0.5466527339725608
2.8692217847783894,-1.2361895995355188,0.5990015151741938
2.1647520284361788,-1.2191547002333871,0.6945903774773621
2.621744151061091,-1.211856134135357,0.5727961014820282
2.942628031921056,-1.2509107763237712,0.5572452807386029
2.9536846602160463,-1.2679246303876086,0.5995700306055314
2.5652964647889864,-1.2712917342517402,0.6078180585143859
2.66557886468487,-1.194560299704378,0.5961649924485459
2.249750986571566,-1.2575433978213812,0.6657748431568763
2.8406202586310223,-1.2473527416544163,0.5814830835427796
2.6371890486259693,-1.269583359720376,0.6541597941506849
2.676107828229786,-1.1979570110612308,0.6015984659108179
2.8620995130574602,-1.2751138999373852,0.5268293939988152
2.191271698716693,-1.2161955980771468,0.6472632731329778
3.070005441048657,-1.2218817801932325,0.620153332142725
3.1621823472051194,-1.2669591667605518,0.5893523786706634
2.656733766373927,-1.1993988806287796,0.5941512135878847
2.204759297341914,-1.215862963687281,0.6453240766832024
2.432364885531788,-1.2221561295852434,0.6203065824333099
2.4356764389833625,-1.2854698860094345,0.608059712674925
2.3575277997015975,-1.2604959817127583,0.6382465070920242
2.1372604446202765,-1.2172493669818119,0.6481199334826742
3.02609568870726,-1.2494987633357306,0.5925630911151563
2.302361616937548,-1.2154348134140043,0.6538107939005441
2.4183646677747337,-1.2558293336324575,0.6338159707853267
2.40404287700158,-1.2489912081979393,0.6799150145310806
2.763020645066055,-1.2064125275669102,0.5945717599800785
2.299525089105425,-1.2202330236637413,0.6247648109430535
2.652047383894536,-1.2498299960387793,0.6252409028264047
2.430418121753947,-1.2531829883002572,0.6061335886451176
2.606236639331122,-1.1864587104618227,0.6127058620151444
2.2599807670470855,-1.2072434985168032,0.662221857163829
2.0815774441851844,-1.241680900960596,0.6504252193676442
2.42134634032525,-1.22945441112264,0.6101010186616508
2.190169563315151,-1.2838420009660807,0.694120794375313
2.818528984017484,-1.2634770345296744,0.605700580342435
2.5041640022620166,-1.2274124043977488,0.6566464501776562
2.5434562985362046,-1.2644201987787778,0.6634859042040875
2.3179773653211915,-1.234438114338262,0.6444725652860894
2.5707386997569017,-1.2648809157990106,0.6243317122071286
2.0246122052474047,-1.2628808461552934,0.6577346836775623
2.4577306569849577,-1.2484274412340803,0.5903815336835107
2.3179773653211915,-1.234438114338262,0.6444725652860894
2.3903062980132974,-1.2825687714167047,0.6309139697978127
2.5400237419233638,-1.2360385375613812,0.597287006805048
2.402798150002993,-1.2517331435814534,0.5873242498040512
2.317413989559164,-1.2323773177110353,0.6449536481217059
2.3989181382366214,-1.215584307463492,0.6155097678721927
2.6547234689383976,-1.2435854582442385,0.6431792426502791
2.63678449937675,-1.249637590742825,0.642683681073902
2.4199884301051156,-1.2189775959998734,0.6254251680988703
2.7752269675235017,-1.2831246832560015,0.6195573569348752
3.002356854970029,-1.2441300941605686,0.6081493302883362
2.5438917092136513,-1.2664406237159456,0.6220259812721086
2.848679539688771,-1.2199896051053736,0.6154858153431034
2.3896331709050824,-1.2520049008746454,0.630729964416884
2.680017313440317,-1.227702621688762,0.5871649213865008
3.3307431826037894,-1.2339398426313393,0.5825066531179502
2.5823156393023776,-1.2432938111623406,0.59554244930912
2.567919487131087,-1.2283224968535646,0.6420057014243395
3.0450554968685664,-1.2265791055206703,0.6016253456308663
2.3870900289432644,-1.2337877957289167,0.6405771223884461
2.457793270719072,-1.2266768295693644,0.666742286001115
2.358251683556175,-1.2140222318044052,0.643350797936205
2.964558221419964,-1.234436956735219,0.5618633932598416
2.1784857404998434,-1.2390056118436046,0.6377619840963502
2.3989847987672093,-1.2310333739972479,0.6169708743687424
2.5462153768224485,-1.2031139940066673,0.647195623526785
2.9589365208905454,-1.2239848569540785,0.5552583884313134
2.5357182130003255,-1.2328008099009404,0.6408793078044891
2.79539394811306,-1.283413990738806,0.6283521120926354
2.366092274203414,-1.2154868930950444,0.6140098312054343
3.3234936984305494,-1.241524335862742,0.5844877792946249
2.521154824573646,-1.259457576108876,0.6350715083807343
2.2813733751956553,-1.2696167738339703,0.624888158149156
2.4622047048132987,-1.275617162199772,0.6730258957919618
2.9509551523726367,-1.2488927050094591,0.5615555530210419
2.4985787420816674,-1.2302557632157536,0.6529847088990508
3.0427535506697905,-1.2630084903427623,0.6059754034681343
2.6162653886050564,-1.2375437024537648,0.5900437860725112
2.892932570157935,-1.2606816583202394,0.5766747982449567
2.5079858707496125,-1.2284003329607505,0.5951313578780735
2.5445827728766544,-1.2489541141134108,0.6456557359103379
2.7602840152586507,-1.2548303393987843,0.6363389439144704
2.6703907936226927,-1.2457593443502215,0.5515129166543851
2.293051000804028,-1.2536615821406734,0.6561408092091797
2.499137439213247,-1.243773033752351,0.6294099390680684
2.666811079919626,-1.2605343878326296,0.586111396599691
2.711525393065683,-1.2480893986911676,0.5534373281122688
2.49694180477018,-1.2435990750184127,0.6201612921341796
2.1221509940146834,-1.251930977918849,0.6836154242932478
2.762435241787576,-1.2525330654239417,0.598553883835207
2.768529917187593,-1.2408371159802687,0.5870649426308828
2.2719523820806105,-1.2285253187233616,0.6106818475849553
2.3536218557321926,-1.2526778616517897,0.6661809583626174
2.6827625496266516,-1.2448235005591257,0.5715189519287971
2.4839674427091074,-1.2299860236200766,0.6216161968163068
3.1359379639390137,-1.2656337690934814,0.6182387146100868
2.426303309892518,-1.2412801618074063,0.6413537782763739
2.799115657550072,-1.241590594319651,0.591351465416232
2.50060771737031,-1.2207052870174435,0.6467033163293584
2.676030617246078,-1.2461439133108236,0.6005264335340877
2.887954828679445,-1.2682771077771906,0.5844115842743404
2.8533330596230493,-1.252685981377528,0.613255924560885
2.668146506599175,-1.2592503477089456,0.5879807775092514
2.4842446010012442,-1.2416233554123506,0.6411579733820926
2.8690140907725206,-1.2335222329973838,0.6073583510842329
2.784437978165757,-1.269856559075897,0.5375397201804394
3.1223566373232976,-1.265866090570821,0.5925313027874527
2.477125473280589,-1.262634283866443,0.6359295188933995
2.914220319266548,-1.2341531524534157,0.6075532442693377
2.7530327675646578,-1.2613087677056494,0.5687612732600675
2.5170530607703445,-1.2246320665245438,0.6542483686106426
2.684939760502179,-1.20494801928395,0.5930937360523943
2.797682755246906,-1.2351685101907133,0.5861960257208848
2.860485989366744,-1.2482679004942472,0.5945208175154759
2.1113289613995447,-1.2187626304506314,0.6540339747612794
2.67444256059004,-1.2437618989130739,0.6265248745525497
2.96130012002125,-1.23042646282873,0.5835970387142336
2.4147047404573456,-1.2152310221521387,0.6354578822375685
2.27983110264115,-1.2342604366579186,0.6552752129124739
2.1927074478978716,-1.2542572756732635,0.6759240970290393
3.5171346148058524,-1.2389089392164436,0.556476982228033
2.8480816721091453,-1.2571479605515665,0.5792497192513449
2.9490763023646127,-1.2404160207885866,0.5936251354649998
2.0887065741978526,-1.2750789006002816,0.6813389514629882
2.6274683435268944,-1.2389253114239134,0.6073350462641592
2.669893222451474,-1.2731767379172978,0.5846886240329301
3.361741393250375,-1.2416872461013682,0.5868764912042915
2.1285054610374483,-1.278999041573931,0.66944722672707
2.6566485453593693,-1.247989361646432,0.6106912007964237
2.451895326520093,-1.261593074400798,0.6757053665875595
3.3682099546397377,-1.2413976445032353,0.5948207173283192
2.3734475050705717,-1.2851166511056473,0.6514084444551919
2.6559978126515844,-1.2220670777550728,0.5917916629036435
2.3515316266667723,-1.2427934374405414,0.6424274494986818
2.963761201211069,-1.2305628328567502,0.5947328845812372
2.608783987343891,-1.2794911225888228,0.6069467355126117
2.9388845456013915,-1.2491412671506517,0.614276360936705
2.299778166735926,-1.231968446304304,0.6620591713140606
2.9114305747947484,-1.2282048309429485,0.6103455470474922
2.9324216636995626,-1.2097729310633971,0.5890382010589928
2.318924934406909,-1.2268431986320478,0.6416430734764071
2.8073310796686015,-1.2634703614065492,0.5884554755480671
2.677017763459654,-1.2300424808927473,0.5940476213786858
2.407209483113853,-1.266049822585632,0.6333285481888946
2.6887081367866164,-1.2722305237634117,0.6363514145443224
2.818634961445632,-1.2641848584059134,0.5924472969627622
3.012608596027755,-1.2253643524112758,0.5932901661959983
2.361363105851849,-1.2634856642863521,0.6535636236156638
2.4103556230263368,-1.2126662247235487,0.6853520607267878
2.6026084056104115,-1.211300346081371,0.6322956260808337
2.6179077724193185,-1.2528008791374357,0.61558379486186
2.5801238212343582,-1.2321039849953432,0.6312437528334135
2.351288225470833,-1.2362541901612496,0.6169914529724467
2.4603076300118714,-1.246323431023626,0.6361210104843191
2.6376602866031433,-1.2558448567168645,0.603987795375913
2.327058346733146,-1.2476967219864332,0.6663337894289462
2.949560845620439,-1.2314799274029737,0.6295539872855598
2.5826877127057175,-1.2692850125286796,0.6053036297642851
2.6394599125724123,-1.2506225923073109,0.5914590779454196
2.9334345451394515,-1.2375360751672022,0.5974318459584971
2.198860932325259,-1.230821757425269,0.6260430228216901
2.8772790192505777,-1.2224148339728824,0.6140108140585768
2.0190480504382813,-1.22843959472265,0.7137254029679687
2.540610124360103,-1.2487019459596687,0.6211540461030002
3.1151597885469675,-1.23892656255195,0.6155423977245604
2.78819719238821,-1.2198667955292217,0.5789964282152255
2.34633121851306,-1.2728430798395634,0.651649753440936
2.564623359051377,-1.2532286277764295,0.6294817254050572
3.1917698487518273,-1.2433565634712471,0.5621239304826064
2.9244497102568756,-1.2284778620111318,0.5720207539948068
2.333055768232983,-1.2739525434645564,0.6549387441074983
2.904507541679249,-1.229615861861155,0.5969906875535133
2.793891488437274,-1.2706750105627849,0.6118714610441566
2.8933076362066514,-1.2672726100771126,0.5952660506018351
2.5120774406068254,-1.2614078519523224,0.6315296776840985
3.019382854714207,-1.2070894605573215,0.572881933077174
2.7353681322656738,-1.2670282266023811,0.6154434118625846
2.860046535609568,-1.2157783145780072,0.6271477095614276
2.5395043671501045,-1.2196086725104867,0.633821787958073
2.6151773092498294,-1.2139173663774745,0.6158776947748336
2.3131106672696093,-1.2590497496669715,0.6272860657358882
2.7968711528764887,-1.2119762707331767,0.6029693083768919
2.744350377319531,-1.2221923616673698,0.6297268381968655
2.6693932764521318,-1.2191801609895747,0.6218299332550453
2.5143470739129263,-1.2373102150440423,0.6599656410057766
2.3098921547716906,-1.2455344405900999,0.6469640619174948
2.5586745362522074,-1.2241028838271621,0.6220937801732085
2.6828723572547126,-1.243136761329037,0.5887575702845068
2.531823016448149,-1.2310010268115574,0.6321897450284497
2.9115564436594696,-1.2555774435377183,0.5795350679935568
2.9415007297539195,-1.2231739400822847,0.6226431252748433
2.571098239731115,-1.2543469154331628,0.5805409139121319
2.6655361922221537,-1.2584977059913072,0.6111117317385933
3.0054461668861503,-1.258609990933221,0.5893965710733471
2.5110710870438497,-1.228619585479946,0.5918721005985592
2.803674072262205,-1.2224528795529312,0.6118808152038449
2.7093881589588773,-1.234766965626234,0.6073980300822285
3.175187086317534,-1.2535590618586254,0.5955953271947919
2.97181615311459,-1.2539047004386008,0.6233677273748721
2.3328320588084956,-1.2579264801068846,0.6378346247355823
2.9446914003328075,-1.2176982371297114,0.5979297093744022
2.8169410802347206,-1.2641661948406004,0.5821444808936994
2.1927089005443747,-1.2583585708498741,0.6549232564398358
2.9865094159956174,-1.3026818671649036,0.6337743350295607
2.7307259247268396,-1.230953930817722,0.5956461245331041
2.636100651655303,-1.2549247669664612,0.5733602831921809
2.7609648971443512,-1.2473824422785367,0.6846210896377668
2.9865094159956174,-1.3026818671649036,0.6337743350295607
2.4547003584312668,-1.2398994275764235,0.6144018344380142
2.7104415133250117,-1.2460868040010946,0.6294315881197294
2.619487910384264,-1.2639880340568752,0.6351742849390231
2.823397120859416,-1.2959066598511586,0.6065315178166973
2.656624453381058,-1.2253871171232606,0.6054609489365615
2.7382292274232043,-1.2737013181867283,0.6008413542660663
2.54695741415701,-1.286514304366221,0.6023123651009676
2.869022403344153,-1.3046283532284297,0.578046129640116
2.6740819760935994,-1.2636685486189414,0.6290922236367315
2.757539761640009,-1.2102239877453,0.6184187976965249
2.457511702423181,-1.2717287470907976,0.6569970786228155
2.4770484697225896,-1.2132536647253047,0.6450887090896072
2.7915177197641627,-1.2548498326409068,0.6257967701995443
2.892236943029573,-1.23007646728785,0.6387626767773518
2.92829431148809,-1.2188167268402184,0.601847870721623
2.4770484697225896,-1.2132536647253047,0.6450887090896072
2.124902683332629,-1.2276701587206746,0.6446558329856488
2.888741872645999,-1.2282579344047713,0.6042422911934409
3.0243924569104625,-1.2285907988818217,0.5831972142509045
2.217199727955189,-1.2332447739864063,0.6570184737808468
2.222189822746355,-1.2461774288664433,0.6977112366273033
2.567217964748883,-1.2644444861441586,0.627881939624284
3.022465570505955,-1.2210177046825466,0.5771391837815595
2.503590391154276,-1.2334600599156957,0.679022252577182
2.335084007203908,-1.2695425845065136,0.634605620232356
2.6136780969080475,-1.267307189663488,0.6274954465924643
2.7316170139705735,-1.2627191279478376,0.6044892401689514
2.5931869602651525,-1.2845527383376985,0.6032745102135758
2.459069855624527,-1.2464340471370512,0.6623355625298932
2.403479945523396,-1.283940619602348,0.6145595556813629
2.9817952691744725,-1.2393460511638628,0.5869211834960171
2.8428196778850015,-1.2833439155877382,0.6135423932385643
2.161520820953015,-1.2555032866449605,0.6900395474333562
2.842581249957809,-1.2041479874890189,0.5984439106779281
3.140149530293174,-1.244906024730266,0.5853185923212972
2.190420856463562,-1.2636520735096903,0.666280915318719
3.103349414186077,-1.2379685254774397,0.5920400152725944
2.6625678515230455,-1.2206609291857642,0.6111161698049025
2.852145409448937,-1.2225030865874091,0.5901105598356431
2.2492275474794887,-1.2772574655684763,0.6672965585965764
2.5802882814357337,-1.2473191879768715,0.6489666014451154
2.6591764435012863,-1.234671157197548,0.6293330164052784
2.471617117269257,-1.277880147069127,0.5929252505595483
2.9052574060835954,-1.2181126741300632,0.5854844865814798
2.5985453730049084,-1.2376186320860167,0.6148302369748596
2.906538407021831,-1.270681752939953,0.5915353611109772
2.9415787711007275,-1.285262283978159,0.5821952657328848
2.5876200619361485,-1.24956149555393,0.643244433046198
2.3469592837364663,-1.2568587934904192,0.6617161689280209
2.8647784033388426,-1.2731692297855564,0.5662598061089297
2.3257769462038547,-1.1902132680539579,0.6518999392853772
2.9292062477675085,-1.2494711268194612,0.6032576139933432
2.6033916722755928,-1.224104299391574,0.6416811660536843
2.9163778072164583,-1.2720813131080575,0.6026596021599246
2.465041043944615,-1.2071355098862442,0.6080982582909812
2.470310271059154,-1.2438923785423655,0.6124013154580735
2.9096151242958634,-1.2640204763873546,0.5939253316568158
2.495274921613971,-1.291350163429556,0.6236185603263122
2.4764994645831613,-1.2116914214037382,0.6102887061577573
2.7666021914702594,-1.2513640788073908,0.6290504879934364
2.833579440726013,-1.252415942690551,0.6048562931939986
2.814821562359795,-1.2010610246533446,0.5951153496042819
2.3208082092734257,-1.227826035069329,0.6739757764803433
2.7797424191402604,-1.2467336281243588,0.626974890043826
3.129364086893563,-1.2584545921622514,0.558335292944862
2.68997372686442,-1.259713989545458,0.5955275560073542
2.1190258314389134,-1.2312575856855676,0.6609427936449324
2.558920146268443,-1.2463672869615054,0.6470048525923168
3.1029310063353233,-1.2536312319863903,0.5716597401852486
2.4418221643304117,-1.2460115792588164,0.6681753429868108
2.669701291720254,-1.2426157157522173,0.6316171629997541
2.915743948806378,-1.2591755129497357,0.5703681119949398
2.3913413775570396,-1.23504573264348,0.6780190794640286
2.6834125557958384,-1.2528105473479125,0.6545841909032124
2.3702474059770857,-1.2473260409430547,0.6304826109190821
2.3905474198616536,-1.2109442660243108,0.6135397490921489
2.590921320075408,-1.241607293108088,0.6531259900387987
2.669814485152113,-1.2501052180760568,0.6476507476867853
2.523313542847804,-1.2451501256342163,0.6252924694904421
2.430469769075664,-1.2662766234247451,0.636948363435349
2.5068201121375853,-1.2539479064968782,0.6423567124326908
2.5988043257025493,-1.2448137941816633,0.6349143033287279
2.617860675794076,-1.2463031545725833,0.6347836519081884
2.3615271742615462,-1.2364276509788032,0.6314807573937854
2.855146849649673,-1.2503599947429456,0.5847875312755679
2.2216354164732994,-1.252978008551752,0.6614320511753891
2.3207530204276767,-1.2394055818859353,0.6348608571779988
2.9257661487727296,-1.2587500321498053,0.6034442561868828
2.9842972829752217,-1.2535928420424662,0.5752417236606223
2.3467097599535647,-1.2330852183085441,0.6615679711600847
2.545801643046371,-1.2589370852302129,0.6222144909316033
2.662277424507932,-1.2640759849528624,0.5803479225132064
2.9926496439312817,-1.2669566484434747,0.6039108128339781
2.336388115536057,-1.2112111070314835,0.6428851122783414
2.7041493341312854,-1.2722937721415326,0.5944751306125016
2.9211563719205125,-1.235954822984225,0.6207064199206139
2.3347313120480964,-1.2540912751837925,0.6394399660958104
2.561459759195585,-1.2708063345782505,0.60269432085536
2.9588265175092063,-1.2223379118791675,0.5981113355067461
2.588819124803346,-1.257928164247238,0.6608839306503254
2.5763505025515485,-1.2779457368864255,0.6005102609605938
2.709846071395561,-1.2475111779832302,0.6165802047270817
3.0625772788699526,-1.2462643020513886,0.6100270158879754
3.041604913436442,-1.2357083681446512,0.6151130828056627
2.166368550990426,-1.2867370863780758,0.694869329993143
2.297165677079324,-1.257287984883946,0.6552043491883863
2.8672021515921857,-1.252772967353176,0.5993385520909332
2.5095327794889983,-1.2390826005226492,0.593770454055851
2.2053445721141904,-1.2571561693625808,0.6355843448958317
2.5695195429153697,-1.2204955704169336,0.6341861130865978
3.0188623070902483,-1.2605892511503674,0.614984569050121
2.7451362619913824,-1.2411642252415747,0.6100523841394291
2.6526660310664485,-1.256030959431134,0.6553450969986732
2.5910009768355122,-1.2176292704719445,0.6364353109162322
3.0691679165968773,-1.2570892626137187,0.6185645000177533
2.362368127096995,-1.2454428053944202,0.6503680954443188
2.576012977663775,-1.2384062184784068,0.6337316778566802
2.7372433423407263,-1.2210631024849505,0.6022372188623129
3.0722240651808894,-1.2612173781669356,0.6038862902406654
2.613333588265001,-1.2725945796201872,0.6288597592829811
2.8753558374722705,-1.2351605710237648,0.599054326045243
2.6109634962913595,-1.2509050208363766,0.6064623299889438
3.1569538010786187,-1.2555753528429408,0.6170129317970748
2.312568041429678,-1.2373837163454398,0.5856161619549767
3.2526142714581754,-1.235326550058135,0.5531910883989948
2.856298402117054,-1.2492417814262857,0.6070385875970454
2.8627094213473097,-1.260678755446658,0.6052788775552082
2.5973577054925774,-1.2444887300002163,0.582202348301961
3.300306899913158,-1.2601599232322618,0.5477250575604313
2.4587945918631102,-1.2425959975512375,0.62901267918158
2.9022972908152544,-1.2215195024962817,0.5951533561069295
2.7548230467467514,-1.2396737953457908,0.5890579680042635
2.2120738120789873,-1.2270450762404854,0.6773870388890333
2.897019852531674,-1.234336651620648,0.6076815117076655
2.6531687282906513,-1.2399174013673278,0.6010045696748835
2.71385406120464,-1.2389351140960159,0.5810233961247941
2.343457382875011,-1.2180024871566044,0.6924915637835872
2.507538141029808,-1.264660094571612,0.6372308922261891
3.075354168490202,-1.2597205471800552,0.6011603499525767
2.88806916363388,-1.249189893295145,0.5770357027503366
2.2941037708516507,-1.2403293803247626,0.7062160347180775
2.5279671898613163,-1.2282943493315885,0.6249713019305241
2.930569766632846,-1.2606409469839162,0.5700824689013549
3.039557009060695,-1.2169240231870149,0.5849773101891658
2.3178300661353064,-1.2499903113297104,0.7056427581235015
2.4027119278453233,-1.2236798678720933,0.5969329877438233
2.609373059146732,-1.2395465986014664,0.6208193283089356
3.015671724302815,-1.2234858754690383,0.5883131217062417
3.11157951165256,-1.2406625206621162,0.5748745776987778
2.516367936382968,-1.2384947080763917,0.5949129097979216
2.6334290384953163,-1.2510555350353298,0.602402872579959
3.329016011070414,-1.2484093375830387,0.5595723911612606
2.2012195783488755,-1.2828670209015707,0.6549804333904181
2.613984216569013,-1.2531856366920229,0.6505803400987291
2.704382577265056,-1.233875154199952,0.5954210518627849
2.594328839192894,-1.2798635198462935,0.6004388010178521
2.5200060528558623,-1.2369324187898172,0.6193834467782231
2.4775890784205896,-1.2625508562309136,0.609010325386045
2.7237350066815424,-1.2195613941213577,0.6166872280618891
2.616804132735596,-1.2614267914202315,0.6399536920140076
2.59571223801529,-1.2733282991517625,0.6271664964018249
2.5134478772341784,-1.2704135298420227,0.620568356502227
2.974285394481861,-1.265072331752564,0.5724162081917198
2.621610902137816,-1.2503600273113924,0.5976232917143919
2.3648907355858415,-1.227807296085283,0.6801950601537713
2.485121977342819,-1.2184548378646154,0.6285514475768506
2.6206526239796912,-1.2098041303149014,0.6320514264715161
2.591646307018591,-1.2343960935697789,0.6054730982668741
2.621228480319547,-1.2158227172765241,0.606413499511987
2.4588088709531704,-1.2230309371700976,0.5954208189228326
2.5184944409089933,-1.236219146956826,0.6360318397736743
2.6480549354021874,-1.2359326750654422,0.6023057401299546
2.606350892920567,-1.2140076466944587,0.6378096480785869
2.480279311897463,-1.2376517511990541,0.6650090945288988
2.5235149952341587,-1.264263004067922,0.6172503420662011
2.4554948263594145,-1.2674819747060022,0.6305079386138734
2.8030317744108166,-1.2492422671880397,0.6146810300678516
3.0950618873695066,-1.2376097551569505,0.5480027865893177
2.749834660608284,-1.2854963477064294,0.6106295992131213
2.327266713064609,-1.245156070148234,0.6687128990651233
2.738967524984311,-1.242284790143451,0.6146977722174479
3.2383404170082555,-1.2397672428591142,0.5800356514907065
2.580457547078548,-1.267579054008532,0.6011569293230996
2.259454373189347,-1.2431766325116422,0.650491326729309
2.50011652341293,-1.2423296632716394,0.6079688800343839
2.9543669965307284,-1.2454027905565137,0.5413646347121697
2.472573656653174,-1.2783135305697542,0.6091151089120044
2.2860966869348305,-1.2383035803033788,0.6605269260911992
2.5754666887970354,-1.2344907972208212,0.6157979204798057
3.04620035103649,-1.2472607206405895,0.5538361655412455
2.459672383992533,-1.2784169543749109,0.5997442264197104
2.2860966869348305,-1.2383035803033788,0.6605269260911992
2.2270349991421257,-1.2494656230908536,0.666507198863115
2.86251253734832,-1.2529425417190185,0.6360360344280513
2.942421203434151,-1.2051439610736356,0.58471699906135
2.628327445842081,-1.2319598165552996,0.6149448599331434
2.559988801304679,-1.2225271852446256,0.6176262308155752
2.5102248201266146,-1.2448318782211218,0.6213081124738823
2.5242374254939626,-1.2850364728205685,0.6326400152680715
2.674869100220952,-1.2694760747368035,0.6325983874703828
2.8618804996363623,-1.2345279456879197,0.6162416351498867
2.53752550661888,-1.250523986726928,0.6452930181906044
2.7517512923754737,-1.248535665517097,0.5987783039743603
2.3502030370699676,-1.2237573338389662,0.6745742145686932
2.9419548259706305,-1.2246773239986144,0.6215578697424682
2.7940633328729434,-1.2187573036798633,0.6369665503113743
2.74568452702398,-1.2347337857476566,0.6142074558469826
2.3476160398719736,-1.2278300541274174,0.6322649513643117
2.5975698775614613,-1.2464560527973778,0.6137675439211672
2.748773132178315,-1.259096869506252,0.6224909973815368
2.800654592891073,-1.2428480182905544,0.6094476856541043
2.5157665920272603,-1.224896350076353,0.6360197444022232
3.050584311735213,-1.257390837822678,0.6067874039946707
2.51705478719924,-1.268721503414709,0.6077121591113821
2.852693470553508,-1.2578008809365764,0.6334529693910605
2.6773126756433636,-1.2282162060423896,0.609794840499408
2.2725614345183374,-1.229450429101715,0.600118310477406
2.6589325488859537,-1.2600260038786117,0.6216742252987504
2.5860079551990465,-1.2475506624002553,0.6344442472247614
2.702953150345368,-1.2082347198858556,0.6099450046478544
2.841182382423219,-1.2062699810712183,0.637328658843815
2.751159026028026,-1.2402763866002255,0.6139519961399225
2.7563651953623376,-1.248092621488896,0.5913314476724041
3.3294684297556,-1.2653972657366883,0.5630672915289825
2.8917607693439784,-1.2695811761720206,0.5635267761368378
2.85838598401069,-1.2384885679527864,0.5996032775596961
2.4383785583742235,-1.234228025067705,0.620047234432476
2.919017455991123,-1.275536955554187,0.5666374439039638
3.0600832539877323,-1.2695099064734368,0.5644714801284528
2.82870739071672,-1.2374867092445379,0.6065006275036448
2.4928904076955565,-1.26316448087607,0.6424942590653376
2.671909234305014,-1.2139747198362383,0.5900275934643707
3.0234754068587035,-1.2470466320604823,0.5808896686915245
2.8665143114834435,-1.2522059924233713,0.5789444665599438
2.9035526128796185,-1.226687736597246,0.5987631476968206
2.5882034456122853,-1.21095709368411,0.5868173996594584
2.714008350345663,-1.2465057652637748,0.5909883403072733
2.511684839969181,-1.2556452144479284,0.60759454929182
2.5044252470694732,-1.2936977574388586,0.623805165533628
2.9212730760050625,-1.21835571543255,0.6042694337783867
2.9253240524096364,-1.2376167652261,0.5976969666829747
2.5884310364531644,-1.2369640950676493,0.6038883698255866
2.2975566854059255,-1.287726247045717,0.6031726179499175
2.8346559360350696,-1.2244855821554432,0.6184413134004771
2.2677119195396345,-1.2669348350706795,0.6666599326476533
2.7554757775182623,-1.2326171786707816,0.6313167070412561
2.656601424356422,-1.261068406285738,0.6120125215158103
2.8207793114169637,-1.2245266550570093,0.5995997352031888
2.5702369675930945,-1.2525901206543826,0.6423505279356088
2.8288590546117898,-1.2470760107135352,0.5829857899395597
1.8223807018338165,-1.2460167629527326,0.7089810600263416
2.5575781683859393,-1.2602118876346453,0.6225494907501437
2.804637473643511,-1.2532936633848464,0.6151735217532971
2.6364646475268376,-1.2375655541969748,0.6266721179044047
2.1485084690162473,-1.2334186957128166,0.6814252508909664
2.710825649544405,-1.2484235341718963,0.6100761233865987
2.508607303407336,-1.258206220889505,0.5828934571066757
2.667266442553781,-1.2576436118183116,0.6562329642619146
2.4664209745784844,-1.2533641048382038,0.6131921534546416
2.6356506070546497,-1.2324583145240964,0.6108847053653385
2.8454693077342137,-1.2520536387742391,0.6113461242707837
2.372559115490436,-1.2571939067213074,0.6585667519801168
2.6295038122441268,-1.2567162164240044,0.590949904580499
2.611671161868211,-1.2539648221914452,0.6120249632063981
2.7188481144710552,-1.2238061933774187,0.6079253012159864
2.23828362566128,-1.2422641697158656,0.648918305044305
2.7401331451239637,-1.2441429785881857,0.6219892258406958
2.6869601613063465,-1.254843484082632,0.6404987286779588
2.7936425701619125,-1.2447322819054019,0.5973138454774837
2.5054851473263526,-1.2319952264746077,0.6462541842323586
2.867114083973324,-1.2237240637641211,0.5823044772319377
2.5409195851418596,-1.2450772077662673,0.5989173456091826
2.5561393965361465,-1.2762218514227082,0.6078339052859567
2.8593231091882276,-1.236991096467518,0.5727258373121991
2.472607855478028,-1.2524106870254292,0.6616613619332539
2.3516018037097846,-1.2378402972226634,0.6435678996102321
2.708736308912531,-1.2830121610816363,0.6117545878237247
2.8003298319989387,-1.2404740221790191,0.607076454451079
2.3110835983967113,-1.2613734148375104,0.6668686167472891
2.646690173985197,-1.2125016128322568,0.6220289531143922
2.7355521829555123,-1.25435281258004,0.6090550605224396
2.5420469077991545,-1.2485122652041851,0.6362854139248258
2.1125243432084977,-1.2602435494739421,0.6364766305379354
2.620963164647795,-1.274681484044328,0.6369491150671227
2.6247195056535224,-1.2731592600336972,0.6078852760952361
2.7664167290325383,-1.2751893184749945,0.5969645528051204
2.344843429775826,-1.2462334189935083,0.6578168871762574
2.0435962583010148,-1.222906728523397,0.671118042830915
2.8023538076265084,-1.2750788220771947,0.5766741821131217
2.4164957001750937,-1.224654357820339,0.6615819350998573
2.3998206751985514,-1.2521829058591345,0.6657090281119905
2.3735431353282275,-1.2768957502672185,0.6300885467049324
2.940876933807879,-1.2212041304391223,0.6079449925600169
2.3437867538516843,-1.2354905106418677,0.6355620717553012
2.437841631918186,-1.2322358408821916,0.6121067868071829
2.510433878929436,-1.2788750292989728,0.621806419878421
2.8787846132065122,-1.2366962772536712,0.6083610060377476
2.5705277736338368,-1.2790935252610556,0.627992136371938
2.8350254177525973,-1.223596031834601,0.62568022378938
2.93412248584663,-1.2123733977891402,0.5805944138041854
2.3254432875241275,-1.235033713479099,0.6268340899198737
2.615484176050318,-1.2811391931964449,0.625752631380961
2.6991092766779734,-1.2350664955976156,0.6120625541740206
2.4152790280825367,-1.269988421238349,0.6297456454620765
2.8593882721148747,-1.2370224735515698,0.6044154387375015
2.608048392289598,-1.2150123095691405,0.627240387204617
2.2796299660175166,-1.2653645379877663,0.6535425418899509
2.224448686507554,-1.2876545912908055,0.6493662849566514
2.758567497512878,-1.268666874463093,0.6217676119549003
2.816241052722333,-1.2345070608564688,0.6333591716992674
3.057221182308731,-1.2313883413529831,0.5445230907928315
2.412199025912507,-1.2772697897777743,0.6247326474932503
2.7484485208400913,-1.2413145759692648,0.5907872363654176
2.792787812890114,-1.2419557175312845,0.6296893098353372
3.37730324574198,-1.2460488424661884,0.5330860317005659
2.573181219068507,-1.301068329123381,0.6285378117700993
2.5550579863267173,-1.2536975837239526,0.6580266892557316
2.1367333846679997,-1.2177024198815276,0.6216950674475736
3.615895780998348,-1.2465078390548283,0.562777221456447
2.66332464145729,-1.2009982902207437,0.6483387095137066
2.58640228253682,-1.2440007319717836,0.63151817312142
2.4286286706260536,-1.2533088368437995,0.674717074951694
3.415969925748135,-1.2377623200942358,0.5413155935479725
2.891323021020542,-1.1998970992241833,0.6090505348930311
2.9950854962810007,-1.2604891610061773,0.6108962199160364
1.9524484813766,-1.2533832297975214,0.6670343723053868
3.1319431589107367,-1.2150277345979321,0.5540101900935385
2.9266354564069865,-1.203415771902024,0.6101491335218411
2.35361380553661,-1.2588566371690046,0.6250672797464184
2.3149377850956148,-1.245889856230431,0.6305462683352974
2.8020569949657754,-1.2295158061936926,0.5657991966182951
2.8567056815256078,-1.1973948979291449,0.5980877858789719
2.5212914218914944,-1.2594215404911608,0.5940574381233988
2.616378705661547,-1.2215406181393988,0.6430476775980699
2.406305007835869,-1.253728098451279,0.6029979718555779
2.6740315118748517,-1.2921200402372202,0.6338694471238556
2.8107342758966265,-1.246117410107713,0.6376420934326746
2.3777878829600168,-1.2742443046011374,0.6575339954654438
2.5590585648431716,-1.2610015250421915,0.6437612885101602
2.3192269931642526,-1.2306148269859774,0.6507083082431293
2.8345033064258476,-1.2411200553600212,0.6334031718624187
2.2684334331480573,-1.2715738373182282,0.6514687999400579
2.502804503683813,-1.2393995445104236,0.6842198173146405
2.1241443694370363,-1.2405227513929946,0.6491632877886008
2.309188184696187,-1.2712591623272371,0.6468531346837579
2.4846847387690634,-1.2344595808566727,0.6407855371471699
2.26899277899122,-1.2402960820968223,0.6561796607024745
2.0464428821565805,-1.241247273573165,0.6403430172949109
2.9143197122303293,-1.256380759251396,0.5970496965242387
2.8885502611314977,-1.2606251991674053,0.6161180648638632
2.7245488866623795,-1.2675185816366017,0.609719532950798
2.614971058719803,-1.260776319865577,0.6611652074167244
2.7001267908926243,-1.2128017718058453,0.6026839502160329
2.6269817988158484,-1.2215081750990948,0.5985519122622337
2.6833000522552033,-1.254683695849314,0.6079172688087985
2.840445049509197,-1.2416093068267773,0.5492066519957834
2.7297152032496688,-1.211466133075501,0.6009984839393236
2.3032266013058216,-1.2327828146493454,0.6826428146078269
2.4990760458174783,-1.2468473570309506,0.6353944706157159
2.730140145564146,-1.2511779829338727,0.6439566325135209
2.6447016909854377,-1.2275346180143465,0.592522294687412
2.4514272569084583,-1.244233315709706,0.6551757038409727
2.5890273689303194,-1.229649521366465,0.6241982999692135
2.7782465070737508,-1.2560453154314213,0.5847313308252077
2.536423497744773,-1.2316812002714899,0.6482358307821464
2.6246958381711156,-1.236138098286415,0.6109254868505535
2.6727164275060145,-1.19406016199565,0.6672422481766301
2.908889058873999,-1.2314762017666507,0.5887730487753042
2.320170438325986,-1.2316474829191886,0.642818278496057
2.830821524954525,-1.2622063792890765,0.605974506260715
2.7789702788235657,-1.2589942172983144,0.5852506108131309
2.2097840072002537,-1.291487902611452,0.6437670231363145
2.345925097350266,-1.2664631843977434,0.6457137624933292
2.5348368151822815,-1.2294394226023213,0.6376890590045705
2.7859442742996956,-1.2635694529118937,0.6328100020644346
2.5656860881338517,-1.2255579128272218,0.5909595139448176
2.7390893201818605,-1.2573204452981703,0.6174341190453733
2.362806964530567,-1.2200084276155485,0.6549967142982956
2.414401082898536,-1.252007072618289,0.6171581743255057
2.9256873054041423,-1.2364219613953786,0.6237715685544778
2.780165800278888,-1.2513961143998569,0.6180586744244644
2.6400385822876746,-1.2593332896955833,0.6087366233484509
2.450298479356553,-1.2416474030956728,0.6672463988519108
2.4345558335326865,-1.2722594472642927,0.6236021102653135
2.7114185161427247,-1.2551112463472023,0.6174552471250239
2.7771254844458353,-1.2639783814101235,0.5897102437555068
2.2936571879285617,-1.2552761641049346,0.6321041660486202
2.607475830422248,-1.2675329186708764,0.635736587112782
3.491671832659518,-1.2172521984264992,0.5542510019291246
2.9742992038397627,-1.2651471054390135,0.554270055089998
2.3184428079118775,-1.258283791239141,0.6813940789239512
2.701806720902692,-1.2188612382980712,0.6458433551096852
3.594356467229481,-1.2184096198021694,0.5295978803922196
2.720861532138931,-1.2602834187625576,0.6124613097950729
2.348098322545512,-1.2460929825264067,0.6338336991830256
2.674883270683085,-1.2401389925842035,0.5798124028149859
3.270433296073431,-1.2102618367906852,0.5532059266000151
2.881045503380185,-1.2355291150705985,0.5880343780220452
2.3953297600455126,-1.2477406328832772,0.6646781851307204
2.390313132411772,-1.2224180940560834,0.6418861913709036
2.915592645164895,-1.242332969795685,0.5739441547315058
2.3100389015409974,-1.2446619008464002,0.6626221823339878
3.0547341336110674,-1.2393519395594677,0.5891416091113902
2.94784313829597,-1.260165647878057,0.6139311373805407
3.1038176168416323,-1.2325017862471972,0.5941300261707686
2.1233407507107342,-1.249376667112549,0.6332635089601553
2.855678372053516,-1.2444221171098542,0.6047367899272225
2.7144390859303096,-1.2374665088266585,0.5822818205281579
3.113325776046064,-1.2308227320878158,0.6016147414177868
2.367849894879829,-1.220593608577608,0.6567136294099275
2.6665677867270587,-1.2128966158483,0.6499256293494033
2.3732802749541864,-1.2517523587903818,0.6718720625792588
2.790769067050095,-1.2469809587078553,0.5953273697164518
2.117922522630307,-1.250721354787404,0.6705819815363819
2.572816517729949,-1.2496689959995086,0.6149124851734077
2.202181149091001,-1.2585245079532665,0.6472954358821398
2.5400795967418284,-1.2389573922427415,0.6159279969338264
2.1607732464373197,-1.2300356203784266,0.6893428533131564
2.5929365924012067,-1.2507423012496592,0.6527482139238076
2.126090690265653,-1.2338221726132261,0.7168059134148964
2.865000032694246,-1.2445353293224017,0.5983323405957999
2.1458580347064684,-1.2609864729899989,0.6769875845636891
2.3023404867850874,-1.243404175167654,0.6234465576227022
3.3348682707006967,-1.2377612587647788,0.5260350512256793
2.5408425629218403,-1.2349529843874623,0.6225800320394053
2.497851843474453,-1.2405558264310497,0.6405150847548379
2.581493299377911,-1.2373899688288492,0.6327528332466198
3.0352819019113655,-1.2404271731992462,0.6033973396159229
2.915929960578418,-1.2326264366639605,0.584274045210968
2.497851843474453,-1.2405558264310497,0.6405150847548379
2.781223774720775,-1.229987131770141,0.6298102348396952
3.0586218600505632,-1.237974486590905,0.5823241848196788
2.8251606039523622,-1.2541360059049667,0.6286356694405445
2.431065591913763,-1.2513456314098401,0.6350380464646498
2.682680212050067,-1.21031094879315,0.5854618118256335
2.2652577765359907,-1.2429055519420684,0.6630938912355953
2.7261106513808544,-1.2532534705073517,0.6227450288487879
2.5282837505897446,-1.2543831408816308,0.6509447586492595
2.7528033697365593,-1.21902153602082,0.6046553204309643
2.238066493117434,-1.2524926957469453,0.673207052681028
2.511661775366955,-1.247875935909121,0.6361180205670587
2.528456619957823,-1.251778740070128,0.6628400429471752
2.5305002584425913,-1.2506211596705432,0.6324069733585265
2.4404063408200423,-1.248673951817601,0.6500274967696895
2.373484315557275,-1.2428803840587563,0.6516318567360486
3.1091601018500805,-1.2242633832408611,0.5532794125618129
2.764380357719223,-1.2448526975764598,0.6193221572088398
2.4635597077222773,-1.2410151157185978,0.6603092546729028
2.618364843602489,-1.2501954563802995,0.6156581344907904
2.890758612314766,-1.2489692256338838,0.6111244151150974
2.5898163611739093,-1.2286743028691471,0.639937590137732
2.192250103066457,-1.265534121498201,0.6467329868708612
2.8397071811503762,-1.2484737923362406,0.628214008143348
2.594801792075144,-1.2479578827828068,0.6260837507410947
2.422240864537686,-1.2456986714083689,0.6103964720454971
2.71686130589583,-1.2664735055486718,0.5935173548846618
2.5184161900083364,-1.2410756648164292,0.6386874210041155
2.5536242590739167,-1.284049541851454,0.6236008622119069
2.4116171218894618,-1.2621744765421568,0.6476014962318113
2.7818173689206254,-1.2714222868491787,0.5995450597558767
2.4060281303743993,-1.1935235942559699,0.6331826991493309
2.734921443063298,-1.2681040351586033,0.6319399756597757
3.0366997894800414,-1.2455522841971245,0.5853959740672051
2.793137482648762,-1.2222557478703218,0.6055618921686977
2.390350102619145,-1.2274223362846421,0.6127960207442429
2.296810969032701,-1.2560030690836275,0.6170178483856924
2.448381683123242,-1.2383415955934456,0.6478265645780862
2.426135234876441,-1.2723477002347854,0.6247258763995178
3.1532965861916464,-1.2203904196665272,0.611917547111818
2.2707706629749334,-1.25772398284974,0.5836093997297055
2.8548032220330857,-1.2540182513328484,0.6047479289042441
3.1747286881342807,-1.244716396099378,0.580673817162216
2.3457658272360495,-1.2108354648003032,0.6490254527765053
2.791957442181499,-1.2469497699569894,0.6258093023849176
2.394799059616589,-1.2568697420941215,0.6464626088041968
3.1447168184074696,-1.2496267905354133,0.5490627706653541
3.0258957153851367,-1.2304989552698604,0.5683263059458095
2.5092043632896774,-1.2631803237656583,0.6454738041214695
2.6899980121764147,-1.2528172702457854,0.592805928617417
2.942045210300204,-1.249953040320427,0.5989362664689853
3.2017496924207203,-1.211678320517074,0.5598557375757247
2.8997612378172217,-1.246292443935576,0.5743705067604785
2.1996028937462535,-1.2304614279544688,0.6477565084067788
2.4678050579553776,-1.2532231887285834,0.5906171861388901
3.056643385666419,-1.2164614341081583,0.5693752533561707
2.2148409568896765,-1.2455483391703017,0.6908779536032158
2.213689601876706,-1.2422590175418788,0.6613900088009221
2.4367500498530497,-1.2477148272877638,0.6201869851115561
2.8561328650457476,-1.255916136515856,0.6505253264367068
2.4284228092761864,-1.2281942255701095,0.6095820694463158
2.0714766215432823,-1.247001127012334,0.6643182861580835
2.9030136437484115,-1.2390256940640862,0.6133767181619582
2.578312851421314,-1.2592285447848919,0.6346150930540163
2.971979427916676,-1.2374084791703457,0.5916002243453936
2.809923045581355,-1.2395167488739984,0.586590018765018
2.4701230579152136,-1.2388918490747594,0.6168202568132369
2.4785131248955357,-1.2578072591762886,0.6260562850335354
2.7032109859221554,-1.2429332332219027,0.617719444194699
2.9479310265665575,-1.2906046052755316,0.5971271685892459
2.820979291417758,-1.2335996392514872,0.607049560360831
2.3319953016710393,-1.2352145158304655,0.642305999707526
2.5525731590887357,-1.2679028525160483,0.6105324706504865
2.184061847298362,-1.229124098849852,0.6813490922856559
2.8754128106180437,-1.2496763096058527,0.5845332325184803
2.7023774391328867,-1.2420526931420541,0.582752246226385
3.2192603266900055,-1.2495923833752869,0.5851628172207702
2.3091063672979626,-1.2463312502838222,0.6483888102487079
2.3136654887864876,-1.2227727706966498,0.6382818102799307
3.1336557183956364,-1.2219034423575255,0.5707449163662329
2.7387222887528857,-1.2220323477809025,0.584753358048113
2.1930856221032835,-1.2773900920571413,0.6801893953761412
2.3136654887864876,-1.2227727706966498,0.6382818102799307
2.46905245516352,-1.2275919827276511,0.6303888806444585
2.622670351281548,-1.260433379084948,0.6138149931342747
3.1832779071718766,-1.2305470886622663,0.5466493274993871
2.4335035194050647,-1.2343339810463725,0.6470303033354158
2.1659243416084974,-1.2486946709133144,0.6759104643459094
2.641032616501369,-1.2530704279685698,0.635264649913535
2.990483968044812,-1.2333992289351638,0.5764529864251932
2.29518903703678,-1.2348272530424098,0.6496715869775737
2.5220902103161786,-1.2157037317029555,0.6266520819496972
2.5272123161472257,-1.2520020768894515,0.6257822330897103
2.8965815716514123,-1.2311742516560762,0.6156490541226087
2.335748523863828,-1.2258181962605428,0.6372448945581503
2.46622291541021,-1.2355534554793632,0.6356986709639455
2.525520562349855,-1.2516000788261645,0.6194329468927158
2.304178924996683,-1.2478844956692163,0.6340563443579149
2.4298703233123753,-1.214802540342449,0.6316125422871518
2.521897442555797,-1.240871469772474,0.6306163294545291
2.4736880915506396,-1.2503142267098477,0.6135582514856022
2.4401953081356313,-1.2354542233839414,0.6122586254404152
2.7413886607808613,-1.2059935612952917,0.6864124312290999
2.7208076928718183,-1.251203450756349,0.630155207223965
2.8917134927921886,-1.235201540976968,0.624253331108016
2.7425762585290077,-1.2586889617684514,0.5890101577367542
1.9825745442981797,-1.2121969217227484,0.6238427612266083
2.906965820561545,-1.2323613747540436,0.5882833530068601
2.5756123763369345,-1.2393355151724235,0.5855733777621462
3.0195206789399984,-1.265587219722429,0.6178400777171308
2.5140034231597452,-1.221748787359039,0.6169274943623557
2.906965820561545,-1.2323613747540436,0.5882833530068601
2.4408656090982954,-1.2270447454817635,0.659295585215942
2.941728559384315,-1.26659627364612,0.6078424651555718
2.3480257235035675,-1.2582207806818948,0.6715797757015067
2.87466539807549,-1.243951811096922,0.571644959968126
2.39618973609475,-1.2330420378287867,0.6334139595877802
2.855738232893574,-1.2423455091987625,0.6108334380352685
2.1908346754655343,-1.2497290614821353,0.6797994207350627
3.1638050460515044,-1.2394817484000544,0.5710416035955929
2.481057787309656,-1.2273187660669442,0.6488353363562618
3.005816592367537,-1.229489055453151,0.5434429728143257
2.585131570967241,-1.2493070758041784,0.6428285060512817
2.331318968009276,-1.2479843343643768,0.6582590146527625
2.4236971348057317,-1.2165177915050598,0.6320664787818902
2.9891755461131693,-1.2237678063006254,0.5500852628598045
2.4799045429447486,-1.2418591090046058,0.6231842635078894
2.407020205574708,-1.246027435625165,0.6390248811630111
2.3739651162769917,-1.2229727772522727,0.6461652151422037
2.6603257272621272,-1.267557149849917,0.6260758563599294
2.886768029213757,-1.2342738531199346,0.5653381187734711
2.8396066440279766,-1.2297573154748813,0.5967209186755117
2.7823593902014285,-1.2192756060725796,0.5957334703350622
2.6150219380730664,-1.2396031264013558,0.576582355326103
2.807289636138848,-1.2225675959601123,0.5828252098422353
2.363263716583275,-1.2665393420938338,0.643475801995939
2.681704475888267,-1.2753133906156042,0.6298303489779442
2.5918773096379644,-1.2119248076247657,0.6229799537469437
2.5301473584128757,-1.2623189343270218,0.6107217195294449
2.8484106492232444,-1.2375859205587312,0.6145302730059355
2.324921142960065,-1.246933977288215,0.5948201522438851
2.5460557136688733,-1.2154963510233743,0.6225233243906425
2.893228253759661,-1.255352487784981,0.6104531688861318
2.8484106492232444,-1.2375859205587312,0.6145302730059355
2.9729063137008627,-1.2576964266337636,0.6454951413483512
2.4886218523511667,-1.2140237192759908,0.6292561971914182
2.610041320642602,-1.238559216043661,0.6031904019335937
2.436627923359193,-1.2472739527224344,0.6356020208348057
2.7444840845464458,-1.2490820334412904,0.570753532287955
2.5492335308588068,-1.215874455321614,0.5614883573118372
2.878872052238178,-1.2302952912544205,0.6102342497133314
3.009613922636479,-1.2290744437105945,0.5983873928677903
2.743811761461147,-1.2507685555984056,0.5597367079811983
2.6793054629390634,-1.2110013322382966,0.6295981712398939
2.764017700069579,-1.230222133508581,0.6143524496257454
2.413878242755898,-1.232743249303203,0.6183788888679864
2.6257997264413784,-1.2282085264473432,0.6225535925227675
2.6705519673720746,-1.2249466429193836,0.6453613170541282
2.5189319401820116,-1.2571303173474553,0.642554091618211
3.0040416661874367,-1.2383300771807702,0.6203344178925431
2.130166349560312,-1.2596884378123416,0.6846331575758773
2.592124359736402,-1.203041134418639,0.6432229421542149
2.2004931555328153,-1.24055480059353,0.6195610020134772
2.8690892192487962,-1.2546689585686415,0.5744993114357279
2.527368818330905,-1.2313530077381607,0.6359701218404702
2.747634031105001,-1.2533997533179686,0.5847396341370752
2.500376067940899,-1.2176241071201015,0.5939939368574487
2.575838808821935,-1.2244254920363604,0.6501021385359124
2.2541786867978555,-1.2284895054808453,0.6265906411801723
2.8529830521332777,-1.2842889225045495,0.6114108327490505
2.858664634799719,-1.2103780183952904,0.5843609607575662
2.1817502037732646,-1.223184059442318,0.6267354107891474
2.104797929699904,-1.2742227959803039,0.6618988461822682
2.4218156216183435,-1.2719461374623677,0.612048470079798
2.7001308550675924,-1.2188616741164982,0.5741478880100854
3.2004198203886856,-1.2270417602441017,0.5821739740496402
2.7317633309313556,-1.2260966993222877,0.583874971222261
2.2968952774875104,-1.2803900749777644,0.6350140897358103
2.5454755160160962,-1.2589564221264868,0.5934410143081845
2.511496526413524,-1.2409517706069417,0.6318873184143204
2.857967798299124,-1.229761170492099,0.6012858552388847
2.7466464121826024,-1.2188052732800811,0.6433684155252177
2.530114994381502,-1.2386327783794744,0.6237462689200819
2.5047796108431433,-1.2625128922000124,0.6382519312571172
2.53795205269633,-1.2453060139053065,0.6185663768373427
2.614562231620268,-1.2237033389935952,0.6179975450319861
2.3757028215723275,-1.2280569648683273,0.6452624448403081
2.7597933649115785,-1.2333762499706244,0.6326595052751884
2.9012815507198058,-1.2479396598870547,0.6112289636252041
2.3886412748619015,-1.2030843369919957,0.6639763415883856
2.3885647985382055,-1.2104884782885186,0.6521399241324434
2.863852537278944,-1.2547279125355515,0.6162082052364531
2.821358573602063,-1.2535758982312522,0.617540738821063
2.309613250199046,-1.1988428352108915,0.6545328595959627
2.2180590776646243,-1.217091921870314,0.6323209800021663
3.10418242397519,-1.2285014151103975,0.6116258280390151
2.4552187503174023,-1.2363611114399902,0.657561558817478
2.203504266049586,-1.1921485268626952,0.6542995937782824
2.3639018028337517,-1.2275017936804857,0.644077007882046
2.7129351281845957,-1.2085548435073734,0.5732720157404728
3.0594323122692244,-1.2586314535874394,0.6050430317776085
2.2301488119317514,-1.2074845168000152,0.6368688883463693
2.088690704793382,-1.23616383938773,0.7019997405288532
2.70328333157083,-1.207939344967116,0.5813486059777531
3.0883590882104994,-1.261249161447646,0.6046146505406303
2.4290814042761033,-1.2898193531760307,0.6490534785276542
1.973361883411828,-1.2421911187698627,0.6968115251506927
2.556231298138527,-1.2054081096859595,0.5683654309036318
2.8398282772374497,-1.2607936193903229,0.6352757033112759
2.28361866173338,-1.255719110156455,0.6187903523651392
2.5374989298778963,-1.271809219200822,0.5984450055248158
2.8716643912785726,-1.2310452471407451,0.6648005752590572
2.6686170891056884,-1.2366597198741198,0.6315467501178316
2.9752299183714883,-1.2482710984956693,0.5998313659175958
3.0101497542486593,-1.2660035433829404,0.6321595946489009
2.679249048523632,-1.249144826263145,0.5478477015547081
2.2634291935033275,-1.2709993002693396,0.6556141814707516
2.768586205393711,-1.2544998687882885,0.5881713608272605
2.349515133687897,-1.2805727306219727,0.6104271662191382
2.8443662247968113,-1.265187619615654,0.6270082459489343
3.0299470798448147,-1.2136733474181545,0.5784061224349207
2.660875474579496,-1.2241403113671778,0.5961656428279043
2.7634372657475743,-1.2712956349089215,0.6030793684792609
2.6835628369982536,-1.2702585951402359,0.6320163047966074
2.8346852042360142,-1.222383893811889,0.5423699581529557
2.802046297943653,-1.2163381351489935,0.6191559540983427
2.948649039818579,-1.2398465464059492,0.6269628133792291
2.453797206818473,-1.236592678974469,0.6472026134864048
2.810283603861221,-1.2259350756664498,0.6265242294407379
2.532071908861659,-1.2395094090468204,0.6365583837068168
2.524874227796292,-1.2283131789926132,0.6027641263182892
2.930586465573727,-1.2325445143513665,0.5867567558719712
2.5035271387678115,-1.2078888261662724,0.609432300618164
2.783402256167342,-1.2378270984394935,0.6237819034571774
2.700724339671253,-1.2177063254795821,0.6209159954587821
2.4332974803441214,-1.2715330420663473,0.6428856829047048
2.9808193329736743,-1.225712339113946,0.5746204559019946
2.8068282456388096,-1.2282430277551835,0.6455572103186097
2.2706257874826945,-1.2368643744969905,0.6480310712944315
2.3820032644713387,-1.2501029470116132,0.6243419304388818
2.3942794310032736,-1.257232399787054,0.651472068680366
2.5608318385592828,-1.2446399567684847,0.6251641795785042
2.9316043332032473,-1.232857098169157,0.6096821023453391
3.3200670036911397,-1.2461740673919135,0.6058385750772893
3.0175831601073644,-1.237406786378141,0.5852969886310939
2.6879212238071752,-1.2156628732171464,0.6596015448170687
2.637594549463696,-1.2261502736866758,0.5944748828404746
2.67243245934629,-1.2292974137334742,0.5573312842320732
3.253435505028924,-1.2397974842406483,0.5645153263370266
2.638967386632979,-1.2224933862966942,0.5656656852828974
3.2279073532331255,-1.2349083804920957,0.5813308054565491
2.8111910221130136,-1.2313858051612092,0.5645548097069604
2.8577330781583936,-1.2311314905277657,0.5714650241791572
3.108483717756789,-1.2214214081777126,0.5819911858612109
2.4053437235494486,-1.2348994075002153,0.6229831573908622
3.0135385010582723,-1.2320248607444422,0.555296209290634
3.010634793373055,-1.2313903434636315,0.5629352875020047
3.1524291403918125,-1.2228852184713996,0.5701372299685692
2.812925861993229,-1.2343074731796488,0.5910835971127926
2.580205812107296,-1.2379560338402797,0.6471864851501341
2.3075941506632067,-1.267340546098575,0.6668256298224706
2.1169492109174675,-1.2666679826385376,0.6644924002263985
2.6363024528674446,-1.244578017078458,0.6084475643634016
2.6787732446791463,-1.2214865921464035,0.6007122930578687
2.2840492239524877,-1.2354801014491068,0.6690910898324185
3.2153194436918526,-1.2190541171971636,0.5756832008678938
2.4118437150827874,-1.2371788723143913,0.6368401288326231
2.502744069842284,-1.2648301675275888,0.6576130327615265
2.4998316485751553,-1.2373700476593708,0.6190334279037696
2.8359227340115587,-1.2530296453972387,0.6174053524280239
2.6946484634555135,-1.2514024647510436,0.6036711146681918
2.523063899667563,-1.2580458205526361,0.6376769260267001
2.3544416632301695,-1.2550049600731676,0.6203289201919999
2.3692524533955135,-1.2508949391277402,0.6668554430812669
2.903149733825518,-1.2507399122520824,0.6039925258091215
2.4909232601415727,-1.2561895789284385,0.6136036388510601
2.673009421852599,-1.234060654783158,0.6027234128597657
2.3832999407064945,-1.251940902490247,0.6546560926449101
2.3839911637177558,-1.2489271976020282,0.6418238567947984
2.8083050175270508,-1.2521702397119014,0.6083314711851272
2.6456583573611683,-1.2549600443402549,0.6348968167460639
2.9862080067167938,-1.2385371238405,0.5752457591067879
2.4544158498313764,-1.260159791752912,0.6492049576973634
3.0207762443109396,-1.2378808208211227,0.5851754833959472
2.671785643291872,-1.2305001429977371,0.6531331070172245
2.6327375798083335,-1.2284793467346402,0.5886950235653221
2.3773646696234834,-1.2579293224234465,0.6536561094921153
2.55014885229137,-1.2224158148001296,0.5972845950455602
2.8622732508394604,-1.2285944662631776,0.6582624482785876
2.3663245973531195,-1.2437707035896641,0.6483515902730917
2.7240695048771055,-1.2485427694958091,0.5911807824674187
2.8619030596566732,-1.239275179187813,0.6084307365609174
2.3910216159886084,-1.2437052128663793,0.6080221063057492
2.5415647612498176,-1.2717615886382145,0.6119350475124853
2.5883871608929723,-1.2325055578666964,0.6426566731637472
2.847893554911351,-1.2365049500389855,0.6287977421092422
2.418898310030432,-1.2205435068788903,0.6097624017484651
2.5123098495906127,-1.2513253758153318,0.5880463171260271
2.652209985633623,-1.238784275991627,0.6351266557180354
2.6243021416270476,-1.2186839705268158,0.6217520290351166
2.6046494678980214,-1.2759515454412962,0.6190750190115043
2.6630366322802477,-1.2429505336036126,0.5768963726650133
2.595957795105656,-1.2462740973250166,0.6073789302827307
2.3040546187955107,-1.218645802603516,0.6594912443460472
2.589096398307754,-1.2658295040081164,0.6161809564989591
2.6958802888949602,-1.2466888203782647,0.6337443328573665
2.542045891575588,-1.275273935285547,0.6381867709802173
2.9414004091825006,-1.2619469811726793,0.5761712252863368
2.568736157083926,-1.2926274370805448,0.6379370577387123
2.5949891690274502,-1.2679647675051315,0.6289418035882338
2.378940691185598,-1.2692943105681256,0.6387413758484737
2.557972385029091,-1.2531717992047726,0.6347645552599814
2.4032755830546986,-1.281040148920276,0.6150912771572113
2.506923591366998,-1.2151452107172256,0.6267097901667805
2.4101175415318674,-1.2781875553387654,0.6511795070366122
2.3663245044435564,-1.2440924439744798,0.6406677699612175
2.446087677113513,-1.2529449849329644,0.6449534261530339
2.2963991364948173,-1.216337026925153,0.666107541347639
2.450067243551536,-1.2435965012598895,0.6351866288580679
2.6930358806165122,-1.2452885424303006,0.6508456326863795
2.8341083979189627,-1.2703980348611343,0.6161784295583245
2.2865479212260245,-1.2178505898863685,0.6620077570575433
2.3462351912090154,-1.2661752964127058,0.6613156194899271
2.703634095889096,-1.2359568898611966,0.6272118311492496
2.5582849076658594,-1.2572048043785247,0.6050833360033434
2.556187730599909,-1.2780026120887873,0.6193340802233692
2.3457604277283535,-1.2636631271752339,0.6465230258714048
2.7942429816708216,-1.2213511227697946,0.6100063489022436
2.3432896537530725,-1.2760593306781354,0.6781481727530952
2.381260728499486,-1.2214235151975104,0.6548626956404429
2.4315519859666463,-1.2495934803822428,0.6321433635820269
2.9105345275604946,-1.2597735446099676,0.6033715942372588
3.015381942017797,-1.2242167471376406,0.6273454194105086
2.2327206559056485,-1.2215250023795274,0.6518854649108932
2.694707268568553,-1.2700894399733715,0.6154830778569237
2.572692754124257,-1.23677266265761,0.6423764361070784
2.339531069957901,-1.2204490047714143,0.5995146483590185
2.2963503802566434,-1.2363344439933368,0.6546373619926211
2.5860709400075867,-1.2519736203507836,0.6045709140652763
2.944379255549641,-1.225161399833347,0.604189869803774
2.7307966485275985,-1.2326818219162705,0.6386090510996412
2.204836197575646,-1.225072717800266,0.7115634473106204
2.7798971000403068,-1.2502784680908523,0.6280926132047526
2.41825237226122,-1.2660858985259809,0.656698594609703
2.3094747461697285,-1.279332898913241,0.6156414526951726
2.4472536948277375,-1.261323884798838,0.615178397477219
2.785183142594211,-1.2400584817585492,0.6498040116050962
2.385221326125376,-1.2693909847458005,0.6276656301079466
2.4707094207310756,-1.2924013579307134,0.6259759477332327
2.5645517700411182,-1.2800033502187802,0.6264245236308144
2.6086784342970213,-1.225544728984968,0.6491868160076915
2.893154882724907,-1.2079770172108584,0.5947470248666531
2.42268910763435,-1.2776983427701616,0.6376916961010182
2.506653301582098,-1.2507186411402413,0.6128251363301921
2.6407519463067763,-1.2330241302188436,0.6227206380874569
2.758995480716288,-1.2435707230885655,0.5828180900632938
2.53689722945543,-1.259202066024593,0.6481816011846592
2.5439795486580548,-1.252552082041638,0.6180206515685843
2.62135935275915,-1.2549130441128666,0.634264297112478
2.72483369645976,-1.2610341180965121,0.6042934385685247
2.63376971562344,-1.2398193344026986,0.6046031120726786
2.660914675393374,-1.2485406151511202,0.6310541291105564
2.4323407068383465,-1.250679024519707,0.6078267778946237
2.884853681246622,-1.2475454719740344,0.6180131047841058
2.5869440262362766,-1.2686787729433537,0.6198246175117011
2.3403930800780284,-1.2134924812743773,0.6342706445835492
2.8135209608525438,-1.2577397240365695,0.6312762446757104
2.438967500113524,-1.2396060610475674,0.6220479849342678
2.6785630897562576,-1.2275092915726162,0.5926316747519368
2.575131664222385,-1.2478742263588691,0.6457697889920337
2.442975814813756,-1.261015847328098,0.6090690520233049
2.803482883755778,-1.2566588562179621,0.5755806564870074
2.495895157304115,-1.2648163118421667,0.6208215653050105
2.6140249457635436,-1.252096623766868,0.5776624260624211
2.687464740912548,-1.2384631895454454,0.6088030789797193
2.820120818275059,-1.2597636019978857,0.5697431295813774
2.39947964994539,-1.2473337684275252,0.6543921167164263
3.0109746133939055,-1.2638303433156872,0.6191893298956497
2.4602760625390396,-1.2659207777248584,0.6109842226793606
2.4781683609734615,-1.2419363221586157,0.6251250495132752
2.79970788182385,-1.2644488286555078,0.5980110027381251
2.6877840220663245,-1.2473306596520812,0.5997926509350839
2.882733404978377,-1.24792964461544,0.6432283225991399
3.0639614627287846,-1.2541073212128642,0.5879389363853823
2.6764894419288185,-1.301684054329412,0.5830457211348784
2.5962711569389185,-1.2425231920465627,0.6075021701909793
2.7581029579387732,-1.2446490834480068,0.6315179772057993
2.8014078957566193,-1.2506274898813208,0.5808952161075583
2.3242493385310574,-1.2107801172231571,0.6994183289980279
2.7586066921521093,-1.241019156553326,0.591122836826913
2.5021213689868538,-1.2450352701024858,0.6341384652068295
2.7151539974369223,-1.2297009307736242,0.6146170130115538
2.2144045555625125,-1.2254931271992786,0.6896878246510986
2.3569474253572653,-1.265107986258691,0.6346936766810284
2.666599064741984,-1.2337407799607663,0.5890789281476079
2.834622571531891,-1.2490617735112326,0.6254499784012054
2.5386571924638446,-1.2614633957433143,0.5805758828829313
2.4584252153294757,-1.2313119121873446,0.6139663364617434
2.638253092908446,-1.221639378709547,0.592574554361553
2.3666021017171586,-1.2673063573231762,0.650324906991836
2.503284142067864,-1.2427208185162537,0.644257426262407
2.8294714098556857,-1.2321491615085056,0.6226727471485658
2.4715534001376707,-1.2494809717284834,0.5976910784282939
2.7410714538810748,-1.2494238168359104,0.5961037280891023
2.8588224519326326,-1.2230350197790667,0.5735250716637751
2.826749846989042,-1.2114369666317415,0.5724153898999184
2.7235918640873495,-1.2525979163189305,0.6061541754918917
2.849117625464082,-1.2473180203096748,0.5847482136985345
2.2658280090202307,-1.2719398382967724,0.6730713146928348
2.6638012524171937,-1.2594820641122795,0.6006765213463646
2.5587976541402484,-1.2493907266955366,0.5968873342000661
2.601238290367772,-1.2434956009572014,0.5507640850208672
2.57699989764452,-1.264636908307095,0.6041362870976241
2.358455301265295,-1.2292886281317321,0.6371211940091419
2.4441794951521163,-1.2512064038773778,0.6302525339250622
3.163192316280548,-1.2317990918305917,0.5794776654331871
2.73664295495234,-1.247878103719706,0.6092109181385393
2.7680429902370305,-1.2334761319389371,0.6014895304208812
2.4189094746120974,-1.2713311591199012,0.6333647850144825
2.8772627769523704,-1.2325470473787536,0.5897180634967519
2.625757603232567,-1.2590636748883508,0.6066436661242276
2.887057916628876,-1.247722583129687,0.6025722611407127
2.752686128325381,-1.2457223506251787,0.6149652917980442
2.9503922253859605,-1.2592376322897967,0.5798167890796381
2.8418466474239414,-1.2560535144337754,0.6204650653539308
2.814299665815512,-1.230638112661557,0.5641956375456538
3.04019682037305,-1.2541691467587124,0.6060411635729125
2.9394802619887948,-1.2450939562635757,0.5814712779816503
2.539933807915931,-1.2442821253422878,0.6171353735639902
2.7287553873042296,-1.2400288445283356,0.5376632392068025
2.96010184773115,-1.2451627260850728,0.5723437723060256
2.3571091301546754,-1.244659462563103,0.6573609586417442
2.5894790068614815,-1.2479816454209276,0.6143803632191817
2.844181796251362,-1.2295780236869849,0.5902584963222012
2.4245809121263515,-1.2373746215617483,0.6276827405740631
2.7903553768898104,-1.2484462915650607,0.6204101647289382
2.6481837250033755,-1.2639846882750634,0.6385625364274777
2.5914112119464154,-1.2561407896358299,0.6125669277616398
2.8999457653246283,-1.2398495408428043,0.616940428405545
2.652019425224958,-1.2305799002814208,0.6424826131298808
2.431156581187314,-1.2502116036905557,0.6129704570193685
3.0541036805694657,-1.2328817878204592,0.5985243337097671
2.392072256144656,-1.2285507140643874,0.616543676816464
2.7419479583262167,-1.2053910428949373,0.5779518780691288
2.7680173383722892,-1.272178275972425,0.6235285637793786
3.0541036805694657,-1.2328817878204592,0.5985243337097671
3.064327711601526,-1.2660118457624272,0.6049688197201
2.2447903210276117,-1.271821879903175,0.6779869835406686
2.559548652539453,-1.2453371246528921,0.6123390969309324
3.1858072674211297,-1.2360288358340688,0.6103955996685427
2.600940876437938,-1.2593308156476506,0.605147192490311
2.2555876467831832,-1.2442709308793372,0.6577514990664166
2.6189151011489824,-1.2406199467737213,0.608389725461037
2.382203416836263,-1.2461697662132807,0.6008353205135719
2.6265312207623928,-1.2549299799392013,0.642375283601375
3.156173991004087,-1.268466037007987,0.5570364595144925
2.5774351474387935,-1.2109063367829247,0.6079165808644054
2.8436302735525953,-1.2318117607012713,0.5888773624558997
2.506985680326333,-1.2595817266848828,0.6351130201972284
3.29331188855283,-1.2467553275748078,0.5670569181423281
2.8158816632262806,-1.1946853878576442,0.5942776382201278
2.6681882807799853,-1.202918595311821,0.6211415842560489
2.6590753121439996,-1.2607166645202688,0.62978339083674
3.2202326143171556,-1.2322161848856303,0.5529043355102555
2.6986730501429403,-1.2166553313664217,0.6058988801720312
2.5105160016152883,-1.233020469301878,0.6392384796820593
2.4937521800989355,-1.2466126480025457,0.6227753071605638
2.038051440657134,-1.2510860804256085,0.7022570124504742
2.432817939898331,-1.2497350401231182,0.6336301145227662
2.3096856174953455,-1.2391545264318906,0.6219169392082419
2.7045981896988347,-1.2044616027393755,0.6003604604844451
2.3941573479170826,-1.2676443958185812,0.6513045364508759
2.8000785998015796,-1.2435105374175095,0.6276016011877557
3.24999541765845,-1.2602037167552165,0.5810791917612718
2.812590582705,-1.2161356281559978,0.607355714664043
2.505607529139467,-1.2429854037320451,0.644121097684973
2.815378485091002,-1.2458362858823853,0.6300157938428635
2.822132103476084,-1.2379963091593593,0.5919315852588501
2.7633413667614883,-1.2034583290679024,0.6096250411797626
2.561833920608183,-1.255859240993187,0.6099713108927323
2.7152767696277476,-1.2372928792337476,0.6471602738068232
2.915377353244987,-1.2425282105246287,0.5978875152918417
2.3622479032961445,-1.2464190767595225,0.6185619224325237
2.492355671131418,-1.2552775637100229,0.6043030919108592
2.6876741628418417,-1.2551440926716806,0.5847335902758648
3.101947675762649,-1.2333868277223397,0.6052639087124257
2.670825377295554,-1.2426281213036219,0.6167867482439483
2.603540356389593,-1.2578425773505346,0.6132805405846938
2.9373202804936183,-1.2552800161935305,0.6243967197281645
2.5303154193851745,-1.2311528501027993,0.621642639191233
2.540374883013836,-1.2510167354572364,0.6172765258966857
2.9427237967917534,-1.2662839531452075,0.6175634963657933
2.237559272026982,-1.2456414161115823,0.6255470374339168
2.440751116121068,-1.261723722232663,0.6466737164368926
2.421044516940182,-1.2614720115909737,0.6080125898686496
2.5799968404807143,-1.2550202557089534,0.5998523298621928
2.359154890852064,-1.2583702131517311,0.6137759990606234
2.6311875502358992,-1.247337425673253,0.6397617462885473
2.4673730204662583,-1.247943367192615,0.6545682651063733
2.8021848589652536,-1.237634946272809,0.5914743857582988
2.357909084131643,-1.2593740705260397,0.6161528777140319
2.927811853450642,-1.2415230482455628,0.608896560857442
3.2478990669489445,-1.2205668762280224,0.5674215673960415
3.05171216511764,-1.2495917101106397,0.5919500526024053
2.3619023187452757,-1.2491215237034152,0.6507734927823384
2.479201902282005,-1.2481459298750537,0.6161017315755766
2.4632482188208793,-1.2495981718975084,0.6231263182236304
2.2325719716217973,-1.251343735059303,0.6403661183750865
2.234391183165453,-1.279173951790362,0.6470209310541657
2.3892972043711893,-1.2397690587153856,0.6126050711182741
2.725315700215556,-1.269504995096205,0.6237763836668978
2.446524780857721,-1.2861682324892845,0.6443032491709483
2.5577485392327364,-1.2596421247638496,0.6362198672304333
2.4244841377528643,-1.2402243735874106,0.6353719098770301
2.428387000511394,-1.2208471863862997,0.6251584742098154
2.5056996225472252,-1.2540435638445955,0.6138238399155003
2.5661466883373496,-1.2507324861569464,0.6260173054872967
2.9701183042281643,-1.2607310506946006,0.6143133865125386
2.223355643546137,-1.2665467999225222,0.6846651502562412
2.979422497486063,-1.2402963382647973,0.6064037733932393
2.7068420004980696,-1.229814994110799,0.6191891199096604
2.719680842250906,-1.2643215619905261,0.6128511470337207
3.1160448644021757,-1.2139433632213439,0.5747346770310389
2.526534228785319,-1.2343688194401878,0.6170792811439353
2.5889483898236674,-1.2473201686463466,0.6158874955408141
2.8568242283562104,-1.282077756743596,0.5875509667939164
3.074654719036739,-1.2368382974003707,0.5682333385315366
2.8153593396385106,-1.2182709253923911,0.5767703491399371
2.4467921925559275,-1.2570196608516635,0.6319387623442541
2.884488033762059,-1.2843048384038709,0.5907257520083623
2.956838971608596,-1.252810533190304,0.5883937067941172
2.87576438240915,-1.2463767328738167,0.5956106789458588
2.2721161744004124,-1.2254901214868221,0.6562746717735887
2.6986182339086313,-1.2690228020863585,0.577870031150951
2.981316017249255,-1.2498284111543767,0.5777006265213984
3.4355355582277656,-1.2570035699561486,0.5452513944472464
2.281879341096693,-1.2229323676566,0.6553468318282087
2.850064113578542,-1.284077054160517,0.6025847250055081
2.3224435215018375,-1.2331348675488414,0.6517933659021447
2.762655458440472,-1.2545982579859312,0.5997355382878227
2.2705069122964927,-1.2926089932508174,0.6651075579324447
2.9330011688215807,-1.255308719676653,0.6043538329142426
2.371081611352531,-1.245190635549812,0.6426326721865586
2.3019446354378204,-1.232263828918364,0.6559956227879137
2.600710614049699,-1.2713933949012328,0.6210584194594525
2.908841502540764,-1.2703087360351182,0.5775791985119798
2.241345825105572,-1.2447596054322059,0.6044330936881969
2.748305383017425,-1.2511592760409722,0.5929234885808952
2.790268654126263,-1.2403053672685818,0.6366905714405972
2.4287323694652687,-1.2334239966584175,0.6262732274971228
2.3703452319995177,-1.24071497531202,0.6437232931882402
2.6545634718204294,-1.2269537280770806,0.6266540410683709
2.682054689189887,-1.2390936406283977,0.6181742725302658
2.6503931680194066,-1.2552276331021899,0.6143724245913986
2.7297645602188942,-1.2490230727637064,0.5830093973496588
2.7935716655250786,-1.2490644825886947,0.5914286728721567
2.45684561708675,-1.2915389673821251,0.6350813789051551
2.729725454892078,-1.234994044323286,0.6052425375399267
2.4798384275680547,-1.250885932680696,0.6281944924298845
2.6349763648179874,-1.248108225401695,0.6334405356649824
2.9765287530251725,-1.2055063603451266,0.5820611116984721
2.559283977844602,-1.2060144640523236,0.6302196135131788
2.4138289143423783,-1.2279554562042005,0.6127135823489984
2.6349763648179874,-1.248108225401695,0.6334405356649824
2.9919389649870047,-1.2153851547548102,0.593192474873814
2.7746086032086272,-1.2180927539000925,0.6443636804239568
2.779399735903989,-1.2478483947346577,0.6511726335039972
2.6915777097438522,-1.2475142672172035,0.630526499939517
2.4596224231038213,-1.2787518825825588,0.6417216458106626
2.9443519949503645,-1.2383555030486453,0.5917437514315296
2.56220984500299,-1.2417796103164351,0.578198631043279
2.40389596565591,-1.2156474073507582,0.6328312868193258
2.6735268052905163,-1.2118026490877196,0.6378049067392769
2.1369086238517414,-1.2105712710351864,0.6839943837759062
2.390477719870882,-1.2414563804804717,0.6654345878234817
2.85334746403496,-1.2391203114741138,0.5936811144161157
2.2703068895086824,-1.2831386260420858,0.6781477020773676
2.1641563056367485,-1.21850770092487,0.6584334490182282
2.8041225133503533,-1.2335321379669049,0.5835974245689298
2.9574194408802827,-1.2482283503889295,0.5931415272231528
2.2551719347769597,-1.2635851726478264,0.6406423088800144
2.6077344364715396,-1.2864757630863086,0.6218359569532146
2.631661997139202,-1.2479254976125336,0.6040746553747514
2.8575224764354665,-1.2612029459773144,0.6028948879588816
2.520728673767935,-1.2791507119419587,0.6510925016394821
2.779001899369886,-1.2565810176775913,0.5980871558014336
3.037384444103838,-1.246934325324861,0.6014494724568932
2.747816057667914,-1.2284640266264144,0.6251858289450309
2.8033667428241604,-1.252501556661596,0.566548832300279
2.6411557519149587,-1.2324184788602273,0.615552647199406
2.362629827777444,-1.254842572977255,0.5857761782575868
2.5005769193281213,-1.2358792020470586,0.6271531397503942
2.6138598098319483,-1.2264548141964242,0.6482910427750795
2.3198323516936536,-1.2289442484402329,0.6154259175444426
3.252282683834293,-1.2177110612947664,0.6183075766446288
2.67815385864049,-1.2575630743966295,0.6531648463233478
3.0201055696994907,-1.2568283669464764,0.5854146694633606
2.7489115766212984,-1.234969128653415,0.6467600388574993
2.9909687551090647,-1.210506464477086,0.6082176631390315
2.378736810431992,-1.2597661101897675,0.5956420016325773
3.0024049618976276,-1.2022374391189121,0.5953657275768455
2.4195354592992127,-1.2572893539619034,0.6013236431544111
3.018149664156847,-1.2054043273533313,0.6136692470337838
2.517558842176853,-1.2630184544015435,0.6354902569821761
2.2872896892109007,-1.2493778001132143,0.6209305872821694
2.891962517412007,-1.2369795183342098,0.603685883823121
2.232356037962249,-1.2523077475546383,0.6323499230291367
2.7831876269906144,-1.274920145640782,0.5891153935512983
2.6625920460199546,-1.2248408803038917,0.641232058334379
2.7063685724887114,-1.2163472766134722,0.5998699106975497
2.247025814951846,-1.2584848835588065,0.6306005423745789
2.749762805191501,-1.2753498978221993,0.5868990319589394
2.5509242931722893,-1.2728788686514891,0.5973372597007353
2.7819037771234965,-1.2434356237257567,0.608437276950542
2.5814074423177353,-1.2524899080143002,0.5951100057160698
2.7771753943691015,-1.2442092861175191,0.6063509593310145
2.4936021561967765,-1.2232590454010683,0.6609122535761909
2.720624342691144,-1.2072279855459878,0.6004744949455065
2.67420467477228,-1.2314834794361813,0.6154846258053127
2.7387313922342034,-1.249858073951782,0.5847758555715651
2.2801854402692787,-1.2396533417825328,0.6241161661071816
2.2917200172053676,-1.236697413183515,0.6829784055916989
2.405228382221031,-1.2439493647699686,0.6332527638296521
2.5609561150629996,-1.2350913134135117,0.623126656230683
2.417371732528069,-1.2260745879477242,0.6568027732533769
2.517082083174531,-1.2297495595646528,0.6350941214025966
2.8121514687008733,-1.234507275164933,0.6080075733237291
2.3013918034155703,-1.2458484339978866,0.6625307284709965
2.4379379272374444,-1.2276370468370665,0.6508310245634934
2.647555542063488,-1.2399580707573277,0.638802796843902
2.918710785595122,-1.2202058215515315,0.6170831304524114
2.2427784367683605,-1.2349322620136378,0.673017971835016
2.2386409293797813,-1.2281477067540607,0.6528874745118716
2.595788691413253,-1.2425979548516366,0.6419310905346834
3.1808612262225138,-1.253428482581783,0.5700904089480294
2.387748719438337,-1.2645665679165703,0.6333692008904434
2.728410073267988,-1.2392094331894317,0.5945290462705541
2.823410622942082,-1.2326834966836948,0.5784702075126514
2.3754127482131873,-1.2419541199472122,0.6450605208433543
2.3444725420214714,-1.275543247021182,0.6292802995497766
2.736566792123486,-1.2313120946856708,0.637439507988798
3.2581407920081276,-1.2350417181873392,0.5804859537241936
2.5144569063565516,-1.252051198523172,0.6318950804620569
3.057367399828396,-1.2382955154281672,0.6089321413778728
2.4649415131216306,-1.2436461137995427,0.6074924892609533
3.2028052727813328,-1.2326224350079744,0.5514152915241977
2.857931893091637,-1.2387873100414135,0.5940706029743729
2.8081620762824584,-1.2275093544975417,0.5765324128824255
2.4645239612106695,-1.2431774170964125,0.6084544097311075
2.672323129747999,-1.2251268999445928,0.6143175606850464
2.5675905170240907,-1.2413131532362915,0.5683174548429685
2.8904368707559605,-1.218883855804034,0.5988358993706028
2.550970027417564,-1.2494668124238324,0.6408922228636382
2.6218769283497134,-1.2321095232018044,0.6116052790186968
2.91429178671703,-1.2355589524796113,0.5852326600271972
2.683149493710535,-1.2135145341005658,0.6111917460026207
2.937727259077755,-1.249222620891511,0.5722480505400122
2.3407004433261474,-1.2356509378658593,0.6242093873049736
2.70740805311194,-1.225031048714155,0.6308676522565029
2.5485922873510325,-1.240069782138873,0.6330010605033624
2.3681804871257417,-1.2323422630148648,0.6340251181883556
2.4369922067440126,-1.2404026260114738,0.6472654927044588
2.7383780607743766,-1.2398274154096758,0.603268909715099
2.6949081464717546,-1.259219248761879,0.6041616581643815
2.4352277833816682,-1.2797032634110252,0.6624727292699452
2.665293449978468,-1.245594752388983,0.6337484644598097
2.702605905176846,-1.249966890032313,0.6239751038528233
2.840398593149649,-1.2289609303762998,0.6042005904253882
2.362096854744669,-1.2599376272109588,0.6487899127460848
2.3551242982604057,-1.2262511225999868,0.6476695538073405
2.442755516303197,-1.226693041814235,0.5944668667254176
2.6833350029073615,-1.2570777055820277,0.6157212388403227
2.443994626948468,-1.2611320098943806,0.6652890523755576
2.8405548920711583,-1.203244299955283,0.594588862116843
2.642524760961962,-1.2252752222701118,0.6467169236857649
2.8301900826851334,-1.2250148473881326,0.5930893682607389
2.470712566150724,-1.2591366525468821,0.6248848191973835
2.598201916000602,-1.2342208370944407,0.6229741994118058
2.5989495701330028,-1.2719915248693203,0.6244633029334913
3.1356893775493404,-1.2261759747211638,0.5966004370353123
2.363823193998172,-1.2462260535220175,0.6701734529603559
2.71889385297207,-1.232825590420293,0.6043796592908917
2.571229994747097,-1.2270177997124219,0.6161760186904923
2.471847130765038,-1.2627619886388588,0.6645526319671954
2.6467168167376935,-1.2421491096855963,0.5974309479220072
2.492762101938491,-1.24946753660949,0.6244830673125308
2.519693191095017,-1.2346315266376593,0.6619934337887928
2.211046311034138,-1.2382607298767034,0.6479206240265523
2.529736242576697,-1.2443492024161333,0.65008712410852
2.5855000555341467,-1.2491048993695044,0.6122503543551313
2.460923610122355,-1.262040852992699,0.6327555414243407
2.8613884022878393,-1.2537172680144766,0.6239850556489402
2.3138262739270115,-1.2528376111477548,0.6309631555947686
2.7296861509405326,-1.2379404710072905,0.6129909986220461
2.3164863102294904,-1.2470508161301896,0.6032983775305533
2.804805584026495,-1.2302671283626612,0.5989438697747256
2.5197731040240288,-1.2557731928446585,0.6598959809309406
2.547182108757939,-1.2409321829376037,0.6263605198462736
2.56268668050711,-1.249887621755576,0.6752736967667486
2.988208920540693,-1.2727905851201033,0.6028049745969689
2.4625449451881085,-1.235693068201467,0.5897829091585414
2.3408505848483525,-1.2624423031041685,0.6446406528356362
2.3568061863501724,-1.2975453221418873,0.6478615157669896
2.67776365799315,-1.2612668474076463,0.6141712748889601
2.5751537938194033,-1.2457778665934012,0.6838788948962303
2.8310943090928946,-1.2405114813109663,0.621706047391774
2.2827030326941204,-1.255458211625703,0.6620935290246175
2.639194583410262,-1.227055040810086,0.6344346730742836
2.3152903014522086,-1.2642902175551016,0.6516717449272942
2.746181374086611,-1.2389432873097441,0.6109652682348787
2.351895609915698,-1.2624499947208319,0.6544633380489234
2.445038939976415,-1.229916710462527,0.6341806572092696
2.662256364698335,-1.2492205539955519,0.6008084700016778
2.528954369906202,-1.2418120704627653,0.5862005911022355
2.5627070326881296,-1.2386826960523616,0.6420761160122549
2.590503715560689,-1.238593303522152,0.6498312433559578
2.336712623422031,-1.247247996513243,0.6727288050996557
2.557518556539682,-1.2190826379198185,0.5931436954478666
3.1496784170698056,-1.240777235099566,0.5875822189860108
2.4434809301940974,-1.2461492003842298,0.5909228868357299
2.4523041729123576,-1.2501232346783995,0.6215744605613703
2.619844321853501,-1.2631978030715063,0.6267210366223703
2.812449723862195,-1.2399432282900862,0.578687479235766
2.6449506891746015,-1.2175286472528843,0.6350558369445002
2.6330887723489185,-1.2416919249112153,0.6054385134599423
2.395637677749717,-1.2439597664097108,0.6408430597836382
2.6630051942449553,-1.2284176402338096,0.616292078935338
2.679350171146739,-1.2139479414229393,0.6456357683960746
2.5122128859364317,-1.2345992704473285,0.6203450749365327
2.868026176407715,-1.2312656700563769,0.579414351084849
2.605717134052702,-1.2124451196795332,0.6100370791736366
2.6489733818964534,-1.2162702195851331,0.64618931559912
2.464999046170733,-1.2466743230691681,0.6173849259783564
3.4246205256526707,-1.239797511216587,0.5623584484411789
2.7305381229728516,-1.2452377976454019,0.6319063592120805
2.343656099182745,-1.284485476712494,0.6073739898827307
2.490355844274593,-1.262833555714832,0.6232298336465236
3.1801617119270125,-1.2513399879523859,0.5505842973683028
2.7305381229728516,-1.2452377976454019,0.6319063592120805
2.7179137119168875,-1.2468449228043899,0.643024365163416
2.574672192238557,-1.26000538768149,0.6284749788077234
3.3714986881208553,-1.2520071542755062,0.5593741552132715
2.638792956048452,-1.2393596618502876,0.5957245741730199
2.556236785728647,-1.2292327916392638,0.6181265326664288
2.4433595458840234,-1.2312895431591493,0.635087824114773
3.369774280954311,-1.2249022654546777,0.5486808895315543
2.824473295124257,-1.2927690599993609,0.617741773568773
2.7899304753217526,-1.266075718930782,0.5957518452354686
2.645270810005217,-1.2242334918501696,0.6165072565787133
3.0687047996101184,-1.2171187391232585,0.5479407576808222
2.687097045526745,-1.2926298999463544,0.601695711641089
2.5690835618054946,-1.247880470429701,0.6082436906192789
2.7920211136863733,-1.2375659431689026,0.5861586741406859
2.691530633916658,-1.2357786461102382,0.5807632234187861
2.684154443962273,-1.2864538169381092,0.6167699886223523
2.399937261629182,-1.2189185449270172,0.6410343778386185
2.6993077206639846,-1.2316101576972234,0.5798306120465152
2.6507742003230326,-1.2512402528589772,0.6356835748782396
2.4870165576661982,-1.257158032370609,0.6297663374831497
2.6296881250756696,-1.2496368731174032,0.6206205021913008
2.576590298356439,-1.2158216789669347,0.6374788461088177
2.8434887835007965,-1.241163607473557,0.5748941650987345
2.4386396143501243,-1.2448954707719433,0.6104817444965728
2.1749730714464843,-1.2378598815584432,0.6396861222446877
2.531568798025448,-1.2382324426505082,0.6257763032198389
2.638889505383547,-1.2303510694897686,0.5991843753056308
2.5366554969597317,-1.250108642248436,0.6295810808742472
2.4281351291411246,-1.2594922856412691,0.6508885344760121
2.404706717426022,-1.2371619045329063,0.6748634270764633
2.70428092026997,-1.2304238119475277,0.6186440353109636
2.8735320095464316,-1.258392402492014,0.6011003693508463
2.401177531040917,-1.261675396157263,0.6374500465202932
2.85460482219262,-1.2600538326359036,0.5803512157114431
2.403222573907926,-1.2646565595869756,0.6623153368539216
3.089171171213474,-1.2678582001977268,0.5810524231835944
2.5891155590342354,-1.2288524979190534,0.6257454887781041
2.3907142614302654,-1.2477785669913117,0.6643294620286013
2.5865398890987676,-1.25331907621057,0.6352252264516269
2.8595787331637674,-1.26238005500044,0.5780555332741469
2.841244047524423,-1.258217956588893,0.5944227672235702
2.4007336025042916,-1.227835281765611,0.6381510304848504
2.8630169096019737,-1.2494804532118282,0.6488072116384146
2.628209429272721,-1.2503281880679213,0.6124538979483288
2.218557686134096,-1.2542665173056908,0.6590824844987517
2.561842870003643,-1.2546338225732894,0.5940362827520227
2.618738893718424,-1.2436813020051807,0.6334174423866469
2.6953749337442887,-1.2611522194196234,0.6187011973523356
3.263027481585975,-1.211758832697165,0.5627922482627374
2.4049032982838994,-1.246873159122283,0.6098006926019978
2.9781265352182325,-1.226137965214224,0.5688609216913497
2.6702262620452317,-1.2106388172945017,0.600400293316534
3.0453587969686997,-1.2230411765199285,0.5607976333476413
2.8166929247980326,-1.2367774404111802,0.6348657965532619
3.1131505992474477,-1.236772063453215,0.5830899955602853
2.911665762010719,-1.227420263403308,0.6032504986795694
2.9369966705585973,-1.2254072815537183,0.5782224893650292
2.6031312360789363,-1.256503407170875,0.6128614071183858
2.4134170651735722,-1.2290105503278528,0.6319828718733275
2.852212976294475,-1.2665241206696365,0.5827471630045451
2.7792848063188207,-1.2327857538090599,0.6268521926012525
2.8755518334367784,-1.1923727098507744,0.607814501017543
2.5475181841981334,-1.2535555282166733,0.6089976855878791
3.238845130173012,-1.2737002970120317,0.5797474292570517
2.6242274825153293,-1.2823505427535293,0.5816300433136838
2.8347759241271437,-1.2000597841110092,0.5674462540592812
2.891742732789679,-1.248725609078649,0.6115942006622455
3.323551249558424,-1.272347268715842,0.5857104504962145
2.8849051844735634,-1.2078613442847763,0.6025048916042728
3.0235110123972486,-1.2804607652419668,0.5779468062925193
2.6150951026643345,-1.2388124110740275,0.6389277416898543
2.664695706155767,-1.2393182520471058,0.6185467053976997
2.9037743331600114,-1.2612189440059514,0.6299983901182457
2.604222552687769,-1.207810159589884,0.5968131431366105
2.6486319477854208,-1.2299388004682932,0.6288029471355322
2.915521558655436,-1.230207077934978,0.5893183370448696
2.9416427193557486,-1.250656623437599,0.6304769331044581
2.880541090133204,-1.2508713637573627,0.6205447844826818
2.524765211028243,-1.263254529252236,0.6398279202641848
2.9468313043495376,-1.232361683671169,0.5863217983423891
2.8051428178571594,-1.2818696680775414,0.6030419185355099
2.8242203161727137,-1.2310761792572011,0.6315532198933514
2.6826519925435965,-1.2602179364003276,0.617749324432334
2.7139380852280675,-1.2713630853247513,0.5831148256805556
2.645040219080614,-1.2628578407294166,0.6247558859015866
2.8004076635337998,-1.2643964556580785,0.6181965697785041
2.4711054425537857,-1.2215280324095672,0.6495231579942231
2.998742447662767,-1.289165637986538,0.575765034374221
2.695346227167139,-1.2558050774321385,0.6447945818429429
2.5689896719141,-1.2682619803454807,0.5954060891694272
2.7816276963614817,-1.2759975134560335,0.631658027858271
2.8006802783257467,-1.2261936527145498,0.6049133102630794
2.3894895886453127,-1.2628952096288333,0.6295416687407714
2.786006265526273,-1.2527007645237256,0.6251912324791593
2.387911726855082,-1.2241033082831503,0.6559568602494191
2.539471875131889,-1.2879790429603162,0.6246450967680396
2.9714571862519024,-1.2492372601405872,0.5872595197839505
2.6492762064843087,-1.2240563752970144,0.6346119815505424
2.308526649192665,-1.2705479023990274,0.6347361207206589
2.7275549544918687,-1.2671354430989463,0.6146124563516756
3.0331246873453717,-1.2169157515257714,0.5689817492724271
2.6823850778646445,-1.2172575983613878,0.6264238349384783
2.611225191647519,-1.261068014319675,0.6394856030420846
2.7275549544918687,-1.2671354430989463,0.6146124563516756
2.331282660630371,-1.2594795728875718,0.679409455341324
2.780643629666372,-1.2318683663788306,0.6396672017999475
2.644293884937334,-1.2612860027526231,0.6238535717346563
2.748886971792967,-1.2432253849478108,0.5956773318439395
2.809011059556131,-1.2336696331482957,0.6108063329883194
2.773844433714517,-1.2523074265759044,0.5826119790451674
2.751070824862794,-1.2564381956278348,0.6183011349695989
2.472021380008357,-1.2504162888321968,0.618009217034641
2.762128823512642,-1.2390554475959905,0.6012492511716355
2.639216217759322,-1.301328673778668,0.6049548390772295
2.9119932247262037,-1.2531362780504876,0.6119256352819833
2.8968137068520607,-1.2390993527251182,0.6074506518970196
2.5859811107524173,-1.230992220901659,0.628243339968379
2.601363998810684,-1.2657980527825285,0.6137188612589093
2.9476697919806063,-1.251230880071733,0.6162876424090739
2.578853708740536,-1.2150065636878473,0.5929488783997174
2.5517693447640775,-1.2436540644569298,0.6127267733800725
2.7971028626814745,-1.2615029658099128,0.6179153380789245
2.725423299239946,-1.238030885179174,0.5793717346310518
2.5230321203764037,-1.2366646533412256,0.6277170385117596
2.8237568689842085,-1.2405661876990435,0.6117956265338996
2.4627237018351114,-1.2605770902766014,0.6289548620798292
2.658106756575747,-1.2372591815341578,0.6206523499910316
2.9344214517701492,-1.238530689532085,0.5919781544365731
2.4928128387553126,-1.233321248127079,0.6149726806705231
2.48565387169605,-1.2513437932711144,0.6442921715609239
2.7804560809761343,-1.2218011771661452,0.6273224639104118
2.5616958198054505,-1.2270687068075623,0.6421562786674991
2.6659191268448743,-1.2346193151039158,0.6412893149296283
2.3865618495967484,-1.2358361310166601,0.6243230548590525
2.3704532481974114,-1.2465290140032768,0.6233973196346393
2.438088848429072,-1.2350095328614459,0.612733867574552
2.5293812688060293,-1.2278622282623737,0.6023021959868208
3.251823260356326,-1.2198682192510903,0.5742396291902805
2.881618481974885,-1.2499305059994001,0.5987052652502397
2.7682320952995396,-1.2562306519290738,0.6260003118316105
2.735684780734924,-1.224351528840873,0.5989980047950976
2.975661299368102,-1.2425241709938772,0.5751147457008449
2.9549028764551344,-1.2511008917199804,0.5902779791042566
2.6018470964669613,-1.2324208847578266,0.6421876338526439
2.586881286237545,-1.2300564397701566,0.6088035899638861
2.6279663903867667,-1.2358831474836431,0.6201006849975067
3.12940017224426,-1.27668706594218,0.5881554322893484
2.4414644055804064,-1.2220697046387279,0.6022204998721461
2.61366858236622,-1.2664195257769977,0.6007860074055176
2.691210459622819,-1.2461511481847367,0.6019379965097282
2.3004938631900234,-1.2149483084735153,0.6699469839022852
2.9023329355583063,-1.2572839565846405,0.6033185226660289
2.836647181182221,-1.2771900888125642,0.5953885330899269
2.6016294833490234,-1.2104658403248956,0.6237529544738213
3.172747599771844,-1.2508189948683806,0.5916449720918289
2.6945422615210086,-1.2175714012568495,0.6142997955666878
2.71461787805613,-1.2637237414690845,0.5915949529932892
2.607200095471761,-1.2471386382176677,0.6274793024386258
2.533426869805182,-1.28236915573499,0.6120458553082233
2.5322301336850574,-1.264042109177789,0.6147648660518488
2.488627299004259,-1.2170465614982384,0.6550611742422205
2.500162108939161,-1.2295153938480348,0.5985206682930624
2.5615278179395986,-1.2554748629607215,0.6421550522997451
2.7532441405246377,-1.2449621110448212,0.5674824535913445
2.8285282815386883,-1.2329298014150063,0.5948548736098906
2.37961733571728,-1.2598755936938748,0.6255298466472994
3.0035971242456903,-1.2504902450774567,0.5632160230409153
2.666902648753035,-1.2426688767217435,0.5606755456713439
2.961240222454968,-1.2421599769275284,0.5783811571390234
3.1673061243503526,-1.2445981420466328,0.5997169961028916
2.6753319173895496,-1.258996656067541,0.6312233097559512
2.90479408614132,-1.2443863112175688,0.5841792982645982
3.019205484408508,-1.2315625618643986,0.6055440699955748
2.76879769646839,-1.2350150893411804,0.5670464859260428
2.0541593090413697,-1.2469174637602933,0.715009016756432
2.9784086099456872,-1.250045159858216,0.5883895171551963
2.352040269621346,-1.2539674988202691,0.6163056298109455
2.7422843537446697,-1.2415370210225056,0.5940613695048551
2.0258459906342656,-1.2400259530771944,0.6656936311344992
2.8500257058860474,-1.2275637439407048,0.616139220033584
2.711915979742149,-1.266024974495364,0.6128273254348401
2.455185122544336,-1.252570059887194,0.6259639856578679
1.9684541830247784,-1.2441009712573305,0.6749305697158862
2.6936719031890104,-1.2335801445719083,0.5903087319652688
2.8229068061603124,-1.2601937813737494,0.594582522805008
2.5341385816802906,-1.252685633472244,0.6297540923879356
2.906482172980052,-1.2448768810468822,0.5485389715299192
2.4854047912772987,-1.2792461231003647,0.6116638795498262
3.098610078725957,-1.234099983799818,0.563042610237838
2.398395579593624,-1.2692544782406523,0.6542315169142581
3.0128997484087767,-1.2483424455764933,0.5708399729058851
2.754658082767977,-1.2663353147228111,0.6014869912545617
2.8338753520236035,-1.2723938724361916,0.617760431092798
3.0836739776740583,-1.2128148521647721,0.5886283204215094
3.4220689333142613,-1.2546678106418163,0.5695371994065387
2.3519769447302434,-1.2209730104935708,0.6298800678930356
2.776290617930145,-1.2698552633040248,0.61791864607459
2.65847069958474,-1.220947727549279,0.6060003039853025
2.1550541459839123,-1.2241897205941321,0.6358347623013987
2.5957254174243847,-1.2410576025960738,0.6492682494653009
2.603245346462447,-1.2475504827794248,0.6281981080814193
2.931162086431735,-1.2323803186239912,0.5903694386582972
2.5188226917941097,-1.269250027515439,0.6607712721096417
2.6447831699817623,-1.25715549435225,0.6087386824398592
2.502142596873925,-1.2505388132593498,0.6284297236026761
2.708216474350715,-1.2385227597638702,0.6161096754834124
2.276923005890816,-1.2486138993886735,0.6648596380778494
2.697538807534467,-1.259458994684143,0.5913178909316299
2.5574049318264436,-1.241356271044391,0.638870520072458
2.327732646919206,-1.2422766327884776,0.6532987781636205
2.181232225207369,-1.2508832921493904,0.6760761412932886
2.2764216683138647,-1.2223577807622696,0.6326770269075079
2.2719482794127277,-1.2521217813059802,0.6514040390904734
2.4601416927121753,-1.2582338457292583,0.6440766528382198
2.1781879741872063,-1.2605066905951832,0.66738383938251
2.4750838115430085,-1.2222309498760588,0.6387723834783463
2.9435956160483148,-1.2599500135770296,0.5717936145307636
2.5207957420709026,-1.2542169036482789,0.6397665807154096
2.690093276896401,-1.2306928461626436,0.6318942010907994
2.80296191889354,-1.2688997142546514,0.5923338059744664
2.8004029034624423,-1.2732053858859655,0.5964140978082312
2.490000865943302,-1.2525818165140152,0.628570716664796
2.8217861156727446,-1.230485145498361,0.6253358579576473
2.4849620088371074,-1.263662827344738,0.6568469995164329
2.454532257719697,-1.2815872322795856,0.6402806985822659
2.479544419448896,-1.238767380955083,0.6451297517700488
2.830395156470388,-1.2666309938400075,0.6319075514938395
2.9199266066266283,-1.2315601754404364,0.6129704709811957
2.334286430048356,-1.224924532867763,0.6493366878903756
2.597189247663531,-1.2407943578601812,0.6002189989825907
2.5524654140615133,-1.2563138150103421,0.579769692350799
2.7552349329713244,-1.2516090270592053,0.6139167136943712
2.4438959511388303,-1.244383484290847,0.6497254306948955
2.79344057395219,-1.2441193208701606,0.6258329281270575
2.8572419401746667,-1.2609046886435675,0.6135297296811522
2.640783533770308,-1.2843484928466742,0.6068194318975397
2.5440716849119585,-1.2473865095347183,0.6162606481951415
2.604015752819887,-1.2565685011138834,0.5988218530128321
2.6577597859502524,-1.2816975908669705,0.6116642678237423
2.4625096591111397,-1.265999184476757,0.6457531407708944
2.3310975868476476,-1.2361756621791107,0.6742194281602807
2.6867825796590834,-1.252768228176556,0.6192677511928768
2.543210133155872,-1.2642232791038313,0.5997207935044709
2.764515933247408,-1.2644954699639217,0.5780997331197875
2.980727557683536,-1.2404872565851321,0.5807497580673348
2.3937573594857104,-1.2665038959899195,0.6382939296988586
2.6388963027696417,-1.2483838504898432,0.6127761153885086
3.036554441438651,-1.244037582022266,0.6025432998179729
2.659412202897433,-1.2498770469311942,0.6256258570029402
2.119790131410749,-1.2686485527004818,0.629356901610298
2.2500397961234624,-1.2688507308564907,0.6693535967839003
2.515190795014102,-1.2789799749550097,0.6045828683739187
2.710644858698593,-1.2477869761078115,0.5955040508059687
2.4026050795219813,-1.2618582406726915,0.6435528591151934
2.3043591020614334,-1.2431864500790755,0.6482951527861974
2.0973051924678967,-1.2275011166778547,0.6654442084982087
2.8444378320464896,-1.24612635672762,0.6074508256585174
2.707290824755241,-1.2532247916476913,0.619304169532944
2.3599449414378584,-1.2670046221043225,0.6550822261064858
2.324492644040715,-1.2591003589939898,0.6658703442066056
2.956333679270016,-1.2486806945189823,0.5970056131368291
2.4724614516510224,-1.2368486326060604,0.6211022433647819
2.3613720429576963,-1.2657821092185262,0.6603146390127344
2.259370871647152,-1.2460286235059892,0.6595687141769403
3.08760698093336,-1.2503563610698392,0.6195638727244482
2.787446932325247,-1.240516566327853,0.6196144759795202
2.813579783042733,-1.2217086714484542,0.5822105260195141
2.3975745517102465,-1.2557464510912653,0.6482923492094707
2.5150593547050004,-1.2426293910331538,0.6048047160745725
2.709863027146486,-1.2286298843600456,0.5864415751648111
2.772009353824009,-1.2173772262064582,0.6175546458341051
2.3764967513929007,-1.2388793440079517,0.6569913499761352
2.5150593547050004,-1.2426293910331538,0.6048047160745725
2.6914410996402314,-1.2674792835605897,0.6386837894549358
2.7725667479787552,-1.2478266943225576,0.5909923903895246
2.364143300091446,-1.242800871530343,0.647052283112003
2.8046207677801327,-1.2385969702021606,0.6005720738866289
2.635734084992967,-1.2620726934588744,0.6569981524785571
2.7616675233822745,-1.2284800053210458,0.6191859304993595
2.474725169859503,-1.223674202477236,0.6287005618962457
2.8298783738686546,-1.2334814006278374,0.5821011528454313
2.517112799042937,-1.2376213214041918,0.6100838189295723
2.5267802185756594,-1.2610420169182683,0.6374584252007616
2.3334425393012728,-1.2247674319430966,0.6531438633707563
2.367239114604456,-1.2557196468869571,0.6218922369161501
2.832206848143646,-1.2410953519272925,0.6271885467255783
2.5270848618823045,-1.2614969660796105,0.6249343806445357
2.425819970652238,-1.26746749686178,0.6431886185441908
2.4010801356330282,-1.270387015008421,0.6502464827429614
2.561445963567159,-1.2371264100040997,0.6105736419786332
2.4222457432362017,-1.2370467813976271,0.6478922798706753
2.4122071364285698,-1.227985920861048,0.6490977804233231
2.9974146391078222,-1.2274274198223392,0.6036142275873545
2.9983866443365828,-1.2439654655285712,0.5671340405907335
2.878599030378464,-1.2558346857970997,0.5878332676191534
2.6843091235566026,-1.2445339113044755,0.6396659055727106
2.3782777663205446,-1.2639404158213712,0.6508855479456592
2.6164066760380904,-1.2200197713647243,0.6375514368483446
2.7166116943271548,-1.2472329453304594,0.6134668480364265
2.4776214155771132,-1.2386553504262015,0.6287021540290642
2.033544427050717,-1.248155065583396,0.6917536537327059
2.691856204628467,-1.2157694664975711,0.6283030200321145
2.926464368100213,-1.2188782293110498,0.6034115711710911
2.587055744092897,-1.2373124216801596,0.6473017079617015
1.9809634681788595,-1.24173070105043,0.6697683582448418
2.6721917820278676,-1.2187148936888659,0.6358152816248247
2.5358097128163233,-1.2814063481786426,0.6672217515393027
2.5575455709888026,-1.2279810059510705,0.6431240353571461
2.481752101206907,-1.2355396146756445,0.6742112441932453
2.3124461256926416,-1.2595969961884086,0.620970414890406
2.574388480524605,-1.212328447012986,0.6261731873896501
2.2520690704341844,-1.2313078633500807,0.6190542224502465
2.378364790917338,-1.2602134021634537,0.6409451043157443
2.6666820294438356,-1.2235335490902366,0.6260352283598138
2.568110678029624,-1.2286848953629685,0.6176995643425254
2.439989277620516,-1.255827907958836,0.6330017018930861
2.6738706615461396,-1.2352219169060557,0.6160016226330928
2.627159487149107,-1.245240877481314,0.6212149307242576
2.5825654179986834,-1.2340447094317901,0.5953391400069924
2.66145555545006,-1.228785546327834,0.6826388337875283
2.619062276851162,-1.271618488789484,0.6315261915619687
2.2122362118005157,-1.215162958363194,0.6522563412155384
2.1938258382830065,-1.2602684378100744,0.6520126352935602
2.42181405424567,-1.273091397206645,0.6436697002876993
2.37956603562293,-1.2590199757976959,0.6215479473053575
2.704320470071996,-1.2998539610284472,0.6087437332533018
2.375013014270822,-1.2724229665334217,0.6420201189672374
2.8263175637105644,-1.2542360240462826,0.5962997712295265
2.899544701816233,-1.2482755992782426,0.6122315429168896
2.587783471725382,-1.288565037818367,0.6017767713931067
2.3552133784204297,-1.2655758856082524,0.6426644719297772
2.612353919276033,-1.2421140897002938,0.5858690994366335
2.833898321869605,-1.2447307549649564,0.607682878719583
2.3464274822806344,-1.279985593371618,0.6205283253528164
2.5525305767680573,-1.2488670671025583,0.6304976286829262
2.624264789293403,-1.228365739528684,0.6540587372252739
2.833898321869605,-1.2447307549649564,0.607682878719583
2.2438183307042094,-1.2242727157107576,0.6642734788049429
2.6493388690254283,-1.2230071173086947,0.6387431137950739
2.70741323443318,-1.2476772861796708,0.6384151058029743
2.725270943364636,-1.2025593886080643,0.6039213286189243
2.310533243796983,-1.223175411294916,0.6830571154265708
2.453619754779207,-1.2186826372391588,0.6430205802835282
2.5392756574069404,-1.2610061300551496,0.6137500287241685
2.514935621666702,-1.2574342071629043,0.6315750181707279
2.2535031044892477,-1.2068491877647272,0.6444126784558148
2.7847960716541564,-1.2361237267644813,0.5978110901509688
2.690710695835765,-1.24754200395356,0.6448654182763758
2.710943065474401,-1.2629267730012814,0.5847252503890528
2.6144188311930736,-1.2449949771450348,0.6451435802753792
2.885442726034084,-1.2252009102812171,0.6515537860151357
2.320418681600199,-1.2588961132082288,0.6267894851829853
2.5885441185258737,-1.2107259231411351,0.6418771995115349
2.55618817786161,-1.2567331349969273,0.6443769541464717
2.6275092620144367,-1.238623761057234,0.6315068230220702
2.4612143729291738,-1.2440205403508289,0.6606521378014396
2.461563234807477,-1.2373617923414073,0.638568590568196
2.419573181806586,-1.2587280303035244,0.6798029744991164
2.645142793872028,-1.227489186534962,0.6032952419407681
2.9042865649083,-1.2314029079453472,0.5690220565309859
2.7440524884437285,-1.2595015971988406,0.5945949080013297
2.3063268544656954,-1.2517182287149413,0.6364477432751221
2.447472117059965,-1.2349165768864765,0.5980192853563144
2.536024646772261,-1.2425425601084563,0.5887604352947347
2.604235908163406,-1.24501193846247,0.6370681340155468
2.8186958359238075,-1.2143186015348202,0.6000612024866896
2.486798430470888,-1.2715086147419263,0.637060758470845
2.4255267610337854,-1.2495438597816002,0.5981299132631795
2.7736229063225135,-1.2483437345225934,0.6158989780726634
2.9419131746732563,-1.264369450497873,0.5839553831896455
2.636722423850186,-1.2223910704966592,0.6170341646305875
2.201006824328218,-1.2573079681334054,0.6663081229142201
2.332139399284077,-1.2305160961499895,0.6408928209348759
2.745742633681807,-1.2603787251578387,0.6004278892610849
3.193823814308906,-1.2060948576503916,0.5753574524913728
2.4881442343674256,-1.2440762431151218,0.6425728790261487
2.423779462232979,-1.2348054046966555,0.6500143958742998
2.779442805211122,-1.2777225426230105,0.6104069364982428
2.645544886669628,-1.2283816978645488,0.6053696854813223
2.284932066529939,-1.2401049173754006,0.6036347035387951
3.0497095870827717,-1.2619642434830018,0.5838101978376351
2.8790942207635095,-1.23954228921499,0.600153921094485
2.812518265305679,-1.258844597582865,0.5965999857433193
2.9581821195183724,-1.2199726651740124,0.6187723451505548
2.7578375625586804,-1.2540423463884813,0.5791469816532843
2.8315568622074454,-1.2421062157611367,0.6055471714276998
2.5665973765453414,-1.2483131316197054,0.6270403144706033
3.079816071229203,-1.2608290390291712,0.5706918227231219
2.6399457502577333,-1.2410412257675512,0.579839904817184
2.9945244142396805,-1.251911265193641,0.5982792020480274
2.314639898556294,-1.2352068163742949,0.6226621986582209
2.4858019446219717,-1.2510031297915052,0.634035826678608
2.6596964273256773,-1.2497068530115767,0.594482529061414
2.434381447552017,-1.236050262055841,0.6594752976493606
2.306886304087964,-1.2434321590994504,0.6277432547635472
2.270779359166091,-1.251321279724004,0.6293029985972817
2.9111349052940225,-1.2585020623839935,0.5899187365507251
2.486472854026525,-1.2625630529101213,0.6090113184143005
3.0553331129463475,-1.2236741130936766,0.6041224671036466
2.7401315418189705,-1.2488035935023316,0.6211880565612623
2.3585149051986245,-1.216259452308023,0.6580054721817064
2.7102892562808316,-1.2398515956800933,0.6346928537068655
2.161687896282909,-1.2342093842994426,0.6444902629668682
3.0482237033647737,-1.218134755301183,0.5909611668863038
2.7240465413083927,-1.263679221674938,0.6123415471741817
2.6873309160112195,-1.2641465378897294,0.6240904640178709
2.3817242910069925,-1.2525500671774321,0.6535932998518996
3.009528107483306,-1.2206312118098648,0.5895293132315375
2.3676961210639416,-1.2503514288011288,0.6451889036529252
2.7305144944143196,-1.2511821424738747,0.6322059477411865
3.0774364078743983,-1.2290656775900783,0.5795592533602134
2.8414559017531524,-1.2148614491870544,0.5791794023153651
2.6379259214093085,-1.2171732316232067,0.6352818931035558
2.3834836485038866,-1.2374510700304568,0.618956861242877
2.9048587102476824,-1.2422441853948398,0.5853241557272035
3.0140847209610375,-1.240831747593532,0.5904580397814977
2.6667818469330844,-1.2245174563492052,0.6226594003477594
2.741589037668261,-1.2249266131449372,0.6097887356006023
2.4461110135177737,-1.228474026890708,0.6612500147007248
2.6663333942882503,-1.2622608455524595,0.6426539580775441
2.7497961386452623,-1.2438276525254155,0.6265409233068876
2.7888521284273233,-1.2133786159639766,0.611396681896658
2.5373342934953405,-1.2376454029100594,0.657452044558271
2.6207334362876646,-1.2477337904609798,0.5873219993730981
2.5166206571296623,-1.2574474093067054,0.612403730609715
2.696919884717618,-1.2095195127780312,0.6045710633404807
2.9730424368078574,-1.2378063012477651,0.5775744184979282
2.8648871164188816,-1.235984573443507,0.5839580869621729
2.202885213625696,-1.2405170517178485,0.6595125645739047
2.719550598047191,-1.2763542662915137,0.6198666209495735
2.9123778498111057,-1.2312107792485962,0.5959314783867504
2.8648871164188816,-1.235984573443507,0.5839580869621729
2.1899339328826892,-1.26758778047126,0.6952772452474422
2.747965237313259,-1.2617169843232752,0.6213712061515165
2.9137204383311444,-1.2328070485640612,0.539945919489532
2.574852333774632,-1.2565801995594728,0.6370639325687494
2.7446299453410394,-1.2216635049113855,0.6165526550973056
2.523628044829302,-1.2593161094704777,0.6068165299210647
3.0186481984092564,-1.2274050538720593,0.5927727419702943
2.92943475279205,-1.2441551569579785,0.6189894709833444
2.4714111530950063,-1.2147790983876192,0.6118003000771991
2.646034343625214,-1.252143875095,0.6449272144379552
2.4083434448692422,-1.211741146407838,0.629933333461822
2.784355804532598,-1.2393039696868335,0.589734476011326
2.7831462453145197,-1.2764369757463996,0.6209618203723186
2.66542725677682,-1.2496594907762255,0.6161734363757018
2.6216097150378532,-1.229168793067363,0.6246092956519085
2.541936709319802,-1.213482953431608,0.6144737728827518
2.909230655699238,-1.2108967364047238,0.6186691627373195
2.702522828813349,-1.2756465616693076,0.5882855326125853
2.455487623293688,-1.2312246033386056,0.6200373752919041
2.3086599657953686,-1.249940653112555,0.6590317933553841
2.524321717258736,-1.248634603267838,0.6249056741981769
2.6510013482638644,-1.2434748802995952,0.6455797330212834
2.5839944794686414,-1.2550318995720038,0.644264430993642
2.2081575295952116,-1.2625508823066216,0.6174160396239177
2.663482959051834,-1.2411110362812667,0.6088587586248783
2.748755546591609,-1.2547109757199992,0.6341837156732087
2.6480644541633356,-1.2512113021357305,0.5917123639516397
2.2586698968557224,-1.2668865422060085,0.6201157949649688
2.432512047957999,-1.245520205493163,0.632577060175019
2.280169891827902,-1.2257333366688425,0.6499682168295473
2.704576110204753,-1.2728627528396248,0.6168410141690337
2.9987850382049444,-1.2649045155466108,0.6249194640649869
2.5411317624883836,-1.2526329678533192,0.6724881730782498
2.3176086562578124,-1.2257456124435944,0.6426274705774199
2.2928825799910797,-1.2638564724211978,0.582011231532923
2.775815425649989,-1.2591186201500988,0.6414333783877626
2.0952226311260547,-1.1953546035850786,0.6539931660753411
3.149814123853649,-1.24934841692574,0.6090806401900764
2.7935004337647134,-1.2375991453552793,0.6192011656670472
2.7331604746898712,-1.2577825456946048,0.6379465023459518
2.2083028023547886,-1.2056306420427167,0.6710750880842475
2.5416808379150746,-1.2560797487074562,0.6073877466903006
2.762977517897984,-1.2365339668130442,0.6261968760745418
2.652515208588829,-1.2532465710675875,0.6157259209126243
2.4265474825144304,-1.1957811894656878,0.6329395845995714
2.636824947735105,-1.2347145891864166,0.629601954397319
2.6159512159214056,-1.2715066020818373,0.6058517300587289
2.5022855936693293,-1.240321395070879,0.6317484487435535
2.384200174332896,-1.1943691261517015,0.632675243758634
2.7783484780714347,-1.2603370010516708,0.6311535817946687
2.6598217312218053,-1.2276916064992602,0.6347159077870069
2.3987578723420397,-1.2586584890158807,0.6546852688745401
2.383078049601524,-1.2195783007366114,0.6302556702847114
2.7915186580094744,-1.2698320943025283,0.616035871322487
2.794896758319867,-1.230078926701545,0.6401821025967496
2.8565819949921627,-1.2268505454565415,0.5886916136407047
2.370822568165203,-1.2443713583257507,0.6248330611012539
3.069475994960087,-1.2428422455779036,0.5656020132036431
2.897161606404466,-1.2334794789696235,0.5511186180345362
2.8103004373525473,-1.2394535416805312,0.5944536068156578
2.37364200801401,-1.2383868217717833,0.614532782502398
2.6931377925960978,-1.2583173109449004,0.6240638838064559
2.140550581042374,-1.251668385431863,0.6583346550234516
2.765322926000751,-1.2300813210904162,0.6179001707778979
2.8616025661402467,-1.2321112267380194,0.6288365554573232
2.671738391002254,-1.2530906774434292,0.598549011839609
2.668369655813029,-1.2324272355648134,0.6168961477165051
2.637357998557158,-1.2525336121520239,0.6338492079089937
2.355263661913477,-1.2370448123643056,0.6237150093992516
2.9911069538666113,-1.2408502857342274,0.6207615999758094
2.7341052904297687,-1.2422997806552352,0.6229583241529957
2.6068752878855466,-1.2379682098429177,0.626427938671291
2.4751418063443804,-1.2516319356372156,0.6094558722723503
2.740848004745958,-1.23979883538452,0.6141271114502677
2.549847413811756,-1.2517036123017857,0.6350610468528219
2.222705270332181,-1.2482954889366218,0.6813324996732016
2.4751418063443804,-1.2516319356372156,0.6094558722723503
2.4891592544820402,-1.2501527993127572,0.639303452695122
2.5738789260776995,-1.2640847133263622,0.6344748498745312
2.115588957609921,-1.237712511643826,0.671071380472975
2.9431046539677377,-1.249800754349871,0.6252893145948969
2.536187123873954,-1.2647684140297417,0.6266348597982363
2.548259255997307,-1.2701914172906683,0.6341572966210863
3.0154179069058924,-1.242489788829947,0.5798191027059432
2.6733582467339603,-1.2221000386262946,0.5991341727685
2.9238872468091373,-1.2738288322825613,0.6344731465905921
2.3159132566173497,-1.2414612988454987,0.6739999199300832
2.717957377903492,-1.2090604231242656,0.6093760725766055
2.463371900050961,-1.2301478715137344,0.6336064013264099
2.549617027184138,-1.2728432696673628,0.6253303144637177
2.148743756312058,-1.2336583193553274,0.6619812972395269
2.5061109083782136,-1.2259821430884934,0.6332489185810136
2.4827704135914175,-1.2259356973577424,0.6359472618679224
2.3835015564673925,-1.2177548471611532,0.6517138406020025
2.140796746400544,-1.2323312441904788,0.6642368054323158
2.4899945990874333,-1.2392721828759912,0.6532892954072977
2.608001922579525,-1.2317137019449433,0.6370133095873005
2.959306982035924,-1.2895537570351152,0.6140584195130612
3.0766837760657704,-1.2598788345314402,0.5633238881691643
2.814022860563692,-1.256134110550826,0.5863231495936609
2.614079686294393,-1.2329565290808864,0.6284509985477782
2.5364709895850663,-1.254170871243472,0.6464600205352777
2.281395682457669,-1.2339325352002877,0.6346118733478512
2.060529298825705,-1.2772449781376864,0.6979418569051652
2.6461375737510937,-1.2501646890497868,0.6241528577692231
2.188910174793472,-1.2258261203797631,0.6368634130852925
2.559053325617923,-1.2366508416071484,0.579755530080806
2.5946273996053457,-1.210498242664788,0.62314140723419
2.3162307862789944,-1.2664867467844345,0.652837342677195
2.0201284860920503,-1.2485178163096031,0.6743825528510841
2.57714119082424,-1.224460824693109,0.6114197152803236
2.4869278621369397,-1.2200265049889263,0.6259457399201476
2.882116877191484,-1.2669177968970387,0.5605898354687819
2.3879441953176688,-1.259619470605061,0.6736867298242022
2.7421917573879835,-1.2604812210363894,0.5915612133229834
2.6113889959330407,-1.256013453312192,0.6233861119813187
3.0185087209694474,-1.2786508897830486,0.5709986447067489
2.16371833182469,-1.2562064853963295,0.6393293621403402
2.7826116621102055,-1.2360409085599429,0.5961017355488332
2.4474758155039456,-1.233755104774134,0.6418966284133292
2.6226940903653704,-1.259122053698058,0.6128781319214346
2.547159940047825,-1.265948823530749,0.6466256390412704
2.964529414843381,-1.2500873444432734,0.5827936622035067
2.578952475831808,-1.2579296090387977,0.6426515203497405
2.742550915620488,-1.2620451711940823,0.5951377490943519
2.5283585178169807,-1.2551806148968596,0.6553291311799865
2.573465708467309,-1.2612209622348074,0.6112194057969628
2.7725284128094194,-1.2336212300206784,0.6242123236947098
2.88505144402984,-1.2477077382273989,0.6235732650167478
2.7181199278340964,-1.2501007652744498,0.6181464606806618
2.816021320336368,-1.262098535603525,0.6086065348215112
2.6770419853420955,-1.2377453421601639,0.6018800975448201
2.7566005276083025,-1.2414649539743858,0.6459375162909703
2.9998758268604218,-1.2413274776863588,0.624802662409447
2.648378895296504,-1.228895646540974,0.6063313285157764
2.608157719244567,-1.2403714677664175,0.6324238042280247
2.780658062547701,-1.2383926640418068,0.6040835607037399
2.638462957716081,-1.2131959691400103,0.6073887609464493
2.648378895296504,-1.228895646540974,0.6063313285157764
2.5043114545819085,-1.24469105868164,0.5761668844713057
2.555099113101758,-1.2279306967761248,0.6062264425451023
2.768386699759882,-1.2138536959416824,0.6222213097749327
2.410122369096881,-1.2609253718350455,0.6548050808930947
2.6454473618205703,-1.2421606278991801,0.6559269359567824
2.653866240640748,-1.2357576574655305,0.6170433459720759
2.866870431017113,-1.2036700382480965,0.6194069925457365
2.3903079699147995,-1.2725236069456412,0.666801665232018
2.7341249910807637,-1.2588532779191892,0.6397010109818071
2.879900304048721,-1.2474471140868553,0.5875117828065521
2.9441240122307275,-1.2059087512124675,0.6140002661196647
2.6499361986216026,-1.2216572199160156,0.5975515115152095
2.560216675820387,-1.245023920258809,0.5957325096536746
3.029440378552309,-1.2627687973176251,0.5729888340046386
2.4501622477859226,-1.1972333213230122,0.6068738491816615
2.6693472674286047,-1.2538456757860192,0.6243943065081047
3.0070870835860712,-1.2618435681685676,0.6198648909865826
2.8688797688371985,-1.2469608378074009,0.5916740376427783
2.665258757949657,-1.2131901825334004,0.6261461074220545
2.7920874626885737,-1.2200839295658266,0.6030676138548359
2.645684555803822,-1.2477631882399918,0.6002909268043485
2.413878297239514,-1.2607914835267189,0.6379832441159616
2.3406517545403207,-1.2395979094207765,0.6453837039734468
3.032081805219741,-1.232327181982096,0.5789834916657314
2.6523119640094643,-1.2496468829317102,0.5852169220572112
2.4019932176452596,-1.250772487929189,0.662619793936275
2.9045305162008335,-1.238641340719528,0.6099537192224983
2.2676764586064406,-1.2581520717491501,0.659338348410219
2.9914455622966494,-1.187996607922066,0.6187881070011448
2.658569090257726,-1.2154386076981476,0.5847078465118581
2.4835816809898263,-1.248964465609225,0.6547850632606861
2.4109981453722424,-1.2562099801289184,0.6417373668815675
2.208582464765098,-1.246908871415917,0.6261686631312475
2.62247241718305,-1.2099954861311,0.5741012707989215
2.441484106210932,-1.2607232383508173,0.6211179813322735
2.5227674095178054,-1.2557749475583275,0.6637050871835989
3.001796182006945,-1.2335087332017902,0.6253914679647642
2.593815309866408,-1.2538570720953035,0.6717859562130468
2.353491198817663,-1.2363814770712585,0.5999526077340073
2.2474722577961157,-1.26326930785661,0.6189823816325619
2.4814514167170696,-1.240235366143188,0.641713511940924
2.0752398065709188,-1.229899477513706,0.642404381651197
2.6535512427338164,-1.2309955096586418,0.6490909702415338
2.2796098160163143,-1.2651251723628043,0.6754363664257919
2.542087459915933,-1.2526139487083583,0.633451772648405
2.638506313029572,-1.2542639953765875,0.6408944508563331
2.7083421639721736,-1.2462537823274191,0.6406959421385934
2.2665030168622686,-1.2671618270908067,0.6293131470835843
2.6144812625889817,-1.2394664409081806,0.6437687062290692
2.798843937838561,-1.2309003559965066,0.6464511028191802
2.6637786075847107,-1.2522435038010256,0.6277549815995146
2.9010431156265155,-1.240965079206375,0.5928535249840667
2.475659702407415,-1.2335794629241792,0.637960011733996
2.798843937838561,-1.2309003559965066,0.6464511028191802
2.606403128587341,-1.2333596497902157,0.6232528866240914
2.7397650014937094,-1.227376637380529,0.649904384671136
2.4079423827178714,-1.234033932777879,0.6435516280893978
2.554814137758747,-1.2277107903852338,0.5983202443877843
2.7384831799849016,-1.2585598756560004,0.5999477206877827
2.640607394067399,-1.2402554872907725,0.5973272472834654
2.6165802559926497,-1.2680859060631797,0.625038004767464
2.535404565042614,-1.2613826508473536,0.6101559949109351
3.3170479790561105,-1.30232455621571,0.5483212833994605
2.9235938177840843,-1.2487206159557962,0.607008773505227
2.2293204815019116,-1.2488476957436923,0.6666548332245772
2.6620629940778517,-1.2394578031121244,0.6424121881737604
3.385452896471904,-1.3086579482964793,0.5548466103330162
2.823561221210782,-1.2140003853535548,0.562703191967749
2.163812052930133,-1.2432296103080807,0.6659424940478859
2.7573640865557185,-1.243633678085845,0.6069429178155217
2.660684678436472,-1.2162758654730157,0.6107079073296221
2.6455103023521946,-1.2366244308573047,0.6508656610572037
2.5950768297714513,-1.2243366074163933,0.6248874578294231
2.8680589239115273,-1.2473680526613669,0.5940795827839609
3.03192136070789,-1.209878510371784,0.5681825203877611
2.5457770087189675,-1.2780927587023627,0.5893222864980989
2.4953697413291294,-1.255203348521245,0.6320384445732764
2.758111845467537,-1.249877777506531,0.6291850778183399
3.1131104257925024,-1.2141487859990852,0.575488933482384
2.6734477398194656,-1.3055461562621693,0.6455575434400386
2.369150257832959,-1.2685196155355714,0.6527453782932884
2.9566058495392147,-1.2319158932984502,0.5590390523268612
2.770318867990287,-1.223993462035814,0.6217203301328273
2.950090965128108,-1.2178854004331297,0.5979898049023593
2.600753665546577,-1.2663693885974965,0.6373677116482941
3.2187671188941245,-1.2271491041629594,0.5814580218952324
2.303983463862483,-1.263058667666253,0.6425385057131346
2.715201121891276,-1.2608737585058172,0.5790213172410906
2.4199497812389423,-1.2863114545276744,0.6052856896815367
2.240973478284735,-1.2433449811216093,0.6642236689875767
2.3876131792669053,-1.278714897607773,0.6444234577607484
3.1027850895307725,-1.2498407427272644,0.5998538234510795
2.2591583284697303,-1.2386111987260509,0.667402032342139
2.4489929462634774,-1.2286461809665579,0.6274590430946454
2.4949720964592097,-1.2089460450935736,0.6368560603718728
3.066684043734049,-1.240807895616613,0.5862382460678858
2.2731814523956078,-1.2456748067979362,0.6630205329359968
2.9153975264626126,-1.2327697751053457,0.6131519179190785
2.7186501394010607,-1.2801904741758272,0.6550462795207208
2.83942967075004,-1.2604582334902148,0.6142701534432543
2.522278835112369,-1.2458462103145769,0.6115081037585708
2.395173293144863,-1.2364287517736694,0.6216384591275868
2.689678832425372,-1.2202535066539517,0.6396032184590341
2.9869186468711613,-1.2512971520872118,0.5956336506791381
3.1248980874316805,-1.242933109598036,0.5529270503445874
2.3419109907271665,-1.2564444767267637,0.6315834316536811
2.6697798127723207,-1.220557941720602,0.629894813749479
2.6239368193687467,-1.246977257554638,0.6197703586908
3.1633472979004154,-1.2301097047695655,0.596585320262669
2.961212972112749,-1.2696283687506824,0.6129091134387497
2.4075590268267715,-1.2423477566695638,0.6541441446404316
2.878835857345383,-1.2440742440775494,0.5996395488839749
2.526107246771879,-1.2693077021703834,0.5999604822446366
2.8609115482177128,-1.2772856782192255,0.598460962923324
3.072937331277376,-1.2433892112253273,0.5846426820085083
2.8388617505768226,-1.2424014747554653,0.5808644371313842
2.7150572130135773,-1.2527991821541058,0.637800835333824
3.169960127445887,-1.2433415667881087,0.5625623066374876
2.323613620693256,-1.264827064967136,0.6580791253014966
2.839584110735869,-1.2324466375571186,0.6133704724096393
2.1254120644799865,-1.2554333013772723,0.6859897068181248
2.3884526613669754,-1.2593919951390828,0.697392194625357
2.9527306760149936,-1.2166140466046031,0.5809461366753087
2.9100753501081,-1.2225968993176968,0.5675396813773697
2.1711065476473475,-1.2549960222542687,0.6869881834497656
2.0932566205083916,-1.2444208834566592,0.6679891810947631
3.2816958764513804,-1.2122544220309983,0.5636872988700711
2.322492014034291,-1.260332931966821,0.6271385953915467
3.284375739018161,-1.2514783271349728,0.5700337483004115
2.60886881094396,-1.247785939225253,0.6009451155180616
2.872943743291989,-1.245688955281917,0.5782313721873491
2.783758461251312,-1.2449645637774167,0.6020015892484272
2.1869817990342924,-1.2449543285260563,0.7114737739144325
2.9107857084997417,-1.2342001229426902,0.6456328386666216
2.9735119352576005,-1.2503522021578286,0.5738695880061754
2.658596226816926,-1.2365171450143553,0.6180263222470438
2.066035708506897,-1.234837833101373,0.6576447565003325
2.507294131099681,-1.25397124436159,0.63233130703082
2.976360886811653,-1.2232448443295392,0.6066219332277368
2.3889250215730278,-1.2538357450418736,0.6156377979534953
2.3443242997797213,-1.2416862994333802,0.6253027291103432
2.7785783711597523,-1.23932360940481,0.6198832840891236
2.7384358252984216,-1.2223166504067298,0.5898174313952073
2.7620851346059774,-1.2750014379361585,0.6073283784468362
2.335307808714617,-1.2546207011580273,0.6668537119574734
2.5648434253247316,-1.2393473957827803,0.6578443122426939
2.8467150577937486,-1.2710606462129665,0.6143674881677545
2.6908154140825107,-1.282794285435879,0.6040283210492406
2.4811371682781242,-1.2447789547715051,0.63538940297687
2.5161279731181554,-1.2289029412630474,0.5966762671168998
2.432922048828434,-1.2370781306254117,0.6449028640543428
2.8731915451710033,-1.263055252242637,0.6376693750536472
2.979375400374808,-1.2138317296354835,0.5797976893685477
2.743025111547401,-1.2687589351863808,0.6236769709704659
2.3845929073757794,-1.2491043254286764,0.6620343782600047
2.7933582108781376,-1.2651151618442955,0.6291937325007667
2.8359402962344267,-1.2091521088710946,0.5714093706476289
2.7983444032236284,-1.2265871499669054,0.6119033389938047
2.917599321381009,-1.2371871411178188,0.6020782729351073
2.548601739911003,-1.2532153931241576,0.6156294002988362
2.7529492819588475,-1.2172447159727044,0.6226005949869058
2.428246703298866,-1.227275566598648,0.5956865904516577
2.7536210749749244,-1.2381319309269425,0.582774416696008
2.548601739911003,-1.2532153931241576,0.6156294002988362
2.7336002962281296,-1.2099471203525791,0.6331879353858268
2.5563252565264256,-1.2101300626207516,0.6508843069803418
2.752575976590575,-1.2486200594462238,0.5963672502850688
2.4730940774402885,-1.2420690642739545,0.6214082123342691
2.507037367345749,-1.263077751318348,0.631672291931147
2.4359382141020913,-1.2329055353530098,0.6168092252772308
2.5673514477070656,-1.2437967946456767,0.6160891110975705
2.691474758145698,-1.2344515493385502,0.6138385479286607
2.537470057610193,-1.2479255651206291,0.5947724770771565
2.6228943695970903,-1.2399909791759487,0.602916115843156
2.794312266007922,-1.2568611694885559,0.6296262378727813
2.8457553970540843,-1.2470136348005263,0.6103539673830405
2.8877753380940185,-1.271365071201533,0.6258498865638181
2.623370031012858,-1.2392745564684584,0.6154095739519981
2.769227979998287,-1.2557011531263125,0.628982248559669
2.726123103123844,-1.2353787632468038,0.6191516892444268
2.5407701124005464,-1.2571968999949976,0.6105376376675995
2.759349024346962,-1.2476984840221006,0.6264261840524966
2.711579344961012,-1.247995618215566,0.5963970983606937
2.645663038996653,-1.2332717425543327,0.6009453255716039
2.880015686892257,-1.2589801025153469,0.6108191787204093
2.67946334035283,-1.244474419864173,0.6153598540516556
2.5764884295634825,-1.2395519676302238,0.6057409635939702
2.7526366185379416,-1.2326072304957019,0.5924499651063766
2.8220614970156723,-1.218016006219247,0.6163024102451841
2.6831266004069696,-1.244817874621263,0.6343555812281593
2.4560121741101275,-1.2781630163204485,0.6043148298492992
2.6534492968641197,-1.2158567493477148,0.6298428355930502
2.7826353075833703,-1.2593907935636623,0.5827296852382344
2.331302801676199,-1.2525370679316203,0.624091847999373
2.62335693800755,-1.2638164674322838,0.65187432164911
2.780262389145221,-1.2528565688985325,0.5906228522628789
3.0849966639640716,-1.2322115375344818,0.6099549936687478
2.6390993519033117,-1.2498541211278513,0.6268558277565235
2.4110412060345916,-1.2711726301118338,0.6501457762936754
2.684203930199725,-1.2285145460408404,0.6377350357690811
2.483959598336987,-1.2560194292741154,0.6723633333431351
2.755811446693334,-1.234999114745254,0.6336841987991745
2.8005137937417395,-1.2001583055437801,0.5993750512034199
2.6573941776753722,-1.2212439433134106,0.6215000814532992
2.2818278296147447,-1.2331797091776553,0.6252279171827547
2.519006966593941,-1.2455982288048133,0.6139173232675239
2.468712248337376,-1.271504667114273,0.6488680788190699
2.3091650486091653,-1.2536658698606915,0.6523290412984702
2.40775553212748,-1.2421297620893974,0.6449718816477078
2.42549399088682,-1.2664807161996676,0.6569715885417252
2.1919158446754117,-1.2498284990371578,0.6630086773524141
2.875443291019846,-1.2432413707635173,0.5849113230863672
2.9744950938546073,-1.2571508490760888,0.5955266203334436
2.5509972233465343,-1.2243715468682883,0.624063376269569
2.77031223501815,-1.2179418175823662,0.6058984056836562
2.776571320910577,-1.2581230855688061,0.6128360130447131
2.915455673161706,-1.2682496749947292,0.5767825112128562
3.1733945595956876,-1.2701864991362557,0.6039509320627253
2.310161784806325,-1.244242796484954,0.6564207466057109
2.449361249689937,-1.2716775728508487,0.6282857586762287
2.766460508221739,-1.2677919366371853,0.632030299254857
2.678109853568238,-1.2446830788818073,0.564898998667583
2.2375885534939677,-1.2390891387334189,0.6586331964277276
2.5904638258715775,-1.263302672878692,0.6332549311250195
2.5214589920117563,-1.259943476531146,0.60001770307069
2.841582210138154,-1.24357727897972,0.5800309169370736
2.5912710357668565,-1.2706785490699855,0.6154688381622899
2.586504631085984,-1.2283778166370452,0.6265225561093506
2.7311803743702416,-1.2660144418516612,0.6469223787502912
2.727628943275902,-1.265855382070137,0.6301919250806897
2.6412391486023057,-1.2743233320199734,0.6243541465039508
2.625460591456619,-1.2231320929669454,0.6006645106034701
2.5750756513354878,-1.2706465748879918,0.6116822854937358
2.8379139748769475,-1.2438681183830564,0.6210873553207682
2.6467801938781714,-1.2438823879098242,0.594992104332685
3.0700596455422087,-1.2532997968833182,0.6065038509957824
2.790646981647089,-1.2503574751565965,0.6111299875423866
2.446536874889946,-1.2085780838993994,0.6068399688098346
2.882805648681555,-1.2360569702432604,0.5824730357041162
2.4827025989962395,-1.236004283225758,0.6745572141214142
2.3747074276239837,-1.2831229775298378,0.6153852681329305
2.766329368011074,-1.2499234859443635,0.6434077057546675
2.427070193306456,-1.2564101071506957,0.6553379457632131
2.4611067585899176,-1.2338383308082825,0.6705674284726676
2.389175930329026,-1.260988221872173,0.6315462128862503
2.7517898653220936,-1.2665929760127794,0.6113958084440793
2.5795227902274327,-1.2721976897849794,0.6130601613212427
2.4086533635473764,-1.225271639320221,0.6338539524421006
2.8981832684672746,-1.2387471388802356,0.5857487260807412
2.5624064156091144,-1.264880666598267,0.6191221215778927
2.4461463629129576,-1.2534131354820437,0.6586995242613236
2.486861949912007,-1.2142589798417947,0.6478918551988909
2.966079767459321,-1.2192706767069563,0.5590527999323515
2.6563987199585353,-1.239723226921943,0.6331638454543008
2.3520977641486263,-1.2263704604825176,0.6428018443526522
2.3338958031804093,-1.2160875939480207,0.6247410044683727
2.4805378561997493,-1.2292469476096914,0.6247962226301818
2.8197209354160298,-1.2457405047939811,0.5977637993676992
2.9793335919679294,-1.2436801718258073,0.6066474239519429
2.174234896442161,-1.2849357750832922,0.6288835858036835
2.960417605748391,-1.2381052341091423,0.6061101165522392
2.683052952836246,-1.2394931383789691,0.6173236290664416
2.7610666759148326,-1.24309701498533,0.6200620916391689
2.2611111472717593,-1.2572523006008012,0.6426417635335605
2.4649624046693575,-1.268130672391272,0.5871904145845414
2.7715751022759405,-1.2470596505255398,0.6117751971400697
2.8013870515140153,-1.2472182954084796,0.6160164799047435
2.3902932129192354,-1.2352821930036944,0.6387818344278894
2.7298496881812464,-1.2789235747961625,0.6533956851000295
2.3608408196764223,-1.2450497644313325,0.6540319000388788
2.3553535744063043,-1.2553611337686692,0.6346014538968845
2.3584691501697796,-1.237719033204671,0.6456768202274843
2.4594168542373382,-1.2680069150887872,0.599449460036388
3.026065484088369,-1.2584278474519552,0.5782458738823075
2.6545753204618534,-1.2769969473925096,0.6353960853493247
2.8563909856942535,-1.2337054353505568,0.567834229684905
2.42491042087027,-1.2266562841726996,0.5973366898708052
2.8260052212067768,-1.242942344012628,0.566543105527227
2.484279029203755,-1.2219510972168957,0.6260558920606325
2.9362748771372416,-1.2397485266572468,0.633969689377174
2.35331288087705,-1.230935386636568,0.5922500353591663
3.0497408135841555,-1.278113669104098,0.6047801692013599
2.356637095236295,-1.2510384378676858,0.6611279976403533
2.6477775793577307,-1.23055747293345,0.651541403234199
2.6412856647748346,-1.2344058921985643,0.6629097242475667
2.7337456889487957,-1.2449195963757038,0.6238052846343537
2.398824196540924,-1.2476427053834565,0.6669590978508804
2.8717899903541166,-1.238943118657248,0.5846157397192936
2.546734449200793,-1.2312495550103948,0.654901744946188
2.646666244896909,-1.2530680036090363,0.6211176750607473
2.3390858733159803,-1.2428827116654766,0.6646890845578911
2.57166410962541,-1.2334444923568946,0.6307012951802202
2.972007542207714,-1.263333486275025,0.5968282476749197
2.663082361947279,-1.2366387693355856,0.6212322260291934
2.852038053097817,-1.2601397847538114,0.5893880589224583
2.4005668260726902,-1.2348478358721797,0.6529335445255217
2.497104384782113,-1.2582726224825038,0.6138043379282103
2.5364086894127924,-1.23969976494071,0.6247552110625031
3.3277808772370694,-1.215269972366935,0.5772705378534848
2.5369500932976794,-1.2533842768423296,0.6366379821635346
2.9577643052650338,-1.2358866007850993,0.6066031764982572
2.497208372094642,-1.2623067807578967,0.6366696909419469
2.9323009584315427,-1.2165421429560468,0.555772507132543
2.482483751088584,-1.2265492549929313,0.6100296907789223
2.8785328091059053,-1.2404658638249852,0.5942458367823076
2.3673193213915287,-1.2499890682237906,0.6297818272598729
2.7024637732576116,-1.2645160704870677,0.6106457652320502
2.373033338648,-1.2597932891076495,0.6205596101803909
2.399589214415904,-1.21328161512629,0.6311100321636749
2.699378331955405,-1.2171194235916591,0.5814721054344466
2.875447770395737,-1.2406227871265079,0.5912747864121481
2.4921049024346376,-1.2544438943083591,0.6527572492683523
2.426851371796101,-1.2082321244148677,0.6489844232579527
2.699378331955405,-1.2171194235916591,0.5814721054344466
2.3107001837347583,-1.2609565277979042,0.6610787569650733
3.052226660996298,-1.2386640125298793,0.5563027849593041
2.7882514448587803,-1.222492715031825,0.5935031597508095
2.744080998039282,-1.2028441394880447,0.5675936972653811
3.1430550229579626,-1.233113370100814,0.5686367763515611
2.9107349469917922,-1.2100690545307151,0.6099090692763094
2.34813537296584,-1.2756258157906348,0.6384045011488256
2.9968027169502043,-1.2194413833208468,0.6206486334934564
2.139522234370511,-1.26268138330925,0.6802770189926467
2.5910098557711474,-1.2908997750583873,0.6008816701265106
2.9439921958959028,-1.2458256070606994,0.615436318877146
2.8582817979775936,-1.2216136030357823,0.6110251747742178
2.405061457745902,-1.2348168955560974,0.6294735411959945
2.3880057798462557,-1.2158632756543024,0.6511705023515607
2.7690248766796093,-1.2340318676273507,0.5657852950813748
2.8016196428718763,-1.2181604882281092,0.604723946602965
2.641534172634894,-1.265911506149647,0.6330817262314341
2.6609790048892914,-1.2374808453842452,0.6061556379105141
2.775837277065284,-1.2307082238550162,0.6038485552371108
2.7616034710560675,-1.2201362160778406,0.5984230777291141
2.373741590263578,-1.247882918355933,0.6178754116949333
2.549646847657344,-1.2225737791923015,0.6382289848975913
2.384792213627563,-1.241728432720487,0.6066463933527115
2.519350767793104,-1.2192328621655208,0.6470473743577968
2.515330407690944,-1.2481133115452823,0.6405232632781096
2.62008614997705,-1.237326169598174,0.6107406097794127
2.7255958504150293,-1.2499971434077688,0.6181757574483415
2.3434429273705635,-1.2326598523145644,0.6349547439955548
2.5824742977490853,-1.251949093324095,0.63299347908574
2.785010456421957,-1.2241564252338772,0.5989928349285413
2.4157627580234857,-1.2593929426362411,0.6441147383521049
2.6986578208371577,-1.2379886256317296,0.6252186665926307
2.7168528802910967,-1.2916909702500354,0.6242930740873677
2.6846421709472237,-1.2192709146981169,0.6475641362872535
2.2723702740285328,-1.2250887905983971,0.635420163175605
2.6314521809183553,-1.23155736500204,0.6094124484436685
2.3709152746522815,-1.2511716261962167,0.6255614034263932
2.304561017241575,-1.2668766578918815,0.6177837252314039
2.2541658709781696,-1.237223855229046,0.692838188948287
2.862311873275479,-1.251045905995227,0.6060153004156148
2.565166871612314,-1.2518820381487437,0.6624603795385648
2.884527139894837,-1.2433610129784507,0.6316144851804711
2.1557916051418067,-1.2548229327175462,0.6592581330378016
2.6213321492717854,-1.2338037526440417,0.6094091901996188
2.4174585919702465,-1.2445313115081684,0.5997640739332426
2.7129121043352553,-1.2178055722208034,0.5699449405854027
2.691519766169668,-1.2562727547615962,0.6201268878580712
2.555887282598713,-1.2328171450707093,0.6104241296859889
2.413058701015439,-1.2396359554990561,0.6218193914880288
2.753629107606097,-1.2177328245751518,0.5936330718576234
2.2766452781600064,-1.2419192277402138,0.6576310172402805
3.406846401294615,-1.2875088058158297,0.562169403925426
2.4792780742955136,-1.2548837657851668,0.6150614418898246
2.669521793652609,-1.2641199075079035,0.6016697938994179
2.5300228329645513,-1.2336148674747769,0.6402208360047991
2.8908021100595755,-1.2753005746292354,0.5696902531361002
2.6436331338412375,-1.2420030017571275,0.6278407935291462
2.642038986882597,-1.2553827128678294,0.6638246170728143
2.3106934374966834,-1.2881237457466073,0.6417193094847201
2.575143148537052,-1.2260598731136387,0.606533447459137
3.0567943548642984,-1.2164798361423712,0.5457429011202782
2.539853574910131,-1.242594582261102,0.6266304005627288
2.7822485466714793,-1.2257945242676453,0.6124238002697641
2.519581930709079,-1.2434704934536105,0.6557415886081694
2.9034597840624308,-1.2036423209457539,0.6233159133649733
2.63257176613505,-1.2441016076590428,0.6141217881485056
2.503060363023654,-1.2504618160414143,0.6282038586354782
2.208791748392933,-1.2332514912975552,0.6563760263172638
2.6911795557460922,-1.2049963867754927,0.5987930308303836
2.4389202302872275,-1.281192081608431,0.6433323197861082
2.764813505742268,-1.214227555378496,0.654725482613274
2.3314593667532884,-1.2550357307604871,0.6248785691000195
2.9508174208545146,-1.2451205265775818,0.567558615195694
2.5760743072361842,-1.283269141679129,0.6242861365565209
2.45532959753949,-1.2012477345502048,0.611267318579678
2.640916284133606,-1.2246482784494424,0.6340473817677273
3.3735696280331045,-1.2541939896545842,0.5566637737728208
2.6325457076723158,-1.293278737066478,0.6203098073659953
2.5122256534573895,-1.2164339041339887,0.6275700728686213
2.626363867470587,-1.2345366141554137,0.6408903155003928
2.6614116650613804,-1.2000563062523792,0.6322639405328135
2.491880051749572,-1.2843580622309752,0.6131057439594526
2.3867237528593934,-1.2560973469542123,0.6490228107897167
2.810398285649661,-1.2392490877668216,0.6075111763235124
2.92154949005626,-1.2618812828622328,0.6095754288104508
2.7248981224994675,-1.2744115455999754,0.6258724632569966
2.6562765199342118,-1.2379051197564046,0.6243798109184537
2.642678978361688,-1.2452438087761675,0.6300996140287324
2.5484171050791145,-1.2635827681975784,0.6295674948355598
2.4810674112356734,-1.2690086784755874,0.6366365798221518
2.595280340842547,-1.223624051450829,0.6147454497378098
2.7712074112844736,-1.2375658866319366,0.6039112171131594
2.232103374355211,-1.2679709710781477,0.6254078106430004
2.523061461823721,-1.2239623924042318,0.6353130438746342
2.7638788791489444,-1.231759595499958,0.5757454240103907
2.9436758169768105,-1.2320597706220608,0.6007600911024972
2.627982440873267,-1.2592454902926278,0.6268742931806737
2.363864585994679,-1.251483902319507,0.6396807791471242
2.988967432376354,-1.2329661439590744,0.6060607203670659
2.1803033538651713,-1.2348143141326706,0.6656671877453307
2.65652100281422,-1.2396760370242967,0.5958221339373201
3.135634836494989,-1.2441836297537623,0.5948362448208702
2.440026151930193,-1.2418449596703904,0.6503374752029718
2.723782749053957,-1.2574917029249817,0.5773587240022358
2.275876993222284,-1.2240523101112124,0.6745771028102486
3.0616013601718977,-1.2504848338442303,0.6005507977299203
2.34724871523035,-1.264630834444399,0.6358434003917726
3.14819850122376,-1.2224801890400088,0.5611260968331245
2.4039411301867863,-1.2622818214714433,0.6136971591196717
2.7734015023914935,-1.2539151814069422,0.5793876906440311
2.3390384132403494,-1.272614313023409,0.6621574543117573
2.813212725021077,-1.2339949867307594,0.6003726121732827
2.6609813368534625,-1.2442659377704892,0.632297745803064
2.9125380940571493,-1.247923550627099,0.5680692744935067
2.3023564500970806,-1.2493933345056845,0.6502935734065124
2.8341019277509316,-1.2587855014137996,0.6019430532741606
2.651161846290023,-1.2662913518820391,0.6157417030844132
2.973246912919373,-1.2341860065463803,0.6060547718529377
2.512189029336738,-1.2426823206063837,0.6461644435749552
2.3679494209959673,-1.2349757573233207,0.637436104546937
2.2983046013716546,-1.2520260980873328,0.6696733972719002
2.776705342181563,-1.2563661054468749,0.6112070958186812
2.642015474770424,-1.257571898748922,0.6008568932098052
2.720199461611662,-1.256483303642041,0.6346259550309289
2.376939516376963,-1.2603040119423674,0.67034977046668
2.6706597514174564,-1.2882887518102462,0.613773887551192
2.6959068267968225,-1.2602392053424627,0.6122867762272235
2.2345880687156323,-1.2608604504791379,0.6379117771123111
2.9269439465337284,-1.234333027585187,0.6038613809160014
2.338059634157943,-1.2364771125737128,0.6495333039570566
2.6070042331814025,-1.256197434730385,0.6070194650575752
2.463283770014605,-1.2394463270454417,0.6781781118845431
2.745829572041587,-1.204268038312217,0.5768717807597926
2.442520711014925,-1.249721952945108,0.6450962693336527
2.690367251536462,-1.2260321256823723,0.605416205814828
2.4164367460208496,-1.2408122933159376,0.6652306494095173
3.078094777109466,-1.2301345181204275,0.5923615755791788
2.8621492824977617,-1.2673183535783392,0.6250256731231361
2.7483481400991643,-1.230542818114191,0.640974492889874
2.875368035722679,-1.2679325411504245,0.563500429356832
2.831325879560819,-1.264230814974605,0.5775607174508163
2.585363585454194,-1.2538822052546652,0.5817458962368719
2.743269079175365,-1.262459378923442,0.6038234857342296
3.2203541611136353,-1.2699625143377684,0.5774832795078786
2.4236145837473257,-1.2356762223681639,0.5919338192217035
2.875705582534255,-1.2552472510729387,0.6123003852135155
2.5361196005962654,-1.2189604173889816,0.6307331489930261
2.9465158186635585,-1.2033654066617674,0.6195598329034538
2.4801489356708037,-1.2357829223658638,0.601654789861811
2.7057697048224068,-1.256280401674448,0.5768588191341996
2.892389984591822,-1.2868249584290066,0.6015131286902057
2.5548478625292823,-1.2046252539623077,0.5863867635201068
2.872938514271078,-1.2502923307252904,0.5705923127954927
3.049806405597037,-1.2809044149313045,0.5974353993641398
2.9006241885305233,-1.2394878451056235,0.5736788453104873
2.609117875967246,-1.2051567352074941,0.5959494017964821
2.4233314342120393,-1.246923238240408,0.6641926048736468
3.2890455743404483,-1.2743088430556986,0.5445571060915898
2.7421290461836025,-1.2694058516208757,0.619205730661649
2.5690902634572055,-1.2062841971514953,0.6005593988839415
2.8114923808282386,-1.2449669534125158,0.6614849309942731
2.526971886056154,-1.274058279841834,0.6353303119853487
2.5282282869141324,-1.2225946170687274,0.6412106397587829
2.980061849419421,-1.2095959357732464,0.6148779522281672
2.5226211968235335,-1.2564915988380678,0.6290211822921906
3.3946661642359164,-1.2441124297246984,0.5593229158723683
2.2968290618067932,-1.2062046011123349,0.6611127453981851
2.2356191586418572,-1.2686845088337433,0.615551597697426
2.435201773247562,-1.2700881485833355,0.6333475109360152
2.287952681408677,-1.2435568464400795,0.6694005721797369
2.2763362042853017,-1.2463694518259079,0.6612904464020477
2.4929890709005784,-1.2731125964823053,0.6613707056857921
2.26973208338939,-1.2647471389075178,0.6715607205449313
2.510179658632947,-1.2622710808431157,0.6337884517805812
2.3716368831068824,-1.238204463233157,0.6273762345653633
2.6214474759563036,-1.278901599897903,0.6712004436026497
2.3728682328265407,-1.2888712180495152,0.637549967053885
2.734070987526004,-1.2553071784725134,0.6206647229100618
2.5220856328910277,-1.243228201709942,0.6497668730574715
2.2432504787504604,-1.2660291314728152,0.6293412879870122
2.8793732975715196,-1.2684071088470152,0.6640924107533563
2.634854410955701,-1.2102601690280115,0.5690808694960204
2.1867288448474187,-1.2436960690522096,0.6597638828239687
2.625104854900115,-1.2582147811861908,0.6487118568562165
2.904149343847875,-1.2568074182394426,0.6358006409328176
2.7321667059174204,-1.214738630195205,0.5758488996753459
2.53234238416945,-1.2366068197450573,0.6515727349538544
2.6327543654007366,-1.2344342265370392,0.6349917034635382
2.7594164583643854,-1.26318174616038,0.6392897840572207
2.7910658513402526,-1.2172913685377884,0.5955849944304051
2.2880530782097184,-1.2404143275864834,0.6709115136889198
2.549866494437344,-1.2163803827631892,0.6355392588628948
2.6709317102335244,-1.2697667212721857,0.60662247693629
2.515774128820547,-1.2694330594848553,0.6235951824605371
2.5879400935092978,-1.2339163255461354,0.6184630864021552
2.8692122523830337,-1.2938306540121338,0.5846181933670039
2.311271060649264,-1.2806676692987282,0.6619920624854531
2.73796245258391,-1.2101212689984928,0.6098566755637576
2.31771701848388,-1.2434538894299187,0.6453163007999985
2.5870992214923856,-1.2883647348671208,0.5842813296399547
2.5096251187360576,-1.273368996031452,0.6307966294212195
2.861648317035123,-1.2342831476875709,0.6030796189094004
2.6819566982163017,-1.2341963624956487,0.6400342488959618
2.6776847739860354,-1.2438174347524644,0.6417597394568753
2.3412469835002434,-1.2843009667368253,0.6265497425400733
3.085161769757336,-1.2725246650639153,0.5813665335314375
2.797522822104245,-1.2236449788855108,0.610255419555319
2.3384989772112377,-1.2447106952996527,0.6166892253107684
2.6958066805499543,-1.2194380987869256,0.5761868270597189
3.0681890142385906,-1.220808815842374,0.5751312567459723
2.6379220795976446,-1.2311000577667786,0.6048155880351597
3.0111728256889965,-1.248378074346353,0.611141885177998
2.5704612384590586,-1.2456261334883771,0.6027238356050764
3.323697811060141,-1.229912786635054,0.5646678650860761
3.0811047014857307,-1.2490180812716487,0.5879002909978672
2.3171627337773435,-1.233954328864066,0.6306990060854107
2.588409849721822,-1.2323181959697644,0.6397173707776838
3.3765072854932017,-1.2252113890576124,0.5717726046373548
3.0210776087409736,-1.2606481344481812,0.5880466750939163
2.7926064564467956,-1.238865711874548,0.600936347649146
2.51926957838626,-1.2313923845764736,0.6166454746347969
3.5223829537970435,-1.2391852301881645,0.5425226326582919
3.096030570420432,-1.2682812880940966,0.5890004808488206
3.0822700287684786,-1.2535811714433525,0.5717722513888474
2.656976097349257,-1.2439959590425438,0.6405026919077631
2.2593581572366026,-1.248205627883071,0.6610988360631653
3.233324051967553,-1.28449558702727,0.5943661682435171
3.1766313622320608,-1.2361590836193885,0.5776791429680439
2.408294666731038,-1.2269030943783938,0.6190694908054137
2.197724164848667,-1.2483657565509452,0.6528281355418943
2.403185522960715,-1.263840187805035,0.6070608555926346
2.557446324431193,-1.243588794620051,0.6332522186111822
2.8553247508690056,-1.2466688365275653,0.6155397527190677
2.9413602923777007,-1.2657959828015628,0.5939659152183024
2.503050848216546,-1.2449355834154634,0.6248654637590333
2.591748165599792,-1.233683982016254,0.651754074732313
2.6184336215229083,-1.2472426132710661,0.6181564958531628
2.8037204388390347,-1.2139218732402417,0.6071112780865289
2.570544498916367,-1.2398296258647408,0.6081542380640184
2.591748165599792,-1.233683982016254,0.651754074732313
2.3277315917600903,-1.2607841860880944,0.6098911712112955
2.8352420319105107,-1.2106453635632903,0.6053483174779437
2.7147511137293567,-1.2458603610874395,0.5946252380577991
2.4373689600432384,-1.2408737644126657,0.6288974109814653
2.712856933910632,-1.2247970679520994,0.5679692866699256
2.8083579115652126,-1.2091154134782285,0.6006803836763934
2.3731022970891313,-1.2555038514516474,0.666916606550863
2.4797351813639885,-1.2439538195785713,0.630989075679611
2.6353654255137577,-1.2573303918599252,0.6633399158400807
2.699292343892127,-1.2300092254166697,0.6061564664070289
2.3986881348835714,-1.2545679932592024,0.6579611786930202
2.6827056931162265,-1.24411178466174,0.6149297140100836
2.1216157922573093,-1.2485313339272275,0.6539672495045735
2.5926441001816047,-1.2117598693287328,0.6242887379538892
3.0042920210823403,-1.2385961039130216,0.6016640679155532
2.583531188474938,-1.2238416858967813,0.6245802347350967
2.6824194244941353,-1.2805361673227125,0.6467947133744705
2.540855739279769,-1.2358522250608428,0.6234964910821851
2.2602326241383257,-1.2073733243745284,0.641300042528066
2.4661639561527875,-1.2481548208679996,0.6356523580555892
2.449144136145578,-1.286364248295565,0.5793929536950003
2.8152100068405352,-1.2574807648302182,0.6070067663914445
2.4856267383180235,-1.2339904206637016,0.6553925545467172
2.6549568097176466,-1.2409006910392206,0.6023517952028874
2.408709593541903,-1.28428626462782,0.5698851816492981
2.404117739412884,-1.2267529040795837,0.6384698588928195
2.819211006478279,-1.2594528150301283,0.5837107920704967
2.3774451834623274,-1.2424854767376847,0.6357038224786514
2.7831556008143017,-1.2308274287179477,0.586660260562807
2.512270787965201,-1.2696101385419412,0.641594865144253
2.5551288956989087,-1.2239688744386419,0.6091896785219556
2.510469350118368,-1.2296786305044352,0.6539019548571311
2.728356050191882,-1.2377243538487213,0.6309887227825123
2.6106631207486295,-1.247179989207728,0.6106892778957709
2.567215804811393,-1.2296566278409,0.6200716615462017
3.1371730473892643,-1.2601472715444462,0.5445125800936871
2.6405049387216053,-1.2660820458191537,0.6080502067637058
2.6174137463917466,-1.2475469893218583,0.6389827502004364
2.542797444579596,-1.239136042543081,0.6364281081283125
2.239043203512318,-1.2395889432704736,0.654344309102432
2.4434520960070367,-1.2482345391345968,0.6450930201262473
2.5022864602573507,-1.237633965207147,0.6050270963863775
2.645014835617309,-1.2310606958150068,0.5902809754989229
2.3712541178847224,-1.2297039332112951,0.668779870972778
2.929171382904458,-1.2679080489625927,0.6109751272301072
2.5261673427838636,-1.2451901748696745,0.5877731661163978
2.8475336535253284,-1.2290038582989884,0.6188656559376935
2.6949611562897036,-1.2521538337180405,0.5824797507304619
2.3525605273896546,-1.2560811135173684,0.646401547303174
2.6038473640682662,-1.2591231055331449,0.6194207113922826
3.1138885364802156,-1.251869914377083,0.6253525966144944
2.53041980468244,-1.2782654644334768,0.6160738452387947
2.2624105500717193,-1.2428119774939923,0.6736089984311041
2.6038473640682662,-1.2591231055331449,0.6194207113922826
2.966887328246094,-1.230181542126743,0.6365373932452717
2.412563560833376,-1.2216342816092667,0.6566689994892739
2.5073364512373253,-1.2582129259113561,0.6481337848237928
2.265567849269412,-1.2435923987786242,0.6563688072104713
2.3642045321583507,-1.234313526540314,0.5962703623528091
2.5350215019200397,-1.2859617324742576,0.6340438833088906
2.3370293811975533,-1.2527411567797107,0.6347129063785799
2.8042269589984463,-1.2574904903989366,0.6076750205502658
3.0714656499700363,-1.2486610735166537,0.6250210206707961
2.4525867868959934,-1.2759973264393054,0.615414717848763
2.5057894834565286,-1.2655939702350825,0.6118042971365513
2.8244676943093276,-1.277459121285631,0.5785051723744251
2.441998963900998,-1.2316730069875144,0.6155755593095293
2.4379172232206217,-1.1992641945651419,0.6183408301401255
2.30748453388049,-1.2623631901053023,0.6199601079709753
2.6968909465813304,-1.2528321192384695,0.6285653932123099
2.4209814348063246,-1.2443765240738909,0.6118373214628903
2.6192547811203415,-1.2411816249225456,0.6341802855531471
2.50168466961089,-1.2446161089898404,0.6562554476986563
2.485226848661554,-1.255196638298962,0.6602774157262256
2.4363562049453678,-1.239421163007563,0.6363404607543649
2.52120863106314,-1.2480681148317192,0.6084747606501454
2.7573183030466137,-1.2502389249384087,0.6138754139076317
2.3246861859930537,-1.2430210579985,0.6549181929898189
2.636742163399831,-1.2570797706394616,0.6000276343534547
2.355951587059807,-1.2413589696503347,0.6719301629617904
2.8050516805358954,-1.2508822906340646,0.6202735859158779
2.7544995096174616,-1.2124124059146868,0.6053857429584037
2.7805117187186856,-1.2517246785291132,0.6219035125418262
2.553778069576221,-1.2243585862269617,0.6104184757519042
2.8676763493560036,-1.2515217123969617,0.6117029760189729
2.634653231854984,-1.2078818366652653,0.5961520560527859
2.481994889133902,-1.2470138842345446,0.5924861304858857
2.4337073273135723,-1.2533662528581908,0.6182803481393637
2.9114794584249273,-1.2437748958673789,0.6131254810221491
2.8149161996784087,-1.21321500436034,0.6001957985555122
2.689546489405395,-1.2573187181750387,0.6380139901815165
2.5093029168711705,-1.240734024269227,0.6349588997162193
2.6960907800000795,-1.2655821965329868,0.6089870176551194
2.9394224275149,-1.224687462139937,0.612318055953638
2.5415716872156167,-1.255291731234685,0.6292400862929598
2.815352956586995,-1.2581528735692766,0.603065337839932
2.24481310337419,-1.2352358558162086,0.6674117854043617
2.3508203624126964,-1.2602627037418792,0.652999802997442
2.533891987816766,-1.2362481880638236,0.641957485880193
2.959373303648406,-1.2603249733401332,0.5967172617318193
3.121846068316328,-1.233104555985255,0.5798568957440576
2.5810585031957856,-1.259511191971189,0.6102231211495389
2.230322600436162,-1.268842254454105,0.648392271324324
2.6338213963493264,-1.2534527246947471,0.6065209722339328
3.1528240617916605,-1.2513325174054535,0.5840620666846339
2.425770610377144,-1.248902754497056,0.6066252690469799
2.285713839947569,-1.2719068736768497,0.653477301144811
2.806427792952819,-1.252680452075809,0.6026688660996876
3.0410523636085887,-1.2512703822142468,0.5984983901454461
2.3645616574261186,-1.2523400148062664,0.5924300503849372
2.530574690912379,-1.216555652188754,0.6470170243377044
2.5843626853221697,-1.252369214898317,0.6053960144285783
3.0074363648964133,-1.2482554708013565,0.5994064692708042
2.580345061182976,-1.2752023096951988,0.6174353619651627
3.14197390210055,-1.2364486377328132,0.5821494640646461
2.6937529129880224,-1.2316088838041332,0.5886680592340698
3.049649970590743,-1.2288203667268407,0.586332352272085
2.619163625494833,-1.2679467168832224,0.614568613829511
2.289533836763277,-1.2590554112698595,0.6291300030038491
2.850887274242673,-1.2756632603345497,0.6108507631449671
3.0141681519110257,-1.2305607664429568,0.5860472021805824
3.2593897366377123,-1.2524514632973807,0.5740360088480139
2.8823087561749765,-1.2553805959514464,0.6307416423933128
2.4478003310630605,-1.2401341795299219,0.6236932272556079
2.7158408608326527,-1.2049894650063901,0.6098600837994306
2.1492957517326303,-1.2442756844929708,0.662377355881082
2.7910679244139383,-1.230664271686591,0.6075789189683626
3.1806718282605404,-1.2398843901948218,0.567322906327003
2.795796487049549,-1.2428616104744021,0.5953583106121192
2.068686888296287,-1.2750449204084826,0.7093778728582002
2.920564150955882,-1.2076799051463247,0.5659143457632752
2.596014932964145,-1.226507567424143,0.604955325769077
2.4712028039214786,-1.2177527456381363,0.6397922420965658
2.964973746656533,-1.2261278069671557,0.6048518367692758
3.3357015360832607,-1.226058477860412,0.6069711783043932
2.693739913017181,-1.265309188315701,0.6251374155840053
2.6947841829581605,-1.2384041220340818,0.627672676793785
2.90731591420522,-1.2387362959287038,0.5662169675319244
2.8912311512246025,-1.2487453757758384,0.5525963488406962
2.7779052196040497,-1.2767466069322,0.6157278392639927
2.6060905170420297,-1.2364359182823657,0.6108843764434932
2.8637306730264656,-1.2564065824541142,0.591473075423354
2.364623801815003,-1.225637878603489,0.6505886870380769
2.5165153247738776,-1.2267215141580223,0.6199886561436714
2.652119932998524,-1.2514999760075742,0.6033416815175506
2.9348272309111243,-1.249119757503141,0.6140887028250488
2.356591871000331,-1.2220293358785095,0.645302789983367
2.9049995906843744,-1.2574249230613552,0.5763449535224148
2.5738538930443893,-1.2433248495640996,0.6392009034140658
2.7337085321591705,-1.2625627678326077,0.5781141569301068
2.881801225240932,-1.2527351333225232,0.5942932889934073
2.4203709089533136,-1.2441675141987292,0.6386442992642368
2.583263681005732,-1.2565352704404085,0.617159060346722
2.820100582116251,-1.239205912422329,0.6212967868360162
2.7952565515722165,-1.2414356562902493,0.5906996331084245
2.44756356102098,-1.2469419574002243,0.6472293545555191
2.8057551779716547,-1.2303814025086628,0.6046457775230043
2.8333725363529685,-1.250798164812384,0.5676291958624446
2.651652936478773,-1.2386685183447643,0.5742124342959712
2.3016257513052687,-1.2166068114700956,0.65118694946106
2.69463760967761,-1.2254281943224468,0.5883141929938595
2.9410727911838657,-1.2546973141964253,0.5849090084366536
2.9959578050833016,-1.2672094992383425,0.6195132703199848
2.281149246420997,-1.2431281901322506,0.6519310896477195
2.586506536848971,-1.2405410869145932,0.5923003509849449
2.996504726589621,-1.263044289057056,0.5731357668245669
2.710722323217817,-1.2426232915194115,0.5949460312772503
2.67562573108623,-1.2599804571590714,0.613804824309478
2.6892899902000393,-1.2565423164029057,0.6052579675895551
2.9444100481851274,-1.2554134909796357,0.5988595802757535
3.037846779654255,-1.2951437951790268,0.5854541342504915
2.6890075808149767,-1.2354465457993362,0.6002738688146038
2.67731376695302,-1.2607685331107734,0.6003549915197879
2.3605200456953908,-1.2399477475051497,0.660954101265772
2.6537539903400567,-1.2116555455855191,0.607776227999799
2.5469518046533928,-1.2224774362616297,0.5819136194573694
2.8606508623484217,-1.2313236188084127,0.5974298586718438
2.763697561262444,-1.2246736969729288,0.5945607298892797
2.9332316839297397,-1.215691571537688,0.5949889331231175
2.529120710957217,-1.2142312538642028,0.6316320672615342
2.8296140909440433,-1.2588827256981585,0.5820324406414364
2.3132685466523433,-1.2365991331819144,0.6651793105728552
2.9726396755683475,-1.2155854849044325,0.5966003556583773
2.6146298184726717,-1.2398333513294908,0.6548413546108419
2.7699337678328884,-1.251625587390994,0.612476465855267
3.0678103854510548,-1.2302294390235105,0.5758759054546733
2.754042496905763,-1.244001251000968,0.5900003518889437
2.4203830044067813,-1.2468055100201585,0.6314515686858916
2.896384456422658,-1.2811129577477522,0.5949753082711015
2.5711981897171565,-1.274947918790859,0.6246987168634652
2.4593481752375905,-1.2393155667866445,0.6431823894268244
3.026203964223919,-1.2349736782532217,0.6110664691391285
2.8453418879719306,-1.2851964566725014,0.5991650686675671
2.576795383140604,-1.2799544342709246,0.6489375943838726
2.4470037228276023,-1.2413160267666399,0.6371316282691915
2.2179369285617097,-1.2501377507575373,0.644101750629416
2.67533951970834,-1.2148325698326696,0.6217323713104957
2.5138850574828457,-1.2891317630940904,0.6366447439240517
2.5366988976316542,-1.2983952246654071,0.6328056723430552
2.3946891246017983,-1.2478207377231458,0.6568541953031339
3.134536809603058,-1.2483668773087024,0.5769247041130606
2.6465183967330583,-1.2783528546004754,0.6534862219330346
2.345909007129308,-1.2821676046201946,0.6228501403244644
2.0746583454942535,-1.2523248442544532,0.6802921540386988
2.296099018787965,-1.2470193765609772,0.6676386282077782
3.0322545972070536,-1.2232788164939556,0.6097544431853432
2.5186452429792006,-1.2702490311853563,0.6190392039707225
2.1559637533526246,-1.2574077714876135,0.6848120084630037
2.3258869261631174,-1.261925237189776,0.6602342546978294
2.8832220704565064,-1.2422199490252661,0.5821635180553931
2.3353336702457104,-1.2627620905055361,0.6354837618815834
2.1413378056138153,-1.2567504057078884,0.6887627784319282
2.3670269285760472,-1.262154557104627,0.6571418186103068
2.6362601761832125,-1.2459176403311067,0.6179487057180657
2.3911820921398816,-1.269956563018161,0.6774598590786927
2.0416670563351853,-1.2506575468405823,0.6912585249840179
2.25704060034318,-1.2469335203095293,0.6555484562734754
2.641317374689592,-1.2459598967574954,0.6197767021645658
2.381613286564183,-1.2431221039775846,0.6200359192109841
2.918142713757372,-1.2285009357130716,0.5920749984076834
2.404638632233685,-1.2607043889914469,0.656156100464143
2.5271398904073346,-1.2464708257930275,0.6107982708016441
2.6455422681778917,-1.2403392977027088,0.619600879435396
3.134688944049227,-1.2252329219689067,0.5632534262597361
3.0345600885441315,-1.229276052740134,0.5718267707593133
2.479826335868662,-1.2600182722539106,0.6448359320471885
2.499776527442789,-1.2593643035491582,0.6349325505951123
2.598133271364362,-1.211676866107029,0.635750303547709
2.931125290402433,-1.226216377652264,0.572189106237561
2.482469229975243,-1.2649641598366583,0.6780216893134925
2.9225053745342255,-1.2567684607045722,0.6080606407647917
2.8011933549360495,-1.27384973940383,0.583754144565453
2.568575994952658,-1.2423432956054452,0.5995892674630676
2.268765288935784,-1.2634775496362654,0.6591832121945295
2.6722026146185995,-1.2583747031437378,0.5816336579103579
3.350612883464551,-1.2669340926338555,0.5981664161285483
2.353064537012829,-1.2673900673979286,0.6416342386095711
2.4295777763014827,-1.2523151696455666,0.6285149483241559
3.1372639103438815,-1.2466454412254182,0.6099899157606027
2.391899451043068,-1.2603585234514887,0.642071275591644
2.42416445364476,-1.2336682252890312,0.6562913526422297
2.8033132389612216,-1.268331616504951,0.6128670040763435
2.397636821958603,-1.2260660761540558,0.640438166099822
2.3947433382750827,-1.2422184773550473,0.6571728087117021
2.433312434110987,-1.2556266752301553,0.6372461754170962
3.330933437068142,-1.2244524489215467,0.6038403012329775
2.5111315159035743,-1.237217239303664,0.6372647198495864
2.2196023623361874,-1.2196932522057464,0.6622837521794392
2.4142088540825473,-1.235034157056809,0.6527787480414456
2.893180857886063,-1.2274951740750761,0.5613221580897622
2.3933726414397594,-1.2833612575908933,0.6225210703503845
2.7104815918513787,-1.2337587976805162,0.6175677994548278
2.2279311161319373,-1.2478027274196102,0.6651132758396477
2.6690660558820904,-1.2571054619188387,0.6232975932708502
2.3335292312085527,-1.2136286476752867,0.6417495803773797
2.5893682173443784,-1.2877417910912063,0.6174880040272647
2.5652664324339107,-1.228088767580841,0.6435395860762013
2.5036027158699157,-1.2563666197426266,0.6045765087206627
2.9811274247029003,-1.2394634004524077,0.5933671445452859
2.869442735651494,-1.2531592000450145,0.6140656235769397
2.5927239078027737,-1.2418543620397746,0.6161523271584456
2.5786604528313677,-1.2401048888078103,0.5847112720731645
2.387709393852452,-1.2696198414897955,0.6361264518832912
2.2669525363122247,-1.2015763146468383,0.6273720216178077
2.4597871766310884,-1.258019516625519,0.6435105826910651
2.417732677483595,-1.2477782330301952,0.6671524074897328
2.9873544277335564,-1.215210301334283,0.5781465076229878
2.870347523652021,-1.2663509803295931,0.6052279268811058
2.300063127424388,-1.2634417183058482,0.6374931877628792
2.3963985469802265,-1.243000013740761,0.6129166452897096
2.3602318643460007,-1.2593892655352594,0.6505264511503842
2.9041524860295933,-1.2259214664438554,0.60179086887135
2.6965712656774277,-1.2319051108553853,0.6115715428711634
3.1300760574559168,-1.255089008315682,0.5576604119146291
2.7266212296287393,-1.2269648019583472,0.5991974458996449
2.8101322166686837,-1.2591543377342729,0.6051081988137808
2.624936929085255,-1.2468134444741346,0.6133879141164856
2.607725631754134,-1.259035815740765,0.6321607134003079
2.3991584680848663,-1.2546458100819748,0.6129086739337891
2.4363199420360986,-1.2679228702016037,0.6172439162513105
2.312849818202842,-1.231694815646917,0.6575893786547546
2.5445425993967272,-1.2701674625907722,0.6290648157315569
2.980223594451817,-1.2365412721999363,0.6124992296544999
2.643524136741886,-1.2583205352959954,0.6138485091698107
2.4627951243035247,-1.2860124066299852,0.6193004341312703
2.8335414405094865,-1.2468232595026,0.6120275751624145
3.028524625976705,-1.2357433095804236,0.6072905599913166
3.1414356862546327,-1.2385421219991997,0.5985722671644093
2.5620311410467123,-1.2742323461021952,0.6341237238169015
2.7934717631084767,-1.2141343020633497,0.5869694815399048
3.1775970533989653,-1.2412655281852298,0.5567400943863502
2.9263332495392342,-1.2447313750656428,0.5983084695365513
2.6594394029326303,-1.2311681963301524,0.6099753401215935
3.1023214642517187,-1.259304748738931,0.5839844461158832
2.581003645446083,-1.2426946888468677,0.5820093913783647
2.5048842397744298,-1.2498637671487605,0.5920465744093124
2.649687744363998,-1.2495978177131553,0.6153409364279993
2.985949483965938,-1.2471413457348568,0.5579731111920915
2.6852541659644915,-1.2286696024220045,0.6032510264707286
2.3747914162194927,-1.2563894190003335,0.6430890946484439
2.385424167906807,-1.2848612234100087,0.6446818452623163
2.9927761250182345,-1.2285214220958107,0.5720514741596032
2.7095989002315184,-1.2332368142310772,0.592771849692754
2.824380709744167,-1.2343427062026784,0.5959858683917826
2.9447014797913176,-1.2290644507898378,0.6067672922299017
2.385349835862854,-1.2244438009293455,0.6536044765033033
2.904120476116554,-1.2234429620210008,0.5929961871090462
2.814783442064677,-1.2342227606981708,0.596305992210373
2.364452731103256,-1.248610667432214,0.6288486024764783
2.4567903285645043,-1.2357229239486835,0.6450081913292439
2.365752953643721,-1.2395398236192317,0.665827716962101
2.792617682719079,-1.224932628018645,0.6408579673745505
2.5454519515627605,-1.2477396783555827,0.6014675387010249
2.8024489884195307,-1.2283686760550394,0.5907230937956932
2.538056746450445,-1.2532760384458423,0.6295133695252368
2.222647093532229,-1.2639581327129343,0.6325851806843207
2.725117906521384,-1.2467105703797585,0.5946071839738074
2.960106411634161,-1.2269564544881832,0.5789678542005057
2.531608475029135,-1.2548175966903283,0.6312898232196329
2.5613065363059015,-1.2579675535358692,0.6691284226646788
2.9678674887223417,-1.2513995050343663,0.5914387862914826
2.7172960905116397,-1.232004846804473,0.6085665082651907
2.4612908271653104,-1.2541075250883589,0.6311972069194169
2.3342142560174954,-1.265881359500182,0.6564455155994986
2.276061085228362,-1.2652208827903646,0.64268006879453
2.5827640130084304,-1.2468926715390034,0.6223580950109003
2.4626290324805384,-1.23928256038971,0.6656204223813442
2.711221618238074,-1.248485495316817,0.6304334866042591
3.3324163622338165,-1.227860238907636,0.565837947254152
2.5489341975300417,-1.2471531548185801,0.642302306202527
2.489306536105078,-1.2642011117471201,0.6309740134665932
2.6207621582011082,-1.2575520676540801,0.6160331632349335
3.245879143195457,-1.2296777651034483,0.5746323255981725
2.5998282052531647,-1.2384099838884952,0.6139787124328461
2.94932234754736,-1.2405327755206785,0.5883683814839737
3.043881357199665,-1.2241650691199708,0.5795835516205854
2.285226671206752,-1.248234420764773,0.674698101998455
2.9102990932236867,-1.2282927584272225,0.6168673741101999
2.7129289598711734,-1.2602055517189126,0.607319242881217
3.243042907701003,-1.1898367208728302,0.5846477191984921
2.2517061339219935,-1.2462123892757981,0.6328786634584345
2.5719505607470494,-1.2691138616036037,0.6360761747071316
3.0160246109716464,-1.2321252040926594,0.5784472294475088
2.1209668255493903,-1.2519684392752808,0.678597872755245
2.93473510343914,-1.2703290120484974,0.6198412957189187
2.524148393628128,-1.2651999267518106,0.6189840017668077
3.0975424710121224,-1.2298521153072746,0.6197832951638199
2.242791952723079,-1.26196651789763,0.6734990108432946
2.652062052473776,-1.2834160629514648,0.6011412653936928
2.746214458982442,-1.2279134556753126,0.6181554589266105
2.4616474004827857,-1.215204586344904,0.5979159770997654
3.1547767738545542,-1.2356484754133106,0.5697733720354066
2.8127657279901355,-1.2446788570853895,0.5925081912711296
2.753013572186578,-1.260085432559457,0.6149825347248883
2.310351594723612,-1.2760961294434232,0.6350939533394512
3.078994320245214,-1.2475522280370426,0.5608071551423364
3.04867913374395,-1.2631010784334946,0.591202268562903
2.575568985985121,-1.259262768311654,0.6156242999828205
2.3988304770244966,-1.2417616135583254,0.6518058837187285
3.289879281067935,-1.2590990739666148,0.5527366608427488
2.42357263342615,-1.2339465171354222,0.6283681062494202
2.6893188598886084,-1.2256675466772111,0.6235631176203588
2.4793920598323917,-1.2393630322876026,0.6562347182324517
3.2530989616505277,-1.2495756454980882,0.5743432534804015
2.7601341424393753,-1.2566282139674194,0.589409658916027
2.62439510782429,-1.242226320064887,0.6294744618424901
2.5029310334328527,-1.2509428261913866,0.6346748573151396
3.0722032893094857,-1.2517057262699653,0.5931846699852462
2.59276785047398,-1.2313372226844028,0.606206284102908
2.924424879309149,-1.2135388086190804,0.6375080293441683
2.6888892350164983,-1.2427277666482281,0.6064359643852343
2.4310586590302314,-1.241177669048316,0.6021424082306334
2.445774235848943,-1.2519446835146613,0.6585576499027587
2.5817204265196394,-1.2101885184615813,0.633933183426158
2.8821030268161683,-1.2564103773316946,0.5710348968785125
2.566935654399092,-1.2675368836812735,0.6001525928234346
2.4985765427780744,-1.221817597747493,0.6175629037602394
2.7218197461976774,-1.2226952219395653,0.6376026782055844
